utterance_id,true_label,score,pred
D_0000000883,1,0.075221,0
D_0000001114,0,0.220078,1
D_0000001492,0,0.049750,0
D_0000001849,1,0.997974,1
D_0000001912,1,0.973336,1
D_0000002017,1,0.988250,1
D_0000002458,0,0.671004,1
D_0000002857,0,0.086177,0
D_0000003949,0,0.048650,0
D_0000004012,1,0.964889,1
D_0000004054,1,0.987423,1
D_0000004138,0,0.105238,0
D_0000004390,0,0.110933,0
D_0000004474,0,0.064311,0
D_0000005209,0,0.160082,0
D_0000005251,1,0.955972,1
D_0000005356,0,0.085974,0
D_0000005797,1,0.501561,1
D_0000007351,0,0.375020,1
D_0000007435,1,0.983970,1
D_0000007477,1,0.217077,1
D_0000007645,1,0.957981,1
D_0000007729,0,0.312853,1
D_0000008149,0,0.101098,0
D_0000008338,0,0.075139,0
D_0000008506,0,0.038692,0
D_0000009346,0,0.452222,1
D_0000009472,0,0.174019,0
D_0000010018,1,0.141016,0
D_0000010270,1,0.960905,1
D_0000010543,0,0.093721,0
D_0000011068,1,0.477668,1
D_0000011992,1,0.648292,1
D_0000012202,1,0.985826,1
D_0000012412,1,0.964626,1
D_0000013042,1,0.161883,0
D_0000013273,1,0.885617,1
D_0000013567,0,0.091678,0
D_0000014113,0,0.036749,0
D_0000014155,0,0.052775,0
D_0000014449,1,0.953043,1
D_0000014617,1,0.187209,1
D_0000015058,1,0.988018,1
D_0000015247,1,0.989271,1
D_0000015289,1,0.929281,1
D_0000016150,1,0.885271,1
D_0000016801,1,0.987638,1
D_0000016885,1,0.993352,1
D_0000017095,1,0.966188,1
D_0000017368,0,0.403873,1
D_0000017746,0,0.050175,0
D_0000017767,0,0.467840,1
D_0000017809,0,0.364661,1
D_0000018271,0,0.070154,0
D_0000018481,1,0.264919,1
D_0000018523,0,0.247714,1
D_0000018628,0,0.134062,0
D_0000018733,1,0.918493,1
D_0000019552,0,0.455240,1
D_0000020014,0,0.119879,0
D_0000020119,1,0.211162,1
D_0000020392,1,0.571312,1
D_0000020812,0,0.052848,0
D_0000021295,1,0.821204,1
D_0000021505,1,0.773859,1
D_0000021568,0,0.160139,0
D_0000021673,0,0.853651,1
D_0000022765,0,0.178488,0
D_0000022870,1,0.781283,1
D_0000023164,0,0.024491,0
D_0000023374,1,0.299152,1
D_0000024361,0,0.614964,1
D_0000024382,0,0.039638,0
D_0000024487,0,0.090048,0
D_0000024970,1,0.961129,1
D_0000025642,1,0.988142,1
D_0000025936,1,0.445813,1
D_0000026125,1,0.890444,1
D_0000026314,0,0.071621,0
D_0000026356,1,0.991998,1
D_0000026923,1,0.857307,1
D_0000027091,1,0.903492,1
D_0000027217,0,0.030974,0
D_0000028162,1,0.219868,1
D_0000028204,0,0.161159,0
D_0000028330,0,0.059080,0
D_0000028351,0,0.302363,1
D_0000028393,1,0.974691,1
D_0000028414,1,0.953780,1
D_0000028477,1,0.920464,1
D_0000028540,1,0.495528,1
D_0000028771,1,0.916873,1
D_0000029191,1,0.868038,1
D_0000029233,0,0.169522,0
D_0000029380,1,0.988430,1
D_0000029422,1,0.958435,1
D_0000029695,1,0.672614,1
D_0000029821,0,0.391069,1
D_0000029926,1,0.361251,1
D_0000030367,1,0.156068,0
D_0000030619,0,0.083741,0
D_0000030787,1,0.794483,1
D_0000031018,0,0.220214,1
D_0000031438,0,0.190713,1
D_0000031543,1,0.968575,1
D_0000032236,1,0.993057,1
D_0000032257,0,0.403610,1
D_0000032572,0,0.041437,0
D_0000032614,0,0.068867,0
D_0000032929,0,0.236702,1
D_0000033055,0,0.105756,0
D_0000033181,0,0.558824,1
D_0000033265,1,0.929260,1
D_0000033328,1,0.899312,1
D_0000033370,1,0.148897,0
D_0000033580,1,0.994756,1
D_0000033622,1,0.911307,1
D_0000034210,1,0.978920,1
D_0000034231,1,0.798493,1
D_0000034924,1,0.975602,1
D_0000035281,1,0.741224,1
D_0000035449,0,0.071535,0
D_0000035575,1,0.103307,0
D_0000036016,0,0.475515,1
D_0000036079,1,0.848241,1
D_0000036163,0,0.799271,1
D_0000036184,0,0.270380,1
D_0000036793,0,0.418707,1
D_0000037570,1,0.876122,1
D_0000037675,1,0.992710,1
D_0000037843,0,0.061412,0
D_0000038578,0,0.054830,0
D_0000038662,0,0.017974,0
D_0000038683,1,0.891176,1
D_0000038830,0,0.167535,0
D_0000039082,1,0.965575,1
D_0000039229,1,0.771784,1
D_0000040342,0,0.069898,0
D_0000040426,1,0.872478,1
D_0000040699,1,0.805108,1
D_0000040972,0,0.045589,0
D_0000041161,1,0.990323,1
D_0000041266,0,0.103176,0
D_0000042295,0,0.274520,1
D_0000042757,0,0.023596,0
D_0000042883,0,0.166150,0
D_0000043261,0,0.085039,0
D_0000043618,0,0.025285,0
D_0000043849,1,0.065326,0
D_0000044437,0,0.154951,0
D_0000044899,0,0.033484,0
D_0000044941,0,0.387752,1
D_0000044962,0,0.017243,0
D_0000045067,0,0.026655,0
D_0000045193,0,0.411198,1
D_0000045823,1,0.994054,1
D_0000045970,0,0.357971,1
D_0000046243,0,0.195894,1
D_0000046264,0,0.055191,0
D_0000046495,0,0.248848,1
D_0000046894,1,0.018549,0
D_0000047398,1,0.879899,1
D_0000047440,0,0.043737,0
D_0000047608,1,0.848053,1
D_0000047839,1,0.137005,0
D_0000048196,1,0.991181,1
D_0000048574,1,0.959252,1
D_0000048784,0,0.355826,1
D_0000048847,0,0.076018,0
D_0000049015,0,0.011334,0
D_0000049477,1,0.434928,1
D_0000049624,1,0.214264,1
D_0000049981,1,0.934458,1
D_0000050086,1,0.355541,1
D_0000050506,1,0.825369,1
D_0000050548,1,0.483857,1
D_0000050653,0,0.096617,0
D_0000050905,0,0.071981,0
D_0000051115,1,0.975411,1
D_0000051430,0,0.355110,1
D_0000051493,1,0.124532,0
D_0000051598,1,0.931584,1
D_0000052165,0,0.399763,1
D_0000052312,0,0.997850,1
D_0000052396,0,0.009120,0
D_0000052900,0,0.105754,0
D_0000054118,1,0.118673,0
D_0000054769,0,0.165912,0
D_0000055462,1,0.936844,1
D_0000055672,1,0.950142,1
D_0000055987,1,0.741567,1
D_0000056239,0,0.026844,0
D_0000056365,0,0.337832,1
D_0000056533,1,0.984313,1
D_0000056554,1,0.217357,1
D_0000056806,0,0.194195,1
D_0000056827,1,0.084687,0
D_0000057100,1,0.945947,1
D_0000057247,0,0.193363,1
D_0000057814,0,0.078350,0
D_0000057835,1,0.978788,1
D_0000058444,1,0.908429,1
D_0000058549,1,0.970691,1
D_0000058612,1,0.538831,1
D_0000058969,1,0.904145,1
D_0000059011,0,0.413938,1
D_0000059158,1,0.360702,1
D_0000059662,1,0.882772,1
D_0000059767,1,0.333714,1
D_0000060019,1,0.952000,1
D_0000060187,0,0.032494,0
D_0000060691,0,0.045979,0
D_0000060901,0,0.041110,0
D_0000061405,0,0.264579,1
D_0000061447,1,0.842118,1
D_0000061636,0,0.159422,0
D_0000061951,1,0.756130,1
D_0000062602,0,0.045462,0
D_0000062665,1,0.989024,1
D_0000062686,1,0.928402,1
D_0000062875,1,0.977450,1
D_0000063232,1,0.965413,1
D_0000063463,0,0.111317,0
D_0000063484,0,0.050160,0
D_0000063589,0,0.028156,0
D_0000063631,0,0.094386,0
D_0000063925,0,0.078570,0
D_0000064093,1,0.985236,1
D_0000064156,1,0.139594,0
D_0000064744,0,0.117919,0
D_0000064849,1,0.954398,1
D_0000064870,0,0.260437,1
D_0000065290,1,0.965689,1
D_0000065479,1,0.102873,0
D_0000065710,1,0.937281,1
D_0000065878,1,0.764194,1
D_0000066781,0,0.097056,0
D_0000067201,1,0.473394,1
D_0000067243,1,0.846145,1
D_0000067348,0,0.076466,0
D_0000067705,0,0.064491,0
D_0000067768,0,0.090302,0
D_0000068020,0,0.199716,1
D_0000068461,0,0.091919,0
D_0000068755,1,0.896672,1
D_0000069154,1,0.826425,1
D_0000069574,1,0.960132,1
D_0000069763,0,0.027377,0
D_0000069868,1,0.721491,1
D_0000069973,1,0.946299,1
D_0000070162,1,0.115523,0
D_0000070288,0,0.033687,0
D_0000070414,0,0.018270,0
D_0000070561,0,0.054253,0
D_0000070918,0,0.100036,0
D_0000071128,1,0.956714,1
D_0000071338,1,0.765037,1
D_0000071359,0,0.056817,0
D_0000071527,1,0.923290,1
D_0000071674,0,0.122838,0
D_0000072346,0,0.052716,0
D_0000073459,1,0.987910,1
D_0000073753,1,0.405895,1
D_0000075223,0,0.060538,0
D_0000075265,0,0.416829,1
D_0000075286,0,0.078301,0
D_0000075328,0,0.145746,0
D_0000075517,0,0.049362,0
D_0000075601,1,0.933248,1
D_0000077533,1,0.077641,0
D_0000077995,0,0.248246,1
D_0000078268,0,0.017796,0
D_0000078310,1,0.950945,1
D_0000078562,1,0.974018,1
D_0000078730,1,0.913261,1
D_0000078751,0,0.020438,0
D_0000079129,0,0.099925,0
D_0000079570,0,0.113700,0
D_0000080053,1,0.976899,1
D_0000080410,0,0.210559,1
D_0000081607,0,0.053549,0
D_0000082300,1,0.619999,1
D_0000082573,1,0.957427,1
D_0000082657,1,0.995746,1
D_0000082699,1,0.928923,1
D_0000082888,1,0.882371,1
D_0000082930,1,0.067981,0
D_0000083182,1,0.795108,1
D_0000083392,1,0.944870,1
D_0000083644,0,0.044444,0
D_0000083707,1,0.528576,1
D_0000083854,1,0.065386,0
D_0000084379,1,0.931026,1
D_0000084442,0,0.037309,0
D_0000084589,1,0.193277,1
D_0000084631,0,0.052299,0
D_0000084673,0,0.174548,0
D_0000084820,0,0.491415,1
D_0000084904,1,0.802390,1
D_0000084967,1,0.179601,0
D_0000085198,0,0.128168,0
D_0000085240,1,0.802960,1
D_0000085996,1,0.931674,1
D_0000086332,0,0.106689,0
D_0000087025,1,0.971927,1
D_0000087487,1,0.059611,0
D_0000087550,1,0.976314,1
D_0000087592,0,0.120636,0
D_0000088537,1,0.987776,1
D_0000089083,1,0.858487,1
D_0000089104,1,0.458398,1
D_0000089335,1,0.964349,1
D_0000089608,0,0.132558,0
D_0000089839,1,0.970069,1
D_0000090028,1,0.961434,1
D_0000090343,0,0.117548,0
D_0000090511,0,0.180316,0
D_0000090931,0,0.263709,1
D_0000091120,0,0.026726,0
D_0000091393,0,0.134630,0
D_0000091540,0,0.059583,0
D_0000091708,1,0.415696,1
D_0000091771,0,0.171872,0
D_0000091855,0,0.242072,1
D_0000092128,1,0.982832,1
D_0000092632,1,0.827706,1
D_0000092863,1,0.128667,0
D_0000093367,1,0.970577,1
D_0000093703,0,0.226182,1
D_0000093745,0,0.074789,0
D_0000093766,0,0.022766,0
D_0000094375,1,0.685782,1
D_0000094480,0,0.413953,1
D_0000094774,1,0.121691,0
D_0000095131,1,0.959113,1
D_0000095320,1,0.358598,1
D_0000095362,0,0.146299,0
D_0000095509,0,0.043295,0
D_0000095908,1,0.084883,0
D_0000096433,1,0.078328,0
D_0000096496,0,0.006440,0
D_0000097462,1,0.248432,1
D_0000097756,0,0.097871,0
D_0000098281,1,0.761513,1
D_0000098344,0,0.048795,0
D_0000098407,1,0.986424,1
D_0000098512,1,0.545187,1
D_0000098617,1,0.718370,1
D_0000098785,1,0.739286,1
D_0000098953,0,0.037564,0
D_0000099058,0,0.085870,0
D_0000099163,0,0.000002,0
D_0000099226,0,0.351187,1
D_0000099331,0,0.070186,0
D_0000099667,1,0.626521,1
D_0000099961,1,0.982310,1
D_0000100129,0,0.092765,0
D_0000100381,0,0.400142,1
D_0000101032,1,0.757662,1
D_0000101074,1,0.864914,1
D_0000101179,1,0.267348,1
D_0000101494,1,0.939863,1
D_0000101914,0,0.111336,0
D_0000103069,1,0.984793,1
D_0000103363,1,0.965207,1
D_0000103405,1,0.155813,0
D_0000103720,1,0.975096,1
D_0000104077,0,0.137689,0
D_0000104980,0,0.024087,0
D_0000105127,0,0.082885,0
D_0000105316,1,0.994216,1
D_0000105400,0,0.985939,1
D_0000105505,1,0.973177,1
D_0000105526,0,0.194521,1
D_0000105652,0,0.742649,1
D_0000105799,0,0.047549,0
D_0000106093,0,0.375391,1
D_0000106177,1,0.311725,1
D_0000106513,1,0.310079,1
D_0000106870,0,0.443992,1
D_0000106891,0,0.042571,0
D_0000107353,0,0.068153,0
D_0000108046,1,0.956790,1
D_0000108088,0,0.398485,1
D_0000108550,0,0.103280,0
D_0000108634,1,0.990607,1
D_0000109369,0,0.381173,1
D_0000109600,0,0.066159,0
D_0000109663,0,0.117022,0
D_0000109978,1,0.989023,1
D_0000110986,1,0.988642,1
D_0000111595,0,0.048654,0
D_0000111784,1,0.859340,1
D_0000111805,1,0.977414,1
D_0000111826,1,0.850131,1
D_0000112246,1,0.913431,1
D_0000112456,1,0.297203,1
D_0000112477,1,0.992359,1
D_0000112561,0,0.220192,1
D_0000112687,1,0.986972,1
D_0000113107,1,0.479760,1
D_0000113212,0,0.156448,0
D_0000113443,0,0.240878,1
D_0000113569,0,0.088290,0
D_0000114220,0,0.820525,1
D_0000114304,0,0.900356,1
D_0000115144,1,0.987207,1
D_0000115459,1,0.051563,0
D_0000115585,1,0.982719,1
D_0000115753,0,0.053964,0
D_0000116782,1,0.960506,1
D_0000116908,1,0.071766,0
D_0000117076,0,0.049974,0
D_0000117496,0,0.031303,0
D_0000117580,0,0.099630,0
D_0000117748,0,0.074143,0
D_0000117979,0,0.023106,0
D_0000118105,1,0.918371,1
D_0000118273,0,0.058082,0
D_0000118819,1,0.925121,1
D_0000118903,0,0.181474,0
D_0000119281,0,0.033047,0
D_0000119323,0,0.030818,0
D_0000119365,1,0.989578,1
D_0000119470,0,0.708617,1
D_0000120583,0,0.060754,0
D_0000121507,1,0.823544,1
D_0000122074,1,0.488310,1
D_0000122368,0,0.219126,1
D_0000122536,1,0.985041,1
D_0000122641,1,0.991983,1
D_0000123187,1,0.850839,1
D_0000123544,0,0.113567,0
D_0000123649,1,0.662730,1
D_0000123712,1,0.975435,1
D_0000124363,0,0.062231,0
D_0000124447,1,0.984267,1
D_0000125497,1,0.879969,1
D_0000125812,1,0.086964,0
D_0000126211,1,0.992060,1
D_0000126379,1,0.972529,1
D_0000126673,0,0.119099,0
D_0000127135,0,0.696317,1
D_0000128080,0,0.040808,0
D_0000128206,1,0.940127,1
D_0000128248,0,0.654356,1
D_0000128332,1,0.996110,1
D_0000128857,0,0.032825,0
D_0000128920,1,0.151050,0
D_0000129340,1,0.625014,1
D_0000129382,0,0.369622,1
D_0000129445,0,0.092720,0
D_0000130537,0,0.049573,0
D_0000131104,0,0.004970,0
D_0000131146,1,0.766247,1
D_0000131251,0,0.360776,1
D_0000131461,0,0.121571,0
D_0000131503,1,0.269089,1
D_0000131734,1,0.947032,1
D_0000132070,1,0.883286,1
D_0000132364,1,0.710181,1
D_0000133099,1,0.996017,1
D_0000133120,0,0.058960,0
D_0000133246,1,0.915448,1
D_0000133267,1,0.111680,0
D_0000133351,1,0.739432,1
D_0000133477,1,0.927341,1
D_0000133918,0,0.643438,1
D_0000134338,0,0.045210,0
D_0000134359,1,0.817419,1
D_0000134632,1,0.980454,1
D_0000134989,1,0.971079,1
D_0000135094,0,0.177674,0
D_0000135283,1,0.122120,0
D_0000135493,1,0.957635,1
D_0000135661,1,0.992175,1
D_0000135682,0,0.077565,0
D_0000135787,0,0.228487,1
D_0000136207,0,0.033643,0
D_0000136375,0,0.035974,0
D_0000136879,1,0.915270,1
D_0000136900,0,0.023818,0
D_0000137089,0,0.114421,0
D_0000137131,1,0.886992,1
D_0000137173,0,0.019068,0
D_0000137341,1,0.788889,1
D_0000137383,1,0.986209,1
D_0000137740,0,0.057915,0
D_0000137782,0,0.142821,0
D_0000137824,1,0.103939,0
D_0000137866,1,0.223549,1
D_0000138034,0,0.026365,0
D_0000138139,0,0.247638,1
D_0000139063,1,0.829641,1
D_0000139126,0,0.032358,0
D_0000139231,1,0.061523,0
D_0000139441,1,0.981560,1
D_0000139525,0,0.074031,0
D_0000139546,0,0.342883,1
D_0000139672,1,0.102664,0
D_0000139882,1,0.815801,1
D_0000139924,1,0.987906,1
D_0000141226,0,0.040272,0
D_0000141373,1,0.125258,0
D_0000142213,0,0.137985,0
D_0000142234,1,0.971684,1
D_0000142360,1,0.962092,1
D_0000142528,1,0.741462,1
D_0000142759,0,0.091478,0
D_0000143116,1,0.790130,1
D_0000143221,1,0.142303,0
D_0000143872,1,0.947816,1
D_0000144313,1,0.115497,0
D_0000144733,0,0.112997,0
D_0000145048,1,0.895428,1
D_0000145153,1,0.186263,1
D_0000145342,1,0.888641,1
D_0000145741,1,0.231007,1
D_0000145888,0,0.040729,0
D_0000146140,1,0.979880,1
D_0000147295,1,0.858739,1
D_0000148450,1,0.985981,1
D_0000149311,0,0.093422,0
D_0000149395,1,0.881539,1
D_0000149500,0,0.011473,0
D_0000149710,0,0.885808,1
D_0000149794,0,0.397518,1
D_0000150004,0,0.778572,1
D_0000150214,1,0.996348,1
D_0000151642,1,0.978928,1
D_0000151873,0,0.087485,0
D_0000152461,1,0.078957,0
D_0000152839,1,0.911914,1
D_0000152944,1,0.860174,1
D_0000152986,0,0.018234,0
D_0000153511,1,0.992834,1
D_0000153700,1,0.987493,1
D_0000154057,1,0.252373,1
D_0000154099,1,0.982221,1
D_0000155233,1,0.633383,1
D_0000156283,0,0.391203,1
D_0000156346,0,0.087859,0
D_0000156577,1,0.300252,1
D_0000156892,1,0.084384,0
D_0000156997,0,0.053314,0
D_0000157060,0,0.298662,1
D_0000157165,0,0.126877,0
D_0000157438,1,0.974614,1
D_0000157501,1,0.975133,1
D_0000157711,1,0.199845,1
D_0000157774,1,0.274983,1
D_0000158152,0,0.153100,0
D_0000158530,1,0.283318,1
D_0000158719,1,0.723964,1
D_0000159370,0,0.049387,0
D_0000159685,0,0.126157,0
D_0000160042,1,0.206645,1
D_0000160147,0,0.055142,0
D_0000160273,1,0.968282,1
D_0000160378,1,0.938885,1
D_0000161743,0,0.115502,0
D_0000162163,1,0.550788,1
D_0000162436,0,0.031516,0
D_0000162604,1,0.905301,1
D_0000162709,0,0.143451,0
D_0000163276,0,0.032172,0
D_0000163801,1,0.234370,1
D_0000164032,0,0.024265,0
D_0000164599,0,0.543647,1
D_0000165019,1,0.947913,1
D_0000165103,1,0.995014,1
D_0000165229,0,0.053724,0
D_0000166048,1,0.150956,0
D_0000166090,1,0.054968,0
D_0000166783,1,0.084223,0
D_0000167014,1,0.983740,1
D_0000167098,0,0.055641,0
D_0000167749,1,0.159893,0
D_0000167770,1,0.849092,1
D_0000167875,0,0.279777,1
D_0000168001,0,0.081818,0
D_0000168148,1,0.651950,1
D_0000168316,0,0.023193,0
D_0000168358,0,0.034052,0
D_0000168484,0,0.046979,0
D_0000168610,1,0.986763,1
D_0000169303,1,0.023594,0
D_0000169408,1,0.166261,0
D_0000169513,1,0.136408,0
D_0000169639,1,0.929829,1
D_0000170185,0,0.155323,0
D_0000170437,1,0.089632,0
D_0000170500,1,0.726403,1
D_0000170794,1,0.355421,1
D_0000171739,1,0.865729,1
D_0000172432,0,0.171812,0
D_0000173104,1,0.961549,1
D_0000173377,1,0.153504,0
D_0000173461,1,0.492934,1
D_0000173587,1,0.213997,1
D_0000174784,0,0.241112,1
D_0000174805,1,0.946283,1
D_0000174868,0,0.027666,0
D_0000174889,0,0.432854,1
D_0000175267,0,0.150060,0
D_0000175309,1,0.991903,1
D_0000175897,0,0.117491,0
D_0000175981,1,0.529486,1
D_0000176044,1,0.160409,0
D_0000176065,0,0.181049,0
D_0000176443,1,0.987330,1
D_0000176611,1,0.984251,1
D_0000176842,0,0.426836,1
D_0000177997,1,0.978273,1
D_0000178375,1,0.878000,1
D_0000178627,0,0.057003,0
D_0000179026,1,0.994562,1
D_0000179068,0,0.804758,1
D_0000179341,1,0.987927,1
D_0000179383,1,0.112174,0
D_0000179446,0,0.116820,0
D_0000179593,0,0.369871,1
D_0000179908,0,0.139188,0
D_0000180853,1,0.993105,1
D_0000181042,1,0.914128,1
D_0000181084,1,0.152252,0
D_0000181525,1,0.310151,1
D_0000181777,1,0.909189,1
D_0000181840,1,0.245178,1
D_0000182764,1,0.308158,1
D_0000183583,0,0.393230,1
D_0000183877,1,0.896275,1
D_0000184066,1,0.864684,1
D_0000184738,1,0.687242,1
D_0000184780,0,0.028164,0
D_0000184843,1,0.989958,1
D_0000185053,1,0.364756,1
D_0000185074,0,0.394676,1
D_0000185179,1,0.979751,1
D_0000185263,0,0.084968,0
D_0000185431,1,0.766348,1
D_0000185767,1,0.210470,1
D_0000186019,0,0.074239,0
D_0000186964,1,0.979712,1
D_0000186985,1,0.976587,1
D_0000187153,1,0.831839,1
D_0000187384,0,0.188309,1
D_0000187678,1,0.086630,0
D_0000188812,1,0.899518,1
D_0000188854,1,0.989346,1
D_0000189358,1,0.990370,1
D_0000189904,1,0.304390,1
D_0000190093,1,0.415097,1
D_0000190261,1,0.977297,1
D_0000190912,0,0.065194,0
D_0000191017,0,0.180969,0
D_0000191710,0,0.237292,1
D_0000192004,0,0.020639,0
D_0000192445,1,0.760249,1
D_0000193033,1,0.217426,1
D_0000193096,1,0.092805,0
D_0000193264,0,0.033843,0
D_0000193537,1,0.558725,1
D_0000193894,1,0.917462,1
D_0000193978,0,0.087141,0
D_0000194167,0,0.065765,0
D_0000194188,1,0.494590,1
D_0000194230,0,0.017839,0
D_0000194272,0,0.886175,1
D_0000194776,0,0.130083,0
D_0000194839,0,0.151949,0
D_0000194944,0,0.084552,0
D_0000195385,1,0.166401,0
D_0000195637,0,0.119569,0
D_0000196624,1,0.297439,1
D_0000196897,1,0.994406,1
D_0000196960,1,0.153328,0
D_0000196981,1,0.130621,0
D_0000197380,0,0.169948,0
D_0000197737,0,0.230272,1
D_0000197779,0,0.243812,1
D_0000198136,1,0.712951,1
D_0000198955,1,0.992513,1
D_0000198997,1,0.547324,1
D_0000199459,0,0.043006,0
D_0000199543,0,0.074228,0
D_0000199669,1,0.661092,1
D_0000199711,0,0.095275,0
D_0000199858,1,0.497732,1
D_0000200173,1,0.843601,1
D_0000200362,1,0.969486,1
D_0000200446,1,0.570312,1
D_0000201076,0,0.045827,0
D_0000201139,0,0.030469,0
D_0000201391,1,0.251584,1
D_0000201475,1,0.669423,1
D_0000201916,0,0.073078,0
D_0000201979,1,0.180227,0
D_0000202693,1,0.960177,1
D_0000202777,0,0.348441,1
D_0000202840,1,0.166040,0
D_0000202945,0,0.096179,0
D_0000203008,0,0.716119,1
D_0000203260,1,0.986486,1
D_0000203449,0,0.446870,1
D_0000204121,1,0.984754,1
D_0000204226,1,0.667486,1
D_0000204478,0,0.134076,0
D_0000204688,0,0.133751,0
D_0000204709,1,0.873704,1
D_0000205066,1,0.803832,1
D_0000205486,0,0.078395,0
D_0000205927,1,0.500573,1
D_0000206767,0,0.101391,0
D_0000208552,0,0.029815,0
D_0000208573,1,0.247037,1
D_0000208657,0,0.079160,0
D_0000208846,1,0.178010,0
D_0000208993,1,0.137689,0
D_0000209308,1,0.655864,1
D_0000209539,0,0.007780,0
D_0000209854,0,0.079775,0
D_0000210652,0,0.120677,0
D_0000211240,0,0.059908,0
D_0000211975,0,0.045693,0
D_0000212122,1,0.462282,1
D_0000212773,1,0.799750,1
D_0000213067,1,0.873540,1
D_0000213298,1,0.967841,1
D_0000213382,1,0.676522,1
D_0000213949,1,0.982831,1
D_0000215104,0,0.412156,1
D_0000215293,0,0.010374,0
D_0000215839,0,0.054286,0
D_0000216133,1,0.994778,1
D_0000216574,0,0.098782,0
D_0000216595,0,0.045098,0
D_0000216700,0,0.021564,0
D_0000216952,1,0.946788,1
D_0000217036,0,0.142702,0
D_0000217540,1,0.955394,1
D_0000217624,0,0.102899,0
D_0000217729,1,0.490193,1
D_0000217771,0,0.158074,0
D_0000217981,1,0.919887,1
D_0000218149,0,0.032368,0
D_0000218275,1,0.989004,1
D_0000218359,0,0.069793,0
D_0000218380,1,0.968802,1
D_0000218695,0,0.017491,0
D_0000218779,0,0.041348,0
D_0000218863,1,0.954838,1
D_0000219178,0,0.333173,1
D_0000219472,1,0.156302,0
D_0000219556,1,0.349424,1
D_0000219661,1,0.971798,1
D_0000220396,1,0.982154,1
D_0000220501,1,0.877134,1
D_0000221446,0,0.305071,1
D_0000221677,0,0.129137,0
D_0000221698,1,0.064283,0
D_0000221719,1,0.661128,1
D_0000221824,0,0.062294,0
D_0000222013,0,0.030653,0
D_0000222181,1,0.168330,0
D_0000222496,1,0.164822,0
D_0000223294,0,0.550014,1
D_0000223399,1,0.933925,1
D_0000223714,0,0.195775,1
D_0000223966,0,0.019022,0
D_0000224176,1,0.981863,1
D_0000224281,1,0.990759,1
D_0000224533,1,0.602943,1
D_0000224617,0,0.069599,0
D_0000224932,1,0.994780,1
D_0000225016,0,0.071744,0
D_0000225184,0,0.504656,1
D_0000225331,0,0.069923,0
D_0000225352,0,0.062069,0
D_0000225478,1,0.994334,1
D_0000225520,1,0.993275,1
D_0000225625,1,0.883435,1
D_0000225814,1,0.464930,1
D_0000225961,1,0.994067,1
D_0000226024,0,0.075199,0
D_0000226234,1,0.941886,1
D_0000226339,1,0.066199,0
D_0000226528,1,0.952024,1
D_0000226696,1,0.987235,1
D_0000226843,0,0.139049,0
D_0000226864,1,0.988113,1
D_0000227116,0,0.726913,1
D_0000227158,1,0.975074,1
D_0000228166,0,0.075726,0
D_0000228292,1,0.990559,1
D_0000228418,0,0.415029,1
D_0000228838,1,0.766278,1
D_0000229216,1,0.922822,1
D_0000231169,1,0.911205,1
D_0000231484,0,0.432982,1
D_0000232051,0,0.081839,0
D_0000232114,1,0.863172,1
D_0000232177,1,0.336221,1
D_0000232429,1,0.928885,1
D_0000232744,0,0.063719,0
D_0000232828,1,0.174057,0
D_0000233143,1,0.988491,1
D_0000233605,0,0.033799,0
D_0000233941,0,0.361236,1
D_0000234004,0,0.028218,0
D_0000234025,1,0.988469,1
D_0000234130,1,0.993381,1
D_0000234214,1,0.888138,1
D_0000234319,0,0.093720,0
D_0000234361,1,0.835166,1
D_0000234592,0,0.035549,0
D_0000234739,0,0.180569,0
D_0000234970,1,0.125143,0
D_0000235096,1,0.194211,1
D_0000235411,0,0.056355,0
D_0000235684,1,0.216374,1
D_0000235726,1,0.061825,0
D_0000235957,0,0.037185,0
D_0000236461,0,0.657177,1
D_0000236482,1,0.502558,1
D_0000236776,1,0.802428,1
D_0000236965,1,0.388322,1
D_0000237028,0,0.069593,0
D_0000237616,1,0.820396,1
D_0000238561,1,0.262184,1
D_0000238792,1,0.165594,0
D_0000238897,0,0.031705,0
D_0000239170,0,0.028432,0
D_0000239254,1,0.963113,1
D_0000239401,1,0.958634,1
D_0000239695,0,0.226062,1
D_0000239926,0,0.627168,1
D_0000240241,0,0.122324,0
D_0000240262,1,0.969897,1
D_0000240451,0,0.227872,1
D_0000240472,0,0.295175,1
D_0000240619,0,0.014417,0
D_0000241186,1,0.979746,1
D_0000241228,1,0.984382,1
D_0000241291,1,0.799447,1
D_0000241396,1,0.984643,1
D_0000241480,1,0.939643,1
D_0000241837,0,0.021157,0
D_0000242740,1,0.993674,1
D_0000242971,1,0.941967,1
D_0000243034,1,0.032838,0
D_0000243076,0,0.135225,0
D_0000243139,1,0.444670,1
D_0000243160,1,0.916421,1
D_0000243412,1,0.963233,1
D_0000243454,0,0.043766,0
D_0000243643,1,0.633375,1
D_0000244525,0,0.076888,0
D_0000244756,1,0.123239,0
D_0000244861,1,0.950835,1
D_0000244924,0,0.021605,0
D_0000244945,1,0.973509,1
D_0000245071,1,0.921832,1
D_0000245218,0,0.899457,1
D_0000245449,1,0.964168,1
D_0000245491,1,0.971747,1
D_0000245743,0,0.082579,0
D_0000245848,0,0.068168,0
D_0000246562,1,0.958223,1
D_0000247234,0,0.054891,0
D_0000247360,1,0.761593,1
D_0000248305,0,0.026500,0
D_0000248620,1,0.820508,1
D_0000248641,0,0.100848,0
D_0000248662,1,0.684358,1
D_0000248977,0,0.014204,0
D_0000249229,0,0.079050,0
D_0000249355,1,0.752455,1
D_0000249607,1,0.052271,0
D_0000249733,0,0.112952,0
D_0000249985,0,0.281515,1
D_0000250090,0,0.586194,1
D_0000250720,0,0.147710,0
D_0000251098,0,0.045634,0
D_0000252022,1,0.897973,1
D_0000252064,1,0.976983,1
D_0000252967,1,0.343035,1
D_0000253177,0,0.061889,0
D_0000253261,1,0.974673,1
D_0000253660,1,0.962164,1
D_0000253681,0,0.201916,1
D_0000253723,0,0.029779,0
D_0000254143,0,0.405542,1
D_0000254269,0,0.291240,1
D_0000254500,0,0.014972,0
D_0000254668,0,0.108442,0
D_0000255004,0,0.042544,0
D_0000255403,0,0.136633,0
D_0000255697,1,0.969938,1
D_0000256075,1,0.756668,1
D_0000256264,0,0.023183,0
D_0000256558,0,0.034954,0
D_0000256579,0,0.275782,1
D_0000256684,1,0.860407,1
D_0000256810,0,0.084383,0
D_0000256873,0,0.076030,0
D_0000258322,0,0.061575,0
D_0000258889,1,0.978248,1
D_0000259099,1,0.857998,1
D_0000259372,1,0.620954,1
D_0000259813,1,0.046572,0
D_0000260191,1,0.131351,0
D_0000260338,1,0.140248,0
D_0000260401,0,0.093024,0
D_0000261199,0,0.319560,1
D_0000261787,0,0.838000,1
D_0000261871,1,0.882622,1
D_0000262060,1,0.983018,1
D_0000262270,1,0.456077,1
D_0000262522,0,0.076267,0
D_0000262585,1,0.980093,1
D_0000262711,0,0.289731,1
D_0000262795,1,0.974756,1
D_0000262900,1,0.140586,0
D_0000262984,0,0.107794,0
D_0000263005,0,0.038504,0
D_0000263782,0,0.054584,0
D_0000264055,1,0.361145,1
D_0000264664,1,0.438588,1
D_0000264748,1,0.634765,1
D_0000264790,1,0.674350,1
D_0000265903,0,0.162227,0
D_0000266680,1,0.940482,1
D_0000266764,0,0.300383,1
D_0000267163,1,0.928395,1
D_0000267268,0,0.191658,1
D_0000267583,1,0.138669,0
D_0000267982,0,0.090623,0
D_0000268108,1,0.744693,1
D_0000268171,0,0.119871,0
D_0000269011,0,0.076741,0
D_0000269431,1,0.422142,1
D_0000269704,0,0.051460,0
D_0000269725,0,0.763549,1
D_0000269788,1,0.987261,1
D_0000269977,0,0.162351,0
D_0000270061,1,0.958656,1
D_0000270334,1,0.991319,1
D_0000270586,1,0.841164,1
D_0000270859,1,0.491461,1
D_0000270943,0,0.066366,0
D_0000271048,1,0.139018,0
D_0000271174,0,0.140731,0
D_0000271594,0,0.526626,1
D_0000271783,1,0.470038,1
D_0000272560,0,0.028556,0
D_0000272581,1,0.987458,1
D_0000272644,0,0.215818,1
D_0000273127,1,0.895453,1
D_0000273190,1,0.672063,1
D_0000273358,1,0.396857,1
D_0000273421,0,0.225404,1
D_0000273715,1,0.972754,1
D_0000273778,0,0.078805,0
D_0000273862,0,0.201104,1
D_0000273925,1,0.182203,0
D_0000274366,1,0.054300,0
D_0000274513,1,0.995468,1
D_0000274576,1,0.856677,1
D_0000274870,0,0.071688,0
D_0000274933,1,0.159040,0
D_0000275269,1,0.884830,1
D_0000275521,0,0.034021,0
D_0000275836,0,0.040096,0
D_0000275962,0,0.233124,1
D_0000276067,1,0.032366,0
D_0000276508,1,0.086756,0
D_0000276550,0,0.151833,0
D_0000276991,1,0.977241,1
D_0000277012,1,0.405693,1
D_0000277054,1,0.669530,1
D_0000277096,0,0.088798,0
D_0000277285,1,0.118686,0
D_0000277390,0,0.075691,0
D_0000277705,1,0.635340,1
D_0000277789,0,0.057265,0
D_0000278251,1,0.827188,1
D_0000278356,0,0.145167,0
D_0000278650,0,0.086453,0
D_0000278839,0,0.332026,1
D_0000278986,1,0.995729,1
D_0000279049,0,0.082986,0
D_0000279070,0,0.742706,1
D_0000279658,1,0.787017,1
D_0000280204,1,0.943880,1
D_0000280225,1,0.084713,0
D_0000280351,1,0.989042,1
D_0000280729,1,0.124035,0
D_0000281023,0,0.128169,0
D_0000281758,0,0.029780,0
D_0000282220,0,0.033707,0
D_0000282745,1,0.163486,0
D_0000282787,1,0.101727,0
D_0000282976,0,0.027690,0
D_0000283039,1,0.259901,1
D_0000283081,0,0.110349,0
D_0000283207,0,0.130742,0
D_0000283564,1,0.827072,1
D_0000283606,1,0.923612,1
D_0000283627,0,0.073419,0
D_0000284047,1,0.179161,0
D_0000284068,1,0.579733,1
D_0000284278,1,0.117529,0
D_0000284341,1,0.985430,1
D_0000284362,0,0.084164,0
D_0000284383,1,0.971662,1
D_0000284656,1,0.234499,1
D_0000285412,1,0.901753,1
D_0000285769,0,0.059309,0
D_0000285958,1,0.794305,1
D_0000286420,1,0.975665,1
D_0000287029,0,0.063056,0
D_0000287449,0,0.043440,0
D_0000287512,0,0.078062,0
D_0000288121,0,0.096252,0
D_0000288205,1,0.202856,1
D_0000288373,0,0.043004,0
D_0000288394,0,0.074385,0
D_0000288751,1,0.966276,1
D_0000288877,1,0.124244,0
D_0000289024,0,0.052806,0
D_0000289087,0,0.036010,0
D_0000289486,0,0.020395,0
D_0000289528,1,0.551093,1
D_0000289864,1,0.923511,1
D_0000290032,0,0.211688,1
D_0000291082,0,0.043180,0
D_0000291397,1,0.988973,1
D_0000291649,1,0.992627,1
D_0000293287,0,0.399460,1
D_0000293707,1,0.701975,1
D_0000294106,0,0.128811,0
D_0000294211,0,0.104925,0
D_0000294358,0,0.297077,1
D_0000294400,1,0.808450,1
D_0000295093,1,0.732186,1
D_0000295387,1,0.442543,1
D_0000295975,1,0.129709,0
D_0000296311,1,0.811419,1
D_0000296731,0,0.087105,0
D_0000296962,1,0.706868,1
D_0000297403,0,0.053940,0
D_0000297487,1,0.217721,1
D_0000297571,0,0.109135,0
D_0000297886,1,0.982326,1
D_0000297949,0,0.155099,0
D_0000298201,0,0.114862,0
D_0000298537,0,0.058704,0
D_0000298768,1,0.833087,1
D_0000299083,1,0.988536,1
D_0000299965,0,0.120774,0
D_0000300490,1,0.970219,1
D_0000301015,1,0.500097,1
D_0000301246,1,0.628498,1
D_0000301729,1,0.523911,1
D_0000301813,1,0.076341,0
D_0000302275,1,0.992500,1
D_0000302422,1,0.947020,1
D_0000302821,0,0.693295,1
D_0000302926,1,0.813995,1
D_0000302968,0,0.069314,0
D_0000303871,0,0.088843,0
D_0000304102,1,0.550975,1
D_0000304417,1,0.931470,1
D_0000304480,0,0.015319,0
D_0000304606,0,0.113536,0
D_0000304690,0,0.222758,1
D_0000304900,1,0.988282,1
D_0000304942,0,0.049710,0
D_0000305152,1,0.656539,1
D_0000305278,1,0.158221,0
D_0000305866,1,0.342353,1
D_0000306328,1,0.534021,1
D_0000306559,0,0.012836,0
D_0000307126,0,0.018706,0
D_0000307420,0,0.135517,0
D_0000307924,0,0.087474,0
D_0000308092,0,0.059835,0
D_0000308218,1,0.985170,1
D_0000308785,0,0.369188,1
D_0000308995,0,0.218161,1
D_0000309205,1,0.963169,1
D_0000309520,1,0.143028,0
D_0000309541,1,0.055521,0
D_0000309814,1,0.985429,1
D_0000310339,0,0.009728,0
D_0000310381,0,0.105519,0
D_0000310927,1,0.821664,1
D_0000311158,0,0.142035,0
D_0000311305,1,0.064654,0
D_0000311704,0,0.083295,0
D_0000311956,1,0.599212,1
D_0000312376,0,0.173869,0
D_0000312460,1,0.983840,1
D_0000312586,0,0.078428,0
D_0000312628,0,0.086758,0
D_0000312712,0,0.111212,0
D_0000312901,1,0.888298,1
D_0000312922,0,0.491827,1
D_0000313174,1,0.284726,1
D_0000313363,0,0.258567,1
D_0000313762,0,0.030601,0
D_0000314350,0,0.022428,0
D_0000314392,0,0.196574,1
D_0000314518,1,0.951288,1
D_0000314623,1,0.666819,1
D_0000315295,0,0.042698,0
D_0000315484,0,0.185993,1
D_0000315904,1,0.992315,1
D_0000316345,1,0.995479,1
D_0000316450,0,0.195799,1
D_0000316597,0,0.164153,0
D_0000316639,1,0.445861,1
D_0000316765,0,0.274436,1
D_0000317521,0,0.939574,1
D_0000317773,1,0.799856,1
D_0000318634,1,0.918448,1
D_0000319054,1,0.826172,1
D_0000319495,1,0.634741,1
D_0000320230,1,0.962687,1
D_0000320272,1,0.067937,0
D_0000320839,0,0.281377,1
D_0000321049,1,0.671900,1
D_0000321217,1,0.863934,1
D_0000321616,0,0.063689,0
D_0000321763,0,0.067757,0
D_0000321847,0,0.020453,0
D_0000322015,0,0.047413,0
D_0000323548,0,0.031976,0
D_0000323716,1,0.995738,1
D_0000324010,1,0.961028,1
D_0000324073,1,0.848922,1
D_0000325060,0,0.041951,0
D_0000325396,1,0.752424,1
D_0000326173,0,0.078312,0
D_0000326278,1,0.895489,1
D_0000326404,0,0.027628,0
D_0000326467,1,0.937936,1
D_0000326530,0,0.032983,0
D_0000327118,1,0.085188,0
D_0000327181,1,0.193425,1
D_0000327244,1,0.654136,1
D_0000327433,0,0.537378,1
D_0000327727,1,0.972532,1
D_0000328882,1,0.077511,0
D_0000329113,0,0.108875,0
D_0000329197,1,0.916542,1
D_0000329260,0,0.104020,0
D_0000330016,0,0.379637,1
D_0000330037,1,0.954163,1
D_0000330100,0,0.184208,0
D_0000330289,0,0.053880,0
D_0000330457,1,0.987970,1
D_0000330478,1,0.987119,1
D_0000330499,0,0.121111,0
D_0000330604,1,0.983297,1
D_0000330646,1,0.073935,0
D_0000330709,1,0.939733,1
D_0000330793,1,0.065183,0
D_0000331129,1,0.512230,1
D_0000331171,0,0.152127,0
D_0000331339,1,0.986953,1
D_0000331675,1,0.757465,1
D_0000331696,1,0.707976,1
D_0000332095,0,0.026739,0
D_0000332683,0,0.038472,0
D_0000332746,1,0.990271,1
D_0000333355,1,0.989586,1
D_0000333880,1,0.233274,1
D_0000334132,1,0.966624,1
D_0000334447,0,0.376190,1
D_0000334657,0,0.145357,0
D_0000334678,1,0.964035,1
D_0000335980,0,0.073820,0
D_0000336253,0,0.483403,1
D_0000336379,1,0.906901,1
D_0000336421,1,0.483360,1
D_0000336610,1,0.582689,1
D_0000336673,1,0.988351,1
D_0000336736,1,0.990157,1
D_0000336862,1,0.988347,1
D_0000337009,0,0.191953,1
D_0000337303,0,0.067526,0
D_0000337576,1,0.344694,1
D_0000338080,1,0.593931,1
D_0000338248,1,0.743805,1
D_0000338647,0,0.161575,0
D_0000338773,1,0.993640,1
D_0000338857,0,0.148540,0
D_0000339193,0,0.029146,0
D_0000339403,0,0.046400,0
D_0000339508,0,0.053748,0
D_0000339550,1,0.367293,1
D_0000339676,0,0.030961,0
D_0000339844,1,0.913031,1
D_0000340054,0,0.036867,0
D_0000340495,0,0.048851,0
D_0000340684,0,0.132622,0
D_0000340705,0,0.236270,1
D_0000340894,0,0.076320,0
D_0000340936,0,0.026590,0
D_0000341230,1,0.994514,1
D_0000341629,0,0.125585,0
D_0000342574,1,0.952565,1
D_0000342742,1,0.891092,1
D_0000343561,1,0.181697,0
D_0000344002,1,0.011939,0
D_0000344044,0,0.112496,0
D_0000344569,1,0.917522,1
D_0000344632,0,0.040368,0
D_0000345157,0,0.549569,1
D_0000345199,1,0.353301,1
D_0000345661,0,0.276574,1
D_0000345703,1,0.985604,1
D_0000346165,1,0.229496,1
D_0000346186,0,0.183130,0
D_0000346207,0,0.031602,0
D_0000346228,0,0.071538,0
D_0000346522,1,0.904944,1
D_0000346732,1,0.657292,1
D_0000346837,1,0.096031,0
D_0000346900,1,0.829294,1
D_0000346942,1,0.082819,0
D_0000347299,0,0.100172,0
D_0000347551,1,0.081756,0
D_0000347677,1,0.226969,1
D_0000348139,1,0.948759,1
D_0000348181,0,0.035229,0
D_0000348328,1,0.993263,1
D_0000348496,1,0.559564,1
D_0000349210,0,0.896277,1
D_0000349231,1,0.948428,1
D_0000350029,0,0.022108,0
D_0000350428,0,0.027881,0
D_0000350449,0,0.069579,0
D_0000350470,1,0.877742,1
D_0000350701,0,0.050711,0
D_0000350995,0,0.108720,0
D_0000351058,1,0.959158,1
D_0000351121,0,0.062609,0
D_0000351499,0,0.352954,1
D_0000352108,1,0.967153,1
D_0000352213,1,0.190160,1
D_0000352444,0,0.043909,0
D_0000352528,1,0.296388,1
D_0000352570,1,0.939710,1
D_0000352864,1,0.787096,1
D_0000352969,0,0.026220,0
D_0000353599,0,0.080342,0
D_0000354166,0,0.062447,0
D_0000354397,1,0.788179,1
D_0000354523,1,0.478900,1
D_0000354565,1,0.985242,1
D_0000354586,1,0.815560,1
D_0000354670,0,0.065922,0
D_0000354712,0,0.249275,1
D_0000355111,0,0.062871,0
D_0000355930,0,0.112934,0
D_0000356077,0,0.064296,0
D_0000356224,1,0.690779,1
D_0000356266,1,0.821220,1
D_0000356308,1,0.901259,1
D_0000356833,0,0.098706,0
D_0000357631,1,0.980948,1
D_0000357694,1,0.626804,1
D_0000358009,0,0.367454,1
D_0000359017,1,0.993599,1
D_0000359815,1,0.570854,1
D_0000359878,0,0.164893,0
D_0000360109,0,0.062818,0
D_0000360172,1,0.977813,1
D_0000360277,1,0.990414,1
D_0000360340,0,0.082137,0
D_0000360991,1,0.908557,1
D_0000361096,1,0.688186,1
D_0000361243,0,0.075907,0
D_0000361537,1,0.974491,1
D_0000361894,0,0.041042,0
D_0000362104,0,0.181570,0
D_0000362839,1,0.202295,1
D_0000363448,0,0.018174,0
D_0000363637,1,0.393009,1
D_0000364330,1,0.873225,1
D_0000365002,0,0.166456,0
D_0000365065,1,0.508324,1
D_0000366535,0,0.209748,1
D_0000367018,1,0.978510,1
D_0000367732,0,0.102933,0
D_0000368488,0,0.068431,0
D_0000369937,1,0.990730,1
D_0000370021,1,0.864304,1
D_0000370168,0,0.133739,0
D_0000370315,0,0.143246,0
D_0000370483,1,0.986921,1
D_0000370504,0,0.061591,0
D_0000371428,0,0.148867,0
D_0000371491,1,0.202276,1
D_0000371575,1,0.946716,1
D_0000371764,1,0.984476,1
D_0000372100,0,0.031622,0
D_0000372289,0,0.049743,0
D_0000372415,0,0.100268,0
D_0000372856,0,0.155021,0
D_0000373339,1,0.925122,1
D_0000373822,1,0.255523,1
D_0000373843,1,0.561868,1
D_0000374746,1,0.549733,1
D_0000375208,0,0.026769,0
D_0000375733,0,0.216837,1
D_0000375754,0,0.523101,1
D_0000376048,1,0.592567,1
D_0000376321,0,0.086516,0
D_0000376531,1,0.882593,1
D_0000376615,1,0.986037,1
D_0000378484,1,0.964319,1
D_0000378589,0,0.251613,1
D_0000378736,0,0.112032,0
D_0000378904,1,0.143343,0
D_0000379156,0,0.949144,1
D_0000379807,1,0.618138,1
D_0000380059,1,0.994752,1
D_0000380101,0,0.149470,0
D_0000380626,1,0.994687,1
D_0000380647,1,0.562971,1
D_0000380752,0,0.689348,1
D_0000380773,1,0.986536,1
D_0000382012,0,0.113087,0
D_0000382327,1,0.951182,1
D_0000382726,0,0.021709,0
D_0000382852,0,0.875467,1
D_0000383377,1,0.822992,1
D_0000383503,1,0.988394,1
D_0000383524,1,0.636741,1
D_0000383692,1,0.966070,1
D_0000383755,0,0.053745,0
D_0000383797,0,0.192626,1
D_0000383944,1,0.279029,1
D_0000383965,0,0.335281,1
D_0000384574,1,0.987786,1
D_0000385141,0,0.058697,0
D_0000386044,0,0.047836,0
D_0000386065,0,0.047591,0
D_0000386191,1,0.806681,1
D_0000386233,1,0.199495,1
D_0000386485,0,0.625179,1
D_0000387031,1,0.780120,1
D_0000387304,1,0.301654,1
D_0000387619,1,0.884754,1
D_0000387766,0,0.006361,0
D_0000387913,0,0.030127,0
D_0000387934,0,0.108758,0
D_0000388018,1,0.319535,1
D_0000388249,1,0.039642,0
D_0000388438,1,0.926486,1
D_0000388669,0,0.062552,0
D_0000388732,1,0.725793,1
D_0000388963,1,0.968434,1
D_0000389152,1,0.212219,1
D_0000389635,1,0.626080,1
D_0000389803,0,0.055366,0
D_0000389845,1,0.394290,1
D_0000389866,0,0.134411,0
D_0000390097,1,0.915918,1
D_0000392617,0,0.148204,0
D_0000393016,0,0.097611,0
D_0000393037,0,0.199280,1
D_0000393163,0,0.081879,0
D_0000393205,1,0.346864,1
D_0000393268,1,0.938005,1
D_0000393373,1,0.087896,0
D_0000393814,0,0.034206,0
D_0000394024,1,0.992731,1
D_0000394444,1,0.727386,1
D_0000394507,0,0.100816,0
D_0000394843,1,0.935712,1
D_0000394948,0,0.087625,0
D_0000395200,1,0.881512,1
D_0000396439,0,0.043796,0
D_0000396649,1,0.945684,1
D_0000396712,1,0.842978,1
D_0000397195,1,0.754440,1
D_0000397237,1,0.627713,1
D_0000397384,1,0.676190,1
D_0000397405,1,0.975912,1
D_0000397510,1,0.807496,1
D_0000397888,0,0.223959,1
D_0000398035,1,0.991555,1
D_0000398245,0,0.044045,0
D_0000398854,1,0.994048,1
D_0000399505,1,0.192928,1
D_0000399526,1,0.707315,1
D_0000399841,0,0.025509,0
D_0000400135,1,0.824871,1
D_0000400576,0,0.057627,0
D_0000401206,0,0.084887,0
D_0000401227,1,0.175103,0
D_0000401353,0,0.109949,0
D_0000402004,1,0.793551,1
D_0000402151,1,0.968866,1
D_0000402193,1,0.930443,1
D_0000402277,1,0.976940,1
D_0000403033,1,0.924179,1
D_0000403054,1,0.186481,1
D_0000403369,0,0.258702,1
D_0000403579,0,0.042695,0
D_0000404272,1,0.941071,1
D_0000404482,1,0.985951,1
D_0000405070,1,0.990205,1
D_0000405238,0,0.027772,0
D_0000405595,1,0.915387,1
D_0000406267,1,0.969764,1
D_0000407359,1,0.907481,1
D_0000407422,1,0.915870,1
D_0000407527,1,0.968898,1
D_0000408178,1,0.761469,1
D_0000408262,0,0.163075,0
D_0000408367,1,0.611668,1
D_0000408703,0,0.017933,0
D_0000409081,0,0.047948,0
D_0000409375,1,0.947291,1
D_0000409585,1,0.241471,1
D_0000410341,1,0.286256,1
D_0000410446,1,0.715016,1
D_0000410656,1,0.452239,1
D_0000411034,1,0.828657,1
D_0000411244,0,0.075947,0
D_0000411391,1,0.993045,1
D_0000411475,1,0.122520,0
D_0000411706,1,0.358672,1
D_0000411790,1,0.875657,1
D_0000411853,0,0.142370,0
D_0000412063,1,0.980740,1
D_0000412294,1,0.305560,1
D_0000412588,0,0.013985,0
D_0000412693,1,0.988430,1
D_0000412819,1,0.050137,0
D_0000412840,0,0.064601,0
D_0000412945,0,0.045231,0
D_0000413008,1,0.496326,1
D_0000413197,1,0.990640,1
D_0000414940,0,0.046778,0
D_0000415024,1,0.235919,1
D_0000415318,1,0.376006,1
D_0000415507,0,0.120956,0
D_0000415570,0,0.040716,0
D_0000415696,0,0.012606,0
D_0000415990,0,0.040782,0
D_0000416011,1,0.782065,1
D_0000416830,1,0.029361,0
D_0000417187,0,0.096599,0
D_0000417439,1,0.358950,1
D_0000417607,1,0.683877,1
D_0000418321,1,0.904015,1
D_0000419686,1,0.991478,1
D_0000420337,1,0.458186,1
D_0000420421,0,0.158867,0
D_0000420610,1,0.934128,1
D_0000421051,0,0.879795,1
D_0000421282,1,0.991246,1
D_0000422416,0,0.124733,0
D_0000422962,1,0.955878,1
D_0000423004,0,0.037776,0
D_0000423046,1,0.923138,1
D_0000423655,0,0.040346,0
D_0000423802,0,0.107454,0
D_0000424012,1,0.899880,1
D_0000424180,0,0.177548,0
D_0000424747,0,0.174189,0
D_0000425125,1,0.972906,1
D_0000425272,0,0.092593,0
D_0000425608,0,0.079463,0
D_0000425713,1,0.853449,1
D_0000425965,1,0.083242,0
D_0000426763,1,0.786063,1
D_0000428317,0,0.076150,0
D_0000428338,0,0.049690,0
D_0000428632,1,0.199696,1
D_0000428842,1,0.122768,0
D_0000428905,1,0.584878,1
D_0000429115,0,0.017082,0
D_0000429199,1,0.963996,1
D_0000429241,1,0.928213,1
D_0000429514,1,0.432341,1
D_0000429535,1,0.945810,1
D_0000429577,1,0.979135,1
D_0000429598,1,0.832122,1
D_0000429934,1,0.989806,1
D_0000430396,0,0.091828,0
D_0000430480,0,0.019814,0
D_0000431425,1,0.283650,1
D_0000431530,1,0.976770,1
D_0000431551,1,0.542964,1
D_0000432013,1,0.985903,1
D_0000432286,1,0.685742,1
D_0000432559,0,0.070173,0
D_0000432895,0,0.068613,0
D_0000433042,1,0.527438,1
D_0000433168,1,0.996611,1
D_0000433357,1,0.987863,1
D_0000433588,1,0.116160,0
D_0000433714,1,0.984207,1
D_0000433798,0,0.020187,0
D_0000434071,1,0.899261,1
D_0000434218,1,0.329271,1
D_0000435268,0,0.018276,0
D_0000435583,1,0.867788,1
D_0000435898,1,0.976114,1
D_0000436129,0,0.409736,1
D_0000436738,1,0.798056,1
D_0000437179,1,0.358301,1
D_0000437242,0,0.384630,1
D_0000437704,0,0.016366,0
D_0000437851,1,0.957029,1
D_0000437893,0,0.285135,1
D_0000437977,0,0.262997,1
D_0000439888,1,0.985450,1
D_0000439909,0,0.027668,0
D_0000440035,1,0.980480,1
D_0000440287,1,0.989190,1
D_0000440476,1,0.993061,1
D_0000441022,1,0.819445,1
D_0000441064,1,0.860793,1
D_0000441085,1,0.950390,1
D_0000441442,0,0.123386,0
D_0000442429,0,0.104980,0
D_0000442492,1,0.975278,1
D_0000442534,0,0.061473,0
D_0000442618,0,0.103975,0
D_0000443101,1,0.531397,1
D_0000443122,1,0.698839,1
D_0000443353,0,0.053412,0
D_0000443542,0,0.052931,0
D_0000443626,1,0.848366,1
D_0000443773,1,0.705445,1
D_0000444130,0,0.168807,0
D_0000444718,1,0.709818,1
D_0000444823,0,0.035888,0
D_0000444928,1,0.880158,1
D_0000444991,1,0.957894,1
D_0000445075,1,0.407720,1
D_0000445474,0,0.049054,0
D_0000445894,1,0.813686,1
D_0000445915,0,0.008884,0
D_0000446503,0,0.031512,0
D_0000446566,1,0.991096,1
D_0000446902,0,0.083267,0
D_0000447196,1,0.937582,1
D_0000447427,0,0.039114,0
D_0000447721,0,0.210026,1
D_0000448078,0,0.171737,0
D_0000449212,1,0.989325,1
D_0000449254,0,0.099724,0
D_0000449611,1,0.979010,1
D_0000449905,1,0.098193,0
D_0000450325,0,0.038019,0
D_0000450997,1,0.114296,0
D_0000451144,0,0.329431,1
D_0000451438,1,0.846217,1
D_0000451606,0,0.035770,0
D_0000451942,1,0.970493,1
D_0000451984,1,0.945456,1
D_0000452194,0,0.211191,1
D_0000452299,1,0.966671,1
D_0000452509,1,0.128166,0
D_0000452740,1,0.815315,1
D_0000453097,0,0.042138,0
D_0000453328,0,0.394299,1
D_0000453349,0,0.105912,0
D_0000453370,1,0.032753,0
D_0000453664,1,0.161173,0
D_0000453979,1,0.814913,1
D_0000454189,1,0.106220,0
D_0000454294,0,0.088705,0
D_0000454420,0,0.120709,0
D_0000454462,1,0.719748,1
D_0000454504,1,0.464565,1
D_0000454756,0,0.101682,0
D_0000454903,0,0.088037,0
D_0000455869,1,0.770643,1
D_0000455890,0,0.030018,0
D_0000456037,0,0.039360,0
D_0000456079,1,0.995078,1
D_0000456163,1,0.111946,0
D_0000456226,1,0.075634,0
D_0000456457,1,0.985857,1
D_0000456688,0,0.018099,0
D_0000456709,0,0.113839,0
D_0000456730,0,0.681068,1
D_0000456940,1,0.978316,1
D_0000457087,0,0.151696,0
D_0000457360,1,0.992484,1
D_0000457696,0,0.028807,0
D_0000457864,1,0.810342,1
D_0000458704,0,0.148199,0
D_0000458767,1,0.955854,1
D_0000458809,1,0.619952,1
D_0000459082,0,0.356690,1
D_0000459376,0,0.047123,0
D_0000459607,1,0.458437,1
D_0000459775,1,0.225715,1
D_0000459859,1,0.969840,1
D_0000460069,0,0.373168,1
D_0000460174,0,0.299527,1
D_0000460216,0,0.344841,1
D_0000460594,0,0.044563,0
D_0000461119,1,0.866120,1
D_0000461434,1,0.968138,1
D_0000462211,1,0.644793,1
D_0000462295,0,0.199280,1
D_0000462316,0,0.105435,0
D_0000462463,0,0.080752,0
D_0000462715,0,0.040471,0
D_0000462925,0,0.255636,1
D_0000462988,0,0.108544,0
D_0000463534,1,0.248406,1
D_0000464479,0,0.021385,0
D_0000464584,1,0.803253,1
D_0000464689,1,0.870415,1
D_0000464815,0,0.033184,0
D_0000465445,0,0.069047,0
D_0000466012,0,0.030488,0
D_0000466264,0,0.117454,0
D_0000466873,0,0.119679,0
D_0000466978,0,0.014821,0
D_0000467734,1,0.320077,1
D_0000468196,1,0.470521,1
D_0000468805,1,0.962632,1
D_0000470044,0,0.410487,1
D_0000470401,1,0.751909,1
D_0000470716,1,0.120138,0
D_0000470926,0,0.054032,0
D_0000471157,1,0.789236,1
D_0000471199,0,0.100402,0
D_0000471367,1,0.987751,1
D_0000471619,1,0.996359,1
D_0000471682,0,0.073106,0
D_0000472207,1,0.955502,1
D_0000472522,1,0.632437,1
D_0000473026,1,0.849263,1
D_0000473824,1,0.247874,1
D_0000473971,0,0.088329,0
D_0000474013,1,0.174822,0
D_0000474265,1,0.915610,1
D_0000474622,1,0.940920,1
D_0000475063,1,0.987310,1
D_0000475126,1,0.859455,1
D_0000475147,1,0.746093,1
D_0000475294,1,0.611959,1
D_0000475336,1,0.942057,1
D_0000475441,1,0.949253,1
D_0000475630,1,0.922707,1
D_0000475819,0,0.034488,0
D_0000475882,0,0.083089,0
D_0000476785,1,0.967452,1
D_0000476869,1,0.978087,1
D_0000477016,0,0.651790,1
D_0000477100,1,0.905160,1
D_0000477457,1,0.273296,1
D_0000477793,0,0.563297,1
D_0000477856,1,0.952710,1
D_0000478402,0,0.057193,0
D_0000478507,0,0.265964,1
D_0000478549,1,0.674665,1
D_0000478612,0,0.826507,1
D_0000478675,1,0.269327,1
D_0000478738,0,0.107325,0
D_0000478822,1,0.976808,1
D_0000478885,0,0.224994,1
D_0000478906,0,0.036456,0
D_0000479011,1,0.601037,1
D_0000479347,1,0.987268,1
D_0000479452,1,0.076927,0
D_0000480019,0,0.050611,0
D_0000480523,1,0.387163,1
D_0000481132,0,0.088204,0
D_0000481468,0,0.105628,0
D_0000481573,1,0.969918,1
D_0000481972,1,0.937291,1
D_0000482287,1,0.983935,1
D_0000482560,1,0.607301,1
D_0000482980,1,0.311947,1
D_0000483001,1,0.856506,1
D_0000483106,0,0.137078,0
D_0000483211,1,0.554333,1
D_0000483274,1,0.996692,1
D_0000483484,1,0.587090,1
D_0000483757,1,0.994491,1
D_0000483799,0,0.026496,0
D_0000484072,0,0.045450,0
D_0000484324,1,0.880699,1
D_0000485311,0,0.035193,0
D_0000485542,1,0.090695,0
D_0000485836,0,0.409904,1
D_0000486277,1,0.205166,1
D_0000486445,1,0.178913,0
D_0000486613,1,0.241304,1
D_0000487033,1,0.993906,1
D_0000487117,1,0.993999,1
D_0000487180,0,0.080539,0
D_0000487495,0,0.020705,0
D_0000487642,1,0.942131,1
D_0000487852,0,0.082186,0
D_0000488356,0,0.103748,0
D_0000488482,1,0.907682,1
D_0000488629,0,0.031439,0
D_0000489028,1,0.948939,1
D_0000489154,1,0.987862,1
D_0000489175,0,0.073539,0
D_0000489763,0,0.076299,0
D_0000489784,1,0.892804,1
D_0000490351,0,0.043105,0
D_0000490435,1,0.988268,1
D_0000490456,0,0.090729,0
D_0000490645,0,0.107410,0
D_0000490687,0,0.595356,1
D_0000490771,0,0.002996,0
D_0000490960,1,0.068255,0
D_0000491170,0,0.097441,0
D_0000491191,0,0.566631,1
D_0000491212,1,0.544175,1
D_0000491485,0,0.070124,0
D_0000491737,1,0.127956,0
D_0000491989,0,0.124975,0
D_0000492178,1,0.997341,1
D_0000492577,0,0.040807,0
D_0000493522,1,0.985807,1
D_0000493627,1,0.614582,1
D_0000493669,0,0.262955,1
D_0000493858,1,0.983182,1
D_0000494068,1,0.841559,1
D_0000494299,1,0.953275,1
D_0000495181,0,0.099792,0
D_0000495286,1,0.994492,1
D_0000495412,1,0.844219,1
D_0000495454,0,0.208717,1
D_0000495874,1,0.076983,0
D_0000495937,1,0.985370,1
D_0000495958,1,0.064560,0
D_0000496315,1,0.214126,1
D_0000496399,0,0.103491,0
D_0000496756,1,0.985237,1
D_0000497512,1,0.233738,1
D_0000497659,0,0.058328,0
D_0000498058,1,0.673938,1
D_0000498205,1,0.922159,1
D_0000498268,1,0.988066,1
D_0000498289,0,0.155588,0
D_0000498310,1,0.151337,0
D_0000498961,1,0.939703,1
D_0000499087,0,0.087761,0
D_0000499276,0,0.164090,0
D_0000499549,0,0.010093,0
D_0000499801,0,0.121133,0
D_0000500179,1,0.040747,0
D_0000500431,1,0.107902,0
D_0000501229,0,0.231208,1
D_0000501586,0,0.127651,0
D_0000501880,1,0.191980,1
D_0000502615,1,0.748798,1
D_0000502657,1,0.439161,1
D_0000503161,0,0.947424,1
D_0000503224,0,0.158265,0
D_0000503560,0,0.077225,0
D_0000503581,0,0.083916,0
D_0000503812,0,0.857694,1
D_0000503896,0,0.207519,1
D_0000504001,0,0.077908,0
D_0000504211,1,0.993846,1
D_0000504421,1,0.660972,1
D_0000504799,1,0.991941,1
D_0000505597,1,0.905790,1
D_0000505996,0,0.099197,0
D_0000506227,0,0.091581,0
D_0000506563,0,0.217814,1
D_0000506794,0,0.100147,0
D_0000507130,1,0.984188,1
D_0000507277,1,0.824043,1
D_0000508054,1,0.804090,1
D_0000508558,0,0.603215,1
D_0000509062,1,0.925811,1
D_0000509083,1,0.995064,1
D_0000509104,1,0.315313,1
D_0000509776,0,0.916075,1
D_0000509797,1,0.804433,1
D_0000510133,0,0.018853,0
D_0000510154,1,0.481339,1
D_0000510175,1,0.385482,1
D_0000510574,1,0.886937,1
D_0000510763,1,0.387910,1
D_0000510910,0,0.048367,0
D_0000511162,0,0.086660,0
D_0000511183,0,0.311598,1
D_0000511393,0,0.158504,0
D_0000511414,0,0.019940,0
D_0000511498,1,0.980818,1
D_0000511708,1,0.924526,1
D_0000512569,1,0.935416,1
D_0000513493,0,0.099212,0
D_0000513913,1,0.233963,1
D_0000514165,0,0.176788,0
D_0000514249,1,0.875280,1
D_0000514291,1,0.958424,1
D_0000514312,1,0.939122,1
D_0000514417,1,0.885068,1
D_0000514669,0,0.055616,0
D_0000514732,1,0.762598,1
D_0000514942,0,0.032098,0
D_0000515068,1,0.951226,1
D_0000515341,1,0.986984,1
D_0000515467,0,0.832388,1
D_0000515572,0,0.039968,0
D_0000515887,1,0.245804,1
D_0000516244,1,0.989524,1
D_0000516685,1,0.166916,0
D_0000516937,1,0.993782,1
D_0000517336,0,0.506780,1
D_0000518071,1,0.303009,1
D_0000518197,0,0.176601,0
D_0000518554,1,0.986353,1
D_0000518638,0,0.028382,0
D_0000519457,0,0.268982,1
D_0000519499,0,0.127218,0
D_0000519625,1,0.750580,1
D_0000519751,1,0.991050,1
D_0000520192,0,0.141717,0
D_0000520507,1,0.939870,1
D_0000520822,1,0.239371,1
D_0000520885,0,0.038990,0
D_0000521557,1,0.481370,1
D_0000521914,0,0.040145,0
D_0000522187,1,0.854393,1
D_0000522250,0,0.105854,0
D_0000522292,0,0.064878,0
D_0000522397,0,0.041761,0
D_0000522628,1,0.981416,1
D_0000522796,0,0.081686,0
D_0000523405,1,0.986278,1
D_0000523426,1,0.803372,1
D_0000523468,1,0.882797,1
D_0000523846,0,0.067364,0
D_0000523972,1,0.832570,1
D_0000524707,1,0.858984,1
D_0000524875,1,0.858316,1
D_0000525652,1,0.645660,1
D_0000525841,0,0.137225,0
D_0000526009,0,0.059897,0
D_0000526135,1,0.917327,1
D_0000526639,0,0.283089,1
D_0000526723,1,0.826915,1
D_0000526744,1,0.929484,1
D_0000526786,1,0.981618,1
D_0000527206,0,0.100309,0
D_0000527647,0,0.091428,0
D_0000527794,0,0.048127,0
D_0000528130,1,0.955257,1
D_0000528235,0,0.107829,0
D_0000529201,0,0.021921,0
D_0000529516,0,0.572394,1
D_0000529621,0,0.047601,0
D_0000529957,1,0.731809,1
D_0000530188,0,0.122322,0
D_0000530209,0,0.330182,1
D_0000530818,0,0.100954,0
D_0000531007,0,0.037441,0
D_0000531196,1,0.283268,1
D_0000531448,1,0.339430,1
D_0000531490,1,0.880672,1
D_0000531532,0,0.031403,0
D_0000532435,0,0.163163,0
D_0000533107,0,0.264036,1
D_0000534178,0,0.094329,0
D_0000534283,0,0.055032,0
D_0000534346,1,0.994718,1
D_0000534409,1,0.161626,0
D_0000534661,0,0.087470,0
D_0000534808,1,0.754496,1
D_0000534997,0,0.145189,0
D_0000535081,1,0.874602,1
D_0000535522,1,0.164386,0
D_0000535585,0,0.099449,0
D_0000535858,0,0.056267,0
D_0000535921,1,0.391744,1
D_0000536089,0,0.103583,0
D_0000536131,1,0.718023,1
D_0000536152,1,0.361414,1
D_0000536236,1,0.946299,1
D_0000536488,0,0.091115,0
D_0000537160,0,0.050028,0
D_0000537412,1,0.953413,1
D_0000537811,1,0.181249,0
D_0000538126,1,0.990450,1
D_0000538294,1,0.687690,1
D_0000538420,1,0.978190,1
D_0000538504,0,0.120920,0
D_0000538546,0,0.044015,0
D_0000538609,1,0.667548,1
D_0000538903,0,0.073992,0
D_0000539218,0,0.108898,0
D_0000539302,0,0.063499,0
D_0000539470,1,0.345326,1
D_0000539512,0,0.067225,0
D_0000539785,0,0.120717,0
D_0000540142,0,0.032515,0
D_0000540415,1,0.211763,1
D_0000540457,0,0.077022,0
D_0000541087,0,0.025513,0
D_0000541696,0,0.004205,0
D_0000541801,1,0.992198,1
D_0000541843,1,0.990094,1
D_0000542158,0,0.244875,1
D_0000542200,1,0.567867,1
D_0000542263,0,0.058280,0
D_0000542347,0,0.072263,0
D_0000542515,0,0.017667,0
D_0000542914,0,0.866990,1
D_0000542956,1,0.499249,1
D_0000543187,1,0.996438,1
D_0000543376,1,0.027431,0
D_0000543712,0,0.127554,0
D_0000544657,1,0.962857,1
D_0000544993,1,0.942943,1
D_0000545560,0,0.250639,1
D_0000545812,1,0.869560,1
D_0000546022,0,0.556176,1
D_0000546085,1,0.941085,1
D_0000546631,1,0.895922,1
D_0000546673,1,0.927474,1
D_0000547114,0,0.050469,0
D_0000547198,1,0.985855,1
D_0000547219,1,0.990060,1
D_0000548059,1,0.011473,0
D_0000548122,0,0.019311,0
D_0000548164,1,0.982792,1
D_0000548269,1,0.169879,0
D_0000548479,1,0.991977,1
D_0000548752,0,0.056114,0
D_0000548878,1,0.735243,1
D_0000549508,0,0.092414,0
D_0000550642,0,0.094634,0
D_0000551041,0,0.058902,0
D_0000551188,0,0.170788,0
D_0000551461,1,0.991966,1
D_0000551797,1,0.534354,1
D_0000552280,0,0.020391,0
D_0000552469,0,0.080600,0
D_0000552868,1,0.395002,1
D_0000553204,1,0.662869,1
D_0000553288,0,0.038349,0
D_0000553582,0,0.059718,0
D_0000553603,1,0.612105,1
D_0000553645,0,0.064670,0
D_0000553771,1,0.416057,1
D_0000553918,1,0.223664,1
D_0000554044,0,0.154776,0
D_0000554233,1,0.616042,1
D_0000554296,1,0.362085,1
D_0000554485,0,0.085218,0
D_0000554674,0,0.445346,1
D_0000555094,1,0.156798,0
D_0000555262,0,0.148953,0
D_0000555430,1,0.978384,1
D_0000555556,1,0.931008,1
D_0000555577,1,0.623635,1
D_0000555724,1,0.524807,1
D_0000556522,1,0.833495,1
D_0000556753,1,0.423501,1
D_0000556984,0,0.315398,1
D_0000557383,1,0.453100,1
D_0000558664,1,0.131653,0
D_0000559168,0,0.088537,0
D_0000559945,1,0.346432,1
D_0000560071,1,0.973140,1
D_0000560281,1,0.922555,1
D_0000560386,0,0.082505,0
D_0000560491,1,0.990592,1
D_0000560743,1,0.927703,1
D_0000561058,0,0.047527,0
D_0000561352,1,0.780933,1
D_0000561562,0,0.735391,1
D_0000561604,0,0.021539,0
D_0000561877,0,0.261570,1
D_0000562297,1,0.772924,1
D_0000562360,1,0.946326,1
D_0000562675,1,0.985579,1
D_0000562906,1,0.943850,1
D_0000563137,0,0.017090,0
D_0000563263,1,0.277413,1
D_0000563284,0,0.137930,0
D_0000563389,1,0.533195,1
D_0000563494,0,0.037493,0
D_0000564418,1,0.452161,1
D_0000564544,1,0.938709,1
D_0000564922,0,0.045626,0
D_0000565279,0,0.185601,1
D_0000565552,0,0.031014,0
D_0000565930,0,0.074093,0
D_0000566287,0,0.924659,1
D_0000566749,1,0.071024,0
D_0000567001,1,0.926347,1
D_0000567211,0,0.109913,0
D_0000567547,1,0.914730,1
D_0000567778,1,0.944767,1
D_0000568135,1,0.982930,1
D_0000568576,0,0.038887,0
D_0000568681,0,0.497903,1
D_0000568891,0,0.099357,0
D_0000568975,1,0.509241,1
D_0000569248,1,0.978213,1
D_0000569731,1,0.988209,1
D_0000570025,1,0.318103,1
D_0000570298,0,0.037331,0
D_0000570718,1,0.552817,1
D_0000571222,0,0.126871,0
D_0000571663,0,0.427719,1
D_0000572566,1,0.970805,1
D_0000572818,0,0.036911,0
D_0000573196,0,0.088770,0
D_0000574498,1,0.277589,1
D_0000574603,1,0.727387,1
D_0000575359,0,0.061671,0
D_0000575527,0,0.070493,0
D_0000575695,1,0.347917,1
D_0000575716,1,0.948724,1
D_0000575863,1,0.971129,1
D_0000576010,0,0.056804,0
D_0000576325,0,0.048442,0
D_0000576787,1,0.550097,1
D_0000576850,1,0.988006,1
D_0000577039,0,0.059959,0
D_0000577123,1,0.153119,0
D_0000577186,0,0.070878,0
D_0000577228,1,0.973903,1
D_0000577648,0,0.089155,0
D_0000578005,0,0.295443,1
D_0000578425,0,0.040471,0
D_0000578950,1,0.930346,1
D_0000579307,1,0.036999,0
D_0000579727,0,0.082126,0
D_0000580252,1,0.975390,1
D_0000580588,0,0.119401,0
D_0000580777,0,0.543338,1
D_0000580840,1,0.817308,1
D_0000581071,0,0.227455,1
D_0000581344,1,0.994547,1
D_0000581386,1,0.874278,1
D_0000581428,1,0.235411,1
D_0000581617,0,0.050418,0
D_0000582331,0,0.123711,0
D_0000582709,1,0.834455,1
D_0000583549,1,0.947424,1
D_0000584326,0,0.039573,0
D_0000584452,1,0.965242,1
D_0000584599,1,0.897220,1
D_0000584788,1,0.988968,1
D_0000585166,1,0.611689,1
D_0000585187,0,0.187842,1
D_0000586006,0,0.043235,0
D_0000586090,1,0.361878,1
D_0000586216,1,0.917367,1
D_0000586258,1,0.814133,1
D_0000586405,0,0.159581,0
D_0000586762,1,0.989843,1
D_0000587455,1,0.678055,1
D_0000588064,0,0.067690,0
D_0000588295,0,0.013846,0
D_0000588526,0,0.088373,0
D_0000589408,0,0.035895,0
D_0000589765,1,0.644557,1
D_0000589807,1,0.198605,1
D_0000590164,0,0.098726,0
D_0000590353,1,0.965330,1
D_0000590416,1,0.028659,0
D_0000591235,1,0.981208,1
D_0000591634,1,0.493961,1
D_0000591886,0,0.269471,1
D_0000592201,1,0.678454,1
D_0000592432,1,0.691845,1
D_0000592495,1,0.875852,1
D_0000592999,1,0.984639,1
D_0000593041,1,0.941745,1
D_0000593335,0,0.358568,1
D_0000593440,1,0.976028,1
D_0000593482,1,0.530954,1
D_0000593755,0,0.074055,0
D_0000593902,0,0.114138,0
D_0000594196,0,0.082245,0
D_0000594217,1,0.757599,1
D_0000594238,0,0.222026,1
D_0000594343,1,0.467825,1
D_0000594763,0,0.061924,0
D_0000595078,0,0.060489,0
D_0000596401,1,0.797654,1
D_0000597031,0,0.118547,0
D_0000598711,0,0.031413,0
D_0000598816,0,0.040958,0
D_0000599152,1,0.449896,1
D_0000599278,1,0.175929,0
D_0000599299,1,0.925635,1
D_0000599467,0,0.125436,0
D_0000599614,0,0.055243,0
D_0000600118,1,0.904301,1
D_0000600769,1,0.123222,0
D_0000600790,1,0.978655,1
D_0000600811,1,0.913713,1
D_0000600874,0,0.038497,0
D_0000600937,1,0.959036,1
D_0000601147,1,0.403486,1
D_0000601294,0,0.185324,1
D_0000601357,1,0.964385,1
D_0000601966,1,0.964108,1
D_0000602155,0,0.061242,0
D_0000602197,0,0.123990,0
D_0000603163,0,0.042393,0
D_0000603331,0,0.118639,0
D_0000603394,1,0.979504,1
D_0000604045,0,0.092899,0
D_0000604213,1,0.130535,0
D_0000604528,1,0.089886,0
D_0000604696,1,0.435995,1
D_0000604780,1,0.439912,1
D_0000605116,0,0.102573,0
D_0000605347,0,0.057583,0
D_0000605389,1,0.983190,1
D_0000605557,0,0.442636,1
D_0000605725,1,0.419673,1
D_0000605872,0,0.036659,0
D_0000606166,1,0.972071,1
D_0000606754,1,0.189207,1
D_0000607468,1,0.133155,0
D_0000607636,1,0.926048,1
D_0000607657,1,0.106347,0
D_0000607783,0,0.252525,1
D_0000608119,0,0.060907,0
D_0000608497,0,0.037490,0
D_0000608539,0,0.207366,1
D_0000609001,1,0.984241,1
D_0000609295,0,0.159136,0
D_0000609568,1,0.131246,0
D_0000609589,1,0.675049,1
D_0000609820,0,0.092309,0
D_0000609925,1,0.965225,1
D_0000610912,0,0.075278,0
D_0000611185,1,0.865100,1
D_0000611458,0,0.104724,0
D_0000611500,1,0.949390,1
D_0000611920,0,0.076701,0
D_0000612739,1,0.718940,1
D_0000613369,1,0.228607,1
D_0000613936,1,0.115368,0
D_0000614041,0,0.324626,1
D_0000614503,0,0.059596,0
D_0000614566,0,0.110338,0
D_0000614650,0,0.065263,0
D_0000614797,0,0.071397,0
D_0000615259,1,0.958699,1
D_0000615742,1,0.975229,1
D_0000616288,1,0.351438,1
D_0000616351,1,0.166135,0
D_0000616540,0,0.337379,1
D_0000616603,0,0.067659,0
D_0000616624,0,0.081685,0
D_0000616918,0,0.032069,0
D_0000617401,0,0.089389,0
D_0000617653,0,0.128585,0
D_0000617905,1,0.872879,1
D_0000618199,1,0.790563,1
D_0000618346,1,0.271712,1
D_0000618619,0,0.045441,0
D_0000619354,1,0.770440,1
D_0000619900,0,0.064679,0
D_0000620131,0,0.032893,0
D_0000620257,0,0.102188,0
D_0000620992,1,0.988317,1
D_0000621034,0,0.056748,0
D_0000621076,0,0.113480,0
D_0000621307,1,0.172345,0
D_0000621664,1,0.525655,1
D_0000622315,1,0.882101,1
D_0000622462,0,0.298675,1
D_0000622840,0,0.021280,0
D_0000622903,0,0.684829,1
D_0000623134,0,0.050443,0
D_0000623302,1,0.971309,1
D_0000623470,0,0.033385,0
D_0000624646,0,0.094380,0
D_0000625402,0,0.221376,1
D_0000625780,0,0.229856,1
D_0000626011,1,0.696662,1
D_0000626200,0,0.335603,1
D_0000626221,1,0.966941,1
D_0000626935,1,0.339928,1
D_0000627418,1,0.856303,1
D_0000627733,0,0.057129,0
D_0000627901,1,0.483855,1
D_0000628132,1,0.904755,1
D_0000628825,1,0.203929,1
D_0000628972,0,0.143268,0
D_0000629203,1,0.968773,1
D_0000629287,0,0.050246,0
D_0000629371,0,0.010296,0
D_0000629665,1,0.978828,1
D_0000630043,1,0.992967,1
D_0000630211,1,0.220821,1
D_0000630316,0,0.058844,0
D_0000630904,1,0.935215,1
D_0000631366,0,0.066485,0
D_0000631576,0,0.185263,1
D_0000631702,1,0.066524,0
D_0000631765,1,0.911298,1
D_0000632626,1,0.931163,1
D_0000633214,0,0.223028,1
D_0000633361,0,0.034452,0
D_0000633676,1,0.985840,1
D_0000633928,0,0.327360,1
D_0000634075,1,0.122708,0
D_0000634138,1,0.028668,0
D_0000634747,0,0.627056,1
D_0000635650,1,0.989771,1
D_0000635881,1,0.246186,1
D_0000635902,0,0.481172,1
D_0000636070,0,0.069369,0
D_0000636364,1,0.818254,1
D_0000636469,0,0.047051,0
D_0000636658,0,0.025659,0
D_0000637771,1,0.708801,1
D_0000638254,1,0.306487,1
D_0000638317,0,0.099960,0
D_0000638359,0,0.170422,0
D_0000639010,1,0.210810,1
D_0000639031,1,0.863105,1
D_0000639535,1,0.608551,1
D_0000640060,0,0.058147,0
D_0000640270,0,0.058140,0
D_0000640501,1,0.686189,1
D_0000640858,0,0.028630,0
D_0000641047,1,0.334212,1
D_0000641425,1,0.174670,0
D_0000641971,1,0.921111,1
D_0000641992,1,0.080954,0
D_0000642244,1,0.511675,1
D_0000642370,1,0.460846,1
D_0000642496,0,0.021866,0
D_0000642643,0,0.156667,0
D_0000643441,0,0.203571,1
D_0000643567,0,0.098645,0
D_0000643924,1,0.855405,1
D_0000644575,1,0.985127,1
D_0000644806,0,0.108380,0
D_0000644995,1,0.142956,0
D_0000645163,0,0.092876,0
D_0000645625,1,0.948236,1
D_0000646318,0,0.146166,0
D_0000646507,0,0.043434,0
D_0000646591,1,0.981621,1
D_0000646675,0,0.068376,0
D_0000647011,0,0.048896,0
D_0000647347,1,0.295803,1
D_0000648124,1,0.031466,0
D_0000648145,1,0.221242,1
D_0000648292,0,0.037263,0
D_0000648418,0,0.159573,0
D_0000648523,1,0.618121,1
D_0000648775,1,0.153918,0
D_0000648817,0,0.278611,1
D_0000648838,1,0.224380,1
D_0000649258,0,0.238723,1
D_0000649762,1,0.737862,1
D_0000650497,1,0.958754,1
D_0000650665,0,0.030852,0
D_0000650728,1,0.659323,1
D_0000651862,0,0.056539,0
D_0000652408,0,0.205323,1
D_0000652555,0,0.129927,0
D_0000653269,1,0.397462,1
D_0000653479,0,0.047257,0
D_0000653689,1,0.971012,1
D_0000653752,1,0.724045,1
D_0000653962,0,0.046070,0
D_0000655033,1,0.942610,1
D_0000655117,0,0.867230,1
D_0000655201,0,0.532375,1
D_0000656461,0,0.033162,0
D_0000656776,0,0.186893,1
D_0000657049,1,0.851506,1
D_0000657238,0,0.067295,0
D_0000657322,1,0.217954,1
D_0000657448,0,0.281329,1
D_0000657952,1,0.990377,1
D_0000658204,0,0.149331,0
D_0000658435,0,0.132834,0
D_0000658477,0,0.031042,0
D_0000658771,0,0.533636,1
D_0000659086,0,0.122929,0
D_0000659107,0,0.115300,0
D_0000659191,1,0.978069,1
D_0000659338,1,0.983467,1
D_0000659800,0,0.259164,1
D_0000659842,1,0.994636,1
D_0000660094,0,0.091648,0
D_0000660178,1,0.988843,1
D_0000660346,1,0.991749,1
D_0000660535,1,0.994469,1
D_0000660787,0,0.049758,0
D_0000660871,1,0.702789,1
D_0000660913,1,0.691227,1
D_0000660997,1,0.965617,1
D_0000661081,0,0.067353,0
D_0000661564,0,0.174846,0
D_0000661711,0,0.039618,0
D_0000661795,1,0.868438,1
D_0000662425,0,0.053640,0
D_0000662719,0,0.225258,1
D_0000662761,0,0.010816,0
D_0000662782,0,0.129769,0
D_0000662887,1,0.969789,1
D_0000662950,0,0.018087,0
D_0000663622,0,0.088368,0
D_0000663937,0,0.152597,0
D_0000664210,0,0.060953,0
D_0000664903,1,0.824389,1
D_0000665092,0,0.128491,0
D_0000665470,1,0.867045,1
D_0000665680,1,0.261242,1
D_0000666016,1,0.981532,1
D_0000666457,1,0.131810,0
D_0000666604,1,0.772080,1
D_0000667276,1,0.357055,1
D_0000667570,0,0.058416,0
D_0000667864,0,0.061401,0
D_0000668347,0,0.208565,1
D_0000668368,1,0.365372,1
D_0000668746,0,0.029843,0
D_0000668788,1,0.485088,1
D_0000668851,0,0.019923,0
D_0000669145,1,0.974205,1
D_0000669334,1,0.921912,1
D_0000669817,0,0.093935,0
D_0000670006,0,0.025787,0
D_0000670027,0,0.094900,0
D_0000670174,1,0.864405,1
D_0000670783,0,0.017983,0
D_0000670825,1,0.525208,1
D_0000671959,1,0.691326,1
D_0000673366,1,0.506507,1
D_0000673429,1,0.278664,1
D_0000673555,1,0.447633,1
D_0000674101,0,0.030473,0
D_0000674416,0,0.061415,0
D_0000674458,0,0.157453,0
D_0000674983,1,0.618794,1
D_0000675109,1,0.068726,0
D_0000675277,1,0.507413,1
D_0000675928,0,0.060111,0
D_0000676201,1,0.278308,1
D_0000676264,1,0.227740,1
D_0000676747,0,0.398224,1
D_0000677209,0,0.088109,0
D_0000677230,0,0.009662,0
D_0000677398,0,0.035069,0
D_0000677629,1,0.952555,1
D_0000677860,1,0.983457,1
D_0000677944,0,0.020846,0
D_0000678028,0,0.138081,0
D_0000678091,1,0.983721,1
D_0000678217,1,0.992078,1
D_0000678322,1,0.989018,1
D_0000678511,1,0.552572,1
D_0000679687,0,0.982687,1
D_0000679897,0,0.081937,0
D_0000679918,1,0.963113,1
D_0000680401,1,0.611594,1
D_0000680527,0,0.123809,0
D_0000681367,0,0.477797,1
D_0000681472,0,0.117677,0
D_0000681619,0,0.129348,0
D_0000682312,0,0.030163,0
D_0000682417,1,0.995970,1
D_0000682774,1,0.121265,0
D_0000682879,1,0.878864,1
D_0000682942,0,0.283784,1
D_0000683467,1,0.049779,0
D_0000683635,0,0.297591,1
D_0000683950,1,0.956649,1
D_0000684181,0,0.021375,0
D_0000685126,0,0.135275,0
D_0000685252,0,0.381463,1
D_0000685357,0,0.091566,0
D_0000685672,1,0.936457,1
D_0000685693,0,0.679179,1
D_0000686071,1,0.042298,0
D_0000686155,0,0.100750,0
D_0000686386,0,0.513057,1
D_0000687037,0,0.052688,0
D_0000687268,0,0.278771,1
D_0000687940,1,0.986786,1
D_0000687961,1,0.941418,1
D_0000688066,0,0.060494,0
D_0000688108,1,0.957462,1
D_0000688129,1,0.076786,0
D_0000688402,0,0.033818,0
D_0000688759,0,0.477922,1
D_0000689284,0,0.069190,0
D_0000689683,1,0.979143,1
D_0000690145,1,0.035355,0
D_0000690208,0,0.063414,0
D_0000690439,0,0.108484,0
D_0000690880,1,0.978260,1
D_0000691279,0,0.176098,0
D_0000691636,1,0.742637,1
D_0000691783,0,0.069187,0
D_0000692035,0,0.168893,0
D_0000692119,0,0.183216,0
D_0000692392,1,0.973495,1
D_0000692644,1,0.938609,1
D_0000692875,0,0.114400,0
D_0000693337,1,0.966450,1
D_0000693358,0,0.093980,0
D_0000693463,1,0.985937,1
D_0000693799,0,0.200564,1
D_0000694114,1,0.245041,1
D_0000694219,0,0.066483,0
D_0000694282,1,0.951029,1
D_0000694366,1,0.982162,1
D_0000694702,1,0.928349,1
D_0000694870,1,0.953935,1
D_0000694954,1,0.792418,1
D_0000695353,1,0.936041,1
D_0000696067,1,0.761761,1
D_0000696088,0,0.020977,0
D_0000696613,0,0.079320,0
D_0000696886,0,0.124910,0
D_0000697159,0,0.038131,0
D_0000697180,0,0.492983,1
D_0000697768,1,0.969567,1
D_0000697831,1,0.859392,1
D_0000698398,1,0.098308,0
D_0000698461,1,0.913006,1
D_0000698566,1,0.933430,1
D_0000698629,0,0.100225,0
D_0000698923,1,0.242479,1
D_0000699154,1,0.636545,1
D_0000699343,0,0.309816,1
D_0000699532,1,0.891989,1
D_0000699805,1,0.982694,1
D_0000699931,1,0.883584,1
D_0000699973,0,0.027457,0
D_0000700078,0,0.160930,0
D_0000700204,1,0.983291,1
D_0000700351,0,0.166018,0
D_0000700624,1,0.517407,1
D_0000700666,0,0.056387,0
D_0000700708,1,0.981134,1
D_0000701107,0,0.107004,0
D_0000701149,1,0.748950,1
D_0000701170,0,0.054284,0
D_0000701401,1,0.420311,1
D_0000701485,0,0.135965,0
D_0000701716,1,0.139271,0
D_0000701884,1,0.113816,0
D_0000702052,0,0.245228,1
D_0000702472,0,0.091626,0
D_0000702661,1,0.787525,1
D_0000703081,0,0.862273,1
D_0000703102,0,0.110423,0
D_0000703186,0,0.065279,0
D_0000703921,1,0.943893,1
D_0000704005,1,0.990614,1
D_0000704278,1,0.987961,1
D_0000704446,1,0.972175,1
D_0000704467,1,0.978355,1
D_0000704677,1,0.046876,0
D_0000704803,1,0.776227,1
D_0000705475,0,0.041754,0
D_0000705664,0,0.025672,0
D_0000705895,0,0.035555,0
D_0000706168,0,0.510874,1
D_0000706315,1,0.178089,0
D_0000706441,0,0.093421,0
D_0000706924,0,0.136701,0
D_0000707029,0,0.235090,1
D_0000707050,1,0.895776,1
D_0000707407,1,0.781364,1
D_0000707869,1,0.277985,1
D_0000707911,0,0.094347,0
D_0000708184,1,0.163160,0
D_0000708688,0,0.023031,0
D_0000708709,0,0.038020,0
D_0000709255,1,0.664052,1
D_0000709612,0,0.075101,0
D_0000709864,0,0.196557,1
D_0000709948,0,0.234386,1
D_0000710011,0,0.056447,0
D_0000710599,0,0.116187,0
D_0000710704,1,0.076832,0
D_0000711061,1,0.592506,1
D_0000711103,0,0.072359,0
D_0000712111,0,0.108678,0
D_0000712237,0,0.169011,0
D_0000712363,0,0.124471,0
D_0000712531,0,0.038024,0
D_0000713287,0,0.041655,0
D_0000713350,1,0.155440,0
D_0000714001,1,0.972265,1
D_0000714799,1,0.487955,1
D_0000715177,1,0.727122,1
D_0000715219,0,0.954697,1
D_0000715387,0,0.022386,0
D_0000715492,0,0.093262,0
D_0000715702,0,0.035377,0
D_0000715765,1,0.965374,1
D_0000715996,1,0.134115,0
D_0000716143,0,0.038106,0
D_0000716416,0,0.106663,0
D_0000717004,0,0.045514,0
D_0000717046,0,0.084997,0
D_0000717109,0,0.127485,0
D_0000717487,0,0.088624,0
D_0000717676,1,0.542138,1
D_0000718159,1,0.110906,0
D_0000718327,1,0.848337,1
D_0000718390,0,0.081988,0
D_0000718516,1,0.977163,1
D_0000718621,1,0.985046,1
D_0000719020,1,0.778966,1
D_0000719650,1,0.947950,1
D_0000719692,1,0.154934,0
D_0000720679,0,0.470023,1
D_0000720847,0,0.100210,0
D_0000720952,0,0.272755,1
D_0000721162,0,0.084015,0
D_0000722611,0,0.019789,0
D_0000722779,0,0.078760,0
D_0000723073,1,0.125191,0
D_0000723724,1,0.993848,1
D_0000723766,1,0.991816,1
D_0000723829,1,0.893396,1
D_0000723892,1,0.918200,1
D_0000724060,0,0.066468,0
D_0000724102,0,0.119666,0
D_0000724333,0,0.103067,0
D_0000724375,0,0.030843,0
D_0000724438,0,0.053341,0
D_0000724879,1,0.966067,1
D_0000726433,0,0.137113,0
D_0000726622,0,0.046646,0
D_0000726979,0,0.036323,0
D_0000727147,1,0.118278,0
D_0000727189,0,0.114452,0
D_0000727399,1,0.851183,1
D_0000727420,1,0.824254,1
D_0000727525,1,0.983582,1
D_0000727798,1,0.963553,1
D_0000728512,1,0.912060,1
D_0000728617,1,0.968737,1
D_0000728722,0,0.029726,0
D_0000729163,1,0.864231,1
D_0000729772,0,0.066406,0
D_0000729856,0,0.377735,1
D_0000729982,0,0.193607,1
D_0000730297,1,0.475987,1
D_0000730444,1,0.973729,1
D_0000731053,0,0.835895,1
D_0000731158,1,0.216050,1
D_0000732040,1,0.898868,1
D_0000732502,0,0.048952,0
D_0000732628,0,0.055332,0
D_0000732691,0,0.454211,1
D_0000733048,1,0.444666,1
D_0000733510,0,0.072090,0
D_0000733699,1,0.396990,1
D_0000734476,1,0.252487,1
D_0000734812,1,0.076344,0
D_0000734875,1,0.991688,1
D_0000735232,1,0.980926,1
D_0000735568,1,0.922183,1
D_0000735925,1,0.405067,1
D_0000736177,0,0.976215,1
D_0000736240,1,0.749668,1
D_0000736450,0,0.150754,0
D_0000736681,1,0.836050,1
D_0000736912,0,0.059857,0
D_0000736975,1,0.987763,1
D_0000737269,0,0.115357,0
D_0000737626,0,0.022617,0
D_0000737857,0,0.134346,0
D_0000737962,1,0.785228,1
D_0000738088,0,0.064964,0
D_0000738109,1,0.637808,1
D_0000738256,0,0.040448,0
D_0000739726,0,0.142495,0
D_0000739789,1,0.970708,1
D_0000739894,1,0.966670,1
D_0000740020,1,0.953320,1
D_0000740041,0,0.029854,0
D_0000741007,1,0.419113,1
D_0000741154,0,0.818256,1
D_0000742225,1,0.756101,1
D_0000742309,1,0.964028,1
D_0000742708,1,0.139866,0
D_0000742771,0,0.025239,0
D_0000742855,1,0.778241,1
D_0000744052,1,0.667344,1
D_0000744304,0,0.041308,0
D_0000744724,1,0.166281,0
D_0000744745,1,0.959272,1
D_0000744934,1,0.078076,0
D_0000744955,1,0.982643,1
D_0000744976,1,0.967352,1
D_0000745186,1,0.415569,1
D_0000745459,0,0.014491,0
D_0000745879,1,0.920968,1
D_0000745963,1,0.985429,1
D_0000746173,1,0.756378,1
D_0000746341,1,0.993752,1
D_0000746530,0,0.040802,0
D_0000747034,1,0.664948,1
D_0000747055,1,0.896541,1
D_0000747160,0,0.167426,0
D_0000747244,1,0.988419,1
D_0000747622,0,0.191728,1
D_0000747727,1,0.868681,1
D_0000747937,1,0.821033,1
D_0000749260,0,0.821363,1
D_0000749386,1,0.519660,1
D_0000749680,0,0.109213,0
D_0000749827,0,0.057749,0
D_0000750373,1,0.016261,0
D_0000751213,1,0.084932,0
D_0000751570,1,0.880716,1
D_0000751801,1,0.992563,1
D_0000751969,1,0.864086,1
D_0000752368,1,0.926706,1
D_0000752599,1,0.933368,1
D_0000752746,1,0.805411,1
D_0000752767,1,0.991381,1
D_0000753124,0,0.042623,0
D_0000753292,1,0.945682,1
D_0000753397,1,0.376162,1
D_0000753691,0,0.041894,0
D_0000753964,0,0.125670,0
D_0000754300,0,0.435479,1
D_0000754552,1,0.030488,0
D_0000754678,1,0.924399,1
D_0000754783,0,0.121948,0
D_0000754909,0,0.112063,0
D_0000755245,1,0.976641,1
D_0000755560,1,0.894324,1
D_0000755854,1,0.978923,1
D_0000755938,0,0.051672,0
D_0000755980,0,0.125748,0
D_0000756337,1,0.056253,0
D_0000756799,0,0.053284,0
D_0000757198,0,0.023247,0
D_0000757576,1,0.908098,1
D_0000758248,0,0.049068,0
D_0000758290,1,0.663552,1
D_0000758479,1,0.634897,1
D_0000758626,1,0.113920,0
D_0000758647,1,0.802749,1
D_0000758815,1,0.989531,1
D_0000758857,1,0.119019,0
D_0000759193,0,0.159112,0
D_0000759781,1,0.949224,1
D_0000760075,1,0.520661,1
D_0000760348,1,0.735818,1
D_0000760516,1,0.667760,1
D_0000760600,1,0.982285,1
D_0000761398,1,0.083469,0
D_0000761545,1,0.559090,1
D_0000761923,0,0.052774,0
D_0000762532,0,0.284576,1
D_0000762994,0,0.655373,1
D_0000763351,0,0.064863,0
D_0000763750,1,0.736334,1
D_0000764002,0,0.247638,1
D_0000764107,1,0.927298,1
D_0000764149,1,0.062146,0
D_0000764485,1,0.609540,1
D_0000765094,1,0.072149,0
D_0000765178,0,0.013041,0
D_0000765556,1,0.929363,1
D_0000765682,1,0.924081,1
D_0000765934,0,0.024684,0
D_0000765997,1,0.992610,1
D_0000766123,1,0.775729,1
D_0000766312,1,0.398882,1
D_0000766396,1,0.983148,1
D_0000766711,1,0.973342,1
D_0000766753,1,0.926283,1
D_0000767320,1,0.987837,1
D_0000767677,1,0.069101,0
D_0000767782,1,0.069479,0
D_0000767908,1,0.925624,1
D_0000768034,0,0.163316,0
D_0000768370,1,0.194693,1
D_0000768559,1,0.986864,1
D_0000768622,0,0.054736,0
D_0000768916,1,0.781912,1
D_0000768937,1,0.980381,1
D_0000768979,1,0.698710,1
D_0000769357,0,0.154819,0
D_0000769441,1,0.734549,1
D_0000769525,0,0.317668,1
D_0000769798,0,0.311791,1
D_0000770071,1,0.364555,1
D_0000770260,0,0.246747,1
D_0000770386,1,0.973093,1
D_0000770680,1,0.974311,1
D_0000770764,1,0.933722,1
D_0000770932,0,0.246065,1
D_0000771562,1,0.907005,1
D_0000771709,1,0.255649,1
D_0000771814,0,0.047784,0
D_0000771982,1,0.973567,1
D_0000772360,0,0.015451,0
D_0000772780,0,0.100443,0
D_0000772822,0,0.925644,1
D_0000772948,1,0.935393,1
D_0000773389,1,0.113622,0
D_0000773410,0,0.174824,0
D_0000773746,0,0.815737,1
D_0000774166,0,0.246159,1
D_0000774229,1,0.554405,1
D_0000774271,1,0.132110,0
D_0000774334,1,0.989365,1
D_0000774565,1,0.988050,1
D_0000774712,0,0.142759,0
D_0000774985,1,0.835328,1
D_0000775300,1,0.256308,1
D_0000775573,1,0.237989,1
D_0000775615,1,0.621705,1
D_0000775762,0,0.047826,0
D_0000775951,1,0.991638,1
D_0000776266,0,0.040339,0
D_0000777232,0,0.026595,0
D_0000777337,1,0.349192,1
D_0000777442,0,0.032250,0
D_0000777673,0,0.092838,0
D_0000777799,1,0.980381,1
D_0000778093,1,0.885051,1
D_0000779185,1,0.974340,1
D_0000779479,1,0.982429,1
D_0000779647,1,0.041907,0
D_0000779752,1,0.257762,1
D_0000779836,0,0.045505,0
D_0000779941,1,0.985924,1
D_0000780046,0,0.258545,1
D_0000780802,0,0.085866,0
D_0000780970,1,0.989640,1
D_0000781642,1,0.852571,1
D_0000782209,0,0.106417,0
D_0000782419,1,0.906384,1
D_0000782545,0,0.733000,1
D_0000782860,0,0.221047,1
D_0000783133,1,0.952053,1
D_0000783679,0,0.147680,0
D_0000783721,0,0.017457,0
D_0000783742,0,0.075806,0
D_0000783931,1,0.157862,0
D_0000784162,1,0.057905,0
D_0000784393,0,0.181376,0
D_0000785023,0,0.145217,0
D_0000785254,0,0.158853,0
D_0000785821,1,0.975232,1
D_0000785968,1,0.982007,1
D_0000786451,1,0.066074,0
D_0000786493,0,0.032643,0
D_0000787249,1,0.918558,1
D_0000787564,0,0.517097,1
D_0000788026,1,0.768739,1
D_0000788362,1,0.610232,1
D_0000789370,1,0.707908,1
D_0000789538,1,0.495888,1
D_0000790021,1,0.053233,0
D_0000790630,0,0.146778,0
D_0000790840,0,0.087237,0
D_0000791071,1,0.139905,0
D_0000791533,0,0.092142,0
D_0000791575,1,0.988325,1
D_0000791785,1,0.576892,1
D_0000792100,1,0.873158,1
D_0000792142,1,0.761670,1
D_0000792184,1,0.995081,1
D_0000792751,1,0.991984,1
D_0000793066,1,0.763510,1
D_0000793129,0,0.110567,0
D_0000793150,1,0.251630,1
D_0000793234,0,0.076978,0
D_0000793570,0,0.008996,0
D_0000794242,0,0.070321,0
D_0000794431,0,0.036700,0
D_0000794494,0,0.090593,0
D_0000794557,1,0.042668,0
D_0000794704,1,0.963578,1
D_0000794725,0,0.054465,0
D_0000794746,1,0.939210,1
D_0000794956,1,0.459025,1
D_0000794998,1,0.457102,1
D_0000795229,1,0.984423,1
D_0000795481,1,0.949035,1
D_0000796132,1,0.413511,1
D_0000796216,1,0.979578,1
D_0000796300,0,0.067906,0
D_0000796321,0,0.224770,1
D_0000796552,1,0.483916,1
D_0000796993,1,0.934716,1
D_0000797623,1,0.988595,1
D_0000797854,0,0.112568,0
D_0000797980,0,0.365414,1
D_0000798547,0,0.479374,1
D_0000798904,1,0.977184,1
D_0000798925,0,0.539079,1
D_0000799114,0,0.792888,1
D_0000799261,0,0.185091,0
D_0000799303,1,0.989429,1
D_0000799597,0,0.309191,1
D_0000799765,1,0.797370,1
D_0000799786,0,0.064870,0
D_0000800311,1,0.665092,1
D_0000800437,1,0.981622,1
D_0000800584,1,0.257102,1
D_0000800689,1,0.956669,1
D_0000800815,1,0.103564,0
D_0000800941,1,0.407397,1
D_0000801256,1,0.871639,1
D_0000801424,0,0.016437,0
D_0000801865,0,0.051258,0
D_0000802684,1,0.957587,1
D_0000803146,1,0.123880,0
D_0000803335,1,0.846725,1
D_0000803671,1,0.974098,1
D_0000803818,1,0.970286,1
D_0000804070,0,0.056912,0
D_0000804259,0,0.215691,1
D_0000804406,0,0.083816,0
D_0000804469,0,0.065776,0
D_0000804574,0,0.020019,0
D_0000804616,1,0.879649,1
D_0000804847,1,0.909856,1
D_0000804889,1,0.960645,1
D_0000805351,1,0.644616,1
D_0000805645,1,0.034162,0
D_0000805666,1,0.888370,1
D_0000805897,0,0.044193,0
D_0000806044,1,0.989697,1
D_0000806191,1,0.135092,0
D_0000806296,0,0.251110,1
D_0000806401,0,0.020041,0
D_0000806779,1,0.107602,0
D_0000806989,0,0.052911,0
D_0000807136,1,0.966016,1
D_0000807346,1,0.245589,1
D_0000807388,1,0.863448,1
D_0000807430,0,0.128836,0
D_0000807472,1,0.035758,0
D_0000807493,1,0.857606,1
D_0000807598,0,0.016972,0
D_0000807661,1,0.971679,1
D_0000807892,1,0.914166,1
D_0000808039,1,0.796236,1
D_0000808312,0,0.168839,0
D_0000808522,0,0.012032,0
D_0000808816,1,0.063723,0
D_0000808921,1,0.750172,1
D_0000809173,0,0.077101,0
D_0000809425,1,0.478203,1
D_0000809719,1,0.996812,1
D_0000809803,0,0.015640,0
D_0000810370,1,0.820187,1
D_0000810559,0,0.411654,1
D_0000810727,0,0.077886,0
D_0000810979,1,0.881660,1
D_0000811000,1,0.994772,1
D_0000811042,0,0.032547,0
D_0000811105,1,0.903346,1
D_0000811252,0,0.088744,0
D_0000811504,1,0.279475,1
D_0000811567,0,0.025511,0
D_0000811588,0,0.127689,0
D_0000811714,0,0.043303,0
D_0000812134,1,0.286895,1
D_0000812806,0,0.013565,0
D_0000812974,1,0.970235,1
D_0000813121,1,0.904097,1
D_0000813436,1,0.983046,1
D_0000813709,1,0.925125,1
D_0000814108,0,0.094367,0
D_0000814444,1,0.821925,1
D_0000814591,0,0.103284,0
D_0000814927,1,0.735393,1
D_0000815011,1,0.952045,1
D_0000815158,0,0.155603,0
D_0000815326,0,0.018174,0
D_0000815578,0,0.085519,0
D_0000815662,0,0.154253,0
D_0000815809,1,0.879962,1
D_0000816040,1,0.299889,1
D_0000816418,1,0.656082,1
D_0000816775,0,0.102575,0
D_0000816859,1,0.805267,1
D_0000817069,1,0.956007,1
D_0000817237,0,0.126501,0
D_0000818035,1,0.632234,1
D_0000818077,0,0.110865,0
D_0000818245,0,0.025039,0
D_0000818350,1,0.759129,1
D_0000819169,1,0.935453,1
D_0000819211,1,0.881202,1
D_0000819316,0,0.073965,0
D_0000819358,0,0.317759,1
D_0000819631,1,0.935157,1
D_0000820093,0,0.046737,0
D_0000820114,0,0.150908,0
D_0000821017,1,0.306758,1
D_0000821227,1,0.111639,0
D_0000821479,0,0.068612,0
D_0000821920,1,0.985112,1
D_0000821941,0,0.317633,1
D_0000822067,0,0.037848,0
D_0000822361,1,0.036269,0
D_0000822382,0,0.317099,1
D_0000822508,1,0.902129,1
D_0000823264,0,0.233488,1
D_0000823579,1,0.989673,1
D_0000823894,0,0.679154,1
D_0000824020,1,0.370382,1
D_0000824209,1,0.936813,1
D_0000824272,1,0.569049,1
D_0000824293,0,0.967167,1
D_0000824335,0,0.078054,0
D_0000824482,1,0.268628,1
D_0000825553,1,0.828649,1
D_0000825826,0,0.161346,0
D_0000826078,1,0.795737,1
D_0000826309,1,0.978181,1
D_0000827380,0,0.093935,0
D_0000827905,0,0.104818,0
D_0000828262,0,0.137672,0
D_0000828703,1,0.973137,1
D_0000828808,1,0.332164,1
D_0000828850,1,0.970649,1
D_0000829312,1,0.174705,0
D_0000829438,0,0.060820,0
D_0000829732,1,0.172403,0
D_0000829879,0,0.006165,0
D_0000830362,0,0.030913,0
D_0000830467,0,0.566752,1
D_0000830635,1,0.558967,1
D_0000830929,1,0.992434,1
D_0000830950,0,0.652002,1
D_0000831160,0,0.832149,1
D_0000831286,1,0.917685,1
D_0000831328,0,0.118045,0
D_0000831370,1,0.990392,1
D_0000831412,0,0.115185,0
D_0000831538,1,0.996000,1
D_0000832000,1,0.684144,1
D_0000832084,1,0.961744,1
D_0000832189,1,0.509373,1
D_0000833092,0,0.094561,0
D_0000833365,1,0.994676,1
D_0000833911,1,0.953477,1
D_0000834037,0,0.282354,1
D_0000834100,1,0.305686,1
D_0000834121,0,0.067744,0
D_0000834835,0,0.092940,0
D_0000835108,1,0.066555,0
D_0000835381,1,0.151995,0
D_0000835885,0,0.294967,1
D_0000835906,1,0.707393,1
D_0000836221,1,0.688107,1
D_0000836662,1,0.097340,0
D_0000836704,0,0.032913,0
D_0000836830,0,0.030169,0
D_0000837229,1,0.988683,1
D_0000837460,1,0.018805,0
D_0000837502,0,0.189055,1
D_0000837649,1,0.448796,1
D_0000837670,0,0.032935,0
D_0000837691,0,0.194809,1
D_0000838069,0,0.191252,1
D_0000838174,1,0.438371,1
D_0000839119,1,0.643935,1
D_0000839266,1,0.995127,1
D_0000839371,1,0.432421,1
D_0000839413,1,0.995018,1
D_0000839476,1,0.056387,0
D_0000840526,0,0.125325,0
D_0000840589,0,0.073624,0
D_0000840778,0,0.051261,0
D_0000841009,1,0.240874,1
D_0000841051,0,0.037137,0
D_0000841240,0,0.033048,0
D_0000841660,1,0.863617,1
D_0000841723,0,0.176406,0
D_0000842731,0,0.043354,0
D_0000843277,1,0.978107,1
D_0000843382,1,0.659061,1
D_0000843466,0,0.078177,0
D_0000844474,1,0.825542,1
D_0000844600,0,0.126248,0
D_0000844663,1,0.978533,1
D_0000844789,1,0.982309,1
D_0000844852,1,0.603928,1
D_0000844873,1,0.964183,1
D_0000844957,0,0.063128,0
D_0000845188,0,0.155028,0
D_0000845356,1,0.206695,1
D_0000845482,1,0.987628,1
D_0000845629,0,0.250544,1
D_0000845902,1,0.218552,1
D_0000846322,0,0.074463,0
D_0000846595,1,0.548148,1
D_0000846721,1,0.832785,1
D_0000846910,1,0.928998,1
D_0000847729,1,0.389911,1
D_0000848065,0,0.112572,0
D_0000848401,0,0.346823,1
D_0000848485,1,0.584464,1
D_0000848674,1,0.881075,1
D_0000848779,1,0.431241,1
D_0000849178,0,0.094710,0
D_0000849283,0,0.068177,0
D_0000849640,0,0.121590,0
D_0000850249,1,0.992149,1
D_0000850984,0,0.264714,1
D_0000851173,0,0.204107,1
D_0000851740,1,0.626977,1
D_0000852202,0,0.059535,0
D_0000852391,0,0.055148,0
D_0000852454,0,0.018025,0
D_0000852832,0,0.108693,0
D_0000852853,1,0.111583,0
D_0000852979,0,0.120472,0
D_0000853021,0,0.083855,0
D_0000853378,0,0.285942,1
D_0000853483,1,0.653318,1
D_0000853504,1,0.988364,1
D_0000853567,1,0.958164,1
D_0000854008,1,0.276358,1
D_0000854197,1,0.987556,1
D_0000854344,1,0.911635,1
D_0000854428,0,0.130562,0
D_0000854827,1,0.806578,1
D_0000854869,1,0.789137,1
D_0000855352,0,0.027744,0
D_0000855625,0,0.059165,0
D_0000855898,0,0.364388,1
D_0000855919,1,0.982478,1
D_0000856003,1,0.512469,1
D_0000856255,0,0.043590,0
D_0000856402,1,0.258579,1
D_0000856549,1,0.995553,1
D_0000856717,1,0.774893,1
D_0000856738,1,0.101246,0
D_0000857431,0,0.024557,0
D_0000858019,0,0.323418,1
D_0000858922,0,0.108333,0
D_0000859279,1,0.604626,1
D_0000859531,0,0.525675,1
D_0000859993,1,0.047079,0
D_0000860014,1,0.578520,1
D_0000860791,1,0.665927,1
D_0000860833,0,0.198216,1
D_0000861274,1,0.991207,1
D_0000861883,0,0.079089,0
D_0000862198,1,0.992683,1
D_0000862261,0,0.044700,0
D_0000862492,0,0.124331,0
D_0000862933,0,0.104166,0
D_0000862954,0,0.032318,0
D_0000863290,0,0.032174,0
D_0000863605,0,0.321062,1
D_0000864088,1,0.080660,0
D_0000864193,0,0.048703,0
D_0000864214,0,0.310681,1
D_0000864466,1,0.901353,1
D_0000864529,1,0.981890,1
D_0000864865,0,0.218191,1
D_0000865243,1,0.184119,0
D_0000865936,1,0.391736,1
D_0000866461,1,0.982259,1
D_0000866545,0,0.026049,0
D_0000866734,0,0.077101,0
D_0000866923,0,0.021768,0
D_0000867028,1,0.853963,1
D_0000867385,1,0.964922,1
D_0000867574,1,0.418247,1
D_0000867847,1,0.777556,1
D_0000867931,1,0.774987,1
D_0000868141,0,0.010595,0
D_0000868351,0,0.157276,0
D_0000868582,1,0.741282,1
D_0000868645,1,0.962102,1
D_0000868855,1,0.610413,1
D_0000869191,0,0.101612,0
D_0000869611,1,0.985089,1
D_0000869800,1,0.863479,1
D_0000869926,0,0.072969,0
D_0000870010,0,0.197809,1
D_0000870031,0,0.055957,0
D_0000870262,1,0.972058,1
D_0000870514,0,0.346757,1
D_0000870808,0,0.045487,0
D_0000871165,0,0.091396,0
D_0000871606,0,0.042709,0
D_0000871816,0,0.034825,0
D_0000871942,0,0.861898,1
D_0000873496,1,0.188773,1
D_0000873979,1,0.860989,1
D_0000874042,0,0.132921,0
D_0000874315,1,0.983097,1
D_0000874903,1,0.912589,1
D_0000875050,1,0.970862,1
D_0000875155,1,0.898382,1
D_0000875281,1,0.995805,1
D_0000875659,1,0.037085,0
D_0000875974,1,0.933544,1
D_0000876226,1,0.641784,1
D_0000876646,1,0.494176,1
D_0000876730,1,0.391988,1
D_0000876982,0,0.248080,1
D_0000877003,1,0.470518,1
D_0000877570,1,0.992269,1
D_0000878242,0,0.060194,0
D_0000879208,1,0.961520,1
D_0000879754,1,0.803459,1
D_0000880132,1,0.783298,1
D_0000880384,0,0.159277,0
D_0000880573,0,0.532309,1
D_0000880741,1,0.894907,1
D_0000881035,0,0.258905,1
D_0000882127,0,0.113039,0
D_0000882211,0,0.008682,0
D_0000882316,0,0.114762,0
D_0000882358,0,0.019786,0
D_0000882715,0,0.095785,0
D_0000884269,1,0.662579,1
D_0000884794,0,0.067366,0
D_0000885004,0,0.086881,0
D_0000885235,1,0.135592,0
D_0000885403,1,0.747615,1
D_0000885466,1,0.595598,1
D_0000886054,0,0.088647,0
D_0000886222,0,0.019492,0
D_0000886432,0,0.742932,1
D_0000886852,1,0.969012,1
D_0000887020,1,0.957967,1
D_0000887146,1,0.631689,1
D_0000887167,1,0.737944,1
D_0000887356,1,0.352646,1
D_0000887377,0,0.204724,1
D_0000887608,1,0.993764,1
D_0000887839,0,0.292530,1
D_0000888049,1,0.947026,1
D_0000888112,1,0.864643,1
D_0000888826,1,0.717274,1
D_0000889918,1,0.950946,1
D_0000890296,0,0.708918,1
D_0000890380,1,0.185072,0
D_0000890674,0,0.068918,0
D_0000890695,1,0.837351,1
D_0000890821,1,0.973512,1
D_0000890842,1,0.167381,0
D_0000891031,0,0.031325,0
D_0000891451,1,0.881403,1
D_0000891661,1,0.985926,1
D_0000891934,1,0.905162,1
D_0000892186,1,0.650952,1
D_0000892228,1,0.744744,1
D_0000892480,0,0.081815,0
D_0000892585,1,0.983181,1
D_0000893026,1,0.066549,0
D_0000893698,1,0.318943,1
D_0000893950,1,0.241438,1
D_0000894076,1,0.727170,1
D_0000894370,1,0.168662,0
D_0000895000,0,0.361507,1
D_0000895357,1,0.760312,1
D_0000895462,0,0.432252,1
D_0000895567,0,0.095382,0
D_0000896449,0,0.202427,1
D_0000896743,1,0.880892,1
D_0000896911,0,0.416518,1
D_0000897079,0,0.088358,0
D_0000897100,0,0.020672,0
D_0000897268,0,0.057808,0
D_0000897457,1,0.473775,1
D_0000897604,1,0.594602,1
D_0000897919,1,0.994211,1
D_0000897982,1,0.961962,1
D_0000898045,1,0.610887,1
D_0000898297,0,0.114914,0
D_0000899011,0,0.088838,0
D_0000899452,1,0.731549,1
D_0000899725,1,0.993874,1
D_0000900187,0,0.052118,0
D_0000900355,0,0.029898,0
D_0000900397,0,0.709907,1
D_0000900481,1,0.739321,1
D_0000901006,0,0.105439,0
D_0000901174,0,0.233468,1
D_0000901363,1,0.977268,1
D_0000901594,0,0.156219,0
D_0000901636,0,0.082182,0
D_0000901825,1,0.401236,1
D_0000901972,0,0.056286,0
D_0000902476,0,0.169925,0
D_0000902518,1,0.086828,0
D_0000902560,0,0.106376,0
D_0000902749,0,0.093747,0
D_0000903127,0,0.043219,0
D_0000903295,1,0.934359,1
D_0000903631,1,0.790232,1
D_0000903820,1,0.556616,1
D_0000903988,1,0.859560,1
D_0000904324,0,0.160279,0
D_0000904387,1,0.500543,1
D_0000904450,0,0.036384,0
D_0000904765,1,0.923907,1
D_0000905647,0,0.000147,0
D_0000906109,1,0.082457,0
D_0000906361,1,0.994120,1
D_0000906718,1,0.728989,1
D_0000906844,1,0.781192,1
D_0000907096,1,0.344998,1
D_0000907117,0,0.161462,0
D_0000907390,1,0.966808,1
D_0000907705,0,0.022707,0
D_0000908251,1,0.958220,1
D_0000908524,0,0.314376,1
D_0000908776,0,0.044502,0
D_0000909049,0,0.362689,1
D_0000909133,1,0.827660,1
D_0000909448,0,0.178879,0
D_0000909637,1,0.331594,1
D_0000910036,0,0.084113,0
D_0000910162,0,0.098012,0
D_0000910414,1,0.447314,1
D_0000910498,0,0.072625,0
D_0000910855,1,0.968451,1
D_0000910939,0,0.042081,0
D_0000911317,0,0.284822,1
D_0000912010,0,0.045800,0
D_0000912241,0,0.260379,1
D_0000912367,0,0.309001,1
D_0000912556,1,0.077412,0
D_0000912598,0,0.047514,0
D_0000912871,1,0.518427,1
D_0000912976,1,0.958023,1
D_0000913312,0,0.058912,0
D_0000913396,1,0.079434,0
D_0000913459,1,0.187340,1
D_0000913606,1,0.109748,0
D_0000913795,1,0.738201,1
D_0000913921,0,0.009185,0
D_0000914068,1,0.084611,0
D_0000914173,1,0.933438,1
D_0000914257,1,0.910800,1
D_0000915265,1,0.223270,1
D_0000915454,0,0.023776,0
D_0000915538,0,0.093332,0
D_0000915727,0,0.126877,0
D_0000916042,1,0.785335,1
D_0000916084,1,0.329951,1
D_0000916252,0,0.027731,0
D_0000917113,1,0.964907,1
D_0000917176,1,0.971110,1
D_0000917197,1,0.911437,1
D_0000917869,0,0.082406,0
D_0000917911,0,0.023165,0
D_0000918037,0,0.029192,0
D_0000918142,0,0.121205,0
D_0000918268,0,0.743973,1
D_0000918331,0,0.167151,0
D_0000918562,1,0.976769,1
D_0000918730,0,0.898530,1
D_0000918835,1,0.631822,1
D_0000919276,0,0.033654,0
D_0000919402,0,0.898571,1
D_0000919780,1,0.189621,1
D_0000920053,0,0.019707,0
D_0000920389,0,0.070209,0
D_0000920809,1,0.803372,1
D_0000920914,1,0.956759,1
D_0000921313,1,0.979334,1
D_0000921355,1,0.176861,0
D_0000921397,1,0.995323,1
D_0000921586,0,0.563705,1
D_0000921796,1,0.992504,1
D_0000922027,0,0.246818,1
D_0000922657,1,0.995104,1
D_0000922678,1,0.435967,1
D_0000922762,1,0.993216,1
D_0000922825,1,0.903891,1
D_0000923140,1,0.981510,1
D_0000923287,0,0.284108,1
D_0000923728,1,0.731261,1
D_0000923833,0,0.402629,1
D_0000924043,0,0.044900,0
D_0000924169,1,0.922472,1
D_0000924253,0,0.045242,0
D_0000924337,1,0.880529,1
D_0000924421,1,0.651975,1
D_0000924652,0,0.049532,0
D_0000924946,1,0.944013,1
D_0000925051,0,0.342295,1
D_0000925387,1,0.502511,1
D_0000925534,0,0.225472,1
D_0000926080,0,0.252688,1
D_0000926584,0,0.073697,0
D_0000926815,1,0.961779,1
D_0000926878,0,0.043542,0
D_0000927151,1,0.690315,1
D_0000927319,1,0.809729,1
D_0000927697,0,0.010851,0
D_0000927865,1,0.838288,1
D_0000928159,1,0.675044,1
D_0000928390,0,0.107021,0
D_0000928495,1,0.990965,1
D_0000929041,0,0.146395,0
D_0000929272,1,0.961786,1
D_0000929398,1,0.837149,1
D_0000929587,1,0.721808,1
D_0000929671,1,0.148936,0
D_0000929776,1,0.164171,0
D_0000930952,0,0.075642,0
D_0000930973,1,0.056414,0
D_0000931498,1,0.112231,0
D_0000931855,0,0.094270,0
D_0000931876,0,0.176886,0
D_0000932023,1,0.960265,1
D_0000932275,1,0.992956,1
D_0000932443,0,0.056374,0
D_0000933325,1,0.183709,0
D_0000934249,0,0.072981,0
D_0000934312,1,0.944030,1
D_0000934627,1,0.812523,1
D_0000934732,0,0.055414,0
D_0000934900,1,0.693533,1
D_0000935110,0,0.040262,0
D_0000935194,1,0.452832,1
D_0000935299,1,0.603533,1
D_0000935362,1,0.728054,1
D_0000935383,0,0.371930,1
D_0000935425,1,0.980410,1
D_0000935929,1,0.702865,1
D_0000935971,0,0.216967,1
D_0000936034,0,0.459302,1
D_0000936139,1,0.914730,1
D_0000936160,0,0.106847,0
D_0000936370,0,0.114868,0
D_0000936811,1,0.992423,1
D_0000936958,1,0.929729,1
D_0000937168,0,0.050158,0
D_0000937399,0,0.399719,1
D_0000937483,1,0.902810,1
D_0000937588,0,0.035658,0
D_0000938071,0,0.121423,0
D_0000938155,0,0.189537,1
D_0000938281,0,0.816339,1
D_0000938365,1,0.962166,1
D_0000938428,0,0.236183,1
D_0000938470,0,0.043731,0
D_0000938701,1,0.980870,1
D_0000938953,0,0.416652,1
D_0000939457,1,0.842621,1
D_0000939877,0,0.091099,0
D_0000939961,1,0.884168,1
D_0000940045,1,0.962447,1
D_0000940066,1,0.191747,1
D_0000940318,1,0.955396,1
D_0000940843,0,0.110157,0
D_0000940948,1,0.976623,1
D_0000941095,1,0.583771,1
D_0000941410,1,0.131801,0
D_0000941557,1,0.865546,1
D_0000941788,0,0.143913,0
D_0000942082,1,0.942782,1
D_0000942187,1,0.459192,1
D_0000942523,1,0.490052,1
D_0000942649,0,0.061297,0
D_0000943888,1,0.091530,0
D_0000943930,0,0.101026,0
D_0000944203,1,0.388568,1
D_0000944749,1,0.592043,1
D_0000944938,0,0.058462,0
D_0000944980,1,0.896332,1
D_0000945022,0,0.079720,0
D_0000946639,0,0.026042,0
D_0000946765,0,0.438250,1
D_0000946933,0,0.078797,0
D_0000947206,1,0.314578,1
D_0000947353,1,0.939221,1
D_0000947773,1,0.963015,1
D_0000948592,0,0.017183,0
D_0000948655,1,0.361713,1
D_0000949012,1,0.988001,1
D_0000949054,0,0.051912,0
D_0000949201,1,0.972414,1
D_0000949285,0,0.049894,0
D_0000949306,1,0.459241,1
D_0000949600,1,0.958878,1
D_0000949978,1,0.992929,1
D_0000950230,1,0.483937,1
D_0000950461,0,0.241798,1
D_0000950545,0,0.137613,0
D_0000950818,1,0.989732,1
D_0000951049,1,0.976959,1
D_0000951427,0,0.025298,0
D_0000951532,1,0.964875,1
D_0000951784,0,0.025991,0
D_0000951868,1,0.208621,1
D_0000952162,0,0.056708,0
D_0000953065,0,0.060143,0
D_0000953338,0,0.248593,1
D_0000954010,1,0.947459,1
D_0000954304,0,0.018445,0
D_0000955228,1,0.421417,1
D_0000955543,0,0.019210,0
D_0000955984,1,0.331516,1
D_0000957370,0,0.049860,0
D_0000957433,1,0.950071,1
D_0000957517,1,0.930690,1
D_0000957832,0,0.045281,0
D_0000958231,1,0.738985,1
D_0000958378,0,0.023360,0
D_0000958462,0,0.070117,0
D_0000959281,1,0.972492,1
D_0000959386,1,0.953138,1
D_0000960814,1,0.924868,1
D_0000961255,0,0.082902,0
D_0000961276,0,0.107690,0
D_0000961318,0,0.433498,1
D_0000962725,1,0.106409,0
D_0000962767,1,0.911149,1
D_0000963334,0,0.048791,0
D_0000963838,0,0.102945,0
D_0000963943,0,0.164631,0
D_0000964027,0,0.101086,0
D_0000964069,1,0.953596,1
D_0000964174,0,0.083604,0
D_0000964468,1,0.990529,1
D_0000964762,1,0.877283,1
D_0000965203,1,0.859929,1
D_0000965287,0,0.425700,1
D_0000965707,0,0.104847,0
D_0000965728,1,0.913365,1
D_0000966379,1,0.814886,1
D_0000966547,0,0.768489,1
D_0000966820,0,0.044725,0
D_0000966925,0,0.048859,0
D_0000966946,1,0.897900,1
D_0000967156,1,0.097393,0
D_0000967261,1,0.993304,1
D_0000967324,1,0.078001,0
D_0000967765,0,0.079302,0
D_0000968122,0,0.019298,0
D_0000968311,0,0.070943,0
D_0000968374,0,0.167393,0
D_0000969403,1,0.555565,1
D_0000969487,1,0.987695,1
D_0000969571,1,0.152963,0
D_0000969613,0,0.276283,1
D_0000969718,1,0.969590,1
D_0000969760,1,0.265823,1
D_0000970222,0,0.105312,0
D_0000970327,1,0.982677,1
D_0000970579,1,0.753453,1
D_0000970810,0,0.172526,0
D_0000971104,0,0.061237,0
D_0000971377,1,0.950156,1
D_0000971545,0,0.874958,1
D_0000971566,0,0.116194,0
D_0000971608,0,0.123375,0
D_0000971713,1,0.985998,1
D_0000972301,0,0.033724,0
D_0000973036,1,0.709347,1
D_0000973393,1,0.911741,1
D_0000973603,0,0.031008,0
D_0000973645,0,0.022040,0
D_0000974737,1,0.987799,1
D_0000975199,0,0.098159,0
D_0000975241,1,0.963513,1
D_0000975430,1,0.988688,1
D_0000975913,0,0.052251,0
D_0000976354,1,0.932532,1
D_0000976648,1,0.993920,1
D_0000977089,1,0.236388,1
D_0000977614,1,0.106692,0
D_0000977950,1,0.965377,1
D_0000978580,0,0.094191,0
D_0000978811,0,0.044127,0
D_0000979021,0,0.217450,1
D_0000980113,1,0.908065,1
D_0000980344,1,0.518109,1
D_0000980428,0,0.452159,1
D_0000980806,0,0.209600,1
D_0000981184,1,0.979647,1
D_0000981373,0,0.054880,0
D_0000981457,0,0.147970,0
D_0000982213,1,0.981243,1
D_0000982276,0,0.014492,0
D_0000982696,1,0.210079,1
D_0000982864,0,0.019993,0
D_0000984124,1,0.964937,1
D_0000984355,1,0.975361,1
D_0000984670,1,0.916256,1
D_0000985006,0,0.030760,0
D_0000985615,0,0.168880,0
D_0000985699,1,0.047099,0
D_0000987253,1,0.615673,1
D_0000987610,0,0.075434,0
D_0000987715,1,0.888243,1
D_0000988093,1,0.806748,1
D_0000988156,1,0.704637,1
D_0000988408,1,0.431429,1
D_0000989290,0,0.114032,0
D_0000989311,0,0.046360,0
D_0000989416,1,0.869592,1
D_0000989773,1,0.848428,1
D_0000990130,1,0.993628,1
D_0000990445,1,0.980827,1
D_0000991201,0,0.109745,0
D_0000991327,0,0.093059,0
D_0000991411,0,0.063188,0
D_0000991516,0,0.065252,0
D_0000991579,1,0.909727,1
D_0000991789,1,0.995108,1
D_0000992083,0,0.935738,1
D_0000992356,1,0.745519,1
D_0000992482,1,0.883349,1
D_0000992692,0,0.060233,0
D_0000992965,1,0.987576,1
D_0000993364,0,0.039412,0
D_0000993469,1,0.974254,1
D_0000993490,1,0.970540,1
D_0000993700,0,0.225266,1
D_0000993763,0,0.144389,0
D_0000994099,0,0.132618,0
D_0000994288,0,0.104447,0
D_0000995065,1,0.909899,1
D_0000995359,1,0.991228,1
D_0000995569,1,0.986460,1
D_0000995989,1,0.867754,1
D_0000996304,1,0.912756,1
D_0000996682,0,0.575721,1
D_0000997312,0,0.062805,0
D_0000997354,1,0.093658,0
D_0000997375,1,0.873089,1
D_0000997438,1,0.927524,1
D_0000997690,1,0.563146,1
D_0000998131,1,0.286798,1
D_0000998173,0,0.108203,0
D_0000998257,0,0.068520,0
D_0000998467,0,0.102658,0
D_0000998929,1,0.985526,1
D_0000998992,1,0.855694,1
D_0000999244,0,0.084234,0
D_0000999370,0,0.322666,1
D_0000999748,1,0.555800,1
D_0000999832,0,0.140666,0
D_0000999853,0,0.050592,0
D_0000999874,1,0.959421,1
D_0001000735,0,0.085422,0
D_0001000987,0,0.028340,0
D_0001001323,1,0.977202,1
D_0001001491,0,0.414986,1
D_0001001533,0,0.779247,1
D_0001001638,1,0.965689,1
D_0001001932,1,0.240999,1
D_0001002205,1,0.974336,1
D_0001002730,1,0.995736,1
D_0001002898,0,0.488335,1
D_0001003171,0,0.127635,0
D_0001003192,1,0.935372,1
D_0001003633,1,0.080005,0
D_0001003801,1,0.985583,1
D_0001005439,0,0.837641,1
D_0001005523,0,0.108967,0
D_0001005607,1,0.276500,1
D_0001005733,0,0.007489,0
D_0001005754,1,0.920265,1
D_0001006531,0,0.169323,0
D_0001007392,1,0.986723,1
D_0001007560,0,0.152906,0
D_0001007665,1,0.853815,1
D_0001007707,1,0.901733,1
D_0001007875,0,0.006182,0
D_0001008253,1,0.989931,1
D_0001008505,0,0.057578,0
D_0001010038,0,0.017320,0
D_0001010227,0,0.406759,1
D_0001010269,0,0.504914,1
D_0001010353,0,0.051733,0
D_0001010374,1,0.242698,1
D_0001010605,0,0.020561,0
D_0001010731,1,0.229951,1
D_0001010878,0,0.642512,1
D_0001011802,1,0.924708,1
D_0001011949,0,0.138414,0
D_0001012327,0,0.006892,0
D_0001012768,0,0.077723,0
D_0001012915,0,0.160351,0
D_0001012936,1,0.751902,1
D_0001012978,1,0.978275,1
D_0001013146,0,0.151181,0
D_0001013461,1,0.959780,1
D_0001013608,0,0.785898,1
D_0001014175,1,0.975950,1
D_0001014700,0,0.051372,0
D_0001014784,1,0.139473,0
D_0001015267,0,0.842620,1
D_0001015330,1,0.984647,1
D_0001015414,1,0.125301,0
D_0001015792,1,0.413127,1
D_0001016002,1,0.852291,1
D_0001017115,0,0.065336,0
D_0001017787,0,0.117004,0
D_0001017850,1,0.050086,0
D_0001017997,1,0.979765,1
D_0001018585,0,0.131975,0
D_0001018627,1,0.784780,1
D_0001018816,0,0.213910,1
D_0001019488,1,0.973140,1
D_0001019593,1,0.318796,1
D_0001019656,1,0.896248,1
D_0001019677,1,0.021208,0
D_0001020097,0,0.067690,0
D_0001020265,1,0.069341,0
D_0001020538,1,0.845829,1
D_0001020664,1,0.281145,1
D_0001020706,1,0.325998,1
D_0001020748,1,0.929806,1
D_0001020790,0,0.611671,1
D_0001021147,1,0.299007,1
D_0001021672,0,0.094454,0
D_0001021693,0,0.296434,1
D_0001022680,0,0.224776,1
D_0001023205,1,0.285766,1
D_0001023961,0,0.017355,0
D_0001023982,1,0.769223,1
D_0001024633,1,0.905834,1
D_0001024864,0,0.092685,0
D_0001024948,1,0.993534,1
D_0001025116,1,0.992377,1
D_0001025284,0,0.149291,0
D_0001025389,0,0.196051,1
D_0001025557,0,0.634465,1
D_0001025767,1,0.718608,1
D_0001025956,1,0.868651,1
D_0001026103,1,0.917750,1
D_0001026145,1,0.995069,1
D_0001026964,0,0.043877,0
D_0001027363,1,0.457796,1
D_0001027972,1,0.750299,1
D_0001028077,0,0.046908,0
D_0001028119,1,0.989931,1
D_0001028371,0,0.095535,0
D_0001028833,0,0.366572,1
D_0001028980,0,0.073867,0
D_0001029043,1,0.556825,1
D_0001029274,0,0.084044,0
D_0001029316,1,0.861720,1
D_0001029337,0,0.196025,1
D_0001029820,1,0.080583,0
D_0001030156,0,0.021462,0
D_0001030492,0,0.006912,0
D_0001030744,0,0.079472,0
D_0001031164,1,0.840370,1
D_0001031605,1,0.289781,1
D_0001031899,0,0.190995,1
D_0001031983,0,0.163035,0
D_0001032319,1,0.667672,1
D_0001032844,0,0.191553,1
D_0001032886,1,0.957935,1
D_0001033117,1,0.199734,1
D_0001033243,1,0.823958,1
D_0001033285,0,0.031278,0
D_0001033390,0,0.042084,0
D_0001034125,1,0.743647,1
D_0001034209,1,0.710929,1
D_0001034335,1,0.992990,1
D_0001034524,0,0.076700,0
D_0001034566,1,0.956713,1
D_0001034902,0,0.137195,0
D_0001035280,1,0.447902,1
D_0001035595,0,0.153399,0
D_0001035826,1,0.371304,1
D_0001035952,1,0.978890,1
D_0001036351,1,0.980786,1
D_0001036540,1,0.985202,1
D_0001036687,1,0.763858,1
D_0001036729,1,0.158763,0
D_0001036813,0,0.118041,0
D_0001037044,0,0.203570,1
D_0001037359,0,0.070735,0
D_0001037506,0,0.164068,0
D_0001037821,1,0.988259,1
D_0001038472,0,0.025303,0
D_0001038535,1,0.977565,1
D_0001038682,0,0.058465,0
D_0001039018,1,0.609550,1
D_0001039711,1,0.199752,1
D_0001039900,1,0.846338,1
D_0001040110,0,0.184334,0
D_0001040614,1,0.649301,1
D_0001041076,0,0.059048,0
D_0001041307,0,0.085650,0
D_0001041475,1,0.722116,1
D_0001041748,1,0.530269,1
D_0001041874,1,0.700970,1
D_0001042315,1,0.539458,1
D_0001042546,1,0.863779,1
D_0001042567,0,0.018774,0
D_0001042735,0,0.821322,1
D_0001043155,1,0.992918,1
D_0001044184,1,0.944844,1
D_0001044289,1,0.968842,1
D_0001044436,0,0.007944,0
D_0001044667,0,0.170476,0
D_0001045171,1,0.975612,1
D_0001045192,0,0.094770,0
D_0001045591,0,0.317105,1
D_0001045843,1,0.395054,1
D_0001046158,0,0.023925,0
D_0001046662,0,0.106943,0
D_0001047523,1,0.738258,1
D_0001047607,0,0.070763,0
D_0001047670,0,0.040276,0
D_0001047838,0,0.275319,1
D_0001047922,0,0.347056,1
D_0001048384,1,0.986149,1
D_0001049245,1,0.682376,1
D_0001049329,0,0.184001,0
D_0001050001,1,0.778832,1
D_0001050190,0,0.060657,0
D_0001050274,0,0.062877,0
D_0001050673,1,0.975078,1
D_0001050967,1,0.312801,1
D_0001051114,0,0.034767,0
D_0001051912,0,0.168425,0
D_0001052542,0,0.235242,1
D_0001052584,1,0.917294,1
D_0001052710,0,0.383942,1
D_0001053088,1,0.875785,1
D_0001053193,0,0.071122,0
D_0001053550,0,0.055547,0
D_0001053844,1,0.140237,0
D_0001054117,1,0.166463,0
D_0001054159,0,0.592552,1
D_0001054978,1,0.918266,1
D_0001055083,1,0.985194,1
D_0001055776,1,0.957123,1
D_0001056049,1,0.958188,1
D_0001056175,0,0.680516,1
D_0001056490,0,0.068213,0
D_0001056553,1,0.823825,1
D_0001057771,1,0.504049,1
D_0001057939,0,0.688748,1
D_0001058002,1,0.681566,1
D_0001058170,0,0.178270,0
D_0001058590,1,0.900575,1
D_0001058800,0,0.640954,1
D_0001059514,1,0.617617,1
D_0001059976,0,0.143132,0
D_0001060039,0,0.085069,0
D_0001060417,0,0.051825,0
D_0001060753,0,0.070454,0
D_0001061362,1,0.851347,1
D_0001061698,0,0.047223,0
D_0001061908,0,0.037011,0
D_0001062244,0,0.285177,1
D_0001062601,0,0.039442,0
D_0001063063,0,0.045606,0
D_0001063126,0,0.093567,0
D_0001063693,1,0.923268,1
D_0001063735,1,0.844888,1
D_0001064008,0,0.029173,0
D_0001064218,1,0.902170,1
D_0001064596,0,0.055694,0
D_0001064764,1,0.882420,1
D_0001064890,0,0.090611,0
D_0001065142,0,0.027598,0
D_0001065415,1,0.572542,1
D_0001065478,0,0.040082,0
D_0001065520,1,0.969539,1
D_0001065562,0,0.049508,0
D_0001065919,1,0.848196,1
D_0001066003,0,0.371324,1
D_0001066150,1,0.993570,1
D_0001067284,0,0.028452,0
D_0001067389,1,0.833206,1
D_0001067683,1,0.949737,1
D_0001067725,0,0.085707,0
D_0001068292,1,0.332700,1
D_0001068691,0,0.087336,0
D_0001069006,0,0.247864,1
D_0001069279,0,0.032780,0
D_0001070224,0,0.128410,0
D_0001070371,0,0.069378,0
D_0001070833,0,0.124288,0
D_0001071337,0,0.251074,1
D_0001071442,1,0.958148,1
D_0001071862,0,0.076055,0
D_0001072471,1,0.736474,1
D_0001072723,1,0.110338,0
D_0001073164,1,0.698926,1
D_0001073185,0,0.106305,0
D_0001073647,1,0.907380,1
D_0001074046,1,0.970761,1
D_0001074151,1,0.513535,1
D_0001074445,1,0.556860,1
D_0001074592,1,0.976683,1
D_0001074991,1,0.063897,0
D_0001075600,0,0.012921,0
D_0001075915,1,0.819703,1
D_0001076125,0,0.156522,0
D_0001076818,1,0.976763,1
D_0001076944,1,0.993746,1
D_0001077280,1,0.081705,0
D_0001077658,0,0.049250,0
D_0001078036,1,0.061845,0
D_0001078624,0,0.060570,0
D_0001079128,0,0.425321,1
D_0001080073,1,0.167565,0
D_0001080262,1,0.545261,1
D_0001080535,1,0.647072,1
D_0001080640,1,0.098661,0
D_0001081228,1,0.983423,1
D_0001081795,1,0.990995,1
D_0001082047,0,0.427323,1
D_0001082110,1,0.991351,1
D_0001082320,0,0.349317,1
D_0001082614,1,0.632254,1
D_0001082635,1,0.395028,1
D_0001082971,1,0.298209,1
D_0001082992,0,0.079027,0
D_0001084294,1,0.672787,1
D_0001084441,1,0.355508,1
D_0001085491,1,0.954627,1
D_0001086289,1,0.782998,1
D_0001086310,1,0.751506,1
D_0001086331,1,0.808362,1
D_0001086394,1,0.969985,1
D_0001086604,0,0.909451,1
D_0001087066,1,0.986721,1
D_0001087087,0,0.126505,0
D_0001087171,0,0.172737,0
D_0001088137,1,0.995066,1
D_0001088620,1,0.884334,1
D_0001088998,1,0.698528,1
D_0001089082,0,0.422266,1
D_0001089376,1,0.991566,1
D_0001089733,0,0.097816,0
D_0001089943,1,0.116749,0
D_0001089964,1,0.993443,1
D_0001090783,0,0.043070,0
D_0001091224,0,0.797406,1
D_0001091476,1,0.079783,0
D_0001091749,1,0.969983,1
D_0001091770,1,0.859393,1
D_0001091980,0,0.093100,0
D_0001092379,0,0.074928,0
D_0001092547,1,0.991423,1
D_0001092610,1,0.973261,1
D_0001092715,1,0.981576,1
D_0001093009,1,0.070415,0
D_0001093114,1,0.973320,1
D_0001093135,1,0.985482,1
D_0001093303,1,0.940210,1
D_0001093597,0,0.263379,1
D_0001094143,0,0.060089,0
D_0001094269,1,0.820045,1
D_0001094311,1,0.391509,1
D_0001094458,0,0.091257,0
D_0001094479,0,0.054156,0
D_0001094836,1,0.834557,1
D_0001095151,1,0.136424,0
D_0001095361,0,0.689182,1
D_0001096285,1,0.634604,1
D_0001096327,1,0.210335,1
D_0001096600,1,0.790272,1
D_0001096831,0,0.092495,0
D_0001096936,1,0.772396,1
D_0001097083,1,0.982194,1
D_0001097125,1,0.697764,1
D_0001097398,0,0.531187,1
D_0001097860,1,0.185193,1
D_0001097986,1,0.815634,1
D_0001098343,1,0.539091,1
D_0001099078,1,0.137727,0
D_0001099120,1,0.164310,0
D_0001099162,0,0.910130,1
D_0001099330,0,0.062333,0
D_0001100170,1,0.917020,1
D_0001100359,1,0.991485,1
D_0001100464,0,0.082875,0
D_0001101241,1,0.942686,1
D_0001101430,1,0.899022,1
D_0001101745,1,0.856448,1
D_0001102081,0,0.104404,0
D_0001102648,0,0.117110,0
D_0001102900,1,0.941763,1
D_0001103194,0,0.008476,0
D_0001104559,0,0.050275,0
D_0001105042,1,0.139703,0
D_0001105126,1,0.641208,1
D_0001105189,0,0.089356,0
D_0001105210,1,0.921242,1
D_0001105231,1,0.624660,1
D_0001105441,1,0.240871,1
D_0001105672,1,0.984338,1
D_0001106008,1,0.962854,1
D_0001106701,1,0.982756,1
D_0001107079,1,0.792698,1
D_0001107373,1,0.078794,0
D_0001108129,0,0.071463,0
D_0001108570,0,0.028153,0
D_0001108654,1,0.954363,1
D_0001108738,0,0.157443,0
D_0001109305,0,0.023939,0
D_0001109935,1,0.949557,1
D_0001109956,0,0.202560,1
D_0001110334,0,0.133868,0
D_0001111048,1,0.807842,1
D_0001111405,1,0.948657,1
D_0001111594,1,0.119237,0
D_0001111636,0,0.042651,0
D_0001111804,0,0.107994,0
D_0001111909,0,0.075680,0
D_0001112665,1,0.218483,1
D_0001112791,0,0.032044,0
D_0001112812,0,0.047296,0
D_0001113148,0,0.975263,1
D_0001113274,1,0.944724,1
D_0001113316,0,0.137540,0
D_0001113820,0,0.074099,0
D_0001114198,0,0.202561,1
D_0001114828,1,0.163565,0
D_0001114975,1,0.981134,1
D_0001115353,1,0.976106,1
D_0001115416,1,0.867662,1
D_0001115584,0,0.128060,0
D_0001115794,0,0.115465,0
D_0001115857,0,0.089585,0
D_0001116046,1,0.690528,1
D_0001116634,0,0.112572,0
D_0001116655,1,0.513131,1
D_0001116697,1,0.540115,1
D_0001116718,1,0.878798,1
D_0001116823,1,0.980755,1
D_0001116886,0,0.068542,0
D_0001116907,0,0.099366,0
D_0001117222,0,0.168180,0
D_0001117327,0,0.089850,0
D_0001117432,0,0.052238,0
D_0001117852,1,0.755228,1
D_0001117978,0,0.589522,1
D_0001118020,0,0.458352,1
D_0001118083,0,0.122152,0
D_0001118167,0,0.020788,0
D_0001118293,0,0.128392,0
D_0001118335,1,0.177922,0
D_0001118881,0,0.156371,0
D_0001119469,0,0.046796,0
D_0001119637,0,0.110132,0
D_0001119742,1,0.994512,1
D_0001120603,0,0.911630,1
D_0001121296,0,0.043294,0
D_0001121632,0,0.709527,1
D_0001121989,0,0.030447,0
D_0001122052,0,0.052592,0
D_0001122283,0,0.085380,0
D_0001122514,0,0.092311,0
D_0001122745,0,0.549014,1
D_0001123375,0,0.129285,0
D_0001123396,1,0.900335,1
D_0001123501,1,0.147041,0
D_0001123648,1,0.162241,0
D_0001124299,1,0.978591,1
D_0001125013,1,0.955110,1
D_0001125055,0,0.051757,0
D_0001125622,0,0.244056,1
D_0001125916,1,0.950978,1
D_0001126042,1,0.745037,1
D_0001126210,1,0.985320,1
D_0001126315,0,0.181449,0
D_0001126399,0,0.330216,1
D_0001127092,1,0.374268,1
D_0001127659,1,0.417877,1
D_0001127848,1,0.948028,1
D_0001128058,0,0.022168,0
D_0001128100,0,0.288572,1
D_0001128604,0,0.035124,0
D_0001128667,0,0.065302,0
D_0001128730,1,0.201964,1
D_0001128751,1,0.965666,1
D_0001129003,0,0.080519,0
D_0001129486,0,0.055926,0
D_0001129612,1,0.782133,1
D_0001129759,1,0.985103,1
D_0001130263,1,0.418185,1
D_0001130452,0,0.060522,0
D_0001130557,0,0.093610,0
D_0001130662,0,0.144380,0
D_0001131628,0,0.044398,0
D_0001131691,0,0.327313,1
D_0001131796,1,0.187440,1
D_0001132720,1,0.828455,1
D_0001132825,1,0.993574,1
D_0001133539,0,0.153747,0
D_0001133560,1,0.985968,1
D_0001133875,0,0.184718,0
D_0001133917,1,0.980955,1
D_0001134316,0,0.104506,0
D_0001134400,1,0.966345,1
D_0001134526,1,0.775728,1
D_0001134589,0,0.043746,0
D_0001134736,1,0.909830,1
D_0001134757,1,0.075325,0
D_0001135534,1,0.765282,1
D_0001136185,0,0.032980,0
D_0001136731,1,0.983805,1
D_0001136983,1,0.843108,1
D_0001137529,0,0.160643,0
D_0001137592,1,0.483525,1
D_0001138453,0,0.057288,0
D_0001138537,0,0.012891,0
D_0001139020,1,0.541976,1
D_0001139083,0,0.046799,0
D_0001139125,1,0.935073,1
D_0001139335,0,0.064184,0
D_0001139965,0,0.560447,1
D_0001140805,1,0.923920,1
D_0001141183,1,0.906918,1
D_0001141897,1,0.868324,1
D_0001142212,1,0.996551,1
D_0001142338,1,0.977730,1
D_0001142464,1,0.425936,1
D_0001142695,0,0.106197,0
D_0001142779,0,0.010794,0
D_0001142968,1,0.925605,1
D_0001143535,1,0.308115,1
D_0001143724,1,0.835053,1
D_0001143871,1,0.617024,1
D_0001144249,1,0.968322,1
D_0001144438,0,0.031788,0
D_0001144522,1,0.253025,1
D_0001144816,0,0.077194,0
D_0001145236,1,0.943211,1
D_0001145299,0,0.927602,1
D_0001145341,0,0.055539,0
D_0001145383,0,0.148841,0
D_0001145509,0,0.063257,0
D_0001145614,0,0.030849,0
D_0001145635,0,0.102132,0
D_0001146433,0,0.178124,0
D_0001146559,1,0.061423,0
D_0001146643,0,0.080864,0
D_0001146727,1,0.962281,1
D_0001147294,0,0.114807,0
D_0001147525,1,0.991299,1
D_0001147798,1,0.929563,1
D_0001148134,0,0.222489,1
D_0001148554,0,0.043405,0
D_0001148722,0,0.121630,0
D_0001149163,0,0.081204,0
D_0001149226,1,0.738314,1
D_0001149247,1,0.677150,1
D_0001149583,0,0.099439,0
D_0001150045,1,0.956009,1
D_0001150066,1,0.361050,1
D_0001150087,1,0.524078,1
D_0001150360,0,0.042010,0
D_0001150969,1,0.872345,1
D_0001151389,0,0.058901,0
D_0001151641,0,0.085700,0
D_0001151851,1,0.985080,1
D_0001152145,0,0.149402,0
D_0001152187,0,0.013564,0
D_0001152229,0,0.111990,0
D_0001152271,0,0.122856,0
D_0001152775,0,0.280622,1
D_0001153006,0,0.237373,1
D_0001153069,0,0.155234,0
D_0001153195,1,0.994950,1
D_0001153363,0,0.071493,0
D_0001153405,1,0.978000,1
D_0001153720,1,0.166546,0
D_0001153762,0,0.049694,0
D_0001153867,0,0.036993,0
D_0001153972,0,0.070494,0
D_0001154245,0,0.074581,0
D_0001155043,1,0.952855,1
D_0001156450,1,0.168118,0
D_0001156723,1,0.493265,1
D_0001156828,1,0.940324,1
D_0001156996,0,0.056903,0
D_0001157584,1,0.896548,1
D_0001157983,1,0.061561,0
D_0001158382,1,0.889236,1
D_0001158718,0,0.148240,0
D_0001158739,1,0.223292,1
D_0001158991,1,0.984602,1
D_0001159033,1,0.927684,1
D_0001159222,0,0.036715,0
D_0001159432,1,0.940228,1
D_0001159600,1,0.993907,1
D_0001160020,0,0.178784,0
D_0001160545,0,0.171568,0
D_0001160734,0,0.035748,0
D_0001161196,1,0.291731,1
D_0001161280,1,0.902636,1
D_0001161490,0,0.460332,1
D_0001161826,0,0.064689,0
D_0001161868,0,0.029679,0
D_0001162456,1,0.965182,1
D_0001163170,0,0.075512,0
D_0001163674,0,0.047608,0
D_0001163842,1,0.289347,1
D_0001164094,0,0.058383,0
D_0001164157,1,0.973430,1
D_0001164283,1,0.990521,1
D_0001164367,0,0.060727,0
D_0001164472,0,0.163871,0
D_0001164829,1,0.889960,1
D_0001164871,0,0.148783,0
D_0001165312,1,0.991519,1
D_0001165690,0,0.076558,0
D_0001165921,0,0.095663,0
D_0001166257,0,0.072955,0
D_0001166425,0,0.045702,0
D_0001167307,0,0.197733,1
D_0001167643,0,0.186541,1
D_0001167895,1,0.870986,1
D_0001168021,1,0.199065,1
D_0001168840,1,0.417905,1
D_0001168966,0,0.045034,0
D_0001169176,1,0.378683,1
D_0001169260,1,0.791120,1
D_0001169449,0,0.095440,0
D_0001169533,1,0.132060,0
D_0001169848,1,0.924509,1
D_0001170037,1,0.931662,1
D_0001170226,0,0.184322,0
D_0001170289,1,0.980789,1
D_0001170310,1,0.989130,1
D_0001170646,1,0.676295,1
D_0001170919,1,0.041965,0
D_0001171045,1,0.868966,1
D_0001171339,0,0.077915,0
D_0001171612,0,0.016188,0
D_0001171864,1,0.989032,1
D_0001172242,0,0.090874,0
D_0001173334,0,0.501916,1
D_0001173376,1,0.810455,1
D_0001173838,0,0.023815,0
D_0001174636,1,0.985193,1
D_0001174720,0,0.172734,0
D_0001175119,0,0.751625,1
D_0001175308,0,0.162191,0
D_0001175455,1,0.516356,1
D_0001175476,0,0.237452,1
D_0001176316,0,0.585035,1
D_0001177492,0,0.398637,1
D_0001178038,0,0.027707,0
D_0001178332,0,0.078197,0
D_0001179382,0,0.063289,0
D_0001179655,0,0.053961,0
D_0001180033,0,0.059326,0
D_0001180411,0,0.021135,0
D_0001180474,1,0.500712,1
D_0001180642,0,0.156920,0
D_0001180726,0,0.091807,0
D_0001181041,1,0.943988,1
D_0001181503,1,0.892657,1
D_0001181650,0,0.181253,0
D_0001181986,1,0.879156,1
D_0001182889,0,0.045847,0
D_0001183057,0,0.096919,0
D_0001183099,0,0.066182,0
D_0001183183,0,0.122566,0
D_0001183414,0,0.069261,0
D_0001183498,0,0.466532,1
D_0001184023,1,0.961001,1
D_0001184527,0,0.037393,0
D_0001184989,0,0.183480,0
D_0001185451,1,0.995284,1
D_0001185514,0,0.026262,0
D_0001185556,1,0.797633,1
D_0001185871,0,0.054146,0
D_0001186039,0,0.069632,0
D_0001186354,1,0.169781,0
D_0001186585,0,0.395259,1
D_0001187299,1,0.514837,1
D_0001187551,1,0.991964,1
D_0001188034,0,0.107101,0
D_0001188307,1,0.839826,1
D_0001188454,0,0.025023,0
D_0001188517,0,0.090610,0
D_0001188706,1,0.539130,1
D_0001188916,1,0.136150,0
D_0001188937,0,0.086174,0
D_0001189609,1,0.459785,1
D_0001189756,1,0.087463,0
D_0001189924,1,0.839370,1
D_0001190176,0,0.491334,1
D_0001190386,1,0.153438,0
D_0001190806,0,0.113491,0
D_0001191037,1,0.802107,1
D_0001191100,1,0.123927,0
D_0001191373,1,0.972839,1
D_0001191625,0,0.084955,0
D_0001191772,1,0.381917,1
D_0001191877,0,0.117029,0
D_0001192444,0,0.090923,0
D_0001192801,0,0.137524,0
D_0001193011,0,0.258310,1
D_0001193431,0,0.057901,0
D_0001193914,0,0.087961,0
D_0001194040,1,0.075705,0
D_0001194334,1,0.439544,1
D_0001194985,0,0.064418,0
D_0001195006,0,0.655620,1
D_0001195111,1,0.844160,1
D_0001195510,1,0.992122,1
D_0001195636,0,0.182796,0
D_0001195951,1,0.849509,1
D_0001196035,1,0.048547,0
D_0001196875,0,0.045103,0
D_0001198030,1,0.623927,1
D_0001198555,1,0.430726,1
D_0001198702,0,0.014943,0
D_0001198975,0,0.118696,0
D_0001199605,1,0.699067,1
D_0001199626,1,0.519310,1
D_0001199836,1,0.983124,1
D_0001199878,1,0.217461,1
D_0001200382,1,0.987757,1
D_0001200571,0,0.191113,1
D_0001200760,0,0.110869,0
D_0001200907,0,0.102971,0
D_0001201516,1,0.734429,1
D_0001201600,0,0.039624,0
D_0001201747,1,0.146926,0
D_0001201789,1,0.991360,1
D_0001201831,1,0.720767,1
D_0001201978,1,0.933691,1
D_0001202419,1,0.985169,1
D_0001202440,0,0.133138,0
D_0001202503,0,0.068643,0
D_0001202587,1,0.541602,1
D_0001202650,0,0.026658,0
D_0001202671,0,0.094339,0
D_0001202818,0,0.791785,1
D_0001202902,0,0.054395,0
D_0001203196,0,0.122849,0
D_0001203658,0,0.053043,0
D_0001203994,1,0.992963,1
D_0001204225,1,0.555034,1
D_0001204309,1,0.754788,1
D_0001204645,1,0.086454,0
D_0001205947,1,0.678844,1
D_0001206199,1,0.987368,1
D_0001206640,1,0.302608,1
D_0001207123,0,0.135776,0
D_0001207144,0,0.100295,0
D_0001207480,1,0.956521,1
D_0001207543,1,0.947121,1
D_0001207585,0,0.578938,1
D_0001207837,0,0.240453,1
D_0001207921,0,0.193862,1
D_0001208047,0,0.065460,0
D_0001208446,1,0.989952,1
D_0001208971,0,0.185108,0
D_0001209139,0,0.486564,1
D_0001209265,1,0.064024,0
D_0001209601,1,0.971843,1
D_0001209643,0,0.346706,1
D_0001209748,1,0.738017,1
D_0001210042,0,0.678826,1
D_0001210714,1,0.976131,1
D_0001210903,0,0.048615,0
D_0001211260,1,0.628661,1
D_0001211407,1,0.333677,1
D_0001211596,1,0.208413,1
D_0001211638,1,0.279105,1
D_0001211785,1,0.947878,1
D_0001212289,1,0.978383,1
D_0001212352,1,0.780967,1
D_0001212373,0,0.029159,0
D_0001212415,0,0.159155,0
D_0001212478,0,0.260095,1
D_0001212604,0,0.242644,1
D_0001212919,1,0.965689,1
D_0001213045,0,0.286446,1
D_0001213066,1,0.942623,1
D_0001213759,0,0.493894,1
D_0001213843,0,0.043692,0
D_0001213990,0,0.122011,0
D_0001214074,0,0.485501,1
D_0001214263,0,0.028287,0
D_0001214452,0,0.067171,0
D_0001215397,0,0.091970,0
D_0001215418,1,0.731097,1
D_0001215691,0,0.279703,1
D_0001215754,1,0.948345,1
D_0001215922,0,0.060694,0
D_0001216405,0,0.087769,0
D_0001216657,1,0.769549,1
D_0001216972,1,0.825655,1
D_0001217224,0,0.152773,0
D_0001217392,1,0.945454,1
D_0001217434,1,0.200169,1
D_0001217854,0,0.061801,0
D_0001217917,1,0.889451,1
D_0001218001,1,0.699796,1
D_0001218043,0,0.154780,0
D_0001218190,0,0.072122,0
D_0001218295,0,0.048631,0
D_0001218358,1,0.950905,1
D_0001218799,0,0.126383,0
D_0001219093,1,0.169621,0
D_0001219135,1,0.983459,1
D_0001219492,0,0.050292,0
D_0001219975,1,0.984487,1
D_0001220017,1,0.251575,1
D_0001220122,0,0.374896,1
D_0001220647,1,0.987969,1
D_0001220731,1,0.066355,0
D_0001220899,0,0.096010,0
D_0001221466,1,0.955111,1
D_0001221886,1,0.129496,0
D_0001221928,1,0.991349,1
D_0001222012,1,0.992816,1
D_0001222621,1,0.213129,1
D_0001222852,1,0.120400,0
D_0001222936,1,0.252575,1
D_0001223020,1,0.858214,1
D_0001223293,0,0.042707,0
D_0001223545,0,0.142666,0
D_0001223734,1,0.967298,1
D_0001224049,1,0.841776,1
D_0001224217,1,0.590391,1
D_0001224364,1,0.820804,1
D_0001224448,0,0.056861,0
D_0001224847,1,0.995289,1
D_0001224868,0,0.160095,0
D_0001224952,0,0.048850,0
D_0001224973,1,0.167807,0
D_0001225015,1,0.740021,1
D_0001225078,1,0.085940,0
D_0001225351,1,0.253315,1
D_0001225771,1,0.935567,1
D_0001226149,0,0.043453,0
D_0001227283,1,0.185821,1
D_0001227430,1,0.843542,1
D_0001227472,1,0.886002,1
D_0001227577,1,0.995878,1
D_0001228354,1,0.987045,1
D_0001228648,1,0.596351,1
D_0001229383,1,0.992508,1
D_0001229593,0,0.124693,0
D_0001230076,1,0.943977,1
D_0001230580,1,0.851145,1
D_0001230979,1,0.520930,1
D_0001231126,1,0.972131,1
D_0001231147,1,0.962776,1
D_0001231315,0,0.096062,0
D_0001231399,1,0.989785,1
D_0001231483,0,0.072632,0
D_0001232260,1,0.650028,1
D_0001232470,1,0.362556,1
D_0001232512,1,0.987158,1
D_0001232680,0,0.217694,1
D_0001232869,0,0.166343,0
D_0001233079,1,0.938645,1
D_0001233184,0,0.234984,1
D_0001233331,1,0.127356,0
D_0001233667,0,0.315749,1
D_0001233961,1,0.070912,0
D_0001234864,0,0.078872,0
D_0001235599,0,0.045161,0
D_0001235935,0,0.123218,0
D_0001236061,1,0.951309,1
D_0001236103,0,0.073017,0
D_0001236124,1,0.925997,1
D_0001236712,0,0.029864,0
D_0001236817,1,0.487480,1
D_0001237132,0,0.826777,1
D_0001237174,1,0.765216,1
D_0001237657,1,0.175558,0
D_0001237720,0,0.109949,0
D_0001237783,1,0.575196,1
D_0001237993,1,0.763204,1
D_0001238140,0,0.336801,1
D_0001238413,1,0.707864,1
D_0001238518,0,0.651079,1
D_0001238581,1,0.993141,1
D_0001238602,0,0.025155,0
D_0001238896,1,0.336163,1
D_0001238917,1,0.083680,0
D_0001238980,1,0.831116,1
D_0001239946,1,0.192126,1
D_0001240429,1,0.980849,1
D_0001240618,0,0.039623,0
D_0001241101,1,0.821330,1
D_0001241773,0,0.056401,0
D_0001242193,0,0.061118,0
D_0001242466,0,0.185378,1
D_0001242550,0,0.580789,1
D_0001242655,0,0.977776,1
D_0001243012,1,0.713982,1
D_0001243075,0,0.047604,0
D_0001243180,1,0.150250,0
D_0001243474,1,0.949399,1
D_0001243516,1,0.980912,1
D_0001243579,0,0.055954,0
D_0001243831,1,0.905765,1
D_0001244041,1,0.105676,0
D_0001244230,0,0.125646,0
D_0001244251,1,0.979517,1
D_0001244398,1,0.989566,1
D_0001244503,0,0.150745,0
D_0001244545,1,0.983405,1
D_0001244587,0,0.155087,0
D_0001245112,1,0.967769,1
D_0001245973,1,0.116815,0
D_0001246540,0,0.099874,0
D_0001246792,1,0.472816,1
D_0001247674,0,0.040194,0
D_0001247800,1,0.640765,1
D_0001248409,1,0.392665,1
D_0001248745,1,0.972086,1
D_0001248913,0,0.114800,0
D_0001249165,0,0.061225,0
D_0001249291,1,0.978974,1
D_0001249417,1,0.975498,1
D_0001249585,1,0.389497,1
D_0001249711,0,0.090247,0
D_0001249816,1,0.977944,1
D_0001250131,1,0.965177,1
D_0001250593,0,0.031570,0
D_0001250740,1,0.034203,0
D_0001251181,0,0.107838,0
D_0001252252,0,0.069158,0
D_0001252357,0,0.162985,0
D_0001252441,0,0.147802,0
D_0001252735,1,0.210424,1
D_0001252798,1,0.991934,1
D_0001253113,1,0.805898,1
D_0001253260,1,0.977181,1
D_0001253323,1,0.991994,1
D_0001253512,0,0.028382,0
D_0001253659,1,0.922399,1
D_0001253722,0,0.162203,0
D_0001254226,1,0.990029,1
D_0001254247,0,0.098872,0
D_0001255297,1,0.846231,1
D_0001255339,1,0.961196,1
D_0001255549,1,0.637793,1
D_0001255654,0,0.139186,0
D_0001255717,0,0.019057,0
D_0001255759,1,0.988599,1
D_0001255801,0,0.151574,0
D_0001256347,0,0.388442,1
D_0001256473,0,0.393655,1
D_0001256788,1,0.744328,1
D_0001256998,0,0.010156,0
D_0001257376,1,0.925449,1
D_0001257628,1,0.971527,1
D_0001257880,1,0.867835,1
D_0001258321,1,0.112041,0
D_0001258888,0,0.024367,0
D_0001259098,1,0.886090,1
D_0001259455,1,0.988186,1
D_0001260673,0,0.065320,0
D_0001261618,0,0.221527,1
D_0001262038,0,0.408782,1
D_0001262122,0,0.154477,0
D_0001262374,1,0.205184,1
D_0001262437,1,0.948910,1
D_0001262479,1,0.298708,1
D_0001262605,1,0.796945,1
D_0001262647,1,0.981420,1
D_0001262710,0,0.026510,0
D_0001263550,1,0.989501,1
D_0001263655,1,0.048242,0
D_0001263697,0,0.001762,0
D_0001263718,0,0.101659,0
D_0001263928,0,0.069675,0
D_0001264075,1,0.226735,1
D_0001264621,1,0.148865,0
D_0001264747,0,0.033812,0
D_0001264852,1,0.808915,1
D_0001264978,1,0.816263,1
D_0001265251,0,0.074890,0
D_0001265419,0,0.073014,0
D_0001265650,0,0.957044,1
D_0001266007,1,0.975540,1
D_0001266175,1,0.610338,1
D_0001266196,1,0.966710,1
D_0001266469,1,0.171492,0
D_0001267351,1,0.197061,1
D_0001267435,0,0.265657,1
D_0001267855,1,0.771931,1
D_0001268233,1,0.716829,1
D_0001268548,1,0.885326,1
D_0001268695,1,0.990445,1
D_0001269283,0,0.049756,0
D_0001269724,1,0.988072,1
D_0001269976,0,0.018094,0
D_0001270207,0,0.741324,1
D_0001270417,0,0.449156,1
D_0001270459,0,0.200250,1
D_0001271761,1,0.984138,1
D_0001272181,0,0.031881,0
D_0001272202,0,0.235078,1
D_0001272643,0,0.196517,1
D_0001273084,1,0.875477,1
D_0001273126,0,0.060811,0
D_0001273630,0,0.139650,0
D_0001273882,1,0.952417,1
D_0001273903,1,0.195796,1
D_0001274491,0,0.068495,0
D_0001274533,0,0.594550,1
D_0001275142,0,0.017873,0
D_0001275373,1,0.104410,0
D_0001275982,1,0.274747,1
D_0001276213,0,0.122762,0
D_0001276759,1,0.072215,0
D_0001276780,1,0.866295,1
D_0001277431,0,0.138238,0
D_0001278019,1,0.943755,1
D_0001278040,0,0.061090,0
D_0001278187,1,0.542469,1
D_0001278334,1,0.956900,1
D_0001278523,1,0.364810,1
D_0001279762,1,0.867167,1
D_0001279846,0,0.107573,0
D_0001280644,1,0.836768,1
D_0001280980,1,0.956999,1
D_0001281106,1,0.964164,1
D_0001281127,1,0.303481,1
D_0001281799,1,0.911852,1
D_0001282030,0,0.065421,0
D_0001282051,1,0.988053,1
D_0001282282,1,0.191929,1
D_0001282786,1,0.898131,1
D_0001283416,0,0.053281,0
D_0001283458,1,0.365610,1
D_0001283689,0,0.757726,1
D_0001283773,1,0.984682,1
D_0001284865,1,0.991506,1
D_0001284886,0,0.373066,1
D_0001285369,0,0.129878,0
D_0001286524,1,0.995918,1
D_0001286755,0,0.101343,0
D_0001286839,1,0.960912,1
D_0001286881,1,0.323648,1
D_0001286944,1,0.895442,1
D_0001287469,0,0.006409,0
D_0001288036,0,0.226219,1
D_0001289149,1,0.983143,1
D_0001289548,0,0.055829,0
D_0001289758,0,0.194588,1
D_0001290031,1,0.127110,0
D_0001290178,1,0.980531,1
D_0001290493,1,0.988002,1
D_0001290556,0,0.227218,1
D_0001290619,1,0.560962,1
D_0001291081,1,0.911887,1
D_0001291396,1,0.992510,1
D_0001291732,1,0.105257,0
D_0001292173,0,0.290342,1
D_0001292236,0,0.921457,1
D_0001292782,0,0.108007,0
D_0001292971,0,0.102125,0
D_0001293139,1,0.127281,0
D_0001293538,1,0.925578,1
D_0001294105,0,0.174561,0
D_0001294126,1,0.915971,1
D_0001294252,0,0.183036,0
D_0001294525,0,0.095553,0
D_0001294609,0,0.121259,0
D_0001294672,1,0.876838,1
D_0001294735,1,0.994615,1
D_0001295134,1,0.467950,1
D_0001295344,0,0.141361,0
D_0001295407,0,0.123200,0
D_0001295596,0,0.125734,0
D_0001295722,0,0.232852,1
D_0001295764,0,0.145237,0
D_0001296394,1,0.825807,1
D_0001296499,1,0.929488,1
D_0001296646,1,0.844780,1
D_0001296667,1,0.524863,1
D_0001296709,1,0.803524,1
D_0001297339,0,0.147559,0
D_0001297402,1,0.507171,1
D_0001297612,0,0.078673,0
D_0001297717,0,0.011832,0
D_0001297780,0,0.109567,0
D_0001298704,0,0.389828,1
D_0001298746,0,0.057103,0
D_0001298788,1,0.988527,1
D_0001298851,1,0.673412,1
D_0001299040,1,0.969661,1
D_0001299061,1,0.972229,1
D_0001299313,0,0.213425,1
D_0001299502,0,0.028246,0
D_0001299544,1,0.977139,1
D_0001300048,0,0.174674,0
D_0001301056,0,0.091086,0
D_0001301497,1,0.103968,0
D_0001302526,1,0.938943,1
D_0001302589,0,0.153287,0
D_0001302694,0,0.079306,0
D_0001302925,0,0.090590,0
D_0001303513,0,0.226272,1
D_0001304731,0,0.017082,0
D_0001305361,1,0.132147,0
D_0001305676,1,0.792004,1
D_0001305928,1,0.994779,1
D_0001306999,1,0.647269,1
D_0001307209,1,0.940713,1
D_0001307293,0,0.228912,1
D_0001307860,0,0.173348,0
D_0001307902,1,0.104944,0
D_0001308007,0,0.036307,0
D_0001308091,0,0.046205,0
D_0001308238,1,0.965213,1
D_0001309015,1,0.977731,1
D_0001309813,1,0.687912,1
D_0001310590,1,0.065717,0
D_0001310737,0,0.104580,0
D_0001310842,1,0.325946,1
D_0001310863,1,0.826703,1
D_0001311304,1,0.942558,1
D_0001311367,0,0.215192,1
D_0001311640,0,0.117200,0
D_0001311766,1,0.965325,1
D_0001312333,0,0.066623,0
D_0001312564,1,0.105981,0
D_0001312753,1,0.154260,0
D_0001312858,0,0.023021,0
D_0001313026,1,0.910304,1
D_0001313803,1,0.134314,0
D_0001313824,1,0.383303,1
D_0001314139,0,0.107695,0
D_0001314580,1,0.221660,1
D_0001315042,1,0.818670,1
D_0001315357,1,0.907515,1
D_0001315441,0,0.326417,1
D_0001315546,0,0.071073,0
D_0001315861,1,0.275200,1
D_0001316449,0,0.078444,0
D_0001316995,1,0.475971,1
D_0001317268,0,0.079831,0
D_0001317709,0,0.148787,0
D_0001317814,1,0.712208,1
D_0001317898,1,0.128548,0
D_0001318192,0,0.428314,1
D_0001318234,1,0.899056,1
D_0001318444,1,0.865511,1
D_0001318591,1,0.847674,1
D_0001319473,1,0.970780,1
D_0001319620,1,0.284337,1
D_0001320292,0,0.238381,1
D_0001320712,1,0.195884,1
D_0001320922,1,0.317068,1
D_0001321447,0,0.115852,0
D_0001321846,1,0.823463,1
D_0001322203,1,0.913225,1
D_0001322350,1,0.406031,1
D_0001322413,0,0.250035,1
D_0001323211,1,0.987127,1
D_0001323316,1,0.975800,1
D_0001323862,0,0.014100,0
D_0001324009,1,0.151370,0
D_0001324366,0,0.031567,0
D_0001324912,1,0.201975,1
D_0001325479,0,0.042197,0
D_0001325500,0,0.069066,0
D_0001325668,0,0.117627,0
D_0001325689,1,0.903491,1
D_0001325773,1,0.744007,1
D_0001326424,1,0.891938,1
D_0001326571,1,0.230550,1
D_0001326802,0,0.324596,1
D_0001326865,1,0.282337,1
D_0001327096,1,0.930550,1
D_0001328188,0,0.056123,0
D_0001328503,1,0.774632,1
D_0001328902,0,0.473455,1
D_0001328923,1,0.840788,1
D_0001329091,0,0.047994,0
D_0001329154,1,0.475646,1
D_0001329280,0,0.050162,0
D_0001329931,1,0.703484,1
D_0001330498,1,0.960417,1
D_0001330645,0,0.089464,0
D_0001330729,1,0.281578,1
D_0001330960,0,0.250520,1
D_0001331086,0,0.633716,1
D_0001331275,0,0.149228,0
D_0001331317,0,0.871355,1
D_0001331359,0,0.141480,0
D_0001331380,0,0.057790,0
D_0001331401,0,0.025398,0
D_0001331506,1,0.566231,1
D_0001331527,0,0.115388,0
D_0001331548,1,0.341700,1
D_0001331569,1,0.353855,1
D_0001332241,0,0.064849,0
D_0001332472,0,0.068368,0
D_0001333480,1,0.787481,1
D_0001333648,0,0.905847,1
D_0001333774,1,0.116170,0
D_0001334677,1,0.125619,0
D_0001335349,0,0.192417,1
D_0001335517,1,0.337757,1
D_0001335538,0,0.162605,0
D_0001335811,1,0.989840,1
D_0001335832,0,0.203792,1
D_0001336084,0,0.108891,0
D_0001336147,1,0.980490,1
D_0001336210,1,0.237166,1
D_0001336819,0,0.181204,0
D_0001337113,0,0.178314,0
D_0001337197,1,0.963435,1
D_0001337491,1,0.256286,1
D_0001338016,1,0.993048,1
D_0001338142,1,0.926822,1
D_0001338184,0,0.040181,0
D_0001338226,0,0.273270,1
D_0001338310,0,0.153088,0
D_0001338352,1,0.390661,1
D_0001338373,0,0.872397,1
D_0001338772,1,0.161428,0
D_0001338898,0,0.076160,0
D_0001338919,1,0.946105,1
D_0001339990,1,0.104245,0
D_0001340725,1,0.974387,1
D_0001340809,1,0.858876,1
D_0001341229,0,0.032129,0
D_0001341250,1,0.065337,0
D_0001341670,1,0.061839,0
D_0001341754,1,0.552757,1
D_0001342993,0,0.403044,1
D_0001343140,1,0.750882,1
D_0001343203,1,0.958743,1
D_0001344379,0,0.091221,0
D_0001344505,0,0.137996,0
D_0001345009,1,0.932429,1
D_0001345240,0,0.267905,1
D_0001345366,0,0.018604,0
D_0001345534,1,0.273917,1
D_0001345828,0,0.314624,1
D_0001346038,0,0.114552,0
D_0001346374,0,0.025429,0
D_0001346542,0,0.163857,0
D_0001346563,0,0.397611,1
D_0001346626,1,0.967340,1
D_0001346689,0,0.189978,1
D_0001347088,1,0.138941,0
D_0001347424,0,0.377047,1
D_0001347529,1,0.836944,1
D_0001347613,0,0.192858,1
D_0001348159,1,0.805411,1
D_0001348201,1,0.964685,1
D_0001348642,0,0.312099,1
D_0001348957,1,0.900100,1
D_0001349167,0,0.098413,0
D_0001349965,1,0.958784,1
D_0001350049,0,0.306153,1
D_0001350448,0,0.459254,1
D_0001351225,1,0.649733,1
D_0001351876,1,0.069300,0
D_0001352044,0,0.576318,1
D_0001352149,0,0.257568,1
D_0001352191,1,0.981044,1
D_0001352464,1,0.931466,1
D_0001352821,0,0.065901,0
D_0001353325,1,0.967217,1
D_0001353514,1,0.763810,1
D_0001354501,1,0.849292,1
D_0001355110,0,0.530219,1
D_0001355341,0,0.049254,0
D_0001356370,0,0.227615,1
D_0001356454,0,0.230284,1
D_0001356517,0,0.357712,1
D_0001356916,1,0.615645,1
D_0001357063,1,0.993839,1
D_0001357357,1,0.523517,1
D_0001357756,1,0.349498,1
D_0001358071,1,0.993950,1
D_0001358533,1,0.973856,1
D_0001359121,0,0.241319,1
D_0001359541,1,0.363532,1
D_0001359583,0,0.050363,0
D_0001359604,1,0.392745,1
D_0001359835,0,0.212879,1
D_0001361158,1,0.737389,1
D_0001361452,1,0.764112,1
D_0001361683,1,0.858374,1
D_0001361704,0,0.083246,0
D_0001361851,1,0.507018,1
D_0001362754,1,0.968596,1
D_0001364077,1,0.516357,1
D_0001364329,1,0.993059,1
D_0001364350,0,0.074464,0
D_0001364665,0,0.091045,0
D_0001365631,1,0.978017,1
D_0001366051,0,0.028329,0
D_0001366240,1,0.932999,1
D_0001366471,1,0.138643,0
D_0001366597,1,0.955643,1
D_0001366723,0,0.093256,0
D_0001366849,0,0.137319,0
D_0001367353,0,0.088960,0
D_0001367752,1,0.609307,1
D_0001367815,1,0.915902,1
D_0001368991,0,0.147794,0
D_0001369558,0,0.040112,0
D_0001369726,1,0.757919,1
D_0001369747,0,0.030712,0
D_0001370209,0,0.161929,0
D_0001370398,0,0.037167,0
D_0001370524,0,0.084397,0
D_0001370902,1,0.941593,1
D_0001371574,1,0.914132,1
D_0001371784,1,0.352999,1
D_0001371973,1,0.940212,1
D_0001372267,0,0.069540,0
D_0001372792,1,0.964167,1
D_0001373233,1,0.865291,1
D_0001373338,1,0.958359,1
D_0001373632,1,0.966192,1
D_0001373674,1,0.970402,1
D_0001373800,1,0.103620,0
D_0001374094,0,0.213228,1
D_0001374178,1,0.604704,1
D_0001374367,0,0.097702,0
D_0001374493,1,0.970615,1
D_0001374535,1,0.990477,1
D_0001375207,0,0.102912,0
D_0001375690,0,0.077222,0
D_0001376236,1,0.081532,0
D_0001376425,1,0.979581,1
D_0001376446,1,0.964968,1
D_0001376488,1,0.647170,1
D_0001376782,0,0.042679,0
D_0001376971,0,0.026959,0
D_0001377034,0,0.072433,0
D_0001377202,1,0.228018,1
D_0001377475,0,0.154537,0
D_0001377832,1,0.710795,1
D_0001377916,0,0.199346,1
D_0001377979,0,0.085139,0
D_0001378189,0,0.138599,0
D_0001378378,0,0.024335,0
D_0001379008,0,0.340450,1
D_0001379092,0,0.032476,0
D_0001379218,1,0.950175,1
D_0001379260,1,0.554404,1
D_0001379302,1,0.965923,1
D_0001379386,0,0.576117,1
D_0001379638,1,0.995015,1
D_0001380898,1,0.165305,0
D_0001380940,1,0.920493,1
D_0001381024,0,0.115865,0
D_0001381045,1,0.940420,1
D_0001381318,1,0.234042,1
D_0001382179,1,0.810589,1
D_0001382326,0,0.319601,1
D_0001382494,1,0.984006,1
D_0001382599,1,0.814849,1
D_0001382746,0,0.142312,0
D_0001383082,1,0.782086,1
D_0001383985,1,0.994813,1
D_0001384762,0,0.021227,0
D_0001384993,1,0.446158,1
D_0001385182,1,0.936361,1
D_0001385497,0,0.036138,0
D_0001385749,1,0.994684,1
D_0001386085,0,0.025726,0
D_0001386442,1,0.214748,1
D_0001386631,0,0.234822,1
D_0001387114,1,0.721436,1
D_0001387135,1,0.993418,1
D_0001388353,1,0.943666,1
D_0001388626,0,0.185225,1
D_0001388836,0,0.040914,0
D_0001389067,0,0.046473,0
D_0001389298,0,0.677089,1
D_0001389319,0,0.019012,0
D_0001389970,0,0.026121,0
D_0001390075,0,0.062530,0
D_0001390117,0,0.127913,0
D_0001390390,1,0.992624,1
D_0001390495,0,0.039713,0
D_0001390915,1,0.600262,1
D_0001390999,1,0.986475,1
D_0001391020,0,0.552576,1
D_0001391335,0,0.169061,0
D_0001392217,1,0.985851,1
D_0001392469,1,0.245191,1
D_0001392847,0,0.079640,0
D_0001393183,1,0.905291,1
D_0001393981,1,0.787695,1
D_0001394128,0,0.018487,0
D_0001394611,0,0.094469,0
D_0001394674,0,0.006889,0
D_0001395367,1,0.892050,1
D_0001395388,1,0.980105,1
D_0001396060,0,0.399127,1
D_0001396165,0,0.039312,0
D_0001396396,1,0.905620,1
D_0001396816,0,0.075364,0
D_0001397299,1,0.117478,0
D_0001397698,1,0.939050,1
D_0001397719,1,0.876095,1
D_0001397866,1,0.988336,1
D_0001398664,1,0.916913,1
D_0001398769,0,0.070882,0
D_0001398811,0,0.183953,0
D_0001398832,1,0.577080,1
D_0001398937,0,0.025432,0
D_0001399000,0,0.048635,0
D_0001399357,0,0.093005,0
D_0001399903,0,0.050783,0
D_0001400449,1,0.238978,1
D_0001400491,1,0.987617,1
D_0001400701,0,0.126390,0
D_0001400806,1,0.986671,1
D_0001401436,1,0.959174,1
D_0001401562,0,0.187196,1
D_0001401730,0,0.056085,0
D_0001402087,0,0.011776,0
D_0001402822,1,0.960119,1
D_0001402885,0,0.070264,0
D_0001402990,1,0.980487,1
D_0001403326,1,0.985422,1
D_0001404124,1,0.079433,0
D_0001404691,0,0.072947,0
D_0001405006,0,0.136943,0
D_0001405090,1,0.097115,0
D_0001406140,0,0.065361,0
D_0001406644,1,0.688020,1
D_0001406875,0,0.231224,1
D_0001407232,0,0.039947,0
D_0001407379,0,0.168156,0
D_0001407400,0,0.280533,1
D_0001407694,1,0.763804,1
D_0001407757,1,0.263757,1
D_0001407799,1,0.907748,1
D_0001407820,0,0.049212,0
D_0001408177,0,0.038888,0
D_0001408282,1,0.605846,1
D_0001408429,0,0.095902,0
D_0001409290,1,0.397354,1
D_0001409374,0,0.132856,0
D_0001409626,1,0.969680,1
D_0001409836,1,0.891299,1
D_0001409878,1,0.749689,1
D_0001410172,0,0.040510,0
D_0001410382,1,0.981310,1
D_0001410592,0,0.101465,0
D_0001410760,1,0.989556,1
D_0001411264,0,0.026078,0
D_0001411411,1,0.964083,1
D_0001411642,1,0.916688,1
D_0001411747,0,0.164540,0
D_0001411831,0,0.117822,0
D_0001412083,0,0.296990,1
D_0001412986,0,0.063360,0
D_0001413448,1,0.891371,1
D_0001413595,1,0.850630,1
D_0001414393,1,0.977775,1
D_0001414477,1,0.684274,1
D_0001414624,0,0.169433,0
D_0001414729,0,0.046390,0
D_0001415338,1,0.992842,1
D_0001415485,0,0.960441,1
D_0001415884,0,0.193383,1
D_0001415905,0,0.440413,1
D_0001415989,0,0.102002,0
D_0001416010,0,0.037998,0
D_0001416472,1,0.997250,1
D_0001416661,1,0.931539,1
D_0001417249,1,0.936088,1
D_0001417333,0,0.229739,1
D_0001417942,1,0.248506,1
D_0001417963,1,0.993372,1
D_0001418236,1,0.662594,1
D_0001419286,1,0.985456,1
D_0001420399,0,0.067209,0
D_0001420525,1,0.171758,0
D_0001420630,1,0.593756,1
D_0001421071,1,0.932829,1
D_0001421092,0,0.018208,0
D_0001421512,0,0.319199,1
D_0001421680,1,0.988577,1
D_0001421869,1,0.079363,0
D_0001421953,1,0.232361,1
D_0001422520,1,0.980214,1
D_0001422625,1,0.961678,1
D_0001422667,1,0.941208,1
D_0001423192,1,0.750308,1
D_0001423423,0,0.107818,0
D_0001423528,1,0.041341,0
D_0001423675,1,0.960468,1
D_0001423696,1,0.951220,1
D_0001423948,0,0.136970,0
D_0001423990,0,0.027811,0
D_0001424179,0,0.789182,1
D_0001425271,1,0.969754,1
D_0001425460,1,0.980838,1
D_0001426363,1,0.983902,1
D_0001426993,0,0.213981,1
D_0001427140,0,0.089533,0
D_0001427350,0,0.306312,1
D_0001427623,1,0.847986,1
D_0001427959,0,0.134102,0
D_0001428001,1,0.739925,1
D_0001428946,0,0.079273,0
D_0001429387,0,0.121136,0
D_0001429933,1,0.931721,1
D_0001430395,1,0.637688,1
D_0001430500,0,0.069479,0
D_0001430542,1,0.991839,1
D_0001430584,0,0.035923,0
D_0001430815,1,0.355982,1
D_0001430836,1,0.284373,1
D_0001431361,0,0.131671,0
D_0001431571,0,0.145295,0
D_0001431655,1,0.975390,1
D_0001431760,1,0.974617,1
D_0001431802,1,0.060378,0
D_0001432096,0,0.036346,0
D_0001433314,0,0.147065,0
D_0001433398,1,0.067507,0
D_0001433881,0,0.074103,0
D_0001434112,1,0.183241,0
D_0001434133,1,0.929941,1
D_0001434427,1,0.871586,1
D_0001434658,0,0.046773,0
D_0001435624,0,0.030321,0
D_0001435645,1,0.785300,1
D_0001435666,0,0.044099,0
D_0001435960,0,0.054560,0
D_0001435981,1,0.961845,1
D_0001436548,0,0.048423,0
D_0001436590,0,0.019224,0
D_0001436695,0,0.023145,0
D_0001436737,0,0.219847,1
D_0001436779,1,0.984449,1
D_0001436968,0,0.104612,0
D_0001437325,1,0.847264,1
D_0001438585,1,0.143216,0
D_0001438942,1,0.242626,1
D_0001438984,0,0.309939,1
D_0001439131,1,0.203296,1
D_0001439656,1,0.836486,1
D_0001439740,1,0.951749,1
D_0001439908,0,0.072284,0
D_0001441126,1,0.049349,0
D_0001441357,0,0.174941,0
D_0001441420,1,0.953901,1
D_0001441462,1,0.923802,1
D_0001441882,1,0.953673,1
D_0001442281,1,0.952072,1
D_0001442680,0,0.012440,0
D_0001443310,0,0.169524,0
D_0001443352,0,0.090313,0
D_0001443520,1,0.979175,1
D_0001443940,1,0.107298,0
D_0001444003,1,0.773601,1
D_0001444213,1,0.674650,1
D_0001444633,0,0.132640,0
D_0001444717,1,0.445767,1
D_0001445809,1,0.590370,1
D_0001446250,1,0.206002,1
D_0001446691,1,0.746603,1
D_0001446733,1,0.956662,1
D_0001446964,1,0.945060,1
D_0001447804,1,0.981265,1
D_0001447909,1,0.273034,1
D_0001448329,0,0.187262,1
D_0001449085,1,0.681808,1
D_0001449652,1,0.966700,1
D_0001450408,0,0.103378,0
D_0001450723,0,0.316124,1
D_0001451521,1,0.563761,1
D_0001451668,0,0.040054,0
D_0001452067,0,0.021435,0
D_0001452214,1,0.937845,1
D_0001452340,0,0.255602,1
D_0001453096,0,0.029229,0
D_0001453222,1,0.840055,1
D_0001453432,1,0.988744,1
D_0001453474,1,0.831947,1
D_0001453621,1,0.132176,0
D_0001453978,0,0.166570,0
D_0001454062,1,0.088648,0
D_0001454104,0,0.012547,0
D_0001454314,1,0.979382,1
D_0001454524,1,0.681443,1
D_0001454629,0,0.094176,0
D_0001455028,0,0.112275,0
D_0001455574,1,0.520656,1
D_0001455952,1,0.857826,1
D_0001456267,1,0.234556,1
D_0001456456,1,0.650123,1
D_0001456519,1,0.569814,1
D_0001456813,1,0.952244,1
D_0001456918,1,0.980166,1
D_0001457191,0,0.037396,0
D_0001457422,0,0.010992,0
D_0001457485,1,0.093539,0
D_0001457800,0,0.104968,0
D_0001457842,1,0.986341,1
D_0001458052,1,0.987346,1
D_0001458115,1,0.238945,1
D_0001458409,0,0.149590,0
D_0001458577,0,0.912114,1
D_0001459249,0,0.018436,0
D_0001459270,1,0.993959,1
D_0001459438,1,0.703693,1
D_0001459816,1,0.970765,1
D_0001459963,0,0.351552,1
D_0001460089,1,0.977485,1
D_0001460131,1,0.677218,1
D_0001461412,0,0.279766,1
D_0001461517,1,0.866540,1
D_0001461895,0,0.850499,1
D_0001462021,0,0.097786,0
D_0001462441,1,0.990334,1
D_0001462483,1,0.860416,1
D_0001462504,1,0.979000,1
D_0001462861,1,0.969377,1
D_0001462966,1,0.891968,1
D_0001463092,0,0.202627,1
D_0001463134,1,0.495437,1
D_0001463869,1,0.066764,0
D_0001463911,1,0.031855,0
D_0001464583,0,0.132146,0
D_0001464856,0,0.138252,0
D_0001465045,0,0.062270,0
D_0001465171,0,0.062573,0
D_0001465381,0,0.013902,0
D_0001465549,0,0.497208,1
D_0001465633,0,0.128828,0
D_0001466221,1,0.445323,1
D_0001466746,0,0.263820,1
D_0001466998,0,0.149816,0
D_0001467292,1,0.994310,1
D_0001467670,0,0.590159,1
D_0001468363,1,0.982788,1
D_0001468426,1,0.406869,1
D_0001468657,0,0.039979,0
D_0001468930,0,0.339339,1
D_0001469224,1,0.068059,0
D_0001469350,1,0.980301,1
D_0001469497,1,0.852783,1
D_0001469623,0,0.143224,0
D_0001469854,1,0.131344,0
D_0001470106,0,0.670403,1
D_0001470547,1,0.380281,1
D_0001471135,0,0.123012,0
D_0001471324,1,0.839622,1
D_0001471975,1,0.896839,1
D_0001472248,0,0.068155,0
D_0001472500,0,0.265290,1
D_0001472878,1,0.960182,1
D_0001472962,1,0.633730,1
D_0001473151,0,0.111937,0
D_0001473424,0,0.621837,1
D_0001473550,1,0.928688,1
D_0001474180,0,0.545438,1
D_0001474201,0,0.078792,0
D_0001474327,0,0.041396,0
D_0001474432,1,0.991116,1
D_0001474453,0,0.030686,0
D_0001474621,1,0.989947,1
D_0001474999,1,0.755273,1
D_0001475692,0,0.144966,0
D_0001475776,1,0.920644,1
D_0001475839,1,0.259646,1
D_0001476007,0,0.052640,0
D_0001476070,0,0.157752,0
D_0001476301,0,0.408814,1
D_0001477267,1,0.969500,1
D_0001477477,1,0.991519,1
D_0001477708,0,0.133800,0
D_0001477771,1,0.320611,1
D_0001478107,1,0.180671,0
D_0001478359,0,0.982063,1
D_0001479241,0,0.177334,0
D_0001479304,0,0.059205,0
D_0001479955,0,0.043670,0
D_0001480081,0,0.085512,0
D_0001480291,0,0.099423,0
D_0001480333,1,0.832478,1
D_0001480459,1,0.170869,0
D_0001480480,1,0.454397,1
D_0001480690,0,0.041685,0
D_0001480858,1,0.773296,1
D_0001481635,0,0.155455,0
D_0001482097,0,0.003320,0
D_0001482265,0,0.036794,0
D_0001482496,1,0.169616,0
D_0001482622,1,0.049770,0
D_0001482769,0,0.044566,0
D_0001482937,1,0.989566,1
D_0001482979,1,0.985889,1
D_0001483168,0,0.049904,0
D_0001483231,1,0.707482,1
D_0001483420,0,0.110053,0
D_0001483819,0,0.315326,1
D_0001484071,0,0.112268,0
D_0001484134,1,0.880936,1
D_0001484197,1,0.971652,1
D_0001484533,1,0.214791,1
D_0001484596,1,0.926862,1
D_0001484806,1,0.350928,1
D_0001485247,1,0.958972,1
D_0001486276,1,0.783469,1
D_0001486696,1,0.790742,1
D_0001486885,0,0.208644,1
D_0001487032,1,0.078810,0
D_0001487221,0,0.121151,0
D_0001487326,0,0.054607,0
D_0001487536,0,0.108438,0
D_0001487599,1,0.940408,1
D_0001487746,1,0.782530,1
D_0001487914,1,0.347094,1
D_0001488061,0,0.067082,0
D_0001488208,0,0.053459,0
D_0001488481,0,0.062178,0
D_0001489090,0,0.032301,0
D_0001489111,1,0.987916,1
D_0001489237,1,0.988787,1
D_0001489447,1,0.691084,1
D_0001489762,0,0.259349,1
D_0001489951,0,0.159061,0
D_0001490098,1,0.981233,1
D_0001490119,0,0.034104,0
D_0001490602,1,0.955257,1
D_0001491337,0,0.294786,1
D_0001491379,0,0.324488,1
D_0001491400,1,0.816422,1
D_0001491757,0,0.195624,1
D_0001492345,0,0.073830,0
D_0001493374,0,0.017387,0
D_0001493416,1,0.220576,1
D_0001493626,1,0.991230,1
D_0001493731,0,0.109466,0
D_0001494025,1,0.994579,1
D_0001494613,1,0.844540,1
D_0001494718,0,0.078840,0
D_0001494802,1,0.986333,1
D_0001494907,1,0.918391,1
D_0001495138,1,0.286852,1
D_0001495516,0,0.056621,0
D_0001495600,1,0.962942,1
D_0001496083,0,0.095730,0
D_0001496230,1,0.967081,1
D_0001496818,0,0.080322,0
D_0001497805,0,0.354131,1
D_0001498372,0,0.098040,0
D_0001498414,1,0.979665,1
D_0001498687,1,0.260753,1
D_0001498771,1,0.987641,1
D_0001498855,0,0.035110,0
D_0001498981,1,0.818670,1
D_0001499128,1,0.961442,1
D_0001499653,1,0.567955,1
D_0001499989,1,0.931359,1
D_0001500073,0,0.126823,0
D_0001500346,1,0.963949,1
D_0001500493,1,0.397128,1
D_0001500535,0,0.018243,0
D_0001500850,1,0.966126,1
D_0001501018,1,0.870810,1
D_0001501102,1,0.198275,1
D_0001501186,1,0.310730,1
D_0001501795,0,0.097614,0
D_0001502194,0,0.044605,0
D_0001502341,0,0.032899,0
D_0001503055,1,0.983314,1
D_0001503118,1,0.932180,1
D_0001503181,1,0.563207,1
D_0001503307,1,0.926205,1
D_0001503391,1,0.990211,1
D_0001503895,1,0.151925,0
D_0001504063,0,0.035466,0
D_0001504630,1,0.703064,1
D_0001505176,0,0.407503,1
D_0001505407,1,0.990380,1
D_0001505470,0,0.011071,0
D_0001505848,0,0.243056,1
D_0001506247,1,0.106001,0
D_0001506478,1,0.981007,1
D_0001506562,0,0.135445,0
D_0001506646,1,0.801012,1
D_0001506835,1,0.826978,1
D_0001506919,1,0.974205,1
D_0001506961,0,0.114294,0
D_0001507213,0,0.017311,0
D_0001507486,1,0.992489,1
D_0001507717,1,0.132652,0
D_0001507822,0,0.050737,0
D_0001508179,0,0.203301,1
D_0001508326,1,0.797455,1
D_0001508830,1,0.834180,1
D_0001509103,1,0.217916,1
D_0001509376,1,0.631009,1
D_0001509418,0,0.045558,0
D_0001509817,0,0.030784,0
D_0001510048,0,0.469597,1
D_0001510489,0,0.031690,0
D_0001510825,1,0.088629,0
D_0001510909,0,0.178265,0
D_0001511455,0,0.116346,0
D_0001511518,0,0.047463,0
D_0001512211,0,0.190491,1
D_0001512589,0,0.169080,0
D_0001512652,1,0.892083,1
D_0001513555,0,0.285347,1
D_0001513933,1,0.927224,1
D_0001514353,1,0.989888,1
D_0001514731,0,0.174429,0
D_0001515193,0,0.168230,0
D_0001515256,1,0.509093,1
D_0001515277,0,0.168216,0
D_0001515613,0,0.288465,1
D_0001515655,1,0.981328,1
D_0001515907,0,0.371383,1
D_0001515970,1,0.642311,1
D_0001516117,0,0.513494,1
D_0001516264,0,0.098286,0
D_0001516348,0,0.129879,0
D_0001516369,1,0.142698,0
D_0001516642,1,0.992406,1
D_0001516705,0,0.045460,0
D_0001516726,0,0.192326,1
D_0001517062,1,0.051929,0
D_0001517797,0,0.056792,0
D_0001518007,1,0.067434,0
D_0001518091,1,0.831007,1
D_0001518511,1,0.047407,0
D_0001518532,1,0.834961,1
D_0001519036,1,0.232816,1
D_0001519834,1,0.997190,1
D_0001519855,0,0.028304,0
D_0001519918,0,0.392032,1
D_0001520023,1,0.875187,1
D_0001520191,0,0.267232,1
D_0001520653,0,0.028704,0
D_0001520737,0,0.189662,1
D_0001520884,0,0.102056,0
D_0001521052,1,0.983005,1
D_0001521073,0,0.147011,0
D_0001521199,0,0.103704,0
D_0001521451,1,0.907192,1
D_0001522417,0,0.157056,0
D_0001522963,0,0.120611,0
D_0001523404,1,0.617422,1
D_0001523509,0,0.233333,1
D_0001523971,0,0.106425,0
D_0001524580,1,0.643190,1
D_0001524727,1,0.908680,1
D_0001524811,1,0.979690,1
D_0001524916,1,0.919927,1
D_0001525000,0,0.048978,0
D_0001525021,0,0.504417,1
D_0001525336,0,0.017387,0
D_0001525567,1,0.256545,1
D_0001525609,1,0.896766,1
D_0001526176,1,0.947704,1
D_0001526512,1,0.815991,1
D_0001527163,1,0.945458,1
D_0001527310,1,0.671868,1
D_0001527478,0,0.014728,0
D_0001527751,1,0.795619,1
D_0001528171,1,0.179618,0
D_0001528276,0,0.120643,0
D_0001528402,1,0.308313,1
D_0001528675,0,0.400715,1
D_0001528717,1,0.384857,1
D_0001529389,1,0.859649,1
D_0001529725,0,0.079844,0
D_0001529998,1,0.977938,1
D_0001530103,0,0.029327,0
D_0001530754,1,0.669183,1
D_0001530901,1,0.739779,1
D_0001531174,1,0.652547,1
D_0001531216,0,0.096045,0
D_0001531300,1,0.338578,1
D_0001531846,0,0.159333,0
D_0001532056,1,0.088563,0
D_0001532098,1,0.723094,1
D_0001532371,1,0.968238,1
D_0001532728,0,0.022139,0
D_0001532749,1,0.473585,1
D_0001532854,1,0.987538,1
D_0001532980,1,0.995158,1
D_0001533169,0,0.025552,0
D_0001533232,1,0.991108,1
D_0001533505,0,0.151084,0
D_0001533568,1,0.952396,1
D_0001534408,1,0.143138,0
D_0001534576,1,0.978373,1
D_0001534660,0,0.178584,0
D_0001535185,0,0.184637,0
D_0001535437,1,0.696768,1
D_0001535458,0,0.033163,0
D_0001535941,1,0.253092,1
D_0001538167,1,0.182301,0
D_0001538419,0,0.100672,0
D_0001538860,0,0.019011,0
D_0001538923,1,0.035659,0
D_0001539217,1,0.979567,1
D_0001539343,1,0.230798,1
D_0001539448,0,0.048940,0
D_0001539784,1,0.995012,1
D_0001540036,0,0.080577,0
D_0001540414,0,0.404770,1
D_0001540582,1,0.982884,1
D_0001541233,1,0.930678,1
D_0001541674,0,0.093096,0
D_0001541779,1,0.988622,1
D_0001541884,0,0.168847,0
D_0001542073,1,0.860288,1
D_0001542199,0,0.098354,0
D_0001542241,0,0.366408,1
D_0001542640,0,0.028745,0
D_0001542745,0,0.041269,0
D_0001543081,0,0.097088,0
D_0001543270,0,0.088909,0
D_0001543711,1,0.899546,1
D_0001543816,0,0.110702,0
D_0001544572,0,0.160336,0
D_0001545160,1,0.318000,1
D_0001545223,1,0.774388,1
D_0001545454,0,0.793428,1
D_0001545685,1,0.138485,0
D_0001545874,1,0.444834,1
D_0001545895,1,0.106801,0
D_0001546063,1,0.994215,1
D_0001546693,1,0.913234,1
D_0001546777,1,0.862519,1
D_0001546840,0,0.062086,0
D_0001547050,1,0.505266,1
D_0001547260,0,0.067814,0
D_0001547281,1,0.970653,1
D_0001547428,1,0.984922,1
D_0001547533,1,0.859369,1
D_0001548121,1,0.911498,1
D_0001548205,1,0.963460,1
D_0001548436,0,0.123735,0
D_0001548499,1,0.929389,1
D_0001548814,1,0.979015,1
D_0001549927,1,0.953796,1
D_0001550263,1,0.644836,1
D_0001550977,1,0.984652,1
D_0001551544,1,0.095669,0
D_0001551565,0,0.414689,1
D_0001551586,1,0.774373,1
D_0001551838,1,0.045481,0
D_0001551901,0,0.088452,0
D_0001551964,1,0.987666,1
D_0001552195,1,0.985960,1
D_0001552720,1,0.959066,1
D_0001552741,1,0.887315,1
D_0001552846,1,0.350472,1
D_0001552972,0,0.112160,0
D_0001553266,1,0.966409,1
D_0001553392,1,0.150183,0
D_0001553518,1,0.524796,1
D_0001553623,1,0.902416,1
D_0001554967,0,0.014869,0
D_0001554988,0,0.343314,1
D_0001555219,0,0.054024,0
D_0001555513,0,0.064644,0
D_0001555681,1,0.990479,1
D_0001556374,1,0.500271,1
D_0001557256,1,0.992101,1
D_0001557949,1,0.157038,0
D_0001558243,0,0.095889,0
D_0001559062,0,0.094935,0
D_0001559293,1,0.527685,1
D_0001560616,1,0.948731,1
D_0001560847,0,0.202942,1
D_0001561288,1,0.895031,1
D_0001561309,1,0.140299,0
D_0001561330,1,0.940825,1
D_0001561351,0,0.197019,1
D_0001561771,1,0.992433,1
D_0001562023,1,0.927870,1
D_0001562128,0,0.296801,1
D_0001562296,1,0.730291,1
D_0001562401,1,0.292265,1
D_0001562737,0,0.097549,0
D_0001563535,0,0.911980,1
D_0001563598,0,0.248640,1
D_0001563619,1,0.976787,1
D_0001563808,1,0.913789,1
D_0001564081,1,0.868460,1
D_0001564270,1,0.689353,1
D_0001564417,1,0.968615,1
D_0001565341,0,0.023065,0
D_0001565761,0,0.056278,0
D_0001565908,0,0.027215,0
D_0001566076,1,0.774485,1
D_0001566181,0,0.134849,0
D_0001567189,1,0.994456,1
D_0001567819,0,0.378606,1
D_0001568239,1,0.724740,1
D_0001568365,1,0.279170,1
D_0001568638,1,0.498916,1
D_0001568659,1,0.749184,1
D_0001568743,0,0.078285,0
D_0001568785,0,0.159857,0
D_0001568911,1,0.976222,1
D_0001569016,0,0.129123,0
D_0001569037,0,0.061529,0
D_0001569100,1,0.400304,1
D_0001569121,1,0.888787,1
D_0001569163,1,0.666813,1
D_0001569289,0,0.024566,0
D_0001569436,0,0.033324,0
D_0001569478,0,0.494550,1
D_0001569499,0,0.145398,0
D_0001570066,0,0.073065,0
D_0001570129,1,0.993096,1
D_0001570402,1,0.745484,1
D_0001570885,1,0.561633,1
D_0001571095,0,0.402193,1
D_0001571221,1,0.948418,1
D_0001571935,1,0.156461,0
D_0001572859,1,0.863067,1
D_0001572922,1,0.909237,1
D_0001573384,1,0.868137,1
D_0001573699,0,0.134277,0
D_0001573762,0,0.059336,0
D_0001573804,1,0.210899,1
D_0001573930,0,0.216762,1
D_0001574371,1,0.822133,1
D_0001575778,0,0.024547,0
D_0001575967,1,0.064874,0
D_0001576072,0,0.077944,0
D_0001576093,0,0.069486,0
D_0001576219,0,0.091262,0
D_0001576240,0,0.015177,0
D_0001576303,1,0.974368,1
D_0001576513,1,0.866866,1
D_0001576681,1,0.139158,0
D_0001576912,1,0.269693,1
D_0001576933,0,0.020062,0
D_0001577059,1,0.913848,1
D_0001577080,1,0.987648,1
D_0001577290,0,0.039815,0
D_0001577395,1,0.789156,1
D_0001577500,0,0.030564,0
D_0001577878,1,0.967802,1
D_0001577941,1,0.363888,1
D_0001578151,0,0.371284,1
D_0001578277,0,0.033741,0
D_0001578550,0,0.118771,0
D_0001578613,0,0.044369,0
D_0001578718,0,0.034449,0
D_0001579327,1,0.072827,0
D_0001579348,0,0.116821,0
D_0001579411,0,0.236118,1
D_0001579642,1,0.718787,1
D_0001579663,0,0.087747,0
D_0001580272,1,0.880574,1
D_0001580314,1,0.131705,0
D_0001580377,1,0.131865,0
D_0001580461,1,0.404985,1
D_0001580503,1,0.963766,1
D_0001580608,0,0.820833,1
D_0001580734,1,0.984906,1
D_0001581448,1,0.535371,1
D_0001581469,0,0.564444,1
D_0001581532,1,0.109625,0
D_0001581553,0,0.188804,1
D_0001581574,0,0.019825,0
D_0001582078,1,0.097680,0
D_0001582435,1,0.993580,1
D_0001582477,1,0.710919,1
D_0001583254,0,0.072820,0
D_0001583884,1,0.992211,1
D_0001583905,0,0.102585,0
D_0001584178,1,0.989617,1
D_0001584388,0,0.112094,0
D_0001584451,0,0.089019,0
D_0001584472,1,0.186950,1
D_0001584556,0,0.080765,0
D_0001584682,0,0.073001,0
D_0001584892,0,0.107826,0
D_0001585249,0,0.077125,0
D_0001585879,1,0.357348,1
D_0001586425,0,0.058512,0
D_0001586530,0,0.081166,0
D_0001586572,0,0.047515,0
D_0001586740,0,0.146734,0
D_0001586782,0,0.174190,0
D_0001587328,0,0.131532,0
D_0001587496,0,0.051643,0
D_0001587580,1,0.983074,1
D_0001587769,1,0.942737,1
D_0001587895,1,0.443504,1
D_0001588126,0,0.062903,0
D_0001588336,1,0.991073,1
D_0001588441,1,0.931963,1
D_0001588546,1,0.983428,1
D_0001588924,0,0.105425,0
D_0001589113,0,0.250149,1
D_0001589617,1,0.171171,0
D_0001589680,0,0.089521,0
D_0001590247,1,0.964128,1
D_0001590331,0,0.118602,0
D_0001590730,0,0.056697,0
D_0001591108,1,0.050839,0
D_0001591381,0,0.529938,1
D_0001591444,0,0.069033,0
D_0001592221,1,0.102549,0
D_0001592347,1,0.987742,1
D_0001592578,0,0.085483,0
D_0001593166,1,0.414930,1
D_0001593418,0,0.102226,0
D_0001593439,1,0.045509,0
D_0001593628,1,0.880917,1
D_0001593691,0,0.032283,0
D_0001594174,1,0.981672,1
D_0001594804,1,0.950404,1
D_0001595035,0,0.070321,0
D_0001595875,0,0.127253,0
D_0001596358,1,0.994572,1
D_0001596631,0,0.170474,0
D_0001597513,1,0.871085,1
D_0001597723,0,0.046430,0
D_0001598080,0,0.426934,1
D_0001598143,1,0.994370,1
D_0001598164,0,0.151372,0
D_0001598437,1,0.252986,1
D_0001598668,1,0.988664,1
D_0001598710,1,0.972535,1
D_0001598815,1,0.979903,1
D_0001598836,1,0.969796,1
D_0001598941,0,0.064084,0
D_0001599046,1,0.079240,0
D_0001599193,0,0.043809,0
D_0001599256,1,0.937003,1
D_0001599319,1,0.579228,1
D_0001599634,0,0.036105,0
D_0001600663,1,0.806527,1
D_0001600768,0,0.068773,0
D_0001601335,1,0.803404,1
D_0001601419,0,0.149991,0
D_0001601671,0,0.066288,0
D_0001601797,0,0.150525,0
D_0001602154,1,0.195956,1
D_0001603078,0,0.034940,0
D_0001603435,0,0.097981,0
D_0001603477,1,0.063302,0
D_0001603498,0,0.116480,0
D_0001603582,1,0.054803,0
D_0001603687,1,0.979134,1
D_0001604065,1,0.196847,1
D_0001604254,1,0.995490,1
D_0001604317,0,0.058615,0
D_0001604884,1,0.979350,1
D_0001604926,0,0.986231,1
D_0001605031,0,0.799484,1
D_0001605073,1,0.879339,1
D_0001605241,1,0.750581,1
D_0001606564,0,0.111527,0
D_0001606711,0,0.682954,1
D_0001606774,0,0.043512,0
D_0001607005,0,0.212999,1
D_0001607236,0,0.801361,1
D_0001607257,1,0.069663,0
D_0001607404,0,0.090599,0
D_0001607509,0,0.046024,0
D_0001608076,1,0.558174,1
D_0001608286,0,0.170111,0
D_0001608643,1,0.838617,1
D_0001608769,1,0.881453,1
D_0001608958,0,0.094764,0
D_0001609420,1,0.986217,1
D_0001610071,0,0.090489,0
D_0001610281,0,0.045648,0
D_0001610890,0,0.109875,0
D_0001611352,0,0.060528,0
D_0001611520,1,0.990862,1
D_0001612297,0,0.101807,0
D_0001612423,0,0.051525,0
D_0001613011,0,0.175993,0
D_0001613095,1,0.992504,1
D_0001613116,1,0.985127,1
D_0001614082,1,0.995789,1
D_0001614418,0,0.150999,0
D_0001614544,1,0.107106,0
D_0001614775,0,0.068401,0
D_0001614859,1,0.641653,1
D_0001614922,0,0.174798,0
D_0001615006,1,0.986319,1
D_0001615573,0,0.053937,0
D_0001615594,0,0.202261,1
D_0001615699,0,0.161787,0
D_0001615888,0,0.824411,1
D_0001615930,0,0.113303,0
D_0001616119,1,0.990566,1
D_0001616539,0,0.360312,1
D_0001616686,1,0.952592,1
D_0001616770,1,0.100602,0
D_0001617862,1,0.986717,1
D_0001617967,1,0.783338,1
D_0001618198,1,0.874858,1
D_0001618450,1,0.958649,1
D_0001618702,0,0.090610,0
D_0001618975,1,0.346878,1
D_0001618996,1,0.146651,0
D_0001619164,0,0.348888,1
D_0001619185,1,0.522639,1
D_0001619353,0,0.062923,0
D_0001619416,0,0.143580,0
D_0001620088,1,0.097666,0
D_0001620193,1,0.921076,1
D_0001620340,0,0.091544,0
D_0001620403,0,0.061088,0
D_0001620739,0,0.139237,0
D_0001620970,0,0.173608,0
D_0001621516,1,0.526627,1
D_0001621621,1,0.993236,1
D_0001621705,0,0.080797,0
D_0001621810,0,0.317463,1
D_0001621852,0,0.098373,0
D_0001622272,0,0.063738,0
D_0001622440,1,0.984845,1
D_0001622482,1,0.969705,1
D_0001622524,1,0.583564,1
D_0001622566,0,0.056952,0
D_0001622881,1,0.176669,0
D_0001623028,1,0.100850,0
D_0001623217,1,0.880264,1
D_0001623553,1,0.544765,1
D_0001624015,0,0.059888,0
D_0001624561,1,0.952927,1
D_0001624645,1,0.381108,1
D_0001624750,0,0.378401,1
D_0001625023,0,0.176424,0
D_0001625107,0,0.218881,1
D_0001625338,0,0.083286,0
D_0001625800,1,0.302277,1
D_0001625884,0,0.102630,0
D_0001625926,0,0.025202,0
D_0001626199,0,0.086813,0
D_0001626766,1,0.794446,1
D_0001627165,1,0.897968,1
D_0001627879,1,0.921101,1
D_0001628068,0,0.131337,0
D_0001628446,0,0.047306,0
D_0001628614,1,0.279436,1
D_0001628677,0,0.167279,0
D_0001628971,1,0.244568,1
D_0001629181,1,0.671586,1
D_0001629475,0,0.185171,1
D_0001629769,0,0.208333,1
D_0001629937,0,0.056638,0
D_0001630252,1,0.109027,0
D_0001630336,1,0.986119,1
D_0001630399,1,0.541340,1
D_0001630525,0,0.052864,0
D_0001630924,1,0.893344,1
D_0001631323,1,0.990127,1
D_0001631491,1,0.312801,1
D_0001631680,1,0.953628,1
D_0001631848,1,0.670179,1
D_0001632352,1,0.725980,1
D_0001632373,0,0.526197,1
D_0001632730,0,0.061457,0
D_0001632961,1,0.988770,1
D_0001633675,1,0.960705,1
D_0001634389,0,0.098160,0
D_0001635103,1,0.983265,1
D_0001635670,1,0.286325,1
D_0001635712,0,0.056353,0
D_0001635859,1,0.982566,1
D_0001636258,1,0.984503,1
D_0001636342,1,0.399914,1
D_0001636426,1,0.064459,0
D_0001636846,0,0.119174,0
D_0001637077,0,0.179559,0
D_0001637917,1,0.919882,1
D_0001638022,1,0.980830,1
D_0001638064,1,0.443297,1
D_0001638106,1,0.599678,1
D_0001638274,1,0.988179,1
D_0001638358,0,0.108483,0
D_0001638631,1,0.757212,1
D_0001638652,0,0.034531,0
D_0001639051,1,0.973567,1
D_0001639261,0,0.043647,0
D_0001639597,1,0.967214,1
D_0001639618,0,0.084389,0
D_0001639849,1,0.947619,1
D_0001640794,0,0.280734,1
D_0001640899,0,0.125507,0
D_0001640941,0,0.088547,0
D_0001640962,1,0.132063,0
D_0001641109,0,0.094999,0
D_0001641424,1,0.097650,0
D_0001641487,1,0.534439,1
D_0001641613,0,0.074338,0
D_0001641676,1,0.918824,1
D_0001641928,1,0.101219,0
D_0001642054,0,0.085906,0
D_0001642222,0,0.406276,1
D_0001642264,1,0.979123,1
D_0001642411,1,0.922814,1
D_0001642474,0,0.065915,0
D_0001642789,0,0.096788,0
D_0001644028,0,0.108467,0
D_0001644553,0,0.310156,1
D_0001644847,0,0.072807,0
D_0001644868,0,0.458317,1
D_0001645015,0,0.066360,0
D_0001645120,1,0.935320,1
D_0001645393,1,0.203261,1
D_0001645414,1,0.906457,1
D_0001646506,1,0.994233,1
D_0001646842,0,0.185825,1
D_0001646926,0,0.193139,1
D_0001646947,1,0.053160,0
D_0001647283,1,0.396273,1
D_0001647556,1,0.980822,1
D_0001647766,1,0.350297,1
D_0001648438,1,0.928323,1
D_0001649110,0,0.046515,0
D_0001649131,1,0.961236,1
D_0001649257,1,0.296011,1
D_0001649278,0,0.060488,0
D_0001649908,1,0.949878,1
D_0001650118,1,0.983700,1
D_0001650370,1,0.960415,1
D_0001650580,0,0.382938,1
D_0001650727,0,0.039109,0
D_0001650748,1,0.129167,0
D_0001651567,0,0.141658,0
D_0001652281,1,0.159691,0
D_0001652449,1,0.123509,0
D_0001652785,0,0.102112,0
D_0001653100,1,0.992412,1
D_0001653940,1,0.959186,1
D_0001654024,0,0.013627,0
D_0001654885,1,0.991382,1
D_0001655074,0,0.013551,0
D_0001655263,0,0.067978,0
D_0001656670,1,0.798941,1
D_0001657279,1,0.917049,1
D_0001657300,0,0.101427,0
D_0001657321,1,0.980597,1
D_0001657342,0,0.130841,0
D_0001657489,0,0.017889,0
D_0001657615,1,0.954145,1
D_0001658329,0,0.044441,0
D_0001658476,1,0.893448,1
D_0001658518,1,0.564647,1
D_0001658917,0,0.058457,0
D_0001658959,0,0.023298,0
D_0001659232,0,0.079548,0
D_0001659295,1,0.117240,0
D_0001659547,1,0.815653,1
D_0001659694,0,0.577664,1
D_0001660093,0,0.085748,0
D_0001660618,1,0.960930,1
D_0001660681,0,0.158061,0
D_0001661248,0,0.183701,0
D_0001661794,0,0.102293,0
D_0001662676,1,0.092669,0
D_0001662802,1,0.934079,1
D_0001662970,0,0.036067,0
D_0001663390,0,0.107691,0
D_0001663579,0,0.202805,1
D_0001663936,1,0.947714,1
D_0001664104,1,0.131555,0
D_0001664587,0,0.079211,0
D_0001665448,1,0.925306,1
D_0001665574,1,0.986919,1
D_0001665637,0,0.150379,0
D_0001665805,1,0.042037,0
D_0001666015,0,0.197479,1
D_0001666792,1,0.964436,1
D_0001666960,1,0.897483,1
D_0001667275,1,0.860382,1
D_0001667422,0,0.449333,1
D_0001667632,1,0.970841,1
D_0001668178,0,0.048649,0
D_0001668199,0,0.147904,0
D_0001668262,1,0.983711,1
D_0001668619,1,0.930907,1
D_0001668724,0,0.275500,1
D_0001669081,1,0.939732,1
D_0001669144,1,0.282439,1
D_0001669480,1,0.821723,1
D_0001670131,0,0.678284,1
D_0001670278,1,0.487799,1
D_0001670404,0,0.490332,1
D_0001670635,0,0.263463,1
D_0001671076,0,0.723802,1
D_0001671097,0,0.052304,0
D_0001671118,0,0.157270,0
D_0001671181,0,0.168908,0
D_0001671244,1,0.706073,1
D_0001671622,1,0.669800,1
D_0001672672,1,0.987060,1
D_0001672735,0,0.103118,0
D_0001673428,0,0.088731,0
D_0001673659,1,0.527110,1
D_0001673932,1,0.938723,1
D_0001674184,0,0.035895,0
D_0001674751,0,0.056045,0
D_0001674814,1,0.770954,1
D_0001675234,1,0.390093,1
D_0001675255,0,0.772534,1
D_0001675465,1,0.905918,1
D_0001675549,0,0.119024,0
D_0001675822,1,0.961871,1
D_0001676074,0,0.050093,0
D_0001676263,1,0.634586,1
D_0001676326,0,0.121860,0
D_0001676431,1,0.991261,1
D_0001676494,0,0.023245,0
D_0001676767,1,0.993711,1
D_0001677250,0,0.079210,0
D_0001677376,1,0.929639,1
D_0001677796,1,0.083431,0
D_0001678069,1,0.989481,1
D_0001678090,1,0.769992,1
D_0001678111,0,0.064066,0
D_0001678636,0,0.142427,0
D_0001679728,0,0.568528,1
D_0001680127,1,0.982176,1
D_0001680253,0,0.147358,0
D_0001680379,0,0.059406,0
D_0001680400,0,0.065119,0
D_0001680442,1,0.783542,1
D_0001680526,1,0.996000,1
D_0001680589,0,0.202849,1
D_0001680946,1,0.979190,1
D_0001681828,1,0.937359,1
D_0001681954,1,0.701036,1
D_0001682206,1,0.175123,0
D_0001682458,0,0.071823,0
D_0001682689,0,0.044542,0
D_0001683004,1,0.993410,1
D_0001683235,1,0.877456,1
D_0001683424,0,0.020164,0
D_0001683907,1,0.486575,1
D_0001684054,1,0.806982,1
D_0001684117,0,0.196792,1
D_0001684201,0,0.072768,0
D_0001684621,1,0.422925,1
D_0001684873,1,0.306964,1
D_0001686217,0,0.043796,0
D_0001686805,0,0.100832,0
D_0001686868,1,0.982566,1
D_0001686910,1,0.630431,1
D_0001687561,1,0.671028,1
D_0001688170,0,0.138026,0
D_0001688212,0,0.040013,0
D_0001688548,0,0.012011,0
D_0001688800,1,0.991398,1
D_0001688821,1,0.828954,1
D_0001688863,0,0.001000,0
D_0001688947,1,0.794200,1
D_0001689661,1,0.983524,1
D_0001689745,1,0.282476,1
D_0001690963,0,0.087263,0
D_0001691068,0,0.081984,0
D_0001691383,1,0.706571,1
D_0001691530,0,0.552609,1
D_0001692370,0,0.733246,1
D_0001692433,1,0.839078,1
D_0001692937,0,0.676105,1
D_0001692979,0,0.081472,0
D_0001693714,1,0.993825,1
D_0001693840,1,0.300677,1
D_0001693924,0,0.549436,1
D_0001693945,1,0.545012,1
D_0001694050,1,0.781844,1
D_0001694155,0,0.043142,0
D_0001694197,0,0.625794,1
D_0001695184,1,0.955642,1
D_0001695436,1,0.939218,1
D_0001695877,0,0.224500,1
D_0001696066,0,0.133475,0
D_0001696171,1,0.890292,1
D_0001696192,1,0.995243,1
D_0001696276,1,0.947821,1
D_0001696843,0,0.044082,0
D_0001697242,0,0.240874,1
D_0001697809,1,0.598595,1
D_0001698187,0,0.050600,0
D_0001698313,0,0.041377,0
D_0001698418,1,0.356795,1
D_0001699111,0,0.034478,0
D_0001699279,0,0.112344,0
D_0001699657,0,0.014288,0
D_0001699951,1,0.151118,0
D_0001700056,0,0.068335,0
D_0001700266,0,0.059795,0
D_0001700686,0,0.056464,0
D_0001700728,1,0.988002,1
D_0001700854,0,0.142863,0
D_0001701295,0,0.032544,0
D_0001701337,1,0.783717,1
D_0001701673,1,0.836156,1
D_0001701694,1,0.128691,0
D_0001701904,0,0.115167,0
D_0001702450,1,0.994745,1
D_0001702555,0,0.094566,0
D_0001702954,0,0.017631,0
D_0001703038,0,0.057503,0
D_0001703332,1,0.837315,1
D_0001703458,0,0.132663,0
D_0001703542,1,0.982618,1
D_0001703605,1,0.980780,1
D_0001703752,0,0.103706,0
D_0001703815,0,0.046810,0
D_0001703836,1,0.867793,1
D_0001703920,1,0.947985,1
D_0001704067,1,0.043262,0
D_0001704655,1,0.966176,1
D_0001704718,0,0.297999,1
D_0001704760,0,0.156882,0
D_0001704781,0,0.906493,1
D_0001705810,1,0.722791,1
D_0001706272,0,0.189590,1
D_0001706524,1,0.150190,0
D_0001706776,1,0.988755,1
D_0001706923,0,0.176439,0
D_0001707154,1,0.949113,1
D_0001708267,0,0.178636,0
D_0001708477,0,0.117175,0
D_0001708519,0,0.055197,0
D_0001708645,1,0.209201,1
D_0001709065,1,0.786036,1
D_0001709086,0,0.015131,0
D_0001709443,0,0.095779,0
D_0001709989,0,0.057684,0
D_0001710325,1,0.479429,1
D_0001710682,1,0.693612,1
D_0001711585,1,0.977289,1
D_0001711900,1,0.644576,1
D_0001711921,0,0.042379,0
D_0001712068,0,0.029442,0
D_0001712152,1,0.389823,1
D_0001712173,0,0.104170,0
D_0001712194,0,0.044546,0
D_0001712257,0,0.413964,1
D_0001712362,1,0.854368,1
D_0001712404,0,0.098998,0
D_0001713685,0,0.046203,0
D_0001713790,0,0.082274,0
D_0001713958,0,0.029480,0
D_0001713979,1,0.718909,1
D_0001714021,0,0.210235,1
D_0001714651,0,0.144769,0
D_0001714882,1,0.893961,1
D_0001714924,0,0.120070,0
D_0001714945,1,0.097883,0
D_0001715197,1,0.750227,1
D_0001716541,1,0.945001,1
D_0001716730,1,0.089814,0
D_0001716772,1,0.992252,1
D_0001717822,1,0.536892,1
D_0001717906,0,0.326279,1
D_0001717948,1,0.611059,1
D_0001718578,1,0.553010,1
D_0001718599,0,0.871482,1
D_0001718914,1,0.842248,1
D_0001719082,1,0.149097,0
D_0001719712,0,0.026128,0
D_0001719817,0,0.047004,0
D_0001719880,0,0.122772,0
D_0001720195,0,0.200948,1
D_0001720720,1,0.083605,0
D_0001720825,0,0.032108,0
D_0001721098,0,0.019272,0
D_0001721497,1,0.236603,1
D_0001721833,1,0.973406,1
D_0001721875,1,0.249658,1
D_0001722442,0,0.108919,0
D_0001722463,0,0.479565,1
D_0001722631,0,0.032540,0
D_0001722820,0,0.057304,0
D_0001722841,0,0.396876,1
D_0001723009,1,0.235624,1
D_0001723450,0,0.261628,1
D_0001723891,1,0.971986,1
D_0001723912,1,0.991107,1
D_0001724101,0,0.151079,0
D_0001724164,0,0.054440,0
D_0001724290,1,0.907872,1
D_0001725067,1,0.802204,1
D_0001725088,1,0.991589,1
D_0001725949,0,0.083851,0
D_0001726054,0,0.533770,1
D_0001726180,1,0.334187,1
D_0001726810,0,0.113271,0
D_0001726915,1,0.947379,1
D_0001727272,1,0.988212,1
D_0001727293,0,0.167192,0
D_0001727314,1,0.053432,0
D_0001727839,1,0.941751,1
D_0001728889,0,0.041647,0
D_0001729078,1,0.126166,0
D_0001729393,1,0.764167,1
D_0001729708,0,0.076293,0
D_0001729729,1,0.396151,1
D_0001729771,0,0.555503,1
D_0001730044,0,0.140731,0
D_0001730716,1,0.935165,1
D_0001732354,0,0.134143,0
D_0001732837,1,0.979170,1
D_0001733215,1,0.207867,1
D_0001733320,0,0.274504,1
D_0001733362,0,0.282470,1
D_0001733488,1,0.966306,1
D_0001733866,0,0.014778,0
D_0001733908,0,0.061810,0
D_0001734223,1,0.163503,0
D_0001734349,1,0.152672,0
D_0001734454,1,0.803331,1
D_0001734874,1,0.202739,1
D_0001735000,1,0.924304,1
D_0001735588,1,0.957162,1
D_0001735777,1,0.990728,1
D_0001735987,1,0.402400,1
D_0001736197,0,0.374317,1
D_0001736218,1,0.813516,1
D_0001736533,1,0.657215,1
D_0001736575,1,0.983485,1
D_0001736764,1,0.932118,1
D_0001736848,0,0.096500,0
D_0001737016,1,0.932986,1
D_0001737520,1,0.757765,1
D_0001737541,0,0.495328,1
D_0001737646,1,0.889390,1
D_0001737709,1,0.502267,1
D_0001738024,0,0.034275,0
D_0001738381,0,0.439305,1
D_0001738486,1,0.525359,1
D_0001738948,1,0.958391,1
D_0001739326,0,0.096525,0
D_0001739347,1,0.865699,1
D_0001740355,0,0.265834,1
D_0001740439,0,0.681763,1
D_0001740607,0,0.008229,0
D_0001741090,1,0.786564,1
D_0001741153,0,0.051470,0
D_0001741216,1,0.926477,1
D_0001741237,1,0.989873,1
D_0001741279,1,0.905158,1
D_0001741804,1,0.764472,1
D_0001742938,1,0.805130,1
D_0001743169,1,0.928777,1
D_0001743568,1,0.742582,1
D_0001743631,1,0.988383,1
D_0001744240,0,0.849635,1
D_0001744639,1,0.147417,0
D_0001744912,0,0.005158,0
D_0001745269,0,0.030622,0
D_0001745752,0,0.789026,1
D_0001745941,1,0.971501,1
D_0001746340,0,0.023308,0
D_0001746382,0,0.154655,0
D_0001746718,0,0.089378,0
D_0001747327,1,0.915357,1
D_0001747348,1,0.995610,1
D_0001747432,0,0.041266,0
D_0001748377,0,0.022084,0
D_0001748398,0,0.281565,1
D_0001748839,0,0.341386,1
D_0001749343,1,0.983141,1
D_0001749364,0,0.089984,0
D_0001749805,0,0.100088,0
D_0001749889,1,0.987114,1
D_0001750120,0,0.017950,0
D_0001750855,0,0.184550,0
D_0001751128,1,0.046289,0
D_0001751149,0,0.078066,0
D_0001751380,1,0.983072,1
D_0001751926,1,0.192871,1
D_0001751989,1,0.936810,1
D_0001752892,0,0.154886,0
D_0001753270,1,0.745547,1
D_0001754467,0,0.071766,0
D_0001754614,0,0.180161,0
D_0001755160,0,0.884378,1
D_0001755622,0,0.413981,1
D_0001755664,1,0.923043,1
D_0001755685,0,0.161126,0
D_0001755832,1,0.739586,1
D_0001756588,1,0.740510,1
D_0001756672,1,0.133400,0
D_0001757323,0,0.068487,0
D_0001757428,1,0.893114,1
D_0001758058,1,0.969327,1
D_0001758310,0,0.121522,0
D_0001758499,0,0.255734,1
D_0001758562,1,0.983444,1
D_0001758625,0,0.269098,1
D_0001758877,1,0.393222,1
D_0001759528,1,0.976282,1
D_0001759675,0,0.336362,1
D_0001759801,0,0.049082,0
D_0001760158,0,0.048641,0
D_0001760368,1,0.986841,1
D_0001761040,0,0.240664,1
D_0001761187,0,0.054184,0
D_0001762615,0,0.097433,0
D_0001762636,1,0.995587,1
D_0001763140,1,0.892217,1
D_0001763707,1,0.609248,1
D_0001763728,0,0.139675,0
D_0001763749,0,0.106632,0
D_0001763812,0,0.276580,1
D_0001764358,0,0.027609,0
D_0001764379,0,0.051753,0
D_0001764673,1,0.255083,1
D_0001765030,0,0.011185,0
D_0001765576,0,0.158989,0
D_0001765765,0,0.109068,0
D_0001765975,1,0.515050,1
D_0001766521,1,0.990534,1
D_0001766752,0,0.127868,0
D_0001766941,1,0.853313,1
D_0001767109,0,0.086877,0
D_0001767403,0,0.151304,0
D_0001767697,1,0.990451,1
D_0001768075,0,0.317571,1
D_0001768348,1,0.934880,1
D_0001768768,0,0.638129,1
D_0001768957,1,0.511969,1
D_0001769041,1,0.965152,1
D_0001769251,0,0.160970,0
D_0001769293,1,0.554895,1
D_0001769377,1,0.619734,1
D_0001770721,1,0.165335,0
D_0001770784,1,0.070516,0
D_0001770826,1,0.991376,1
D_0001770952,0,0.015090,0
D_0001771078,1,0.091976,0
D_0001771498,1,0.847580,1
D_0001771519,0,0.204474,1
D_0001771960,1,0.969485,1
D_0001772086,0,0.079969,0
D_0001772128,1,0.951530,1
D_0001772779,0,0.091186,0
D_0001773178,0,0.022155,0
D_0001773346,1,0.964821,1
D_0001773409,1,0.989823,1
D_0001773598,1,0.139777,0
D_0001773892,1,0.914814,1
D_0001774081,1,0.940606,1
D_0001774627,1,0.892903,1
D_0001774795,0,0.068524,0
D_0001774921,1,0.929268,1
D_0001775173,1,0.130643,0
D_0001775572,1,0.378926,1
D_0001776286,0,0.873967,1
D_0001776475,0,0.056656,0
D_0001776622,0,0.136241,0
D_0001776895,1,0.975296,1
D_0001776979,0,0.040507,0
D_0001777231,0,0.545995,1
D_0001777483,0,0.290492,1
D_0001777651,1,0.189529,1
D_0001777903,1,0.613162,1
D_0001778239,1,0.985205,1
D_0001778428,1,0.978409,1
D_0001778659,1,0.964633,1
D_0001778785,0,0.051522,0
D_0001778806,0,0.136657,0
D_0001778848,0,0.106499,0
D_0001778911,0,0.405976,1
D_0001779037,0,0.047337,0
D_0001779415,1,0.924963,1
D_0001779562,1,0.787379,1
D_0001779730,0,0.004391,0
D_0001781473,1,0.377207,1
D_0001781683,0,0.061037,0
D_0001781872,0,0.050506,0
D_0001782418,0,0.195604,1
D_0001783237,1,0.054396,0
D_0001783846,0,0.584611,1
D_0001784266,0,0.107065,0
D_0001784560,1,0.993696,1
D_0001784980,1,0.939333,1
D_0001785610,1,0.823614,1
D_0001786429,0,0.028460,0
D_0001786492,1,0.991837,1
D_0001786576,1,0.135412,0
D_0001786765,1,0.986031,1
D_0001786807,1,0.044601,0
D_0001787458,1,0.977179,1
D_0001787605,1,0.760083,1
D_0001787962,1,0.895737,1
D_0001788151,1,0.812930,1
D_0001788172,1,0.913445,1
D_0001788277,1,0.861742,1
D_0001788613,0,0.084149,0
D_0001788949,1,0.989209,1
D_0001788970,1,0.960250,1
D_0001789096,0,0.079562,0
D_0001789432,1,0.959867,1
D_0001789558,0,0.084317,0
D_0001789936,1,0.452024,1
D_0001791007,0,0.110950,0
D_0001791049,1,0.365706,1
D_0001791406,1,0.863260,1
D_0001791742,0,0.048041,0
D_0001792246,1,0.231069,1
D_0001792582,0,0.018749,0
D_0001793632,1,0.779173,1
D_0001794241,0,0.332417,1
D_0001794262,1,0.166682,0
D_0001794346,0,0.117728,0
D_0001794556,1,0.983552,1
D_0001795270,1,0.970227,1
D_0001795375,1,0.990409,1
D_0001795942,0,0.133219,0
D_0001795963,1,0.757375,1
D_0001796110,1,0.985693,1
D_0001796278,1,0.475846,1
D_0001796551,1,0.993956,1
D_0001796887,0,0.084122,0
D_0001797433,1,0.988335,1
D_0001797811,1,0.867546,1
D_0001799533,1,0.982523,1
D_0001799596,0,0.070799,0
D_0001800079,0,0.132085,0
D_0001800268,0,0.233619,1
D_0001800541,1,0.233414,1
D_0001801108,0,0.248757,1
D_0001801696,1,0.980974,1
D_0001801738,1,0.907314,1
D_0001801759,1,0.942982,1
D_0001802116,1,0.929822,1
D_0001802158,1,0.896056,1
D_0001802179,1,0.867673,1
D_0001802221,1,0.066138,0
D_0001802452,0,0.064456,0
D_0001803796,1,0.214734,1
D_0001803985,0,0.073286,0
D_0001804027,0,0.036926,0
D_0001804237,1,0.932130,1
D_0001804279,0,0.048155,0
D_0001804741,1,0.933459,1
D_0001804993,0,0.122319,0
D_0001805056,0,0.016493,0
D_0001805413,1,0.144720,0
D_0001805434,1,0.230435,1
D_0001805476,0,0.063104,0
D_0001805686,1,0.851919,1
D_0001806589,0,0.021047,0
D_0001806799,0,0.198719,1
D_0001806967,1,0.874153,1
D_0001807051,1,0.588689,1
D_0001807450,0,0.055752,0
D_0001807597,0,0.105113,0
D_0001807975,1,0.921989,1
D_0001808458,1,0.992020,1
D_0001808605,1,0.451916,1
D_0001808983,0,0.151969,0
D_0001809424,0,0.134008,0
D_0001809508,1,0.379358,1
D_0001809550,0,0.057297,0
D_0001809676,0,0.047893,0
D_0001809781,1,0.991349,1
D_0001810348,1,0.540909,1
D_0001810432,1,0.992548,1
D_0001810453,0,0.116385,0
D_0001810852,1,0.949856,1
D_0001811104,0,0.293005,1
D_0001811314,0,0.091155,0
D_0001811482,1,0.938648,1
D_0001811629,0,0.773703,1
D_0001811797,1,0.834765,1
D_0001811839,1,0.964503,1
D_0001812595,1,0.659444,1
D_0001812700,0,0.182403,0
D_0001813036,1,0.985729,1
D_0001813078,1,0.988587,1
D_0001813162,0,0.094961,0
D_0001814044,0,0.069966,0
D_0001814149,0,0.044665,0
D_0001814233,0,0.045323,0
D_0001814317,1,0.955173,1
D_0001814674,1,0.879929,1
D_0001814716,1,0.376013,1
D_0001814989,0,0.258673,1
D_0001815199,0,0.130152,0
D_0001815304,0,0.047285,0
D_0001815388,0,0.003812,0
D_0001815682,0,0.087382,0
D_0001815787,0,0.347789,1
D_0001815955,0,0.086217,0
D_0001816186,0,0.484204,1
D_0001816249,1,0.991556,1
D_0001817068,0,0.103818,0
D_0001817131,0,0.019420,0
D_0001817446,1,0.788741,1
D_0001818055,1,0.908880,1
D_0001818391,1,0.095607,0
D_0001818454,1,0.184811,0
D_0001818622,0,0.534587,1
D_0001820113,0,0.030335,0
D_0001820407,0,0.125211,0
D_0001820575,1,0.882712,1
D_0001820869,0,0.120408,0
D_0001821352,1,0.963888,1
D_0001822129,1,0.956632,1
D_0001822486,0,0.521280,1
D_0001823053,1,0.981363,1
D_0001823179,0,0.103319,0
D_0001823452,1,0.397682,1
D_0001823683,0,0.173643,0
D_0001824250,1,0.730429,1
D_0001824418,1,0.939698,1
D_0001824859,1,0.902047,1
D_0001825321,0,0.035536,0
D_0001825510,1,0.920273,1
D_0001825846,0,0.078699,0
D_0001826098,0,0.030057,0
D_0001826896,1,0.101249,0
D_0001827295,1,0.838529,1
D_0001827526,0,0.360287,1
D_0001827610,1,0.956554,1
D_0001828030,0,0.075288,0
D_0001828660,1,0.989719,1
D_0001828702,0,0.041385,0
D_0001829185,1,0.776697,1
D_0001829290,0,0.145332,0
D_0001830088,1,0.991017,1
D_0001830130,1,0.973376,1
D_0001830193,1,0.975936,1
D_0001830214,1,0.143726,0
D_0001830403,1,0.697353,1
D_0001830865,1,0.801111,1
D_0001830928,0,0.195273,1
D_0001831033,1,0.982395,1
D_0001831537,0,0.078946,0
D_0001831579,1,0.962310,1
D_0001831936,0,0.242671,1
D_0001832377,0,0.173027,0
D_0001832692,1,0.946814,1
D_0001833091,1,0.261266,1
D_0001833826,0,0.052920,0
D_0001834057,1,0.978674,1
D_0001834372,1,0.686525,1
D_0001834645,0,0.154231,0
D_0001834918,1,0.155477,0
D_0001834939,0,0.335451,1
D_0001835170,0,0.104910,0
D_0001835191,0,0.127815,0
D_0001836157,1,0.083754,0
D_0001836514,0,0.040524,0
D_0001836577,0,0.284305,1
D_0001836829,0,0.075387,0
D_0001837543,1,0.655691,1
D_0001837564,1,0.989058,1
D_0001838635,1,0.988106,1
D_0001838656,0,0.015977,0
D_0001838740,1,0.368038,1
D_0001839034,1,0.990631,1
D_0001839097,1,0.956127,1
D_0001839223,0,0.267404,1
D_0001839328,1,0.988191,1
D_0001839601,1,0.184295,0
D_0001839811,0,0.047445,0
D_0001840063,1,0.492267,1
D_0001840294,1,0.879734,1
D_0001840315,0,0.056009,0
D_0001840462,1,0.709350,1
D_0001840588,0,0.105572,0
D_0001840609,1,0.928966,1
D_0001840756,1,0.333351,1
D_0001840798,0,0.102311,0
D_0001841029,0,0.536633,1
D_0001841533,0,0.078336,0
D_0001841638,1,0.201181,1
D_0001842352,0,0.204847,1
D_0001842394,0,0.054277,0
D_0001842562,1,0.990662,1
D_0001842688,1,0.969351,1
D_0001842709,0,0.123729,0
D_0001842961,1,0.385037,1
D_0001843003,1,0.091193,0
D_0001843696,1,0.973889,1
D_0001843738,1,0.682008,1
D_0001843885,1,0.058064,0
D_0001844032,1,0.169743,0
D_0001844200,0,0.011412,0
D_0001844515,0,0.632859,1
D_0001844557,1,0.885533,1
D_0001844599,1,0.983428,1
D_0001845103,1,0.926501,1
D_0001845334,0,0.159440,0
D_0001845397,1,0.871656,1
D_0001845481,1,0.996450,1
D_0001845817,0,0.066351,0
D_0001846090,0,0.066158,0
D_0001846153,0,0.030981,0
D_0001846615,1,0.910496,1
D_0001847161,0,0.899490,1
D_0001847224,1,0.253805,1
D_0001847728,1,0.931161,1
D_0001848274,0,0.007192,0
D_0001848316,1,0.893871,1
D_0001848400,1,0.919456,1
D_0001849030,0,0.296864,1
D_0001849303,1,0.993612,1
D_0001849450,1,0.964463,1
D_0001849870,1,0.990655,1
D_0001850143,1,0.994640,1
D_0001850500,0,0.240127,1
D_0001850584,1,0.976589,1
D_0001851319,0,0.071619,0
D_0001851550,1,0.604042,1
D_0001851718,1,0.040932,0
D_0001851823,1,0.647475,1
D_0001851844,0,0.164001,0
D_0001851907,1,0.937790,1
D_0001852327,1,0.989547,1
D_0001852390,0,0.062290,0
D_0001852747,1,0.057485,0
D_0001853041,1,0.110721,0
D_0001853125,1,0.033243,0
D_0001853377,1,0.069305,0
D_0001853566,0,0.060102,0
D_0001853650,1,0.965990,1
D_0001853923,1,0.893542,1
D_0001854364,1,0.246236,1
D_0001854574,0,0.074257,0
D_0001854931,0,0.035779,0
D_0001855162,1,0.956352,1
D_0001855435,1,0.956868,1
D_0001855456,1,0.879529,1
D_0001855519,1,0.472815,1
D_0001855729,0,0.373798,1
D_0001855750,1,0.986510,1
D_0001856107,0,0.114027,0
D_0001856275,1,0.927552,1
D_0001856296,0,0.089107,0
D_0001856506,1,0.985038,1
D_0001856527,0,0.038033,0
D_0001857787,1,0.961370,1
D_0001858900,0,0.076274,0
D_0001858942,0,0.612882,1
D_0001859257,1,0.153232,0
D_0001859362,0,0.174788,0
D_0001859425,0,0.077616,0
D_0001859971,0,0.061222,0
D_0001860286,1,0.563971,1
D_0001861294,1,0.128095,0
D_0001861399,1,0.976454,1
D_0001861588,1,0.990731,1
D_0001861756,1,0.979094,1
D_0001862407,0,0.050730,0
D_0001862470,1,0.862150,1
D_0001862575,0,0.149386,0
D_0001862596,1,0.138425,0
D_0001862638,0,0.075535,0
D_0001862659,0,0.061375,0
D_0001863163,1,0.936073,1
D_0001863331,0,0.039642,0
D_0001863709,1,0.983570,1
D_0001864192,1,0.965668,1
D_0001864297,0,0.160471,0
D_0001864549,1,0.069241,0
D_0001864717,1,0.984066,1
D_0001864780,1,0.979574,1
D_0001864801,0,0.097754,0
D_0001864948,0,0.095356,0
D_0001865137,1,0.948159,1
D_0001865284,1,0.107478,0
D_0001865536,1,0.925539,1
D_0001865578,1,0.733559,1
D_0001865851,1,0.980051,1
D_0001866565,0,0.082428,0
D_0001867174,0,0.031766,0
D_0001867426,1,0.893264,1
D_0001867468,1,0.935541,1
D_0001867531,0,0.047817,0
D_0001867930,1,0.904916,1
D_0001868644,0,0.162732,0
D_0001868707,1,0.014353,0
D_0001869085,1,0.917300,1
D_0001869316,1,0.121814,0
D_0001869337,1,0.750907,1
D_0001869547,1,0.987966,1
D_0001869694,1,0.741006,1
D_0001870198,1,0.465422,1
D_0001870366,1,0.515346,1
D_0001870408,1,0.981864,1
D_0001870450,0,0.045347,0
D_0001870618,0,0.028221,0
D_0001870765,0,0.241164,1
D_0001870870,0,0.021635,0
D_0001870933,0,0.958193,1
D_0001871143,1,0.192188,1
D_0001871185,0,0.090711,0
D_0001871395,1,0.615018,1
D_0001871458,1,0.901734,1
D_0001871899,1,0.196855,1
D_0001872067,0,0.026898,0
D_0001872256,0,0.074356,0
D_0001872655,0,0.135571,0
D_0001872739,1,0.985484,1
D_0001873369,0,0.250601,1
D_0001873663,0,0.081885,0
D_0001873747,0,0.040551,0
D_0001874293,0,0.074234,0
D_0001874776,0,0.273985,1
D_0001875154,1,0.959149,1
D_0001875385,1,0.353936,1
D_0001875574,1,0.993104,1
D_0001875637,1,0.932539,1
D_0001875868,1,0.402429,1
D_0001876015,1,0.950428,1
D_0001876057,1,0.900261,1
D_0001876267,0,0.329132,1
D_0001876330,1,0.129071,0
D_0001876519,1,0.938260,1
D_0001876855,0,0.501417,1
D_0001877065,1,0.984518,1
D_0001877527,1,0.543419,1
D_0001877863,1,0.987930,1
D_0001878094,0,0.045145,0
D_0001878304,1,0.551229,1
D_0001878535,0,0.106859,0
D_0001878577,1,0.977058,1
D_0001878934,1,0.522035,1
D_0001879186,0,0.143970,0
D_0001879270,0,0.695844,1
D_0001879564,1,0.931159,1
D_0001880362,0,0.120740,0
D_0001881097,0,0.847914,1
D_0001881118,0,0.185621,1
D_0001881370,1,0.988685,1
D_0001881412,1,0.907634,1
D_0001881475,1,0.867337,1
D_0001881643,0,0.088511,0
D_0001881664,0,0.375301,1
D_0001882168,1,0.309581,1
D_0001882315,0,0.727822,1
D_0001882609,1,0.989302,1
D_0001882630,0,0.137857,0
D_0001882672,1,0.266334,1
D_0001883239,0,0.478384,1
D_0001883281,1,0.841854,1
D_0001883449,1,0.537169,1
D_0001883722,0,0.151949,0
D_0001883974,0,0.202303,1
D_0001884604,0,0.052765,0
D_0001884667,1,0.323761,1
D_0001884919,0,0.170606,0
D_0001885318,1,0.845699,1
D_0001885633,1,0.581494,1
D_0001885864,0,0.165597,0
D_0001886032,0,0.087911,0
D_0001887145,0,0.220171,1
D_0001887481,0,0.228777,1
D_0001887523,0,0.340504,1
D_0001887649,0,0.081843,0
D_0001887775,1,0.942337,1
D_0001887985,1,0.031445,0
D_0001888573,1,0.484929,1
D_0001888699,0,0.070964,0
D_0001888867,0,0.034469,0
D_0001889476,1,0.969435,1
D_0001889812,0,0.054971,0
D_0001889896,1,0.918044,1
D_0001890316,0,0.442248,1
D_0001890799,0,0.088513,0
D_0001891093,1,0.857351,1
D_0001891282,1,0.878324,1
D_0001891408,0,0.095071,0
D_0001891471,1,0.222011,1
D_0001891723,1,0.990847,1
D_0001891744,1,0.655478,1
D_0001891807,0,0.022398,0
D_0001891828,1,0.986356,1
D_0001892206,1,0.926869,1
D_0001892500,0,0.071049,0
D_0001892941,0,0.042348,0
D_0001892962,1,0.987443,1
D_0001893214,0,0.156627,0
D_0001893298,0,0.608242,1
D_0001893361,0,0.172356,0
D_0001893571,0,0.063924,0
D_0001893802,1,0.989495,1
D_0001894012,1,0.190444,1
D_0001894264,0,0.297492,1
D_0001894369,0,0.258752,1
D_0001894789,0,0.226560,1
D_0001894894,1,0.338748,1
D_0001895041,1,0.986132,1
D_0001895713,1,0.536160,1
D_0001895860,0,0.058731,0
D_0001895923,1,0.971697,1
D_0001896217,0,0.071686,0
D_0001897057,1,0.764378,1
D_0001897120,1,0.965614,1
D_0001897372,0,0.045415,0
D_0001897393,0,0.347506,1
D_0001897960,0,0.454693,1
D_0001898044,0,0.780401,1
D_0001898065,1,0.661833,1
D_0001898590,1,0.992839,1
D_0001898779,0,0.039403,0
D_0001898863,1,0.826799,1
D_0001899451,1,0.972215,1
D_0001899535,0,0.148352,0
D_0001899703,0,0.146691,0
D_0001899829,1,0.531541,1
D_0001899934,0,0.054736,0
D_0001900102,1,0.993005,1
D_0001900480,1,0.947332,1
D_0001900879,1,0.867911,1
D_0001900963,0,0.013396,0
D_0001901005,0,0.116480,0
D_0001901026,1,0.632625,1
D_0001901173,1,0.221748,1
D_0001901530,1,0.979804,1
D_0001901950,1,0.946492,1
D_0001902034,1,0.078857,0
D_0001902118,1,0.893903,1
D_0001902391,1,0.699683,1
D_0001902790,0,0.114109,0
D_0001903378,1,0.952068,1
D_0001903483,0,0.091899,0
D_0001903651,1,0.903984,1
D_0001903735,1,0.814202,1
D_0001904344,1,0.917570,1
D_0001904890,1,0.178279,0
D_0001905079,1,0.557579,1
D_0001905499,1,0.968849,1
D_0001905919,0,0.877126,1
D_0001905961,0,0.058846,0
D_0001906003,1,0.070116,0
D_0001906234,1,0.868842,1
D_0001906318,1,0.407684,1
D_0001906339,1,0.190850,1
D_0001906549,0,0.057864,0
D_0001906654,1,0.941737,1
D_0001907053,1,0.190595,1
D_0001907389,0,0.175163,0
D_0001907410,0,0.271680,1
D_0001907473,1,0.981522,1
D_0001907599,0,0.146063,0
D_0001907620,0,0.026903,0
D_0001907872,0,0.128213,0
D_0001909111,1,0.844226,1
D_0001909636,0,0.058752,0
D_0001909678,1,0.708894,1
D_0001909783,1,0.991376,1
D_0001910035,0,0.312876,1
D_0001910098,1,0.979431,1
D_0001910224,1,0.933026,1
D_0001910371,1,0.992428,1
D_0001910413,0,0.125582,0
D_0001910959,1,0.813710,1
D_0001911295,1,0.234572,1
D_0001911379,1,0.841035,1
D_0001911484,1,0.512733,1
D_0001912198,0,0.122735,0
D_0001912240,0,0.507606,1
D_0001912870,0,0.048070,0
D_0001913017,1,0.981076,1
D_0001913059,0,0.380105,1
D_0001913332,0,0.107323,0
D_0001913353,1,0.588453,1
D_0001913395,1,0.989581,1
D_0001913458,1,0.689197,1
D_0001913542,1,0.724849,1
D_0001915264,0,0.311306,1
D_0001915390,0,0.048918,0
D_0001915411,0,0.937095,1
D_0001916545,0,0.018027,0
D_0001917868,1,0.117313,0
D_0001917973,0,0.200445,1
D_0001918351,0,0.260123,1
D_0001918582,1,0.993319,1
D_0001918603,0,0.059538,0
D_0001918855,1,0.843185,1
D_0001918918,0,0.034925,0
D_0001918981,0,0.117793,0
D_0001919674,0,0.731274,1
D_0001919800,1,0.407038,1
D_0001920262,0,0.265638,1
D_0001920598,0,0.037847,0
D_0001920619,1,0.701835,1
D_0001921627,0,0.065384,0
D_0001922194,1,0.944904,1
D_0001922446,1,0.200721,1
D_0001922866,0,0.305575,1
D_0001923265,1,0.991868,1
D_0001923979,1,0.969661,1
D_0001924273,1,0.136638,0
D_0001924378,1,0.813500,1
D_0001924504,1,0.304024,1
D_0001925092,1,0.994882,1
D_0001925365,1,0.469234,1
D_0001925638,1,0.989507,1
D_0001925995,0,0.109998,0
D_0001926121,0,0.115061,0
D_0001926142,1,0.876906,1
D_0001926184,0,0.116114,0
D_0001926898,1,0.951008,1
D_0001927507,1,0.087507,0
D_0001927591,1,0.707271,1
D_0001928032,0,0.199752,1
D_0001928347,1,0.374620,1
D_0001928368,0,0.093924,0
D_0001928473,1,0.986781,1
D_0001928536,1,0.962359,1
D_0001929313,1,0.989517,1
D_0001929481,1,0.527607,1
D_0001929838,0,0.086231,0
D_0001929859,1,0.103313,0
D_0001930741,0,0.018614,0
D_0001930993,1,0.964120,1
D_0001931350,0,0.018476,0
D_0001931896,1,0.955853,1
D_0001931980,1,0.934935,1
D_0001932253,0,0.030334,0
D_0001932463,0,0.119833,0
D_0001933009,0,0.001539,0
D_0001933198,1,0.938713,1
D_0001933450,1,0.875839,1
D_0001933597,0,0.162971,0
D_0001933975,0,0.017929,0
D_0001934080,1,0.362736,1
D_0001934101,1,0.964012,1
D_0001935256,0,0.092882,0
D_0001935487,1,0.865891,1
D_0001935550,0,0.021622,0
D_0001935592,0,0.065190,0
D_0001936285,1,0.963883,1
D_0001936432,1,0.647273,1
D_0001936600,0,0.017198,0
D_0001936642,1,0.989261,1
D_0001937125,0,0.076165,0
D_0001937713,1,0.279424,1
D_0001938007,1,0.869542,1
D_0001938595,0,0.102682,0
D_0001938826,0,0.045440,0
D_0001939099,1,0.902264,1
D_0001939183,0,0.110357,0
D_0001940128,0,0.013331,0
D_0001940275,1,0.947932,1
D_0001940569,0,0.086940,0
D_0001941031,0,0.025400,0
D_0001941073,0,0.105436,0
D_0001941241,1,0.986665,1
D_0001941682,0,0.116363,0
D_0001941808,1,0.937738,1
D_0001941913,0,0.266422,1
D_0001941934,0,0.082025,0
D_0001942207,1,0.969883,1
D_0001942291,0,0.145320,0
D_0001942417,0,0.173795,0
D_0001942732,0,0.064023,0
D_0001942942,1,0.878827,1
D_0001943425,1,0.665966,1
D_0001943446,1,0.980479,1
D_0001943803,0,0.056986,0
D_0001944265,0,0.063824,0
D_0001944433,1,0.412653,1
D_0001944559,0,0.018076,0
D_0001945084,1,0.134859,0
D_0001945147,1,0.792336,1
D_0001945609,1,0.895216,1
D_0001945903,1,0.793062,1
D_0001946008,1,0.964646,1
D_0001946491,1,0.994062,1
D_0001946533,1,0.975386,1
D_0001946827,1,0.992692,1
D_0001946911,1,0.974836,1
D_0001947436,0,0.115381,0
D_0001947520,0,0.026124,0
D_0001947562,1,0.976179,1
D_0001947730,1,0.783202,1
D_0001948633,1,0.210949,1
D_0001948738,1,0.729488,1
D_0001949536,1,0.314746,1
D_0001950061,1,0.990752,1
D_0001950103,0,0.021239,0
D_0001950124,0,0.048600,0
D_0001951111,0,0.055295,0
D_0001951195,0,0.043390,0
D_0001951468,0,0.048480,0
D_0001951489,1,0.986589,1
D_0001952476,0,0.048464,0
D_0001952497,1,0.220323,1
D_0001952602,1,0.856742,1
D_0001953022,1,0.939997,1
D_0001953211,1,0.389403,1
D_0001953337,1,0.885253,1
D_0001953484,1,0.162448,0
D_0001953736,0,0.172515,0
D_0001953988,0,0.105488,0
D_0001954093,0,0.161754,0
D_0001954828,0,0.012972,0
D_0001955017,1,0.301510,1
D_0001955353,1,0.957989,1
D_0001955395,0,0.455888,1
D_0001955773,0,0.095287,0
D_0001956361,1,0.984435,1
D_0001957285,0,0.075095,0
D_0001957327,0,0.153595,0
D_0001958062,0,0.495801,1
D_0001958083,0,0.077266,0
D_0001958671,1,0.122426,0
D_0001959364,1,0.984492,1
D_0001959784,1,0.895002,1
D_0001959805,0,0.069870,0
D_0001959847,1,0.970974,1
D_0001960036,0,0.202251,1
D_0001960372,1,0.990728,1
D_0001960456,0,0.117342,0
D_0001960603,0,0.108505,0
D_0001960687,0,0.229682,1
D_0001960834,1,0.435903,1
D_0001961107,0,0.117341,0
D_0001961338,1,0.955508,1
D_0001961422,1,0.850560,1
D_0001961758,1,0.887004,1
D_0001962283,1,0.982699,1
D_0001962367,1,0.984022,1
D_0001962619,1,0.980137,1
D_0001962745,0,0.045370,0
D_0001962829,0,0.533605,1
D_0001962913,0,0.778955,1
D_0001962934,1,0.510402,1
D_0001962976,1,0.609759,1
D_0001963270,0,0.072019,0
D_0001963564,1,0.322922,1
D_0001963963,1,0.970655,1
D_0001964152,1,0.681865,1
D_0001964236,0,0.110734,0
D_0001964446,1,0.837977,1
D_0001965349,1,0.994641,1
D_0001965538,0,0.481546,1
D_0001966042,0,0.060276,0
D_0001966084,0,0.037246,0
D_0001966651,0,0.029548,0
D_0001966798,1,0.984776,1
D_0001967386,1,0.955422,1
D_0001967470,1,0.993181,1
D_0001967827,1,0.712601,1
D_0001968037,1,0.992409,1
D_0001968268,1,0.478602,1
D_0001968772,1,0.820676,1
D_0001968982,1,0.974541,1
D_0001969024,1,0.908552,1
D_0001969528,1,0.959504,1
D_0001970053,1,0.312048,1
D_0001970074,1,0.823373,1
D_0001970389,0,0.061638,0
D_0001970536,0,0.232837,1
D_0001970851,1,0.117857,0
D_0001970914,0,0.010765,0
D_0001971586,1,0.990508,1
D_0001972006,1,0.662248,1
D_0001972825,1,0.991041,1
D_0001973749,1,0.383717,1
D_0001973854,0,0.025467,0
D_0001974001,1,0.315235,1
D_0001975492,0,0.276292,1
D_0001975597,0,0.094872,0
D_0001975744,1,0.939815,1
D_0001976185,0,0.080441,0
D_0001978054,0,0.040197,0
D_0001978117,1,0.994682,1
D_0001978747,1,0.966855,1
D_0001978768,1,0.934577,1
D_0001978852,1,0.927129,1
D_0001978894,0,0.067503,0
D_0001979524,0,0.275339,1
D_0001980364,1,0.217400,1
D_0001980490,1,0.985099,1
D_0001980553,0,0.818853,1
D_0001980658,0,0.289382,1
D_0001980742,0,0.062151,0
D_0001981939,0,0.913984,1
D_0001982128,1,0.889073,1
D_0001982170,1,0.929030,1
D_0001982212,0,0.117261,0
D_0001982296,1,0.496632,1
D_0001982968,0,0.037285,0
D_0001982989,1,0.682325,1
D_0001983052,0,0.073200,0
D_0001983535,1,0.278911,1
D_0001984207,1,0.285444,1
D_0001984543,0,0.014249,0
D_0001984837,1,0.981872,1
D_0001984963,1,0.743599,1
D_0001984984,1,0.971189,1
D_0001985047,1,0.954952,1
D_0001985068,0,0.066804,0
D_0001985236,1,0.981070,1
D_0001985278,1,0.965785,1
D_0001985383,0,0.041182,0
D_0001985614,0,0.049418,0
D_0001985635,1,0.984003,1
D_0001986202,0,0.087622,0
D_0001986223,0,0.034394,0
D_0001986265,0,0.138688,0
D_0001986433,1,0.784546,1
D_0001986517,0,0.094481,0
D_0001987063,1,0.930771,1
D_0001987609,1,0.374953,1
D_0001988239,1,0.764539,1
D_0001988281,0,0.049571,0
D_0001988491,0,0.081729,0
D_0001988533,1,0.719382,1
D_0001988554,1,0.138910,0
D_0001988701,1,0.061428,0
D_0001989058,1,0.967304,1
D_0001989226,0,0.196676,1
D_0001989415,0,0.019052,0
D_0001990003,1,0.723311,1
D_0001990297,1,0.933973,1
D_0001990696,1,0.984078,1
D_0001990843,0,0.740644,1
D_0001990927,1,0.986492,1
D_0001991032,0,0.030262,0
D_0001991515,0,0.161223,0
D_0001991536,1,0.966786,1
D_0001992061,1,0.377988,1
D_0001992124,1,0.113489,0
D_0001992502,0,0.285849,1
D_0001992838,1,0.092103,0
D_0001992859,1,0.776097,1
D_0001993636,0,0.364290,1
D_0001994287,1,0.985654,1
D_0001994329,1,0.530058,1
D_0001994707,0,0.266611,1
D_0001994728,1,0.953312,1
D_0001994959,0,0.057664,0
D_0001995169,0,0.026708,0
D_0001995295,1,0.967431,1
D_0001995316,1,0.045685,0
D_0001995673,0,0.491581,1
D_0001995820,1,0.982961,1
D_0001996135,0,0.049291,0
D_0001996261,0,0.112274,0
D_0001996702,0,0.177377,0
D_0001997206,0,0.368585,1
D_0001997227,1,0.126154,0
D_0001997374,0,0.583574,1
D_0001997395,1,0.988594,1
D_0001997563,0,0.080319,0
D_0001997647,0,0.043636,0
D_0001997689,0,0.036223,0
D_0001997899,1,0.963026,1
D_0001998739,1,0.162092,0
D_0001998781,0,0.023755,0
D_0001998907,1,0.542184,1
D_0001999222,1,0.709505,1
D_0001999453,0,0.202376,1
D_0001999999,0,0.206150,1
D_0002000062,0,0.174345,0
D_0002000188,1,0.961313,1
D_0002000818,1,0.972910,1
D_0002001343,1,0.963277,1
D_0002002141,0,0.197588,1
D_0002002162,1,0.983714,1
D_0002002498,0,0.100623,0
D_0002002876,1,0.127135,0
D_0002002939,0,0.027778,0
D_0002003065,0,0.127955,0
D_0002003401,0,0.205632,1
D_0002003527,0,0.502133,1
D_0002003758,0,0.067193,0
D_0002003926,1,0.987209,1
D_0002004073,0,0.052442,0
D_0002004136,1,0.982956,1
D_0002004346,0,0.801445,1
D_0002004577,0,0.276219,1
D_0002004850,0,0.141153,0
D_0002004934,0,0.325098,1
D_0002005480,1,0.949629,1
D_0002006173,1,0.985249,1
D_0002006530,1,0.961689,1
D_0002006845,0,0.056590,0
D_0002006866,0,0.160424,0
D_0002006950,1,0.779392,1
D_0002007307,1,0.919166,1
D_0002007370,0,0.050900,0
D_0002007559,1,0.431594,1
D_0002007895,1,0.248622,1
D_0002007958,1,0.307900,1
D_0002008084,1,0.980894,1
D_0002008210,0,0.060784,0
D_0002008693,0,0.146054,0
D_0002008924,1,0.905129,1
D_0002009134,1,0.946983,1
D_0002009827,1,0.589566,1
D_0002010331,0,0.277225,1
D_0002010352,0,0.087696,0
D_0002010499,0,0.072450,0
D_0002011171,1,0.984426,1
D_0002011339,0,0.039737,0
D_0002011381,0,0.031520,0
D_0002011675,0,0.135949,0
D_0002011738,0,0.021097,0
D_0002011759,1,0.945604,1
D_0002012158,1,0.137712,0
D_0002012305,1,0.941506,1
D_0002012536,1,0.937462,1
D_0002012977,0,0.486574,1
D_0002013082,0,0.502771,1
D_0002013292,0,0.049135,0
D_0002013376,1,0.979027,1
D_0002013670,1,0.650940,1
D_0002013901,0,0.040518,0
D_0002014279,0,0.156071,0
D_0002014489,1,0.848375,1
D_0002014594,1,0.981445,1
D_0002014636,0,0.054393,0
D_0002015287,0,0.061945,0
D_0002015455,1,0.784386,1
D_0002016190,1,0.888882,1
D_0002016211,1,0.969258,1
D_0002016253,1,0.360314,1
D_0002016421,0,0.118253,0
D_0002016484,1,0.704592,1
D_0002016925,1,0.979299,1
D_0002017030,0,0.106775,0
D_0002017093,1,0.806317,1
D_0002017198,1,0.957657,1
D_0002017345,1,0.995168,1
D_0002017387,0,0.045212,0
D_0002017429,1,0.047692,0
D_0002017660,0,0.115093,0
D_0002017933,1,0.979013,1
D_0002017975,0,0.423907,1
D_0002018899,1,0.682877,1
D_0002019487,0,0.534324,1
D_0002019613,0,0.186782,1
D_0002019865,1,0.957313,1
D_0002020054,0,0.050888,0
D_0002020621,1,0.868155,1
D_0002020873,0,0.017472,0
D_0002021566,1,0.990151,1
D_0002021818,0,0.048676,0
D_0002021944,1,0.878149,1
D_0002022217,1,0.054813,0
D_0002022385,1,0.266773,1
D_0002022406,1,0.978522,1
D_0002022721,1,0.298351,1
D_0002022784,1,0.213664,1
D_0002022952,0,0.064137,0
D_0002023729,0,0.067007,0
D_0002023792,0,0.024504,0
D_0002024086,1,0.767253,1
D_0002024401,1,0.974537,1
D_0002026144,1,0.988037,1
D_0002026543,1,0.975931,1
D_0002026900,1,0.719889,1
D_0002027110,1,0.972179,1
D_0002027299,0,0.016111,0
D_0002027782,1,0.646945,1
D_0002028307,1,0.947962,1
D_0002028727,1,0.994172,1
D_0002029231,0,0.055827,0
D_0002029273,0,0.033343,0
D_0002029651,1,0.789724,1
D_0002029861,1,0.941887,1
D_0002029924,1,0.032782,0
D_0002030071,1,0.973645,1
D_0002030155,0,0.500322,1
D_0002030344,1,0.991079,1
D_0002030386,1,0.614276,1
D_0002030890,1,0.605366,1
D_0002031457,1,0.985498,1
D_0002031478,1,0.494969,1
D_0002032276,1,0.757436,1
D_0002032423,0,0.120243,0
D_0002032549,1,0.990544,1
D_0002033011,1,0.806016,1
D_0002033704,1,0.278482,1
D_0002033809,1,0.070596,0
D_0002034754,0,0.707611,1
D_0002034901,1,0.993106,1
D_0002035090,1,0.830772,1
D_0002035363,0,0.004770,0
D_0002035657,0,0.114872,0
D_0002035867,0,0.057413,0
D_0002035930,0,0.183726,0
D_0002036686,1,0.991247,1
D_0002037274,0,0.061405,0
D_0002037862,0,0.196098,1
D_0002038135,1,0.795463,1
D_0002038261,1,0.945099,1
D_0002038324,0,0.040012,0
D_0002038387,0,0.061736,0
D_0002038429,0,0.036887,0
D_0002038702,1,0.977584,1
D_0002039437,1,0.564885,1
D_0002039500,0,0.162351,0
D_0002040130,1,0.996848,1
D_0002041516,0,0.150348,0
D_0002041621,0,0.011738,0
D_0002041873,1,0.933431,1
D_0002041999,0,0.876235,1
D_0002042944,1,0.989476,1
D_0002043049,1,0.892301,1
D_0002043679,1,0.992287,1
D_0002044246,1,0.982678,1
D_0002044267,0,0.068021,0
D_0002044309,1,0.816297,1
D_0002044687,1,0.725793,1
D_0002045317,1,0.982055,1
D_0002045716,1,0.063696,0
D_0002046409,1,0.926243,1
D_0002046556,0,0.665943,1
D_0002046787,1,0.855746,1
D_0002046871,1,0.282825,1
D_0002046913,0,0.101330,0
D_0002046997,1,0.458033,1
D_0002047018,1,0.967128,1
D_0002047270,1,0.988756,1
D_0002047417,1,0.980831,1
D_0002047921,1,0.974835,1
D_0002048068,0,0.026035,0
D_0002048404,1,0.992504,1
D_0002048719,0,0.159233,0
D_0002048845,0,0.183950,0
D_0002048887,1,0.295062,1
D_0002050000,0,0.255317,1
D_0002050042,1,0.862422,1
D_0002050168,1,0.944259,1
D_0002050231,0,0.222025,1
D_0002050525,1,0.348925,1
D_0002050756,1,0.230019,1
D_0002051302,1,0.096370,0
D_0002052163,0,0.055651,0
D_0002052919,0,0.292284,1
D_0002053255,0,0.250602,1
D_0002053276,0,0.048259,0
D_0002053402,0,0.070943,0
D_0002053465,1,0.882152,1
D_0002053843,1,0.989571,1
D_0002053990,0,0.119683,0
D_0002054221,1,0.075061,0
D_0002054263,0,0.048162,0
D_0002054494,1,0.685791,1
D_0002055481,1,0.162765,0
D_0002055628,0,0.107534,0
D_0002055964,0,0.059786,0
D_0002056174,1,0.932232,1
D_0002056237,1,0.976960,1
D_0002056258,0,0.044956,0
D_0002056279,0,0.167339,0
D_0002056678,1,0.450250,1
D_0002056762,0,0.134623,0
D_0002057140,1,0.948685,1
D_0002057623,1,0.959921,1
D_0002058001,0,0.118125,0
D_0002058316,0,0.480681,1
D_0002059219,1,0.985714,1
D_0002059408,1,0.982339,1
D_0002059597,0,0.011616,0
D_0002059681,0,0.243266,1
D_0002060185,1,0.601806,1
D_0002060878,1,0.869764,1
D_0002061340,1,0.986565,1
D_0002061403,0,0.078093,0
D_0002061802,0,0.122505,0
D_0002062222,1,0.534605,1
D_0002063104,0,0.173516,0
D_0002063125,1,0.790346,1
D_0002063230,0,0.086701,0
D_0002063293,1,0.994775,1
D_0002063671,0,0.049900,0
D_0002063986,0,0.045517,0
D_0002064259,1,0.042621,0
D_0002064490,1,0.976639,1
D_0002064637,0,0.146401,0
D_0002064700,1,0.975202,1
D_0002064721,0,0.189368,1
D_0002064805,0,0.162871,0
D_0002064889,1,0.461200,1
D_0002066296,0,0.124353,0
D_0002067052,0,0.009073,0
D_0002067283,0,0.120689,0
D_0002067661,1,0.992832,1
D_0002068312,1,0.967600,1
D_0002068333,1,0.992803,1
D_0002068942,0,0.036980,0
D_0002069005,1,0.766214,1
D_0002069068,1,0.994068,1
D_0002069572,0,0.052854,0
D_0002070139,0,0.809217,1
D_0002070538,1,0.944022,1
D_0002070580,1,0.580541,1
D_0002070853,1,0.852222,1
D_0002071105,0,0.124376,0
D_0002071378,1,0.127631,0
D_0002071567,1,0.592387,1
D_0002072029,1,0.992665,1
D_0002072407,1,0.778522,1
D_0002072533,1,0.988801,1
D_0002073373,0,0.045535,0
D_0002073793,1,0.927001,1
D_0002074192,0,0.096369,0
D_0002074633,0,0.119145,0
D_0002074696,0,0.040240,0
D_0002075263,1,0.060352,0
D_0002075914,1,0.976838,1
D_0002076082,0,0.247747,1
D_0002076313,0,0.576200,1
D_0002076922,1,0.863933,1
D_0002077111,0,0.058952,0
D_0002077174,0,0.208267,1
D_0002077510,0,0.037368,0
D_0002077594,0,0.033229,0
D_0002078665,1,0.582276,1
D_0002078875,0,0.070113,0
D_0002078896,0,0.019083,0
D_0002079547,1,0.690033,1
D_0002079883,0,0.026695,0
D_0002080240,0,0.251740,1
D_0002080282,1,0.084467,0
D_0002080387,1,0.988298,1
D_0002080576,0,0.129830,0
D_0002080597,0,0.170550,0
D_0002080891,1,0.837212,1
D_0002080954,1,0.917261,1
D_0002081689,1,0.966582,1
D_0002082445,1,0.958291,1
D_0002082739,1,0.790423,1
D_0002083096,0,0.245802,1
D_0002083390,0,0.081433,0
D_0002083810,1,0.883907,1
D_0002084167,1,0.123715,0
D_0002084587,1,0.581052,1
D_0002084608,0,0.410938,1
D_0002085133,1,0.727473,1
D_0002085154,1,0.738751,1
D_0002085490,0,0.045402,0
D_0002085700,0,0.010578,0
D_0002085952,0,0.196889,1
D_0002085994,0,0.303007,1
D_0002086813,1,0.971779,1
D_0002087170,0,0.098620,0
D_0002087338,1,0.980653,1
D_0002087485,0,0.058627,0
D_0002087527,0,0.771379,1
D_0002087800,1,0.994397,1
D_0002087926,1,0.425542,1
D_0002088073,0,0.049824,0
D_0002088388,0,0.062432,0
D_0002088787,1,0.993012,1
D_0002089459,0,0.152146,0
D_0002090362,0,0.947424,1
D_0002090425,1,0.150391,0
D_0002090509,1,0.989595,1
D_0002090782,0,0.177603,0
D_0002090950,0,0.183209,0
D_0002090992,0,0.152778,0
D_0002091223,1,0.916974,1
D_0002091580,0,0.050659,0
D_0002091811,1,0.100040,0
D_0002092357,0,0.042835,0
D_0002092714,1,0.599293,1
D_0002092882,0,0.132412,0
D_0002093197,1,0.971093,1
D_0002093617,0,0.004565,0
D_0002093659,0,0.090304,0
D_0002093680,1,0.956875,1
D_0002094730,0,0.044711,0
D_0002094877,0,0.089189,0
D_0002095381,1,0.821696,1
D_0002095675,0,0.157137,0
D_0002095927,1,0.793062,1
D_0002096116,0,0.229389,1
D_0002096284,0,0.025788,0
D_0002096305,0,0.037412,0
D_0002096515,1,0.809962,1
D_0002096620,1,0.807269,1
D_0002097082,0,0.080961,0
D_0002097565,0,0.286262,1
D_0002097922,1,0.654674,1
D_0002098258,1,0.805394,1
D_0002098405,1,0.947949,1
D_0002098489,1,0.629049,1
D_0002098951,0,0.233799,1
D_0002099077,1,0.978894,1
D_0002099476,0,0.063417,0
D_0002099770,1,0.143088,0
D_0002099875,0,0.076001,0
D_0002099938,1,0.977720,1
D_0002100904,0,0.055353,0
D_0002101009,0,0.966444,1
D_0002101177,1,0.966452,1
D_0002101261,1,0.855166,1
D_0002101576,0,0.240125,1
D_0002101681,1,0.987962,1
D_0002102206,1,0.843335,1
D_0002102269,0,0.179634,0
D_0002102311,1,0.980600,1
D_0002102521,1,0.996150,1
D_0002102668,0,0.036018,0
D_0002103130,1,0.986977,1
D_0002103172,1,0.537184,1
D_0002103445,0,0.043112,0
D_0002103613,0,0.097059,0
D_0002103928,0,0.129559,0
D_0002104537,0,0.198804,1
D_0002104642,1,0.994457,1
D_0002104747,1,0.830086,1
D_0002104810,1,0.195683,1
D_0002105062,1,0.192560,1
D_0002105755,1,0.933952,1
D_0002105881,0,0.049437,0
D_0002106154,0,0.001114,0
D_0002106616,0,0.157486,0
D_0002107015,1,0.991218,1
D_0002107372,1,0.036557,0
D_0002107477,0,0.036570,0
D_0002107540,1,0.984383,1
D_0002107771,1,0.738644,1
D_0002108716,1,0.814476,1
D_0002109115,1,0.663805,1
D_0002109199,0,0.125061,0
D_0002109388,0,0.084105,0
D_0002109640,0,0.027924,0
D_0002110480,1,0.276824,1
D_0002111236,0,0.048735,0
D_0002111299,1,0.070611,0
D_0002112160,0,0.049416,0
D_0002112790,0,0.430398,1
D_0002113567,0,0.138303,0
D_0002113672,1,0.537554,1
D_0002113861,1,0.808363,1
D_0002114071,1,0.365561,1
D_0002114113,1,0.974847,1
D_0002114155,0,0.067451,0
D_0002114428,0,0.251383,1
D_0002114491,0,0.279246,1
D_0002114932,0,0.055966,0
D_0002115772,0,0.004042,0
D_0002115940,1,0.987199,1
D_0002116150,0,0.073901,0
D_0002116570,1,0.878870,1
D_0002116801,1,0.215237,1
D_0002117053,0,0.198460,1
D_0002117641,1,0.783454,1
D_0002117746,1,0.832787,1
D_0002118313,0,0.387013,1
D_0002119090,1,0.964796,1
D_0002119195,0,0.075960,0
D_0002119279,0,0.080917,0
D_0002119300,0,0.095285,0
D_0002119657,1,0.280790,1
D_0002119783,0,0.590519,1
D_0002120245,1,0.854269,1
D_0002120434,1,0.992352,1
D_0002120791,1,0.087906,0
D_0002121001,0,0.114599,0
D_0002121043,1,0.310612,1
D_0002121547,0,0.024110,0
D_0002121652,0,0.851477,1
D_0002121883,0,0.053053,0
D_0002121904,1,0.220565,1
D_0002121925,0,0.063262,0
D_0002121967,1,0.949332,1
D_0002122051,0,0.135641,0
D_0002122576,0,0.038247,0
D_0002122618,1,0.982497,1
D_0002122807,0,0.299439,1
D_0002123038,0,0.105757,0
D_0002123059,1,0.425377,1
D_0002123794,1,0.787795,1
D_0002123815,0,0.137459,0
D_0002123920,1,0.994083,1
D_0002123941,0,0.066634,0
D_0002124130,1,0.833002,1
D_0002124193,1,0.988674,1
D_0002124445,1,0.102168,0
D_0002124676,0,0.149754,0
D_0002124907,0,0.746555,1
D_0002126524,1,0.974419,1
D_0002126629,1,0.962404,1
D_0002127049,0,0.959407,1
D_0002127259,1,0.696695,1
D_0002127343,0,0.016035,0
D_0002127700,0,0.194415,1
D_0002127826,1,0.983025,1
D_0002127868,1,0.955616,1
D_0002127994,0,0.278066,1
D_0002128729,1,0.305692,1
D_0002128771,0,0.265355,1
D_0002128939,1,0.269566,1
D_0002129275,0,0.081561,0
D_0002129338,1,0.735090,1
D_0002129506,1,0.862284,1
D_0002129758,1,0.433670,1
D_0002129926,0,0.063063,0
D_0002130472,1,0.959613,1
D_0002130556,0,0.034230,0
D_0002130598,0,0.055335,0
D_0002130829,0,0.050251,0
D_0002130850,1,0.995703,1
D_0002130955,1,0.967792,1
D_0002131081,1,0.312578,1
D_0002131333,1,0.362424,1
D_0002131837,0,0.075456,0
D_0002132278,0,0.060462,0
D_0002132467,1,0.450619,1
D_0002132929,1,0.255248,1
D_0002132992,0,0.047006,0
D_0002133181,0,0.102520,0
D_0002133496,1,0.331042,1
D_0002134000,0,0.049321,0
D_0002134084,1,0.706945,1
D_0002134252,1,0.973014,1
D_0002134273,1,0.482083,1
D_0002134840,1,0.989748,1
D_0002134924,1,0.333183,1
D_0002135029,1,0.726757,1
D_0002135050,0,0.080157,0
D_0002135155,0,0.116737,0
D_0002135197,1,0.986862,1
D_0002135743,0,0.027451,0
D_0002135764,1,0.977429,1
D_0002136184,1,0.726944,1
D_0002136373,0,0.134056,0
D_0002137234,1,0.991418,1
D_0002137402,0,0.113264,0
D_0002137969,0,0.014510,0
D_0002138809,0,0.156288,0
D_0002139397,1,0.294082,1
D_0002139607,0,0.913148,1
D_0002139754,1,0.978562,1
D_0002140006,1,0.992036,1
D_0002140216,0,0.015316,0
D_0002140300,1,0.190373,1
D_0002140342,1,0.500234,1
D_0002140930,1,0.317988,1
D_0002141056,1,0.725712,1
D_0002141581,0,0.654840,1
D_0002141602,1,0.524945,1
D_0002142337,1,0.304353,1
D_0002142505,0,0.828177,1
D_0002142652,0,0.042004,0
D_0002142757,0,0.161779,0
D_0002143156,0,0.040982,0
D_0002143303,1,0.160787,0
D_0002143345,1,0.846173,1
D_0002143849,0,0.099311,0
D_0002144185,1,0.206589,1
D_0002144206,1,0.793892,1
D_0002144941,0,0.090310,0
D_0002144983,1,0.991917,1
D_0002145067,1,0.992623,1
D_0002145109,0,0.282774,1
D_0002145130,0,0.240136,1
D_0002145151,0,0.076217,0
D_0002146117,0,0.063645,0
D_0002146390,0,0.063783,0
D_0002146789,0,0.099084,0
D_0002146810,0,0.009238,0
D_0002146831,0,0.018545,0
D_0002146999,0,0.053999,0
D_0002147293,1,0.678747,1
D_0002147398,1,0.561877,1
D_0002148175,0,0.102317,0
D_0002148427,1,0.776701,1
D_0002148721,1,0.727694,1
D_0002149414,0,0.136027,0
D_0002149477,1,0.848944,1
D_0002149750,1,0.785536,1
D_0002150149,0,0.023844,0
D_0002150695,1,0.972619,1
D_0002150716,0,0.071552,0
D_0002150779,0,0.031079,0
D_0002151955,1,0.993203,1
D_0002152564,0,0.079480,0
D_0002152711,1,0.874952,1
D_0002152879,1,0.137803,0
D_0002153362,1,0.193091,1
D_0002153866,0,0.046816,0
D_0002154055,0,0.095426,0
D_0002154328,1,0.962241,1
D_0002154580,1,0.667400,1
D_0002154769,0,0.030734,0
D_0002154916,0,0.026232,0
D_0002154937,1,0.855562,1
D_0002155357,1,0.982660,1
D_0002156050,0,0.390785,1
D_0002156764,1,0.562633,1
D_0002156848,1,0.974584,1
D_0002157037,1,0.908198,1
D_0002157226,1,0.296177,1
D_0002157415,0,0.109353,0
D_0002157583,0,0.134085,0
D_0002157919,0,0.062402,0
D_0002157940,1,0.154574,0
D_0002158234,1,0.684020,1
D_0002158570,0,0.172825,0
D_0002158843,0,0.045652,0
D_0002159830,0,0.215166,1
D_0002160271,0,0.097986,0
D_0002161951,0,0.055661,0
D_0002162644,0,0.083754,0
D_0002163190,1,0.941713,1
D_0002163400,1,0.948402,1
D_0002163421,0,0.019124,0
D_0002163484,0,0.212729,1
D_0002163652,1,0.591216,1
D_0002164177,1,0.360322,1
D_0002164618,0,0.100055,0
D_0002165458,1,0.942288,1
D_0002165542,1,0.952987,1
D_0002165836,0,0.071437,0
D_0002166046,1,0.416673,1
D_0002166340,1,0.976769,1
D_0002166508,0,0.035881,0
D_0002166529,1,0.511650,1
D_0002166655,1,0.665391,1
D_0002166739,1,0.958281,1
D_0002167180,0,0.052571,0
D_0002167201,0,0.062947,0
D_0002168272,1,0.380274,1
D_0002169427,0,0.194992,1
D_0002169532,0,0.030022,0
D_0002169721,1,0.163921,0
D_0002169973,1,0.210449,1
D_0002170267,1,0.463604,1
D_0002170603,0,0.041612,0
D_0002170687,1,0.958551,1
D_0002170750,1,0.981556,1
D_0002170897,1,0.978994,1
D_0002171548,1,0.995904,1
D_0002172808,1,0.958539,1
D_0002172934,1,0.991063,1
D_0002174278,1,0.985560,1
D_0002175013,1,0.499643,1
D_0002175160,0,0.087443,0
D_0002175202,1,0.828707,1
D_0002175223,1,0.882772,1
D_0002175454,0,0.247666,1
D_0002175811,1,0.993309,1
D_0002175958,1,0.185348,1
D_0002176735,1,0.991761,1
D_0002176924,0,0.043490,0
D_0002177008,1,0.962706,1
D_0002177029,0,0.213379,1
D_0002177092,0,0.630160,1
D_0002177155,1,0.952645,1
D_0002177197,1,0.988494,1
D_0002177407,0,0.044686,0
D_0002177449,0,0.163169,0
D_0002177554,1,0.087246,0
D_0002177848,1,0.879534,1
D_0002177932,0,0.394661,1
D_0002178037,1,0.989650,1
D_0002178079,0,0.179826,0
D_0002178331,1,0.110089,0
D_0002178373,0,0.018643,0
D_0002178856,0,0.002975,0
D_0002179255,1,0.874049,1
D_0002179654,0,0.085312,0
D_0002179759,0,0.139629,0
D_0002180179,1,0.992085,1
D_0002180284,1,0.979346,1
D_0002180347,0,0.079353,0
D_0002180872,0,0.047368,0
D_0002181019,1,0.942632,1
D_0002181313,1,0.067801,0
D_0002182342,1,0.996542,1
D_0002182384,0,0.155453,0
D_0002182510,0,0.151292,0
D_0002182930,1,0.975594,1
D_0002183833,0,0.199184,1
D_0002184169,1,0.911642,1
D_0002185030,1,0.723902,1
D_0002185681,1,0.826254,1
D_0002185702,0,0.028035,0
D_0002185849,1,0.976962,1
D_0002186185,0,0.432040,1
D_0002186353,1,0.055425,0
D_0002186584,1,0.480021,1
D_0002186731,1,0.994704,1
D_0002187046,0,0.065657,0
D_0002188600,0,0.068631,0
D_0002188684,1,0.338979,1
D_0002188852,0,0.181809,0
D_0002188999,1,0.602642,1
D_0002189293,0,0.072147,0
D_0002189776,1,0.479645,1
D_0002189797,0,0.057265,0
D_0002189902,1,0.993840,1
D_0002190217,0,0.106866,0
D_0002190280,1,0.733756,1
D_0002190385,1,0.965993,1
D_0002190868,1,0.819058,1
D_0002190994,1,0.134587,0
D_0002191183,1,0.799423,1
D_0002191204,0,0.069238,0
D_0002191876,1,0.307948,1
D_0002191939,0,0.019493,0
D_0002191960,0,0.024938,0
D_0002192086,1,0.555585,1
D_0002192191,1,0.986757,1
D_0002192590,0,0.047529,0
D_0002193178,1,0.835470,1
D_0002193199,1,0.063067,0
D_0002193766,1,0.959490,1
D_0002193787,0,0.017255,0
D_0002194081,1,0.990465,1
D_0002194186,1,0.557166,1
D_0002194732,0,0.198726,1
D_0002194795,1,0.253427,1
D_0002194921,0,0.465511,1
D_0002195257,0,0.203444,1
D_0002195383,1,0.046362,0
D_0002195425,1,0.508488,1
D_0002195656,0,0.126679,0
D_0002196013,0,0.503641,1
D_0002196244,0,0.130091,0
D_0002196538,0,0.105964,0
D_0002197000,1,0.993674,1
D_0002197357,1,0.696671,1
D_0002197378,0,0.970130,1
D_0002197462,1,0.421913,1
D_0002197546,0,0.057249,0
D_0002197840,0,0.105479,0
D_0002198092,0,0.094044,0
D_0002198323,0,0.094750,0
D_0002198575,1,0.948041,1
D_0002198638,1,0.979076,1
D_0002199016,1,0.420656,1
D_0002199058,1,0.848438,1
D_0002199247,0,0.910254,1
D_0002199562,0,0.033651,0
D_0002199835,1,0.548658,1
D_0002199982,0,0.789885,1
D_0002200087,1,0.997444,1
D_0002200486,0,0.067079,0
D_0002200675,0,0.698718,1
D_0002200990,0,0.272616,1
D_0002201473,0,0.080680,0
D_0002201557,1,0.978014,1
D_0002201746,0,0.023058,0
D_0002201767,0,0.112615,0
D_0002202124,0,0.131160,0
D_0002202187,1,0.997141,1
D_0002202250,0,0.199218,1
D_0002202817,1,0.635056,1
D_0002203048,1,0.634908,1
D_0002204077,1,0.927246,1
D_0002204182,1,0.227843,1
D_0002204287,1,0.981951,1
D_0002204833,1,0.576875,1
D_0002204938,0,0.100252,0
D_0002205232,0,0.100896,0
D_0002205421,1,0.940527,1
D_0002206282,1,0.522190,1
D_0002206408,0,0.110075,0
D_0002206576,0,0.162492,0
D_0002206681,1,0.943246,1
D_0002207143,1,0.985480,1
D_0002207689,0,0.573521,1
D_0002207773,1,0.928000,1
D_0002209075,0,0.027840,0
D_0002209579,0,0.097482,0
D_0002209621,1,0.620057,1
D_0002210230,1,0.909893,1
D_0002210272,0,0.219987,1
D_0002211196,1,0.932293,1
D_0002211427,1,0.993580,1
D_0002211616,0,0.071365,0
D_0002211700,1,0.986012,1
D_0002212204,1,0.484258,1
D_0002212372,1,0.843920,1
D_0002213233,0,0.043242,0
D_0002213338,1,0.984036,1
D_0002213443,1,0.084924,0
D_0002213611,0,0.293727,1
D_0002214031,0,0.088199,0
D_0002214157,0,0.532912,1
D_0002214703,1,0.906126,1
D_0002215018,0,0.146022,0
D_0002215354,0,0.753679,1
D_0002215984,1,0.903022,1
D_0002216488,1,0.937985,1
D_0002216845,1,0.950972,1
D_0002217181,1,0.992822,1
D_0002217412,0,0.115584,0
D_0002217895,0,0.206423,1
D_0002218000,0,0.064498,0
D_0002218273,0,0.031311,0
D_0002218924,1,0.716761,1
D_0002219071,1,0.575436,1
D_0002219113,1,0.992326,1
D_0002219176,1,0.860530,1
D_0002220121,1,0.067541,0
D_0002220289,0,0.343852,1
D_0002220394,1,0.979024,1
D_0002220646,0,0.087308,0
D_0002220751,0,0.938061,1
D_0002221549,1,0.081950,0
D_0002222431,0,0.188735,1
D_0002222473,0,0.024252,0
D_0002223565,1,0.281183,1
D_0002224006,0,0.175902,0
D_0002224216,0,0.313716,1
D_0002224783,1,0.371943,1
D_0002225518,1,0.718499,1
D_0002225875,1,0.986213,1
D_0002225959,1,0.993024,1
D_0002226085,1,0.630272,1
D_0002226337,1,0.900733,1
D_0002226400,0,0.568707,1
D_0002226547,0,0.121011,0
D_0002227030,0,0.001995,0
D_0002227093,0,0.077548,0
D_0002227240,1,0.743054,1
D_0002227345,1,0.685502,1
D_0002227471,0,0.557229,1
D_0002227639,0,0.080180,0
D_0002228080,0,0.243210,1
D_0002228164,1,0.965129,1
D_0002228563,0,0.128207,0
D_0002228626,0,0.063074,0
D_0002228962,0,0.022537,0
D_0002229088,1,0.466195,1
D_0002229109,1,0.993027,1
D_0002229424,1,0.083364,0
D_0002230117,1,0.182924,0
D_0002230159,1,0.893772,1
D_0002230495,1,0.286391,1
D_0002230810,1,0.124325,0
D_0002230852,1,0.784343,1
D_0002230894,1,0.112160,0
D_0002230957,0,0.119630,0
D_0002231230,1,0.076882,0
D_0002231650,1,0.750712,1
D_0002231776,0,0.072688,0
D_0002232574,0,0.676522,1
D_0002233393,0,0.813559,1
D_0002233624,0,0.155336,0
D_0002233855,0,0.742004,1
D_0002234023,1,0.652630,1
D_0002234191,0,0.124737,0
D_0002234275,0,0.716762,1
D_0002234527,1,0.492122,1
D_0002234695,1,0.922744,1
D_0002234926,1,0.994896,1
D_0002235010,0,0.071345,0
D_0002235094,0,0.193166,1
D_0002235367,0,0.150886,0
D_0002235430,1,0.642396,1
D_0002236060,1,0.983442,1
D_0002236900,1,0.971567,1
D_0002237173,1,0.951124,1
D_0002237257,1,0.531347,1
D_0002237488,1,0.965979,1
D_0002238223,0,0.088764,0
D_0002238391,1,0.645785,1
D_0002238412,0,0.603851,1
D_0002238580,1,0.988852,1
D_0002238853,0,0.026940,0
D_0002239042,0,0.062225,0
D_0002239105,1,0.991844,1
D_0002239735,0,0.003467,0
D_0002240218,1,0.724512,1
D_0002241205,0,0.682167,1
D_0002241310,1,0.104612,0
D_0002242171,0,0.066587,0
D_0002242297,1,0.964722,1
D_0002242318,1,0.075968,0
D_0002242402,1,0.590456,1
D_0002242717,0,0.215163,1
D_0002242885,1,0.572553,1
D_0002243473,1,0.633352,1
D_0002244040,0,0.554592,1
D_0002244082,1,0.988813,1
D_0002244922,1,0.289452,1
D_0002245048,0,0.196208,1
D_0002245321,0,0.227214,1
D_0002245405,0,0.037196,0
D_0002245615,0,0.157990,0
D_0002246119,0,0.075908,0
D_0002246560,1,0.927553,1
D_0002246770,1,0.993144,1
D_0002247169,1,0.174354,0
D_0002247253,1,0.644728,1
D_0002247631,0,0.110447,0
D_0002248303,1,0.652651,1
D_0002248702,0,0.510228,1
D_0002248723,1,0.990423,1
D_0002249164,1,0.616389,1
D_0002249395,0,0.155501,0
D_0002249647,0,0.055906,0
D_0002249878,1,0.080430,0
D_0002250424,1,0.990778,1
D_0002250718,0,0.054025,0
D_0002251012,0,0.068311,0
D_0002251642,1,0.548802,1
D_0002252083,0,0.513819,1
D_0002252125,0,0.792326,1
D_0002252230,0,0.017682,0
D_0002253007,1,0.995990,1
D_0002253028,0,0.054734,0
D_0002253154,1,0.972202,1
D_0002253196,1,0.989911,1
D_0002253721,1,0.190033,1
D_0002253952,1,0.504443,1
D_0002254582,1,0.993234,1
D_0002254834,0,0.166238,0
D_0002254855,0,0.148969,0
D_0002255065,0,0.065352,0
D_0002255107,0,0.075686,0
D_0002255338,1,0.728796,1
D_0002255716,1,0.924768,1
D_0002255821,0,0.113883,0
D_0002256073,0,0.020439,0
D_0002256304,1,0.956273,1
D_0002256556,1,0.515295,1
D_0002256619,1,0.310508,1
D_0002256724,1,0.851738,1
D_0002256892,0,0.650027,1
D_0002257396,0,0.096294,0
D_0002257459,0,0.216067,1
D_0002257690,1,0.979289,1
D_0002258005,1,0.902689,1
D_0002258026,1,0.486657,1
D_0002258068,0,0.267501,1
D_0002258278,1,0.980780,1
D_0002258488,1,0.757792,1
D_0002258635,1,0.063892,0
D_0002259223,1,0.971876,1
D_0002259307,1,0.712456,1
D_0002259412,1,0.035858,0
D_0002259664,1,0.861161,1
D_0002260147,1,0.749629,1
D_0002260252,1,0.979067,1
D_0002260420,1,0.994384,1
D_0002260714,1,0.816840,1
D_0002260735,1,0.632992,1
D_0002261092,1,0.403117,1
D_0002261449,0,0.072076,0
D_0002261491,0,0.046038,0
D_0002261617,0,0.055115,0
D_0002261953,1,0.410073,1
D_0002261974,1,0.847647,1
D_0002262058,0,0.034366,0
D_0002262268,0,0.592898,1
D_0002262310,0,0.104142,0
D_0002262436,1,0.977880,1
D_0002262457,0,0.021750,0
D_0002262751,0,0.122507,0
D_0002263465,1,0.965475,1
D_0002263654,1,0.934483,1
D_0002263759,0,0.039682,0
D_0002263801,0,0.270014,1
D_0002263885,1,0.605894,1
D_0002264179,1,0.936422,1
D_0002264830,0,0.084988,0
D_0002265103,1,0.796574,1
D_0002265208,0,0.015806,0
D_0002265292,1,0.794287,1
D_0002265691,1,0.973843,1
D_0002266279,0,0.589204,1
D_0002267266,0,0.185278,1
D_0002267497,0,0.019416,0
D_0002267518,0,0.023591,0
D_0002267686,1,0.057965,0
D_0002268043,1,0.886148,1
D_0002268106,0,0.051700,0
D_0002268484,0,0.073508,0
D_0002268841,0,0.049291,0
D_0002269240,1,0.051111,0
D_0002269408,0,0.810529,1
D_0002269660,1,0.995766,1
D_0002271130,1,0.579490,1
D_0002271151,1,0.454846,1
D_0002271340,0,0.706189,1
D_0002271445,0,0.089236,0
D_0002271571,0,0.077502,0
D_0002271802,0,0.078408,0
D_0002271991,1,0.229896,1
D_0002272264,0,0.306463,1
D_0002272810,0,0.087098,0
D_0002272999,1,0.995357,1
D_0002273713,0,0.138763,0
D_0002273755,0,0.360516,1
D_0002273881,1,0.975671,1
D_0002273965,1,0.190641,1
D_0002274154,0,0.043507,0
D_0002274763,0,0.017940,0
D_0002275288,0,0.613118,1
D_0002275603,1,0.994873,1
D_0002275729,1,0.502186,1
D_0002276212,0,0.018283,0
D_0002276800,1,0.992396,1
D_0002277115,0,0.074383,0
D_0002277157,0,0.162648,0
D_0002277682,1,0.993522,1
D_0002277724,0,0.063122,0
D_0002278081,0,0.510881,1
D_0002278207,1,0.017420,0
D_0002278333,0,0.156936,0
D_0002278417,1,0.964999,1
D_0002278438,0,0.092312,0
D_0002278585,0,0.041444,0
D_0002278900,1,0.951629,1
D_0002279530,1,0.974806,1
D_0002279593,1,0.067335,0
D_0002279614,0,0.054677,0
D_0002279992,1,0.603320,1
D_0002280055,1,0.911991,1
D_0002280286,0,0.865371,1
D_0002280433,0,0.712140,1
D_0002280685,1,0.961941,1
D_0002280853,1,0.708502,1
D_0002280874,1,0.933570,1
D_0002280937,1,0.743854,1
D_0002281147,0,0.025890,0
D_0002281588,1,0.121924,0
D_0002281630,1,0.208130,1
D_0002281966,1,0.983635,1
D_0002282596,0,0.254063,1
D_0002282890,0,0.142924,0
D_0002283121,1,0.980398,1
D_0002283226,1,0.976853,1
D_0002283709,0,0.006150,0
D_0002284045,0,0.025583,0
D_0002284066,1,0.042824,0
D_0002284507,0,0.158934,0
D_0002284528,0,0.040422,0
D_0002284738,1,0.920113,1
D_0002284864,1,0.667643,1
D_0002284885,1,0.166313,0
D_0002285011,1,0.989024,1
D_0002285074,0,0.119977,0
D_0002285116,0,0.034472,0
D_0002285179,1,0.655087,1
D_0002285305,0,0.157851,0
D_0002285704,0,0.184906,0
D_0002285872,1,0.900501,1
D_0002286061,0,0.247264,1
D_0002286250,1,0.591840,1
D_0002286586,1,0.321534,1
D_0002287195,0,0.124432,0
D_0002287720,1,0.790017,1
D_0002287867,0,0.021624,0
D_0002288077,1,0.946479,1
D_0002288119,1,0.870448,1
D_0002288140,1,0.820112,1
D_0002289106,0,0.030589,0
D_0002289526,0,0.033625,0
D_0002289610,0,0.137191,0
D_0002290072,1,0.957665,1
D_0002290219,1,0.974230,1
D_0002290324,0,0.141455,0
D_0002290702,1,0.858318,1
D_0002291122,1,0.271241,1
D_0002291332,1,0.132651,0
D_0002291437,0,0.046263,0
D_0002291710,0,0.408879,1
D_0002291899,1,0.290098,1
D_0002292340,1,0.132367,0
D_0002292424,0,0.065886,0
D_0002292466,0,0.352939,1
D_0002292655,0,0.047346,0
D_0002293138,0,0.077525,0
D_0002293306,0,0.067478,0
D_0002293474,1,0.888862,1
D_0002293747,1,0.990072,1
D_0002294230,1,0.928598,1
D_0002294608,0,0.129165,0
D_0002295091,0,0.235979,1
D_0002295112,0,0.036570,0
D_0002295154,1,0.977822,1
D_0002295553,1,0.986821,1
D_0002295595,1,0.907766,1
D_0002295700,1,0.995520,1
D_0002295721,0,0.048249,0
D_0002295910,1,0.947116,1
D_0002296120,1,0.281493,1
D_0002296309,0,0.090944,0
D_0002296477,1,0.983618,1
D_0002296729,1,0.845720,1
D_0002296813,0,0.186933,1
D_0002297485,1,0.037827,0
D_0002297989,1,0.982907,1
D_0002298451,1,0.371761,1
D_0002298535,1,0.172228,0
D_0002298640,1,0.861405,1
D_0002298661,1,0.059682,0
D_0002298787,1,0.060675,0
D_0002299144,0,0.173863,0
D_0002299480,0,0.001044,0
D_0002299564,1,0.972746,1
D_0002299606,0,0.078905,0
D_0002299753,0,0.009328,0
D_0002299858,0,0.088894,0
D_0002300068,0,0.135068,0
D_0002300299,1,0.986936,1
D_0002300887,1,0.180396,0
D_0002301496,0,0.041261,0
D_0002301685,0,0.080312,0
D_0002302042,1,0.894845,1
D_0002302945,0,0.065880,0
D_0002303743,1,0.715487,1
D_0002303764,0,0.124883,0
D_0002303932,0,0.078066,0
D_0002303974,1,0.694481,1
D_0002304310,0,0.078296,0
D_0002304520,1,0.326286,1
D_0002304625,1,0.400263,1
D_0002304940,1,0.789040,1
D_0002305360,1,0.763674,1
D_0002306704,0,0.200678,1
D_0002307103,1,0.980941,1
D_0002307691,1,0.522878,1
D_0002307943,1,0.990912,1
D_0002308153,1,0.961792,1
D_0002308300,1,0.385304,1
D_0002308762,1,0.978343,1
D_0002309056,1,0.603687,1
D_0002309413,0,0.023999,0
D_0002310064,1,0.289968,1
D_0002310484,0,0.126034,0
D_0002311513,0,0.034457,0
D_0002311660,1,0.886674,1
D_0002311786,1,0.982137,1
D_0002311996,0,0.109653,0
D_0002312059,1,0.982733,1
D_0002312416,1,0.046317,0
D_0002312542,0,0.067848,0
D_0002312563,1,0.935964,1
D_0002312668,1,0.051846,0
D_0002312983,1,0.712136,1
D_0002313403,1,0.266057,1
D_0002313487,1,0.374975,1
D_0002313865,1,0.194153,1
D_0002313886,0,0.045096,0
D_0002314033,1,0.885395,1
D_0002314306,0,0.040364,0
D_0002315083,1,0.057201,0
D_0002315125,0,0.065308,0
D_0002315272,1,0.843188,1
D_0002315461,0,0.160404,0
D_0002315566,1,0.315579,1
D_0002315608,1,0.920016,1
D_0002315629,1,0.981342,1
D_0002316196,0,0.063638,0
D_0002316364,1,0.106961,0
D_0002316511,1,0.987068,1
D_0002316637,0,0.522995,1
D_0002317036,0,0.314344,1
D_0002317078,0,0.077131,0
D_0002317372,0,0.133759,0
D_0002317687,1,0.995513,1
D_0002317813,1,0.062986,0
D_0002317876,0,0.071583,0
D_0002318170,1,0.452125,1
D_0002318212,1,0.961713,1
D_0002318317,1,0.144537,0
D_0002318632,0,0.311059,1
D_0002319157,1,0.520500,1
D_0002319493,0,0.048277,0
D_0002319892,1,0.986045,1
D_0002320018,1,0.955746,1
D_0002320354,1,0.852919,1
D_0002320522,0,0.030415,0
D_0002320732,0,0.138953,0
D_0002321740,1,0.175789,0
D_0002321971,1,0.185321,1
D_0002322097,1,0.598084,1
D_0002322559,1,0.894511,1
D_0002322790,0,0.053715,0
D_0002322937,1,0.088648,0
D_0002323084,1,0.961307,1
D_0002323147,1,0.042154,0
D_0002323567,0,0.191080,1
D_0002323840,1,0.688404,1
D_0002324008,0,0.058135,0
D_0002324092,1,0.961325,1
D_0002324239,0,0.062702,0
D_0002324512,1,0.882954,1
D_0002324617,0,0.159496,0
D_0002324869,0,0.848208,1
D_0002324890,1,0.987861,1
D_0002324974,1,0.185469,1
D_0002325205,1,0.768699,1
D_0002325604,0,0.028030,0
D_0002325625,1,0.907543,1
D_0002326108,1,0.990363,1
D_0002326150,0,0.038063,0
D_0002326591,0,0.161172,0
D_0002326885,1,0.945316,1
D_0002326948,1,0.984621,1
D_0002327872,1,0.918143,1
D_0002329027,1,0.159793,0
D_0002330476,0,0.122213,0
D_0002330791,1,0.992051,1
D_0002330812,0,0.053939,0
D_0002330854,0,0.039938,0
D_0002331463,0,0.204688,1
D_0002331757,0,0.086312,0
D_0002332219,0,0.093469,0
D_0002332513,1,0.178823,0
D_0002333626,1,0.980320,1
D_0002333857,0,0.239993,1
D_0002333962,0,0.087196,0
D_0002334928,1,0.994053,1
D_0002334991,0,0.696268,1
D_0002335201,1,0.080202,0
D_0002335621,1,0.264446,1
D_0002335684,0,0.859592,1
D_0002335747,1,0.398911,1
D_0002336608,0,0.245916,1
D_0002336839,0,0.857938,1
D_0002337175,1,0.904786,1
D_0002337280,1,0.045760,0
D_0002337385,1,0.879255,1
D_0002337469,1,0.772415,1
D_0002337679,1,0.989235,1
D_0002337868,0,0.216984,1
D_0002338246,1,0.914976,1
D_0002338582,0,0.356044,1
D_0002339107,0,0.272435,1
D_0002339233,1,0.956435,1
D_0002339254,0,0.127949,0
D_0002340661,0,0.275696,1
D_0002340682,0,0.364189,1
D_0002340808,1,0.795242,1
D_0002340850,1,0.927901,1
D_0002340913,1,0.915524,1
D_0002340976,0,0.123909,0
D_0002341501,1,0.993531,1
D_0002341669,1,0.092378,0
D_0002342530,0,0.085148,0
D_0002342761,1,0.337406,1
D_0002343181,0,0.082784,0
D_0002343202,1,0.996942,1
D_0002343538,1,0.990538,1
D_0002343685,1,0.882901,1
D_0002343706,1,0.794960,1
D_0002344126,0,0.100104,0
D_0002344756,1,0.935593,1
D_0002345218,0,0.953469,1
D_0002345806,0,0.084964,0
D_0002346709,0,0.265199,1
D_0002347003,0,0.085683,0
D_0002347297,1,0.294674,1
D_0002347339,0,0.414830,1
D_0002348515,0,0.028107,0
D_0002348746,1,0.867677,1
D_0002348767,1,0.150261,0
D_0002349145,1,0.841545,1
D_0002349292,0,0.108520,0
D_0002349691,1,0.931837,1
D_0002349943,0,0.104437,0
D_0002350090,0,0.062851,0
D_0002350258,0,0.076211,0
D_0002350300,1,0.242933,1
D_0002350552,1,0.410854,1
D_0002350699,1,0.922151,1
D_0002350720,0,0.205993,1
D_0002350888,1,0.984795,1
D_0002351266,0,0.441419,1
D_0002351308,0,0.135523,0
D_0002351791,1,0.706303,1
D_0002351812,1,0.912316,1
D_0002351896,1,0.834714,1
D_0002352589,0,0.082483,0
D_0002352610,1,0.106181,0
D_0002353051,0,0.307064,1
D_0002353345,1,0.797660,1
D_0002353408,1,0.462112,1
D_0002353534,0,0.234449,1
D_0002354080,1,0.992953,1
D_0002354647,1,0.501017,1
D_0002354836,1,0.824384,1
D_0002354899,0,0.052475,0
D_0002355004,0,0.367474,1
D_0002355739,0,0.051902,0
D_0002356579,1,0.201854,1
D_0002356726,1,0.851082,1
D_0002356768,0,0.341246,1
D_0002356894,1,0.044778,0
D_0002357041,1,0.978329,1
D_0002357125,0,0.138370,0
D_0002357881,0,0.088477,0
D_0002358343,0,0.121073,0
D_0002358595,0,0.580123,1
D_0002358658,0,0.092218,0
D_0002358805,1,0.979943,1
D_0002358826,1,0.848417,1
D_0002359204,0,0.079585,0
D_0002360317,1,0.373182,1
D_0002360401,0,0.056990,0
D_0002360569,0,0.167553,0
D_0002360632,1,0.915831,1
D_0002361115,0,0.079272,0
D_0002362207,0,0.097953,0
D_0002362396,0,0.052465,0
D_0002362627,0,0.124743,0
D_0002363341,1,0.970428,1
D_0002363614,1,0.214960,1
D_0002363950,0,0.119289,0
D_0002364139,0,0.098955,0
D_0002364349,0,0.064728,0
D_0002364664,0,0.068807,0
D_0002364895,1,0.083493,0
D_0002365105,1,0.215843,1
D_0002365168,0,0.175501,0
D_0002365189,1,0.982127,1
D_0002365315,0,0.105834,0
D_0002365651,1,0.968777,1
D_0002366218,1,0.455420,1
D_0002366974,0,0.149938,0
D_0002367058,1,0.458841,1
D_0002367142,0,0.118177,0
D_0002368066,0,0.141052,0
D_0002368486,1,0.543623,1
D_0002368843,1,0.149849,0
D_0002369221,1,0.659475,1
D_0002369305,1,0.866548,1
D_0002369578,1,0.984166,1
D_0002369977,1,0.886935,1
D_0002370313,1,0.991039,1
D_0002370481,1,0.930481,1
D_0002370670,1,0.876876,1
D_0002370733,1,0.945781,1
D_0002370985,0,0.154861,0
D_0002371258,0,0.252524,1
D_0002371657,0,0.075430,0
D_0002371762,1,0.976490,1
D_0002372161,1,0.501722,1
D_0002372518,1,0.772865,1
D_0002372749,0,0.545808,1
D_0002373694,1,0.268711,1
D_0002373841,1,0.356816,1
D_0002374093,0,0.083977,0
D_0002374135,1,0.765786,1
D_0002374912,1,0.893660,1
D_0002374975,0,0.045340,0
D_0002375164,0,0.109850,0
D_0002376088,1,0.891932,1
D_0002376466,1,0.969359,1
D_0002376949,1,0.864000,1
D_0002377222,1,0.980699,1
D_0002377747,0,0.129209,0
D_0002377957,0,0.059656,0
D_0002377978,0,0.093195,0
D_0002378125,1,0.948542,1
D_0002378524,1,0.834435,1
D_0002378671,1,0.398873,1
D_0002379049,1,0.964071,1
D_0002379175,0,0.034283,0
D_0002379322,1,0.168786,0
D_0002380015,0,0.024692,0
D_0002380183,1,0.229257,1
D_0002380771,1,0.980311,1
D_0002381044,0,0.304889,1
D_0002381632,1,0.752439,1
D_0002381674,0,0.016289,0
D_0002382094,1,0.986448,1
D_0002382262,1,0.974964,1
D_0002383270,0,0.104003,0
D_0002383417,0,0.136165,0
D_0002383963,0,0.089196,0
D_0002384152,0,0.186058,1
D_0002384803,1,0.730652,1
D_0002385160,0,0.065880,0
D_0002386231,1,0.487307,1
D_0002386819,1,0.991171,1
D_0002387008,0,0.074020,0
D_0002387134,1,0.835844,1
D_0002387932,1,0.941111,1
D_0002389297,1,0.572377,1
D_0002389885,1,0.989034,1
D_0002389927,1,0.108429,0
D_0002390053,0,0.121668,0
D_0002390410,0,0.134094,0
D_0002390431,1,0.297525,1
D_0002390578,1,0.309812,1
D_0002390704,0,0.045287,0
D_0002390893,1,0.193814,1
D_0002391544,0,0.099644,0
D_0002391607,0,0.064399,0
D_0002392363,1,0.885351,1
D_0002392615,1,0.933944,1
D_0002392762,1,0.894075,1
D_0002393203,0,0.040752,0
D_0002393791,0,0.090971,0
D_0002394043,0,0.596832,1
D_0002394274,1,0.953654,1
D_0002394337,0,0.034206,0
D_0002394463,0,0.189469,1
D_0002394652,0,0.024211,0
D_0002394946,0,0.072264,0
D_0002395723,1,0.674251,1
D_0002395765,1,0.910859,1
D_0002396164,0,0.291131,1
D_0002396941,1,0.937440,1
D_0002397298,1,0.151281,0
D_0002397361,0,0.036209,0
D_0002397655,1,0.980011,1
D_0002397865,1,0.326682,1
D_0002398117,1,0.975009,1
D_0002398222,1,0.710382,1
D_0002398243,1,0.865239,1
D_0002398285,1,0.799059,1
D_0002398390,0,0.024059,0
D_0002398495,1,0.118688,0
D_0002398810,1,0.974427,1
D_0002398957,1,0.087424,0
D_0002399965,1,0.937491,1
D_0002400805,1,0.550345,1
D_0002400889,0,0.141577,0
D_0002401141,0,0.227593,1
D_0002401162,0,0.044645,0
D_0002401519,0,0.046782,0
D_0002401897,1,0.973910,1
D_0002401918,0,0.073065,0
D_0002402023,0,0.163238,0
D_0002402275,1,0.985164,1
D_0002402506,1,0.816573,1
D_0002403661,0,0.024044,0
D_0002403808,0,0.404679,1
D_0002403934,0,0.285083,1
D_0002404291,1,0.995786,1
D_0002404459,1,0.915713,1
D_0002404858,1,0.770861,1
D_0002405110,1,0.138144,0
D_0002405194,1,0.928237,1
D_0002405236,0,0.025368,0
D_0002405467,1,0.984216,1
D_0002405761,0,0.142785,0
D_0002405824,1,0.630216,1
D_0002406118,1,0.952787,1
D_0002406181,1,0.953559,1
D_0002406223,1,0.994839,1
D_0002406412,1,0.947924,1
D_0002406517,1,0.342389,1
D_0002406622,1,0.976956,1
D_0002406643,1,0.994896,1
D_0002406958,0,0.104392,0
D_0002407315,0,0.026153,0
D_0002407546,0,0.041693,0
D_0002407819,1,0.990292,1
D_0002407861,0,0.109169,0
D_0002407966,0,0.261271,1
D_0002409016,0,0.990578,1
D_0002409142,0,0.419092,1
D_0002409226,0,0.116561,0
D_0002409289,0,0.068432,0
D_0002409982,1,0.991195,1
D_0002410150,1,0.842241,1
D_0002410318,0,0.014269,0
D_0002410696,0,0.036460,0
D_0002411326,0,0.083542,0
D_0002411368,0,0.193626,1
D_0002411578,0,0.028032,0
D_0002411620,0,0.038963,0
D_0002411767,0,0.284581,1
D_0002412418,0,0.185340,1
D_0002413216,1,0.991645,1
D_0002413321,1,0.050124,0
D_0002413531,0,0.198774,1
D_0002413636,0,0.120729,0
D_0002413678,1,0.973279,1
D_0002413867,1,0.929838,1
D_0002414014,1,0.417475,1
D_0002414896,1,0.439008,1
D_0002414980,1,0.631989,1
D_0002415925,1,0.982931,1
D_0002415946,1,0.868174,1
D_0002416177,1,0.653404,1
D_0002416702,1,0.996387,1
D_0002417563,0,0.026916,0
D_0002417626,1,0.598261,1
D_0002417731,0,0.834220,1
D_0002417815,1,0.929870,1
D_0002417941,0,0.096888,0
D_0002418004,1,0.969679,1
D_0002418340,0,0.143331,0
D_0002418739,1,0.985492,1
D_0002418991,0,0.048441,0
D_0002419054,0,0.316493,1
D_0002419138,0,0.015719,0
D_0002419285,1,0.990893,1
D_0002419390,0,0.038996,0
D_0002420062,1,0.919360,1
D_0002422288,0,0.130283,0
D_0002422330,0,0.939071,1
D_0002422897,1,0.922022,1
D_0002423128,0,0.079238,0
D_0002423212,1,0.219501,1
D_0002423590,0,0.031375,0
D_0002423611,0,0.224532,1
D_0002423653,1,0.872037,1
D_0002423821,1,0.986443,1
D_0002423947,0,0.011198,0
D_0002424283,1,0.993383,1
D_0002424388,1,0.928215,1
D_0002424766,1,0.127548,0
D_0002424892,1,0.644484,1
D_0002424913,1,0.928775,1
D_0002425207,0,0.017972,0
D_0002425375,0,0.092159,0
D_0002425711,0,0.103234,0
D_0002426089,1,0.967735,1
D_0002426320,0,0.054464,0
D_0002426761,1,0.983404,1
D_0002427307,1,0.949565,1
D_0002427580,1,0.787402,1
D_0002427853,1,0.977425,1
D_0002428021,1,0.039815,0
D_0002428252,0,0.017651,0
D_0002428861,0,0.686954,1
D_0002429092,1,0.516019,1
D_0002429260,1,0.708726,1
D_0002429617,1,0.565531,1
D_0002429785,1,0.574055,1
D_0002429869,0,0.118027,0
D_0002430436,1,0.131095,0
D_0002430730,1,0.187603,1
D_0002430751,1,0.981218,1
D_0002431423,1,0.308873,1
D_0002431486,1,0.364989,1
D_0002431843,1,0.613778,1
D_0002432431,1,0.918446,1
D_0002432515,0,0.164377,0
D_0002433397,0,0.511173,1
D_0002433754,0,0.511264,1
D_0002433775,1,0.834371,1
D_0002433817,0,0.025527,0
D_0002433901,1,0.073327,0
D_0002433964,1,0.862991,1
D_0002434867,1,0.089013,0
D_0002435623,1,0.930162,1
D_0002435959,1,0.158509,0
D_0002436064,0,0.070204,0
D_0002436463,1,0.928428,1
D_0002436715,0,0.027924,0
D_0002437030,0,0.124082,0
D_0002437093,1,0.977611,1
D_0002437345,0,0.085889,0
D_0002437597,0,0.143061,0
D_0002437723,1,0.940339,1
D_0002437870,0,0.142768,0
D_0002437975,1,0.290251,1
D_0002438080,1,0.278933,1
D_0002438164,1,0.978136,1
D_0002438395,0,0.023004,0
D_0002438416,0,0.166007,0
D_0002438836,0,0.142217,0
D_0002438878,1,0.578736,1
D_0002439193,1,0.957321,1
D_0002439424,1,0.171159,0
D_0002439802,1,0.974209,1
D_0002439823,1,0.978796,1
D_0002440159,1,0.877590,1
D_0002440663,0,0.052133,0
D_0002440789,1,0.153637,0
D_0002440852,1,0.924404,1
D_0002441104,1,0.838998,1
D_0002441167,1,0.094455,0
D_0002441251,1,0.984817,1
D_0002441587,1,0.983197,1
D_0002441671,0,0.065025,0
D_0002442469,0,0.393145,1
D_0002442700,0,0.063605,0
D_0002442868,0,0.013558,0
D_0002443162,1,0.976837,1
D_0002443771,1,0.993793,1
D_0002443834,0,0.054746,0
D_0002443876,0,0.095641,0
D_0002444002,1,0.934033,1
D_0002444506,1,0.123719,0
D_0002444590,0,0.100002,0
D_0002445094,0,0.043244,0
D_0002445430,0,0.030138,0
D_0002446207,1,0.273920,1
D_0002446438,0,0.182369,0
D_0002446606,1,0.969864,1
D_0002447068,1,0.926533,1
D_0002447698,0,0.170063,0
D_0002448181,1,0.975454,1
D_0002448244,1,0.094101,0
D_0002448853,1,0.993047,1
D_0002449315,0,0.298376,1
D_0002449651,0,0.021754,0
D_0002449882,0,0.080624,0
D_0002450239,1,0.924395,1
D_0002450743,1,0.123976,0
D_0002451226,0,0.655717,1
D_0002451247,1,0.875668,1
D_0002451961,0,0.022002,0
D_0002452108,1,0.990176,1
D_0002452192,1,0.503542,1
D_0002452822,1,0.699917,1
D_0002453116,1,0.992089,1
D_0002453620,1,0.940670,1
D_0002453662,1,0.733841,1
D_0002453788,1,0.877383,1
D_0002453830,1,0.967001,1
D_0002453893,1,0.994275,1
D_0002453977,0,0.119825,0
D_0002454586,0,0.028637,0
D_0002454649,1,0.843984,1
D_0002454733,1,0.161973,0
D_0002455258,0,0.048040,0
D_0002455321,0,0.325841,1
D_0002455405,0,0.104118,0
D_0002455426,0,0.101574,0
D_0002456119,1,0.923028,1
D_0002456497,0,0.243135,1
D_0002456749,1,0.741776,1
D_0002456875,0,0.025161,0
D_0002457673,1,0.154027,0
D_0002458114,0,0.101584,0
D_0002458471,0,0.192704,1
D_0002458618,1,0.927787,1
D_0002458828,1,0.969905,1
D_0002459122,1,0.902505,1
D_0002459311,0,0.203852,1
D_0002460151,0,0.083839,0
D_0002460235,1,0.966508,1
D_0002460844,0,0.030478,0
D_0002460991,0,0.176131,0
D_0002461327,0,0.042367,0
D_0002461495,1,0.060508,0
D_0002461663,0,0.039128,0
D_0002462272,1,0.900193,1
D_0002462293,1,0.443861,1
D_0002463637,0,0.060256,0
D_0002463889,1,0.989652,1
D_0002463931,1,0.319536,1
D_0002464267,0,0.228179,1
D_0002464351,1,0.292878,1
D_0002464540,1,0.763188,1
D_0002464582,0,0.048479,0
D_0002464708,1,0.302468,1
D_0002464729,1,0.810635,1
D_0002465674,1,0.035630,0
D_0002465758,1,0.921411,1
D_0002465779,1,0.968575,1
D_0002465800,0,0.184348,0
D_0002465947,1,0.980729,1
D_0002466283,0,0.338649,1
D_0002466325,1,0.770875,1
D_0002466388,1,0.939395,1
D_0002466514,1,0.081913,0
D_0002466535,1,0.945801,1
D_0002466556,1,0.664472,1
D_0002466598,1,0.963111,1
D_0002466808,1,0.420201,1
D_0002466892,0,0.432059,1
D_0002466934,0,0.048011,0
D_0002467060,1,0.954275,1
D_0002467396,0,0.053548,0
D_0002467795,1,0.037589,0
D_0002468005,1,0.787242,1
D_0002468173,0,0.179446,0
D_0002468551,1,0.902603,1
D_0002468614,1,0.701467,1
D_0002468887,0,0.204485,1
D_0002469475,0,0.168888,0
D_0002469496,0,0.086653,0
D_0002469958,0,0.674871,1
D_0002470042,0,0.041392,0
D_0002470672,1,0.415744,1
D_0002471155,1,0.349748,1
D_0002471365,1,0.100550,0
D_0002471869,0,0.044569,0
D_0002472121,0,0.131987,0
D_0002472625,0,0.068318,0
D_0002473087,1,0.077000,0
D_0002473675,1,0.826421,1
D_0002473759,0,0.970124,1
D_0002473801,0,0.018254,0
D_0002474494,1,0.699656,1
D_0002474914,1,0.632041,1
D_0002475124,1,0.943051,1
D_0002475733,0,0.046354,0
D_0002476153,0,0.031243,0
D_0002476237,0,0.012865,0
D_0002476762,0,0.056666,0
D_0002477224,0,0.018644,0
D_0002477308,1,0.887660,1
D_0002477497,1,0.758501,1
D_0002477623,1,0.946270,1
D_0002477791,1,0.916991,1
D_0002478022,1,0.942605,1
D_0002479198,0,0.336731,1
D_0002479324,0,0.022870,0
D_0002479618,0,0.052355,0
D_0002479849,0,0.339253,1
D_0002480206,1,0.842016,1
D_0002480290,1,0.990547,1
D_0002480920,0,0.095782,0
D_0002481130,1,0.996688,1
D_0002481592,1,0.919404,1
D_0002481634,1,0.981489,1
D_0002481718,1,0.725200,1
D_0002482054,1,0.988935,1
D_0002482201,1,0.193609,1
D_0002482516,0,0.048318,0
D_0002482684,1,0.138644,0
D_0002482852,0,0.089015,0
D_0002482936,0,0.002328,0
D_0002483545,0,0.309151,1
D_0002483629,0,0.072641,0
D_0002483818,0,0.039373,0
D_0002484217,0,0.008868,0
D_0002484238,0,0.023325,0
D_0002484658,0,0.092435,0
D_0002484931,1,0.995171,1
D_0002485183,1,0.984117,1
D_0002485435,0,0.334033,1
D_0002485792,0,0.149344,0
D_0002485855,1,0.174009,0
D_0002486212,0,0.050940,0
D_0002487178,1,0.914457,1
D_0002487262,0,0.150500,0
D_0002487388,1,0.212882,1
D_0002487703,1,0.094578,0
D_0002488837,1,0.473624,1
D_0002489194,1,0.993072,1
D_0002489530,1,0.312644,1
D_0002489551,1,0.662900,1
D_0002489656,0,0.035625,0
D_0002490013,1,0.974408,1
D_0002490160,0,0.027941,0
D_0002490769,0,0.034634,0
D_0002491105,0,0.269047,1
D_0002491252,1,0.888065,1
D_0002491462,1,0.771618,1
D_0002491798,0,0.038516,0
D_0002492281,0,0.128850,0
D_0002492575,0,0.035888,0
D_0002492827,0,0.216632,1
D_0002492953,1,0.786450,1
D_0002493205,0,0.012352,0
D_0002493289,0,0.025816,0
D_0002493331,1,0.980133,1
D_0002494486,1,0.075045,0
D_0002494738,0,0.023171,0
D_0002494780,0,0.087768,0
D_0002495872,1,0.929866,1
D_0002496607,1,0.144104,0
D_0002496649,0,0.090085,0
D_0002496922,1,0.778205,1
D_0002498623,1,0.874302,1
D_0002498854,0,0.381598,1
D_0002499421,0,0.330158,1
D_0002499526,0,0.612102,1
D_0002499673,1,0.101725,0
D_0002499883,1,0.983135,1
D_0002500072,0,0.088052,0
D_0002500723,1,0.978959,1
D_0002500870,0,0.042843,0
D_0002500975,0,0.138095,0
D_0002501227,1,0.929846,1
D_0002501773,0,0.749175,1
D_0002502445,1,0.892746,1
D_0002502739,1,0.115930,0
D_0002502865,1,0.982525,1
D_0002503180,0,0.137106,0
D_0002503432,0,0.091768,0
D_0002503642,0,0.165560,0
D_0002503747,0,0.126830,0
D_0002503915,1,0.921621,1
D_0002504062,0,0.089609,0
D_0002504146,1,0.302879,1
D_0002504923,1,0.278685,1
D_0002504986,1,0.927540,1
D_0002505406,1,0.604796,1
D_0002505700,0,0.066013,0
D_0002505784,1,0.129915,0
D_0002506666,1,0.996194,1
D_0002506918,1,0.959711,1
D_0002507044,0,0.143100,0
D_0002507506,0,0.095431,0
D_0002507653,0,0.308640,1
D_0002507821,1,0.670483,1
D_0002507884,0,0.198557,1
D_0002507926,1,0.990053,1
D_0002508052,0,0.107220,0
D_0002508892,0,0.302643,1
D_0002509501,1,0.897755,1
D_0002509711,0,0.102144,0
D_0002510278,1,0.392883,1
D_0002510467,0,0.920354,1
D_0002510530,1,0.205881,1
D_0002510887,1,0.996538,1
D_0002511559,0,0.423905,1
D_0002511580,0,0.084258,0
D_0002511727,1,0.464947,1
D_0002511790,1,0.975602,1
D_0002511916,1,0.934324,1
D_0002512042,1,0.992644,1
D_0002512651,0,0.007374,0
D_0002512840,1,0.151832,0
D_0002512966,1,0.750363,1
D_0002513218,0,0.076691,0
D_0002513449,1,0.177821,0
D_0002513638,1,0.893772,1
D_0002513953,0,0.073293,0
D_0002513995,1,0.963634,1
D_0002514079,1,0.950531,1
D_0002514583,1,0.975530,1
D_0002514625,1,0.311442,1
D_0002515297,1,0.721978,1
D_0002515591,1,0.154031,0
D_0002516830,0,0.050216,0
D_0002516872,1,0.991361,1
D_0002516998,1,0.938148,1
D_0002517040,0,0.037402,0
D_0002517061,0,0.079847,0
D_0002517082,0,0.064904,0
D_0002517628,1,0.987069,1
D_0002517775,0,0.128220,0
D_0002518237,0,0.001184,0
D_0002519371,0,0.183956,0
D_0002519392,0,0.020701,0
D_0002519812,0,0.035308,0
D_0002520232,1,0.972615,1
D_0002520505,0,0.051497,0
D_0002521933,0,0.131789,0
D_0002522416,1,0.690752,1
D_0002522668,1,0.923254,1
D_0002522689,1,0.968016,1
D_0002522815,0,0.147558,0
D_0002522941,0,0.125707,0
D_0002522983,0,0.029155,0
D_0002523550,0,0.025373,0
D_0002523802,1,0.987374,1
D_0002525986,0,0.012258,0
D_0002526133,0,0.359360,1
D_0002526175,1,0.964223,1
D_0002526280,1,0.982202,1
D_0002526343,1,0.458925,1
D_0002526847,0,0.092684,0
D_0002527057,0,0.391018,1
D_0002528590,1,0.989657,1
D_0002528737,1,0.595628,1
D_0002529073,0,0.250182,1
D_0002529451,0,0.053224,0
D_0002529598,0,0.143536,0
D_0002529892,1,0.953209,1
D_0002530081,1,0.404149,1
D_0002530501,1,0.972567,1
D_0002530921,1,0.124229,0
D_0002531194,1,0.925530,1
D_0002531467,0,0.309516,1
D_0002531551,0,0.037023,0
D_0002531929,1,0.886668,1
D_0002532118,1,0.631367,1
D_0002532139,0,0.204328,1
D_0002532223,1,0.085268,0
D_0002532391,1,0.412100,1
D_0002533504,1,0.882950,1
D_0002533609,1,0.568531,1
D_0002533756,1,0.992613,1
D_0002533861,0,0.094304,0
D_0002534344,0,0.115810,0
D_0002535478,1,0.202285,1
D_0002535646,1,0.992337,1
D_0002535709,1,0.936216,1
D_0002536045,1,0.962016,1
D_0002536255,0,0.985737,1
D_0002536675,1,0.993598,1
D_0002536822,1,0.131259,0
D_0002538229,0,0.430643,1
D_0002538250,1,0.853815,1
D_0002538670,0,0.204351,1
D_0002538733,1,0.992719,1
D_0002538796,0,0.091039,0
D_0002539279,1,0.988705,1
D_0002539678,0,0.140859,0
D_0002539909,0,0.606125,1
D_0002539951,1,0.894246,1
D_0002540098,1,0.989325,1
D_0002540203,1,0.930015,1
D_0002540749,0,0.127425,0
D_0002541547,1,0.907662,1
D_0002542261,0,0.100161,0
D_0002542576,1,0.215939,1
D_0002542597,1,0.704238,1
D_0002542912,1,0.994653,1
D_0002543521,1,0.897689,1
D_0002543542,0,0.074125,0
D_0002543668,0,0.076569,0
D_0002543878,1,0.974146,1
D_0002544088,1,0.894782,1
D_0002544382,1,0.646109,1
D_0002545159,0,0.071639,0
D_0002545180,0,0.155030,0
D_0002545348,1,0.056536,0
D_0002545558,1,0.172089,0
D_0002545789,0,0.214521,1
D_0002545957,1,0.989216,1
D_0002546104,0,0.061593,0
D_0002546335,1,0.960946,1
D_0002546650,1,0.816784,1
D_0002546671,0,0.035080,0
D_0002546818,1,0.274002,1
D_0002546881,0,0.225557,1
D_0002547133,1,0.939958,1
D_0002547385,0,0.067646,0
D_0002547574,0,0.175932,0
D_0002547763,1,0.805354,1
D_0002548036,1,0.822026,1
D_0002548435,1,0.968975,1
D_0002549506,1,0.916979,1
D_0002549674,0,0.138614,0
D_0002549695,1,0.954317,1
D_0002549884,1,0.929248,1
D_0002550430,0,0.425221,1
D_0002550556,1,0.952356,1
D_0002550976,1,0.970794,1
D_0002551081,0,0.036571,0
D_0002551165,1,0.477562,1
D_0002551606,1,0.954332,1
D_0002551921,1,0.924780,1
D_0002552215,1,0.989346,1
D_0002552467,1,0.993526,1
D_0002552782,0,0.116190,0
D_0002553433,1,0.860000,1
D_0002553517,0,0.060437,0
D_0002553580,0,0.042053,0
D_0002553895,1,0.011976,0
D_0002553916,1,0.985533,1
D_0002554273,0,0.098485,0
D_0002554357,1,0.109917,0
D_0002554441,1,0.959959,1
D_0002554735,0,0.840339,1
D_0002554882,0,0.131452,0
D_0002554924,1,0.947206,1
D_0002555176,1,0.041071,0
D_0002556583,1,0.808219,1
D_0002557213,1,0.895620,1
D_0002557780,0,0.103581,0
D_0002557990,0,0.016897,0
D_0002558494,0,0.030679,0
D_0002558599,0,0.502196,1
D_0002558620,0,0.035709,0
D_0002558683,1,0.236639,1
D_0002559544,0,0.027776,0
D_0002560111,1,0.205385,1
D_0002560468,0,0.420379,1
D_0002560741,0,0.053402,0
D_0002562820,0,0.040445,0
D_0002563030,0,0.127254,0
D_0002563072,0,0.204232,1
D_0002563366,1,0.612201,1
D_0002563828,0,0.083419,0
D_0002564689,0,0.052342,0
D_0002564941,0,0.019999,0
D_0002565634,1,0.990272,1
D_0002565949,1,0.986175,1
D_0002566264,1,0.981498,1
D_0002567125,1,0.084643,0
D_0002567608,1,0.197160,1
D_0002567671,1,0.984355,1
D_0002568049,0,0.080724,0
D_0002568385,0,0.011643,0
D_0002568658,1,0.976073,1
D_0002569141,0,0.323007,1
D_0002569267,1,0.975896,1
D_0002569393,1,0.054061,0
D_0002569540,1,0.115360,0
D_0002569645,1,0.231411,1
D_0002569687,1,0.937176,1
D_0002570296,1,0.996141,1
D_0002570758,1,0.786498,1
D_0002570884,0,0.830979,1
D_0002571031,0,0.085792,0
D_0002572039,0,0.037317,0
D_0002572060,0,0.197281,1
D_0002572438,1,0.977810,1
D_0002572921,0,0.135763,0
D_0002573488,0,0.019229,0
D_0002573824,0,0.093679,0
D_0002574328,1,0.979356,1
D_0002574748,1,0.939172,1
D_0002574832,1,0.509439,1
D_0002575063,0,0.023289,0
D_0002575084,1,0.794753,1
D_0002575315,0,0.055308,0
D_0002575819,1,0.727330,1
D_0002576575,0,0.115268,0
D_0002576638,1,0.125744,0
D_0002577499,1,0.994999,1
D_0002577604,1,0.122757,0
D_0002578108,1,0.985933,1
D_0002578171,1,0.972406,1
D_0002578318,1,0.382760,1
D_0002578402,0,0.064135,0
D_0002578570,0,0.047685,0
D_0002578759,1,0.476606,1
D_0002579116,0,0.587376,1
D_0002579662,1,0.940735,1
D_0002580481,1,0.929231,1
D_0002580838,1,0.952291,1
D_0002580985,1,0.046582,0
D_0002581153,1,0.220700,1
D_0002581363,1,0.946042,1
D_0002581615,0,0.024982,0
D_0002581741,0,0.077932,0
D_0002583169,1,0.279496,1
D_0002583694,1,0.950723,1
D_0002583736,0,0.137672,0
D_0002584807,1,0.962782,1
D_0002584933,0,0.079378,0
D_0002584975,0,0.053012,0
D_0002585206,0,0.066395,0
D_0002585479,1,0.991530,1
D_0002585563,1,0.813723,1
D_0002585710,0,0.052390,0
D_0002586592,0,0.085494,0
D_0002586697,1,0.992853,1
D_0002587306,1,0.979743,1
D_0002587621,1,0.832147,1
D_0002587789,0,0.115345,0
D_0002587873,0,0.151434,0
D_0002588020,1,0.873104,1
D_0002588776,0,0.169384,0
D_0002589133,0,0.073117,0
D_0002589784,1,0.642395,1
D_0002590918,0,0.157513,0
D_0002591338,1,0.584170,1
D_0002591443,1,0.711060,1
D_0002591506,1,0.268678,1
D_0002591947,1,0.132731,0
D_0002591968,0,0.329338,1
D_0002592136,0,0.843936,1
D_0002592346,1,0.771615,1
D_0002592367,0,0.095682,0
D_0002592745,1,0.991369,1
D_0002592808,1,0.073009,0
D_0002592976,1,0.576080,1
D_0002593312,0,0.041076,0
D_0002593459,0,0.046377,0
D_0002593732,1,0.970591,1
D_0002593900,1,0.748246,1
D_0002594152,1,0.022410,0
D_0002594341,1,0.966072,1
D_0002594908,1,0.978633,1
D_0002595097,1,0.132604,0
D_0002595370,1,0.827617,1
D_0002596105,1,0.994997,1
D_0002597071,0,0.201798,1
D_0002597260,0,0.033449,0
D_0002598205,1,0.845438,1
D_0002598415,0,0.166237,0
D_0002598646,1,0.419420,1
D_0002598814,0,0.126799,0
D_0002598835,0,0.073469,0
D_0002599738,0,0.037172,0
D_0002599801,0,0.201161,1
D_0002599948,1,0.979582,1
D_0002600074,1,0.807538,1
D_0002600116,1,0.138831,0
D_0002600179,0,0.116577,0
D_0002600305,0,0.114788,0
D_0002600557,0,0.106964,0
D_0002600788,1,0.909192,1
D_0002600830,1,0.940268,1
D_0002601145,0,0.126050,0
D_0002601292,0,0.091692,0
D_0002602258,0,0.189632,1
D_0002602804,1,0.995059,1
D_0002603035,1,0.995224,1
D_0002603098,1,0.252843,1
D_0002603392,0,0.120356,0
D_0002604127,1,0.064956,0
D_0002604169,0,0.093440,0
D_0002604862,1,0.880116,1
D_0002604988,0,0.352588,1
D_0002605408,1,0.766075,1
D_0002605492,1,0.765718,1
D_0002605639,0,0.118601,0
D_0002605786,0,0.593244,1
D_0002605975,1,0.989189,1
D_0002606248,1,0.961373,1
D_0002606437,1,0.993990,1
D_0002606521,1,0.714172,1
D_0002606836,1,0.186240,1
D_0002606983,0,0.150204,0
D_0002607046,1,0.479033,1
D_0002607382,1,0.987558,1
D_0002607634,1,0.990862,1
D_0002607823,1,0.696311,1
D_0002607844,1,0.687950,1
D_0002608432,1,0.988924,1
D_0002608474,0,0.472341,1
D_0002608516,1,0.995717,1
D_0002608726,0,0.432329,1
D_0002609104,1,0.266482,1
D_0002609230,0,0.082481,0
D_0002609524,0,0.039131,0
D_0002609734,1,0.978299,1
D_0002610049,0,0.393149,1
D_0002610238,1,0.967087,1
D_0002610301,1,0.938823,1
D_0002610700,1,0.946352,1
D_0002611078,1,0.982981,1
D_0002611141,0,0.565738,1
D_0002611246,1,0.060206,0
D_0002611666,1,0.796150,1
D_0002612569,1,0.748500,1
D_0002613178,1,0.997067,1
D_0002613304,1,0.906290,1
D_0002613745,1,0.987739,1
D_0002613829,0,0.049588,0
D_0002613976,0,0.054056,0
D_0002614081,0,0.020473,0
D_0002614648,1,0.073390,0
D_0002614816,1,0.153932,0
D_0002615068,1,0.308062,1
D_0002615194,1,0.963211,1
D_0002615236,0,0.126116,0
D_0002615446,0,0.436993,1
D_0002615509,1,0.851522,1
D_0002616727,1,0.995389,1
D_0002616790,1,0.957230,1
D_0002616916,1,0.977324,1
D_0002617000,0,0.102381,0
D_0002617714,1,0.604357,1
D_0002618575,0,0.031400,0
D_0002618764,1,0.995157,1
D_0002618932,1,0.968388,1
D_0002619100,1,0.981933,1
D_0002619184,1,0.859295,1
D_0002619373,1,0.887569,1
D_0002619688,0,0.097464,0
D_0002619730,0,0.041629,0
D_0002619751,0,0.162515,0
D_0002620906,1,0.081494,0
D_0002620927,0,0.019254,0
D_0002621935,1,0.993837,1
D_0002622103,0,0.143900,0
D_0002622229,1,0.017119,0
D_0002622565,1,0.162055,0
D_0002623090,1,0.853719,1
D_0002623573,0,0.315967,1
D_0002623615,1,0.943790,1
D_0002624098,0,0.221357,1
D_0002624560,0,0.185089,0
D_0002624686,1,0.987571,1
D_0002624707,0,0.830529,1
D_0002624749,0,0.035127,0
D_0002624938,1,0.737826,1
D_0002624959,1,0.748268,1
D_0002625127,0,0.025560,0
D_0002625253,1,0.795582,1
D_0002625379,0,0.141101,0
D_0002626261,1,0.504061,1
D_0002626303,0,0.100858,0
D_0002626912,1,0.892981,1
D_0002627227,1,0.987263,1
D_0002627269,0,0.236850,1
D_0002627815,1,0.831766,1
D_0002627878,1,0.895119,1
D_0002628235,0,0.044567,0
D_0002628655,1,0.444402,1
D_0002630440,1,0.892425,1
D_0002630545,0,0.067509,0
D_0002630692,1,0.973188,1
D_0002632309,1,0.772411,1
D_0002632561,1,0.398940,1
D_0002632876,1,0.399601,1
D_0002633107,1,0.987153,1
D_0002633212,1,0.553646,1
D_0002633254,0,0.213900,1
D_0002633317,0,0.048955,0
D_0002633737,0,0.008632,0
D_0002634283,1,0.039837,0
D_0002634409,0,0.186777,1
D_0002635711,0,0.094879,0
D_0002635753,1,0.348376,1
D_0002636152,0,0.820682,1
D_0002636320,0,0.652670,1
D_0002636446,0,0.049186,0
D_0002636488,0,0.064610,0
D_0002636803,1,0.972776,1
D_0002637433,1,0.981816,1
D_0002637685,0,0.052362,0
D_0002637979,1,0.522808,1
D_0002638147,0,0.045589,0
D_0002638609,1,0.112077,0
D_0002638672,0,0.055627,0
D_0002638756,1,0.985436,1
D_0002639218,0,0.119002,0
D_0002639281,0,0.155649,0
D_0002639302,0,0.048378,0
D_0002639617,0,0.132582,0
D_0002639701,1,0.737255,1
D_0002639722,0,0.074278,0
D_0002640016,1,0.840689,1
D_0002640415,1,0.453845,1
D_0002640730,1,0.989281,1
D_0002640877,0,0.182956,0
D_0002640961,1,0.899312,1
D_0002640982,1,0.988235,1
D_0002641276,1,0.852635,1
D_0002641633,0,0.032090,0
D_0002641654,1,0.991069,1
D_0002641675,0,0.026248,0
D_0002641717,0,0.135120,0
D_0002641906,0,0.071076,0
D_0002642011,0,0.038193,0
D_0002642074,1,0.950113,1
D_0002642116,0,0.040074,0
D_0002642368,0,0.004808,0
D_0002642578,0,0.110950,0
D_0002643250,1,0.169556,0
D_0002643271,1,0.982761,1
D_0002643355,1,0.766071,1
D_0002643502,0,0.033159,0
D_0002644195,1,0.686962,1
D_0002644321,0,0.027802,0
D_0002644552,1,0.367138,1
D_0002644657,0,0.058258,0
D_0002646967,0,0.072625,0
D_0002647261,1,0.695188,1
D_0002648122,0,0.061683,0
D_0002648227,1,0.664203,1
D_0002648479,1,0.957571,1
D_0002649046,1,0.083961,0
D_0002649193,0,0.047337,0
D_0002649508,1,0.953173,1
D_0002649592,1,0.995457,1
D_0002650012,0,0.159599,0
D_0002650180,1,0.847469,1
D_0002650348,1,0.105605,0
D_0002650600,1,0.952276,1
D_0002650642,1,0.749447,1
D_0002651419,1,0.987020,1
D_0002651545,1,0.976146,1
D_0002651839,0,0.090838,0
D_0002652259,0,0.292132,1
D_0002652280,1,0.332332,1
D_0002652448,1,0.966683,1
D_0002652805,1,0.406367,1
D_0002652847,1,0.979529,1
D_0002653204,1,0.297815,1
D_0002653372,1,0.679035,1
D_0002653519,1,0.213420,1
D_0002653918,1,0.442747,1
D_0002654044,1,0.132596,0
D_0002654380,1,0.890414,1
D_0002654485,1,0.397025,1
D_0002654569,0,0.153376,0
D_0002655031,1,0.990077,1
D_0002655262,0,0.069845,0
D_0002655640,0,0.209606,1
D_0002655766,0,0.037745,0
D_0002656123,1,0.971308,1
D_0002656291,0,0.136246,0
D_0002656333,1,0.991698,1
D_0002656795,0,0.110424,0
D_0002656837,1,0.957157,1
D_0002657236,0,0.289204,1
D_0002657362,0,0.337022,1
D_0002657446,0,0.035935,0
D_0002657467,1,0.410974,1
D_0002657593,0,0.521266,1
D_0002657740,0,0.121700,0
D_0002657992,1,0.985684,1
D_0002659021,1,0.061086,0
D_0002659252,1,0.926792,1
D_0002659462,1,0.110295,0
D_0002659504,1,0.712031,1
D_0002660197,0,0.010888,0
D_0002660722,1,0.273241,1
D_0002660848,1,0.972035,1
D_0002661436,1,0.989196,1
D_0002661478,0,0.151108,0
D_0002661520,1,0.537630,1
D_0002661646,1,0.977056,1
D_0002661877,1,0.069729,0
D_0002662150,0,0.070027,0
D_0002662465,0,0.071534,0
D_0002662507,0,0.043959,0
D_0002662822,1,0.790374,1
D_0002662948,0,0.045835,0
D_0002663074,0,0.074478,0
D_0002663725,1,0.902374,1
D_0002663746,0,0.088932,0
D_0002663767,1,0.564445,1
D_0002664796,1,0.587689,1
D_0002664859,0,0.044134,0
D_0002665195,0,0.133987,0
D_0002665552,0,0.044566,0
D_0002666077,1,0.897411,1
D_0002666917,0,0.126290,0
D_0002667379,0,0.026170,0
D_0002667862,1,0.662089,1
D_0002668030,0,0.027804,0
D_0002668408,0,0.606575,1
D_0002668492,1,0.743472,1
D_0002668807,1,0.565260,1
D_0002669017,1,0.303008,1
D_0002669038,1,0.970299,1
D_0002669794,0,0.053775,0
D_0002669836,0,0.049618,0
D_0002670214,1,0.959900,1
D_0002670865,1,0.993586,1
D_0002670928,0,0.162262,0
D_0002671075,1,0.886093,1
D_0002671117,0,0.274517,1
D_0002671138,0,0.062335,0
D_0002671306,0,0.076834,0
D_0002671432,0,0.085297,0
D_0002671516,1,0.186299,1
D_0002671537,1,0.969816,1
D_0002671579,1,0.955141,1
D_0002671747,0,0.127428,0
D_0002671810,0,0.025669,0
D_0002672356,1,0.965635,1
D_0002672398,1,0.988104,1
D_0002672881,1,0.733017,1
D_0002673931,0,0.055692,0
D_0002674309,0,0.336648,1
D_0002674435,1,0.903507,1
D_0002674834,1,0.442056,1
D_0002675023,0,0.232307,1
D_0002675653,1,0.683309,1
D_0002675779,1,0.834933,1
D_0002676262,0,0.036000,0
D_0002676472,1,0.779758,1
D_0002676535,1,0.941680,1
D_0002676871,1,0.494099,1
D_0002677060,0,0.237615,1
D_0002677123,0,0.013540,0
D_0002677144,1,0.242872,1
D_0002677270,1,0.975369,1
D_0002677417,1,0.292445,1
D_0002678131,0,0.104951,0
D_0002678215,0,0.040017,0
D_0002678593,1,0.924104,1
D_0002678656,1,0.816977,1
D_0002678740,0,0.013221,0
D_0002679202,0,0.097665,0
D_0002679580,0,0.048428,0
D_0002679748,1,0.966971,1
D_0002679958,1,0.567295,1
D_0002680105,0,0.174505,0
D_0002680735,0,0.166933,0
D_0002680819,0,0.144777,0
D_0002680840,1,0.989299,1
D_0002680882,1,0.199531,1
D_0002681155,1,0.907723,1
D_0002681218,0,0.032239,0
D_0002681533,0,0.151937,0
D_0002682100,0,0.042160,0
D_0002682436,0,0.074771,0
D_0002682562,1,0.979599,1
D_0002682604,1,0.892285,1
D_0002683171,1,0.967846,1
D_0002683234,1,0.704474,1
D_0002683486,0,0.040677,0
D_0002684368,0,0.026592,0
D_0002684473,0,0.149786,0
D_0002684536,0,0.033180,0
D_0002684935,0,0.073541,0
D_0002685271,1,0.109338,0
D_0002685292,1,0.079834,0
D_0002685649,1,0.182819,0
D_0002686090,1,0.959133,1
D_0002686153,0,0.044867,0
D_0002686342,0,0.332828,1
D_0002686573,1,0.858874,1
D_0002686594,1,0.733219,1
D_0002686636,0,0.038978,0
D_0002687329,0,0.123129,0
D_0002687434,0,0.985095,1
D_0002688274,1,0.956373,1
D_0002688442,1,0.854265,1
D_0002688673,0,0.247148,1
D_0002688715,0,0.196786,1
D_0002688820,1,0.990487,1
D_0002688967,1,0.970298,1
D_0002689072,1,0.614987,1
D_0002689093,0,0.008341,0
D_0002689576,0,0.045145,0
D_0002689723,1,0.161542,0
D_0002689870,1,0.977965,1
D_0002689912,0,0.139563,0
D_0002689954,0,0.015120,0
D_0002689975,0,0.802151,1
D_0002690059,1,0.859524,1
D_0002690248,0,0.059012,0
D_0002690311,1,0.068117,0
D_0002690626,0,0.137127,0
D_0002690815,0,0.028287,0
D_0002691046,0,0.224456,1
D_0002691781,1,0.870948,1
D_0002692012,1,0.932817,1
D_0002692537,1,0.138615,0
D_0002692873,1,0.960100,1
D_0002692915,1,0.070438,0
D_0002693083,1,0.837958,1
D_0002693545,0,0.078721,0
D_0002693986,0,0.013632,0
D_0002694091,0,0.212913,1
D_0002694259,0,0.103637,0
D_0002694406,0,0.291874,1
D_0002694448,1,0.937565,1
D_0002694994,0,0.448591,1
D_0002695834,1,0.120861,0
D_0002695960,1,0.840338,1
D_0002696443,1,0.985404,1
D_0002696926,1,0.972648,1
D_0002697913,0,0.171828,0
D_0002698102,0,0.081484,0
D_0002698249,0,0.096696,0
D_0002698396,1,0.938744,1
D_0002698627,0,0.079683,0
D_0002698711,1,0.818828,1
D_0002698732,0,0.008971,0
D_0002698858,1,0.988489,1
D_0002699026,0,0.115074,0
D_0002699110,1,0.922052,1
D_0002699614,1,0.907234,1
D_0002700181,0,0.328128,1
D_0002700496,1,0.757638,1
D_0002700874,1,0.093237,0
D_0002701378,1,0.985805,1
D_0002701609,1,0.808785,1
D_0002701798,0,0.392589,1
D_0002701882,1,0.668558,1
D_0002703142,1,0.888282,1
D_0002703835,0,0.325314,1
D_0002703856,0,0.313432,1
D_0002704507,1,0.119982,0
D_0002705032,1,0.916635,1
D_0002705095,0,0.115245,0
D_0002705410,1,0.973427,1
D_0002705662,1,0.494789,1
D_0002706103,1,0.695398,1
D_0002706208,1,0.180830,0
D_0002706250,0,0.898578,1
D_0002706292,0,0.355853,1
D_0002706460,1,0.189529,1
D_0002706628,0,0.025540,0
D_0002706649,1,0.899590,1
D_0002706985,0,0.306935,1
D_0002707006,1,0.987558,1
D_0002708056,0,0.015454,0
D_0002708245,0,0.914536,1
D_0002708497,0,0.067773,0
D_0002708623,0,0.032160,0
D_0002708644,0,0.319628,1
D_0002709316,0,0.019141,0
D_0002709715,1,0.726696,1
D_0002709778,1,0.995558,1
D_0002709925,0,0.144907,0
D_0002710324,1,0.083916,0
D_0002711269,0,0.542315,1
D_0002711458,0,0.273401,1
D_0002711752,1,0.991826,1
D_0002712235,0,0.085965,0
D_0002712361,1,0.930469,1
D_0002712424,0,0.090935,0
D_0002712487,1,0.928867,1
D_0002712970,1,0.994695,1
D_0002713138,1,0.873116,1
D_0002713159,0,0.136009,0
D_0002713390,1,0.914016,1
D_0002713474,1,0.328862,1
D_0002713579,0,0.018638,0
D_0002714251,0,0.105357,0
D_0002714398,1,0.579392,1
D_0002714524,0,0.137447,0
D_0002715049,1,0.973019,1
D_0002715259,0,0.152800,0
D_0002715658,0,0.139257,0
D_0002715700,1,0.763165,1
D_0002716036,1,0.856604,1
D_0002716351,0,0.328303,1
D_0002716372,1,0.940780,1
D_0002716561,1,0.968324,1
D_0002716603,0,0.059533,0
D_0002716834,1,0.743847,1
D_0002717128,1,0.786613,1
D_0002717149,0,0.055049,0
D_0002717527,1,0.292697,1
D_0002717926,1,0.531381,1
D_0002718199,0,0.080120,0
D_0002718241,0,0.141210,0
D_0002718262,1,0.831737,1
D_0002718514,1,0.771152,1
D_0002718535,1,0.907684,1
D_0002718682,1,0.945081,1
D_0002718745,0,0.018446,0
D_0002718808,0,0.090382,0
D_0002718892,1,0.982881,1
D_0002718934,0,0.059366,0
D_0002719144,0,0.825510,1
D_0002719270,0,0.044181,0
D_0002719417,1,0.480992,1
D_0002719522,1,0.399548,1
D_0002719921,0,0.006192,0
D_0002720005,1,0.656228,1
D_0002720215,1,0.124024,0
D_0002720425,0,0.150460,0
D_0002720782,1,0.964412,1
D_0002720887,1,0.983248,1
D_0002720950,1,0.492460,1
D_0002721139,0,0.100462,0
D_0002721559,0,0.022851,0
D_0002721727,0,0.452316,1
D_0002721832,1,0.972519,1
D_0002721874,1,0.959138,1
D_0002722000,1,0.114200,0
D_0002722315,0,0.331060,1
D_0002722378,1,0.736439,1
D_0002722588,1,0.897977,1
D_0002722735,0,0.152388,0
D_0002723008,0,0.293896,1
D_0002723029,1,0.905326,1
D_0002723155,0,0.156562,0
D_0002723428,1,0.991727,1
D_0002723470,0,0.299244,1
D_0002723680,0,0.126513,0
D_0002724184,1,0.036095,0
D_0002724268,1,0.966102,1
D_0002724625,0,0.231168,1
D_0002725213,0,0.045277,0
D_0002725339,0,0.180396,0
D_0002725864,0,0.680256,1
D_0002726116,1,0.997232,1
D_0002726179,1,0.206629,1
D_0002726452,1,0.929827,1
D_0002727565,1,0.989570,1
D_0002728090,1,0.144377,0
D_0002728636,0,0.146797,0
D_0002728678,1,0.214421,1
D_0002728804,1,0.415456,1
D_0002729140,0,0.029737,0
D_0002729203,1,0.897352,1
D_0002729308,1,0.046859,0
D_0002730043,1,0.643631,1
D_0002730589,0,0.120350,0
D_0002730799,1,0.730294,1
D_0002731387,0,0.782375,1
D_0002731702,0,0.247239,1
D_0002731975,0,0.303513,1
D_0002732038,0,0.098088,0
D_0002732647,1,0.485062,1
D_0002732941,1,0.111110,0
D_0002733109,0,0.447995,1
D_0002733487,1,0.830291,1
D_0002733802,1,0.971905,1
D_0002733823,0,0.022100,0
D_0002734117,0,0.030349,0
D_0002734369,1,0.502566,1
D_0002734852,1,0.942242,1
D_0002735020,1,0.997429,1
D_0002735482,0,0.120433,0
D_0002735587,1,0.852587,1
D_0002735776,1,0.601865,1
D_0002735944,1,0.940090,1
D_0002737393,1,0.083422,0
D_0002737561,1,0.461124,1
D_0002737582,1,0.400131,1
D_0002738758,1,0.382950,1
D_0002738779,1,0.970565,1
D_0002738800,0,0.049670,0
D_0002739178,0,0.188405,1
D_0002739577,0,0.103473,0
D_0002740270,1,0.878579,1
D_0002740690,1,0.687430,1
D_0002741509,0,0.162568,0
D_0002741908,1,0.984391,1
D_0002741950,0,0.139427,0
D_0002742160,0,0.040141,0
D_0002742496,0,0.142322,0
D_0002742790,1,0.179807,0
D_0002742811,1,0.984698,1
D_0002743252,0,0.017695,0
D_0002743420,0,0.193527,1
D_0002743651,1,0.964599,1
D_0002743714,0,0.043345,0
D_0002743798,1,0.904836,1
D_0002744407,1,0.721376,1
D_0002744680,0,0.040456,0
D_0002744722,1,0.956039,1
D_0002744869,1,0.603875,1
D_0002746402,0,0.071810,0
D_0002746570,0,0.032857,0
D_0002746591,1,0.211255,1
D_0002746822,1,0.991147,1
D_0002747620,1,0.277295,1
D_0002747641,0,0.100032,0
D_0002748103,1,0.393456,1
D_0002748271,0,0.039260,0
D_0002748334,1,0.993431,1
D_0002748460,1,0.929347,1
D_0002748586,1,0.124794,0
D_0002748775,0,0.045458,0
D_0002749531,1,0.151638,0
D_0002749930,0,0.063024,0
D_0002750266,0,0.265621,1
D_0002750329,0,0.102366,0
D_0002750413,1,0.825358,1
D_0002751022,1,0.942452,1
D_0002751379,0,0.143427,0
D_0002751841,0,0.069048,0
D_0002752555,1,0.455448,1
D_0002752723,0,0.671261,1
D_0002752828,1,0.838719,1
D_0002753038,1,0.978436,1
D_0002753227,1,0.707450,1
D_0002753437,0,0.033027,0
D_0002753710,1,0.341972,1
D_0002753794,0,0.111579,0
D_0002754256,1,0.979647,1
D_0002754298,1,0.175392,0
D_0002754340,0,0.073089,0
D_0002754466,0,0.062098,0
D_0002755159,0,0.145205,0
D_0002755264,1,0.086020,0
D_0002755642,0,0.141224,0
D_0002755663,0,0.034252,0
D_0002756062,0,0.065168,0
D_0002756251,1,0.707679,1
D_0002756272,0,0.284282,1
D_0002757133,0,0.108522,0
D_0002757910,1,0.988320,1
D_0002758162,1,0.171813,0
D_0002758393,1,0.860787,1
D_0002758456,0,0.309223,1
D_0002758624,1,0.111825,0
D_0002758729,1,0.442957,1
D_0002758813,1,0.059084,0
D_0002758834,1,0.594898,1
D_0002759023,0,0.019645,0
D_0002759086,0,0.075678,0
D_0002759212,1,0.986817,1
D_0002759422,0,0.070821,0
D_0002760010,0,0.216233,1
D_0002760451,1,0.028910,0
D_0002760724,1,0.977950,1
D_0002761942,0,0.153700,0
D_0002762026,1,0.294536,1
D_0002762152,0,0.017199,0
D_0002762845,1,0.895627,1
D_0002762950,1,0.117346,0
D_0002763832,1,0.987000,1
D_0002765008,0,0.034297,0
D_0002765029,1,0.231853,1
D_0002765575,0,0.042683,0
D_0002766562,1,0.247046,1
D_0002766646,0,0.293743,1
D_0002766688,1,0.974624,1
D_0002767192,0,0.075207,0
D_0002767213,1,0.748408,1
D_0002767297,0,0.144293,0
D_0002767486,0,0.070223,0
D_0002767906,1,0.447119,1
D_0002768032,1,0.288076,1
D_0002768053,1,0.629688,1
D_0002768746,1,0.962379,1
D_0002769439,0,0.239712,1
D_0002769544,0,0.107634,0
D_0002770279,0,0.043485,0
D_0002770783,1,0.247479,1
D_0002770972,1,0.082121,0
D_0002771308,1,0.971455,1
D_0002771581,0,0.157920,0
D_0002771749,0,0.059015,0
D_0002772631,0,0.681749,1
D_0002772820,1,0.240312,1
D_0002772883,0,0.094004,0
D_0002772946,1,0.960468,1
D_0002773387,1,0.908440,1
D_0002773534,1,0.794632,1
D_0002773702,0,0.191675,1
D_0002773933,1,0.842498,1
D_0002774332,1,0.849675,1
D_0002774437,0,0.058019,0
D_0002774710,1,0.096602,0
D_0002775109,0,0.084254,0
D_0002775193,0,0.259094,1
D_0002775655,1,0.785085,1
D_0002776180,1,0.955551,1
D_0002776495,0,0.053718,0
D_0002776852,0,0.024973,0
D_0002776894,0,0.582062,1
D_0002777566,0,0.032130,0
D_0002777776,1,0.906018,1
D_0002778028,0,0.064722,0
D_0002778469,0,0.609487,1
D_0002778553,0,0.088943,0
D_0002778889,0,0.025970,0
D_0002779162,1,0.923233,1
D_0002779246,1,0.926542,1
D_0002779414,1,0.616268,1
D_0002779540,1,0.980408,1
D_0002779729,1,0.965668,1
D_0002779771,1,0.989298,1
D_0002780128,0,0.236767,1
D_0002780296,1,0.943642,1
D_0002780464,1,0.678872,1
D_0002780527,0,0.602064,1
D_0002780863,1,0.185025,0
D_0002780926,1,0.277063,1
D_0002781115,1,0.988382,1
D_0002781556,0,0.095620,0
D_0002781724,0,0.044776,0
D_0002782018,0,0.024341,0
D_0002782354,1,0.975897,1
D_0002782984,0,0.110601,0
D_0002783614,1,0.943113,1
D_0002783677,1,0.958313,1
D_0002783992,0,0.290420,1
D_0002784034,1,0.051349,0
D_0002784328,0,0.082315,0
D_0002784349,1,0.856150,1
D_0002784391,1,0.087904,0
D_0002784475,1,0.988501,1
D_0002784622,0,0.950539,1
D_0002784790,1,0.366419,1
D_0002784853,0,0.130221,0
D_0002785231,0,0.133473,0
D_0002785294,1,0.990588,1
D_0002785546,1,0.883118,1
D_0002786407,1,0.152946,0
D_0002787184,0,0.991364,1
D_0002788486,1,0.995101,1
D_0002788507,0,0.110559,0
D_0002788864,0,0.040276,0
D_0002789074,0,0.037292,0
D_0002789368,0,0.047779,0
D_0002789893,0,0.135728,0
D_0002790292,1,0.968787,1
D_0002790418,0,0.370384,1
D_0002790481,0,0.944696,1
D_0002790796,0,0.060653,0
D_0002790943,1,0.060703,0
D_0002791363,1,0.129796,0
D_0002791573,1,0.901382,1
D_0002791951,1,0.102873,0
D_0002792098,0,0.043265,0
D_0002792182,1,0.985676,1
D_0002792518,1,0.977761,1
D_0002792581,1,0.146007,0
D_0002792728,0,0.238897,1
D_0002793295,1,0.976655,1
D_0002794303,1,0.976126,1
D_0002794387,1,0.139897,0
D_0002794471,0,0.097731,0
D_0002794723,1,0.166382,0
D_0002795584,1,0.728976,1
D_0002795605,0,0.227786,1
D_0002796088,0,0.246084,1
D_0002796256,0,0.113980,0
D_0002796277,1,0.713745,1
D_0002796319,0,0.156390,0
D_0002796340,0,0.046002,0
D_0002796634,1,0.163005,0
D_0002797600,0,0.026434,0
D_0002797789,1,0.924870,1
D_0002798251,0,0.245729,1
D_0002798377,1,0.922173,1
D_0002798419,1,0.977135,1
D_0002798587,1,0.867707,1
D_0002798692,1,0.736316,1
D_0002798881,0,0.085747,0
D_0002799490,0,0.038375,0
D_0002799553,1,0.866177,1
D_0002799637,1,0.912882,1
D_0002799784,0,0.138714,0
D_0002799889,0,0.437767,1
D_0002800120,0,0.035650,0
D_0002800414,1,0.695518,1
D_0002800456,0,0.043463,0
D_0002801086,1,0.903801,1
D_0002801233,1,0.304003,1
D_0002801296,0,0.048624,0
D_0002801422,0,0.048877,0
D_0002801569,0,0.162140,0
D_0002801863,0,0.024562,0
D_0002802220,1,0.799258,1
D_0002802598,0,0.045635,0
D_0002802619,0,0.087302,0
D_0002803816,1,0.987749,1
D_0002804173,1,0.958177,1
D_0002804278,1,0.929540,1
D_0002804572,1,0.958449,1
D_0002804614,1,0.981184,1
D_0002804992,0,0.016111,0
D_0002805013,0,0.454671,1
D_0002805118,0,0.124542,0
D_0002805202,0,0.099173,0
D_0002805349,1,0.977497,1
D_0002805727,1,0.256820,1
D_0002806000,1,0.957115,1
D_0002806441,0,0.066054,0
D_0002807365,0,0.527972,1
D_0002807743,0,0.099217,0
D_0002808121,0,0.492491,1
D_0002809108,1,0.950200,1
D_0002809150,0,0.044730,0
D_0002809213,0,0.049707,0
D_0002809570,0,0.526484,1
D_0002810137,0,0.120711,0
D_0002810263,1,0.946091,1
D_0002810347,0,0.048924,0
D_0002810557,0,0.201679,1
D_0002810620,1,0.278786,1
D_0002810788,1,0.678445,1
D_0002810872,1,0.987423,1
D_0002811838,1,0.030480,0
D_0002812867,0,0.152362,0
D_0002813077,0,0.362630,1
D_0002813098,1,0.279313,1
D_0002813350,1,0.994046,1
D_0002813833,1,0.333665,1
D_0002813959,1,0.659035,1
D_0002814127,0,0.663469,1
D_0002814211,0,0.202490,1
D_0002814778,1,0.386602,1
D_0002815156,1,0.904097,1
D_0002815891,1,0.272716,1
D_0002816437,1,0.845505,1
D_0002816584,0,0.029749,0
D_0002816815,1,0.939824,1
D_0002817277,1,0.915592,1
D_0002818054,0,0.064240,0
D_0002818306,0,0.592655,1
D_0002818453,0,0.914962,1
D_0002818621,0,0.073116,0
D_0002818705,0,0.163132,0
D_0002818789,1,0.723254,1
D_0002818957,1,0.997167,1
D_0002819923,1,0.217379,1
D_0002820364,0,0.074736,0
D_0002820700,1,0.195782,1
D_0002821015,1,0.080513,0
D_0002821477,1,0.983430,1
D_0002821687,1,0.981718,1
D_0002821939,0,0.123730,0
D_0002822380,1,0.760232,1
D_0002822464,1,0.944194,1
D_0002823178,1,0.686816,1
D_0002823199,0,0.082077,0
D_0002823451,1,0.990070,1
D_0002823682,1,0.833871,1
D_0002823955,0,0.068166,0
D_0002824438,1,0.948421,1
D_0002824501,1,0.961316,1
D_0002824921,0,0.656185,1
D_0002825383,1,0.986260,1
D_0002825614,0,0.035958,0
D_0002825845,0,0.037069,0
D_0002825908,0,0.019092,0
D_0002826076,0,0.355051,1
D_0002826223,1,0.994034,1
D_0002826244,0,0.091529,0
D_0002826433,0,0.176097,0
D_0002826706,1,0.940448,1
D_0002826811,0,0.822020,1
D_0002826874,0,0.429953,1
D_0002827000,1,0.492891,1
D_0002827315,0,0.059627,0
D_0002827399,0,0.056562,0
D_0002827819,1,0.631948,1
D_0002828008,0,0.476544,1
D_0002828827,1,0.185837,1
D_0002829079,1,0.080431,0
D_0002829520,1,0.937370,1
D_0002829562,1,0.113897,0
D_0002829730,1,0.940386,1
D_0002829793,1,0.110661,0
D_0002829940,0,0.046520,0
D_0002830024,0,0.181569,0
D_0002831158,1,0.761289,1
D_0002831473,1,0.570123,1
D_0002831494,0,0.076856,0
D_0002831557,0,0.069655,0
D_0002831851,1,0.545794,1
D_0002832628,0,0.511094,1
D_0002832817,0,0.064428,0
D_0002833216,1,0.857406,1
D_0002833300,0,0.155935,0
D_0002834560,0,0.025474,0
D_0002834728,1,0.983129,1
D_0002834875,0,0.007309,0
D_0002835274,0,0.140834,0
D_0002835904,0,0.067227,0
D_0002836198,1,0.961595,1
D_0002836429,1,0.975305,1
D_0002837101,0,0.103427,0
D_0002837164,1,0.957530,1
D_0002837227,1,0.989749,1
D_0002837542,1,0.750903,1
D_0002837689,0,0.027229,0
D_0002838046,0,0.491451,1
D_0002838193,1,0.984061,1
D_0002838382,1,0.708991,1
D_0002838529,1,0.933382,1
D_0002839138,1,0.993929,1
D_0002839558,1,0.443356,1
D_0002839642,0,0.034464,0
D_0002839747,1,0.192850,1
D_0002840188,1,0.134942,0
D_0002840272,1,0.234458,1
D_0002840461,0,0.101685,0
D_0002840671,1,0.924227,1
D_0002840713,1,0.991736,1
D_0002840776,0,0.025160,0
D_0002840797,1,0.990828,1
D_0002841616,0,0.050528,0
D_0002841763,1,0.066192,0
D_0002842141,1,0.116929,0
D_0002843527,0,0.002765,0
D_0002843779,0,0.045052,0
D_0002844010,0,0.541873,1
D_0002844451,1,0.952177,1
D_0002844766,1,0.701776,1
D_0002844787,0,0.022919,0
D_0002844871,1,0.856703,1
D_0002845018,1,0.196827,1
D_0002845144,0,0.850011,1
D_0002845228,0,0.242724,1
D_0002845396,0,0.045683,0
D_0002845438,1,0.440566,1
D_0002846215,0,0.126272,0
D_0002846509,0,0.337353,1
D_0002846971,1,0.992245,1
D_0002847349,1,0.711803,1
D_0002847475,0,0.142921,0
D_0002847727,0,0.674800,1
D_0002848546,0,0.918025,1
D_0002848714,0,0.100004,0
D_0002850100,1,0.863533,1
D_0002850163,0,0.176038,0
D_0002850205,1,0.990825,1
D_0002850625,1,0.961361,1
D_0002850730,1,0.984036,1
D_0002851444,0,0.046204,0
D_0002851633,1,0.188451,1
D_0002851696,1,0.955292,1
D_0002853145,0,0.052354,0
D_0002853166,1,0.938729,1
D_0002853187,0,0.131891,0
D_0002853418,1,0.174192,0
D_0002853859,1,0.821208,1
D_0002853901,1,0.938968,1
D_0002854279,1,0.884079,1
D_0002854636,1,0.976967,1
D_0002855266,0,0.024429,0
D_0002855371,0,0.206560,1
D_0002855896,0,0.262140,1
D_0002856148,0,0.015745,0
D_0002856190,1,0.691609,1
D_0002856211,0,0.100920,0
D_0002856547,1,0.728833,1
D_0002856988,1,0.912679,1
D_0002857051,0,0.202215,1
D_0002857261,1,0.020714,0
D_0002857597,1,0.250673,1
D_0002857786,1,0.705773,1
D_0002858143,0,0.089947,0
D_0002858542,1,0.970958,1
D_0002859025,0,0.159692,0
D_0002859550,1,0.550210,1
D_0002859865,1,0.530569,1
D_0002859991,1,0.790853,1
D_0002860096,1,0.126648,0
D_0002860621,1,0.954163,1
D_0002860978,1,0.943696,1
D_0002861209,1,0.891775,1
D_0002861314,0,0.264637,1
D_0002861335,1,0.034405,0
D_0002861902,1,0.189799,1
D_0002862763,0,0.097573,0
D_0002863183,0,0.181414,0
D_0002863393,1,0.866091,1
D_0002863876,1,0.983288,1
D_0002863918,1,0.876212,1
D_0002864086,1,0.971317,1
D_0002864212,0,0.038864,0
D_0002864233,0,0.071724,0
D_0002864506,0,0.000317,0
D_0002865010,0,0.053625,0
D_0002865220,0,0.153274,0
D_0002865283,1,0.084110,0
D_0002865598,1,0.349248,1
D_0002866060,0,0.056336,0
D_0002866711,1,0.274282,1
D_0002866942,1,0.814401,1
D_0002867089,0,0.373769,1
D_0002867824,0,0.222766,1
D_0002867950,0,0.529100,1
D_0002868055,0,0.051786,0
D_0002868160,0,0.176946,0
D_0002868517,0,0.028228,0
D_0002868664,0,0.118787,0
D_0002868748,0,0.130062,0
D_0002868895,0,0.063996,0
D_0002869420,1,0.985464,1
D_0002870092,1,0.915451,1
D_0002870155,1,0.421159,1
D_0002870512,0,0.068408,0
D_0002870575,1,0.988621,1
D_0002870806,1,0.993990,1
D_0002870932,1,0.110272,0
D_0002871037,1,0.851179,1
D_0002871142,0,0.160945,0
D_0002871184,0,0.038771,0
D_0002871814,1,0.811568,1
D_0002871856,0,0.098265,0
D_0002872087,1,0.975217,1
D_0002872255,0,0.771738,1
D_0002872759,0,0.076549,0
D_0002873011,0,0.090177,0
D_0002873095,0,0.271748,1
D_0002873494,0,0.058556,0
D_0002874187,1,0.677806,1
D_0002874355,1,0.886655,1
D_0002874460,1,0.745812,1
D_0002874544,1,0.060483,0
D_0002874733,1,0.253604,1
D_0002874922,1,0.218580,1
D_0002875006,1,0.889243,1
D_0002875804,1,0.958586,1
D_0002875909,1,0.730890,1
D_0002876854,0,0.151687,0
D_0002877127,1,0.884264,1
D_0002877169,0,0.092195,0
D_0002877211,1,0.059220,0
D_0002877253,1,0.968020,1
D_0002877715,1,0.899827,1
D_0002878198,1,0.605039,1
D_0002878303,0,0.293553,1
D_0002878471,0,0.021980,0
D_0002878513,1,0.580901,1
D_0002878807,0,0.181797,0
D_0002879332,0,0.041428,0
D_0002879458,1,0.972524,1
D_0002879605,1,0.965480,1
D_0002879731,0,0.026060,0
D_0002881348,0,0.206777,1
D_0002881432,0,0.224932,1
D_0002881453,1,0.988091,1
D_0002881852,1,0.401633,1
D_0002881957,0,0.113046,0
D_0002882209,0,0.023909,0
D_0002882377,0,0.021748,0
D_0002882650,1,0.899392,1
D_0002882671,1,0.978803,1
D_0002883280,0,0.070184,0
D_0002883301,1,0.984239,1
D_0002884162,1,0.106911,0
D_0002884435,0,0.077840,0
D_0002884477,1,0.720075,1
D_0002885149,0,0.366250,1
D_0002885170,1,0.759865,1
D_0002885296,1,0.853865,1
D_0002885464,1,0.767018,1
D_0002885800,0,0.159196,0
D_0002886367,1,0.992078,1
D_0002886577,1,0.603654,1
D_0002886619,1,0.366153,1
D_0002887501,0,0.101960,0
D_0002887795,1,0.382026,1
D_0002888173,0,0.018899,0
D_0002888656,0,0.041383,0
D_0002888698,0,0.056305,0
D_0002888929,0,0.067463,0
D_0002889727,0,0.309020,1
D_0002889748,1,0.387067,1
D_0002889811,0,0.057017,0
D_0002889916,1,0.954172,1
D_0002890546,0,0.034024,0
D_0002890861,0,0.208839,1
D_0002890966,0,0.021831,0
D_0002890987,1,0.572960,1
D_0002891071,0,0.156715,0
D_0002891176,1,0.149031,0
D_0002891197,0,0.109050,0
D_0002891764,0,0.047147,0
D_0002892352,1,0.916271,1
D_0002893318,1,0.752433,1
D_0002893423,1,0.972619,1
D_0002893465,1,0.928830,1
D_0002893591,1,0.114840,0
D_0002893843,1,0.427846,1
D_0002894452,1,0.918790,1
D_0002894536,1,0.891022,1
D_0002895166,0,0.026244,0
D_0002895418,1,0.679958,1
D_0002895712,1,0.087476,0
D_0002896195,1,0.520236,1
D_0002896615,0,0.196865,1
D_0002896783,1,0.190667,1
D_0002896993,1,0.888165,1
D_0002897245,0,0.046692,0
D_0002897413,0,0.016815,0
D_0002897560,0,0.209326,1
D_0002897686,1,0.995340,1
D_0002897854,0,0.109388,0
D_0002897938,1,0.622860,1
D_0002898232,1,0.979863,1
D_0002898358,0,0.178874,0
D_0002898379,1,0.734309,1
D_0002898589,1,0.700525,1
D_0002898778,1,0.959562,1
D_0002899429,1,0.678935,1
D_0002899471,0,0.181391,0
D_0002899828,0,0.123604,0
D_0002900017,1,0.529843,1
D_0002900458,1,0.475467,1
D_0002901088,1,0.527689,1
D_0002901319,1,0.918416,1
D_0002901361,1,0.731862,1
D_0002901529,1,0.698816,1
D_0002902558,1,0.988289,1
D_0002902768,1,0.841989,1
D_0002903146,1,0.981802,1
D_0002903209,1,0.975603,1
D_0002903230,1,0.714796,1
D_0002903377,0,0.072107,0
D_0002903545,1,0.076923,0
D_0002903839,0,0.045273,0
D_0002904637,1,0.853338,1
D_0002904721,1,0.187704,1
D_0002904763,1,0.191559,1
D_0002905477,0,0.086433,0
D_0002905519,1,0.896350,1
D_0002906044,1,0.886520,1
D_0002906086,0,0.015337,0
D_0002906548,1,0.938479,1
D_0002906590,1,0.979341,1
D_0002906737,1,0.443727,1
D_0002906800,1,0.869431,1
D_0002907262,1,0.583987,1
D_0002907325,1,0.446910,1
D_0002907430,0,0.094793,0
D_0002907976,1,0.970128,1
D_0002908081,0,0.221299,1
D_0002908102,0,0.055427,0
D_0002908144,0,0.511362,1
D_0002908501,0,0.057554,0
D_0002908627,0,0.053537,0
D_0002908837,1,0.949609,1
D_0002909005,0,0.301188,1
D_0002909026,0,0.142363,0
D_0002910118,0,0.462823,1
D_0002910286,0,0.158175,0
D_0002910307,1,0.973565,1
D_0002910664,1,0.577441,1
D_0002911315,0,0.040791,0
D_0002911630,0,0.350594,1
D_0002911840,1,0.886014,1
D_0002911861,0,0.231018,1
D_0002912071,1,0.602063,1
D_0002912260,0,0.038136,0
D_0002912743,0,0.069184,0
D_0002912827,0,0.224424,1
D_0002913583,1,0.976689,1
D_0002913625,0,0.034696,0
D_0002913793,0,0.082461,0
D_0002913919,1,0.981377,1
D_0002914717,1,0.957342,1
D_0002914843,0,0.140079,0
D_0002915200,1,0.114687,0
D_0002915305,1,0.050988,0
D_0002915347,0,0.083103,0
D_0002915935,0,0.176452,0
D_0002916670,0,0.040490,0
D_0002917279,0,0.429058,1
D_0002917405,1,0.443436,1
D_0002917426,0,0.610049,1
D_0002917531,0,0.053244,0
D_0002918035,0,0.084708,0
D_0002918098,0,0.020846,0
D_0002918119,1,0.489027,1
D_0002918182,0,0.074551,0
D_0002918224,1,0.769686,1
D_0002918266,0,0.186242,1
D_0002918308,0,0.138867,0
D_0002919085,1,0.981942,1
D_0002919505,1,0.961792,1
D_0002919547,1,0.917427,1
D_0002919631,1,0.211200,1
D_0002920051,1,0.946491,1
D_0002920135,1,0.993338,1
D_0002920156,0,0.058883,0
D_0002920303,1,0.095058,0
D_0002920534,1,0.983561,1
D_0002920576,1,0.899242,1
D_0002920828,1,0.425511,1
D_0002921227,1,0.989129,1
D_0002921437,0,0.026691,0
D_0002921731,1,0.085458,0
D_0002921857,0,0.046457,0
D_0002921941,1,0.983000,1
D_0002922046,1,0.989680,1
D_0002922592,0,0.087567,0
D_0002922865,1,0.937203,1
D_0002922907,1,0.989663,1
D_0002923201,0,0.740778,1
D_0002923306,0,0.396856,1
D_0002923558,0,0.038770,0
D_0002923789,1,0.992450,1
D_0002924020,0,0.034436,0
D_0002924104,1,0.369604,1
D_0002924167,0,0.193132,1
D_0002924839,0,0.026779,0
D_0002925238,1,0.743390,1
D_0002925553,0,0.076848,0
D_0002925616,1,0.224493,1
D_0002925658,0,0.097055,0
D_0002925826,0,0.033355,0
D_0002925868,1,0.844229,1
D_0002925889,0,0.069482,0
D_0002925910,0,0.160887,0
D_0002926267,0,0.042920,0
D_0002926435,0,0.115863,0
D_0002926981,1,0.218729,1
D_0002927002,1,0.942471,1
D_0002927107,1,0.896523,1
D_0002927317,1,0.151265,0
D_0002927569,0,0.244789,1
D_0002927653,1,0.550806,1
D_0002927884,1,0.991275,1
D_0002928304,0,0.058456,0
D_0002928514,1,0.763830,1
D_0002928535,0,0.062396,0
D_0002928577,0,0.062959,0
D_0002928745,1,0.120306,0
D_0002929858,1,0.524090,1
D_0002929879,1,0.862497,1
D_0002930299,1,0.929733,1
D_0002930383,0,0.189674,1
D_0002930656,1,0.835804,1
D_0002930698,1,0.812118,1
D_0002930908,1,0.569689,1
D_0002930971,1,0.298025,1
D_0002931202,1,0.118632,0
D_0002931286,1,0.739174,1
D_0002931328,0,0.074037,0
D_0002931391,1,0.939172,1
D_0002931517,1,0.988053,1
D_0002931559,1,0.990948,1
D_0002933092,1,0.796026,1
D_0002933197,0,0.019104,0
D_0002933365,0,0.770319,1
D_0002933428,0,0.065065,0
D_0002934835,0,0.034639,0
D_0002934856,0,0.492984,1
D_0002935003,1,0.713744,1
D_0002935045,0,0.223760,1
D_0002935129,0,0.443711,1
D_0002935696,0,0.354829,1
D_0002935906,1,0.693154,1
D_0002935927,0,0.052693,0
D_0002936158,1,0.314168,1
D_0002936200,0,0.112877,0
D_0002936578,0,0.381335,1
D_0002936767,1,0.629546,1
D_0002936788,1,0.773693,1
D_0002936872,1,0.097880,0
D_0002937313,1,0.588197,1
D_0002937649,1,0.807362,1
D_0002937670,0,0.163529,0
D_0002937691,1,0.189454,1
D_0002937985,0,0.197619,1
D_0002938426,1,0.807289,1
D_0002938447,1,0.828607,1
D_0002938594,1,0.981968,1
D_0002938993,1,0.977798,1
D_0002939203,1,0.907879,1
D_0002939245,0,0.044470,0
D_0002939371,1,0.279047,1
D_0002939602,1,0.343153,1
D_0002939896,0,0.005395,0
D_0002939917,0,0.077790,0
D_0002940526,0,0.114493,0
D_0002940736,1,0.980298,1
D_0002940883,0,0.323813,1
D_0002941156,0,0.998283,1
D_0002941177,1,0.213465,1
D_0002941303,1,0.994828,1
D_0002941597,1,0.991235,1
D_0002941954,1,0.142864,0
D_0002942269,0,0.142321,0
D_0002942374,0,0.034747,0
D_0002942395,1,0.024057,0
D_0002942584,1,0.635754,1
D_0002942794,0,0.070513,0
D_0002943298,1,0.055864,0
D_0002943319,0,0.107780,0
D_0002943445,0,0.068554,0
D_0002943970,0,0.241244,1
D_0002944243,1,0.910427,1
D_0002944516,0,0.018205,0
D_0002944705,1,0.906044,1
D_0002944852,0,0.007502,0
D_0002944957,1,0.197860,1
D_0002945209,1,0.929204,1
D_0002945230,1,0.717531,1
D_0002945293,1,0.282331,1
D_0002945335,0,0.019004,0
D_0002945461,1,0.946201,1
D_0002945482,0,0.043458,0
D_0002945629,1,0.139033,0
D_0002945755,0,0.111570,0
D_0002945839,1,0.727042,1
D_0002946553,1,0.780681,1
D_0002946616,1,0.706222,1
D_0002946868,0,0.220835,1
D_0002948002,1,0.933216,1
D_0002948296,1,0.414863,1
D_0002948422,0,0.021920,0
D_0002948884,0,0.236102,1
D_0002948968,0,0.158163,0
D_0002949241,0,0.063338,0
D_0002949787,0,0.038810,0
D_0002949808,1,0.954231,1
D_0002950543,0,0.090246,0
D_0002950627,1,0.992257,1
D_0002950690,1,0.970788,1
D_0002950900,1,0.097720,0
D_0002951425,0,0.120972,0
D_0002951677,0,0.253937,1
D_0002951971,0,0.054621,0
D_0002952118,1,0.981495,1
D_0002952874,1,0.979115,1
D_0002953021,1,0.943224,1
D_0002953756,0,0.572548,1
D_0002953777,1,0.973056,1
D_0002954113,1,0.974910,1
D_0002954134,1,0.820342,1
D_0002954260,0,0.059678,0
D_0002954428,0,0.408762,1
D_0002954827,1,0.175876,0
D_0002955247,0,0.013957,0
D_0002955394,1,0.089021,0
D_0002955499,1,0.126394,0
D_0002955856,0,0.074515,0
D_0002956045,1,0.979167,1
D_0002956423,0,0.163116,0
D_0002956444,0,0.099753,0
D_0002956528,1,0.957181,1
D_0002957620,0,0.108534,0
D_0002957956,1,0.993602,1
D_0002957977,0,0.674962,1
D_0002958040,1,0.917184,1
D_0002958124,1,0.670818,1
D_0002958565,1,0.156662,0
D_0002958649,0,0.037916,0
D_0002958922,0,0.073988,0
D_0002959300,1,0.519773,1
T_0000000011,0,0.868252,1
T_0000000021,0,0.914634,1
T_0000000027,1,0.239504,1
T_0000000049,0,0.030257,0
T_0000000052,1,0.913107,1
T_0000000077,1,0.293259,1
T_0000000078,1,0.147831,0
T_0000000101,1,0.985176,1
T_0000000127,0,0.027785,0
T_0000000134,0,0.044065,0
T_0000000153,1,0.442386,1
T_0000000159,1,0.869596,1
T_0000000193,1,0.172030,0
T_0000000221,0,0.062538,0
T_0000000226,1,0.089335,0
T_0000000271,0,0.029603,0
T_0000000281,1,0.516401,1
T_0000000318,0,0.081186,0
T_0000000331,0,0.187422,1
T_0000000345,1,0.103723,0
T_0000000349,1,0.045334,0
T_0000000359,0,0.054434,0
T_0000000375,1,0.231919,1
T_0000000405,0,0.034546,0
T_0000000433,1,0.893451,1
T_0000000443,1,0.357226,1
T_0000000465,0,0.076112,0
T_0000000507,0,0.033213,0
T_0000000521,1,0.172498,0
T_0000000539,0,0.100889,0
T_0000000556,1,0.082149,0
T_0000000566,1,0.719185,1
T_0000000571,0,0.083168,0
T_0000000612,0,0.045013,0
T_0000000634,1,0.127506,0
T_0000000636,1,0.231344,1
T_0000000651,0,0.056642,0
T_0000000661,0,0.073367,0
T_0000000669,1,0.917678,1
T_0000000670,1,0.724171,1
T_0000000691,1,0.522760,1
T_0000000706,1,0.401749,1
T_0000000739,0,0.057164,0
T_0000000760,1,0.159737,0
T_0000000780,1,0.669187,1
T_0000000897,1,0.974550,1
T_0000000906,1,0.080360,0
T_0000000909,1,0.157659,0
T_0000000914,1,0.491258,1
T_0000000961,1,0.915336,1
T_0000001003,1,0.203326,1
T_0000001004,1,0.246485,1
T_0000001063,1,0.950039,1
T_0000001066,1,0.591047,1
T_0000001074,1,0.797527,1
T_0000001076,1,0.835527,1
T_0000001122,1,0.712873,1
T_0000001141,1,0.897588,1
T_0000001144,0,0.041006,0
T_0000001170,1,0.069354,0
T_0000001218,1,0.147604,0
T_0000001232,1,0.670115,1
T_0000001274,1,0.561349,1
T_0000001281,1,0.378396,1
T_0000001301,0,0.134358,0
T_0000001370,0,0.027702,0
T_0000001371,1,0.605500,1
T_0000001387,0,0.040249,0
T_0000001404,0,0.126360,0
T_0000001443,0,0.046194,0
T_0000001465,0,0.052514,0
T_0000001482,1,0.309837,1
T_0000001503,0,0.052583,0
T_0000001507,1,0.850051,1
T_0000001520,0,0.028725,0
T_0000001530,1,0.335940,1
T_0000001540,0,0.042400,0
T_0000001576,1,0.554153,1
T_0000001581,0,0.017460,0
T_0000001604,1,0.090577,0
T_0000001646,0,0.111222,0
T_0000001718,0,0.138717,0
T_0000001722,0,0.020892,0
T_0000001742,1,0.680765,1
T_0000001752,0,0.076105,0
T_0000001769,1,0.324178,1
T_0000001778,1,0.064848,0
T_0000001800,1,0.425295,1
T_0000001804,1,0.734283,1
T_0000001838,1,0.252820,1
T_0000001840,1,0.280935,1
T_0000001908,0,0.141677,0
T_0000001910,1,0.532983,1
T_0000001926,1,0.672413,1
T_0000001947,1,0.435192,1
T_0000001957,0,0.097358,0
T_0000001972,1,0.279976,1
T_0000001975,0,0.037366,0
T_0000001983,1,0.087834,0
T_0000002007,1,0.910062,1
T_0000002012,1,0.063068,0
T_0000002043,1,0.197130,1
T_0000002097,1,0.124315,0
T_0000002140,1,0.988572,1
T_0000002191,0,0.082183,0
T_0000002233,0,0.161152,0
T_0000002278,0,0.248498,1
T_0000002303,1,0.769755,1
T_0000002305,1,0.159974,0
T_0000002351,1,0.095527,0
T_0000002396,1,0.944049,1
T_0000002398,0,0.026836,0
T_0000002429,1,0.060349,0
T_0000002431,0,0.069011,0
T_0000002434,1,0.382228,1
T_0000002458,0,0.092981,0
T_0000002477,0,0.061615,0
T_0000002523,0,0.054126,0
T_0000002558,1,0.970110,1
T_0000002562,0,0.037243,0
T_0000002579,1,0.107724,0
T_0000002584,1,0.981162,1
T_0000002585,0,0.448573,1
T_0000002587,1,0.621889,1
T_0000002590,0,0.088107,0
T_0000002606,0,0.036310,0
T_0000002610,1,0.195806,1
T_0000002615,1,0.081563,0
T_0000002641,0,0.009768,0
T_0000002662,1,0.968063,1
T_0000002663,1,0.172942,0
T_0000002671,0,0.099584,0
T_0000002714,1,0.232726,1
T_0000002730,1,0.090737,0
T_0000002765,1,0.159243,0
T_0000002768,1,0.139570,0
T_0000002770,1,0.884192,1
T_0000002778,1,0.810412,1
T_0000002801,1,0.929812,1
T_0000002895,1,0.650204,1
T_0000002906,1,0.656169,1
T_0000002937,0,0.071479,0
T_0000002941,0,0.161101,0
T_0000002979,1,0.614621,1
T_0000002982,0,0.043888,0
T_0000003032,1,0.649321,1
T_0000003103,1,0.569115,1
T_0000003113,0,0.051959,0
T_0000003137,1,0.316717,1
T_0000003164,0,0.099227,0
T_0000003170,0,0.095357,0
T_0000003235,1,0.657723,1
T_0000003282,1,0.605261,1
T_0000003315,1,0.930251,1
T_0000003330,0,0.019523,0
T_0000003345,0,0.124625,0
T_0000003394,0,0.059019,0
T_0000003402,1,0.887794,1
T_0000003411,1,0.330640,1
T_0000003413,1,0.118004,0
T_0000003424,1,0.927436,1
T_0000003449,0,0.058506,0
T_0000003461,0,0.102794,0
T_0000003471,1,0.991166,1
T_0000003478,1,0.864230,1
T_0000003492,1,0.556717,1
T_0000003514,1,0.955156,1
T_0000003519,1,0.261261,1
T_0000003523,1,0.810151,1
T_0000003542,1,0.435079,1
T_0000003553,1,0.042852,0
T_0000003582,0,0.141534,0
T_0000003689,1,0.112720,0
T_0000003700,1,0.665966,1
T_0000003859,0,0.017169,0
T_0000003884,1,0.100988,0
T_0000003898,1,0.869959,1
T_0000003948,0,0.021911,0
T_0000004023,0,0.110316,0
T_0000004031,1,0.978530,1
T_0000004079,0,0.078269,0
T_0000004085,0,0.072379,0
T_0000004114,1,0.846725,1
T_0000004119,1,0.313022,1
T_0000004189,0,0.036784,0
T_0000004190,1,0.750065,1
T_0000004210,0,0.110744,0
T_0000004240,1,0.689395,1
T_0000004254,0,0.049086,0
T_0000004255,0,0.064207,0
T_0000004293,0,0.026042,0
T_0000004332,1,0.645851,1
T_0000004365,1,0.979554,1
T_0000004366,1,0.861426,1
T_0000004423,1,0.905846,1
T_0000004475,1,0.156410,0
T_0000004479,0,0.082405,0
T_0000004516,0,0.106545,0
T_0000004517,0,0.041214,0
T_0000004587,1,0.828064,1
T_0000004624,1,0.210831,1
T_0000004627,1,0.243119,1
T_0000004684,1,0.067330,0
T_0000004720,1,0.574619,1
T_0000004732,1,0.091785,0
T_0000004749,0,0.152063,0
T_0000004760,1,0.338380,1
T_0000004765,1,0.356563,1
T_0000004766,1,0.057338,0
T_0000004798,1,0.962384,1
T_0000004863,1,0.280751,1
T_0000004889,1,0.723540,1
T_0000004914,1,0.059191,0
T_0000004919,0,0.009860,0
T_0000004936,1,0.102072,0
T_0000004946,1,0.823013,1
T_0000005017,1,0.789338,1
T_0000005024,1,0.554635,1
T_0000005040,1,0.236174,1
T_0000005041,0,0.065360,0
T_0000005052,0,0.050214,0
T_0000005106,1,0.982573,1
T_0000005151,1,0.830943,1
T_0000005152,1,0.914639,1
T_0000005173,1,0.384059,1
T_0000005192,1,0.038047,0
T_0000005216,0,0.253293,1
T_0000005224,1,0.982333,1
T_0000005233,1,0.689339,1
T_0000005271,0,0.166302,0
T_0000005284,0,0.029980,0
T_0000005345,0,0.028361,0
T_0000005359,1,0.633488,1
T_0000005374,1,0.553932,1
T_0000005406,0,0.017694,0
T_0000005409,0,0.053055,0
T_0000005450,1,0.284326,1
T_0000005478,1,0.481649,1
T_0000005506,0,0.065817,0
T_0000005507,0,0.054154,0
T_0000005519,1,0.941134,1
T_0000005570,0,0.023557,0
T_0000005586,1,0.678472,1
T_0000005593,1,0.341611,1
T_0000005616,1,0.707260,1
T_0000005663,0,0.041388,0
T_0000005668,1,0.933339,1
T_0000005679,1,0.927140,1
T_0000005691,1,0.887914,1
T_0000005722,0,0.014027,0
T_0000005735,0,0.028673,0
T_0000005738,0,0.113477,0
T_0000005750,1,0.881716,1
T_0000005760,1,0.599761,1
T_0000005768,1,0.240391,1
T_0000005803,0,0.059916,0
T_0000005806,1,0.918605,1
T_0000005809,1,0.636859,1
T_0000005837,1,0.108440,0
T_0000005844,1,0.723428,1
T_0000005855,0,0.175420,0
T_0000005878,1,0.455287,1
T_0000005907,1,0.600181,1
T_0000005935,0,0.152825,0
T_0000005941,0,0.046753,0
T_0000005972,1,0.490251,1
T_0000005977,1,0.067669,0
T_0000006004,1,0.321287,1
T_0000006014,0,0.625416,1
T_0000006034,1,0.945671,1
T_0000006052,0,0.103572,0
T_0000006054,0,0.158630,0
T_0000006061,0,0.044106,0
T_0000006083,1,0.318641,1
T_0000006103,1,0.092217,0
T_0000006109,0,0.087416,0
T_0000006155,1,0.660711,1
T_0000006163,1,0.773910,1
T_0000006172,1,0.073004,0
T_0000006178,1,0.096633,0
T_0000006179,1,0.101187,0
T_0000006194,0,0.011621,0
T_0000006201,1,0.051880,0
T_0000006203,1,0.486354,1
T_0000006218,1,0.471595,1
T_0000006239,1,0.945147,1
T_0000006250,1,0.160890,0
T_0000006265,1,0.054616,0
T_0000006290,0,0.072950,0
T_0000006310,0,0.053445,0
T_0000006352,1,0.502385,1
T_0000006362,0,0.064688,0
T_0000006442,0,0.009914,0
T_0000006446,1,0.988444,1
T_0000006461,1,0.054232,0
T_0000006462,0,0.061581,0
T_0000006480,1,0.963040,1
T_0000006491,1,0.986147,1
T_0000006500,1,0.954568,1
T_0000006528,1,0.944280,1
T_0000006540,1,0.800508,1
T_0000006549,1,0.617976,1
T_0000006575,1,0.493751,1
T_0000006588,1,0.136507,0
T_0000006594,0,0.060143,0
T_0000006619,0,0.036430,0
T_0000006667,1,0.946882,1
T_0000006673,1,0.859118,1
T_0000006724,1,0.216971,1
T_0000006730,0,0.022723,0
T_0000006763,0,0.072641,0
T_0000006771,1,0.780379,1
T_0000006773,0,0.028104,0
T_0000006784,1,0.976927,1
T_0000006794,0,0.072372,0
T_0000006817,1,0.521581,1
T_0000006866,1,0.282604,1
T_0000006881,1,0.566004,1
T_0000006915,1,0.064862,0
T_0000006952,1,0.055774,0
T_0000006998,0,0.042241,0
T_0000007040,1,0.388080,1
T_0000007070,1,0.974028,1
T_0000007081,1,0.218335,1
T_0000007113,0,0.006469,0
T_0000007122,1,0.982161,1
T_0000007130,1,0.698753,1
T_0000007139,0,0.036736,0
T_0000007150,0,0.032293,0
T_0000007166,0,0.078459,0
T_0000007172,0,0.071556,0
T_0000007201,1,0.041977,0
T_0000007205,1,0.274356,1
T_0000007212,1,0.385508,1
T_0000007260,1,0.079770,0
T_0000007281,1,0.411229,1
T_0000007289,1,0.473676,1
T_0000007291,1,0.194057,1
T_0000007301,1,0.054093,0
T_0000007306,1,0.090173,0
T_0000007323,1,0.938666,1
T_0000007329,1,0.919900,1
T_0000007380,1,0.318662,1
T_0000007394,1,0.262000,1
T_0000007408,1,0.729109,1
T_0000007409,0,0.036979,0
T_0000007458,1,0.177193,0
T_0000007467,0,0.035152,0
T_0000007469,1,0.750683,1
T_0000007490,0,0.031465,0
T_0000007509,1,0.203569,1
T_0000007524,1,0.726300,1
T_0000007544,1,0.192244,1
T_0000007557,0,0.062406,0
T_0000007602,0,0.102564,0
T_0000007604,1,0.429178,1
T_0000007606,1,0.892030,1
T_0000007634,0,0.100774,0
T_0000007643,0,0.095058,0
T_0000007654,0,0.050467,0
T_0000007668,1,0.323729,1
T_0000007694,0,0.119220,0
T_0000007721,1,0.991800,1
T_0000007753,1,0.471422,1
T_0000007788,1,0.270682,1
T_0000007794,1,0.486690,1
T_0000007815,1,0.466901,1
T_0000007849,1,0.839144,1
T_0000007874,1,0.964140,1
T_0000007911,1,0.061080,0
T_0000007921,1,0.482736,1
T_0000007928,1,0.119161,0
T_0000007964,1,0.836144,1
T_0000007996,1,0.602345,1
T_0000008011,1,0.070225,0
T_0000008013,0,0.026737,0
T_0000008017,1,0.611024,1
T_0000008028,1,0.836424,1
T_0000008076,1,0.985212,1
T_0000008083,0,0.096709,0
T_0000008084,0,0.047935,0
T_0000008171,1,0.741910,1
T_0000008215,1,0.681563,1
T_0000008230,1,0.658806,1
T_0000008257,0,0.035058,0
T_0000008258,1,0.274048,1
T_0000008273,0,0.138647,0
T_0000008290,0,0.081805,0
T_0000008350,1,0.243994,1
T_0000008472,1,0.528769,1
T_0000008490,0,0.045853,0
T_0000008491,1,0.425568,1
T_0000008521,0,0.097679,0
T_0000008532,1,0.940234,1
T_0000008550,1,0.088672,0
T_0000008558,1,0.928837,1
T_0000008560,0,0.002262,0
T_0000008561,0,0.218243,1
T_0000008599,1,0.595236,1
T_0000008601,1,0.352851,1
T_0000008620,1,0.889729,1
T_0000008642,1,0.764347,1
T_0000008645,0,0.035708,0
T_0000008696,0,0.021563,0
T_0000008715,1,0.053413,0
T_0000008756,0,0.043698,0
T_0000008793,1,0.982240,1
T_0000008823,1,0.031850,0
T_0000008830,1,0.425868,1
T_0000008856,0,0.004004,0
T_0000008862,1,0.056748,0
T_0000008878,1,0.960106,1
T_0000008889,1,0.056707,0
T_0000008893,0,0.025036,0
T_0000008894,1,0.962809,1
T_0000008902,1,0.156751,0
T_0000008952,1,0.993204,1
T_0000008993,1,0.285384,1
T_0000009005,1,0.280710,1
T_0000009030,0,0.019055,0
T_0000009091,1,0.344843,1
T_0000009108,0,0.019676,0
T_0000009148,1,0.800539,1
T_0000009158,0,0.062672,0
T_0000009166,0,0.080367,0
T_0000009213,1,0.087030,0
T_0000009218,0,0.027887,0
T_0000009222,1,0.884811,1
T_0000009223,1,0.935319,1
T_0000009245,1,0.875292,1
T_0000009258,1,0.790580,1
T_0000009373,0,0.006317,0
T_0000009410,1,0.635829,1
T_0000009427,0,0.050461,0
T_0000009434,0,0.172846,0
T_0000009487,1,0.778092,1
T_0000009503,1,0.096052,0
T_0000009504,1,0.648093,1
T_0000009519,0,0.031888,0
T_0000009585,0,0.061899,0
T_0000009600,1,0.341084,1
T_0000009614,1,0.974002,1
T_0000009620,1,0.940421,1
T_0000009650,1,0.837593,1
T_0000009675,1,0.343869,1
T_0000009676,1,0.946039,1
T_0000009678,1,0.262230,1
T_0000009699,1,0.753039,1
T_0000009701,1,0.519681,1
T_0000009716,0,0.035675,0
T_0000009731,1,0.286906,1
T_0000009815,0,0.102680,0
T_0000009905,1,0.437692,1
T_0000009939,1,0.285825,1
T_0000009953,0,0.071206,0
T_0000009970,0,0.022847,0
T_0000010019,1,0.185583,1
T_0000010021,1,0.371351,1
T_0000010034,1,0.337332,1
T_0000010035,1,0.074900,0
T_0000010043,0,0.108280,0
T_0000010045,1,0.388962,1
T_0000010080,0,0.091841,0
T_0000010116,1,0.152050,0
T_0000010120,0,0.037889,0
T_0000010192,1,0.662660,1
T_0000010200,1,0.930164,1
T_0000010227,0,0.190472,1
T_0000010233,1,0.237197,1
T_0000010235,1,0.222986,1
T_0000010243,0,0.107809,0
T_0000010328,1,0.191036,1
T_0000010342,1,0.142136,0
T_0000010352,1,0.772198,1
T_0000010401,0,0.144957,0
T_0000010403,1,0.940405,1
T_0000010407,1,0.145952,0
T_0000010417,0,0.195282,1
T_0000010436,0,0.346666,1
T_0000010472,1,0.393418,1
T_0000010494,0,0.071375,0
T_0000010501,1,0.043212,0
T_0000010512,1,0.676839,1
T_0000010568,1,0.975167,1
T_0000010605,1,0.282794,1
T_0000010623,0,0.026684,0
T_0000010648,0,0.121816,0
T_0000010664,0,0.015727,0
T_0000010685,1,0.302405,1
T_0000010691,0,0.059382,0
T_0000010706,1,0.509973,1
T_0000010708,0,0.008783,0
T_0000010732,1,0.054322,0
T_0000010746,1,0.938212,1
T_0000010793,0,0.103006,0
T_0000010813,0,0.033689,0
T_0000010814,0,0.044145,0
T_0000010822,1,0.573665,1
T_0000010824,1,0.387913,1
T_0000010833,1,0.933818,1
T_0000010857,1,0.081109,0
T_0000010885,1,0.170724,0
T_0000010920,1,0.224245,1
T_0000010951,0,0.053249,0
T_0000010976,0,0.095458,0
T_0000010988,1,0.088222,0
T_0000010993,0,0.036183,0
T_0000011000,0,0.030904,0
T_0000011017,1,0.344944,1
T_0000011023,0,0.058789,0
T_0000011041,1,0.102143,0
T_0000011048,1,0.286976,1
T_0000011058,1,0.389014,1
T_0000011098,1,0.823817,1
T_0000011100,1,0.393066,1
T_0000011106,1,0.252280,1
T_0000011114,1,0.919866,1
T_0000011121,1,0.370592,1
T_0000011165,0,0.128535,0
T_0000011177,1,0.425293,1
T_0000011192,0,0.100085,0
T_0000011224,1,0.712944,1
T_0000011227,0,0.059494,0
T_0000011250,0,0.061070,0
T_0000011263,0,0.014769,0
T_0000011275,1,0.789097,1
T_0000011319,1,0.536355,1
T_0000011322,1,0.844360,1
T_0000011394,0,0.115186,0
T_0000011407,0,0.020389,0
T_0000011441,1,0.568299,1
T_0000011449,1,0.632749,1
T_0000011512,0,0.076657,0
T_0000011522,1,0.701030,1
T_0000011570,0,0.008483,0
T_0000011574,1,0.301819,1
T_0000011590,0,0.147014,0
T_0000011595,0,0.045127,0
T_0000011605,1,0.867839,1
T_0000011652,1,0.914794,1
T_0000011731,1,0.987760,1
T_0000011779,1,0.627153,1
T_0000011794,0,0.149148,0
T_0000011960,1,0.142880,0
T_0000011963,1,0.983598,1
T_0000011970,1,0.350024,1
T_0000011998,1,0.977261,1
T_0000011999,0,0.113770,0
T_0000012051,1,0.040334,0
T_0000012059,1,0.036657,0
T_0000012065,1,0.229757,1
T_0000012073,0,0.011924,0
T_0000012083,1,0.089543,0
T_0000012086,1,0.391153,1
T_0000012123,0,0.081310,0
T_0000012146,1,0.535338,1
T_0000012147,1,0.808058,1
T_0000012224,1,0.241539,1
T_0000012242,1,0.083989,0
T_0000012268,0,0.071050,0
T_0000012331,1,0.985510,1
T_0000012377,0,0.038494,0
T_0000012454,1,0.540146,1
T_0000012502,0,0.042843,0
T_0000012514,1,0.796320,1
T_0000012553,0,0.013917,0
T_0000012558,1,0.362165,1
T_0000012567,0,0.032664,0
T_0000012573,1,0.967484,1
T_0000012577,1,0.617706,1
T_0000012578,0,0.078791,0
T_0000012655,1,0.155376,0
T_0000012668,1,0.054780,0
T_0000012673,1,0.985113,1
T_0000012676,1,0.223568,1
T_0000012689,1,0.355709,1
T_0000012721,0,0.103938,0
T_0000012729,0,0.270732,1
T_0000012737,1,0.394121,1
T_0000012762,1,0.701131,1
T_0000012779,1,0.636990,1
T_0000012781,1,0.581613,1
T_0000012788,1,0.939887,1
T_0000012796,1,0.131804,0
T_0000012803,0,0.038218,0
T_0000012808,0,0.091094,0
T_0000012860,1,0.151668,0
T_0000012904,1,0.907892,1
T_0000012917,1,0.811504,1
T_0000012923,1,0.091386,0
T_0000012924,1,0.753414,1
T_0000012990,0,0.114826,0
T_0000013029,1,0.061950,0
T_0000013035,1,0.973575,1
T_0000013102,0,0.062895,0
T_0000013104,1,0.144288,0
T_0000013116,0,0.128036,0
T_0000013119,0,0.025480,0
T_0000013125,1,0.177529,0
T_0000013170,1,0.951752,1
T_0000013173,1,0.778032,1
T_0000013176,0,0.184501,0
T_0000013206,0,0.047315,0
T_0000013247,0,0.027807,0
T_0000013333,0,0.042087,0
T_0000013344,1,0.550971,1
T_0000013363,0,0.016368,0
T_0000013456,1,0.648576,1
T_0000013536,1,0.141985,0
T_0000013548,0,0.014741,0
T_0000013556,1,0.974858,1
T_0000013561,1,0.645092,1
T_0000013583,1,0.686400,1
T_0000013589,0,0.123151,0
T_0000013598,1,0.861636,1
T_0000013641,1,0.710537,1
T_0000013664,1,0.948187,1
T_0000013691,1,0.760432,1
T_0000013697,0,0.095002,0
T_0000013698,1,0.702699,1
T_0000013702,0,0.019872,0
T_0000013734,1,0.312736,1
T_0000013798,1,0.953358,1
T_0000013816,0,0.013784,0
T_0000013818,1,0.892287,1
T_0000013856,1,0.036591,0
T_0000013864,0,0.077379,0
T_0000013883,0,0.017400,0
T_0000013912,1,0.047373,0
T_0000013943,1,0.218444,1
T_0000013966,0,0.113714,0
T_0000013998,1,0.189324,1
T_0000014033,0,0.047908,0
T_0000014035,1,0.204903,1
T_0000014044,1,0.950159,1
T_0000014068,1,0.804486,1
T_0000014073,1,0.814228,1
T_0000014082,0,0.062130,0
T_0000014101,1,0.677507,1
T_0000014121,0,0.229330,1
T_0000014148,1,0.989470,1
T_0000014159,0,0.032685,0
T_0000014176,1,0.667949,1
T_0000014201,1,0.983923,1
T_0000014215,0,0.014134,0
T_0000014217,1,0.830197,1
T_0000014238,1,0.110881,0
T_0000014259,0,0.061348,0
T_0000014326,0,0.267864,1
T_0000014365,1,0.439550,1
T_0000014369,1,0.167744,0
T_0000014393,1,0.223885,1
T_0000014460,1,0.173781,0
T_0000014486,0,0.016666,0
T_0000014498,1,0.311245,1
T_0000014510,1,0.672885,1
T_0000014564,0,0.108229,0
T_0000014620,1,0.903026,1
T_0000014637,1,0.699219,1
T_0000014639,0,0.104240,0
T_0000014649,1,0.244523,1
T_0000014654,1,0.089768,0
T_0000014671,0,0.041392,0
T_0000014751,1,0.735175,1
T_0000014763,1,0.203049,1
T_0000014772,1,0.822586,1
T_0000014779,1,0.108263,0
T_0000014821,1,0.611679,1
T_0000014835,1,0.673398,1
T_0000014842,1,0.534886,1
T_0000014903,1,0.914570,1
T_0000014949,1,0.619491,1
T_0000014952,1,0.062547,0
T_0000014976,1,0.590663,1
T_0000015001,1,0.981160,1
T_0000015003,1,0.977629,1
T_0000015020,0,0.063931,0
T_0000015030,1,0.978117,1
T_0000015035,1,0.937748,1
T_0000015064,1,0.675953,1
T_0000015076,0,0.059172,0
T_0000015083,1,0.346551,1
T_0000015160,0,0.151461,0
T_0000015167,1,0.927851,1
T_0000015172,1,0.985676,1
T_0000015188,1,0.675072,1
T_0000015299,1,0.949944,1
T_0000015332,1,0.740585,1
T_0000015340,1,0.984462,1
T_0000015360,1,0.464038,1
T_0000015409,1,0.982368,1
T_0000015418,0,0.321411,1
T_0000015452,0,0.043449,0
T_0000015465,1,0.899386,1
T_0000015496,0,0.062174,0
T_0000015560,1,0.977486,1
T_0000015597,1,0.080272,0
T_0000015674,0,0.040245,0
T_0000015694,0,0.023947,0
T_0000015710,1,0.611088,1
T_0000015713,0,0.066218,0
T_0000015714,1,0.966460,1
T_0000015715,1,0.763644,1
T_0000015722,1,0.662743,1
T_0000015731,1,0.734742,1
T_0000015744,0,0.051869,0
T_0000015745,0,0.032378,0
T_0000015767,0,0.096651,0
T_0000015770,1,0.567850,1
T_0000015794,1,0.806367,1
T_0000015825,1,0.930674,1
T_0000015838,0,0.133157,0
T_0000015845,0,0.110299,0
T_0000015851,0,0.112962,0
T_0000015883,1,0.148421,0
T_0000015921,1,0.055935,0
T_0000015936,1,0.099456,0
T_0000015972,0,0.027159,0
T_0000015984,1,0.846248,1
T_0000015993,1,0.109605,0
T_0000015998,0,0.133328,0
T_0000016008,1,0.092006,0
T_0000016011,0,0.101457,0
T_0000016030,0,0.022615,0
T_0000016043,0,0.013940,0
T_0000016055,0,0.117413,0
T_0000016062,1,0.125083,0
T_0000016080,0,0.041808,0
T_0000016082,0,0.047243,0
T_0000016163,1,0.047471,0
T_0000016197,1,0.073390,0
T_0000016242,0,0.053512,0
T_0000016251,1,0.189518,1
T_0000016275,1,0.766127,1
T_0000016280,1,0.884757,1
T_0000016283,0,0.036923,0
T_0000016312,1,0.818507,1
T_0000016317,1,0.638071,1
T_0000016355,1,0.156668,0
T_0000016375,0,0.022741,0
T_0000016401,0,0.032514,0
T_0000016405,1,0.072136,0
T_0000016409,1,0.783312,1
T_0000016426,0,0.031817,0
T_0000016568,1,0.086727,0
T_0000016611,0,0.122513,0
T_0000016626,0,0.012040,0
T_0000016634,1,0.352842,1
T_0000016679,0,0.057010,0
T_0000016693,1,0.405863,1
T_0000016710,1,0.964707,1
T_0000016740,0,0.065031,0
T_0000016751,1,0.266308,1
T_0000016807,1,0.075965,0
T_0000016830,1,0.285058,1
T_0000016843,1,0.076489,0
T_0000016870,1,0.358444,1
T_0000016887,0,0.303621,1
T_0000016909,0,0.064240,0
T_0000016912,1,0.482572,1
T_0000016916,1,0.176558,0
T_0000016969,1,0.655130,1
T_0000016989,1,0.723371,1
T_0000017000,1,0.735161,1
T_0000017059,1,0.205530,1
T_0000017065,1,0.108218,0
T_0000017082,0,0.009999,0
T_0000017090,1,0.495379,1
T_0000017091,1,0.129115,0
T_0000017137,1,0.553151,1
T_0000017201,1,0.988061,1
T_0000017219,1,0.055266,0
T_0000017258,1,0.710055,1
T_0000017259,0,0.104340,0
T_0000017272,1,0.639271,1
T_0000017297,0,0.029154,0
T_0000017324,1,0.790249,1
T_0000017326,0,0.091505,0
T_0000017336,1,0.348510,1
T_0000017337,1,0.966932,1
T_0000017343,1,0.240808,1
T_0000017347,1,0.166635,0
T_0000017349,1,0.979528,1
T_0000017366,1,0.363813,1
T_0000017380,1,0.106419,0
T_0000017422,0,0.051790,0
T_0000017442,1,0.864825,1
T_0000017463,0,0.048036,0
T_0000017491,1,0.500228,1
T_0000017535,0,0.254537,1
T_0000017555,1,0.340095,1
T_0000017577,1,0.118730,0
T_0000017636,1,0.925674,1
T_0000017643,0,0.061696,0
T_0000017648,0,0.078733,0
T_0000017649,1,0.109039,0
T_0000017680,0,0.103460,0
T_0000017691,0,0.027946,0
T_0000017707,1,0.991934,1
T_0000017715,0,0.021568,0
T_0000017742,1,0.941503,1
T_0000017753,0,0.056510,0
T_0000017760,1,0.112940,0
T_0000017781,1,0.054363,0
T_0000017790,1,0.989779,1
T_0000017821,1,0.772515,1
T_0000017856,0,0.009473,0
T_0000017871,0,0.031759,0
T_0000017906,1,0.093098,0
T_0000017963,1,0.214200,1
T_0000017979,1,0.209226,1
T_0000018061,0,0.012603,0
T_0000018103,1,0.836549,1
T_0000018125,1,0.121815,0
T_0000018173,1,0.556804,1
T_0000018177,1,0.747695,1
T_0000018228,1,0.484246,1
T_0000018242,1,0.320699,1
T_0000018249,0,0.065800,0
T_0000018276,1,0.977521,1
T_0000018285,0,0.028601,0
T_0000018294,0,0.024684,0
T_0000018296,1,0.225314,1
T_0000018315,1,0.786098,1
T_0000018344,0,0.165572,0
T_0000018396,1,0.441061,1
T_0000018412,1,0.597311,1
T_0000018448,1,0.094518,0
T_0000018454,0,0.044060,0
T_0000018465,1,0.559102,1
T_0000018483,1,0.598872,1
T_0000018489,1,0.313486,1
T_0000018566,1,0.777991,1
T_0000018568,0,0.103009,0
T_0000018580,1,0.121187,0
T_0000018591,0,0.025462,0
T_0000018613,0,0.049269,0
T_0000018624,1,0.135172,0
T_0000018645,1,0.202936,1
T_0000018696,1,0.318411,1
T_0000018703,0,0.081643,0
T_0000018715,1,0.448132,1
T_0000018733,1,0.928169,1
T_0000018767,1,0.287777,1
T_0000018779,1,0.397429,1
T_0000018790,0,0.056324,0
T_0000018803,1,0.087875,0
T_0000018811,0,0.108583,0
T_0000018822,0,0.012911,0
T_0000018839,1,0.160869,0
T_0000018854,1,0.255754,1
T_0000018931,1,0.107902,0
T_0000018956,1,0.697046,1
T_0000019100,1,0.563402,1
T_0000019101,1,0.048151,0
T_0000019110,0,0.041615,0
T_0000019127,0,0.131549,0
T_0000019130,1,0.524762,1
T_0000019131,1,0.850071,1
T_0000019170,1,0.972953,1
T_0000019191,1,0.093283,0
T_0000019194,1,0.466824,1
T_0000019203,0,0.116931,0
T_0000019227,0,0.137623,0
T_0000019232,1,0.617359,1
T_0000019248,1,0.645571,1
T_0000019249,1,0.454130,1
T_0000019297,1,0.873700,1
T_0000019308,0,0.060220,0
T_0000019312,0,0.027590,0
T_0000019321,1,0.602137,1
T_0000019327,1,0.127946,0
T_0000019404,1,0.744363,1
T_0000019465,1,0.608051,1
T_0000019508,0,0.059106,0
T_0000019545,1,0.774032,1
T_0000019568,0,0.078916,0
T_0000019630,0,0.047061,0
T_0000019656,1,0.232142,1
T_0000019680,0,0.205671,1
T_0000019702,0,0.069100,0
T_0000019712,1,0.213063,1
T_0000019763,1,0.626672,1
T_0000019782,1,0.467803,1
T_0000019817,1,0.773509,1
T_0000019823,1,0.250963,1
T_0000019843,1,0.398384,1
T_0000019850,1,0.194890,1
T_0000019856,1,0.620709,1
T_0000019861,1,0.056787,0
T_0000019867,1,0.325305,1
T_0000019909,1,0.607966,1
T_0000019939,1,0.716593,1
T_0000019944,0,0.021502,0
T_0000019947,1,0.140098,0
T_0000019967,0,0.055987,0
T_0000019972,0,0.063651,0
T_0000020006,1,0.309890,1
T_0000020041,0,0.247933,1
T_0000020050,1,0.952608,1
T_0000020110,1,0.925957,1
T_0000020157,1,0.559407,1
T_0000020198,1,0.709745,1
T_0000020237,0,0.166248,0
T_0000020362,0,0.079067,0
T_0000020367,1,0.929351,1
T_0000020379,1,0.237274,1
T_0000020388,1,0.093029,0
T_0000020473,1,0.228581,1
T_0000020508,0,0.071104,0
T_0000020522,1,0.296642,1
T_0000020523,1,0.065423,0
T_0000020559,1,0.616692,1
T_0000020575,1,0.092252,0
T_0000020577,1,0.693936,1
T_0000020587,1,0.665307,1
T_0000020621,0,0.047450,0
T_0000020657,1,0.170963,0
T_0000020663,0,0.395134,1
T_0000020719,1,0.765451,1
T_0000020729,0,0.039446,0
T_0000020738,1,0.413603,1
T_0000020804,1,0.677349,1
T_0000020805,0,0.020892,0
T_0000020817,1,0.171245,0
T_0000020835,1,0.068073,0
T_0000020858,1,0.241697,1
T_0000020860,0,0.013225,0
T_0000020861,0,0.058776,0
T_0000020875,1,0.852746,1
T_0000020941,1,0.456818,1
T_0000020944,0,0.125462,0
T_0000020951,0,0.101420,0
T_0000020954,0,0.014550,0
T_0000021057,0,0.090920,0
T_0000021059,0,0.026056,0
T_0000021086,0,0.133091,0
T_0000021089,0,0.067334,0
T_0000021099,1,0.393602,1
T_0000021102,1,0.809466,1
T_0000021106,0,0.050366,0
T_0000021120,0,0.051986,0
T_0000021124,0,0.028846,0
T_0000021167,1,0.952912,1
T_0000021168,0,0.007717,0
T_0000021173,1,0.788223,1
T_0000021188,1,0.977423,1
T_0000021199,0,0.052909,0
T_0000021245,1,0.313481,1
T_0000021254,0,0.036644,0
T_0000021258,1,0.917350,1
T_0000021276,1,0.568794,1
T_0000021293,0,0.046580,0
T_0000021309,1,0.886391,1
T_0000021337,0,0.014914,0
T_0000021342,1,0.363721,1
T_0000021351,1,0.828007,1
T_0000021371,1,0.524882,1
T_0000021413,1,0.031813,0
T_0000021462,1,0.654055,1
T_0000021478,1,0.993474,1
T_0000021509,0,0.065188,0
T_0000021605,1,0.985994,1
T_0000021637,1,0.890850,1
T_0000021638,1,0.981918,1
T_0000021669,1,0.975614,1
T_0000021694,1,0.811422,1
T_0000021753,1,0.933794,1
T_0000021759,1,0.698258,1
T_0000021777,1,0.939255,1
T_0000021779,1,0.985528,1
T_0000021792,0,0.806435,1
T_0000021823,1,0.981858,1
T_0000021826,0,0.047587,0
T_0000021833,1,0.966499,1
T_0000021839,1,0.988875,1
T_0000021844,1,0.991821,1
T_0000021882,1,0.164049,0
T_0000021899,1,0.989343,1
T_0000021977,1,0.914372,1
T_0000021996,1,0.943049,1
T_0000022082,1,0.970556,1
T_0000022090,0,0.022149,0
T_0000022102,1,0.695407,1
T_0000022118,1,0.980186,1
T_0000022136,0,0.181994,0
T_0000022156,1,0.979682,1
T_0000022171,0,0.812153,1
T_0000022212,1,0.993836,1
T_0000022221,0,0.043224,0
T_0000022258,1,0.993765,1
T_0000022293,1,0.960877,1
T_0000022319,0,0.085582,0
T_0000022323,0,0.005882,0
T_0000022393,0,0.034883,0
T_0000022403,1,0.236914,1
T_0000022418,0,0.051089,0
T_0000022428,1,0.075276,0
T_0000022440,0,0.069108,0
T_0000022444,0,0.072802,0
T_0000022470,1,0.526742,1
T_0000022510,0,0.029837,0
T_0000022525,0,0.060762,0
T_0000022556,1,0.854564,1
T_0000022558,0,0.027289,0
T_0000022562,0,0.088441,0
T_0000022567,1,0.872642,1
T_0000022589,1,0.052272,0
T_0000022600,1,0.897891,1
T_0000022613,1,0.157666,0
T_0000022614,0,0.100595,0
T_0000022650,1,0.086830,0
T_0000022690,0,0.058862,0
T_0000022748,1,0.927964,1
T_0000022753,1,0.738235,1
T_0000022781,0,0.015802,0
T_0000022799,0,0.031595,0
T_0000022804,0,0.054819,0
T_0000022814,1,0.804016,1
T_0000022817,1,0.455330,1
T_0000022870,0,0.120559,0
T_0000022878,0,0.098171,0
T_0000022896,1,0.192003,1
T_0000022908,1,0.391908,1
T_0000022937,1,0.412578,1
T_0000022951,0,0.058033,0
T_0000022952,1,0.720958,1
T_0000023035,1,0.840809,1
T_0000023088,1,0.058977,0
T_0000023130,1,0.947450,1
T_0000023148,0,0.015582,0
T_0000023173,0,0.073429,0
T_0000023180,0,0.041704,0
T_0000023241,0,0.118048,0
T_0000023253,1,0.976697,1
T_0000023260,0,0.011213,0
T_0000023261,1,0.689204,1
T_0000023274,1,0.663716,1
T_0000023291,1,0.805918,1
T_0000023336,1,0.763324,1
T_0000023354,0,0.057883,0
T_0000023360,0,0.097397,0
T_0000023392,1,0.953406,1
T_0000023401,0,0.057033,0
T_0000023447,0,0.074816,0
T_0000023474,1,0.985115,1
T_0000023482,1,0.957681,1
T_0000023492,0,0.043259,0
T_0000023512,1,0.779805,1
T_0000023517,0,0.022365,0
T_0000023524,1,0.667855,1
T_0000023526,1,0.066773,0
T_0000023531,1,0.803668,1
T_0000023546,1,0.953163,1
T_0000023552,1,0.203132,1
T_0000023570,1,0.554730,1
T_0000023582,1,0.844602,1
T_0000023643,1,0.974016,1
T_0000023646,1,0.914055,1
T_0000023652,1,0.857699,1
T_0000023695,0,0.106327,0
T_0000023738,1,0.407782,1
T_0000023780,1,0.949922,1
T_0000023815,1,0.103195,0
T_0000023858,1,0.860059,1
T_0000023883,0,0.049391,0
T_0000023905,1,0.259823,1
T_0000023952,1,0.985988,1
T_0000023967,1,0.523749,1
T_0000023975,0,0.018886,0
T_0000023977,1,0.845480,1
T_0000024000,1,0.316968,1
T_0000024052,0,0.015764,0
T_0000024054,1,0.117990,0
T_0000024074,1,0.951417,1
T_0000024084,0,0.026409,0
T_0000024085,1,0.950388,1
T_0000024092,0,0.047717,0
T_0000024125,0,0.070817,0
T_0000024142,1,0.190938,1
T_0000024144,1,0.878319,1
T_0000024160,1,0.582970,1
T_0000024181,0,0.040940,0
T_0000024209,1,0.405925,1
T_0000024245,1,0.818717,1
T_0000024272,1,0.964370,1
T_0000024290,0,0.169839,0
T_0000024294,1,0.125544,0
T_0000024379,0,0.032283,0
T_0000024390,0,0.088330,0
T_0000024430,1,0.181852,0
T_0000024441,1,0.421328,1
T_0000024461,1,0.748862,1
T_0000024508,0,0.062370,0
T_0000024509,1,0.858993,1
T_0000024513,1,0.090364,0
T_0000024515,1,0.469375,1
T_0000024527,1,0.904110,1
T_0000024550,1,0.896994,1
T_0000024564,0,0.124555,0
T_0000024567,1,0.444148,1
T_0000024610,1,0.992091,1
T_0000024655,1,0.282535,1
T_0000024663,1,0.154070,0
T_0000024709,1,0.051271,0
T_0000024718,0,0.162184,0
T_0000024720,0,0.075500,0
T_0000024727,0,0.062414,0
T_0000024743,0,0.034227,0
T_0000024744,1,0.175765,0
T_0000024776,1,0.841507,1
T_0000024795,0,0.013446,0
T_0000024820,1,0.114479,0
T_0000024859,1,0.291185,1
T_0000024869,1,0.604550,1
T_0000024903,1,0.808816,1
T_0000024906,1,0.665800,1
T_0000024951,1,0.092032,0
T_0000024952,1,0.589977,1
T_0000024955,1,0.086579,0
T_0000024963,0,0.091912,0
T_0000024980,1,0.427267,1
T_0000024997,1,0.205977,1
T_0000025027,0,0.017914,0
T_0000025105,1,0.812451,1
T_0000025106,0,0.035090,0
T_0000025127,1,0.601529,1
T_0000025175,1,0.047579,0
T_0000025226,1,0.267993,1
T_0000025227,1,0.092145,0
T_0000025246,0,0.032671,0
T_0000025254,0,0.148330,0
T_0000025261,0,0.069042,0
T_0000025265,0,0.259616,1
T_0000025281,1,0.367436,1
T_0000025292,1,0.583160,1
T_0000025323,1,0.161126,0
T_0000025363,1,0.528671,1
T_0000025372,1,0.311548,1
T_0000025384,1,0.148862,0
T_0000025401,1,0.887754,1
T_0000025419,1,0.468781,1
T_0000025459,1,0.210785,1
T_0000025467,1,0.900946,1
T_0000025484,1,0.504364,1
T_0000025525,1,0.608283,1
T_0000025540,0,0.081904,0
T_0000025567,1,0.178192,0
T_0000025569,1,0.698264,1
T_0000025601,0,0.041317,0
T_0000025642,0,0.065786,0
T_0000025644,0,0.104139,0
T_0000025658,1,0.807145,1
T_0000025661,1,0.074462,0
T_0000025677,1,0.958871,1
T_0000025683,0,0.031796,0
T_0000025717,1,0.542347,1
T_0000025723,1,0.630947,1
T_0000025728,0,0.152597,0
T_0000025801,0,0.054392,0
T_0000025811,1,0.232262,1
T_0000025875,0,0.047220,0
T_0000025876,0,0.065669,0
T_0000025919,1,0.541388,1
T_0000025942,0,0.080567,0
T_0000025945,1,0.701141,1
T_0000025973,1,0.057516,0
T_0000025990,0,0.050523,0
T_0000025993,1,0.522145,1
T_0000025998,0,0.082884,0
T_0000026004,1,0.969616,1
T_0000026013,0,0.090987,0
T_0000026037,1,0.317663,1
T_0000026042,1,0.205189,1
T_0000026044,0,0.269644,1
T_0000026055,0,0.022965,0
T_0000026065,1,0.053943,0
T_0000026070,1,0.937992,1
T_0000026074,1,0.826303,1
T_0000026081,0,0.134665,0
T_0000026164,0,0.021578,0
T_0000026213,1,0.561396,1
T_0000026267,0,0.083855,0
T_0000026274,1,0.980129,1
T_0000026286,1,0.159350,0
T_0000026336,0,0.099646,0
T_0000026360,1,0.208880,1
T_0000026379,1,0.842523,1
T_0000026414,1,0.660094,1
T_0000026416,1,0.094770,0
T_0000026422,1,0.946427,1
T_0000026432,0,0.049743,0
T_0000026436,1,0.816537,1
T_0000026483,1,0.902700,1
T_0000026530,1,0.412913,1
T_0000026532,1,0.172861,0
T_0000026533,1,0.313728,1
T_0000026564,1,0.156876,0
T_0000026568,0,0.115337,0
T_0000026577,1,0.899315,1
T_0000026624,1,0.068353,0
T_0000026650,0,0.036191,0
T_0000026679,0,0.123288,0
T_0000026690,1,0.106115,0
T_0000026703,1,0.301515,1
T_0000026707,1,0.420188,1
T_0000026720,0,0.099777,0
T_0000026729,1,0.219335,1
T_0000026757,0,0.171049,0
T_0000026759,1,0.373629,1
T_0000026807,1,0.055491,0
T_0000026815,1,0.956567,1
T_0000026830,0,0.073144,0
T_0000026904,1,0.790169,1
T_0000026976,1,0.489950,1
T_0000027032,0,0.037838,0
T_0000027037,0,0.085951,0
T_0000027042,0,0.125960,0
T_0000027047,1,0.146838,0
T_0000027051,1,0.051716,0
T_0000027199,1,0.286394,1
T_0000027256,1,0.055384,0
T_0000027286,0,0.075995,0
T_0000027294,1,0.436997,1
T_0000027308,0,0.139832,0
T_0000027319,1,0.981921,1
T_0000027327,1,0.463248,1
T_0000027380,1,0.093278,0
T_0000027384,1,0.781843,1
T_0000027406,0,0.050758,0
T_0000027408,1,0.054526,0
T_0000027417,0,0.019115,0
T_0000027432,0,0.014129,0
T_0000027447,0,0.027350,0
T_0000027453,1,0.416615,1
T_0000027484,1,0.056812,0
T_0000027514,1,0.093637,0
T_0000027561,1,0.264780,1
T_0000027580,1,0.370180,1
T_0000027584,1,0.803389,1
T_0000027588,0,0.047773,0
T_0000027635,0,0.140490,0
T_0000027643,1,0.659955,1
T_0000027687,1,0.652582,1
T_0000027728,1,0.914445,1
T_0000027747,1,0.069199,0
T_0000027808,1,0.095921,0
T_0000027817,0,0.100228,0
T_0000027818,1,0.155896,0
T_0000027822,1,0.945188,1
T_0000027837,1,0.179122,0
T_0000027859,1,0.143634,0
T_0000027860,1,0.204441,1
T_0000027895,1,0.313612,1
T_0000027982,1,0.069861,0
T_0000027984,0,0.048815,0
T_0000028000,0,0.077687,0
T_0000028009,1,0.729186,1
T_0000028039,1,0.206907,1
T_0000028040,1,0.049511,0
T_0000028092,1,0.314664,1
T_0000028174,0,0.008926,0
T_0000028215,1,0.666724,1
T_0000028250,1,0.244336,1
T_0000028303,1,0.897493,1
T_0000028334,0,0.038075,0
T_0000028364,1,0.955746,1
T_0000028396,1,0.124780,0
T_0000028398,1,0.481215,1
T_0000028458,1,0.254277,1
T_0000028476,1,0.931729,1
T_0000028479,1,0.948496,1
T_0000028518,1,0.771321,1
T_0000028560,1,0.835741,1
T_0000028570,0,0.034034,0
T_0000028578,1,0.860969,1
T_0000028583,1,0.546180,1
T_0000028584,1,0.728719,1
T_0000028585,1,0.987782,1
T_0000028586,1,0.657469,1
T_0000028596,0,0.034895,0
T_0000028613,0,0.016205,0
T_0000028681,0,0.051564,0
T_0000028682,1,0.085448,0
T_0000028691,0,0.017013,0
T_0000028693,0,0.054100,0
T_0000028698,0,0.034389,0
T_0000028801,0,0.026854,0
T_0000028802,1,0.415334,1
T_0000028861,0,0.193685,1
T_0000028883,1,0.968871,1
T_0000028925,1,0.832111,1
T_0000028934,0,0.031023,0
T_0000028957,0,0.055998,0
T_0000028966,1,0.732856,1
T_0000028986,1,0.124797,0
T_0000029012,0,0.177059,0
T_0000029048,1,0.140174,0
T_0000029079,1,0.571099,1
T_0000029083,1,0.947421,1
T_0000029089,1,0.501744,1
T_0000029095,1,0.751119,1
T_0000029128,1,0.522964,1
T_0000029175,1,0.088032,0
T_0000029198,1,0.904802,1
T_0000029207,1,0.771357,1
T_0000029221,0,0.063767,0
T_0000029263,0,0.173715,0
T_0000029276,1,0.354312,1
T_0000029282,1,0.947114,1
T_0000029297,0,0.477449,1
T_0000029342,1,0.160799,0
T_0000029363,1,0.683543,1
T_0000029377,1,0.173685,0
T_0000029441,0,0.073697,0
T_0000029447,0,0.035671,0
T_0000029454,1,0.868940,1
T_0000029459,0,0.027015,0
T_0000029465,1,0.120065,0
T_0000029478,1,0.649866,1
T_0000029501,0,0.056727,0
T_0000029596,1,0.901265,1
T_0000029628,1,0.262562,1
T_0000029648,1,0.051980,0
T_0000029664,1,0.149220,0
T_0000029692,1,0.083281,0
T_0000029698,1,0.403181,1
T_0000029714,1,0.045323,0
T_0000029722,1,0.820242,1
T_0000029727,1,0.913640,1
T_0000029735,1,0.229566,1
T_0000029774,1,0.858313,1
T_0000029791,1,0.913892,1
T_0000029801,0,0.084566,0
T_0000029816,0,0.073823,0
T_0000029830,0,0.035332,0
T_0000029835,0,0.031685,0
T_0000029842,0,0.008481,0
T_0000029851,0,0.125400,0
T_0000029898,1,0.397871,1
T_0000029911,0,0.017186,0
T_0000029974,1,0.247142,1
T_0000029997,1,0.197939,1
T_0000030029,0,0.022389,0
T_0000030054,1,0.040160,0
T_0000030078,1,0.039886,0
T_0000030100,0,0.030143,0
T_0000030103,1,0.901182,1
T_0000030108,1,0.156250,0
T_0000030153,1,0.284344,1
T_0000030171,1,0.125393,0
T_0000030180,1,0.640851,1
T_0000030186,0,0.091124,0
T_0000030189,1,0.106956,0
T_0000030191,0,0.026697,0
T_0000030197,1,0.218853,1
T_0000030198,0,0.041062,0
T_0000030214,1,0.556566,1
T_0000030246,0,0.061796,0
T_0000030297,1,0.422204,1
T_0000030302,1,0.088138,0
T_0000030329,1,0.156159,0
T_0000030379,0,0.038794,0
T_0000030395,1,0.108410,0
T_0000030398,1,0.722897,1
T_0000030408,0,0.268626,1
T_0000030409,1,0.258908,1
T_0000030420,0,0.002030,0
T_0000030425,0,0.118385,0
T_0000030457,1,0.694446,1
T_0000030469,1,0.119046,0
T_0000030470,0,0.034614,0
T_0000030489,0,0.069546,0
T_0000030496,1,0.935657,1
T_0000030501,0,0.207890,1
T_0000030523,1,0.884285,1
T_0000030530,1,0.520495,1
T_0000030572,0,0.029153,0
T_0000030583,1,0.193125,1
T_0000030606,0,0.241634,1
T_0000030637,1,0.936106,1
T_0000030664,1,0.239643,1
T_0000030674,1,0.273013,1
T_0000030676,1,0.758480,1
T_0000030713,1,0.071100,0
T_0000030741,1,0.076984,0
T_0000030795,0,0.024277,0
T_0000030861,0,0.066514,0
T_0000030877,1,0.173172,0
T_0000030895,1,0.162012,0
T_0000030965,1,0.120052,0
T_0000030969,1,0.132019,0
T_0000031002,0,0.085588,0
T_0000031040,1,0.845882,1
T_0000031069,0,0.026459,0
T_0000031088,0,0.069722,0
T_0000031089,1,0.596482,1
T_0000031105,1,0.923535,1
T_0000031120,0,0.062999,0
T_0000031123,0,0.034830,0
T_0000031127,1,0.476716,1
T_0000031138,0,0.103796,0
T_0000031141,1,0.054035,0
T_0000031168,1,0.621090,1
T_0000031172,0,0.057826,0
T_0000031176,1,0.172574,0
T_0000031182,0,0.024592,0
T_0000031200,0,0.071350,0
T_0000031225,0,0.125166,0
T_0000031251,1,0.108264,0
T_0000031254,1,0.968840,1
T_0000031261,0,0.051600,0
T_0000031290,1,0.404418,1
T_0000031294,1,0.167233,0
T_0000031302,0,0.054196,0
T_0000031320,1,0.687397,1
T_0000031323,1,0.308566,1
T_0000031343,0,0.038622,0
T_0000031350,1,0.196944,1
T_0000031354,1,0.654980,1
T_0000031355,1,0.158821,0
T_0000031357,1,0.687589,1
T_0000031389,0,0.028852,0
T_0000031402,0,0.028380,0
T_0000031409,0,0.067101,0
T_0000031424,0,0.047378,0
T_0000031472,1,0.339533,1
T_0000031502,1,0.227983,1
T_0000031503,0,0.015941,0
T_0000031512,1,0.057324,0
T_0000031514,1,0.343886,1
T_0000031599,1,0.035621,0
T_0000031600,1,0.855646,1
T_0000031610,0,0.043065,0
T_0000031619,1,0.075608,0
T_0000031638,1,0.832897,1
T_0000031640,0,0.049493,0
T_0000031668,0,0.046588,0
T_0000031672,1,0.095371,0
T_0000031673,1,0.730631,1
T_0000031678,0,0.053879,0
T_0000031684,0,0.053052,0
T_0000031789,1,0.139152,0
T_0000031854,0,0.033436,0
T_0000031899,0,0.058360,0
T_0000031924,1,0.229846,1
T_0000031932,1,0.107712,0
T_0000031947,1,0.507443,1
T_0000031951,1,0.866807,1
T_0000031968,1,0.096639,0
T_0000031979,0,0.008577,0
T_0000031999,0,0.245905,1
T_0000032018,1,0.834514,1
T_0000032032,0,0.068105,0
T_0000032048,1,0.126576,0
T_0000032071,0,0.044678,0
T_0000032120,1,0.550121,1
T_0000032132,0,0.029531,0
T_0000032156,0,0.047657,0
T_0000032171,1,0.199984,1
T_0000032199,1,0.034665,0
T_0000032222,1,0.387595,1
T_0000032225,1,0.053831,0
T_0000032243,1,0.906235,1
T_0000032293,1,0.450447,1
T_0000032305,1,0.961181,1
T_0000032306,1,0.101375,0
T_0000032307,1,0.201812,1
T_0000032321,1,0.448101,1
T_0000032382,0,0.103091,0
T_0000032417,1,0.688074,1
T_0000032439,1,0.237289,1
T_0000032501,1,0.691131,1
T_0000032520,1,0.109931,0
T_0000032557,1,0.981838,1
T_0000032571,1,0.092200,0
T_0000032579,1,0.981638,1
T_0000032594,1,0.200116,1
T_0000032601,0,0.062346,0
T_0000032625,1,0.455228,1
T_0000032630,0,0.255602,1
T_0000032648,0,0.054055,0
T_0000032654,0,0.108981,0
T_0000032672,0,0.089944,0
T_0000032675,1,0.970313,1
T_0000032681,1,0.141408,0
T_0000032683,1,0.850841,1
T_0000032705,1,0.930083,1
T_0000032738,1,0.835886,1
T_0000032741,1,0.318776,1
T_0000032825,0,0.037403,0
T_0000032836,1,0.928211,1
T_0000032841,1,0.443247,1
T_0000032868,1,0.190697,1
T_0000032910,1,0.558848,1
T_0000032920,0,0.162725,0
T_0000032921,1,0.234142,1
T_0000032982,1,0.505839,1
T_0000032992,1,0.690952,1
T_0000032999,0,0.022465,0
T_0000033002,1,0.092621,0
T_0000033007,0,0.075516,0
T_0000033163,0,0.047668,0
T_0000033172,1,0.053030,0
T_0000033175,0,0.029058,0
T_0000033188,0,0.088820,0
T_0000033237,1,0.961510,1
T_0000033273,1,0.667738,1
T_0000033301,0,0.058657,0
T_0000033303,0,0.056179,0
T_0000033309,0,0.060996,0
T_0000033321,0,0.062426,0
T_0000033334,0,0.041410,0
T_0000033343,1,0.933954,1
T_0000033344,1,0.122719,0
T_0000033357,0,0.010854,0
T_0000033373,1,0.143686,0
T_0000033433,1,0.051630,0
T_0000033459,1,0.281444,1
T_0000033460,0,0.092707,0
T_0000033469,0,0.079122,0
T_0000033508,0,0.040609,0
T_0000033525,1,0.120136,0
T_0000033536,0,0.035810,0
T_0000033549,1,0.413296,1
T_0000033557,0,0.087715,0
T_0000033607,1,0.602232,1
T_0000033641,1,0.025376,0
T_0000033663,1,0.113814,0
T_0000033668,1,0.475880,1
T_0000033676,1,0.083203,0
T_0000033708,0,0.161027,0
T_0000033719,1,0.784146,1
T_0000033731,1,0.205823,1
T_0000033734,1,0.147209,0
T_0000033736,1,0.661871,1
T_0000033751,1,0.105692,0
T_0000033756,1,0.888257,1
T_0000033782,0,0.052799,0
T_0000033826,0,0.194130,1
T_0000033874,1,0.268187,1
T_0000033894,0,0.035228,0
T_0000033948,1,0.101820,0
T_0000033956,1,0.850288,1
T_0000033959,1,0.120733,0
T_0000033960,1,0.159140,0
T_0000033971,1,0.095776,0
T_0000033976,0,0.070942,0
T_0000033995,0,0.092748,0
T_0000034007,0,0.202791,1
T_0000034061,1,0.406416,1
T_0000034062,1,0.102773,0
T_0000034078,1,0.339201,1
T_0000034094,1,0.205882,1
T_0000034097,1,0.938366,1
T_0000034107,1,0.336006,1
T_0000034135,1,0.383750,1
T_0000034138,0,0.060505,0
T_0000034155,1,0.719120,1
T_0000034177,0,0.016293,0
T_0000034179,0,0.011183,0
T_0000034197,1,0.852572,1
T_0000034214,1,0.255859,1
T_0000034276,1,0.050080,0
T_0000034311,0,0.072995,0
T_0000034403,1,0.271840,1
T_0000034427,1,0.153603,0
T_0000034437,0,0.064987,0
T_0000034438,0,0.040940,0
T_0000034477,0,0.101539,0
T_0000034483,1,0.362083,1
T_0000034486,1,0.540578,1
T_0000034511,1,0.972813,1
T_0000034538,1,0.994306,1
T_0000034576,0,0.029764,0
T_0000034579,1,0.574832,1
T_0000034583,1,0.237909,1
T_0000034586,1,0.028807,0
T_0000034605,1,0.047059,0
T_0000034658,1,0.270597,1
T_0000034668,0,0.038091,0
T_0000034680,0,0.097342,0
T_0000034709,1,0.991120,1
T_0000034716,0,0.088352,0
T_0000034744,0,0.067384,0
T_0000034766,1,0.717228,1
T_0000034783,1,0.058067,0
T_0000034814,1,0.272248,1
T_0000034825,1,0.713991,1
T_0000034828,0,0.093537,0
T_0000034838,1,0.073277,0
T_0000034849,0,0.041822,0
T_0000034883,1,0.698824,1
T_0000034916,1,0.186621,1
T_0000034961,1,0.940062,1
T_0000034966,1,0.957922,1
T_0000034985,1,0.240549,1
T_0000035030,0,0.010944,0
T_0000035112,1,0.111749,0
T_0000035128,0,0.329321,1
T_0000035138,1,0.191059,1
T_0000035170,1,0.832652,1
T_0000035189,1,0.255364,1
T_0000035196,0,0.012959,0
T_0000035213,0,0.078440,0
T_0000035215,1,0.898630,1
T_0000035276,0,0.022787,0
T_0000035288,1,0.117548,0
T_0000035289,1,0.069408,0
T_0000035310,1,0.095793,0
T_0000035338,1,0.086079,0
T_0000035378,0,0.148436,0
T_0000035382,1,0.795996,1
T_0000035411,0,0.117542,0
T_0000035419,1,0.086127,0
T_0000035420,0,0.062144,0
T_0000035469,1,0.092870,0
T_0000035470,0,0.013223,0
T_0000035486,0,0.034890,0
T_0000035505,1,0.360471,1
T_0000035575,1,0.441130,1
T_0000035602,0,0.056318,0
T_0000035604,0,0.126711,0
T_0000035621,0,0.034134,0
T_0000035626,0,0.031003,0
T_0000035643,1,0.990537,1
T_0000035676,0,0.138367,0
T_0000035686,0,0.047308,0
T_0000035735,1,0.571385,1
T_0000035736,0,0.030287,0
T_0000035757,1,0.086477,0
T_0000035760,1,0.569226,1
T_0000035778,0,0.059332,0
T_0000035779,1,0.094222,0
T_0000035789,0,0.172818,0
T_0000035803,1,0.969111,1
T_0000035820,0,0.026096,0
T_0000035876,1,0.343514,1
T_0000035877,0,0.023074,0
T_0000035881,0,0.069990,0
T_0000035924,0,0.456215,1
T_0000035929,1,0.065271,0
T_0000035960,1,0.055513,0
T_0000035988,1,0.208104,1
T_0000036000,1,0.400580,1
T_0000036011,1,0.858741,1
T_0000036028,0,0.063408,0
T_0000036042,0,0.026746,0
T_0000036085,1,0.078353,0
T_0000036125,1,0.055231,0
T_0000036131,0,0.153507,0
T_0000036150,1,0.279824,1
T_0000036188,1,0.692007,1
T_0000036253,1,0.961286,1
T_0000036274,1,0.092470,0
T_0000036287,1,0.968484,1
T_0000036288,1,0.249562,1
T_0000036298,0,0.064391,0
T_0000036336,1,0.648381,1
T_0000036346,0,0.072793,0
T_0000036365,1,0.828171,1
T_0000036389,1,0.600842,1
T_0000036435,1,0.115321,0
T_0000036446,1,0.668435,1
T_0000036473,1,0.955218,1
T_0000036481,1,0.612981,1
T_0000036509,0,0.117271,0
T_0000036511,1,0.947862,1
T_0000036520,1,0.822645,1
T_0000036547,1,0.073853,0
T_0000036558,1,0.489669,1
T_0000036563,1,0.175621,0
T_0000036565,0,0.026698,0
T_0000036566,0,0.064205,0
T_0000036573,1,0.391826,1
T_0000036609,1,0.050572,0
T_0000036652,1,0.531609,1
T_0000036671,0,0.037701,0
T_0000036673,1,0.315815,1
T_0000036676,1,0.387722,1
T_0000036690,1,0.124176,0
T_0000036730,1,0.964237,1
T_0000036734,1,0.696426,1
T_0000036735,1,0.964957,1
T_0000036818,1,0.690908,1
T_0000036819,1,0.578321,1
T_0000036840,0,0.047622,0
T_0000036860,1,0.072432,0
T_0000036861,1,0.932214,1
T_0000036892,1,0.350754,1
T_0000036921,1,0.348217,1
T_0000036923,1,0.315674,1
T_0000036945,1,0.425712,1
T_0000036986,0,0.146505,0
T_0000036990,1,0.298055,1
T_0000036993,1,0.277522,1
T_0000036998,1,0.283626,1
T_0000037038,0,0.069485,0
T_0000037042,1,0.883506,1
T_0000037070,1,0.970654,1
T_0000037102,1,0.564146,1
T_0000037108,1,0.055404,0
T_0000037142,1,0.959149,1
T_0000037147,1,0.049830,0
T_0000037160,1,0.474263,1
T_0000037194,1,0.831342,1
T_0000037211,1,0.684795,1
T_0000037225,0,0.034900,0
T_0000037231,1,0.978089,1
T_0000037246,0,0.038194,0
T_0000037276,0,0.034876,0
T_0000037305,1,0.911019,1
T_0000037310,0,0.041740,0
T_0000037330,1,0.852141,1
T_0000037332,1,0.598881,1
T_0000037362,0,0.606314,1
T_0000037412,0,0.081192,0
T_0000037439,1,0.624566,1
T_0000037456,1,0.808954,1
T_0000037463,1,0.734182,1
T_0000037464,1,0.291841,1
T_0000037472,1,0.135351,0
T_0000037496,0,0.089950,0
T_0000037498,1,0.628041,1
T_0000037535,1,0.768102,1
T_0000037550,1,0.662643,1
T_0000037558,1,0.689527,1
T_0000037590,1,0.322981,1
T_0000037626,1,0.836095,1
T_0000037677,1,0.111468,0
T_0000037731,1,0.388365,1
T_0000037756,0,0.012521,0
T_0000037775,1,0.267051,1
T_0000037784,0,0.041106,0
T_0000037787,1,0.057681,0
T_0000037801,1,0.988671,1
T_0000037813,0,0.020241,0
T_0000037816,1,0.549190,1
T_0000037848,1,0.738762,1
T_0000037896,1,0.488237,1
T_0000037906,1,0.895281,1
T_0000037911,0,0.061254,0
T_0000037917,1,0.069655,0
T_0000037936,0,0.055019,0
T_0000037961,1,0.138346,0
T_0000037980,0,0.035096,0
T_0000037987,1,0.389851,1
T_0000037993,1,0.596047,1
T_0000038045,1,0.419096,1
T_0000038064,0,0.040440,0
T_0000038082,0,0.035255,0
T_0000038119,1,0.383872,1
T_0000038120,0,0.069165,0
T_0000038134,1,0.971644,1
T_0000038142,0,0.045486,0
T_0000038161,0,0.081699,0
T_0000038165,0,0.069430,0
T_0000038244,1,0.065973,0
T_0000038306,0,0.046007,0
T_0000038311,0,0.127512,0
T_0000038318,1,0.850211,1
T_0000038328,0,0.105253,0
T_0000038397,1,0.958080,1
T_0000038439,0,0.156866,0
T_0000038445,1,0.111059,0
T_0000038536,1,0.117249,0
T_0000038552,0,0.109762,0
T_0000038558,1,0.651705,1
T_0000038591,1,0.406949,1
T_0000038592,0,0.080383,0
T_0000038593,1,0.876586,1
T_0000038597,1,0.068808,0
T_0000038619,0,0.053732,0
T_0000038662,1,0.124100,0
T_0000038663,0,0.018539,0
T_0000038723,1,0.231992,1
T_0000038741,1,0.960044,1
T_0000038752,1,0.580576,1
T_0000038775,1,0.201642,1
T_0000038783,1,0.796152,1
T_0000038820,1,0.317498,1
T_0000038831,1,0.107081,0
T_0000038833,1,0.645942,1
T_0000038838,1,0.788216,1
T_0000038840,0,0.078090,0
T_0000038860,1,0.342318,1
T_0000038885,0,0.035708,0
T_0000038887,0,0.066790,0
T_0000038898,1,0.150954,0
T_0000038907,1,0.143448,0
T_0000038913,1,0.560881,1
T_0000038937,1,0.027042,0
T_0000039004,1,0.010844,0
T_0000039009,0,0.066955,0
T_0000039040,1,0.975732,1
T_0000039041,1,0.074712,0
T_0000039045,0,0.028606,0
T_0000039110,1,0.424475,1
T_0000039132,1,0.526868,1
T_0000039136,0,0.065393,0
T_0000039168,1,0.872103,1
T_0000039170,0,0.037805,0
T_0000039180,1,0.943466,1
T_0000039193,1,0.159641,0
T_0000039208,1,0.130116,0
T_0000039293,0,0.118646,0
T_0000039312,1,0.882122,1
T_0000039334,1,0.888375,1
T_0000039343,1,0.871742,1
T_0000039368,0,0.048211,0
T_0000039403,0,0.069432,0
T_0000039417,1,0.697582,1
T_0000039426,0,0.233988,1
T_0000039481,0,0.095537,0
T_0000039488,1,0.684775,1
T_0000039508,1,0.164426,0
T_0000039525,1,0.977294,1
T_0000039535,1,0.984470,1
T_0000039548,0,0.138681,0
T_0000039613,1,0.168877,0
T_0000039666,1,0.145866,0
T_0000039684,0,0.093899,0
T_0000039695,0,0.018111,0
T_0000039701,1,0.469384,1
T_0000039702,1,0.918826,1
T_0000039710,1,0.947206,1
T_0000039760,1,0.960560,1
T_0000039791,1,0.845514,1
T_0000039804,0,0.100220,0
T_0000039818,1,0.628750,1
T_0000039826,1,0.441475,1
T_0000039830,1,0.867889,1
T_0000039840,0,0.088009,0
T_0000039881,0,0.069002,0
T_0000039884,0,0.052554,0
T_0000039885,0,0.083953,0
T_0000039931,1,0.787077,1
T_0000039932,1,0.131297,0
T_0000039938,0,0.044332,0
T_0000039988,1,0.930449,1
T_0000039991,0,0.051856,0
T_0000040051,1,0.622673,1
T_0000040061,1,0.937454,1
T_0000040084,0,0.080311,0
T_0000040095,1,0.708779,1
T_0000040114,1,0.927183,1
T_0000040126,1,0.703553,1
T_0000040129,1,0.813321,1
T_0000040160,0,0.152226,0
T_0000040164,1,0.859841,1
T_0000040226,1,0.114444,0
T_0000040227,0,0.082268,0
T_0000040243,0,0.021042,0
T_0000040275,1,0.948355,1
T_0000040301,1,0.949149,1
T_0000040302,1,0.965088,1
T_0000040303,0,0.083723,0
T_0000040410,0,0.015635,0
T_0000040424,0,0.024402,0
T_0000040446,0,0.061488,0
T_0000040465,0,0.069383,0
T_0000040471,1,0.273859,1
T_0000040547,1,0.993052,1
T_0000040585,1,0.072585,0
T_0000040611,1,0.737870,1
T_0000040641,1,0.973561,1
T_0000040647,1,0.078070,0
T_0000040664,0,0.085713,0
T_0000040676,1,0.543655,1
T_0000040690,1,0.852357,1
T_0000040701,0,0.068634,0
T_0000040714,1,0.723696,1
T_0000040741,1,0.896487,1
T_0000040744,1,0.748428,1
T_0000040785,1,0.747202,1
T_0000040816,1,0.132621,0
T_0000040827,0,0.107177,0
T_0000040829,1,0.869486,1
T_0000040864,0,0.068238,0
T_0000040918,1,0.230186,1
T_0000040958,1,0.574290,1
T_0000041003,0,0.064360,0
T_0000041010,1,0.802298,1
T_0000041017,1,0.039598,0
T_0000041048,1,0.076590,0
T_0000041119,1,0.881273,1
T_0000041160,1,0.168272,0
T_0000041173,1,0.672172,1
T_0000041179,1,0.568047,1
T_0000041296,1,0.060433,0
T_0000041305,0,0.318334,1
T_0000041310,1,0.030356,0
T_0000041318,1,0.941050,1
T_0000041360,1,0.211561,1
T_0000041396,1,0.147163,0
T_0000041409,1,0.818374,1
T_0000041449,0,0.107521,0
T_0000041453,1,0.550538,1
T_0000041463,0,0.068621,0
T_0000041483,1,0.132974,0
T_0000041486,1,0.050160,0
T_0000041500,1,0.201327,1
T_0000041525,0,0.018375,0
T_0000041540,1,0.809089,1
T_0000041553,1,0.704074,1
T_0000041563,1,0.098254,0
T_0000041566,1,0.573771,1
T_0000041626,1,0.056217,0
T_0000041644,1,0.077131,0
T_0000041648,0,0.102989,0
T_0000041700,1,0.069218,0
T_0000041706,1,0.091867,0
T_0000041715,0,0.063235,0
T_0000041724,0,0.029482,0
T_0000041749,1,0.072987,0
T_0000041794,1,0.243538,1
T_0000041797,0,0.026164,0
T_0000041804,0,0.151656,0
T_0000041821,1,0.911201,1
T_0000041829,1,0.883330,1
T_0000041840,1,0.044634,0
T_0000041855,1,0.028752,0
T_0000041873,0,0.175276,0
T_0000041955,1,0.580015,1
T_0000041962,1,0.513014,1
T_0000041972,1,0.136513,0
T_0000042140,0,0.035437,0
T_0000042145,1,0.074621,0
T_0000042161,1,0.078442,0
T_0000042167,1,0.286797,1
T_0000042174,1,0.793195,1
T_0000042191,1,0.472792,1
T_0000042196,1,0.047160,0
T_0000042212,1,0.491067,1
T_0000042228,0,0.086448,0
T_0000042236,1,0.847850,1
T_0000042276,1,0.176170,0
T_0000042279,1,0.803960,1
T_0000042300,1,0.249727,1
T_0000042384,1,0.157784,0
T_0000042392,0,0.024592,0
T_0000042431,1,0.211153,1
T_0000042436,0,0.057546,0
T_0000042450,1,0.933761,1
T_0000042454,1,0.077997,0
T_0000042495,1,0.980015,1
T_0000042506,0,0.096891,0
T_0000042515,0,0.042363,0
T_0000042524,0,0.095270,0
T_0000042529,1,0.307955,1
T_0000042592,1,0.418840,1
T_0000042692,1,0.807410,1
T_0000042704,1,0.318191,1
T_0000042718,1,0.244178,1
T_0000042724,1,0.432007,1
T_0000042742,1,0.709451,1
T_0000042773,1,0.019700,0
T_0000042775,0,0.034354,0
T_0000042783,0,0.036012,0
T_0000042785,1,0.510331,1
T_0000042800,1,0.912042,1
T_0000042816,0,0.060087,0
T_0000042876,1,0.096798,0
T_0000042923,1,0.032164,0
T_0000042928,1,0.250070,1
T_0000042944,1,0.394356,1
T_0000042958,1,0.122045,0
T_0000042959,1,0.089609,0
T_0000042969,1,0.773183,1
T_0000042982,1,0.607389,1
T_0000042983,1,0.144328,0
T_0000043020,0,0.045856,0
T_0000043023,0,0.020144,0
T_0000043047,1,0.966752,1
T_0000043052,1,0.826561,1
T_0000043081,0,0.086577,0
T_0000043098,1,0.150692,0
T_0000043123,0,0.038927,0
T_0000043128,1,0.597774,1
T_0000043140,1,0.372693,1
T_0000043154,0,0.032206,0
T_0000043157,1,0.983237,1
T_0000043162,0,0.036003,0
T_0000043178,1,0.285197,1
T_0000043188,1,0.256742,1
T_0000043231,1,0.076202,0
T_0000043232,1,0.950271,1
T_0000043240,1,0.352091,1
T_0000043274,0,0.701442,1
T_0000043280,0,0.049775,0
T_0000043332,0,0.051529,0
T_0000043337,0,0.017752,0
T_0000043360,1,0.916280,1
T_0000043423,1,0.829206,1
T_0000043454,0,0.085185,0
T_0000043525,1,0.973117,1
T_0000043527,1,0.717079,1
T_0000043534,0,0.008816,0
T_0000043567,1,0.883102,1
T_0000043575,1,0.969330,1
T_0000043583,1,0.717761,1
T_0000043619,1,0.673413,1
T_0000043635,1,0.676508,1
T_0000043718,1,0.826634,1
T_0000043735,1,0.787212,1
T_0000043741,1,0.982845,1
T_0000043753,0,0.065697,0
T_0000043782,1,0.806219,1
T_0000043795,0,0.046950,0
T_0000043801,1,0.803069,1
T_0000043823,0,0.041837,0
T_0000043831,0,0.011746,0
T_0000043850,0,0.050512,0
T_0000043855,0,0.054025,0
T_0000043882,0,0.063333,0
T_0000043930,1,0.057009,0
T_0000043932,1,0.799540,1
T_0000043934,0,0.168422,0
T_0000043971,0,0.173102,0
T_0000043989,1,0.177235,0
T_0000044022,0,0.072814,0
T_0000044057,1,0.258203,1
T_0000044079,1,0.981439,1
T_0000044084,0,0.046761,0
T_0000044094,0,0.096160,0
T_0000044098,0,0.076871,0
T_0000044142,0,0.140863,0
T_0000044144,1,0.643293,1
T_0000044145,1,0.527668,1
T_0000044181,1,0.368104,1
T_0000044198,0,0.007478,0
T_0000044223,1,0.069635,0
T_0000044236,1,0.621619,1
T_0000044286,0,0.049632,0
T_0000044308,0,0.033526,0
T_0000044346,1,0.668554,1
T_0000044372,1,0.975336,1
T_0000044379,0,0.075021,0
T_0000044397,0,0.084408,0
T_0000044406,0,0.047199,0
T_0000044411,0,0.042420,0
T_0000044428,0,0.326634,1
T_0000044451,0,0.020233,0
T_0000044457,1,0.117548,0
T_0000044506,1,0.250057,1
T_0000044526,0,0.184904,0
T_0000044527,1,0.105956,0
T_0000044649,1,0.941756,1
T_0000044660,1,0.558470,1
T_0000044669,1,0.899948,1
T_0000044703,1,0.126582,0
T_0000044727,1,0.899398,1
T_0000044763,0,0.495679,1
T_0000044767,1,0.866573,1
T_0000044815,1,0.129719,0
T_0000044822,0,0.086538,0
T_0000044830,1,0.333866,1
T_0000044841,1,0.858199,1
T_0000044878,0,0.091011,0
T_0000044890,1,0.054836,0
T_0000044918,0,0.049861,0
T_0000044924,1,0.930744,1
T_0000044939,1,0.080900,0
T_0000044967,1,0.440347,1
T_0000045000,1,0.609166,1
T_0000045050,1,0.229606,1
T_0000045070,1,0.169545,0
T_0000045078,0,0.127358,0
T_0000045109,1,0.564105,1
T_0000045122,1,0.178234,0
T_0000045148,1,0.305963,1
T_0000045209,1,0.301039,1
T_0000045251,1,0.104705,0
T_0000045269,1,0.511078,1
T_0000045303,1,0.735386,1
T_0000045309,1,0.116965,0
T_0000045364,1,0.219558,1
T_0000045372,0,0.115908,0
T_0000045377,1,0.194600,1
T_0000045408,1,0.711746,1
T_0000045433,1,0.914622,1
T_0000045472,0,0.135950,0
T_0000045487,1,0.722524,1
T_0000045490,0,0.170166,0
T_0000045504,1,0.900782,1
T_0000045507,0,0.052449,0
T_0000045603,0,0.037316,0
T_0000045605,1,0.977128,1
T_0000045609,0,0.052254,0
T_0000045662,1,0.951878,1
T_0000045677,0,0.065556,0
T_0000045681,1,0.844943,1
T_0000045729,1,0.093567,0
T_0000045752,0,0.108529,0
T_0000045767,1,0.482241,1
T_0000045814,1,0.457252,1
T_0000045843,1,0.354321,1
T_0000045855,1,0.929463,1
T_0000045856,1,0.985226,1
T_0000045882,1,0.834416,1
T_0000045897,0,0.020880,0
T_0000045905,1,0.279588,1
T_0000045941,1,0.490425,1
T_0000045980,1,0.560794,1
T_0000045983,1,0.338292,1
T_0000046065,0,0.056410,0
T_0000046072,1,0.295186,1
T_0000046073,1,0.060782,0
T_0000046083,1,0.982857,1
T_0000046085,0,0.055465,0
T_0000046125,1,0.949527,1
T_0000046127,1,0.101449,0
T_0000046180,1,0.602503,1
T_0000046218,0,0.027839,0
T_0000046246,1,0.263531,1
T_0000046258,1,0.832062,1
T_0000046287,1,0.680754,1
T_0000046335,1,0.909068,1
T_0000046350,0,0.028062,0
T_0000046351,1,0.792990,1
T_0000046356,1,0.974935,1
T_0000046363,1,0.789105,1
T_0000046373,1,0.695942,1
T_0000046380,0,0.159643,0
T_0000046387,0,0.081785,0
T_0000046408,1,0.988318,1
T_0000046419,1,0.129340,0
T_0000046442,1,0.842584,1
T_0000046444,1,0.194488,1
T_0000046455,0,0.057896,0
T_0000046457,1,0.673203,1
T_0000046519,1,0.082038,0
T_0000046521,1,0.792634,1
T_0000046524,0,0.067548,0
T_0000046552,1,0.986054,1
T_0000046554,1,0.633230,1
T_0000046588,0,0.054850,0
T_0000046624,1,0.322806,1
T_0000046655,0,0.114312,0
T_0000046700,1,0.140646,0
T_0000046734,0,0.054611,0
T_0000046750,0,0.039158,0
T_0000046755,0,0.026774,0
T_0000046817,1,0.940517,1
T_0000046825,1,0.859981,1
T_0000046876,1,0.889242,1
T_0000046882,1,0.169325,0
T_0000046920,1,0.512894,1
T_0000046955,0,0.129621,0
T_0000046994,1,0.826330,1
T_0000046995,0,0.024497,0
T_0000047037,0,0.101288,0
T_0000047067,0,0.080583,0
T_0000047119,1,0.434908,1
T_0000047138,0,0.119766,0
T_0000047174,1,0.952753,1
T_0000047182,1,0.482484,1
T_0000047200,0,0.132608,0
T_0000047251,0,0.085559,0
T_0000047289,1,0.886748,1
T_0000047304,1,0.143095,0
T_0000047313,1,0.139330,0
T_0000047330,1,0.026058,0
T_0000047334,0,0.040557,0
T_0000047337,0,0.023753,0
T_0000047344,1,0.649051,1
T_0000047346,1,0.742832,1
T_0000047352,1,0.908564,1
T_0000047370,1,0.803231,1
T_0000047395,1,0.752641,1
T_0000047441,0,0.088785,0
T_0000047446,1,0.657211,1
T_0000047451,1,0.102770,0
T_0000047458,0,0.079365,0
T_0000047469,1,0.513309,1
T_0000047499,1,0.315897,1
T_0000047509,1,0.605024,1
T_0000047526,0,0.127383,0
T_0000047528,0,0.022820,0
T_0000047555,0,0.058883,0
T_0000047581,1,0.028336,0
T_0000047589,1,0.232467,1
T_0000047595,1,0.771082,1
T_0000047597,0,0.015445,0
T_0000047628,0,0.024695,0
T_0000047638,1,0.204102,1
T_0000047667,0,0.073644,0
T_0000047702,1,0.221104,1
T_0000047704,0,0.030673,0
T_0000047738,1,0.930431,1
T_0000047757,0,0.043290,0
T_0000047764,1,0.800471,1
T_0000047771,1,0.208742,1
T_0000047774,1,0.605711,1
T_0000047853,1,0.068120,0
T_0000047857,1,0.964510,1
T_0000047860,0,0.044815,0
T_0000047915,0,0.166941,0
T_0000047971,1,0.713075,1
T_0000047986,1,0.865490,1
T_0000047994,1,0.392908,1
T_0000048002,1,0.168197,0
T_0000048044,1,0.858053,1
T_0000048046,0,0.035056,0
T_0000048091,1,0.225879,1
T_0000048095,0,0.020921,0
T_0000048106,1,0.674088,1
T_0000048108,1,0.095480,0
T_0000048128,0,0.196546,1
T_0000048141,1,0.186706,1
T_0000048167,0,0.079047,0
T_0000048184,1,0.062871,0
T_0000048187,0,0.012451,0
T_0000048233,1,0.988126,1
T_0000048244,0,0.101318,0
T_0000048265,0,0.042356,0
T_0000048279,1,0.071004,0
T_0000048300,0,0.077432,0
T_0000048301,0,0.056545,0
T_0000048322,1,0.949252,1
T_0000048353,1,0.912371,1
T_0000048356,1,0.827422,1
T_0000048383,1,0.225164,1
T_0000048387,0,0.019236,0
T_0000048450,1,0.583757,1
T_0000048465,1,0.032058,0
T_0000048487,1,0.473807,1
T_0000048492,1,0.073174,0
T_0000048608,1,0.869122,1
T_0000048695,1,0.048854,0
T_0000048722,1,0.792803,1
T_0000048746,0,0.024273,0
T_0000048754,1,0.332371,1
T_0000048772,1,0.716143,1
T_0000048777,1,0.988125,1
T_0000048804,1,0.154782,0
T_0000048821,1,0.127168,0
T_0000048832,0,0.017631,0
T_0000048872,0,0.048045,0
T_0000048887,1,0.099413,0
T_0000048913,1,0.991589,1
T_0000048919,0,0.021802,0
T_0000048921,0,0.094577,0
T_0000048942,1,0.077113,0
T_0000048968,0,0.088078,0
T_0000048982,1,0.693314,1
T_0000049028,1,0.074132,0
T_0000049082,1,0.154686,0
T_0000049160,1,0.470483,1
T_0000049188,0,0.039723,0
T_0000049207,1,0.437736,1
T_0000049222,1,0.923494,1
T_0000049224,0,0.056930,0
T_0000049236,1,0.308895,1
T_0000049238,1,0.075662,0
T_0000049241,0,0.039206,0
T_0000049262,0,0.032751,0
T_0000049267,1,0.334333,1
T_0000049285,1,0.823100,1
T_0000049299,1,0.368276,1
T_0000049307,0,0.018231,0
T_0000049322,1,0.645341,1
T_0000049326,1,0.788190,1
T_0000049363,1,0.954093,1
T_0000049382,1,0.713946,1
T_0000049383,1,0.045266,0
T_0000049400,1,0.903221,1
T_0000049408,1,0.837135,1
T_0000049452,1,0.197263,1
T_0000049454,1,0.829455,1
T_0000049474,0,0.042488,0
T_0000049483,0,0.127885,0
T_0000049502,0,0.035439,0
T_0000049513,1,0.059902,0
T_0000049516,1,0.083557,0
T_0000049517,1,0.086770,0
T_0000049519,0,0.071930,0
T_0000049527,1,0.872164,1
T_0000049548,1,0.579242,1
T_0000049554,0,0.085744,0
T_0000049562,1,0.289441,1
T_0000049564,0,0.076322,0
T_0000049566,0,0.120352,0
T_0000049675,0,0.114142,0
T_0000049684,0,0.063746,0
T_0000049789,0,0.051939,0
T_0000049790,0,0.010002,0
T_0000049807,1,0.034426,0
T_0000049817,1,0.371909,1
T_0000049823,0,0.211793,1
T_0000049840,1,0.923068,1
T_0000049897,1,0.129677,0
T_0000049913,0,0.079258,0
T_0000049921,1,0.062769,0
T_0000049985,1,0.425924,1
T_0000050016,0,0.037307,0
T_0000050031,1,0.935637,1
T_0000050074,0,0.031493,0
T_0000050081,1,0.610528,1
T_0000050086,1,0.329385,1
T_0000050098,1,0.975510,1
T_0000050106,1,0.832462,1
T_0000050116,1,0.354501,1
T_0000050197,1,0.315332,1
T_0000050213,1,0.319207,1
T_0000050223,1,0.099191,0
T_0000050248,1,0.052952,0
T_0000050279,1,0.033295,0
T_0000050284,1,0.112804,0
T_0000050287,0,0.701573,1
T_0000050289,1,0.952284,1
T_0000050317,1,0.748584,1
T_0000050322,1,0.664070,1
T_0000050338,1,0.411445,1
T_0000050366,0,0.071636,0
T_0000050367,0,0.056835,0
T_0000050394,1,0.477854,1
T_0000050461,1,0.674732,1
T_0000050482,0,0.037275,0
T_0000050501,0,0.075368,0
T_0000050502,1,0.717207,1
T_0000050554,0,0.070881,0
T_0000050649,1,0.957730,1
T_0000050658,0,0.015868,0
T_0000050679,1,0.740619,1
T_0000050689,0,0.044814,0
T_0000050735,1,0.640709,1
T_0000050741,1,0.653936,1
T_0000050813,1,0.756096,1
T_0000050825,1,0.087344,0
T_0000050844,0,0.042472,0
T_0000050884,0,0.170912,0
T_0000050924,1,0.137318,0
T_0000050938,1,0.992746,1
T_0000050946,0,0.109921,0
T_0000050947,0,0.050345,0
T_0000051010,1,0.095864,0
T_0000051030,0,0.064298,0
T_0000051042,1,0.898130,1
T_0000051087,0,0.162472,0
T_0000051089,1,0.674177,1
T_0000051197,0,0.045654,0
T_0000051199,1,0.518153,1
T_0000051229,1,0.698616,1
T_0000051240,0,0.169617,0
T_0000051242,0,0.041334,0
T_0000051256,1,0.978030,1
T_0000051257,1,0.080563,0
T_0000051284,1,0.553675,1
T_0000051326,1,0.586449,1
T_0000051327,0,0.171707,0
T_0000051353,1,0.930058,1
T_0000051359,0,0.040863,0
T_0000051380,1,0.957954,1
T_0000051397,0,0.021675,0
T_0000051402,1,0.630612,1
T_0000051413,1,0.912831,1
T_0000051415,1,0.533458,1
T_0000051417,0,0.066558,0
T_0000051441,0,0.034249,0
T_0000051449,1,0.834930,1
T_0000051455,0,0.137103,0
T_0000051466,1,0.980043,1
T_0000051483,1,0.107450,0
T_0000051486,1,0.609582,1
T_0000051543,1,0.944375,1
T_0000051563,0,0.047302,0
T_0000051576,1,0.441114,1
T_0000051597,0,0.014929,0
T_0000051671,0,0.013548,0
T_0000051676,0,0.028968,0
T_0000051679,1,0.795112,1
T_0000051687,1,0.688828,1
T_0000051745,1,0.607560,1
T_0000051786,0,0.037175,0
T_0000051791,1,0.210915,1
T_0000051825,0,0.042478,0
T_0000051831,0,0.081933,0
T_0000051946,1,0.971606,1
T_0000051958,1,0.123130,0
T_0000051977,0,0.068775,0
T_0000051997,1,0.854742,1
T_0000052015,1,0.325677,1
T_0000052097,0,0.083811,0
T_0000052132,1,0.197246,1
T_0000052185,1,0.553256,1
T_0000052221,1,0.588435,1
T_0000052222,1,0.386445,1
T_0000052284,0,0.080612,0
T_0000052292,1,0.048956,0
T_0000052294,1,0.148470,0
T_0000052355,1,0.083153,0
T_0000052371,1,0.456931,1
T_0000052412,0,0.039602,0
T_0000052428,0,0.073987,0
T_0000052437,0,0.030735,0
T_0000052452,1,0.932246,1
T_0000052465,1,0.900362,1
T_0000052511,1,0.468822,1
T_0000052589,1,0.155517,0
T_0000052656,1,0.785583,1
T_0000052675,1,0.083809,0
T_0000052678,1,0.235344,1
T_0000052684,1,0.611598,1
T_0000052706,1,0.876640,1
T_0000052728,0,0.058602,0
T_0000052730,1,0.930050,1
T_0000052836,0,0.160739,0
T_0000052843,0,0.036710,0
T_0000052883,0,0.019060,0
T_0000052889,0,0.021167,0
T_0000052906,0,0.054650,0
T_0000052908,1,0.831446,1
T_0000052987,1,0.550134,1
T_0000053000,1,0.953206,1
T_0000053018,1,0.429628,1
T_0000053023,0,0.057496,0
T_0000053028,0,0.330934,1
T_0000053046,1,0.901523,1
T_0000053074,1,0.498674,1
T_0000053094,1,0.345421,1
T_0000053105,1,0.831147,1
T_0000053139,0,0.099592,0
T_0000053163,1,0.811966,1
T_0000053169,1,0.899475,1
T_0000053175,1,0.303241,1
T_0000053242,1,0.919850,1
T_0000053244,1,0.954680,1
T_0000053270,1,0.625787,1
T_0000053287,0,0.028989,0
T_0000053326,1,0.724139,1
T_0000053363,1,0.611836,1
T_0000053400,1,0.990701,1
T_0000053407,1,0.986304,1
T_0000053416,1,0.806471,1
T_0000053500,1,0.583493,1
T_0000053503,0,0.154050,0
T_0000053507,0,0.051929,0
T_0000053514,1,0.084957,0
T_0000053545,1,0.463721,1
T_0000053586,1,0.955704,1
T_0000053626,1,0.540066,1
T_0000053689,0,0.020230,0
T_0000053722,1,0.980368,1
T_0000053732,1,0.991216,1
T_0000053737,1,0.979777,1
T_0000053812,0,0.076131,0
T_0000053832,0,0.055887,0
T_0000053887,1,0.982413,1
T_0000053901,0,0.085515,0
T_0000053931,1,0.970374,1
T_0000053936,1,0.964417,1
T_0000053941,0,0.029359,0
T_0000053956,1,0.738415,1
T_0000053968,1,0.120190,0
T_0000053980,1,0.074341,0
T_0000053996,0,0.048469,0
T_0000053998,0,0.036574,0
T_0000054024,1,0.130546,0
T_0000054059,0,0.470052,1
T_0000054092,1,0.861634,1
T_0000054095,1,0.451349,1
T_0000054141,1,0.979376,1
T_0000054150,1,0.803431,1
T_0000054157,1,0.299514,1
T_0000054186,1,0.846179,1
T_0000054190,1,0.835941,1
T_0000054200,0,0.040500,0
T_0000054231,1,0.037840,0
T_0000054255,1,0.290564,1
T_0000054273,1,0.154622,0
T_0000054275,1,0.933264,1
T_0000054289,1,0.539378,1
T_0000054296,1,0.070026,0
T_0000054298,0,0.060700,0
T_0000054309,1,0.091687,0
T_0000054311,1,0.848380,1
T_0000054341,1,0.739547,1
T_0000054365,0,0.048064,0
T_0000054391,0,0.116924,0
T_0000054404,0,0.031620,0
T_0000054412,1,0.980716,1
T_0000054446,1,0.431735,1
T_0000054475,1,0.356017,1
T_0000054483,1,0.721019,1
T_0000054500,0,0.042277,0
T_0000054508,1,0.217910,1
T_0000054529,0,0.153925,0
T_0000054533,0,0.036215,0
T_0000054553,0,0.062374,0
T_0000054557,1,0.852061,1
T_0000054582,1,0.031499,0
T_0000054587,0,0.194758,1
T_0000054593,0,0.086513,0
T_0000054598,1,0.503391,1
T_0000054605,0,0.072400,0
T_0000054622,1,0.950192,1
T_0000054705,0,0.144782,0
T_0000054712,0,0.073945,0
T_0000054805,1,0.650255,1
T_0000054820,1,0.977444,1
T_0000054831,1,0.880796,1
T_0000054833,1,0.179334,0
T_0000054843,1,0.616751,1
T_0000054847,0,0.103624,0
T_0000054892,0,0.070767,0
T_0000054900,1,0.856301,1
T_0000054925,0,0.053606,0
T_0000054929,0,0.062135,0
T_0000054944,1,0.759730,1
T_0000054973,0,0.016660,0
T_0000054982,1,0.859994,1
T_0000054983,1,0.058032,0
T_0000054992,1,0.662374,1
T_0000055025,0,0.305331,1
T_0000055038,1,0.063298,0
T_0000055041,1,0.759166,1
T_0000055056,0,0.050422,0
T_0000055060,0,0.037136,0
T_0000055069,1,0.819519,1
T_0000055104,1,0.639595,1
T_0000055130,0,0.023272,0
T_0000055182,1,0.634941,1
T_0000055235,1,0.702315,1
T_0000055260,1,0.848359,1
T_0000055289,0,0.191515,1
T_0000055310,1,0.847189,1
T_0000055325,1,0.113608,0
T_0000055331,1,0.963783,1
T_0000055386,1,0.988428,1
T_0000055392,1,0.875904,1
T_0000055394,0,0.248527,1
T_0000055459,0,0.031966,0
T_0000055462,1,0.158194,0
T_0000055552,0,0.012855,0
T_0000055579,0,0.945387,1
T_0000055584,0,0.036132,0
T_0000055586,0,0.034101,0
T_0000055621,1,0.807456,1
T_0000055625,1,0.861689,1
T_0000055659,1,0.716032,1
T_0000055668,1,0.982000,1
T_0000055669,0,0.027804,0
T_0000055701,0,0.071131,0
T_0000055704,1,0.462218,1
T_0000055705,1,0.157461,0
T_0000055718,1,0.849677,1
T_0000055719,1,0.928141,1
T_0000055727,0,0.032812,0
T_0000055728,0,0.281925,1
T_0000055733,1,0.711455,1
T_0000055772,1,0.665538,1
T_0000055778,0,0.043815,0
T_0000055794,1,0.986412,1
T_0000055802,1,0.362761,1
T_0000055813,1,0.784682,1
T_0000055844,0,0.016334,0
T_0000055865,1,0.925828,1
T_0000055903,1,0.844409,1
T_0000055928,0,0.062557,0
T_0000055931,1,0.781195,1
T_0000055940,1,0.949830,1
T_0000055952,1,0.088511,0
T_0000055953,1,0.767209,1
T_0000055961,1,0.047275,0
T_0000055986,1,0.117047,0
T_0000055992,1,0.683807,1
T_0000056018,1,0.932065,1
T_0000056023,1,0.343122,1
T_0000056025,1,0.890386,1
T_0000056054,0,0.071803,0
T_0000056078,0,0.018144,0
T_0000056091,1,0.100780,0
T_0000056095,1,0.605912,1
T_0000056098,0,0.055306,0
T_0000056104,0,0.025208,0
T_0000056149,1,0.511594,1
T_0000056156,0,0.046396,0
T_0000056183,0,0.088472,0
T_0000056222,1,0.094049,0
T_0000056240,1,0.470181,1
T_0000056259,1,0.841242,1
T_0000056277,1,0.686800,1
T_0000056301,1,0.212995,1
T_0000056335,1,0.123870,0
T_0000056339,1,0.665689,1
T_0000056346,1,0.042080,0
T_0000056348,1,0.764695,1
T_0000056356,0,0.029171,0
T_0000056382,1,0.728771,1
T_0000056401,0,0.143585,0
T_0000056420,0,0.113559,0
T_0000056421,1,0.915493,1
T_0000056428,0,0.134230,0
T_0000056429,1,0.795647,1
T_0000056450,1,0.100242,0
T_0000056504,0,0.060676,0
T_0000056510,1,0.218127,1
T_0000056515,1,0.970798,1
T_0000056516,1,0.513515,1
T_0000056564,1,0.084290,0
T_0000056580,1,0.335253,1
T_0000056588,1,0.481517,1
T_0000056591,1,0.242311,1
T_0000056622,1,0.358055,1
T_0000056661,1,0.786386,1
T_0000056668,0,0.118430,0
T_0000056688,1,0.933679,1
T_0000056704,1,0.024344,0
T_0000056710,1,0.192164,1
T_0000056721,1,0.270311,1
T_0000056730,0,0.538982,1
T_0000056757,1,0.057342,0
T_0000056767,1,0.701638,1
T_0000056769,0,0.040842,0
T_0000056793,1,0.355474,1
T_0000056799,0,0.042173,0
T_0000056832,1,0.389225,1
T_0000056876,1,0.046566,0
T_0000056915,1,0.648300,1
T_0000056926,1,0.891574,1
T_0000056944,1,0.305276,1
T_0000056971,1,0.293712,1
T_0000057038,1,0.201761,1
T_0000057050,1,0.115737,0
T_0000057174,0,0.033175,0
T_0000057176,1,0.637483,1
T_0000057180,1,0.102059,0
T_0000057183,1,0.048571,0
T_0000057247,1,0.451661,1
T_0000057260,0,0.062289,0
T_0000057301,1,0.160086,0
T_0000057319,1,0.906859,1
T_0000057337,1,0.284085,1
T_0000057408,1,0.723920,1
T_0000057432,0,0.093496,0
T_0000057439,0,0.144717,0
T_0000057454,0,0.063501,0
T_0000057472,0,0.033989,0
T_0000057506,1,0.641152,1
T_0000057533,0,0.575483,1
T_0000057534,1,0.796351,1
T_0000057560,1,0.589309,1
T_0000057573,1,0.052727,0
T_0000057596,0,0.085934,0
T_0000057626,1,0.615749,1
T_0000057630,1,0.865733,1
T_0000057652,0,0.082089,0
T_0000057654,0,0.025372,0
T_0000057684,1,0.028500,0
T_0000057707,1,0.067933,0
T_0000057740,1,0.965608,1
T_0000057760,1,0.120403,0
T_0000057779,1,0.237113,1
T_0000057793,1,0.272510,1
T_0000057816,0,0.428666,1
T_0000057845,1,0.395533,1
T_0000057865,1,0.507355,1
T_0000057891,1,0.427831,1
T_0000057939,1,0.668143,1
T_0000057952,1,0.983907,1
T_0000057956,0,0.053237,0
T_0000057978,1,0.843483,1
T_0000057984,0,0.064190,0
T_0000058001,1,0.880071,1
T_0000058011,0,0.013098,0
T_0000058095,1,0.436659,1
T_0000058129,1,0.143091,0
T_0000058133,1,0.621431,1
T_0000058146,1,0.268819,1
T_0000058213,1,0.391896,1
T_0000058221,1,0.992943,1
T_0000058250,1,0.872304,1
T_0000058301,1,0.666666,1
T_0000058313,1,0.053207,0
T_0000058339,0,0.026159,0
T_0000058359,0,0.048377,0
T_0000058360,0,0.147874,0
T_0000058409,0,0.044419,0
T_0000058410,1,0.127945,0
T_0000058416,1,0.533711,1
T_0000058424,1,0.861208,1
T_0000058445,1,0.529412,1
T_0000058469,1,0.080149,0
T_0000058470,1,0.239898,1
T_0000058474,0,0.008069,0
T_0000058504,0,0.013340,0
T_0000058549,1,0.236057,1
T_0000058563,1,0.983210,1
T_0000058574,1,0.161665,0
T_0000058576,1,0.920115,1
T_0000058581,1,0.988238,1
T_0000058587,1,0.833513,1
T_0000058594,1,0.453885,1
T_0000058604,0,0.069998,0
T_0000058682,0,0.062417,0
T_0000058685,1,0.382811,1
T_0000058695,0,0.028795,0
T_0000058767,1,0.114602,0
T_0000058772,1,0.087733,0
T_0000058778,0,0.104102,0
T_0000058806,1,0.520499,1
T_0000058822,1,0.749711,1
T_0000058865,1,0.045023,0
T_0000058896,0,0.066931,0
T_0000058898,1,0.129256,0
T_0000058901,1,0.816727,1
T_0000058916,0,0.052435,0
T_0000058949,0,0.039743,0
T_0000058992,1,0.944933,1
T_0000059003,1,0.100081,0
T_0000059005,1,0.059425,0
T_0000059039,1,0.917984,1
T_0000059049,1,0.628206,1
T_0000059072,1,0.456300,1
T_0000059113,1,0.352370,1
T_0000059118,1,0.219933,1
T_0000059180,1,0.116715,0
T_0000059193,0,0.056654,0
T_0000059212,1,0.453726,1
T_0000059214,1,0.079043,0
T_0000059217,1,0.448443,1
T_0000059296,1,0.234663,1
T_0000059311,0,0.017463,0
T_0000059320,1,0.884051,1
T_0000059327,1,0.314329,1
T_0000059339,0,0.268076,1
T_0000059342,1,0.824768,1
T_0000059397,1,0.104926,0
T_0000059403,0,0.131569,0
T_0000059451,1,0.916545,1
T_0000059490,0,0.042747,0
T_0000059496,1,0.646598,1
T_0000059522,1,0.078841,0
T_0000059531,1,0.032228,0
T_0000059537,1,0.836727,1
T_0000059538,1,0.777470,1
T_0000059574,1,0.487610,1
T_0000059580,1,0.343460,1
T_0000059591,0,0.167869,0
T_0000059593,1,0.870524,1
T_0000059595,1,0.049182,0
T_0000059658,1,0.821489,1
T_0000059711,1,0.921117,1
T_0000059721,1,0.991595,1
T_0000059761,1,0.160223,0
T_0000059785,0,0.080413,0
T_0000059821,1,0.143786,0
T_0000059824,0,0.070267,0
T_0000059868,1,0.717315,1
T_0000059930,0,0.027274,0
T_0000059948,1,0.031964,0
T_0000059969,1,0.052854,0
T_0000060072,0,0.030125,0
T_0000060134,1,0.982538,1
T_0000060139,0,0.044193,0
T_0000060146,1,0.548432,1
T_0000060210,0,0.047264,0
T_0000060219,0,0.034840,0
T_0000060229,1,0.851368,1
T_0000060269,1,0.236159,1
T_0000060323,0,0.047492,0
T_0000060351,1,0.643522,1
T_0000060390,1,0.952865,1
T_0000060394,1,0.071087,0
T_0000060411,0,0.044685,0
T_0000060428,1,0.465434,1
T_0000060442,0,0.137979,0
T_0000060462,0,0.624741,1
T_0000060512,1,0.431120,1
T_0000060532,0,0.180097,0
T_0000060547,0,0.017980,0
T_0000060550,0,0.051012,0
T_0000060557,0,0.051145,0
T_0000060573,1,0.969085,1
T_0000060599,1,0.848447,1
T_0000060618,1,0.156817,0
T_0000060624,1,0.099763,0
T_0000060633,1,0.854447,1
T_0000060652,1,0.304364,1
T_0000060715,0,0.047632,0
T_0000060745,1,0.980364,1
T_0000060756,1,0.637926,1
T_0000060759,1,0.947656,1
T_0000060771,1,0.989605,1
T_0000060773,0,0.014470,0
T_0000060775,1,0.606547,1
T_0000060781,1,0.197240,1
T_0000060787,1,0.064512,0
T_0000060807,1,0.075004,0
T_0000060821,1,0.282894,1
T_0000060834,1,0.257855,1
T_0000060854,0,0.105610,0
T_0000060861,1,0.487886,1
T_0000060895,1,0.339035,1
T_0000060913,0,0.108733,0
T_0000060925,1,0.553926,1
T_0000060962,0,0.090561,0
T_0000060979,0,0.024246,0
T_0000061000,1,0.123635,0
T_0000061004,0,0.117388,0
T_0000061012,1,0.053048,0
T_0000061017,1,0.144735,0
T_0000061068,0,0.106085,0
T_0000061087,1,0.076513,0
T_0000061090,1,0.071843,0
T_0000061106,1,0.175447,0
T_0000061125,0,0.115757,0
T_0000061172,0,0.077170,0
T_0000061201,1,0.659658,1
T_0000061203,0,0.082766,0
T_0000061217,0,0.071129,0
T_0000061225,1,0.532835,1
T_0000061270,1,0.108184,0
T_0000061303,1,0.303223,1
T_0000061310,1,0.571419,1
T_0000061330,1,0.821218,1
T_0000061395,1,0.074245,0
T_0000061428,1,0.090699,0
T_0000061442,1,0.167737,0
T_0000061515,1,0.031820,0
T_0000061543,1,0.674708,1
T_0000061548,1,0.520772,1
T_0000061562,1,0.189916,1
T_0000061569,1,0.078932,0
T_0000061596,0,0.133033,0
T_0000061604,0,0.032489,0
T_0000061613,1,0.147183,0
T_0000061619,1,0.610671,1
T_0000061624,1,0.134976,0
T_0000061634,1,0.064120,0
T_0000061646,0,0.027458,0
T_0000061681,1,0.051935,0
T_0000061845,1,0.975669,1
T_0000061872,1,0.363663,1
T_0000061875,0,0.013139,0
T_0000061896,1,0.624808,1
T_0000061906,0,0.034580,0
T_0000061911,1,0.873994,1
T_0000061928,0,0.090792,0
T_0000061966,1,0.548459,1
T_0000062007,0,0.048859,0
T_0000062025,1,0.978870,1
T_0000062087,1,0.085523,0
T_0000062089,1,0.361608,1
T_0000062148,1,0.117174,0
T_0000062158,0,0.163005,0
T_0000062166,0,0.024791,0
T_0000062176,1,0.805665,1
T_0000062237,1,0.066144,0
T_0000062250,0,0.078834,0
T_0000062253,1,0.867578,1
T_0000062327,1,0.893826,1
T_0000062358,0,0.063472,0
T_0000062398,1,0.083877,0
T_0000062427,1,0.272206,1
T_0000062432,1,0.847736,1
T_0000062465,1,0.340442,1
T_0000062489,0,0.029181,0
T_0000062512,1,0.983548,1
T_0000062578,0,0.040976,0
T_0000062592,0,0.079906,0
T_0000062598,1,0.105986,0
T_0000062653,1,0.230814,1
T_0000062686,1,0.082739,0
T_0000062708,1,0.291235,1
T_0000062726,0,0.019603,0
T_0000062732,0,0.032021,0
T_0000062809,0,0.046239,0
T_0000062811,1,0.174427,0
T_0000062822,1,0.807180,1
T_0000062825,1,0.105059,0
T_0000062859,1,0.191947,1
T_0000062865,1,0.946642,1
T_0000062883,0,0.193609,1
T_0000062949,1,0.207688,1
T_0000062965,1,0.307396,1
T_0000062971,1,0.578695,1
T_0000062975,0,0.025991,0
T_0000062978,1,0.062811,0
T_0000063010,0,0.119317,0
T_0000063049,1,0.676617,1
T_0000063054,0,0.058808,0
T_0000063063,1,0.133517,0
T_0000063110,1,0.831723,1
T_0000063162,1,0.162415,0
T_0000063164,1,0.344951,1
T_0000063187,0,0.018001,0
T_0000063188,0,0.034138,0
T_0000063316,1,0.179604,0
T_0000063318,1,0.955344,1
T_0000063344,0,0.087862,0
T_0000063351,1,0.650653,1
T_0000063354,1,0.230160,1
T_0000063381,1,0.469002,1
T_0000063409,1,0.489586,1
T_0000063485,0,0.030938,0
T_0000063488,0,0.033473,0
T_0000063523,0,0.075917,0
T_0000063589,0,0.086683,0
T_0000063606,0,0.079588,0
T_0000063623,1,0.378015,1
T_0000063649,0,0.080119,0
T_0000063653,1,0.099367,0
T_0000063681,1,0.638783,1
T_0000063719,1,0.255263,1
T_0000063720,1,0.080333,0
T_0000063723,1,0.838095,1
T_0000063743,1,0.728859,1
T_0000063756,0,0.012493,0
T_0000063765,0,0.151498,0
T_0000063777,1,0.058199,0
T_0000063783,0,0.059074,0
T_0000063796,1,0.368926,1
T_0000063802,0,0.064864,0
T_0000063825,0,0.039971,0
T_0000063832,1,0.471099,1
T_0000063844,0,0.009602,0
T_0000063845,0,0.025968,0
T_0000063866,0,0.017104,0
T_0000063871,0,0.033092,0
T_0000063882,1,0.923610,1
T_0000063901,0,0.051415,0
T_0000063950,1,0.228941,1
T_0000063996,1,0.045941,0
T_0000064004,0,0.142631,0
T_0000064021,1,0.068794,0
T_0000064052,0,0.076140,0
T_0000064079,0,0.047446,0
T_0000064120,1,0.938221,1
T_0000064124,1,0.820093,1
T_0000064177,0,0.047827,0
T_0000064183,0,0.051057,0
T_0000064215,0,0.018859,0
T_0000064232,0,0.015316,0
T_0000064256,1,0.851607,1
T_0000064264,0,0.038862,0
T_0000064284,1,0.967619,1
T_0000064311,0,0.121932,0
T_0000064313,1,0.198547,1
T_0000064317,1,0.537171,1
T_0000064326,1,0.324082,1
T_0000064331,1,0.439470,1
T_0000064342,0,0.072939,0
T_0000064359,1,0.632739,1
T_0000064380,1,0.192550,1
T_0000064394,1,0.840232,1
T_0000064411,1,0.689289,1
T_0000064426,1,0.022232,0
T_0000064428,1,0.083955,0
T_0000064462,1,0.593169,1
T_0000064470,1,0.940513,1
T_0000064496,1,0.625388,1
T_0000064497,1,0.249114,1
T_0000064534,0,0.231850,1
T_0000064556,0,0.098618,0
T_0000064595,1,0.097434,0
T_0000064612,1,0.736755,1
T_0000064615,1,0.853674,1
T_0000064638,1,0.242440,1
T_0000064640,1,0.057081,0
T_0000064676,1,0.093130,0
T_0000064688,0,0.131674,0
T_0000064697,1,0.153698,0
T_0000064705,0,0.065641,0
T_0000064711,1,0.073361,0
T_0000064727,1,0.652772,1
T_0000064733,0,0.141642,0
T_0000064781,0,0.014613,0
T_0000064799,1,0.095292,0
T_0000064810,0,0.031348,0
T_0000064831,1,0.287346,1
T_0000064853,0,0.606952,1
T_0000064893,1,0.694012,1
T_0000064905,1,0.155309,0
T_0000064907,1,0.925469,1
T_0000064924,0,0.058408,0
T_0000064959,1,0.097903,0
T_0000064975,1,0.944092,1
T_0000064985,1,0.134260,0
T_0000064998,1,0.655722,1
T_0000065031,1,0.735510,1
T_0000065041,0,0.015951,0
T_0000065077,1,0.606131,1
T_0000065095,1,0.138786,0
T_0000065105,1,0.093124,0
T_0000065138,0,0.128805,0
T_0000065149,0,0.043895,0
T_0000065237,0,0.145149,0
T_0000065266,1,0.203155,1
T_0000065277,0,0.018138,0
T_0000065395,0,0.056423,0
T_0000065396,1,0.982628,1
T_0000065458,1,0.347864,1
T_0000065469,0,0.051599,0
T_0000065524,1,0.459992,1
T_0000065556,0,0.123309,0
T_0000065573,1,0.088821,0
T_0000065578,1,0.568928,1
T_0000065581,1,0.128643,0
T_0000065587,1,0.331927,1
T_0000065601,1,0.391144,1
T_0000065641,0,0.140586,0
T_0000065659,0,0.026488,0
T_0000065681,1,0.252967,1
T_0000065700,1,0.117279,0
T_0000065713,0,0.200943,1
T_0000065718,1,0.080693,0
T_0000065743,1,0.284429,1
T_0000065745,1,0.256896,1
T_0000065764,1,0.792456,1
T_0000065794,0,0.032930,0
T_0000065814,1,0.258656,1
T_0000065843,1,0.323421,1
T_0000065844,1,0.105296,0
T_0000065876,0,0.017265,0
T_0000065906,0,0.137745,0
T_0000065958,0,0.158310,0
T_0000065989,1,0.218873,1
T_0000065990,0,0.035666,0
T_0000065992,1,0.458225,1
T_0000066038,1,0.943421,1
T_0000066090,1,0.667099,1
T_0000066122,0,0.036559,0
T_0000066126,1,0.954498,1
T_0000066183,1,0.064045,0
T_0000066197,1,0.343208,1
T_0000066199,1,0.871076,1
T_0000066219,1,0.625883,1
T_0000066227,1,0.920605,1
T_0000066229,1,0.858532,1
T_0000066240,1,0.872998,1
T_0000066344,0,0.057211,0
T_0000066362,1,0.352830,1
T_0000066367,0,0.048379,0
T_0000066416,1,0.117056,0
T_0000066429,1,0.522579,1
T_0000066433,1,0.083908,0
T_0000066438,0,0.091640,0
T_0000066448,1,0.804946,1
T_0000066460,0,0.038287,0
T_0000066492,0,0.127357,0
T_0000066496,1,0.992762,1
T_0000066508,1,0.945078,1
T_0000066520,1,0.968405,1
T_0000066525,1,0.978128,1
T_0000066589,1,0.534019,1
T_0000066622,1,0.992966,1
T_0000066640,0,0.196703,1
T_0000066696,1,0.480446,1
T_0000066848,1,0.974020,1
T_0000066856,1,0.985701,1
T_0000066879,0,0.015347,0
T_0000066917,1,0.994933,1
T_0000066929,0,0.304984,1
T_0000066930,0,0.020698,0
T_0000066954,1,0.987353,1
T_0000066978,0,0.471381,1
T_0000066990,1,0.990485,1
T_0000067002,1,0.982747,1
T_0000067133,0,0.129404,0
T_0000067139,0,0.061597,0
T_0000067145,1,0.915779,1
T_0000067174,1,0.756541,1
T_0000067179,1,0.928429,1
T_0000067197,1,0.985920,1
T_0000067214,1,0.930639,1
T_0000067229,1,0.641409,1
T_0000067244,0,0.094925,0
T_0000067266,1,0.948469,1
T_0000067330,1,0.808790,1
T_0000067332,1,0.987307,1
T_0000067377,0,0.121848,0
T_0000067395,1,0.986670,1
T_0000067454,1,0.215941,1
T_0000067473,0,0.070987,0
T_0000067484,0,0.032060,0
T_0000067492,1,0.936549,1
T_0000067496,0,0.080465,0
T_0000067503,0,0.498278,1
T_0000067539,0,0.052578,0
T_0000067567,0,0.017275,0
T_0000067571,0,0.454984,1
T_0000067575,0,0.087959,0
T_0000067606,0,0.041610,0
T_0000067618,1,0.748743,1
T_0000067623,1,0.677202,1
T_0000067640,0,0.046550,0
T_0000067651,1,0.899549,1
T_0000067658,1,0.821071,1
T_0000067674,1,0.307894,1
T_0000067718,1,0.690260,1
T_0000067734,1,0.989507,1
T_0000067736,1,0.752492,1
T_0000067768,1,0.989188,1
T_0000067817,0,0.040503,0
T_0000067837,1,0.844402,1
T_0000067850,1,0.990873,1
T_0000067901,1,0.987151,1
T_0000067918,1,0.957209,1
T_0000067964,0,0.076310,0
T_0000067998,0,0.051638,0
T_0000068047,1,0.812045,1
T_0000068083,0,0.021356,0
T_0000068086,1,0.987013,1
T_0000068098,1,0.982080,1
T_0000068109,0,0.069799,0
T_0000068127,1,0.233457,1
T_0000068150,1,0.869662,1
T_0000068249,1,0.057861,0
T_0000068279,1,0.529879,1
T_0000068301,1,0.195285,1
T_0000068304,1,0.103336,0
T_0000068306,0,0.137526,0
T_0000068341,1,0.119494,0
T_0000068349,0,0.060219,0
T_0000068360,0,0.060946,0
T_0000068382,1,0.630788,1
T_0000068401,1,0.709545,1
T_0000068405,1,0.129264,0
T_0000068479,1,0.971957,1
T_0000068497,1,0.188647,1
T_0000068508,1,0.479035,1
T_0000068527,1,0.063979,0
T_0000068529,0,0.034510,0
T_0000068544,1,0.061315,0
T_0000068563,1,0.653151,1
T_0000068585,1,0.152508,0
T_0000068592,0,0.020376,0
T_0000068612,1,0.980278,1
T_0000068626,0,0.313867,1
T_0000068648,1,0.652854,1
T_0000068773,1,0.360555,1
T_0000068781,0,0.145422,0
T_0000068796,1,0.044662,0
T_0000068806,1,0.119978,0
T_0000068823,1,0.086113,0
T_0000068872,1,0.826532,1
T_0000068885,1,0.972395,1
T_0000068898,1,0.826021,1
T_0000068899,1,0.761284,1
T_0000068910,0,0.098851,0
T_0000068922,0,0.089573,0
T_0000068965,1,0.073831,0
T_0000068983,0,0.029943,0
T_0000069019,1,0.398352,1
T_0000069052,1,0.103362,0
T_0000069117,1,0.899717,1
T_0000069133,0,0.025795,0
T_0000069162,1,0.595482,1
T_0000069191,0,0.018996,0
T_0000069226,1,0.045406,0
T_0000069239,0,0.031016,0
T_0000069257,1,0.157653,0
T_0000069269,1,0.127977,0
T_0000069277,1,0.769715,1
T_0000069300,0,0.100818,0
T_0000069305,1,0.297609,1
T_0000069321,1,0.353023,1
T_0000069353,1,0.757171,1
T_0000069380,0,0.134307,0
T_0000069446,1,0.048576,0
T_0000069515,1,0.906653,1
T_0000069550,1,0.060262,0
T_0000069554,1,0.612020,1
T_0000069574,0,0.035267,0
T_0000069586,0,0.063879,0
T_0000069600,1,0.815093,1
T_0000069631,0,0.056601,0
T_0000069647,1,0.041129,0
T_0000069689,0,0.033269,0
T_0000069693,1,0.296843,1
T_0000069712,0,0.039276,0
T_0000069744,0,0.045841,0
T_0000069769,1,0.688781,1
T_0000069820,1,0.062817,0
T_0000069840,0,0.061494,0
T_0000069903,0,0.107799,0
T_0000069921,1,0.341547,1
T_0000069922,1,0.204285,1
T_0000069936,1,0.274383,1
T_0000069970,0,0.030335,0
T_0000069983,0,0.023387,0
T_0000070005,0,0.039052,0
T_0000070039,0,0.049438,0
T_0000070091,0,0.107531,0
T_0000070101,1,0.391540,1
T_0000070105,1,0.966014,1
T_0000070106,1,0.244152,1
T_0000070119,0,0.121187,0
T_0000070122,1,0.497749,1
T_0000070126,0,0.043367,0
T_0000070127,1,0.826217,1
T_0000070160,1,0.907627,1
T_0000070186,1,0.971930,1
T_0000070226,1,0.947173,1
T_0000070272,1,0.063095,0
T_0000070284,0,0.019501,0
T_0000070290,1,0.491241,1
T_0000070316,1,0.808205,1
T_0000070322,0,0.122337,0
T_0000070329,0,0.049594,0
T_0000070336,1,0.085817,0
T_0000070343,1,0.908669,1
T_0000070365,1,0.631992,1
T_0000070407,0,0.091558,0
T_0000070460,0,0.034425,0
T_0000070466,0,0.035021,0
T_0000070495,1,0.599895,1
T_0000070515,1,0.194811,1
T_0000070521,0,0.198184,1
T_0000070526,1,0.454214,1
T_0000070532,1,0.210469,1
T_0000070550,1,0.430642,1
T_0000070570,1,0.110957,0
T_0000070571,1,0.548747,1
T_0000070596,1,0.111394,0
T_0000070600,1,0.824406,1
T_0000070648,0,0.144674,0
T_0000070670,0,0.030998,0
T_0000070678,1,0.560231,1
T_0000070687,1,0.724907,1
T_0000070697,1,0.934934,1
T_0000070699,1,0.525134,1
T_0000070714,1,0.018923,0
T_0000070728,1,0.673402,1
T_0000070732,1,0.134604,0
T_0000070738,1,0.040704,0
T_0000070747,1,0.977964,1
T_0000070785,0,0.081192,0
T_0000070786,1,0.285511,1
T_0000070795,1,0.449203,1
T_0000070798,1,0.393644,1
T_0000070813,0,0.029148,0
T_0000070820,1,0.283219,1
T_0000070823,1,0.202382,1
T_0000070848,1,0.877531,1
T_0000070852,1,0.668751,1
T_0000070884,0,0.008294,0
T_0000070892,1,0.064091,0
T_0000070941,1,0.204094,1
T_0000070964,0,0.021697,0
T_0000071003,1,0.076053,0
T_0000071007,0,0.040215,0
T_0000071059,0,0.053037,0
T_0000071060,0,0.034192,0
T_0000071088,1,0.157308,0
T_0000071098,0,0.038112,0
T_0000071111,1,0.354599,1
T_0000071149,0,0.073952,0
T_0000071197,0,0.056236,0
T_0000071215,1,0.751730,1
T_0000071227,0,0.094276,0
T_0000071240,1,0.491167,1
T_0000071241,1,0.697807,1
T_0000071271,0,0.049203,0
T_0000071296,1,0.144128,0
T_0000071310,0,0.095601,0
T_0000071327,1,0.972116,1
T_0000071328,1,0.174120,0
T_0000071385,1,0.324210,1
T_0000071387,0,0.042609,0
T_0000071407,1,0.439591,1
T_0000071410,1,0.981586,1
T_0000071443,1,0.228552,1
T_0000071460,1,0.937901,1
T_0000071481,1,0.286944,1
T_0000071554,0,0.043916,0
T_0000071566,1,0.298116,1
T_0000071598,0,0.026469,0
T_0000071599,1,0.377270,1
T_0000071645,0,0.105052,0
T_0000071659,0,0.064440,0
T_0000071684,0,0.026546,0
T_0000071694,1,0.769315,1
T_0000071731,0,0.029269,0
T_0000071745,0,0.038415,0
T_0000071765,1,0.039916,0
T_0000071770,0,0.061429,0
T_0000071792,1,0.805492,1
T_0000071841,1,0.355250,1
T_0000071861,0,0.055638,0
T_0000071870,1,0.788268,1
T_0000071908,1,0.976015,1
T_0000071918,1,0.904826,1
T_0000071921,1,0.940227,1
T_0000071939,1,0.961971,1
T_0000071954,1,0.028604,0
T_0000071985,0,0.058470,0
T_0000072000,1,0.939085,1
T_0000072001,1,0.107460,0
T_0000072012,1,0.773524,1
T_0000072115,0,0.043885,0
T_0000072157,1,0.977279,1
T_0000072158,0,0.082776,0
T_0000072178,1,0.749034,1
T_0000072186,1,0.833774,1
T_0000072194,1,0.155332,0
T_0000072202,1,0.971707,1
T_0000072203,1,0.030798,0
T_0000072215,1,0.882463,1
T_0000072220,0,0.079316,0
T_0000072227,1,0.224475,1
T_0000072248,1,0.031542,0
T_0000072253,1,0.292327,1
T_0000072300,1,0.962231,1
T_0000072310,1,0.971952,1
T_0000072315,1,0.028512,0
T_0000072337,1,0.876218,1
T_0000072372,0,0.037846,0
T_0000072395,1,0.857148,1
T_0000072412,0,0.130299,0
T_0000072442,1,0.436184,1
T_0000072449,0,0.099713,0
T_0000072471,1,0.661065,1
T_0000072497,1,0.990194,1
T_0000072511,1,0.872113,1
T_0000072526,1,0.755447,1
T_0000072663,1,0.983847,1
T_0000072669,0,0.026694,0
T_0000072674,1,0.279507,1
T_0000072744,1,0.503881,1
T_0000072759,0,0.037615,0
T_0000072761,1,0.881071,1
T_0000072764,1,0.923614,1
T_0000072779,1,0.186641,1
T_0000072799,1,0.397087,1
T_0000072806,1,0.116785,0
T_0000072811,0,0.054160,0
T_0000072832,0,0.043590,0
T_0000072843,1,0.831412,1
T_0000072874,0,0.052067,0
T_0000072891,0,0.037807,0
T_0000072900,1,0.409076,1
T_0000072917,1,0.853161,1
T_0000072935,1,0.975002,1
T_0000072955,1,0.045800,0
T_0000072979,0,0.065246,0
T_0000072991,0,0.046913,0
T_0000073026,1,0.080975,0
T_0000073049,0,0.574086,1
T_0000073062,1,0.056192,0
T_0000073121,1,0.097661,0
T_0000073129,1,0.592926,1
T_0000073140,1,0.987356,1
T_0000073159,1,0.074726,0
T_0000073230,1,0.189728,1
T_0000073250,0,0.120890,0
T_0000073256,0,0.029260,0
T_0000073260,0,0.112961,0
T_0000073265,1,0.378825,1
T_0000073271,0,0.354612,1
T_0000073293,0,0.018546,0
T_0000073294,1,0.809919,1
T_0000073333,1,0.676850,1
T_0000073338,0,0.046643,0
T_0000073343,1,0.933687,1
T_0000073365,1,0.580950,1
T_0000073418,1,0.057791,0
T_0000073469,1,0.843972,1
T_0000073493,1,0.811555,1
T_0000073524,0,0.044007,0
T_0000073527,0,0.138643,0
T_0000073578,0,0.075488,0
T_0000073629,0,0.055498,0
T_0000073647,1,0.741486,1
T_0000073658,0,0.119965,0
T_0000073688,1,0.220693,1
T_0000073710,0,0.137376,0
T_0000073716,1,0.939483,1
T_0000073726,1,0.228553,1
T_0000073803,0,0.086969,0
T_0000073815,1,0.240142,1
T_0000073819,0,0.030111,0
T_0000073853,0,0.082433,0
T_0000073871,0,0.110944,0
T_0000073908,0,0.124065,0
T_0000073912,1,0.515556,1
T_0000073968,0,0.039735,0
T_0000074027,1,0.676967,1
T_0000074067,1,0.073522,0
T_0000074085,0,0.055036,0
T_0000074111,1,0.699973,1
T_0000074161,1,0.902329,1
T_0000074174,1,0.271734,1
T_0000074179,1,0.186186,1
T_0000074192,1,0.038005,0
T_0000074196,1,0.845092,1
T_0000074237,1,0.211630,1
T_0000074250,0,0.039806,0
T_0000074268,1,0.059218,0
T_0000074272,1,0.705183,1
T_0000074283,0,0.066900,0
T_0000074295,1,0.025388,0
T_0000074308,1,0.593493,1
T_0000074309,1,0.480421,1
T_0000074310,0,0.097987,0
T_0000074333,1,0.098576,0
T_0000074337,1,0.847244,1
T_0000074346,0,0.216152,1
T_0000074351,1,0.579858,1
T_0000074378,1,0.991515,1
T_0000074379,0,0.054021,0
T_0000074387,0,0.194271,1
T_0000074390,0,0.023556,0
T_0000074392,1,0.681960,1
T_0000074393,1,0.524579,1
T_0000074397,1,0.845301,1
T_0000074424,1,0.832465,1
T_0000074426,0,0.040537,0
T_0000074460,1,0.650127,1
T_0000074532,0,0.029083,0
T_0000074606,0,0.092218,0
T_0000074674,1,0.860495,1
T_0000074677,1,0.119598,0
T_0000074685,1,0.817965,1
T_0000074691,1,0.909274,1
T_0000074725,1,0.954380,1
T_0000074763,0,0.059630,0
T_0000074769,0,0.022302,0
T_0000074801,1,0.092908,0
T_0000074803,0,0.096447,0
T_0000074848,1,0.214154,1
T_0000074852,0,0.030521,0
T_0000074855,1,0.719461,1
T_0000074872,0,0.043541,0
T_0000074873,0,0.036664,0
T_0000074890,0,0.184263,0
T_0000074921,1,0.990793,1
T_0000074925,1,0.938211,1
T_0000074926,1,0.075918,0
T_0000074933,1,0.990777,1
T_0000074937,1,0.934959,1
T_0000074962,1,0.071038,0
T_0000075007,1,0.952082,1
T_0000075034,1,0.108382,0
T_0000075060,0,0.296355,1
T_0000075061,1,0.173619,0
T_0000075098,1,0.149734,0
T_0000075112,1,0.047318,0
T_0000075171,0,0.024783,0
T_0000075205,0,0.049830,0
T_0000075229,1,0.377921,1
T_0000075237,1,0.052152,0
T_0000075254,0,0.032448,0
T_0000075260,0,0.089136,0
T_0000075283,0,0.082483,0
T_0000075286,1,0.823742,1
T_0000075319,1,0.390401,1
T_0000075334,1,0.113751,0
T_0000075343,1,0.562393,1
T_0000075352,1,0.323672,1
T_0000075357,0,0.067944,0
T_0000075361,1,0.974676,1
T_0000075380,0,0.022632,0
T_0000075392,1,0.852497,1
T_0000075401,1,0.088773,0
T_0000075402,1,0.244175,1
T_0000075426,1,0.941491,1
T_0000075439,0,0.074541,0
T_0000075479,0,0.034341,0
T_0000075523,1,0.778649,1
T_0000075556,0,0.024622,0
T_0000075566,0,0.056492,0
T_0000075581,0,0.032088,0
T_0000075584,1,0.503569,1
T_0000075589,0,0.046121,0
T_0000075626,1,0.990491,1
T_0000075659,0,0.069705,0
T_0000075699,1,0.724293,1
T_0000075709,1,0.313314,1
T_0000075713,1,0.306398,1
T_0000075720,1,0.244172,1
T_0000075721,1,0.248060,1
T_0000075726,1,0.872809,1
T_0000075746,0,0.056042,0
T_0000075779,0,0.147707,0
T_0000075822,1,0.357652,1
T_0000075869,1,0.105863,0
T_0000075879,0,0.174691,0
T_0000075894,1,0.597745,1
T_0000075898,1,0.877134,1
T_0000075910,0,0.043532,0
T_0000076008,0,0.079552,0
T_0000076012,0,0.063348,0
T_0000076020,0,0.114546,0
T_0000076046,0,0.026244,0
T_0000076065,1,0.028213,0
T_0000076084,0,0.135038,0
T_0000076088,1,0.303208,1
T_0000076108,0,0.111189,0
T_0000076140,0,0.078069,0
T_0000076147,1,0.855413,1
T_0000076159,1,0.441306,1
T_0000076174,1,0.553792,1
T_0000076178,0,0.036371,0
T_0000076179,1,0.448330,1
T_0000076199,1,0.246863,1
T_0000076216,0,0.038915,0
T_0000076241,0,0.871159,1
T_0000076293,0,0.028675,0
T_0000076320,1,0.107092,0
T_0000076354,1,0.671457,1
T_0000076405,0,0.068232,0
T_0000076413,1,0.919403,1
T_0000076422,1,0.598921,1
T_0000076453,1,0.957157,1
T_0000076536,1,0.934643,1
T_0000076539,1,0.504668,1
T_0000076558,1,0.178792,0
T_0000076566,1,0.474562,1
T_0000076573,1,0.760729,1
T_0000076574,1,0.639641,1
T_0000076577,0,0.112422,0
T_0000076580,1,0.767760,1
T_0000076596,1,0.389571,1
T_0000076603,0,0.043663,0
T_0000076636,1,0.420217,1
T_0000076677,0,0.167612,0
T_0000076742,1,0.837322,1
T_0000076809,1,0.888782,1
T_0000076816,1,0.717630,1
T_0000076868,1,0.994743,1
T_0000076929,1,0.912817,1
T_0000077027,0,0.035367,0
T_0000077061,1,0.977088,1
T_0000077088,1,0.974416,1
T_0000077138,0,0.401646,1
T_0000077157,1,0.990380,1
T_0000077186,0,0.712802,1
T_0000077190,1,0.990122,1
T_0000077219,0,0.052394,0
T_0000077220,1,0.984080,1
T_0000077226,1,0.866405,1
T_0000077228,1,0.972628,1
T_0000077230,1,0.909495,1
T_0000077232,0,0.032808,0
T_0000077234,0,0.585478,1
T_0000077249,1,0.957866,1
T_0000077265,1,0.987356,1
T_0000077269,1,0.986595,1
T_0000077287,0,0.009680,0
T_0000077385,0,0.008288,0
T_0000077391,1,0.989268,1
T_0000077394,0,0.017210,0
T_0000077410,0,0.098720,0
T_0000077441,1,0.992385,1
T_0000077453,1,0.983311,1
T_0000077497,1,0.986946,1
T_0000077500,0,0.209602,1
T_0000077522,0,0.230924,1
T_0000077553,1,0.985450,1
T_0000077612,1,0.981790,1
T_0000077616,1,0.955697,1
T_0000077617,1,0.892376,1
T_0000077656,1,0.094669,0
T_0000077675,0,0.179008,0
T_0000077702,0,0.122686,0
T_0000077724,0,0.079272,0
T_0000077730,0,0.054895,0
T_0000077757,1,0.954881,1
T_0000077782,0,0.027401,0
T_0000077792,1,0.174499,0
T_0000077863,1,0.535913,1
T_0000077902,0,0.057937,0
T_0000077960,1,0.115530,0
T_0000077985,1,0.815812,1
T_0000077987,1,0.301948,1
T_0000078027,1,0.767140,1
T_0000078028,1,0.060823,0
T_0000078041,1,0.676881,1
T_0000078060,1,0.974711,1
T_0000078071,1,0.058717,0
T_0000078080,1,0.870202,1
T_0000078113,1,0.583240,1
T_0000078148,0,0.027752,0
T_0000078202,1,0.195884,1
T_0000078214,1,0.699626,1
T_0000078265,0,0.031033,0
T_0000078312,1,0.577087,1
T_0000078328,1,0.464745,1
T_0000078337,0,0.066216,0
T_0000078350,0,0.069492,0
T_0000078370,1,0.024232,0
T_0000078374,0,0.013465,0
T_0000078376,1,0.469611,1
T_0000078391,1,0.970622,1
T_0000078393,0,0.039562,0
T_0000078419,0,0.132814,0
T_0000078429,1,0.637012,1
T_0000078502,0,0.024656,0
T_0000078559,0,0.056405,0
T_0000078570,1,0.308097,1
T_0000078608,0,0.005925,0
T_0000078631,0,0.097921,0
T_0000078635,1,0.978003,1
T_0000078649,1,0.121628,0
T_0000078660,1,0.968894,1
T_0000078702,1,0.047829,0
T_0000078713,1,0.206081,1
T_0000078715,1,0.930494,1
T_0000078724,0,0.151108,0
T_0000078755,1,0.951857,1
T_0000078775,1,0.549070,1
T_0000078830,1,0.133859,0
T_0000078885,0,0.057767,0
T_0000078889,1,0.974265,1
T_0000078913,0,0.069083,0
T_0000078923,0,0.040775,0
T_0000079075,0,0.012476,0
T_0000079076,1,0.844914,1
T_0000079109,1,0.717598,1
T_0000079119,1,0.971648,1
T_0000079143,1,0.978883,1
T_0000079164,1,0.223334,1
T_0000079181,1,0.069447,0
T_0000079199,1,0.851682,1
T_0000079285,0,0.035930,0
T_0000079395,0,0.788969,1
T_0000079405,0,0.061042,0
T_0000079407,1,0.980947,1
T_0000079425,0,0.168955,0
T_0000079471,0,0.083602,0
T_0000079535,1,0.896806,1
T_0000079542,0,0.026192,0
T_0000079570,1,0.991991,1
T_0000079587,1,0.982440,1
T_0000079656,0,0.033966,0
T_0000079704,1,0.982373,1
T_0000079748,0,0.073586,0
T_0000079766,1,0.964899,1
T_0000079806,1,0.989683,1
T_0000079854,1,0.984124,1
T_0000079893,1,0.993240,1
T_0000079920,1,0.986744,1
T_0000079970,1,0.986663,1
T_0000079984,1,0.980989,1
T_0000080037,1,0.995446,1
T_0000080105,1,0.992362,1
T_0000080106,0,0.461670,1
T_0000080134,1,0.991209,1
T_0000080165,1,0.989175,1
T_0000080167,1,0.968862,1
T_0000080188,0,0.274714,1
T_0000080212,1,0.992047,1
T_0000080221,0,0.137331,0
T_0000080268,0,0.300728,1
T_0000080287,0,0.129272,0
T_0000080314,1,0.922690,1
T_0000080342,1,0.991618,1
T_0000080383,1,0.985516,1
T_0000080403,1,0.241469,1
T_0000080421,1,0.140271,0
T_0000080460,0,0.056680,0
T_0000080470,1,0.643053,1
T_0000080486,1,0.055813,0
T_0000080511,1,0.557823,1
T_0000080520,0,0.037509,0
T_0000080522,1,0.890491,1
T_0000080567,1,0.233106,1
T_0000080601,1,0.837071,1
T_0000080653,1,0.045431,0
T_0000080664,0,0.059568,0
T_0000080719,1,0.890000,1
T_0000080722,1,0.917412,1
T_0000080752,1,0.445089,1
T_0000080786,1,0.405429,1
T_0000080801,0,0.013329,0
T_0000080835,1,0.566698,1
T_0000080869,1,0.510233,1
T_0000080879,0,0.035527,0
T_0000080914,1,0.110002,0
T_0000080966,1,0.838543,1
T_0000080968,0,0.141479,0
T_0000080970,1,0.110888,0
T_0000080994,0,0.022572,0
T_0000081022,1,0.662440,1
T_0000081029,1,0.865249,1
T_0000081109,1,0.555830,1
T_0000081128,1,0.083338,0
T_0000081137,1,0.992308,1
T_0000081225,1,0.883248,1
T_0000081238,1,0.957073,1
T_0000081271,1,0.940008,1
T_0000081289,1,0.724442,1
T_0000081294,1,0.977738,1
T_0000081311,1,0.903317,1
T_0000081315,0,0.032701,0
T_0000081316,1,0.788351,1
T_0000081332,1,0.929201,1
T_0000081334,1,0.295701,1
T_0000081342,1,0.154004,0
T_0000081359,1,0.720725,1
T_0000081415,1,0.308105,1
T_0000081438,1,0.321087,1
T_0000081451,0,0.052482,0
T_0000081456,1,0.519251,1
T_0000081467,1,0.799445,1
T_0000081489,0,0.104986,0
T_0000081507,1,0.302568,1
T_0000081528,1,0.749469,1
T_0000081529,1,0.768522,1
T_0000081554,1,0.528023,1
T_0000081577,1,0.947156,1
T_0000081596,0,0.294002,1
T_0000081606,1,0.990192,1
T_0000081628,0,0.072187,0
T_0000081633,0,0.067416,0
T_0000081665,0,0.093409,0
T_0000081672,1,0.076615,0
T_0000081675,1,0.444618,1
T_0000081680,1,0.919830,1
T_0000081684,1,0.529963,1
T_0000081696,0,0.077906,0
T_0000081700,1,0.970300,1
T_0000081730,0,0.145208,0
T_0000081747,1,0.989680,1
T_0000081753,1,0.991084,1
T_0000081773,0,0.045355,0
T_0000081791,1,0.991874,1
T_0000081876,1,0.956051,1
T_0000081931,1,0.974817,1
T_0000081946,0,0.256906,1
T_0000081995,1,0.954409,1
T_0000081996,1,0.524176,1
T_0000082020,1,0.971227,1
T_0000082030,0,0.048519,0
T_0000082047,1,0.981005,1
T_0000082058,0,0.843808,1
T_0000082070,1,0.986621,1
T_0000082071,0,0.025570,0
T_0000082087,1,0.856982,1
T_0000082098,1,0.824621,1
T_0000082112,1,0.991966,1
T_0000082121,1,0.929486,1
T_0000082131,0,0.032505,0
T_0000082164,1,0.981722,1
T_0000082168,0,0.043042,0
T_0000082199,0,0.040865,0
T_0000082246,1,0.729027,1
T_0000082275,0,0.971044,1
T_0000082289,0,0.024560,0
T_0000082294,1,0.943094,1
T_0000082379,1,0.988887,1
T_0000082380,0,0.336516,1
T_0000082390,1,0.835831,1
T_0000082396,1,0.967579,1
T_0000082425,1,0.679083,1
T_0000082429,1,0.703478,1
T_0000082430,0,0.028175,0
T_0000082461,1,0.891487,1
T_0000082481,0,0.103548,0
T_0000082501,1,0.954294,1
T_0000082577,1,0.890061,1
T_0000082610,1,0.383872,1
T_0000082662,1,0.403235,1
T_0000082697,1,0.510297,1
T_0000082708,1,0.452399,1
T_0000082725,0,0.076586,0
T_0000082734,1,0.206510,1
T_0000082737,0,0.107847,0
T_0000082777,1,0.222554,1
T_0000082894,1,0.070181,0
T_0000082943,0,0.091005,0
T_0000082953,1,0.555186,1
T_0000082963,1,0.215875,1
T_0000083004,1,0.281471,1
T_0000083020,1,0.141750,0
T_0000083044,1,0.427926,1
T_0000083060,1,0.898088,1
T_0000083096,0,0.016039,0
T_0000083102,1,0.959810,1
T_0000083112,1,0.070354,0
T_0000083161,1,0.035420,0
T_0000083201,1,0.349686,1
T_0000083203,1,0.227587,1
T_0000083245,1,0.585882,1
T_0000083302,0,0.134932,0
T_0000083339,0,0.151364,0
T_0000083352,1,0.883446,1
T_0000083368,1,0.062545,0
T_0000083378,0,0.051315,0
T_0000083410,0,0.036207,0
T_0000083417,0,0.076320,0
T_0000083420,1,0.267895,1
T_0000083470,1,0.756712,1
T_0000083475,0,0.012759,0
T_0000083484,0,0.079965,0
T_0000083487,0,0.033097,0
T_0000083511,1,0.288008,1
T_0000083561,1,0.702185,1
T_0000083626,0,0.019127,0
T_0000083653,1,0.609292,1
T_0000083666,0,0.158879,0
T_0000083736,1,0.086491,0
T_0000083814,1,0.450474,1
T_0000083836,0,0.090106,0
T_0000083907,1,0.250350,1
T_0000083927,1,0.090306,0
T_0000083939,1,0.302626,1
T_0000083957,1,0.852914,1
T_0000083965,1,0.139748,0
T_0000083978,1,0.970634,1
T_0000083995,0,0.016164,0
T_0000084017,1,0.964993,1
T_0000084019,1,0.642665,1
T_0000084025,1,0.548001,1
T_0000084085,1,0.946143,1
T_0000084089,1,0.528006,1
T_0000084094,1,0.424309,1
T_0000084116,1,0.069438,0
T_0000084198,1,0.822310,1
T_0000084223,1,0.080761,0
T_0000084229,0,0.019991,0
T_0000084236,1,0.464140,1
T_0000084255,0,0.052115,0
T_0000084256,0,0.183717,0
T_0000084263,1,0.923522,1
T_0000084269,1,0.291694,1
T_0000084272,1,0.624426,1
T_0000084298,1,0.063047,0
T_0000084303,1,0.339667,1
T_0000084384,1,0.149722,0
T_0000084426,0,0.077990,0
T_0000084433,1,0.728110,1
T_0000084477,1,0.118316,0
T_0000084483,0,0.175035,0
T_0000084488,1,0.374753,1
T_0000084533,1,0.193851,1
T_0000084540,1,0.513126,1
T_0000084589,1,0.076161,0
T_0000084608,0,0.044110,0
T_0000084613,1,0.835990,1
T_0000084660,1,0.048045,0
T_0000084661,1,0.656615,1
T_0000084697,1,0.074000,0
T_0000084770,0,0.146502,0
T_0000084780,1,0.176207,0
T_0000084785,1,0.696384,1
T_0000084827,1,0.039639,0
T_0000084861,1,0.222457,1
T_0000084870,1,0.332839,1
T_0000084884,1,0.352747,1
T_0000084894,0,0.074371,0
T_0000084903,0,0.021597,0
T_0000084916,0,0.033592,0
T_0000084919,0,0.015855,0
T_0000084947,1,0.202121,1
T_0000084953,1,0.665511,1
T_0000084980,1,0.420279,1
T_0000084995,1,0.940033,1
T_0000085014,0,0.071131,0
T_0000085043,1,0.725214,1
T_0000085063,0,0.049257,0
T_0000085125,0,0.107091,0
T_0000085135,0,0.032742,0
T_0000085154,1,0.932165,1
T_0000085157,1,0.967925,1
T_0000085182,1,0.095720,0
T_0000085218,1,0.513753,1
T_0000085243,1,0.967605,1
T_0000085276,0,0.043964,0
T_0000085279,1,0.208313,1
T_0000085284,1,0.911730,1
T_0000085312,1,0.845910,1
T_0000085353,0,0.009811,0
T_0000085373,0,0.040700,0
T_0000085387,0,0.065051,0
T_0000085393,0,0.071734,0
T_0000085394,1,0.443672,1
T_0000085405,1,0.985923,1
T_0000085414,1,0.319985,1
T_0000085424,1,0.551834,1
T_0000085440,1,0.268856,1
T_0000085449,1,0.581868,1
T_0000085462,0,0.008028,0
T_0000085464,0,0.036510,0
T_0000085467,1,0.134922,0
T_0000085475,1,0.724509,1
T_0000085524,1,0.283127,1
T_0000085546,0,0.011272,0
T_0000085552,1,0.835713,1
T_0000085608,1,0.711812,1
T_0000085613,1,0.902815,1
T_0000085668,1,0.914612,1
T_0000085689,1,0.488780,1
T_0000085703,0,0.237943,1
T_0000085740,1,0.080775,0
T_0000085742,0,0.064528,0
T_0000085750,1,0.253069,1
T_0000085777,1,0.802620,1
T_0000085783,0,0.027429,0
T_0000085802,0,0.039941,0
T_0000085805,1,0.975173,1
T_0000085822,0,0.034348,0
T_0000085823,1,0.124734,0
T_0000085843,1,0.871867,1
T_0000085858,0,0.059728,0
T_0000085891,0,0.042879,0
T_0000085897,1,0.978185,1
T_0000085902,0,0.027095,0
T_0000085930,0,0.060248,0
T_0000085934,1,0.053265,0
T_0000085941,1,0.532692,1
T_0000085954,1,0.137166,0
T_0000085982,0,0.216618,1
T_0000086074,1,0.133609,0
T_0000086075,0,0.080276,0
T_0000086076,1,0.494415,1
T_0000086083,0,0.043469,0
T_0000086098,0,0.049223,0
T_0000086124,1,0.111275,0
T_0000086153,0,0.072430,0
T_0000086170,0,0.038983,0
T_0000086178,1,0.404845,1
T_0000086182,0,0.052895,0
T_0000086205,0,0.108488,0
T_0000086209,0,0.124401,0
T_0000086224,0,0.007167,0
T_0000086233,0,0.011381,0
T_0000086234,0,0.034800,0
T_0000086238,0,0.120209,0
T_0000086267,0,0.452641,1
T_0000086327,0,0.042926,0
T_0000086335,0,0.078598,0
T_0000086357,1,0.849747,1
T_0000086375,1,0.649700,1
T_0000086379,1,0.396016,1
T_0000086383,0,0.056842,0
T_0000086413,1,0.946386,1
T_0000086420,1,0.808400,1
T_0000086466,0,0.140220,0
T_0000086477,1,0.051023,0
T_0000086510,1,0.119896,0
T_0000086538,1,0.030419,0
T_0000086564,1,0.032811,0
T_0000086582,1,0.244973,1
T_0000086589,1,0.399064,1
T_0000086590,1,0.943796,1
T_0000086602,1,0.972329,1
T_0000086626,1,0.966915,1
T_0000086662,1,0.988485,1
T_0000086668,1,0.143847,0
T_0000086697,1,0.930564,1
T_0000086742,1,0.965404,1
T_0000086748,0,0.018462,0
T_0000086753,1,0.875588,1
T_0000086775,1,0.703321,1
T_0000086833,1,0.559085,1
T_0000086848,1,0.904317,1
T_0000086849,1,0.809880,1
T_0000086854,1,0.148009,0
T_0000086878,1,0.469362,1
T_0000086888,0,0.036606,0
T_0000086908,0,0.072467,0
T_0000086912,1,0.868685,1
T_0000086920,0,0.039981,0
T_0000086941,1,0.255207,1
T_0000086943,1,0.659107,1
T_0000086964,1,0.935834,1
T_0000086984,1,0.850210,1
T_0000086985,1,0.968942,1
T_0000087033,1,0.868331,1
T_0000087162,1,0.777732,1
T_0000087181,0,0.040331,0
T_0000087332,1,0.076844,0
T_0000087359,1,0.732694,1
T_0000087378,1,0.990008,1
T_0000087396,1,0.981471,1
T_0000087438,1,0.792447,1
T_0000087454,1,0.377930,1
T_0000087513,1,0.676793,1
T_0000087532,0,0.032736,0
T_0000087539,1,0.969739,1
T_0000087559,0,0.100850,0
T_0000087576,1,0.941190,1
T_0000087585,1,0.254529,1
T_0000087590,1,0.096199,0
T_0000087620,1,0.484764,1
T_0000087643,1,0.028345,0
T_0000087663,0,0.022914,0
T_0000087670,1,0.058887,0
T_0000087694,1,0.106684,0
T_0000087716,1,0.724727,1
T_0000087742,1,0.366539,1
T_0000087752,1,0.201987,1
T_0000087782,1,0.021228,0
T_0000087798,1,0.609534,1
T_0000087832,1,0.239410,1
T_0000087847,1,0.366764,1
T_0000087862,1,0.527034,1
T_0000087907,1,0.053408,0
T_0000087910,0,0.039675,0
T_0000087932,1,0.049581,0
T_0000087937,0,0.089826,0
T_0000087939,1,0.992745,1
T_0000087983,1,0.138949,0
T_0000087989,1,0.104082,0
T_0000087990,1,0.350389,1
T_0000088008,1,0.870212,1
T_0000088012,1,0.129333,0
T_0000088013,0,0.052656,0
T_0000088032,1,0.671698,1
T_0000088051,0,0.025622,0
T_0000088095,1,0.579518,1
T_0000088097,0,0.071905,0
T_0000088173,1,0.834982,1
T_0000088175,1,0.172117,0
T_0000088181,1,0.704625,1
T_0000088186,0,0.187651,1
T_0000088246,1,0.696490,1
T_0000088271,0,0.133782,0
T_0000088287,1,0.937048,1
T_0000088289,1,0.155290,0
T_0000088322,0,0.059868,0
T_0000088325,1,0.968655,1
T_0000088333,1,0.468175,1
T_0000088371,1,0.107410,0
T_0000088385,0,0.021528,0
T_0000088395,1,0.043762,0
T_0000088415,1,0.604300,1
T_0000088418,1,0.051494,0
T_0000088429,0,0.125161,0
T_0000088436,0,0.047934,0
T_0000088444,1,0.741621,1
T_0000088498,1,0.948390,1
T_0000088508,1,0.536236,1
T_0000088514,1,0.154557,0
T_0000088525,1,0.833301,1
T_0000088530,1,0.414387,1
T_0000088555,0,0.116276,0
T_0000088611,1,0.285742,1
T_0000088616,0,0.045653,0
T_0000088618,0,0.185439,1
T_0000088646,1,0.810259,1
T_0000088674,0,0.169659,0
T_0000088741,1,0.105026,0
T_0000088771,1,0.315891,1
T_0000088794,0,0.055792,0
T_0000088820,0,0.075566,0
T_0000088822,1,0.047887,0
T_0000088828,1,0.817472,1
T_0000088847,1,0.181828,0
T_0000088848,1,0.031251,0
T_0000088861,1,0.182827,0
T_0000088901,1,0.049438,0
T_0000088914,1,0.143670,0
T_0000088928,1,0.882786,1
T_0000088932,1,0.170413,0
T_0000088977,1,0.978100,1
T_0000088979,1,0.882593,1
T_0000088998,1,0.951913,1
T_0000089041,1,0.336233,1
T_0000089062,1,0.285072,1
T_0000089094,1,0.081677,0
T_0000089102,0,0.050172,0
T_0000089143,0,0.037514,0
T_0000089180,1,0.758256,1
T_0000089227,0,0.099981,0
T_0000089243,1,0.819808,1
T_0000089323,0,0.018917,0
T_0000089352,0,0.110979,0
T_0000089376,0,0.049546,0
T_0000089378,0,0.091543,0
T_0000089384,1,0.105477,0
T_0000089387,1,0.135745,0
T_0000089399,1,0.027074,0
T_0000089437,0,0.076705,0
T_0000089443,1,0.357571,1
T_0000089473,1,0.067016,0
T_0000089524,1,0.605490,1
T_0000089541,0,0.174893,0
T_0000089552,0,0.062539,0
T_0000089576,1,0.160019,0
T_0000089649,0,0.090861,0
T_0000089653,0,0.114066,0
T_0000089678,1,0.353536,1
T_0000089710,0,0.035140,0
T_0000089720,1,0.383257,1
T_0000089722,1,0.356034,1
T_0000089728,1,0.868594,1
T_0000089731,1,0.820084,1
T_0000089755,1,0.771662,1
T_0000089783,1,0.040713,0
T_0000089845,1,0.745500,1
T_0000089847,1,0.063082,0
T_0000089864,1,0.469374,1
T_0000089890,1,0.512581,1
T_0000089891,0,0.065033,0
T_0000089918,1,0.064967,0
T_0000089928,1,0.184765,0
T_0000089981,1,0.649416,1
T_0000090000,1,0.122383,0
T_0000090014,1,0.089755,0
T_0000090031,1,0.834699,1
T_0000090054,1,0.571059,1
T_0000090064,1,0.268857,1
T_0000090109,1,0.871119,1
T_0000090142,1,0.786903,1
T_0000090154,0,0.069824,0
T_0000090183,1,0.486564,1
T_0000090192,1,0.127749,0
T_0000090212,1,0.529583,1
T_0000090222,0,0.021717,0
T_0000090238,1,0.778097,1
T_0000090253,1,0.068519,0
T_0000090267,1,0.964948,1
T_0000090273,0,0.158215,0
T_0000090275,1,0.855267,1
T_0000090286,0,0.046276,0
T_0000090335,1,0.098695,0
T_0000090353,1,0.852791,1
T_0000090416,0,0.018133,0
T_0000090425,1,0.629098,1
T_0000090448,1,0.138927,0
T_0000090454,1,0.433756,1
T_0000090477,1,0.140327,0
T_0000090506,0,0.086615,0
T_0000090518,0,0.041937,0
T_0000090533,1,0.385584,1
T_0000090595,1,0.189303,1
T_0000090602,0,0.073005,0
T_0000090605,1,0.465597,1
T_0000090606,0,0.042842,0
T_0000090626,0,0.062007,0
T_0000090632,0,0.055695,0
T_0000090647,0,0.062970,0
T_0000090698,1,0.386684,1
T_0000090720,1,0.617960,1
T_0000090724,1,0.533547,1
T_0000090727,1,0.881473,1
T_0000090751,0,0.077186,0
T_0000090846,0,0.652901,1
T_0000090883,1,0.780424,1
T_0000090913,1,0.110731,0
T_0000090962,1,0.248195,1
T_0000090975,0,0.106879,0
T_0000091027,0,0.129022,0
T_0000091049,0,0.088557,0
T_0000091058,1,0.437082,1
T_0000091096,0,0.093092,0
T_0000091097,0,0.086461,0
T_0000091098,1,0.119920,0
T_0000091100,1,0.376288,1
T_0000091143,1,0.418878,1
T_0000091149,0,0.029885,0
T_0000091188,1,0.691783,1
T_0000091215,1,0.387199,1
T_0000091222,1,0.307748,1
T_0000091230,0,0.045935,0
T_0000091241,0,0.106259,0
T_0000091270,1,0.067011,0
T_0000091277,1,0.874581,1
T_0000091291,1,0.374856,1
T_0000091304,1,0.722100,1
T_0000091374,0,0.017720,0
T_0000091386,1,0.798858,1
T_0000091389,1,0.203389,1
T_0000091402,1,0.134935,0
T_0000091412,1,0.966697,1
T_0000091425,0,0.017938,0
T_0000091429,0,0.030085,0
T_0000091513,1,0.800394,1
T_0000091617,1,0.107512,0
T_0000091635,1,0.208509,1
T_0000091645,1,0.717777,1
T_0000091646,1,0.963609,1
T_0000091661,0,0.048175,0
T_0000091665,1,0.628414,1
T_0000091673,1,0.968732,1
T_0000091695,1,0.128129,0
T_0000091708,1,0.934905,1
T_0000091741,1,0.962410,1
T_0000091756,0,0.138358,0
T_0000091773,1,0.487109,1
T_0000091821,1,0.966866,1
T_0000091848,1,0.664244,1
T_0000091897,1,0.712660,1
T_0000091898,1,0.895297,1
T_0000091921,1,0.478548,1
T_0000091934,1,0.872826,1
T_0000092006,1,0.643341,1
T_0000092082,1,0.912487,1
T_0000092083,1,0.071707,0
T_0000092114,1,0.837616,1
T_0000092115,0,0.035143,0
T_0000092134,0,0.035741,0
T_0000092142,1,0.041238,0
T_0000092176,0,0.029858,0
T_0000092178,0,0.027376,0
T_0000092179,1,0.197200,1
T_0000092181,0,0.072584,0
T_0000092183,1,0.823217,1
T_0000092191,1,0.659830,1
T_0000092198,1,0.219901,1
T_0000092199,0,0.158853,0
T_0000092213,1,0.289397,1
T_0000092233,0,0.029341,0
T_0000092235,1,0.279278,1
T_0000092239,1,0.378071,1
T_0000092251,0,0.043425,0
T_0000092300,1,0.549364,1
T_0000092323,1,0.208165,1
T_0000092326,1,0.960845,1
T_0000092373,1,0.392097,1
T_0000092400,0,0.388555,1
T_0000092411,1,0.592517,1
T_0000092421,0,0.016064,0
T_0000092453,1,0.510847,1
T_0000092460,1,0.952347,1
T_0000092471,0,0.101457,0
T_0000092472,1,0.850485,1
T_0000092539,0,0.021872,0
T_0000092548,1,0.323086,1
T_0000092591,1,0.476110,1
T_0000092595,0,0.123268,0
T_0000092598,1,0.985597,1
T_0000092600,1,0.028658,0
T_0000092652,0,0.055284,0
T_0000092655,1,0.141770,0
T_0000092677,1,0.930525,1
T_0000092728,1,0.697807,1
T_0000092735,0,0.031144,0
T_0000092835,0,0.073436,0
T_0000092841,1,0.224009,1
T_0000092857,1,0.969860,1
T_0000092871,1,0.754170,1
T_0000092886,1,0.942827,1
T_0000092887,0,0.095953,0
T_0000092897,1,0.770601,1
T_0000092905,1,0.263444,1
T_0000092906,1,0.962062,1
T_0000092927,0,0.039948,0
T_0000092930,0,0.114808,0
T_0000092940,1,0.163699,0
T_0000092945,1,0.314717,1
T_0000092992,1,0.586383,1
T_0000093022,1,0.972566,1
T_0000093047,1,0.874140,1
T_0000093069,1,0.674386,1
T_0000093092,1,0.353307,1
T_0000093113,1,0.980978,1
T_0000093128,1,0.138741,0
T_0000093168,1,0.182427,0
T_0000093170,1,0.021252,0
T_0000093178,1,0.937070,1
T_0000093207,1,0.456238,1
T_0000093279,1,0.120917,0
T_0000093298,1,0.312515,1
T_0000093333,0,0.109364,0
T_0000093348,0,0.094509,0
T_0000093358,1,0.945823,1
T_0000093373,1,0.185929,1
T_0000093465,1,0.846392,1
T_0000093478,1,0.135824,0
T_0000093480,0,0.161169,0
T_0000093481,0,0.015259,0
T_0000093498,0,0.058548,0
T_0000093505,1,0.664023,1
T_0000093527,0,0.173188,0
T_0000093539,1,0.990487,1
T_0000093573,0,0.124308,0
T_0000093614,0,0.054821,0
T_0000093627,1,0.078792,0
T_0000093636,1,0.488696,1
T_0000093644,1,0.926688,1
T_0000093678,1,0.593760,1
T_0000093679,1,0.079243,0
T_0000093706,1,0.543481,1
T_0000093707,1,0.071798,0
T_0000093712,0,0.030321,0
T_0000093780,1,0.567326,1
T_0000093825,1,0.527023,1
T_0000093828,1,0.106705,0
T_0000093835,1,0.898618,1
T_0000093854,1,0.987626,1
T_0000093855,1,0.658552,1
T_0000093898,1,0.117432,0
T_0000093906,1,0.650481,1
T_0000093919,1,0.170871,0
T_0000093962,0,0.016180,0
T_0000094010,1,0.621285,1
T_0000094033,1,0.333548,1
T_0000094038,1,0.712737,1
T_0000094042,1,0.045467,0
T_0000094046,0,0.023278,0
T_0000094061,1,0.682937,1
T_0000094064,1,0.247469,1
T_0000094087,0,0.025817,0
T_0000094104,0,0.065397,0
T_0000094114,1,0.755926,1
T_0000094128,0,0.050127,0
T_0000094130,1,0.723244,1
T_0000094180,1,0.942859,1
T_0000094194,1,0.324080,1
T_0000094203,0,0.069527,0
T_0000094222,1,0.829673,1
T_0000094274,1,0.824900,1
T_0000094284,1,0.938924,1
T_0000094296,0,0.047049,0
T_0000094303,1,0.583025,1
T_0000094347,1,0.990745,1
T_0000094348,1,0.781560,1
T_0000094357,1,0.919806,1
T_0000094359,0,0.210516,1
T_0000094390,1,0.747962,1
T_0000094437,1,0.371363,1
T_0000094453,1,0.663215,1
T_0000094468,1,0.916520,1
T_0000094474,1,0.186191,1
T_0000094475,0,0.053030,0
T_0000094478,1,0.991049,1
T_0000094485,1,0.858031,1
T_0000094532,0,0.037628,0
T_0000094541,1,0.966014,1
T_0000094590,1,0.596144,1
T_0000094680,1,0.986817,1
T_0000094688,1,0.132521,0
T_0000094696,0,0.026490,0
T_0000094701,1,0.124112,0
T_0000094722,1,0.918359,1
T_0000094762,0,0.069452,0
T_0000094783,1,0.354353,1
T_0000094818,1,0.740596,1
T_0000094862,1,0.192633,1
T_0000094897,1,0.108691,0
T_0000094909,1,0.976429,1
T_0000094916,1,0.145173,0
T_0000094920,0,0.080573,0
T_0000094929,1,0.954950,1
T_0000094959,1,0.723636,1
T_0000094975,1,0.135764,0
T_0000095011,1,0.732977,1
T_0000095029,0,0.055931,0
T_0000095034,0,0.055218,0
T_0000095052,1,0.846098,1
T_0000095058,0,0.097170,0
T_0000095109,1,0.054975,0
T_0000095141,0,0.036532,0
T_0000095186,1,0.262624,1
T_0000095187,0,0.032959,0
T_0000095201,0,0.059177,0
T_0000095203,0,0.054086,0
T_0000095206,1,0.849487,1
T_0000095214,1,0.487817,1
T_0000095231,0,0.063808,0
T_0000095239,1,0.880950,1
T_0000095263,0,0.032484,0
T_0000095279,0,0.089358,0
T_0000095288,1,0.609824,1
T_0000095309,1,0.853722,1
T_0000095312,1,0.964458,1
T_0000095325,1,0.739812,1
T_0000095343,1,0.477211,1
T_0000095360,0,0.217491,1
T_0000095380,1,0.616572,1
T_0000095399,1,0.739552,1
T_0000095438,0,0.086747,0
T_0000095499,1,0.973250,1
T_0000095538,0,0.028820,0
T_0000095539,0,0.054565,0
T_0000095555,0,0.087337,0
T_0000095580,1,0.691322,1
T_0000095592,1,0.487143,1
T_0000095669,0,0.044163,0
T_0000095682,1,0.315248,1
T_0000095684,1,0.048288,0
T_0000095703,1,0.712369,1
T_0000095730,1,0.212901,1
T_0000095752,0,0.062582,0
T_0000095772,0,0.048554,0
T_0000095785,1,0.760261,1
T_0000095831,1,0.038906,0
T_0000095855,0,0.083142,0
T_0000095862,0,0.027342,0
T_0000095863,1,0.906843,1
T_0000095877,1,0.190716,1
T_0000095914,1,0.759236,1
T_0000095923,1,0.172418,0
T_0000095951,1,0.487216,1
T_0000095966,1,0.292667,1
T_0000095975,1,0.631579,1
T_0000095991,0,0.022573,0
T_0000096000,1,0.474203,1
T_0000096012,1,0.648388,1
T_0000096069,1,0.581253,1
T_0000096074,0,0.066471,0
T_0000096076,0,0.095751,0
T_0000096105,1,0.987923,1
T_0000096148,1,0.971019,1
T_0000096201,0,0.007437,0
T_0000096213,0,0.033432,0
T_0000096285,1,0.919987,1
T_0000096299,1,0.296850,1
T_0000096360,1,0.980720,1
T_0000096363,0,0.031343,0
T_0000096365,1,0.655187,1
T_0000096367,0,0.057586,0
T_0000096379,1,0.982498,1
T_0000096380,0,0.103042,0
T_0000096397,0,0.028327,0
T_0000096408,0,0.027480,0
T_0000096422,1,0.982105,1
T_0000096426,0,0.140575,0
T_0000096473,0,0.058116,0
T_0000096484,0,0.031086,0
T_0000096517,1,0.989981,1
T_0000096519,1,0.637734,1
T_0000096543,1,0.809805,1
T_0000096548,0,0.061754,0
T_0000096556,0,0.019343,0
T_0000096578,0,0.112208,0
T_0000096584,0,0.091448,0
T_0000096632,0,0.015304,0
T_0000096673,1,0.943528,1
T_0000096728,0,0.060810,0
T_0000096772,1,0.023776,0
T_0000096792,0,0.703098,1
T_0000096803,1,0.948417,1
T_0000096819,1,0.675022,1
T_0000096823,1,0.989773,1
T_0000096840,0,0.037260,0
T_0000096851,0,0.070166,0
T_0000096852,0,0.046904,0
T_0000096854,0,0.238255,1
T_0000096876,1,0.238867,1
T_0000096903,1,0.873790,1
T_0000096925,0,0.024122,0
T_0000096932,1,0.943152,1
T_0000096952,0,0.013124,0
T_0000096978,1,0.843814,1
T_0000096983,1,0.804077,1
T_0000096985,0,0.041569,0
T_0000097021,1,0.350475,1
T_0000097078,0,0.040641,0
T_0000097083,0,0.057904,0
T_0000097086,0,0.292717,1
T_0000097096,1,0.980903,1
T_0000097121,1,0.432800,1
T_0000097130,0,0.046929,0
T_0000097144,1,0.873269,1
T_0000097188,0,0.063699,0
T_0000097301,0,0.072848,0
T_0000097330,1,0.984442,1
T_0000097331,0,0.041672,0
T_0000097344,1,0.842254,1
T_0000097360,1,0.052282,0
T_0000097362,1,0.145625,0
T_0000097376,1,0.468550,1
T_0000097385,1,0.975237,1
T_0000097397,1,0.984783,1
T_0000097413,0,0.025896,0
T_0000097444,1,0.868906,1
T_0000097466,1,0.536954,1
T_0000097473,1,0.057354,0
T_0000097491,0,0.059528,0
T_0000097503,1,0.886325,1
T_0000097531,1,0.783981,1
T_0000097536,0,0.022200,0
T_0000097543,1,0.239598,1
T_0000097552,1,0.737717,1
T_0000097569,0,0.089285,0
T_0000097571,1,0.757723,1
T_0000097625,0,0.073940,0
T_0000097651,0,0.067459,0
T_0000097680,1,0.954307,1
T_0000097708,1,0.971004,1
T_0000097778,0,0.278473,1
T_0000097824,1,0.947135,1
T_0000097834,1,0.929167,1
T_0000097880,1,0.561185,1
T_0000097962,1,0.963025,1
T_0000098019,1,0.038718,0
T_0000098027,1,0.905244,1
T_0000098028,1,0.984314,1
T_0000098034,1,0.979821,1
T_0000098066,0,0.144825,0
T_0000098088,1,0.991961,1
T_0000098091,1,0.202941,1
T_0000098100,0,0.016854,0
T_0000098118,1,0.994035,1
T_0000098183,1,0.887933,1
T_0000098185,1,0.066425,0
T_0000098193,1,0.953323,1
T_0000098209,1,0.094979,0
T_0000098254,1,0.575732,1
T_0000098266,1,0.073607,0
T_0000098272,1,0.969126,1
T_0000098312,1,0.734971,1
T_0000098313,1,0.368185,1
T_0000098321,0,0.057702,0
T_0000098348,0,0.074265,0
T_0000098349,1,0.953522,1
T_0000098353,0,0.010881,0
T_0000098356,0,0.060494,0
T_0000098358,1,0.519574,1
T_0000098362,1,0.180062,0
T_0000098370,0,0.048921,0
T_0000098385,0,0.086209,0
T_0000098426,1,0.800645,1
T_0000098482,0,0.042683,0
T_0000098526,1,0.930033,1
T_0000098552,1,0.914039,1
T_0000098578,0,0.038200,0
T_0000098616,1,0.783626,1
T_0000098631,1,0.197085,1
T_0000098636,1,0.092512,0
T_0000098683,0,0.092498,0
T_0000098700,0,0.035359,0
T_0000098701,1,0.359937,1
T_0000098726,1,0.682133,1
T_0000098735,1,0.072670,0
T_0000098742,0,0.088385,0
T_0000098796,1,0.625092,1
T_0000098834,0,0.014359,0
T_0000098849,1,0.295723,1
T_0000098885,1,0.759555,1
T_0000098889,1,0.039734,0
T_0000098918,0,0.053638,0
T_0000098932,1,0.128829,0
T_0000099005,0,0.030847,0
T_0000099012,1,0.234938,1
T_0000099044,1,0.106532,0
T_0000099094,0,0.114277,0
T_0000099100,1,0.338975,1
T_0000099104,0,0.094197,0
T_0000099170,1,0.199567,1
T_0000099209,0,0.006056,0
T_0000099245,1,0.963608,1
T_0000099302,1,0.294056,1
T_0000099322,1,0.377309,1
T_0000099323,1,0.872771,1
T_0000099341,1,0.459300,1
T_0000099353,1,0.922031,1
T_0000099356,1,0.419462,1
T_0000099380,1,0.429671,1
T_0000099410,1,0.782613,1
T_0000099446,0,0.109664,0
T_0000099454,1,0.730623,1
T_0000099459,0,0.036782,0
T_0000099500,0,0.020211,0
T_0000099502,1,0.953066,1
T_0000099519,1,0.331620,1
T_0000099546,0,0.023864,0
T_0000099568,1,0.501257,1
T_0000099573,1,0.097472,0
T_0000099577,0,0.079328,0
T_0000099617,1,0.262180,1
T_0000099618,1,0.118244,0
T_0000099629,0,0.040856,0
T_0000099725,0,0.020815,0
T_0000099731,1,0.721491,1
T_0000099743,0,0.045321,0
T_0000099782,1,0.045130,0
T_0000099828,1,0.046892,0
T_0000099834,1,0.472733,1
T_0000099840,0,0.097632,0
T_0000099866,1,0.806141,1
T_0000099911,1,0.189670,1
T_0000099913,0,0.031796,0
T_0000099921,0,0.020837,0
T_0000099941,1,0.721756,1
T_0000099954,1,0.978921,1
T_0000099968,0,0.079784,0
T_0000100040,1,0.178886,0
T_0000100062,1,0.161702,0
T_0000100064,1,0.566893,1
T_0000100085,0,0.039617,0
T_0000100087,0,0.185491,1
T_0000100096,1,0.513293,1
T_0000100101,1,0.094403,0
T_0000100102,1,0.713387,1
T_0000100107,1,0.271410,1
T_0000100114,0,0.124542,0
T_0000100124,0,0.023483,0
T_0000100149,0,0.041979,0
T_0000100157,1,0.720987,1
T_0000100161,0,0.044773,0
T_0000100162,1,0.433004,1
T_0000100232,1,0.306802,1
T_0000100235,1,0.628895,1
T_0000100293,0,0.035947,0
T_0000100340,0,0.034550,0
T_0000100349,1,0.760078,1
T_0000100367,1,0.250511,1
T_0000100425,0,0.130809,0
T_0000100433,0,0.024502,0
T_0000100438,1,0.861026,1
T_0000100452,1,0.167971,0
T_0000100456,1,0.295396,1
T_0000100483,1,0.392120,1
T_0000100515,1,0.062415,0
T_0000100516,0,0.023987,0
T_0000100521,1,0.045345,0
T_0000100593,0,0.143679,0
T_0000100596,1,0.924078,1
T_0000100602,1,0.085991,0
T_0000100610,0,0.032907,0
T_0000100654,1,0.369896,1
T_0000100672,1,0.985469,1
T_0000100700,0,0.025708,0
T_0000100710,0,0.008624,0
T_0000100712,1,0.543058,1
T_0000100762,0,0.024105,0
T_0000100824,0,0.026688,0
T_0000100830,1,0.454529,1
T_0000100839,1,0.424725,1
T_0000100872,1,0.756066,1
T_0000100891,0,0.025279,0
T_0000100927,0,0.104808,0
T_0000100932,1,0.088403,0
T_0000100943,1,0.046473,0
T_0000100970,1,0.893249,1
T_0000100983,1,0.641973,1
T_0000101000,1,0.214926,1
T_0000101036,1,0.026386,0
T_0000101052,1,0.705123,1
T_0000101063,1,0.227526,1
T_0000101068,1,0.378882,1
T_0000101083,1,0.248435,1
T_0000101146,1,0.105729,0
T_0000101164,1,0.836357,1
T_0000101195,0,0.017748,0
T_0000101219,0,0.125079,0
T_0000101229,1,0.898523,1
T_0000101255,1,0.581017,1
T_0000101273,0,0.108897,0
T_0000101278,1,0.413979,1
T_0000101285,1,0.985003,1
T_0000101305,1,0.055040,0
T_0000101354,0,0.065344,0
T_0000101358,1,0.298540,1
T_0000101360,0,0.036854,0
T_0000101367,1,0.485899,1
T_0000101398,1,0.916486,1
T_0000101416,1,0.314849,1
T_0000101421,1,0.682415,1
T_0000101453,0,0.044623,0
T_0000101493,0,0.070598,0
T_0000101496,1,0.753088,1
T_0000101559,1,0.031119,0
T_0000101591,0,0.145481,0
T_0000101647,1,0.333316,1
T_0000101654,1,0.853462,1
T_0000101699,0,0.063203,0
T_0000101703,1,0.708316,1
T_0000101710,1,0.940724,1
T_0000101742,1,0.058779,0
T_0000101745,1,0.109101,0
T_0000101747,0,0.147975,0
T_0000101751,1,0.785585,1
T_0000101762,0,0.004994,0
T_0000101783,1,0.238734,1
T_0000101803,0,0.220191,1
T_0000101826,1,0.913802,1
T_0000101847,0,0.029433,0
T_0000101879,1,0.665826,1
T_0000101913,0,0.134111,0
T_0000101921,1,0.762457,1
T_0000101924,0,0.063416,0
T_0000101932,1,0.071090,0
T_0000102000,1,0.788242,1
T_0000102009,0,0.019446,0
T_0000102052,1,0.756071,1
T_0000102077,1,0.987457,1
T_0000102084,0,0.058439,0
T_0000102086,1,0.891522,1
T_0000102141,1,0.092908,0
T_0000102190,0,0.083007,0
T_0000102223,1,0.087581,0
T_0000102242,1,0.233980,1
T_0000102276,1,0.708015,1
T_0000102293,1,0.184226,0
T_0000102306,1,0.399658,1
T_0000102352,1,0.769720,1
T_0000102399,1,0.188868,1
T_0000102430,1,0.171145,0
T_0000102462,1,0.988396,1
T_0000102466,1,0.613444,1
T_0000102478,1,0.885158,1
T_0000102520,1,0.524445,1
T_0000102554,1,0.749954,1
T_0000102594,1,0.768804,1
T_0000102608,1,0.195455,1
T_0000102689,0,0.112878,0
T_0000102696,1,0.291391,1
T_0000102733,0,0.025506,0
T_0000102734,1,0.077571,0
T_0000102754,0,0.075799,0
T_0000102793,1,0.331775,1
T_0000102809,0,0.063645,0
T_0000102820,1,0.013502,0
T_0000102845,1,0.807211,1
T_0000102867,1,0.068729,0
T_0000102872,0,0.340030,1
T_0000102874,1,0.101772,0
T_0000102888,1,0.649600,1
T_0000102934,1,0.095898,0
T_0000103010,1,0.064595,0
T_0000103015,1,0.038189,0
T_0000103050,1,0.903902,1
T_0000103073,1,0.022900,0
T_0000103085,1,0.082846,0
T_0000103094,1,0.880956,1
T_0000103151,1,0.167943,0
T_0000103157,1,0.784798,1
T_0000103217,1,0.963387,1
T_0000103236,0,0.051137,0
T_0000103249,1,0.114924,0
T_0000103286,1,0.057245,0
T_0000103371,0,0.085888,0
T_0000103374,0,0.057653,0
T_0000103380,0,0.056934,0
T_0000103411,0,0.033917,0
T_0000103416,1,0.503489,1
T_0000103436,0,0.064356,0
T_0000103453,1,0.688741,1
T_0000103465,1,0.248563,1
T_0000103535,1,0.140174,0
T_0000103554,1,0.050790,0
T_0000103560,1,0.064618,0
T_0000103589,0,0.117775,0
T_0000103595,0,0.207178,1
T_0000103628,1,0.081938,0
T_0000103644,1,0.231375,1
T_0000103657,0,0.059633,0
T_0000103669,1,0.767123,1
T_0000103708,0,0.033814,0
T_0000103749,1,0.387317,1
T_0000103767,0,0.060661,0
T_0000103773,1,0.588697,1
T_0000103801,1,0.975188,1
T_0000103830,0,0.073315,0
T_0000103880,1,0.218423,1
T_0000103902,1,0.668764,1
T_0000103951,1,0.591722,1
T_0000103964,1,0.202403,1
T_0000103971,1,0.709876,1
T_0000103983,1,0.070034,0
T_0000104037,1,0.863099,1
T_0000104051,0,0.112040,0
T_0000104059,1,0.931938,1
T_0000104089,1,0.370074,1
T_0000104159,1,0.972819,1
T_0000104160,0,0.033038,0
T_0000104263,1,0.863746,1
T_0000104266,0,0.020958,0
T_0000104267,0,0.094015,0
T_0000104288,0,0.079170,0
T_0000104289,0,0.113285,0
T_0000104297,0,0.155308,0
T_0000104299,1,0.471038,1
T_0000104312,1,0.690543,1
T_0000104332,1,0.681479,1
T_0000104339,1,0.575007,1
T_0000104341,0,0.112565,0
T_0000104342,0,0.027260,0
T_0000104366,0,0.036908,0
T_0000104423,1,0.357157,1
T_0000104455,1,0.299471,1
T_0000104466,0,0.025602,0
T_0000104473,1,0.312760,1
T_0000104478,0,0.187865,1
T_0000104482,1,0.833226,1
T_0000104508,0,0.103073,0
T_0000104533,1,0.963039,1
T_0000104535,1,0.175949,0
T_0000104538,1,0.736999,1
T_0000104563,1,0.407488,1
T_0000104569,1,0.627467,1
T_0000104572,1,0.946230,1
T_0000104588,1,0.056383,0
T_0000104593,0,0.073500,0
T_0000104595,1,0.950876,1
T_0000104740,1,0.464028,1
T_0000104765,1,0.987516,1
T_0000104785,0,0.316470,1
T_0000104852,0,0.141669,0
T_0000104853,0,0.024012,0
T_0000104869,1,0.378039,1
T_0000104909,1,0.703685,1
T_0000104926,0,0.060778,0
T_0000104951,1,0.154648,0
T_0000104963,0,0.072731,0
T_0000104967,1,0.323547,1
T_0000104980,1,0.646139,1
T_0000104985,0,0.024897,0
T_0000104993,0,0.020996,0
T_0000105018,1,0.846485,1
T_0000105025,0,0.058226,0
T_0000105032,1,0.314432,1
T_0000105033,1,0.281497,1
T_0000105035,1,0.105422,0
T_0000105065,1,0.887801,1
T_0000105067,1,0.247847,1
T_0000105088,1,0.868071,1
T_0000105124,1,0.066112,0
T_0000105144,1,0.660473,1
T_0000105157,0,0.042686,0
T_0000105178,1,0.744976,1
T_0000105197,0,0.730376,1
T_0000105239,1,0.273984,1
T_0000105243,1,0.984870,1
T_0000105249,0,0.054160,0
T_0000105250,1,0.918607,1
T_0000105258,1,0.315412,1
T_0000105266,0,0.451760,1
T_0000105268,1,0.784119,1
T_0000105274,0,0.332773,1
T_0000105277,1,0.138037,0
T_0000105311,1,0.945001,1
T_0000105364,1,0.329071,1
T_0000105427,0,0.086458,0
T_0000105506,1,0.103142,0
T_0000105509,1,0.145601,0
T_0000105548,0,0.022924,0
T_0000105558,1,0.938780,1
T_0000105584,0,0.059030,0
T_0000105661,1,0.896305,1
T_0000105692,1,0.974457,1
T_0000105701,1,0.329143,1
T_0000105705,1,0.431207,1
T_0000105713,0,0.083316,0
T_0000105735,1,0.933875,1
T_0000105755,1,0.549828,1
T_0000105757,0,0.027221,0
T_0000105768,1,0.987662,1
T_0000105782,1,0.954917,1
T_0000105790,1,0.934551,1
T_0000105818,0,0.010087,0
T_0000105901,1,0.795905,1
T_0000105911,0,0.017983,0
T_0000105914,1,0.922385,1
T_0000105929,1,0.741194,1
T_0000105931,1,0.916383,1
T_0000105932,1,0.901711,1
T_0000105939,1,0.626393,1
T_0000105994,1,0.859502,1
T_0000106020,0,0.114350,0
T_0000106052,1,0.380734,1
T_0000106075,1,0.088635,0
T_0000106096,1,0.842979,1
T_0000106133,1,0.405028,1
T_0000106149,0,0.024755,0
T_0000106197,1,0.866678,1
T_0000106200,0,0.111922,0
T_0000106215,1,0.871803,1
T_0000106218,1,0.591055,1
T_0000106229,1,0.916734,1
T_0000106231,1,0.309716,1
T_0000106234,0,0.013385,0
T_0000106238,0,0.012824,0
T_0000106276,1,0.429831,1
T_0000106288,1,0.533431,1
T_0000106328,1,0.975843,1
T_0000106330,0,0.073758,0
T_0000106336,0,0.039865,0
T_0000106341,1,0.240631,1
T_0000106360,1,0.322080,1
T_0000106373,0,0.042770,0
T_0000106376,1,0.399680,1
T_0000106378,1,0.885493,1
T_0000106380,0,0.068047,0
T_0000106384,1,0.795417,1
T_0000106400,1,0.584049,1
T_0000106402,0,0.062459,0
T_0000106426,1,0.709695,1
T_0000106432,1,0.215043,1
T_0000106446,1,0.348234,1
T_0000106509,1,0.686606,1
T_0000106534,1,0.123512,0
T_0000106535,1,0.194970,1
T_0000106550,1,0.393531,1
T_0000106572,1,0.370634,1
T_0000106581,1,0.255392,1
T_0000106587,1,0.963214,1
T_0000106612,0,0.038737,0
T_0000106625,0,0.038295,0
T_0000106658,0,0.027567,0
T_0000106664,0,0.096424,0
T_0000106732,0,0.052286,0
T_0000106794,0,0.146368,0
T_0000106802,1,0.119170,0
T_0000106808,0,0.036377,0
T_0000106814,1,0.276655,1
T_0000106815,0,0.073778,0
T_0000106921,1,0.293584,1
T_0000106942,1,0.742722,1
T_0000106946,1,0.117615,0
T_0000106953,1,0.803274,1
T_0000106989,1,0.903662,1
T_0000107118,0,0.095614,0
T_0000107138,1,0.682639,1
T_0000107146,1,0.974199,1
T_0000107156,1,0.174278,0
T_0000107189,1,0.074891,0
T_0000107244,1,0.349528,1
T_0000107245,1,0.989108,1
T_0000107276,1,0.978669,1
T_0000107305,0,0.078643,0
T_0000107347,1,0.893186,1
T_0000107408,1,0.683910,1
T_0000107440,0,0.025397,0
T_0000107458,0,0.068831,0
T_0000107491,0,0.045816,0
T_0000107505,1,0.253786,1
T_0000107506,0,0.767333,1
T_0000107545,1,0.694816,1
T_0000107546,0,0.225081,1
T_0000107578,0,0.056479,0
T_0000107588,1,0.792080,1
T_0000107594,0,0.041538,0
T_0000107603,0,0.127461,0
T_0000107614,0,0.087063,0
T_0000107636,1,0.939845,1
T_0000107650,1,0.957122,1
T_0000107660,1,0.106733,0
T_0000107732,1,0.903026,1
T_0000107754,1,0.221850,1
T_0000107755,1,0.902907,1
T_0000107777,1,0.580497,1
T_0000107812,1,0.970873,1
T_0000107836,1,0.981559,1
T_0000107838,1,0.968744,1
T_0000107894,1,0.792865,1
T_0000107898,1,0.890415,1
T_0000107936,1,0.232020,1
T_0000107974,1,0.970322,1
T_0000108000,0,0.035909,0
T_0000108011,0,0.017607,0
T_0000108036,0,0.024471,0
T_0000108079,1,0.413931,1
T_0000108094,1,0.137210,0
T_0000108110,1,0.172735,0
T_0000108149,1,0.543881,1
T_0000108160,1,0.756825,1
T_0000108166,1,0.124146,0
T_0000108222,1,0.612183,1
T_0000108231,1,0.465883,1
T_0000108236,0,0.022220,0
T_0000108242,1,0.657221,1
T_0000108256,0,0.064019,0
T_0000108271,0,0.100526,0
T_0000108288,0,0.090221,0
T_0000108343,1,0.916771,1
T_0000108345,1,0.178660,0
T_0000108362,1,0.632787,1
T_0000108449,1,0.698783,1
T_0000108487,1,0.715204,1
T_0000108493,0,0.093725,0
T_0000108515,0,0.035558,0
T_0000108530,1,0.539344,1
T_0000108557,1,0.073671,0
T_0000108562,0,0.187067,1
T_0000108571,0,0.136186,0
T_0000108579,0,0.043790,0
T_0000108591,1,0.346630,1
T_0000108620,0,0.081326,0
T_0000108631,0,0.158976,0
T_0000108646,0,0.051635,0
T_0000108703,1,0.963129,1
T_0000108734,1,0.107843,0
T_0000108742,1,0.501487,1
T_0000108760,1,0.963346,1
T_0000108785,0,0.069649,0
T_0000108797,1,0.668912,1
T_0000108800,1,0.718726,1
T_0000108801,1,0.200412,1
T_0000108850,0,0.059693,0
T_0000108852,1,0.345626,1
T_0000108859,0,0.015988,0
T_0000108880,0,0.223321,1
T_0000108921,1,0.129526,0
T_0000108947,1,0.464323,1
T_0000109078,1,0.796840,1
T_0000109083,0,0.089877,0
T_0000109088,1,0.280976,1
T_0000109100,1,0.453444,1
T_0000109101,1,0.399872,1
T_0000109104,0,0.048362,0
T_0000109169,0,0.046617,0
T_0000109177,1,0.737948,1
T_0000109190,1,0.102520,0
T_0000109212,1,0.190226,1
T_0000109221,1,0.024319,0
T_0000109238,0,0.033403,0
T_0000109257,1,0.927331,1
T_0000109268,0,0.048865,0
T_0000109275,0,0.073472,0
T_0000109287,1,0.062326,0
T_0000109294,1,0.374670,1
T_0000109323,1,0.102233,0
T_0000109349,0,0.103594,0
T_0000109377,1,0.320026,1
T_0000109381,0,0.105215,0
T_0000109388,1,0.067613,0
T_0000109402,0,0.102769,0
T_0000109403,0,0.012718,0
T_0000109413,1,0.608261,1
T_0000109417,0,0.090622,0
T_0000109446,0,0.020015,0
T_0000109458,1,0.899805,1
T_0000109477,1,0.376373,1
T_0000109489,0,0.111051,0
T_0000109512,1,0.097651,0
T_0000109566,1,0.095439,0
T_0000109573,0,0.016877,0
T_0000109581,1,0.123314,0
T_0000109596,1,0.084093,0
T_0000109642,0,0.087746,0
T_0000109648,1,0.175255,0
T_0000109662,1,0.151795,0
T_0000109669,1,0.972139,1
T_0000109677,1,0.531178,1
T_0000109732,1,0.547422,1
T_0000109794,1,0.946603,1
T_0000109823,1,0.793830,1
T_0000109827,0,0.053547,0
T_0000109856,1,0.779845,1
T_0000109867,1,0.139676,0
T_0000109872,1,0.698710,1
T_0000109901,1,0.094598,0
T_0000109912,1,0.160833,0
T_0000109914,1,0.050367,0
T_0000109927,1,0.301388,1
T_0000109936,0,0.073404,0
T_0000109959,1,0.949469,1
T_0000110036,1,0.186579,1
T_0000110106,1,0.891017,1
T_0000110113,0,0.162406,0
T_0000110131,1,0.979654,1
T_0000110149,1,0.806557,1
T_0000110175,0,0.283287,1
T_0000110184,0,0.431919,1
T_0000110188,1,0.878980,1
T_0000110196,0,0.029445,0
T_0000110232,1,0.638768,1
T_0000110246,0,0.009662,0
T_0000110247,1,0.746045,1
T_0000110298,1,0.500674,1
T_0000110344,1,0.238499,1
T_0000110356,1,0.840754,1
T_0000110406,1,0.834402,1
T_0000110455,0,0.189581,1
T_0000110456,0,0.188919,1
T_0000110493,1,0.152846,0
T_0000110510,0,0.047837,0
T_0000110516,0,0.052961,0
T_0000110595,1,0.811567,1
T_0000110640,1,0.191835,1
T_0000110675,1,0.075402,0
T_0000110723,1,0.319788,1
T_0000110754,1,0.987998,1
T_0000110768,1,0.063439,0
T_0000110784,1,0.858824,1
T_0000110850,1,0.257270,1
T_0000110888,1,0.061123,0
T_0000110889,1,0.590104,1
T_0000110928,1,0.474984,1
T_0000110949,0,0.070598,0
T_0000110970,1,0.068161,0
T_0000110995,1,0.796258,1
T_0000111059,1,0.148284,0
T_0000111061,1,0.785501,1
T_0000111080,1,0.095689,0
T_0000111138,1,0.195731,1
T_0000111147,1,0.468575,1
T_0000111155,1,0.452821,1
T_0000111161,0,0.014975,0
T_0000111164,1,0.739881,1
T_0000111177,1,0.304381,1
T_0000111201,0,0.054015,0
T_0000111273,1,0.849996,1
T_0000111280,0,0.121350,0
T_0000111297,1,0.985424,1
T_0000111314,1,0.261227,1
T_0000111328,0,0.095729,0
T_0000111332,0,0.077040,0
T_0000111352,0,0.064706,0
T_0000111381,1,0.047025,0
T_0000111385,1,0.124263,0
T_0000111407,1,0.167125,0
T_0000111432,1,0.946072,1
T_0000111435,0,0.017238,0
T_0000111524,1,0.841205,1
T_0000111538,0,0.348837,1
T_0000111560,0,0.028886,0
T_0000111609,1,0.083010,0
T_0000111618,0,0.032030,0
T_0000111636,0,0.016343,0
T_0000111643,0,0.092591,0
T_0000111677,0,0.035797,0
T_0000111682,1,0.776828,1
T_0000111743,0,0.023185,0
T_0000111762,1,0.395486,1
T_0000111773,0,0.027027,0
T_0000111778,1,0.851810,1
T_0000111798,1,0.608722,1
T_0000111851,0,0.270246,1
T_0000111858,0,0.040910,0
T_0000111875,1,0.932631,1
T_0000111888,1,0.592087,1
T_0000111924,1,0.837800,1
T_0000111925,1,0.970803,1
T_0000111954,1,0.900419,1
T_0000111989,1,0.398718,1
T_0000112000,0,0.107717,0
T_0000112006,0,0.100979,0
T_0000112062,1,0.094974,0
T_0000112096,1,0.200199,1
T_0000112109,1,0.925536,1
T_0000112148,0,0.091038,0
T_0000112160,1,0.412911,1
T_0000112181,0,0.022280,0
T_0000112197,0,0.058162,0
T_0000112253,1,0.916348,1
T_0000112260,0,0.092740,0
T_0000112270,0,0.043259,0
T_0000112272,1,0.489858,1
T_0000112301,1,0.227710,1
T_0000112327,1,0.483943,1
T_0000112328,1,0.031177,0
T_0000112355,1,0.688382,1
T_0000112363,1,0.931034,1
T_0000112387,0,0.032202,0
T_0000112414,0,0.049911,0
T_0000112430,1,0.855900,1
T_0000112466,1,0.235968,1
T_0000112485,1,0.203135,1
T_0000112504,1,0.375238,1
T_0000112521,1,0.912304,1
T_0000112530,1,0.071404,0
T_0000112531,1,0.565580,1
T_0000112556,1,0.958897,1
T_0000112562,0,0.064393,0
T_0000112594,1,0.137536,0
T_0000112595,1,0.031401,0
T_0000112654,1,0.907529,1
T_0000112659,1,0.761683,1
T_0000112676,0,0.087870,0
T_0000112681,0,0.094388,0
T_0000112695,0,0.012354,0
T_0000112696,1,0.986848,1
T_0000112699,1,0.067881,0
T_0000112708,1,0.946304,1
T_0000112710,1,0.087259,0
T_0000112713,1,0.244480,1
T_0000112766,1,0.534368,1
T_0000112780,1,0.247042,1
T_0000112790,1,0.308622,1
T_0000112805,0,0.068465,0
T_0000112810,1,0.422379,1
T_0000112829,0,0.262950,1
T_0000112861,1,0.802696,1
T_0000112869,1,0.556772,1
T_0000112952,1,0.056428,0
T_0000112961,1,0.610277,1
T_0000112978,1,0.746360,1
T_0000112983,1,0.867277,1
T_0000113015,1,0.151387,0
T_0000113032,0,0.128923,0
T_0000113042,0,0.046463,0
T_0000113044,0,0.071441,0
T_0000113078,1,0.247149,1
T_0000113203,0,0.490903,1
T_0000113262,0,0.089502,0
T_0000113265,1,0.460326,1
T_0000113273,1,0.088076,0
T_0000113289,0,0.203379,1
T_0000113293,0,0.079410,0
T_0000113346,0,0.065086,0
T_0000113407,1,0.775698,1
T_0000113431,1,0.052641,0
T_0000113450,0,0.069749,0
T_0000113478,0,0.053499,0
T_0000113479,1,0.036655,0
T_0000113502,1,0.967821,1
T_0000113514,1,0.929580,1
T_0000113523,0,0.027349,0
T_0000113568,1,0.801980,1
T_0000113571,1,0.071392,0
T_0000113585,1,0.736858,1
T_0000113602,0,0.046489,0
T_0000113649,0,0.053206,0
T_0000113664,1,0.058444,0
T_0000113760,0,0.031155,0
T_0000113771,1,0.060274,0
T_0000113775,1,0.822001,1
T_0000113810,1,0.925644,1
T_0000113812,0,0.012817,0
T_0000113839,0,0.038833,0
T_0000113844,1,0.645523,1
T_0000113847,1,0.043249,0
T_0000113855,1,0.185445,1
T_0000113884,1,0.448591,1
T_0000113922,0,0.104579,0
T_0000114019,0,0.025992,0
T_0000114038,1,0.431568,1
T_0000114080,0,0.020437,0
T_0000114085,1,0.385992,1
T_0000114087,0,0.163377,0
T_0000114134,0,0.081333,0
T_0000114151,1,0.071664,0
T_0000114158,1,0.102726,0
T_0000114170,0,0.303861,1
T_0000114185,1,0.064376,0
T_0000114198,0,0.083835,0
T_0000114258,0,0.081362,0
T_0000114261,1,0.034234,0
T_0000114280,1,0.856952,1
T_0000114285,1,0.194378,1
T_0000114288,1,0.799154,1
T_0000114310,1,0.605381,1
T_0000114317,1,0.419986,1
T_0000114322,0,0.057252,0
T_0000114337,0,0.072590,0
T_0000114366,1,0.378875,1
T_0000114395,1,0.068895,0
T_0000114420,1,0.009783,0
T_0000114441,0,0.088117,0
T_0000114476,0,0.081717,0
T_0000114478,0,0.061948,0
T_0000114517,1,0.099573,0
T_0000114533,1,0.116800,0
T_0000114544,1,0.123194,0
T_0000114569,1,0.075833,0
T_0000114589,1,0.150811,0
T_0000114592,0,0.076271,0
T_0000114603,1,0.263445,1
T_0000114640,0,0.066777,0
T_0000114669,1,0.028054,0
T_0000114706,1,0.508042,1
T_0000114709,1,0.749059,1
T_0000114716,1,0.893404,1
T_0000114736,1,0.236446,1
T_0000114756,1,0.154243,0
T_0000114766,0,0.037823,0
T_0000114787,1,0.643308,1
T_0000114808,1,0.080581,0
T_0000114819,0,0.031213,0
T_0000114863,1,0.100597,0
T_0000114875,1,0.421926,1
T_0000114879,1,0.828241,1
T_0000114913,1,0.721281,1
T_0000114962,0,0.071733,0
T_0000114972,0,0.115105,0
T_0000114998,0,0.042175,0
T_0000115000,1,0.028364,0
T_0000115027,1,0.040055,0
T_0000115029,0,0.048291,0
T_0000115043,1,0.553413,1
T_0000115052,1,0.579272,1
T_0000115071,0,0.034998,0
T_0000115109,0,0.010802,0
T_0000115150,0,0.037760,0
T_0000115174,0,0.090454,0
T_0000115205,1,0.465456,1
T_0000115206,0,0.077743,0
T_0000115209,0,0.059649,0
T_0000115212,1,0.229321,1
T_0000115218,0,0.108531,0
T_0000115247,1,0.067634,0
T_0000115263,1,0.379189,1
T_0000115271,0,0.014393,0
T_0000115322,0,0.055438,0
T_0000115332,1,0.572233,1
T_0000115355,1,0.052635,0
T_0000115364,0,0.032881,0
T_0000115369,1,0.789837,1
T_0000115400,0,0.056843,0
T_0000115404,0,0.140913,0
T_0000115447,1,0.808984,1
T_0000115449,0,0.024465,0
T_0000115452,1,0.639124,1
T_0000115454,0,0.071182,0
T_0000115459,0,0.019084,0
T_0000115497,1,0.794624,1
T_0000115537,1,0.926402,1
T_0000115556,1,0.922746,1
T_0000115575,1,0.053115,0
T_0000115577,1,0.846301,1
T_0000115600,0,0.041814,0
T_0000115618,1,0.919459,1
T_0000115620,0,0.013873,0
T_0000115630,1,0.320063,1
T_0000115652,1,0.360853,1
T_0000115654,0,0.041734,0
T_0000115673,1,0.675281,1
T_0000115674,1,0.254224,1
T_0000115713,1,0.864686,1
T_0000115729,1,0.274682,1
T_0000115747,1,0.134697,0
T_0000115762,1,0.146885,0
T_0000115792,0,0.043025,0
T_0000115898,1,0.103673,0
T_0000115917,1,0.298550,1
T_0000115918,1,0.769766,1
T_0000115952,1,0.164647,0
T_0000115997,1,0.064753,0
T_0000116019,0,0.125381,0
T_0000116058,1,0.525053,1
T_0000116080,1,0.330147,1
T_0000116098,1,0.335153,1
T_0000116113,0,0.032891,0
T_0000116138,1,0.691262,1
T_0000116139,1,0.660806,1
T_0000116148,1,0.394757,1
T_0000116153,1,0.493834,1
T_0000116174,1,0.951613,1
T_0000116177,1,0.037430,0
T_0000116178,0,0.211092,1
T_0000116181,1,0.953813,1
T_0000116218,1,0.785425,1
T_0000116221,0,0.154887,0
T_0000116235,1,0.092490,0
T_0000116236,0,0.072591,0
T_0000116242,1,0.724081,1
T_0000116294,1,0.940817,1
T_0000116308,1,0.070629,0
T_0000116309,1,0.182837,0
T_0000116341,1,0.030307,0
T_0000116372,1,0.870418,1
T_0000116432,1,0.972767,1
T_0000116437,1,0.121265,0
T_0000116472,0,0.059866,0
T_0000116473,1,0.684699,1
T_0000116478,1,0.151669,0
T_0000116511,0,0.066230,0
T_0000116519,0,0.010158,0
T_0000116540,1,0.257160,1
T_0000116565,0,0.023504,0
T_0000116579,0,0.041102,0
T_0000116589,1,0.155414,0
T_0000116599,1,0.987000,1
T_0000116621,1,0.946843,1
T_0000116716,0,0.168586,0
T_0000116737,1,0.924643,1
T_0000116784,1,0.287912,1
T_0000116799,0,0.054709,0
T_0000116809,0,0.031698,0
T_0000116820,1,0.129419,0
T_0000116824,1,0.153542,0
T_0000116853,1,0.476003,1
T_0000116857,1,0.707667,1
T_0000116882,1,0.052624,0
T_0000116887,0,0.046730,0
T_0000116908,0,0.026366,0
T_0000116915,1,0.841201,1
T_0000116928,1,0.038617,0
T_0000116950,1,0.846950,1
T_0000116952,0,0.070127,0
T_0000116956,0,0.047014,0
T_0000116981,0,0.072656,0
T_0000117020,1,0.880537,1
T_0000117031,1,0.847391,1
T_0000117035,1,0.754582,1
T_0000117037,1,0.867753,1
T_0000117050,1,0.812993,1
T_0000117066,1,0.271998,1
T_0000117067,1,0.083411,0
T_0000117072,1,0.051110,0
T_0000117123,1,0.121895,0
T_0000117145,1,0.420994,1
T_0000117192,1,0.102320,0
T_0000117217,1,0.191914,1
T_0000117249,0,0.229091,1
T_0000117259,1,0.136352,0
T_0000117277,1,0.130908,0
T_0000117287,1,0.041251,0
T_0000117424,1,0.905212,1
T_0000117428,1,0.698351,1
T_0000117437,1,0.053229,0
T_0000117445,1,0.546873,1
T_0000117463,1,0.527494,1
T_0000117484,0,0.058167,0
T_0000117485,0,0.037604,0
T_0000117553,0,0.012807,0
T_0000117635,1,0.201413,1
T_0000117650,1,0.986591,1
T_0000117655,1,0.994097,1
T_0000117659,1,0.997070,1
T_0000117662,0,0.067255,0
T_0000117668,1,0.974843,1
T_0000117679,1,0.859668,1
T_0000117688,0,0.659350,1
T_0000117708,0,0.875247,1
T_0000117754,1,0.994307,1
T_0000117767,1,0.961335,1
T_0000117774,1,0.990498,1
T_0000117779,0,0.420834,1
T_0000117810,1,0.988862,1
T_0000117847,1,0.984545,1
T_0000117854,0,0.044032,0
T_0000117888,1,0.987187,1
T_0000117898,0,0.891519,1
T_0000117911,1,0.996170,1
T_0000117914,0,0.969069,1
T_0000117920,0,0.328714,1
T_0000117928,1,0.991130,1
T_0000117938,0,0.170170,0
T_0000117943,1,0.992611,1
T_0000118009,1,0.995377,1
T_0000118036,1,0.985711,1
T_0000118037,1,0.991699,1
T_0000118040,1,0.991086,1
T_0000118064,1,0.992129,1
T_0000118179,1,0.997609,1
T_0000118184,1,0.992552,1
T_0000118186,1,0.995628,1
T_0000118207,1,0.994231,1
T_0000118253,1,0.180295,0
T_0000118259,1,0.828922,1
T_0000118275,1,0.118613,0
T_0000118310,0,0.079118,0
T_0000118359,0,0.046153,0
T_0000118398,1,0.337110,1
T_0000118404,1,0.959998,1
T_0000118410,1,0.544847,1
T_0000118473,0,0.013109,0
T_0000118481,1,0.664761,1
T_0000118501,0,0.020926,0
T_0000118503,1,0.334033,1
T_0000118527,1,0.949520,1
T_0000118631,1,0.352536,1
T_0000118642,0,0.029958,0
T_0000118649,1,0.329491,1
T_0000118675,1,0.354103,1
T_0000118711,1,0.469424,1
T_0000118713,0,0.062691,0
T_0000118720,1,0.814769,1
T_0000118735,1,0.257406,1
T_0000118773,1,0.745781,1
T_0000118786,0,0.039097,0
T_0000118807,1,0.225816,1
T_0000118819,1,0.349176,1
T_0000118865,1,0.975335,1
T_0000118898,1,0.388002,1
T_0000118938,0,0.035550,0
T_0000118944,0,0.013958,0
T_0000119021,1,0.604673,1
T_0000119040,1,0.843966,1
T_0000119066,0,0.025495,0
T_0000119068,0,0.033427,0
T_0000119081,0,0.049845,0
T_0000119093,1,0.852136,1
T_0000119096,0,0.050010,0
T_0000119127,1,0.796806,1
T_0000119128,1,0.814864,1
T_0000119131,1,0.881643,1
T_0000119189,1,0.989799,1
T_0000119216,0,0.045396,0
T_0000119220,1,0.726029,1
T_0000119227,0,0.047267,0
T_0000119243,0,0.035841,0
T_0000119264,0,0.024718,0
T_0000119278,1,0.994332,1
T_0000119333,0,0.030157,0
T_0000119371,1,0.986412,1
T_0000119385,0,0.206815,1
T_0000119404,1,0.955162,1
T_0000119409,1,0.738545,1
T_0000119418,1,0.958197,1
T_0000119443,1,0.984721,1
T_0000119457,1,0.828916,1
T_0000119461,1,0.925565,1
T_0000119486,0,0.032721,0
T_0000119506,0,0.068831,0
T_0000119513,0,0.050258,0
T_0000119534,0,0.020200,0
T_0000119540,1,0.940907,1
T_0000119543,0,0.010053,0
T_0000119555,1,0.478376,1
T_0000119590,0,0.013244,0
T_0000119649,1,0.964643,1
T_0000119656,1,0.144389,0
T_0000119678,1,0.283522,1
T_0000119720,1,0.587811,1
T_0000119727,1,0.078890,0
T_0000119728,1,0.711171,1
T_0000119770,1,0.075201,0
T_0000119772,0,0.187148,1
T_0000119820,1,0.968764,1
T_0000119831,0,0.091881,0
T_0000119847,1,0.316143,1
T_0000119915,1,0.893974,1
T_0000119931,1,0.766501,1
T_0000119965,1,0.526956,1
T_0000119969,1,0.825339,1
T_0000119989,1,0.869321,1
T_0000119997,1,0.106577,0
T_0000120022,1,0.990675,1
T_0000120144,1,0.840666,1
T_0000120147,0,0.115672,0
T_0000120148,1,0.078671,0
T_0000120150,1,0.500131,1
T_0000120169,1,0.325313,1
T_0000120194,1,0.126828,0
T_0000120237,1,0.703617,1
T_0000120268,1,0.481614,1
T_0000120292,0,0.074328,0
T_0000120306,0,0.044641,0
T_0000120309,1,0.081301,0
T_0000120329,0,0.017329,0
T_0000120393,1,0.218009,1
T_0000120432,1,0.934471,1
T_0000120459,0,0.092570,0
T_0000120466,0,0.022842,0
T_0000120489,1,0.147757,0
T_0000120504,0,0.030504,0
T_0000120555,1,0.979712,1
T_0000120568,1,0.136731,0
T_0000120603,0,0.033666,0
T_0000120608,1,0.091342,0
T_0000120677,0,0.118475,0
T_0000120693,1,0.693028,1
T_0000120705,0,0.041107,0
T_0000120716,0,0.053494,0
T_0000120718,1,0.359410,1
T_0000120720,1,0.226351,1
T_0000120736,1,0.275159,1
T_0000120749,1,0.531455,1
T_0000120758,0,0.041933,0
T_0000120828,1,0.342160,1
T_0000120838,0,0.108495,0
T_0000120856,1,0.968095,1
T_0000120865,1,0.897751,1
T_0000120879,0,0.066610,0
T_0000120896,1,0.741863,1
T_0000120931,1,0.093393,0
T_0000120935,1,0.566719,1
T_0000120977,1,0.112757,0
T_0000120988,1,0.117462,0
T_0000121014,0,0.022614,0
T_0000121020,1,0.873644,1
T_0000121040,1,0.190618,1
T_0000121043,0,0.035513,0
T_0000121052,1,0.801820,1
T_0000121123,0,0.023848,0
T_0000121223,0,0.080525,0
T_0000121232,1,0.782793,1
T_0000121236,1,0.960214,1
T_0000121237,0,0.018163,0
T_0000121274,0,0.029528,0
T_0000121291,1,0.809256,1
T_0000121296,1,0.058480,0
T_0000121312,1,0.082928,0
T_0000121371,0,0.065552,0
T_0000121421,1,0.338003,1
T_0000121433,0,0.038305,0
T_0000121444,1,0.040345,0
T_0000121454,1,0.695799,1
T_0000121456,0,0.084527,0
T_0000121490,0,0.288387,1
T_0000121502,0,0.087924,0
T_0000121506,1,0.712466,1
T_0000121515,1,0.089288,0
T_0000121594,1,0.986945,1
T_0000121600,1,0.152633,0
T_0000121605,1,0.965478,1
T_0000121630,0,0.114329,0
T_0000121649,1,0.186061,1
T_0000121667,0,0.024599,0
T_0000121717,1,0.984618,1
T_0000121738,1,0.164651,0
T_0000121771,0,0.249101,1
T_0000121802,1,0.213449,1
T_0000121823,1,0.957287,1
T_0000121826,1,0.916476,1
T_0000121828,1,0.822191,1
T_0000121899,1,0.656442,1
T_0000121918,1,0.064011,0
T_0000121945,1,0.882645,1
T_0000121948,1,0.062348,0
T_0000121958,1,0.788784,1
T_0000121983,1,0.285020,1
T_0000121998,1,0.071110,0
T_0000122039,1,0.085019,0
T_0000122040,1,0.360294,1
T_0000122053,0,0.051935,0
T_0000122078,1,0.124411,0
T_0000122080,1,0.278470,1
T_0000122099,1,0.311852,1
T_0000122134,0,0.104224,0
T_0000122172,1,0.464800,1
T_0000122177,0,0.046567,0
T_0000122203,1,0.914613,1
T_0000122225,0,0.099427,0
T_0000122246,0,0.037780,0
T_0000122269,1,0.191140,1
T_0000122278,0,0.054138,0
T_0000122295,1,0.869185,1
T_0000122307,1,0.558042,1
T_0000122333,0,0.065751,0
T_0000122354,1,0.042594,0
T_0000122404,0,0.040056,0
T_0000122413,1,0.747078,1
T_0000122474,1,0.109469,0
T_0000122512,1,0.024805,0
T_0000122552,1,0.601186,1
T_0000122601,0,0.108986,0
T_0000122645,1,0.042374,0
T_0000122666,1,0.244708,1
T_0000122705,0,0.065607,0
T_0000122753,0,0.059529,0
T_0000122804,1,0.102753,0
T_0000122865,1,0.493700,1
T_0000122869,1,0.675240,1
T_0000122899,0,0.475723,1
T_0000122936,1,0.899608,1
T_0000122958,1,0.373881,1
T_0000122999,1,0.978505,1
T_0000123005,1,0.605857,1
T_0000123040,0,0.024025,0
T_0000123056,1,0.488415,1
T_0000123059,1,0.960949,1
T_0000123067,1,0.196016,1
T_0000123075,1,0.849920,1
T_0000123106,0,0.030293,0
T_0000123217,1,0.927257,1
T_0000123234,1,0.031588,0
T_0000123252,1,0.389143,1
T_0000123255,0,0.056594,0
T_0000123275,1,0.524014,1
T_0000123280,1,0.463994,1
T_0000123336,1,0.712854,1
T_0000123357,1,0.170531,0
T_0000123371,0,0.044524,0
T_0000123374,1,0.644318,1
T_0000123397,1,0.982814,1
T_0000123399,0,0.031376,0
T_0000123401,0,0.083013,0
T_0000123416,1,0.538098,1
T_0000123434,1,0.413319,1
T_0000123442,1,0.992330,1
T_0000123451,1,0.802025,1
T_0000123457,1,0.521238,1
T_0000123460,1,0.852777,1
T_0000123521,1,0.044815,0
T_0000123565,1,0.292494,1
T_0000123577,1,0.755413,1
T_0000123582,1,0.910682,1
T_0000123586,1,0.197762,1
T_0000123595,1,0.089095,0
T_0000123605,1,0.936102,1
T_0000123609,1,0.080350,0
T_0000123662,1,0.874106,1
T_0000123672,0,0.118633,0
T_0000123685,1,0.259565,1
T_0000123699,0,0.073542,0
T_0000123720,1,0.747084,1
T_0000123724,0,0.027858,0
T_0000123768,1,0.232772,1
T_0000123828,1,0.841501,1
T_0000123864,1,0.781330,1
T_0000123907,0,0.068982,0
T_0000123912,1,0.856980,1
T_0000123920,0,0.077712,0
T_0000123937,1,0.166460,0
T_0000123956,1,0.276292,1
T_0000123962,1,0.098253,0
T_0000123982,1,0.119269,0
T_0000123994,1,0.903938,1
T_0000124015,1,0.725880,1
T_0000124070,1,0.256124,1
T_0000124076,1,0.271223,1
T_0000124089,1,0.401811,1
T_0000124149,1,0.872405,1
T_0000124200,1,0.194585,1
T_0000124273,1,0.968086,1
T_0000124288,0,0.071865,0
T_0000124365,1,0.119616,0
T_0000124368,1,0.909760,1
T_0000124377,1,0.147819,0
T_0000124387,1,0.162540,0
T_0000124413,0,0.066505,0
T_0000124434,1,0.547915,1
T_0000124495,1,0.249594,1
T_0000124504,1,0.866354,1
T_0000124523,1,0.153345,0
T_0000124533,0,0.109198,0
T_0000124568,1,0.620048,1
T_0000124592,1,0.503025,1
T_0000124606,1,0.463538,1
T_0000124608,1,0.058409,0
T_0000124624,1,0.019007,0
T_0000124631,0,0.511247,1
T_0000124655,1,0.566646,1
T_0000124670,1,0.671085,1
T_0000124715,0,0.049696,0
T_0000124717,0,0.086526,0
T_0000124817,1,0.134214,0
T_0000124885,1,0.646945,1
T_0000124886,0,0.034224,0
T_0000124923,1,0.129424,0
T_0000124933,0,0.032076,0
T_0000124952,0,0.038198,0
T_0000124970,1,0.053877,0
T_0000124971,1,0.928023,1
T_0000125039,1,0.354417,1
T_0000125046,1,0.627047,1
T_0000125074,1,0.050919,0
T_0000125082,0,0.023851,0
T_0000125097,1,0.745179,1
T_0000125118,1,0.338678,1
T_0000125146,1,0.571356,1
T_0000125175,1,0.483893,1
T_0000125178,1,0.594847,1
T_0000125186,0,0.038052,0
T_0000125228,1,0.975776,1
T_0000125253,0,0.020027,0
T_0000125265,1,0.675963,1
T_0000125284,0,0.036096,0
T_0000125299,1,0.824970,1
T_0000125336,1,0.316439,1
T_0000125338,1,0.309375,1
T_0000125382,1,0.758816,1
T_0000125440,1,0.906766,1
T_0000125446,1,0.973394,1
T_0000125447,1,0.734554,1
T_0000125522,1,0.686433,1
T_0000125523,1,0.248740,1
T_0000125526,1,0.705052,1
T_0000125529,1,0.193116,1
T_0000125548,1,0.390921,1
T_0000125568,1,0.940642,1
T_0000125595,1,0.972546,1
T_0000125597,0,0.080738,0
T_0000125599,1,0.755844,1
T_0000125607,0,0.067122,0
T_0000125609,1,0.963403,1
T_0000125631,1,0.927964,1
T_0000125645,0,0.048808,0
T_0000125687,1,0.943139,1
T_0000125765,0,0.036055,0
T_0000125819,0,0.052112,0
T_0000125855,1,0.154695,0
T_0000125862,0,0.058823,0
T_0000125870,1,0.104069,0
T_0000125914,1,0.553377,1
T_0000125924,0,0.112776,0
T_0000125945,1,0.829783,1
T_0000125974,1,0.946799,1
T_0000126008,1,0.946430,1
T_0000126043,1,0.199208,1
T_0000126082,0,0.091503,0
T_0000126093,0,0.102917,0
T_0000126129,1,0.628653,1
T_0000126154,1,0.248179,1
T_0000126155,1,0.141123,0
T_0000126173,1,0.069289,0
T_0000126175,1,0.161842,0
T_0000126200,1,0.911663,1
T_0000126210,1,0.599617,1
T_0000126214,1,0.859684,1
T_0000126257,1,0.982541,1
T_0000126265,1,0.114461,0
T_0000126302,0,0.027260,0
T_0000126308,0,0.033614,0
T_0000126315,0,0.176471,0
T_0000126317,0,0.093921,0
T_0000126341,1,0.915273,1
T_0000126378,0,0.025848,0
T_0000126382,1,0.130682,0
T_0000126422,1,0.795952,1
T_0000126437,1,0.826776,1
T_0000126471,1,0.135376,0
T_0000126555,1,0.656846,1
T_0000126561,1,0.499271,1
T_0000126583,1,0.264056,1
T_0000126595,1,0.905319,1
T_0000126611,1,0.815144,1
T_0000126648,0,0.040874,0
T_0000126677,1,0.157942,0
T_0000126678,1,0.691380,1
T_0000126686,0,0.105631,0
T_0000126688,1,0.358545,1
T_0000126705,0,0.046645,0
T_0000126712,1,0.090335,0
T_0000126728,1,0.759049,1
T_0000126762,1,0.233480,1
T_0000126763,1,0.415318,1
T_0000126816,1,0.914635,1
T_0000126833,0,0.171861,0
T_0000126842,1,0.168126,0
T_0000126848,0,0.051766,0
T_0000126859,0,0.051411,0
T_0000126883,1,0.118196,0
T_0000126890,0,0.036800,0
T_0000126899,1,0.850373,1
T_0000126939,1,0.189490,1
T_0000126993,1,0.500527,1
T_0000127003,1,0.077071,0
T_0000127016,1,0.669865,1
T_0000127025,1,0.433467,1
T_0000127030,1,0.140958,0
T_0000127056,0,0.044404,0
T_0000127093,1,0.140831,0
T_0000127119,1,0.027300,0
T_0000127171,1,0.040698,0
T_0000127172,1,0.117481,0
T_0000127208,1,0.658104,1
T_0000127235,0,0.017198,0
T_0000127273,1,0.816978,1
T_0000127275,0,0.021894,0
T_0000127279,0,0.042539,0
T_0000127310,1,0.234905,1
T_0000127311,1,0.341702,1
T_0000127363,0,0.092074,0
T_0000127376,1,0.440202,1
T_0000127472,1,0.749086,1
T_0000127474,0,0.055867,0
T_0000127485,0,0.047654,0
T_0000127494,1,0.232463,1
T_0000127513,1,0.061597,0
T_0000127522,1,0.526469,1
T_0000127523,0,0.131849,0
T_0000127529,0,0.093726,0
T_0000127575,1,0.152281,0
T_0000127611,1,0.071158,0
T_0000127659,1,0.743176,1
T_0000127669,1,0.529714,1
T_0000127687,1,0.974107,1
T_0000127712,0,0.137360,0
T_0000127738,0,0.066337,0
T_0000127746,1,0.867874,1
T_0000127752,1,0.457560,1
T_0000127774,1,0.033601,0
T_0000127785,0,0.166065,0
T_0000127807,0,0.027895,0
T_0000127817,1,0.398713,1
T_0000127876,1,0.103748,0
T_0000127916,1,0.067594,0
T_0000127923,1,0.458869,1
T_0000128016,0,0.028481,0
T_0000128029,0,0.048132,0
T_0000128045,1,0.231143,1
T_0000128089,1,0.860698,1
T_0000128101,1,0.563306,1
T_0000128121,1,0.125036,0
T_0000128128,1,0.619034,1
T_0000128172,1,0.249721,1
T_0000128177,1,0.867334,1
T_0000128210,0,0.062038,0
T_0000128235,1,0.831255,1
T_0000128269,1,0.182470,0
T_0000128291,1,0.818960,1
T_0000128306,1,0.880522,1
T_0000128314,1,0.294028,1
T_0000128330,1,0.272309,1
T_0000128343,0,0.157528,0
T_0000128357,1,0.099957,0
T_0000128409,0,0.038029,0
T_0000128412,1,0.844570,1
T_0000128416,1,0.217950,1
T_0000128441,0,0.050991,0
T_0000128500,0,0.041301,0
T_0000128522,1,0.281243,1
T_0000128544,1,0.119100,0
T_0000128598,0,0.102260,0
T_0000128626,1,0.028680,0
T_0000128629,1,0.612990,1
T_0000128653,0,0.018371,0
T_0000128675,1,0.187936,1
T_0000128681,1,0.804587,1
T_0000128696,1,0.955315,1
T_0000128706,1,0.150289,0
T_0000128734,1,0.435543,1
T_0000128811,1,0.067611,0
T_0000128858,1,0.420151,1
T_0000128869,1,0.758700,1
T_0000128882,1,0.028306,0
T_0000128903,0,0.040254,0
T_0000128904,1,0.714012,1
T_0000128912,0,0.141306,0
T_0000128923,1,0.150758,0
T_0000128950,1,0.269949,1
T_0000128982,1,0.102259,0
T_0000128988,1,0.363756,1
T_0000128994,1,0.968528,1
T_0000129036,0,0.183632,0
T_0000129102,1,0.374974,1
T_0000129130,0,0.026549,0
T_0000129136,0,0.054806,0
T_0000129181,1,0.918796,1
T_0000129203,1,0.968932,1
T_0000129230,1,0.878886,1
T_0000129233,1,0.690458,1
T_0000129258,0,0.026125,0
T_0000129275,0,0.034931,0
T_0000129306,1,0.704436,1
T_0000129308,0,0.083937,0
T_0000129318,1,0.730534,1
T_0000129320,1,0.147955,0
T_0000129350,0,0.072005,0
T_0000129379,1,0.821885,1
T_0000129424,1,0.967790,1
T_0000129428,0,0.060640,0
T_0000129430,0,0.007700,0
T_0000129445,1,0.946398,1
T_0000129448,0,0.036796,0
T_0000129456,0,0.056737,0
T_0000129500,1,0.433306,1
T_0000129517,1,0.134668,0
T_0000129540,0,0.065264,0
T_0000129574,0,0.023640,0
T_0000129586,0,0.069364,0
T_0000129599,1,0.927333,1
T_0000129625,0,0.017154,0
T_0000129650,0,0.023420,0
T_0000129656,0,0.062040,0
T_0000129664,0,0.051494,0
T_0000129669,1,0.858596,1
T_0000129676,1,0.889107,1
T_0000129703,0,0.299095,1
T_0000129705,1,0.077836,0
T_0000129736,1,0.978677,1
T_0000129770,0,0.041317,0
T_0000129820,1,0.932048,1
T_0000129831,1,0.044346,0
T_0000129842,1,0.957902,1
T_0000129844,1,0.479879,1
T_0000129861,0,0.065416,0
T_0000129864,0,0.081834,0
T_0000129878,1,0.100634,0
T_0000129942,0,0.043324,0
T_0000129982,1,0.917936,1
T_0000129995,1,0.851194,1
T_0000130038,0,0.038090,0
T_0000130058,1,0.627878,1
T_0000130085,1,0.174725,0
T_0000130088,1,0.478040,1
T_0000130093,1,0.057709,0
T_0000130111,1,0.266871,1
T_0000130133,1,0.360646,1
T_0000130138,0,0.133675,0
T_0000130144,1,0.431589,1
T_0000130158,1,0.084932,0
T_0000130176,1,0.922507,1
T_0000130189,1,0.515165,1
T_0000130213,1,0.943472,1
T_0000130219,1,0.664254,1
T_0000130252,1,0.055515,0
T_0000130274,0,0.015549,0
T_0000130283,0,0.147392,0
T_0000130284,0,0.021669,0
T_0000130296,0,0.074710,0
T_0000130302,0,0.025663,0
T_0000130309,1,0.139963,0
T_0000130345,0,0.062305,0
T_0000130360,0,0.071032,0
T_0000130362,0,0.056710,0
T_0000130405,1,0.978798,1
T_0000130452,0,0.099565,0
T_0000130470,1,0.192058,1
T_0000130481,0,0.080216,0
T_0000130495,0,0.040378,0
T_0000130516,0,0.125224,0
T_0000130525,0,0.111769,0
T_0000130528,1,0.092408,0
T_0000130530,1,0.659081,1
T_0000130538,0,0.037025,0
T_0000130551,1,0.953637,1
T_0000130594,1,0.972989,1
T_0000130602,1,0.261058,1
T_0000130624,1,0.987879,1
T_0000130642,1,0.451525,1
T_0000130650,1,0.862928,1
T_0000130652,1,0.916429,1
T_0000130653,1,0.291583,1
T_0000130656,0,0.057538,0
T_0000130683,0,0.067100,0
T_0000130707,1,0.931947,1
T_0000130722,1,0.898045,1
T_0000130746,0,0.062984,0
T_0000130770,1,0.785163,1
T_0000130794,1,0.913133,1
T_0000130829,1,0.508515,1
T_0000130850,1,0.959940,1
T_0000130873,1,0.330132,1
T_0000130902,1,0.928667,1
T_0000130929,0,0.071330,0
T_0000130974,1,0.781462,1
T_0000131027,1,0.940045,1
T_0000131040,1,0.976852,1
T_0000131065,0,0.052100,0
T_0000131068,0,0.099638,0
T_0000131071,1,0.533628,1
T_0000131078,1,0.388064,1
T_0000131081,1,0.352818,1
T_0000131092,1,0.940783,1
T_0000131109,1,0.049731,0
T_0000131123,1,0.899744,1
T_0000131199,0,0.127510,0
T_0000131226,1,0.130971,0
T_0000131272,0,0.030610,0
T_0000131275,1,0.557338,1
T_0000131301,0,0.095035,0
T_0000131303,0,0.165207,0
T_0000131324,0,0.091137,0
T_0000131334,0,0.074298,0
T_0000131461,1,0.742285,1
T_0000131501,1,0.059390,0
T_0000131520,0,0.063667,0
T_0000131533,0,0.045016,0
T_0000131550,1,0.526265,1
T_0000131554,1,0.278499,1
T_0000131555,1,0.053673,0
T_0000131589,0,0.030029,0
T_0000131605,1,0.063102,0
T_0000131633,1,0.712206,1
T_0000131640,1,0.856928,1
T_0000131652,1,0.917356,1
T_0000131746,1,0.709552,1
T_0000131750,0,0.057384,0
T_0000131763,0,0.273698,1
T_0000131806,0,0.058186,0
T_0000131807,1,0.473175,1
T_0000131810,1,0.340593,1
T_0000131828,1,0.799650,1
T_0000131866,1,0.162534,0
T_0000131872,0,0.088828,0
T_0000131889,1,0.751207,1
T_0000131927,1,0.107729,0
T_0000131969,1,0.223006,1
T_0000131977,0,0.015489,0
T_0000132016,1,0.814508,1
T_0000132030,0,0.097332,0
T_0000132056,1,0.273332,1
T_0000132068,0,0.102013,0
T_0000132082,1,0.098602,0
T_0000132136,0,0.118312,0
T_0000132151,1,0.456088,1
T_0000132166,1,0.339890,1
T_0000132199,0,0.244799,1
T_0000132235,1,0.899029,1
T_0000132247,1,0.070198,0
T_0000132285,1,0.545072,1
T_0000132299,1,0.180501,0
T_0000132317,1,0.980277,1
T_0000132318,1,0.235703,1
T_0000132319,1,0.067214,0
T_0000132389,1,0.356648,1
T_0000132440,1,0.385392,1
T_0000132476,0,0.050827,0
T_0000132506,1,0.637833,1
T_0000132513,0,0.043719,0
T_0000132547,1,0.591975,1
T_0000132587,0,0.068903,0
T_0000132594,0,0.105197,0
T_0000132599,1,0.084675,0
T_0000132618,1,0.863813,1
T_0000132640,1,0.823685,1
T_0000132652,1,0.032643,0
T_0000132705,1,0.174617,0
T_0000132732,1,0.452832,1
T_0000132752,1,0.885932,1
T_0000132762,0,0.061292,0
T_0000132801,1,0.750264,1
T_0000132826,1,0.312911,1
T_0000132837,1,0.167633,0
T_0000132864,0,0.111143,0
T_0000132870,0,0.084383,0
T_0000132872,1,0.039366,0
T_0000132911,1,0.205731,1
T_0000132932,1,0.781114,1
T_0000132942,1,0.699554,1
T_0000132943,0,0.048804,0
T_0000133035,1,0.073157,0
T_0000133037,0,0.095577,0
T_0000133079,0,0.042354,0
T_0000133085,1,0.490563,1
T_0000133090,0,0.078297,0
T_0000133119,1,0.945986,1
T_0000133121,0,0.118251,0
T_0000133171,0,0.250142,1
T_0000133176,1,0.359847,1
T_0000133178,1,0.683134,1
T_0000133204,1,0.952913,1
T_0000133209,1,0.036721,0
T_0000133229,1,0.353018,1
T_0000133248,0,0.070393,0
T_0000133262,0,0.095594,0
T_0000133290,1,0.771363,1
T_0000133306,0,0.207921,1
T_0000133329,1,0.842202,1
T_0000133407,0,0.152151,0
T_0000133424,1,0.647822,1
T_0000133426,0,0.087151,0
T_0000133452,0,0.120704,0
T_0000133464,1,0.916783,1
T_0000133480,1,0.980787,1
T_0000133485,1,0.842434,1
T_0000133548,1,0.590849,1
T_0000133552,1,0.087282,0
T_0000133556,0,0.046381,0
T_0000133603,0,0.061073,0
T_0000133709,1,0.078827,0
T_0000133768,1,0.902512,1
T_0000133907,1,0.797737,1
T_0000133913,0,0.107004,0
T_0000133923,1,0.674468,1
T_0000133941,1,0.261553,1
T_0000133993,1,0.108733,0
T_0000133997,1,0.970050,1
T_0000134005,1,0.068128,0
T_0000134016,1,0.571275,1
T_0000134035,0,0.039919,0
T_0000134125,0,0.067650,0
T_0000134128,1,0.336995,1
T_0000134130,1,0.549961,1
T_0000134141,1,0.076777,0
T_0000134209,0,0.091345,0
T_0000134213,0,0.117485,0
T_0000134228,1,0.345253,1
T_0000134312,0,0.067191,0
T_0000134378,1,0.089362,0
T_0000134467,1,0.054671,0
T_0000134472,1,0.247887,1
T_0000134486,0,0.086031,0
T_0000134502,1,0.772502,1
T_0000134515,1,0.505350,1
T_0000134526,1,0.293432,1
T_0000134528,1,0.515211,1
T_0000134546,0,0.060105,0
T_0000134558,1,0.519278,1
T_0000134696,0,0.146892,0
T_0000134700,1,0.698972,1
T_0000134708,1,0.528584,1
T_0000134725,0,0.017732,0
T_0000134742,1,0.891247,1
T_0000134744,1,0.506792,1
T_0000134779,1,0.121846,0
T_0000134816,1,0.806133,1
T_0000134870,1,0.366767,1
T_0000134881,0,0.014879,0
T_0000134883,0,0.050788,0
T_0000134905,1,0.106711,0
T_0000134912,1,0.117185,0
T_0000134916,1,0.941213,1
T_0000134930,1,0.806920,1
T_0000134934,1,0.725445,1
T_0000134991,1,0.690713,1
T_0000135048,1,0.159063,0
T_0000135092,1,0.555994,1
T_0000135105,0,0.124416,0
T_0000135145,1,0.534571,1
T_0000135147,0,0.043437,0
T_0000135194,0,0.254559,1
T_0000135204,1,0.796827,1
T_0000135234,0,0.061959,0
T_0000135312,0,0.090923,0
T_0000135328,1,0.420747,1
T_0000135350,0,0.030130,0
T_0000135352,1,0.968324,1
T_0000135372,1,0.880384,1
T_0000135405,1,0.688119,1
T_0000135505,1,0.959552,1
T_0000135549,1,0.534940,1
T_0000135553,1,0.173131,0
T_0000135564,1,0.819019,1
T_0000135575,1,0.094201,0
T_0000135615,1,0.715109,1
T_0000135640,1,0.784060,1
T_0000135642,0,0.027253,0
T_0000135668,1,0.029677,0
T_0000135677,0,0.054415,0
T_0000135714,1,0.339955,1
T_0000135775,0,0.079277,0
T_0000135776,1,0.362504,1
T_0000135803,0,0.053744,0
T_0000135805,1,0.321504,1
T_0000135847,0,0.058490,0
T_0000135875,0,0.154229,0
T_0000135891,1,0.808084,1
T_0000135914,1,0.951600,1
T_0000135933,0,0.062775,0
T_0000135937,1,0.962929,1
T_0000136002,1,0.487881,1
T_0000136063,1,0.535064,1
T_0000136075,1,0.987957,1
T_0000136112,1,0.825257,1
T_0000136132,1,0.963327,1
T_0000136134,1,0.990336,1
T_0000136153,1,0.739231,1
T_0000136166,0,0.441937,1
T_0000136196,0,0.150353,0
T_0000136214,1,0.916594,1
T_0000136228,1,0.777027,1
T_0000136230,1,0.963479,1
T_0000136234,1,0.883350,1
T_0000136264,1,0.891568,1
T_0000136304,1,0.994786,1
T_0000136319,1,0.956107,1
T_0000136368,0,0.063087,0
T_0000136445,0,0.043232,0
T_0000136450,1,0.916814,1
T_0000136457,1,0.451222,1
T_0000136497,1,0.930998,1
T_0000136501,0,0.048741,0
T_0000136505,1,0.226649,1
T_0000136525,0,0.092350,0
T_0000136550,1,0.934726,1
T_0000136606,1,0.984672,1
T_0000136623,1,0.976243,1
T_0000136627,0,0.031612,0
T_0000136648,0,0.142501,0
T_0000136652,1,0.980017,1
T_0000136659,1,0.149746,0
T_0000136665,1,0.626294,1
T_0000136682,1,0.977122,1
T_0000136714,1,0.649638,1
T_0000136725,0,0.145109,0
T_0000136735,0,0.030617,0
T_0000136739,0,0.065966,0
T_0000136756,1,0.591889,1
T_0000136764,0,0.181302,0
T_0000136774,1,0.156370,0
T_0000136775,1,0.951790,1
T_0000136777,0,0.099709,0
T_0000136783,0,0.095765,0
T_0000136785,1,0.149881,0
T_0000136786,1,0.758158,1
T_0000136792,1,0.977103,1
T_0000136838,1,0.433124,1
T_0000136842,0,0.053816,0
T_0000136843,1,0.651213,1
T_0000136861,1,0.613525,1
T_0000136884,0,0.065905,0
T_0000136887,1,0.776266,1
T_0000136910,1,0.196962,1
T_0000136952,0,0.019471,0
T_0000136971,0,0.026059,0
T_0000136980,1,0.918893,1
T_0000136994,1,0.965681,1
T_0000137000,0,0.220278,1
T_0000137005,0,0.022327,0
T_0000137056,1,0.149034,0
T_0000137077,1,0.897064,1
T_0000137202,0,0.053258,0
T_0000137215,1,0.042669,0
T_0000137216,1,0.155413,0
T_0000137261,1,0.650412,1
T_0000137272,1,0.196676,1
T_0000137276,1,0.519401,1
T_0000137288,0,0.069576,0
T_0000137346,1,0.209123,1
T_0000137354,0,0.048684,0
T_0000137405,0,0.085250,0
T_0000137416,1,0.028398,0
T_0000137446,1,0.505122,1
T_0000137458,1,0.038202,0
T_0000137470,0,0.034345,0
T_0000137473,1,0.582024,1
T_0000137480,1,0.908698,1
T_0000137522,0,0.137585,0
T_0000137525,1,0.253110,1
T_0000137555,1,0.673651,1
T_0000137576,1,0.838608,1
T_0000137581,1,0.850427,1
T_0000137590,1,0.110264,0
T_0000137669,0,0.201121,1
T_0000137688,1,0.206100,1
T_0000137689,1,0.683359,1
T_0000137691,1,0.067441,0
T_0000137692,1,0.720917,1
T_0000137700,1,0.052823,0
T_0000137717,1,0.097836,0
T_0000137739,1,0.768221,1
T_0000137743,0,0.074553,0
T_0000137746,1,0.564725,1
T_0000137759,0,0.057662,0
T_0000137772,0,0.100743,0
T_0000137794,1,0.745434,1
T_0000137849,0,0.069494,0
T_0000137868,1,0.076218,0
T_0000137879,0,0.037336,0
T_0000137899,1,0.843260,1
T_0000137904,1,0.162350,0
T_0000137915,1,0.035493,0
T_0000137927,0,0.119352,0
T_0000137930,0,0.065121,0
T_0000137989,0,0.046471,0
T_0000137996,1,0.357305,1
T_0000138017,1,0.721183,1
T_0000138018,0,0.037014,0
T_0000138087,1,0.784166,1
T_0000138121,1,0.929494,1
T_0000138122,0,0.037097,0
T_0000138192,0,0.103129,0
T_0000138194,1,0.085751,0
T_0000138224,1,0.775602,1
T_0000138230,0,0.023750,0
T_0000138252,1,0.804282,1
T_0000138279,1,0.295811,1
T_0000138286,1,0.934043,1
T_0000138292,1,0.042618,0
T_0000138335,1,0.739602,1
T_0000138354,0,0.155393,0
T_0000138396,1,0.156614,0
T_0000138400,0,0.127984,0
T_0000138409,1,0.142930,0
T_0000138434,1,0.844667,1
T_0000138464,1,0.830498,1
T_0000138473,1,0.041914,0
T_0000138499,0,0.151977,0
T_0000138519,1,0.931537,1
T_0000138524,0,0.108333,0
T_0000138595,1,0.810159,1
T_0000138636,1,0.675041,1
T_0000138657,1,0.342887,1
T_0000138668,1,0.407876,1
T_0000138737,0,0.051870,0
T_0000138808,0,0.043183,0
T_0000138814,1,0.096452,0
T_0000138830,1,0.601254,1
T_0000138841,1,0.922797,1
T_0000138872,0,0.093333,0
T_0000138878,1,0.878566,1
T_0000138880,1,0.961802,1
T_0000138884,1,0.956685,1
T_0000138926,0,0.037482,0
T_0000138981,0,0.020049,0
T_0000139041,0,0.033409,0
T_0000139064,1,0.455901,1
T_0000139114,0,0.034915,0
T_0000139118,0,0.048394,0
T_0000139164,1,0.272415,1
T_0000139166,0,0.116400,0
T_0000139188,1,0.531992,1
T_0000139221,1,0.748292,1
T_0000139238,1,0.776304,1
T_0000139260,0,0.145838,0
T_0000139275,0,0.088098,0
T_0000139286,0,0.056732,0
T_0000139291,1,0.572889,1
T_0000139295,0,0.078888,0
T_0000139329,1,0.082098,0
T_0000139347,0,0.075461,0
T_0000139378,1,0.974110,1
T_0000139389,0,0.037256,0
T_0000139400,1,0.992622,1
T_0000139461,1,0.969359,1
T_0000139491,1,0.978440,1
T_0000139526,0,0.059087,0
T_0000139528,1,0.551678,1
T_0000139667,0,0.151195,0
T_0000139681,1,0.971209,1
T_0000139685,0,0.076587,0
T_0000139712,0,0.079331,0
T_0000139730,1,0.873052,1
T_0000139741,0,0.043362,0
T_0000139784,1,0.964617,1
T_0000139802,1,0.750376,1
T_0000139829,1,0.952418,1
T_0000139834,1,0.970963,1
T_0000139849,0,0.029103,0
T_0000139982,1,0.939807,1
T_0000139988,1,0.969562,1
T_0000139998,1,0.942324,1
T_0000140006,0,0.045792,0
T_0000140027,0,0.039447,0
T_0000140040,0,0.006103,0
T_0000140067,0,0.007385,0
T_0000140068,1,0.992903,1
T_0000140074,0,0.052145,0
T_0000140076,0,0.020859,0
T_0000140117,0,0.920812,1
T_0000140121,0,0.022487,0
T_0000140127,0,0.031348,0
T_0000140170,0,0.025083,0
T_0000140175,1,0.516374,1
T_0000140211,1,0.556923,1
T_0000140214,1,0.427888,1
T_0000140240,0,0.056249,0
T_0000140263,0,0.092708,0
T_0000140282,0,0.032025,0
T_0000140283,0,0.032142,0
T_0000140303,1,0.597635,1
T_0000140315,1,0.844151,1
T_0000140343,1,0.484378,1
T_0000140352,1,0.112107,0
T_0000140378,0,0.032597,0
T_0000140428,1,0.721564,1
T_0000140453,1,0.763293,1
T_0000140458,1,0.477273,1
T_0000140460,0,0.042742,0
T_0000140464,1,0.893900,1
T_0000140497,0,0.016246,0
T_0000140556,0,0.202654,1
T_0000140566,1,0.182973,0
T_0000140573,1,0.431239,1
T_0000140589,1,0.578307,1
T_0000140607,0,0.100438,0
T_0000140691,1,0.482037,1
T_0000140702,0,0.063272,0
T_0000140705,1,0.172637,0
T_0000140781,1,0.067321,0
T_0000140793,1,0.375155,1
T_0000140795,0,0.058653,0
T_0000140858,1,0.204326,1
T_0000140929,1,0.889737,1
T_0000140963,1,0.302301,1
T_0000140980,0,0.043634,0
T_0000141016,0,0.033293,0
T_0000141030,1,0.288352,1
T_0000141095,1,0.920253,1
T_0000141151,1,0.662844,1
T_0000141168,0,0.034879,0
T_0000141183,1,0.500909,1
T_0000141208,1,0.837317,1
T_0000141209,1,0.082936,0
T_0000141212,1,0.804970,1
T_0000141232,0,0.024040,0
T_0000141253,1,0.129958,0
T_0000141262,0,0.102327,0
T_0000141282,0,0.147241,0
T_0000141300,1,0.041079,0
T_0000141316,1,0.893072,1
T_0000141334,1,0.298606,1
T_0000141373,0,0.394474,1
T_0000141429,1,0.771062,1
T_0000141442,1,0.248956,1
T_0000141463,1,0.431378,1
T_0000141487,1,0.894362,1
T_0000141492,1,0.612288,1
T_0000141494,1,0.728858,1
T_0000141520,1,0.295741,1
T_0000141530,0,0.108648,0
T_0000141532,0,0.027671,0
T_0000141537,1,0.256161,1
T_0000141545,1,0.105788,0
T_0000141560,0,0.063829,0
T_0000141588,1,0.840341,1
T_0000141591,1,0.051995,0
T_0000141609,0,0.040146,0
T_0000141631,1,0.067386,0
T_0000141671,1,0.950278,1
T_0000141675,1,0.961264,1
T_0000141682,0,0.060119,0
T_0000141704,0,0.080726,0
T_0000141706,0,0.101508,0
T_0000141754,0,0.117139,0
T_0000141775,1,0.740859,1
T_0000141787,1,0.721315,1
T_0000141860,1,0.318388,1
T_0000141862,1,0.753601,1
T_0000141872,1,0.741697,1
T_0000141875,1,0.668561,1
T_0000141886,0,0.042536,0
T_0000141909,0,0.094674,0
T_0000141910,1,0.259754,1
T_0000141957,1,0.536562,1
T_0000141981,1,0.817920,1
T_0000142023,1,0.463999,1
T_0000142072,0,0.179690,0
T_0000142083,1,0.991611,1
T_0000142091,1,0.857585,1
T_0000142106,1,0.301463,1
T_0000142143,0,0.031546,0
T_0000142157,1,0.217830,1
T_0000142173,1,0.753340,1
T_0000142203,1,0.870566,1
T_0000142239,1,0.713042,1
T_0000142267,0,0.072224,0
T_0000142294,1,0.094660,0
T_0000142312,1,0.976706,1
T_0000142329,1,0.440324,1
T_0000142330,1,0.746330,1
T_0000142399,1,0.866684,1
T_0000142409,0,0.081683,0
T_0000142410,1,0.267715,1
T_0000142420,1,0.587798,1
T_0000142453,0,0.100247,0
T_0000142497,1,0.915633,1
T_0000142499,0,0.060027,0
T_0000142500,0,0.106713,0
T_0000142540,0,0.066205,0
T_0000142551,0,0.059370,0
T_0000142555,1,0.892927,1
T_0000142562,1,0.987007,1
T_0000142584,0,0.204444,1
T_0000142614,1,0.590765,1
T_0000142624,0,0.105871,0
T_0000142627,0,0.145918,0
T_0000142640,1,0.157084,0
T_0000142646,1,0.294285,1
T_0000142654,1,0.671407,1
T_0000142656,1,0.886571,1
T_0000142684,1,0.360950,1
T_0000142760,1,0.237474,1
T_0000142821,1,0.163875,0
T_0000142822,1,0.186028,1
T_0000142826,1,0.573104,1
T_0000142875,1,0.413197,1
T_0000142897,1,0.036368,0
T_0000142924,1,0.162113,0
T_0000142934,1,0.032225,0
T_0000142946,1,0.141273,0
T_0000142969,1,0.842150,1
T_0000142992,1,0.894123,1
T_0000143001,0,0.048150,0
T_0000143002,0,0.104321,0
T_0000143015,1,0.794280,1
T_0000143016,1,0.299661,1
T_0000143022,1,0.696006,1
T_0000143039,1,0.333429,1
T_0000143064,1,0.160536,0
T_0000143113,1,0.051237,0
T_0000143125,1,0.025458,0
T_0000143153,0,0.051724,0
T_0000143155,1,0.044872,0
T_0000143159,0,0.370083,1
T_0000143223,1,0.037291,0
T_0000143225,0,0.030350,0
T_0000143234,0,0.184507,0
T_0000143278,0,0.067808,0
T_0000143292,0,0.037501,0
T_0000143293,1,0.236070,1
T_0000143297,1,0.751710,1
T_0000143316,1,0.648048,1
T_0000143318,0,0.069484,0
T_0000143320,0,0.025598,0
T_0000143348,1,0.108133,0
T_0000143349,1,0.685611,1
T_0000143353,0,0.038987,0
T_0000143429,1,0.791693,1
T_0000143437,1,0.573365,1
T_0000143457,1,0.831366,1
T_0000143498,1,0.795603,1
T_0000143507,0,0.103771,0
T_0000143555,0,0.012709,0
T_0000143564,1,0.985135,1
T_0000143583,1,0.967265,1
T_0000143584,1,0.088565,0
T_0000143610,1,0.978790,1
T_0000143626,1,0.975512,1
T_0000143633,1,0.985989,1
T_0000143712,1,0.987058,1
T_0000143723,1,0.621549,1
T_0000143727,1,0.976661,1
T_0000143736,1,0.956498,1
T_0000143759,1,0.677304,1
T_0000143763,1,0.987408,1
T_0000143783,1,0.987224,1
T_0000143798,0,0.050554,0
T_0000143811,0,0.246715,1
T_0000143823,1,0.989708,1
T_0000143854,1,0.987846,1
T_0000143867,1,0.885195,1
T_0000143874,0,0.030059,0
T_0000143886,1,0.987314,1
T_0000143897,1,0.994059,1
T_0000143910,1,0.991967,1
T_0000143936,1,0.987853,1
T_0000143940,1,0.993965,1
T_0000143942,1,0.989177,1
T_0000143952,1,0.991441,1
T_0000143958,0,0.136351,0
T_0000144029,0,0.458668,1
T_0000144032,1,0.781926,1
T_0000144042,1,0.971431,1
T_0000144043,0,0.012735,0
T_0000144058,1,0.065282,0
T_0000144060,0,0.100227,0
T_0000144143,1,0.154602,0
T_0000144172,1,0.565558,1
T_0000144184,1,0.985537,1
T_0000144216,0,0.045472,0
T_0000144259,1,0.748512,1
T_0000144263,1,0.337534,1
T_0000144303,1,0.134988,0
T_0000144306,1,0.231291,1
T_0000144363,1,0.365137,1
T_0000144371,0,0.077395,0
T_0000144383,0,0.179807,0
T_0000144385,1,0.065368,0
T_0000144417,0,0.054950,0
T_0000144427,1,0.767667,1
T_0000144444,1,0.714839,1
T_0000144450,1,0.031131,0
T_0000144472,1,0.786853,1
T_0000144491,0,0.116368,0
T_0000144517,1,0.059122,0
T_0000144520,1,0.827282,1
T_0000144536,1,0.186776,1
T_0000144560,1,0.205782,1
T_0000144567,1,0.240348,1
T_0000144574,1,0.759942,1
T_0000144591,1,0.142623,0
T_0000144608,1,0.077706,0
T_0000144629,0,0.079132,0
T_0000144638,1,0.681939,1
T_0000144649,1,0.217047,1
T_0000144657,1,0.031349,0
T_0000144659,1,0.066109,0
T_0000144742,1,0.645042,1
T_0000144782,0,0.087835,0
T_0000144821,1,0.639925,1
T_0000144831,1,0.343018,1
T_0000144863,1,0.128529,0
T_0000144944,1,0.500358,1
T_0000144971,1,0.700898,1
T_0000145049,0,0.034277,0
T_0000145057,0,0.091268,0
T_0000145059,1,0.025793,0
T_0000145064,1,0.185255,1
T_0000145087,1,0.118125,0
T_0000145104,0,0.059798,0
T_0000145108,0,0.049150,0
T_0000145114,1,0.084258,0
T_0000145156,0,0.090678,0
T_0000145179,1,0.554026,1
T_0000145197,1,0.096084,0
T_0000145217,1,0.735110,1
T_0000145231,1,0.552994,1
T_0000145238,1,0.436104,1
T_0000145255,0,0.103513,0
T_0000145261,0,0.020671,0
T_0000145262,1,0.034515,0
T_0000145266,1,0.106470,0
T_0000145277,1,0.333687,1
T_0000145315,1,0.181574,0
T_0000145330,1,0.613863,1
T_0000145343,0,0.031871,0
T_0000145348,1,0.760812,1
T_0000145391,1,0.936320,1
T_0000145420,0,0.140277,0
T_0000145466,1,0.983753,1
T_0000145478,0,0.028286,0
T_0000145481,1,0.883279,1
T_0000145496,1,0.871075,1
T_0000145498,0,0.117453,0
T_0000145512,0,0.070532,0
T_0000145527,0,0.139714,0
T_0000145575,0,0.431029,1
T_0000145580,1,0.927370,1
T_0000145581,0,0.017178,0
T_0000145594,1,0.819751,1
T_0000145612,1,0.853306,1
T_0000145642,1,0.729615,1
T_0000145693,0,0.025095,0
T_0000145700,1,0.260231,1
T_0000145706,1,0.862252,1
T_0000145739,1,0.898118,1
T_0000145785,1,0.494302,1
T_0000145786,1,0.408847,1
T_0000145799,1,0.024743,0
T_0000145809,1,0.967455,1
T_0000145810,0,0.031574,0
T_0000145832,1,0.442144,1
T_0000145852,0,0.113462,0
T_0000145865,1,0.215224,1
T_0000145874,1,0.138280,0
T_0000145882,0,0.035826,0
T_0000145890,0,0.016164,0
T_0000145916,1,0.044708,0
T_0000145957,0,0.453670,1
T_0000146000,1,0.468309,1
T_0000146015,1,0.146798,0
T_0000146041,1,0.174203,0
T_0000146094,1,0.934549,1
T_0000146098,1,0.440297,1
T_0000146130,1,0.024931,0
T_0000146146,1,0.147749,0
T_0000146177,1,0.328184,1
T_0000146204,1,0.065989,0
T_0000146220,1,0.566070,1
T_0000146230,1,0.715900,1
T_0000146246,1,0.058315,0
T_0000146248,1,0.145579,0
T_0000146263,0,0.020098,0
T_0000146276,0,0.006276,0
T_0000146280,1,0.433629,1
T_0000146312,1,0.213525,1
T_0000146343,1,0.230524,1
T_0000146371,1,0.659866,1
T_0000146380,1,0.086742,0
T_0000146425,1,0.678663,1
T_0000146427,1,0.346552,1
T_0000146461,1,0.826423,1
T_0000146472,0,0.088947,0
T_0000146475,1,0.084108,0
T_0000146538,1,0.350626,1
T_0000146544,0,0.041259,0
T_0000146560,1,0.041549,0
T_0000146568,0,0.035084,0
T_0000146608,1,0.196240,1
T_0000146632,0,0.113933,0
T_0000146635,0,0.159926,0
T_0000146661,1,0.132888,0
T_0000146673,1,0.169102,0
T_0000146702,0,0.026204,0
T_0000146708,1,0.229318,1
T_0000146736,1,0.131901,0
T_0000146751,1,0.957417,1
T_0000146753,1,0.809841,1
T_0000146762,1,0.974051,1
T_0000146786,1,0.079445,0
T_0000146831,0,0.084727,0
T_0000146849,1,0.889650,1
T_0000146850,1,0.836931,1
T_0000146879,1,0.347634,1
T_0000146904,0,0.065635,0
T_0000146907,0,0.063710,0
T_0000146919,1,0.903976,1
T_0000146928,1,0.365897,1
T_0000146931,1,0.032147,0
T_0000146955,1,0.676651,1
T_0000146967,1,0.272526,1
T_0000147003,1,0.170702,0
T_0000147015,1,0.194167,1
T_0000147020,1,0.910943,1
T_0000147081,1,0.872737,1
T_0000147111,1,0.981393,1
T_0000147119,0,0.181124,0
T_0000147128,1,0.498789,1
T_0000147136,1,0.340510,1
T_0000147142,1,0.350985,1
T_0000147181,1,0.092172,0
T_0000147185,1,0.618210,1
T_0000147246,0,0.147447,0
T_0000147248,1,0.135236,0
T_0000147288,1,0.962799,1
T_0000147335,1,0.166358,0
T_0000147341,0,0.027560,0
T_0000147344,1,0.101064,0
T_0000147347,0,0.045473,0
T_0000147348,1,0.704622,1
T_0000147391,1,0.363968,1
T_0000147431,0,0.162765,0
T_0000147477,1,0.951701,1
T_0000147517,0,0.124822,0
T_0000147523,0,0.010381,0
T_0000147528,1,0.272302,1
T_0000147554,1,0.281846,1
T_0000147590,0,0.074034,0
T_0000147598,1,0.071485,0
T_0000147615,1,0.906280,1
T_0000147631,1,0.965597,1
T_0000147637,1,0.202980,1
T_0000147640,1,0.937551,1
T_0000147718,1,0.442899,1
T_0000147742,0,0.049540,0
T_0000147756,1,0.968835,1
T_0000147766,0,0.036779,0
T_0000147776,1,0.375133,1
T_0000147777,1,0.846935,1
T_0000147847,1,0.710117,1
T_0000147893,0,0.049873,0
T_0000147904,1,0.606797,1
T_0000147925,1,0.627646,1
T_0000147942,1,0.048732,0
T_0000147944,1,0.959310,1
T_0000147958,0,0.027543,0
T_0000148008,0,0.138414,0
T_0000148036,0,0.025529,0
T_0000148046,1,0.822660,1
T_0000148087,1,0.986076,1
T_0000148104,1,0.248732,1
T_0000148117,1,0.989604,1
T_0000148125,1,0.918799,1
T_0000148134,1,0.304467,1
T_0000148137,1,0.145367,0
T_0000148176,1,0.606180,1
T_0000148184,1,0.387757,1
T_0000148235,1,0.886071,1
T_0000148267,1,0.969036,1
T_0000148282,1,0.366150,1
T_0000148300,1,0.100591,0
T_0000148317,1,0.979636,1
T_0000148326,1,0.838211,1
T_0000148351,1,0.337825,1
T_0000148367,1,0.368479,1
T_0000148370,1,0.529126,1
T_0000148379,1,0.786241,1
T_0000148406,0,0.202218,1
T_0000148475,1,0.192578,1
T_0000148478,1,0.497338,1
T_0000148517,1,0.848008,1
T_0000148532,1,0.930863,1
T_0000148592,1,0.401560,1
T_0000148602,0,0.102430,0
T_0000148625,1,0.524124,1
T_0000148631,1,0.925804,1
T_0000148633,1,0.159790,0
T_0000148698,0,0.046411,0
T_0000148699,1,0.404441,1
T_0000148704,0,0.026002,0
T_0000148705,0,0.062982,0
T_0000148722,1,0.570470,1
T_0000148744,1,0.181847,0
T_0000148771,1,0.475961,1
T_0000148780,0,0.068244,0
T_0000148783,1,0.962346,1
T_0000148798,1,0.910125,1
T_0000148823,0,0.080933,0
T_0000148833,1,0.153003,0
T_0000148851,1,0.046377,0
T_0000148854,1,0.290710,1
T_0000148908,0,0.020712,0
T_0000148909,1,0.693167,1
T_0000148993,1,0.038722,0
T_0000149012,1,0.974700,1
T_0000149014,0,0.096984,0
T_0000149048,0,0.047851,0
T_0000149052,0,0.144130,0
T_0000149103,1,0.753493,1
T_0000149107,1,0.094721,0
T_0000149131,1,0.031790,0
T_0000149150,0,0.084697,0
T_0000149170,1,0.197321,1
T_0000149225,0,0.083074,0
T_0000149228,0,0.166706,0
T_0000149269,0,0.047535,0
T_0000149279,1,0.218864,1
T_0000149311,1,0.313774,1
T_0000149313,1,0.430692,1
T_0000149345,1,0.119663,0
T_0000149351,1,0.248802,1
T_0000149372,1,0.655913,1
T_0000149373,1,0.933721,1
T_0000149381,1,0.850324,1
T_0000149418,1,0.203025,1
T_0000149426,0,0.082050,0
T_0000149456,0,0.035708,0
T_0000149494,0,0.151117,0
T_0000149510,1,0.449424,1
T_0000149528,1,0.045056,0
T_0000149602,1,0.448383,1
T_0000149693,1,0.502124,1
T_0000149705,0,0.018021,0
T_0000149749,1,0.096027,0
T_0000149764,0,0.062004,0
T_0000149770,1,0.363091,1
T_0000149828,1,0.201302,1
T_0000149839,1,0.019186,0
T_0000149845,1,0.359348,1
T_0000149880,0,0.076091,0
T_0000149895,0,0.080981,0
T_0000149899,1,0.041008,0
T_0000149931,1,0.915390,1
T_0000149941,1,0.064529,0
T_0000149991,1,0.276974,1
T_0000150046,1,0.977053,1
T_0000150081,1,0.668123,1
T_0000150134,1,0.863584,1
T_0000150153,1,0.603359,1
T_0000150201,1,0.361301,1
T_0000150209,0,0.039743,0
T_0000150225,0,0.021062,0
T_0000150228,0,0.226389,1
T_0000150257,0,0.026631,0
T_0000150261,1,0.572677,1
T_0000150263,0,0.040479,0
T_0000150270,1,0.628357,1
T_0000150312,0,0.031422,0
T_0000150344,0,0.021192,0
T_0000150359,1,0.499573,1
T_0000150375,1,0.203812,1
T_0000150409,1,0.718924,1
T_0000150445,0,0.173705,0
T_0000150454,1,0.367973,1
T_0000150462,1,0.629118,1
T_0000150514,1,0.771227,1
T_0000150591,0,0.007718,0
T_0000150612,1,0.097433,0
T_0000150624,0,0.019595,0
T_0000150690,1,0.205671,1
T_0000150700,1,0.079633,0
T_0000150750,0,0.136054,0
T_0000150758,0,0.116368,0
T_0000150763,1,0.387387,1
T_0000150765,0,0.061097,0
T_0000150816,1,0.427842,1
T_0000150819,1,0.118879,0
T_0000150830,1,0.084843,0
T_0000150831,1,0.675265,1
T_0000150843,1,0.098474,0
T_0000150860,1,0.303392,1
T_0000150885,1,0.135943,0
T_0000150887,0,0.042055,0
T_0000150891,1,0.836289,1
T_0000150898,1,0.511624,1
T_0000150916,0,0.049385,0
T_0000150924,1,0.108285,0
T_0000151042,1,0.076570,0
T_0000151044,0,0.088641,0
T_0000151053,1,0.154613,0
T_0000151068,0,0.057195,0
T_0000151116,1,0.767215,1
T_0000151125,0,0.026698,0
T_0000151136,0,0.537297,1
T_0000151178,1,0.450490,1
T_0000151180,0,0.046443,0
T_0000151182,0,0.030207,0
T_0000151207,1,0.126894,0
T_0000151215,1,0.766410,1
T_0000151246,1,0.977273,1
T_0000151247,1,0.193215,1
T_0000151257,1,0.410852,1
T_0000151295,1,0.173816,0
T_0000151308,0,0.092724,0
T_0000151329,1,0.847698,1
T_0000151331,1,0.096563,0
T_0000151333,1,0.914034,1
T_0000151361,0,0.030601,0
T_0000151369,1,0.047419,0
T_0000151416,1,0.083233,0
T_0000151422,1,0.927427,1
T_0000151428,1,0.386752,1
T_0000151489,1,0.624668,1
T_0000151491,1,0.093642,0
T_0000151516,0,0.028558,0
T_0000151577,0,0.035163,0
T_0000151593,1,0.024716,0
T_0000151601,1,0.097230,0
T_0000151613,0,0.007285,0
T_0000151619,1,0.947748,1
T_0000151629,1,0.214210,1
T_0000151656,1,0.913302,1
T_0000151662,1,0.901661,1
T_0000151680,1,0.842657,1
T_0000151695,1,0.186455,1
T_0000151711,0,0.048023,0
T_0000151715,1,0.988872,1
T_0000151725,1,0.950650,1
T_0000151733,0,0.058885,0
T_0000151748,1,0.043474,0
T_0000151774,0,0.060400,0
T_0000151779,1,0.093960,0
T_0000151780,1,0.600552,1
T_0000151784,1,0.984827,1
T_0000151792,1,0.871234,1
T_0000151808,0,0.022308,0
T_0000151809,0,0.036749,0
T_0000151819,0,0.064518,0
T_0000151851,1,0.605099,1
T_0000151856,0,0.018138,0
T_0000151889,1,0.779090,1
T_0000151897,1,0.840803,1
T_0000151911,1,0.544069,1
T_0000151916,1,0.751725,1
T_0000151937,1,0.719337,1
T_0000151951,1,0.356100,1
T_0000151965,1,0.891069,1
T_0000151978,1,0.142544,0
T_0000152039,0,0.107983,0
T_0000152040,0,0.075002,0
T_0000152059,1,0.992309,1
T_0000152091,1,0.033430,0
T_0000152099,1,0.809020,1
T_0000152133,1,0.129073,0
T_0000152138,1,0.182925,0
T_0000152175,0,0.097285,0
T_0000152179,1,0.718745,1
T_0000152185,0,0.075067,0
T_0000152189,1,0.819231,1
T_0000152203,1,0.943620,1
T_0000152215,1,0.992283,1
T_0000152249,1,0.039771,0
T_0000152318,1,0.137767,0
T_0000152340,1,0.288675,1
T_0000152370,1,0.800989,1
T_0000152438,1,0.375983,1
T_0000152501,0,0.048219,0
T_0000152541,1,0.967952,1
T_0000152561,0,0.145437,0
T_0000152574,0,0.120373,0
T_0000152598,1,0.967006,1
T_0000152608,0,0.081794,0
T_0000152687,1,0.743815,1
T_0000152690,0,0.068644,0
T_0000152717,1,0.441820,1
T_0000152722,0,0.103877,0
T_0000152828,0,0.067403,0
T_0000152839,0,0.097462,0
T_0000152870,1,0.099458,0
T_0000152893,0,0.074679,0
T_0000152901,1,0.194520,1
T_0000152931,1,0.828360,1
T_0000152979,0,0.016828,0
T_0000153016,1,0.139435,0
T_0000153038,1,0.292143,1
T_0000153044,1,0.698536,1
T_0000153046,1,0.916179,1
T_0000153066,1,0.575498,1
T_0000153074,1,0.896590,1
T_0000153081,0,0.025212,0
T_0000153092,1,0.105538,0
T_0000153122,1,0.315819,1
T_0000153170,1,0.382465,1
T_0000153172,1,0.967215,1
T_0000153177,1,0.765663,1
T_0000153215,1,0.072789,0
T_0000153300,1,0.047757,0
T_0000153307,1,0.973089,1
T_0000153332,0,0.083500,0
T_0000153372,0,0.027737,0
T_0000153396,1,0.084933,0
T_0000153402,1,0.452919,1
T_0000153408,1,0.647906,1
T_0000153460,1,0.855340,1
T_0000153468,1,0.642572,1
T_0000153471,1,0.611586,1
T_0000153522,1,0.260496,1
T_0000153523,1,0.332667,1
T_0000153529,0,0.038391,0
T_0000153533,0,0.015409,0
T_0000153562,1,0.247213,1
T_0000153609,1,0.121030,0
T_0000153669,1,0.913532,1
T_0000153674,0,0.046517,0
T_0000153697,1,0.522623,1
T_0000153701,0,0.050402,0
T_0000153752,1,0.050141,0
T_0000153756,0,0.123954,0
T_0000153762,1,0.976833,1
T_0000153787,1,0.942381,1
T_0000153794,1,0.107948,0
T_0000153817,0,0.161971,0
T_0000153863,0,0.061329,0
T_0000153867,0,0.059415,0
T_0000153883,1,0.715689,1
T_0000153926,1,0.934916,1
T_0000153928,1,0.093443,0
T_0000153932,1,0.851977,1
T_0000153934,1,0.547865,1
T_0000153935,1,0.304187,1
T_0000153938,1,0.353348,1
T_0000153943,1,0.162252,0
T_0000153966,1,0.923283,1
T_0000154029,1,0.268328,1
T_0000154036,1,0.635293,1
T_0000154038,1,0.971680,1
T_0000154051,1,0.879219,1
T_0000154070,0,0.110254,0
T_0000154075,1,0.675568,1
T_0000154080,1,0.757125,1
T_0000154098,1,0.796465,1
T_0000154102,0,0.134412,0
T_0000154155,1,0.105518,0
T_0000154183,0,0.049361,0
T_0000154199,1,0.691812,1
T_0000154206,1,0.320912,1
T_0000154219,1,0.232554,1
T_0000154230,1,0.325902,1
T_0000154245,1,0.404684,1
T_0000154249,1,0.189232,1
T_0000154253,0,0.043918,0
T_0000154257,1,0.282821,1
T_0000154270,0,0.110010,0
T_0000154286,1,0.583306,1
T_0000154376,0,0.278208,1
T_0000154398,0,0.090311,0
T_0000154449,0,0.260064,1
T_0000154461,0,0.024345,0
T_0000154502,1,0.695283,1
T_0000154528,0,0.142321,0
T_0000154534,1,0.804569,1
T_0000154573,0,0.044059,0
T_0000154603,1,0.141175,0
T_0000154612,1,0.954984,1
T_0000154636,0,0.036334,0
T_0000154686,0,0.036771,0
T_0000154713,0,0.094974,0
T_0000154737,1,0.907463,1
T_0000154750,1,0.214561,1
T_0000154758,1,0.050136,0
T_0000154759,1,0.384231,1
T_0000154774,1,0.047075,0
T_0000154838,0,0.039794,0
T_0000154864,1,0.780058,1
T_0000154876,0,0.180666,0
T_0000155014,1,0.925701,1
T_0000155034,0,0.052839,0
T_0000155043,1,0.209144,1
T_0000155055,1,0.772461,1
T_0000155064,0,0.072526,0
T_0000155074,1,0.116562,0
T_0000155133,1,0.819798,1
T_0000155170,1,0.779332,1
T_0000155190,1,0.935589,1
T_0000155253,0,0.060133,0
T_0000155258,1,0.280432,1
T_0000155274,1,0.963657,1
T_0000155278,1,0.517329,1
T_0000155341,0,0.039165,0
T_0000155355,1,0.395343,1
T_0000155365,1,0.931322,1
T_0000155373,1,0.829057,1
T_0000155379,1,0.840821,1
T_0000155429,1,0.227982,1
T_0000155464,0,0.024843,0
T_0000155528,0,0.050849,0
T_0000155562,1,0.107613,0
T_0000155577,1,0.721879,1
T_0000155578,1,0.102760,0
T_0000155581,1,0.151919,0
T_0000155589,1,0.675175,1
T_0000155593,1,0.884746,1
T_0000155602,1,0.877041,1
T_0000155608,1,0.395226,1
T_0000155621,0,0.191850,1
T_0000155624,0,0.026217,0
T_0000155636,1,0.030456,0
T_0000155643,1,0.791614,1
T_0000155672,1,0.982171,1
T_0000155694,0,0.048788,0
T_0000155697,1,0.979613,1
T_0000155806,1,0.992271,1
T_0000155847,1,0.891879,1
T_0000155917,1,0.979318,1
T_0000155921,0,0.767636,1
T_0000155933,0,0.016578,0
T_0000155943,1,0.718288,1
T_0000156001,1,0.993406,1
T_0000156034,0,0.053169,0
T_0000156038,0,0.456302,1
T_0000156045,1,0.830723,1
T_0000156070,1,0.936416,1
T_0000156094,1,0.980138,1
T_0000156106,0,0.073956,0
T_0000156133,1,0.985297,1
T_0000156137,1,0.988383,1
T_0000156146,1,0.900192,1
T_0000156152,1,0.967101,1
T_0000156162,1,0.977770,1
T_0000156198,0,0.035631,0
T_0000156205,0,0.022723,0
T_0000156206,0,0.570498,1
T_0000156217,0,0.058040,0
T_0000156262,0,0.012775,0
T_0000156270,0,0.105621,0
T_0000156332,0,0.056994,0
T_0000156347,1,0.988229,1
T_0000156418,0,0.089110,0
T_0000156448,1,0.990406,1
T_0000156524,1,0.982682,1
T_0000156557,1,0.146088,0
T_0000156629,0,0.038865,0
T_0000156654,1,0.037109,0
T_0000156664,1,0.369903,1
T_0000156681,1,0.733885,1
T_0000156701,1,0.074711,0
T_0000156731,1,0.066926,0
T_0000156744,1,0.231385,1
T_0000156753,0,0.038881,0
T_0000156762,0,0.047365,0
T_0000156806,1,0.558322,1
T_0000156807,1,0.865915,1
T_0000156844,1,0.696448,1
T_0000156851,1,0.855501,1
T_0000156853,0,0.087205,0
T_0000156857,0,0.016019,0
T_0000156876,1,0.820158,1
T_0000156898,0,0.099010,0
T_0000156903,1,0.961971,1
T_0000156914,0,0.142769,0
T_0000156943,1,0.926248,1
T_0000156950,1,0.040836,0
T_0000156953,1,0.943697,1
T_0000156986,1,0.313728,1
T_0000156992,1,0.958744,1
T_0000156996,0,0.023153,0
T_0000157038,1,0.575140,1
T_0000157045,0,0.079776,0
T_0000157065,1,0.689436,1
T_0000157076,1,0.879343,1
T_0000157111,0,0.128370,0
T_0000157117,0,0.016757,0
T_0000157162,0,0.037716,0
T_0000157185,0,0.060379,0
T_0000157187,1,0.756927,1
T_0000157226,1,0.889624,1
T_0000157239,1,0.344313,1
T_0000157246,1,0.436738,1
T_0000157277,1,0.928368,1
T_0000157280,1,0.127719,0
T_0000157319,1,0.612753,1
T_0000157320,1,0.735725,1
T_0000157325,0,0.026066,0
T_0000157344,1,0.987349,1
T_0000157349,0,0.026439,0
T_0000157384,1,0.975551,1
T_0000157407,0,0.036809,0
T_0000157467,1,0.973913,1
T_0000157480,1,0.258389,1
T_0000157487,1,0.560857,1
T_0000157533,0,0.057751,0
T_0000157549,1,0.823347,1
T_0000157592,1,0.807922,1
T_0000157596,1,0.747232,1
T_0000157599,1,0.902670,1
T_0000157723,0,0.056323,0
T_0000157743,1,0.878163,1
T_0000157756,1,0.911335,1
T_0000157759,1,0.476487,1
T_0000157778,0,0.146813,0
T_0000157804,1,0.941962,1
T_0000157812,1,0.584779,1
T_0000157825,1,0.970246,1
T_0000157842,1,0.935123,1
T_0000157848,0,0.071264,0
T_0000157861,1,0.092804,0
T_0000157875,1,0.077864,0
T_0000157887,1,0.295994,1
T_0000157895,0,0.026386,0
T_0000157913,1,0.978876,1
T_0000157915,0,0.061558,0
T_0000157935,0,0.131824,0
T_0000157961,1,0.723815,1
T_0000157971,1,0.253558,1
T_0000158021,1,0.907075,1
T_0000158036,1,0.694428,1
T_0000158114,1,0.109368,0
T_0000158133,0,0.083738,0
T_0000158179,1,0.184890,0
T_0000158221,0,0.074917,0
T_0000158243,1,0.263820,1
T_0000158251,1,0.112676,0
T_0000158256,1,0.102493,0
T_0000158282,1,0.048600,0
T_0000158286,0,0.160828,0
T_0000158306,1,0.616304,1
T_0000158307,1,0.175529,0
T_0000158349,1,0.480349,1
T_0000158359,1,0.929526,1
T_0000158386,0,0.049175,0
T_0000158408,0,0.044192,0
T_0000158461,1,0.073138,0
T_0000158467,1,0.982641,1
T_0000158578,0,0.105979,0
T_0000158579,0,0.049561,0
T_0000158587,1,0.090607,0
T_0000158653,1,0.074992,0
T_0000158660,1,0.621021,1
T_0000158724,1,0.014054,0
T_0000158742,1,0.142664,0
T_0000158780,1,0.927419,1
T_0000158789,1,0.810121,1
T_0000158845,1,0.274141,1
T_0000158858,0,0.089383,0
T_0000158883,1,0.972235,1
T_0000158896,1,0.879818,1
T_0000158928,1,0.568438,1
T_0000158945,0,0.034665,0
T_0000158977,1,0.657035,1
T_0000158989,0,0.028058,0
T_0000159039,1,0.201026,1
T_0000159040,1,0.323468,1
T_0000159095,0,0.211441,1
T_0000159122,1,0.054111,0
T_0000159145,0,0.229108,1
T_0000159149,0,0.048391,0
T_0000159152,0,0.064519,0
T_0000159198,1,0.946367,1
T_0000159203,1,0.362704,1
T_0000159213,1,0.412684,1
T_0000159231,1,0.639435,1
T_0000159237,1,0.802120,1
T_0000159250,1,0.478896,1
T_0000159278,1,0.111040,0
T_0000159319,1,0.041689,0
T_0000159331,1,0.885114,1
T_0000159356,0,0.054979,0
T_0000159420,1,0.747914,1
T_0000159436,1,0.559586,1
T_0000159441,1,0.247843,1
T_0000159470,1,0.238510,1
T_0000159474,1,0.860434,1
T_0000159476,1,0.841489,1
T_0000159553,0,0.071504,0
T_0000159557,0,0.107592,0
T_0000159585,1,0.658708,1
T_0000159630,1,0.684046,1
T_0000159637,0,0.060159,0
T_0000159643,1,0.159136,0
T_0000159718,1,0.143158,0
T_0000159739,1,0.080393,0
T_0000159775,1,0.305910,1
T_0000159794,0,0.138825,0
T_0000159811,1,0.676254,1
T_0000159835,1,0.230438,1
T_0000159850,1,0.423546,1
T_0000159877,1,0.966118,1
T_0000159878,0,0.018457,0
T_0000159927,1,0.705044,1
T_0000159946,0,0.032732,0
T_0000159949,1,0.457830,1
T_0000159952,1,0.586417,1
T_0000159992,1,0.977896,1
T_0000160003,0,0.063335,0
T_0000160030,1,0.035052,0
T_0000160047,0,0.022190,0
T_0000160060,1,0.182268,0
T_0000160067,1,0.685038,1
T_0000160070,0,0.081517,0
T_0000160073,0,0.039810,0
T_0000160092,1,0.875444,1
T_0000160096,1,0.528362,1
T_0000160147,1,0.926559,1
T_0000160187,1,0.087447,0
T_0000160190,1,0.033307,0
T_0000160212,1,0.703277,1
T_0000160246,0,0.016213,0
T_0000160249,1,0.420893,1
T_0000160282,1,0.622582,1
T_0000160311,1,0.471850,1
T_0000160327,0,0.036619,0
T_0000160332,0,0.166426,0
T_0000160347,1,0.949483,1
T_0000160349,1,0.796801,1
T_0000160383,1,0.730776,1
T_0000160390,0,0.032491,0
T_0000160405,1,0.386249,1
T_0000160409,1,0.352679,1
T_0000160421,1,0.342245,1
T_0000160447,1,0.678838,1
T_0000160454,0,0.030080,0
T_0000160477,0,0.026332,0
T_0000160492,0,0.083310,0
T_0000160496,0,0.051351,0
T_0000160507,0,0.099536,0
T_0000160539,0,0.287264,1
T_0000160560,0,0.184303,0
T_0000160600,0,0.047477,0
T_0000160602,1,0.715064,1
T_0000160628,0,0.028939,0
T_0000160635,1,0.904546,1
T_0000160643,1,0.613903,1
T_0000160650,1,0.106293,0
T_0000160662,1,0.668468,1
T_0000160710,1,0.118482,0
T_0000160733,0,0.022426,0
T_0000160735,0,0.109095,0
T_0000160746,0,0.131362,0
T_0000160780,1,0.410347,1
T_0000160792,1,0.816695,1
T_0000160811,1,0.221842,1
T_0000160827,1,0.100637,0
T_0000160846,0,0.043641,0
T_0000160881,0,0.013382,0
T_0000160894,0,0.154043,0
T_0000160913,1,0.971585,1
T_0000160983,1,0.664658,1
T_0000160988,1,0.655960,1
T_0000161023,0,0.090582,0
T_0000161025,1,0.133707,0
T_0000161035,1,0.680663,1
T_0000161042,0,0.040180,0
T_0000161045,1,0.280286,1
T_0000161046,1,0.886082,1
T_0000161141,1,0.189692,1
T_0000161165,1,0.640440,1
T_0000161195,1,0.190662,1
T_0000161203,1,0.920492,1
T_0000161229,1,0.129060,0
T_0000161246,1,0.988520,1
T_0000161290,1,0.590141,1
T_0000161298,0,0.131532,0
T_0000161331,1,0.670695,1
T_0000161353,1,0.388657,1
T_0000161366,1,0.150463,0
T_0000161374,1,0.919436,1
T_0000161392,0,0.026217,0
T_0000161430,0,0.052916,0
T_0000161481,0,0.056136,0
T_0000161494,1,0.136680,0
T_0000161512,1,0.024714,0
T_0000161513,1,0.968174,1
T_0000161529,0,0.039219,0
T_0000161543,0,0.060713,0
T_0000161549,1,0.072651,0
T_0000161593,1,0.237254,1
T_0000161613,0,0.145550,0
T_0000161640,1,0.147670,0
T_0000161644,1,0.748831,1
T_0000161659,1,0.236548,1
T_0000161674,1,0.715106,1
T_0000161679,1,0.313619,1
T_0000161701,1,0.271411,1
T_0000161716,0,0.085345,0
T_0000161723,0,0.139246,0
T_0000161777,1,0.079899,0
T_0000161825,1,0.906064,1
T_0000161829,0,0.024445,0
T_0000161847,0,0.021948,0
T_0000161895,0,0.015310,0
T_0000161900,0,0.021076,0
T_0000161904,1,0.250039,1
T_0000161921,0,0.082550,0
T_0000161925,1,0.142883,0
T_0000161926,1,0.406427,1
T_0000161935,0,0.110059,0
T_0000161967,0,0.463494,1
T_0000161977,1,0.964230,1
T_0000161981,0,0.024246,0
T_0000161985,1,0.211987,1
T_0000161996,0,0.047111,0
T_0000161998,1,0.476274,1
T_0000162003,1,0.944989,1
T_0000162039,1,0.981074,1
T_0000162043,1,0.203753,1
T_0000162073,1,0.830587,1
T_0000162083,1,0.891460,1
T_0000162122,1,0.944170,1
T_0000162132,0,0.012957,0
T_0000162140,1,0.977229,1
T_0000162151,0,0.032296,0
T_0000162165,1,0.971558,1
T_0000162189,0,0.181306,0
T_0000162201,0,0.039485,0
T_0000162203,0,0.168341,0
T_0000162211,0,0.011970,0
T_0000162213,1,0.751944,1
T_0000162226,1,0.131432,0
T_0000162246,1,0.640800,1
T_0000162252,1,0.916677,1
T_0000162262,1,0.973396,1
T_0000162292,0,0.054609,0
T_0000162295,1,0.957139,1
T_0000162310,0,0.033482,0
T_0000162315,1,0.775133,1
T_0000162322,1,0.972891,1
T_0000162329,1,0.972008,1
T_0000162344,0,0.042737,0
T_0000162374,1,0.716117,1
T_0000162393,1,0.373652,1
T_0000162426,1,0.186460,1
T_0000162435,0,0.030746,0
T_0000162443,0,0.037092,0
T_0000162455,1,0.981412,1
T_0000162474,0,0.059807,0
T_0000162479,0,0.046682,0
T_0000162485,0,0.016743,0
T_0000162501,0,0.039025,0
T_0000162587,1,0.249908,1
T_0000162607,1,0.973909,1
T_0000162612,0,0.106583,0
T_0000162624,1,0.288864,1
T_0000162681,1,0.648729,1
T_0000162735,1,0.795919,1
T_0000162762,1,0.201065,1
T_0000162815,1,0.241248,1
T_0000162823,1,0.955028,1
T_0000162837,0,0.029882,0
T_0000162853,1,0.588858,1
T_0000162889,0,0.033591,0
T_0000162930,1,0.933615,1
T_0000162953,0,0.049177,0
T_0000162967,1,0.979887,1
T_0000162969,0,0.093640,0
T_0000162975,0,0.115413,0
T_0000162985,1,0.980740,1
T_0000162987,1,0.931699,1
T_0000162999,1,0.943370,1
T_0000163013,1,0.653951,1
T_0000163050,1,0.530739,1
T_0000163113,0,0.020220,0
T_0000163133,0,0.087408,0
T_0000163168,0,0.082837,0
T_0000163171,0,0.020659,0
T_0000163197,1,0.948724,1
T_0000163208,1,0.136904,0
T_0000163213,1,0.982393,1
T_0000163225,1,0.931339,1
T_0000163231,1,0.098125,0
T_0000163290,1,0.724523,1
T_0000163316,1,0.881944,1
T_0000163326,1,0.803386,1
T_0000163341,0,0.050688,0
T_0000163372,1,0.136787,0
T_0000163458,1,0.035962,0
T_0000163497,1,0.489332,1
T_0000163547,0,0.051755,0
T_0000163579,0,0.040088,0
T_0000163589,1,0.243973,1
T_0000163612,1,0.297696,1
T_0000163620,1,0.293281,1
T_0000163633,0,0.197457,1
T_0000163634,0,0.029639,0
T_0000163652,0,0.036390,0
T_0000163669,0,0.050894,0
T_0000163682,0,0.068503,0
T_0000163701,1,0.858386,1
T_0000163729,0,0.123307,0
T_0000163780,0,0.086599,0
T_0000163797,0,0.018531,0
T_0000163832,1,0.253723,1
T_0000163853,1,0.047053,0
T_0000163881,1,0.198076,1
T_0000163896,1,0.150218,0
T_0000163918,0,0.022533,0
T_0000163942,1,0.078449,0
T_0000163951,1,0.184432,0
T_0000163962,1,0.384111,1
T_0000164030,1,0.248730,1
T_0000164033,1,0.172319,0
T_0000164063,0,0.039237,0
T_0000164065,1,0.145583,0
T_0000164080,0,0.051982,0
T_0000164090,1,0.835462,1
T_0000164098,1,0.110742,0
T_0000164129,1,0.085623,0
T_0000164138,1,0.080794,0
T_0000164161,1,0.072838,0
T_0000164173,1,0.290249,1
T_0000164182,0,0.107762,0
T_0000164185,1,0.144778,0
T_0000164193,1,0.059346,0
T_0000164288,0,0.056477,0
T_0000164305,1,0.049776,0
T_0000164312,0,0.195188,1
T_0000164317,1,0.057126,0
T_0000164329,1,0.469407,1
T_0000164334,1,0.035076,0
T_0000164336,1,0.099866,0
T_0000164368,1,0.641310,1
T_0000164371,1,0.589442,1
T_0000164374,1,0.712243,1
T_0000164377,0,0.132569,0
T_0000164412,1,0.652189,1
T_0000164439,1,0.582673,1
T_0000164449,1,0.154984,0
T_0000164460,1,0.731669,1
T_0000164468,1,0.049278,0
T_0000164471,1,0.391100,1
T_0000164478,0,0.038377,0
T_0000164496,1,0.774888,1
T_0000164507,0,0.089027,0
T_0000164508,1,0.378286,1
T_0000164510,0,0.080225,0
T_0000164535,1,0.582544,1
T_0000164554,1,0.983667,1
T_0000164561,1,0.657380,1
T_0000164583,0,0.698035,1
T_0000164654,0,0.068355,0
T_0000164658,1,0.632189,1
T_0000164677,1,0.111844,0
T_0000164686,0,0.077014,0
T_0000164702,1,0.044948,0
T_0000164714,1,0.911015,1
T_0000164717,1,0.132856,0
T_0000164736,1,0.469232,1
T_0000164748,1,0.121859,0
T_0000164783,1,0.184078,0
T_0000164785,1,0.768615,1
T_0000164802,1,0.472532,1
T_0000164804,1,0.453608,1
T_0000164818,0,0.027144,0
T_0000164862,0,0.069236,0
T_0000164874,1,0.519387,1
T_0000164875,1,0.954576,1
T_0000164882,1,0.200796,1
T_0000164884,1,0.954866,1
T_0000164897,0,0.040472,0
T_0000164946,0,0.032777,0
T_0000164986,1,0.966631,1
T_0000165016,0,0.045113,0
T_0000165028,1,0.082756,0
T_0000165029,1,0.634857,1
T_0000165072,1,0.175865,0
T_0000165074,1,0.174816,0
T_0000165101,1,0.062178,0
T_0000165115,1,0.069394,0
T_0000165202,1,0.076499,0
T_0000165222,1,0.744610,1
T_0000165237,1,0.859075,1
T_0000165246,1,0.048844,0
T_0000165271,0,0.227143,1
T_0000165276,0,0.554379,1
T_0000165277,0,0.094872,0
T_0000165281,1,0.197325,1
T_0000165296,1,0.982990,1
T_0000165366,1,0.064946,0
T_0000165369,1,0.175191,0
T_0000165371,1,0.668500,1
T_0000165390,1,0.314300,1
T_0000165395,1,0.518646,1
T_0000165408,0,0.035382,0
T_0000165415,1,0.864452,1
T_0000165421,1,0.100103,0
T_0000165452,0,0.105846,0
T_0000165497,1,0.167575,0
T_0000165515,1,0.124734,0
T_0000165550,1,0.238516,1
T_0000165560,0,0.076604,0
T_0000165562,1,0.980144,1
T_0000165578,0,0.094111,0
T_0000165587,1,0.287829,1
T_0000165601,1,0.958577,1
T_0000165633,1,0.958999,1
T_0000165667,1,0.957440,1
T_0000165668,1,0.721999,1
T_0000165710,0,0.032180,0
T_0000165715,1,0.086300,0
T_0000165723,1,0.273498,1
T_0000165725,1,0.695059,1
T_0000165727,0,0.070643,0
T_0000165780,1,0.228642,1
T_0000165832,1,0.350751,1
T_0000165848,1,0.384994,1
T_0000165871,0,0.127864,0
T_0000165920,0,0.099336,0
T_0000165925,1,0.675583,1
T_0000165942,0,0.016042,0
T_0000165945,1,0.409020,1
T_0000165959,1,0.555320,1
T_0000165967,1,0.594383,1
T_0000165977,0,0.070771,0
T_0000166080,1,0.712127,1
T_0000166083,0,0.199425,1
T_0000166123,1,0.584832,1
T_0000166132,0,0.043745,0
T_0000166140,0,0.107461,0
T_0000166144,1,0.955511,1
T_0000166170,0,0.043337,0
T_0000166172,1,0.975418,1
T_0000166224,0,0.144736,0
T_0000166252,0,0.523682,1
T_0000166263,0,0.036311,0
T_0000166324,1,0.822079,1
T_0000166342,1,0.565086,1
T_0000166343,0,0.066349,0
T_0000166345,1,0.772983,1
T_0000166386,1,0.489973,1
T_0000166395,1,0.814830,1
T_0000166458,1,0.724671,1
T_0000166556,1,0.597800,1
T_0000166591,0,0.036652,0
T_0000166601,1,0.808128,1
T_0000166621,0,0.033991,0
T_0000166628,1,0.888536,1
T_0000166645,0,0.048755,0
T_0000166657,1,0.982140,1
T_0000166672,0,0.042065,0
T_0000166679,0,0.016639,0
T_0000166688,1,0.630164,1
T_0000166691,1,0.685483,1
T_0000166694,0,0.019067,0
T_0000166705,0,0.048738,0
T_0000166707,0,0.032218,0
T_0000166726,1,0.970233,1
T_0000166741,1,0.334833,1
T_0000166749,1,0.484912,1
T_0000166766,1,0.325162,1
T_0000166781,0,0.093618,0
T_0000166784,1,0.052679,0
T_0000166840,1,0.109213,0
T_0000166877,0,0.036054,0
T_0000166880,0,0.065441,0
T_0000166884,1,0.975533,1
T_0000166887,1,0.423626,1
T_0000166896,1,0.979613,1
T_0000166911,0,0.089583,0
T_0000166916,1,0.565840,1
T_0000166964,0,0.054295,0
T_0000167071,1,0.174700,0
T_0000167097,1,0.971197,1
T_0000167110,1,0.333599,1
T_0000167113,1,0.716084,1
T_0000167132,1,0.812082,1
T_0000167167,0,0.025268,0
T_0000167169,1,0.433531,1
T_0000167204,0,0.063002,0
T_0000167247,1,0.737435,1
T_0000167251,1,0.674552,1
T_0000167267,0,0.067741,0
T_0000167277,1,0.203153,1
T_0000167290,0,0.024800,0
T_0000167313,1,0.937245,1
T_0000167329,0,0.020640,0
T_0000167393,1,0.463963,1
T_0000167395,1,0.464200,1
T_0000167396,1,0.402178,1
T_0000167411,1,0.537378,1
T_0000167425,0,0.036205,0
T_0000167446,0,0.066603,0
T_0000167481,1,0.150968,0
T_0000167513,1,0.611802,1
T_0000167520,1,0.878140,1
T_0000167522,0,0.034271,0
T_0000167562,1,0.796173,1
T_0000167573,1,0.846187,1
T_0000167591,0,0.031214,0
T_0000167605,1,0.948367,1
T_0000167609,1,0.382994,1
T_0000167672,0,0.023450,0
T_0000167697,1,0.617274,1
T_0000167715,1,0.296409,1
T_0000167725,1,0.203711,1
T_0000167741,1,0.152751,0
T_0000167792,1,0.857025,1
T_0000167804,0,0.063088,0
T_0000167853,1,0.065943,0
T_0000167854,1,0.946710,1
T_0000167863,0,0.029650,0
T_0000167887,0,0.040525,0
T_0000167923,1,0.857799,1
T_0000167933,1,0.364456,1
T_0000167951,1,0.169614,0
T_0000167980,1,0.487582,1
T_0000167982,1,0.809381,1
T_0000167998,0,0.036397,0
T_0000168004,1,0.232098,1
T_0000168008,0,0.060872,0
T_0000168016,1,0.121547,0
T_0000168023,1,0.215615,1
T_0000168024,0,0.026647,0
T_0000168025,0,0.034895,0
T_0000168034,1,0.982020,1
T_0000168040,1,0.568394,1
T_0000168063,1,0.079726,0
T_0000168075,1,0.987450,1
T_0000168164,1,0.909710,1
T_0000168177,1,0.948905,1
T_0000168186,0,0.033703,0
T_0000168191,1,0.853679,1
T_0000168297,1,0.842262,1
T_0000168303,1,0.976384,1
T_0000168311,1,0.070240,0
T_0000168313,1,0.575306,1
T_0000168348,0,0.063503,0
T_0000168357,0,0.054541,0
T_0000168360,1,0.790972,1
T_0000168373,1,0.984295,1
T_0000168379,1,0.955188,1
T_0000168385,1,0.848314,1
T_0000168387,1,0.417575,1
T_0000168398,1,0.853539,1
T_0000168427,1,0.693444,1
T_0000168442,1,0.959432,1
T_0000168483,0,0.013624,0
T_0000168485,1,0.962059,1
T_0000168512,0,0.111002,0
T_0000168538,0,0.019465,0
T_0000168555,1,0.329325,1
T_0000168557,1,0.754474,1
T_0000168608,0,0.055164,0
T_0000168611,1,0.418070,1
T_0000168636,1,0.976993,1
T_0000168662,1,0.602627,1
T_0000168675,1,0.105116,0
T_0000168685,0,0.024651,0
T_0000168723,1,0.571331,1
T_0000168745,0,0.030855,0
T_0000168758,0,0.088747,0
T_0000168763,1,0.859377,1
T_0000168772,1,0.815303,1
T_0000168829,1,0.662729,1
T_0000168838,0,0.083091,0
T_0000168847,1,0.274702,1
T_0000168853,0,0.090307,0
T_0000168890,0,0.105316,0
T_0000168924,1,0.949012,1
T_0000168939,1,0.878109,1
T_0000168958,0,0.005995,0
T_0000168989,0,0.029499,0
T_0000168997,0,0.115253,0
T_0000169006,0,0.027531,0
T_0000169021,1,0.675567,1
T_0000169045,0,0.125911,0
T_0000169061,1,0.062702,0
T_0000169093,0,0.086874,0
T_0000169129,0,0.491235,1
T_0000169144,0,0.066315,0
T_0000169180,1,0.847142,1
T_0000169215,1,0.919830,1
T_0000169225,0,0.036183,0
T_0000169246,1,0.195620,1
T_0000169253,1,0.714610,1
T_0000169257,1,0.736834,1
T_0000169302,0,0.093128,0
T_0000169353,1,0.402349,1
T_0000169356,0,0.025013,0
T_0000169376,1,0.233064,1
T_0000169418,1,0.057228,0
T_0000169453,1,0.970767,1
T_0000169454,1,0.984556,1
T_0000169456,1,0.982280,1
T_0000169464,1,0.223287,1
T_0000169485,0,0.010604,0
T_0000169517,0,0.026829,0
T_0000169563,0,0.108807,0
T_0000169575,1,0.981031,1
T_0000169577,1,0.991995,1
T_0000169595,0,0.122282,0
T_0000169599,1,0.933815,1
T_0000169628,1,0.932668,1
T_0000169636,0,0.067050,0
T_0000169637,1,0.988238,1
T_0000169654,0,0.042355,0
T_0000169657,1,0.873337,1
T_0000169680,1,0.909553,1
T_0000169706,1,0.922563,1
T_0000169729,0,0.101587,0
T_0000169730,0,0.053182,0
T_0000169737,0,0.241073,1
T_0000169780,1,0.972165,1
T_0000169809,0,0.399043,1
T_0000169811,0,0.028057,0
T_0000169837,1,0.675550,1
T_0000169859,0,0.038421,0
T_0000169864,1,0.960581,1
T_0000169880,0,0.530262,1
T_0000169887,1,0.991559,1
T_0000169904,1,0.991776,1
T_0000169912,1,0.932049,1
T_0000169971,0,0.057270,0
T_0000169974,1,0.805555,1
T_0000169997,1,0.976267,1
T_0000170044,1,0.980094,1
T_0000170046,1,0.993323,1
T_0000170063,0,0.027754,0
T_0000170083,1,0.966118,1
T_0000170102,1,0.977642,1
T_0000170120,0,0.077091,0
T_0000170167,1,0.994359,1
T_0000170174,1,0.991480,1
T_0000170175,0,0.270131,1
T_0000170181,1,0.414688,1
T_0000170185,0,0.047849,0
T_0000170186,1,0.992027,1
T_0000170200,1,0.983069,1
T_0000170204,1,0.810966,1
T_0000170286,1,0.969986,1
T_0000170310,1,0.986143,1
T_0000170359,1,0.990379,1
T_0000170419,1,0.986486,1
T_0000170438,1,0.989173,1
T_0000170447,1,0.946010,1
T_0000170449,0,0.066349,0
T_0000170456,1,0.978786,1
T_0000170470,0,0.565672,1
T_0000170489,0,0.052952,0
T_0000170523,1,0.992482,1
T_0000170526,1,0.654037,1
T_0000170536,1,0.979901,1
T_0000170552,1,0.990598,1
T_0000170602,1,0.993936,1
T_0000170628,1,0.800706,1
T_0000170732,0,0.013499,0
T_0000170737,0,0.073252,0
T_0000170738,1,0.174995,0
T_0000170785,1,0.024235,0
T_0000170786,0,0.130102,0
T_0000170828,1,0.039763,0
T_0000170870,1,0.987773,1
T_0000170891,1,0.095209,0
T_0000170894,1,0.843011,1
T_0000170904,1,0.721377,1
T_0000170927,1,0.826225,1
T_0000170937,0,0.073565,0
T_0000170975,1,0.704736,1
T_0000170995,1,0.126492,0
T_0000171010,1,0.191435,1
T_0000171036,0,0.153375,0
T_0000171066,1,0.985607,1
T_0000171098,1,0.699207,1
T_0000171100,1,0.249590,1
T_0000171122,1,0.882131,1
T_0000171125,1,0.868953,1
T_0000171169,0,0.095330,0
T_0000171185,0,0.021479,0
T_0000171208,1,0.994569,1
T_0000171236,1,0.051956,0
T_0000171280,1,0.218257,1
T_0000171303,1,0.950668,1
T_0000171325,1,0.620422,1
T_0000171371,1,0.908959,1
T_0000171407,1,0.042480,0
T_0000171422,0,0.024340,0
T_0000171423,0,0.120228,0
T_0000171443,0,0.119039,0
T_0000171451,0,0.034827,0
T_0000171459,1,0.381319,1
T_0000171461,1,0.588769,1
T_0000171463,0,0.058840,0
T_0000171472,1,0.162115,0
T_0000171496,1,0.454101,1
T_0000171502,1,0.212641,1
T_0000171517,0,0.032320,0
T_0000171529,1,0.963393,1
T_0000171561,1,0.861062,1
T_0000171576,1,0.491411,1
T_0000171584,1,0.801752,1
T_0000171632,1,0.300913,1
T_0000171640,1,0.116388,0
T_0000171668,1,0.937509,1
T_0000171685,0,0.055598,0
T_0000171690,1,0.286661,1
T_0000171697,1,0.283109,1
T_0000171709,1,0.181059,0
T_0000171723,0,0.117255,0
T_0000171734,1,0.292458,1
T_0000171751,1,0.496587,1
T_0000171774,0,0.028710,0
T_0000171807,1,0.711165,1
T_0000171839,0,0.213513,1
T_0000171841,0,0.037112,0
T_0000171951,1,0.190545,1
T_0000172008,1,0.953489,1
T_0000172017,1,0.957854,1
T_0000172073,1,0.812253,1
T_0000172086,0,0.209444,1
T_0000172110,1,0.453293,1
T_0000172158,1,0.479862,1
T_0000172167,1,0.735353,1
T_0000172173,1,0.824439,1
T_0000172254,0,0.139323,0
T_0000172274,1,0.226479,1
T_0000172312,1,0.262205,1
T_0000172322,0,0.153530,0
T_0000172328,1,0.745872,1
T_0000172353,1,0.665649,1
T_0000172357,1,0.908891,1
T_0000172385,1,0.929014,1
T_0000172432,1,0.266889,1
T_0000172523,0,0.296304,1
T_0000172537,1,0.100954,0
T_0000172550,0,0.036431,0
T_0000172564,1,0.145490,0
T_0000172569,0,0.147424,0
T_0000172649,1,0.232839,1
T_0000172657,0,0.062021,0
T_0000172710,1,0.686309,1
T_0000172711,1,0.838834,1
T_0000172740,1,0.548072,1
T_0000172756,1,0.032479,0
T_0000172771,0,0.269216,1
T_0000172826,1,0.981704,1
T_0000172840,1,0.316439,1
T_0000172844,0,0.140675,0
T_0000172861,0,0.060422,0
T_0000172939,0,0.141397,0
T_0000172949,1,0.192592,1
T_0000172961,1,0.088151,0
T_0000172965,1,0.578357,1
T_0000172978,1,0.763800,1
T_0000173042,1,0.761832,1
T_0000173056,1,0.179168,0
T_0000173098,1,0.865700,1
T_0000173130,1,0.059080,0
T_0000173138,1,0.173859,0
T_0000173172,1,0.087575,0
T_0000173177,1,0.439917,1
T_0000173181,1,0.061306,0
T_0000173183,0,0.153680,0
T_0000173217,1,0.431015,1
T_0000173230,0,0.026639,0
T_0000173244,0,0.062099,0
T_0000173302,1,0.593498,1
T_0000173413,1,0.352349,1
T_0000173445,1,0.068526,0
T_0000173459,1,0.429143,1
T_0000173498,1,0.096363,0
T_0000173499,1,0.120544,0
T_0000173504,1,0.171903,0
T_0000173508,1,0.750610,1
T_0000173518,1,0.828132,1
T_0000173521,0,0.117246,0
T_0000173528,1,0.455670,1
T_0000173552,1,0.273340,1
T_0000173554,1,0.060603,0
T_0000173555,0,0.014267,0
T_0000173567,1,0.146353,0
T_0000173595,0,0.169083,0
T_0000173630,1,0.043115,0
T_0000173632,1,0.096540,0
T_0000173682,0,0.435328,1
T_0000173685,1,0.328247,1
T_0000173695,1,0.790835,1
T_0000173715,1,0.893191,1
T_0000173730,0,0.040022,0
T_0000173743,1,0.797534,1
T_0000173744,1,0.178750,0
T_0000173777,1,0.153072,0
T_0000173850,1,0.163580,0
T_0000173856,0,0.182441,0
T_0000173881,1,0.512474,1
T_0000173883,1,0.419580,1
T_0000173897,1,0.174054,0
T_0000173986,1,0.454569,1
T_0000173994,1,0.800006,1
T_0000174070,1,0.043040,0
T_0000174082,1,0.643289,1
T_0000174087,1,0.334907,1
T_0000174090,1,0.302007,1
T_0000174180,1,0.256205,1
T_0000174196,0,0.050196,0
T_0000174203,0,0.072260,0
T_0000174265,1,0.043492,0
T_0000174294,0,0.045543,0
T_0000174310,1,0.721216,1
T_0000174325,0,0.224372,1
T_0000174330,0,0.043629,0
T_0000174388,1,0.675805,1
T_0000174398,0,0.051546,0
T_0000174427,0,0.033094,0
T_0000174431,1,0.513853,1
T_0000174444,0,0.085916,0
T_0000174450,1,0.493135,1
T_0000174456,1,0.445542,1
T_0000174469,1,0.974372,1
T_0000174550,1,0.242073,1
T_0000174572,0,0.059359,0
T_0000174656,1,0.985496,1
T_0000174680,1,0.238611,1
T_0000174682,1,0.766210,1
T_0000174691,0,0.038934,0
T_0000174699,0,0.125810,0
T_0000174702,1,0.028224,0
T_0000174705,0,0.035629,0
T_0000174747,0,0.041892,0
T_0000174778,0,0.047051,0
T_0000174889,0,0.128331,0
T_0000174896,0,0.047027,0
T_0000174905,1,0.157638,0
T_0000174935,1,0.822053,1
T_0000174941,0,0.078382,0
T_0000174945,1,0.612912,1
T_0000174991,0,0.057160,0
T_0000175000,1,0.223354,1
T_0000175030,1,0.810287,1
T_0000175032,1,0.977962,1
T_0000175068,1,0.965427,1
T_0000175072,1,0.951857,1
T_0000175142,0,0.065376,0
T_0000175166,1,0.710834,1
T_0000175172,0,0.072027,0
T_0000175218,1,0.501454,1
T_0000175221,1,0.184556,0
T_0000175223,0,0.076272,0
T_0000175258,1,0.310933,1
T_0000175271,0,0.043774,0
T_0000175286,1,0.261244,1
T_0000175396,0,0.022460,0
T_0000175483,1,0.486199,1
T_0000175522,1,0.147285,0
T_0000175528,1,0.923885,1
T_0000175540,1,0.540941,1
T_0000175542,0,0.120173,0
T_0000175585,1,0.111081,0
T_0000175615,1,0.088595,0
T_0000175643,1,0.819079,1
T_0000175652,1,0.109694,0
T_0000175705,1,0.071332,0
T_0000175752,0,0.034960,0
T_0000175760,0,0.025306,0
T_0000175772,1,0.278936,1
T_0000175779,1,0.918731,1
T_0000175837,0,0.123978,0
T_0000175890,1,0.855734,1
T_0000175891,1,0.954624,1
T_0000175910,1,0.096310,0
T_0000175926,0,0.045795,0
T_0000175956,0,0.032099,0
T_0000175961,0,0.055124,0
T_0000175985,1,0.967065,1
T_0000175991,0,0.129815,0
T_0000176010,0,0.074413,0
T_0000176028,0,0.033284,0
T_0000176050,1,0.504054,1
T_0000176086,0,0.105370,0
T_0000176106,1,0.735871,1
T_0000176119,0,0.043758,0
T_0000176149,1,0.240141,1
T_0000176185,0,0.038032,0
T_0000176199,1,0.463956,1
T_0000176205,1,0.635627,1
T_0000176233,0,0.013907,0
T_0000176249,1,0.925133,1
T_0000176273,0,0.036853,0
T_0000176289,1,0.489901,1
T_0000176356,1,0.580254,1
T_0000176374,0,0.069167,0
T_0000176389,1,0.631870,1
T_0000176409,1,0.922321,1
T_0000176412,1,0.960066,1
T_0000176420,1,0.943946,1
T_0000176421,1,0.978928,1
T_0000176433,1,0.979866,1
T_0000176439,1,0.968278,1
T_0000176464,0,0.026462,0
T_0000176511,1,0.915538,1
T_0000176525,1,0.943922,1
T_0000176526,1,0.986934,1
T_0000176535,1,0.263881,1
T_0000176540,0,0.052735,0
T_0000176548,1,0.845690,1
T_0000176586,0,0.105172,0
T_0000176587,1,0.580133,1
T_0000176600,1,0.190784,1
T_0000176634,1,0.539498,1
T_0000176711,0,0.112049,0
T_0000176723,1,0.955090,1
T_0000176725,1,0.034116,0
T_0000176728,1,0.762444,1
T_0000176770,0,0.030347,0
T_0000176779,0,0.026998,0
T_0000176782,1,0.173591,0
T_0000176783,1,0.736994,1
T_0000176785,1,0.652913,1
T_0000176812,1,0.209247,1
T_0000176814,1,0.705851,1
T_0000176824,0,0.069250,0
T_0000176843,1,0.710493,1
T_0000176850,1,0.281049,1
T_0000176853,1,0.098794,0
T_0000176859,1,0.727100,1
T_0000176863,1,0.624188,1
T_0000176888,1,0.078446,0
T_0000176912,1,0.314417,1
T_0000176921,1,0.136908,0
T_0000176930,0,0.036283,0
T_0000176946,1,0.073673,0
T_0000176963,1,0.690528,1
T_0000176978,1,0.126763,0
T_0000177017,1,0.075492,0
T_0000177034,1,0.704101,1
T_0000177084,1,0.744165,1
T_0000177131,0,0.124003,0
T_0000177154,1,0.991868,1
T_0000177174,1,0.057498,0
T_0000177184,1,0.077853,0
T_0000177195,1,0.230776,1
T_0000177197,0,0.352265,1
T_0000177250,1,0.134722,0
T_0000177253,0,0.115713,0
T_0000177277,1,0.283275,1
T_0000177304,1,0.710001,1
T_0000177346,1,0.333260,1
T_0000177361,1,0.169996,0
T_0000177417,0,0.100669,0
T_0000177426,0,0.066560,0
T_0000177455,1,0.971975,1
T_0000177464,1,0.387769,1
T_0000177479,1,0.886461,1
T_0000177523,0,0.034887,0
T_0000177543,0,0.095856,0
T_0000177556,1,0.843490,1
T_0000177562,0,0.077747,0
T_0000177610,1,0.130076,0
T_0000177625,0,0.089254,0
T_0000177630,1,0.734710,1
T_0000177683,0,0.081508,0
T_0000177725,1,0.388656,1
T_0000177732,1,0.952848,1
T_0000177847,0,0.029272,0
T_0000177859,1,0.102339,0
T_0000177861,1,0.829877,1
T_0000177863,1,0.069095,0
T_0000177869,0,0.054773,0
T_0000177934,1,0.140378,0
T_0000177937,1,0.398971,1
T_0000177942,1,0.607956,1
T_0000177996,0,0.062191,0
T_0000178007,1,0.117477,0
T_0000178008,1,0.847324,1
T_0000178012,1,0.806181,1
T_0000178027,1,0.131957,0
T_0000178050,1,0.021592,0
T_0000178073,1,0.256081,1
T_0000178093,0,0.031989,0
T_0000178131,1,0.093497,0
T_0000178167,1,0.877567,1
T_0000178184,0,0.083730,0
T_0000178185,1,0.610859,1
T_0000178247,1,0.692940,1
T_0000178284,1,0.091290,0
T_0000178289,1,0.250527,1
T_0000178295,0,0.145317,0
T_0000178300,0,0.091044,0
T_0000178310,0,0.096376,0
T_0000178324,1,0.362342,1
T_0000178338,1,0.429955,1
T_0000178364,1,0.818379,1
T_0000178384,1,0.335063,1
T_0000178400,1,0.968451,1
T_0000178460,1,0.235818,1
T_0000178473,1,0.103230,0
T_0000178481,0,0.056541,0
T_0000178528,0,0.268082,1
T_0000178532,1,0.149417,0
T_0000178536,1,0.428088,1
T_0000178552,1,0.132068,0
T_0000178653,0,0.099498,0
T_0000178659,1,0.463269,1
T_0000178692,1,0.975833,1
T_0000178705,1,0.245785,1
T_0000178810,1,0.986611,1
T_0000178813,1,0.194817,1
T_0000178831,0,0.070189,0
T_0000178858,0,0.033139,0
T_0000178872,1,0.682225,1
T_0000178900,0,0.018035,0
T_0000178901,1,0.857325,1
T_0000178922,0,0.036202,0
T_0000178977,1,0.731302,1
T_0000179009,1,0.464644,1
T_0000179021,0,0.084911,0
T_0000179027,0,0.032047,0
T_0000179044,1,0.038790,0
T_0000179059,0,0.020283,0
T_0000179132,0,0.041119,0
T_0000179147,1,0.809220,1
T_0000179148,1,0.783116,1
T_0000179157,1,0.777670,1
T_0000179170,0,0.164502,0
T_0000179187,0,0.065415,0
T_0000179222,1,0.960534,1
T_0000179223,1,0.819286,1
T_0000179249,1,0.095131,0
T_0000179264,0,0.061519,0
T_0000179266,1,0.209621,1
T_0000179280,0,0.040956,0
T_0000179290,1,0.081470,0
T_0000179313,1,0.816092,1
T_0000179333,1,0.547994,1
T_0000179340,1,0.931111,1
T_0000179365,0,0.115416,0
T_0000179370,0,0.025367,0
T_0000179381,1,0.970327,1
T_0000179383,0,0.043367,0
T_0000179391,0,0.092525,0
T_0000179440,1,0.047367,0
T_0000179465,0,0.141807,0
T_0000179550,1,0.724263,1
T_0000179561,1,0.916461,1
T_0000179576,1,0.509512,1
T_0000179591,1,0.389605,1
T_0000179595,0,0.099318,0
T_0000179611,0,0.057586,0
T_0000179649,0,0.074719,0
T_0000179653,1,0.101519,0
T_0000179681,0,0.037625,0
T_0000179687,1,0.065992,0
T_0000179736,1,0.912139,1
T_0000179744,1,0.545020,1
T_0000179751,0,0.084258,0
T_0000179754,0,0.161917,0
T_0000179755,1,0.637152,1
T_0000179797,0,0.068212,0
T_0000179821,1,0.152465,0
T_0000179835,1,0.268938,1
T_0000179840,0,0.076939,0
T_0000179845,1,0.973119,1
T_0000179848,0,0.115697,0
T_0000179855,1,0.846406,1
T_0000179879,1,0.148369,0
T_0000179905,1,0.146783,0
T_0000179915,1,0.792040,1
T_0000179958,1,0.188230,1
T_0000180016,0,0.060305,0
T_0000180041,0,0.054747,0
T_0000180052,1,0.894004,1
T_0000180057,1,0.058841,0
T_0000180095,0,0.027972,0
T_0000180096,0,0.062212,0
T_0000180101,0,0.101483,0
T_0000180110,0,0.070208,0
T_0000180141,0,0.028414,0
T_0000180170,1,0.831010,1
T_0000180178,1,0.821656,1
T_0000180185,1,0.946605,1
T_0000180212,1,0.764721,1
T_0000180219,1,0.449701,1
T_0000180221,1,0.857254,1
T_0000180237,0,0.045067,0
T_0000180256,1,0.585105,1
T_0000180311,1,0.768395,1
T_0000180327,1,0.505035,1
T_0000180394,0,0.012429,0
T_0000180415,0,0.062471,0
T_0000180425,0,0.018106,0
T_0000180440,1,0.468507,1
T_0000180452,1,0.682975,1
T_0000180477,1,0.338125,1
T_0000180566,1,0.591532,1
T_0000180572,1,0.128223,0
T_0000180663,0,0.042353,0
T_0000180671,1,0.079764,0
T_0000180687,0,0.035468,0
T_0000180711,0,0.034725,0
T_0000180716,0,0.042751,0
T_0000180730,0,0.108208,0
T_0000180750,1,0.115900,0
T_0000180752,1,0.088123,0
T_0000180768,1,0.209024,1
T_0000180789,0,0.036760,0
T_0000180801,1,0.829154,1
T_0000180830,0,0.139023,0
T_0000180840,1,0.646924,1
T_0000180865,0,0.087426,0
T_0000180879,1,0.026963,0
T_0000180883,1,0.811380,1
T_0000180904,0,0.120904,0
T_0000180910,0,0.125107,0
T_0000180914,0,0.018240,0
T_0000180917,0,0.052620,0
T_0000180931,0,0.058478,0
T_0000180960,1,0.934090,1
T_0000180985,1,0.582699,1
T_0000181037,1,0.389677,1
T_0000181057,1,0.239085,1
T_0000181060,1,0.041239,0
T_0000181119,1,0.212501,1
T_0000181137,0,0.164192,0
T_0000181143,1,0.043756,0
T_0000181167,1,0.231183,1
T_0000181178,0,0.111148,0
T_0000181214,1,0.311043,1
T_0000181227,1,0.957338,1
T_0000181260,1,0.074134,0
T_0000181270,0,0.079098,0
T_0000181313,1,0.853956,1
T_0000181420,1,0.151394,0
T_0000181433,1,0.965901,1
T_0000181448,1,0.470841,1
T_0000181486,1,0.736208,1
T_0000181488,0,0.073444,0
T_0000181491,1,0.643669,1
T_0000181504,1,0.052474,0
T_0000181519,1,0.525239,1
T_0000181540,1,0.667614,1
T_0000181569,0,0.028995,0
T_0000181597,0,0.099532,0
T_0000181599,0,0.111547,0
T_0000181620,1,0.896435,1
T_0000181635,1,0.909550,1
T_0000181679,1,0.588447,1
T_0000181703,1,0.809863,1
T_0000181717,0,0.399410,1
T_0000181719,1,0.066681,0
T_0000181774,1,0.079513,0
T_0000181775,1,0.357422,1
T_0000181785,1,0.154483,0
T_0000181792,1,0.393957,1
T_0000181811,1,0.993575,1
T_0000181822,1,0.925548,1
T_0000181843,1,0.496916,1
T_0000181853,0,0.025787,0
T_0000181854,0,0.148484,0
T_0000181861,1,0.272812,1
T_0000181862,1,0.306712,1
T_0000181905,1,0.814544,1
T_0000181924,1,0.797367,1
T_0000181939,1,0.504867,1
T_0000181946,1,0.926981,1
T_0000181962,1,0.700877,1
T_0000181990,1,0.091517,0
T_0000181993,1,0.916327,1
T_0000182010,1,0.385987,1
T_0000182045,1,0.824992,1
T_0000182067,1,0.528940,1
T_0000182076,1,0.724779,1
T_0000182084,1,0.088554,0
T_0000182085,1,0.639196,1
T_0000182093,1,0.251905,1
T_0000182102,1,0.211081,1
T_0000182103,0,0.112247,0
T_0000182108,1,0.743045,1
T_0000182150,1,0.040379,0
T_0000182170,1,0.406266,1
T_0000182173,1,0.933823,1
T_0000182251,1,0.528652,1
T_0000182277,0,0.062080,0
T_0000182302,0,0.084963,0
T_0000182312,1,0.314524,1
T_0000182333,1,0.856181,1
T_0000182339,1,0.348885,1
