utterance_id,true_label,score,pred
D_0000000883,1,0.994940,1
D_0000001114,0,0.234512,0
D_0000001492,0,0.115605,0
D_0000001849,1,0.999632,1
D_0000001912,1,0.999985,1
D_0000002017,1,0.999828,1
D_0000002458,0,0.984875,1
D_0000002857,0,0.073702,0
D_0000003949,0,0.116755,0
D_0000004012,1,0.999958,1
D_0000004054,1,0.999248,1
D_0000004138,0,0.906863,1
D_0000004390,0,0.093287,0
D_0000004474,0,0.060446,0
D_0000005209,0,0.100050,0
D_0000005251,1,0.999958,1
D_0000005356,0,0.648001,0
D_0000005797,1,0.996314,1
D_0000007351,0,0.450243,0
D_0000007435,1,0.999399,1
D_0000007477,1,0.999140,1
D_0000007645,1,0.999901,1
D_0000007729,0,0.599666,0
D_0000008149,0,0.193057,0
D_0000008338,0,0.099781,0
D_0000008506,0,0.067538,0
D_0000009346,0,0.074458,0
D_0000009472,0,0.089773,0
D_0000010018,1,0.069472,0
D_0000010270,1,0.994186,1
D_0000010543,0,0.070057,0
D_0000011068,1,0.997446,1
D_0000011992,1,0.999286,1
D_0000012202,1,0.999826,1
D_0000012412,1,0.999709,1
D_0000013042,1,0.996905,1
D_0000013273,1,0.998463,1
D_0000013567,0,0.190253,0
D_0000014113,0,0.660722,0
D_0000014155,0,0.082165,0
D_0000014449,1,0.997763,1
D_0000014617,1,0.183933,0
D_0000015058,1,0.999754,1
D_0000015247,1,0.999875,1
D_0000015289,1,0.998741,1
D_0000016150,1,0.999838,1
D_0000016801,1,0.999930,1
D_0000016885,1,0.999304,1
D_0000017095,1,0.999983,1
D_0000017368,0,0.205086,0
D_0000017746,0,0.018745,0
D_0000017767,0,0.142398,0
D_0000017809,0,0.650011,0
D_0000018271,0,0.048645,0
D_0000018481,1,0.989302,1
D_0000018523,0,0.177706,0
D_0000018628,0,0.131958,0
D_0000018733,1,0.998917,1
D_0000019552,0,0.738792,0
D_0000020014,0,0.105088,0
D_0000020119,1,0.999571,1
D_0000020392,1,0.985937,1
D_0000020812,0,0.234996,0
D_0000021295,1,0.112058,0
D_0000021505,1,0.965775,1
D_0000021568,0,0.166475,0
D_0000021673,0,0.714861,0
D_0000022765,0,0.242169,0
D_0000022870,1,0.986154,1
D_0000023164,0,0.042131,0
D_0000023374,1,0.355373,0
D_0000024361,0,0.584603,0
D_0000024382,0,0.159967,0
D_0000024487,0,0.179112,0
D_0000024970,1,0.999200,1
D_0000025642,1,0.999564,1
D_0000025936,1,0.984369,1
D_0000026125,1,0.999695,1
D_0000026314,0,0.547325,0
D_0000026356,1,0.998519,1
D_0000026923,1,0.999881,1
D_0000027091,1,0.994211,1
D_0000027217,0,0.023557,0
D_0000028162,1,0.074839,0
D_0000028204,0,0.683722,0
D_0000028330,0,0.054898,0
D_0000028351,0,0.687128,0
D_0000028393,1,0.999501,1
D_0000028414,1,0.999787,1
D_0000028477,1,0.999955,1
D_0000028540,1,0.996114,1
D_0000028771,1,0.999404,1
D_0000029191,1,0.997769,1
D_0000029233,0,0.347128,0
D_0000029380,1,0.999608,1
D_0000029422,1,0.999654,1
D_0000029695,1,0.999987,1
D_0000029821,0,0.134214,0
D_0000029926,1,0.080903,0
D_0000030367,1,0.060759,0
D_0000030619,0,0.049465,0
D_0000030787,1,0.999039,1
D_0000031018,0,0.278590,0
D_0000031438,0,0.186323,0
D_0000031543,1,0.998910,1
D_0000032236,1,0.998943,1
D_0000032257,0,0.070102,0
D_0000032572,0,0.118758,0
D_0000032614,0,0.172195,0
D_0000032929,0,0.061374,0
D_0000033055,0,0.097920,0
D_0000033181,0,0.829811,1
D_0000033265,1,0.995856,1
D_0000033328,1,0.999437,1
D_0000033370,1,0.115700,0
D_0000033580,1,0.999949,1
D_0000033622,1,0.996948,1
D_0000034210,1,0.999120,1
D_0000034231,1,0.999346,1
D_0000034924,1,0.999459,1
D_0000035281,1,0.999371,1
D_0000035449,0,0.491370,0
D_0000035575,1,0.374187,0
D_0000036016,0,0.417436,0
D_0000036079,1,0.991683,1
D_0000036163,0,0.432716,0
D_0000036184,0,0.165976,0
D_0000036793,0,0.410826,0
D_0000037570,1,0.999539,1
D_0000037675,1,0.999342,1
D_0000037843,0,0.737091,0
D_0000038578,0,0.068911,0
D_0000038662,0,0.035321,0
D_0000038683,1,0.999074,1
D_0000038830,0,0.150716,0
D_0000039082,1,0.999071,1
D_0000039229,1,0.998967,1
D_0000040342,0,0.101702,0
D_0000040426,1,0.999871,1
D_0000040699,1,0.999940,1
D_0000040972,0,0.869582,1
D_0000041161,1,0.999631,1
D_0000041266,0,0.058456,0
D_0000042295,0,0.127383,0
D_0000042757,0,0.075692,0
D_0000042883,0,0.171343,0
D_0000043261,0,0.111179,0
D_0000043618,0,0.062328,0
D_0000043849,1,0.180639,0
D_0000044437,0,0.307328,0
D_0000044899,0,0.069781,0
D_0000044941,0,0.105912,0
D_0000044962,0,0.016869,0
D_0000045067,0,0.074520,0
D_0000045193,0,0.709343,0
D_0000045823,1,0.999763,1
D_0000045970,0,0.753902,0
D_0000046243,0,0.206493,0
D_0000046264,0,0.444382,0
D_0000046495,0,0.321783,0
D_0000046894,1,0.045426,0
D_0000047398,1,0.994476,1
D_0000047440,0,0.147117,0
D_0000047608,1,0.999801,1
D_0000047839,1,0.988758,1
D_0000048196,1,0.999440,1
D_0000048574,1,0.999930,1
D_0000048784,0,0.980929,1
D_0000048847,0,0.121377,0
D_0000049015,0,0.021127,0
D_0000049477,1,0.996907,1
D_0000049624,1,0.186322,0
D_0000049981,1,0.999991,1
D_0000050086,1,0.999698,1
D_0000050506,1,0.986847,1
D_0000050548,1,0.975127,1
D_0000050653,0,0.131520,0
D_0000050905,0,0.109183,0
D_0000051115,1,0.999195,1
D_0000051430,0,0.080348,0
D_0000051493,1,0.998048,1
D_0000051598,1,0.997355,1
D_0000052165,0,0.367509,0
D_0000052312,0,0.999972,1
D_0000052396,0,0.183351,0
D_0000052900,0,0.095486,0
D_0000054118,1,0.054631,0
D_0000054769,0,0.163812,0
D_0000055462,1,0.999628,1
D_0000055672,1,0.997037,1
D_0000055987,1,0.999981,1
D_0000056239,0,0.077148,0
D_0000056365,0,0.230253,0
D_0000056533,1,0.999747,1
D_0000056554,1,0.996880,1
D_0000056806,0,0.208874,0
D_0000056827,1,0.165352,0
D_0000057100,1,0.999799,1
D_0000057247,0,0.171172,0
D_0000057814,0,0.055229,0
D_0000057835,1,0.999043,1
D_0000058444,1,0.992904,1
D_0000058549,1,0.999878,1
D_0000058612,1,0.998764,1
D_0000058969,1,0.997847,1
D_0000059011,0,0.991282,1
D_0000059158,1,0.993503,1
D_0000059662,1,0.999723,1
D_0000059767,1,0.995388,1
D_0000060019,1,0.999642,1
D_0000060187,0,0.105358,0
D_0000060691,0,0.073223,0
D_0000060901,0,0.121642,0
D_0000061405,0,0.103969,0
D_0000061447,1,0.998661,1
D_0000061636,0,0.097949,0
D_0000061951,1,0.998864,1
D_0000062602,0,0.090696,0
D_0000062665,1,0.998920,1
D_0000062686,1,0.994729,1
D_0000062875,1,0.998928,1
D_0000063232,1,0.999578,1
D_0000063463,0,0.195233,0
D_0000063484,0,0.348107,0
D_0000063589,0,0.041837,0
D_0000063631,0,0.505941,0
D_0000063925,0,0.123878,0
D_0000064093,1,0.999478,1
D_0000064156,1,0.983368,1
D_0000064744,0,0.148997,0
D_0000064849,1,0.999088,1
D_0000064870,0,0.571720,0
D_0000065290,1,0.984694,1
D_0000065479,1,0.956004,1
D_0000065710,1,0.994340,1
D_0000065878,1,0.999543,1
D_0000066781,0,0.110431,0
D_0000067201,1,0.944916,1
D_0000067243,1,0.999719,1
D_0000067348,0,0.379792,0
D_0000067705,0,0.183714,0
D_0000067768,0,0.620264,0
D_0000068020,0,0.395519,0
D_0000068461,0,0.145579,0
D_0000068755,1,0.995354,1
D_0000069154,1,0.987676,1
D_0000069574,1,0.999856,1
D_0000069763,0,0.102707,0
D_0000069868,1,0.999985,1
D_0000069973,1,0.989341,1
D_0000070162,1,0.125621,0
D_0000070288,0,0.024514,0
D_0000070414,0,0.862103,1
D_0000070561,0,0.063489,0
D_0000070918,0,0.124836,0
D_0000071128,1,0.999966,1
D_0000071338,1,0.991323,1
D_0000071359,0,0.171342,0
D_0000071527,1,0.996990,1
D_0000071674,0,0.171640,0
D_0000072346,0,0.114261,0
D_0000073459,1,0.999234,1
D_0000073753,1,0.997596,1
D_0000075223,0,0.048491,0
D_0000075265,0,0.167303,0
D_0000075286,0,0.061509,0
D_0000075328,0,0.227783,0
D_0000075517,0,0.120725,0
D_0000075601,1,0.998594,1
D_0000077533,1,0.193440,0
D_0000077995,0,0.163822,0
D_0000078268,0,0.072471,0
D_0000078310,1,0.998502,1
D_0000078562,1,0.999997,1
D_0000078730,1,0.997218,1
D_0000078751,0,0.133324,0
D_0000079129,0,0.200051,0
D_0000079570,0,0.115468,0
D_0000080053,1,0.998021,1
D_0000080410,0,0.478307,0
D_0000081607,0,0.069505,0
D_0000082300,1,0.999968,1
D_0000082573,1,0.999795,1
D_0000082657,1,0.999217,1
D_0000082699,1,0.998836,1
D_0000082888,1,0.998119,1
D_0000082930,1,0.109886,0
D_0000083182,1,0.966313,1
D_0000083392,1,0.998517,1
D_0000083644,0,0.205591,0
D_0000083707,1,0.995644,1
D_0000083854,1,0.994654,1
D_0000084379,1,0.999949,1
D_0000084442,0,0.069714,0
D_0000084589,1,0.156967,0
D_0000084631,0,0.413561,0
D_0000084673,0,0.091507,0
D_0000084820,0,0.848777,1
D_0000084904,1,0.993936,1
D_0000084967,1,0.999166,1
D_0000085198,0,0.125442,0
D_0000085240,1,0.987664,1
D_0000085996,1,0.999121,1
D_0000086332,0,0.497855,0
D_0000087025,1,0.998353,1
D_0000087487,1,0.992023,1
D_0000087550,1,0.999339,1
D_0000087592,0,0.092950,0
D_0000088537,1,0.997475,1
D_0000089083,1,0.999210,1
D_0000089104,1,0.998643,1
D_0000089335,1,0.996628,1
D_0000089608,0,0.386531,0
D_0000089839,1,0.993926,1
D_0000090028,1,0.997549,1
D_0000090343,0,0.055918,0
D_0000090511,0,0.427102,0
D_0000090931,0,0.722264,0
D_0000091120,0,0.161450,0
D_0000091393,0,0.198729,0
D_0000091540,0,0.102315,0
D_0000091708,1,0.999470,1
D_0000091771,0,0.049607,0
D_0000091855,0,0.185903,0
D_0000092128,1,0.998514,1
D_0000092632,1,0.999598,1
D_0000092863,1,0.989994,1
D_0000093367,1,0.996750,1
D_0000093703,0,0.176101,0
D_0000093745,0,0.181026,0
D_0000093766,0,0.027608,0
D_0000094375,1,0.995178,1
D_0000094480,0,0.110102,0
D_0000094774,1,0.984835,1
D_0000095131,1,0.999961,1
D_0000095320,1,0.996514,1
D_0000095362,0,0.220988,0
D_0000095509,0,0.027757,0
D_0000095908,1,0.987823,1
D_0000096433,1,0.205032,0
D_0000096496,0,0.311745,0
D_0000097462,1,0.742301,0
D_0000097756,0,0.084407,0
D_0000098281,1,0.999875,1
D_0000098344,0,0.108307,0
D_0000098407,1,0.999197,1
D_0000098512,1,0.998370,1
D_0000098617,1,0.999596,1
D_0000098785,1,0.990090,1
D_0000098953,0,0.456860,0
D_0000099058,0,0.093360,0
D_0000099163,0,0.029952,0
D_0000099226,0,0.774862,1
D_0000099331,0,0.104296,0
D_0000099667,1,0.979516,1
D_0000099961,1,0.999680,1
D_0000100129,0,0.601005,0
D_0000100381,0,0.130186,0
D_0000101032,1,0.989408,1
D_0000101074,1,0.999672,1
D_0000101179,1,0.975598,1
D_0000101494,1,0.998928,1
D_0000101914,0,0.070320,0
D_0000103069,1,0.991829,1
D_0000103363,1,0.999423,1
D_0000103405,1,0.130406,0
D_0000103720,1,0.998430,1
D_0000104077,0,0.114624,0
D_0000104980,0,0.040088,0
D_0000105127,0,0.109196,0
D_0000105316,1,0.998594,1
D_0000105400,0,0.881619,1
D_0000105505,1,0.999978,1
D_0000105526,0,0.114520,0
D_0000105652,0,0.264740,0
D_0000105799,0,0.042530,0
D_0000106093,0,0.885764,1
D_0000106177,1,0.350957,0
D_0000106513,1,0.972065,1
D_0000106870,0,0.061423,0
D_0000106891,0,0.052097,0
D_0000107353,0,0.045373,0
D_0000108046,1,0.989123,1
D_0000108088,0,0.899976,1
D_0000108550,0,0.191333,0
D_0000108634,1,0.999427,1
D_0000109369,0,0.888532,1
D_0000109600,0,0.133658,0
D_0000109663,0,0.149232,0
D_0000109978,1,0.998946,1
D_0000110986,1,0.999499,1
D_0000111595,0,0.193942,0
D_0000111784,1,0.999937,1
D_0000111805,1,0.999971,1
D_0000111826,1,0.999069,1
D_0000112246,1,0.999980,1
D_0000112456,1,0.252085,0
D_0000112477,1,0.999433,1
D_0000112561,0,0.154136,0
D_0000112687,1,0.998037,1
D_0000113107,1,0.985341,1
D_0000113212,0,0.104071,0
D_0000113443,0,0.566130,0
D_0000113569,0,0.860111,1
D_0000114220,0,0.577724,0
D_0000114304,0,0.930656,1
D_0000115144,1,0.999677,1
D_0000115459,1,0.237574,0
D_0000115585,1,0.996417,1
D_0000115753,0,0.243572,0
D_0000116782,1,0.999417,1
D_0000116908,1,0.199184,0
D_0000117076,0,0.170257,0
D_0000117496,0,0.369540,0
D_0000117580,0,0.085142,0
D_0000117748,0,0.081139,0
D_0000117979,0,0.480001,0
D_0000118105,1,0.987260,1
D_0000118273,0,0.090931,0
D_0000118819,1,0.998631,1
D_0000118903,0,0.131641,0
D_0000119281,0,0.791986,1
D_0000119323,0,0.050343,0
D_0000119365,1,0.999922,1
D_0000119470,0,0.207463,0
D_0000120583,0,0.066468,0
D_0000121507,1,0.997241,1
D_0000122074,1,0.206271,0
D_0000122368,0,0.097335,0
D_0000122536,1,0.994062,1
D_0000122641,1,0.999963,1
D_0000123187,1,0.999642,1
D_0000123544,0,0.150667,0
D_0000123649,1,0.993527,1
D_0000123712,1,0.999233,1
D_0000124363,0,0.030410,0
D_0000124447,1,0.999142,1
D_0000125497,1,0.998950,1
D_0000125812,1,0.021882,0
D_0000126211,1,0.999923,1
D_0000126379,1,0.998890,1
D_0000126673,0,0.313467,0
D_0000127135,0,0.075378,0
D_0000128080,0,0.542160,0
D_0000128206,1,0.997349,1
D_0000128248,0,0.733690,0
D_0000128332,1,0.999397,1
D_0000128857,0,0.317070,0
D_0000128920,1,0.252394,0
D_0000129340,1,0.998732,1
D_0000129382,0,0.085952,0
D_0000129445,0,0.108311,0
D_0000130537,0,0.060144,0
D_0000131104,0,0.032480,0
D_0000131146,1,0.998827,1
D_0000131251,0,0.674949,0
D_0000131461,0,0.048567,0
D_0000131503,1,0.987963,1
D_0000131734,1,0.999903,1
D_0000132070,1,0.996049,1
D_0000132364,1,0.987399,1
D_0000133099,1,0.999488,1
D_0000133120,0,0.827240,1
D_0000133246,1,0.984775,1
D_0000133267,1,0.985896,1
D_0000133351,1,0.999464,1
D_0000133477,1,0.999959,1
D_0000133918,0,0.970710,1
D_0000134338,0,0.132744,0
D_0000134359,1,0.999960,1
D_0000134632,1,0.999672,1
D_0000134989,1,0.999648,1
D_0000135094,0,0.130529,0
D_0000135283,1,0.982386,1
D_0000135493,1,0.999465,1
D_0000135661,1,0.999384,1
D_0000135682,0,0.153259,0
D_0000135787,0,0.839418,1
D_0000136207,0,0.120330,0
D_0000136375,0,0.180799,0
D_0000136879,1,0.997909,1
D_0000136900,0,0.180282,0
D_0000137089,0,0.182308,0
D_0000137131,1,0.999361,1
D_0000137173,0,0.060662,0
D_0000137341,1,0.999977,1
D_0000137383,1,0.999941,1
D_0000137740,0,0.178285,0
D_0000137782,0,0.115570,0
D_0000137824,1,0.155433,0
D_0000137866,1,0.994183,1
D_0000138034,0,0.044973,0
D_0000138139,0,0.201804,0
D_0000139063,1,0.999423,1
D_0000139126,0,0.072552,0
D_0000139231,1,0.058821,0
D_0000139441,1,0.999866,1
D_0000139525,0,0.277613,0
D_0000139546,0,0.206574,0
D_0000139672,1,0.192396,0
D_0000139882,1,0.999740,1
D_0000139924,1,0.999910,1
D_0000141226,0,0.031805,0
D_0000141373,1,0.254880,0
D_0000142213,0,0.708802,0
D_0000142234,1,0.999601,1
D_0000142360,1,0.999403,1
D_0000142528,1,0.998747,1
D_0000142759,0,0.159869,0
D_0000143116,1,0.989454,1
D_0000143221,1,0.997922,1
D_0000143872,1,0.996072,1
D_0000144313,1,0.085200,0
D_0000144733,0,0.163191,0
D_0000145048,1,0.999763,1
D_0000145153,1,0.983620,1
D_0000145342,1,0.999976,1
D_0000145741,1,0.996534,1
D_0000145888,0,0.205161,0
D_0000146140,1,0.999650,1
D_0000147295,1,0.999076,1
D_0000148450,1,0.998946,1
D_0000149311,0,0.057886,0
D_0000149395,1,0.985968,1
D_0000149500,0,0.078913,0
D_0000149710,0,0.941920,1
D_0000149794,0,0.285592,0
D_0000150004,0,0.935240,1
D_0000150214,1,0.999301,1
D_0000151642,1,0.999060,1
D_0000151873,0,0.367643,0
D_0000152461,1,0.998564,1
D_0000152839,1,0.998733,1
D_0000152944,1,0.999201,1
D_0000152986,0,0.209055,0
D_0000153511,1,0.998889,1
D_0000153700,1,0.999698,1
D_0000154057,1,0.998880,1
D_0000154099,1,0.999799,1
D_0000155233,1,0.998532,1
D_0000156283,0,0.191238,0
D_0000156346,0,0.084738,0
D_0000156577,1,0.986703,1
D_0000156892,1,0.154060,0
D_0000156997,0,0.045158,0
D_0000157060,0,0.455043,0
D_0000157165,0,0.084393,0
D_0000157438,1,0.999449,1
D_0000157501,1,0.993181,1
D_0000157711,1,0.106868,0
D_0000157774,1,0.974169,1
D_0000158152,0,0.180263,0
D_0000158530,1,0.999497,1
D_0000158719,1,0.999296,1
D_0000159370,0,0.080960,0
D_0000159685,0,0.124991,0
D_0000160042,1,0.994188,1
D_0000160147,0,0.741841,0
D_0000160273,1,0.998872,1
D_0000160378,1,0.998938,1
D_0000161743,0,0.157234,0
D_0000162163,1,0.999841,1
D_0000162436,0,0.159441,0
D_0000162604,1,0.998349,1
D_0000162709,0,0.155232,0
D_0000163276,0,0.064956,0
D_0000163801,1,0.984333,1
D_0000164032,0,0.585234,0
D_0000164599,0,0.750160,0
D_0000165019,1,0.411297,0
D_0000165103,1,0.999565,1
D_0000165229,0,0.200471,0
D_0000166048,1,0.978302,1
D_0000166090,1,0.069330,0
D_0000166783,1,0.978328,1
D_0000167014,1,0.999030,1
D_0000167098,0,0.186967,0
D_0000167749,1,0.996923,1
D_0000167770,1,0.999026,1
D_0000167875,0,0.073565,0
D_0000168001,0,0.100044,0
D_0000168148,1,0.999922,1
D_0000168316,0,0.152718,0
D_0000168358,0,0.047377,0
D_0000168484,0,0.055111,0
D_0000168610,1,0.999694,1
D_0000169303,1,0.993791,1
D_0000169408,1,0.968126,1
D_0000169513,1,0.046899,0
D_0000169639,1,0.999464,1
D_0000170185,0,0.070874,0
D_0000170437,1,0.999025,1
D_0000170500,1,0.999599,1
D_0000170794,1,0.083501,0
D_0000171739,1,0.999401,1
D_0000172432,0,0.346567,0
D_0000173104,1,0.997478,1
D_0000173377,1,0.997400,1
D_0000173461,1,0.998941,1
D_0000173587,1,0.993582,1
D_0000174784,0,0.237119,0
D_0000174805,1,0.999969,1
D_0000174868,0,0.051517,0
D_0000174889,0,0.795770,1
D_0000175267,0,0.141618,0
D_0000175309,1,0.998883,1
D_0000175897,0,0.140349,0
D_0000175981,1,0.962405,1
D_0000176044,1,0.997090,1
D_0000176065,0,0.894342,1
D_0000176443,1,0.999699,1
D_0000176611,1,0.999456,1
D_0000176842,0,0.662847,0
D_0000177997,1,0.999208,1
D_0000178375,1,0.999884,1
D_0000178627,0,0.189074,0
D_0000179026,1,0.999390,1
D_0000179068,0,0.796561,1
D_0000179341,1,0.999692,1
D_0000179383,1,0.999133,1
D_0000179446,0,0.079842,0
D_0000179593,0,0.721313,0
D_0000179908,0,0.130708,0
D_0000180853,1,0.999964,1
D_0000181042,1,0.998787,1
D_0000181084,1,0.150655,0
D_0000181525,1,0.967950,1
D_0000181777,1,0.999445,1
D_0000181840,1,0.645296,0
D_0000182764,1,0.203785,0
D_0000183583,0,0.312726,0
D_0000183877,1,0.993552,1
D_0000184066,1,0.999759,1
D_0000184738,1,0.993808,1
D_0000184780,0,0.496468,0
D_0000184843,1,0.998766,1
D_0000185053,1,0.997460,1
D_0000185074,0,0.329230,0
D_0000185179,1,0.999337,1
D_0000185263,0,0.287854,0
D_0000185431,1,0.975847,1
D_0000185767,1,0.865784,1
D_0000186019,0,0.097896,0
D_0000186964,1,0.997259,1
D_0000186985,1,0.997421,1
D_0000187153,1,0.993953,1
D_0000187384,0,0.075467,0
D_0000187678,1,0.066526,0
D_0000188812,1,0.996066,1
D_0000188854,1,0.996761,1
D_0000189358,1,0.999666,1
D_0000189904,1,0.164395,0
D_0000190093,1,0.978334,1
D_0000190261,1,0.999168,1
D_0000190912,0,0.160915,0
D_0000191017,0,0.071991,0
D_0000191710,0,0.041667,0
D_0000192004,0,0.096773,0
D_0000192445,1,0.992477,1
D_0000193033,1,0.205986,0
D_0000193096,1,0.999336,1
D_0000193264,0,0.018375,0
D_0000193537,1,0.993636,1
D_0000193894,1,0.998471,1
D_0000193978,0,0.040020,0
D_0000194167,0,0.050639,0
D_0000194188,1,0.999487,1
D_0000194230,0,0.031964,0
D_0000194272,0,0.860303,1
D_0000194776,0,0.078751,0
D_0000194839,0,0.043665,0
D_0000194944,0,0.138170,0
D_0000195385,1,0.631991,0
D_0000195637,0,0.302188,0
D_0000196624,1,0.110125,0
D_0000196897,1,0.999430,1
D_0000196960,1,0.989283,1
D_0000196981,1,0.065480,0
D_0000197380,0,0.112245,0
D_0000197737,0,0.099180,0
D_0000197779,0,0.907217,1
D_0000198136,1,0.998088,1
D_0000198955,1,0.999940,1
D_0000198997,1,0.997863,1
D_0000199459,0,0.129881,0
D_0000199543,0,0.105272,0
D_0000199669,1,0.989023,1
D_0000199711,0,0.290583,0
D_0000199858,1,0.999193,1
D_0000200173,1,0.999979,1
D_0000200362,1,0.996581,1
D_0000200446,1,0.999936,1
D_0000201076,0,0.051097,0
D_0000201139,0,0.165156,0
D_0000201391,1,0.997557,1
D_0000201475,1,0.999392,1
D_0000201916,0,0.099581,0
D_0000201979,1,0.973671,1
D_0000202693,1,0.999799,1
D_0000202777,0,0.146795,0
D_0000202840,1,0.999920,1
D_0000202945,0,0.090885,0
D_0000203008,0,0.886519,1
D_0000203260,1,0.999830,1
D_0000203449,0,0.203512,0
D_0000204121,1,0.999885,1
D_0000204226,1,0.998366,1
D_0000204478,0,0.155749,0
D_0000204688,0,0.150677,0
D_0000204709,1,0.999601,1
D_0000205066,1,0.991749,1
D_0000205486,0,0.117925,0
D_0000205927,1,0.998176,1
D_0000206767,0,0.091262,0
D_0000208552,0,0.225159,0
D_0000208573,1,0.977945,1
D_0000208657,0,0.323432,0
D_0000208846,1,0.997247,1
D_0000208993,1,0.987627,1
D_0000209308,1,0.991290,1
D_0000209539,0,0.119579,0
D_0000209854,0,0.114279,0
D_0000210652,0,0.092203,0
D_0000211240,0,0.394507,0
D_0000211975,0,0.086226,0
D_0000212122,1,0.297727,0
D_0000212773,1,0.985821,1
D_0000213067,1,0.999307,1
D_0000213298,1,0.997877,1
D_0000213382,1,0.995432,1
D_0000213949,1,0.999964,1
D_0000215104,0,0.140828,0
D_0000215293,0,0.442937,0
D_0000215839,0,0.038776,0
D_0000216133,1,0.999940,1
D_0000216574,0,0.110315,0
D_0000216595,0,0.111223,0
D_0000216700,0,0.042379,0
D_0000216952,1,0.999495,1
D_0000217036,0,0.229490,0
D_0000217540,1,0.999993,1
D_0000217624,0,0.106461,0
D_0000217729,1,0.952111,1
D_0000217771,0,0.851408,1
D_0000217981,1,0.999450,1
D_0000218149,0,0.074365,0
D_0000218275,1,0.998454,1
D_0000218359,0,0.244043,0
D_0000218380,1,0.993363,1
D_0000218695,0,0.370549,0
D_0000218779,0,0.228522,0
D_0000218863,1,0.995808,1
D_0000219178,0,0.251772,0
D_0000219472,1,0.163136,0
D_0000219556,1,0.998955,1
D_0000219661,1,0.991830,1
D_0000220396,1,0.999683,1
D_0000220501,1,0.981398,1
D_0000221446,0,0.207276,0
D_0000221677,0,0.363633,0
D_0000221698,1,0.994955,1
D_0000221719,1,0.995775,1
D_0000221824,0,0.274000,0
D_0000222013,0,0.038585,0
D_0000222181,1,0.990904,1
D_0000222496,1,0.997675,1
D_0000223294,0,0.949080,1
D_0000223399,1,0.999233,1
D_0000223714,0,0.385583,0
D_0000223966,0,0.157869,0
D_0000224176,1,0.999521,1
D_0000224281,1,0.999367,1
D_0000224533,1,0.999467,1
D_0000224617,0,0.108108,0
D_0000224932,1,0.999726,1
D_0000225016,0,0.053100,0
D_0000225184,0,0.255617,0
D_0000225331,0,0.258060,0
D_0000225352,0,0.678330,0
D_0000225478,1,0.999932,1
D_0000225520,1,0.999410,1
D_0000225625,1,0.999453,1
D_0000225814,1,0.999540,1
D_0000225961,1,0.999413,1
D_0000226024,0,0.288793,0
D_0000226234,1,0.998573,1
D_0000226339,1,0.863651,1
D_0000226528,1,0.997410,1
D_0000226696,1,0.999701,1
D_0000226843,0,0.197275,0
D_0000226864,1,0.999401,1
D_0000227116,0,0.497033,0
D_0000227158,1,0.997921,1
D_0000228166,0,0.141196,0
D_0000228292,1,0.999829,1
D_0000228418,0,0.263113,0
D_0000228838,1,0.999937,1
D_0000229216,1,0.999603,1
D_0000231169,1,0.999922,1
D_0000231484,0,0.752648,0
D_0000232051,0,0.064694,0
D_0000232114,1,0.999110,1
D_0000232177,1,0.971439,1
D_0000232429,1,0.995274,1
D_0000232744,0,0.132651,0
D_0000232828,1,0.181922,0
D_0000233143,1,0.997583,1
D_0000233605,0,0.033921,0
D_0000233941,0,0.970182,1
D_0000234004,0,0.181772,0
D_0000234025,1,0.999261,1
D_0000234130,1,0.999201,1
D_0000234214,1,0.981159,1
D_0000234319,0,0.062172,0
D_0000234361,1,0.999948,1
D_0000234592,0,0.032061,0
D_0000234739,0,0.193599,0
D_0000234970,1,0.999900,1
D_0000235096,1,0.208093,0
D_0000235411,0,0.057818,0
D_0000235684,1,0.099600,0
D_0000235726,1,0.076676,0
D_0000235957,0,0.070028,0
D_0000236461,0,0.975330,1
D_0000236482,1,0.996537,1
D_0000236776,1,0.994661,1
D_0000236965,1,0.993851,1
D_0000237028,0,0.110974,0
D_0000237616,1,0.999907,1
D_0000238561,1,0.093840,0
D_0000238792,1,0.664497,0
D_0000238897,0,0.065622,0
D_0000239170,0,0.188687,0
D_0000239254,1,0.998531,1
D_0000239401,1,0.998884,1
D_0000239695,0,0.104656,0
D_0000239926,0,0.950509,1
D_0000240241,0,0.139112,0
D_0000240262,1,0.999693,1
D_0000240451,0,0.125511,0
D_0000240472,0,0.285086,0
D_0000240619,0,0.093922,0
D_0000241186,1,0.999832,1
D_0000241228,1,0.999637,1
D_0000241291,1,0.992782,1
D_0000241396,1,0.999934,1
D_0000241480,1,0.999790,1
D_0000241837,0,0.171674,0
D_0000242740,1,0.998116,1
D_0000242971,1,0.986109,1
D_0000243034,1,0.296934,0
D_0000243076,0,0.079392,0
D_0000243139,1,0.972858,1
D_0000243160,1,0.999233,1
D_0000243412,1,0.999983,1
D_0000243454,0,0.628742,0
D_0000243643,1,0.999928,1
D_0000244525,0,0.194054,0
D_0000244756,1,0.094233,0
D_0000244861,1,0.999990,1
D_0000244924,0,0.104144,0
D_0000244945,1,0.998828,1
D_0000245071,1,0.999567,1
D_0000245218,0,0.958624,1
D_0000245449,1,0.999901,1
D_0000245491,1,0.997651,1
D_0000245743,0,0.149335,0
D_0000245848,0,0.074553,0
D_0000246562,1,0.982492,1
D_0000247234,0,0.163300,0
D_0000247360,1,0.997633,1
D_0000248305,0,0.027355,0
D_0000248620,1,0.999929,1
D_0000248641,0,0.091985,0
D_0000248662,1,0.998866,1
D_0000248977,0,0.904850,1
D_0000249229,0,0.115417,0
D_0000249355,1,0.998475,1
D_0000249607,1,0.421657,0
D_0000249733,0,0.184388,0
D_0000249985,0,0.225865,0
D_0000250090,0,0.784743,1
D_0000250720,0,0.078660,0
D_0000251098,0,0.147990,0
D_0000252022,1,0.999593,1
D_0000252064,1,0.999982,1
D_0000252967,1,0.999462,1
D_0000253177,0,0.131589,0
D_0000253261,1,0.999961,1
D_0000253660,1,0.996702,1
D_0000253681,0,0.406796,0
D_0000253723,0,0.192449,0
D_0000254143,0,0.076014,0
D_0000254269,0,0.181318,0
D_0000254500,0,0.185494,0
D_0000254668,0,0.117513,0
D_0000255004,0,0.144202,0
D_0000255403,0,0.123487,0
D_0000255697,1,0.998927,1
D_0000256075,1,0.983566,1
D_0000256264,0,0.043936,0
D_0000256558,0,0.131740,0
D_0000256579,0,0.221223,0
D_0000256684,1,0.997742,1
D_0000256810,0,0.074505,0
D_0000256873,0,0.053983,0
D_0000258322,0,0.199633,0
D_0000258889,1,0.999443,1
D_0000259099,1,0.998306,1
D_0000259372,1,0.999171,1
D_0000259813,1,0.994550,1
D_0000260191,1,0.998454,1
D_0000260338,1,0.998913,1
D_0000260401,0,0.086078,0
D_0000261199,0,0.902601,1
D_0000261787,0,0.729574,0
D_0000261871,1,0.998558,1
D_0000262060,1,0.999933,1
D_0000262270,1,0.998202,1
D_0000262522,0,0.060758,0
D_0000262585,1,0.998458,1
D_0000262711,0,0.253784,0
D_0000262795,1,0.999868,1
D_0000262900,1,0.119766,0
D_0000262984,0,0.150750,0
D_0000263005,0,0.101447,0
D_0000263782,0,0.064425,0
D_0000264055,1,0.999848,1
D_0000264664,1,0.998488,1
D_0000264748,1,0.985225,1
D_0000264790,1,0.999927,1
D_0000265903,0,0.709193,0
D_0000266680,1,0.999476,1
D_0000266764,0,0.618770,0
D_0000267163,1,0.999990,1
D_0000267268,0,0.331214,0
D_0000267583,1,0.168664,0
D_0000267982,0,0.150355,0
D_0000268108,1,0.994236,1
D_0000268171,0,0.784180,1
D_0000269011,0,0.034806,0
D_0000269431,1,0.146970,0
D_0000269704,0,0.154708,0
D_0000269725,0,0.970209,1
D_0000269788,1,0.999978,1
D_0000269977,0,0.271101,0
D_0000270061,1,0.998419,1
D_0000270334,1,0.999417,1
D_0000270586,1,0.999597,1
D_0000270859,1,0.999469,1
D_0000270943,0,0.179485,0
D_0000271048,1,0.144630,0
D_0000271174,0,0.269808,0
D_0000271594,0,0.243484,0
D_0000271783,1,0.990853,1
D_0000272560,0,0.183308,0
D_0000272581,1,0.996698,1
D_0000272644,0,0.630006,0
D_0000273127,1,0.990766,1
D_0000273190,1,0.999978,1
D_0000273358,1,0.999990,1
D_0000273421,0,0.084604,0
D_0000273715,1,0.997572,1
D_0000273778,0,0.192164,0
D_0000273862,0,0.111847,0
D_0000273925,1,0.996575,1
D_0000274366,1,0.064397,0
D_0000274513,1,0.999196,1
D_0000274576,1,0.999671,1
D_0000274870,0,0.095490,0
D_0000274933,1,0.059576,0
D_0000275269,1,0.999416,1
D_0000275521,0,0.776649,1
D_0000275836,0,0.137565,0
D_0000275962,0,0.160193,0
D_0000276067,1,0.224257,0
D_0000276508,1,0.079253,0
D_0000276550,0,0.118584,0
D_0000276991,1,0.999615,1
D_0000277012,1,0.993646,1
D_0000277054,1,0.999981,1
D_0000277096,0,0.099841,0
D_0000277285,1,0.166708,0
D_0000277390,0,0.063378,0
D_0000277705,1,0.999991,1
D_0000277789,0,0.096048,0
D_0000278251,1,0.993464,1
D_0000278356,0,0.224751,0
D_0000278650,0,0.094252,0
D_0000278839,0,0.245282,0
D_0000278986,1,0.999000,1
D_0000279049,0,0.052335,0
D_0000279070,0,0.069892,0
D_0000279658,1,0.996188,1
D_0000280204,1,0.999970,1
D_0000280225,1,0.181935,0
D_0000280351,1,0.999676,1
D_0000280729,1,0.996393,1
D_0000281023,0,0.052775,0
D_0000281758,0,0.080564,0
D_0000282220,0,0.036629,0
D_0000282745,1,0.040804,0
D_0000282787,1,0.997364,1
D_0000282976,0,0.196111,0
D_0000283039,1,0.152198,0
D_0000283081,0,0.050647,0
D_0000283207,0,0.213090,0
D_0000283564,1,0.995829,1
D_0000283606,1,0.999323,1
D_0000283627,0,0.131591,0
D_0000284047,1,0.984948,1
D_0000284068,1,0.990084,1
D_0000284278,1,0.110454,0
D_0000284341,1,0.999594,1
D_0000284362,0,0.088823,0
D_0000284383,1,0.999974,1
D_0000284656,1,0.085206,0
D_0000285412,1,0.999579,1
D_0000285769,0,0.058183,0
D_0000285958,1,0.989756,1
D_0000286420,1,0.998307,1
D_0000287029,0,0.133130,0
D_0000287449,0,0.178013,0
D_0000287512,0,0.277244,0
D_0000288121,0,0.122024,0
D_0000288205,1,0.998159,1
D_0000288373,0,0.285463,0
D_0000288394,0,0.049970,0
D_0000288751,1,0.999962,1
D_0000288877,1,0.097994,0
D_0000289024,0,0.142533,0
D_0000289087,0,0.187542,0
D_0000289486,0,0.193954,0
D_0000289528,1,0.999130,1
D_0000289864,1,0.999470,1
D_0000290032,0,0.887493,1
D_0000291082,0,0.080414,0
D_0000291397,1,0.999665,1
D_0000291649,1,0.999345,1
D_0000293287,0,0.335637,0
D_0000293707,1,0.999296,1
D_0000294106,0,0.035363,0
D_0000294211,0,0.142141,0
D_0000294358,0,0.405088,0
D_0000294400,1,0.999832,1
D_0000295093,1,0.996046,1
D_0000295387,1,0.996873,1
D_0000295975,1,0.998437,1
D_0000296311,1,0.999868,1
D_0000296731,0,0.060180,0
D_0000296962,1,0.999646,1
D_0000297403,0,0.136924,0
D_0000297487,1,0.993970,1
D_0000297571,0,0.136979,0
D_0000297886,1,0.998204,1
D_0000297949,0,0.174205,0
D_0000298201,0,0.123851,0
D_0000298537,0,0.214366,0
D_0000298768,1,0.999769,1
D_0000299083,1,0.999624,1
D_0000299965,0,0.313798,0
D_0000300490,1,0.999706,1
D_0000301015,1,0.998655,1
D_0000301246,1,0.999794,1
D_0000301729,1,0.999622,1
D_0000301813,1,0.197243,0
D_0000302275,1,0.999749,1
D_0000302422,1,0.999525,1
D_0000302821,0,0.790712,1
D_0000302926,1,0.999817,1
D_0000302968,0,0.096578,0
D_0000303871,0,0.098462,0
D_0000304102,1,0.976539,1
D_0000304417,1,0.999945,1
D_0000304480,0,0.993190,1
D_0000304606,0,0.146066,0
D_0000304690,0,0.147753,0
D_0000304900,1,0.999424,1
D_0000304942,0,0.024830,0
D_0000305152,1,0.994132,1
D_0000305278,1,0.143060,0
D_0000305866,1,0.182169,0
D_0000306328,1,0.996235,1
D_0000306559,0,0.091606,0
D_0000307126,0,0.060926,0
D_0000307420,0,0.093802,0
D_0000307924,0,0.100529,0
D_0000308092,0,0.171400,0
D_0000308218,1,0.999770,1
D_0000308785,0,0.077461,0
D_0000308995,0,0.816936,1
D_0000309205,1,0.999608,1
D_0000309520,1,0.076062,0
D_0000309541,1,0.195226,0
D_0000309814,1,0.999446,1
D_0000310339,0,0.077943,0
D_0000310381,0,0.276279,0
D_0000310927,1,0.997376,1
D_0000311158,0,0.913972,1
D_0000311305,1,0.953189,1
D_0000311704,0,0.060420,0
D_0000311956,1,0.999972,1
D_0000312376,0,0.090147,0
D_0000312460,1,0.999992,1
D_0000312586,0,0.639539,0
D_0000312628,0,0.105531,0
D_0000312712,0,0.095226,0
D_0000312901,1,0.985326,1
D_0000312922,0,0.318019,0
D_0000313174,1,0.987467,1
D_0000313363,0,0.235371,0
D_0000313762,0,0.247552,0
D_0000314350,0,0.044801,0
D_0000314392,0,0.053753,0
D_0000314518,1,0.999667,1
D_0000314623,1,0.997300,1
D_0000315295,0,0.059490,0
D_0000315484,0,0.060810,0
D_0000315904,1,0.999806,1
D_0000316345,1,0.998839,1
D_0000316450,0,0.101239,0
D_0000316597,0,0.508064,0
D_0000316639,1,0.999525,1
D_0000316765,0,0.105280,0
D_0000317521,0,0.993850,1
D_0000317773,1,0.999948,1
D_0000318634,1,0.999989,1
D_0000319054,1,0.999957,1
D_0000319495,1,0.376700,0
D_0000320230,1,0.999337,1
D_0000320272,1,0.993277,1
D_0000320839,0,0.926269,1
D_0000321049,1,0.987426,1
D_0000321217,1,0.999884,1
D_0000321616,0,0.079300,0
D_0000321763,0,0.161090,0
D_0000321847,0,0.097937,0
D_0000322015,0,0.045053,0
D_0000323548,0,0.147984,0
D_0000323716,1,0.999805,1
D_0000324010,1,0.999783,1
D_0000324073,1,0.999545,1
D_0000325060,0,0.074549,0
D_0000325396,1,0.928698,1
D_0000326173,0,0.148003,0
D_0000326278,1,0.999302,1
D_0000326404,0,0.050205,0
D_0000326467,1,0.999853,1
D_0000326530,0,0.173194,0
D_0000327118,1,0.128648,0
D_0000327181,1,0.999938,1
D_0000327244,1,0.999715,1
D_0000327433,0,0.058489,0
D_0000327727,1,0.996909,1
D_0000328882,1,0.197292,0
D_0000329113,0,0.106003,0
D_0000329197,1,0.999987,1
D_0000329260,0,0.163068,0
D_0000330016,0,0.347345,0
D_0000330037,1,0.999640,1
D_0000330100,0,0.223187,0
D_0000330289,0,0.232156,0
D_0000330457,1,0.999399,1
D_0000330478,1,0.999710,1
D_0000330499,0,0.565392,0
D_0000330604,1,0.999492,1
D_0000330646,1,0.077609,0
D_0000330709,1,0.998892,1
D_0000330793,1,0.167454,0
D_0000331129,1,0.137765,0
D_0000331171,0,0.694744,0
D_0000331339,1,0.999322,1
D_0000331675,1,0.999961,1
D_0000331696,1,0.999950,1
D_0000332095,0,0.013463,0
D_0000332683,0,0.249655,0
D_0000332746,1,0.998914,1
D_0000333355,1,0.999012,1
D_0000333880,1,0.098904,0
D_0000334132,1,0.999907,1
D_0000334447,0,0.239659,0
D_0000334657,0,0.138424,0
D_0000334678,1,0.999716,1
D_0000335980,0,0.044206,0
D_0000336253,0,0.232794,0
D_0000336379,1,0.999752,1
D_0000336421,1,0.981475,1
D_0000336610,1,0.999635,1
D_0000336673,1,0.999288,1
D_0000336736,1,0.999726,1
D_0000336862,1,0.999812,1
D_0000337009,0,0.053477,0
D_0000337303,0,0.204815,0
D_0000337576,1,0.558015,0
D_0000338080,1,0.998181,1
D_0000338248,1,0.998485,1
D_0000338647,0,0.080422,0
D_0000338773,1,0.999012,1
D_0000338857,0,0.067983,0
D_0000339193,0,0.480027,0
D_0000339403,0,0.090805,0
D_0000339508,0,0.150407,0
D_0000339550,1,0.998864,1
D_0000339676,0,0.665240,0
D_0000339844,1,0.996322,1
D_0000340054,0,0.024492,0
D_0000340495,0,0.177942,0
D_0000340684,0,0.084957,0
D_0000340705,0,0.228948,0
D_0000340894,0,0.092758,0
D_0000340936,0,0.090317,0
D_0000341230,1,0.999471,1
D_0000341629,0,0.240170,0
D_0000342574,1,0.999298,1
D_0000342742,1,0.999466,1
D_0000343561,1,0.980565,1
D_0000344002,1,0.654135,0
D_0000344044,0,0.179055,0
D_0000344569,1,0.998112,1
D_0000344632,0,0.198741,0
D_0000345157,0,0.842038,1
D_0000345199,1,0.993455,1
D_0000345661,0,0.343092,0
D_0000345703,1,0.999656,1
D_0000346165,1,0.990409,1
D_0000346186,0,0.543580,0
D_0000346207,0,0.038526,0
D_0000346228,0,0.114321,0
D_0000346522,1,0.958364,1
D_0000346732,1,0.999892,1
D_0000346837,1,0.988619,1
D_0000346900,1,0.991472,1
D_0000346942,1,0.120629,0
D_0000347299,0,0.100148,0
D_0000347551,1,0.070792,0
D_0000347677,1,0.115699,0
D_0000348139,1,0.998619,1
D_0000348181,0,0.123499,0
D_0000348328,1,0.999373,1
D_0000348496,1,0.989589,1
D_0000349210,0,0.942153,1
D_0000349231,1,0.992711,1
D_0000350029,0,0.553260,0
D_0000350428,0,0.137026,0
D_0000350449,0,0.441594,0
D_0000350470,1,0.999693,1
D_0000350701,0,0.400633,0
D_0000350995,0,0.088508,0
D_0000351058,1,0.999606,1
D_0000351121,0,0.181631,0
D_0000351499,0,0.403968,0
D_0000352108,1,0.998620,1
D_0000352213,1,0.219317,0
D_0000352444,0,0.114731,0
D_0000352528,1,0.999738,1
D_0000352570,1,0.998578,1
D_0000352864,1,0.999683,1
D_0000352969,0,0.088107,0
D_0000353599,0,0.173935,0
D_0000354166,0,0.075375,0
D_0000354397,1,0.999963,1
D_0000354523,1,0.606514,0
D_0000354565,1,0.998741,1
D_0000354586,1,0.978440,1
D_0000354670,0,0.262404,0
D_0000354712,0,0.122385,0
D_0000355111,0,0.361734,0
D_0000355930,0,0.068450,0
D_0000356077,0,0.078914,0
D_0000356224,1,0.997625,1
D_0000356266,1,0.996850,1
D_0000356308,1,0.997677,1
D_0000356833,0,0.085036,0
D_0000357631,1,0.998562,1
D_0000357694,1,0.999889,1
D_0000358009,0,0.395333,0
D_0000359017,1,0.998666,1
D_0000359815,1,0.998187,1
D_0000359878,0,0.130518,0
D_0000360109,0,0.120373,0
D_0000360172,1,0.999515,1
D_0000360277,1,0.999547,1
D_0000360340,0,0.165215,0
D_0000360991,1,0.997386,1
D_0000361096,1,0.997444,1
D_0000361243,0,0.094356,0
D_0000361537,1,0.999933,1
D_0000361894,0,0.020140,0
D_0000362104,0,0.069365,0
D_0000362839,1,0.975918,1
D_0000363448,0,0.283154,0
D_0000363637,1,0.999826,1
D_0000364330,1,0.999114,1
D_0000365002,0,0.211853,0
D_0000365065,1,0.991612,1
D_0000366535,0,0.187168,0
D_0000367018,1,0.999989,1
D_0000367732,0,0.091918,0
D_0000368488,0,0.053384,0
D_0000369937,1,0.999490,1
D_0000370021,1,0.999613,1
D_0000370168,0,0.059152,0
D_0000370315,0,0.069741,0
D_0000370483,1,0.999492,1
D_0000370504,0,0.081410,0
D_0000371428,0,0.084991,0
D_0000371491,1,0.984531,1
D_0000371575,1,0.998911,1
D_0000371764,1,0.999439,1
D_0000372100,0,0.027832,0
D_0000372289,0,0.073744,0
D_0000372415,0,0.333895,0
D_0000372856,0,0.091894,0
D_0000373339,1,0.999540,1
D_0000373822,1,0.933500,1
D_0000373843,1,0.999929,1
D_0000374746,1,0.999711,1
D_0000375208,0,0.857474,1
D_0000375733,0,0.170303,0
D_0000375754,0,0.280459,0
D_0000376048,1,0.999754,1
D_0000376321,0,0.063540,0
D_0000376531,1,0.991878,1
D_0000376615,1,0.999437,1
D_0000378484,1,0.999040,1
D_0000378589,0,0.063147,0
D_0000378736,0,0.198376,0
D_0000378904,1,0.989955,1
D_0000379156,0,0.374614,0
D_0000379807,1,0.998207,1
D_0000380059,1,0.999235,1
D_0000380101,0,0.152778,0
D_0000380626,1,0.999868,1
D_0000380647,1,0.999651,1
D_0000380752,0,0.055709,0
D_0000380773,1,0.999888,1
D_0000382012,0,0.430571,0
D_0000382327,1,0.999796,1
D_0000382726,0,0.032148,0
D_0000382852,0,0.900816,1
D_0000383377,1,0.998515,1
D_0000383503,1,0.999569,1
D_0000383524,1,0.999649,1
D_0000383692,1,0.992587,1
D_0000383755,0,0.125472,0
D_0000383797,0,0.783965,1
D_0000383944,1,0.999774,1
D_0000383965,0,0.111761,0
D_0000384574,1,0.999966,1
D_0000385141,0,0.056797,0
D_0000386044,0,0.089545,0
D_0000386065,0,0.045896,0
D_0000386191,1,0.999800,1
D_0000386233,1,0.157147,0
D_0000386485,0,0.067965,0
D_0000387031,1,0.992622,1
D_0000387304,1,0.971086,1
D_0000387619,1,0.994169,1
D_0000387766,0,0.157907,0
D_0000387913,0,0.154157,0
D_0000387934,0,0.083369,0
D_0000388018,1,0.990569,1
D_0000388249,1,0.056463,0
D_0000388438,1,0.999399,1
D_0000388669,0,0.521148,0
D_0000388732,1,0.999538,1
D_0000388963,1,0.992301,1
D_0000389152,1,0.100850,0
D_0000389635,1,0.997414,1
D_0000389803,0,0.198129,0
D_0000389845,1,0.965201,1
D_0000389866,0,0.075631,0
D_0000390097,1,0.999908,1
D_0000392617,0,0.245768,0
D_0000393016,0,0.140673,0
D_0000393037,0,0.229727,0
D_0000393163,0,0.134068,0
D_0000393205,1,0.999443,1
D_0000393268,1,0.993223,1
D_0000393373,1,0.994927,1
D_0000393814,0,0.245919,0
D_0000394024,1,0.999300,1
D_0000394444,1,0.997642,1
D_0000394507,0,0.078738,0
D_0000394843,1,0.998236,1
D_0000394948,0,0.117899,0
D_0000395200,1,0.998966,1
D_0000396439,0,0.151849,0
D_0000396649,1,0.999449,1
D_0000396712,1,0.990402,1
D_0000397195,1,0.998696,1
D_0000397237,1,0.999932,1
D_0000397384,1,0.999876,1
D_0000397405,1,0.999322,1
D_0000397510,1,0.997182,1
D_0000397888,0,0.405540,0
D_0000398035,1,0.999611,1
D_0000398245,0,0.218155,0
D_0000398854,1,0.999157,1
D_0000399505,1,0.999946,1
D_0000399526,1,0.983650,1
D_0000399841,0,0.164191,0
D_0000400135,1,0.995391,1
D_0000400576,0,0.054059,0
D_0000401206,0,0.170260,0
D_0000401227,1,0.992130,1
D_0000401353,0,0.123153,0
D_0000402004,1,0.999251,1
D_0000402151,1,0.999728,1
D_0000402193,1,0.999813,1
D_0000402277,1,0.998976,1
D_0000403033,1,0.999137,1
D_0000403054,1,0.111744,0
D_0000403369,0,0.170724,0
D_0000403579,0,0.034761,0
D_0000404272,1,0.999093,1
D_0000404482,1,0.997607,1
D_0000405070,1,0.999665,1
D_0000405238,0,0.589022,0
D_0000405595,1,0.999367,1
D_0000406267,1,0.999677,1
D_0000407359,1,0.998642,1
D_0000407422,1,0.999590,1
D_0000407527,1,0.999247,1
D_0000408178,1,0.998290,1
D_0000408262,0,0.279793,0
D_0000408367,1,0.999530,1
D_0000408703,0,0.029863,0
D_0000409081,0,0.061707,0
D_0000409375,1,0.998174,1
D_0000409585,1,0.990727,1
D_0000410341,1,0.987989,1
D_0000410446,1,0.999812,1
D_0000410656,1,0.999986,1
D_0000411034,1,0.999624,1
D_0000411244,0,0.101939,0
D_0000411391,1,0.999819,1
D_0000411475,1,0.922250,1
D_0000411706,1,0.994572,1
D_0000411790,1,0.999763,1
D_0000411853,0,0.234727,0
D_0000412063,1,0.998215,1
D_0000412294,1,0.139546,0
D_0000412588,0,0.109738,0
D_0000412693,1,0.999581,1
D_0000412819,1,0.993617,1
D_0000412840,0,0.076902,0
D_0000412945,0,0.093210,0
D_0000413008,1,0.999910,1
D_0000413197,1,0.997717,1
D_0000414940,0,0.198569,0
D_0000415024,1,0.126535,0
D_0000415318,1,0.499641,0
D_0000415507,0,0.071212,0
D_0000415570,0,0.062326,0
D_0000415696,0,0.039905,0
D_0000415990,0,0.181082,0
D_0000416011,1,0.998952,1
D_0000416830,1,0.984945,1
D_0000417187,0,0.149896,0
D_0000417439,1,0.990338,1
D_0000417607,1,0.985703,1
D_0000418321,1,0.989772,1
D_0000419686,1,0.999278,1
D_0000420337,1,0.880795,1
D_0000420421,0,0.186617,0
D_0000420610,1,0.999908,1
D_0000421051,0,0.180366,0
D_0000421282,1,0.999842,1
D_0000422416,0,0.051302,0
D_0000422962,1,0.998709,1
D_0000423004,0,0.074718,0
D_0000423046,1,0.999946,1
D_0000423655,0,0.067487,0
D_0000423802,0,0.047400,0
D_0000424012,1,0.999492,1
D_0000424180,0,0.138275,0
D_0000424747,0,0.090288,0
D_0000425125,1,0.999918,1
D_0000425272,0,0.187841,0
D_0000425608,0,0.733723,0
D_0000425713,1,0.999701,1
D_0000425965,1,0.114153,0
D_0000426763,1,0.997878,1
D_0000428317,0,0.108384,0
D_0000428338,0,0.116772,0
D_0000428632,1,0.992893,1
D_0000428842,1,0.997680,1
D_0000428905,1,0.983267,1
D_0000429115,0,0.225101,0
D_0000429199,1,0.999903,1
D_0000429241,1,0.999940,1
D_0000429514,1,0.999694,1
D_0000429535,1,0.999135,1
D_0000429577,1,0.999901,1
D_0000429598,1,0.999309,1
D_0000429934,1,0.999946,1
D_0000430396,0,0.095909,0
D_0000430480,0,0.219972,0
D_0000431425,1,0.993795,1
D_0000431530,1,0.996373,1
D_0000431551,1,0.672424,0
D_0000432013,1,0.999000,1
D_0000432286,1,0.996834,1
D_0000432559,0,0.193927,0
D_0000432895,0,0.128707,0
D_0000433042,1,0.987445,1
D_0000433168,1,0.999627,1
D_0000433357,1,0.999349,1
D_0000433588,1,0.990501,1
D_0000433714,1,0.999786,1
D_0000433798,0,0.077434,0
D_0000434071,1,0.994552,1
D_0000434218,1,0.112355,0
D_0000435268,0,0.045512,0
D_0000435583,1,0.982251,1
D_0000435898,1,0.999850,1
D_0000436129,0,0.474889,0
D_0000436738,1,0.999805,1
D_0000437179,1,0.669886,0
D_0000437242,0,0.068498,0
D_0000437704,0,0.041120,0
D_0000437851,1,0.999286,1
D_0000437893,0,0.288196,0
D_0000437977,0,0.239893,0
D_0000439888,1,0.999714,1
D_0000439909,0,0.185688,0
D_0000440035,1,0.999925,1
D_0000440287,1,0.999216,1
D_0000440476,1,0.999615,1
D_0000441022,1,0.999923,1
D_0000441064,1,0.999486,1
D_0000441085,1,0.995047,1
D_0000441442,0,0.160532,0
D_0000442429,0,0.354235,0
D_0000442492,1,0.999450,1
D_0000442534,0,0.092636,0
D_0000442618,0,0.066950,0
D_0000443101,1,0.996856,1
D_0000443122,1,0.999829,1
D_0000443353,0,0.084019,0
D_0000443542,0,0.109095,0
D_0000443626,1,0.999943,1
D_0000443773,1,0.271346,0
D_0000444130,0,0.160030,0
D_0000444718,1,0.988265,1
D_0000444823,0,0.046785,0
D_0000444928,1,0.999793,1
D_0000444991,1,0.999661,1
D_0000445075,1,0.140892,0
D_0000445474,0,0.107540,0
D_0000445894,1,0.997463,1
D_0000445915,0,0.039361,0
D_0000446503,0,0.078464,0
D_0000446566,1,0.999827,1
D_0000446902,0,0.171008,0
D_0000447196,1,0.991883,1
D_0000447427,0,0.182578,0
D_0000447721,0,0.167261,0
D_0000448078,0,0.250213,0
D_0000449212,1,0.998681,1
D_0000449254,0,0.037156,0
D_0000449611,1,0.997889,1
D_0000449905,1,0.079993,0
D_0000450325,0,0.095165,0
D_0000450997,1,0.995404,1
D_0000451144,0,0.184834,0
D_0000451438,1,0.999843,1
D_0000451606,0,0.246320,0
D_0000451942,1,0.995109,1
D_0000451984,1,0.998926,1
D_0000452194,0,0.147421,0
D_0000452299,1,0.994579,1
D_0000452509,1,0.271132,0
D_0000452740,1,0.999558,1
D_0000453097,0,0.083253,0
D_0000453328,0,0.863961,1
D_0000453349,0,0.308681,0
D_0000453370,1,0.293329,0
D_0000453664,1,0.999283,1
D_0000453979,1,0.092495,0
D_0000454189,1,0.762772,0
D_0000454294,0,0.316604,0
D_0000454420,0,0.189997,0
D_0000454462,1,0.988090,1
D_0000454504,1,0.999173,1
D_0000454756,0,0.086293,0
D_0000454903,0,0.258773,0
D_0000455869,1,0.994847,1
D_0000455890,0,0.676196,0
D_0000456037,0,0.023726,0
D_0000456079,1,0.999129,1
D_0000456163,1,0.067411,0
D_0000456226,1,0.091521,0
D_0000456457,1,0.998095,1
D_0000456688,0,0.110405,0
D_0000456709,0,0.124241,0
D_0000456730,0,0.213231,0
D_0000456940,1,0.992303,1
D_0000457087,0,0.108682,0
D_0000457360,1,0.998933,1
D_0000457696,0,0.037166,0
D_0000457864,1,0.996235,1
D_0000458704,0,0.081401,0
D_0000458767,1,0.999641,1
D_0000458809,1,0.997050,1
D_0000459082,0,0.131350,0
D_0000459376,0,0.054222,0
D_0000459607,1,0.996562,1
D_0000459775,1,0.993533,1
D_0000459859,1,0.995249,1
D_0000460069,0,0.398477,0
D_0000460174,0,0.244405,0
D_0000460216,0,0.077968,0
D_0000460594,0,0.116818,0
D_0000461119,1,0.999424,1
D_0000461434,1,0.997194,1
D_0000462211,1,0.935240,1
D_0000462295,0,0.233190,0
D_0000462316,0,0.083565,0
D_0000462463,0,0.487876,0
D_0000462715,0,0.980033,1
D_0000462925,0,0.077495,0
D_0000462988,0,0.272751,0
D_0000463534,1,0.097476,0
D_0000464479,0,0.028131,0
D_0000464584,1,0.948000,1
D_0000464689,1,0.997114,1
D_0000464815,0,0.067336,0
D_0000465445,0,0.037673,0
D_0000466012,0,0.038086,0
D_0000466264,0,0.055330,0
D_0000466873,0,0.151095,0
D_0000466978,0,0.053585,0
D_0000467734,1,0.984858,1
D_0000468196,1,0.992037,1
D_0000468805,1,0.999735,1
D_0000470044,0,0.226151,0
D_0000470401,1,0.997969,1
D_0000470716,1,0.993461,1
D_0000470926,0,0.123275,0
D_0000471157,1,0.999581,1
D_0000471199,0,0.227940,0
D_0000471367,1,0.999765,1
D_0000471619,1,0.999498,1
D_0000471682,0,0.127786,0
D_0000472207,1,0.992160,1
D_0000472522,1,0.991587,1
D_0000473026,1,0.999279,1
D_0000473824,1,0.065973,0
D_0000473971,0,0.152998,0
D_0000474013,1,0.941511,1
D_0000474265,1,0.999224,1
D_0000474622,1,0.999158,1
D_0000475063,1,0.999547,1
D_0000475126,1,0.997715,1
D_0000475147,1,0.996167,1
D_0000475294,1,0.998118,1
D_0000475336,1,0.999744,1
D_0000475441,1,0.999187,1
D_0000475630,1,0.996480,1
D_0000475819,0,0.052019,0
D_0000475882,0,0.514847,0
D_0000476785,1,0.997194,1
D_0000476869,1,0.999562,1
D_0000477016,0,0.680599,0
D_0000477100,1,0.998365,1
D_0000477457,1,0.176727,0
D_0000477793,0,0.962433,1
D_0000477856,1,0.999193,1
D_0000478402,0,0.256038,0
D_0000478507,0,0.094589,0
D_0000478549,1,0.994825,1
D_0000478612,0,0.966283,1
D_0000478675,1,0.999850,1
D_0000478738,0,0.085868,0
D_0000478822,1,0.999000,1
D_0000478885,0,0.218099,0
D_0000478906,0,0.033834,0
D_0000479011,1,0.991572,1
D_0000479347,1,0.996980,1
D_0000479452,1,0.061911,0
D_0000480019,0,0.152180,0
D_0000480523,1,0.999236,1
D_0000481132,0,0.410077,0
D_0000481468,0,0.193671,0
D_0000481573,1,0.999964,1
D_0000481972,1,0.999175,1
D_0000482287,1,0.999540,1
D_0000482560,1,0.999947,1
D_0000482980,1,0.969207,1
D_0000483001,1,0.999582,1
D_0000483106,0,0.154849,0
D_0000483211,1,0.999016,1
D_0000483274,1,0.999377,1
D_0000483484,1,0.997337,1
D_0000483757,1,0.999962,1
D_0000483799,0,0.296098,0
D_0000484072,0,0.154144,0
D_0000484324,1,0.994489,1
D_0000485311,0,0.178763,0
D_0000485542,1,0.997534,1
D_0000485836,0,0.106932,0
D_0000486277,1,0.257738,0
D_0000486445,1,0.958495,1
D_0000486613,1,0.508507,0
D_0000487033,1,0.999448,1
D_0000487117,1,0.999502,1
D_0000487180,0,0.144567,0
D_0000487495,0,0.228155,0
D_0000487642,1,0.999585,1
D_0000487852,0,0.101817,0
D_0000488356,0,0.191430,0
D_0000488482,1,0.977531,1
D_0000488629,0,0.034104,0
D_0000489028,1,0.991179,1
D_0000489154,1,0.998731,1
D_0000489175,0,0.038460,0
D_0000489763,0,0.097373,0
D_0000489784,1,0.999961,1
D_0000490351,0,0.176477,0
D_0000490435,1,0.999736,1
D_0000490456,0,0.029346,0
D_0000490645,0,0.143855,0
D_0000490687,0,0.166168,0
D_0000490771,0,0.149682,0
D_0000490960,1,0.997274,1
D_0000491170,0,0.125304,0
D_0000491191,0,0.723885,0
D_0000491212,1,0.990831,1
D_0000491485,0,0.069770,0
D_0000491737,1,0.061062,0
D_0000491989,0,0.139743,0
D_0000492178,1,0.999782,1
D_0000492577,0,0.122213,0
D_0000493522,1,0.996596,1
D_0000493627,1,0.990360,1
D_0000493669,0,0.253753,0
D_0000493858,1,0.999987,1
D_0000494068,1,0.997366,1
D_0000494299,1,0.995921,1
D_0000495181,0,0.068323,0
D_0000495286,1,0.999814,1
D_0000495412,1,0.998660,1
D_0000495454,0,0.136625,0
D_0000495874,1,0.262949,0
D_0000495937,1,0.999131,1
D_0000495958,1,0.999887,1
D_0000496315,1,0.991536,1
D_0000496399,0,0.113883,0
D_0000496756,1,0.998787,1
D_0000497512,1,0.174141,0
D_0000497659,0,0.118135,0
D_0000498058,1,0.999939,1
D_0000498205,1,0.992583,1
D_0000498268,1,0.999837,1
D_0000498289,0,0.130456,0
D_0000498310,1,0.597647,0
D_0000498961,1,0.996377,1
D_0000499087,0,0.027074,0
D_0000499276,0,0.210074,0
D_0000499549,0,0.135356,0
D_0000499801,0,0.183944,0
D_0000500179,1,0.989478,1
D_0000500431,1,0.994152,1
D_0000501229,0,0.276234,0
D_0000501586,0,0.178222,0
D_0000501880,1,0.993665,1
D_0000502615,1,0.999693,1
D_0000502657,1,0.999079,1
D_0000503161,0,0.551153,0
D_0000503224,0,0.068503,0
D_0000503560,0,0.127646,0
D_0000503581,0,0.115277,0
D_0000503812,0,0.977577,1
D_0000503896,0,0.207168,0
D_0000504001,0,0.890550,1
D_0000504211,1,0.999636,1
D_0000504421,1,0.996988,1
D_0000504799,1,0.999888,1
D_0000505597,1,0.999897,1
D_0000505996,0,0.085490,0
D_0000506227,0,0.063249,0
D_0000506563,0,0.216321,0
D_0000506794,0,0.051987,0
D_0000507130,1,0.999429,1
D_0000507277,1,0.999399,1
D_0000508054,1,0.999684,1
D_0000508558,0,0.872006,1
D_0000509062,1,0.999963,1
D_0000509083,1,0.991316,1
D_0000509104,1,0.221180,0
D_0000509776,0,0.203032,0
D_0000509797,1,0.994341,1
D_0000510133,0,0.169353,0
D_0000510154,1,0.991147,1
D_0000510175,1,0.111279,0
D_0000510574,1,0.998596,1
D_0000510763,1,0.998190,1
D_0000510910,0,0.134831,0
D_0000511162,0,0.047156,0
D_0000511183,0,0.072623,0
D_0000511393,0,0.581754,0
D_0000511414,0,0.046908,0
D_0000511498,1,0.999817,1
D_0000511708,1,0.999993,1
D_0000512569,1,0.999935,1
D_0000513493,0,0.112733,0
D_0000513913,1,0.983340,1
D_0000514165,0,0.294580,0
D_0000514249,1,0.999381,1
D_0000514291,1,0.999610,1
D_0000514312,1,0.999784,1
D_0000514417,1,0.997598,1
D_0000514669,0,0.420731,0
D_0000514732,1,0.999967,1
D_0000514942,0,0.211300,0
D_0000515068,1,0.998951,1
D_0000515341,1,0.998428,1
D_0000515467,0,0.976026,1
D_0000515572,0,0.028826,0
D_0000515887,1,0.999985,1
D_0000516244,1,0.999735,1
D_0000516685,1,0.998384,1
D_0000516937,1,0.999284,1
D_0000517336,0,0.600847,0
D_0000518071,1,0.191878,0
D_0000518197,0,0.188787,0
D_0000518554,1,0.999721,1
D_0000518638,0,0.072961,0
D_0000519457,0,0.237608,0
D_0000519499,0,0.077141,0
D_0000519625,1,0.999677,1
D_0000519751,1,0.996772,1
D_0000520192,0,0.068422,0
D_0000520507,1,0.999651,1
D_0000520822,1,0.186388,0
D_0000520885,0,0.153891,0
D_0000521557,1,0.993036,1
D_0000521914,0,0.096562,0
D_0000522187,1,0.991523,1
D_0000522250,0,0.943758,1
D_0000522292,0,0.115085,0
D_0000522397,0,0.114724,0
D_0000522628,1,0.998760,1
D_0000522796,0,0.144006,0
D_0000523405,1,0.999918,1
D_0000523426,1,0.998906,1
D_0000523468,1,0.999440,1
D_0000523846,0,0.841424,1
D_0000523972,1,0.999723,1
D_0000524707,1,0.999877,1
D_0000524875,1,0.993924,1
D_0000525652,1,0.998196,1
D_0000525841,0,0.094881,0
D_0000526009,0,0.196659,0
D_0000526135,1,0.999670,1
D_0000526639,0,0.105473,0
D_0000526723,1,0.999843,1
D_0000526744,1,0.999989,1
D_0000526786,1,0.996383,1
D_0000527206,0,0.124916,0
D_0000527647,0,0.193965,0
D_0000527794,0,0.151841,0
D_0000528130,1,0.956406,1
D_0000528235,0,0.062672,0
D_0000529201,0,0.089824,0
D_0000529516,0,0.721359,0
D_0000529621,0,0.929626,1
D_0000529957,1,0.999350,1
D_0000530188,0,0.088312,0
D_0000530209,0,0.085642,0
D_0000530818,0,0.149114,0
D_0000531007,0,0.246265,0
D_0000531196,1,0.995323,1
D_0000531448,1,0.138204,0
D_0000531490,1,0.999964,1
D_0000531532,0,0.133979,0
D_0000532435,0,0.083995,0
D_0000533107,0,0.079886,0
D_0000534178,0,0.429692,0
D_0000534283,0,0.066940,0
D_0000534346,1,0.999438,1
D_0000534409,1,0.211128,0
D_0000534661,0,0.114761,0
D_0000534808,1,0.999837,1
D_0000534997,0,0.277905,0
D_0000535081,1,0.999619,1
D_0000535522,1,0.119670,0
D_0000535585,0,0.167689,0
D_0000535858,0,0.409460,0
D_0000535921,1,0.995035,1
D_0000536089,0,0.190810,0
D_0000536131,1,0.998966,1
D_0000536152,1,0.995721,1
D_0000536236,1,0.999222,1
D_0000536488,0,0.269756,0
D_0000537160,0,0.068073,0
D_0000537412,1,0.998614,1
D_0000537811,1,0.181328,0
D_0000538126,1,0.999480,1
D_0000538294,1,0.990803,1
D_0000538420,1,0.998865,1
D_0000538504,0,0.056100,0
D_0000538546,0,0.183879,0
D_0000538609,1,0.999691,1
D_0000538903,0,0.583539,0
D_0000539218,0,0.143289,0
D_0000539302,0,0.109103,0
D_0000539470,1,0.988017,1
D_0000539512,0,0.064174,0
D_0000539785,0,0.151984,0
D_0000540142,0,0.088904,0
D_0000540415,1,0.989365,1
D_0000540457,0,0.047952,0
D_0000541087,0,0.884510,1
D_0000541696,0,0.036838,0
D_0000541801,1,0.999660,1
D_0000541843,1,0.999805,1
D_0000542158,0,0.126107,0
D_0000542200,1,0.995717,1
D_0000542263,0,0.100490,0
D_0000542347,0,0.068310,0
D_0000542515,0,0.024374,0
D_0000542914,0,0.154897,0
D_0000542956,1,0.990821,1
D_0000543187,1,0.999344,1
D_0000543376,1,0.445483,0
D_0000543712,0,0.162460,0
D_0000544657,1,0.996857,1
D_0000544993,1,0.996114,1
D_0000545560,0,0.067357,0
D_0000545812,1,0.984218,1
D_0000546022,0,0.551522,0
D_0000546085,1,0.999017,1
D_0000546631,1,0.996809,1
D_0000546673,1,0.999676,1
D_0000547114,0,0.052225,0
D_0000547198,1,0.999641,1
D_0000547219,1,0.997079,1
D_0000548059,1,0.988833,1
D_0000548122,0,0.029756,0
D_0000548164,1,0.999937,1
D_0000548269,1,0.212421,0
D_0000548479,1,0.999714,1
D_0000548752,0,0.072882,0
D_0000548878,1,0.998490,1
D_0000549508,0,0.046852,0
D_0000550642,0,0.142233,0
D_0000551041,0,0.166567,0
D_0000551188,0,0.225015,0
D_0000551461,1,0.999971,1
D_0000551797,1,0.974211,1
D_0000552280,0,0.092322,0
D_0000552469,0,0.381984,0
D_0000552868,1,0.924286,1
D_0000553204,1,0.996147,1
D_0000553288,0,0.194256,0
D_0000553582,0,0.054258,0
D_0000553603,1,0.988783,1
D_0000553645,0,0.145661,0
D_0000553771,1,0.999557,1
D_0000553918,1,0.127063,0
D_0000554044,0,0.681257,0
D_0000554233,1,0.993950,1
D_0000554296,1,0.999870,1
D_0000554485,0,0.071004,0
D_0000554674,0,0.415642,0
D_0000555094,1,0.989110,1
D_0000555262,0,0.245867,0
D_0000555430,1,0.999083,1
D_0000555556,1,0.996603,1
D_0000555577,1,0.999637,1
D_0000555724,1,0.999713,1
D_0000556522,1,0.939609,1
D_0000556753,1,0.999976,1
D_0000556984,0,0.567191,0
D_0000557383,1,0.983649,1
D_0000558664,1,0.998832,1
D_0000559168,0,0.079445,0
D_0000559945,1,0.995295,1
D_0000560071,1,0.998483,1
D_0000560281,1,0.999016,1
D_0000560386,0,0.954499,1
D_0000560491,1,0.999332,1
D_0000560743,1,0.998470,1
D_0000561058,0,0.093323,0
D_0000561352,1,0.997331,1
D_0000561562,0,0.945651,1
D_0000561604,0,0.085435,0
D_0000561877,0,0.207521,0
D_0000562297,1,0.998689,1
D_0000562360,1,0.998226,1
D_0000562675,1,0.999820,1
D_0000562906,1,0.998269,1
D_0000563137,0,0.024562,0
D_0000563263,1,0.986322,1
D_0000563284,0,0.207077,0
D_0000563389,1,0.991463,1
D_0000563494,0,0.118547,0
D_0000564418,1,0.999484,1
D_0000564544,1,0.999020,1
D_0000564922,0,0.117514,0
D_0000565279,0,0.120363,0
D_0000565552,0,0.080815,0
D_0000565930,0,0.088403,0
D_0000566287,0,0.369274,0
D_0000566749,1,0.168949,0
D_0000567001,1,0.999989,1
D_0000567211,0,0.271059,0
D_0000567547,1,0.998721,1
D_0000567778,1,0.998913,1
D_0000568135,1,0.998720,1
D_0000568576,0,0.281172,0
D_0000568681,0,0.931473,1
D_0000568891,0,0.193172,0
D_0000568975,1,0.994904,1
D_0000569248,1,0.997105,1
D_0000569731,1,0.999387,1
D_0000570025,1,0.994457,1
D_0000570298,0,0.088394,0
D_0000570718,1,0.993955,1
D_0000571222,0,0.672679,0
D_0000571663,0,0.587266,0
D_0000572566,1,0.999656,1
D_0000572818,0,0.033272,0
D_0000573196,0,0.088308,0
D_0000574498,1,0.998395,1
D_0000574603,1,0.996602,1
D_0000575359,0,0.063771,0
D_0000575527,0,0.510120,0
D_0000575695,1,0.105018,0
D_0000575716,1,0.996282,1
D_0000575863,1,0.999738,1
D_0000576010,0,0.974359,1
D_0000576325,0,0.098145,0
D_0000576787,1,0.990815,1
D_0000576850,1,0.999220,1
D_0000577039,0,0.042084,0
D_0000577123,1,0.122044,0
D_0000577186,0,0.059566,0
D_0000577228,1,0.999056,1
D_0000577648,0,0.206315,0
D_0000578005,0,0.102748,0
D_0000578425,0,0.243203,0
D_0000578950,1,0.999808,1
D_0000579307,1,0.070657,0
D_0000579727,0,0.178219,0
D_0000580252,1,0.999513,1
D_0000580588,0,0.179799,0
D_0000580777,0,0.069502,0
D_0000580840,1,0.998380,1
D_0000581071,0,0.442852,0
D_0000581344,1,0.999823,1
D_0000581386,1,0.999809,1
D_0000581428,1,0.153925,0
D_0000581617,0,0.308111,0
D_0000582331,0,0.752582,0
D_0000582709,1,0.996812,1
D_0000583549,1,0.999952,1
D_0000584326,0,0.045035,0
D_0000584452,1,0.997651,1
D_0000584599,1,0.996943,1
D_0000584788,1,0.997515,1
D_0000585166,1,0.987696,1
D_0000585187,0,0.049190,0
D_0000586006,0,0.185617,0
D_0000586090,1,0.997528,1
D_0000586216,1,0.997124,1
D_0000586258,1,0.999821,1
D_0000586405,0,0.084962,0
D_0000586762,1,0.998799,1
D_0000587455,1,0.993679,1
D_0000588064,0,0.865699,1
D_0000588295,0,0.050433,0
D_0000588526,0,0.483427,0
D_0000589408,0,0.075408,0
D_0000589765,1,0.997923,1
D_0000589807,1,0.999356,1
D_0000590164,0,0.062303,0
D_0000590353,1,0.997307,1
D_0000590416,1,0.994106,1
D_0000591235,1,0.999574,1
D_0000591634,1,0.991939,1
D_0000591886,0,0.061764,0
D_0000592201,1,0.998491,1
D_0000592432,1,0.999834,1
D_0000592495,1,0.999969,1
D_0000592999,1,0.999918,1
D_0000593041,1,0.999197,1
D_0000593335,0,0.150396,0
D_0000593440,1,0.999654,1
D_0000593482,1,0.998122,1
D_0000593755,0,0.139996,0
D_0000593902,0,0.086209,0
D_0000594196,0,0.816138,1
D_0000594217,1,0.999935,1
D_0000594238,0,0.198701,0
D_0000594343,1,0.991904,1
D_0000594763,0,0.142147,0
D_0000595078,0,0.100254,0
D_0000596401,1,0.999989,1
D_0000597031,0,0.106857,0
D_0000598711,0,0.068173,0
D_0000598816,0,0.519119,0
D_0000599152,1,0.965635,1
D_0000599278,1,0.999985,1
D_0000599299,1,0.994440,1
D_0000599467,0,0.138541,0
D_0000599614,0,0.286675,0
D_0000600118,1,0.982058,1
D_0000600769,1,0.986138,1
D_0000600790,1,0.999949,1
D_0000600811,1,0.998803,1
D_0000600874,0,0.030062,0
D_0000600937,1,0.997665,1
D_0000601147,1,0.994670,1
D_0000601294,0,0.126040,0
D_0000601357,1,0.999974,1
D_0000601966,1,0.998941,1
D_0000602155,0,0.075247,0
D_0000602197,0,0.269693,0
D_0000603163,0,0.062860,0
D_0000603331,0,0.068288,0
D_0000603394,1,0.999819,1
D_0000604045,0,0.088094,0
D_0000604213,1,0.061511,0
D_0000604528,1,0.596799,0
D_0000604696,1,0.991421,1
D_0000604780,1,0.999954,1
D_0000605116,0,0.348276,0
D_0000605347,0,0.027397,0
D_0000605389,1,0.999527,1
D_0000605557,0,0.234826,0
D_0000605725,1,0.850871,1
D_0000605872,0,0.208579,0
D_0000606166,1,0.999963,1
D_0000606754,1,0.981718,1
D_0000607468,1,0.977751,1
D_0000607636,1,0.999540,1
D_0000607657,1,0.889425,1
D_0000607783,0,0.722161,0
D_0000608119,0,0.218768,0
D_0000608497,0,0.068633,0
D_0000608539,0,0.193771,0
D_0000609001,1,0.999648,1
D_0000609295,0,0.188721,0
D_0000609568,1,0.076215,0
D_0000609589,1,0.977880,1
D_0000609820,0,0.189939,0
D_0000609925,1,0.997322,1
D_0000610912,0,0.114091,0
D_0000611185,1,0.991214,1
D_0000611458,0,0.082949,0
D_0000611500,1,0.999764,1
D_0000611920,0,0.128069,0
D_0000612739,1,0.973178,1
D_0000613369,1,0.982538,1
D_0000613936,1,0.099063,0
D_0000614041,0,0.055046,0
D_0000614503,0,0.083526,0
D_0000614566,0,0.059517,0
D_0000614650,0,0.083391,0
D_0000614797,0,0.134262,0
D_0000615259,1,0.997556,1
D_0000615742,1,0.997268,1
D_0000616288,1,0.998996,1
D_0000616351,1,0.989336,1
D_0000616540,0,0.439457,0
D_0000616603,0,0.173540,0
D_0000616624,0,0.564794,0
D_0000616918,0,0.043867,0
D_0000617401,0,0.200127,0
D_0000617653,0,0.115115,0
D_0000617905,1,0.991179,1
D_0000618199,1,0.470707,0
D_0000618346,1,0.990791,1
D_0000618619,0,0.103414,0
D_0000619354,1,0.996083,1
D_0000619900,0,0.227925,0
D_0000620131,0,0.041949,0
D_0000620257,0,0.166835,0
D_0000620992,1,0.999380,1
D_0000621034,0,0.198910,0
D_0000621076,0,0.240277,0
D_0000621307,1,0.149485,0
D_0000621664,1,0.992769,1
D_0000622315,1,0.999781,1
D_0000622462,0,0.106459,0
D_0000622840,0,0.066757,0
D_0000622903,0,0.922986,1
D_0000623134,0,0.060207,0
D_0000623302,1,0.999794,1
D_0000623470,0,0.168117,0
D_0000624646,0,0.091071,0
D_0000625402,0,0.378348,0
D_0000625780,0,0.158264,0
D_0000626011,1,0.995009,1
D_0000626200,0,0.873127,1
D_0000626221,1,0.997772,1
D_0000626935,1,0.999912,1
D_0000627418,1,0.995222,1
D_0000627733,0,0.072188,0
D_0000627901,1,0.987461,1
D_0000628132,1,0.999424,1
D_0000628825,1,0.986765,1
D_0000628972,0,0.211990,0
D_0000629203,1,0.995841,1
D_0000629287,0,0.164175,0
D_0000629371,0,0.040149,0
D_0000629665,1,0.999566,1
D_0000630043,1,0.999870,1
D_0000630211,1,0.981367,1
D_0000630316,0,0.557812,0
D_0000630904,1,0.999774,1
D_0000631366,0,0.047287,0
D_0000631576,0,0.064957,0
D_0000631702,1,0.272503,0
D_0000631765,1,0.997394,1
D_0000632626,1,0.993116,1
D_0000633214,0,0.210886,0
D_0000633361,0,0.086979,0
D_0000633676,1,0.999642,1
D_0000633928,0,0.920242,1
D_0000634075,1,0.999174,1
D_0000634138,1,0.293569,0
D_0000634747,0,0.192165,0
D_0000635650,1,0.998591,1
D_0000635881,1,0.992040,1
D_0000635902,0,0.133634,0
D_0000636070,0,0.092900,0
D_0000636364,1,0.999959,1
D_0000636469,0,0.092224,0
D_0000636658,0,0.088829,0
D_0000637771,1,0.999133,1
D_0000638254,1,0.997013,1
D_0000638317,0,0.629586,0
D_0000638359,0,0.263117,0
D_0000639010,1,0.984697,1
D_0000639031,1,0.998360,1
D_0000639535,1,0.997436,1
D_0000640060,0,0.062507,0
D_0000640270,0,0.033033,0
D_0000640501,1,0.997029,1
D_0000640858,0,0.541675,0
D_0000641047,1,0.997724,1
D_0000641425,1,0.999010,1
D_0000641971,1,0.995108,1
D_0000641992,1,0.996617,1
D_0000642244,1,0.168563,0
D_0000642370,1,0.999901,1
D_0000642496,0,0.114597,0
D_0000642643,0,0.944643,1
D_0000643441,0,0.165044,0
D_0000643567,0,0.108655,0
D_0000643924,1,0.999761,1
D_0000644575,1,0.999708,1
D_0000644806,0,0.147496,0
D_0000644995,1,0.996775,1
D_0000645163,0,0.102534,0
D_0000645625,1,0.998639,1
D_0000646318,0,0.124465,0
D_0000646507,0,0.142743,0
D_0000646591,1,0.999708,1
D_0000646675,0,0.151472,0
D_0000647011,0,0.046015,0
D_0000647347,1,0.142027,0
D_0000648124,1,0.996616,1
D_0000648145,1,0.994435,1
D_0000648292,0,0.243905,0
D_0000648418,0,0.144457,0
D_0000648523,1,0.998828,1
D_0000648775,1,0.119859,0
D_0000648817,0,0.037475,0
D_0000648838,1,0.983216,1
D_0000649258,0,0.076152,0
D_0000649762,1,0.991784,1
D_0000650497,1,0.999589,1
D_0000650665,0,0.127555,0
D_0000650728,1,0.997644,1
D_0000651862,0,0.161045,0
D_0000652408,0,0.520703,0
D_0000652555,0,0.154030,0
D_0000653269,1,0.162324,0
D_0000653479,0,0.104198,0
D_0000653689,1,0.993982,1
D_0000653752,1,0.999077,1
D_0000653962,0,0.083805,0
D_0000655033,1,0.999588,1
D_0000655117,0,0.797429,1
D_0000655201,0,0.802633,1
D_0000656461,0,0.045159,0
D_0000656776,0,0.070226,0
D_0000657049,1,0.992952,1
D_0000657238,0,0.059079,0
D_0000657322,1,0.106712,0
D_0000657448,0,0.905050,1
D_0000657952,1,0.999603,1
D_0000658204,0,0.155951,0
D_0000658435,0,0.163545,0
D_0000658477,0,0.058291,0
D_0000658771,0,0.033024,0
D_0000659086,0,0.071051,0
D_0000659107,0,0.007940,0
D_0000659191,1,0.998914,1
D_0000659338,1,0.998827,1
D_0000659800,0,0.194656,0
D_0000659842,1,0.999726,1
D_0000660094,0,0.064262,0
D_0000660178,1,0.999624,1
D_0000660346,1,0.999828,1
D_0000660535,1,0.999514,1
D_0000660787,0,0.990814,1
D_0000660871,1,0.999228,1
D_0000660913,1,0.991353,1
D_0000660997,1,0.999751,1
D_0000661081,0,0.177122,0
D_0000661564,0,0.104558,0
D_0000661711,0,0.044928,0
D_0000661795,1,0.996784,1
D_0000662425,0,0.653845,0
D_0000662719,0,0.539367,0
D_0000662761,0,0.105254,0
D_0000662782,0,0.180293,0
D_0000662887,1,0.998529,1
D_0000662950,0,0.059660,0
D_0000663622,0,0.095871,0
D_0000663937,0,0.037035,0
D_0000664210,0,0.147632,0
D_0000664903,1,0.999929,1
D_0000665092,0,0.041436,0
D_0000665470,1,0.999952,1
D_0000665680,1,0.169466,0
D_0000666016,1,0.999447,1
D_0000666457,1,0.965132,1
D_0000666604,1,0.997965,1
D_0000667276,1,0.992818,1
D_0000667570,0,0.153284,0
D_0000667864,0,0.080889,0
D_0000668347,0,0.075988,0
D_0000668368,1,0.188708,0
D_0000668746,0,0.038618,0
D_0000668788,1,0.998909,1
D_0000668851,0,0.885153,1
D_0000669145,1,0.999540,1
D_0000669334,1,0.999605,1
D_0000669817,0,0.555315,0
D_0000670006,0,0.273601,0
D_0000670027,0,0.206311,0
D_0000670174,1,0.994621,1
D_0000670783,0,0.161695,0
D_0000670825,1,0.191217,0
D_0000671959,1,0.485784,0
D_0000673366,1,0.975331,1
D_0000673429,1,0.933295,1
D_0000673555,1,0.999113,1
D_0000674101,0,0.060126,0
D_0000674416,0,0.032130,0
D_0000674458,0,0.281485,0
D_0000674983,1,0.999976,1
D_0000675109,1,0.389710,0
D_0000675277,1,0.998581,1
D_0000675928,0,0.053423,0
D_0000676201,1,0.101275,0
D_0000676264,1,0.987500,1
D_0000676747,0,0.936225,1
D_0000677209,0,0.090992,0
D_0000677230,0,0.102745,0
D_0000677398,0,0.203526,0
D_0000677629,1,0.995656,1
D_0000677860,1,0.999924,1
D_0000677944,0,0.075318,0
D_0000678028,0,0.049478,0
D_0000678091,1,0.999700,1
D_0000678217,1,0.999634,1
D_0000678322,1,0.999793,1
D_0000678511,1,0.981059,1
D_0000679687,0,0.989359,1
D_0000679897,0,0.391832,0
D_0000679918,1,0.998797,1
D_0000680401,1,0.999544,1
D_0000680527,0,0.133887,0
D_0000681367,0,0.790540,1
D_0000681472,0,0.079666,0
D_0000681619,0,0.127952,0
D_0000682312,0,0.059013,0
D_0000682417,1,0.999545,1
D_0000682774,1,0.237542,0
D_0000682879,1,0.999136,1
D_0000682942,0,0.632374,0
D_0000683467,1,0.109864,0
D_0000683635,0,0.503020,0
D_0000683950,1,0.999794,1
D_0000684181,0,0.983035,1
D_0000685126,0,0.106662,0
D_0000685252,0,0.168662,0
D_0000685357,0,0.080753,0
D_0000685672,1,0.999874,1
D_0000685693,0,0.075956,0
D_0000686071,1,0.988673,1
D_0000686155,0,0.112394,0
D_0000686386,0,0.969670,1
D_0000687037,0,0.032854,0
D_0000687268,0,0.452985,0
D_0000687940,1,0.999946,1
D_0000687961,1,0.997147,1
D_0000688066,0,0.157756,0
D_0000688108,1,0.999096,1
D_0000688129,1,0.033713,0
D_0000688402,0,0.116433,0
D_0000688759,0,0.313069,0
D_0000689284,0,0.073607,0
D_0000689683,1,0.998510,1
D_0000690145,1,0.221206,0
D_0000690208,0,0.059390,0
D_0000690439,0,0.040088,0
D_0000690880,1,0.999040,1
D_0000691279,0,0.147532,0
D_0000691636,1,0.999952,1
D_0000691783,0,0.079911,0
D_0000692035,0,0.375380,0
D_0000692119,0,0.155794,0
D_0000692392,1,0.999500,1
D_0000692644,1,0.999382,1
D_0000692875,0,0.156183,0
D_0000693337,1,0.998792,1
D_0000693358,0,0.190760,0
D_0000693463,1,0.999311,1
D_0000693799,0,0.155176,0
D_0000694114,1,0.991683,1
D_0000694219,0,0.075168,0
D_0000694282,1,0.994073,1
D_0000694366,1,0.998729,1
D_0000694702,1,0.996107,1
D_0000694870,1,0.992451,1
D_0000694954,1,0.998955,1
D_0000695353,1,0.997180,1
D_0000696067,1,0.999540,1
D_0000696088,0,0.064620,0
D_0000696613,0,0.209913,0
D_0000696886,0,0.528215,0
D_0000697159,0,0.675855,0
D_0000697180,0,0.337699,0
D_0000697768,1,0.999914,1
D_0000697831,1,0.999897,1
D_0000698398,1,0.990047,1
D_0000698461,1,0.995430,1
D_0000698566,1,0.999973,1
D_0000698629,0,0.042666,0
D_0000698923,1,0.997629,1
D_0000699154,1,0.999675,1
D_0000699343,0,0.277829,0
D_0000699532,1,0.999952,1
D_0000699805,1,0.975061,1
D_0000699931,1,0.999976,1
D_0000699973,0,0.084362,0
D_0000700078,0,0.173182,0
D_0000700204,1,0.997105,1
D_0000700351,0,0.110945,0
D_0000700624,1,0.996599,1
D_0000700666,0,0.103184,0
D_0000700708,1,0.999811,1
D_0000701107,0,0.177329,0
D_0000701149,1,0.992574,1
D_0000701170,0,0.135278,0
D_0000701401,1,0.207104,0
D_0000701485,0,0.076681,0
D_0000701716,1,0.990361,1
D_0000701884,1,0.934005,1
D_0000702052,0,0.404640,0
D_0000702472,0,0.141940,0
D_0000702661,1,0.993423,1
D_0000703081,0,0.653274,0
D_0000703102,0,0.096817,0
D_0000703186,0,0.232883,0
D_0000703921,1,0.999714,1
D_0000704005,1,0.999586,1
D_0000704278,1,0.999750,1
D_0000704446,1,0.999914,1
D_0000704467,1,0.997547,1
D_0000704677,1,0.959828,1
D_0000704803,1,0.986388,1
D_0000705475,0,0.074709,0
D_0000705664,0,0.148840,0
D_0000705895,0,0.160847,0
D_0000706168,0,0.170187,0
D_0000706315,1,0.996852,1
D_0000706441,0,0.154019,0
D_0000706924,0,0.090698,0
D_0000707029,0,0.153932,0
D_0000707050,1,0.993326,1
D_0000707407,1,0.999484,1
D_0000707869,1,0.990707,1
D_0000707911,0,0.038623,0
D_0000708184,1,0.990856,1
D_0000708688,0,0.141425,0
D_0000708709,0,0.206854,0
D_0000709255,1,0.992244,1
D_0000709612,0,0.191169,0
D_0000709864,0,0.065294,0
D_0000709948,0,0.189771,0
D_0000710011,0,0.195390,0
D_0000710599,0,0.243639,0
D_0000710704,1,0.120428,0
D_0000711061,1,0.991341,1
D_0000711103,0,0.060325,0
D_0000712111,0,0.425447,0
D_0000712237,0,0.428368,0
D_0000712363,0,0.318890,0
D_0000712531,0,0.649083,0
D_0000713287,0,0.264070,0
D_0000713350,1,0.078826,0
D_0000714001,1,0.999218,1
D_0000714799,1,0.999959,1
D_0000715177,1,0.999984,1
D_0000715219,0,0.969721,1
D_0000715387,0,0.091250,0
D_0000715492,0,0.121186,0
D_0000715702,0,0.232450,0
D_0000715765,1,0.999583,1
D_0000715996,1,0.996389,1
D_0000716143,0,0.065560,0
D_0000716416,0,0.169985,0
D_0000717004,0,0.110134,0
D_0000717046,0,0.040802,0
D_0000717109,0,0.174018,0
D_0000717487,0,0.148673,0
D_0000717676,1,0.063152,0
D_0000718159,1,0.992561,1
D_0000718327,1,0.977933,1
D_0000718390,0,0.058527,0
D_0000718516,1,0.999782,1
D_0000718621,1,0.999828,1
D_0000719020,1,0.998197,1
D_0000719650,1,0.993041,1
D_0000719692,1,0.686349,0
D_0000720679,0,0.118982,0
D_0000720847,0,0.126973,0
D_0000720952,0,0.243984,0
D_0000721162,0,0.106215,0
D_0000722611,0,0.135181,0
D_0000722779,0,0.363964,0
D_0000723073,1,0.998619,1
D_0000723724,1,0.999710,1
D_0000723766,1,0.998962,1
D_0000723829,1,0.998420,1
D_0000723892,1,0.997064,1
D_0000724060,0,0.089855,0
D_0000724102,0,0.103113,0
D_0000724333,0,0.054656,0
D_0000724375,0,0.098917,0
D_0000724438,0,0.189263,0
D_0000724879,1,0.996800,1
D_0000726433,0,0.434577,0
D_0000726622,0,0.021558,0
D_0000726979,0,0.141775,0
D_0000727147,1,0.998960,1
D_0000727189,0,0.138629,0
D_0000727399,1,0.847017,1
D_0000727420,1,0.993600,1
D_0000727525,1,0.999528,1
D_0000727798,1,0.999724,1
D_0000728512,1,0.998164,1
D_0000728617,1,0.998928,1
D_0000728722,0,0.471816,0
D_0000729163,1,0.998630,1
D_0000729772,0,0.074667,0
D_0000729856,0,0.196360,0
D_0000729982,0,0.330367,0
D_0000730297,1,0.985757,1
D_0000730444,1,0.999004,1
D_0000731053,0,0.113743,0
D_0000731158,1,0.999193,1
D_0000732040,1,0.994862,1
D_0000732502,0,0.074000,0
D_0000732628,0,0.091490,0
D_0000732691,0,0.307132,0
D_0000733048,1,0.175751,0
D_0000733510,0,0.137421,0
D_0000733699,1,0.241954,0
D_0000734476,1,0.226845,0
D_0000734812,1,0.998554,1
D_0000734875,1,0.999645,1
D_0000735232,1,0.999978,1
D_0000735568,1,0.999916,1
D_0000735925,1,0.995582,1
D_0000736177,0,0.938302,1
D_0000736240,1,0.995791,1
D_0000736450,0,0.109836,0
D_0000736681,1,0.990889,1
D_0000736912,0,0.050528,0
D_0000736975,1,0.999460,1
D_0000737269,0,0.535263,0
D_0000737626,0,0.087602,0
D_0000737857,0,0.188139,0
D_0000737962,1,0.999947,1
D_0000738088,0,0.109922,0
D_0000738109,1,0.997442,1
D_0000738256,0,0.625819,0
D_0000739726,0,0.717367,0
D_0000739789,1,0.999584,1
D_0000739894,1,0.999519,1
D_0000740020,1,0.999995,1
D_0000740041,0,0.055374,0
D_0000741007,1,0.999701,1
D_0000741154,0,0.943413,1
D_0000742225,1,0.993853,1
D_0000742309,1,0.993226,1
D_0000742708,1,0.976955,1
D_0000742771,0,0.050817,0
D_0000742855,1,0.990740,1
D_0000744052,1,0.999950,1
D_0000744304,0,0.349785,0
D_0000744724,1,0.111526,0
D_0000744745,1,0.999393,1
D_0000744934,1,0.199460,0
D_0000744955,1,0.999518,1
D_0000744976,1,0.999904,1
D_0000745186,1,0.995944,1
D_0000745459,0,0.165421,0
D_0000745879,1,0.998403,1
D_0000745963,1,0.999756,1
D_0000746173,1,0.996179,1
D_0000746341,1,0.999049,1
D_0000746530,0,0.118629,0
D_0000747034,1,0.999895,1
D_0000747055,1,0.999897,1
D_0000747160,0,0.764304,0
D_0000747244,1,0.999255,1
D_0000747622,0,0.066827,0
D_0000747727,1,0.998785,1
D_0000747937,1,0.999985,1
D_0000749260,0,0.118096,0
D_0000749386,1,0.997222,1
D_0000749680,0,0.104051,0
D_0000749827,0,0.047027,0
D_0000750373,1,0.205598,0
D_0000751213,1,0.993918,1
D_0000751570,1,0.997995,1
D_0000751801,1,0.999164,1
D_0000751969,1,0.994284,1
D_0000752368,1,0.998934,1
D_0000752599,1,0.997070,1
D_0000752746,1,0.979326,1
D_0000752767,1,0.999674,1
D_0000753124,0,0.403125,0
D_0000753292,1,0.999245,1
D_0000753397,1,0.210830,0
D_0000753691,0,0.075103,0
D_0000753964,0,0.061398,0
D_0000754300,0,0.054724,0
D_0000754552,1,0.330561,0
D_0000754678,1,0.999107,1
D_0000754783,0,0.088794,0
D_0000754909,0,0.159520,0
D_0000755245,1,0.995079,1
D_0000755560,1,0.996067,1
D_0000755854,1,0.999899,1
D_0000755938,0,0.177602,0
D_0000755980,0,0.340437,0
D_0000756337,1,0.995479,1
D_0000756799,0,0.157288,0
D_0000757198,0,0.173832,0
D_0000757576,1,0.999872,1
D_0000758248,0,0.092686,0
D_0000758290,1,0.992193,1
D_0000758479,1,0.997767,1
D_0000758626,1,0.994642,1
D_0000758647,1,0.999119,1
D_0000758815,1,0.999676,1
D_0000758857,1,0.992649,1
D_0000759193,0,0.142610,0
D_0000759781,1,0.998398,1
D_0000760075,1,0.996852,1
D_0000760348,1,0.997977,1
D_0000760516,1,0.999716,1
D_0000760600,1,0.999851,1
D_0000761398,1,0.028284,0
D_0000761545,1,0.999869,1
D_0000761923,0,0.038020,0
D_0000762532,0,0.080691,0
D_0000762994,0,0.680580,0
D_0000763351,0,0.232022,0
D_0000763750,1,0.999437,1
D_0000764002,0,0.185818,0
D_0000764107,1,0.999793,1
D_0000764149,1,0.056749,0
D_0000764485,1,0.988334,1
D_0000765094,1,0.067146,0
D_0000765178,0,0.120304,0
D_0000765556,1,0.999852,1
D_0000765682,1,0.991032,1
D_0000765934,0,0.038997,0
D_0000765997,1,0.999832,1
D_0000766123,1,0.999007,1
D_0000766312,1,0.998131,1
D_0000766396,1,0.998667,1
D_0000766711,1,0.998300,1
D_0000766753,1,0.999186,1
D_0000767320,1,0.999084,1
D_0000767677,1,0.074837,0
D_0000767782,1,0.095126,0
D_0000767908,1,0.997277,1
D_0000768034,0,0.079055,0
D_0000768370,1,0.098810,0
D_0000768559,1,0.999969,1
D_0000768622,0,0.104733,0
D_0000768916,1,0.999261,1
D_0000768937,1,0.999128,1
D_0000768979,1,0.990937,1
D_0000769357,0,0.564217,0
D_0000769441,1,0.848580,1
D_0000769525,0,0.296570,0
D_0000769798,0,0.225746,0
D_0000770071,1,0.274100,0
D_0000770260,0,0.651210,0
D_0000770386,1,0.999639,1
D_0000770680,1,0.999961,1
D_0000770764,1,0.999487,1
D_0000770932,0,0.152782,0
D_0000771562,1,0.999664,1
D_0000771709,1,0.983795,1
D_0000771814,0,0.098848,0
D_0000771982,1,0.999668,1
D_0000772360,0,0.081392,0
D_0000772780,0,0.045568,0
D_0000772822,0,0.945900,1
D_0000772948,1,0.999929,1
D_0000773389,1,0.996178,1
D_0000773410,0,0.106383,0
D_0000773746,0,0.853803,1
D_0000774166,0,0.146347,0
D_0000774229,1,0.878318,1
D_0000774271,1,0.043837,0
D_0000774334,1,0.998747,1
D_0000774565,1,0.999456,1
D_0000774712,0,0.104637,0
D_0000774985,1,0.999750,1
D_0000775300,1,0.979999,1
D_0000775573,1,0.987699,1
D_0000775615,1,0.999077,1
D_0000775762,0,0.121311,0
D_0000775951,1,0.999692,1
D_0000776266,0,0.021266,0
D_0000777232,0,0.111479,0
D_0000777337,1,0.995333,1
D_0000777442,0,0.124800,0
D_0000777673,0,0.119771,0
D_0000777799,1,0.999542,1
D_0000778093,1,0.994170,1
D_0000779185,1,0.999702,1
D_0000779479,1,0.998176,1
D_0000779647,1,0.231596,0
D_0000779752,1,0.999981,1
D_0000779836,0,0.434266,0
D_0000779941,1,0.999569,1
D_0000780046,0,0.872333,1
D_0000780802,0,0.439112,0
D_0000780970,1,0.999648,1
D_0000781642,1,0.996106,1
D_0000782209,0,0.093608,0
D_0000782419,1,0.996904,1
D_0000782545,0,0.882615,1
D_0000782860,0,0.110575,0
D_0000783133,1,0.999840,1
D_0000783679,0,0.135372,0
D_0000783721,0,0.199871,0
D_0000783742,0,0.141111,0
D_0000783931,1,0.194320,0
D_0000784162,1,0.290441,0
D_0000784393,0,0.235824,0
D_0000785023,0,0.531076,0
D_0000785254,0,0.103792,0
D_0000785821,1,0.999236,1
D_0000785968,1,0.999835,1
D_0000786451,1,0.060679,0
D_0000786493,0,0.094435,0
D_0000787249,1,0.990843,1
D_0000787564,0,0.261912,0
D_0000788026,1,0.999716,1
D_0000788362,1,0.422188,0
D_0000789370,1,0.974431,1
D_0000789538,1,0.999789,1
D_0000790021,1,0.124857,0
D_0000790630,0,0.131648,0
D_0000790840,0,0.049607,0
D_0000791071,1,0.996410,1
D_0000791533,0,0.082358,0
D_0000791575,1,0.999864,1
D_0000791785,1,0.999963,1
D_0000792100,1,0.994662,1
D_0000792142,1,0.997979,1
D_0000792184,1,0.999972,1
D_0000792751,1,0.999612,1
D_0000793066,1,0.999180,1
D_0000793129,0,0.247642,0
D_0000793150,1,0.709100,0
D_0000793234,0,0.359573,0
D_0000793570,0,0.053969,0
D_0000794242,0,0.014510,0
D_0000794431,0,0.256491,0
D_0000794494,0,0.149770,0
D_0000794557,1,0.961153,1
D_0000794704,1,0.993196,1
D_0000794725,0,0.101141,0
D_0000794746,1,0.999967,1
D_0000794956,1,0.999512,1
D_0000794998,1,0.998942,1
D_0000795229,1,0.508863,0
D_0000795481,1,0.999104,1
D_0000796132,1,0.988744,1
D_0000796216,1,0.999540,1
D_0000796300,0,0.107824,0
D_0000796321,0,0.107615,0
D_0000796552,1,0.998599,1
D_0000796993,1,0.991067,1
D_0000797623,1,0.999727,1
D_0000797854,0,0.094081,0
D_0000797980,0,0.833445,1
D_0000798547,0,0.161618,0
D_0000798904,1,0.998851,1
D_0000798925,0,0.441470,0
D_0000799114,0,0.811703,1
D_0000799261,0,0.207389,0
D_0000799303,1,0.999451,1
D_0000799597,0,0.685068,0
D_0000799765,1,0.984717,1
D_0000799786,0,0.093589,0
D_0000800311,1,0.999882,1
D_0000800437,1,0.991087,1
D_0000800584,1,0.998406,1
D_0000800689,1,0.998993,1
D_0000800815,1,0.073412,0
D_0000800941,1,0.998369,1
D_0000801256,1,0.104326,0
D_0000801424,0,0.053630,0
D_0000801865,0,0.022206,0
D_0000802684,1,0.999803,1
D_0000803146,1,0.992639,1
D_0000803335,1,0.641042,0
D_0000803671,1,0.999629,1
D_0000803818,1,0.999162,1
D_0000804070,0,0.305064,0
D_0000804259,0,0.859189,1
D_0000804406,0,0.137542,0
D_0000804469,0,0.092825,0
D_0000804574,0,0.068450,0
D_0000804616,1,0.999852,1
D_0000804847,1,0.991007,1
D_0000804889,1,0.999982,1
D_0000805351,1,0.958898,1
D_0000805645,1,0.993426,1
D_0000805666,1,0.998645,1
D_0000805897,0,0.727450,0
D_0000806044,1,0.997648,1
D_0000806191,1,0.986554,1
D_0000806296,0,0.075195,0
D_0000806401,0,0.136009,0
D_0000806779,1,0.996845,1
D_0000806989,0,0.061658,0
D_0000807136,1,0.999404,1
D_0000807346,1,0.994561,1
D_0000807388,1,0.999801,1
D_0000807430,0,0.085898,0
D_0000807472,1,0.126230,0
D_0000807493,1,0.989287,1
D_0000807598,0,0.364243,0
D_0000807661,1,0.999801,1
D_0000807892,1,0.998573,1
D_0000808039,1,0.995464,1
D_0000808312,0,0.048047,0
D_0000808522,0,0.047021,0
D_0000808816,1,0.991559,1
D_0000808921,1,0.996205,1
D_0000809173,0,0.072924,0
D_0000809425,1,0.998447,1
D_0000809719,1,0.999973,1
D_0000809803,0,0.034858,0
D_0000810370,1,0.998042,1
D_0000810559,0,0.105750,0
D_0000810727,0,0.014602,0
D_0000810979,1,0.996990,1
D_0000811000,1,0.997309,1
D_0000811042,0,0.082788,0
D_0000811105,1,0.999514,1
D_0000811252,0,0.108478,0
D_0000811504,1,0.957728,1
D_0000811567,0,0.217996,0
D_0000811588,0,0.566766,0
D_0000811714,0,0.025308,0
D_0000812134,1,0.887576,1
D_0000812806,0,0.158644,0
D_0000812974,1,0.999786,1
D_0000813121,1,0.999995,1
D_0000813436,1,0.999678,1
D_0000813709,1,0.984789,1
D_0000814108,0,0.723588,0
D_0000814444,1,0.998820,1
D_0000814591,0,0.068804,0
D_0000814927,1,0.999765,1
D_0000815011,1,0.996255,1
D_0000815158,0,0.118205,0
D_0000815326,0,0.047765,0
D_0000815578,0,0.135544,0
D_0000815662,0,0.252349,0
D_0000815809,1,0.996233,1
D_0000816040,1,0.999955,1
D_0000816418,1,0.999091,1
D_0000816775,0,0.043346,0
D_0000816859,1,0.998360,1
D_0000817069,1,0.999370,1
D_0000817237,0,0.261655,0
D_0000818035,1,0.056254,0
D_0000818077,0,0.100825,0
D_0000818245,0,0.414881,0
D_0000818350,1,0.999919,1
D_0000819169,1,0.999352,1
D_0000819211,1,0.999588,1
D_0000819316,0,0.052898,0
D_0000819358,0,0.132275,0
D_0000819631,1,0.999741,1
D_0000820093,0,0.417316,0
D_0000820114,0,0.728182,0
D_0000821017,1,0.149807,0
D_0000821227,1,0.987391,1
D_0000821479,0,0.244702,0
D_0000821920,1,0.999487,1
D_0000821941,0,0.219924,0
D_0000822067,0,0.915821,1
D_0000822361,1,0.988057,1
D_0000822382,0,0.037126,0
D_0000822508,1,0.996230,1
D_0000823264,0,0.295434,0
D_0000823579,1,0.998686,1
D_0000823894,0,0.777772,1
D_0000824020,1,0.999192,1
D_0000824209,1,0.999760,1
D_0000824272,1,0.996809,1
D_0000824293,0,0.975272,1
D_0000824335,0,0.062256,0
D_0000824482,1,0.992581,1
D_0000825553,1,0.986587,1
D_0000825826,0,0.073177,0
D_0000826078,1,0.993391,1
D_0000826309,1,0.999091,1
D_0000827380,0,0.182445,0
D_0000827905,0,0.133218,0
D_0000828262,0,0.152056,0
D_0000828703,1,0.999574,1
D_0000828808,1,0.997593,1
D_0000828850,1,0.999577,1
D_0000829312,1,0.376253,0
D_0000829438,0,0.141849,0
D_0000829732,1,0.998449,1
D_0000829879,0,0.115443,0
D_0000830362,0,0.240652,0
D_0000830467,0,0.807358,1
D_0000830635,1,0.987293,1
D_0000830929,1,0.999332,1
D_0000830950,0,0.113814,0
D_0000831160,0,0.876619,1
D_0000831286,1,0.998113,1
D_0000831328,0,0.245652,0
D_0000831370,1,0.996864,1
D_0000831412,0,0.109662,0
D_0000831538,1,0.999951,1
D_0000832000,1,0.999473,1
D_0000832084,1,0.999457,1
D_0000832189,1,0.999863,1
D_0000833092,0,0.469641,0
D_0000833365,1,0.999937,1
D_0000833911,1,0.999669,1
D_0000834037,0,0.624622,0
D_0000834100,1,0.986069,1
D_0000834121,0,0.053585,0
D_0000834835,0,0.132384,0
D_0000835108,1,0.103888,0
D_0000835381,1,0.062709,0
D_0000835885,0,0.127351,0
D_0000835906,1,0.990351,1
D_0000836221,1,0.996883,1
D_0000836662,1,0.150296,0
D_0000836704,0,0.057692,0
D_0000836830,0,0.034170,0
D_0000837229,1,0.999126,1
D_0000837460,1,0.041152,0
D_0000837502,0,0.062178,0
D_0000837649,1,0.997019,1
D_0000837670,0,0.093014,0
D_0000837691,0,0.081746,0
D_0000838069,0,0.269964,0
D_0000838174,1,0.999368,1
D_0000839119,1,0.992169,1
D_0000839266,1,0.999697,1
D_0000839371,1,0.996770,1
D_0000839413,1,0.999324,1
D_0000839476,1,0.999677,1
D_0000840526,0,0.050608,0
D_0000840589,0,0.154518,0
D_0000840778,0,0.041579,0
D_0000841009,1,0.993362,1
D_0000841051,0,0.144785,0
D_0000841240,0,0.024968,0
D_0000841660,1,0.999988,1
D_0000841723,0,0.262491,0
D_0000842731,0,0.110756,0
D_0000843277,1,0.999468,1
D_0000843382,1,0.994069,1
D_0000843466,0,0.942180,1
D_0000844474,1,0.999489,1
D_0000844600,0,0.089727,0
D_0000844663,1,0.999339,1
D_0000844789,1,0.999872,1
D_0000844852,1,0.993522,1
D_0000844873,1,0.998540,1
D_0000844957,0,0.120659,0
D_0000845188,0,0.269507,0
D_0000845356,1,0.065910,0
D_0000845482,1,0.999956,1
D_0000845629,0,0.146773,0
D_0000845902,1,0.993433,1
D_0000846322,0,0.092448,0
D_0000846595,1,0.994692,1
D_0000846721,1,0.999907,1
D_0000846910,1,0.999728,1
D_0000847729,1,0.982897,1
D_0000848065,0,0.084889,0
D_0000848401,0,0.980690,1
D_0000848485,1,0.994403,1
D_0000848674,1,0.999444,1
D_0000848779,1,0.999360,1
D_0000849178,0,0.114057,0
D_0000849283,0,0.100236,0
D_0000849640,0,0.143516,0
D_0000850249,1,0.999933,1
D_0000850984,0,0.203135,0
D_0000851173,0,0.714015,0
D_0000851740,1,0.998108,1
D_0000852202,0,0.065411,0
D_0000852391,0,0.053353,0
D_0000852454,0,0.042744,0
D_0000852832,0,0.119162,0
D_0000852853,1,0.998462,1
D_0000852979,0,0.087347,0
D_0000853021,0,0.081536,0
D_0000853378,0,0.983488,1
D_0000853483,1,0.999752,1
D_0000853504,1,0.998377,1
D_0000853567,1,0.999126,1
D_0000854008,1,0.975227,1
D_0000854197,1,0.998615,1
D_0000854344,1,0.999339,1
D_0000854428,0,0.127227,0
D_0000854827,1,0.999933,1
D_0000854869,1,0.993040,1
D_0000855352,0,0.132643,0
D_0000855625,0,0.063468,0
D_0000855898,0,0.831454,1
D_0000855919,1,0.999429,1
D_0000856003,1,0.998329,1
D_0000856255,0,0.151524,0
D_0000856402,1,0.188473,0
D_0000856549,1,0.999497,1
D_0000856717,1,0.998353,1
D_0000856738,1,0.991959,1
D_0000857431,0,0.035889,0
D_0000858019,0,0.924253,1
D_0000858922,0,0.088271,0
D_0000859279,1,0.953284,1
D_0000859531,0,0.668664,0
D_0000859993,1,0.958733,1
D_0000860014,1,0.994557,1
D_0000860791,1,0.259634,0
D_0000860833,0,0.104848,0
D_0000861274,1,0.998209,1
D_0000861883,0,0.715139,0
D_0000862198,1,0.999410,1
D_0000862261,0,0.670259,0
D_0000862492,0,0.189951,0
D_0000862933,0,0.231031,0
D_0000862954,0,0.942021,1
D_0000863290,0,0.097639,0
D_0000863605,0,0.085488,0
D_0000864088,1,0.997695,1
D_0000864193,0,0.095961,0
D_0000864214,0,0.902468,1
D_0000864466,1,0.999889,1
D_0000864529,1,0.999507,1
D_0000864865,0,0.137135,0
D_0000865243,1,0.999719,1
D_0000865936,1,0.999963,1
D_0000866461,1,0.999854,1
D_0000866545,0,0.100276,0
D_0000866734,0,0.183957,0
D_0000866923,0,0.066173,0
D_0000867028,1,0.997307,1
D_0000867385,1,0.997661,1
D_0000867574,1,0.996947,1
D_0000867847,1,0.987313,1
D_0000867931,1,0.972441,1
D_0000868141,0,0.274307,0
D_0000868351,0,0.087698,0
D_0000868582,1,0.988306,1
D_0000868645,1,0.999419,1
D_0000868855,1,0.997414,1
D_0000869191,0,0.142546,0
D_0000869611,1,0.999915,1
D_0000869800,1,0.994808,1
D_0000869926,0,0.143030,0
D_0000870010,0,0.300826,0
D_0000870031,0,0.252774,0
D_0000870262,1,0.994614,1
D_0000870514,0,0.135115,0
D_0000870808,0,0.174326,0
D_0000871165,0,0.121624,0
D_0000871606,0,0.141604,0
D_0000871816,0,0.075454,0
D_0000871942,0,0.855319,1
D_0000873496,1,0.981277,1
D_0000873979,1,0.999986,1
D_0000874042,0,0.065143,0
D_0000874315,1,0.999897,1
D_0000874903,1,0.997054,1
D_0000875050,1,0.993233,1
D_0000875155,1,0.998621,1
D_0000875281,1,0.998884,1
D_0000875659,1,0.029444,0
D_0000875974,1,0.999258,1
D_0000876226,1,0.999361,1
D_0000876646,1,0.992089,1
D_0000876730,1,0.965900,1
D_0000876982,0,0.337063,0
D_0000877003,1,0.999645,1
D_0000877570,1,0.998952,1
D_0000878242,0,0.167156,0
D_0000879208,1,0.999391,1
D_0000879754,1,0.999703,1
D_0000880132,1,0.983694,1
D_0000880384,0,0.174602,0
D_0000880573,0,0.884091,1
D_0000880741,1,0.999508,1
D_0000881035,0,0.377130,0
D_0000882127,0,0.901716,1
D_0000882211,0,0.028375,0
D_0000882316,0,0.049970,0
D_0000882358,0,0.094866,0
D_0000882715,0,0.055129,0
D_0000884269,1,0.999422,1
D_0000884794,0,0.324672,0
D_0000885004,0,0.133720,0
D_0000885235,1,0.965103,1
D_0000885403,1,0.922009,1
D_0000885466,1,0.999709,1
D_0000886054,0,0.185711,0
D_0000886222,0,0.119746,0
D_0000886432,0,0.918315,1
D_0000886852,1,0.997604,1
D_0000887020,1,0.999737,1
D_0000887146,1,0.999369,1
D_0000887167,1,0.998820,1
D_0000887356,1,0.983546,1
D_0000887377,0,0.090124,0
D_0000887608,1,0.999308,1
D_0000887839,0,0.125693,0
D_0000888049,1,0.992316,1
D_0000888112,1,0.992111,1
D_0000888826,1,0.999354,1
D_0000889918,1,0.994089,1
D_0000890296,0,0.064331,0
D_0000890380,1,0.141430,0
D_0000890674,0,0.224754,0
D_0000890695,1,0.999590,1
D_0000890821,1,0.999786,1
D_0000890842,1,0.119719,0
D_0000891031,0,0.165563,0
D_0000891451,1,0.999518,1
D_0000891661,1,0.992703,1
D_0000891934,1,0.999400,1
D_0000892186,1,0.990919,1
D_0000892228,1,0.998693,1
D_0000892480,0,0.089960,0
D_0000892585,1,0.999258,1
D_0000893026,1,0.129211,0
D_0000893698,1,0.999987,1
D_0000893950,1,0.051883,0
D_0000894076,1,0.996535,1
D_0000894370,1,0.977400,1
D_0000895000,0,0.926652,1
D_0000895357,1,0.969972,1
D_0000895462,0,0.274912,0
D_0000895567,0,0.054250,0
D_0000896449,0,0.063457,0
D_0000896743,1,0.996427,1
D_0000896911,0,0.135464,0
D_0000897079,0,0.287091,0
D_0000897100,0,0.072596,0
D_0000897268,0,0.138406,0
D_0000897457,1,0.976716,1
D_0000897604,1,0.962782,1
D_0000897919,1,0.999352,1
D_0000897982,1,0.999862,1
D_0000898045,1,0.997467,1
D_0000898297,0,0.082811,0
D_0000899011,0,0.119423,0
D_0000899452,1,0.987408,1
D_0000899725,1,0.998847,1
D_0000900187,0,0.114860,0
D_0000900355,0,0.085740,0
D_0000900397,0,0.192107,0
D_0000900481,1,0.996895,1
D_0000901006,0,0.062316,0
D_0000901174,0,0.256945,0
D_0000901363,1,0.999921,1
D_0000901594,0,0.967219,1
D_0000901636,0,0.118418,0
D_0000901825,1,0.985702,1
D_0000901972,0,0.104824,0
D_0000902476,0,0.298364,0
D_0000902518,1,0.141932,0
D_0000902560,0,0.091132,0
D_0000902749,0,0.709376,0
D_0000903127,0,0.102282,0
D_0000903295,1,0.999837,1
D_0000903631,1,0.999560,1
D_0000903820,1,0.999090,1
D_0000903988,1,0.998280,1
D_0000904324,0,0.258671,0
D_0000904387,1,0.973292,1
D_0000904450,0,0.480183,0
D_0000904765,1,0.999648,1
D_0000905647,0,0.193541,0
D_0000906109,1,0.999388,1
D_0000906361,1,0.999679,1
D_0000906718,1,0.999316,1
D_0000906844,1,0.999865,1
D_0000907096,1,0.991348,1
D_0000907117,0,0.028809,0
D_0000907390,1,0.999806,1
D_0000907705,0,0.267014,0
D_0000908251,1,0.999482,1
D_0000908524,0,0.688987,0
D_0000908776,0,0.072026,0
D_0000909049,0,0.243479,0
D_0000909133,1,0.992016,1
D_0000909448,0,0.078520,0
D_0000909637,1,0.998897,1
D_0000910036,0,0.884022,1
D_0000910162,0,0.172809,0
D_0000910414,1,0.233043,0
D_0000910498,0,0.226369,0
D_0000910855,1,0.999023,1
D_0000910939,0,0.130357,0
D_0000911317,0,0.667521,0
D_0000912010,0,0.140938,0
D_0000912241,0,0.859360,1
D_0000912367,0,0.806896,1
D_0000912556,1,0.138697,0
D_0000912598,0,0.233681,0
D_0000912871,1,0.994960,1
D_0000912976,1,0.997689,1
D_0000913312,0,0.565012,0
D_0000913396,1,0.803952,1
D_0000913459,1,0.999956,1
D_0000913606,1,0.169452,0
D_0000913795,1,0.998800,1
D_0000913921,0,0.123747,0
D_0000914068,1,0.989142,1
D_0000914173,1,0.999401,1
D_0000914257,1,0.992789,1
D_0000915265,1,0.201925,0
D_0000915454,0,0.011464,0
D_0000915538,0,0.112001,0
D_0000915727,0,0.129230,0
D_0000916042,1,0.994344,1
D_0000916084,1,0.103222,0
D_0000916252,0,0.049130,0
D_0000917113,1,0.999868,1
D_0000917176,1,0.999897,1
D_0000917197,1,0.998080,1
D_0000917869,0,0.059618,0
D_0000917911,0,0.053522,0
D_0000918037,0,0.048031,0
D_0000918142,0,0.697775,0
D_0000918268,0,0.208475,0
D_0000918331,0,0.220439,0
D_0000918562,1,0.999372,1
D_0000918730,0,0.715830,0
D_0000918835,1,0.992296,1
D_0000919276,0,0.029167,0
D_0000919402,0,0.258835,0
D_0000919780,1,0.980444,1
D_0000920053,0,0.169609,0
D_0000920389,0,0.094451,0
D_0000920809,1,0.997632,1
D_0000920914,1,0.999569,1
D_0000921313,1,0.999524,1
D_0000921355,1,0.242394,0
D_0000921397,1,0.998563,1
D_0000921586,0,0.116916,0
D_0000921796,1,0.999625,1
D_0000922027,0,0.292248,0
D_0000922657,1,0.998926,1
D_0000922678,1,0.993469,1
D_0000922762,1,0.999568,1
D_0000922825,1,0.998375,1
D_0000923140,1,0.999235,1
D_0000923287,0,0.075827,0
D_0000923728,1,0.999267,1
D_0000923833,0,0.872668,1
D_0000924043,0,0.030041,0
D_0000924169,1,0.998152,1
D_0000924253,0,0.144764,0
D_0000924337,1,0.994430,1
D_0000924421,1,0.999400,1
D_0000924652,0,0.280568,0
D_0000924946,1,0.997396,1
D_0000925051,0,0.176242,0
D_0000925387,1,0.998177,1
D_0000925534,0,0.134281,0
D_0000926080,0,0.506876,0
D_0000926584,0,0.146562,0
D_0000926815,1,0.999406,1
D_0000926878,0,0.154558,0
D_0000927151,1,0.998708,1
D_0000927319,1,0.988909,1
D_0000927697,0,0.283274,0
D_0000927865,1,0.990909,1
D_0000928159,1,0.925637,1
D_0000928390,0,0.154790,0
D_0000928495,1,0.999810,1
D_0000929041,0,0.076337,0
D_0000929272,1,0.999996,1
D_0000929398,1,0.999696,1
D_0000929587,1,0.992878,1
D_0000929671,1,0.998798,1
D_0000929776,1,0.122559,0
D_0000930952,0,0.053353,0
D_0000930973,1,0.165749,0
D_0000931498,1,0.129260,0
D_0000931855,0,0.150660,0
D_0000931876,0,0.410553,0
D_0000932023,1,0.997649,1
D_0000932275,1,0.999057,1
D_0000932443,0,0.091661,0
D_0000933325,1,0.998557,1
D_0000934249,0,0.037309,0
D_0000934312,1,0.992991,1
D_0000934627,1,0.998914,1
D_0000934732,0,0.052087,0
D_0000934900,1,0.992067,1
D_0000935110,0,0.042922,0
D_0000935194,1,0.213586,0
D_0000935299,1,0.999699,1
D_0000935362,1,0.999465,1
D_0000935383,0,0.150494,0
D_0000935425,1,0.998945,1
D_0000935929,1,0.999984,1
D_0000935971,0,0.054057,0
D_0000936034,0,0.225419,0
D_0000936139,1,0.999468,1
D_0000936160,0,0.221763,0
D_0000936370,0,0.109449,0
D_0000936811,1,0.999732,1
D_0000936958,1,0.998979,1
D_0000937168,0,0.087166,0
D_0000937399,0,0.978018,1
D_0000937483,1,0.999664,1
D_0000937588,0,0.174583,0
D_0000938071,0,0.150011,0
D_0000938155,0,0.491077,0
D_0000938281,0,0.969410,1
D_0000938365,1,0.999917,1
D_0000938428,0,0.072479,0
D_0000938470,0,0.108145,0
D_0000938701,1,0.999994,1
D_0000938953,0,0.124933,0
D_0000939457,1,0.999965,1
D_0000939877,0,0.131698,0
D_0000939961,1,0.993844,1
D_0000940045,1,0.997128,1
D_0000940066,1,0.999167,1
D_0000940318,1,0.999248,1
D_0000940843,0,0.075907,0
D_0000940948,1,0.991623,1
D_0000941095,1,0.986664,1
D_0000941410,1,0.099735,0
D_0000941557,1,0.999717,1
D_0000941788,0,0.054954,0
D_0000942082,1,0.999403,1
D_0000942187,1,0.999945,1
D_0000942523,1,0.997455,1
D_0000942649,0,0.118226,0
D_0000943888,1,0.993353,1
D_0000943930,0,0.106329,0
D_0000944203,1,0.999558,1
D_0000944749,1,0.999958,1
D_0000944938,0,0.032925,0
D_0000944980,1,0.998500,1
D_0000945022,0,0.129493,0
D_0000946639,0,0.114343,0
D_0000946765,0,0.154893,0
D_0000946933,0,0.058403,0
D_0000947206,1,0.799890,1
D_0000947353,1,0.998577,1
D_0000947773,1,0.998913,1
D_0000948592,0,0.126667,0
D_0000948655,1,0.217716,0
D_0000949012,1,0.999554,1
D_0000949054,0,0.092171,0
D_0000949201,1,0.995138,1
D_0000949285,0,0.198245,0
D_0000949306,1,0.165736,0
D_0000949600,1,0.999343,1
D_0000949978,1,0.999605,1
D_0000950230,1,0.999905,1
D_0000950461,0,0.356679,0
D_0000950545,0,0.055991,0
D_0000950818,1,0.999897,1
D_0000951049,1,0.999928,1
D_0000951427,0,0.057862,0
D_0000951532,1,0.999942,1
D_0000951784,0,0.085711,0
D_0000951868,1,0.997001,1
D_0000952162,0,0.163468,0
D_0000953065,0,0.105570,0
D_0000953338,0,0.184266,0
D_0000954010,1,0.998654,1
D_0000954304,0,0.115021,0
D_0000955228,1,0.999919,1
D_0000955543,0,0.210210,0
D_0000955984,1,0.191207,0
D_0000957370,0,0.112010,0
D_0000957433,1,0.999815,1
D_0000957517,1,0.998841,1
D_0000957832,0,0.189348,0
D_0000958231,1,0.995316,1
D_0000958378,0,0.080805,0
D_0000958462,0,0.042235,0
D_0000959281,1,0.999548,1
D_0000959386,1,0.999904,1
D_0000960814,1,0.999239,1
D_0000961255,0,0.077946,0
D_0000961276,0,0.116835,0
D_0000961318,0,0.525299,0
D_0000962725,1,0.102528,0
D_0000962767,1,0.988104,1
D_0000963334,0,0.128295,0
D_0000963838,0,0.084839,0
D_0000963943,0,0.215254,0
D_0000964027,0,0.147888,0
D_0000964069,1,0.999483,1
D_0000964174,0,0.124906,0
D_0000964468,1,0.999867,1
D_0000964762,1,0.999788,1
D_0000965203,1,0.999923,1
D_0000965287,0,0.109887,0
D_0000965707,0,0.098284,0
D_0000965728,1,0.999680,1
D_0000966379,1,0.999629,1
D_0000966547,0,0.805260,1
D_0000966820,0,0.054956,0
D_0000966925,0,0.071723,0
D_0000966946,1,0.985206,1
D_0000967156,1,0.070542,0
D_0000967261,1,0.999989,1
D_0000967324,1,0.871354,1
D_0000967765,0,0.176790,0
D_0000968122,0,0.075969,0
D_0000968311,0,0.188331,0
D_0000968374,0,0.242739,0
D_0000969403,1,0.991856,1
D_0000969487,1,0.998765,1
D_0000969571,1,0.043659,0
D_0000969613,0,0.182773,0
D_0000969718,1,0.999962,1
D_0000969760,1,0.975911,1
D_0000970222,0,0.141912,0
D_0000970327,1,0.999755,1
D_0000970579,1,0.993602,1
D_0000970810,0,0.094572,0
D_0000971104,0,0.152962,0
D_0000971377,1,0.999781,1
D_0000971545,0,0.459960,0
D_0000971566,0,0.452477,0
D_0000971608,0,0.112526,0
D_0000971713,1,0.999530,1
D_0000972301,0,0.126338,0
D_0000973036,1,0.997113,1
D_0000973393,1,0.999726,1
D_0000973603,0,0.643719,0
D_0000973645,0,0.038626,0
D_0000974737,1,0.999146,1
D_0000975199,0,0.085943,0
D_0000975241,1,0.999206,1
D_0000975430,1,0.999518,1
D_0000975913,0,0.211907,0
D_0000976354,1,0.996075,1
D_0000976648,1,0.999749,1
D_0000977089,1,0.987450,1
D_0000977614,1,0.997578,1
D_0000977950,1,0.999988,1
D_0000978580,0,0.166594,0
D_0000978811,0,0.201878,0
D_0000979021,0,0.160555,0
D_0000980113,1,0.990663,1
D_0000980344,1,0.993830,1
D_0000980428,0,0.093690,0
D_0000980806,0,0.625888,0
D_0000981184,1,0.999988,1
D_0000981373,0,0.250306,0
D_0000981457,0,0.271569,0
D_0000982213,1,0.999663,1
D_0000982276,0,0.190709,0
D_0000982696,1,0.975719,1
D_0000982864,0,0.131479,0
D_0000984124,1,0.999440,1
D_0000984355,1,0.998559,1
D_0000984670,1,0.999211,1
D_0000985006,0,0.084604,0
D_0000985615,0,0.152795,0
D_0000985699,1,0.983072,1
D_0000987253,1,0.999315,1
D_0000987610,0,0.051966,0
D_0000987715,1,0.999420,1
D_0000988093,1,0.998820,1
D_0000988156,1,0.997180,1
D_0000988408,1,0.999420,1
D_0000989290,0,0.256933,0
D_0000989311,0,0.090301,0
D_0000989416,1,0.991928,1
D_0000989773,1,0.997161,1
D_0000990130,1,0.999675,1
D_0000990445,1,0.999404,1
D_0000991201,0,0.236640,0
D_0000991327,0,0.054855,0
D_0000991411,0,0.151934,0
D_0000991516,0,0.026134,0
D_0000991579,1,0.999411,1
D_0000991789,1,0.999933,1
D_0000992083,0,0.374682,0
D_0000992356,1,0.997904,1
D_0000992482,1,0.996999,1
D_0000992692,0,0.118034,0
D_0000992965,1,0.999941,1
D_0000993364,0,0.197929,0
D_0000993469,1,0.999662,1
D_0000993490,1,0.999418,1
D_0000993700,0,0.093623,0
D_0000993763,0,0.144899,0
D_0000994099,0,0.233453,0
D_0000994288,0,0.100852,0
D_0000995065,1,0.999619,1
D_0000995359,1,0.999976,1
D_0000995569,1,0.996323,1
D_0000995989,1,0.999740,1
D_0000996304,1,0.992512,1
D_0000996682,0,0.556605,0
D_0000997312,0,0.491298,0
D_0000997354,1,0.965283,1
D_0000997375,1,0.999593,1
D_0000997438,1,0.996811,1
D_0000997690,1,0.999235,1
D_0000998131,1,0.185483,0
D_0000998173,0,0.260825,0
D_0000998257,0,0.104071,0
D_0000998467,0,0.059735,0
D_0000998929,1,0.999248,1
D_0000998992,1,0.997767,1
D_0000999244,0,0.271138,0
D_0000999370,0,0.606583,0
D_0000999748,1,0.353693,0
D_0000999832,0,0.542742,0
D_0000999853,0,0.171957,0
D_0000999874,1,0.998846,1
D_0001000735,0,0.161799,0
D_0001000987,0,0.130944,0
D_0001001323,1,0.997763,1
D_0001001491,0,0.774015,1
D_0001001533,0,0.115755,0
D_0001001638,1,0.999814,1
D_0001001932,1,0.966032,1
D_0001002205,1,0.999387,1
D_0001002730,1,0.999214,1
D_0001002898,0,0.217386,0
D_0001003171,0,0.073403,0
D_0001003192,1,0.999800,1
D_0001003633,1,0.060574,0
D_0001003801,1,0.999836,1
D_0001005439,0,0.947278,1
D_0001005523,0,0.079947,0
D_0001005607,1,0.989763,1
D_0001005733,0,0.391222,0
D_0001005754,1,0.989188,1
D_0001006531,0,0.479924,0
D_0001007392,1,0.998119,1
D_0001007560,0,0.083209,0
D_0001007665,1,0.665796,0
D_0001007707,1,0.999293,1
D_0001007875,0,0.840250,1
D_0001008253,1,0.999956,1
D_0001008505,0,0.094409,0
D_0001010038,0,0.124756,0
D_0001010227,0,0.981020,1
D_0001010269,0,0.264122,0
D_0001010353,0,0.094491,0
D_0001010374,1,0.968299,1
D_0001010605,0,0.047827,0
D_0001010731,1,0.990135,1
D_0001010878,0,0.893370,1
D_0001011802,1,0.999267,1
D_0001011949,0,0.046415,0
D_0001012327,0,0.002150,0
D_0001012768,0,0.094925,0
D_0001012915,0,0.129413,0
D_0001012936,1,0.967715,1
D_0001012978,1,0.999950,1
D_0001013146,0,0.496482,0
D_0001013461,1,0.999955,1
D_0001013608,0,0.865413,1
D_0001014175,1,0.998340,1
D_0001014700,0,0.084665,0
D_0001014784,1,0.930229,1
D_0001015267,0,0.799580,1
D_0001015330,1,0.999779,1
D_0001015414,1,0.997863,1
D_0001015792,1,0.968240,1
D_0001016002,1,0.983422,1
D_0001017115,0,0.390184,0
D_0001017787,0,0.131671,0
D_0001017850,1,0.996553,1
D_0001017997,1,0.997996,1
D_0001018585,0,0.352912,0
D_0001018627,1,0.996367,1
D_0001018816,0,0.047077,0
D_0001019488,1,0.996977,1
D_0001019593,1,0.199157,0
D_0001019656,1,0.999043,1
D_0001019677,1,0.238764,0
D_0001020097,0,0.149739,0
D_0001020265,1,0.984737,1
D_0001020538,1,0.999398,1
D_0001020664,1,0.988660,1
D_0001020706,1,0.999684,1
D_0001020748,1,0.999462,1
D_0001020790,0,0.492967,0
D_0001021147,1,0.990889,1
D_0001021672,0,0.138801,0
D_0001021693,0,0.206578,0
D_0001022680,0,0.277380,0
D_0001023205,1,0.966404,1
D_0001023961,0,0.066384,0
D_0001023982,1,0.999925,1
D_0001024633,1,0.999884,1
D_0001024864,0,0.295766,0
D_0001024948,1,0.999405,1
D_0001025116,1,0.999934,1
D_0001025284,0,0.334359,0
D_0001025389,0,0.457095,0
D_0001025557,0,0.916201,1
D_0001025767,1,0.999624,1
D_0001025956,1,0.998791,1
D_0001026103,1,0.999294,1
D_0001026145,1,0.999377,1
D_0001026964,0,0.266534,0
D_0001027363,1,0.999678,1
D_0001027972,1,0.987997,1
D_0001028077,0,0.053547,0
D_0001028119,1,0.999212,1
D_0001028371,0,0.079194,0
D_0001028833,0,0.823557,1
D_0001028980,0,0.082378,0
D_0001029043,1,0.995385,1
D_0001029274,0,0.128571,0
D_0001029316,1,0.999519,1
D_0001029337,0,0.838298,1
D_0001029820,1,0.089686,0
D_0001030156,0,0.570431,0
D_0001030492,0,0.019820,0
D_0001030744,0,0.084415,0
D_0001031164,1,0.983545,1
D_0001031605,1,0.118014,0
D_0001031899,0,0.250249,0
D_0001031983,0,0.120745,0
D_0001032319,1,0.997347,1
D_0001032844,0,0.543667,0
D_0001032886,1,0.999900,1
D_0001033117,1,0.984200,1
D_0001033243,1,0.999997,1
D_0001033285,0,0.359148,0
D_0001033390,0,0.097612,0
D_0001034125,1,0.999979,1
D_0001034209,1,0.989646,1
D_0001034335,1,0.998970,1
D_0001034524,0,0.068468,0
D_0001034566,1,0.998705,1
D_0001034902,0,0.950552,1
D_0001035280,1,0.985689,1
D_0001035595,0,0.165953,0
D_0001035826,1,0.999154,1
D_0001035952,1,0.998981,1
D_0001036351,1,0.999791,1
D_0001036540,1,0.999653,1
D_0001036687,1,0.996976,1
D_0001036729,1,0.998573,1
D_0001036813,0,0.110354,0
D_0001037044,0,0.188598,0
D_0001037359,0,0.075823,0
D_0001037506,0,0.088724,0
D_0001037821,1,0.999265,1
D_0001038472,0,0.036266,0
D_0001038535,1,0.999653,1
D_0001038682,0,0.098072,0
D_0001039018,1,0.985225,1
D_0001039711,1,0.161872,0
D_0001039900,1,0.999947,1
D_0001040110,0,0.462489,0
D_0001040614,1,0.979584,1
D_0001041076,0,0.134479,0
D_0001041307,0,0.075056,0
D_0001041475,1,0.994015,1
D_0001041748,1,0.995632,1
D_0001041874,1,0.999630,1
D_0001042315,1,0.997604,1
D_0001042546,1,0.999844,1
D_0001042567,0,0.210126,0
D_0001042735,0,0.989365,1
D_0001043155,1,0.999915,1
D_0001044184,1,0.999665,1
D_0001044289,1,0.997159,1
D_0001044436,0,0.990493,1
D_0001044667,0,0.911610,1
D_0001045171,1,0.999961,1
D_0001045192,0,0.080023,0
D_0001045591,0,0.381803,0
D_0001045843,1,0.997359,1
D_0001046158,0,0.191984,0
D_0001046662,0,0.067685,0
D_0001047523,1,0.999709,1
D_0001047607,0,0.069735,0
D_0001047670,0,0.149757,0
D_0001047838,0,0.219326,0
D_0001047922,0,0.156531,0
D_0001048384,1,0.999912,1
D_0001049245,1,0.991409,1
D_0001049329,0,0.067763,0
D_0001050001,1,0.994352,1
D_0001050190,0,0.165579,0
D_0001050274,0,0.096706,0
D_0001050673,1,0.999915,1
D_0001050967,1,0.443438,0
D_0001051114,0,0.133974,0
D_0001051912,0,0.115331,0
D_0001052542,0,0.078857,0
D_0001052584,1,0.997811,1
D_0001052710,0,0.242103,0
D_0001053088,1,0.999097,1
D_0001053193,0,0.951154,1
D_0001053550,0,0.124121,0
D_0001053844,1,0.088220,0
D_0001054117,1,0.250305,0
D_0001054159,0,0.232743,0
D_0001054978,1,0.999762,1
D_0001055083,1,0.999595,1
D_0001055776,1,0.999343,1
D_0001056049,1,0.999907,1
D_0001056175,0,0.595278,0
D_0001056490,0,0.032237,0
D_0001056553,1,0.999970,1
D_0001057771,1,0.976583,1
D_0001057939,0,0.986454,1
D_0001058002,1,0.995973,1
D_0001058170,0,0.201614,0
D_0001058590,1,0.992766,1
D_0001058800,0,0.805668,1
D_0001059514,1,0.983790,1
D_0001059976,0,0.246343,0
D_0001060039,0,0.130656,0
D_0001060417,0,0.112135,0
D_0001060753,0,0.128944,0
D_0001061362,1,0.999430,1
D_0001061698,0,0.161930,0
D_0001061908,0,0.083657,0
D_0001062244,0,0.189819,0
D_0001062601,0,0.089871,0
D_0001063063,0,0.042297,0
D_0001063126,0,0.043928,0
D_0001063693,1,0.997964,1
D_0001063735,1,0.999739,1
D_0001064008,0,0.090823,0
D_0001064218,1,0.997245,1
D_0001064596,0,0.196582,0
D_0001064764,1,0.995443,1
D_0001064890,0,0.119484,0
D_0001065142,0,0.134897,0
D_0001065415,1,0.957672,1
D_0001065478,0,0.120128,0
D_0001065520,1,0.999415,1
D_0001065562,0,0.064790,0
D_0001065919,1,0.998339,1
D_0001066003,0,0.148128,0
D_0001066150,1,0.999980,1
D_0001067284,0,0.047388,0
D_0001067389,1,0.998944,1
D_0001067683,1,0.998823,1
D_0001067725,0,0.096148,0
D_0001068292,1,0.995833,1
D_0001068691,0,0.227544,0
D_0001069006,0,0.448236,0
D_0001069279,0,0.635185,0
D_0001070224,0,0.948961,1
D_0001070371,0,0.094170,0
D_0001070833,0,0.124462,0
D_0001071337,0,0.213173,0
D_0001071442,1,0.999144,1
D_0001071862,0,0.142146,0
D_0001072471,1,0.994906,1
D_0001072723,1,0.972801,1
D_0001073164,1,0.962008,1
D_0001073185,0,0.662784,0
D_0001073647,1,0.999293,1
D_0001074046,1,0.999876,1
D_0001074151,1,0.989843,1
D_0001074445,1,0.999311,1
D_0001074592,1,0.998228,1
D_0001074991,1,0.934774,1
D_0001075600,0,0.028137,0
D_0001075915,1,0.993718,1
D_0001076125,0,0.055156,0
D_0001076818,1,0.999036,1
D_0001076944,1,0.998928,1
D_0001077280,1,0.100538,0
D_0001077658,0,0.097817,0
D_0001078036,1,0.944546,1
D_0001078624,0,0.117022,0
D_0001079128,0,0.204142,0
D_0001080073,1,0.973217,1
D_0001080262,1,0.996931,1
D_0001080535,1,0.998564,1
D_0001080640,1,0.156221,0
D_0001081228,1,0.999248,1
D_0001081795,1,0.999361,1
D_0001082047,0,0.708158,0
D_0001082110,1,0.999925,1
D_0001082320,0,0.159899,0
D_0001082614,1,0.993553,1
D_0001082635,1,0.999993,1
D_0001082971,1,0.954172,1
D_0001082992,0,0.126028,0
D_0001084294,1,0.990578,1
D_0001084441,1,0.986610,1
D_0001085491,1,0.998068,1
D_0001086289,1,0.999500,1
D_0001086310,1,0.975040,1
D_0001086331,1,0.977993,1
D_0001086394,1,0.992496,1
D_0001086604,0,0.885323,1
D_0001087066,1,0.999492,1
D_0001087087,0,0.058602,0
D_0001087171,0,0.260254,0
D_0001088137,1,0.999319,1
D_0001088620,1,0.999503,1
D_0001088998,1,0.999894,1
D_0001089082,0,0.198334,0
D_0001089376,1,0.998505,1
D_0001089733,0,0.069963,0
D_0001089943,1,0.103268,0
D_0001089964,1,0.998273,1
D_0001090783,0,0.101579,0
D_0001091224,0,0.890006,1
D_0001091476,1,0.121828,0
D_0001091749,1,0.999199,1
D_0001091770,1,0.992241,1
D_0001091980,0,0.103823,0
D_0001092379,0,0.108648,0
D_0001092547,1,0.998751,1
D_0001092610,1,0.985843,1
D_0001092715,1,0.999683,1
D_0001093009,1,0.990773,1
D_0001093114,1,0.999840,1
D_0001093135,1,0.999469,1
D_0001093303,1,0.998685,1
D_0001093597,0,0.122758,0
D_0001094143,0,0.147084,0
D_0001094269,1,0.998871,1
D_0001094311,1,0.195330,0
D_0001094458,0,0.127599,0
D_0001094479,0,0.114148,0
D_0001094836,1,0.999767,1
D_0001095151,1,0.186395,0
D_0001095361,0,0.762445,0
D_0001096285,1,0.986579,1
D_0001096327,1,0.982758,1
D_0001096600,1,0.998247,1
D_0001096831,0,0.117016,0
D_0001096936,1,0.985326,1
D_0001097083,1,0.999619,1
D_0001097125,1,0.999224,1
D_0001097398,0,0.138122,0
D_0001097860,1,0.997682,1
D_0001097986,1,0.998925,1
D_0001098343,1,0.998913,1
D_0001099078,1,0.127302,0
D_0001099120,1,0.081209,0
D_0001099162,0,0.088197,0
D_0001099330,0,0.066974,0
D_0001100170,1,0.993775,1
D_0001100359,1,0.999959,1
D_0001100464,0,0.227885,0
D_0001101241,1,0.999215,1
D_0001101430,1,0.999058,1
D_0001101745,1,0.999767,1
D_0001102081,0,0.092188,0
D_0001102648,0,0.091603,0
D_0001102900,1,0.999408,1
D_0001103194,0,0.077032,0
D_0001104559,0,0.131238,0
D_0001105042,1,0.159216,0
D_0001105126,1,0.998812,1
D_0001105189,0,0.051915,0
D_0001105210,1,0.999987,1
D_0001105231,1,0.993089,1
D_0001105441,1,0.997094,1
D_0001105672,1,0.999955,1
D_0001106008,1,0.999491,1
D_0001106701,1,0.999173,1
D_0001107079,1,0.990098,1
D_0001107373,1,0.075213,0
D_0001108129,0,0.092138,0
D_0001108570,0,0.139938,0
D_0001108654,1,0.999883,1
D_0001108738,0,0.192213,0
D_0001109305,0,0.091463,0
D_0001109935,1,0.998684,1
D_0001109956,0,0.073999,0
D_0001110334,0,0.148281,0
D_0001111048,1,0.997517,1
D_0001111405,1,0.999129,1
D_0001111594,1,0.728936,0
D_0001111636,0,0.107998,0
D_0001111804,0,0.181399,0
D_0001111909,0,0.156734,0
D_0001112665,1,0.903615,1
D_0001112791,0,0.070565,0
D_0001112812,0,0.061701,0
D_0001113148,0,0.897291,1
D_0001113274,1,0.994063,1
D_0001113316,0,0.050394,0
D_0001113820,0,0.041907,0
D_0001114198,0,0.182720,0
D_0001114828,1,0.982391,1
D_0001114975,1,0.999492,1
D_0001115353,1,0.998942,1
D_0001115416,1,0.999725,1
D_0001115584,0,0.142570,0
D_0001115794,0,0.106304,0
D_0001115857,0,0.100720,0
D_0001116046,1,0.999988,1
D_0001116634,0,0.976767,1
D_0001116655,1,0.169550,0
D_0001116697,1,0.086370,0
D_0001116718,1,0.999204,1
D_0001116823,1,0.999946,1
D_0001116886,0,0.245421,0
D_0001116907,0,0.100551,0
D_0001117222,0,0.129175,0
D_0001117327,0,0.083351,0
D_0001117432,0,0.037501,0
D_0001117852,1,0.999605,1
D_0001117978,0,0.570309,0
D_0001118020,0,0.086371,0
D_0001118083,0,0.053535,0
D_0001118167,0,0.104449,0
D_0001118293,0,0.242352,0
D_0001118335,1,0.997019,1
D_0001118881,0,0.124732,0
D_0001119469,0,0.128122,0
D_0001119637,0,0.082474,0
D_0001119742,1,0.998392,1
D_0001120603,0,0.768294,1
D_0001121296,0,0.103129,0
D_0001121632,0,0.095435,0
D_0001121989,0,0.132097,0
D_0001122052,0,0.350864,0
D_0001122283,0,0.050478,0
D_0001122514,0,0.058233,0
D_0001122745,0,0.359634,0
D_0001123375,0,0.071763,0
D_0001123396,1,0.999037,1
D_0001123501,1,0.993667,1
D_0001123648,1,0.990063,1
D_0001124299,1,0.998610,1
D_0001125013,1,0.999905,1
D_0001125055,0,0.088928,0
D_0001125622,0,0.258257,0
D_0001125916,1,0.993303,1
D_0001126042,1,0.999989,1
D_0001126210,1,0.998748,1
D_0001126315,0,0.052461,0
D_0001126399,0,0.146281,0
D_0001127092,1,0.996799,1
D_0001127659,1,0.999908,1
D_0001127848,1,0.998334,1
D_0001128058,0,0.077855,0
D_0001128100,0,0.723238,0
D_0001128604,0,0.863973,1
D_0001128667,0,0.032465,0
D_0001128730,1,0.993060,1
D_0001128751,1,0.999966,1
D_0001129003,0,0.023850,0
D_0001129486,0,0.422470,0
D_0001129612,1,0.998101,1
D_0001129759,1,0.999293,1
D_0001130263,1,0.936409,1
D_0001130452,0,0.626828,0
D_0001130557,0,0.223682,0
D_0001130662,0,0.129795,0
D_0001131628,0,0.031141,0
D_0001131691,0,0.061039,0
D_0001131796,1,0.235901,0
D_0001132720,1,0.991138,1
D_0001132825,1,0.999330,1
D_0001133539,0,0.169111,0
D_0001133560,1,0.998303,1
D_0001133875,0,0.461792,0
D_0001133917,1,0.999148,1
D_0001134316,0,0.078172,0
D_0001134400,1,0.997274,1
D_0001134526,1,0.994408,1
D_0001134589,0,0.053561,0
D_0001134736,1,0.998891,1
D_0001134757,1,0.040485,0
D_0001135534,1,0.998377,1
D_0001136185,0,0.261197,0
D_0001136731,1,0.999605,1
D_0001136983,1,0.998803,1
D_0001137529,0,0.199731,0
D_0001137592,1,0.998643,1
D_0001138453,0,0.164943,0
D_0001138537,0,0.076509,0
D_0001139020,1,0.993941,1
D_0001139083,0,0.088627,0
D_0001139125,1,0.999606,1
D_0001139335,0,0.518691,0
D_0001139965,0,0.378863,0
D_0001140805,1,0.998959,1
D_0001141183,1,0.999210,1
D_0001141897,1,0.999367,1
D_0001142212,1,0.999680,1
D_0001142338,1,0.999838,1
D_0001142464,1,0.998025,1
D_0001142695,0,0.081118,0
D_0001142779,0,0.034631,0
D_0001142968,1,0.999067,1
D_0001143535,1,0.167937,0
D_0001143724,1,0.999757,1
D_0001143871,1,0.993294,1
D_0001144249,1,0.999753,1
D_0001144438,0,0.331820,0
D_0001144522,1,0.893760,1
D_0001144816,0,0.150375,0
D_0001145236,1,0.998367,1
D_0001145299,0,0.989415,1
D_0001145341,0,0.107734,0
D_0001145383,0,0.332479,0
D_0001145509,0,0.167049,0
D_0001145614,0,0.063619,0
D_0001145635,0,0.163495,0
D_0001146433,0,0.187843,0
D_0001146559,1,0.837753,1
D_0001146643,0,0.132710,0
D_0001146727,1,0.999696,1
D_0001147294,0,0.129503,0
D_0001147525,1,0.999723,1
D_0001147798,1,0.999714,1
D_0001148134,0,0.127266,0
D_0001148554,0,0.236576,0
D_0001148722,0,0.604592,0
D_0001149163,0,0.076366,0
D_0001149226,1,0.980279,1
D_0001149247,1,0.997583,1
D_0001149583,0,0.160606,0
D_0001150045,1,0.993089,1
D_0001150066,1,0.990558,1
D_0001150087,1,0.999877,1
D_0001150360,0,0.061222,0
D_0001150969,1,0.992556,1
D_0001151389,0,0.071854,0
D_0001151641,0,0.171441,0
D_0001151851,1,0.999889,1
D_0001152145,0,0.149766,0
D_0001152187,0,0.081397,0
D_0001152229,0,0.076336,0
D_0001152271,0,0.084156,0
D_0001152775,0,0.354515,0
D_0001153006,0,0.964927,1
D_0001153069,0,0.159991,0
D_0001153195,1,0.998233,1
D_0001153363,0,0.117028,0
D_0001153405,1,0.999542,1
D_0001153720,1,0.316911,0
D_0001153762,0,0.169390,0
D_0001153867,0,0.413194,0
D_0001153972,0,0.150330,0
D_0001154245,0,0.027548,0
D_0001155043,1,0.999284,1
D_0001156450,1,0.973729,1
D_0001156723,1,0.997418,1
D_0001156828,1,0.999127,1
D_0001156996,0,0.206822,0
D_0001157584,1,0.999699,1
D_0001157983,1,0.996063,1
D_0001158382,1,0.999953,1
D_0001158718,0,0.296163,0
D_0001158739,1,0.972854,1
D_0001158991,1,0.998249,1
D_0001159033,1,0.999760,1
D_0001159222,0,0.050521,0
D_0001159432,1,0.990578,1
D_0001159600,1,0.999155,1
D_0001160020,0,0.174444,0
D_0001160545,0,0.592182,0
D_0001160734,0,0.160438,0
D_0001161196,1,0.991906,1
D_0001161280,1,0.999975,1
D_0001161490,0,0.350630,0
D_0001161826,0,0.314419,0
D_0001161868,0,0.232868,0
D_0001162456,1,0.999700,1
D_0001163170,0,0.166259,0
D_0001163674,0,0.088809,0
D_0001163842,1,0.219971,0
D_0001164094,0,0.176038,0
D_0001164157,1,0.999657,1
D_0001164283,1,0.999806,1
D_0001164367,0,0.061135,0
D_0001164472,0,0.075538,0
D_0001164829,1,0.999843,1
D_0001164871,0,0.183992,0
D_0001165312,1,0.999836,1
D_0001165690,0,0.090894,0
D_0001165921,0,0.067958,0
D_0001166257,0,0.074953,0
D_0001166425,0,0.091698,0
D_0001167307,0,0.133644,0
D_0001167643,0,0.204939,0
D_0001167895,1,0.999350,1
D_0001168021,1,0.411218,0
D_0001168840,1,0.999943,1
D_0001168966,0,0.232725,0
D_0001169176,1,0.999151,1
D_0001169260,1,0.997981,1
D_0001169449,0,0.126284,0
D_0001169533,1,0.104730,0
D_0001169848,1,0.998779,1
D_0001170037,1,0.999566,1
D_0001170226,0,0.144608,0
D_0001170289,1,0.999055,1
D_0001170310,1,0.997168,1
D_0001170646,1,0.999746,1
D_0001170919,1,0.227211,0
D_0001171045,1,0.929886,1
D_0001171339,0,0.486042,0
D_0001171612,0,0.033784,0
D_0001171864,1,0.999822,1
D_0001172242,0,0.110260,0
D_0001173334,0,0.431663,0
D_0001173376,1,0.989353,1
D_0001173838,0,0.061834,0
D_0001174636,1,0.999854,1
D_0001174720,0,0.053918,0
D_0001175119,0,0.478011,0
D_0001175308,0,0.144471,0
D_0001175455,1,0.094841,0
D_0001175476,0,0.264581,0
D_0001176316,0,0.596932,0
D_0001177492,0,0.871853,1
D_0001178038,0,0.084511,0
D_0001178332,0,0.074880,0
D_0001179382,0,0.129646,0
D_0001179655,0,0.068608,0
D_0001180033,0,0.032234,0
D_0001180411,0,0.886008,1
D_0001180474,1,0.999886,1
D_0001180642,0,0.131433,0
D_0001180726,0,0.913296,1
D_0001181041,1,0.999642,1
D_0001181503,1,0.999967,1
D_0001181650,0,0.139974,0
D_0001181986,1,0.999384,1
D_0001182889,0,0.049966,0
D_0001183057,0,0.183321,0
D_0001183099,0,0.134434,0
D_0001183183,0,0.072892,0
D_0001183414,0,0.120050,0
D_0001183498,0,0.610480,0
D_0001184023,1,0.999998,1
D_0001184527,0,0.130069,0
D_0001184989,0,0.074372,0
D_0001185451,1,0.999793,1
D_0001185514,0,0.038103,0
D_0001185556,1,0.999412,1
D_0001185871,0,0.047056,0
D_0001186039,0,0.174644,0
D_0001186354,1,0.209699,0
D_0001186585,0,0.155780,0
D_0001187299,1,0.994679,1
D_0001187551,1,0.999903,1
D_0001188034,0,0.119483,0
D_0001188307,1,0.999716,1
D_0001188454,0,0.089631,0
D_0001188517,0,0.112294,0
D_0001188706,1,0.999969,1
D_0001188916,1,0.055541,0
D_0001188937,0,0.057876,0
D_0001189609,1,0.995968,1
D_0001189756,1,0.980253,1
D_0001189924,1,0.999471,1
D_0001190176,0,0.987566,1
D_0001190386,1,0.208668,0
D_0001190806,0,0.557228,0
D_0001191037,1,0.999915,1
D_0001191100,1,0.995316,1
D_0001191373,1,0.999093,1
D_0001191625,0,0.098467,0
D_0001191772,1,0.998932,1
D_0001191877,0,0.228388,0
D_0001192444,0,0.090922,0
D_0001192801,0,0.085642,0
D_0001193011,0,0.147775,0
D_0001193431,0,0.056426,0
D_0001193914,0,0.033785,0
D_0001194040,1,0.983544,1
D_0001194334,1,0.997962,1
D_0001194985,0,0.092992,0
D_0001195006,0,0.052883,0
D_0001195111,1,0.996192,1
D_0001195510,1,0.999938,1
D_0001195636,0,0.078899,0
D_0001195951,1,0.998308,1
D_0001196035,1,0.120075,0
D_0001196875,0,0.176238,0
D_0001198030,1,0.997489,1
D_0001198555,1,0.998151,1
D_0001198702,0,0.163105,0
D_0001198975,0,0.382212,0
D_0001199605,1,0.999583,1
D_0001199626,1,0.989188,1
D_0001199836,1,0.999769,1
D_0001199878,1,0.998749,1
D_0001200382,1,0.999775,1
D_0001200571,0,0.130531,0
D_0001200760,0,0.241942,0
D_0001200907,0,0.120161,0
D_0001201516,1,0.998933,1
D_0001201600,0,0.174681,0
D_0001201747,1,0.079158,0
D_0001201789,1,0.999597,1
D_0001201831,1,0.999300,1
D_0001201978,1,0.999162,1
D_0001202419,1,0.997460,1
D_0001202440,0,0.254188,0
D_0001202503,0,0.125711,0
D_0001202587,1,0.997079,1
D_0001202650,0,0.106881,0
D_0001202671,0,0.200766,0
D_0001202818,0,0.947023,1
D_0001202902,0,0.075938,0
D_0001203196,0,0.198371,0
D_0001203658,0,0.039876,0
D_0001203994,1,0.998585,1
D_0001204225,1,0.995752,1
D_0001204309,1,0.997460,1
D_0001204645,1,0.994239,1
D_0001205947,1,0.992914,1
D_0001206199,1,0.998919,1
D_0001206640,1,0.994179,1
D_0001207123,0,0.710570,0
D_0001207144,0,0.257271,0
D_0001207480,1,0.998301,1
D_0001207543,1,0.999280,1
D_0001207585,0,0.942974,1
D_0001207837,0,0.671230,0
D_0001207921,0,0.145072,0
D_0001208047,0,0.044224,0
D_0001208446,1,0.999532,1
D_0001208971,0,0.122650,0
D_0001209139,0,0.294084,0
D_0001209265,1,0.196584,0
D_0001209601,1,0.999923,1
D_0001209643,0,0.086502,0
D_0001209748,1,0.994024,1
D_0001210042,0,0.655922,0
D_0001210714,1,0.999162,1
D_0001210903,0,0.284863,0
D_0001211260,1,0.996996,1
D_0001211407,1,0.997725,1
D_0001211596,1,0.119668,0
D_0001211638,1,0.987986,1
D_0001211785,1,0.998894,1
D_0001212289,1,0.999814,1
D_0001212352,1,0.999126,1
D_0001212373,0,0.083846,0
D_0001212415,0,0.091900,0
D_0001212478,0,0.083106,0
D_0001212604,0,0.065881,0
D_0001212919,1,0.999048,1
D_0001213045,0,0.326578,0
D_0001213066,1,0.999957,1
D_0001213759,0,0.177029,0
D_0001213843,0,0.061983,0
D_0001213990,0,0.152809,0
D_0001214074,0,0.353256,0
D_0001214263,0,0.019498,0
D_0001214452,0,0.099727,0
D_0001215397,0,0.311468,0
D_0001215418,1,0.994189,1
D_0001215691,0,0.226120,0
D_0001215754,1,0.999675,1
D_0001215922,0,0.272008,0
D_0001216405,0,0.094718,0
D_0001216657,1,0.991356,1
D_0001216972,1,0.999920,1
D_0001217224,0,0.163944,0
D_0001217392,1,0.998655,1
D_0001217434,1,0.119469,0
D_0001217854,0,0.074820,0
D_0001217917,1,0.985769,1
D_0001218001,1,0.999287,1
D_0001218043,0,0.116091,0
D_0001218190,0,0.117081,0
D_0001218295,0,0.049924,0
D_0001218358,1,0.999193,1
D_0001218799,0,0.618638,0
D_0001219093,1,0.998692,1
D_0001219135,1,0.998678,1
D_0001219492,0,0.142457,0
D_0001219975,1,0.999468,1
D_0001220017,1,0.270271,0
D_0001220122,0,0.542114,0
D_0001220647,1,0.999804,1
D_0001220731,1,0.994920,1
D_0001220899,0,0.377438,0
D_0001221466,1,0.998177,1
D_0001221886,1,0.098435,0
D_0001221928,1,0.999743,1
D_0001222012,1,0.999256,1
D_0001222621,1,0.999542,1
D_0001222852,1,0.158033,0
D_0001222936,1,0.139328,0
D_0001223020,1,0.994426,1
D_0001223293,0,0.081894,0
D_0001223545,0,0.053449,0
D_0001223734,1,0.997906,1
D_0001224049,1,0.999989,1
D_0001224217,1,0.999398,1
D_0001224364,1,0.999655,1
D_0001224448,0,0.083823,0
D_0001224847,1,0.999733,1
D_0001224868,0,0.636461,0
D_0001224952,0,0.064644,0
D_0001224973,1,0.999752,1
D_0001225015,1,0.992280,1
D_0001225078,1,0.377780,0
D_0001225351,1,0.133981,0
D_0001225771,1,0.999699,1
D_0001226149,0,0.021407,0
D_0001227283,1,0.968294,1
D_0001227430,1,0.997706,1
D_0001227472,1,0.998726,1
D_0001227577,1,0.999675,1
D_0001228354,1,0.999324,1
D_0001228648,1,0.971985,1
D_0001229383,1,0.999547,1
D_0001229593,0,0.094212,0
D_0001230076,1,0.997635,1
D_0001230580,1,0.999645,1
D_0001230979,1,0.933277,1
D_0001231126,1,0.999974,1
D_0001231147,1,0.999294,1
D_0001231315,0,0.087887,0
D_0001231399,1,0.999219,1
D_0001231483,0,0.061409,0
D_0001232260,1,0.998668,1
D_0001232470,1,0.988189,1
D_0001232512,1,0.999555,1
D_0001232680,0,0.393803,0
D_0001232869,0,0.980226,1
D_0001233079,1,0.998413,1
D_0001233184,0,0.123096,0
D_0001233331,1,0.987207,1
D_0001233667,0,0.692977,0
D_0001233961,1,0.119791,0
D_0001234864,0,0.162725,0
D_0001235599,0,0.167237,0
D_0001235935,0,0.127307,0
D_0001236061,1,0.999298,1
D_0001236103,0,0.114769,0
D_0001236124,1,0.999875,1
D_0001236712,0,0.059918,0
D_0001236817,1,0.999981,1
D_0001237132,0,0.771391,1
D_0001237174,1,0.999948,1
D_0001237657,1,0.991063,1
D_0001237720,0,0.056224,0
D_0001237783,1,0.998824,1
D_0001237993,1,0.997732,1
D_0001238140,0,0.480829,0
D_0001238413,1,0.975658,1
D_0001238518,0,0.100986,0
D_0001238581,1,0.999054,1
D_0001238602,0,0.081679,0
D_0001238896,1,0.187122,0
D_0001238917,1,0.988394,1
D_0001238980,1,0.991678,1
D_0001239946,1,0.996657,1
D_0001240429,1,0.999373,1
D_0001240618,0,0.043189,0
D_0001241101,1,0.994594,1
D_0001241773,0,0.092895,0
D_0001242193,0,0.108086,0
D_0001242466,0,0.183143,0
D_0001242550,0,0.116108,0
D_0001242655,0,0.991518,1
D_0001243012,1,0.986217,1
D_0001243075,0,0.240067,0
D_0001243180,1,0.059490,0
D_0001243474,1,0.991225,1
D_0001243516,1,0.998070,1
D_0001243579,0,0.523102,0
D_0001243831,1,0.995748,1
D_0001244041,1,0.137540,0
D_0001244230,0,0.293996,0
D_0001244251,1,0.999520,1
D_0001244398,1,0.999372,1
D_0001244503,0,0.556675,0
D_0001244545,1,0.999617,1
D_0001244587,0,0.071141,0
D_0001245112,1,0.999262,1
D_0001245973,1,0.082077,0
D_0001246540,0,0.175459,0
D_0001246792,1,0.996239,1
D_0001247674,0,0.034929,0
D_0001247800,1,0.994555,1
D_0001248409,1,0.997828,1
D_0001248745,1,0.999573,1
D_0001248913,0,0.073942,0
D_0001249165,0,0.158847,0
D_0001249291,1,0.998864,1
D_0001249417,1,0.998055,1
D_0001249585,1,0.996721,1
D_0001249711,0,0.035641,0
D_0001249816,1,0.999808,1
D_0001250131,1,0.999577,1
D_0001250593,0,0.317087,0
D_0001250740,1,0.084654,0
D_0001251181,0,0.117550,0
D_0001252252,0,0.114440,0
D_0001252357,0,0.072190,0
D_0001252441,0,0.126346,0
D_0001252735,1,0.234648,0
D_0001252798,1,0.999942,1
D_0001253113,1,0.999933,1
D_0001253260,1,0.999647,1
D_0001253323,1,0.999344,1
D_0001253512,0,0.181407,0
D_0001253659,1,0.999818,1
D_0001253722,0,0.141962,0
D_0001254226,1,0.999883,1
D_0001254247,0,0.043029,0
D_0001255297,1,0.977475,1
D_0001255339,1,0.999452,1
D_0001255549,1,0.999949,1
D_0001255654,0,0.054633,0
D_0001255717,0,0.028893,0
D_0001255759,1,0.996507,1
D_0001255801,0,0.123636,0
D_0001256347,0,0.500273,0
D_0001256473,0,0.098019,0
D_0001256788,1,0.932958,1
D_0001256998,0,0.537582,0
D_0001257376,1,0.999984,1
D_0001257628,1,0.993116,1
D_0001257880,1,0.998126,1
D_0001258321,1,0.991929,1
D_0001258888,0,0.062911,0
D_0001259098,1,0.998438,1
D_0001259455,1,0.999353,1
D_0001260673,0,0.245439,0
D_0001261618,0,0.185404,0
D_0001262038,0,0.219364,0
D_0001262122,0,0.211824,0
D_0001262374,1,0.986801,1
D_0001262437,1,0.998980,1
D_0001262479,1,0.981107,1
D_0001262605,1,0.991962,1
D_0001262647,1,0.999285,1
D_0001262710,0,0.059454,0
D_0001263550,1,0.999150,1
D_0001263655,1,0.455259,0
D_0001263697,0,0.015049,0
D_0001263718,0,0.230360,0
D_0001263928,0,0.060264,0
D_0001264075,1,0.234280,0
D_0001264621,1,0.067681,0
D_0001264747,0,0.226294,0
D_0001264852,1,0.999961,1
D_0001264978,1,0.996289,1
D_0001265251,0,0.685284,0
D_0001265419,0,0.086930,0
D_0001265650,0,0.618361,0
D_0001266007,1,0.998750,1
D_0001266175,1,0.734312,0
D_0001266196,1,0.999190,1
D_0001266469,1,0.998449,1
D_0001267351,1,0.130946,0
D_0001267435,0,0.642196,0
D_0001267855,1,0.997369,1
D_0001268233,1,0.998884,1
D_0001268548,1,0.999873,1
D_0001268695,1,0.999152,1
D_0001269283,0,0.612763,0
D_0001269724,1,0.999059,1
D_0001269976,0,0.013424,0
D_0001270207,0,0.973234,1
D_0001270417,0,0.532216,0
D_0001270459,0,0.150931,0
D_0001271761,1,0.999457,1
D_0001272181,0,0.174838,0
D_0001272202,0,0.057267,0
D_0001272643,0,0.260061,0
D_0001273084,1,0.999896,1
D_0001273126,0,0.153244,0
D_0001273630,0,0.202853,0
D_0001273882,1,0.999888,1
D_0001273903,1,0.181341,0
D_0001274491,0,0.071046,0
D_0001274533,0,0.674508,0
D_0001275142,0,0.053938,0
D_0001275373,1,0.989516,1
D_0001275982,1,0.998774,1
D_0001276213,0,0.530861,0
D_0001276759,1,0.171384,0
D_0001276780,1,0.999138,1
D_0001277431,0,0.088027,0
D_0001278019,1,0.999949,1
D_0001278040,0,0.412302,0
D_0001278187,1,0.992706,1
D_0001278334,1,0.999824,1
D_0001278523,1,0.996232,1
D_0001279762,1,0.992855,1
D_0001279846,0,0.089250,0
D_0001280644,1,0.999685,1
D_0001280980,1,0.998570,1
D_0001281106,1,0.999991,1
D_0001281127,1,0.999416,1
D_0001281799,1,0.998909,1
D_0001282030,0,0.078167,0
D_0001282051,1,0.999124,1
D_0001282282,1,0.076837,0
D_0001282786,1,0.995420,1
D_0001283416,0,0.074815,0
D_0001283458,1,0.991066,1
D_0001283689,0,0.371567,0
D_0001283773,1,0.997655,1
D_0001284865,1,0.997087,1
D_0001284886,0,0.197195,0
D_0001285369,0,0.434490,0
D_0001286524,1,0.999451,1
D_0001286755,0,0.172789,0
D_0001286839,1,0.999653,1
D_0001286881,1,0.832308,1
D_0001286944,1,0.998776,1
D_0001287469,0,0.668009,0
D_0001288036,0,0.147010,0
D_0001289149,1,0.999469,1
D_0001289548,0,0.051214,0
D_0001289758,0,0.175207,0
D_0001290031,1,0.184151,0
D_0001290178,1,0.997131,1
D_0001290493,1,0.999409,1
D_0001290556,0,0.107046,0
D_0001290619,1,0.992831,1
D_0001291081,1,0.993228,1
D_0001291396,1,0.999452,1
D_0001291732,1,0.977404,1
D_0001292173,0,0.750558,0
D_0001292236,0,0.742506,0
D_0001292782,0,0.152088,0
D_0001292971,0,0.431833,0
D_0001293139,1,0.994651,1
D_0001293538,1,0.998405,1
D_0001294105,0,0.713731,0
D_0001294126,1,0.999760,1
D_0001294252,0,0.178189,0
D_0001294525,0,0.148232,0
D_0001294609,0,0.119744,0
D_0001294672,1,0.992676,1
D_0001294735,1,0.998999,1
D_0001295134,1,0.970880,1
D_0001295344,0,0.620842,0
D_0001295407,0,0.077879,0
D_0001295596,0,0.176340,0
D_0001295722,0,0.092575,0
D_0001295764,0,0.076323,0
D_0001296394,1,0.999872,1
D_0001296499,1,0.993896,1
D_0001296646,1,0.998915,1
D_0001296667,1,0.996925,1
D_0001296709,1,0.999088,1
D_0001297339,0,0.094479,0
D_0001297402,1,0.986470,1
D_0001297612,0,0.053144,0
D_0001297717,0,0.065201,0
D_0001297780,0,0.120812,0
D_0001298704,0,0.689954,0
D_0001298746,0,0.130843,0
D_0001298788,1,0.997749,1
D_0001298851,1,0.988684,1
D_0001299040,1,0.998055,1
D_0001299061,1,0.992321,1
D_0001299313,0,0.131199,0
D_0001299502,0,0.506698,0
D_0001299544,1,0.998444,1
D_0001300048,0,0.115462,0
D_0001301056,0,0.141492,0
D_0001301497,1,0.084282,0
D_0001302526,1,0.994018,1
D_0001302589,0,0.182936,0
D_0001302694,0,0.207824,0
D_0001302925,0,0.124610,0
D_0001303513,0,0.105257,0
D_0001304731,0,0.019820,0
D_0001305361,1,0.987422,1
D_0001305676,1,0.995435,1
D_0001305928,1,0.998776,1
D_0001306999,1,0.999376,1
D_0001307209,1,0.999455,1
D_0001307293,0,0.083479,0
D_0001307860,0,0.087774,0
D_0001307902,1,0.099395,0
D_0001308007,0,0.067779,0
D_0001308091,0,0.095260,0
D_0001308238,1,0.999614,1
D_0001309015,1,0.997154,1
D_0001309813,1,0.999987,1
D_0001310590,1,0.262987,0
D_0001310737,0,0.221276,0
D_0001310842,1,0.995517,1
D_0001310863,1,0.996027,1
D_0001311304,1,0.951885,1
D_0001311367,0,0.692087,0
D_0001311640,0,0.263468,0
D_0001311766,1,0.999317,1
D_0001312333,0,0.070521,0
D_0001312564,1,0.982576,1
D_0001312753,1,0.970147,1
D_0001312858,0,0.081871,0
D_0001313026,1,0.999543,1
D_0001313803,1,0.142929,0
D_0001313824,1,0.999904,1
D_0001314139,0,0.134006,0
D_0001314580,1,0.999134,1
D_0001315042,1,0.989825,1
D_0001315357,1,0.999829,1
D_0001315441,0,0.212112,0
D_0001315546,0,0.105923,0
D_0001315861,1,0.883917,1
D_0001316449,0,0.095646,0
D_0001316995,1,0.998386,1
D_0001317268,0,0.147862,0
D_0001317709,0,0.835227,1
D_0001317814,1,0.976149,1
D_0001317898,1,0.123206,0
D_0001318192,0,0.157377,0
D_0001318234,1,0.999434,1
D_0001318444,1,0.999925,1
D_0001318591,1,0.999551,1
D_0001319473,1,0.999970,1
D_0001319620,1,0.425687,0
D_0001320292,0,0.108499,0
D_0001320712,1,0.997183,1
D_0001320922,1,0.987007,1
D_0001321447,0,0.186116,0
D_0001321846,1,0.958218,1
D_0001322203,1,0.996030,1
D_0001322350,1,0.989565,1
D_0001322413,0,0.091547,0
D_0001323211,1,0.999900,1
D_0001323316,1,0.999776,1
D_0001323862,0,0.185176,0
D_0001324009,1,0.995913,1
D_0001324366,0,0.056047,0
D_0001324912,1,0.643786,0
D_0001325479,0,0.094465,0
D_0001325500,0,0.073281,0
D_0001325668,0,0.170810,0
D_0001325689,1,0.998359,1
D_0001325773,1,0.994135,1
D_0001326424,1,0.998707,1
D_0001326571,1,0.997580,1
D_0001326802,0,0.706118,0
D_0001326865,1,0.993213,1
D_0001327096,1,0.999395,1
D_0001328188,0,0.114699,0
D_0001328503,1,0.999681,1
D_0001328902,0,0.288985,0
D_0001328923,1,0.999128,1
D_0001329091,0,0.128808,0
D_0001329154,1,0.999979,1
D_0001329280,0,0.778815,1
D_0001329931,1,0.987882,1
D_0001330498,1,0.999161,1
D_0001330645,0,0.189549,0
D_0001330729,1,0.267830,0
D_0001330960,0,0.237287,0
D_0001331086,0,0.334448,0
D_0001331275,0,0.276978,0
D_0001331317,0,0.214130,0
D_0001331359,0,0.037256,0
D_0001331380,0,0.055394,0
D_0001331401,0,0.243936,0
D_0001331506,1,0.998050,1
D_0001331527,0,0.147062,0
D_0001331548,1,0.986243,1
D_0001331569,1,0.991539,1
D_0001332241,0,0.285096,0
D_0001332472,0,0.158384,0
D_0001333480,1,0.999839,1
D_0001333648,0,0.742660,0
D_0001333774,1,0.051020,0
D_0001334677,1,0.985697,1
D_0001335349,0,0.091570,0
D_0001335517,1,0.996765,1
D_0001335538,0,0.141999,0
D_0001335811,1,0.996421,1
D_0001335832,0,0.139031,0
D_0001336084,0,0.088172,0
D_0001336147,1,0.999071,1
D_0001336210,1,0.271289,0
D_0001336819,0,0.169609,0
D_0001337113,0,0.116807,0
D_0001337197,1,0.990812,1
D_0001337491,1,0.993083,1
D_0001338016,1,0.998876,1
D_0001338142,1,0.999383,1
D_0001338184,0,0.091996,0
D_0001338226,0,0.924760,1
D_0001338310,0,0.118502,0
D_0001338352,1,0.999620,1
D_0001338373,0,0.109189,0
D_0001338772,1,0.135965,0
D_0001338898,0,0.067336,0
D_0001338919,1,0.999498,1
D_0001339990,1,0.998391,1
D_0001340725,1,0.999797,1
D_0001340809,1,0.999250,1
D_0001341229,0,0.073989,0
D_0001341250,1,0.073774,0
D_0001341670,1,0.784120,1
D_0001341754,1,0.993960,1
D_0001342993,0,0.638524,0
D_0001343140,1,0.996371,1
D_0001343203,1,0.999057,1
D_0001344379,0,0.781310,1
D_0001344505,0,0.114406,0
D_0001345009,1,0.999896,1
D_0001345240,0,0.240002,0
D_0001345366,0,0.073264,0
D_0001345534,1,0.216450,0
D_0001345828,0,0.357083,0
D_0001346038,0,0.434394,0
D_0001346374,0,0.263072,0
D_0001346542,0,0.462899,0
D_0001346563,0,0.724388,0
D_0001346626,1,0.998558,1
D_0001346689,0,0.510104,0
D_0001347088,1,0.999542,1
D_0001347424,0,0.080593,0
D_0001347529,1,0.996537,1
D_0001347613,0,0.122790,0
D_0001348159,1,0.984077,1
D_0001348201,1,0.996744,1
D_0001348642,0,0.946954,1
D_0001348957,1,0.999545,1
D_0001349167,0,0.138967,0
D_0001349965,1,0.999912,1
D_0001350049,0,0.995915,1
D_0001350448,0,0.123801,0
D_0001351225,1,0.999755,1
D_0001351876,1,0.078641,0
D_0001352044,0,0.656395,0
D_0001352149,0,0.087214,0
D_0001352191,1,0.999910,1
D_0001352464,1,0.999965,1
D_0001352821,0,0.124310,0
D_0001353325,1,0.996638,1
D_0001353514,1,0.990412,1
D_0001354501,1,0.999670,1
D_0001355110,0,0.571420,0
D_0001355341,0,0.034695,0
D_0001356370,0,0.085302,0
D_0001356454,0,0.095135,0
D_0001356517,0,0.379647,0
D_0001356916,1,0.977472,1
D_0001357063,1,0.999587,1
D_0001357357,1,0.238344,0
D_0001357756,1,0.983340,1
D_0001358071,1,0.999255,1
D_0001358533,1,0.999812,1
D_0001359121,0,0.748898,0
D_0001359541,1,0.799182,1
D_0001359583,0,0.094603,0
D_0001359604,1,0.987565,1
D_0001359835,0,0.212749,0
D_0001361158,1,0.995648,1
D_0001361452,1,0.989807,1
D_0001361683,1,0.998241,1
D_0001361704,0,0.103087,0
D_0001361851,1,0.994899,1
D_0001362754,1,0.998656,1
D_0001364077,1,0.997479,1
D_0001364329,1,0.999772,1
D_0001364350,0,0.114245,0
D_0001364665,0,0.131163,0
D_0001365631,1,0.999757,1
D_0001366051,0,0.077378,0
D_0001366240,1,0.999799,1
D_0001366471,1,0.274292,0
D_0001366597,1,0.997240,1
D_0001366723,0,0.086929,0
D_0001366849,0,0.094569,0
D_0001367353,0,0.137757,0
D_0001367752,1,0.997681,1
D_0001367815,1,0.995413,1
D_0001368991,0,0.080147,0
D_0001369558,0,0.029538,0
D_0001369726,1,0.991867,1
D_0001369747,0,0.048672,0
D_0001370209,0,0.282526,0
D_0001370398,0,0.084392,0
D_0001370524,0,0.216069,0
D_0001370902,1,0.984623,1
D_0001371574,1,0.999990,1
D_0001371784,1,0.141329,0
D_0001371973,1,0.998713,1
D_0001372267,0,0.022932,0
D_0001372792,1,0.999837,1
D_0001373233,1,0.999798,1
D_0001373338,1,0.999587,1
D_0001373632,1,0.996020,1
D_0001373674,1,0.999377,1
D_0001373800,1,0.971505,1
D_0001374094,0,0.155457,0
D_0001374178,1,0.999979,1
D_0001374367,0,0.541454,0
D_0001374493,1,0.999672,1
D_0001374535,1,0.999308,1
D_0001375207,0,0.103489,0
D_0001375690,0,0.624875,0
D_0001376236,1,0.140034,0
D_0001376425,1,0.999034,1
D_0001376446,1,0.999928,1
D_0001376488,1,0.999768,1
D_0001376782,0,0.165611,0
D_0001376971,0,0.200475,0
D_0001377034,0,0.075159,0
D_0001377202,1,0.146683,0
D_0001377475,0,0.525866,0
D_0001377832,1,0.999859,1
D_0001377916,0,0.150061,0
D_0001377979,0,0.109988,0
D_0001378189,0,0.081609,0
D_0001378378,0,0.059125,0
D_0001379008,0,0.055798,0
D_0001379092,0,0.050085,0
D_0001379218,1,0.999337,1
D_0001379260,1,0.999762,1
D_0001379302,1,0.999813,1
D_0001379386,0,0.133003,0
D_0001379638,1,0.999821,1
D_0001380898,1,0.986791,1
D_0001380940,1,0.999646,1
D_0001381024,0,0.074545,0
D_0001381045,1,0.999489,1
D_0001381318,1,0.204012,0
D_0001382179,1,0.999498,1
D_0001382326,0,0.247983,0
D_0001382494,1,0.999893,1
D_0001382599,1,0.994954,1
D_0001382746,0,0.081504,0
D_0001383082,1,0.721923,0
D_0001383985,1,0.999661,1
D_0001384762,0,0.107184,0
D_0001384993,1,0.088329,0
D_0001385182,1,0.999538,1
D_0001385497,0,0.117790,0
D_0001385749,1,0.999617,1
D_0001386085,0,0.072604,0
D_0001386442,1,0.985484,1
D_0001386631,0,0.202138,0
D_0001387114,1,0.992958,1
D_0001387135,1,0.999633,1
D_0001388353,1,0.997794,1
D_0001388626,0,0.138906,0
D_0001388836,0,0.251243,0
D_0001389067,0,0.025619,0
D_0001389298,0,0.860517,1
D_0001389319,0,0.099193,0
D_0001389970,0,0.041354,0
D_0001390075,0,0.133142,0
D_0001390117,0,0.789641,1
D_0001390390,1,0.999268,1
D_0001390495,0,0.206209,0
D_0001390915,1,0.964014,1
D_0001390999,1,0.999965,1
D_0001391020,0,0.832773,1
D_0001391335,0,0.277287,0
D_0001392217,1,0.999480,1
D_0001392469,1,0.989319,1
D_0001392847,0,0.238384,0
D_0001393183,1,0.997529,1
D_0001393981,1,0.983913,1
D_0001394128,0,0.718387,0
D_0001394611,0,0.151597,0
D_0001394674,0,0.003267,0
D_0001395367,1,0.996400,1
D_0001395388,1,0.999968,1
D_0001396060,0,0.230572,0
D_0001396165,0,0.047184,0
D_0001396396,1,0.982421,1
D_0001396816,0,0.173687,0
D_0001397299,1,0.106476,0
D_0001397698,1,0.999996,1
D_0001397719,1,0.999304,1
D_0001397866,1,0.998515,1
D_0001398664,1,0.999937,1
D_0001398769,0,0.076103,0
D_0001398811,0,0.205866,0
D_0001398832,1,0.970449,1
D_0001398937,0,0.717420,0
D_0001399000,0,0.103418,0
D_0001399357,0,0.347985,0
D_0001399903,0,0.917163,1
D_0001400449,1,0.190477,0
D_0001400491,1,0.999618,1
D_0001400701,0,0.183842,0
D_0001400806,1,0.999197,1
D_0001401436,1,0.999789,1
D_0001401562,0,0.132794,0
D_0001401730,0,0.058060,0
D_0001402087,0,0.741373,0
D_0001402822,1,0.999946,1
D_0001402885,0,0.051968,0
D_0001402990,1,0.999949,1
D_0001403326,1,0.999691,1
D_0001404124,1,0.989752,1
D_0001404691,0,0.043054,0
D_0001405006,0,0.097607,0
D_0001405090,1,0.057623,0
D_0001406140,0,0.033143,0
D_0001406644,1,0.999894,1
D_0001406875,0,0.299141,0
D_0001407232,0,0.108126,0
D_0001407379,0,0.116505,0
D_0001407400,0,0.183283,0
D_0001407694,1,0.984931,1
D_0001407757,1,0.999876,1
D_0001407799,1,0.998577,1
D_0001407820,0,0.061395,0
D_0001408177,0,0.237334,0
D_0001408282,1,0.996433,1
D_0001408429,0,0.052689,0
D_0001409290,1,0.252962,0
D_0001409374,0,0.207741,0
D_0001409626,1,0.999750,1
D_0001409836,1,0.998470,1
D_0001409878,1,0.995751,1
D_0001410172,0,0.129218,0
D_0001410382,1,0.999374,1
D_0001410592,0,0.086037,0
D_0001410760,1,0.998322,1
D_0001411264,0,0.095450,0
D_0001411411,1,0.999383,1
D_0001411642,1,0.999015,1
D_0001411747,0,0.150207,0
D_0001411831,0,0.094559,0
D_0001412083,0,0.262004,0
D_0001412986,0,0.696859,0
D_0001413448,1,0.996724,1
D_0001413595,1,0.999599,1
D_0001414393,1,0.998367,1
D_0001414477,1,0.995171,1
D_0001414624,0,0.195899,0
D_0001414729,0,0.167727,0
D_0001415338,1,0.999407,1
D_0001415485,0,0.987684,1
D_0001415884,0,0.719742,0
D_0001415905,0,0.088949,0
D_0001415989,0,0.584706,0
D_0001416010,0,0.053127,0
D_0001416472,1,0.999797,1
D_0001416661,1,0.999569,1
D_0001417249,1,0.998765,1
D_0001417333,0,0.161970,0
D_0001417942,1,0.250506,0
D_0001417963,1,0.999643,1
D_0001418236,1,0.998859,1
D_0001419286,1,0.998634,1
D_0001420399,0,0.753579,0
D_0001420525,1,0.941187,1
D_0001420630,1,0.998175,1
D_0001421071,1,0.999713,1
D_0001421092,0,0.146409,0
D_0001421512,0,0.865894,1
D_0001421680,1,0.999745,1
D_0001421869,1,0.195825,0
D_0001421953,1,0.318648,0
D_0001422520,1,0.999963,1
D_0001422625,1,0.999686,1
D_0001422667,1,0.999962,1
D_0001423192,1,0.999417,1
D_0001423423,0,0.698650,0
D_0001423528,1,0.052186,0
D_0001423675,1,0.997767,1
D_0001423696,1,0.999817,1
D_0001423948,0,0.084820,0
D_0001423990,0,0.019130,0
D_0001424179,0,0.166115,0
D_0001425271,1,0.997757,1
D_0001425460,1,0.999699,1
D_0001426363,1,0.998588,1
D_0001426993,0,0.070802,0
D_0001427140,0,0.176336,0
D_0001427350,0,0.255792,0
D_0001427623,1,0.998315,1
D_0001427959,0,0.138776,0
D_0001428001,1,0.996289,1
D_0001428946,0,0.128022,0
D_0001429387,0,0.911407,1
D_0001429933,1,0.999918,1
D_0001430395,1,0.999392,1
D_0001430500,0,0.095348,0
D_0001430542,1,0.999495,1
D_0001430584,0,0.220155,0
D_0001430815,1,0.995758,1
D_0001430836,1,0.079039,0
D_0001431361,0,0.769229,1
D_0001431571,0,0.083660,0
D_0001431655,1,0.999738,1
D_0001431760,1,0.999260,1
D_0001431802,1,0.105159,0
D_0001432096,0,0.148794,0
D_0001433314,0,0.143462,0
D_0001433398,1,0.997832,1
D_0001433881,0,0.173572,0
D_0001434112,1,0.135621,0
D_0001434133,1,0.999234,1
D_0001434427,1,0.999412,1
D_0001434658,0,0.152990,0
D_0001435624,0,0.078690,0
D_0001435645,1,0.999871,1
D_0001435666,0,0.165326,0
D_0001435960,0,0.088209,0
D_0001435981,1,0.999579,1
D_0001436548,0,0.672620,0
D_0001436590,0,0.036405,0
D_0001436695,0,0.084966,0
D_0001436737,0,0.528356,0
D_0001436779,1,0.999826,1
D_0001436968,0,0.231771,0
D_0001437325,1,0.999805,1
D_0001438585,1,0.255439,0
D_0001438942,1,0.999357,1
D_0001438984,0,0.268808,0
D_0001439131,1,0.996887,1
D_0001439656,1,0.987415,1
D_0001439740,1,0.999095,1
D_0001439908,0,0.433067,0
D_0001441126,1,0.053526,0
D_0001441357,0,0.138816,0
D_0001441420,1,0.999943,1
D_0001441462,1,0.998019,1
D_0001441882,1,0.999543,1
D_0001442281,1,0.993033,1
D_0001442680,0,0.290235,0
D_0001443310,0,0.649183,0
D_0001443352,0,0.129560,0
D_0001443520,1,0.999649,1
D_0001443940,1,0.990878,1
D_0001444003,1,0.999937,1
D_0001444213,1,0.999601,1
D_0001444633,0,0.183798,0
D_0001444717,1,0.995852,1
D_0001445809,1,0.999503,1
D_0001446250,1,0.144930,0
D_0001446691,1,0.998447,1
D_0001446733,1,0.999782,1
D_0001446964,1,0.999613,1
D_0001447804,1,0.999477,1
D_0001447909,1,0.999416,1
D_0001448329,0,0.425464,0
D_0001449085,1,0.980899,1
D_0001449652,1,0.994293,1
D_0001450408,0,0.945230,1
D_0001450723,0,0.058637,0
D_0001451521,1,0.992108,1
D_0001451668,0,0.032808,0
D_0001452067,0,0.073887,0
D_0001452214,1,0.994390,1
D_0001452340,0,0.230576,0
D_0001453096,0,0.128138,0
D_0001453222,1,0.999636,1
D_0001453432,1,0.999758,1
D_0001453474,1,0.997443,1
D_0001453621,1,0.082834,0
D_0001453978,0,0.123499,0
D_0001454062,1,0.976969,1
D_0001454104,0,0.180835,0
D_0001454314,1,0.998862,1
D_0001454524,1,0.915744,1
D_0001454629,0,0.090403,0
D_0001455028,0,0.047882,0
D_0001455574,1,0.995322,1
D_0001455952,1,0.968640,1
D_0001456267,1,0.995000,1
D_0001456456,1,0.999689,1
D_0001456519,1,0.995232,1
D_0001456813,1,0.999212,1
D_0001456918,1,0.999405,1
D_0001457191,0,0.121002,0
D_0001457422,0,0.105510,0
D_0001457485,1,0.267684,0
D_0001457800,0,0.054828,0
D_0001457842,1,0.999469,1
D_0001458052,1,0.999718,1
D_0001458115,1,0.214705,0
D_0001458409,0,0.111365,0
D_0001458577,0,0.998691,1
D_0001459249,0,0.077754,0
D_0001459270,1,0.999767,1
D_0001459438,1,0.999988,1
D_0001459816,1,0.992505,1
D_0001459963,0,0.609342,0
D_0001460089,1,0.999570,1
D_0001460131,1,0.975533,1
D_0001461412,0,0.501864,0
D_0001461517,1,0.999855,1
D_0001461895,0,0.972314,1
D_0001462021,0,0.107539,0
D_0001462441,1,0.999481,1
D_0001462483,1,0.999157,1
D_0001462504,1,0.999969,1
D_0001462861,1,0.999698,1
D_0001462966,1,0.994787,1
D_0001463092,0,0.161684,0
D_0001463134,1,0.981825,1
D_0001463869,1,0.998313,1
D_0001463911,1,0.998596,1
D_0001464583,0,0.190169,0
D_0001464856,0,0.518745,0
D_0001465045,0,0.280028,0
D_0001465171,0,0.159920,0
D_0001465381,0,0.096834,0
D_0001465549,0,0.981458,1
D_0001465633,0,0.121170,0
D_0001466221,1,0.996648,1
D_0001466746,0,0.114321,0
D_0001466998,0,0.062203,0
D_0001467292,1,0.999330,1
D_0001467670,0,0.968727,1
D_0001468363,1,0.997806,1
D_0001468426,1,0.993872,1
D_0001468657,0,0.010418,0
D_0001468930,0,0.124355,0
D_0001469224,1,0.086279,0
D_0001469350,1,0.999794,1
D_0001469497,1,0.999987,1
D_0001469623,0,0.031141,0
D_0001469854,1,0.228721,0
D_0001470106,0,0.965712,1
D_0001470547,1,0.188863,0
D_0001471135,0,0.174693,0
D_0001471324,1,0.996159,1
D_0001471975,1,0.996644,1
D_0001472248,0,0.246454,0
D_0001472500,0,0.107339,0
D_0001472878,1,0.999573,1
D_0001472962,1,0.984624,1
D_0001473151,0,0.090807,0
D_0001473424,0,0.703312,0
D_0001473550,1,0.996139,1
D_0001474180,0,0.069721,0
D_0001474201,0,0.110619,0
D_0001474327,0,0.068306,0
D_0001474432,1,0.999970,1
D_0001474453,0,0.147086,0
D_0001474621,1,0.999595,1
D_0001474999,1,0.999715,1
D_0001475692,0,0.088194,0
D_0001475776,1,0.998837,1
D_0001475839,1,0.995211,1
D_0001476007,0,0.055504,0
D_0001476070,0,0.856930,1
D_0001476301,0,0.171548,0
D_0001477267,1,0.931809,1
D_0001477477,1,0.999768,1
D_0001477708,0,0.586706,0
D_0001477771,1,0.063258,0
D_0001478107,1,0.998224,1
D_0001478359,0,0.963813,1
D_0001479241,0,0.079570,0
D_0001479304,0,0.078647,0
D_0001479955,0,0.077279,0
D_0001480081,0,0.366690,0
D_0001480291,0,0.486078,0
D_0001480333,1,0.996214,1
D_0001480459,1,0.998470,1
D_0001480480,1,0.277506,0
D_0001480690,0,0.134667,0
D_0001480858,1,0.998298,1
D_0001481635,0,0.254912,0
D_0001482097,0,0.009799,0
D_0001482265,0,0.069512,0
D_0001482496,1,0.990834,1
D_0001482622,1,0.997515,1
D_0001482769,0,0.559806,0
D_0001482937,1,0.999002,1
D_0001482979,1,0.999857,1
D_0001483168,0,0.047633,0
D_0001483231,1,0.989262,1
D_0001483420,0,0.040197,0
D_0001483819,0,0.225852,0
D_0001484071,0,0.819880,1
D_0001484134,1,0.999572,1
D_0001484197,1,0.999324,1
D_0001484533,1,0.998567,1
D_0001484596,1,0.999866,1
D_0001484806,1,0.882135,1
D_0001485247,1,0.999834,1
D_0001486276,1,0.991725,1
D_0001486696,1,0.992650,1
D_0001486885,0,0.382348,0
D_0001487032,1,0.990932,1
D_0001487221,0,0.103638,0
D_0001487326,0,0.101865,0
D_0001487536,0,0.070743,0
D_0001487599,1,0.999312,1
D_0001487746,1,0.976483,1
D_0001487914,1,0.999507,1
D_0001488061,0,0.111230,0
D_0001488208,0,0.091554,0
D_0001488481,0,0.095416,0
D_0001489090,0,0.130444,0
D_0001489111,1,0.998422,1
D_0001489237,1,0.999249,1
D_0001489447,1,0.998340,1
D_0001489762,0,0.156940,0
D_0001489951,0,0.091077,0
D_0001490098,1,0.999955,1
D_0001490119,0,0.445234,0
D_0001490602,1,0.999837,1
D_0001491337,0,0.113402,0
D_0001491379,0,0.200071,0
D_0001491400,1,0.997102,1
D_0001491757,0,0.136800,0
D_0001492345,0,0.083074,0
D_0001493374,0,0.048062,0
D_0001493416,1,0.987911,1
D_0001493626,1,0.999927,1
D_0001493731,0,0.074106,0
D_0001494025,1,0.999860,1
D_0001494613,1,0.986298,1
D_0001494718,0,0.247249,0
D_0001494802,1,0.998025,1
D_0001494907,1,0.999915,1
D_0001495138,1,0.984298,1
D_0001495516,0,0.102907,0
D_0001495600,1,0.998989,1
D_0001496083,0,0.160387,0
D_0001496230,1,0.999957,1
D_0001496818,0,0.063898,0
D_0001497805,0,0.114412,0
D_0001498372,0,0.023741,0
D_0001498414,1,0.999270,1
D_0001498687,1,0.998302,1
D_0001498771,1,0.999221,1
D_0001498855,0,0.055524,0
D_0001498981,1,0.994728,1
D_0001499128,1,0.998817,1
D_0001499653,1,0.999714,1
D_0001499989,1,0.998236,1
D_0001500073,0,0.481984,0
D_0001500346,1,0.991158,1
D_0001500493,1,0.186449,0
D_0001500535,0,0.060448,0
D_0001500850,1,0.998893,1
D_0001501018,1,0.997570,1
D_0001501102,1,0.963104,1
D_0001501186,1,0.997523,1
D_0001501795,0,0.213818,0
D_0001502194,0,0.035877,0
D_0001502341,0,0.095335,0
D_0001503055,1,0.999371,1
D_0001503118,1,0.999729,1
D_0001503181,1,0.984544,1
D_0001503307,1,0.999652,1
D_0001503391,1,0.999555,1
D_0001503895,1,0.198762,0
D_0001504063,0,0.045365,0
D_0001504630,1,0.993141,1
D_0001505176,0,0.142329,0
D_0001505407,1,0.997294,1
D_0001505470,0,0.133130,0
D_0001505848,0,0.106159,0
D_0001506247,1,0.974978,1
D_0001506478,1,0.991178,1
D_0001506562,0,0.174064,0
D_0001506646,1,0.996625,1
D_0001506835,1,0.999975,1
D_0001506919,1,0.999945,1
D_0001506961,0,0.068136,0
D_0001507213,0,0.218937,0
D_0001507486,1,0.999443,1
D_0001507717,1,0.991781,1
D_0001507822,0,0.673901,0
D_0001508179,0,0.215029,0
D_0001508326,1,0.998946,1
D_0001508830,1,0.998611,1
D_0001509103,1,0.235895,0
D_0001509376,1,0.983147,1
D_0001509418,0,0.086938,0
D_0001509817,0,0.695613,0
D_0001510048,0,0.967951,1
D_0001510489,0,0.042017,0
D_0001510825,1,0.251707,0
D_0001510909,0,0.833867,1
D_0001511455,0,0.041892,0
D_0001511518,0,0.547534,0
D_0001512211,0,0.453378,0
D_0001512589,0,0.091414,0
D_0001512652,1,0.999456,1
D_0001513555,0,0.185482,0
D_0001513933,1,0.998320,1
D_0001514353,1,0.999128,1
D_0001514731,0,0.166613,0
D_0001515193,0,0.109351,0
D_0001515256,1,0.992034,1
D_0001515277,0,0.264616,0
D_0001515613,0,0.739033,0
D_0001515655,1,0.998962,1
D_0001515907,0,0.934678,1
D_0001515970,1,0.999465,1
D_0001516117,0,0.075924,0
D_0001516264,0,0.282638,0
D_0001516348,0,0.153598,0
D_0001516369,1,0.086431,0
D_0001516642,1,0.999953,1
D_0001516705,0,0.047367,0
D_0001516726,0,0.125578,0
D_0001517062,1,0.997724,1
D_0001517797,0,0.127796,0
D_0001518007,1,0.060252,0
D_0001518091,1,0.998495,1
D_0001518511,1,0.982902,1
D_0001518532,1,0.993574,1
D_0001519036,1,0.989820,1
D_0001519834,1,0.996618,1
D_0001519855,0,0.110529,0
D_0001519918,0,0.144743,0
D_0001520023,1,0.998462,1
D_0001520191,0,0.111332,0
D_0001520653,0,0.199256,0
D_0001520737,0,0.993394,1
D_0001520884,0,0.684431,0
D_0001521052,1,0.999949,1
D_0001521073,0,0.100666,0
D_0001521199,0,0.133618,0
D_0001521451,1,0.999434,1
D_0001522417,0,0.087110,0
D_0001522963,0,0.146235,0
D_0001523404,1,0.997869,1
D_0001523509,0,0.085304,0
D_0001523971,0,0.045860,0
D_0001524580,1,0.998331,1
D_0001524727,1,0.999797,1
D_0001524811,1,0.999711,1
D_0001524916,1,0.999226,1
D_0001525000,0,0.033152,0
D_0001525021,0,0.503203,0
D_0001525336,0,0.054442,0
D_0001525567,1,0.156766,0
D_0001525609,1,0.995261,1
D_0001526176,1,0.999711,1
D_0001526512,1,0.997833,1
D_0001527163,1,0.999657,1
D_0001527310,1,0.991261,1
D_0001527478,0,0.233053,0
D_0001527751,1,0.994210,1
D_0001528171,1,0.191363,0
D_0001528276,0,0.095812,0
D_0001528402,1,0.999334,1
D_0001528675,0,0.868702,1
D_0001528717,1,0.992765,1
D_0001529389,1,0.991977,1
D_0001529725,0,0.063941,0
D_0001529998,1,0.999957,1
D_0001530103,0,0.959235,1
D_0001530754,1,0.992704,1
D_0001530901,1,0.991736,1
D_0001531174,1,0.970716,1
D_0001531216,0,0.160365,0
D_0001531300,1,0.999846,1
D_0001531846,0,0.259559,0
D_0001532056,1,0.500553,0
D_0001532098,1,0.996516,1
D_0001532371,1,0.996351,1
D_0001532728,0,0.067944,0
D_0001532749,1,0.996438,1
D_0001532854,1,0.999679,1
D_0001532980,1,0.999742,1
D_0001533169,0,0.071279,0
D_0001533232,1,0.999978,1
D_0001533505,0,0.721541,0
D_0001533568,1,0.999685,1
D_0001534408,1,0.989227,1
D_0001534576,1,0.997098,1
D_0001534660,0,0.225160,0
D_0001535185,0,0.117182,0
D_0001535437,1,0.992476,1
D_0001535458,0,0.036021,0
D_0001535941,1,0.081249,0
D_0001538167,1,0.632173,0
D_0001538419,0,0.077089,0
D_0001538860,0,0.096974,0
D_0001538923,1,0.124503,0
D_0001539217,1,0.998281,1
D_0001539343,1,0.993030,1
D_0001539448,0,0.124646,0
D_0001539784,1,0.999674,1
D_0001540036,0,0.129368,0
D_0001540414,0,0.120896,0
D_0001540582,1,0.999716,1
D_0001541233,1,0.999088,1
D_0001541674,0,0.117190,0
D_0001541779,1,0.997512,1
D_0001541884,0,0.924676,1
D_0001542073,1,0.999756,1
D_0001542199,0,0.176933,0
D_0001542241,0,0.899796,1
D_0001542640,0,0.110057,0
D_0001542745,0,0.054297,0
D_0001543081,0,0.063306,0
D_0001543270,0,0.138227,0
D_0001543711,1,0.993608,1
D_0001543816,0,0.100369,0
D_0001544572,0,0.174021,0
D_0001545160,1,0.149545,0
D_0001545223,1,0.989478,1
D_0001545454,0,0.215888,0
D_0001545685,1,0.996984,1
D_0001545874,1,0.988556,1
D_0001545895,1,0.974540,1
D_0001546063,1,0.999980,1
D_0001546693,1,0.994066,1
D_0001546777,1,0.995464,1
D_0001546840,0,0.028344,0
D_0001547050,1,0.986627,1
D_0001547260,0,0.129942,0
D_0001547281,1,0.999797,1
D_0001547428,1,0.999960,1
D_0001547533,1,0.999558,1
D_0001548121,1,0.998884,1
D_0001548205,1,0.998764,1
D_0001548436,0,0.151274,0
D_0001548499,1,0.999138,1
D_0001548814,1,0.999978,1
D_0001549927,1,0.999890,1
D_0001550263,1,0.999930,1
D_0001550977,1,0.999764,1
D_0001551544,1,0.986290,1
D_0001551565,0,0.160250,0
D_0001551586,1,0.999988,1
D_0001551838,1,0.208031,0
D_0001551901,0,0.113570,0
D_0001551964,1,0.999790,1
D_0001552195,1,0.999357,1
D_0001552720,1,0.997085,1
D_0001552741,1,0.987264,1
D_0001552846,1,0.999862,1
D_0001552972,0,0.120940,0
D_0001553266,1,0.999911,1
D_0001553392,1,0.364772,0
D_0001553518,1,0.999773,1
D_0001553623,1,0.999226,1
D_0001554967,0,0.217958,0
D_0001554988,0,0.163674,0
D_0001555219,0,0.043250,0
D_0001555513,0,0.142965,0
D_0001555681,1,0.999171,1
D_0001556374,1,0.999806,1
D_0001557256,1,0.999713,1
D_0001557949,1,0.992677,1
D_0001558243,0,0.081010,0
D_0001559062,0,0.123427,0
D_0001559293,1,0.996768,1
D_0001560616,1,0.997681,1
D_0001560847,0,0.989973,1
D_0001561288,1,0.998462,1
D_0001561309,1,0.990924,1
D_0001561330,1,0.999872,1
D_0001561351,0,0.221838,0
D_0001561771,1,0.999329,1
D_0001562023,1,0.999590,1
D_0001562128,0,0.142932,0
D_0001562296,1,0.999151,1
D_0001562401,1,0.619831,0
D_0001562737,0,0.184640,0
D_0001563535,0,0.093291,0
D_0001563598,0,0.119088,0
D_0001563619,1,0.999308,1
D_0001563808,1,0.999495,1
D_0001564081,1,0.997763,1
D_0001564270,1,0.998503,1
D_0001564417,1,0.999463,1
D_0001565341,0,0.178535,0
D_0001565761,0,0.162518,0
D_0001565908,0,0.154951,0
D_0001566076,1,0.993632,1
D_0001566181,0,0.896696,1
D_0001567189,1,0.999539,1
D_0001567819,0,0.049834,0
D_0001568239,1,0.946380,1
D_0001568365,1,0.992161,1
D_0001568638,1,0.997499,1
D_0001568659,1,0.992209,1
D_0001568743,0,0.089086,0
D_0001568785,0,0.084596,0
D_0001568911,1,0.999357,1
D_0001569016,0,0.062311,0
D_0001569037,0,0.092429,0
D_0001569100,1,0.999556,1
D_0001569121,1,0.998607,1
D_0001569163,1,0.995681,1
D_0001569289,0,0.054718,0
D_0001569436,0,0.020639,0
D_0001569478,0,0.846994,1
D_0001569499,0,0.213151,0
D_0001570066,0,0.052181,0
D_0001570129,1,0.999508,1
D_0001570402,1,0.995501,1
D_0001570885,1,0.993003,1
D_0001571095,0,0.453857,0
D_0001571221,1,0.999978,1
D_0001571935,1,0.147607,0
D_0001572859,1,0.994678,1
D_0001572922,1,0.999392,1
D_0001573384,1,0.999382,1
D_0001573699,0,0.081957,0
D_0001573762,0,0.773887,1
D_0001573804,1,0.965918,1
D_0001573930,0,0.502998,0
D_0001574371,1,0.999200,1
D_0001575778,0,0.059748,0
D_0001575967,1,0.982478,1
D_0001576072,0,0.765893,0
D_0001576093,0,0.113836,0
D_0001576219,0,0.121424,0
D_0001576240,0,0.058408,0
D_0001576303,1,0.999752,1
D_0001576513,1,0.999094,1
D_0001576681,1,0.112399,0
D_0001576912,1,0.974773,1
D_0001576933,0,0.030292,0
D_0001577059,1,0.993006,1
D_0001577080,1,0.999548,1
D_0001577290,0,0.073628,0
D_0001577395,1,0.999261,1
D_0001577500,0,0.052638,0
D_0001577878,1,0.999461,1
D_0001577941,1,0.988759,1
D_0001578151,0,0.409284,0
D_0001578277,0,0.152935,0
D_0001578550,0,0.185612,0
D_0001578613,0,0.078609,0
D_0001578718,0,0.549589,0
D_0001579327,1,0.998657,1
D_0001579348,0,0.098321,0
D_0001579411,0,0.087400,0
D_0001579642,1,0.998810,1
D_0001579663,0,0.089598,0
D_0001580272,1,0.999464,1
D_0001580314,1,0.104861,0
D_0001580377,1,0.102538,0
D_0001580461,1,0.998503,1
D_0001580503,1,0.999951,1
D_0001580608,0,0.991883,1
D_0001580734,1,0.999965,1
D_0001581448,1,0.998291,1
D_0001581469,0,0.945968,1
D_0001581532,1,0.702340,0
D_0001581553,0,0.881594,1
D_0001581574,0,0.132855,0
D_0001582078,1,0.135556,0
D_0001582435,1,0.999441,1
D_0001582477,1,0.999712,1
D_0001583254,0,0.055622,0
D_0001583884,1,0.994782,1
D_0001583905,0,0.141692,0
D_0001584178,1,0.999693,1
D_0001584388,0,0.276022,0
D_0001584451,0,0.191447,0
D_0001584472,1,0.427629,0
D_0001584556,0,0.119496,0
D_0001584682,0,0.049078,0
D_0001584892,0,0.078961,0
D_0001585249,0,0.863807,1
D_0001585879,1,0.992660,1
D_0001586425,0,0.598754,0
D_0001586530,0,0.364304,0
D_0001586572,0,0.073074,0
D_0001586740,0,0.070855,0
D_0001586782,0,0.101647,0
D_0001587328,0,0.067998,0
D_0001587496,0,0.184806,0
D_0001587580,1,0.999106,1
D_0001587769,1,0.995798,1
D_0001587895,1,0.993150,1
D_0001588126,0,0.291046,0
D_0001588336,1,0.999740,1
D_0001588441,1,0.999830,1
D_0001588546,1,0.999584,1
D_0001588924,0,0.095085,0
D_0001589113,0,0.095725,0
D_0001589617,1,0.141718,0
D_0001589680,0,0.310049,0
D_0001590247,1,0.999915,1
D_0001590331,0,0.217803,0
D_0001590730,0,0.206622,0
D_0001591108,1,0.996448,1
D_0001591381,0,0.453563,0
D_0001591444,0,0.148479,0
D_0001592221,1,0.032785,0
D_0001592347,1,0.999793,1
D_0001592578,0,0.065508,0
D_0001593166,1,0.995430,1
D_0001593418,0,0.098546,0
D_0001593439,1,0.214807,0
D_0001593628,1,0.996251,1
D_0001593691,0,0.080314,0
D_0001594174,1,0.998617,1
D_0001594804,1,0.999139,1
D_0001595035,0,0.106085,0
D_0001595875,0,0.190714,0
D_0001596358,1,0.999623,1
D_0001596631,0,0.399981,0
D_0001597513,1,0.998726,1
D_0001597723,0,0.084310,0
D_0001598080,0,0.833069,1
D_0001598143,1,0.999902,1
D_0001598164,0,0.115983,0
D_0001598437,1,0.999127,1
D_0001598668,1,0.999513,1
D_0001598710,1,0.999393,1
D_0001598815,1,0.999570,1
D_0001598836,1,0.986222,1
D_0001598941,0,0.051007,0
D_0001599046,1,0.998441,1
D_0001599193,0,0.106616,0
D_0001599256,1,0.999789,1
D_0001599319,1,0.918952,1
D_0001599634,0,0.053123,0
D_0001600663,1,0.999210,1
D_0001600768,0,0.857610,1
D_0001601335,1,0.999911,1
D_0001601419,0,0.531476,0
D_0001601671,0,0.060386,0
D_0001601797,0,0.190417,0
D_0001602154,1,0.067309,0
D_0001603078,0,0.061338,0
D_0001603435,0,0.160912,0
D_0001603477,1,0.114425,0
D_0001603498,0,0.052373,0
D_0001603582,1,0.999177,1
D_0001603687,1,0.999955,1
D_0001604065,1,0.387957,0
D_0001604254,1,0.999721,1
D_0001604317,0,0.073059,0
D_0001604884,1,0.999032,1
D_0001604926,0,0.616659,0
D_0001605031,0,0.850405,1
D_0001605073,1,0.998128,1
D_0001605241,1,0.835921,1
D_0001606564,0,0.153463,0
D_0001606711,0,0.969648,1
D_0001606774,0,0.060736,0
D_0001607005,0,0.933762,1
D_0001607236,0,0.127859,0
D_0001607257,1,0.105177,0
D_0001607404,0,0.154129,0
D_0001607509,0,0.079082,0
D_0001608076,1,0.986767,1
D_0001608286,0,0.138693,0
D_0001608643,1,0.999983,1
D_0001608769,1,0.943996,1
D_0001608958,0,0.148825,0
D_0001609420,1,0.999675,1
D_0001610071,0,0.100270,0
D_0001610281,0,0.038209,0
D_0001610890,0,0.135399,0
D_0001611352,0,0.071496,0
D_0001611520,1,0.997750,1
D_0001612297,0,0.186951,0
D_0001612423,0,0.504293,0
D_0001613011,0,0.037481,0
D_0001613095,1,0.999597,1
D_0001613116,1,0.999671,1
D_0001614082,1,0.999924,1
D_0001614418,0,0.167172,0
D_0001614544,1,0.249444,0
D_0001614775,0,0.088756,0
D_0001614859,1,0.999975,1
D_0001614922,0,0.977500,1
D_0001615006,1,0.999579,1
D_0001615573,0,0.038848,0
D_0001615594,0,0.692753,0
D_0001615699,0,0.432527,0
D_0001615888,0,0.970178,1
D_0001615930,0,0.076957,0
D_0001616119,1,0.999873,1
D_0001616539,0,0.665811,0
D_0001616686,1,0.999857,1
D_0001616770,1,0.463997,0
D_0001617862,1,0.999808,1
D_0001617967,1,0.966696,1
D_0001618198,1,0.995933,1
D_0001618450,1,0.994551,1
D_0001618702,0,0.066087,0
D_0001618975,1,0.996646,1
D_0001618996,1,0.993352,1
D_0001619164,0,0.145577,0
D_0001619185,1,0.999378,1
D_0001619353,0,0.199424,0
D_0001619416,0,0.068293,0
D_0001620088,1,0.995599,1
D_0001620193,1,0.996674,1
D_0001620340,0,0.074318,0
D_0001620403,0,0.163111,0
D_0001620739,0,0.058220,0
D_0001620970,0,0.056798,0
D_0001621516,1,0.999304,1
D_0001621621,1,0.999573,1
D_0001621705,0,0.145111,0
D_0001621810,0,0.122049,0
D_0001621852,0,0.083786,0
D_0001622272,0,0.121474,0
D_0001622440,1,0.999619,1
D_0001622482,1,0.999849,1
D_0001622524,1,0.996141,1
D_0001622566,0,0.448203,0
D_0001622881,1,0.986603,1
D_0001623028,1,0.688612,0
D_0001623217,1,0.998906,1
D_0001623553,1,0.994690,1
D_0001624015,0,0.044572,0
D_0001624561,1,0.999934,1
D_0001624645,1,0.999892,1
D_0001624750,0,0.250971,0
D_0001625023,0,0.705241,0
D_0001625107,0,0.103689,0
D_0001625338,0,0.286077,0
D_0001625800,1,0.107820,0
D_0001625884,0,0.033834,0
D_0001625926,0,0.093401,0
D_0001626199,0,0.072681,0
D_0001626766,1,0.999299,1
D_0001627165,1,0.999071,1
D_0001627879,1,0.999639,1
D_0001628068,0,0.637797,0
D_0001628446,0,0.234158,0
D_0001628614,1,0.998229,1
D_0001628677,0,0.846763,1
D_0001628971,1,0.986431,1
D_0001629181,1,0.998414,1
D_0001629475,0,0.085752,0
D_0001629769,0,0.131027,0
D_0001629937,0,0.085189,0
D_0001630252,1,0.702283,0
D_0001630336,1,0.999965,1
D_0001630399,1,0.999753,1
D_0001630525,0,0.128836,0
D_0001630924,1,0.999357,1
D_0001631323,1,0.999623,1
D_0001631491,1,0.950603,1
D_0001631680,1,0.999772,1
D_0001631848,1,0.984431,1
D_0001632352,1,0.993761,1
D_0001632373,0,0.755124,0
D_0001632730,0,0.147630,0
D_0001632961,1,0.998119,1
D_0001633675,1,0.999625,1
D_0001634389,0,0.067246,0
D_0001635103,1,0.999413,1
D_0001635670,1,0.967560,1
D_0001635712,0,0.123788,0
D_0001635859,1,0.999959,1
D_0001636258,1,0.999912,1
D_0001636342,1,0.998436,1
D_0001636426,1,0.989822,1
D_0001636846,0,0.760046,0
D_0001637077,0,0.249717,0
D_0001637917,1,0.999952,1
D_0001638022,1,0.998687,1
D_0001638064,1,0.988605,1
D_0001638106,1,0.999882,1
D_0001638274,1,0.997865,1
D_0001638358,0,0.058708,0
D_0001638631,1,0.998707,1
D_0001638652,0,0.077893,0
D_0001639051,1,0.999060,1
D_0001639261,0,0.106382,0
D_0001639597,1,0.999340,1
D_0001639618,0,0.107915,0
D_0001639849,1,0.999820,1
D_0001640794,0,0.119986,0
D_0001640899,0,0.067256,0
D_0001640941,0,0.194787,0
D_0001640962,1,0.101164,0
D_0001641109,0,0.269866,0
D_0001641424,1,0.232307,0
D_0001641487,1,0.973285,1
D_0001641613,0,0.546403,0
D_0001641676,1,0.998868,1
D_0001641928,1,0.988585,1
D_0001642054,0,0.114193,0
D_0001642222,0,0.132212,0
D_0001642264,1,0.998860,1
D_0001642411,1,0.996680,1
D_0001642474,0,0.150888,0
D_0001642789,0,0.093108,0
D_0001644028,0,0.095447,0
D_0001644553,0,0.159750,0
D_0001644847,0,0.089091,0
D_0001644868,0,0.143553,0
D_0001645015,0,0.113354,0
D_0001645120,1,0.996989,1
D_0001645393,1,0.966157,1
D_0001645414,1,0.999039,1
D_0001646506,1,0.999343,1
D_0001646842,0,0.112758,0
D_0001646926,0,0.106620,0
D_0001646947,1,0.077208,0
D_0001647283,1,0.997943,1
D_0001647556,1,0.998871,1
D_0001647766,1,0.996108,1
D_0001648438,1,0.999403,1
D_0001649110,0,0.055755,0
D_0001649131,1,0.997242,1
D_0001649257,1,0.216342,0
D_0001649278,0,0.131859,0
D_0001649908,1,0.999477,1
D_0001650118,1,0.999846,1
D_0001650370,1,0.999694,1
D_0001650580,0,0.085763,0
D_0001650727,0,0.079304,0
D_0001650748,1,0.999982,1
D_0001651567,0,0.098874,0
D_0001652281,1,0.999360,1
D_0001652449,1,0.995164,1
D_0001652785,0,0.172671,0
D_0001653100,1,0.999348,1
D_0001653940,1,0.998350,1
D_0001654024,0,0.052470,0
D_0001654885,1,0.999100,1
D_0001655074,0,0.071013,0
D_0001655263,0,0.364412,0
D_0001656670,1,0.999918,1
D_0001657279,1,0.998000,1
D_0001657300,0,0.046767,0
D_0001657321,1,0.998110,1
D_0001657342,0,0.190276,0
D_0001657489,0,0.052393,0
D_0001657615,1,0.999281,1
D_0001658329,0,0.086815,0
D_0001658476,1,0.998234,1
D_0001658518,1,0.999837,1
D_0001658917,0,0.427397,0
D_0001658959,0,0.226041,0
D_0001659232,0,0.102696,0
D_0001659295,1,0.996930,1
D_0001659547,1,0.999843,1
D_0001659694,0,0.597246,0
D_0001660093,0,0.059005,0
D_0001660618,1,0.998376,1
D_0001660681,0,0.316099,0
D_0001661248,0,0.150233,0
D_0001661794,0,0.090624,0
D_0001662676,1,0.194537,0
D_0001662802,1,0.999959,1
D_0001662970,0,0.161742,0
D_0001663390,0,0.220510,0
D_0001663579,0,0.148935,0
D_0001663936,1,0.999688,1
D_0001664104,1,0.988953,1
D_0001664587,0,0.146297,0
D_0001665448,1,0.998810,1
D_0001665574,1,0.999536,1
D_0001665637,0,0.117914,0
D_0001665805,1,0.156290,0
D_0001666015,0,0.145182,0
D_0001666792,1,0.998020,1
D_0001666960,1,0.995513,1
D_0001667275,1,0.999035,1
D_0001667422,0,0.972068,1
D_0001667632,1,0.999586,1
D_0001668178,0,0.173943,0
D_0001668199,0,0.147259,0
D_0001668262,1,0.999617,1
D_0001668619,1,0.999533,1
D_0001668724,0,0.093136,0
D_0001669081,1,0.998567,1
D_0001669144,1,0.245733,0
D_0001669480,1,0.992866,1
D_0001670131,0,0.997965,1
D_0001670278,1,0.998612,1
D_0001670404,0,0.620161,0
D_0001670635,0,0.087860,0
D_0001671076,0,0.712002,0
D_0001671097,0,0.075593,0
D_0001671118,0,0.538848,0
D_0001671181,0,0.111799,0
D_0001671244,1,0.967466,1
D_0001671622,1,0.999549,1
D_0001672672,1,0.999850,1
D_0001672735,0,0.066727,0
D_0001673428,0,0.100566,0
D_0001673659,1,0.954955,1
D_0001673932,1,0.999530,1
D_0001674184,0,0.178734,0
D_0001674751,0,0.175847,0
D_0001674814,1,0.989781,1
D_0001675234,1,0.744903,0
D_0001675255,0,0.288240,0
D_0001675465,1,0.997177,1
D_0001675549,0,0.147913,0
D_0001675822,1,0.999348,1
D_0001676074,0,0.125325,0
D_0001676263,1,0.999823,1
D_0001676326,0,0.340703,0
D_0001676431,1,0.999573,1
D_0001676494,0,0.184080,0
D_0001676767,1,0.999592,1
D_0001677250,0,0.960477,1
D_0001677376,1,0.997717,1
D_0001677796,1,0.997960,1
D_0001678069,1,0.999168,1
D_0001678090,1,0.995543,1
D_0001678111,0,0.308149,0
D_0001678636,0,0.132256,0
D_0001679728,0,0.437841,0
D_0001680127,1,0.998853,1
D_0001680253,0,0.236373,0
D_0001680379,0,0.056364,0
D_0001680400,0,0.077831,0
D_0001680442,1,0.995866,1
D_0001680526,1,0.999881,1
D_0001680589,0,0.204689,0
D_0001680946,1,0.999667,1
D_0001681828,1,0.999669,1
D_0001681954,1,0.999971,1
D_0001682206,1,0.048054,0
D_0001682458,0,0.094050,0
D_0001682689,0,0.285669,0
D_0001683004,1,0.997692,1
D_0001683235,1,0.999956,1
D_0001683424,0,0.147598,0
D_0001683907,1,0.999523,1
D_0001684054,1,0.997423,1
D_0001684117,0,0.485432,0
D_0001684201,0,0.158878,0
D_0001684621,1,0.989563,1
D_0001684873,1,0.999952,1
D_0001686217,0,0.068103,0
D_0001686805,0,0.145401,0
D_0001686868,1,0.999703,1
D_0001686910,1,0.993301,1
D_0001687561,1,0.990604,1
D_0001688170,0,0.127503,0
D_0001688212,0,0.091229,0
D_0001688548,0,0.671002,0
D_0001688800,1,0.999785,1
D_0001688821,1,0.979269,1
D_0001688863,0,0.014749,0
D_0001688947,1,0.990971,1
D_0001689661,1,0.999659,1
D_0001689745,1,0.996791,1
D_0001690963,0,0.133030,0
D_0001691068,0,0.041001,0
D_0001691383,1,0.990766,1
D_0001691530,0,0.062522,0
D_0001692370,0,0.137683,0
D_0001692433,1,0.854790,1
D_0001692937,0,0.177014,0
D_0001692979,0,0.220931,0
D_0001693714,1,0.999910,1
D_0001693840,1,0.391301,0
D_0001693924,0,0.833979,1
D_0001693945,1,0.999878,1
D_0001694050,1,0.683691,0
D_0001694155,0,0.103843,0
D_0001694197,0,0.227250,0
D_0001695184,1,0.999438,1
D_0001695436,1,0.999514,1
D_0001695877,0,0.090515,0
D_0001696066,0,0.060825,0
D_0001696171,1,0.998679,1
D_0001696192,1,0.999775,1
D_0001696276,1,0.999747,1
D_0001696843,0,0.044673,0
D_0001697242,0,0.589438,0
D_0001697809,1,0.993388,1
D_0001698187,0,0.377659,0
D_0001698313,0,0.062924,0
D_0001698418,1,0.979879,1
D_0001699111,0,0.063483,0
D_0001699279,0,0.233717,0
D_0001699657,0,0.017353,0
D_0001699951,1,0.991177,1
D_0001700056,0,0.161154,0
D_0001700266,0,0.079886,0
D_0001700686,0,0.084740,0
D_0001700728,1,0.999073,1
D_0001700854,0,0.234065,0
D_0001701295,0,0.077476,0
D_0001701337,1,0.999984,1
D_0001701673,1,0.999444,1
D_0001701694,1,0.121438,0
D_0001701904,0,0.180845,0
D_0001702450,1,0.999441,1
D_0001702555,0,0.070649,0
D_0001702954,0,0.155659,0
D_0001703038,0,0.017075,0
D_0001703332,1,0.999893,1
D_0001703458,0,0.129673,0
D_0001703542,1,0.999383,1
D_0001703605,1,0.998982,1
D_0001703752,0,0.030122,0
D_0001703815,0,0.285685,0
D_0001703836,1,0.993775,1
D_0001703920,1,0.999325,1
D_0001704067,1,0.152496,0
D_0001704655,1,0.997735,1
D_0001704718,0,0.297627,0
D_0001704760,0,0.050414,0
D_0001704781,0,0.365116,0
D_0001705810,1,0.985210,1
D_0001706272,0,0.072946,0
D_0001706524,1,0.989722,1
D_0001706776,1,0.999971,1
D_0001706923,0,0.126970,0
D_0001707154,1,0.999761,1
D_0001708267,0,0.067187,0
D_0001708477,0,0.500901,0
D_0001708519,0,0.102097,0
D_0001708645,1,0.993241,1
D_0001709065,1,0.972767,1
D_0001709086,0,0.049326,0
D_0001709443,0,0.117229,0
D_0001709989,0,0.699582,0
D_0001710325,1,0.999201,1
D_0001710682,1,0.993507,1
D_0001711585,1,0.998916,1
D_0001711900,1,0.995225,1
D_0001711921,0,0.121077,0
D_0001712068,0,0.140345,0
D_0001712152,1,0.999921,1
D_0001712173,0,0.065600,0
D_0001712194,0,0.043090,0
D_0001712257,0,0.581960,0
D_0001712362,1,0.992389,1
D_0001712404,0,0.520823,0
D_0001713685,0,0.171638,0
D_0001713790,0,0.370750,0
D_0001713958,0,0.924589,1
D_0001713979,1,0.999855,1
D_0001714021,0,0.661433,0
D_0001714651,0,0.110371,0
D_0001714882,1,0.999038,1
D_0001714924,0,0.310362,0
D_0001714945,1,0.068367,0
D_0001715197,1,0.997343,1
D_0001716541,1,0.999739,1
D_0001716730,1,0.918278,1
D_0001716772,1,0.999926,1
D_0001717822,1,0.998297,1
D_0001717906,0,0.116302,0
D_0001717948,1,0.939354,1
D_0001718578,1,0.218626,0
D_0001718599,0,0.108792,0
D_0001718914,1,0.995107,1
D_0001719082,1,0.959566,1
D_0001719712,0,0.974281,1
D_0001719817,0,0.490885,0
D_0001719880,0,0.040041,0
D_0001720195,0,0.182675,0
D_0001720720,1,0.998812,1
D_0001720825,0,0.157002,0
D_0001721098,0,0.154156,0
D_0001721497,1,0.999954,1
D_0001721833,1,0.999980,1
D_0001721875,1,0.999049,1
D_0001722442,0,0.350773,0
D_0001722463,0,0.150153,0
D_0001722631,0,0.086119,0
D_0001722820,0,0.083175,0
D_0001722841,0,0.300954,0
D_0001723009,1,0.119373,0
D_0001723450,0,0.175998,0
D_0001723891,1,0.999499,1
D_0001723912,1,0.999718,1
D_0001724101,0,0.474853,0
D_0001724164,0,0.078797,0
D_0001724290,1,0.993183,1
D_0001725067,1,0.996840,1
D_0001725088,1,0.999565,1
D_0001725949,0,0.076292,0
D_0001726054,0,0.818192,1
D_0001726180,1,0.093919,0
D_0001726810,0,0.164366,0
D_0001726915,1,0.999813,1
D_0001727272,1,0.999842,1
D_0001727293,0,0.060235,0
D_0001727314,1,0.106571,0
D_0001727839,1,0.997136,1
D_0001728889,0,0.566938,0
D_0001729078,1,0.951409,1
D_0001729393,1,0.990267,1
D_0001729708,0,0.094444,0
D_0001729729,1,0.999920,1
D_0001729771,0,0.090483,0
D_0001730044,0,0.066689,0
D_0001730716,1,0.992067,1
D_0001732354,0,0.057677,0
D_0001732837,1,0.999371,1
D_0001733215,1,0.977429,1
D_0001733320,0,0.199048,0
D_0001733362,0,0.307689,0
D_0001733488,1,0.996119,1
D_0001733866,0,0.189231,0
D_0001733908,0,0.643423,0
D_0001734223,1,0.200006,0
D_0001734349,1,0.108810,0
D_0001734454,1,0.999977,1
D_0001734874,1,0.995663,1
D_0001735000,1,0.999898,1
D_0001735588,1,0.996810,1
D_0001735777,1,0.999915,1
D_0001735987,1,0.981454,1
D_0001736197,0,0.492623,0
D_0001736218,1,0.999608,1
D_0001736533,1,0.940912,1
D_0001736575,1,0.998531,1
D_0001736764,1,0.999604,1
D_0001736848,0,0.226956,0
D_0001737016,1,0.999800,1
D_0001737520,1,0.958768,1
D_0001737541,0,0.593008,0
D_0001737646,1,0.999558,1
D_0001737709,1,0.999949,1
D_0001738024,0,0.167433,0
D_0001738381,0,0.835044,1
D_0001738486,1,0.995282,1
D_0001738948,1,0.993700,1
D_0001739326,0,0.227512,0
D_0001739347,1,0.998165,1
D_0001740355,0,0.121436,0
D_0001740439,0,0.990329,1
D_0001740607,0,0.030661,0
D_0001741090,1,0.999513,1
D_0001741153,0,0.172393,0
D_0001741216,1,0.998701,1
D_0001741237,1,0.999574,1
D_0001741279,1,0.996869,1
D_0001741804,1,0.990961,1
D_0001742938,1,0.994218,1
D_0001743169,1,0.999087,1
D_0001743568,1,0.999748,1
D_0001743631,1,0.999595,1
D_0001744240,0,0.913901,1
D_0001744639,1,0.214711,0
D_0001744912,0,0.014694,0
D_0001745269,0,0.099803,0
D_0001745752,0,0.933672,1
D_0001745941,1,0.998486,1
D_0001746340,0,0.297628,0
D_0001746382,0,0.119322,0
D_0001746718,0,0.830969,1
D_0001747327,1,0.999502,1
D_0001747348,1,0.999590,1
D_0001747432,0,0.106576,0
D_0001748377,0,0.113942,0
D_0001748398,0,0.191109,0
D_0001748839,0,0.667474,0
D_0001749343,1,0.998556,1
D_0001749364,0,0.103489,0
D_0001749805,0,0.246204,0
D_0001749889,1,0.999905,1
D_0001750120,0,0.237448,0
D_0001750855,0,0.175217,0
D_0001751128,1,0.240449,0
D_0001751149,0,0.150679,0
D_0001751380,1,0.999867,1
D_0001751926,1,0.962317,1
D_0001751989,1,0.990921,1
D_0001752892,0,0.171570,0
D_0001753270,1,0.999889,1
D_0001754467,0,0.026879,0
D_0001754614,0,0.128659,0
D_0001755160,0,0.760708,0
D_0001755622,0,0.054810,0
D_0001755664,1,0.999796,1
D_0001755685,0,0.125731,0
D_0001755832,1,0.999900,1
D_0001756588,1,0.994784,1
D_0001756672,1,0.961112,1
D_0001757323,0,0.078204,0
D_0001757428,1,0.997808,1
D_0001758058,1,0.999437,1
D_0001758310,0,0.155475,0
D_0001758499,0,0.602723,0
D_0001758562,1,0.999783,1
D_0001758625,0,0.051035,0
D_0001758877,1,0.920379,1
D_0001759528,1,0.998862,1
D_0001759675,0,0.243023,0
D_0001759801,0,0.060573,0
D_0001760158,0,0.054188,0
D_0001760368,1,0.999558,1
D_0001761040,0,0.473513,0
D_0001761187,0,0.078338,0
D_0001762615,0,0.716981,0
D_0001762636,1,0.990756,1
D_0001763140,1,0.987924,1
D_0001763707,1,0.886392,1
D_0001763728,0,0.065521,0
D_0001763749,0,0.122234,0
D_0001763812,0,0.705664,0
D_0001764358,0,0.026446,0
D_0001764379,0,0.048444,0
D_0001764673,1,0.124795,0
D_0001765030,0,0.077328,0
D_0001765576,0,0.211358,0
D_0001765765,0,0.097625,0
D_0001765975,1,0.996041,1
D_0001766521,1,0.998826,1
D_0001766752,0,0.216212,0
D_0001766941,1,0.999707,1
D_0001767109,0,0.155847,0
D_0001767403,0,0.481289,0
D_0001767697,1,0.999326,1
D_0001768075,0,0.093691,0
D_0001768348,1,0.998219,1
D_0001768768,0,0.175143,0
D_0001768957,1,0.970475,1
D_0001769041,1,0.999686,1
D_0001769251,0,0.121751,0
D_0001769293,1,0.982112,1
D_0001769377,1,0.999650,1
D_0001770721,1,0.110816,0
D_0001770784,1,0.503345,0
D_0001770826,1,0.999781,1
D_0001770952,0,0.090771,0
D_0001771078,1,0.997751,1
D_0001771498,1,0.998276,1
D_0001771519,0,0.121343,0
D_0001771960,1,0.999973,1
D_0001772086,0,0.054458,0
D_0001772128,1,0.999203,1
D_0001772779,0,0.152088,0
D_0001773178,0,0.072990,0
D_0001773346,1,0.999679,1
D_0001773409,1,0.999459,1
D_0001773598,1,0.969598,1
D_0001773892,1,0.999864,1
D_0001774081,1,0.999844,1
D_0001774627,1,0.999689,1
D_0001774795,0,0.218158,0
D_0001774921,1,0.999119,1
D_0001775173,1,0.989622,1
D_0001775572,1,0.218429,0
D_0001776286,0,0.162532,0
D_0001776475,0,0.260213,0
D_0001776622,0,0.088412,0
D_0001776895,1,0.999401,1
D_0001776979,0,0.259913,0
D_0001777231,0,0.945933,1
D_0001777483,0,0.187840,0
D_0001777651,1,0.178575,0
D_0001777903,1,0.997433,1
D_0001778239,1,0.999083,1
D_0001778428,1,0.999939,1
D_0001778659,1,0.993369,1
D_0001778785,0,0.068057,0
D_0001778806,0,0.921127,1
D_0001778848,0,0.116329,0
D_0001778911,0,0.163532,0
D_0001779037,0,0.089135,0
D_0001779415,1,0.998790,1
D_0001779562,1,0.998295,1
D_0001779730,0,0.877641,1
D_0001781473,1,0.999961,1
D_0001781683,0,0.117495,0
D_0001781872,0,0.053739,0
D_0001782418,0,0.138754,0
D_0001783237,1,0.100266,0
D_0001783846,0,0.081844,0
D_0001784266,0,0.175593,0
D_0001784560,1,0.999300,1
D_0001784980,1,0.998184,1
D_0001785610,1,0.997307,1
D_0001786429,0,0.049705,0
D_0001786492,1,0.999935,1
D_0001786576,1,0.980712,1
D_0001786765,1,0.999978,1
D_0001786807,1,0.178074,0
D_0001787458,1,0.999481,1
D_0001787605,1,0.999413,1
D_0001787962,1,0.991156,1
D_0001788151,1,0.992157,1
D_0001788172,1,0.960178,1
D_0001788277,1,0.999997,1
D_0001788613,0,0.109984,0
D_0001788949,1,0.996850,1
D_0001788970,1,0.999910,1
D_0001789096,0,0.105790,0
D_0001789432,1,0.999934,1
D_0001789558,0,0.473860,0
D_0001789936,1,0.997049,1
D_0001791007,0,0.052226,0
D_0001791049,1,0.999747,1
D_0001791406,1,0.999676,1
D_0001791742,0,0.184455,0
D_0001792246,1,0.319779,0
D_0001792582,0,0.060940,0
D_0001793632,1,0.999677,1
D_0001794241,0,0.298604,0
D_0001794262,1,0.131204,0
D_0001794346,0,0.093357,0
D_0001794556,1,0.999934,1
D_0001795270,1,0.998907,1
D_0001795375,1,0.999131,1
D_0001795942,0,0.139738,0
D_0001795963,1,0.999277,1
D_0001796110,1,0.999662,1
D_0001796278,1,0.999561,1
D_0001796551,1,0.999595,1
D_0001796887,0,0.109246,0
D_0001797433,1,0.999103,1
D_0001797811,1,0.952021,1
D_0001799533,1,0.998995,1
D_0001799596,0,0.061065,0
D_0001800079,0,0.099480,0
D_0001800268,0,0.548847,0
D_0001800541,1,0.996897,1
D_0001801108,0,0.060999,0
D_0001801696,1,0.995755,1
D_0001801738,1,0.999987,1
D_0001801759,1,0.996337,1
D_0001802116,1,0.999612,1
D_0001802158,1,0.999254,1
D_0001802179,1,0.995035,1
D_0001802221,1,0.988005,1
D_0001802452,0,0.177894,0
D_0001803796,1,0.990946,1
D_0001803985,0,0.084965,0
D_0001804027,0,0.073632,0
D_0001804237,1,0.999655,1
D_0001804279,0,0.183987,0
D_0001804741,1,0.998574,1
D_0001804993,0,0.119727,0
D_0001805056,0,0.035282,0
D_0001805413,1,0.993479,1
D_0001805434,1,0.089005,0
D_0001805476,0,0.089729,0
D_0001805686,1,0.995269,1
D_0001806589,0,0.058848,0
D_0001806799,0,0.242118,0
D_0001806967,1,0.999719,1
D_0001807051,1,0.996974,1
D_0001807450,0,0.054425,0
D_0001807597,0,0.387560,0
D_0001807975,1,0.999868,1
D_0001808458,1,0.999406,1
D_0001808605,1,0.999955,1
D_0001808983,0,0.091295,0
D_0001809424,0,0.315532,0
D_0001809508,1,0.996345,1
D_0001809550,0,0.092252,0
D_0001809676,0,0.092598,0
D_0001809781,1,0.999366,1
D_0001810348,1,0.998707,1
D_0001810432,1,0.999985,1
D_0001810453,0,0.307694,0
D_0001810852,1,0.999816,1
D_0001811104,0,0.066775,0
D_0001811314,0,0.130062,0
D_0001811482,1,0.999945,1
D_0001811629,0,0.938817,1
D_0001811797,1,0.995322,1
D_0001811839,1,0.999220,1
D_0001812595,1,0.999990,1
D_0001812700,0,0.372344,0
D_0001813036,1,0.999897,1
D_0001813078,1,0.999638,1
D_0001813162,0,0.041389,0
D_0001814044,0,0.163675,0
D_0001814149,0,0.240318,0
D_0001814233,0,0.032163,0
D_0001814317,1,0.999816,1
D_0001814674,1,0.992608,1
D_0001814716,1,0.999517,1
D_0001814989,0,0.827076,1
D_0001815199,0,0.083899,0
D_0001815304,0,0.302804,0
D_0001815388,0,0.262274,0
D_0001815682,0,0.189998,0
D_0001815787,0,0.129575,0
D_0001815955,0,0.077724,0
D_0001816186,0,0.136137,0
D_0001816249,1,0.999459,1
D_0001817068,0,0.121928,0
D_0001817131,0,0.043044,0
D_0001817446,1,0.990657,1
D_0001818055,1,0.999896,1
D_0001818391,1,0.071859,0
D_0001818454,1,0.995431,1
D_0001818622,0,0.923296,1
D_0001820113,0,0.079264,0
D_0001820407,0,0.280939,0
D_0001820575,1,0.969422,1
D_0001820869,0,0.105083,0
D_0001821352,1,0.998321,1
D_0001822129,1,0.999958,1
D_0001822486,0,0.260629,0
D_0001823053,1,0.999060,1
D_0001823179,0,0.111621,0
D_0001823452,1,0.973164,1
D_0001823683,0,0.117127,0
D_0001824250,1,0.999989,1
D_0001824418,1,0.997415,1
D_0001824859,1,0.999983,1
D_0001825321,0,0.041747,0
D_0001825510,1,0.999533,1
D_0001825846,0,0.127253,0
D_0001826098,0,0.067717,0
D_0001826896,1,0.134608,0
D_0001827295,1,0.998705,1
D_0001827526,0,0.237494,0
D_0001827610,1,0.997996,1
D_0001828030,0,0.117651,0
D_0001828660,1,0.999989,1
D_0001828702,0,0.122985,0
D_0001829185,1,0.998904,1
D_0001829290,0,0.090927,0
D_0001830088,1,0.998746,1
D_0001830130,1,0.998611,1
D_0001830193,1,0.992615,1
D_0001830214,1,0.990604,1
D_0001830403,1,0.999688,1
D_0001830865,1,0.992686,1
D_0001830928,0,0.149327,0
D_0001831033,1,0.999189,1
D_0001831537,0,0.177899,0
D_0001831579,1,0.997983,1
D_0001831936,0,0.217339,0
D_0001832377,0,0.106488,0
D_0001832692,1,0.999890,1
D_0001833091,1,0.999299,1
D_0001833826,0,0.056422,0
D_0001834057,1,0.980870,1
D_0001834372,1,0.998406,1
D_0001834645,0,0.063716,0
D_0001834918,1,0.999073,1
D_0001834939,0,0.214032,0
D_0001835170,0,0.424091,0
D_0001835191,0,0.143951,0
D_0001836157,1,0.991488,1
D_0001836514,0,0.090651,0
D_0001836577,0,0.975859,1
D_0001836829,0,0.074946,0
D_0001837543,1,0.993336,1
D_0001837564,1,0.998879,1
D_0001838635,1,0.998980,1
D_0001838656,0,0.715681,0
D_0001838740,1,0.210590,0
D_0001839034,1,0.999806,1
D_0001839097,1,0.999826,1
D_0001839223,0,0.120469,0
D_0001839328,1,0.999198,1
D_0001839601,1,0.096601,0
D_0001839811,0,0.559855,0
D_0001840063,1,0.999770,1
D_0001840294,1,0.999489,1
D_0001840315,0,0.064651,0
D_0001840462,1,0.999774,1
D_0001840588,0,0.136403,0
D_0001840609,1,0.996775,1
D_0001840756,1,0.987368,1
D_0001840798,0,0.106138,0
D_0001841029,0,0.240412,0
D_0001841533,0,0.087264,0
D_0001841638,1,0.999972,1
D_0001842352,0,0.228702,0
D_0001842394,0,0.317624,0
D_0001842562,1,0.999638,1
D_0001842688,1,0.999388,1
D_0001842709,0,0.949187,1
D_0001842961,1,0.977704,1
D_0001843003,1,0.110831,0
D_0001843696,1,0.997032,1
D_0001843738,1,0.993037,1
D_0001843885,1,0.997128,1
D_0001844032,1,0.993287,1
D_0001844200,0,0.204758,0
D_0001844515,0,0.073495,0
D_0001844557,1,0.996512,1
D_0001844599,1,0.999590,1
D_0001845103,1,0.999818,1
D_0001845334,0,0.118110,0
D_0001845397,1,0.996895,1
D_0001845481,1,0.999691,1
D_0001845817,0,0.057588,0
D_0001846090,0,0.061544,0
D_0001846153,0,0.129888,0
D_0001846615,1,0.999841,1
D_0001847161,0,0.990578,1
D_0001847224,1,0.998223,1
D_0001847728,1,0.996308,1
D_0001848274,0,0.101707,0
D_0001848316,1,0.998894,1
D_0001848400,1,0.999474,1
D_0001849030,0,0.918184,1
D_0001849303,1,0.999585,1
D_0001849450,1,0.999856,1
D_0001849870,1,0.999698,1
D_0001850143,1,0.998557,1
D_0001850500,0,0.121441,0
D_0001850584,1,0.999978,1
D_0001851319,0,0.098232,0
D_0001851550,1,0.384551,0
D_0001851718,1,0.165999,0
D_0001851823,1,0.941527,1
D_0001851844,0,0.247399,0
D_0001851907,1,0.997246,1
D_0001852327,1,0.999922,1
D_0001852390,0,0.070246,0
D_0001852747,1,0.136976,0
D_0001853041,1,0.959117,1
D_0001853125,1,0.823901,1
D_0001853377,1,0.144726,0
D_0001853566,0,0.426184,0
D_0001853650,1,0.999563,1
D_0001853923,1,0.999996,1
D_0001854364,1,0.094552,0
D_0001854574,0,0.156498,0
D_0001854931,0,0.365987,0
D_0001855162,1,0.999933,1
D_0001855435,1,0.999722,1
D_0001855456,1,0.999155,1
D_0001855519,1,0.998739,1
D_0001855729,0,0.105608,0
D_0001855750,1,0.998871,1
D_0001856107,0,0.090686,0
D_0001856275,1,0.999918,1
D_0001856296,0,0.113428,0
D_0001856506,1,0.998768,1
D_0001856527,0,0.051392,0
D_0001857787,1,0.999977,1
D_0001858900,0,0.195468,0
D_0001858942,0,0.815220,1
D_0001859257,1,0.999844,1
D_0001859362,0,0.060057,0
D_0001859425,0,0.085161,0
D_0001859971,0,0.027502,0
D_0001860286,1,0.999432,1
D_0001861294,1,0.999559,1
D_0001861399,1,0.999947,1
D_0001861588,1,0.999512,1
D_0001861756,1,0.997849,1
D_0001862407,0,0.023200,0
D_0001862470,1,0.999893,1
D_0001862575,0,0.256138,0
D_0001862596,1,0.085274,0
D_0001862638,0,0.309128,0
D_0001862659,0,0.154772,0
D_0001863163,1,0.999797,1
D_0001863331,0,0.177986,0
D_0001863709,1,0.999190,1
D_0001864192,1,0.999742,1
D_0001864297,0,0.176631,0
D_0001864549,1,0.991121,1
D_0001864717,1,0.999129,1
D_0001864780,1,0.999901,1
D_0001864801,0,0.395138,0
D_0001864948,0,0.460703,0
D_0001865137,1,0.735981,0
D_0001865284,1,0.987150,1
D_0001865536,1,0.996751,1
D_0001865578,1,0.999961,1
D_0001865851,1,0.998049,1
D_0001866565,0,0.903634,1
D_0001867174,0,0.144346,0
D_0001867426,1,0.984452,1
D_0001867468,1,0.991458,1
D_0001867531,0,0.066640,0
D_0001867930,1,0.987520,1
D_0001868644,0,0.242419,0
D_0001868707,1,0.047024,0
D_0001869085,1,0.999411,1
D_0001869316,1,0.935773,1
D_0001869337,1,0.997638,1
D_0001869547,1,0.999559,1
D_0001869694,1,0.992207,1
D_0001870198,1,0.937122,1
D_0001870366,1,0.993568,1
D_0001870408,1,0.998002,1
D_0001870450,0,0.527197,0
D_0001870618,0,0.086052,0
D_0001870765,0,0.153193,0
D_0001870870,0,0.045136,0
D_0001870933,0,0.970850,1
D_0001871143,1,0.990934,1
D_0001871185,0,0.058424,0
D_0001871395,1,0.999906,1
D_0001871458,1,0.999450,1
D_0001871899,1,0.973902,1
D_0001872067,0,0.087206,0
D_0001872256,0,0.097614,0
D_0001872655,0,0.116324,0
D_0001872739,1,0.999700,1
D_0001873369,0,0.147586,0
D_0001873663,0,0.079298,0
D_0001873747,0,0.108754,0
D_0001874293,0,0.107685,0
D_0001874776,0,0.034701,0
D_0001875154,1,0.996810,1
D_0001875385,1,0.995348,1
D_0001875574,1,0.999710,1
D_0001875637,1,0.999903,1
D_0001875868,1,0.993022,1
D_0001876015,1,0.998963,1
D_0001876057,1,0.989319,1
D_0001876267,0,0.166211,0
D_0001876330,1,0.114049,0
D_0001876519,1,0.998874,1
D_0001876855,0,0.068017,0
D_0001877065,1,0.999918,1
D_0001877527,1,0.998912,1
D_0001877863,1,0.997642,1
D_0001878094,0,0.382837,0
D_0001878304,1,0.984804,1
D_0001878535,0,0.296592,0
D_0001878577,1,0.998419,1
D_0001878934,1,0.999323,1
D_0001879186,0,0.189755,0
D_0001879270,0,0.325023,0
D_0001879564,1,0.999394,1
D_0001880362,0,0.101337,0
D_0001881097,0,0.920549,1
D_0001881118,0,0.103564,0
D_0001881370,1,0.999460,1
D_0001881412,1,0.999319,1
D_0001881475,1,0.996830,1
D_0001881643,0,0.252580,0
D_0001881664,0,0.963378,1
D_0001882168,1,0.996254,1
D_0001882315,0,0.970361,1
D_0001882609,1,0.999981,1
D_0001882630,0,0.096058,0
D_0001882672,1,0.999808,1
D_0001883239,0,0.188530,0
D_0001883281,1,0.999930,1
D_0001883449,1,0.999590,1
D_0001883722,0,0.093633,0
D_0001883974,0,0.206199,0
D_0001884604,0,0.033976,0
D_0001884667,1,0.188666,0
D_0001884919,0,0.038958,0
D_0001885318,1,0.996639,1
D_0001885633,1,0.995076,1
D_0001885864,0,0.626405,0
D_0001886032,0,0.102422,0
D_0001887145,0,0.200870,0
D_0001887481,0,0.099774,0
D_0001887523,0,0.183371,0
D_0001887649,0,0.037495,0
D_0001887775,1,0.997803,1
D_0001887985,1,0.067369,0
D_0001888573,1,0.975514,1
D_0001888699,0,0.057636,0
D_0001888867,0,0.078175,0
D_0001889476,1,0.997562,1
D_0001889812,0,0.168573,0
D_0001889896,1,0.998132,1
D_0001890316,0,0.447338,0
D_0001890799,0,0.223534,0
D_0001891093,1,0.995947,1
D_0001891282,1,0.994637,1
D_0001891408,0,0.094371,0
D_0001891471,1,0.998949,1
D_0001891723,1,0.999608,1
D_0001891744,1,0.990241,1
D_0001891807,0,0.071566,0
D_0001891828,1,0.999210,1
D_0001892206,1,0.996876,1
D_0001892500,0,0.120113,0
D_0001892941,0,0.092331,0
D_0001892962,1,0.999983,1
D_0001893214,0,0.195063,0
D_0001893298,0,0.797153,1
D_0001893361,0,0.178777,0
D_0001893571,0,0.177101,0
D_0001893802,1,0.999367,1
D_0001894012,1,0.109818,0
D_0001894264,0,0.208884,0
D_0001894369,0,0.090155,0
D_0001894789,0,0.128967,0
D_0001894894,1,0.122186,0
D_0001895041,1,0.997857,1
D_0001895713,1,0.999805,1
D_0001895860,0,0.204972,0
D_0001895923,1,0.999942,1
D_0001896217,0,0.524135,0
D_0001897057,1,0.989653,1
D_0001897120,1,0.999689,1
D_0001897372,0,0.131626,0
D_0001897393,0,0.127542,0
D_0001897960,0,0.416658,0
D_0001898044,0,0.928072,1
D_0001898065,1,0.999974,1
D_0001898590,1,0.999715,1
D_0001898779,0,0.502807,0
D_0001898863,1,0.998134,1
D_0001899451,1,0.998494,1
D_0001899535,0,0.119002,0
D_0001899703,0,0.183488,0
D_0001899829,1,0.999042,1
D_0001899934,0,0.146417,0
D_0001900102,1,0.999648,1
D_0001900480,1,0.999428,1
D_0001900879,1,0.994660,1
D_0001900963,0,0.679400,0
D_0001901005,0,0.409141,0
D_0001901026,1,0.995131,1
D_0001901173,1,0.208798,0
D_0001901530,1,0.999884,1
D_0001901950,1,0.998031,1
D_0001902034,1,0.030571,0
D_0001902118,1,0.999682,1
D_0001902391,1,0.999660,1
D_0001902790,0,0.255112,0
D_0001903378,1,0.999913,1
D_0001903483,0,0.093762,0
D_0001903651,1,0.999919,1
D_0001903735,1,0.999012,1
D_0001904344,1,0.998757,1
D_0001904890,1,0.995555,1
D_0001905079,1,0.998745,1
D_0001905499,1,0.999259,1
D_0001905919,0,0.877595,1
D_0001905961,0,0.099000,0
D_0001906003,1,0.280051,0
D_0001906234,1,0.998977,1
D_0001906318,1,0.999106,1
D_0001906339,1,0.990799,1
D_0001906549,0,0.103943,0
D_0001906654,1,0.999810,1
D_0001907053,1,0.118384,0
D_0001907389,0,0.585044,0
D_0001907410,0,0.141803,0
D_0001907473,1,0.972463,1
D_0001907599,0,0.135198,0
D_0001907620,0,0.096893,0
D_0001907872,0,0.219310,0
D_0001909111,1,0.989582,1
D_0001909636,0,0.120506,0
D_0001909678,1,0.987280,1
D_0001909783,1,0.999292,1
D_0001910035,0,0.190889,0
D_0001910098,1,0.999269,1
D_0001910224,1,0.998721,1
D_0001910371,1,0.999902,1
D_0001910413,0,0.253284,0
D_0001910959,1,0.994684,1
D_0001911295,1,0.123824,0
D_0001911379,1,0.999487,1
D_0001911484,1,0.994042,1
D_0001912198,0,0.061939,0
D_0001912240,0,0.185116,0
D_0001912870,0,0.085213,0
D_0001913017,1,0.996942,1
D_0001913059,0,0.254140,0
D_0001913332,0,0.032008,0
D_0001913353,1,0.998941,1
D_0001913395,1,0.999159,1
D_0001913458,1,0.993382,1
D_0001913542,1,0.999767,1
D_0001915264,0,0.693327,0
D_0001915390,0,0.405734,0
D_0001915411,0,0.981129,1
D_0001916545,0,0.015239,0
D_0001917868,1,0.932921,1
D_0001917973,0,0.132974,0
D_0001918351,0,0.954373,1
D_0001918582,1,0.998562,1
D_0001918603,0,0.115231,0
D_0001918855,1,0.994972,1
D_0001918918,0,0.079892,0
D_0001918981,0,0.112295,0
D_0001919674,0,0.817830,1
D_0001919800,1,0.997993,1
D_0001920262,0,0.331472,0
D_0001920598,0,0.095359,0
D_0001920619,1,0.999691,1
D_0001921627,0,0.092834,0
D_0001922194,1,0.999995,1
D_0001922446,1,0.115911,0
D_0001922866,0,0.126058,0
D_0001923265,1,0.999149,1
D_0001923979,1,0.999343,1
D_0001924273,1,0.081080,0
D_0001924378,1,0.998617,1
D_0001924504,1,0.990449,1
D_0001925092,1,0.999829,1
D_0001925365,1,0.983813,1
D_0001925638,1,0.999910,1
D_0001925995,0,0.098347,0
D_0001926121,0,0.106020,0
D_0001926142,1,0.980850,1
D_0001926184,0,0.138561,0
D_0001926898,1,0.996514,1
D_0001927507,1,0.998477,1
D_0001927591,1,0.993854,1
D_0001928032,0,0.302111,0
D_0001928347,1,0.994602,1
D_0001928368,0,0.205882,0
D_0001928473,1,0.999571,1
D_0001928536,1,0.999868,1
D_0001929313,1,0.999634,1
D_0001929481,1,0.997067,1
D_0001929838,0,0.117376,0
D_0001929859,1,0.999131,1
D_0001930741,0,0.093788,0
D_0001930993,1,0.997647,1
D_0001931350,0,0.164403,0
D_0001931896,1,0.999071,1
D_0001931980,1,0.998014,1
D_0001932253,0,0.544558,0
D_0001932463,0,0.836020,1
D_0001933009,0,0.939462,1
D_0001933198,1,0.998061,1
D_0001933450,1,0.999451,1
D_0001933597,0,0.031549,0
D_0001933975,0,0.063693,0
D_0001934080,1,0.999931,1
D_0001934101,1,0.993509,1
D_0001935256,0,0.141448,0
D_0001935487,1,0.998618,1
D_0001935550,0,0.095371,0
D_0001935592,0,0.088121,0
D_0001936285,1,0.999995,1
D_0001936432,1,0.749316,0
D_0001936600,0,0.094469,0
D_0001936642,1,0.998505,1
D_0001937125,0,0.097835,0
D_0001937713,1,0.217586,0
D_0001938007,1,0.998814,1
D_0001938595,0,0.148351,0
D_0001938826,0,0.064728,0
D_0001939099,1,0.999842,1
D_0001939183,0,0.491625,0
D_0001940128,0,0.163301,0
D_0001940275,1,0.999262,1
D_0001940569,0,0.082833,0
D_0001941031,0,0.082254,0
D_0001941073,0,0.226837,0
D_0001941241,1,0.999681,1
D_0001941682,0,0.267806,0
D_0001941808,1,0.999259,1
D_0001941913,0,0.433772,0
D_0001941934,0,0.091589,0
D_0001942207,1,0.998525,1
D_0001942291,0,0.260082,0
D_0001942417,0,0.105000,0
D_0001942732,0,0.084408,0
D_0001942942,1,0.998072,1
D_0001943425,1,0.999900,1
D_0001943446,1,0.999683,1
D_0001943803,0,0.158749,0
D_0001944265,0,0.398325,0
D_0001944433,1,0.199431,0
D_0001944559,0,0.146034,0
D_0001945084,1,0.091934,0
D_0001945147,1,0.996929,1
D_0001945609,1,0.997888,1
D_0001945903,1,0.998807,1
D_0001946008,1,0.999515,1
D_0001946491,1,0.997734,1
D_0001946533,1,0.992672,1
D_0001946827,1,0.998790,1
D_0001946911,1,0.999538,1
D_0001947436,0,0.106079,0
D_0001947520,0,0.063990,0
D_0001947562,1,0.998721,1
D_0001947730,1,0.999652,1
D_0001948633,1,0.999462,1
D_0001948738,1,0.996260,1
D_0001949536,1,0.957804,1
D_0001950061,1,0.999837,1
D_0001950103,0,0.105087,0
D_0001950124,0,0.537875,0
D_0001951111,0,0.142409,0
D_0001951195,0,0.106971,0
D_0001951468,0,0.058078,0
D_0001951489,1,0.996281,1
D_0001952476,0,0.051901,0
D_0001952497,1,0.989301,1
D_0001952602,1,0.992908,1
D_0001953022,1,0.999347,1
D_0001953211,1,0.999707,1
D_0001953337,1,0.999166,1
D_0001953484,1,0.996242,1
D_0001953736,0,0.097672,0
D_0001953988,0,0.104661,0
D_0001954093,0,0.110925,0
D_0001954828,0,0.082672,0
D_0001955017,1,0.999906,1
D_0001955353,1,0.998421,1
D_0001955395,0,0.641131,0
D_0001955773,0,0.070046,0
D_0001956361,1,0.999640,1
D_0001957285,0,0.106308,0
D_0001957327,0,0.504097,0
D_0001958062,0,0.575949,0
D_0001958083,0,0.040797,0
D_0001958671,1,0.965505,1
D_0001959364,1,0.999528,1
D_0001959784,1,0.987127,1
D_0001959805,0,0.080283,0
D_0001959847,1,0.999271,1
D_0001960036,0,0.155356,0
D_0001960372,1,0.999464,1
D_0001960456,0,0.057385,0
D_0001960603,0,0.073320,0
D_0001960687,0,0.449227,0
D_0001960834,1,0.997294,1
D_0001961107,0,0.161094,0
D_0001961338,1,0.998889,1
D_0001961422,1,0.999756,1
D_0001961758,1,0.999749,1
D_0001962283,1,0.999146,1
D_0001962367,1,0.999847,1
D_0001962619,1,0.995917,1
D_0001962745,0,0.136687,0
D_0001962829,0,0.207027,0
D_0001962913,0,0.943512,1
D_0001962934,1,0.262407,0
D_0001962976,1,0.996687,1
D_0001963270,0,0.043595,0
D_0001963564,1,0.188365,0
D_0001963963,1,0.999544,1
D_0001964152,1,0.999556,1
D_0001964236,0,0.181631,0
D_0001964446,1,0.999376,1
D_0001965349,1,0.999263,1
D_0001965538,0,0.923147,1
D_0001966042,0,0.013570,0
D_0001966084,0,0.179904,0
D_0001966651,0,0.021699,0
D_0001966798,1,0.999613,1
D_0001967386,1,0.999917,1
D_0001967470,1,0.999516,1
D_0001967827,1,0.999695,1
D_0001968037,1,0.999518,1
D_0001968268,1,0.989612,1
D_0001968772,1,0.999741,1
D_0001968982,1,0.994902,1
D_0001969024,1,0.975189,1
D_0001969528,1,0.999098,1
D_0001970053,1,0.998564,1
D_0001970074,1,0.990729,1
D_0001970389,0,0.184131,0
D_0001970536,0,0.157783,0
D_0001970851,1,0.998729,1
D_0001970914,0,0.034889,0
D_0001971586,1,0.999838,1
D_0001972006,1,0.996822,1
D_0001972825,1,0.999614,1
D_0001973749,1,0.994320,1
D_0001973854,0,0.010278,0
D_0001974001,1,0.941810,1
D_0001975492,0,0.164647,0
D_0001975597,0,0.076029,0
D_0001975744,1,0.998992,1
D_0001976185,0,0.111902,0
D_0001978054,0,0.070341,0
D_0001978117,1,0.999921,1
D_0001978747,1,0.987083,1
D_0001978768,1,0.999078,1
D_0001978852,1,0.995616,1
D_0001978894,0,0.109099,0
D_0001979524,0,0.078106,0
D_0001980364,1,0.984461,1
D_0001980490,1,0.999800,1
D_0001980553,0,0.089699,0
D_0001980658,0,0.103763,0
D_0001980742,0,0.248913,0
D_0001981939,0,0.878198,1
D_0001982128,1,0.999948,1
D_0001982170,1,0.996509,1
D_0001982212,0,0.077326,0
D_0001982296,1,0.998655,1
D_0001982968,0,0.284966,0
D_0001982989,1,0.966318,1
D_0001983052,0,0.266342,0
D_0001983535,1,0.991952,1
D_0001984207,1,0.154439,0
D_0001984543,0,0.174813,0
D_0001984837,1,0.999942,1
D_0001984963,1,0.965781,1
D_0001984984,1,0.999914,1
D_0001985047,1,0.999905,1
D_0001985068,0,0.030930,0
D_0001985236,1,0.999404,1
D_0001985278,1,0.999791,1
D_0001985383,0,0.098579,0
D_0001985614,0,0.121011,0
D_0001985635,1,0.999968,1
D_0001986202,0,0.146021,0
D_0001986223,0,0.111291,0
D_0001986265,0,0.959030,1
D_0001986433,1,0.999991,1
D_0001986517,0,0.156871,0
D_0001987063,1,0.999684,1
D_0001987609,1,0.999372,1
D_0001988239,1,0.968951,1
D_0001988281,0,0.094270,0
D_0001988491,0,0.105634,0
D_0001988533,1,0.999121,1
D_0001988554,1,0.987467,1
D_0001988701,1,0.862754,1
D_0001989058,1,0.997707,1
D_0001989226,0,0.870780,1
D_0001989415,0,0.031303,0
D_0001990003,1,0.999451,1
D_0001990297,1,0.994235,1
D_0001990696,1,0.999692,1
D_0001990843,0,0.387628,0
D_0001990927,1,0.998345,1
D_0001991032,0,0.103046,0
D_0001991515,0,0.149332,0
D_0001991536,1,0.997812,1
D_0001992061,1,0.769685,1
D_0001992124,1,0.293462,0
D_0001992502,0,0.102376,0
D_0001992838,1,0.935523,1
D_0001992859,1,0.998445,1
D_0001993636,0,0.248353,0
D_0001994287,1,0.999962,1
D_0001994329,1,0.983102,1
D_0001994707,0,0.232398,0
D_0001994728,1,0.998570,1
D_0001994959,0,0.142244,0
D_0001995169,0,0.050139,0
D_0001995295,1,0.999182,1
D_0001995316,1,0.042648,0
D_0001995673,0,0.302123,0
D_0001995820,1,0.999242,1
D_0001996135,0,0.063003,0
D_0001996261,0,0.303047,0
D_0001996702,0,0.327891,0
D_0001997206,0,0.125778,0
D_0001997227,1,0.154417,0
D_0001997374,0,0.108937,0
D_0001997395,1,0.999881,1
D_0001997563,0,0.105478,0
D_0001997647,0,0.434653,0
D_0001997689,0,0.067302,0
D_0001997899,1,0.999984,1
D_0001998739,1,0.264337,0
D_0001998781,0,0.084758,0
D_0001998907,1,0.985373,1
D_0001999222,1,0.999291,1
D_0001999453,0,0.191015,0
D_0001999999,0,0.324896,0
D_0002000062,0,0.192900,0
D_0002000188,1,0.999724,1
D_0002000818,1,0.998209,1
D_0002001343,1,0.999676,1
D_0002002141,0,0.094153,0
D_0002002162,1,0.999008,1
D_0002002498,0,0.087915,0
D_0002002876,1,0.969299,1
D_0002002939,0,0.190058,0
D_0002003065,0,0.336539,0
D_0002003401,0,0.169646,0
D_0002003527,0,0.073280,0
D_0002003758,0,0.059843,0
D_0002003926,1,0.999723,1
D_0002004073,0,0.078286,0
D_0002004136,1,0.999971,1
D_0002004346,0,0.873304,1
D_0002004577,0,0.156198,0
D_0002004850,0,0.111342,0
D_0002004934,0,0.125838,0
D_0002005480,1,0.998274,1
D_0002006173,1,0.998515,1
D_0002006530,1,0.999378,1
D_0002006845,0,0.117076,0
D_0002006866,0,0.064428,0
D_0002006950,1,0.993163,1
D_0002007307,1,0.999127,1
D_0002007370,0,0.120611,0
D_0002007559,1,0.985192,1
D_0002007895,1,0.952844,1
D_0002007958,1,0.795574,1
D_0002008084,1,0.999780,1
D_0002008210,0,0.067483,0
D_0002008693,0,0.607307,0
D_0002008924,1,0.999910,1
D_0002009134,1,0.994989,1
D_0002009827,1,0.993709,1
D_0002010331,0,0.294172,0
D_0002010352,0,0.044743,0
D_0002010499,0,0.098189,0
D_0002011171,1,0.999561,1
D_0002011339,0,0.032156,0
D_0002011381,0,0.115060,0
D_0002011675,0,0.113416,0
D_0002011738,0,0.065432,0
D_0002011759,1,0.999920,1
D_0002012158,1,0.532091,0
D_0002012305,1,0.999897,1
D_0002012536,1,0.999914,1
D_0002012977,0,0.244061,0
D_0002013082,0,0.329417,0
D_0002013292,0,0.044200,0
D_0002013376,1,0.950570,1
D_0002013670,1,0.988431,1
D_0002013901,0,0.062817,0
D_0002014279,0,0.258957,0
D_0002014489,1,0.996808,1
D_0002014594,1,0.999942,1
D_0002014636,0,0.032381,0
D_0002015287,0,0.142620,0
D_0002015455,1,0.981321,1
D_0002016190,1,0.999945,1
D_0002016211,1,0.999096,1
D_0002016253,1,0.999062,1
D_0002016421,0,0.161157,0
D_0002016484,1,0.999903,1
D_0002016925,1,0.999600,1
D_0002017030,0,0.076983,0
D_0002017093,1,0.999424,1
D_0002017198,1,0.999805,1
D_0002017345,1,0.999816,1
D_0002017387,0,0.612757,0
D_0002017429,1,0.997778,1
D_0002017660,0,0.083831,0
D_0002017933,1,0.999748,1
D_0002017975,0,0.487724,0
D_0002018899,1,0.999947,1
D_0002019487,0,0.927590,1
D_0002019613,0,0.044592,0
D_0002019865,1,0.999833,1
D_0002020054,0,0.126662,0
D_0002020621,1,0.999724,1
D_0002020873,0,0.095679,0
D_0002021566,1,0.999679,1
D_0002021818,0,0.089213,0
D_0002021944,1,0.999573,1
D_0002022217,1,0.073855,0
D_0002022385,1,0.991372,1
D_0002022406,1,0.998430,1
D_0002022721,1,0.989808,1
D_0002022784,1,0.996372,1
D_0002022952,0,0.356094,0
D_0002023729,0,0.052483,0
D_0002023792,0,0.054928,0
D_0002024086,1,0.990450,1
D_0002024401,1,0.999443,1
D_0002026144,1,0.999900,1
D_0002026543,1,0.999897,1
D_0002026900,1,0.995731,1
D_0002027110,1,0.998447,1
D_0002027299,0,0.144075,0
D_0002027782,1,0.997310,1
D_0002028307,1,0.999994,1
D_0002028727,1,0.998226,1
D_0002029231,0,0.096957,0
D_0002029273,0,0.102320,0
D_0002029651,1,0.935687,1
D_0002029861,1,0.998108,1
D_0002029924,1,0.047218,0
D_0002030071,1,0.998928,1
D_0002030155,0,0.219692,0
D_0002030344,1,0.999426,1
D_0002030386,1,0.999111,1
D_0002030890,1,0.992292,1
D_0002031457,1,0.997600,1
D_0002031478,1,0.980876,1
D_0002032276,1,0.997257,1
D_0002032423,0,0.134106,0
D_0002032549,1,0.999985,1
D_0002033011,1,0.999222,1
D_0002033704,1,0.134559,0
D_0002033809,1,0.147848,0
D_0002034754,0,0.457724,0
D_0002034901,1,0.999821,1
D_0002035090,1,0.987660,1
D_0002035363,0,0.948103,1
D_0002035657,0,0.593736,0
D_0002035867,0,0.082595,0
D_0002035930,0,0.096457,0
D_0002036686,1,0.999838,1
D_0002037274,0,0.035385,0
D_0002037862,0,0.080038,0
D_0002038135,1,0.988337,1
D_0002038261,1,0.999704,1
D_0002038324,0,0.069940,0
D_0002038387,0,0.053101,0
D_0002038429,0,0.354497,0
D_0002038702,1,0.999198,1
D_0002039437,1,0.965468,1
D_0002039500,0,0.151510,0
D_0002040130,1,0.999428,1
D_0002041516,0,0.783545,1
D_0002041621,0,0.099994,0
D_0002041873,1,0.998724,1
D_0002041999,0,0.656703,0
D_0002042944,1,0.998738,1
D_0002043049,1,0.996520,1
D_0002043679,1,0.999274,1
D_0002044246,1,0.998990,1
D_0002044267,0,0.229121,0
D_0002044309,1,0.999793,1
D_0002044687,1,0.999042,1
D_0002045317,1,0.998011,1
D_0002045716,1,0.049262,0
D_0002046409,1,0.998780,1
D_0002046556,0,0.062070,0
D_0002046787,1,0.998280,1
D_0002046871,1,0.998070,1
D_0002046913,0,0.108296,0
D_0002046997,1,0.954270,1
D_0002047018,1,0.993919,1
D_0002047270,1,0.999946,1
D_0002047417,1,0.995751,1
D_0002047921,1,0.999480,1
D_0002048068,0,0.030141,0
D_0002048404,1,0.999900,1
D_0002048719,0,0.135344,0
D_0002048845,0,0.106954,0
D_0002048887,1,0.993728,1
D_0002050000,0,0.124268,0
D_0002050042,1,0.990583,1
D_0002050168,1,0.998721,1
D_0002050231,0,0.128266,0
D_0002050525,1,0.997375,1
D_0002050756,1,0.998796,1
D_0002051302,1,0.050356,0
D_0002052163,0,0.089300,0
D_0002052919,0,0.546650,0
D_0002053255,0,0.084448,0
D_0002053276,0,0.085941,0
D_0002053402,0,0.103400,0
D_0002053465,1,0.998890,1
D_0002053843,1,0.994305,1
D_0002053990,0,0.089929,0
D_0002054221,1,0.980187,1
D_0002054263,0,0.078058,0
D_0002054494,1,0.999636,1
D_0002055481,1,0.137732,0
D_0002055628,0,0.100851,0
D_0002055964,0,0.041533,0
D_0002056174,1,0.993483,1
D_0002056237,1,0.999940,1
D_0002056258,0,0.189859,0
D_0002056279,0,0.189980,0
D_0002056678,1,0.994497,1
D_0002056762,0,0.182756,0
D_0002057140,1,0.999594,1
D_0002057623,1,0.991652,1
D_0002058001,0,0.026388,0
D_0002058316,0,0.076507,0
D_0002059219,1,0.999614,1
D_0002059408,1,0.999550,1
D_0002059597,0,0.040186,0
D_0002059681,0,0.202271,0
D_0002060185,1,0.997194,1
D_0002060878,1,0.999604,1
D_0002061340,1,0.999195,1
D_0002061403,0,0.727211,0
D_0002061802,0,0.117176,0
D_0002062222,1,0.997500,1
D_0002063104,0,0.629018,0
D_0002063125,1,0.999342,1
D_0002063230,0,0.078746,0
D_0002063293,1,0.999649,1
D_0002063671,0,0.095955,0
D_0002063986,0,0.096645,0
D_0002064259,1,0.179746,0
D_0002064490,1,0.999433,1
D_0002064637,0,0.530422,0
D_0002064700,1,0.999949,1
D_0002064721,0,0.440752,0
D_0002064805,0,0.392612,0
D_0002064889,1,0.999323,1
D_0002066296,0,0.574512,0
D_0002067052,0,0.089118,0
D_0002067283,0,0.092659,0
D_0002067661,1,0.999638,1
D_0002068312,1,0.999563,1
D_0002068333,1,0.998694,1
D_0002068942,0,0.186104,0
D_0002069005,1,0.994346,1
D_0002069068,1,0.999807,1
D_0002069572,0,0.099753,0
D_0002070139,0,0.318951,0
D_0002070538,1,0.999981,1
D_0002070580,1,0.990181,1
D_0002070853,1,0.999889,1
D_0002071105,0,0.081429,0
D_0002071378,1,0.053578,0
D_0002071567,1,0.997028,1
D_0002072029,1,0.999312,1
D_0002072407,1,0.996650,1
D_0002072533,1,0.998347,1
D_0002073373,0,0.213623,0
D_0002073793,1,0.999155,1
D_0002074192,0,0.072200,0
D_0002074633,0,0.124351,0
D_0002074696,0,0.027480,0
D_0002075263,1,0.999907,1
D_0002075914,1,0.996816,1
D_0002076082,0,0.397298,0
D_0002076313,0,0.682136,0
D_0002076922,1,0.999292,1
D_0002077111,0,0.040627,0
D_0002077174,0,0.118384,0
D_0002077510,0,0.051907,0
D_0002077594,0,0.106685,0
D_0002078665,1,0.999523,1
D_0002078875,0,0.238286,0
D_0002078896,0,0.123887,0
D_0002079547,1,0.999947,1
D_0002079883,0,0.168225,0
D_0002080240,0,0.106108,0
D_0002080282,1,0.078503,0
D_0002080387,1,0.999083,1
D_0002080576,0,0.298367,0
D_0002080597,0,0.056784,0
D_0002080891,1,0.999331,1
D_0002080954,1,0.973492,1
D_0002081689,1,0.998821,1
D_0002082445,1,0.998652,1
D_0002082739,1,0.988495,1
D_0002083096,0,0.260531,0
D_0002083390,0,0.050787,0
D_0002083810,1,0.999992,1
D_0002084167,1,0.335171,0
D_0002084587,1,0.997960,1
D_0002084608,0,0.167939,0
D_0002085133,1,0.999985,1
D_0002085154,1,0.999997,1
D_0002085490,0,0.033570,0
D_0002085700,0,0.044282,0
D_0002085952,0,0.215644,0
D_0002085994,0,0.295530,0
D_0002086813,1,0.999656,1
D_0002087170,0,0.829402,1
D_0002087338,1,0.999697,1
D_0002087485,0,0.075700,0
D_0002087527,0,0.982695,1
D_0002087800,1,0.999581,1
D_0002087926,1,0.991439,1
D_0002088073,0,0.204211,0
D_0002088388,0,0.062624,0
D_0002088787,1,0.999554,1
D_0002089459,0,0.092717,0
D_0002090362,0,0.741678,0
D_0002090425,1,0.134423,0
D_0002090509,1,0.998665,1
D_0002090782,0,0.150162,0
D_0002090950,0,0.329172,0
D_0002090992,0,0.777165,1
D_0002091223,1,0.996776,1
D_0002091580,0,0.153878,0
D_0002091811,1,0.095233,0
D_0002092357,0,0.105706,0
D_0002092714,1,0.999082,1
D_0002092882,0,0.535814,0
D_0002093197,1,0.999227,1
D_0002093617,0,0.037473,0
D_0002093659,0,0.402908,0
D_0002093680,1,0.999854,1
D_0002094730,0,0.051811,0
D_0002094877,0,0.079932,0
D_0002095381,1,0.999933,1
D_0002095675,0,0.047060,0
D_0002095927,1,0.997674,1
D_0002096116,0,0.162645,0
D_0002096284,0,0.040646,0
D_0002096305,0,0.080313,0
D_0002096515,1,0.999967,1
D_0002096620,1,0.998965,1
D_0002097082,0,0.075918,0
D_0002097565,0,0.040171,0
D_0002097922,1,0.997404,1
D_0002098258,1,0.989431,1
D_0002098405,1,0.999997,1
D_0002098489,1,0.990624,1
D_0002098951,0,0.926309,1
D_0002099077,1,0.999838,1
D_0002099476,0,0.024299,0
D_0002099770,1,0.617229,0
D_0002099875,0,0.987310,1
D_0002099938,1,0.998099,1
D_0002100904,0,0.093453,0
D_0002101009,0,0.994899,1
D_0002101177,1,0.999069,1
D_0002101261,1,0.999864,1
D_0002101576,0,0.837648,1
D_0002101681,1,0.996588,1
D_0002102206,1,0.999275,1
D_0002102269,0,0.111682,0
D_0002102311,1,0.999768,1
D_0002102521,1,0.999363,1
D_0002102668,0,0.135336,0
D_0002103130,1,0.999264,1
D_0002103172,1,0.940136,1
D_0002103445,0,0.643505,0
D_0002103613,0,0.158080,0
D_0002103928,0,0.225118,0
D_0002104537,0,0.115773,0
D_0002104642,1,0.999038,1
D_0002104747,1,0.997742,1
D_0002104810,1,0.110715,0
D_0002105062,1,0.929883,1
D_0002105755,1,0.999992,1
D_0002105881,0,0.136810,0
D_0002106154,0,0.002113,0
D_0002106616,0,0.046245,0
D_0002107015,1,0.999651,1
D_0002107372,1,0.138166,0
D_0002107477,0,0.076788,0
D_0002107540,1,0.999647,1
D_0002107771,1,0.999034,1
D_0002108716,1,0.999982,1
D_0002109115,1,0.999748,1
D_0002109199,0,0.058529,0
D_0002109388,0,0.960228,1
D_0002109640,0,0.896877,1
D_0002110480,1,0.999096,1
D_0002111236,0,0.082445,0
D_0002111299,1,0.986166,1
D_0002112160,0,0.172658,0
D_0002112790,0,0.101744,0
D_0002113567,0,0.162622,0
D_0002113672,1,0.989747,1
D_0002113861,1,0.999996,1
D_0002114071,1,0.989633,1
D_0002114113,1,0.995626,1
D_0002114155,0,0.042516,0
D_0002114428,0,0.164705,0
D_0002114491,0,0.066442,0
D_0002114932,0,0.099071,0
D_0002115772,0,0.009267,0
D_0002115940,1,0.999859,1
D_0002116150,0,0.030126,0
D_0002116570,1,0.999982,1
D_0002116801,1,0.040445,0
D_0002117053,0,0.219736,0
D_0002117641,1,0.993878,1
D_0002117746,1,0.990154,1
D_0002118313,0,0.451683,0
D_0002119090,1,0.999943,1
D_0002119195,0,0.110166,0
D_0002119279,0,0.156872,0
D_0002119300,0,0.233466,0
D_0002119657,1,0.993754,1
D_0002119783,0,0.761194,0
D_0002120245,1,0.980076,1
D_0002120434,1,0.999599,1
D_0002120791,1,0.993456,1
D_0002121001,0,0.098644,0
D_0002121043,1,0.171917,0
D_0002121547,0,0.091155,0
D_0002121652,0,0.550941,0
D_0002121883,0,0.161398,0
D_0002121904,1,0.996934,1
D_0002121925,0,0.100512,0
D_0002121967,1,0.999574,1
D_0002122051,0,0.242315,0
D_0002122576,0,0.082454,0
D_0002122618,1,0.999293,1
D_0002122807,0,0.063420,0
D_0002123038,0,0.774382,1
D_0002123059,1,0.996629,1
D_0002123794,1,0.999967,1
D_0002123815,0,0.528622,0
D_0002123920,1,0.999464,1
D_0002123941,0,0.069693,0
D_0002124130,1,0.993872,1
D_0002124193,1,0.999858,1
D_0002124445,1,0.167614,0
D_0002124676,0,0.387499,0
D_0002124907,0,0.718510,0
D_0002126524,1,0.999550,1
D_0002126629,1,0.998935,1
D_0002127049,0,0.560332,0
D_0002127259,1,0.996914,1
D_0002127343,0,0.122896,0
D_0002127700,0,0.477747,0
D_0002127826,1,0.998606,1
D_0002127868,1,0.999234,1
D_0002127994,0,0.248808,0
D_0002128729,1,0.995693,1
D_0002128771,0,0.193837,0
D_0002128939,1,0.169690,0
D_0002129275,0,0.118076,0
D_0002129338,1,0.999300,1
D_0002129506,1,0.998748,1
D_0002129758,1,0.990347,1
D_0002129926,0,0.061663,0
D_0002130472,1,0.957458,1
D_0002130556,0,0.108111,0
D_0002130598,0,0.073206,0
D_0002130829,0,0.078997,0
D_0002130850,1,0.998854,1
D_0002130955,1,0.995571,1
D_0002131081,1,0.996802,1
D_0002131333,1,0.972036,1
D_0002131837,0,0.243942,0
D_0002132278,0,0.064925,0
D_0002132467,1,0.999254,1
D_0002132929,1,0.212727,0
D_0002132992,0,0.078523,0
D_0002133181,0,0.835447,1
D_0002133496,1,0.214570,0
D_0002134000,0,0.076511,0
D_0002134084,1,0.991623,1
D_0002134252,1,0.997706,1
D_0002134273,1,0.999000,1
D_0002134840,1,0.999906,1
D_0002134924,1,0.350477,0
D_0002135029,1,0.998034,1
D_0002135050,0,0.890898,1
D_0002135155,0,0.884190,1
D_0002135197,1,0.999948,1
D_0002135743,0,0.042506,0
D_0002135764,1,0.999617,1
D_0002136184,1,0.996223,1
D_0002136373,0,0.419871,0
D_0002137234,1,0.999927,1
D_0002137402,0,0.052975,0
D_0002137969,0,0.206149,0
D_0002138809,0,0.291807,0
D_0002139397,1,0.953296,1
D_0002139607,0,0.769467,1
D_0002139754,1,0.999406,1
D_0002140006,1,0.999754,1
D_0002140216,0,0.002485,0
D_0002140300,1,0.077705,0
D_0002140342,1,0.988978,1
D_0002140930,1,0.989968,1
D_0002141056,1,0.997489,1
D_0002141581,0,0.120007,0
D_0002141602,1,0.855321,1
D_0002142337,1,0.998456,1
D_0002142505,0,0.850887,1
D_0002142652,0,0.098259,0
D_0002142757,0,0.710433,0
D_0002143156,0,0.072090,0
D_0002143303,1,0.974414,1
D_0002143345,1,0.998010,1
D_0002143849,0,0.084637,0
D_0002144185,1,0.992946,1
D_0002144206,1,0.999635,1
D_0002144941,0,0.063098,0
D_0002144983,1,0.999128,1
D_0002145067,1,0.999619,1
D_0002145109,0,0.791308,1
D_0002145130,0,0.190475,0
D_0002145151,0,0.095941,0
D_0002146117,0,0.094044,0
D_0002146390,0,0.195174,0
D_0002146789,0,0.084592,0
D_0002146810,0,0.017615,0
D_0002146831,0,0.128164,0
D_0002146999,0,0.134741,0
D_0002147293,1,0.998558,1
D_0002147398,1,0.988593,1
D_0002148175,0,0.074149,0
D_0002148427,1,0.995027,1
D_0002148721,1,0.997465,1
D_0002149414,0,0.120076,0
D_0002149477,1,0.999959,1
D_0002149750,1,0.990946,1
D_0002150149,0,0.052504,0
D_0002150695,1,0.999969,1
D_0002150716,0,0.541522,0
D_0002150779,0,0.043399,0
D_0002151955,1,0.999534,1
D_0002152564,0,0.576680,0
D_0002152711,1,0.988425,1
D_0002152879,1,0.144669,0
D_0002153362,1,0.253422,0
D_0002153866,0,0.146731,0
D_0002154055,0,0.090510,0
D_0002154328,1,0.999386,1
D_0002154580,1,0.999277,1
D_0002154769,0,0.043395,0
D_0002154916,0,0.768720,1
D_0002154937,1,0.994118,1
D_0002155357,1,0.999329,1
D_0002156050,0,0.296834,0
D_0002156764,1,0.194065,0
D_0002156848,1,0.999663,1
D_0002157037,1,0.995338,1
D_0002157226,1,0.994533,1
D_0002157415,0,0.113988,0
D_0002157583,0,0.061599,0
D_0002157919,0,0.830358,1
D_0002157940,1,0.993982,1
D_0002158234,1,0.999522,1
D_0002158570,0,0.175493,0
D_0002158843,0,0.142536,0
D_0002159830,0,0.109092,0
D_0002160271,0,0.110867,0
D_0002161951,0,0.068789,0
D_0002162644,0,0.155133,0
D_0002163190,1,0.997466,1
D_0002163400,1,0.998929,1
D_0002163421,0,0.083217,0
D_0002163484,0,0.652454,0
D_0002163652,1,0.998804,1
D_0002164177,1,0.999349,1
D_0002164618,0,0.192546,0
D_0002165458,1,0.999141,1
D_0002165542,1,0.998790,1
D_0002165836,0,0.093778,0
D_0002166046,1,0.440481,0
D_0002166340,1,0.999247,1
D_0002166508,0,0.131206,0
D_0002166529,1,0.999647,1
D_0002166655,1,0.984407,1
D_0002166739,1,0.999832,1
D_0002167180,0,0.046024,0
D_0002167201,0,0.131851,0
D_0002168272,1,0.995708,1
D_0002169427,0,0.502671,0
D_0002169532,0,0.427815,0
D_0002169721,1,0.199719,0
D_0002169973,1,0.196115,0
D_0002170267,1,0.990971,1
D_0002170603,0,0.050426,0
D_0002170687,1,0.999357,1
D_0002170750,1,0.999768,1
D_0002170897,1,0.999757,1
D_0002171548,1,0.999537,1
D_0002172808,1,0.999403,1
D_0002172934,1,0.999844,1
D_0002174278,1,0.999811,1
D_0002175013,1,0.999703,1
D_0002175160,0,0.174852,0
D_0002175202,1,0.998100,1
D_0002175223,1,0.998621,1
D_0002175454,0,0.091316,0
D_0002175811,1,0.999540,1
D_0002175958,1,0.126715,0
D_0002176735,1,0.999224,1
D_0002176924,0,0.088768,0
D_0002177008,1,0.988940,1
D_0002177029,0,0.361879,0
D_0002177092,0,0.718991,0
D_0002177155,1,0.999697,1
D_0002177197,1,0.999581,1
D_0002177407,0,0.086562,0
D_0002177449,0,0.073672,0
D_0002177554,1,0.172313,0
D_0002177848,1,0.998772,1
D_0002177932,0,0.799997,1
D_0002178037,1,0.999829,1
D_0002178079,0,0.308916,0
D_0002178331,1,0.134385,0
D_0002178373,0,0.111223,0
D_0002178856,0,0.422162,0
D_0002179255,1,0.996759,1
D_0002179654,0,0.038937,0
D_0002179759,0,0.739763,0
D_0002180179,1,0.998581,1
D_0002180284,1,0.994652,1
D_0002180347,0,0.227575,0
D_0002180872,0,0.067120,0
D_0002181019,1,0.998597,1
D_0002181313,1,0.996310,1
D_0002182342,1,0.999601,1
D_0002182384,0,0.249243,0
D_0002182510,0,0.091214,0
D_0002182930,1,0.999750,1
D_0002183833,0,0.189236,0
D_0002184169,1,0.999912,1
D_0002185030,1,0.999098,1
D_0002185681,1,0.997130,1
D_0002185702,0,0.194784,0
D_0002185849,1,0.999648,1
D_0002186185,0,0.690897,0
D_0002186353,1,0.084611,0
D_0002186584,1,0.992956,1
D_0002186731,1,0.999807,1
D_0002187046,0,0.132401,0
D_0002188600,0,0.421833,0
D_0002188684,1,0.999868,1
D_0002188852,0,0.140654,0
D_0002188999,1,0.984748,1
D_0002189293,0,0.393078,0
D_0002189776,1,0.990452,1
D_0002189797,0,0.043213,0
D_0002189902,1,0.999931,1
D_0002190217,0,0.436462,0
D_0002190280,1,0.998932,1
D_0002190385,1,0.998504,1
D_0002190868,1,0.998598,1
D_0002190994,1,0.996401,1
D_0002191183,1,0.999961,1
D_0002191204,0,0.956022,1
D_0002191876,1,0.997049,1
D_0002191939,0,0.770718,1
D_0002191960,0,0.422394,0
D_0002192086,1,0.999854,1
D_0002192191,1,0.999214,1
D_0002192590,0,0.078880,0
D_0002193178,1,0.999618,1
D_0002193199,1,0.999057,1
D_0002193766,1,0.994922,1
D_0002193787,0,0.095444,0
D_0002194081,1,0.999523,1
D_0002194186,1,0.998840,1
D_0002194732,0,0.115633,0
D_0002194795,1,0.205965,0
D_0002194921,0,0.042379,0
D_0002195257,0,0.649119,0
D_0002195383,1,0.996406,1
D_0002195425,1,0.989577,1
D_0002195656,0,0.311794,0
D_0002196013,0,0.399353,0
D_0002196244,0,0.094893,0
D_0002196538,0,0.083471,0
D_0002197000,1,0.998914,1
D_0002197357,1,0.999175,1
D_0002197378,0,0.766846,1
D_0002197462,1,0.990019,1
D_0002197546,0,0.173336,0
D_0002197840,0,0.027932,0
D_0002198092,0,0.086918,0
D_0002198323,0,0.258260,0
D_0002198575,1,0.998888,1
D_0002198638,1,0.999622,1
D_0002199016,1,0.044315,0
D_0002199058,1,0.987599,1
D_0002199247,0,0.455625,0
D_0002199562,0,0.613046,0
D_0002199835,1,0.999030,1
D_0002199982,0,0.994133,1
D_0002200087,1,0.999601,1
D_0002200486,0,0.047677,0
D_0002200675,0,0.823097,1
D_0002200990,0,0.239597,0
D_0002201473,0,0.405484,0
D_0002201557,1,0.999460,1
D_0002201746,0,0.125293,0
D_0002201767,0,0.162586,0
D_0002202124,0,0.078098,0
D_0002202187,1,0.999670,1
D_0002202250,0,0.220255,0
D_0002202817,1,0.999202,1
D_0002203048,1,0.999931,1
D_0002204077,1,0.993681,1
D_0002204182,1,0.950836,1
D_0002204287,1,0.998752,1
D_0002204833,1,0.997669,1
D_0002204938,0,0.030400,0
D_0002205232,0,0.273876,0
D_0002205421,1,0.890824,1
D_0002206282,1,0.999941,1
D_0002206408,0,0.097785,0
D_0002206576,0,0.082793,0
D_0002206681,1,0.999991,1
D_0002207143,1,0.999854,1
D_0002207689,0,0.089808,0
D_0002207773,1,0.999981,1
D_0002209075,0,0.515160,0
D_0002209579,0,0.210277,0
D_0002209621,1,0.998528,1
D_0002210230,1,0.997874,1
D_0002210272,0,0.179245,0
D_0002211196,1,0.999783,1
D_0002211427,1,0.999185,1
D_0002211616,0,0.108837,0
D_0002211700,1,0.999871,1
D_0002212204,1,0.682224,0
D_0002212372,1,0.992832,1
D_0002213233,0,0.024156,0
D_0002213338,1,0.995615,1
D_0002213443,1,0.117966,0
D_0002213611,0,0.160057,0
D_0002214031,0,0.212058,0
D_0002214157,0,0.694259,0
D_0002214703,1,0.999827,1
D_0002215018,0,0.075170,0
D_0002215354,0,0.665419,0
D_0002215984,1,0.974560,1
D_0002216488,1,0.995846,1
D_0002216845,1,0.999909,1
D_0002217181,1,0.999685,1
D_0002217412,0,0.271916,0
D_0002217895,0,0.211401,0
D_0002218000,0,0.128175,0
D_0002218273,0,0.591169,0
D_0002218924,1,0.963696,1
D_0002219071,1,0.998576,1
D_0002219113,1,0.999585,1
D_0002219176,1,0.999572,1
D_0002220121,1,0.884676,1
D_0002220289,0,0.261537,0
D_0002220394,1,0.999980,1
D_0002220646,0,0.129731,0
D_0002220751,0,0.966133,1
D_0002221549,1,0.057963,0
D_0002222431,0,0.193239,0
D_0002222473,0,0.021962,0
D_0002223565,1,0.157373,0
D_0002224006,0,0.112737,0
D_0002224216,0,0.099864,0
D_0002224783,1,0.988883,1
D_0002225518,1,0.988908,1
D_0002225875,1,0.998823,1
D_0002225959,1,0.999842,1
D_0002226085,1,0.994097,1
D_0002226337,1,0.999982,1
D_0002226400,0,0.390168,0
D_0002226547,0,0.178184,0
D_0002227030,0,0.176899,0
D_0002227093,0,0.077310,0
D_0002227240,1,0.998970,1
D_0002227345,1,0.973584,1
D_0002227471,0,0.686784,0
D_0002227639,0,0.180756,0
D_0002228080,0,0.267924,0
D_0002228164,1,0.999503,1
D_0002228563,0,0.132074,0
D_0002228626,0,0.133353,0
D_0002228962,0,0.037483,0
D_0002229088,1,0.998235,1
D_0002229109,1,0.999730,1
D_0002229424,1,0.999973,1
D_0002230117,1,0.991262,1
D_0002230159,1,0.999609,1
D_0002230495,1,0.972629,1
D_0002230810,1,0.821430,1
D_0002230852,1,0.999964,1
D_0002230894,1,0.993131,1
D_0002230957,0,0.068593,0
D_0002231230,1,0.992588,1
D_0002231650,1,0.962697,1
D_0002231776,0,0.144839,0
D_0002232574,0,0.579345,0
D_0002233393,0,0.987107,1
D_0002233624,0,0.047703,0
D_0002233855,0,0.081625,0
D_0002234023,1,0.999238,1
D_0002234191,0,0.263782,0
D_0002234275,0,0.946847,1
D_0002234527,1,0.999657,1
D_0002234695,1,0.998628,1
D_0002234926,1,0.999330,1
D_0002235010,0,0.471034,0
D_0002235094,0,0.086203,0
D_0002235367,0,0.099835,0
D_0002235430,1,0.977432,1
D_0002236060,1,0.998051,1
D_0002236900,1,0.999124,1
D_0002237173,1,0.999931,1
D_0002237257,1,0.995472,1
D_0002237488,1,0.923038,1
D_0002238223,0,0.079556,0
D_0002238391,1,0.999919,1
D_0002238412,0,0.943756,1
D_0002238580,1,0.999547,1
D_0002238853,0,0.053399,0
D_0002239042,0,0.172272,0
D_0002239105,1,0.999888,1
D_0002239735,0,0.096204,0
D_0002240218,1,0.999317,1
D_0002241205,0,0.161118,0
D_0002241310,1,0.183115,0
D_0002242171,0,0.053020,0
D_0002242297,1,0.999728,1
D_0002242318,1,0.886854,1
D_0002242402,1,0.998793,1
D_0002242717,0,0.119524,0
D_0002242885,1,0.994276,1
D_0002243473,1,0.996588,1
D_0002244040,0,0.051047,0
D_0002244082,1,0.999251,1
D_0002244922,1,0.981128,1
D_0002245048,0,0.079209,0
D_0002245321,0,0.424817,0
D_0002245405,0,0.086382,0
D_0002245615,0,0.087853,0
D_0002246119,0,0.162420,0
D_0002246560,1,0.996273,1
D_0002246770,1,0.999383,1
D_0002247169,1,0.999959,1
D_0002247253,1,0.999353,1
D_0002247631,0,0.123033,0
D_0002248303,1,0.992049,1
D_0002248702,0,0.655118,0
D_0002248723,1,0.999010,1
D_0002249164,1,0.989870,1
D_0002249395,0,0.145561,0
D_0002249647,0,0.111467,0
D_0002249878,1,0.155845,0
D_0002250424,1,0.999318,1
D_0002250718,0,0.088234,0
D_0002251012,0,0.129503,0
D_0002251642,1,0.999961,1
D_0002252083,0,0.104146,0
D_0002252125,0,0.875898,1
D_0002252230,0,0.333711,0
D_0002253007,1,0.999708,1
D_0002253028,0,0.055283,0
D_0002253154,1,0.999681,1
D_0002253196,1,0.994566,1
D_0002253721,1,0.957637,1
D_0002253952,1,0.999850,1
D_0002254582,1,0.998504,1
D_0002254834,0,0.081357,0
D_0002254855,0,0.426451,0
D_0002255065,0,0.027120,0
D_0002255107,0,0.361123,0
D_0002255338,1,0.999993,1
D_0002255716,1,0.991055,1
D_0002255821,0,0.152005,0
D_0002256073,0,0.072183,0
D_0002256304,1,0.999684,1
D_0002256556,1,0.771086,1
D_0002256619,1,0.984560,1
D_0002256724,1,0.999847,1
D_0002256892,0,0.664220,0
D_0002257396,0,0.041620,0
D_0002257459,0,0.730500,0
D_0002257690,1,0.993178,1
D_0002258005,1,0.995749,1
D_0002258026,1,0.998825,1
D_0002258068,0,0.263334,0
D_0002258278,1,0.997254,1
D_0002258488,1,0.984775,1
D_0002258635,1,0.995111,1
D_0002259223,1,0.999421,1
D_0002259307,1,0.995672,1
D_0002259412,1,0.978475,1
D_0002259664,1,0.997535,1
D_0002260147,1,0.997889,1
D_0002260252,1,0.998060,1
D_0002260420,1,0.998761,1
D_0002260714,1,0.993772,1
D_0002260735,1,0.997124,1
D_0002261092,1,0.998626,1
D_0002261449,0,0.093375,0
D_0002261491,0,0.104822,0
D_0002261617,0,0.097986,0
D_0002261953,1,0.993941,1
D_0002261974,1,0.999547,1
D_0002262058,0,0.037294,0
D_0002262268,0,0.383026,0
D_0002262310,0,0.078543,0
D_0002262436,1,0.997829,1
D_0002262457,0,0.053509,0
D_0002262751,0,0.197556,0
D_0002263465,1,0.999965,1
D_0002263654,1,0.999914,1
D_0002263759,0,0.130448,0
D_0002263801,0,0.079726,0
D_0002263885,1,0.992939,1
D_0002264179,1,0.998627,1
D_0002264830,0,0.146077,0
D_0002265103,1,0.996748,1
D_0002265208,0,0.087247,0
D_0002265292,1,0.997556,1
D_0002265691,1,0.997008,1
D_0002266279,0,0.066383,0
D_0002267266,0,0.120644,0
D_0002267497,0,0.072426,0
D_0002267518,0,0.368231,0
D_0002267686,1,0.696779,0
D_0002268043,1,0.984458,1
D_0002268106,0,0.053355,0
D_0002268484,0,0.555109,0
D_0002268841,0,0.089702,0
D_0002269240,1,0.994384,1
D_0002269408,0,0.935278,1
D_0002269660,1,0.999512,1
D_0002271130,1,0.989730,1
D_0002271151,1,0.998478,1
D_0002271340,0,0.959686,1
D_0002271445,0,0.139804,0
D_0002271571,0,0.081655,0
D_0002271802,0,0.078893,0
D_0002271991,1,0.997946,1
D_0002272264,0,0.079808,0
D_0002272810,0,0.142967,0
D_0002272999,1,0.999538,1
D_0002273713,0,0.345849,0
D_0002273755,0,0.199487,0
D_0002273881,1,0.999707,1
D_0002273965,1,0.996669,1
D_0002274154,0,0.185084,0
D_0002274763,0,0.063915,0
D_0002275288,0,0.919993,1
D_0002275603,1,0.999693,1
D_0002275729,1,0.999612,1
D_0002276212,0,0.151438,0
D_0002276800,1,0.999563,1
D_0002277115,0,0.066528,0
D_0002277157,0,0.488741,0
D_0002277682,1,0.999757,1
D_0002277724,0,0.077639,0
D_0002278081,0,0.057121,0
D_0002278207,1,0.264288,0
D_0002278333,0,0.149723,0
D_0002278417,1,0.999433,1
D_0002278438,0,0.141306,0
D_0002278585,0,0.303505,0
D_0002278900,1,0.999794,1
D_0002279530,1,0.999945,1
D_0002279593,1,0.182716,0
D_0002279614,0,0.131277,0
D_0002279992,1,0.990393,1
D_0002280055,1,0.999745,1
D_0002280286,0,0.853047,1
D_0002280433,0,0.496892,0
D_0002280685,1,0.999477,1
D_0002280853,1,0.998498,1
D_0002280874,1,0.999238,1
D_0002280937,1,0.990528,1
D_0002281147,0,0.190450,0
D_0002281588,1,0.119065,0
D_0002281630,1,0.139731,0
D_0002281966,1,0.999928,1
D_0002282596,0,0.524826,0
D_0002282890,0,0.106139,0
D_0002283121,1,0.999618,1
D_0002283226,1,0.998553,1
D_0002283709,0,0.008676,0
D_0002284045,0,0.062341,0
D_0002284066,1,0.254868,0
D_0002284507,0,0.103455,0
D_0002284528,0,0.089128,0
D_0002284738,1,0.996487,1
D_0002284864,1,0.999903,1
D_0002284885,1,0.986663,1
D_0002285011,1,0.999611,1
D_0002285074,0,0.076520,0
D_0002285116,0,0.110955,0
D_0002285179,1,0.999912,1
D_0002285305,0,0.178648,0
D_0002285704,0,0.888493,1
D_0002285872,1,0.993004,1
D_0002286061,0,0.219968,0
D_0002286250,1,0.998177,1
D_0002286586,1,0.514344,0
D_0002287195,0,0.324584,0
D_0002287720,1,0.982610,1
D_0002287867,0,0.750624,0
D_0002288077,1,0.999027,1
D_0002288119,1,0.993710,1
D_0002288140,1,0.999930,1
D_0002289106,0,0.082487,0
D_0002289526,0,0.037084,0
D_0002289610,0,0.068120,0
D_0002290072,1,0.995528,1
D_0002290219,1,0.994843,1
D_0002290324,0,0.081110,0
D_0002290702,1,0.996792,1
D_0002291122,1,0.109422,0
D_0002291332,1,0.137368,0
D_0002291437,0,0.253069,0
D_0002291710,0,0.184820,0
D_0002291899,1,0.997463,1
D_0002292340,1,0.173950,0
D_0002292424,0,0.336737,0
D_0002292466,0,0.127301,0
D_0002292655,0,0.178374,0
D_0002293138,0,0.431634,0
D_0002293306,0,0.039918,0
D_0002293474,1,0.998831,1
D_0002293747,1,0.999530,1
D_0002294230,1,0.999600,1
D_0002294608,0,0.066060,0
D_0002295091,0,0.106739,0
D_0002295112,0,0.204763,0
D_0002295154,1,0.997926,1
D_0002295553,1,0.999715,1
D_0002295595,1,0.997544,1
D_0002295700,1,0.999847,1
D_0002295721,0,0.167503,0
D_0002295910,1,0.999557,1
D_0002296120,1,0.980723,1
D_0002296309,0,0.157815,0
D_0002296477,1,0.999590,1
D_0002296729,1,0.996644,1
D_0002296813,0,0.130068,0
D_0002297485,1,0.998351,1
D_0002297989,1,0.999089,1
D_0002298451,1,0.179562,0
D_0002298535,1,0.111795,0
D_0002298640,1,0.995648,1
D_0002298661,1,0.053350,0
D_0002298787,1,0.153963,0
D_0002299144,0,0.154687,0
D_0002299480,0,0.854909,1
D_0002299564,1,0.999871,1
D_0002299606,0,0.075955,0
D_0002299753,0,0.119303,0
D_0002299858,0,0.164870,0
D_0002300068,0,0.076137,0
D_0002300299,1,0.999626,1
D_0002300887,1,0.999733,1
D_0002301496,0,0.123217,0
D_0002301685,0,0.175740,0
D_0002302042,1,0.999989,1
D_0002302945,0,0.494612,0
D_0002303743,1,0.999921,1
D_0002303764,0,0.185634,0
D_0002303932,0,0.050128,0
D_0002303974,1,0.998957,1
D_0002304310,0,0.745479,0
D_0002304520,1,0.318407,0
D_0002304625,1,0.998116,1
D_0002304940,1,0.992237,1
D_0002305360,1,0.990986,1
D_0002306704,0,0.234244,0
D_0002307103,1,0.999551,1
D_0002307691,1,0.999963,1
D_0002307943,1,0.999152,1
D_0002308153,1,0.999644,1
D_0002308300,1,0.991408,1
D_0002308762,1,0.999653,1
D_0002309056,1,0.997761,1
D_0002309413,0,0.007845,0
D_0002310064,1,0.999920,1
D_0002310484,0,0.128039,0
D_0002311513,0,0.135626,0
D_0002311660,1,0.997772,1
D_0002311786,1,0.997679,1
D_0002311996,0,0.200289,0
D_0002312059,1,0.999535,1
D_0002312416,1,0.094042,0
D_0002312542,0,0.155894,0
D_0002312563,1,0.995810,1
D_0002312668,1,0.131619,0
D_0002312983,1,0.802167,1
D_0002313403,1,0.988576,1
D_0002313487,1,0.146628,0
D_0002313865,1,0.116836,0
D_0002313886,0,0.102949,0
D_0002314033,1,0.997766,1
D_0002314306,0,0.095861,0
D_0002315083,1,0.997579,1
D_0002315125,0,0.099325,0
D_0002315272,1,0.999965,1
D_0002315461,0,0.219012,0
D_0002315566,1,0.999925,1
D_0002315608,1,0.997060,1
D_0002315629,1,0.999883,1
D_0002316196,0,0.043106,0
D_0002316364,1,0.117296,0
D_0002316511,1,0.999930,1
D_0002316637,0,0.634350,0
D_0002317036,0,0.928110,1
D_0002317078,0,0.139626,0
D_0002317372,0,0.227913,0
D_0002317687,1,0.999558,1
D_0002317813,1,0.844526,1
D_0002317876,0,0.110034,0
D_0002318170,1,0.999552,1
D_0002318212,1,0.999685,1
D_0002318317,1,0.842553,1
D_0002318632,0,0.613084,0
D_0002319157,1,0.999365,1
D_0002319493,0,0.307327,0
D_0002319892,1,0.999893,1
D_0002320018,1,0.999927,1
D_0002320354,1,0.999940,1
D_0002320522,0,0.153969,0
D_0002320732,0,0.150029,0
D_0002321740,1,0.215484,0
D_0002321971,1,0.148330,0
D_0002322097,1,0.999992,1
D_0002322559,1,0.999581,1
D_0002322790,0,0.037196,0
D_0002322937,1,0.993456,1
D_0002323084,1,0.999900,1
D_0002323147,1,0.988300,1
D_0002323567,0,0.059114,0
D_0002323840,1,0.995765,1
D_0002324008,0,0.045652,0
D_0002324092,1,0.999020,1
D_0002324239,0,0.372482,0
D_0002324512,1,0.998891,1
D_0002324617,0,0.175982,0
D_0002324869,0,0.654953,0
D_0002324890,1,0.999701,1
D_0002324974,1,0.996320,1
D_0002325205,1,0.992682,1
D_0002325604,0,0.183105,0
D_0002325625,1,0.999328,1
D_0002326108,1,0.999600,1
D_0002326150,0,0.198918,0
D_0002326591,0,0.114205,0
D_0002326885,1,0.999690,1
D_0002326948,1,0.998930,1
D_0002327872,1,0.999176,1
D_0002329027,1,0.096026,0
D_0002330476,0,0.217587,0
D_0002330791,1,0.999681,1
D_0002330812,0,0.074951,0
D_0002330854,0,0.109869,0
D_0002331463,0,0.449686,0
D_0002331757,0,0.372238,0
D_0002332219,0,0.077977,0
D_0002332513,1,0.989067,1
D_0002333626,1,0.991327,1
D_0002333857,0,0.208061,0
D_0002333962,0,0.764771,0
D_0002334928,1,0.999106,1
D_0002334991,0,0.977407,1
D_0002335201,1,0.995353,1
D_0002335621,1,0.978547,1
D_0002335684,0,0.852894,1
D_0002335747,1,0.993958,1
D_0002336608,0,0.159061,0
D_0002336839,0,0.924595,1
D_0002337175,1,0.999962,1
D_0002337280,1,0.135632,0
D_0002337385,1,0.999015,1
D_0002337469,1,0.997814,1
D_0002337679,1,0.997218,1
D_0002337868,0,0.075330,0
D_0002338246,1,0.989828,1
D_0002338582,0,0.672823,0
D_0002339107,0,0.113005,0
D_0002339233,1,0.999743,1
D_0002339254,0,0.158634,0
D_0002340661,0,0.160805,0
D_0002340682,0,0.952170,1
D_0002340808,1,0.993996,1
D_0002340850,1,0.999487,1
D_0002340913,1,0.999552,1
D_0002340976,0,0.063554,0
D_0002341501,1,0.999924,1
D_0002341669,1,0.998865,1
D_0002342530,0,0.281598,0
D_0002342761,1,0.998400,1
D_0002343181,0,0.072649,0
D_0002343202,1,0.999298,1
D_0002343538,1,0.999771,1
D_0002343685,1,0.983734,1
D_0002343706,1,0.994576,1
D_0002344126,0,0.088384,0
D_0002344756,1,0.998624,1
D_0002345218,0,0.394179,0
D_0002345806,0,0.081721,0
D_0002346709,0,0.422418,0
D_0002347003,0,0.124261,0
D_0002347297,1,0.531820,0
D_0002347339,0,0.148641,0
D_0002348515,0,0.027342,0
D_0002348746,1,0.999868,1
D_0002348767,1,0.126076,0
D_0002349145,1,0.999940,1
D_0002349292,0,0.515358,0
D_0002349691,1,0.988111,1
D_0002349943,0,0.586381,0
D_0002350090,0,0.219618,0
D_0002350258,0,0.124206,0
D_0002350300,1,0.996287,1
D_0002350552,1,0.996819,1
D_0002350699,1,0.997441,1
D_0002350720,0,0.267120,0
D_0002350888,1,0.999920,1
D_0002351266,0,0.887251,1
D_0002351308,0,0.993135,1
D_0002351791,1,0.993657,1
D_0002351812,1,0.999981,1
D_0002351896,1,0.994292,1
D_0002352589,0,0.055803,0
D_0002352610,1,0.988340,1
D_0002353051,0,0.106418,0
D_0002353345,1,0.996188,1
D_0002353408,1,0.977350,1
D_0002353534,0,0.084694,0
D_0002354080,1,0.998769,1
D_0002354647,1,0.889568,1
D_0002354836,1,0.981607,1
D_0002354899,0,0.076000,0
D_0002355004,0,0.654963,0
D_0002355739,0,0.086470,0
D_0002356579,1,0.981767,1
D_0002356726,1,0.998226,1
D_0002356768,0,0.709488,0
D_0002356894,1,0.996617,1
D_0002357041,1,0.999925,1
D_0002357125,0,0.063279,0
D_0002357881,0,0.093865,0
D_0002358343,0,0.045617,0
D_0002358595,0,0.982562,1
D_0002358658,0,0.040304,0
D_0002358805,1,0.999458,1
D_0002358826,1,0.993227,1
D_0002359204,0,0.529626,0
D_0002360317,1,0.999764,1
D_0002360401,0,0.573719,0
D_0002360569,0,0.068636,0
D_0002360632,1,0.999338,1
D_0002361115,0,0.087410,0
D_0002362207,0,0.193941,0
D_0002362396,0,0.095419,0
D_0002362627,0,0.133336,0
D_0002363341,1,0.999908,1
D_0002363614,1,0.945939,1
D_0002363950,0,0.164915,0
D_0002364139,0,0.302557,0
D_0002364349,0,0.068645,0
D_0002364664,0,0.133124,0
D_0002364895,1,0.081201,0
D_0002365105,1,0.990597,1
D_0002365168,0,0.104666,0
D_0002365189,1,0.999971,1
D_0002365315,0,0.088103,0
D_0002365651,1,0.999591,1
D_0002366218,1,0.999974,1
D_0002366974,0,0.161778,0
D_0002367058,1,0.984038,1
D_0002367142,0,0.040920,0
D_0002368066,0,0.111178,0
D_0002368486,1,0.990667,1
D_0002368843,1,0.184300,0
D_0002369221,1,0.999988,1
D_0002369305,1,0.991856,1
D_0002369578,1,0.999397,1
D_0002369977,1,0.997732,1
D_0002370313,1,0.999255,1
D_0002370481,1,0.992514,1
D_0002370670,1,0.997757,1
D_0002370733,1,0.994752,1
D_0002370985,0,0.127732,0
D_0002371258,0,0.237366,0
D_0002371657,0,0.136643,0
D_0002371762,1,0.998678,1
D_0002372161,1,0.240619,0
D_0002372518,1,0.999534,1
D_0002372749,0,0.295509,0
D_0002373694,1,0.999241,1
D_0002373841,1,0.998648,1
D_0002374093,0,0.286800,0
D_0002374135,1,0.974505,1
D_0002374912,1,0.999463,1
D_0002374975,0,0.062714,0
D_0002375164,0,0.087562,0
D_0002376088,1,0.997286,1
D_0002376466,1,0.995088,1
D_0002376949,1,0.999996,1
D_0002377222,1,0.999902,1
D_0002377747,0,0.046308,0
D_0002377957,0,0.203047,0
D_0002377978,0,0.203709,0
D_0002378125,1,0.999745,1
D_0002378524,1,0.999883,1
D_0002378671,1,0.991154,1
D_0002379049,1,0.999374,1
D_0002379175,0,0.298792,0
D_0002379322,1,0.996094,1
D_0002380015,0,0.966086,1
D_0002380183,1,0.991224,1
D_0002380771,1,0.999729,1
D_0002381044,0,0.340435,0
D_0002381632,1,0.997467,1
D_0002381674,0,0.791304,1
D_0002382094,1,0.999513,1
D_0002382262,1,0.999446,1
D_0002383270,0,0.139476,0
D_0002383417,0,0.141652,0
D_0002383963,0,0.250335,0
D_0002384152,0,0.109947,0
D_0002384803,1,0.994975,1
D_0002385160,0,0.108450,0
D_0002386231,1,0.983548,1
D_0002386819,1,0.999518,1
D_0002387008,0,0.071930,0
D_0002387134,1,0.998209,1
D_0002387932,1,0.993829,1
D_0002389297,1,0.999881,1
D_0002389885,1,0.999601,1
D_0002389927,1,0.999694,1
D_0002390053,0,0.300087,0
D_0002390410,0,0.039397,0
D_0002390431,1,0.984091,1
D_0002390578,1,0.997769,1
D_0002390704,0,0.057093,0
D_0002390893,1,0.991977,1
D_0002391544,0,0.212351,0
D_0002391607,0,0.234290,0
D_0002392363,1,0.999198,1
D_0002392615,1,0.974624,1
D_0002392762,1,0.990884,1
D_0002393203,0,0.164645,0
D_0002393791,0,0.143113,0
D_0002394043,0,0.915837,1
D_0002394274,1,0.999130,1
D_0002394337,0,0.217199,0
D_0002394463,0,0.120665,0
D_0002394652,0,0.067809,0
D_0002394946,0,0.050036,0
D_0002395723,1,0.994826,1
D_0002395765,1,0.999833,1
D_0002396164,0,0.214070,0
D_0002396941,1,0.994246,1
D_0002397298,1,0.168831,0
D_0002397361,0,0.116115,0
D_0002397655,1,0.999176,1
D_0002397865,1,0.995876,1
D_0002398117,1,0.998703,1
D_0002398222,1,0.997060,1
D_0002398243,1,0.999912,1
D_0002398285,1,0.998517,1
D_0002398390,0,0.390192,0
D_0002398495,1,0.994778,1
D_0002398810,1,0.999371,1
D_0002398957,1,0.963603,1
D_0002399965,1,0.999798,1
D_0002400805,1,0.998217,1
D_0002400889,0,0.100023,0
D_0002401141,0,0.158343,0
D_0002401162,0,0.057460,0
D_0002401519,0,0.198105,0
D_0002401897,1,0.999734,1
D_0002401918,0,0.091661,0
D_0002402023,0,0.602053,0
D_0002402275,1,0.999858,1
D_0002402506,1,0.992075,1
D_0002403661,0,0.058098,0
D_0002403808,0,0.748553,0
D_0002403934,0,0.146239,0
D_0002404291,1,0.999762,1
D_0002404459,1,0.997109,1
D_0002404858,1,0.999240,1
D_0002405110,1,0.090978,0
D_0002405194,1,0.999844,1
D_0002405236,0,0.051363,0
D_0002405467,1,0.998071,1
D_0002405761,0,0.116970,0
D_0002405824,1,0.997157,1
D_0002406118,1,0.995738,1
D_0002406181,1,0.999924,1
D_0002406223,1,0.999680,1
D_0002406412,1,0.999939,1
D_0002406517,1,0.182661,0
D_0002406622,1,0.999546,1
D_0002406643,1,0.999345,1
D_0002406958,0,0.095313,0
D_0002407315,0,0.018484,0
D_0002407546,0,0.161431,0
D_0002407819,1,0.999546,1
D_0002407861,0,0.097270,0
D_0002407966,0,0.149529,0
D_0002409016,0,0.994919,1
D_0002409142,0,0.293784,0
D_0002409226,0,0.320252,0
D_0002409289,0,0.064481,0
D_0002409982,1,0.999477,1
D_0002410150,1,0.985561,1
D_0002410318,0,0.089753,0
D_0002410696,0,0.111447,0
D_0002411326,0,0.374895,0
D_0002411368,0,0.319665,0
D_0002411578,0,0.099406,0
D_0002411620,0,0.073840,0
D_0002411767,0,0.173657,0
D_0002412418,0,0.848740,1
D_0002413216,1,0.999101,1
D_0002413321,1,0.168256,0
D_0002413531,0,0.204940,0
D_0002413636,0,0.554903,0
D_0002413678,1,0.999948,1
D_0002413867,1,0.987581,1
D_0002414014,1,0.301773,0
D_0002414896,1,0.997493,1
D_0002414980,1,0.975357,1
D_0002415925,1,0.999434,1
D_0002415946,1,0.994919,1
D_0002416177,1,0.985161,1
D_0002416702,1,0.999025,1
D_0002417563,0,0.078729,0
D_0002417626,1,0.985643,1
D_0002417731,0,0.960056,1
D_0002417815,1,0.999819,1
D_0002417941,0,0.305222,0
D_0002418004,1,0.994303,1
D_0002418340,0,0.197800,0
D_0002418739,1,0.999736,1
D_0002418991,0,0.687288,0
D_0002419054,0,0.203741,0
D_0002419138,0,0.149407,0
D_0002419285,1,0.999481,1
D_0002419390,0,0.049819,0
D_0002420062,1,0.986806,1
D_0002422288,0,0.084096,0
D_0002422330,0,0.993880,1
D_0002422897,1,0.999150,1
D_0002423128,0,0.105437,0
D_0002423212,1,0.125465,0
D_0002423590,0,0.942766,1
D_0002423611,0,0.113589,0
D_0002423653,1,0.313899,0
D_0002423821,1,0.999831,1
D_0002423947,0,0.250442,0
D_0002424283,1,0.999813,1
D_0002424388,1,0.996196,1
D_0002424766,1,0.195642,0
D_0002424892,1,0.957902,1
D_0002424913,1,0.987252,1
D_0002425207,0,0.121924,0
D_0002425375,0,0.086427,0
D_0002425711,0,0.583723,0
D_0002426089,1,0.999984,1
D_0002426320,0,0.064342,0
D_0002426761,1,0.997977,1
D_0002427307,1,0.999891,1
D_0002427580,1,0.999040,1
D_0002427853,1,0.999419,1
D_0002428021,1,0.066478,0
D_0002428252,0,0.053045,0
D_0002428861,0,0.123686,0
D_0002429092,1,0.992693,1
D_0002429260,1,0.985161,1
D_0002429617,1,0.989204,1
D_0002429785,1,0.997190,1
D_0002429869,0,0.075107,0
D_0002430436,1,0.119512,0
D_0002430730,1,0.998209,1
D_0002430751,1,0.997136,1
D_0002431423,1,0.985324,1
D_0002431486,1,0.177276,0
D_0002431843,1,0.996534,1
D_0002432431,1,0.998652,1
D_0002432515,0,0.122445,0
D_0002433397,0,0.239087,0
D_0002433754,0,0.216720,0
D_0002433775,1,0.997905,1
D_0002433817,0,0.236189,0
D_0002433901,1,0.634613,0
D_0002433964,1,0.999379,1
D_0002434867,1,0.275004,0
D_0002435623,1,0.998803,1
D_0002435959,1,0.067125,0
D_0002436064,0,0.169808,0
D_0002436463,1,0.999860,1
D_0002436715,0,0.048283,0
D_0002437030,0,0.063581,0
D_0002437093,1,0.999427,1
D_0002437345,0,0.092661,0
D_0002437597,0,0.153064,0
D_0002437723,1,0.998969,1
D_0002437870,0,0.716338,0
D_0002437975,1,0.242734,0
D_0002438080,1,0.182293,0
D_0002438164,1,0.999645,1
D_0002438395,0,0.027387,0
D_0002438416,0,0.089809,0
D_0002438836,0,0.179576,0
D_0002438878,1,0.997348,1
D_0002439193,1,0.999956,1
D_0002439424,1,0.138970,0
D_0002439802,1,0.999790,1
D_0002439823,1,0.999509,1
D_0002440159,1,0.989991,1
D_0002440663,0,0.047527,0
D_0002440789,1,0.052886,0
D_0002440852,1,0.999584,1
D_0002441104,1,0.999945,1
D_0002441167,1,0.997361,1
D_0002441251,1,0.999525,1
D_0002441587,1,0.999913,1
D_0002441671,0,0.145991,0
D_0002442469,0,0.172230,0
D_0002442700,0,0.410794,0
D_0002442868,0,0.043113,0
D_0002443162,1,0.998224,1
D_0002443771,1,0.999757,1
D_0002443834,0,0.055365,0
D_0002443876,0,0.081802,0
D_0002444002,1,0.999692,1
D_0002444506,1,0.092091,0
D_0002444590,0,0.208173,0
D_0002445094,0,0.156523,0
D_0002445430,0,0.077587,0
D_0002446207,1,0.150612,0
D_0002446438,0,0.485464,0
D_0002446606,1,0.994553,1
D_0002447068,1,0.999200,1
D_0002447698,0,0.171868,0
D_0002448181,1,0.999985,1
D_0002448244,1,0.155762,0
D_0002448853,1,0.998211,1
D_0002449315,0,0.559855,0
D_0002449651,0,0.230100,0
D_0002449882,0,0.071428,0
D_0002450239,1,0.999164,1
D_0002450743,1,0.992928,1
D_0002451226,0,0.939253,1
D_0002451247,1,0.977215,1
D_0002451961,0,0.080597,0
D_0002452108,1,0.999556,1
D_0002452192,1,0.995732,1
D_0002452822,1,0.988128,1
D_0002453116,1,0.999924,1
D_0002453620,1,0.997535,1
D_0002453662,1,0.998887,1
D_0002453788,1,0.997903,1
D_0002453830,1,0.999520,1
D_0002453893,1,0.999670,1
D_0002453977,0,0.091124,0
D_0002454586,0,0.059897,0
D_0002454649,1,0.999964,1
D_0002454733,1,0.148544,0
D_0002455258,0,0.038909,0
D_0002455321,0,0.267646,0
D_0002455405,0,0.083343,0
D_0002455426,0,0.256283,0
D_0002456119,1,0.997684,1
D_0002456497,0,0.078324,0
D_0002456749,1,0.999752,1
D_0002456875,0,0.554780,0
D_0002457673,1,0.184657,0
D_0002458114,0,0.088525,0
D_0002458471,0,0.203376,0
D_0002458618,1,0.997754,1
D_0002458828,1,0.997411,1
D_0002459122,1,0.998915,1
D_0002459311,0,0.114331,0
D_0002460151,0,0.123930,0
D_0002460235,1,0.999842,1
D_0002460844,0,0.060871,0
D_0002460991,0,0.048482,0
D_0002461327,0,0.131231,0
D_0002461495,1,0.045527,0
D_0002461663,0,0.330226,0
D_0002462272,1,0.990375,1
D_0002462293,1,0.691781,0
D_0002463637,0,0.053481,0
D_0002463889,1,0.999371,1
D_0002463931,1,0.999742,1
D_0002464267,0,0.076938,0
D_0002464351,1,0.958260,1
D_0002464540,1,0.975522,1
D_0002464582,0,0.060187,0
D_0002464708,1,0.120094,0
D_0002464729,1,0.998701,1
D_0002465674,1,0.069641,0
D_0002465758,1,0.998406,1
D_0002465779,1,0.999388,1
D_0002465800,0,0.141023,0
D_0002465947,1,0.997771,1
D_0002466283,0,0.126501,0
D_0002466325,1,0.999875,1
D_0002466388,1,0.999696,1
D_0002466514,1,0.092423,0
D_0002466535,1,0.999267,1
D_0002466556,1,0.997779,1
D_0002466598,1,0.998900,1
D_0002466808,1,0.982428,1
D_0002466892,0,0.312533,0
D_0002466934,0,0.096444,0
D_0002467060,1,0.999699,1
D_0002467396,0,0.287811,0
D_0002467795,1,0.055126,0
D_0002468005,1,0.079851,0
D_0002468173,0,0.114382,0
D_0002468551,1,0.996649,1
D_0002468614,1,0.999745,1
D_0002468887,0,0.165241,0
D_0002469475,0,0.059141,0
D_0002469496,0,0.448214,0
D_0002469958,0,0.610484,0
D_0002470042,0,0.056640,0
D_0002470672,1,0.995379,1
D_0002471155,1,0.984719,1
D_0002471365,1,0.256778,0
D_0002471869,0,0.093392,0
D_0002472121,0,0.096024,0
D_0002472625,0,0.067850,0
D_0002473087,1,0.086200,0
D_0002473675,1,0.999920,1
D_0002473759,0,0.982513,1
D_0002473801,0,0.065019,0
D_0002474494,1,0.983739,1
D_0002474914,1,0.997134,1
D_0002475124,1,0.999812,1
D_0002475733,0,0.117662,0
D_0002476153,0,0.095079,0
D_0002476237,0,0.047597,0
D_0002476762,0,0.069658,0
D_0002477224,0,0.226933,0
D_0002477308,1,0.997135,1
D_0002477497,1,0.999118,1
D_0002477623,1,0.998417,1
D_0002477791,1,0.998811,1
D_0002478022,1,0.998476,1
D_0002479198,0,0.958088,1
D_0002479324,0,0.184056,0
D_0002479618,0,0.067182,0
D_0002479849,0,0.183200,0
D_0002480206,1,0.999737,1
D_0002480290,1,0.999802,1
D_0002480920,0,0.062123,0
D_0002481130,1,0.999196,1
D_0002481592,1,0.999482,1
D_0002481634,1,0.989860,1
D_0002481718,1,0.988166,1
D_0002482054,1,0.999123,1
D_0002482201,1,0.509476,0
D_0002482516,0,0.087114,0
D_0002482684,1,0.998051,1
D_0002482852,0,0.157455,0
D_0002482936,0,0.744399,0
D_0002483545,0,0.087035,0
D_0002483629,0,0.166241,0
D_0002483818,0,0.121316,0
D_0002484217,0,0.058457,0
D_0002484238,0,0.860170,1
D_0002484658,0,0.124874,0
D_0002484931,1,0.999980,1
D_0002485183,1,0.999751,1
D_0002485435,0,0.616178,0
D_0002485792,0,0.584508,0
D_0002485855,1,0.256954,0
D_0002486212,0,0.166074,0
D_0002487178,1,0.999639,1
D_0002487262,0,0.353069,0
D_0002487388,1,0.084600,0
D_0002487703,1,0.074421,0
D_0002488837,1,0.996602,1
D_0002489194,1,0.999933,1
D_0002489530,1,0.999739,1
D_0002489551,1,0.980801,1
D_0002489656,0,0.182169,0
D_0002490013,1,0.993713,1
D_0002490160,0,0.155698,0
D_0002490769,0,0.808037,1
D_0002491105,0,0.076324,0
D_0002491252,1,0.999895,1
D_0002491462,1,0.531073,0
D_0002491798,0,0.816997,1
D_0002492281,0,0.876939,1
D_0002492575,0,0.068942,0
D_0002492827,0,0.163340,0
D_0002492953,1,0.998835,1
D_0002493205,0,0.762009,0
D_0002493289,0,0.224660,0
D_0002493331,1,0.996748,1
D_0002494486,1,0.984014,1
D_0002494738,0,0.267590,0
D_0002494780,0,0.151694,0
D_0002495872,1,0.999936,1
D_0002496607,1,0.198968,0
D_0002496649,0,0.082194,0
D_0002496922,1,0.984473,1
D_0002498623,1,0.999732,1
D_0002498854,0,0.178581,0
D_0002499421,0,0.077923,0
D_0002499526,0,0.505676,0
D_0002499673,1,0.111199,0
D_0002499883,1,0.999982,1
D_0002500072,0,0.074397,0
D_0002500723,1,0.999477,1
D_0002500870,0,0.778980,1
D_0002500975,0,0.425917,0
D_0002501227,1,0.998177,1
D_0002501773,0,0.982576,1
D_0002502445,1,0.999869,1
D_0002502739,1,0.209079,0
D_0002502865,1,0.999900,1
D_0002503180,0,0.271159,0
D_0002503432,0,0.246783,0
D_0002503642,0,0.149764,0
D_0002503747,0,0.091904,0
D_0002503915,1,0.999970,1
D_0002504062,0,0.927723,1
D_0002504146,1,0.997289,1
D_0002504923,1,0.149903,0
D_0002504986,1,0.998571,1
D_0002505406,1,0.984732,1
D_0002505700,0,0.061637,0
D_0002505784,1,0.999877,1
D_0002506666,1,0.999958,1
D_0002506918,1,0.999691,1
D_0002507044,0,0.133687,0
D_0002507506,0,0.871982,1
D_0002507653,0,0.173745,0
D_0002507821,1,0.999379,1
D_0002507884,0,0.392508,0
D_0002507926,1,0.999408,1
D_0002508052,0,0.152489,0
D_0002508892,0,0.113144,0
D_0002509501,1,0.988307,1
D_0002509711,0,0.060284,0
D_0002510278,1,0.996022,1
D_0002510467,0,0.998356,1
D_0002510530,1,0.994883,1
D_0002510887,1,0.999889,1
D_0002511559,0,0.301299,0
D_0002511580,0,0.140866,0
D_0002511727,1,0.999003,1
D_0002511790,1,0.998838,1
D_0002511916,1,0.998363,1
D_0002512042,1,0.998668,1
D_0002512651,0,0.183185,0
D_0002512840,1,0.245066,0
D_0002512966,1,0.991188,1
D_0002513218,0,0.080406,0
D_0002513449,1,0.986642,1
D_0002513638,1,0.992666,1
D_0002513953,0,0.099365,0
D_0002513995,1,0.999836,1
D_0002514079,1,0.999968,1
D_0002514583,1,0.999400,1
D_0002514625,1,0.994256,1
D_0002515297,1,0.997411,1
D_0002515591,1,0.999549,1
D_0002516830,0,0.797520,1
D_0002516872,1,0.998868,1
D_0002516998,1,0.999695,1
D_0002517040,0,0.100032,0
D_0002517061,0,0.252005,0
D_0002517082,0,0.083588,0
D_0002517628,1,0.999319,1
D_0002517775,0,0.116592,0
D_0002518237,0,0.008027,0
D_0002519371,0,0.039114,0
D_0002519392,0,0.135935,0
D_0002519812,0,0.047306,0
D_0002520232,1,0.998070,1
D_0002520505,0,0.044061,0
D_0002521933,0,0.070202,0
D_0002522416,1,0.999915,1
D_0002522668,1,0.992257,1
D_0002522689,1,0.999851,1
D_0002522815,0,0.132089,0
D_0002522941,0,0.279121,0
D_0002522983,0,0.191077,0
D_0002523550,0,0.081617,0
D_0002523802,1,0.999457,1
D_0002525986,0,0.072760,0
D_0002526133,0,0.996978,1
D_0002526175,1,0.999884,1
D_0002526280,1,0.999475,1
D_0002526343,1,0.997244,1
D_0002526847,0,0.320977,0
D_0002527057,0,0.978855,1
D_0002528590,1,0.999725,1
D_0002528737,1,0.996659,1
D_0002529073,0,0.973747,1
D_0002529451,0,0.195246,0
D_0002529598,0,0.034250,0
D_0002529892,1,0.991477,1
D_0002530081,1,0.983796,1
D_0002530501,1,0.999058,1
D_0002530921,1,0.205979,0
D_0002531194,1,0.998476,1
D_0002531467,0,0.746507,0
D_0002531551,0,0.187319,0
D_0002531929,1,0.995643,1
D_0002532118,1,0.997655,1
D_0002532139,0,0.149551,0
D_0002532223,1,0.051204,0
D_0002532391,1,0.255825,0
D_0002533504,1,0.986796,1
D_0002533609,1,0.096942,0
D_0002533756,1,0.999888,1
D_0002533861,0,0.082788,0
D_0002534344,0,0.490115,0
D_0002535478,1,0.982760,1
D_0002535646,1,0.999707,1
D_0002535709,1,0.999979,1
D_0002536045,1,0.999150,1
D_0002536255,0,0.795898,1
D_0002536675,1,0.999748,1
D_0002536822,1,0.293893,0
D_0002538229,0,0.110133,0
D_0002538250,1,0.999892,1
D_0002538670,0,0.299532,0
D_0002538733,1,0.999715,1
D_0002538796,0,0.155341,0
D_0002539279,1,0.999719,1
D_0002539678,0,0.364631,0
D_0002539909,0,0.114871,0
D_0002539951,1,0.995834,1
D_0002540098,1,0.999374,1
D_0002540203,1,0.999503,1
D_0002540749,0,0.159537,0
D_0002541547,1,0.999633,1
D_0002542261,0,0.141526,0
D_0002542576,1,0.305356,0
D_0002542597,1,0.999943,1
D_0002542912,1,0.999397,1
D_0002543521,1,0.994555,1
D_0002543542,0,0.068321,0
D_0002543668,0,0.234609,0
D_0002543878,1,0.999588,1
D_0002544088,1,0.998170,1
D_0002544382,1,0.991364,1
D_0002545159,0,0.087802,0
D_0002545180,0,0.079855,0
D_0002545348,1,0.859830,1
D_0002545558,1,0.976225,1
D_0002545789,0,0.957018,1
D_0002545957,1,0.999720,1
D_0002546104,0,0.121535,0
D_0002546335,1,0.999458,1
D_0002546650,1,0.996997,1
D_0002546671,0,0.085349,0
D_0002546818,1,0.955450,1
D_0002546881,0,0.162165,0
D_0002547133,1,0.997030,1
D_0002547385,0,0.124151,0
D_0002547574,0,0.132118,0
D_0002547763,1,0.990333,1
D_0002548036,1,0.990017,1
D_0002548435,1,0.999898,1
D_0002549506,1,0.999794,1
D_0002549674,0,0.127768,0
D_0002549695,1,0.999991,1
D_0002549884,1,0.979093,1
D_0002550430,0,0.189180,0
D_0002550556,1,0.995138,1
D_0002550976,1,0.999690,1
D_0002551081,0,0.018262,0
D_0002551165,1,0.997790,1
D_0002551606,1,0.996707,1
D_0002551921,1,0.999841,1
D_0002552215,1,0.999820,1
D_0002552467,1,0.999101,1
D_0002552782,0,0.135425,0
D_0002553433,1,0.994349,1
D_0002553517,0,0.163055,0
D_0002553580,0,0.040333,0
D_0002553895,1,0.010038,0
D_0002553916,1,0.999970,1
D_0002554273,0,0.306370,0
D_0002554357,1,0.999903,1
D_0002554441,1,0.999972,1
D_0002554735,0,0.371170,0
D_0002554882,0,0.192767,0
D_0002554924,1,0.993096,1
D_0002555176,1,0.062820,0
D_0002556583,1,0.997141,1
D_0002557213,1,0.989428,1
D_0002557780,0,0.114909,0
D_0002557990,0,0.217482,0
D_0002558494,0,0.050524,0
D_0002558599,0,0.135485,0
D_0002558620,0,0.087798,0
D_0002558683,1,0.992705,1
D_0002559544,0,0.071683,0
D_0002560111,1,0.979040,1
D_0002560468,0,0.069308,0
D_0002560741,0,0.086055,0
D_0002562820,0,0.056450,0
D_0002563030,0,0.125505,0
D_0002563072,0,0.100587,0
D_0002563366,1,0.998215,1
D_0002563828,0,0.070137,0
D_0002564689,0,0.103026,0
D_0002564941,0,0.091140,0
D_0002565634,1,0.998036,1
D_0002565949,1,0.997897,1
D_0002566264,1,0.996720,1
D_0002567125,1,0.993644,1
D_0002567608,1,0.112249,0
D_0002567671,1,0.998726,1
D_0002568049,0,0.063986,0
D_0002568385,0,0.092163,0
D_0002568658,1,0.999850,1
D_0002569141,0,0.155107,0
D_0002569267,1,0.999333,1
D_0002569393,1,0.998373,1
D_0002569540,1,0.985900,1
D_0002569645,1,0.979142,1
D_0002569687,1,0.999698,1
D_0002570296,1,0.997914,1
D_0002570758,1,0.999683,1
D_0002570884,0,0.332250,0
D_0002571031,0,0.133858,0
D_0002572039,0,0.258101,0
D_0002572060,0,0.685289,0
D_0002572438,1,0.993528,1
D_0002572921,0,0.123321,0
D_0002573488,0,0.070956,0
D_0002573824,0,0.084368,0
D_0002574328,1,0.999543,1
D_0002574748,1,0.999986,1
D_0002574832,1,0.131753,0
D_0002575063,0,0.117336,0
D_0002575084,1,0.991073,1
D_0002575315,0,0.056272,0
D_0002575819,1,0.999467,1
D_0002576575,0,0.062371,0
D_0002576638,1,0.080795,0
D_0002577499,1,0.999962,1
D_0002577604,1,0.989868,1
D_0002578108,1,0.999722,1
D_0002578171,1,0.999503,1
D_0002578318,1,0.996045,1
D_0002578402,0,0.068911,0
D_0002578570,0,0.012937,0
D_0002578759,1,0.999469,1
D_0002579116,0,0.751371,0
D_0002579662,1,0.997242,1
D_0002580481,1,0.995862,1
D_0002580838,1,0.999979,1
D_0002580985,1,0.999069,1
D_0002581153,1,0.303890,0
D_0002581363,1,0.995039,1
D_0002581615,0,0.030702,0
D_0002581741,0,0.194370,0
D_0002583169,1,0.996009,1
D_0002583694,1,0.998448,1
D_0002583736,0,0.284099,0
D_0002584807,1,0.998258,1
D_0002584933,0,0.046617,0
D_0002584975,0,0.218466,0
D_0002585206,0,0.052675,0
D_0002585479,1,0.998430,1
D_0002585563,1,0.999021,1
D_0002585710,0,0.071144,0
D_0002586592,0,0.367076,0
D_0002586697,1,0.999258,1
D_0002587306,1,0.999981,1
D_0002587621,1,0.999776,1
D_0002587789,0,0.196312,0
D_0002587873,0,0.196229,0
D_0002588020,1,0.992163,1
D_0002588776,0,0.099241,0
D_0002589133,0,0.146583,0
D_0002589784,1,0.993850,1
D_0002590918,0,0.153080,0
D_0002591338,1,0.997800,1
D_0002591443,1,0.999299,1
D_0002591506,1,0.986754,1
D_0002591947,1,0.149707,0
D_0002591968,0,0.874036,1
D_0002592136,0,0.983034,1
D_0002592346,1,0.999962,1
D_0002592367,0,0.059102,0
D_0002592745,1,0.999799,1
D_0002592808,1,0.044130,0
D_0002592976,1,0.996550,1
D_0002593312,0,0.021574,0
D_0002593459,0,0.169152,0
D_0002593732,1,0.999901,1
D_0002593900,1,0.996108,1
D_0002594152,1,0.106790,0
D_0002594341,1,0.998553,1
D_0002594908,1,0.999963,1
D_0002595097,1,0.104315,0
D_0002595370,1,0.987984,1
D_0002596105,1,0.998794,1
D_0002597071,0,0.069149,0
D_0002597260,0,0.129723,0
D_0002598205,1,0.999360,1
D_0002598415,0,0.238143,0
D_0002598646,1,0.982362,1
D_0002598814,0,0.177706,0
D_0002598835,0,0.138524,0
D_0002599738,0,0.042649,0
D_0002599801,0,0.109134,0
D_0002599948,1,0.998516,1
D_0002600074,1,0.995323,1
D_0002600116,1,0.069009,0
D_0002600179,0,0.074862,0
D_0002600305,0,0.070514,0
D_0002600557,0,0.055132,0
D_0002600788,1,0.999409,1
D_0002600830,1,0.999871,1
D_0002601145,0,0.064770,0
D_0002601292,0,0.082024,0
D_0002602258,0,0.087070,0
D_0002602804,1,0.999721,1
D_0002603035,1,0.999470,1
D_0002603098,1,0.986326,1
D_0002603392,0,0.062753,0
D_0002604127,1,0.975601,1
D_0002604169,0,0.139686,0
D_0002604862,1,0.998679,1
D_0002604988,0,0.412260,0
D_0002605408,1,0.999224,1
D_0002605492,1,0.999552,1
D_0002605639,0,0.132066,0
D_0002605786,0,0.443856,0
D_0002605975,1,0.998879,1
D_0002606248,1,0.999280,1
D_0002606437,1,0.999943,1
D_0002606521,1,0.999653,1
D_0002606836,1,0.082375,0
D_0002606983,0,0.141157,0
D_0002607046,1,0.987629,1
D_0002607382,1,0.999377,1
D_0002607634,1,0.999013,1
D_0002607823,1,0.993156,1
D_0002607844,1,0.975141,1
D_0002608432,1,0.999891,1
D_0002608474,0,0.179962,0
D_0002608516,1,0.999258,1
D_0002608726,0,0.172154,0
D_0002609104,1,0.997057,1
D_0002609230,0,0.216773,0
D_0002609524,0,0.071278,0
D_0002609734,1,0.999985,1
D_0002610049,0,0.877865,1
D_0002610238,1,0.998744,1
D_0002610301,1,0.989536,1
D_0002610700,1,0.999513,1
D_0002611078,1,0.999380,1
D_0002611141,0,0.327018,0
D_0002611246,1,0.156120,0
D_0002611666,1,0.938082,1
D_0002612569,1,0.995879,1
D_0002613178,1,0.999536,1
D_0002613304,1,0.992513,1
D_0002613745,1,0.999887,1
D_0002613829,0,0.150743,0
D_0002613976,0,0.104359,0
D_0002614081,0,0.049177,0
D_0002614648,1,0.837738,1
D_0002614816,1,0.086255,0
D_0002615068,1,0.138977,0
D_0002615194,1,0.999082,1
D_0002615236,0,0.107413,0
D_0002615446,0,0.865740,1
D_0002615509,1,0.999952,1
D_0002616727,1,0.999167,1
D_0002616790,1,0.999703,1
D_0002616916,1,0.991322,1
D_0002617000,0,0.079733,0
D_0002617714,1,0.999644,1
D_0002618575,0,0.212021,0
D_0002618764,1,0.999816,1
D_0002618932,1,0.999254,1
D_0002619100,1,0.999989,1
D_0002619184,1,0.998513,1
D_0002619373,1,0.999769,1
D_0002619688,0,0.076066,0
D_0002619730,0,0.107827,0
D_0002619751,0,0.761917,0
D_0002620906,1,0.143064,0
D_0002620927,0,0.047275,0
D_0002621935,1,0.998668,1
D_0002622103,0,0.182282,0
D_0002622229,1,0.999988,1
D_0002622565,1,0.858144,1
D_0002623090,1,0.982496,1
D_0002623573,0,0.217027,0
D_0002623615,1,0.999656,1
D_0002624098,0,0.234840,0
D_0002624560,0,0.467404,0
D_0002624686,1,0.999902,1
D_0002624707,0,0.338896,0
D_0002624749,0,0.072268,0
D_0002624938,1,0.995310,1
D_0002624959,1,0.999269,1
D_0002625127,0,0.057541,0
D_0002625253,1,0.999735,1
D_0002625379,0,0.049067,0
D_0002626261,1,0.990443,1
D_0002626303,0,0.019638,0
D_0002626912,1,0.999176,1
D_0002627227,1,0.999614,1
D_0002627269,0,0.273881,0
D_0002627815,1,0.999894,1
D_0002627878,1,0.999744,1
D_0002628235,0,0.077114,0
D_0002628655,1,0.961492,1
D_0002630440,1,0.995538,1
D_0002630545,0,0.058605,0
D_0002630692,1,0.999635,1
D_0002632309,1,0.995950,1
D_0002632561,1,0.966843,1
D_0002632876,1,0.997208,1
D_0002633107,1,0.999783,1
D_0002633212,1,0.995371,1
D_0002633254,0,0.133389,0
D_0002633317,0,0.047574,0
D_0002633737,0,0.040194,0
D_0002634283,1,0.016946,0
D_0002634409,0,0.097425,0
D_0002635711,0,0.081865,0
D_0002635753,1,0.976420,1
D_0002636152,0,0.430041,0
D_0002636320,0,0.925927,1
D_0002636446,0,0.067864,0
D_0002636488,0,0.193224,0
D_0002636803,1,0.994782,1
D_0002637433,1,0.999127,1
D_0002637685,0,0.049970,0
D_0002637979,1,0.989401,1
D_0002638147,0,0.300564,0
D_0002638609,1,0.230547,0
D_0002638672,0,0.096751,0
D_0002638756,1,0.999639,1
D_0002639218,0,0.067539,0
D_0002639281,0,0.962728,1
D_0002639302,0,0.101821,0
D_0002639617,0,0.086459,0
D_0002639701,1,0.993584,1
D_0002639722,0,0.052951,0
D_0002640016,1,0.989393,1
D_0002640415,1,0.989840,1
D_0002640730,1,0.997835,1
D_0002640877,0,0.051226,0
D_0002640961,1,0.999898,1
D_0002640982,1,0.999974,1
D_0002641276,1,0.976567,1
D_0002641633,0,0.225390,0
D_0002641654,1,0.999708,1
D_0002641675,0,0.146480,0
D_0002641717,0,0.103131,0
D_0002641906,0,0.220785,0
D_0002642011,0,0.065915,0
D_0002642074,1,0.991677,1
D_0002642116,0,0.043897,0
D_0002642368,0,0.050381,0
D_0002642578,0,0.176833,0
D_0002643250,1,0.989708,1
D_0002643271,1,0.999674,1
D_0002643355,1,0.992433,1
D_0002643502,0,0.409025,0
D_0002644195,1,0.997670,1
D_0002644321,0,0.066571,0
D_0002644552,1,0.984537,1
D_0002644657,0,0.165151,0
D_0002646967,0,0.260645,0
D_0002647261,1,0.988195,1
D_0002648122,0,0.111498,0
D_0002648227,1,0.986738,1
D_0002648479,1,0.998262,1
D_0002649046,1,0.126565,0
D_0002649193,0,0.046226,0
D_0002649508,1,0.998589,1
D_0002649592,1,0.999523,1
D_0002650012,0,0.079433,0
D_0002650180,1,0.997780,1
D_0002650348,1,0.150687,0
D_0002650600,1,0.999427,1
D_0002650642,1,0.983921,1
D_0002651419,1,0.998111,1
D_0002651545,1,0.993702,1
D_0002651839,0,0.075938,0
D_0002652259,0,0.510027,0
D_0002652280,1,0.996699,1
D_0002652448,1,0.992718,1
D_0002652805,1,0.958987,1
D_0002652847,1,0.999918,1
D_0002653204,1,0.960867,1
D_0002653372,1,0.998097,1
D_0002653519,1,0.994099,1
D_0002653918,1,0.988707,1
D_0002654044,1,0.531327,0
D_0002654380,1,0.996132,1
D_0002654485,1,0.202750,0
D_0002654569,0,0.080492,0
D_0002655031,1,0.999141,1
D_0002655262,0,0.853894,1
D_0002655640,0,0.183307,0
D_0002655766,0,0.716563,0
D_0002656123,1,0.998766,1
D_0002656291,0,0.182396,0
D_0002656333,1,0.998417,1
D_0002656795,0,0.080197,0
D_0002656837,1,0.999873,1
D_0002657236,0,0.070126,0
D_0002657362,0,0.049873,0
D_0002657446,0,0.548267,0
D_0002657467,1,0.999498,1
D_0002657593,0,0.177836,0
D_0002657740,0,0.154459,0
D_0002657992,1,0.995679,1
D_0002659021,1,0.225352,0
D_0002659252,1,0.999246,1
D_0002659462,1,0.995196,1
D_0002659504,1,0.993102,1
D_0002660197,0,0.051532,0
D_0002660722,1,0.999111,1
D_0002660848,1,0.999791,1
D_0002661436,1,0.999726,1
D_0002661478,0,0.099298,0
D_0002661520,1,0.998464,1
D_0002661646,1,0.999759,1
D_0002661877,1,0.173030,0
D_0002662150,0,0.145949,0
D_0002662465,0,0.132656,0
D_0002662507,0,0.057636,0
D_0002662822,1,0.998787,1
D_0002662948,0,0.007896,0
D_0002663074,0,0.097823,0
D_0002663725,1,0.999839,1
D_0002663746,0,0.587994,0
D_0002663767,1,0.994976,1
D_0002664796,1,0.991944,1
D_0002664859,0,0.073091,0
D_0002665195,0,0.961427,1
D_0002665552,0,0.078744,0
D_0002666077,1,0.988742,1
D_0002666917,0,0.217860,0
D_0002667379,0,0.349973,0
D_0002667862,1,0.994842,1
D_0002668030,0,0.033194,0
D_0002668408,0,0.334255,0
D_0002668492,1,0.997872,1
D_0002668807,1,0.999972,1
D_0002669017,1,0.231221,0
D_0002669038,1,0.998940,1
D_0002669794,0,0.070969,0
D_0002669836,0,0.329071,0
D_0002670214,1,0.999374,1
D_0002670865,1,0.999839,1
D_0002670928,0,0.093113,0
D_0002671075,1,0.999826,1
D_0002671117,0,0.099736,0
D_0002671138,0,0.079977,0
D_0002671306,0,0.079184,0
D_0002671432,0,0.171409,0
D_0002671516,1,0.985254,1
D_0002671537,1,0.999504,1
D_0002671579,1,0.998064,1
D_0002671747,0,0.051966,0
D_0002671810,0,0.069660,0
D_0002672356,1,0.999710,1
D_0002672398,1,0.999908,1
D_0002672881,1,0.951594,1
D_0002673931,0,0.088773,0
D_0002674309,0,0.113042,0
D_0002674435,1,0.995025,1
D_0002674834,1,0.991077,1
D_0002675023,0,0.287784,0
D_0002675653,1,0.997387,1
D_0002675779,1,0.999975,1
D_0002676262,0,0.418130,0
D_0002676472,1,0.952928,1
D_0002676535,1,0.997529,1
D_0002676871,1,0.990766,1
D_0002677060,0,0.138242,0
D_0002677123,0,0.102917,0
D_0002677144,1,0.960749,1
D_0002677270,1,0.999439,1
D_0002677417,1,0.167895,0
D_0002678131,0,0.183280,0
D_0002678215,0,0.099185,0
D_0002678593,1,0.994472,1
D_0002678656,1,0.999831,1
D_0002678740,0,0.076430,0
D_0002679202,0,0.189342,0
D_0002679580,0,0.051584,0
D_0002679748,1,0.998018,1
D_0002679958,1,0.997609,1
D_0002680105,0,0.131923,0
D_0002680735,0,0.142452,0
D_0002680819,0,0.138139,0
D_0002680840,1,0.999412,1
D_0002680882,1,0.998630,1
D_0002681155,1,0.996948,1
D_0002681218,0,0.139820,0
D_0002681533,0,0.117749,0
D_0002682100,0,0.087235,0
D_0002682436,0,0.899046,1
D_0002682562,1,0.999753,1
D_0002682604,1,0.999968,1
D_0002683171,1,0.999775,1
D_0002683234,1,0.996146,1
D_0002683486,0,0.063134,0
D_0002684368,0,0.056035,0
D_0002684473,0,0.164742,0
D_0002684536,0,0.089099,0
D_0002684935,0,0.200439,0
D_0002685271,1,0.125690,0
D_0002685292,1,0.090669,0
D_0002685649,1,0.666929,0
D_0002686090,1,0.999879,1
D_0002686153,0,0.053444,0
D_0002686342,0,0.139819,0
D_0002686573,1,0.995350,1
D_0002686594,1,0.995572,1
D_0002686636,0,0.231461,0
D_0002687329,0,0.052903,0
D_0002687434,0,0.942740,1
D_0002688274,1,0.994839,1
D_0002688442,1,0.999911,1
D_0002688673,0,0.570385,0
D_0002688715,0,0.065393,0
D_0002688820,1,0.992279,1
D_0002688967,1,0.999138,1
D_0002689072,1,0.990256,1
D_0002689093,0,0.268124,0
D_0002689576,0,0.054271,0
D_0002689723,1,0.940136,1
D_0002689870,1,0.999908,1
D_0002689912,0,0.463049,0
D_0002689954,0,0.067673,0
D_0002689975,0,0.861208,1
D_0002690059,1,0.997358,1
D_0002690248,0,0.619972,0
D_0002690311,1,0.955589,1
D_0002690626,0,0.424027,0
D_0002690815,0,0.038021,0
D_0002691046,0,0.321227,0
D_0002691781,1,0.995993,1
D_0002692012,1,0.999854,1
D_0002692537,1,0.991620,1
D_0002692873,1,0.995348,1
D_0002692915,1,0.222706,0
D_0002693083,1,0.997846,1
D_0002693545,0,0.086868,0
D_0002693986,0,0.040071,0
D_0002694091,0,0.268705,0
D_0002694259,0,0.776080,1
D_0002694406,0,0.046658,0
D_0002694448,1,0.999986,1
D_0002694994,0,0.943285,1
D_0002695834,1,0.095910,0
D_0002695960,1,0.999628,1
D_0002696443,1,0.999393,1
D_0002696926,1,0.997762,1
D_0002697913,0,0.355878,0
D_0002698102,0,0.103470,0
D_0002698249,0,0.202716,0
D_0002698396,1,0.996985,1
D_0002698627,0,0.039541,0
D_0002698711,1,0.999954,1
D_0002698732,0,0.130830,0
D_0002698858,1,0.998668,1
D_0002699026,0,0.094905,0
D_0002699110,1,0.998953,1
D_0002699614,1,0.999841,1
D_0002700181,0,0.195576,0
D_0002700496,1,0.995819,1
D_0002700874,1,0.983824,1
D_0002701378,1,0.998722,1
D_0002701609,1,0.998078,1
D_0002701798,0,0.157103,0
D_0002701882,1,0.999240,1
D_0002703142,1,0.988219,1
D_0002703835,0,0.208475,0
D_0002703856,0,0.215619,0
D_0002704507,1,0.096440,0
D_0002705032,1,0.999566,1
D_0002705095,0,0.126513,0
D_0002705410,1,0.999865,1
D_0002705662,1,0.998012,1
D_0002706103,1,0.986628,1
D_0002706208,1,0.999996,1
D_0002706250,0,0.163081,0
D_0002706292,0,0.102018,0
D_0002706460,1,0.739572,0
D_0002706628,0,0.031660,0
D_0002706649,1,0.999880,1
D_0002706985,0,0.150572,0
D_0002707006,1,0.999988,1
D_0002708056,0,0.075547,0
D_0002708245,0,0.407212,0
D_0002708497,0,0.037854,0
D_0002708623,0,0.095876,0
D_0002708644,0,0.133944,0
D_0002709316,0,0.138894,0
D_0002709715,1,0.974206,1
D_0002709778,1,0.999928,1
D_0002709925,0,0.062557,0
D_0002710324,1,0.950106,1
D_0002711269,0,0.721812,0
D_0002711458,0,0.140541,0
D_0002711752,1,0.999775,1
D_0002712235,0,0.173736,0
D_0002712361,1,0.999768,1
D_0002712424,0,0.087298,0
D_0002712487,1,0.999539,1
D_0002712970,1,0.999659,1
D_0002713138,1,0.994913,1
D_0002713159,0,0.191535,0
D_0002713390,1,0.999803,1
D_0002713474,1,0.199245,0
D_0002713579,0,0.099387,0
D_0002714251,0,0.202155,0
D_0002714398,1,0.990386,1
D_0002714524,0,0.123380,0
D_0002715049,1,0.999541,1
D_0002715259,0,0.795853,1
D_0002715658,0,0.119198,0
D_0002715700,1,0.985523,1
D_0002716036,1,0.999773,1
D_0002716351,0,0.168658,0
D_0002716372,1,0.997148,1
D_0002716561,1,0.999152,1
D_0002716603,0,0.588848,0
D_0002716834,1,0.971522,1
D_0002717128,1,0.996807,1
D_0002717149,0,0.155889,0
D_0002717527,1,0.993719,1
D_0002717926,1,0.992424,1
D_0002718199,0,0.089012,0
D_0002718241,0,0.074724,0
D_0002718262,1,0.999913,1
D_0002718514,1,0.992894,1
D_0002718535,1,0.999626,1
D_0002718682,1,0.997456,1
D_0002718745,0,0.098652,0
D_0002718808,0,0.076606,0
D_0002718892,1,0.981532,1
D_0002718934,0,0.082416,0
D_0002719144,0,0.963824,1
D_0002719270,0,0.085055,0
D_0002719417,1,0.996333,1
D_0002719522,1,0.438079,0
D_0002719921,0,0.190699,0
D_0002720005,1,0.986307,1
D_0002720215,1,0.994617,1
D_0002720425,0,0.067932,0
D_0002720782,1,0.999681,1
D_0002720887,1,0.999349,1
D_0002720950,1,0.942856,1
D_0002721139,0,0.113923,0
D_0002721559,0,0.558004,0
D_0002721727,0,0.851417,1
D_0002721832,1,0.999942,1
D_0002721874,1,0.999577,1
D_0002722000,1,0.137417,0
D_0002722315,0,0.410829,0
D_0002722378,1,0.998684,1
D_0002722588,1,0.989092,1
D_0002722735,0,0.602185,0
D_0002723008,0,0.172039,0
D_0002723029,1,0.999583,1
D_0002723155,0,0.058762,0
D_0002723428,1,0.999982,1
D_0002723470,0,0.747522,0
D_0002723680,0,0.086423,0
D_0002724184,1,0.213132,0
D_0002724268,1,0.999399,1
D_0002724625,0,0.135905,0
D_0002725213,0,0.861336,1
D_0002725339,0,0.043289,0
D_0002725864,0,0.130522,0
D_0002726116,1,0.999447,1
D_0002726179,1,0.992930,1
D_0002726452,1,0.999993,1
D_0002727565,1,0.999217,1
D_0002728090,1,0.988447,1
D_0002728636,0,0.107861,0
D_0002728678,1,0.985152,1
D_0002728804,1,0.995343,1
D_0002729140,0,0.043742,0
D_0002729203,1,0.996513,1
D_0002729308,1,0.253579,0
D_0002730043,1,0.700127,0
D_0002730589,0,0.090628,0
D_0002730799,1,0.999855,1
D_0002731387,0,0.923745,1
D_0002731702,0,0.186159,0
D_0002731975,0,0.149843,0
D_0002732038,0,0.181811,0
D_0002732647,1,0.987831,1
D_0002732941,1,0.880723,1
D_0002733109,0,0.082829,0
D_0002733487,1,0.999976,1
D_0002733802,1,0.999945,1
D_0002733823,0,0.036008,0
D_0002734117,0,0.073754,0
D_0002734369,1,0.998209,1
D_0002734852,1,0.999990,1
D_0002735020,1,0.999952,1
D_0002735482,0,0.072874,0
D_0002735587,1,0.992849,1
D_0002735776,1,0.996445,1
D_0002735944,1,0.992120,1
D_0002737393,1,0.996926,1
D_0002737561,1,0.999912,1
D_0002737582,1,0.978342,1
D_0002738758,1,0.999994,1
D_0002738779,1,0.999160,1
D_0002738800,0,0.017228,0
D_0002739178,0,0.098566,0
D_0002739577,0,0.112955,0
D_0002740270,1,0.998655,1
D_0002740690,1,0.999978,1
D_0002741509,0,0.088377,0
D_0002741908,1,0.998437,1
D_0002741950,0,0.447385,0
D_0002742160,0,0.125653,0
D_0002742496,0,0.209409,0
D_0002742790,1,0.175581,0
D_0002742811,1,0.999257,1
D_0002743252,0,0.040543,0
D_0002743420,0,0.103071,0
D_0002743651,1,0.998158,1
D_0002743714,0,0.069502,0
D_0002743798,1,0.999616,1
D_0002744407,1,0.999893,1
D_0002744680,0,0.194855,0
D_0002744722,1,0.999446,1
D_0002744869,1,0.994200,1
D_0002746402,0,0.079462,0
D_0002746570,0,0.246529,0
D_0002746591,1,0.091615,0
D_0002746822,1,0.998340,1
D_0002747620,1,0.132063,0
D_0002747641,0,0.241937,0
D_0002748103,1,0.928992,1
D_0002748271,0,0.057513,0
D_0002748334,1,0.999169,1
D_0002748460,1,0.999643,1
D_0002748586,1,0.996410,1
D_0002748775,0,0.165233,0
D_0002749531,1,0.974519,1
D_0002749930,0,0.137974,0
D_0002750266,0,0.351898,0
D_0002750329,0,0.232445,0
D_0002750413,1,0.998830,1
D_0002751022,1,0.999810,1
D_0002751379,0,0.209064,0
D_0002751841,0,0.066886,0
D_0002752555,1,0.994683,1
D_0002752723,0,0.975614,1
D_0002752828,1,0.998258,1
D_0002753038,1,0.999667,1
D_0002753227,1,0.998087,1
D_0002753437,0,0.079016,0
D_0002753710,1,0.975265,1
D_0002753794,0,0.107926,0
D_0002754256,1,0.999242,1
D_0002754298,1,0.951478,1
D_0002754340,0,0.858103,1
D_0002754466,0,0.255426,0
D_0002755159,0,0.307126,0
D_0002755264,1,0.049685,0
D_0002755642,0,0.179299,0
D_0002755663,0,0.140110,0
D_0002756062,0,0.062252,0
D_0002756251,1,0.999257,1
D_0002756272,0,0.120363,0
D_0002757133,0,0.099191,0
D_0002757910,1,0.999744,1
D_0002758162,1,0.199740,0
D_0002758393,1,0.999751,1
D_0002758456,0,0.212955,0
D_0002758624,1,0.990295,1
D_0002758729,1,0.996210,1
D_0002758813,1,0.999454,1
D_0002758834,1,0.999663,1
D_0002759023,0,0.056775,0
D_0002759086,0,0.034722,0
D_0002759212,1,0.998696,1
D_0002759422,0,0.106010,0
D_0002760010,0,0.284251,0
D_0002760451,1,0.990756,1
D_0002760724,1,0.999832,1
D_0002761942,0,0.171341,0
D_0002762026,1,0.142895,0
D_0002762152,0,0.046395,0
D_0002762845,1,0.988472,1
D_0002762950,1,0.048887,0
D_0002763832,1,0.999102,1
D_0002765008,0,0.120668,0
D_0002765029,1,0.071004,0
D_0002765575,0,0.094957,0
D_0002766562,1,0.995986,1
D_0002766646,0,0.521925,0
D_0002766688,1,0.998663,1
D_0002767192,0,0.072176,0
D_0002767213,1,0.998069,1
D_0002767297,0,0.052452,0
D_0002767486,0,0.135015,0
D_0002767906,1,0.992495,1
D_0002768032,1,0.999831,1
D_0002768053,1,0.996100,1
D_0002768746,1,0.999867,1
D_0002769439,0,0.100665,0
D_0002769544,0,0.052260,0
D_0002770279,0,0.117191,0
D_0002770783,1,0.987998,1
D_0002770972,1,0.972884,1
D_0002771308,1,0.999879,1
D_0002771581,0,0.117674,0
D_0002771749,0,0.238877,0
D_0002772631,0,0.879818,1
D_0002772820,1,0.999976,1
D_0002772883,0,0.060026,0
D_0002772946,1,0.998273,1
D_0002773387,1,0.998737,1
D_0002773534,1,0.998110,1
D_0002773702,0,0.129476,0
D_0002773933,1,0.999016,1
D_0002774332,1,0.999356,1
D_0002774437,0,0.097215,0
D_0002774710,1,0.984057,1
D_0002775109,0,0.066992,0
D_0002775193,0,0.211938,0
D_0002775655,1,0.996120,1
D_0002776180,1,0.987692,1
D_0002776495,0,0.118205,0
D_0002776852,0,0.057774,0
D_0002776894,0,0.914609,1
D_0002777566,0,0.938961,1
D_0002777776,1,0.999914,1
D_0002778028,0,0.058895,0
D_0002778469,0,0.901056,1
D_0002778553,0,0.121717,0
D_0002778889,0,0.062869,0
D_0002779162,1,0.999148,1
D_0002779246,1,0.999847,1
D_0002779414,1,0.951828,1
D_0002779540,1,0.998501,1
D_0002779729,1,0.999909,1
D_0002779771,1,0.999957,1
D_0002780128,0,0.112526,0
D_0002780296,1,0.999084,1
D_0002780464,1,0.095251,0
D_0002780527,0,0.069354,0
D_0002780863,1,0.075437,0
D_0002780926,1,0.151819,0
D_0002781115,1,0.999736,1
D_0002781556,0,0.074709,0
D_0002781724,0,0.091472,0
D_0002782018,0,0.152810,0
D_0002782354,1,0.999079,1
D_0002782984,0,0.235187,0
D_0002783614,1,0.999011,1
D_0002783677,1,0.999441,1
D_0002783992,0,0.395232,0
D_0002784034,1,0.228883,0
D_0002784328,0,0.294288,0
D_0002784349,1,0.996051,1
D_0002784391,1,0.082185,0
D_0002784475,1,0.999963,1
D_0002784622,0,0.095648,0
D_0002784790,1,0.990963,1
D_0002784853,0,0.144918,0
D_0002785231,0,0.244200,0
D_0002785294,1,0.999380,1
D_0002785546,1,0.999931,1
D_0002786407,1,0.231707,0
D_0002787184,0,0.998078,1
D_0002788486,1,0.999792,1
D_0002788507,0,0.063331,0
D_0002788864,0,0.088464,0
D_0002789074,0,0.136753,0
D_0002789368,0,0.085371,0
D_0002789893,0,0.090696,0
D_0002790292,1,0.999822,1
D_0002790418,0,0.116566,0
D_0002790481,0,0.994409,1
D_0002790796,0,0.150623,0
D_0002790943,1,0.151494,0
D_0002791363,1,0.320750,0
D_0002791573,1,0.999775,1
D_0002791951,1,0.995921,1
D_0002792098,0,0.306102,0
D_0002792182,1,0.999241,1
D_0002792518,1,0.999748,1
D_0002792581,1,0.984010,1
D_0002792728,0,0.124862,0
D_0002793295,1,0.999664,1
D_0002794303,1,0.979189,1
D_0002794387,1,0.984059,1
D_0002794471,0,0.122090,0
D_0002794723,1,0.999747,1
D_0002795584,1,0.999953,1
D_0002795605,0,0.784868,1
D_0002796088,0,0.296372,0
D_0002796256,0,0.146934,0
D_0002796277,1,0.999714,1
D_0002796319,0,0.183838,0
D_0002796340,0,0.278025,0
D_0002796634,1,0.993491,1
D_0002797600,0,0.050340,0
D_0002797789,1,0.999799,1
D_0002798251,0,0.163478,0
D_0002798377,1,0.997855,1
D_0002798419,1,0.995001,1
D_0002798587,1,0.995938,1
D_0002798692,1,0.998399,1
D_0002798881,0,0.062574,0
D_0002799490,0,0.111724,0
D_0002799553,1,0.999059,1
D_0002799637,1,0.997881,1
D_0002799784,0,0.089551,0
D_0002799889,0,0.127267,0
D_0002800120,0,0.020524,0
D_0002800414,1,0.998335,1
D_0002800456,0,0.029129,0
D_0002801086,1,0.996329,1
D_0002801233,1,0.998871,1
D_0002801296,0,0.084019,0
D_0002801422,0,0.258997,0
D_0002801569,0,0.122032,0
D_0002801863,0,0.068437,0
D_0002802220,1,0.997375,1
D_0002802598,0,0.261589,0
D_0002802619,0,0.061146,0
D_0002803816,1,0.999788,1
D_0002804173,1,0.998684,1
D_0002804278,1,0.999899,1
D_0002804572,1,0.999713,1
D_0002804614,1,0.999724,1
D_0002804992,0,0.338285,0
D_0002805013,0,0.057289,0
D_0002805118,0,0.108995,0
D_0002805202,0,0.106383,0
D_0002805349,1,0.999932,1
D_0002805727,1,0.965207,1
D_0002806000,1,0.999608,1
D_0002806441,0,0.080616,0
D_0002807365,0,0.388544,0
D_0002807743,0,0.116282,0
D_0002808121,0,0.877528,1
D_0002809108,1,0.999720,1
D_0002809150,0,0.083003,0
D_0002809213,0,0.062687,0
D_0002809570,0,0.946730,1
D_0002810137,0,0.413934,0
D_0002810263,1,0.987679,1
D_0002810347,0,0.197321,0
D_0002810557,0,0.157492,0
D_0002810620,1,0.380050,0
D_0002810788,1,0.988477,1
D_0002810872,1,0.999394,1
D_0002811838,1,0.997017,1
D_0002812867,0,0.358006,0
D_0002813077,0,0.176117,0
D_0002813098,1,0.824735,1
D_0002813350,1,0.999890,1
D_0002813833,1,0.985199,1
D_0002813959,1,0.995568,1
D_0002814127,0,0.145666,0
D_0002814211,0,0.114276,0
D_0002814778,1,0.974930,1
D_0002815156,1,0.999161,1
D_0002815891,1,0.200353,0
D_0002816437,1,0.999502,1
D_0002816584,0,0.486217,0
D_0002816815,1,0.999876,1
D_0002817277,1,0.998963,1
D_0002818054,0,0.121990,0
D_0002818306,0,0.820048,1
D_0002818453,0,0.974054,1
D_0002818621,0,0.195306,0
D_0002818705,0,0.083500,0
D_0002818789,1,0.999865,1
D_0002818957,1,0.999933,1
D_0002819923,1,0.182720,0
D_0002820364,0,0.022033,0
D_0002820700,1,0.292624,0
D_0002821015,1,0.214308,0
D_0002821477,1,0.999192,1
D_0002821687,1,0.996813,1
D_0002821939,0,0.117990,0
D_0002822380,1,0.994805,1
D_0002822464,1,0.995274,1
D_0002823178,1,0.997816,1
D_0002823199,0,0.184222,0
D_0002823451,1,0.999209,1
D_0002823682,1,0.999948,1
D_0002823955,0,0.147351,0
D_0002824438,1,0.999573,1
D_0002824501,1,0.996485,1
D_0002824921,0,0.431012,0
D_0002825383,1,0.999539,1
D_0002825614,0,0.095204,0
D_0002825845,0,0.444261,0
D_0002825908,0,0.045756,0
D_0002826076,0,0.956336,1
D_0002826223,1,0.999609,1
D_0002826244,0,0.148033,0
D_0002826433,0,0.428379,0
D_0002826706,1,0.997443,1
D_0002826811,0,0.994550,1
D_0002826874,0,0.120496,0
D_0002827000,1,0.999957,1
D_0002827315,0,0.030575,0
D_0002827399,0,0.143381,0
D_0002827819,1,0.997144,1
D_0002828008,0,0.244783,0
D_0002828827,1,0.180471,0
D_0002829079,1,0.124378,0
D_0002829520,1,0.999258,1
D_0002829562,1,0.919068,1
D_0002829730,1,0.999503,1
D_0002829793,1,0.999363,1
D_0002829940,0,0.069022,0
D_0002830024,0,0.276072,0
D_0002831158,1,0.999955,1
D_0002831473,1,0.999653,1
D_0002831494,0,0.076855,0
D_0002831557,0,0.305666,0
D_0002831851,1,0.999469,1
D_0002832628,0,0.437251,0
D_0002832817,0,0.081589,0
D_0002833216,1,0.998018,1
D_0002833300,0,0.136378,0
D_0002834560,0,0.084086,0
D_0002834728,1,0.999629,1
D_0002834875,0,0.060571,0
D_0002835274,0,0.273480,0
D_0002835904,0,0.073331,0
D_0002836198,1,0.999029,1
D_0002836429,1,0.997882,1
D_0002837101,0,0.078615,0
D_0002837164,1,0.998995,1
D_0002837227,1,0.999314,1
D_0002837542,1,0.999981,1
D_0002837689,0,0.121897,0
D_0002838046,0,0.180047,0
D_0002838193,1,0.999335,1
D_0002838382,1,0.998526,1
D_0002838529,1,0.999970,1
D_0002839138,1,0.998127,1
D_0002839558,1,0.992545,1
D_0002839642,0,0.186015,0
D_0002839747,1,0.540561,0
D_0002840188,1,0.998335,1
D_0002840272,1,0.113271,0
D_0002840461,0,0.364684,0
D_0002840671,1,0.999003,1
D_0002840713,1,0.999972,1
D_0002840776,0,0.879281,1
D_0002840797,1,0.995406,1
D_0002841616,0,0.157433,0
D_0002841763,1,0.320649,0
D_0002842141,1,0.926641,1
D_0002843527,0,0.202600,0
D_0002843779,0,0.081687,0
D_0002844010,0,0.987046,1
D_0002844451,1,0.999177,1
D_0002844766,1,0.998492,1
D_0002844787,0,0.147720,0
D_0002844871,1,0.999265,1
D_0002845018,1,0.118402,0
D_0002845144,0,0.260437,0
D_0002845228,0,0.125128,0
D_0002845396,0,0.133487,0
D_0002845438,1,0.996982,1
D_0002846215,0,0.098586,0
D_0002846509,0,0.277302,0
D_0002846971,1,0.999197,1
D_0002847349,1,0.512249,0
D_0002847475,0,0.331585,0
D_0002847727,0,0.975836,1
D_0002848546,0,0.052557,0
D_0002848714,0,0.079362,0
D_0002850100,1,0.998562,1
D_0002850163,0,0.104308,0
D_0002850205,1,0.997024,1
D_0002850625,1,0.999214,1
D_0002850730,1,0.999483,1
D_0002851444,0,0.101504,0
D_0002851633,1,0.137383,0
D_0002851696,1,0.999366,1
D_0002853145,0,0.190510,0
D_0002853166,1,0.999650,1
D_0002853187,0,0.101880,0
D_0002853418,1,0.991412,1
D_0002853859,1,0.999976,1
D_0002853901,1,0.995587,1
D_0002854279,1,0.996922,1
D_0002854636,1,0.999896,1
D_0002855266,0,0.073247,0
D_0002855371,0,0.059084,0
D_0002855896,0,0.872065,1
D_0002856148,0,0.330740,0
D_0002856190,1,0.998084,1
D_0002856211,0,0.060238,0
D_0002856547,1,0.095021,0
D_0002856988,1,0.997764,1
D_0002857051,0,0.112729,0
D_0002857261,1,0.039759,0
D_0002857597,1,0.998638,1
D_0002857786,1,0.999627,1
D_0002858143,0,0.053639,0
D_0002858542,1,0.999619,1
D_0002859025,0,0.163093,0
D_0002859550,1,0.999087,1
D_0002859865,1,0.996730,1
D_0002859991,1,0.997093,1
D_0002860096,1,0.998549,1
D_0002860621,1,0.999180,1
D_0002860978,1,0.999760,1
D_0002861209,1,0.999307,1
D_0002861314,0,0.221851,0
D_0002861335,1,0.304902,0
D_0002861902,1,0.227469,0
D_0002862763,0,0.209409,0
D_0002863183,0,0.112325,0
D_0002863393,1,0.981114,1
D_0002863876,1,0.999692,1
D_0002863918,1,0.999532,1
D_0002864086,1,0.999938,1
D_0002864212,0,0.162341,0
D_0002864233,0,0.197031,0
D_0002864506,0,0.313233,0
D_0002865010,0,0.156380,0
D_0002865220,0,0.583095,0
D_0002865283,1,0.217479,0
D_0002865598,1,0.141565,0
D_0002866060,0,0.748255,0
D_0002866711,1,0.181691,0
D_0002866942,1,0.991591,1
D_0002867089,0,0.340657,0
D_0002867824,0,0.685228,0
D_0002867950,0,0.137538,0
D_0002868055,0,0.127908,0
D_0002868160,0,0.111284,0
D_0002868517,0,0.018507,0
D_0002868664,0,0.420458,0
D_0002868748,0,0.227032,0
D_0002868895,0,0.094218,0
D_0002869420,1,0.999188,1
D_0002870092,1,0.993889,1
D_0002870155,1,0.997876,1
D_0002870512,0,0.160448,0
D_0002870575,1,0.999242,1
D_0002870806,1,0.999731,1
D_0002870932,1,0.216080,0
D_0002871037,1,0.997143,1
D_0002871142,0,0.091811,0
D_0002871184,0,0.150024,0
D_0002871814,1,0.998593,1
D_0002871856,0,0.168033,0
D_0002872087,1,0.999506,1
D_0002872255,0,0.695827,0
D_0002872759,0,0.129307,0
D_0002873011,0,0.084826,0
D_0002873095,0,0.219588,0
D_0002873494,0,0.077992,0
D_0002874187,1,0.998627,1
D_0002874355,1,0.999993,1
D_0002874460,1,0.993952,1
D_0002874544,1,0.782817,1
D_0002874733,1,0.991540,1
D_0002874922,1,0.253462,0
D_0002875006,1,0.998211,1
D_0002875804,1,0.999208,1
D_0002875909,1,0.999987,1
D_0002876854,0,0.064445,0
D_0002877127,1,0.999911,1
D_0002877169,0,0.131293,0
D_0002877211,1,0.127377,0
D_0002877253,1,0.998959,1
D_0002877715,1,0.999935,1
D_0002878198,1,0.998160,1
D_0002878303,0,0.170518,0
D_0002878471,0,0.148597,0
D_0002878513,1,0.992674,1
D_0002878807,0,0.183078,0
D_0002879332,0,0.189383,0
D_0002879458,1,0.997030,1
D_0002879605,1,0.999855,1
D_0002879731,0,0.154533,0
D_0002881348,0,0.212728,0
D_0002881432,0,0.100979,0
D_0002881453,1,0.999357,1
D_0002881852,1,0.996846,1
D_0002881957,0,0.087671,0
D_0002882209,0,0.234422,0
D_0002882377,0,0.035362,0
D_0002882650,1,0.995356,1
D_0002882671,1,0.999378,1
D_0002883280,0,0.102029,0
D_0002883301,1,0.999773,1
D_0002884162,1,0.998923,1
D_0002884435,0,0.018561,0
D_0002884477,1,0.999224,1
D_0002885149,0,0.130138,0
D_0002885170,1,0.995569,1
D_0002885296,1,0.998535,1
D_0002885464,1,0.998094,1
D_0002885800,0,0.076018,0
D_0002886367,1,0.998779,1
D_0002886577,1,0.999758,1
D_0002886619,1,0.996760,1
D_0002887501,0,0.555453,0
D_0002887795,1,0.194723,0
D_0002888173,0,0.106447,0
D_0002888656,0,0.114466,0
D_0002888698,0,0.205328,0
D_0002888929,0,0.108428,0
D_0002889727,0,0.180901,0
D_0002889748,1,0.998696,1
D_0002889811,0,0.088045,0
D_0002889916,1,0.999762,1
D_0002890546,0,0.584074,0
D_0002890861,0,0.768191,1
D_0002890966,0,0.174866,0
D_0002890987,1,0.997940,1
D_0002891071,0,0.117740,0
D_0002891176,1,0.097015,0
D_0002891197,0,0.092236,0
D_0002891764,0,0.172745,0
D_0002892352,1,0.999705,1
D_0002893318,1,0.999732,1
D_0002893423,1,0.999995,1
D_0002893465,1,0.997480,1
D_0002893591,1,0.048456,0
D_0002893843,1,0.999952,1
D_0002894452,1,0.999492,1
D_0002894536,1,0.999057,1
D_0002895166,0,0.084118,0
D_0002895418,1,0.998796,1
D_0002895712,1,0.993068,1
D_0002896195,1,0.994237,1
D_0002896615,0,0.154466,0
D_0002896783,1,0.995849,1
D_0002896993,1,0.998976,1
D_0002897245,0,0.089370,0
D_0002897413,0,0.025748,0
D_0002897560,0,0.080073,0
D_0002897686,1,0.999296,1
D_0002897854,0,0.074487,0
D_0002897938,1,0.191960,0
D_0002898232,1,0.999264,1
D_0002898358,0,0.029855,0
D_0002898379,1,0.994160,1
D_0002898589,1,0.999408,1
D_0002898778,1,0.999552,1
D_0002899429,1,0.999947,1
D_0002899471,0,0.199956,0
D_0002899828,0,0.087629,0
D_0002900017,1,0.999667,1
D_0002900458,1,0.999900,1
D_0002901088,1,0.999417,1
D_0002901319,1,0.999971,1
D_0002901361,1,0.999705,1
D_0002901529,1,0.990764,1
D_0002902558,1,0.999971,1
D_0002902768,1,0.996559,1
D_0002903146,1,0.999921,1
D_0002903209,1,0.999458,1
D_0002903230,1,0.999990,1
D_0002903377,0,0.077962,0
D_0002903545,1,0.992973,1
D_0002903839,0,0.098981,0
D_0002904637,1,0.999751,1
D_0002904721,1,0.994000,1
D_0002904763,1,0.116639,0
D_0002905477,0,0.048934,0
D_0002905519,1,0.999731,1
D_0002906044,1,0.967263,1
D_0002906086,0,0.058047,0
D_0002906548,1,0.998595,1
D_0002906590,1,0.999978,1
D_0002906737,1,0.989581,1
D_0002906800,1,0.999833,1
D_0002907262,1,0.998575,1
D_0002907325,1,0.982347,1
D_0002907430,0,0.179686,0
D_0002907976,1,0.999801,1
D_0002908081,0,0.099480,0
D_0002908102,0,0.291485,0
D_0002908144,0,0.124398,0
D_0002908501,0,0.901997,1
D_0002908627,0,0.057015,0
D_0002908837,1,0.999552,1
D_0002909005,0,0.238429,0
D_0002909026,0,0.086726,0
D_0002910118,0,0.158530,0
D_0002910286,0,0.203357,0
D_0002910307,1,0.999933,1
D_0002910664,1,0.997380,1
D_0002911315,0,0.358913,0
D_0002911630,0,0.218158,0
D_0002911840,1,0.996939,1
D_0002911861,0,0.103064,0
D_0002912071,1,0.996010,1
D_0002912260,0,0.085462,0
D_0002912743,0,0.118392,0
D_0002912827,0,0.113431,0
D_0002913583,1,0.998225,1
D_0002913625,0,0.076235,0
D_0002913793,0,0.092409,0
D_0002913919,1,0.988250,1
D_0002914717,1,0.999838,1
D_0002914843,0,0.055382,0
D_0002915200,1,0.971795,1
D_0002915305,1,0.991591,1
D_0002915347,0,0.208119,0
D_0002915935,0,0.230691,0
D_0002916670,0,0.124673,0
D_0002917279,0,0.756178,0
D_0002917405,1,0.998090,1
D_0002917426,0,0.905867,1
D_0002917531,0,0.072850,0
D_0002918035,0,0.151478,0
D_0002918098,0,0.064799,0
D_0002918119,1,0.998370,1
D_0002918182,0,0.219289,0
D_0002918224,1,0.986977,1
D_0002918266,0,0.684245,0
D_0002918308,0,0.148053,0
D_0002919085,1,0.999991,1
D_0002919505,1,0.996495,1
D_0002919547,1,0.997498,1
D_0002919631,1,0.154820,0
D_0002920051,1,0.999902,1
D_0002920135,1,0.999478,1
D_0002920156,0,0.078329,0
D_0002920303,1,0.128415,0
D_0002920534,1,0.999896,1
D_0002920576,1,0.997174,1
D_0002920828,1,0.990273,1
D_0002921227,1,0.999428,1
D_0002921437,0,0.061465,0
D_0002921731,1,0.994673,1
D_0002921857,0,0.081649,0
D_0002921941,1,0.997609,1
D_0002922046,1,0.999967,1
D_0002922592,0,0.101745,0
D_0002922865,1,0.999447,1
D_0002922907,1,0.999655,1
D_0002923201,0,0.892152,1
D_0002923306,0,0.128056,0
D_0002923558,0,0.118570,0
D_0002923789,1,0.999874,1
D_0002924020,0,0.205443,0
D_0002924104,1,0.989994,1
D_0002924167,0,0.723019,0
D_0002924839,0,0.074039,0
D_0002925238,1,0.999896,1
D_0002925553,0,0.221868,0
D_0002925616,1,0.991339,1
D_0002925658,0,0.144590,0
D_0002925826,0,0.068788,0
D_0002925868,1,0.999879,1
D_0002925889,0,0.496889,0
D_0002925910,0,0.215507,0
D_0002926267,0,0.112328,0
D_0002926435,0,0.127592,0
D_0002926981,1,0.977116,1
D_0002927002,1,0.999635,1
D_0002927107,1,0.999986,1
D_0002927317,1,0.089978,0
D_0002927569,0,0.098266,0
D_0002927653,1,0.995818,1
D_0002927884,1,0.998028,1
D_0002928304,0,0.130230,0
D_0002928514,1,0.993589,1
D_0002928535,0,0.196511,0
D_0002928577,0,0.041686,0
D_0002928745,1,0.056193,0
D_0002929858,1,0.995578,1
D_0002929879,1,0.999951,1
D_0002930299,1,0.996412,1
D_0002930383,0,0.558748,0
D_0002930656,1,0.994081,1
D_0002930698,1,0.991126,1
D_0002930908,1,0.999457,1
D_0002930971,1,0.176769,0
D_0002931202,1,0.996567,1
D_0002931286,1,0.995409,1
D_0002931328,0,0.086283,0
D_0002931391,1,0.997533,1
D_0002931517,1,0.998950,1
D_0002931559,1,0.999644,1
D_0002933092,1,0.999832,1
D_0002933197,0,0.710884,0
D_0002933365,0,0.342336,0
D_0002933428,0,0.055162,0
D_0002934835,0,0.108617,0
D_0002934856,0,0.927795,1
D_0002935003,1,0.999153,1
D_0002935045,0,0.130054,0
D_0002935129,0,0.154865,0
D_0002935696,0,0.037049,0
D_0002935906,1,0.998287,1
D_0002935927,0,0.101446,0
D_0002936158,1,0.998385,1
D_0002936200,0,0.737129,0
D_0002936578,0,0.297044,0
D_0002936767,1,0.967746,1
D_0002936788,1,0.991143,1
D_0002936872,1,0.919274,1
D_0002937313,1,0.999593,1
D_0002937649,1,0.997042,1
D_0002937670,0,0.935345,1
D_0002937691,1,0.996740,1
D_0002937985,0,0.086145,0
D_0002938426,1,0.999635,1
D_0002938447,1,0.999309,1
D_0002938594,1,0.995470,1
D_0002938993,1,0.997649,1
D_0002939203,1,0.999960,1
D_0002939245,0,0.186977,0
D_0002939371,1,0.986511,1
D_0002939602,1,0.995085,1
D_0002939896,0,0.005986,0
D_0002939917,0,0.031235,0
D_0002940526,0,0.131137,0
D_0002940736,1,0.999941,1
D_0002940883,0,0.086542,0
D_0002941156,0,0.999940,1
D_0002941177,1,0.992576,1
D_0002941303,1,0.999334,1
D_0002941597,1,0.999206,1
D_0002941954,1,0.995854,1
D_0002942269,0,0.167069,0
D_0002942374,0,0.035336,0
D_0002942395,1,0.966462,1
D_0002942584,1,0.999899,1
D_0002942794,0,0.125879,0
D_0002943298,1,0.970571,1
D_0002943319,0,0.209113,0
D_0002943445,0,0.119142,0
D_0002943970,0,0.876384,1
D_0002944243,1,0.998663,1
D_0002944516,0,0.052106,0
D_0002944705,1,0.999305,1
D_0002944852,0,0.800261,1
D_0002944957,1,0.040863,0
D_0002945209,1,0.999919,1
D_0002945230,1,0.997036,1
D_0002945293,1,0.996733,1
D_0002945335,0,0.051595,0
D_0002945461,1,0.998007,1
D_0002945482,0,0.366920,0
D_0002945629,1,0.990899,1
D_0002945755,0,0.166818,0
D_0002945839,1,0.999595,1
D_0002946553,1,0.996382,1
D_0002946616,1,0.997878,1
D_0002946868,0,0.115560,0
D_0002948002,1,0.999949,1
D_0002948296,1,0.998583,1
D_0002948422,0,0.075939,0
D_0002948884,0,0.704204,0
D_0002948968,0,0.226782,0
D_0002949241,0,0.179283,0
D_0002949787,0,0.064599,0
D_0002949808,1,0.993473,1
D_0002950543,0,0.065670,0
D_0002950627,1,0.999679,1
D_0002950690,1,0.999044,1
D_0002950900,1,0.068477,0
D_0002951425,0,0.126941,0
D_0002951677,0,0.072050,0
D_0002951971,0,0.123121,0
D_0002952118,1,0.998672,1
D_0002952874,1,0.995625,1
D_0002953021,1,0.996184,1
D_0002953756,0,0.510313,0
D_0002953777,1,0.999468,1
D_0002954113,1,0.999437,1
D_0002954134,1,0.994620,1
D_0002954260,0,0.152118,0
D_0002954428,0,0.127078,0
D_0002954827,1,0.295352,0
D_0002955247,0,0.237780,0
D_0002955394,1,0.166689,0
D_0002955499,1,0.161646,0
D_0002955856,0,0.085545,0
D_0002956045,1,0.999981,1
D_0002956423,0,0.160869,0
D_0002956444,0,0.189073,0
D_0002956528,1,0.989559,1
D_0002957620,0,0.112346,0
D_0002957956,1,0.999781,1
D_0002957977,0,0.007942,0
D_0002958040,1,0.999930,1
D_0002958124,1,0.997386,1
D_0002958565,1,0.999496,1
D_0002958649,0,0.497464,0
D_0002958922,0,0.210396,0
D_0002959300,1,0.996368,1
T_0000000011,0,0.960370,1
T_0000000021,0,0.424217,0
T_0000000027,1,0.998362,1
T_0000000049,0,0.405266,0
T_0000000052,1,0.999305,1
T_0000000077,1,0.977844,1
T_0000000078,1,0.989365,1
T_0000000101,1,0.999956,1
T_0000000127,0,0.065550,0
T_0000000134,0,0.034986,0
T_0000000153,1,0.706463,0
T_0000000159,1,0.999427,1
T_0000000193,1,0.998688,1
T_0000000221,0,0.092906,0
T_0000000226,1,0.988328,1
T_0000000271,0,0.036680,0
T_0000000281,1,0.999457,1
T_0000000318,0,0.057834,0
T_0000000331,0,0.692582,0
T_0000000345,1,0.820765,1
T_0000000349,1,0.778741,1
T_0000000359,0,0.047634,0
T_0000000375,1,0.999241,1
T_0000000405,0,0.094716,0
T_0000000433,1,0.999812,1
T_0000000443,1,0.994149,1
T_0000000465,0,0.024295,0
T_0000000507,0,0.028752,0
T_0000000521,1,0.997596,1
T_0000000539,0,0.049036,0
T_0000000556,1,0.994016,1
T_0000000566,1,0.997328,1
T_0000000571,0,0.046029,0
T_0000000612,0,0.163423,0
T_0000000634,1,0.992241,1
T_0000000636,1,0.995070,1
T_0000000651,0,0.311540,0
T_0000000661,0,0.405313,0
T_0000000669,1,0.999452,1
T_0000000670,1,0.998983,1
T_0000000691,1,0.994996,1
T_0000000706,1,0.998101,1
T_0000000739,0,0.072588,0
T_0000000760,1,0.996165,1
T_0000000780,1,0.977122,1
T_0000000897,1,0.999956,1
T_0000000906,1,0.996038,1
T_0000000909,1,0.995091,1
T_0000000914,1,0.999623,1
T_0000000961,1,0.999977,1
T_0000001003,1,0.809029,1
T_0000001004,1,0.997495,1
T_0000001063,1,0.999939,1
T_0000001066,1,0.974403,1
T_0000001074,1,0.999602,1
T_0000001076,1,0.999634,1
T_0000001122,1,0.998020,1
T_0000001141,1,0.999772,1
T_0000001144,0,0.050873,0
T_0000001170,1,0.729258,0
T_0000001218,1,0.898127,1
T_0000001232,1,0.988034,1
T_0000001274,1,0.996611,1
T_0000001281,1,0.999792,1
T_0000001301,0,0.519117,0
T_0000001370,0,0.675756,0
T_0000001371,1,0.998945,1
T_0000001387,0,0.121093,0
T_0000001404,0,0.278345,0
T_0000001443,0,0.339943,0
T_0000001465,0,0.042687,0
T_0000001482,1,0.870866,1
T_0000001503,0,0.057728,0
T_0000001507,1,0.981619,1
T_0000001520,0,0.050068,0
T_0000001530,1,0.998690,1
T_0000001540,0,0.062401,0
T_0000001576,1,0.996617,1
T_0000001581,0,0.297945,0
T_0000001604,1,0.989973,1
T_0000001646,0,0.048874,0
T_0000001718,0,0.754299,0
T_0000001722,0,0.038706,0
T_0000001742,1,0.994952,1
T_0000001752,0,0.120108,0
T_0000001769,1,0.907589,1
T_0000001778,1,0.235202,0
T_0000001800,1,0.996786,1
T_0000001804,1,0.998307,1
T_0000001838,1,0.733811,0
T_0000001840,1,0.998197,1
T_0000001908,0,0.470347,0
T_0000001910,1,0.999387,1
T_0000001926,1,0.999600,1
T_0000001947,1,0.999154,1
T_0000001957,0,0.093342,0
T_0000001972,1,0.997658,1
T_0000001975,0,0.121476,0
T_0000001983,1,0.999093,1
T_0000002007,1,0.999724,1
T_0000002012,1,0.969179,1
T_0000002043,1,0.967188,1
T_0000002097,1,0.998256,1
T_0000002140,1,0.999951,1
T_0000002191,0,0.169454,0
T_0000002233,0,0.699425,0
T_0000002278,0,0.467794,0
T_0000002303,1,0.998555,1
T_0000002305,1,0.998885,1
T_0000002351,1,0.991624,1
T_0000002396,1,0.998563,1
T_0000002398,0,0.013144,0
T_0000002429,1,0.998409,1
T_0000002431,0,0.042768,0
T_0000002434,1,0.998925,1
T_0000002458,0,0.145919,0
T_0000002477,0,0.056117,0
T_0000002523,0,0.036189,0
T_0000002558,1,0.999926,1
T_0000002562,0,0.061693,0
T_0000002579,1,0.889748,1
T_0000002584,1,0.999973,1
T_0000002585,0,0.991667,1
T_0000002587,1,0.994798,1
T_0000002590,0,0.082734,0
T_0000002606,0,0.011334,0
T_0000002610,1,0.999175,1
T_0000002615,1,0.990835,1
T_0000002641,0,0.037375,0
T_0000002662,1,0.999606,1
T_0000002663,1,0.999481,1
T_0000002671,0,0.091966,0
T_0000002714,1,0.999240,1
T_0000002730,1,0.694440,0
T_0000002765,1,0.287186,0
T_0000002768,1,0.997067,1
T_0000002770,1,0.997396,1
T_0000002778,1,0.998428,1
T_0000002801,1,0.996553,1
T_0000002895,1,0.998917,1
T_0000002906,1,0.995354,1
T_0000002937,0,0.058072,0
T_0000002941,0,0.977366,1
T_0000002979,1,0.999258,1
T_0000002982,0,0.061121,0
T_0000003032,1,0.998228,1
T_0000003103,1,0.994329,1
T_0000003113,0,0.063492,0
T_0000003137,1,0.995859,1
T_0000003164,0,0.120586,0
T_0000003170,0,0.880245,1
T_0000003235,1,0.999420,1
T_0000003282,1,0.998490,1
T_0000003315,1,0.998168,1
T_0000003330,0,0.018123,0
T_0000003345,0,0.028683,0
T_0000003394,0,0.034524,0
T_0000003402,1,0.999878,1
T_0000003411,1,0.997608,1
T_0000003413,1,0.997251,1
T_0000003424,1,0.999753,1
T_0000003449,0,0.063903,0
T_0000003461,0,0.238643,0
T_0000003471,1,0.999979,1
T_0000003478,1,0.998661,1
T_0000003492,1,0.997749,1
T_0000003514,1,0.999965,1
T_0000003519,1,0.995572,1
T_0000003523,1,0.999599,1
T_0000003542,1,0.994110,1
T_0000003553,1,0.994570,1
T_0000003582,0,0.085392,0
T_0000003689,1,0.970182,1
T_0000003700,1,0.999230,1
T_0000003859,0,0.100161,0
T_0000003884,1,0.995082,1
T_0000003898,1,0.999912,1
T_0000003948,0,0.044016,0
T_0000004023,0,0.293579,0
T_0000004031,1,0.999951,1
T_0000004079,0,0.523619,0
T_0000004085,0,0.045770,0
T_0000004114,1,0.999268,1
T_0000004119,1,0.997598,1
T_0000004189,0,0.025439,0
T_0000004190,1,0.998323,1
T_0000004210,0,0.673229,0
T_0000004240,1,0.999439,1
T_0000004254,0,0.043355,0
T_0000004255,0,0.055961,0
T_0000004293,0,0.030281,0
T_0000004332,1,0.998257,1
T_0000004365,1,0.999961,1
T_0000004366,1,0.998682,1
T_0000004423,1,0.999447,1
T_0000004475,1,0.931682,1
T_0000004479,0,0.053512,0
T_0000004516,0,0.492791,0
T_0000004517,0,0.027803,0
T_0000004587,1,0.998074,1
T_0000004624,1,0.991850,1
T_0000004627,1,0.999833,1
T_0000004684,1,0.998994,1
T_0000004720,1,0.999177,1
T_0000004732,1,0.989125,1
T_0000004749,0,0.673388,0
T_0000004760,1,0.993544,1
T_0000004765,1,0.998567,1
T_0000004766,1,0.986845,1
T_0000004798,1,0.999779,1
T_0000004863,1,0.999038,1
T_0000004889,1,0.998947,1
T_0000004914,1,0.992481,1
T_0000004919,0,0.041079,0
T_0000004936,1,0.997120,1
T_0000004946,1,0.996521,1
T_0000005017,1,0.999785,1
T_0000005024,1,0.985641,1
T_0000005040,1,0.939115,1
T_0000005041,0,0.182669,0
T_0000005052,0,0.054660,0
T_0000005106,1,0.999986,1
T_0000005151,1,0.999470,1
T_0000005152,1,0.998780,1
T_0000005173,1,0.998085,1
T_0000005192,1,0.709953,0
T_0000005216,0,0.527800,0
T_0000005224,1,0.999926,1
T_0000005233,1,0.997669,1
T_0000005271,0,0.984732,1
T_0000005284,0,0.064084,0
T_0000005345,0,0.051606,0
T_0000005359,1,0.999600,1
T_0000005374,1,0.986549,1
T_0000005406,0,0.025486,0
T_0000005409,0,0.041305,0
T_0000005450,1,0.880055,1
T_0000005478,1,0.999668,1
T_0000005506,0,0.072061,0
T_0000005507,0,0.091292,0
T_0000005519,1,0.998369,1
T_0000005570,0,0.125976,0
T_0000005586,1,0.993960,1
T_0000005593,1,0.996704,1
T_0000005616,1,0.998855,1
T_0000005663,0,0.097636,0
T_0000005668,1,0.996269,1
T_0000005679,1,0.999629,1
T_0000005691,1,0.994755,1
T_0000005722,0,0.027043,0
T_0000005735,0,0.058376,0
T_0000005738,0,0.212196,0
T_0000005750,1,0.999738,1
T_0000005760,1,0.999378,1
T_0000005768,1,0.897831,1
T_0000005803,0,0.086300,0
T_0000005806,1,0.999318,1
T_0000005809,1,0.992977,1
T_0000005837,1,0.983494,1
T_0000005844,1,0.996604,1
T_0000005855,0,0.832318,1
T_0000005878,1,0.989297,1
T_0000005907,1,0.997949,1
T_0000005935,0,0.052443,0
T_0000005941,0,0.334286,0
T_0000005972,1,0.997457,1
T_0000005977,1,0.999087,1
T_0000006004,1,0.995012,1
T_0000006014,0,0.324068,0
T_0000006034,1,0.997769,1
T_0000006052,0,0.062753,0
T_0000006054,0,0.147261,0
T_0000006061,0,0.046432,0
T_0000006083,1,0.976340,1
T_0000006103,1,0.999363,1
T_0000006109,0,0.096519,0
T_0000006155,1,0.998960,1
T_0000006163,1,0.999645,1
T_0000006172,1,0.936275,1
T_0000006178,1,0.993982,1
T_0000006179,1,0.940718,1
T_0000006194,0,0.047660,0
T_0000006201,1,0.997435,1
T_0000006203,1,0.997681,1
T_0000006218,1,0.998208,1
T_0000006239,1,0.999549,1
T_0000006250,1,0.982224,1
T_0000006265,1,0.998851,1
T_0000006290,0,0.068603,0
T_0000006310,0,0.032665,0
T_0000006352,1,0.996160,1
T_0000006362,0,0.018433,0
T_0000006442,0,0.072228,0
T_0000006446,1,0.999969,1
T_0000006461,1,0.854842,1
T_0000006462,0,0.045259,0
T_0000006480,1,0.999953,1
T_0000006491,1,0.999865,1
T_0000006500,1,0.999774,1
T_0000006528,1,0.999119,1
T_0000006540,1,0.998307,1
T_0000006549,1,0.998904,1
T_0000006575,1,0.999466,1
T_0000006588,1,0.990864,1
T_0000006594,0,0.053121,0
T_0000006619,0,0.056528,0
T_0000006667,1,0.999851,1
T_0000006673,1,0.998802,1
T_0000006724,1,0.992779,1
T_0000006730,0,0.568525,0
T_0000006763,0,0.209341,0
T_0000006771,1,0.999954,1
T_0000006773,0,0.117525,0
T_0000006784,1,0.999956,1
T_0000006794,0,0.375247,0
T_0000006817,1,0.996394,1
T_0000006866,1,0.996163,1
T_0000006881,1,0.999577,1
T_0000006915,1,0.458681,0
T_0000006952,1,0.995938,1
T_0000006998,0,0.053794,0
T_0000007040,1,0.995190,1
T_0000007070,1,0.999953,1
T_0000007081,1,0.999384,1
T_0000007113,0,0.039175,0
T_0000007122,1,0.999956,1
T_0000007130,1,0.999455,1
T_0000007139,0,0.027766,0
T_0000007150,0,0.136853,0
T_0000007166,0,0.305838,0
T_0000007172,0,0.129548,0
T_0000007201,1,0.873522,1
T_0000007205,1,0.960811,1
T_0000007212,1,0.997404,1
T_0000007260,1,0.996804,1
T_0000007281,1,0.998913,1
T_0000007289,1,0.995500,1
T_0000007291,1,0.995761,1
T_0000007301,1,0.994612,1
T_0000007306,1,0.992931,1
T_0000007323,1,0.999943,1
T_0000007329,1,0.999836,1
T_0000007380,1,0.998419,1
T_0000007394,1,0.992608,1
T_0000007408,1,0.999074,1
T_0000007409,0,0.052443,0
T_0000007458,1,0.993663,1
T_0000007467,0,0.033616,0
T_0000007469,1,0.997714,1
T_0000007490,0,0.088476,0
T_0000007509,1,0.990068,1
T_0000007524,1,0.997211,1
T_0000007544,1,0.999085,1
T_0000007557,0,0.082440,0
T_0000007602,0,0.046009,0
T_0000007604,1,0.999196,1
T_0000007606,1,0.998026,1
T_0000007634,0,0.238823,0
T_0000007643,0,0.037340,0
T_0000007654,0,0.044137,0
T_0000007668,1,0.992769,1
T_0000007694,0,0.089187,0
T_0000007721,1,0.999974,1
T_0000007753,1,0.998837,1
T_0000007788,1,0.987224,1
T_0000007794,1,0.987737,1
T_0000007815,1,0.999883,1
T_0000007849,1,0.999645,1
T_0000007874,1,0.999871,1
T_0000007911,1,0.154615,0
T_0000007921,1,0.998737,1
T_0000007928,1,0.804071,1
T_0000007964,1,0.999338,1
T_0000007996,1,0.999752,1
T_0000008011,1,0.995628,1
T_0000008013,0,0.023649,0
T_0000008017,1,0.998336,1
T_0000008028,1,0.999897,1
T_0000008076,1,0.999765,1
T_0000008083,0,0.034281,0
T_0000008084,0,0.283126,0
T_0000008171,1,0.999840,1
T_0000008215,1,0.993058,1
T_0000008230,1,0.997154,1
T_0000008257,0,0.063518,0
T_0000008258,1,0.980356,1
T_0000008273,0,0.964431,1
T_0000008290,0,0.078364,0
T_0000008350,1,0.999208,1
T_0000008472,1,0.999292,1
T_0000008490,0,0.093005,0
T_0000008491,1,0.994140,1
T_0000008521,0,0.068133,0
T_0000008532,1,0.999888,1
T_0000008550,1,0.996516,1
T_0000008558,1,0.999951,1
T_0000008560,0,0.260209,0
T_0000008561,0,0.062861,0
T_0000008599,1,0.999318,1
T_0000008601,1,0.997359,1
T_0000008620,1,0.999569,1
T_0000008642,1,0.999766,1
T_0000008645,0,0.077922,0
T_0000008696,0,0.028951,0
T_0000008715,1,0.994517,1
T_0000008756,0,0.043176,0
T_0000008793,1,0.999910,1
T_0000008823,1,0.885021,1
T_0000008830,1,0.997688,1
T_0000008856,0,0.075208,0
T_0000008862,1,0.992514,1
T_0000008878,1,0.999599,1
T_0000008889,1,0.998848,1
T_0000008893,0,0.039968,0
T_0000008894,1,0.999716,1
T_0000008902,1,0.947327,1
T_0000008952,1,0.999982,1
T_0000008993,1,0.939159,1
T_0000009005,1,0.984432,1
T_0000009030,0,0.013666,0
T_0000009091,1,0.976125,1
T_0000009108,0,0.292932,0
T_0000009148,1,0.995699,1
T_0000009158,0,0.029103,0
T_0000009166,0,0.126346,0
T_0000009213,1,0.187625,0
T_0000009218,0,0.818258,1
T_0000009222,1,0.998479,1
T_0000009223,1,0.995884,1
T_0000009245,1,0.999883,1
T_0000009258,1,0.997838,1
T_0000009373,0,0.011930,0
T_0000009410,1,0.999149,1
T_0000009427,0,0.096462,0
T_0000009434,0,0.179733,0
T_0000009487,1,0.997304,1
T_0000009503,1,0.938615,1
T_0000009504,1,0.999590,1
T_0000009519,0,0.051468,0
T_0000009585,0,0.657516,0
T_0000009600,1,0.998174,1
T_0000009614,1,0.999919,1
T_0000009620,1,0.999751,1
T_0000009650,1,0.999825,1
T_0000009675,1,0.970170,1
T_0000009676,1,0.999783,1
T_0000009678,1,0.998558,1
T_0000009699,1,0.996828,1
T_0000009701,1,0.999800,1
T_0000009716,0,0.293378,0
T_0000009731,1,0.997887,1
T_0000009815,0,0.055330,0
T_0000009905,1,0.999673,1
T_0000009939,1,0.998837,1
T_0000009953,0,0.069043,0
T_0000009970,0,0.026563,0
T_0000010019,1,0.893318,1
T_0000010021,1,0.999236,1
T_0000010034,1,0.991719,1
T_0000010035,1,0.962937,1
T_0000010043,0,0.587054,0
T_0000010045,1,0.998201,1
T_0000010080,0,0.049895,0
T_0000010116,1,0.993792,1
T_0000010120,0,0.025418,0
T_0000010192,1,0.995451,1
T_0000010200,1,0.998624,1
T_0000010227,0,0.049692,0
T_0000010233,1,0.978837,1
T_0000010235,1,0.900745,1
T_0000010243,0,0.099161,0
T_0000010328,1,0.992457,1
T_0000010342,1,0.953588,1
T_0000010352,1,0.999346,1
T_0000010401,0,0.022332,0
T_0000010403,1,0.998709,1
T_0000010407,1,0.990695,1
T_0000010417,0,0.255156,0
T_0000010436,0,0.523424,0
T_0000010472,1,0.996899,1
T_0000010494,0,0.043416,0
T_0000010501,1,0.959815,1
T_0000010512,1,0.997172,1
T_0000010568,1,0.999694,1
T_0000010605,1,0.997053,1
T_0000010623,0,0.137545,0
T_0000010648,0,0.079997,0
T_0000010664,0,0.018308,0
T_0000010685,1,0.999378,1
T_0000010691,0,0.352484,0
T_0000010706,1,0.991117,1
T_0000010708,0,0.028746,0
T_0000010732,1,0.990950,1
T_0000010746,1,0.999513,1
T_0000010793,0,0.035480,0
T_0000010813,0,0.098485,0
T_0000010814,0,0.037855,0
T_0000010822,1,0.998803,1
T_0000010824,1,0.982352,1
T_0000010833,1,0.999907,1
T_0000010857,1,0.960004,1
T_0000010885,1,0.993494,1
T_0000010920,1,0.805891,1
T_0000010951,0,0.156765,0
T_0000010976,0,0.089818,0
T_0000010988,1,0.889844,1
T_0000010993,0,0.022749,0
T_0000011000,0,0.034239,0
T_0000011017,1,0.999550,1
T_0000011023,0,0.035244,0
T_0000011041,1,0.998158,1
T_0000011048,1,0.989835,1
T_0000011058,1,0.997638,1
T_0000011098,1,0.999223,1
T_0000011100,1,0.999277,1
T_0000011106,1,0.999392,1
T_0000011114,1,0.998920,1
T_0000011121,1,0.992770,1
T_0000011165,0,0.060308,0
T_0000011177,1,0.999196,1
T_0000011192,0,0.052512,0
T_0000011224,1,0.999020,1
T_0000011227,0,0.099153,0
T_0000011250,0,0.038444,0
T_0000011263,0,0.075115,0
T_0000011275,1,0.999647,1
T_0000011319,1,0.999204,1
T_0000011322,1,0.999590,1
T_0000011394,0,0.078304,0
T_0000011407,0,0.013119,0
T_0000011441,1,0.905272,1
T_0000011449,1,0.999818,1
T_0000011512,0,0.113040,0
T_0000011522,1,0.998675,1
T_0000011570,0,0.088963,0
T_0000011574,1,0.991993,1
T_0000011590,0,0.046103,0
T_0000011595,0,0.058361,0
T_0000011605,1,0.999884,1
T_0000011652,1,0.999747,1
T_0000011731,1,0.999320,1
T_0000011779,1,0.980107,1
T_0000011794,0,0.079161,0
T_0000011960,1,0.999290,1
T_0000011963,1,0.999901,1
T_0000011970,1,0.996094,1
T_0000011998,1,0.999980,1
T_0000011999,0,0.042245,0
T_0000012051,1,0.940622,1
T_0000012059,1,0.492333,0
T_0000012065,1,0.984284,1
T_0000012073,0,0.056064,0
T_0000012083,1,0.254007,0
T_0000012086,1,0.986974,1
T_0000012123,0,0.049020,0
T_0000012146,1,0.999910,1
T_0000012147,1,0.998385,1
T_0000012224,1,0.998966,1
T_0000012242,1,0.996355,1
T_0000012268,0,0.086759,0
T_0000012331,1,0.998439,1
T_0000012377,0,0.036246,0
T_0000012454,1,0.999635,1
T_0000012502,0,0.046890,0
T_0000012514,1,0.999722,1
T_0000012553,0,0.157150,0
T_0000012558,1,0.999664,1
T_0000012567,0,0.074111,0
T_0000012573,1,0.999917,1
T_0000012577,1,0.999862,1
T_0000012578,0,0.050426,0
T_0000012655,1,0.999751,1
T_0000012668,1,0.616068,0
T_0000012673,1,0.999866,1
T_0000012676,1,0.996184,1
T_0000012689,1,0.996131,1
T_0000012721,0,0.681507,0
T_0000012729,0,0.510304,0
T_0000012737,1,0.973988,1
T_0000012762,1,0.996527,1
T_0000012779,1,0.791702,1
T_0000012781,1,0.999444,1
T_0000012788,1,0.998914,1
T_0000012796,1,0.997545,1
T_0000012803,0,0.038927,0
T_0000012808,0,0.080266,0
T_0000012860,1,0.892996,1
T_0000012904,1,0.998965,1
T_0000012917,1,0.999293,1
T_0000012923,1,0.790138,1
T_0000012924,1,0.998300,1
T_0000012990,0,0.057125,0
T_0000013029,1,0.992421,1
T_0000013035,1,0.999950,1
T_0000013102,0,0.124459,0
T_0000013104,1,0.994879,1
T_0000013116,0,0.205623,0
T_0000013119,0,0.053623,0
T_0000013125,1,0.998165,1
T_0000013170,1,0.999962,1
T_0000013173,1,0.998180,1
T_0000013176,0,0.076935,0
T_0000013206,0,0.312796,0
T_0000013247,0,0.039944,0
T_0000013333,0,0.040585,0
T_0000013344,1,0.999314,1
T_0000013363,0,0.052204,0
T_0000013456,1,0.995858,1
T_0000013536,1,0.984380,1
T_0000013548,0,0.027961,0
T_0000013556,1,0.999964,1
T_0000013561,1,0.998127,1
T_0000013583,1,0.996208,1
T_0000013589,0,0.072282,0
T_0000013598,1,0.998231,1
T_0000013641,1,0.997306,1
T_0000013664,1,0.999888,1
T_0000013691,1,0.994459,1
T_0000013697,0,0.559546,0
T_0000013698,1,0.994416,1
T_0000013702,0,0.016974,0
T_0000013734,1,0.998327,1
T_0000013798,1,0.999765,1
T_0000013816,0,0.032132,0
T_0000013818,1,0.993918,1
T_0000013856,1,0.971157,1
T_0000013864,0,0.060710,0
T_0000013883,0,0.057938,0
T_0000013912,1,0.998065,1
T_0000013943,1,0.994291,1
T_0000013966,0,0.047939,0
T_0000013998,1,0.992551,1
T_0000014033,0,0.026890,0
T_0000014035,1,0.996784,1
T_0000014044,1,0.993783,1
T_0000014068,1,0.999029,1
T_0000014073,1,0.999823,1
T_0000014082,0,0.069341,0
T_0000014101,1,0.998543,1
T_0000014121,0,0.783607,1
T_0000014148,1,0.999977,1
T_0000014159,0,0.875463,1
T_0000014176,1,0.983035,1
T_0000014201,1,0.999932,1
T_0000014215,0,0.262966,0
T_0000014217,1,0.998839,1
T_0000014238,1,0.224252,0
T_0000014259,0,0.039515,0
T_0000014326,0,0.131479,0
T_0000014365,1,0.880254,1
T_0000014369,1,0.973890,1
T_0000014393,1,0.999366,1
T_0000014460,1,0.999196,1
T_0000014486,0,0.452584,0
T_0000014498,1,0.998725,1
T_0000014510,1,0.995332,1
T_0000014564,0,0.060183,0
T_0000014620,1,0.999920,1
T_0000014637,1,0.996829,1
T_0000014639,0,0.049190,0
T_0000014649,1,0.999732,1
T_0000014654,1,0.980058,1
T_0000014671,0,0.039660,0
T_0000014751,1,0.996328,1
T_0000014763,1,0.986398,1
T_0000014772,1,0.998716,1
T_0000014779,1,0.999378,1
T_0000014821,1,0.998596,1
T_0000014835,1,0.999855,1
T_0000014842,1,0.999443,1
T_0000014903,1,0.999228,1
T_0000014949,1,0.996622,1
T_0000014952,1,0.839683,1
T_0000014976,1,0.999390,1
T_0000015001,1,0.999469,1
T_0000015003,1,0.999354,1
T_0000015020,0,0.076901,0
T_0000015030,1,0.999519,1
T_0000015035,1,0.999376,1
T_0000015064,1,0.998653,1
T_0000015076,0,0.030259,0
T_0000015083,1,0.998971,1
T_0000015160,0,0.100376,0
T_0000015167,1,0.998397,1
T_0000015172,1,0.999787,1
T_0000015188,1,0.998446,1
T_0000015299,1,0.999969,1
T_0000015332,1,0.993921,1
T_0000015340,1,0.999875,1
T_0000015360,1,0.996940,1
T_0000015409,1,0.999432,1
T_0000015418,0,0.915674,1
T_0000015452,0,0.054631,0
T_0000015465,1,0.999705,1
T_0000015496,0,0.069017,0
T_0000015560,1,0.999660,1
T_0000015597,1,0.989116,1
T_0000015674,0,0.051169,0
T_0000015694,0,0.042882,0
T_0000015710,1,0.998374,1
T_0000015713,0,0.054332,0
T_0000015714,1,0.999318,1
T_0000015715,1,0.987928,1
T_0000015722,1,0.997450,1
T_0000015731,1,0.997994,1
T_0000015744,0,0.097669,0
T_0000015745,0,0.017559,0
T_0000015767,0,0.060009,0
T_0000015770,1,0.997871,1
T_0000015794,1,0.998477,1
T_0000015825,1,0.999916,1
T_0000015838,0,0.102099,0
T_0000015845,0,0.801129,1
T_0000015851,0,0.614983,0
T_0000015883,1,0.991498,1
T_0000015921,1,0.982089,1
T_0000015936,1,0.984498,1
T_0000015972,0,0.082758,0
T_0000015984,1,0.996507,1
T_0000015993,1,0.887210,1
T_0000015998,0,0.059033,0
T_0000016008,1,0.966725,1
T_0000016011,0,0.518755,0
T_0000016030,0,0.551699,0
T_0000016043,0,0.544633,0
T_0000016055,0,0.119965,0
T_0000016062,1,0.999233,1
T_0000016080,0,0.098876,0
T_0000016082,0,0.052704,0
T_0000016163,1,0.995845,1
T_0000016197,1,0.993042,1
T_0000016242,0,0.197214,0
T_0000016251,1,0.998890,1
T_0000016275,1,0.999931,1
T_0000016280,1,0.999502,1
T_0000016283,0,0.078654,0
T_0000016312,1,0.999784,1
T_0000016317,1,0.996984,1
T_0000016355,1,0.997779,1
T_0000016375,0,0.035578,0
T_0000016401,0,0.051758,0
T_0000016405,1,0.997887,1
T_0000016409,1,0.998865,1
T_0000016426,0,0.028381,0
T_0000016568,1,0.996719,1
T_0000016611,0,0.053302,0
T_0000016626,0,0.031522,0
T_0000016634,1,0.995329,1
T_0000016679,0,0.129237,0
T_0000016693,1,0.997122,1
T_0000016710,1,0.999951,1
T_0000016740,0,0.626838,0
T_0000016751,1,0.993272,1
T_0000016807,1,0.214309,0
T_0000016830,1,0.997813,1
T_0000016843,1,0.995977,1
T_0000016870,1,0.999457,1
T_0000016887,0,0.931391,1
T_0000016909,0,0.031352,0
T_0000016912,1,0.998916,1
T_0000016916,1,0.996201,1
T_0000016969,1,0.992738,1
T_0000016989,1,0.997860,1
T_0000017000,1,0.999981,1
T_0000017059,1,0.999481,1
T_0000017065,1,0.976102,1
T_0000017082,0,0.037707,0
T_0000017090,1,0.998413,1
T_0000017091,1,0.759740,0
T_0000017137,1,0.999523,1
T_0000017201,1,0.999990,1
T_0000017219,1,0.856401,1
T_0000017258,1,0.998727,1
T_0000017259,0,0.560708,0
T_0000017272,1,0.996165,1
T_0000017297,0,0.129320,0
T_0000017324,1,0.998110,1
T_0000017326,0,0.179969,0
T_0000017336,1,0.997855,1
T_0000017337,1,0.999461,1
T_0000017343,1,0.988540,1
T_0000017347,1,0.995352,1
T_0000017349,1,0.999951,1
T_0000017366,1,0.949834,1
T_0000017380,1,0.990678,1
T_0000017422,0,0.068065,0
T_0000017442,1,0.999532,1
T_0000017463,0,0.089768,0
T_0000017491,1,0.995846,1
T_0000017535,0,0.336725,0
T_0000017555,1,0.996385,1
T_0000017577,1,0.992974,1
T_0000017636,1,0.999833,1
T_0000017643,0,0.046531,0
T_0000017648,0,0.060227,0
T_0000017649,1,0.995293,1
T_0000017680,0,0.038230,0
T_0000017691,0,0.060980,0
T_0000017707,1,0.999981,1
T_0000017715,0,0.683255,0
T_0000017742,1,0.999370,1
T_0000017753,0,0.833215,1
T_0000017760,1,0.998505,1
T_0000017781,1,0.955197,1
T_0000017790,1,0.999985,1
T_0000017821,1,0.998727,1
T_0000017856,0,0.021654,0
T_0000017871,0,0.044094,0
T_0000017906,1,0.998474,1
T_0000017963,1,0.966785,1
T_0000017979,1,0.997292,1
T_0000018061,0,0.060017,0
T_0000018103,1,0.999576,1
T_0000018125,1,0.989702,1
T_0000018173,1,0.992900,1
T_0000018177,1,0.998765,1
T_0000018228,1,0.987434,1
T_0000018242,1,0.997071,1
T_0000018249,0,0.088332,0
T_0000018276,1,0.999153,1
T_0000018285,0,0.024296,0
T_0000018294,0,0.182872,0
T_0000018296,1,0.999370,1
T_0000018315,1,0.962533,1
T_0000018344,0,0.030563,0
T_0000018396,1,0.999585,1
T_0000018412,1,0.999369,1
T_0000018448,1,0.981641,1
T_0000018454,0,0.071512,0
T_0000018465,1,0.991654,1
T_0000018483,1,0.999133,1
T_0000018489,1,0.998617,1
T_0000018566,1,0.999788,1
T_0000018568,0,0.110630,0
T_0000018580,1,0.997769,1
T_0000018591,0,0.092712,0
T_0000018613,0,0.047258,0
T_0000018624,1,0.936874,1
T_0000018645,1,0.995656,1
T_0000018696,1,0.997134,1
T_0000018703,0,0.442578,0
T_0000018715,1,0.993818,1
T_0000018733,1,0.999543,1
T_0000018767,1,0.999392,1
T_0000018779,1,0.995439,1
T_0000018790,0,0.036728,0
T_0000018803,1,0.875629,1
T_0000018811,0,0.052248,0
T_0000018822,0,0.032688,0
T_0000018839,1,0.885540,1
T_0000018854,1,0.996720,1
T_0000018931,1,0.998433,1
T_0000018956,1,0.999772,1
T_0000019100,1,0.998137,1
T_0000019101,1,0.989734,1
T_0000019110,0,0.039003,0
T_0000019127,0,0.193815,0
T_0000019130,1,0.996690,1
T_0000019131,1,0.999758,1
T_0000019170,1,0.999926,1
T_0000019191,1,0.998397,1
T_0000019194,1,0.999669,1
T_0000019203,0,0.069846,0
T_0000019227,0,0.039686,0
T_0000019232,1,0.998079,1
T_0000019248,1,0.999374,1
T_0000019249,1,0.998906,1
T_0000019297,1,0.997512,1
T_0000019308,0,0.173545,0
T_0000019312,0,0.059650,0
T_0000019321,1,0.999819,1
T_0000019327,1,0.993228,1
T_0000019404,1,0.997209,1
T_0000019465,1,0.997394,1
T_0000019508,0,0.073123,0
T_0000019545,1,0.999842,1
T_0000019568,0,0.405660,0
T_0000019630,0,0.039521,0
T_0000019656,1,0.997602,1
T_0000019680,0,0.060181,0
T_0000019702,0,0.043062,0
T_0000019712,1,0.988638,1
T_0000019763,1,0.986511,1
T_0000019782,1,0.974661,1
T_0000019817,1,0.999563,1
T_0000019823,1,0.996318,1
T_0000019843,1,0.999354,1
T_0000019850,1,0.981680,1
T_0000019856,1,0.999217,1
T_0000019861,1,0.994003,1
T_0000019867,1,0.999512,1
T_0000019909,1,0.999480,1
T_0000019939,1,0.999216,1
T_0000019944,0,0.042349,0
T_0000019947,1,0.999468,1
T_0000019967,0,0.066663,0
T_0000019972,0,0.872484,1
T_0000020006,1,0.999640,1
T_0000020041,0,0.120967,0
T_0000020050,1,0.999953,1
T_0000020110,1,0.999957,1
T_0000020157,1,0.991358,1
T_0000020198,1,0.999288,1
T_0000020237,0,0.077204,0
T_0000020362,0,0.250272,0
T_0000020367,1,0.999770,1
T_0000020379,1,0.973582,1
T_0000020388,1,0.997570,1
T_0000020473,1,0.998030,1
T_0000020508,0,0.626533,0
T_0000020522,1,0.996394,1
T_0000020523,1,0.994209,1
T_0000020559,1,0.998251,1
T_0000020575,1,0.995708,1
T_0000020577,1,0.999576,1
T_0000020587,1,0.997434,1
T_0000020621,0,0.041956,0
T_0000020657,1,0.997434,1
T_0000020663,0,0.942862,1
T_0000020719,1,0.999381,1
T_0000020729,0,0.051835,0
T_0000020738,1,0.999825,1
T_0000020804,1,0.999716,1
T_0000020805,0,0.064434,0
T_0000020817,1,0.999508,1
T_0000020835,1,0.997068,1
T_0000020858,1,0.996441,1
T_0000020860,0,0.065250,0
T_0000020861,0,0.082892,0
T_0000020875,1,0.999205,1
T_0000020941,1,0.999355,1
T_0000020944,0,0.071434,0
T_0000020951,0,0.053993,0
T_0000020954,0,0.065011,0
T_0000021057,0,0.026047,0
T_0000021059,0,0.034301,0
T_0000021086,0,0.057392,0
T_0000021089,0,0.040763,0
T_0000021099,1,0.999768,1
T_0000021102,1,0.999933,1
T_0000021106,0,0.045332,0
T_0000021120,0,0.026904,0
T_0000021124,0,0.060817,0
T_0000021167,1,0.998131,1
T_0000021168,0,0.062248,0
T_0000021173,1,0.999241,1
T_0000021188,1,0.999987,1
T_0000021199,0,0.053703,0
T_0000021245,1,0.996438,1
T_0000021254,0,0.086025,0
T_0000021258,1,0.999810,1
T_0000021276,1,0.997923,1
T_0000021293,0,0.329918,0
T_0000021309,1,0.998091,1
T_0000021337,0,0.958615,1
T_0000021342,1,0.997316,1
T_0000021351,1,0.996699,1
T_0000021371,1,0.918944,1
T_0000021413,1,0.992916,1
T_0000021462,1,0.999780,1
T_0000021478,1,0.999988,1
T_0000021509,0,0.068392,0
T_0000021605,1,0.999607,1
T_0000021637,1,0.947086,1
T_0000021638,1,0.999683,1
T_0000021669,1,0.999971,1
T_0000021694,1,0.999443,1
T_0000021753,1,0.999280,1
T_0000021759,1,0.997810,1
T_0000021777,1,0.995393,1
T_0000021779,1,0.999111,1
T_0000021792,0,0.077340,0
T_0000021823,1,0.998157,1
T_0000021826,0,0.086031,0
T_0000021833,1,0.999762,1
T_0000021839,1,0.999961,1
T_0000021844,1,0.999991,1
T_0000021882,1,0.998036,1
T_0000021899,1,0.998156,1
T_0000021977,1,0.997342,1
T_0000021996,1,0.998432,1
T_0000022082,1,0.986106,1
T_0000022090,0,0.054571,0
T_0000022102,1,0.999653,1
T_0000022118,1,0.999203,1
T_0000022136,0,0.534909,0
T_0000022156,1,0.999933,1
T_0000022171,0,0.978420,1
T_0000022212,1,0.999950,1
T_0000022221,0,0.107906,0
T_0000022258,1,0.999641,1
T_0000022293,1,0.999701,1
T_0000022319,0,0.078212,0
T_0000022323,0,0.030937,0
T_0000022393,0,0.050770,0
T_0000022403,1,0.996463,1
T_0000022418,0,0.665642,0
T_0000022428,1,0.990042,1
T_0000022440,0,0.045802,0
T_0000022444,0,0.406576,0
T_0000022470,1,0.998559,1
T_0000022510,0,0.036200,0
T_0000022525,0,0.048084,0
T_0000022556,1,0.999729,1
T_0000022558,0,0.041838,0
T_0000022562,0,0.065766,0
T_0000022567,1,0.999759,1
T_0000022589,1,0.412742,0
T_0000022600,1,0.999337,1
T_0000022613,1,0.994231,1
T_0000022614,0,0.922110,1
T_0000022650,1,0.994058,1
T_0000022690,0,0.040136,0
T_0000022748,1,0.999898,1
T_0000022753,1,0.998931,1
T_0000022781,0,0.060636,0
T_0000022799,0,0.055733,0
T_0000022804,0,0.083860,0
T_0000022814,1,0.992808,1
T_0000022817,1,0.982082,1
T_0000022870,0,0.047567,0
T_0000022878,0,0.509776,0
T_0000022896,1,0.987043,1
T_0000022908,1,0.999000,1
T_0000022937,1,0.998279,1
T_0000022951,0,0.052508,0
T_0000022952,1,0.996170,1
T_0000023035,1,0.999393,1
T_0000023088,1,0.047616,0
T_0000023130,1,0.999317,1
T_0000023148,0,0.059680,0
T_0000023173,0,0.038709,0
T_0000023180,0,0.063195,0
T_0000023241,0,0.330670,0
T_0000023253,1,0.999933,1
T_0000023260,0,0.018397,0
T_0000023261,1,0.997853,1
T_0000023274,1,0.998060,1
T_0000023291,1,0.999133,1
T_0000023336,1,0.999135,1
T_0000023354,0,0.078306,0
T_0000023360,0,0.098783,0
T_0000023392,1,0.999492,1
T_0000023401,0,0.548181,0
T_0000023447,0,0.844025,1
T_0000023474,1,0.999722,1
T_0000023482,1,0.999890,1
T_0000023492,0,0.057788,0
T_0000023512,1,0.996501,1
T_0000023517,0,0.037078,0
T_0000023524,1,0.999613,1
T_0000023526,1,0.878994,1
T_0000023531,1,0.998998,1
T_0000023546,1,0.999773,1
T_0000023552,1,0.996511,1
T_0000023570,1,0.998509,1
T_0000023582,1,0.997943,1
T_0000023643,1,0.997321,1
T_0000023646,1,0.998133,1
T_0000023652,1,0.994420,1
T_0000023695,0,0.278135,0
T_0000023738,1,0.999570,1
T_0000023780,1,0.999701,1
T_0000023815,1,0.998735,1
T_0000023858,1,0.997939,1
T_0000023883,0,0.023275,0
T_0000023905,1,0.999359,1
T_0000023952,1,0.999969,1
T_0000023967,1,0.997398,1
T_0000023975,0,0.027365,0
T_0000023977,1,0.998280,1
T_0000024000,1,0.980128,1
T_0000024052,0,0.023627,0
T_0000024054,1,0.998261,1
T_0000024074,1,0.999481,1
T_0000024084,0,0.019690,0
T_0000024085,1,0.999451,1
T_0000024092,0,0.044872,0
T_0000024125,0,0.443981,0
T_0000024142,1,0.972445,1
T_0000024144,1,0.999854,1
T_0000024160,1,0.971938,1
T_0000024181,0,0.064057,0
T_0000024209,1,0.998889,1
T_0000024245,1,0.999329,1
T_0000024272,1,0.999670,1
T_0000024290,0,0.040243,0
T_0000024294,1,0.871855,1
T_0000024379,0,0.457654,0
T_0000024390,0,0.089609,0
T_0000024430,1,0.983919,1
T_0000024441,1,0.997923,1
T_0000024461,1,0.996282,1
T_0000024508,0,0.021449,0
T_0000024509,1,0.998784,1
T_0000024513,1,0.988629,1
T_0000024515,1,0.993866,1
T_0000024527,1,0.999802,1
T_0000024550,1,0.999679,1
T_0000024564,0,0.070070,0
T_0000024567,1,0.989580,1
T_0000024610,1,0.999888,1
T_0000024655,1,0.993240,1
T_0000024663,1,0.969916,1
T_0000024709,1,0.097210,0
T_0000024718,0,0.693382,0
T_0000024720,0,0.046415,0
T_0000024727,0,0.081894,0
T_0000024743,0,0.091600,0
T_0000024744,1,0.998968,1
T_0000024776,1,0.999137,1
T_0000024795,0,0.289263,0
T_0000024820,1,0.988273,1
T_0000024859,1,0.999550,1
T_0000024869,1,0.997320,1
T_0000024903,1,0.999898,1
T_0000024906,1,0.999038,1
T_0000024951,1,0.847115,1
T_0000024952,1,0.999731,1
T_0000024955,1,0.877237,1
T_0000024963,0,0.068200,0
T_0000024980,1,0.989646,1
T_0000024997,1,0.985840,1
T_0000025027,0,0.052372,0
T_0000025105,1,0.999827,1
T_0000025106,0,0.064419,0
T_0000025127,1,0.996780,1
T_0000025175,1,0.729539,0
T_0000025226,1,0.998388,1
T_0000025227,1,0.841708,1
T_0000025246,0,0.150393,0
T_0000025254,0,0.060377,0
T_0000025261,0,0.038081,0
T_0000025265,0,0.460613,0
T_0000025281,1,0.997718,1
T_0000025292,1,0.996523,1
T_0000025323,1,0.996046,1
T_0000025363,1,0.998244,1
T_0000025372,1,0.997382,1
T_0000025384,1,0.996992,1
T_0000025401,1,0.999845,1
T_0000025419,1,0.998961,1
T_0000025459,1,0.993134,1
T_0000025467,1,0.998621,1
T_0000025484,1,0.997711,1
T_0000025525,1,0.998335,1
T_0000025540,0,0.608317,0
T_0000025567,1,0.995343,1
T_0000025569,1,0.999370,1
T_0000025601,0,0.051122,0
T_0000025642,0,0.037246,0
T_0000025644,0,0.080615,0
T_0000025658,1,0.999381,1
T_0000025661,1,0.801131,1
T_0000025677,1,0.999094,1
T_0000025683,0,0.061499,0
T_0000025717,1,0.999805,1
T_0000025723,1,0.999758,1
T_0000025728,0,0.275529,0
T_0000025801,0,0.105970,0
T_0000025811,1,0.996409,1
T_0000025875,0,0.634707,0
T_0000025876,0,0.065139,0
T_0000025919,1,0.994650,1
T_0000025942,0,0.059182,0
T_0000025945,1,0.996898,1
T_0000025973,1,0.997852,1
T_0000025990,0,0.113029,0
T_0000025993,1,0.982338,1
T_0000025998,0,0.536729,0
T_0000026004,1,0.998364,1
T_0000026013,0,0.101647,0
T_0000026037,1,0.992910,1
T_0000026042,1,0.949044,1
T_0000026044,0,0.104623,0
T_0000026055,0,0.274893,0
T_0000026065,1,0.097525,0
T_0000026070,1,0.999296,1
T_0000026074,1,0.996679,1
T_0000026081,0,0.022964,0
T_0000026164,0,0.021473,0
T_0000026213,1,0.999630,1
T_0000026267,0,0.097863,0
T_0000026274,1,0.999792,1
T_0000026286,1,0.997223,1
T_0000026336,0,0.966706,1
T_0000026360,1,0.999345,1
T_0000026379,1,0.998159,1
T_0000026414,1,0.998994,1
T_0000026416,1,0.999023,1
T_0000026422,1,0.999550,1
T_0000026432,0,0.451186,0
T_0000026436,1,0.999477,1
T_0000026483,1,0.996817,1
T_0000026530,1,0.999774,1
T_0000026532,1,0.999247,1
T_0000026533,1,0.996614,1
T_0000026564,1,0.992468,1
T_0000026568,0,0.939861,1
T_0000026577,1,0.999761,1
T_0000026624,1,0.999098,1
T_0000026650,0,0.017081,0
T_0000026679,0,0.102463,0
T_0000026690,1,0.998642,1
T_0000026703,1,0.999146,1
T_0000026707,1,0.987499,1
T_0000026720,0,0.028724,0
T_0000026729,1,0.999031,1
T_0000026757,0,0.080742,0
T_0000026759,1,0.997191,1
T_0000026807,1,0.998428,1
T_0000026815,1,0.999857,1
T_0000026830,0,0.106441,0
T_0000026904,1,0.997942,1
T_0000026976,1,0.995349,1
T_0000027032,0,0.408820,0
T_0000027037,0,0.037827,0
T_0000027042,0,0.068907,0
T_0000027047,1,0.997096,1
T_0000027051,1,0.975827,1
T_0000027199,1,0.994355,1
T_0000027256,1,0.198614,0
T_0000027286,0,0.091218,0
T_0000027294,1,0.997499,1
T_0000027308,0,0.072058,0
T_0000027319,1,0.999920,1
T_0000027327,1,0.999775,1
T_0000027380,1,0.993658,1
T_0000027384,1,0.999516,1
T_0000027406,0,0.043380,0
T_0000027408,1,0.995826,1
T_0000027417,0,0.038995,0
T_0000027432,0,0.022647,0
T_0000027447,0,0.090214,0
T_0000027453,1,0.994960,1
T_0000027484,1,0.997754,1
T_0000027514,1,0.998900,1
T_0000027561,1,0.994705,1
T_0000027580,1,0.987554,1
T_0000027584,1,0.979576,1
T_0000027588,0,0.477212,0
T_0000027635,0,0.094715,0
T_0000027643,1,0.999359,1
T_0000027687,1,0.994702,1
T_0000027728,1,0.999807,1
T_0000027747,1,0.999473,1
T_0000027808,1,0.986615,1
T_0000027817,0,0.154367,0
T_0000027818,1,0.993785,1
T_0000027822,1,0.994275,1
T_0000027837,1,0.997700,1
T_0000027859,1,0.998604,1
T_0000027860,1,0.994118,1
T_0000027895,1,0.997491,1
T_0000027982,1,0.618246,0
T_0000027984,0,0.027230,0
T_0000028000,0,0.065772,0
T_0000028009,1,0.997801,1
T_0000028039,1,0.937476,1
T_0000028040,1,0.990286,1
T_0000028092,1,0.993175,1
T_0000028174,0,0.100025,0
T_0000028215,1,0.998303,1
T_0000028250,1,0.991614,1
T_0000028303,1,0.999738,1
T_0000028334,0,0.076564,0
T_0000028364,1,0.999871,1
T_0000028396,1,0.976283,1
T_0000028398,1,0.994766,1
T_0000028458,1,0.991545,1
T_0000028476,1,0.999744,1
T_0000028479,1,0.999737,1
T_0000028518,1,0.997646,1
T_0000028560,1,0.999696,1
T_0000028570,0,0.031188,0
T_0000028578,1,0.999376,1
T_0000028583,1,0.999616,1
T_0000028584,1,0.999499,1
T_0000028585,1,0.999972,1
T_0000028586,1,0.996421,1
T_0000028596,0,0.065437,0
T_0000028613,0,0.039254,0
T_0000028681,0,0.890076,1
T_0000028682,1,0.169328,0
T_0000028691,0,0.062438,0
T_0000028693,0,0.062660,0
T_0000028698,0,0.017754,0
T_0000028801,0,0.051596,0
T_0000028802,1,0.996440,1
T_0000028861,0,0.392107,0
T_0000028883,1,0.999894,1
T_0000028925,1,0.999177,1
T_0000028934,0,0.054720,0
T_0000028957,0,0.033118,0
T_0000028966,1,0.997868,1
T_0000028986,1,0.180292,0
T_0000029012,0,0.033009,0
T_0000029048,1,0.733500,0
T_0000029079,1,0.995310,1
T_0000029083,1,0.997606,1
T_0000029089,1,0.999093,1
T_0000029095,1,0.999298,1
T_0000029128,1,0.997147,1
T_0000029175,1,0.812202,1
T_0000029198,1,0.999589,1
T_0000029207,1,0.999132,1
T_0000029221,0,0.041118,0
T_0000029263,0,0.086702,0
T_0000029276,1,0.999340,1
T_0000029282,1,0.999931,1
T_0000029297,0,0.769096,1
T_0000029342,1,0.983361,1
T_0000029363,1,0.999946,1
T_0000029377,1,0.997462,1
T_0000029441,0,0.055333,0
T_0000029447,0,0.084008,0
T_0000029454,1,0.998178,1
T_0000029459,0,0.030147,0
T_0000029465,1,0.979028,1
T_0000029478,1,0.998767,1
T_0000029501,0,0.061900,0
T_0000029596,1,0.999644,1
T_0000029628,1,0.988301,1
T_0000029648,1,0.097130,0
T_0000029664,1,0.997599,1
T_0000029692,1,0.992213,1
T_0000029698,1,0.982691,1
T_0000029714,1,0.904452,1
T_0000029722,1,0.999831,1
T_0000029727,1,0.999713,1
T_0000029735,1,0.963445,1
T_0000029774,1,0.999874,1
T_0000029791,1,0.999159,1
T_0000029801,0,0.161247,0
T_0000029816,0,0.098279,0
T_0000029830,0,0.052533,0
T_0000029835,0,0.044945,0
T_0000029842,0,0.036380,0
T_0000029851,0,0.074121,0
T_0000029898,1,0.945801,1
T_0000029911,0,0.042595,0
T_0000029974,1,0.985904,1
T_0000029997,1,0.992870,1
T_0000030029,0,0.122314,0
T_0000030054,1,0.918565,1
T_0000030078,1,0.997270,1
T_0000030100,0,0.011304,0
T_0000030103,1,0.998820,1
T_0000030108,1,0.996726,1
T_0000030153,1,0.999609,1
T_0000030171,1,0.624902,0
T_0000030180,1,0.721471,0
T_0000030186,0,0.036356,0
T_0000030189,1,0.995459,1
T_0000030191,0,0.113962,0
T_0000030197,1,0.379731,0
T_0000030198,0,0.008044,0
T_0000030214,1,0.994796,1
T_0000030246,0,0.076334,0
T_0000030297,1,0.999309,1
T_0000030302,1,0.989994,1
T_0000030329,1,0.993139,1
T_0000030379,0,0.021788,0
T_0000030395,1,0.998051,1
T_0000030398,1,0.999502,1
T_0000030408,0,0.387340,0
T_0000030409,1,0.998730,1
T_0000030420,0,0.045950,0
T_0000030425,0,0.199586,0
T_0000030457,1,0.999352,1
T_0000030469,1,0.992978,1
T_0000030470,0,0.032170,0
T_0000030489,0,0.049936,0
T_0000030496,1,0.999898,1
T_0000030501,0,0.967979,1
T_0000030523,1,0.999907,1
T_0000030530,1,0.998362,1
T_0000030572,0,0.033290,0
T_0000030583,1,0.999498,1
T_0000030606,0,0.099601,0
T_0000030637,1,0.999371,1
T_0000030664,1,0.997421,1
T_0000030674,1,0.991251,1
T_0000030676,1,0.997881,1
T_0000030713,1,0.117159,0
T_0000030741,1,0.058464,0
T_0000030795,0,0.042290,0
T_0000030861,0,0.089609,0
T_0000030877,1,0.752996,0
T_0000030895,1,0.923032,1
T_0000030965,1,0.995819,1
T_0000030969,1,0.997018,1
T_0000031002,0,0.053471,0
T_0000031040,1,0.999874,1
T_0000031069,0,0.021630,0
T_0000031088,0,0.058609,0
T_0000031089,1,0.999355,1
T_0000031105,1,0.998681,1
T_0000031120,0,0.489352,0
T_0000031123,0,0.073163,0
T_0000031127,1,0.999306,1
T_0000031138,0,0.475996,0
T_0000031141,1,0.998724,1
T_0000031168,1,0.998312,1
T_0000031172,0,0.126130,0
T_0000031176,1,0.997235,1
T_0000031182,0,0.070714,0
T_0000031200,0,0.047061,0
T_0000031225,0,0.713029,0
T_0000031251,1,0.969320,1
T_0000031254,1,0.999840,1
T_0000031261,0,0.135313,0
T_0000031290,1,0.996526,1
T_0000031294,1,0.998138,1
T_0000031302,0,0.041277,0
T_0000031320,1,0.992600,1
T_0000031323,1,0.997330,1
T_0000031343,0,0.084120,0
T_0000031350,1,0.951551,1
T_0000031354,1,0.999312,1
T_0000031355,1,0.986075,1
T_0000031357,1,0.996965,1
T_0000031389,0,0.058096,0
T_0000031402,0,0.070233,0
T_0000031409,0,0.952957,1
T_0000031424,0,0.737634,0
T_0000031472,1,0.997594,1
T_0000031502,1,0.998509,1
T_0000031503,0,0.060738,0
T_0000031512,1,0.991225,1
T_0000031514,1,0.978143,1
T_0000031599,1,0.955704,1
T_0000031600,1,0.999172,1
T_0000031610,0,0.048199,0
T_0000031619,1,0.949209,1
T_0000031638,1,0.999101,1
T_0000031640,0,0.047251,0
T_0000031668,0,0.129752,0
T_0000031672,1,0.825670,1
T_0000031673,1,0.999440,1
T_0000031678,0,0.021864,0
T_0000031684,0,0.065806,0
T_0000031789,1,0.991680,1
T_0000031854,0,0.280308,0
T_0000031899,0,0.075317,0
T_0000031924,1,0.999214,1
T_0000031932,1,0.963482,1
T_0000031947,1,0.998781,1
T_0000031951,1,0.998687,1
T_0000031968,1,0.997708,1
T_0000031979,0,0.025780,0
T_0000031999,0,0.989811,1
T_0000032018,1,0.998255,1
T_0000032032,0,0.056212,0
T_0000032048,1,0.998863,1
T_0000032071,0,0.676286,0
T_0000032120,1,0.999227,1
T_0000032132,0,0.947584,1
T_0000032156,0,0.032725,0
T_0000032171,1,0.999645,1
T_0000032199,1,0.968328,1
T_0000032222,1,0.998200,1
T_0000032225,1,0.994662,1
T_0000032243,1,0.999675,1
T_0000032293,1,0.998729,1
T_0000032305,1,0.999965,1
T_0000032306,1,0.991568,1
T_0000032307,1,0.995986,1
T_0000032321,1,0.999032,1
T_0000032382,0,0.032816,0
T_0000032417,1,0.973102,1
T_0000032439,1,0.954897,1
T_0000032501,1,0.997174,1
T_0000032520,1,0.994889,1
T_0000032557,1,0.999631,1
T_0000032571,1,0.949560,1
T_0000032579,1,0.999981,1
T_0000032594,1,0.999412,1
T_0000032601,0,0.034909,0
T_0000032625,1,0.998930,1
T_0000032630,0,0.755764,0
T_0000032648,0,0.338466,0
T_0000032654,0,0.074835,0
T_0000032672,0,0.465745,0
T_0000032675,1,0.999782,1
T_0000032681,1,0.997273,1
T_0000032683,1,0.999389,1
T_0000032705,1,0.996879,1
T_0000032738,1,0.997758,1
T_0000032741,1,0.996809,1
T_0000032825,0,0.194807,0
T_0000032836,1,0.999884,1
T_0000032841,1,0.999912,1
T_0000032868,1,0.996606,1
T_0000032910,1,0.997543,1
T_0000032920,0,0.132939,0
T_0000032921,1,0.999026,1
T_0000032982,1,0.996586,1
T_0000032992,1,0.996539,1
T_0000032999,0,0.062007,0
T_0000033002,1,0.994247,1
T_0000033007,0,0.147206,0
T_0000033163,0,0.058181,0
T_0000033172,1,0.847249,1
T_0000033175,0,0.843940,1
T_0000033188,0,0.080174,0
T_0000033237,1,0.999488,1
T_0000033273,1,0.998790,1
T_0000033301,0,0.149116,0
T_0000033303,0,0.998055,1
T_0000033309,0,0.047386,0
T_0000033321,0,0.035715,0
T_0000033334,0,0.017651,0
T_0000033343,1,0.997807,1
T_0000033344,1,0.989813,1
T_0000033357,0,0.017709,0
T_0000033373,1,0.991929,1
T_0000033433,1,0.936057,1
T_0000033459,1,0.998453,1
T_0000033460,0,0.821935,1
T_0000033469,0,0.033802,0
T_0000033508,0,0.066671,0
T_0000033525,1,0.999618,1
T_0000033536,0,0.040689,0
T_0000033549,1,0.998298,1
T_0000033557,0,0.043604,0
T_0000033607,1,0.994218,1
T_0000033641,1,0.103903,0
T_0000033663,1,0.951234,1
T_0000033668,1,0.999534,1
T_0000033676,1,0.991165,1
T_0000033708,0,0.121849,0
T_0000033719,1,0.998853,1
T_0000033731,1,0.997985,1
T_0000033734,1,0.978326,1
T_0000033736,1,0.999641,1
T_0000033751,1,0.877916,1
T_0000033756,1,0.999833,1
T_0000033782,0,0.097513,0
T_0000033826,0,0.191828,0
T_0000033874,1,0.999132,1
T_0000033894,0,0.114738,0
T_0000033948,1,0.746558,0
T_0000033956,1,0.999227,1
T_0000033959,1,0.992548,1
T_0000033960,1,0.997635,1
T_0000033971,1,0.996960,1
T_0000033976,0,0.046295,0
T_0000033995,0,0.115839,0
T_0000034007,0,0.762009,0
T_0000034061,1,0.998779,1
T_0000034062,1,0.980179,1
T_0000034078,1,0.981303,1
T_0000034094,1,0.999604,1
T_0000034097,1,0.997165,1
T_0000034107,1,0.998921,1
T_0000034135,1,0.996653,1
T_0000034138,0,0.042973,0
T_0000034155,1,0.998634,1
T_0000034177,0,0.091231,0
T_0000034179,0,0.028166,0
T_0000034197,1,0.987355,1
T_0000034214,1,0.995212,1
T_0000034276,1,0.975822,1
T_0000034311,0,0.097655,0
T_0000034403,1,0.969277,1
T_0000034427,1,0.981167,1
T_0000034437,0,0.091900,0
T_0000034438,0,0.007546,0
T_0000034477,0,0.031710,0
T_0000034483,1,0.999121,1
T_0000034486,1,0.998680,1
T_0000034511,1,0.999903,1
T_0000034538,1,0.999969,1
T_0000034576,0,0.068917,0
T_0000034579,1,0.990111,1
T_0000034583,1,0.993503,1
T_0000034586,1,0.997641,1
T_0000034605,1,0.996900,1
T_0000034658,1,0.996899,1
T_0000034668,0,0.053675,0
T_0000034680,0,0.114143,0
T_0000034709,1,0.999434,1
T_0000034716,0,0.264176,0
T_0000034744,0,0.152493,0
T_0000034766,1,0.998766,1
T_0000034783,1,0.997850,1
T_0000034814,1,0.995645,1
T_0000034825,1,0.998883,1
T_0000034828,0,0.055289,0
T_0000034838,1,0.999313,1
T_0000034849,0,0.017770,0
T_0000034883,1,0.999595,1
T_0000034916,1,0.998234,1
T_0000034961,1,0.998652,1
T_0000034966,1,0.999915,1
T_0000034985,1,0.997917,1
T_0000035030,0,0.038688,0
T_0000035112,1,0.802271,1
T_0000035128,0,0.992270,1
T_0000035138,1,0.998473,1
T_0000035170,1,0.999020,1
T_0000035189,1,0.996505,1
T_0000035196,0,0.088431,0
T_0000035213,0,0.111714,0
T_0000035215,1,0.996712,1
T_0000035276,0,0.055276,0
T_0000035288,1,0.997537,1
T_0000035289,1,0.948948,1
T_0000035310,1,0.973597,1
T_0000035338,1,0.996888,1
T_0000035378,0,0.100568,0
T_0000035382,1,0.999573,1
T_0000035411,0,0.079287,0
T_0000035419,1,0.998934,1
T_0000035420,0,0.405568,0
T_0000035469,1,0.994027,1
T_0000035470,0,0.050858,0
T_0000035486,0,0.034758,0
T_0000035505,1,0.945989,1
T_0000035575,1,0.999237,1
T_0000035602,0,0.275293,0
T_0000035604,0,0.936362,1
T_0000035621,0,0.290975,0
T_0000035626,0,0.061700,0
T_0000035643,1,0.999974,1
T_0000035676,0,0.646643,0
T_0000035686,0,0.077825,0
T_0000035735,1,0.998582,1
T_0000035736,0,0.026923,0
T_0000035757,1,0.995536,1
T_0000035760,1,0.996076,1
T_0000035778,0,0.016784,0
T_0000035779,1,0.990495,1
T_0000035789,0,0.053002,0
T_0000035803,1,0.999959,1
T_0000035820,0,0.039455,0
T_0000035876,1,0.993767,1
T_0000035877,0,0.024826,0
T_0000035881,0,0.085414,0
T_0000035924,0,0.580737,0
T_0000035929,1,0.716580,0
T_0000035960,1,0.997512,1
T_0000035988,1,0.996574,1
T_0000036000,1,0.999575,1
T_0000036011,1,0.998038,1
T_0000036028,0,0.055703,0
T_0000036042,0,0.096004,0
T_0000036085,1,0.911465,1
T_0000036125,1,0.843549,1
T_0000036131,0,0.517288,0
T_0000036150,1,0.997474,1
T_0000036188,1,0.995954,1
T_0000036253,1,0.999854,1
T_0000036274,1,0.944358,1
T_0000036287,1,0.999763,1
T_0000036288,1,0.998940,1
T_0000036298,0,0.041010,0
T_0000036336,1,0.999836,1
T_0000036346,0,0.057950,0
T_0000036365,1,0.999345,1
T_0000036389,1,0.997087,1
T_0000036435,1,0.987646,1
T_0000036446,1,0.998611,1
T_0000036473,1,0.999919,1
T_0000036481,1,0.998893,1
T_0000036509,0,0.061076,0
T_0000036511,1,0.999205,1
T_0000036520,1,0.999512,1
T_0000036547,1,0.564678,0
T_0000036558,1,0.999103,1
T_0000036563,1,0.995845,1
T_0000036565,0,0.183004,0
T_0000036566,0,0.880620,1
T_0000036573,1,0.999660,1
T_0000036609,1,0.978038,1
T_0000036652,1,0.995382,1
T_0000036671,0,0.042994,0
T_0000036673,1,0.987428,1
T_0000036676,1,0.996696,1
T_0000036690,1,0.999648,1
T_0000036730,1,0.999906,1
T_0000036734,1,0.924031,1
T_0000036735,1,0.999729,1
T_0000036818,1,0.999163,1
T_0000036819,1,0.999295,1
T_0000036840,0,0.058662,0
T_0000036860,1,0.997401,1
T_0000036861,1,0.999802,1
T_0000036892,1,0.998539,1
T_0000036921,1,0.985017,1
T_0000036923,1,0.997169,1
T_0000036945,1,0.999504,1
T_0000036986,0,0.127234,0
T_0000036990,1,0.999017,1
T_0000036993,1,0.998989,1
T_0000036998,1,0.997552,1
T_0000037038,0,0.052804,0
T_0000037042,1,0.997178,1
T_0000037070,1,0.999882,1
T_0000037102,1,0.992054,1
T_0000037108,1,0.999540,1
T_0000037142,1,0.999953,1
T_0000037147,1,0.988866,1
T_0000037160,1,0.997979,1
T_0000037194,1,0.998235,1
T_0000037211,1,0.995909,1
T_0000037225,0,0.794364,1
T_0000037231,1,0.999754,1
T_0000037246,0,0.039026,0
T_0000037276,0,0.166337,0
T_0000037305,1,0.998980,1
T_0000037310,0,0.051231,0
T_0000037330,1,0.997046,1
T_0000037332,1,0.999549,1
T_0000037362,0,0.691615,0
T_0000037412,0,0.071639,0
T_0000037439,1,0.997582,1
T_0000037456,1,0.998118,1
T_0000037463,1,0.998397,1
T_0000037464,1,0.995827,1
T_0000037472,1,0.759631,0
T_0000037496,0,0.050612,0
T_0000037498,1,0.995956,1
T_0000037535,1,0.999484,1
T_0000037550,1,0.999168,1
T_0000037558,1,0.996119,1
T_0000037590,1,0.995683,1
T_0000037626,1,0.999595,1
T_0000037677,1,0.988204,1
T_0000037731,1,0.997998,1
T_0000037756,0,0.005554,0
T_0000037775,1,0.989315,1
T_0000037784,0,0.107079,0
T_0000037787,1,0.999293,1
T_0000037801,1,0.999446,1
T_0000037813,0,0.032416,0
T_0000037816,1,0.999654,1
T_0000037848,1,0.998463,1
T_0000037896,1,0.999106,1
T_0000037906,1,0.998931,1
T_0000037911,0,0.082638,0
T_0000037917,1,0.993907,1
T_0000037936,0,0.027070,0
T_0000037961,1,0.993882,1
T_0000037980,0,0.025325,0
T_0000037987,1,0.995404,1
T_0000037993,1,0.999070,1
T_0000038045,1,0.999531,1
T_0000038064,0,0.028942,0
T_0000038082,0,0.019018,0
T_0000038119,1,0.997530,1
T_0000038120,0,0.566657,0
T_0000038134,1,0.999836,1
T_0000038142,0,0.067119,0
T_0000038161,0,0.055646,0
T_0000038165,0,0.059671,0
T_0000038244,1,0.789279,1
T_0000038306,0,0.094110,0
T_0000038311,0,0.160859,0
T_0000038318,1,0.998814,1
T_0000038328,0,0.550524,0
T_0000038397,1,0.998829,1
T_0000038439,0,0.203352,0
T_0000038445,1,0.992812,1
T_0000038536,1,0.968806,1
T_0000038552,0,0.202985,0
T_0000038558,1,0.999313,1
T_0000038591,1,0.995958,1
T_0000038592,0,0.806771,1
T_0000038593,1,0.999904,1
T_0000038597,1,0.996847,1
T_0000038619,0,0.078903,0
T_0000038662,1,0.998550,1
T_0000038663,0,0.162410,0
T_0000038723,1,0.991686,1
T_0000038741,1,0.999943,1
T_0000038752,1,0.998229,1
T_0000038775,1,0.992979,1
T_0000038783,1,0.999776,1
T_0000038820,1,0.998899,1
T_0000038831,1,0.960869,1
T_0000038833,1,0.998465,1
T_0000038838,1,0.999823,1
T_0000038840,0,0.096197,0
T_0000038860,1,0.997874,1
T_0000038885,0,0.251634,0
T_0000038887,0,0.706323,0
T_0000038898,1,0.974317,1
T_0000038907,1,0.995998,1
T_0000038913,1,0.984096,1
T_0000038937,1,0.935275,1
T_0000039004,1,0.993490,1
T_0000039009,0,0.148617,0
T_0000039040,1,0.999978,1
T_0000039041,1,0.995564,1
T_0000039045,0,0.056598,0
T_0000039110,1,0.993783,1
T_0000039132,1,0.997957,1
T_0000039136,0,0.453501,0
T_0000039168,1,0.999885,1
T_0000039170,0,0.054967,0
T_0000039180,1,0.999377,1
T_0000039193,1,0.998125,1
T_0000039208,1,0.990958,1
T_0000039293,0,0.209650,0
T_0000039312,1,0.998416,1
T_0000039334,1,0.999918,1
T_0000039343,1,0.998283,1
T_0000039368,0,0.032396,0
T_0000039403,0,0.070680,0
T_0000039417,1,0.998528,1
T_0000039426,0,0.111311,0
T_0000039481,0,0.026216,0
T_0000039488,1,0.997022,1
T_0000039508,1,0.995398,1
T_0000039525,1,0.999655,1
T_0000039535,1,0.999902,1
T_0000039548,0,0.052684,0
T_0000039613,1,0.988172,1
T_0000039666,1,0.997745,1
T_0000039684,0,0.255031,0
T_0000039695,0,0.047342,0
T_0000039701,1,0.995944,1
T_0000039702,1,0.999020,1
T_0000039710,1,0.999597,1
T_0000039760,1,0.999734,1
T_0000039791,1,0.999439,1
T_0000039804,0,0.327335,0
T_0000039818,1,0.997248,1
T_0000039826,1,0.972473,1
T_0000039830,1,0.999597,1
T_0000039840,0,0.956543,1
T_0000039881,0,0.220831,0
T_0000039884,0,0.034492,0
T_0000039885,0,0.102758,0
T_0000039931,1,0.933283,1
T_0000039932,1,0.997242,1
T_0000039938,0,0.077336,0
T_0000039988,1,0.968473,1
T_0000039991,0,0.042432,0
T_0000040051,1,0.999512,1
T_0000040061,1,0.999646,1
T_0000040084,0,0.075332,0
T_0000040095,1,0.997542,1
T_0000040114,1,0.940392,1
T_0000040126,1,0.998759,1
T_0000040129,1,0.997387,1
T_0000040160,0,0.842803,1
T_0000040164,1,0.999254,1
T_0000040226,1,0.982066,1
T_0000040227,0,0.213124,0
T_0000040243,0,0.080574,0
T_0000040275,1,0.999806,1
T_0000040301,1,0.999758,1
T_0000040302,1,0.999558,1
T_0000040303,0,0.057333,0
T_0000040410,0,0.081948,0
T_0000040424,0,0.120437,0
T_0000040446,0,0.045880,0
T_0000040465,0,0.066368,0
T_0000040471,1,0.997988,1
T_0000040547,1,0.999988,1
T_0000040585,1,0.982006,1
T_0000040611,1,0.999158,1
T_0000040641,1,0.999591,1
T_0000040647,1,0.114277,0
T_0000040664,0,0.247773,0
T_0000040676,1,0.994497,1
T_0000040690,1,0.999095,1
T_0000040701,0,0.338361,0
T_0000040714,1,0.996274,1
T_0000040741,1,0.810483,1
T_0000040744,1,0.999037,1
T_0000040785,1,0.997819,1
T_0000040816,1,0.737517,0
T_0000040827,0,0.030932,0
T_0000040829,1,0.997668,1
T_0000040864,0,0.066636,0
T_0000040918,1,0.999860,1
T_0000040958,1,0.999090,1
T_0000041003,0,0.058351,0
T_0000041010,1,0.996696,1
T_0000041017,1,0.999523,1
T_0000041048,1,0.704874,0
T_0000041119,1,0.998302,1
T_0000041160,1,0.997894,1
T_0000041173,1,0.999749,1
T_0000041179,1,0.999738,1
T_0000041296,1,0.900350,1
T_0000041305,0,0.946808,1
T_0000041310,1,0.996306,1
T_0000041318,1,0.998458,1
T_0000041360,1,0.962273,1
T_0000041396,1,0.998855,1
T_0000041409,1,0.999982,1
T_0000041449,0,0.119823,0
T_0000041453,1,0.999874,1
T_0000041463,0,0.031485,0
T_0000041483,1,0.998487,1
T_0000041486,1,0.997146,1
T_0000041500,1,0.998836,1
T_0000041525,0,0.030088,0
T_0000041540,1,0.998752,1
T_0000041553,1,0.996969,1
T_0000041563,1,0.996904,1
T_0000041566,1,0.999966,1
T_0000041626,1,0.990840,1
T_0000041644,1,0.870602,1
T_0000041648,0,0.032780,0
T_0000041700,1,0.999058,1
T_0000041706,1,0.998926,1
T_0000041715,0,0.848083,1
T_0000041724,0,0.034757,0
T_0000041749,1,0.976045,1
T_0000041794,1,0.996062,1
T_0000041797,0,0.072081,0
T_0000041804,0,0.065464,0
T_0000041821,1,0.999874,1
T_0000041829,1,0.999617,1
T_0000041840,1,0.998774,1
T_0000041855,1,0.994742,1
T_0000041873,0,0.088495,0
T_0000041955,1,0.980642,1
T_0000041962,1,0.999542,1
T_0000041972,1,0.991560,1
T_0000042140,0,0.032171,0
T_0000042145,1,0.998470,1
T_0000042161,1,0.462960,0
T_0000042167,1,0.996307,1
T_0000042174,1,0.998825,1
T_0000042191,1,0.996777,1
T_0000042196,1,0.999135,1
T_0000042212,1,0.997728,1
T_0000042228,0,0.037629,0
T_0000042236,1,0.998291,1
T_0000042276,1,0.990034,1
T_0000042279,1,0.998956,1
T_0000042300,1,0.998251,1
T_0000042384,1,0.996829,1
T_0000042392,0,0.126926,0
T_0000042431,1,0.964378,1
T_0000042436,0,0.126161,0
T_0000042450,1,0.999768,1
T_0000042454,1,0.997748,1
T_0000042495,1,0.999684,1
T_0000042506,0,0.155400,0
T_0000042515,0,0.058706,0
T_0000042524,0,0.120712,0
T_0000042529,1,0.993790,1
T_0000042592,1,0.969591,1
T_0000042692,1,0.997521,1
T_0000042704,1,0.996008,1
T_0000042718,1,0.993927,1
T_0000042724,1,0.996105,1
T_0000042742,1,0.998692,1
T_0000042773,1,0.996666,1
T_0000042775,0,0.046339,0
T_0000042783,0,0.093951,0
T_0000042785,1,0.998165,1
T_0000042800,1,0.999083,1
T_0000042816,0,0.088230,0
T_0000042876,1,0.980112,1
T_0000042923,1,0.996155,1
T_0000042928,1,0.993018,1
T_0000042944,1,0.982339,1
T_0000042958,1,0.548710,0
T_0000042959,1,0.995248,1
T_0000042969,1,0.998787,1
T_0000042982,1,0.999925,1
T_0000042983,1,0.995185,1
T_0000043020,0,0.029860,0
T_0000043023,0,0.031570,0
T_0000043047,1,0.999836,1
T_0000043052,1,0.999732,1
T_0000043081,0,0.079388,0
T_0000043098,1,0.725388,0
T_0000043123,0,0.087986,0
T_0000043128,1,0.998252,1
T_0000043140,1,0.999382,1
T_0000043154,0,0.034949,0
T_0000043157,1,0.999969,1
T_0000043162,0,0.048489,0
T_0000043178,1,0.994991,1
T_0000043188,1,0.998514,1
T_0000043231,1,0.994163,1
T_0000043232,1,0.999283,1
T_0000043240,1,0.999249,1
T_0000043274,0,0.835241,1
T_0000043280,0,0.057030,0
T_0000043332,0,0.079948,0
T_0000043337,0,0.037131,0
T_0000043360,1,0.999773,1
T_0000043423,1,0.999371,1
T_0000043454,0,0.903832,1
T_0000043525,1,0.998561,1
T_0000043527,1,0.996704,1
T_0000043534,0,0.023009,0
T_0000043567,1,0.999772,1
T_0000043575,1,0.999779,1
T_0000043583,1,0.998766,1
T_0000043619,1,0.999582,1
T_0000043635,1,0.947096,1
T_0000043718,1,0.999201,1
T_0000043735,1,0.975483,1
T_0000043741,1,0.999202,1
T_0000043753,0,0.040003,0
T_0000043782,1,0.996893,1
T_0000043795,0,0.227807,0
T_0000043801,1,0.999676,1
T_0000043823,0,0.047992,0
T_0000043831,0,0.092622,0
T_0000043850,0,0.084544,0
T_0000043855,0,0.053327,0
T_0000043882,0,0.061131,0
T_0000043930,1,0.188363,0
T_0000043932,1,0.998276,1
T_0000043934,0,0.898299,1
T_0000043971,0,0.926906,1
T_0000043989,1,0.981487,1
T_0000044022,0,0.264960,0
T_0000044057,1,0.977878,1
T_0000044079,1,0.999981,1
T_0000044084,0,0.294837,0
T_0000044094,0,0.024053,0
T_0000044098,0,0.103930,0
T_0000044142,0,0.131179,0
T_0000044144,1,0.999689,1
T_0000044145,1,0.997241,1
T_0000044181,1,0.998209,1
T_0000044198,0,0.053657,0
T_0000044223,1,0.984288,1
T_0000044236,1,0.998665,1
T_0000044286,0,0.078483,0
T_0000044308,0,0.011020,0
T_0000044346,1,0.992161,1
T_0000044372,1,0.999966,1
T_0000044379,0,0.060976,0
T_0000044397,0,0.082658,0
T_0000044406,0,0.015194,0
T_0000044411,0,0.066521,0
T_0000044428,0,0.857654,1
T_0000044451,0,0.014717,0
T_0000044457,1,0.732086,0
T_0000044506,1,0.997412,1
T_0000044526,0,0.052380,0
T_0000044527,1,0.859032,1
T_0000044649,1,0.999691,1
T_0000044660,1,0.997660,1
T_0000044669,1,0.961552,1
T_0000044703,1,0.978785,1
T_0000044727,1,0.999420,1
T_0000044763,0,0.973608,1
T_0000044767,1,0.999967,1
T_0000044815,1,0.980288,1
T_0000044822,0,0.136225,0
T_0000044830,1,0.997592,1
T_0000044841,1,0.999788,1
T_0000044878,0,0.027638,0
T_0000044890,1,0.884817,1
T_0000044918,0,0.111503,0
T_0000044924,1,0.999366,1
T_0000044939,1,0.975306,1
T_0000044967,1,0.992324,1
T_0000045000,1,0.999181,1
T_0000045050,1,0.997167,1
T_0000045070,1,0.996119,1
T_0000045078,0,0.338429,0
T_0000045109,1,0.894404,1
T_0000045122,1,0.996593,1
T_0000045148,1,0.965442,1
T_0000045209,1,0.993477,1
T_0000045251,1,0.989455,1
T_0000045269,1,0.997881,1
T_0000045303,1,0.999851,1
T_0000045309,1,0.996448,1
T_0000045364,1,0.996012,1
T_0000045372,0,0.044433,0
T_0000045377,1,0.994210,1
T_0000045408,1,0.998994,1
T_0000045433,1,0.999933,1
T_0000045472,0,0.331223,0
T_0000045487,1,0.998113,1
T_0000045490,0,0.083064,0
T_0000045504,1,0.999393,1
T_0000045507,0,0.054146,0
T_0000045603,0,0.016508,0
T_0000045605,1,0.999913,1
T_0000045609,0,0.052856,0
T_0000045662,1,0.999950,1
T_0000045677,0,0.050382,0
T_0000045681,1,0.998570,1
T_0000045729,1,0.999048,1
T_0000045752,0,0.180916,0
T_0000045767,1,0.996435,1
T_0000045814,1,0.994622,1
T_0000045843,1,0.994773,1
T_0000045855,1,0.998696,1
T_0000045856,1,0.999873,1
T_0000045882,1,0.999926,1
T_0000045897,0,0.377064,0
T_0000045905,1,0.877601,1
T_0000045941,1,0.943143,1
T_0000045980,1,0.999465,1
T_0000045983,1,0.995610,1
T_0000046065,0,0.079115,0
T_0000046072,1,0.998672,1
T_0000046073,1,0.991858,1
T_0000046083,1,0.999917,1
T_0000046085,0,0.047014,0
T_0000046125,1,0.999946,1
T_0000046127,1,0.998520,1
T_0000046180,1,0.999552,1
T_0000046218,0,0.064204,0
T_0000046246,1,0.997307,1
T_0000046258,1,0.999370,1
T_0000046287,1,0.998784,1
T_0000046335,1,0.999949,1
T_0000046350,0,0.052356,0
T_0000046351,1,0.997543,1
T_0000046356,1,0.999721,1
T_0000046363,1,0.998524,1
T_0000046373,1,0.977199,1
T_0000046380,0,0.142889,0
T_0000046387,0,0.091189,0
T_0000046408,1,0.999989,1
T_0000046419,1,0.999266,1
T_0000046442,1,0.999131,1
T_0000046444,1,0.995473,1
T_0000046455,0,0.032156,0
T_0000046457,1,0.997794,1
T_0000046519,1,0.998762,1
T_0000046521,1,0.998844,1
T_0000046524,0,0.069010,0
T_0000046552,1,0.999247,1
T_0000046554,1,0.994039,1
T_0000046588,0,0.051313,0
T_0000046624,1,0.991346,1
T_0000046655,0,0.051675,0
T_0000046700,1,0.969790,1
T_0000046734,0,0.071475,0
T_0000046750,0,0.071369,0
T_0000046755,0,0.062639,0
T_0000046817,1,0.999947,1
T_0000046825,1,0.998723,1
T_0000046876,1,0.999642,1
T_0000046882,1,0.992413,1
T_0000046920,1,0.998221,1
T_0000046955,0,0.388221,0
T_0000046994,1,0.994309,1
T_0000046995,0,0.046056,0
T_0000047037,0,0.067777,0
T_0000047067,0,0.106692,0
T_0000047119,1,0.997770,1
T_0000047138,0,0.087673,0
T_0000047174,1,0.999729,1
T_0000047182,1,0.998678,1
T_0000047200,0,0.046460,0
T_0000047251,0,0.766331,1
T_0000047289,1,0.999128,1
T_0000047304,1,0.991982,1
T_0000047313,1,0.692541,0
T_0000047330,1,0.731639,0
T_0000047334,0,0.024859,0
T_0000047337,0,0.029299,0
T_0000047344,1,0.997317,1
T_0000047346,1,0.999387,1
T_0000047352,1,0.999666,1
T_0000047370,1,0.998705,1
T_0000047395,1,0.999457,1
T_0000047441,0,0.016480,0
T_0000047446,1,0.996492,1
T_0000047451,1,0.652109,0
T_0000047458,0,0.067393,0
T_0000047469,1,0.997106,1
T_0000047499,1,0.999801,1
T_0000047509,1,0.997231,1
T_0000047526,0,0.085557,0
T_0000047528,0,0.096823,0
T_0000047555,0,0.056744,0
T_0000047581,1,0.946833,1
T_0000047589,1,0.991112,1
T_0000047595,1,0.999032,1
T_0000047597,0,0.027682,0
T_0000047628,0,0.084551,0
T_0000047638,1,0.999134,1
T_0000047667,0,0.089711,0
T_0000047702,1,0.993299,1
T_0000047704,0,0.070642,0
T_0000047738,1,0.999906,1
T_0000047757,0,0.090862,0
T_0000047764,1,0.998036,1
T_0000047771,1,0.995415,1
T_0000047774,1,0.999402,1
T_0000047853,1,0.935934,1
T_0000047857,1,0.999759,1
T_0000047860,0,0.018737,0
T_0000047915,0,0.151295,0
T_0000047971,1,0.994155,1
T_0000047986,1,0.999334,1
T_0000047994,1,0.999119,1
T_0000048002,1,0.925110,1
T_0000048044,1,0.996110,1
T_0000048046,0,0.079139,0
T_0000048091,1,0.998498,1
T_0000048095,0,0.054197,0
T_0000048106,1,0.997463,1
T_0000048108,1,0.997281,1
T_0000048128,0,0.362928,0
T_0000048141,1,0.998008,1
T_0000048167,0,0.454133,0
T_0000048184,1,0.993867,1
T_0000048187,0,0.033977,0
T_0000048233,1,0.999993,1
T_0000048244,0,0.019009,0
T_0000048265,0,0.009856,0
T_0000048279,1,0.939125,1
T_0000048300,0,0.092747,0
T_0000048301,0,0.046239,0
T_0000048322,1,0.999802,1
T_0000048353,1,0.998388,1
T_0000048356,1,0.999055,1
T_0000048383,1,0.998459,1
T_0000048387,0,0.010683,0
T_0000048450,1,0.998759,1
T_0000048465,1,0.944658,1
T_0000048487,1,0.981376,1
T_0000048492,1,0.923440,1
T_0000048608,1,0.999732,1
T_0000048695,1,0.993300,1
T_0000048722,1,0.999792,1
T_0000048746,0,0.026045,0
T_0000048754,1,0.978559,1
T_0000048772,1,0.998696,1
T_0000048777,1,0.999960,1
T_0000048804,1,0.997286,1
T_0000048821,1,0.996436,1
T_0000048832,0,0.014347,0
T_0000048872,0,0.042481,0
T_0000048887,1,0.690399,0
T_0000048913,1,0.993528,1
T_0000048919,0,0.164067,0
T_0000048921,0,0.057454,0
T_0000048942,1,0.997794,1
T_0000048968,0,0.033052,0
T_0000048982,1,0.994179,1
T_0000049028,1,0.504766,0
T_0000049082,1,0.999233,1
T_0000049160,1,0.998412,1
T_0000049188,0,0.041998,0
T_0000049207,1,0.999345,1
T_0000049222,1,0.999758,1
T_0000049224,0,0.554972,0
T_0000049236,1,0.994705,1
T_0000049238,1,0.984158,1
T_0000049241,0,0.073797,0
T_0000049262,0,0.460391,0
T_0000049267,1,0.999782,1
T_0000049285,1,0.999521,1
T_0000049299,1,0.997998,1
T_0000049307,0,0.025260,0
T_0000049322,1,0.998544,1
T_0000049326,1,0.999326,1
T_0000049363,1,0.999517,1
T_0000049382,1,0.998606,1
T_0000049383,1,0.995340,1
T_0000049400,1,0.998732,1
T_0000049408,1,0.999489,1
T_0000049452,1,0.996558,1
T_0000049454,1,0.999059,1
T_0000049474,0,0.049199,0
T_0000049483,0,0.037108,0
T_0000049502,0,0.113498,0
T_0000049513,1,0.997435,1
T_0000049516,1,0.912807,1
T_0000049517,1,0.998996,1
T_0000049519,0,0.038562,0
T_0000049527,1,0.998142,1
T_0000049548,1,0.998727,1
T_0000049554,0,0.096951,0
T_0000049562,1,0.999163,1
T_0000049564,0,0.033323,0
T_0000049566,0,0.295996,0
T_0000049675,0,0.185091,0
T_0000049684,0,0.067671,0
T_0000049789,0,0.036033,0
T_0000049790,0,0.062940,0
T_0000049807,1,0.992287,1
T_0000049817,1,0.999668,1
T_0000049823,0,0.971279,1
T_0000049840,1,0.999936,1
T_0000049897,1,0.999449,1
T_0000049913,0,0.062546,0
T_0000049921,1,0.998246,1
T_0000049985,1,0.999575,1
T_0000050016,0,0.010463,0
T_0000050031,1,0.999929,1
T_0000050074,0,0.034741,0
T_0000050081,1,0.998728,1
T_0000050086,1,0.997496,1
T_0000050098,1,0.999950,1
T_0000050106,1,0.970166,1
T_0000050116,1,0.996679,1
T_0000050197,1,0.993372,1
T_0000050213,1,0.996842,1
T_0000050223,1,0.990225,1
T_0000050248,1,0.997283,1
T_0000050279,1,0.262183,0
T_0000050284,1,0.829347,1
T_0000050287,0,0.784825,1
T_0000050289,1,0.992559,1
T_0000050317,1,0.997545,1
T_0000050322,1,0.999401,1
T_0000050338,1,0.992483,1
T_0000050366,0,0.041888,0
T_0000050367,0,0.055997,0
T_0000050394,1,0.997173,1
T_0000050461,1,0.996619,1
T_0000050482,0,0.292088,0
T_0000050501,0,0.056189,0
T_0000050502,1,0.996573,1
T_0000050554,0,0.043786,0
T_0000050649,1,0.999532,1
T_0000050658,0,0.063595,0
T_0000050679,1,0.997440,1
T_0000050689,0,0.482047,0
T_0000050735,1,0.998744,1
T_0000050741,1,0.985298,1
T_0000050813,1,0.984812,1
T_0000050825,1,0.990326,1
T_0000050844,0,0.033152,0
T_0000050884,0,0.897572,1
T_0000050924,1,0.996863,1
T_0000050938,1,0.999962,1
T_0000050946,0,0.057650,0
T_0000050947,0,0.020685,0
T_0000051010,1,0.998718,1
T_0000051030,0,0.114463,0
T_0000051042,1,0.998677,1
T_0000051087,0,0.041244,0
T_0000051089,1,0.994467,1
T_0000051197,0,0.064764,0
T_0000051199,1,0.997416,1
T_0000051229,1,0.998538,1
T_0000051240,0,0.117529,0
T_0000051242,0,0.041834,0
T_0000051256,1,0.999739,1
T_0000051257,1,0.988836,1
T_0000051284,1,0.999694,1
T_0000051326,1,0.989489,1
T_0000051327,0,0.057079,0
T_0000051353,1,0.998968,1
T_0000051359,0,0.068927,0
T_0000051380,1,0.999268,1
T_0000051397,0,0.043402,0
T_0000051402,1,0.997570,1
T_0000051413,1,0.999604,1
T_0000051415,1,0.995900,1
T_0000051417,0,0.026052,0
T_0000051441,0,0.011553,0
T_0000051449,1,0.998227,1
T_0000051455,0,0.103248,0
T_0000051466,1,0.999962,1
T_0000051483,1,0.997999,1
T_0000051486,1,0.998156,1
T_0000051543,1,0.999736,1
T_0000051563,0,0.035545,0
T_0000051576,1,0.999182,1
T_0000051597,0,0.015788,0
T_0000051671,0,0.026320,0
T_0000051676,0,0.036220,0
T_0000051679,1,0.998446,1
T_0000051687,1,0.999350,1
T_0000051745,1,0.998923,1
T_0000051786,0,0.039852,0
T_0000051791,1,0.998900,1
T_0000051825,0,0.285704,0
T_0000051831,0,0.037193,0
T_0000051946,1,0.998837,1
T_0000051958,1,0.939640,1
T_0000051977,0,0.039279,0
T_0000051997,1,0.999959,1
T_0000052015,1,0.985674,1
T_0000052097,0,0.973482,1
T_0000052132,1,0.966769,1
T_0000052185,1,0.961924,1
T_0000052221,1,0.999455,1
T_0000052222,1,0.998741,1
T_0000052284,0,0.117887,0
T_0000052292,1,0.999694,1
T_0000052294,1,0.998293,1
T_0000052355,1,0.993764,1
T_0000052371,1,0.985453,1
T_0000052412,0,0.053504,0
T_0000052428,0,0.038232,0
T_0000052437,0,0.121216,0
T_0000052452,1,0.999966,1
T_0000052465,1,0.999349,1
T_0000052511,1,0.993732,1
T_0000052589,1,0.997624,1
T_0000052656,1,0.998218,1
T_0000052675,1,0.998950,1
T_0000052678,1,0.720017,0
T_0000052684,1,0.992215,1
T_0000052706,1,0.999816,1
T_0000052728,0,0.039800,0
T_0000052730,1,0.998629,1
T_0000052836,0,0.134037,0
T_0000052843,0,0.509668,0
T_0000052883,0,0.029828,0
T_0000052889,0,0.052440,0
T_0000052906,0,0.053035,0
T_0000052908,1,0.998649,1
T_0000052987,1,0.998588,1
T_0000053000,1,0.998355,1
T_0000053018,1,0.997684,1
T_0000053023,0,0.249464,0
T_0000053028,0,0.478470,0
T_0000053046,1,0.999292,1
T_0000053074,1,0.996791,1
T_0000053094,1,0.997265,1
T_0000053105,1,0.999095,1
T_0000053139,0,0.076535,0
T_0000053163,1,0.998753,1
T_0000053169,1,0.998645,1
T_0000053175,1,0.994145,1
T_0000053242,1,0.999694,1
T_0000053244,1,0.979246,1
T_0000053270,1,0.987709,1
T_0000053287,0,0.111248,0
T_0000053326,1,0.994995,1
T_0000053363,1,0.999744,1
T_0000053400,1,0.999978,1
T_0000053407,1,0.999980,1
T_0000053416,1,0.999402,1
T_0000053500,1,0.994964,1
T_0000053503,0,0.138186,0
T_0000053507,0,0.057632,0
T_0000053514,1,0.209549,0
T_0000053545,1,0.998640,1
T_0000053586,1,0.999555,1
T_0000053626,1,0.998679,1
T_0000053689,0,0.052928,0
T_0000053722,1,0.999900,1
T_0000053732,1,0.999925,1
T_0000053737,1,0.998858,1
T_0000053812,0,0.029447,0
T_0000053832,0,0.109143,0
T_0000053887,1,0.999890,1
T_0000053901,0,0.070180,0
T_0000053931,1,0.999794,1
T_0000053936,1,0.999533,1
T_0000053941,0,0.061429,0
T_0000053956,1,0.997226,1
T_0000053968,1,0.997880,1
T_0000053980,1,0.556228,0
T_0000053996,0,0.088343,0
T_0000053998,0,0.043741,0
T_0000054024,1,0.277503,0
T_0000054059,0,0.977281,1
T_0000054092,1,0.999874,1
T_0000054095,1,0.998035,1
T_0000054141,1,0.999900,1
T_0000054150,1,0.999841,1
T_0000054157,1,0.996442,1
T_0000054186,1,0.999798,1
T_0000054190,1,0.997563,1
T_0000054200,0,0.091414,0
T_0000054231,1,0.999497,1
T_0000054255,1,0.995081,1
T_0000054273,1,0.999512,1
T_0000054275,1,0.999778,1
T_0000054289,1,0.985100,1
T_0000054296,1,0.999166,1
T_0000054298,0,0.567794,0
T_0000054309,1,0.760829,0
T_0000054311,1,0.999423,1
T_0000054341,1,0.998836,1
T_0000054365,0,0.253140,0
T_0000054391,0,0.089221,0
T_0000054404,0,0.062244,0
T_0000054412,1,0.999827,1
T_0000054446,1,0.995505,1
T_0000054475,1,0.999177,1
T_0000054483,1,0.998016,1
T_0000054500,0,0.052579,0
T_0000054508,1,0.997225,1
T_0000054529,0,0.048569,0
T_0000054533,0,0.051243,0
T_0000054553,0,0.104613,0
T_0000054557,1,0.999675,1
T_0000054582,1,0.995990,1
T_0000054587,0,0.812097,1
T_0000054593,0,0.112073,0
T_0000054598,1,0.997033,1
T_0000054605,0,0.053955,0
T_0000054622,1,0.999858,1
T_0000054705,0,0.792648,1
T_0000054712,0,0.467426,0
T_0000054805,1,0.999438,1
T_0000054820,1,0.999410,1
T_0000054831,1,0.999677,1
T_0000054833,1,0.999519,1
T_0000054843,1,0.988966,1
T_0000054847,0,0.098850,0
T_0000054892,0,0.088771,0
T_0000054900,1,0.998928,1
T_0000054925,0,0.097154,0
T_0000054929,0,0.495824,0
T_0000054944,1,0.994596,1
T_0000054973,0,0.038350,0
T_0000054982,1,0.996935,1
T_0000054983,1,0.999579,1
T_0000054992,1,0.999525,1
T_0000055025,0,0.652863,0
T_0000055038,1,0.903505,1
T_0000055041,1,0.999876,1
T_0000055056,0,0.062934,0
T_0000055060,0,0.103855,0
T_0000055069,1,0.999187,1
T_0000055104,1,0.998829,1
T_0000055130,0,0.034079,0
T_0000055182,1,0.797563,1
T_0000055235,1,0.992446,1
T_0000055260,1,0.999665,1
T_0000055289,0,0.104307,0
T_0000055310,1,0.994971,1
T_0000055325,1,0.933585,1
T_0000055331,1,0.999022,1
T_0000055386,1,0.999907,1
T_0000055392,1,0.998163,1
T_0000055394,0,0.107122,0
T_0000055459,0,0.239940,0
T_0000055462,1,0.764665,0
T_0000055552,0,0.030217,0
T_0000055579,0,0.990150,1
T_0000055584,0,0.036364,0
T_0000055586,0,0.041849,0
T_0000055621,1,0.999651,1
T_0000055625,1,0.999561,1
T_0000055659,1,0.999377,1
T_0000055668,1,0.996967,1
T_0000055669,0,0.062769,0
T_0000055701,0,0.090070,0
T_0000055704,1,0.870027,1
T_0000055705,1,0.381875,0
T_0000055718,1,0.992491,1
T_0000055719,1,0.998716,1
T_0000055727,0,0.031836,0
T_0000055728,0,0.029696,0
T_0000055733,1,0.999650,1
T_0000055772,1,0.996563,1
T_0000055778,0,0.060673,0
T_0000055794,1,0.999940,1
T_0000055802,1,0.997053,1
T_0000055813,1,0.999540,1
T_0000055844,0,0.022012,0
T_0000055865,1,0.999555,1
T_0000055903,1,0.994806,1
T_0000055928,0,0.093582,0
T_0000055931,1,0.998944,1
T_0000055940,1,0.999473,1
T_0000055952,1,0.990503,1
T_0000055953,1,0.998645,1
T_0000055961,1,0.996596,1
T_0000055986,1,0.733918,0
T_0000055992,1,0.998898,1
T_0000056018,1,0.998591,1
T_0000056023,1,0.999148,1
T_0000056025,1,0.995212,1
T_0000056054,0,0.058759,0
T_0000056078,0,0.041136,0
T_0000056091,1,0.987307,1
T_0000056095,1,0.987593,1
T_0000056098,0,0.058077,0
T_0000056104,0,0.197123,0
T_0000056149,1,0.996305,1
T_0000056156,0,0.084453,0
T_0000056183,0,0.070742,0
T_0000056222,1,0.977586,1
T_0000056240,1,0.997300,1
T_0000056259,1,0.998681,1
T_0000056277,1,0.997470,1
T_0000056301,1,0.992449,1
T_0000056335,1,0.998549,1
T_0000056339,1,0.997721,1
T_0000056346,1,0.929737,1
T_0000056348,1,0.999772,1
T_0000056356,0,0.051824,0
T_0000056382,1,0.999746,1
T_0000056401,0,0.929758,1
T_0000056420,0,0.096957,0
T_0000056421,1,0.999834,1
T_0000056428,0,0.058631,0
T_0000056429,1,0.999687,1
T_0000056450,1,0.997719,1
T_0000056504,0,0.052788,0
T_0000056510,1,0.998506,1
T_0000056515,1,0.999792,1
T_0000056516,1,0.996816,1
T_0000056564,1,0.998424,1
T_0000056580,1,0.999185,1
T_0000056588,1,0.996022,1
T_0000056591,1,0.993201,1
T_0000056622,1,0.997103,1
T_0000056661,1,0.999311,1
T_0000056668,0,0.082999,0
T_0000056688,1,0.999686,1
T_0000056704,1,0.996901,1
T_0000056710,1,0.990083,1
T_0000056721,1,0.944841,1
T_0000056730,0,0.950639,1
T_0000056757,1,0.989784,1
T_0000056767,1,0.998943,1
T_0000056769,0,0.051823,0
T_0000056793,1,0.997151,1
T_0000056799,0,0.036971,0
T_0000056832,1,0.998711,1
T_0000056876,1,0.095047,0
T_0000056915,1,0.999487,1
T_0000056926,1,0.999608,1
T_0000056944,1,0.991636,1
T_0000056971,1,0.996932,1
T_0000057038,1,0.996807,1
T_0000057050,1,0.929373,1
T_0000057174,0,0.040771,0
T_0000057176,1,0.999050,1
T_0000057180,1,0.888888,1
T_0000057183,1,0.143142,0
T_0000057247,1,0.999205,1
T_0000057260,0,0.046939,0
T_0000057301,1,0.999246,1
T_0000057319,1,0.999954,1
T_0000057337,1,0.999626,1
T_0000057408,1,0.999693,1
T_0000057432,0,0.383029,0
T_0000057439,0,0.088429,0
T_0000057454,0,0.037721,0
T_0000057472,0,0.038044,0
T_0000057506,1,0.998494,1
T_0000057533,0,0.919397,1
T_0000057534,1,0.998636,1
T_0000057560,1,0.999962,1
T_0000057573,1,0.813598,1
T_0000057596,0,0.031887,0
T_0000057626,1,0.997401,1
T_0000057630,1,0.999822,1
T_0000057652,0,0.037363,0
T_0000057654,0,0.086762,0
T_0000057684,1,0.461529,0
T_0000057707,1,0.997669,1
T_0000057740,1,0.999978,1
T_0000057760,1,0.992549,1
T_0000057779,1,0.999604,1
T_0000057793,1,0.951063,1
T_0000057816,0,0.783556,1
T_0000057845,1,0.998166,1
T_0000057865,1,0.997624,1
T_0000057891,1,0.990480,1
T_0000057939,1,0.999594,1
T_0000057952,1,0.999877,1
T_0000057956,0,0.106451,0
T_0000057978,1,0.999143,1
T_0000057984,0,0.075124,0
T_0000058001,1,0.999968,1
T_0000058011,0,0.036612,0
T_0000058095,1,0.994236,1
T_0000058129,1,0.997148,1
T_0000058133,1,0.998552,1
T_0000058146,1,0.999024,1
T_0000058213,1,0.999650,1
T_0000058221,1,0.998435,1
T_0000058250,1,0.997812,1
T_0000058301,1,0.999125,1
T_0000058313,1,0.860509,1
T_0000058339,0,0.014349,0
T_0000058359,0,0.044757,0
T_0000058360,0,0.859758,1
T_0000058409,0,0.134787,0
T_0000058410,1,0.594958,0
T_0000058416,1,0.998550,1
T_0000058424,1,0.999797,1
T_0000058445,1,0.998598,1
T_0000058469,1,0.276001,0
T_0000058470,1,0.982858,1
T_0000058474,0,0.045693,0
T_0000058504,0,0.012398,0
T_0000058549,1,0.997338,1
T_0000058563,1,0.999819,1
T_0000058574,1,0.994455,1
T_0000058576,1,0.999507,1
T_0000058581,1,0.999965,1
T_0000058587,1,0.999137,1
T_0000058594,1,0.999638,1
T_0000058604,0,0.029732,0
T_0000058682,0,0.108814,0
T_0000058685,1,0.998614,1
T_0000058695,0,0.029253,0
T_0000058767,1,0.996347,1
T_0000058772,1,0.999698,1
T_0000058778,0,0.048176,0
T_0000058806,1,0.999246,1
T_0000058822,1,0.999913,1
T_0000058865,1,0.998431,1
T_0000058896,0,0.023220,0
T_0000058898,1,0.885785,1
T_0000058901,1,0.999132,1
T_0000058916,0,0.050605,0
T_0000058949,0,0.094662,0
T_0000058992,1,0.999981,1
T_0000059003,1,0.998850,1
T_0000059005,1,0.996456,1
T_0000059039,1,0.999853,1
T_0000059049,1,0.999187,1
T_0000059072,1,0.972654,1
T_0000059113,1,0.984333,1
T_0000059118,1,0.984513,1
T_0000059180,1,0.997808,1
T_0000059193,0,0.032983,0
T_0000059212,1,0.999238,1
T_0000059214,1,0.981233,1
T_0000059217,1,0.999733,1
T_0000059296,1,0.998280,1
T_0000059311,0,0.026515,0
T_0000059320,1,0.999479,1
T_0000059327,1,0.990873,1
T_0000059339,0,0.959462,1
T_0000059342,1,0.998155,1
T_0000059397,1,0.847886,1
T_0000059403,0,0.056285,0
T_0000059451,1,0.998701,1
T_0000059490,0,0.087358,0
T_0000059496,1,0.998582,1
T_0000059522,1,0.985630,1
T_0000059531,1,0.101241,0
T_0000059537,1,0.995678,1
T_0000059538,1,0.968939,1
T_0000059574,1,0.999498,1
T_0000059580,1,0.996889,1
T_0000059591,0,0.334388,0
T_0000059593,1,0.998521,1
T_0000059595,1,0.714871,0
T_0000059658,1,0.999460,1
T_0000059711,1,0.999897,1
T_0000059721,1,0.999970,1
T_0000059761,1,0.739581,0
T_0000059785,0,0.048265,0
T_0000059821,1,0.996494,1
T_0000059824,0,0.121368,0
T_0000059868,1,0.999191,1
T_0000059930,0,0.021608,0
T_0000059948,1,0.992557,1
T_0000059969,1,0.996412,1
T_0000060072,0,0.015487,0
T_0000060134,1,0.999884,1
T_0000060139,0,0.074738,0
T_0000060146,1,0.998949,1
T_0000060210,0,0.042281,0
T_0000060219,0,0.083272,0
T_0000060229,1,0.995125,1
T_0000060269,1,0.995835,1
T_0000060323,0,0.370610,0
T_0000060351,1,0.994846,1
T_0000060390,1,0.998610,1
T_0000060394,1,0.991304,1
T_0000060411,0,0.065713,0
T_0000060428,1,0.997645,1
T_0000060442,0,0.104245,0
T_0000060462,0,0.846715,1
T_0000060512,1,0.996855,1
T_0000060532,0,0.138046,0
T_0000060547,0,0.047740,0
T_0000060550,0,0.094759,0
T_0000060557,0,0.033767,0
T_0000060573,1,0.999858,1
T_0000060599,1,0.995341,1
T_0000060618,1,0.999850,1
T_0000060624,1,0.999055,1
T_0000060633,1,0.999818,1
T_0000060652,1,0.996302,1
T_0000060715,0,0.319453,0
T_0000060745,1,0.999823,1
T_0000060756,1,0.993861,1
T_0000060759,1,0.999755,1
T_0000060771,1,0.999950,1
T_0000060773,0,0.056286,0
T_0000060775,1,0.997383,1
T_0000060781,1,0.998550,1
T_0000060787,1,0.817779,1
T_0000060807,1,0.997206,1
T_0000060821,1,0.991506,1
T_0000060834,1,0.979486,1
T_0000060854,0,0.069320,0
T_0000060861,1,0.998630,1
T_0000060895,1,0.997059,1
T_0000060913,0,0.068079,0
T_0000060925,1,0.999690,1
T_0000060962,0,0.131740,0
T_0000060979,0,0.035864,0
T_0000061000,1,0.994858,1
T_0000061004,0,0.039182,0
T_0000061012,1,0.994846,1
T_0000061017,1,0.979202,1
T_0000061068,0,0.123928,0
T_0000061087,1,0.907205,1
T_0000061090,1,0.995580,1
T_0000061106,1,0.999768,1
T_0000061125,0,0.725454,0
T_0000061172,0,0.431357,0
T_0000061201,1,0.999334,1
T_0000061203,0,0.941407,1
T_0000061217,0,0.852904,1
T_0000061225,1,0.998505,1
T_0000061270,1,0.998646,1
T_0000061303,1,0.995958,1
T_0000061310,1,0.995614,1
T_0000061330,1,0.999983,1
T_0000061395,1,0.899327,1
T_0000061428,1,0.987889,1
T_0000061442,1,0.982524,1
T_0000061515,1,0.987054,1
T_0000061543,1,0.999408,1
T_0000061548,1,0.992031,1
T_0000061562,1,0.995893,1
T_0000061569,1,0.991117,1
T_0000061596,0,0.028964,0
T_0000061604,0,0.114237,0
T_0000061613,1,0.997285,1
T_0000061619,1,0.998420,1
T_0000061624,1,0.910138,1
T_0000061634,1,0.991220,1
T_0000061646,0,0.065797,0
T_0000061681,1,0.419605,0
T_0000061845,1,0.999962,1
T_0000061872,1,0.998904,1
T_0000061875,0,0.016972,0
T_0000061896,1,0.997908,1
T_0000061906,0,0.034457,0
T_0000061911,1,0.999978,1
T_0000061928,0,0.120157,0
T_0000061966,1,0.998055,1
T_0000062007,0,0.642499,0
T_0000062025,1,0.999695,1
T_0000062087,1,0.218985,0
T_0000062089,1,0.998551,1
T_0000062148,1,0.998835,1
T_0000062158,0,0.079168,0
T_0000062166,0,0.025008,0
T_0000062176,1,0.999632,1
T_0000062237,1,0.935599,1
T_0000062250,0,0.036406,0
T_0000062253,1,0.999904,1
T_0000062327,1,0.997251,1
T_0000062358,0,0.469993,0
T_0000062398,1,0.997720,1
T_0000062427,1,0.994025,1
T_0000062432,1,0.999326,1
T_0000062465,1,0.985714,1
T_0000062489,0,0.035476,0
T_0000062512,1,0.999943,1
T_0000062578,0,0.030961,0
T_0000062592,0,0.079340,0
T_0000062598,1,0.987133,1
T_0000062653,1,0.988630,1
T_0000062686,1,0.997770,1
T_0000062708,1,0.999393,1
T_0000062726,0,0.038046,0
T_0000062732,0,0.453691,0
T_0000062809,0,0.048403,0
T_0000062811,1,0.987542,1
T_0000062822,1,0.998462,1
T_0000062825,1,0.813661,1
T_0000062859,1,0.999000,1
T_0000062865,1,0.999813,1
T_0000062883,0,0.766607,1
T_0000062949,1,0.974910,1
T_0000062965,1,0.997479,1
T_0000062971,1,0.998023,1
T_0000062975,0,0.668793,0
T_0000062978,1,0.997846,1
T_0000063010,0,0.905713,1
T_0000063049,1,0.996722,1
T_0000063054,0,0.094992,0
T_0000063063,1,0.999624,1
T_0000063110,1,0.998994,1
T_0000063162,1,0.929798,1
T_0000063164,1,0.999507,1
T_0000063187,0,0.033961,0
T_0000063188,0,0.125922,0
T_0000063316,1,0.996533,1
T_0000063318,1,0.999717,1
T_0000063344,0,0.051564,0
T_0000063351,1,0.999786,1
T_0000063354,1,0.896485,1
T_0000063381,1,0.993260,1
T_0000063409,1,0.996901,1
T_0000063485,0,0.022246,0
T_0000063488,0,0.082989,0
T_0000063523,0,0.509195,0
T_0000063589,0,0.592070,0
T_0000063606,0,0.113765,0
T_0000063623,1,0.998869,1
T_0000063649,0,0.733976,0
T_0000063653,1,0.905650,1
T_0000063681,1,0.999551,1
T_0000063719,1,0.759751,0
T_0000063720,1,0.898305,1
T_0000063723,1,0.999949,1
T_0000063743,1,0.993846,1
T_0000063756,0,0.038186,0
T_0000063765,0,0.107725,0
T_0000063777,1,0.115234,0
T_0000063783,0,0.080642,0
T_0000063796,1,0.999240,1
T_0000063802,0,0.151303,0
T_0000063825,0,0.072465,0
T_0000063832,1,0.990452,1
T_0000063844,0,0.016341,0
T_0000063845,0,0.038510,0
T_0000063866,0,0.013051,0
T_0000063871,0,0.033705,0
T_0000063882,1,0.999258,1
T_0000063901,0,0.242899,0
T_0000063950,1,0.992602,1
T_0000063996,1,0.948155,1
T_0000064004,0,0.292486,0
T_0000064021,1,0.195495,0
T_0000064052,0,0.040575,0
T_0000064079,0,0.035357,0
T_0000064120,1,0.999823,1
T_0000064124,1,0.999773,1
T_0000064177,0,0.026635,0
T_0000064183,0,0.041524,0
T_0000064215,0,0.034232,0
T_0000064232,0,0.042884,0
T_0000064256,1,0.999316,1
T_0000064264,0,0.033767,0
T_0000064284,1,0.999959,1
T_0000064311,0,0.038458,0
T_0000064313,1,0.979877,1
T_0000064317,1,0.995479,1
T_0000064326,1,0.909642,1
T_0000064331,1,0.993519,1
T_0000064342,0,0.056827,0
T_0000064359,1,0.998726,1
T_0000064380,1,0.989269,1
T_0000064394,1,0.998858,1
T_0000064411,1,0.997357,1
T_0000064426,1,0.973918,1
T_0000064428,1,0.965433,1
T_0000064462,1,0.998730,1
T_0000064470,1,0.999913,1
T_0000064496,1,0.999439,1
T_0000064497,1,0.994494,1
T_0000064534,0,0.534205,0
T_0000064556,0,0.664421,0
T_0000064595,1,0.998958,1
T_0000064612,1,0.998007,1
T_0000064615,1,0.999430,1
T_0000064638,1,0.994570,1
T_0000064640,1,0.997593,1
T_0000064676,1,0.674139,0
T_0000064688,0,0.098087,0
T_0000064697,1,0.996061,1
T_0000064705,0,0.499039,0
T_0000064711,1,0.985552,1
T_0000064727,1,0.999293,1
T_0000064733,0,0.062874,0
T_0000064781,0,0.041071,0
T_0000064799,1,0.998842,1
T_0000064810,0,0.043290,0
T_0000064831,1,0.998893,1
T_0000064853,0,0.876945,1
T_0000064893,1,0.994945,1
T_0000064905,1,0.957331,1
T_0000064907,1,0.999539,1
T_0000064924,0,0.057831,0
T_0000064959,1,0.999248,1
T_0000064975,1,0.998892,1
T_0000064985,1,0.995570,1
T_0000064998,1,0.998715,1
T_0000065031,1,0.941334,1
T_0000065041,0,0.014795,0
T_0000065077,1,0.999963,1
T_0000065095,1,0.993401,1
T_0000065105,1,0.997937,1
T_0000065138,0,0.940370,1
T_0000065149,0,0.128130,0
T_0000065237,0,0.149529,0
T_0000065266,1,0.992008,1
T_0000065277,0,0.050038,0
T_0000065395,0,0.047773,0
T_0000065396,1,0.999956,1
T_0000065458,1,0.997060,1
T_0000065469,0,0.621921,0
T_0000065524,1,0.998743,1
T_0000065556,0,0.023942,0
T_0000065573,1,0.855842,1
T_0000065578,1,0.999064,1
T_0000065581,1,0.998061,1
T_0000065587,1,0.991862,1
T_0000065601,1,0.998542,1
T_0000065641,0,0.057881,0
T_0000065659,0,0.339130,0
T_0000065681,1,0.999057,1
T_0000065700,1,0.995540,1
T_0000065713,0,0.055311,0
T_0000065718,1,0.813257,1
T_0000065743,1,0.999721,1
T_0000065745,1,0.999497,1
T_0000065764,1,0.999249,1
T_0000065794,0,0.007513,0
T_0000065814,1,0.998447,1
T_0000065843,1,0.997694,1
T_0000065844,1,0.996283,1
T_0000065876,0,0.068555,0
T_0000065906,0,0.085260,0
T_0000065958,0,0.102778,0
T_0000065989,1,0.997465,1
T_0000065990,0,0.051464,0
T_0000065992,1,0.997106,1
T_0000066038,1,0.999356,1
T_0000066090,1,0.992366,1
T_0000066122,0,0.043719,0
T_0000066126,1,0.999962,1
T_0000066183,1,0.827374,1
T_0000066197,1,0.998220,1
T_0000066199,1,0.998304,1
T_0000066219,1,0.999571,1
T_0000066227,1,0.999822,1
T_0000066229,1,0.999172,1
T_0000066240,1,0.998230,1
T_0000066344,0,0.064808,0
T_0000066362,1,0.981727,1
T_0000066367,0,0.053351,0
T_0000066416,1,0.993122,1
T_0000066429,1,0.997433,1
T_0000066433,1,0.998082,1
T_0000066438,0,0.037604,0
T_0000066448,1,0.997042,1
T_0000066460,0,0.035091,0
T_0000066492,0,0.048207,0
T_0000066496,1,0.999985,1
T_0000066508,1,0.997526,1
T_0000066520,1,0.996856,1
T_0000066525,1,0.999813,1
T_0000066589,1,0.942677,1
T_0000066622,1,0.999689,1
T_0000066640,0,0.076676,0
T_0000066696,1,0.994722,1
T_0000066848,1,0.999548,1
T_0000066856,1,0.999881,1
T_0000066879,0,0.065356,0
T_0000066917,1,0.999956,1
T_0000066929,0,0.417444,0
T_0000066930,0,0.054200,0
T_0000066954,1,0.999177,1
T_0000066978,0,0.803485,1
T_0000066990,1,0.999828,1
T_0000067002,1,0.999854,1
T_0000067133,0,0.629900,0
T_0000067139,0,0.456704,0
T_0000067145,1,0.999428,1
T_0000067174,1,0.988100,1
T_0000067179,1,0.998996,1
T_0000067197,1,0.999951,1
T_0000067214,1,0.998850,1
T_0000067229,1,0.988478,1
T_0000067244,0,0.060802,0
T_0000067266,1,0.999072,1
T_0000067330,1,0.998028,1
T_0000067332,1,0.999558,1
T_0000067377,0,0.597724,0
T_0000067395,1,0.999928,1
T_0000067454,1,0.716896,0
T_0000067473,0,0.617331,0
T_0000067484,0,0.200939,0
T_0000067492,1,0.997301,1
T_0000067496,0,0.059133,0
T_0000067503,0,0.806154,1
T_0000067539,0,0.039196,0
T_0000067567,0,0.257941,0
T_0000067571,0,0.937506,1
T_0000067575,0,0.536314,0
T_0000067606,0,0.032847,0
T_0000067618,1,0.943399,1
T_0000067623,1,0.969653,1
T_0000067640,0,0.047282,0
T_0000067651,1,0.998964,1
T_0000067658,1,0.992034,1
T_0000067674,1,0.998577,1
T_0000067718,1,0.985491,1
T_0000067734,1,0.999705,1
T_0000067736,1,0.999748,1
T_0000067768,1,0.999961,1
T_0000067817,0,0.096752,0
T_0000067837,1,0.947879,1
T_0000067850,1,0.999926,1
T_0000067901,1,0.998957,1
T_0000067918,1,0.999733,1
T_0000067964,0,0.717576,0
T_0000067998,0,0.092881,0
T_0000068047,1,0.997703,1
T_0000068083,0,0.239452,0
T_0000068086,1,0.996347,1
T_0000068098,1,0.999720,1
T_0000068109,0,0.091763,0
T_0000068127,1,0.999617,1
T_0000068150,1,0.998974,1
T_0000068249,1,0.974831,1
T_0000068279,1,0.988694,1
T_0000068301,1,0.889912,1
T_0000068304,1,0.349952,0
T_0000068306,0,0.962015,1
T_0000068341,1,0.969276,1
T_0000068349,0,0.080441,0
T_0000068360,0,0.995369,1
T_0000068382,1,0.998833,1
T_0000068401,1,0.997902,1
T_0000068405,1,0.997699,1
T_0000068479,1,0.999924,1
T_0000068497,1,0.949982,1
T_0000068508,1,0.999672,1
T_0000068527,1,0.760145,0
T_0000068529,0,0.049257,0
T_0000068544,1,0.993329,1
T_0000068563,1,0.998914,1
T_0000068585,1,0.785149,1
T_0000068592,0,0.044596,0
T_0000068612,1,0.999970,1
T_0000068626,0,0.444600,0
T_0000068648,1,0.998218,1
T_0000068773,1,0.979618,1
T_0000068781,0,0.383349,0
T_0000068796,1,0.810878,1
T_0000068806,1,0.998654,1
T_0000068823,1,0.999435,1
T_0000068872,1,0.994951,1
T_0000068885,1,0.999921,1
T_0000068898,1,0.993250,1
T_0000068899,1,0.999586,1
T_0000068910,0,0.029272,0
T_0000068922,0,0.046314,0
T_0000068965,1,0.984929,1
T_0000068983,0,0.105325,0
T_0000069019,1,0.998690,1
T_0000069052,1,0.989206,1
T_0000069117,1,0.999931,1
T_0000069133,0,0.074029,0
T_0000069162,1,0.989633,1
T_0000069191,0,0.020237,0
T_0000069226,1,0.999755,1
T_0000069239,0,0.033079,0
T_0000069257,1,0.992002,1
T_0000069269,1,0.997048,1
T_0000069277,1,0.999434,1
T_0000069300,0,0.052477,0
T_0000069305,1,0.982883,1
T_0000069321,1,0.997414,1
T_0000069353,1,0.999559,1
T_0000069380,0,0.083965,0
T_0000069446,1,0.996480,1
T_0000069515,1,0.997287,1
T_0000069550,1,0.838611,1
T_0000069554,1,0.990669,1
T_0000069574,0,0.049643,0
T_0000069586,0,0.044821,0
T_0000069600,1,0.999386,1
T_0000069631,0,0.040093,0
T_0000069647,1,0.284214,0
T_0000069689,0,0.038853,0
T_0000069693,1,0.946091,1
T_0000069712,0,0.025245,0
T_0000069744,0,0.040103,0
T_0000069769,1,0.999691,1
T_0000069820,1,0.996543,1
T_0000069840,0,0.089506,0
T_0000069903,0,0.097046,0
T_0000069921,1,0.997908,1
T_0000069922,1,0.997343,1
T_0000069936,1,0.986166,1
T_0000069970,0,0.023403,0
T_0000069983,0,0.053721,0
T_0000070005,0,0.009278,0
T_0000070039,0,0.057463,0
T_0000070091,0,0.070307,0
T_0000070101,1,0.998626,1
T_0000070105,1,0.999866,1
T_0000070106,1,0.995336,1
T_0000070119,0,0.860360,1
T_0000070122,1,0.995541,1
T_0000070126,0,0.044907,0
T_0000070127,1,0.999742,1
T_0000070160,1,0.999684,1
T_0000070186,1,0.999941,1
T_0000070226,1,0.999883,1
T_0000070272,1,0.822733,1
T_0000070284,0,0.048261,0
T_0000070290,1,0.997158,1
T_0000070316,1,0.998916,1
T_0000070322,0,0.061236,0
T_0000070329,0,0.072279,0
T_0000070336,1,0.990670,1
T_0000070343,1,0.999272,1
T_0000070365,1,0.998813,1
T_0000070407,0,0.040021,0
T_0000070460,0,0.583999,0
T_0000070466,0,0.046880,0
T_0000070495,1,0.999785,1
T_0000070515,1,0.993186,1
T_0000070521,0,0.126397,0
T_0000070526,1,0.998252,1
T_0000070532,1,0.991170,1
T_0000070550,1,0.987990,1
T_0000070570,1,0.994718,1
T_0000070571,1,0.999472,1
T_0000070596,1,0.997183,1
T_0000070600,1,0.990271,1
T_0000070648,0,0.237075,0
T_0000070670,0,0.018925,0
T_0000070678,1,0.999694,1
T_0000070687,1,0.998687,1
T_0000070697,1,0.999918,1
T_0000070699,1,0.999063,1
T_0000070714,1,0.996712,1
T_0000070728,1,0.999591,1
T_0000070732,1,0.998723,1
T_0000070738,1,0.997788,1
T_0000070747,1,0.999715,1
T_0000070785,0,0.181609,0
T_0000070786,1,0.999019,1
T_0000070795,1,0.999126,1
T_0000070798,1,0.999129,1
T_0000070813,0,0.052926,0
T_0000070820,1,0.997883,1
T_0000070823,1,0.999345,1
T_0000070848,1,0.999921,1
T_0000070852,1,0.991826,1
T_0000070884,0,0.061993,0
T_0000070892,1,0.989218,1
T_0000070941,1,0.612095,0
T_0000070964,0,0.072534,0
T_0000071003,1,0.996979,1
T_0000071007,0,0.068674,0
T_0000071059,0,0.056301,0
T_0000071060,0,0.045710,0
T_0000071088,1,0.974620,1
T_0000071098,0,0.033564,0
T_0000071111,1,0.997284,1
T_0000071149,0,0.027336,0
T_0000071197,0,0.034423,0
T_0000071215,1,0.995956,1
T_0000071227,0,0.463440,0
T_0000071240,1,0.997104,1
T_0000071241,1,0.997175,1
T_0000071271,0,0.044339,0
T_0000071296,1,0.999232,1
T_0000071310,0,0.211448,0
T_0000071327,1,0.999719,1
T_0000071328,1,0.999814,1
T_0000071385,1,0.997922,1
T_0000071387,0,0.058697,0
T_0000071407,1,0.996068,1
T_0000071410,1,0.999206,1
T_0000071443,1,0.994697,1
T_0000071460,1,0.999679,1
T_0000071481,1,0.984596,1
T_0000071554,0,0.199693,0
T_0000071566,1,0.995942,1
T_0000071598,0,0.021013,0
T_0000071599,1,0.996938,1
T_0000071645,0,0.048211,0
T_0000071659,0,0.030851,0
T_0000071684,0,0.055738,0
T_0000071694,1,0.999176,1
T_0000071731,0,0.050663,0
T_0000071745,0,0.056914,0
T_0000071765,1,0.994054,1
T_0000071770,0,0.032280,0
T_0000071792,1,0.999915,1
T_0000071841,1,0.994148,1
T_0000071861,0,0.422421,0
T_0000071870,1,0.995008,1
T_0000071908,1,0.999977,1
T_0000071918,1,0.999730,1
T_0000071921,1,0.999799,1
T_0000071939,1,0.999943,1
T_0000071954,1,0.861866,1
T_0000071985,0,0.062099,0
T_0000072000,1,0.999881,1
T_0000072001,1,0.983244,1
T_0000072012,1,0.988581,1
T_0000072115,0,0.036523,0
T_0000072157,1,0.999969,1
T_0000072158,0,0.203304,0
T_0000072178,1,0.998475,1
T_0000072186,1,0.999130,1
T_0000072194,1,0.999352,1
T_0000072202,1,0.999127,1
T_0000072203,1,0.837358,1
T_0000072215,1,0.999697,1
T_0000072220,0,0.065831,0
T_0000072227,1,0.998982,1
T_0000072248,1,0.999264,1
T_0000072253,1,0.998630,1
T_0000072300,1,0.999732,1
T_0000072310,1,0.999237,1
T_0000072315,1,0.994544,1
T_0000072337,1,0.998582,1
T_0000072372,0,0.033556,0
T_0000072395,1,0.998775,1
T_0000072412,0,0.045538,0
T_0000072442,1,0.989877,1
T_0000072449,0,0.078965,0
T_0000072471,1,0.997685,1
T_0000072497,1,0.999983,1
T_0000072511,1,0.995519,1
T_0000072526,1,0.992404,1
T_0000072663,1,0.999950,1
T_0000072669,0,0.080263,0
T_0000072674,1,0.998443,1
T_0000072744,1,0.997219,1
T_0000072759,0,0.120405,0
T_0000072761,1,0.999981,1
T_0000072764,1,0.999862,1
T_0000072779,1,0.999739,1
T_0000072799,1,0.999245,1
T_0000072806,1,0.997844,1
T_0000072811,0,0.046845,0
T_0000072832,0,0.054346,0
T_0000072843,1,0.999792,1
T_0000072874,0,0.073960,0
T_0000072891,0,0.108267,0
T_0000072900,1,0.998643,1
T_0000072917,1,0.999918,1
T_0000072935,1,0.999543,1
T_0000072955,1,0.997665,1
T_0000072979,0,0.049095,0
T_0000072991,0,0.036476,0
T_0000073026,1,0.761349,0
T_0000073049,0,0.899236,1
T_0000073062,1,0.995464,1
T_0000073121,1,0.958045,1
T_0000073129,1,0.999428,1
T_0000073140,1,0.999952,1
T_0000073159,1,0.986276,1
T_0000073230,1,0.756846,0
T_0000073250,0,0.658232,0
T_0000073256,0,0.032728,0
T_0000073260,0,0.047679,0
T_0000073265,1,0.977212,1
T_0000073271,0,0.564994,0
T_0000073293,0,0.030065,0
T_0000073294,1,0.999880,1
T_0000073333,1,0.999266,1
T_0000073338,0,0.072072,0
T_0000073343,1,0.999949,1
T_0000073365,1,0.995712,1
T_0000073418,1,0.540774,0
T_0000073469,1,0.999532,1
T_0000073493,1,0.998824,1
T_0000073524,0,0.072002,0
T_0000073527,0,0.214131,0
T_0000073578,0,0.037697,0
T_0000073629,0,0.025190,0
T_0000073647,1,0.997988,1
T_0000073658,0,0.819747,1
T_0000073688,1,0.997846,1
T_0000073710,0,0.044529,0
T_0000073716,1,0.999816,1
T_0000073726,1,0.997058,1
T_0000073803,0,0.560907,0
T_0000073815,1,0.996605,1
T_0000073819,0,0.080223,0
T_0000073853,0,0.535828,0
T_0000073871,0,0.070773,0
T_0000073908,0,0.023218,0
T_0000073912,1,0.999382,1
T_0000073968,0,0.059715,0
T_0000074027,1,0.999575,1
T_0000074067,1,0.994059,1
T_0000074085,0,0.073967,0
T_0000074111,1,0.997863,1
T_0000074161,1,0.999683,1
T_0000074174,1,0.995477,1
T_0000074179,1,0.999149,1
T_0000074192,1,0.932582,1
T_0000074196,1,0.997126,1
T_0000074237,1,0.997556,1
T_0000074250,0,0.045710,0
T_0000074268,1,0.954880,1
T_0000074272,1,0.997573,1
T_0000074283,0,0.114716,0
T_0000074295,1,0.996074,1
T_0000074308,1,0.997518,1
T_0000074309,1,0.995129,1
T_0000074310,0,0.130416,0
T_0000074333,1,0.823564,1
T_0000074337,1,0.999835,1
T_0000074346,0,0.075892,0
T_0000074351,1,0.999614,1
T_0000074378,1,0.999983,1
T_0000074379,0,0.232522,0
T_0000074387,0,0.146883,0
T_0000074390,0,0.032632,0
T_0000074392,1,0.999506,1
T_0000074393,1,0.999025,1
T_0000074397,1,0.993879,1
T_0000074424,1,0.998786,1
T_0000074426,0,0.048461,0
T_0000074460,1,0.997650,1
T_0000074532,0,0.020283,0
T_0000074606,0,0.084758,0
T_0000074674,1,0.998048,1
T_0000074677,1,0.877550,1
T_0000074685,1,0.994439,1
T_0000074691,1,0.997450,1
T_0000074725,1,0.999981,1
T_0000074763,0,0.052214,0
T_0000074769,0,0.039873,0
T_0000074801,1,0.958692,1
T_0000074803,0,0.049159,0
T_0000074848,1,0.951008,1
T_0000074852,0,0.052538,0
T_0000074855,1,0.999722,1
T_0000074872,0,0.064817,0
T_0000074873,0,0.363017,0
T_0000074890,0,0.514371,0
T_0000074921,1,0.999977,1
T_0000074925,1,0.999877,1
T_0000074926,1,0.999269,1
T_0000074933,1,0.999984,1
T_0000074937,1,0.999699,1
T_0000074962,1,0.993199,1
T_0000075007,1,0.999957,1
T_0000075034,1,0.854763,1
T_0000075060,0,0.957864,1
T_0000075061,1,0.937034,1
T_0000075098,1,0.988514,1
T_0000075112,1,0.984586,1
T_0000075171,0,0.016045,0
T_0000075205,0,0.097749,0
T_0000075229,1,0.999009,1
T_0000075237,1,0.226479,0
T_0000075254,0,0.037680,0
T_0000075260,0,0.213293,0
T_0000075283,0,0.035808,0
T_0000075286,1,0.999546,1
T_0000075319,1,0.999383,1
T_0000075334,1,0.940594,1
T_0000075343,1,0.999623,1
T_0000075352,1,0.999382,1
T_0000075357,0,0.226193,0
T_0000075361,1,0.999967,1
T_0000075380,0,0.235471,0
T_0000075392,1,0.999387,1
T_0000075401,1,0.988893,1
T_0000075402,1,0.985200,1
T_0000075426,1,0.999970,1
T_0000075439,0,0.035172,0
T_0000075479,0,0.913351,1
T_0000075523,1,0.999682,1
T_0000075556,0,0.096183,0
T_0000075566,0,0.691789,0
T_0000075581,0,0.028065,0
T_0000075584,1,0.994644,1
T_0000075589,0,0.045250,0
T_0000075626,1,0.999985,1
T_0000075659,0,0.076555,0
T_0000075699,1,0.998307,1
T_0000075709,1,0.998870,1
T_0000075713,1,0.997527,1
T_0000075720,1,0.998663,1
T_0000075721,1,0.987837,1
T_0000075726,1,0.999782,1
T_0000075746,0,0.032891,0
T_0000075779,0,0.433023,0
T_0000075822,1,0.997427,1
T_0000075869,1,0.977721,1
T_0000075879,0,0.057024,0
T_0000075894,1,0.991711,1
T_0000075898,1,0.997162,1
T_0000075910,0,0.048020,0
T_0000076008,0,0.064568,0
T_0000076012,0,0.036561,0
T_0000076020,0,0.056370,0
T_0000076046,0,0.098859,0
T_0000076065,1,0.340502,0
T_0000076084,0,0.170222,0
T_0000076088,1,0.999259,1
T_0000076108,0,0.080795,0
T_0000076140,0,0.125694,0
T_0000076147,1,0.999823,1
T_0000076159,1,0.998266,1
T_0000076174,1,0.992927,1
T_0000076178,0,0.067776,0
T_0000076179,1,0.998423,1
T_0000076199,1,0.999318,1
T_0000076216,0,0.064278,0
T_0000076241,0,0.994944,1
T_0000076293,0,0.235616,0
T_0000076320,1,0.086640,0
T_0000076354,1,0.997458,1
T_0000076405,0,0.155999,0
T_0000076413,1,0.998921,1
T_0000076422,1,0.996429,1
T_0000076453,1,0.998494,1
T_0000076536,1,0.995394,1
T_0000076539,1,0.995714,1
T_0000076558,1,0.994654,1
T_0000076566,1,0.998621,1
T_0000076573,1,0.997887,1
T_0000076574,1,0.990776,1
T_0000076577,0,0.196774,0
T_0000076580,1,0.998406,1
T_0000076596,1,0.994702,1
T_0000076603,0,0.181617,0
T_0000076636,1,0.999145,1
T_0000076677,0,0.102425,0
T_0000076742,1,0.999742,1
T_0000076809,1,0.999608,1
T_0000076816,1,0.999676,1
T_0000076868,1,0.999773,1
T_0000076929,1,0.999551,1
T_0000077027,0,0.051125,0
T_0000077061,1,0.999727,1
T_0000077088,1,0.946952,1
T_0000077138,0,0.064442,0
T_0000077157,1,0.999173,1
T_0000077186,0,0.381096,0
T_0000077190,1,0.999438,1
T_0000077219,0,0.570570,0
T_0000077220,1,0.999835,1
T_0000077226,1,0.996523,1
T_0000077228,1,0.999685,1
T_0000077230,1,0.999050,1
T_0000077232,0,0.103865,0
T_0000077234,0,0.389095,0
T_0000077249,1,0.998943,1
T_0000077265,1,0.999385,1
T_0000077269,1,0.999402,1
T_0000077287,0,0.455281,0
T_0000077385,0,0.044533,0
T_0000077391,1,0.998678,1
T_0000077394,0,0.073064,0
T_0000077410,0,0.067064,0
T_0000077441,1,0.999396,1
T_0000077453,1,0.999083,1
T_0000077497,1,0.999585,1
T_0000077500,0,0.937176,1
T_0000077522,0,0.451980,0
T_0000077553,1,0.999425,1
T_0000077612,1,0.999923,1
T_0000077616,1,0.999919,1
T_0000077617,1,0.999308,1
T_0000077656,1,0.842768,1
T_0000077675,0,0.859351,1
T_0000077702,0,0.086735,0
T_0000077724,0,0.082048,0
T_0000077730,0,0.751971,0
T_0000077757,1,0.999953,1
T_0000077782,0,0.061999,0
T_0000077792,1,0.997256,1
T_0000077863,1,0.999481,1
T_0000077902,0,0.885094,1
T_0000077960,1,0.987014,1
T_0000077985,1,0.985416,1
T_0000077987,1,0.966308,1
T_0000078027,1,0.996379,1
T_0000078028,1,0.977943,1
T_0000078041,1,0.998960,1
T_0000078060,1,0.999943,1
T_0000078071,1,0.350301,0
T_0000078080,1,0.999942,1
T_0000078113,1,0.999564,1
T_0000078148,0,0.992067,1
T_0000078202,1,0.739682,0
T_0000078214,1,0.993322,1
T_0000078265,0,0.149823,0
T_0000078312,1,0.997499,1
T_0000078328,1,0.998768,1
T_0000078337,0,0.073763,0
T_0000078350,0,0.036075,0
T_0000078370,1,0.989180,1
T_0000078374,0,0.037539,0
T_0000078376,1,0.999323,1
T_0000078391,1,0.999784,1
T_0000078393,0,0.893209,1
T_0000078419,0,0.340233,0
T_0000078429,1,0.995661,1
T_0000078502,0,0.032522,0
T_0000078559,0,0.052175,0
T_0000078570,1,0.979199,1
T_0000078608,0,0.274297,0
T_0000078631,0,0.072738,0
T_0000078635,1,0.999951,1
T_0000078649,1,0.333536,0
T_0000078660,1,0.999927,1
T_0000078702,1,0.992445,1
T_0000078713,1,0.993068,1
T_0000078715,1,0.999751,1
T_0000078724,0,0.849656,1
T_0000078755,1,0.999274,1
T_0000078775,1,0.994975,1
T_0000078830,1,0.998585,1
T_0000078885,0,0.042031,0
T_0000078889,1,0.999949,1
T_0000078913,0,0.069692,0
T_0000078923,0,0.047607,0
T_0000079075,0,0.016115,0
T_0000079076,1,0.995154,1
T_0000079109,1,0.997530,1
T_0000079119,1,0.999922,1
T_0000079143,1,0.999943,1
T_0000079164,1,0.868612,1
T_0000079181,1,0.983123,1
T_0000079199,1,0.839121,1
T_0000079285,0,0.095545,0
T_0000079395,0,0.647369,0
T_0000079405,0,0.071893,0
T_0000079407,1,0.999818,1
T_0000079425,0,0.894183,1
T_0000079471,0,0.059766,0
T_0000079535,1,0.999089,1
T_0000079542,0,0.092471,0
T_0000079570,1,0.999897,1
T_0000079587,1,0.998595,1
T_0000079656,0,0.106030,0
T_0000079704,1,0.999941,1
T_0000079748,0,0.706063,0
T_0000079766,1,0.999397,1
T_0000079806,1,0.999243,1
T_0000079854,1,0.996699,1
T_0000079893,1,0.999979,1
T_0000079920,1,0.999264,1
T_0000079970,1,0.995562,1
T_0000079984,1,0.999761,1
T_0000080037,1,0.999985,1
T_0000080105,1,0.999093,1
T_0000080106,0,0.894538,1
T_0000080134,1,0.999734,1
T_0000080165,1,0.999974,1
T_0000080167,1,0.997003,1
T_0000080188,0,0.041598,0
T_0000080212,1,0.991203,1
T_0000080221,0,0.106370,0
T_0000080268,0,0.910974,1
T_0000080287,0,0.098208,0
T_0000080314,1,0.997800,1
T_0000080342,1,0.999591,1
T_0000080383,1,0.999965,1
T_0000080403,1,0.934586,1
T_0000080421,1,0.998987,1
T_0000080460,0,0.110604,0
T_0000080470,1,0.900977,1
T_0000080486,1,0.122638,0
T_0000080511,1,0.997922,1
T_0000080520,0,0.036282,0
T_0000080522,1,0.997075,1
T_0000080567,1,0.998794,1
T_0000080601,1,0.998007,1
T_0000080653,1,0.858280,1
T_0000080664,0,0.044409,0
T_0000080719,1,0.999804,1
T_0000080722,1,0.999381,1
T_0000080752,1,0.948924,1
T_0000080786,1,0.998969,1
T_0000080801,0,0.071865,0
T_0000080835,1,0.998404,1
T_0000080869,1,0.995958,1
T_0000080879,0,0.064040,0
T_0000080914,1,0.964783,1
T_0000080966,1,0.999623,1
T_0000080968,0,0.073382,0
T_0000080970,1,0.275762,0
T_0000080994,0,0.374441,0
T_0000081022,1,0.999461,1
T_0000081029,1,0.999308,1
T_0000081109,1,0.981346,1
T_0000081128,1,0.673493,0
T_0000081137,1,0.999970,1
T_0000081225,1,0.998534,1
T_0000081238,1,0.999216,1
T_0000081271,1,0.998708,1
T_0000081289,1,0.998702,1
T_0000081294,1,0.999665,1
T_0000081311,1,0.998010,1
T_0000081315,0,0.032804,0
T_0000081316,1,0.999772,1
T_0000081332,1,0.999694,1
T_0000081334,1,0.994792,1
T_0000081342,1,0.998752,1
T_0000081359,1,0.998968,1
T_0000081415,1,0.995090,1
T_0000081438,1,0.999189,1
T_0000081451,0,0.037353,0
T_0000081456,1,0.998079,1
T_0000081467,1,0.998609,1
T_0000081489,0,0.033801,0
T_0000081507,1,0.993489,1
T_0000081528,1,0.998693,1
T_0000081529,1,0.998779,1
T_0000081554,1,0.995411,1
T_0000081577,1,0.999496,1
T_0000081596,0,0.597808,0
T_0000081606,1,0.999968,1
T_0000081628,0,0.556234,0
T_0000081633,0,0.263992,0
T_0000081665,0,0.195582,0
T_0000081672,1,0.999691,1
T_0000081675,1,0.939889,1
T_0000081680,1,0.999791,1
T_0000081684,1,0.993247,1
T_0000081696,0,0.041341,0
T_0000081700,1,0.997509,1
T_0000081730,0,0.922270,1
T_0000081747,1,0.999804,1
T_0000081753,1,0.999333,1
T_0000081773,0,0.821187,1
T_0000081791,1,0.999931,1
T_0000081876,1,0.999623,1
T_0000081931,1,0.999101,1
T_0000081946,0,0.080768,0
T_0000081995,1,0.997676,1
T_0000081996,1,0.998114,1
T_0000082020,1,0.999187,1
T_0000082030,0,0.053718,0
T_0000082047,1,0.999358,1
T_0000082058,0,0.279858,0
T_0000082070,1,0.999892,1
T_0000082071,0,0.023750,0
T_0000082087,1,0.999403,1
T_0000082098,1,0.996081,1
T_0000082112,1,0.999714,1
T_0000082121,1,0.948023,1
T_0000082131,0,0.124913,0
T_0000082164,1,0.997204,1
T_0000082168,0,0.030758,0
T_0000082199,0,0.046157,0
T_0000082246,1,0.999536,1
T_0000082275,0,0.970186,1
T_0000082289,0,0.042224,0
T_0000082294,1,0.998044,1
T_0000082379,1,0.999908,1
T_0000082380,0,0.770007,1
T_0000082390,1,0.971346,1
T_0000082396,1,0.999699,1
T_0000082425,1,0.999494,1
T_0000082429,1,0.998900,1
T_0000082430,0,0.109667,0
T_0000082461,1,0.999721,1
T_0000082481,0,0.065217,0
T_0000082501,1,0.999855,1
T_0000082577,1,0.998735,1
T_0000082610,1,0.999409,1
T_0000082662,1,0.999440,1
T_0000082697,1,0.987921,1
T_0000082708,1,0.992844,1
T_0000082725,0,0.062482,0
T_0000082734,1,0.992637,1
T_0000082737,0,0.040651,0
T_0000082777,1,0.996869,1
T_0000082894,1,0.998400,1
T_0000082943,0,0.583784,0
T_0000082953,1,0.999784,1
T_0000082963,1,0.996478,1
T_0000083004,1,0.996041,1
T_0000083020,1,0.998697,1
T_0000083044,1,0.998467,1
T_0000083060,1,0.999619,1
T_0000083096,0,0.047109,0
T_0000083102,1,0.999629,1
T_0000083112,1,0.993149,1
T_0000083161,1,0.961929,1
T_0000083201,1,0.999037,1
T_0000083203,1,0.997940,1
T_0000083245,1,0.990675,1
T_0000083302,0,0.099912,0
T_0000083339,0,0.972752,1
T_0000083352,1,0.999580,1
T_0000083368,1,0.386440,0
T_0000083378,0,0.035951,0
T_0000083410,0,0.026947,0
T_0000083417,0,0.089157,0
T_0000083420,1,0.897139,1
T_0000083470,1,0.996435,1
T_0000083475,0,0.094405,0
T_0000083484,0,0.746306,0
T_0000083487,0,0.078787,0
T_0000083511,1,0.995286,1
T_0000083561,1,0.998219,1
T_0000083626,0,0.032369,0
T_0000083653,1,0.998183,1
T_0000083666,0,0.080554,0
T_0000083736,1,0.487532,0
T_0000083814,1,0.997344,1
T_0000083836,0,0.124187,0
T_0000083907,1,0.998321,1
T_0000083927,1,0.974020,1
T_0000083939,1,0.999014,1
T_0000083957,1,0.999591,1
T_0000083965,1,0.986527,1
T_0000083978,1,0.998284,1
T_0000083995,0,0.027745,0
T_0000084017,1,0.999894,1
T_0000084019,1,0.997489,1
T_0000084025,1,0.999162,1
T_0000084085,1,0.998957,1
T_0000084089,1,0.992533,1
T_0000084094,1,0.999419,1
T_0000084116,1,0.993291,1
T_0000084198,1,0.999517,1
T_0000084223,1,0.996314,1
T_0000084229,0,0.042783,0
T_0000084236,1,0.962127,1
T_0000084255,0,0.085832,0
T_0000084256,0,0.226861,0
T_0000084263,1,0.999516,1
T_0000084269,1,0.999029,1
T_0000084272,1,0.996116,1
T_0000084298,1,0.936597,1
T_0000084303,1,0.999433,1
T_0000084384,1,0.995798,1
T_0000084426,0,0.067908,0
T_0000084433,1,0.999324,1
T_0000084477,1,0.998291,1
T_0000084483,0,0.261344,0
T_0000084488,1,0.978033,1
T_0000084533,1,0.989518,1
T_0000084540,1,0.999620,1
T_0000084589,1,0.247419,0
T_0000084608,0,0.898178,1
T_0000084613,1,0.999492,1
T_0000084660,1,0.997425,1
T_0000084661,1,0.998868,1
T_0000084697,1,0.997363,1
T_0000084770,0,0.195302,0
T_0000084780,1,0.998997,1
T_0000084785,1,0.998667,1
T_0000084827,1,0.993097,1
T_0000084861,1,0.996597,1
T_0000084870,1,0.977843,1
T_0000084884,1,0.986992,1
T_0000084894,0,0.445846,0
T_0000084903,0,0.117321,0
T_0000084916,0,0.049991,0
T_0000084919,0,0.068222,0
T_0000084947,1,0.995866,1
T_0000084953,1,0.997444,1
T_0000084980,1,0.836093,1
T_0000084995,1,0.999474,1
T_0000085014,0,0.096502,0
T_0000085043,1,0.999867,1
T_0000085063,0,0.041755,0
T_0000085125,0,0.052106,0
T_0000085135,0,0.023416,0
T_0000085154,1,0.997204,1
T_0000085157,1,0.999939,1
T_0000085182,1,0.377892,0
T_0000085218,1,0.999075,1
T_0000085243,1,0.999717,1
T_0000085276,0,0.062813,0
T_0000085279,1,0.908039,1
T_0000085284,1,0.999458,1
T_0000085312,1,0.999836,1
T_0000085353,0,0.070240,0
T_0000085373,0,0.063640,0
T_0000085387,0,0.088451,0
T_0000085393,0,0.127252,0
T_0000085394,1,0.998932,1
T_0000085405,1,0.999961,1
T_0000085414,1,0.997784,1
T_0000085424,1,0.996224,1
T_0000085440,1,0.985482,1
T_0000085449,1,0.999283,1
T_0000085462,0,0.333307,0
T_0000085464,0,0.048337,0
T_0000085467,1,0.973641,1
T_0000085475,1,0.997122,1
T_0000085524,1,0.984290,1
T_0000085546,0,0.099251,0
T_0000085552,1,0.998816,1
T_0000085608,1,0.999910,1
T_0000085613,1,0.999955,1
T_0000085668,1,0.997658,1
T_0000085689,1,0.997197,1
T_0000085703,0,0.862895,1
T_0000085740,1,0.980371,1
T_0000085742,0,0.093394,0
T_0000085750,1,0.993763,1
T_0000085777,1,0.999075,1
T_0000085783,0,0.057039,0
T_0000085802,0,0.059447,0
T_0000085805,1,0.998934,1
T_0000085822,0,0.074229,0
T_0000085823,1,0.991965,1
T_0000085843,1,0.999147,1
T_0000085858,0,0.060497,0
T_0000085891,0,0.075671,0
T_0000085897,1,0.999936,1
T_0000085902,0,0.037337,0
T_0000085930,0,0.059971,0
T_0000085934,1,0.992247,1
T_0000085941,1,0.998703,1
T_0000085954,1,0.974201,1
T_0000085982,0,0.212447,0
T_0000086074,1,0.819545,1
T_0000086075,0,0.042405,0
T_0000086076,1,0.999760,1
T_0000086083,0,0.045592,0
T_0000086098,0,0.217429,0
T_0000086124,1,0.998534,1
T_0000086153,0,0.036039,0
T_0000086170,0,0.335407,0
T_0000086178,1,0.999412,1
T_0000086182,0,0.066525,0
T_0000086205,0,0.053631,0
T_0000086209,0,0.078425,0
T_0000086224,0,0.040861,0
T_0000086233,0,0.039230,0
T_0000086234,0,0.104896,0
T_0000086238,0,0.063462,0
T_0000086267,0,0.984723,1
T_0000086327,0,0.028892,0
T_0000086335,0,0.095541,0
T_0000086357,1,0.999854,1
T_0000086375,1,0.999144,1
T_0000086379,1,0.996290,1
T_0000086383,0,0.113406,0
T_0000086413,1,0.999404,1
T_0000086420,1,0.999803,1
T_0000086466,0,0.077358,0
T_0000086477,1,0.977449,1
T_0000086510,1,0.993112,1
T_0000086538,1,0.977260,1
T_0000086564,1,0.981851,1
T_0000086582,1,0.997477,1
T_0000086589,1,0.994599,1
T_0000086590,1,0.999648,1
T_0000086602,1,0.999031,1
T_0000086626,1,0.999801,1
T_0000086662,1,0.999908,1
T_0000086668,1,0.994354,1
T_0000086697,1,0.999832,1
T_0000086742,1,0.998617,1
T_0000086748,0,0.018466,0
T_0000086753,1,0.976718,1
T_0000086775,1,0.998510,1
T_0000086833,1,0.914548,1
T_0000086848,1,0.998748,1
T_0000086849,1,0.999268,1
T_0000086854,1,0.105622,0
T_0000086878,1,0.996871,1
T_0000086888,0,0.029370,0
T_0000086908,0,0.085068,0
T_0000086912,1,0.993191,1
T_0000086920,0,0.189676,0
T_0000086941,1,0.998062,1
T_0000086943,1,0.992153,1
T_0000086964,1,0.999567,1
T_0000086984,1,0.999399,1
T_0000086985,1,0.999788,1
T_0000087033,1,0.998265,1
T_0000087162,1,0.999786,1
T_0000087181,0,0.062645,0
T_0000087332,1,0.988704,1
T_0000087359,1,0.999133,1
T_0000087378,1,0.999823,1
T_0000087396,1,0.999967,1
T_0000087438,1,0.982060,1
T_0000087454,1,0.999380,1
T_0000087513,1,0.999746,1
T_0000087532,0,0.080058,0
T_0000087539,1,0.999957,1
T_0000087559,0,0.508666,0
T_0000087576,1,0.999358,1
T_0000087585,1,0.987426,1
T_0000087590,1,0.992954,1
T_0000087620,1,0.977961,1
T_0000087643,1,0.686535,0
T_0000087663,0,0.028360,0
T_0000087670,1,0.321571,0
T_0000087694,1,0.986921,1
T_0000087716,1,0.979418,1
T_0000087742,1,0.966746,1
T_0000087752,1,0.998055,1
T_0000087782,1,0.060831,0
T_0000087798,1,0.998590,1
T_0000087832,1,0.997675,1
T_0000087847,1,0.990628,1
T_0000087862,1,0.998588,1
T_0000087907,1,0.995985,1
T_0000087910,0,0.015119,0
T_0000087932,1,0.994150,1
T_0000087937,0,0.078809,0
T_0000087939,1,0.999990,1
T_0000087983,1,0.992425,1
T_0000087989,1,0.998810,1
T_0000087990,1,0.995502,1
T_0000088008,1,0.999513,1
T_0000088012,1,0.956663,1
T_0000088013,0,0.051826,0
T_0000088032,1,0.999247,1
T_0000088051,0,0.128095,0
T_0000088095,1,0.995865,1
T_0000088097,0,0.082092,0
T_0000088173,1,0.999916,1
T_0000088175,1,0.843389,1
T_0000088181,1,0.995215,1
T_0000088186,0,0.372827,0
T_0000088246,1,0.998667,1
T_0000088271,0,0.061270,0
T_0000088287,1,0.999645,1
T_0000088289,1,0.998284,1
T_0000088322,0,0.067380,0
T_0000088325,1,0.999976,1
T_0000088333,1,0.998439,1
T_0000088371,1,0.908525,1
T_0000088385,0,0.080383,0
T_0000088395,1,0.978001,1
T_0000088415,1,0.997423,1
T_0000088418,1,0.992029,1
T_0000088429,0,0.033777,0
T_0000088436,0,0.989140,1
T_0000088444,1,0.995180,1
T_0000088498,1,0.998451,1
T_0000088508,1,0.975864,1
T_0000088514,1,0.986446,1
T_0000088525,1,0.999952,1
T_0000088530,1,0.999353,1
T_0000088555,0,0.073865,0
T_0000088611,1,0.994763,1
T_0000088616,0,0.182553,0
T_0000088618,0,0.692074,0
T_0000088646,1,0.999853,1
T_0000088674,0,0.551248,0
T_0000088741,1,0.999538,1
T_0000088771,1,0.999134,1
T_0000088794,0,0.061430,0
T_0000088820,0,0.496577,0
T_0000088822,1,0.974087,1
T_0000088828,1,0.999698,1
T_0000088847,1,0.948272,1
T_0000088848,1,0.997305,1
T_0000088861,1,0.995401,1
T_0000088901,1,0.842481,1
T_0000088914,1,0.996072,1
T_0000088928,1,0.999572,1
T_0000088932,1,0.993251,1
T_0000088977,1,0.999985,1
T_0000088979,1,0.998115,1
T_0000088998,1,0.999271,1
T_0000089041,1,0.865267,1
T_0000089062,1,0.997791,1
T_0000089094,1,0.999029,1
T_0000089102,0,0.045287,0
T_0000089143,0,0.036428,0
T_0000089180,1,0.999717,1
T_0000089227,0,0.064365,0
T_0000089243,1,0.999407,1
T_0000089323,0,0.032614,0
T_0000089352,0,0.373610,0
T_0000089376,0,0.098296,0
T_0000089378,0,0.050691,0
T_0000089384,1,0.996063,1
T_0000089387,1,0.956873,1
T_0000089399,1,0.998325,1
T_0000089437,0,0.053798,0
T_0000089443,1,0.997692,1
T_0000089473,1,0.742991,0
T_0000089524,1,0.999389,1
T_0000089541,0,0.169560,0
T_0000089552,0,0.039923,0
T_0000089576,1,0.944142,1
T_0000089649,0,0.687343,0
T_0000089653,0,0.038200,0
T_0000089678,1,0.993564,1
T_0000089710,0,0.063378,0
T_0000089720,1,0.998188,1
T_0000089722,1,0.980964,1
T_0000089728,1,0.999504,1
T_0000089731,1,0.999592,1
T_0000089755,1,0.999663,1
T_0000089783,1,0.929541,1
T_0000089845,1,0.999058,1
T_0000089847,1,0.954516,1
T_0000089864,1,0.998796,1
T_0000089890,1,0.998700,1
T_0000089891,0,0.144975,0
T_0000089918,1,0.839537,1
T_0000089928,1,0.989149,1
T_0000089981,1,0.995815,1
T_0000090000,1,0.834104,1
T_0000090014,1,0.998744,1
T_0000090031,1,0.999777,1
T_0000090054,1,0.988058,1
T_0000090064,1,0.896175,1
T_0000090109,1,0.999879,1
T_0000090142,1,0.997726,1
T_0000090154,0,0.088701,0
T_0000090183,1,0.996851,1
T_0000090192,1,0.996948,1
T_0000090212,1,0.995121,1
T_0000090222,0,0.043163,0
T_0000090238,1,0.999607,1
T_0000090253,1,0.998059,1
T_0000090267,1,0.999823,1
T_0000090273,0,0.888644,1
T_0000090275,1,0.998611,1
T_0000090286,0,0.062560,0
T_0000090335,1,0.997119,1
T_0000090353,1,0.998672,1
T_0000090416,0,0.081715,0
T_0000090425,1,0.999824,1
T_0000090448,1,0.998091,1
T_0000090454,1,0.845559,1
T_0000090477,1,0.876123,1
T_0000090506,0,0.079670,0
T_0000090518,0,0.142191,0
T_0000090533,1,0.997729,1
T_0000090595,1,0.766112,1
T_0000090602,0,0.826094,1
T_0000090605,1,0.999932,1
T_0000090606,0,0.075144,0
T_0000090626,0,0.081212,0
T_0000090632,0,0.089127,0
T_0000090647,0,0.070689,0
T_0000090698,1,0.999535,1
T_0000090720,1,0.863165,1
T_0000090724,1,0.996740,1
T_0000090727,1,0.979345,1
T_0000090751,0,0.040084,0
T_0000090846,0,0.994043,1
T_0000090883,1,0.991217,1
T_0000090913,1,0.862577,1
T_0000090962,1,0.998816,1
T_0000090975,0,0.056067,0
T_0000091027,0,0.625019,0
T_0000091049,0,0.629300,0
T_0000091058,1,0.994315,1
T_0000091096,0,0.504488,0
T_0000091097,0,0.028289,0
T_0000091098,1,0.993770,1
T_0000091100,1,0.996270,1
T_0000091143,1,0.977919,1
T_0000091149,0,0.776963,1
T_0000091188,1,0.998812,1
T_0000091215,1,0.997491,1
T_0000091222,1,0.981789,1
T_0000091230,0,0.065009,0
T_0000091241,0,0.194692,0
T_0000091270,1,0.994890,1
T_0000091277,1,0.999052,1
T_0000091291,1,0.994518,1
T_0000091304,1,0.998154,1
T_0000091374,0,0.095001,0
T_0000091386,1,0.999707,1
T_0000091389,1,0.865101,1
T_0000091402,1,0.995146,1
T_0000091412,1,0.999376,1
T_0000091425,0,0.776670,1
T_0000091429,0,0.037715,0
T_0000091513,1,0.995489,1
T_0000091617,1,0.998104,1
T_0000091635,1,0.994408,1
T_0000091645,1,0.998515,1
T_0000091646,1,0.999746,1
T_0000091661,0,0.045587,0
T_0000091665,1,0.999036,1
T_0000091673,1,0.999838,1
T_0000091695,1,0.782519,1
T_0000091708,1,0.998140,1
T_0000091741,1,0.999897,1
T_0000091756,0,0.073007,0
T_0000091773,1,0.998182,1
T_0000091821,1,0.999700,1
T_0000091848,1,0.996904,1
T_0000091897,1,0.999689,1
T_0000091898,1,0.998644,1
T_0000091921,1,0.997148,1
T_0000091934,1,0.998134,1
T_0000092006,1,0.999193,1
T_0000092082,1,0.995726,1
T_0000092083,1,0.105183,0
T_0000092114,1,0.998992,1
T_0000092115,0,0.058400,0
T_0000092134,0,0.053584,0
T_0000092142,1,0.995539,1
T_0000092176,0,0.107246,0
T_0000092178,0,0.066825,0
T_0000092179,1,0.955226,1
T_0000092181,0,0.035103,0
T_0000092183,1,0.999277,1
T_0000092191,1,0.999551,1
T_0000092198,1,0.997182,1
T_0000092199,0,0.098840,0
T_0000092213,1,0.999829,1
T_0000092233,0,0.022976,0
T_0000092235,1,0.987953,1
T_0000092239,1,0.998877,1
T_0000092251,0,0.204607,0
T_0000092300,1,0.999189,1
T_0000092323,1,0.990053,1
T_0000092326,1,0.999297,1
T_0000092373,1,0.993556,1
T_0000092400,0,0.392792,0
T_0000092411,1,0.999363,1
T_0000092421,0,0.025811,0
T_0000092453,1,0.989744,1
T_0000092460,1,0.999590,1
T_0000092471,0,0.373518,0
T_0000092472,1,0.970899,1
T_0000092539,0,0.041092,0
T_0000092548,1,0.987507,1
T_0000092591,1,0.986439,1
T_0000092595,0,0.510561,0
T_0000092598,1,0.999986,1
T_0000092600,1,0.962810,1
T_0000092652,0,0.238072,0
T_0000092655,1,0.999569,1
T_0000092677,1,0.999806,1
T_0000092728,1,0.993025,1
T_0000092735,0,0.049454,0
T_0000092835,0,0.038768,0
T_0000092841,1,0.997415,1
T_0000092857,1,0.999535,1
T_0000092871,1,0.999885,1
T_0000092886,1,0.999009,1
T_0000092887,0,0.048800,0
T_0000092897,1,0.997693,1
T_0000092905,1,0.992089,1
T_0000092906,1,0.999441,1
T_0000092927,0,0.028429,0
T_0000092930,0,0.622356,0
T_0000092940,1,0.997230,1
T_0000092945,1,0.860125,1
T_0000092992,1,0.999595,1
T_0000093022,1,0.997941,1
T_0000093047,1,0.998669,1
T_0000093069,1,0.997561,1
T_0000093092,1,0.999056,1
T_0000093113,1,0.999319,1
T_0000093128,1,0.720743,0
T_0000093168,1,0.995213,1
T_0000093170,1,0.082131,0
T_0000093178,1,0.999908,1
T_0000093207,1,0.996590,1
T_0000093279,1,0.917131,1
T_0000093298,1,0.998759,1
T_0000093333,0,0.062016,0
T_0000093348,0,0.073107,0
T_0000093358,1,0.991869,1
T_0000093373,1,0.987999,1
T_0000093465,1,0.999744,1
T_0000093478,1,0.987394,1
T_0000093480,0,0.542841,0
T_0000093481,0,0.019774,0
T_0000093498,0,0.087883,0
T_0000093505,1,0.998420,1
T_0000093527,0,0.473391,0
T_0000093539,1,0.999990,1
T_0000093573,0,0.866049,1
T_0000093614,0,0.973446,1
T_0000093627,1,0.991450,1
T_0000093636,1,0.997151,1
T_0000093644,1,0.999800,1
T_0000093678,1,0.999169,1
T_0000093679,1,0.990305,1
T_0000093706,1,0.999843,1
T_0000093707,1,0.988567,1
T_0000093712,0,0.034649,0
T_0000093780,1,0.999357,1
T_0000093825,1,0.998893,1
T_0000093828,1,0.998813,1
T_0000093835,1,0.999771,1
T_0000093854,1,0.999972,1
T_0000093855,1,0.999689,1
T_0000093898,1,0.519563,0
T_0000093906,1,0.999615,1
T_0000093919,1,0.847380,1
T_0000093962,0,0.157287,0
T_0000094010,1,0.999950,1
T_0000094033,1,0.997805,1
T_0000094038,1,0.998677,1
T_0000094042,1,0.952391,1
T_0000094046,0,0.261709,0
T_0000094061,1,0.999302,1
T_0000094064,1,0.997950,1
T_0000094087,0,0.063299,0
T_0000094104,0,0.006543,0
T_0000094114,1,0.997869,1
T_0000094128,0,0.026617,0
T_0000094130,1,0.952581,1
T_0000094180,1,0.999928,1
T_0000094194,1,0.985528,1
T_0000094203,0,0.937305,1
T_0000094222,1,0.997842,1
T_0000094274,1,0.997849,1
T_0000094284,1,0.998599,1
T_0000094296,0,0.058947,0
T_0000094303,1,0.999631,1
T_0000094347,1,0.999989,1
T_0000094348,1,0.987674,1
T_0000094357,1,0.999615,1
T_0000094359,0,0.408606,0
T_0000094390,1,0.964922,1
T_0000094437,1,0.964709,1
T_0000094453,1,0.999330,1
T_0000094468,1,0.996756,1
T_0000094474,1,0.993533,1
T_0000094475,0,0.082563,0
T_0000094478,1,0.999946,1
T_0000094485,1,0.999245,1
T_0000094532,0,0.038888,0
T_0000094541,1,0.999877,1
T_0000094590,1,0.998799,1
T_0000094680,1,0.999957,1
T_0000094688,1,0.877812,1
T_0000094696,0,0.035939,0
T_0000094701,1,0.996950,1
T_0000094722,1,0.999637,1
T_0000094762,0,0.667512,0
T_0000094783,1,0.999397,1
T_0000094818,1,0.999583,1
T_0000094862,1,0.999342,1
T_0000094897,1,0.908631,1
T_0000094909,1,0.999865,1
T_0000094916,1,0.954296,1
T_0000094920,0,0.977571,1
T_0000094929,1,0.999971,1
T_0000094959,1,0.997217,1
T_0000094975,1,0.960751,1
T_0000095011,1,0.997837,1
T_0000095029,0,0.042802,0
T_0000095034,0,0.195244,0
T_0000095052,1,0.996951,1
T_0000095058,0,0.078019,0
T_0000095109,1,0.998811,1
T_0000095141,0,0.334577,0
T_0000095186,1,0.443222,0
T_0000095187,0,0.063350,0
T_0000095201,0,0.215761,0
T_0000095203,0,0.116082,0
T_0000095206,1,0.998774,1
T_0000095214,1,0.998286,1
T_0000095231,0,0.901365,1
T_0000095239,1,0.997363,1
T_0000095263,0,0.078789,0
T_0000095279,0,0.058667,0
T_0000095288,1,0.996821,1
T_0000095309,1,0.999449,1
T_0000095312,1,0.999640,1
T_0000095325,1,0.999645,1
T_0000095343,1,0.999407,1
T_0000095360,0,0.206747,0
T_0000095380,1,0.999362,1
T_0000095399,1,0.999382,1
T_0000095438,0,0.581743,0
T_0000095499,1,0.999979,1
T_0000095538,0,0.308595,0
T_0000095539,0,0.059023,0
T_0000095555,0,0.026824,0
T_0000095580,1,0.998784,1
T_0000095592,1,0.996166,1
T_0000095669,0,0.044324,0
T_0000095682,1,0.998460,1
T_0000095684,1,0.841543,1
T_0000095703,1,0.999916,1
T_0000095730,1,0.996643,1
T_0000095752,0,0.045279,0
T_0000095772,0,0.045863,0
T_0000095785,1,0.998947,1
T_0000095831,1,0.999793,1
T_0000095855,0,0.042341,0
T_0000095862,0,0.077199,0
T_0000095863,1,0.999847,1
T_0000095877,1,0.992900,1
T_0000095914,1,0.996436,1
T_0000095923,1,0.900411,1
T_0000095951,1,0.996272,1
T_0000095966,1,0.983527,1
T_0000095975,1,0.995162,1
T_0000095991,0,0.021445,0
T_0000096000,1,0.996097,1
T_0000096012,1,0.979087,1
T_0000096069,1,0.997524,1
T_0000096074,0,0.342422,0
T_0000096076,0,0.388442,0
T_0000096105,1,0.999966,1
T_0000096148,1,0.999942,1
T_0000096201,0,0.042925,0
T_0000096213,0,0.080265,0
T_0000096285,1,0.999761,1
T_0000096299,1,0.994205,1
T_0000096360,1,0.999700,1
T_0000096363,0,0.080525,0
T_0000096365,1,0.994286,1
T_0000096367,0,0.051688,0
T_0000096379,1,0.999765,1
T_0000096380,0,0.758426,0
T_0000096397,0,0.069831,0
T_0000096408,0,0.042366,0
T_0000096422,1,0.999550,1
T_0000096426,0,0.488140,0
T_0000096473,0,0.026850,0
T_0000096484,0,0.029034,0
T_0000096517,1,0.999870,1
T_0000096519,1,0.999624,1
T_0000096543,1,0.999340,1
T_0000096548,0,0.468896,0
T_0000096556,0,0.059353,0
T_0000096578,0,0.815177,1
T_0000096584,0,0.070388,0
T_0000096632,0,0.024805,0
T_0000096673,1,0.997824,1
T_0000096728,0,0.027610,0
T_0000096772,1,0.997622,1
T_0000096792,0,0.935478,1
T_0000096803,1,0.999950,1
T_0000096819,1,0.996817,1
T_0000096823,1,0.999990,1
T_0000096840,0,0.058429,0
T_0000096851,0,0.075714,0
T_0000096852,0,0.123236,0
T_0000096854,0,0.098487,0
T_0000096876,1,0.999518,1
T_0000096903,1,0.999420,1
T_0000096925,0,0.048708,0
T_0000096932,1,0.999814,1
T_0000096952,0,0.030238,0
T_0000096978,1,0.999579,1
T_0000096983,1,0.999813,1
T_0000096985,0,0.221384,0
T_0000097021,1,0.997555,1
T_0000097078,0,0.030184,0
T_0000097083,0,0.049198,0
T_0000097086,0,0.220893,0
T_0000097096,1,0.999973,1
T_0000097121,1,0.998988,1
T_0000097130,0,0.074315,0
T_0000097144,1,0.999061,1
T_0000097188,0,0.039884,0
T_0000097301,0,0.065860,0
T_0000097330,1,0.999773,1
T_0000097331,0,0.075628,0
T_0000097344,1,0.999589,1
T_0000097360,1,0.953840,1
T_0000097362,1,0.620417,0
T_0000097376,1,0.961635,1
T_0000097385,1,0.999939,1
T_0000097397,1,0.999987,1
T_0000097413,0,0.917889,1
T_0000097444,1,0.998946,1
T_0000097466,1,0.995104,1
T_0000097473,1,0.821826,1
T_0000097491,0,0.065040,0
T_0000097503,1,0.999381,1
T_0000097531,1,0.783181,1
T_0000097536,0,0.032215,0
T_0000097543,1,0.996393,1
T_0000097552,1,0.996349,1
T_0000097569,0,0.072890,0
T_0000097571,1,0.999054,1
T_0000097625,0,0.062153,0
T_0000097651,0,0.082678,0
T_0000097680,1,0.998013,1
T_0000097708,1,0.999896,1
T_0000097778,0,0.680894,0
T_0000097824,1,0.997801,1
T_0000097834,1,0.999373,1
T_0000097880,1,0.962505,1
T_0000097962,1,0.986738,1
T_0000098019,1,0.999480,1
T_0000098027,1,0.999783,1
T_0000098028,1,0.993511,1
T_0000098034,1,0.999764,1
T_0000098066,0,0.087076,0
T_0000098088,1,0.997174,1
T_0000098091,1,0.998361,1
T_0000098100,0,0.013711,0
T_0000098118,1,0.999987,1
T_0000098183,1,0.999565,1
T_0000098185,1,0.924608,1
T_0000098193,1,0.998997,1
T_0000098209,1,0.999011,1
T_0000098254,1,0.996746,1
T_0000098266,1,0.885803,1
T_0000098272,1,0.999745,1
T_0000098312,1,0.999085,1
T_0000098313,1,0.996935,1
T_0000098321,0,0.032425,0
T_0000098348,0,0.351475,0
T_0000098349,1,0.999808,1
T_0000098353,0,0.017519,0
T_0000098356,0,0.110513,0
T_0000098358,1,0.991334,1
T_0000098362,1,0.996076,1
T_0000098370,0,0.153190,0
T_0000098385,0,0.026803,0
T_0000098426,1,0.998009,1
T_0000098482,0,0.032585,0
T_0000098526,1,0.999144,1
T_0000098552,1,0.999825,1
T_0000098578,0,0.124731,0
T_0000098616,1,0.999776,1
T_0000098631,1,0.996886,1
T_0000098636,1,0.851221,1
T_0000098683,0,0.040691,0
T_0000098700,0,0.081196,0
T_0000098701,1,0.999816,1
T_0000098726,1,0.998249,1
T_0000098735,1,0.973837,1
T_0000098742,0,0.079067,0
T_0000098796,1,0.998767,1
T_0000098834,0,0.070727,0
T_0000098849,1,0.988171,1
T_0000098885,1,0.994454,1
T_0000098889,1,0.949085,1
T_0000098918,0,0.159014,0
T_0000098932,1,0.946773,1
T_0000099005,0,0.064217,0
T_0000099012,1,0.996797,1
T_0000099044,1,0.893013,1
T_0000099094,0,0.828288,1
T_0000099100,1,0.994625,1
T_0000099104,0,0.047132,0
T_0000099170,1,0.998170,1
T_0000099209,0,0.033820,0
T_0000099245,1,0.999793,1
T_0000099302,1,0.999492,1
T_0000099322,1,0.999373,1
T_0000099323,1,0.999883,1
T_0000099341,1,0.997699,1
T_0000099353,1,0.999959,1
T_0000099356,1,0.998163,1
T_0000099380,1,0.998133,1
T_0000099410,1,0.997666,1
T_0000099446,0,0.833839,1
T_0000099454,1,0.998330,1
T_0000099459,0,0.088093,0
T_0000099500,0,0.039285,0
T_0000099502,1,0.999691,1
T_0000099519,1,0.997039,1
T_0000099546,0,0.023817,0
T_0000099568,1,0.988969,1
T_0000099573,1,0.995166,1
T_0000099577,0,0.989677,1
T_0000099617,1,0.999450,1
T_0000099618,1,0.995060,1
T_0000099629,0,0.189491,0
T_0000099725,0,0.054446,0
T_0000099731,1,0.998868,1
T_0000099743,0,0.053630,0
T_0000099782,1,0.191212,0
T_0000099828,1,0.998521,1
T_0000099834,1,0.990161,1
T_0000099840,0,0.033645,0
T_0000099866,1,0.999911,1
T_0000099911,1,0.994306,1
T_0000099913,0,0.029709,0
T_0000099921,0,0.178007,0
T_0000099941,1,0.998281,1
T_0000099954,1,0.999938,1
T_0000099968,0,0.057094,0
T_0000100040,1,0.985034,1
T_0000100062,1,0.997965,1
T_0000100064,1,0.996692,1
T_0000100085,0,0.036004,0
T_0000100087,0,0.035931,0
T_0000100096,1,0.997940,1
T_0000100101,1,0.931108,1
T_0000100102,1,0.998064,1
T_0000100107,1,0.993902,1
T_0000100114,0,0.982738,1
T_0000100124,0,0.008293,0
T_0000100149,0,0.041584,0
T_0000100157,1,0.999809,1
T_0000100161,0,0.322843,0
T_0000100162,1,0.986073,1
T_0000100232,1,0.996556,1
T_0000100235,1,0.981545,1
T_0000100293,0,0.034689,0
T_0000100340,0,0.054172,0
T_0000100349,1,0.997947,1
T_0000100367,1,0.998938,1
T_0000100425,0,0.252127,0
T_0000100433,0,0.074511,0
T_0000100438,1,0.999173,1
T_0000100452,1,0.998134,1
T_0000100456,1,0.997884,1
T_0000100483,1,0.989637,1
T_0000100515,1,0.715959,0
T_0000100516,0,0.074968,0
T_0000100521,1,0.280164,0
T_0000100593,0,0.378418,0
T_0000100596,1,0.998869,1
T_0000100602,1,0.997354,1
T_0000100610,0,0.041910,0
T_0000100654,1,0.787788,1
T_0000100672,1,0.999941,1
T_0000100700,0,0.036103,0
T_0000100710,0,0.047103,0
T_0000100712,1,0.995711,1
T_0000100762,0,0.045840,0
T_0000100824,0,0.037024,0
T_0000100830,1,0.752164,0
T_0000100839,1,0.999003,1
T_0000100872,1,0.999028,1
T_0000100891,0,0.152707,0
T_0000100927,0,0.161941,0
T_0000100932,1,0.987495,1
T_0000100943,1,0.837228,1
T_0000100970,1,0.997141,1
T_0000100983,1,0.998365,1
T_0000101000,1,0.996584,1
T_0000101036,1,0.096289,0
T_0000101052,1,0.996620,1
T_0000101063,1,0.998526,1
T_0000101068,1,0.998785,1
T_0000101083,1,0.998687,1
T_0000101146,1,0.972614,1
T_0000101164,1,0.999605,1
T_0000101195,0,0.063221,0
T_0000101219,0,0.074941,0
T_0000101229,1,0.999449,1
T_0000101255,1,0.999319,1
T_0000101273,0,0.066603,0
T_0000101278,1,0.998266,1
T_0000101285,1,0.999941,1
T_0000101305,1,0.978858,1
T_0000101354,0,0.045869,0
T_0000101358,1,0.994101,1
T_0000101360,0,0.021745,0
T_0000101367,1,0.998028,1
T_0000101398,1,0.999917,1
T_0000101416,1,0.998225,1
T_0000101421,1,0.998663,1
T_0000101453,0,0.095796,0
T_0000101493,0,0.023322,0
T_0000101496,1,0.999801,1
T_0000101559,1,0.985084,1
T_0000101591,0,0.066895,0
T_0000101647,1,0.998467,1
T_0000101654,1,0.998559,1
T_0000101699,0,0.054152,0
T_0000101703,1,0.998384,1
T_0000101710,1,0.999847,1
T_0000101742,1,0.988410,1
T_0000101745,1,0.997168,1
T_0000101747,0,0.083361,0
T_0000101751,1,0.995731,1
T_0000101762,0,0.052132,0
T_0000101783,1,0.987969,1
T_0000101803,0,0.279426,0
T_0000101826,1,0.997726,1
T_0000101847,0,0.065437,0
T_0000101879,1,0.998945,1
T_0000101913,0,0.065331,0
T_0000101921,1,0.995462,1
T_0000101924,0,0.030644,0
T_0000101932,1,0.954040,1
T_0000102000,1,0.999288,1
T_0000102009,0,0.024381,0
T_0000102052,1,0.996178,1
T_0000102077,1,0.999989,1
T_0000102084,0,0.014507,0
T_0000102086,1,0.999692,1
T_0000102141,1,0.803683,1
T_0000102190,0,0.076130,0
T_0000102223,1,0.928230,1
T_0000102242,1,0.963674,1
T_0000102276,1,0.997797,1
T_0000102293,1,0.607216,0
T_0000102306,1,0.999637,1
T_0000102352,1,0.999615,1
T_0000102399,1,0.999411,1
T_0000102430,1,0.679752,0
T_0000102462,1,0.999937,1
T_0000102466,1,0.999095,1
T_0000102478,1,0.999769,1
T_0000102520,1,0.997197,1
T_0000102554,1,0.998852,1
T_0000102594,1,0.999902,1
T_0000102608,1,0.999406,1
T_0000102689,0,0.249627,0
T_0000102696,1,0.966051,1
T_0000102733,0,0.027230,0
T_0000102734,1,0.981018,1
T_0000102754,0,0.426743,0
T_0000102793,1,0.997581,1
T_0000102809,0,0.064072,0
T_0000102820,1,0.949600,1
T_0000102845,1,0.999916,1
T_0000102867,1,0.996967,1
T_0000102872,0,0.802028,1
T_0000102874,1,0.996765,1
T_0000102888,1,0.999784,1
T_0000102934,1,0.997290,1
T_0000103010,1,0.983821,1
T_0000103015,1,0.965289,1
T_0000103050,1,0.998491,1
T_0000103073,1,0.980297,1
T_0000103085,1,0.945424,1
T_0000103094,1,0.997663,1
T_0000103151,1,0.997074,1
T_0000103157,1,0.996771,1
T_0000103217,1,0.999961,1
T_0000103236,0,0.124833,0
T_0000103249,1,0.999784,1
T_0000103286,1,0.731175,0
T_0000103371,0,0.630858,0
T_0000103374,0,0.224846,0
T_0000103380,0,0.083026,0
T_0000103411,0,0.017927,0
T_0000103416,1,0.999164,1
T_0000103436,0,0.044360,0
T_0000103453,1,0.995784,1
T_0000103465,1,0.996962,1
T_0000103535,1,0.999637,1
T_0000103554,1,0.998565,1
T_0000103560,1,0.856993,1
T_0000103589,0,0.048989,0
T_0000103595,0,0.850798,1
T_0000103628,1,0.999341,1
T_0000103644,1,0.996076,1
T_0000103657,0,0.055597,0
T_0000103669,1,0.997565,1
T_0000103708,0,0.067715,0
T_0000103749,1,0.981649,1
T_0000103767,0,0.047725,0
T_0000103773,1,0.998678,1
T_0000103801,1,0.999857,1
T_0000103830,0,0.095358,0
T_0000103880,1,0.996644,1
T_0000103902,1,0.999763,1
T_0000103951,1,0.995819,1
T_0000103964,1,0.998922,1
T_0000103971,1,0.995103,1
T_0000103983,1,0.997693,1
T_0000104037,1,0.999766,1
T_0000104051,0,0.255051,0
T_0000104059,1,0.999765,1
T_0000104089,1,0.998009,1
T_0000104159,1,0.999936,1
T_0000104160,0,0.076374,0
T_0000104263,1,0.999614,1
T_0000104266,0,0.038205,0
T_0000104267,0,0.092824,0
T_0000104288,0,0.218857,0
T_0000104289,0,0.308873,0
T_0000104297,0,0.021273,0
T_0000104299,1,0.998169,1
T_0000104312,1,0.998433,1
T_0000104332,1,0.998079,1
T_0000104339,1,0.999579,1
T_0000104341,0,0.045875,0
T_0000104342,0,0.049042,0
T_0000104366,0,0.046513,0
T_0000104423,1,0.998170,1
T_0000104455,1,0.997606,1
T_0000104466,0,0.038654,0
T_0000104473,1,0.999514,1
T_0000104478,0,0.031407,0
T_0000104482,1,0.999717,1
T_0000104508,0,0.986918,1
T_0000104533,1,0.999808,1
T_0000104535,1,0.975563,1
T_0000104538,1,0.997857,1
T_0000104563,1,0.999271,1
T_0000104569,1,0.999774,1
T_0000104572,1,0.999777,1
T_0000104588,1,0.986608,1
T_0000104593,0,0.075104,0
T_0000104595,1,0.998872,1
T_0000104740,1,0.999586,1
T_0000104765,1,0.999962,1
T_0000104785,0,0.718688,0
T_0000104852,0,0.038826,0
T_0000104853,0,0.049619,0
T_0000104869,1,0.987377,1
T_0000104909,1,0.998558,1
T_0000104926,0,0.053633,0
T_0000104951,1,0.905724,1
T_0000104963,0,0.931312,1
T_0000104967,1,0.999528,1
T_0000104980,1,0.999352,1
T_0000104985,0,0.079429,0
T_0000104993,0,0.058780,0
T_0000105018,1,0.998706,1
T_0000105025,0,0.034874,0
T_0000105032,1,0.997060,1
T_0000105033,1,0.999157,1
T_0000105035,1,0.993075,1
T_0000105065,1,0.999620,1
T_0000105067,1,0.997981,1
T_0000105088,1,0.997260,1
T_0000105124,1,0.954154,1
T_0000105144,1,0.981470,1
T_0000105157,0,0.100169,0
T_0000105178,1,0.996505,1
T_0000105197,0,0.395359,0
T_0000105239,1,0.999061,1
T_0000105243,1,0.999975,1
T_0000105249,0,0.072811,0
T_0000105250,1,0.999798,1
T_0000105258,1,0.987400,1
T_0000105266,0,0.983263,1
T_0000105268,1,0.999627,1
T_0000105274,0,0.923422,1
T_0000105277,1,0.996614,1
T_0000105311,1,0.999733,1
T_0000105364,1,0.995043,1
T_0000105427,0,0.667237,0
T_0000105506,1,0.958394,1
T_0000105509,1,0.996348,1
T_0000105548,0,0.049227,0
T_0000105558,1,0.999851,1
T_0000105584,0,0.056775,0
T_0000105661,1,0.999445,1
T_0000105692,1,0.999918,1
T_0000105701,1,0.997485,1
T_0000105705,1,0.995490,1
T_0000105713,0,0.129121,0
T_0000105735,1,0.998986,1
T_0000105755,1,0.997929,1
T_0000105757,0,0.704933,0
T_0000105768,1,0.999981,1
T_0000105782,1,0.999661,1
T_0000105790,1,0.999245,1
T_0000105818,0,0.052060,0
T_0000105901,1,0.999697,1
T_0000105911,0,0.025751,0
T_0000105914,1,0.998799,1
T_0000105929,1,0.999340,1
T_0000105931,1,0.999040,1
T_0000105932,1,0.999468,1
T_0000105939,1,0.999795,1
T_0000105994,1,0.998933,1
T_0000106020,0,0.073596,0
T_0000106052,1,0.999596,1
T_0000106075,1,0.995334,1
T_0000106096,1,0.999196,1
T_0000106133,1,0.999584,1
T_0000106149,0,0.244479,0
T_0000106197,1,0.999817,1
T_0000106200,0,0.455224,0
T_0000106215,1,0.999787,1
T_0000106218,1,0.999474,1
T_0000106229,1,0.998281,1
T_0000106231,1,0.670569,0
T_0000106234,0,0.023509,0
T_0000106238,0,0.152855,0
T_0000106276,1,0.997916,1
T_0000106288,1,0.996677,1
T_0000106328,1,0.999371,1
T_0000106330,0,0.058299,0
T_0000106336,0,0.095129,0
T_0000106341,1,0.997172,1
T_0000106360,1,0.996714,1
T_0000106373,0,0.068050,0
T_0000106376,1,0.990297,1
T_0000106378,1,0.999154,1
T_0000106380,0,0.049451,0
T_0000106384,1,0.999081,1
T_0000106400,1,0.999854,1
T_0000106402,0,0.048764,0
T_0000106426,1,0.974614,1
T_0000106432,1,0.998690,1
T_0000106446,1,0.985388,1
T_0000106509,1,0.998434,1
T_0000106534,1,0.237043,0
T_0000106535,1,0.991264,1
T_0000106550,1,0.994731,1
T_0000106572,1,0.999534,1
T_0000106581,1,0.979347,1
T_0000106587,1,0.999955,1
T_0000106612,0,0.275865,0
T_0000106625,0,0.061817,0
T_0000106658,0,0.038228,0
T_0000106664,0,0.281569,0
T_0000106732,0,0.039680,0
T_0000106794,0,0.144373,0
T_0000106802,1,0.999002,1
T_0000106808,0,0.064541,0
T_0000106814,1,0.999066,1
T_0000106815,0,0.046682,0
T_0000106921,1,0.996492,1
T_0000106942,1,0.996100,1
T_0000106946,1,0.757383,0
T_0000106953,1,0.998673,1
T_0000106989,1,0.999839,1
T_0000107118,0,0.212090,0
T_0000107138,1,0.999885,1
T_0000107146,1,0.999899,1
T_0000107156,1,0.985955,1
T_0000107189,1,0.985495,1
T_0000107244,1,0.998859,1
T_0000107245,1,0.999812,1
T_0000107276,1,0.999983,1
T_0000107305,0,0.043353,0
T_0000107347,1,0.999886,1
T_0000107408,1,0.981776,1
T_0000107440,0,0.050548,0
T_0000107458,0,0.023898,0
T_0000107491,0,0.040527,0
T_0000107505,1,0.994913,1
T_0000107506,0,0.949783,1
T_0000107545,1,0.998156,1
T_0000107546,0,0.087188,0
T_0000107578,0,0.058079,0
T_0000107588,1,0.999528,1
T_0000107594,0,0.070205,0
T_0000107603,0,0.095925,0
T_0000107614,0,0.090935,0
T_0000107636,1,0.999844,1
T_0000107650,1,0.999556,1
T_0000107660,1,0.991852,1
T_0000107732,1,0.999671,1
T_0000107754,1,0.998282,1
T_0000107755,1,0.996412,1
T_0000107777,1,0.995651,1
T_0000107812,1,0.999288,1
T_0000107836,1,0.999964,1
T_0000107838,1,0.999549,1
T_0000107894,1,0.996735,1
T_0000107898,1,0.999359,1
T_0000107936,1,0.873396,1
T_0000107974,1,0.999713,1
T_0000108000,0,0.056693,0
T_0000108011,0,0.026536,0
T_0000108036,0,0.037486,0
T_0000108079,1,0.986981,1
T_0000108094,1,0.998949,1
T_0000108110,1,0.926354,1
T_0000108149,1,0.974132,1
T_0000108160,1,0.997908,1
T_0000108166,1,0.999848,1
T_0000108222,1,0.979457,1
T_0000108231,1,0.999827,1
T_0000108236,0,0.055419,0
T_0000108242,1,0.998259,1
T_0000108256,0,0.060143,0
T_0000108271,0,0.129038,0
T_0000108288,0,0.034813,0
T_0000108343,1,0.997945,1
T_0000108345,1,0.998629,1
T_0000108362,1,0.998907,1
T_0000108449,1,0.999939,1
T_0000108487,1,0.999846,1
T_0000108493,0,0.028649,0
T_0000108515,0,0.040513,0
T_0000108530,1,0.988811,1
T_0000108557,1,0.995033,1
T_0000108562,0,0.830361,1
T_0000108571,0,0.046490,0
T_0000108579,0,0.136650,0
T_0000108591,1,0.998425,1
T_0000108620,0,0.028940,0
T_0000108631,0,0.350191,0
T_0000108646,0,0.034693,0
T_0000108703,1,0.999959,1
T_0000108734,1,0.926547,1
T_0000108742,1,0.999094,1
T_0000108760,1,0.999684,1
T_0000108785,0,0.074432,0
T_0000108797,1,0.999267,1
T_0000108800,1,0.998975,1
T_0000108801,1,0.995647,1
T_0000108850,0,0.040337,0
T_0000108852,1,0.994856,1
T_0000108859,0,0.044294,0
T_0000108880,0,0.103898,0
T_0000108921,1,0.951259,1
T_0000108947,1,0.997886,1
T_0000109078,1,0.999931,1
T_0000109083,0,0.280302,0
T_0000109088,1,0.997945,1
T_0000109100,1,0.999032,1
T_0000109101,1,0.998395,1
T_0000109104,0,0.065245,0
T_0000109169,0,0.064219,0
T_0000109177,1,0.999394,1
T_0000109190,1,0.266364,0
T_0000109212,1,0.895853,1
T_0000109221,1,0.995369,1
T_0000109238,0,0.052615,0
T_0000109257,1,0.999948,1
T_0000109268,0,0.023849,0
T_0000109275,0,0.076017,0
T_0000109287,1,0.996889,1
T_0000109294,1,0.999213,1
T_0000109323,1,0.991417,1
T_0000109349,0,0.144521,0
T_0000109377,1,0.985988,1
T_0000109381,0,0.083837,0
T_0000109388,1,0.989584,1
T_0000109402,0,0.042696,0
T_0000109403,0,0.012149,0
T_0000109413,1,0.997001,1
T_0000109417,0,0.132177,0
T_0000109446,0,0.024578,0
T_0000109458,1,0.998803,1
T_0000109477,1,0.989104,1
T_0000109489,0,0.093737,0
T_0000109512,1,0.906614,1
T_0000109566,1,0.998876,1
T_0000109573,0,0.567905,0
T_0000109581,1,0.992039,1
T_0000109596,1,0.533594,0
T_0000109642,0,0.437168,0
T_0000109648,1,0.997259,1
T_0000109662,1,0.998968,1
T_0000109669,1,0.999958,1
T_0000109677,1,0.999531,1
T_0000109732,1,0.999855,1
T_0000109794,1,0.998245,1
T_0000109823,1,0.999422,1
T_0000109827,0,0.050339,0
T_0000109856,1,0.999436,1
T_0000109867,1,0.996763,1
T_0000109872,1,0.998464,1
T_0000109901,1,0.996022,1
T_0000109912,1,0.998179,1
T_0000109914,1,0.989773,1
T_0000109927,1,0.988063,1
T_0000109936,0,0.073649,0
T_0000109959,1,0.999798,1
T_0000110036,1,0.999219,1
T_0000110106,1,0.999432,1
T_0000110113,0,0.072031,0
T_0000110131,1,0.999818,1
T_0000110149,1,0.999637,1
T_0000110175,0,0.813574,1
T_0000110184,0,0.706672,0
T_0000110188,1,0.999892,1
T_0000110196,0,0.057778,0
T_0000110232,1,0.991577,1
T_0000110246,0,0.067318,0
T_0000110247,1,0.999203,1
T_0000110298,1,0.984271,1
T_0000110344,1,0.996300,1
T_0000110356,1,0.998902,1
T_0000110406,1,0.999917,1
T_0000110455,0,0.036731,0
T_0000110456,0,0.882091,1
T_0000110493,1,0.998239,1
T_0000110510,0,0.030366,0
T_0000110516,0,0.021357,0
T_0000110595,1,0.998566,1
T_0000110640,1,0.995428,1
T_0000110675,1,0.997484,1
T_0000110723,1,0.998290,1
T_0000110754,1,0.999974,1
T_0000110768,1,0.968992,1
T_0000110784,1,0.998005,1
T_0000110850,1,0.986644,1
T_0000110888,1,0.927803,1
T_0000110889,1,0.999793,1
T_0000110928,1,0.999406,1
T_0000110949,0,0.811667,1
T_0000110970,1,0.994797,1
T_0000110995,1,0.999457,1
T_0000111059,1,0.997358,1
T_0000111061,1,0.998492,1
T_0000111080,1,0.992410,1
T_0000111138,1,0.998845,1
T_0000111147,1,0.996837,1
T_0000111155,1,0.998431,1
T_0000111161,0,0.056089,0
T_0000111164,1,0.999651,1
T_0000111177,1,0.999502,1
T_0000111201,0,0.045302,0
T_0000111273,1,0.999497,1
T_0000111280,0,0.737465,0
T_0000111297,1,0.999985,1
T_0000111314,1,0.992311,1
T_0000111328,0,0.081887,0
T_0000111332,0,0.052346,0
T_0000111352,0,0.053493,0
T_0000111381,1,0.993362,1
T_0000111385,1,0.991143,1
T_0000111407,1,0.829574,1
T_0000111432,1,0.999712,1
T_0000111435,0,0.033310,0
T_0000111524,1,0.999884,1
T_0000111538,0,0.857544,1
T_0000111560,0,0.056832,0
T_0000111609,1,0.997493,1
T_0000111618,0,0.061407,0
T_0000111636,0,0.294423,0
T_0000111643,0,0.049378,0
T_0000111677,0,0.996493,1
T_0000111682,1,0.996913,1
T_0000111743,0,0.041807,0
T_0000111762,1,0.999270,1
T_0000111773,0,0.032508,0
T_0000111778,1,0.997177,1
T_0000111798,1,0.967776,1
T_0000111851,0,0.676819,0
T_0000111858,0,0.277182,0
T_0000111875,1,0.998273,1
T_0000111888,1,0.999259,1
T_0000111924,1,0.993206,1
T_0000111925,1,0.999905,1
T_0000111954,1,0.999824,1
T_0000111989,1,0.995288,1
T_0000112000,0,0.092400,0
T_0000112006,0,0.165310,0
T_0000112062,1,0.999134,1
T_0000112096,1,0.999743,1
T_0000112109,1,0.996884,1
T_0000112148,0,0.076214,0
T_0000112160,1,0.997500,1
T_0000112181,0,0.020828,0
T_0000112197,0,0.527956,0
T_0000112253,1,0.999354,1
T_0000112260,0,0.058674,0
T_0000112270,0,0.139179,0
T_0000112272,1,0.999356,1
T_0000112301,1,0.997716,1
T_0000112327,1,0.984204,1
T_0000112328,1,0.988272,1
T_0000112355,1,0.998349,1
T_0000112363,1,0.999214,1
T_0000112387,0,0.034404,0
T_0000112414,0,0.474854,0
T_0000112430,1,0.997551,1
T_0000112466,1,0.997352,1
T_0000112485,1,0.998967,1
T_0000112504,1,0.997003,1
T_0000112521,1,0.999558,1
T_0000112530,1,0.794184,1
T_0000112531,1,0.999348,1
T_0000112556,1,0.998280,1
T_0000112562,0,0.080105,0
T_0000112594,1,0.997316,1
T_0000112595,1,0.999085,1
T_0000112654,1,0.999498,1
T_0000112659,1,0.999272,1
T_0000112676,0,0.493961,0
T_0000112681,0,0.065060,0
T_0000112695,0,0.015985,0
T_0000112696,1,0.999771,1
T_0000112699,1,0.913075,1
T_0000112708,1,0.999312,1
T_0000112710,1,0.894358,1
T_0000112713,1,0.993089,1
T_0000112766,1,0.996135,1
T_0000112780,1,0.998146,1
T_0000112790,1,0.995853,1
T_0000112805,0,0.113806,0
T_0000112810,1,0.997435,1
T_0000112829,0,0.078629,0
T_0000112861,1,0.998033,1
T_0000112869,1,0.992666,1
T_0000112952,1,0.972769,1
T_0000112961,1,0.999433,1
T_0000112978,1,0.997868,1
T_0000112983,1,0.999768,1
T_0000113015,1,0.999086,1
T_0000113032,0,0.077186,0
T_0000113042,0,0.054198,0
T_0000113044,0,0.071453,0
T_0000113078,1,0.939546,1
T_0000113203,0,0.962509,1
T_0000113262,0,0.235935,0
T_0000113265,1,0.996114,1
T_0000113273,1,0.737107,0
T_0000113289,0,0.277622,0
T_0000113293,0,0.128035,0
T_0000113346,0,0.036580,0
T_0000113407,1,0.999065,1
T_0000113431,1,0.998692,1
T_0000113450,0,0.745876,0
T_0000113478,0,0.117731,0
T_0000113479,1,0.989827,1
T_0000113502,1,0.999725,1
T_0000113514,1,0.999845,1
T_0000113523,0,0.092048,0
T_0000113568,1,0.999376,1
T_0000113571,1,0.994480,1
T_0000113585,1,0.999802,1
T_0000113602,0,0.026434,0
T_0000113649,0,0.044861,0
T_0000113664,1,0.996684,1
T_0000113760,0,0.116489,0
T_0000113771,1,0.993453,1
T_0000113775,1,0.984814,1
T_0000113810,1,0.997458,1
T_0000113812,0,0.079331,0
T_0000113839,0,0.576181,0
T_0000113844,1,0.977699,1
T_0000113847,1,0.399465,0
T_0000113855,1,0.998479,1
T_0000113884,1,0.997921,1
T_0000113922,0,0.040372,0
T_0000114019,0,0.025203,0
T_0000114038,1,0.994718,1
T_0000114080,0,0.684390,0
T_0000114085,1,0.999160,1
T_0000114087,0,0.442071,0
T_0000114134,0,0.924557,1
T_0000114151,1,0.999824,1
T_0000114158,1,0.995076,1
T_0000114170,0,0.088495,0
T_0000114185,1,0.998432,1
T_0000114198,0,0.920245,1
T_0000114258,0,0.232627,0
T_0000114261,1,0.966671,1
T_0000114280,1,0.998521,1
T_0000114285,1,0.992277,1
T_0000114288,1,0.998496,1
T_0000114310,1,0.998057,1
T_0000114317,1,0.999572,1
T_0000114322,0,0.019363,0
T_0000114337,0,0.184693,0
T_0000114366,1,0.997202,1
T_0000114395,1,0.996433,1
T_0000114420,1,0.998640,1
T_0000114441,0,0.107859,0
T_0000114476,0,0.082674,0
T_0000114478,0,0.045312,0
T_0000114517,1,0.998774,1
T_0000114533,1,0.091264,0
T_0000114544,1,0.806147,1
T_0000114569,1,0.984887,1
T_0000114589,1,0.957740,1
T_0000114592,0,0.257536,0
T_0000114603,1,0.998441,1
T_0000114640,0,0.109527,0
T_0000114669,1,0.999761,1
T_0000114706,1,0.999115,1
T_0000114709,1,0.985853,1
T_0000114716,1,0.999323,1
T_0000114736,1,0.997116,1
T_0000114756,1,0.994634,1
T_0000114766,0,0.120100,0
T_0000114787,1,0.997149,1
T_0000114808,1,0.689356,0
T_0000114819,0,0.857905,1
T_0000114863,1,0.998850,1
T_0000114875,1,0.996497,1
T_0000114879,1,0.999391,1
T_0000114913,1,0.999502,1
T_0000114962,0,0.068887,0
T_0000114972,0,0.066054,0
T_0000114998,0,0.163929,0
T_0000115000,1,0.989819,1
T_0000115027,1,0.990123,1
T_0000115029,0,0.046381,0
T_0000115043,1,0.773391,1
T_0000115052,1,0.997431,1
T_0000115071,0,0.050388,0
T_0000115109,0,0.027933,0
T_0000115150,0,0.019442,0
T_0000115174,0,0.745384,0
T_0000115205,1,0.999045,1
T_0000115206,0,0.201764,0
T_0000115209,0,0.043825,0
T_0000115212,1,0.995575,1
T_0000115218,0,0.060436,0
T_0000115247,1,0.998779,1
T_0000115263,1,0.996030,1
T_0000115271,0,0.039845,0
T_0000115322,0,0.142423,0
T_0000115332,1,0.999727,1
T_0000115355,1,0.997500,1
T_0000115364,0,0.069271,0
T_0000115369,1,0.998998,1
T_0000115400,0,0.024608,0
T_0000115404,0,0.076156,0
T_0000115447,1,0.998003,1
T_0000115449,0,0.078602,0
T_0000115452,1,0.998055,1
T_0000115454,0,0.135982,0
T_0000115459,0,0.029735,0
T_0000115497,1,0.998653,1
T_0000115537,1,0.999779,1
T_0000115556,1,0.999426,1
T_0000115575,1,0.998960,1
T_0000115577,1,0.993723,1
T_0000115600,0,0.049685,0
T_0000115618,1,0.999462,1
T_0000115620,0,0.037634,0
T_0000115630,1,0.996608,1
T_0000115652,1,0.996555,1
T_0000115654,0,0.105013,0
T_0000115673,1,0.999794,1
T_0000115674,1,0.998635,1
T_0000115713,1,0.997748,1
T_0000115729,1,0.998485,1
T_0000115747,1,0.924245,1
T_0000115762,1,0.998778,1
T_0000115792,0,0.109457,0
T_0000115898,1,0.949702,1
T_0000115917,1,0.862787,1
T_0000115918,1,0.980602,1
T_0000115952,1,0.998957,1
T_0000115997,1,0.850359,1
T_0000116019,0,0.110745,0
T_0000116058,1,0.997241,1
T_0000116080,1,0.998557,1
T_0000116098,1,0.994636,1
T_0000116113,0,0.042031,0
T_0000116138,1,0.999262,1
T_0000116139,1,0.999486,1
T_0000116148,1,0.998843,1
T_0000116153,1,0.996623,1
T_0000116174,1,0.999601,1
T_0000116177,1,0.999363,1
T_0000116178,0,0.982016,1
T_0000116181,1,0.999815,1
T_0000116218,1,0.999683,1
T_0000116221,0,0.064617,0
T_0000116235,1,0.987714,1
T_0000116236,0,0.099566,0
T_0000116242,1,0.997853,1
T_0000116294,1,0.999216,1
T_0000116308,1,0.118717,0
T_0000116309,1,0.919010,1
T_0000116341,1,0.954052,1
T_0000116372,1,0.999978,1
T_0000116432,1,0.999980,1
T_0000116437,1,0.769320,1
T_0000116472,0,0.043582,0
T_0000116473,1,0.998073,1
T_0000116478,1,0.614205,0
T_0000116511,0,0.064891,0
T_0000116519,0,0.105596,0
T_0000116540,1,0.995097,1
T_0000116565,0,0.022668,0
T_0000116579,0,0.066953,0
T_0000116589,1,0.997877,1
T_0000116599,1,0.999982,1
T_0000116621,1,0.999807,1
T_0000116716,0,0.101075,0
T_0000116737,1,0.999923,1
T_0000116784,1,0.999179,1
T_0000116799,0,0.304838,0
T_0000116809,0,0.026637,0
T_0000116820,1,0.995371,1
T_0000116824,1,0.992211,1
T_0000116853,1,0.997003,1
T_0000116857,1,0.996927,1
T_0000116882,1,0.995525,1
T_0000116887,0,0.047619,0
T_0000116908,0,0.027550,0
T_0000116915,1,0.999844,1
T_0000116928,1,0.989313,1
T_0000116950,1,0.998156,1
T_0000116952,0,0.050989,0
T_0000116956,0,0.035467,0
T_0000116981,0,0.972460,1
T_0000117020,1,0.999531,1
T_0000117031,1,0.999520,1
T_0000117035,1,0.999561,1
T_0000117037,1,0.999209,1
T_0000117050,1,0.998700,1
T_0000117066,1,0.961319,1
T_0000117067,1,0.957952,1
T_0000117072,1,0.997024,1
T_0000117123,1,0.998842,1
T_0000117145,1,0.999100,1
T_0000117192,1,0.999792,1
T_0000117217,1,0.961948,1
T_0000117249,0,0.101155,0
T_0000117259,1,0.838060,1
T_0000117277,1,0.997385,1
T_0000117287,1,0.999259,1
T_0000117424,1,0.999107,1
T_0000117428,1,0.999930,1
T_0000117437,1,0.547552,0
T_0000117445,1,0.997101,1
T_0000117463,1,0.996010,1
T_0000117484,0,0.059825,0
T_0000117485,0,0.030374,0
T_0000117553,0,0.093221,0
T_0000117635,1,0.983472,1
T_0000117650,1,0.999534,1
T_0000117655,1,0.999853,1
T_0000117659,1,0.999995,1
T_0000117662,0,0.050601,0
T_0000117668,1,0.998981,1
T_0000117679,1,0.998571,1
T_0000117688,0,0.978416,1
T_0000117708,0,0.872420,1
T_0000117754,1,0.999970,1
T_0000117767,1,0.997613,1
T_0000117774,1,0.999680,1
T_0000117779,0,0.686192,0
T_0000117810,1,0.999515,1
T_0000117847,1,0.998830,1
T_0000117854,0,0.082878,0
T_0000117888,1,0.999359,1
T_0000117898,0,0.976465,1
T_0000117911,1,0.999551,1
T_0000117914,0,0.602954,0
T_0000117920,0,0.664385,0
T_0000117928,1,0.999879,1
T_0000117938,0,0.142905,0
T_0000117943,1,0.999624,1
T_0000118009,1,0.999960,1
T_0000118036,1,0.999585,1
T_0000118037,1,0.986155,1
T_0000118040,1,0.999227,1
T_0000118064,1,0.999618,1
T_0000118179,1,0.999986,1
T_0000118184,1,0.999348,1
T_0000118186,1,0.999851,1
T_0000118207,1,0.999665,1
T_0000118253,1,0.995009,1
T_0000118259,1,0.999604,1
T_0000118275,1,0.996027,1
T_0000118310,0,0.092048,0
T_0000118359,0,0.078671,0
T_0000118398,1,0.984401,1
T_0000118404,1,0.999259,1
T_0000118410,1,0.987778,1
T_0000118473,0,0.045954,0
T_0000118481,1,0.982777,1
T_0000118501,0,0.153297,0
T_0000118503,1,0.986737,1
T_0000118527,1,0.999970,1
T_0000118631,1,0.994630,1
T_0000118642,0,0.012169,0
T_0000118649,1,0.996649,1
T_0000118675,1,0.959547,1
T_0000118711,1,0.995452,1
T_0000118713,0,0.030061,0
T_0000118720,1,0.999356,1
T_0000118735,1,0.999496,1
T_0000118773,1,0.997176,1
T_0000118786,0,0.054448,0
T_0000118807,1,0.997030,1
T_0000118819,1,0.998708,1
T_0000118865,1,0.999987,1
T_0000118898,1,0.999873,1
T_0000118938,0,0.035924,0
T_0000118944,0,0.035898,0
T_0000119021,1,0.998790,1
T_0000119040,1,0.999697,1
T_0000119066,0,0.115545,0
T_0000119068,0,0.044331,0
T_0000119081,0,0.020869,0
T_0000119093,1,0.997557,1
T_0000119096,0,0.031324,0
T_0000119127,1,0.998136,1
T_0000119128,1,0.991443,1
T_0000119131,1,0.998025,1
T_0000119189,1,0.998888,1
T_0000119216,0,0.073154,0
T_0000119220,1,0.757220,0
T_0000119227,0,0.067626,0
T_0000119243,0,0.038455,0
T_0000119264,0,0.050116,0
T_0000119278,1,0.999952,1
T_0000119333,0,0.028188,0
T_0000119371,1,0.997789,1
T_0000119385,0,0.981254,1
T_0000119404,1,0.999955,1
T_0000119409,1,0.997356,1
T_0000119418,1,0.999692,1
T_0000119443,1,0.998854,1
T_0000119457,1,0.998205,1
T_0000119461,1,0.999298,1
T_0000119486,0,0.071587,0
T_0000119506,0,0.079271,0
T_0000119513,0,0.450288,0
T_0000119534,0,0.018904,0
T_0000119540,1,0.999864,1
T_0000119543,0,0.038715,0
T_0000119555,1,0.999353,1
T_0000119590,0,0.036906,0
T_0000119649,1,0.999654,1
T_0000119656,1,0.831484,1
T_0000119678,1,0.998638,1
T_0000119720,1,0.997492,1
T_0000119727,1,0.996434,1
T_0000119728,1,0.999026,1
T_0000119770,1,0.999325,1
T_0000119772,0,0.423437,0
T_0000119820,1,0.999926,1
T_0000119831,0,0.809530,1
T_0000119847,1,0.995419,1
T_0000119915,1,0.999567,1
T_0000119931,1,0.999204,1
T_0000119965,1,0.998210,1
T_0000119969,1,0.998874,1
T_0000119989,1,0.994362,1
T_0000119997,1,0.992013,1
T_0000120022,1,0.999981,1
T_0000120144,1,0.998641,1
T_0000120147,0,0.077020,0
T_0000120148,1,0.995596,1
T_0000120150,1,0.997830,1
T_0000120169,1,0.861056,1
T_0000120194,1,0.920028,1
T_0000120237,1,0.999411,1
T_0000120268,1,0.999786,1
T_0000120292,0,0.692190,0
T_0000120306,0,0.075818,0
T_0000120309,1,0.983923,1
T_0000120329,0,0.043957,0
T_0000120393,1,0.996710,1
T_0000120432,1,0.999934,1
T_0000120459,0,0.131032,0
T_0000120466,0,0.067434,0
T_0000120489,1,0.999198,1
T_0000120504,0,0.037987,0
T_0000120555,1,0.998654,1
T_0000120568,1,0.988138,1
T_0000120603,0,0.117419,0
T_0000120608,1,0.245363,0
T_0000120677,0,0.250480,0
T_0000120693,1,0.999379,1
T_0000120705,0,0.094804,0
T_0000120716,0,0.058800,0
T_0000120718,1,0.998617,1
T_0000120720,1,0.999846,1
T_0000120736,1,0.945316,1
T_0000120749,1,0.995928,1
T_0000120758,0,0.025586,0
T_0000120828,1,0.999740,1
T_0000120838,0,0.159081,0
T_0000120856,1,0.999903,1
T_0000120865,1,0.999701,1
T_0000120879,0,0.084916,0
T_0000120896,1,0.994676,1
T_0000120931,1,0.995063,1
T_0000120935,1,0.981528,1
T_0000120977,1,0.991795,1
T_0000120988,1,0.204574,0
T_0000121014,0,0.057567,0
T_0000121020,1,0.999713,1
T_0000121040,1,0.994897,1
T_0000121043,0,0.059844,0
T_0000121052,1,0.999908,1
T_0000121123,0,0.086011,0
T_0000121223,0,0.063328,0
T_0000121232,1,0.993035,1
T_0000121236,1,0.999866,1
T_0000121237,0,0.030930,0
T_0000121274,0,0.073305,0
T_0000121291,1,0.999369,1
T_0000121296,1,0.999326,1
T_0000121312,1,0.911704,1
T_0000121371,0,0.046974,0
T_0000121421,1,0.993039,1
T_0000121433,0,0.068666,0
T_0000121444,1,0.770484,1
T_0000121454,1,0.999641,1
T_0000121456,0,0.200035,0
T_0000121490,0,0.915260,1
T_0000121502,0,0.054696,0
T_0000121506,1,0.991171,1
T_0000121515,1,0.998994,1
T_0000121594,1,0.999940,1
T_0000121600,1,0.984081,1
T_0000121605,1,0.999944,1
T_0000121630,0,0.062765,0
T_0000121649,1,0.995919,1
T_0000121667,0,0.087438,0
T_0000121717,1,0.999956,1
T_0000121738,1,0.994885,1
T_0000121771,0,0.499061,0
T_0000121802,1,0.961670,1
T_0000121823,1,0.999982,1
T_0000121826,1,0.999527,1
T_0000121828,1,0.999439,1
T_0000121899,1,0.998533,1
T_0000121918,1,0.983589,1
T_0000121945,1,0.999549,1
T_0000121948,1,0.985211,1
T_0000121958,1,0.999962,1
T_0000121983,1,0.975419,1
T_0000121998,1,0.995319,1
T_0000122039,1,0.990494,1
T_0000122040,1,0.994821,1
T_0000122053,0,0.032319,0
T_0000122078,1,0.938544,1
T_0000122080,1,0.997456,1
T_0000122099,1,0.998836,1
T_0000122134,0,0.078484,0
T_0000122172,1,0.996817,1
T_0000122177,0,0.051344,0
T_0000122203,1,0.999359,1
T_0000122225,0,0.054405,0
T_0000122246,0,0.087443,0
T_0000122269,1,0.785059,1
T_0000122278,0,0.645841,0
T_0000122295,1,0.999514,1
T_0000122307,1,0.999152,1
T_0000122333,0,0.024530,0
T_0000122354,1,0.998037,1
T_0000122404,0,0.082821,0
T_0000122413,1,0.998707,1
T_0000122474,1,0.999546,1
T_0000122512,1,0.063269,0
T_0000122552,1,0.997931,1
T_0000122601,0,0.039996,0
T_0000122645,1,0.989032,1
T_0000122666,1,0.997213,1
T_0000122705,0,0.861295,1
T_0000122753,0,0.766538,1
T_0000122804,1,0.130944,0
T_0000122865,1,0.988454,1
T_0000122869,1,0.999221,1
T_0000122899,0,0.232654,0
T_0000122936,1,0.998577,1
T_0000122958,1,0.998023,1
T_0000122999,1,0.999685,1
T_0000123005,1,0.996022,1
T_0000123040,0,0.543056,0
T_0000123056,1,0.997837,1
T_0000123059,1,0.994384,1
T_0000123067,1,0.810568,1
T_0000123075,1,0.999915,1
T_0000123106,0,0.056806,0
T_0000123217,1,0.997923,1
T_0000123234,1,0.423322,0
T_0000123252,1,0.988966,1
T_0000123255,0,0.077024,0
T_0000123275,1,0.999643,1
T_0000123280,1,0.999325,1
T_0000123336,1,0.997951,1
T_0000123357,1,0.928598,1
T_0000123371,0,0.946261,1
T_0000123374,1,0.998435,1
T_0000123397,1,0.998683,1
T_0000123399,0,0.365191,0
T_0000123401,0,0.033314,0
T_0000123416,1,0.997769,1
T_0000123434,1,0.998200,1
T_0000123442,1,0.999978,1
T_0000123451,1,0.999522,1
T_0000123457,1,0.988786,1
T_0000123460,1,0.999720,1
T_0000123521,1,0.950276,1
T_0000123565,1,0.999355,1
T_0000123577,1,0.999581,1
T_0000123582,1,0.999922,1
T_0000123586,1,0.986295,1
T_0000123595,1,0.931363,1
T_0000123605,1,0.999981,1
T_0000123609,1,0.995580,1
T_0000123662,1,0.999769,1
T_0000123672,0,0.995219,1
T_0000123685,1,0.999664,1
T_0000123699,0,0.079236,0
T_0000123720,1,0.999652,1
T_0000123724,0,0.062323,0
T_0000123768,1,0.957150,1
T_0000123828,1,0.999289,1
T_0000123864,1,0.999736,1
T_0000123907,0,0.077779,0
T_0000123912,1,0.999569,1
T_0000123920,0,0.076836,0
T_0000123937,1,0.962413,1
T_0000123956,1,0.854181,1
T_0000123962,1,0.943829,1
T_0000123982,1,0.975639,1
T_0000123994,1,0.999852,1
T_0000124015,1,0.997454,1
T_0000124070,1,0.993222,1
T_0000124076,1,0.984042,1
T_0000124089,1,0.998710,1
T_0000124149,1,0.999704,1
T_0000124200,1,0.904705,1
T_0000124273,1,0.999951,1
T_0000124288,0,0.065647,0
T_0000124365,1,0.995868,1
T_0000124368,1,0.999594,1
T_0000124377,1,0.996919,1
T_0000124387,1,0.986928,1
T_0000124413,0,0.200279,0
T_0000124434,1,0.998865,1
T_0000124495,1,0.996135,1
T_0000124504,1,0.999798,1
T_0000124523,1,0.996475,1
T_0000124533,0,0.084655,0
T_0000124568,1,0.995008,1
T_0000124592,1,0.999274,1
T_0000124606,1,0.992532,1
T_0000124608,1,0.978317,1
T_0000124624,1,0.992164,1
T_0000124631,0,0.918836,1
T_0000124655,1,0.994914,1
T_0000124670,1,0.996824,1
T_0000124715,0,0.054851,0
T_0000124717,0,0.037579,0
T_0000124817,1,0.995898,1
T_0000124885,1,0.997586,1
T_0000124886,0,0.447809,0
T_0000124923,1,0.996578,1
T_0000124933,0,0.041211,0
T_0000124952,0,0.055868,0
T_0000124970,1,0.999376,1
T_0000124971,1,0.999732,1
T_0000125039,1,0.995720,1
T_0000125046,1,0.999417,1
T_0000125074,1,0.954412,1
T_0000125082,0,0.162065,0
T_0000125097,1,0.998732,1
T_0000125118,1,0.999116,1
T_0000125146,1,0.996171,1
T_0000125175,1,0.999864,1
T_0000125178,1,0.996064,1
T_0000125186,0,0.047791,0
T_0000125228,1,0.999944,1
T_0000125253,0,0.033901,0
T_0000125265,1,0.994667,1
T_0000125284,0,0.065466,0
T_0000125299,1,0.997537,1
T_0000125336,1,0.950680,1
T_0000125338,1,0.934045,1
T_0000125382,1,0.998932,1
T_0000125440,1,0.999739,1
T_0000125446,1,0.999227,1
T_0000125447,1,0.998303,1
T_0000125522,1,0.997696,1
T_0000125523,1,0.999404,1
T_0000125526,1,0.999678,1
T_0000125529,1,0.999599,1
T_0000125548,1,0.998796,1
T_0000125568,1,0.999790,1
T_0000125595,1,0.999189,1
T_0000125597,0,0.058159,0
T_0000125599,1,0.999341,1
T_0000125607,0,0.522584,0
T_0000125609,1,0.999668,1
T_0000125631,1,0.996482,1
T_0000125645,0,0.019225,0
T_0000125687,1,0.998597,1
T_0000125765,0,0.066038,0
T_0000125819,0,0.015314,0
T_0000125855,1,0.928989,1
T_0000125862,0,0.068789,0
T_0000125870,1,0.904589,1
T_0000125914,1,0.999459,1
T_0000125924,0,0.112418,0
T_0000125945,1,0.999952,1
T_0000125974,1,0.998593,1
T_0000126008,1,0.999891,1
T_0000126043,1,0.977650,1
T_0000126082,0,0.043265,0
T_0000126093,0,0.079849,0
T_0000126129,1,0.997665,1
T_0000126154,1,0.995778,1
T_0000126155,1,0.995900,1
T_0000126173,1,0.686394,0
T_0000126175,1,0.979514,1
T_0000126200,1,0.997536,1
T_0000126210,1,0.997056,1
T_0000126214,1,0.999660,1
T_0000126257,1,0.999081,1
T_0000126265,1,0.944857,1
T_0000126302,0,0.122895,0
T_0000126308,0,0.081743,0
T_0000126315,0,0.405080,0
T_0000126317,0,0.194089,0
T_0000126341,1,0.999621,1
T_0000126378,0,0.235063,0
T_0000126382,1,0.994883,1
T_0000126422,1,0.998118,1
T_0000126437,1,0.954406,1
T_0000126471,1,0.993711,1
T_0000126555,1,0.994298,1
T_0000126561,1,0.999604,1
T_0000126583,1,0.995862,1
T_0000126595,1,0.999620,1
T_0000126611,1,0.999885,1
T_0000126648,0,0.089171,0
T_0000126677,1,0.981715,1
T_0000126678,1,0.999918,1
T_0000126686,0,0.196311,0
T_0000126688,1,0.972505,1
T_0000126705,0,0.047804,0
T_0000126712,1,0.988665,1
T_0000126728,1,0.998221,1
T_0000126762,1,0.998112,1
T_0000126763,1,0.999547,1
T_0000126816,1,0.999935,1
T_0000126833,0,0.948748,1
T_0000126842,1,0.997661,1
T_0000126848,0,0.034055,0
T_0000126859,0,0.095511,0
T_0000126883,1,0.999402,1
T_0000126890,0,0.033781,0
T_0000126899,1,0.999439,1
T_0000126939,1,0.994698,1
T_0000126993,1,0.996055,1
T_0000127003,1,0.990943,1
T_0000127016,1,0.990164,1
T_0000127025,1,0.995070,1
T_0000127030,1,0.995966,1
T_0000127056,0,0.038186,0
T_0000127093,1,0.999073,1
T_0000127119,1,0.991275,1
T_0000127171,1,0.883857,1
T_0000127172,1,0.998810,1
T_0000127208,1,0.998961,1
T_0000127235,0,0.258613,0
T_0000127273,1,0.999380,1
T_0000127275,0,0.064683,0
T_0000127279,0,0.046513,0
T_0000127310,1,0.998293,1
T_0000127311,1,0.993325,1
T_0000127363,0,0.128731,0
T_0000127376,1,0.997745,1
T_0000127472,1,0.999556,1
T_0000127474,0,0.045069,0
T_0000127485,0,0.052183,0
T_0000127494,1,0.990467,1
T_0000127513,1,0.998077,1
T_0000127522,1,0.998691,1
T_0000127523,0,0.693378,0
T_0000127529,0,0.126704,0
T_0000127575,1,0.998372,1
T_0000127611,1,0.995602,1
T_0000127659,1,0.998843,1
T_0000127669,1,0.991060,1
T_0000127687,1,0.999954,1
T_0000127712,0,0.723102,0
T_0000127738,0,0.037140,0
T_0000127746,1,0.999698,1
T_0000127752,1,0.997910,1
T_0000127774,1,0.970047,1
T_0000127785,0,0.125600,0
T_0000127807,0,0.071339,0
T_0000127817,1,0.851859,1
T_0000127876,1,0.845927,1
T_0000127916,1,0.973980,1
T_0000127923,1,0.996328,1
T_0000128016,0,0.105203,0
T_0000128029,0,0.022352,0
T_0000128045,1,0.999393,1
T_0000128089,1,0.999767,1
T_0000128101,1,0.997135,1
T_0000128121,1,0.457178,0
T_0000128128,1,0.995508,1
T_0000128172,1,0.992865,1
T_0000128177,1,0.997771,1
T_0000128210,0,0.181516,0
T_0000128235,1,0.999716,1
T_0000128269,1,0.978749,1
T_0000128291,1,0.999913,1
T_0000128306,1,0.999608,1
T_0000128314,1,0.996854,1
T_0000128330,1,0.999168,1
T_0000128343,0,0.036551,0
T_0000128357,1,0.998641,1
T_0000128409,0,0.207236,0
T_0000128412,1,0.999762,1
T_0000128416,1,0.991043,1
T_0000128441,0,0.049319,0
T_0000128500,0,0.056125,0
T_0000128522,1,0.966930,1
T_0000128544,1,0.998220,1
T_0000128598,0,0.074905,0
T_0000128626,1,0.995986,1
T_0000128629,1,0.998771,1
T_0000128653,0,0.038664,0
T_0000128675,1,0.930844,1
T_0000128681,1,0.999546,1
T_0000128696,1,0.999545,1
T_0000128706,1,0.866417,1
T_0000128734,1,0.999202,1
T_0000128811,1,0.740455,0
T_0000128858,1,0.996918,1
T_0000128869,1,0.999125,1
T_0000128882,1,0.994445,1
T_0000128903,0,0.054364,0
T_0000128904,1,0.999042,1
T_0000128912,0,0.086006,0
T_0000128923,1,0.983421,1
T_0000128950,1,0.992811,1
T_0000128982,1,0.997273,1
T_0000128988,1,0.956023,1
T_0000128994,1,0.999923,1
T_0000129036,0,0.260876,0
T_0000129102,1,0.997488,1
T_0000129130,0,0.058641,0
T_0000129136,0,0.501981,0
T_0000129181,1,0.998934,1
T_0000129203,1,0.999772,1
T_0000129230,1,0.999575,1
T_0000129233,1,0.999394,1
T_0000129258,0,0.060900,0
T_0000129275,0,0.076370,0
T_0000129306,1,0.999295,1
T_0000129308,0,0.296321,0
T_0000129318,1,0.998050,1
T_0000129320,1,0.998102,1
T_0000129350,0,0.082563,0
T_0000129379,1,0.999555,1
T_0000129424,1,0.999440,1
T_0000129428,0,0.066694,0
T_0000129430,0,0.080832,0
T_0000129445,1,0.980172,1
T_0000129448,0,0.073266,0
T_0000129456,0,0.306237,0
T_0000129500,1,0.992193,1
T_0000129517,1,0.999376,1
T_0000129540,0,0.079158,0
T_0000129574,0,0.866151,1
T_0000129586,0,0.120558,0
T_0000129599,1,0.999471,1
T_0000129625,0,0.046931,0
T_0000129650,0,0.096286,0
T_0000129656,0,0.036996,0
T_0000129664,0,0.050386,0
T_0000129669,1,0.996570,1
T_0000129676,1,0.999148,1
T_0000129703,0,0.876019,1
T_0000129705,1,0.897257,1
T_0000129736,1,0.998214,1
T_0000129770,0,0.032333,0
T_0000129820,1,0.997213,1
T_0000129831,1,0.993910,1
T_0000129842,1,0.999394,1
T_0000129844,1,0.994216,1
T_0000129861,0,0.861513,1
T_0000129864,0,0.064461,0
T_0000129878,1,0.994616,1
T_0000129942,0,0.085412,0
T_0000129982,1,0.999094,1
T_0000129995,1,0.998602,1
T_0000130038,0,0.071134,0
T_0000130058,1,0.995415,1
T_0000130085,1,0.995923,1
T_0000130088,1,0.991648,1
T_0000130093,1,0.988565,1
T_0000130111,1,0.998807,1
T_0000130133,1,0.996368,1
T_0000130138,0,0.926944,1
T_0000130144,1,0.999312,1
T_0000130158,1,0.984115,1
T_0000130176,1,0.999762,1
T_0000130189,1,0.964681,1
T_0000130213,1,0.999949,1
T_0000130219,1,0.999268,1
T_0000130252,1,0.996857,1
T_0000130274,0,0.559267,0
T_0000130283,0,0.315110,0
T_0000130284,0,0.055528,0
T_0000130296,0,0.048585,0
T_0000130302,0,0.068555,0
T_0000130309,1,0.961983,1
T_0000130345,0,0.051466,0
T_0000130360,0,0.067876,0
T_0000130362,0,0.078056,0
T_0000130405,1,0.999855,1
T_0000130452,0,0.048320,0
T_0000130470,1,0.996371,1
T_0000130481,0,0.507789,0
T_0000130495,0,0.029908,0
T_0000130516,0,0.058744,0
T_0000130525,0,0.066897,0
T_0000130528,1,0.762154,0
T_0000130530,1,0.996666,1
T_0000130538,0,0.060080,0
T_0000130551,1,0.998368,1
T_0000130594,1,0.999979,1
T_0000130602,1,0.998405,1
T_0000130624,1,0.999967,1
T_0000130642,1,0.987772,1
T_0000130650,1,0.999178,1
T_0000130652,1,0.996281,1
T_0000130653,1,0.920934,1
T_0000130656,0,0.094516,0
T_0000130683,0,0.861717,1
T_0000130707,1,0.999842,1
T_0000130722,1,0.999943,1
T_0000130746,0,0.094026,0
T_0000130770,1,0.864194,1
T_0000130794,1,0.998847,1
T_0000130829,1,0.996031,1
T_0000130850,1,0.999084,1
T_0000130873,1,0.977623,1
T_0000130902,1,0.999766,1
T_0000130929,0,0.143338,0
T_0000130974,1,0.999478,1
T_0000131027,1,0.997586,1
T_0000131040,1,0.999365,1
T_0000131065,0,0.053513,0
T_0000131068,0,0.064371,0
T_0000131071,1,0.991125,1
T_0000131078,1,0.998779,1
T_0000131081,1,0.971161,1
T_0000131092,1,0.999575,1
T_0000131109,1,0.783527,1
T_0000131123,1,0.999867,1
T_0000131199,0,0.045529,0
T_0000131226,1,0.997508,1
T_0000131272,0,0.221429,0
T_0000131275,1,0.999455,1
T_0000131301,0,0.039845,0
T_0000131303,0,0.056627,0
T_0000131324,0,0.984328,1
T_0000131334,0,0.040357,0
T_0000131461,1,0.977034,1
T_0000131501,1,0.995297,1
T_0000131520,0,0.029952,0
T_0000131533,0,0.037854,0
T_0000131550,1,0.999167,1
T_0000131554,1,0.937985,1
T_0000131555,1,0.995783,1
T_0000131589,0,0.062670,0
T_0000131605,1,0.954078,1
T_0000131633,1,0.999890,1
T_0000131640,1,0.999975,1
T_0000131652,1,0.999602,1
T_0000131746,1,0.993697,1
T_0000131750,0,0.053479,0
T_0000131763,0,0.985700,1
T_0000131806,0,0.026668,0
T_0000131807,1,0.999134,1
T_0000131810,1,0.997083,1
T_0000131828,1,0.999380,1
T_0000131866,1,0.318610,0
T_0000131872,0,0.028847,0
T_0000131889,1,0.998585,1
T_0000131927,1,0.804698,1
T_0000131969,1,0.999277,1
T_0000131977,0,0.020711,0
T_0000132016,1,0.999770,1
T_0000132030,0,0.035519,0
T_0000132056,1,0.995576,1
T_0000132068,0,0.102996,0
T_0000132082,1,0.994192,1
T_0000132136,0,0.069746,0
T_0000132151,1,0.960397,1
T_0000132166,1,0.999030,1
T_0000132199,0,0.676555,0
T_0000132235,1,0.999794,1
T_0000132247,1,0.717984,0
T_0000132285,1,0.998780,1
T_0000132299,1,0.997969,1
T_0000132317,1,0.999807,1
T_0000132318,1,0.993805,1
T_0000132319,1,0.998237,1
T_0000132389,1,0.996581,1
T_0000132440,1,0.999883,1
T_0000132476,0,0.234177,0
T_0000132506,1,0.999255,1
T_0000132513,0,0.117395,0
T_0000132547,1,0.999328,1
T_0000132587,0,0.149132,0
T_0000132594,0,0.044876,0
T_0000132599,1,0.990478,1
T_0000132618,1,0.998782,1
T_0000132640,1,0.999608,1
T_0000132652,1,0.751325,0
T_0000132705,1,0.949046,1
T_0000132732,1,0.996110,1
T_0000132752,1,0.999033,1
T_0000132762,0,0.062077,0
T_0000132801,1,0.998865,1
T_0000132826,1,0.808822,1
T_0000132837,1,0.995408,1
T_0000132864,0,0.029393,0
T_0000132870,0,0.287578,0
T_0000132872,1,0.983885,1
T_0000132911,1,0.997884,1
T_0000132932,1,0.999941,1
T_0000132942,1,0.998319,1
T_0000132943,0,0.205159,0
T_0000133035,1,0.950851,1
T_0000133037,0,0.111079,0
T_0000133079,0,0.342275,0
T_0000133085,1,0.952437,1
T_0000133090,0,0.151368,0
T_0000133119,1,0.999098,1
T_0000133121,0,0.079556,0
T_0000133171,0,0.183443,0
T_0000133176,1,0.997769,1
T_0000133178,1,0.995912,1
T_0000133204,1,0.999955,1
T_0000133209,1,0.821785,1
T_0000133229,1,0.993864,1
T_0000133248,0,0.060493,0
T_0000133262,0,0.087438,0
T_0000133290,1,0.998205,1
T_0000133306,0,0.555331,0
T_0000133329,1,0.998371,1
T_0000133407,0,0.141858,0
T_0000133424,1,0.997403,1
T_0000133426,0,0.044408,0
T_0000133452,0,0.103032,0
T_0000133464,1,0.999534,1
T_0000133480,1,0.999821,1
T_0000133485,1,0.997727,1
T_0000133548,1,0.994455,1
T_0000133552,1,0.871740,1
T_0000133556,0,0.043233,0
T_0000133603,0,0.151003,0
T_0000133709,1,0.999109,1
T_0000133768,1,0.998208,1
T_0000133907,1,0.993140,1
T_0000133913,0,0.035851,0
T_0000133923,1,0.999014,1
T_0000133941,1,0.433632,0
T_0000133993,1,0.973637,1
T_0000133997,1,0.997816,1
T_0000134005,1,0.998375,1
T_0000134016,1,0.999752,1
T_0000134035,0,0.089015,0
T_0000134125,0,0.462926,0
T_0000134128,1,0.997911,1
T_0000134130,1,0.999551,1
T_0000134141,1,0.808272,1
T_0000134209,0,0.029403,0
T_0000134213,0,0.935637,1
T_0000134228,1,0.998919,1
T_0000134312,0,0.072427,0
T_0000134378,1,0.926432,1
T_0000134467,1,0.336211,0
T_0000134472,1,0.995588,1
T_0000134486,0,0.070381,0
T_0000134502,1,0.999505,1
T_0000134515,1,0.998399,1
T_0000134526,1,0.995914,1
T_0000134528,1,0.998703,1
T_0000134546,0,0.055444,0
T_0000134558,1,0.999903,1
T_0000134696,0,0.050070,0
T_0000134700,1,0.999384,1
T_0000134708,1,0.998090,1
T_0000134725,0,0.051181,0
T_0000134742,1,0.999785,1
T_0000134744,1,0.996156,1
T_0000134779,1,0.792233,1
T_0000134816,1,0.994856,1
T_0000134870,1,0.998531,1
T_0000134881,0,0.041380,0
T_0000134883,0,0.048810,0
T_0000134905,1,0.844041,1
T_0000134912,1,0.995766,1
T_0000134916,1,0.999381,1
T_0000134930,1,0.998127,1
T_0000134934,1,0.997246,1
T_0000134991,1,0.997094,1
T_0000135048,1,0.988173,1
T_0000135092,1,0.996618,1
T_0000135105,0,0.429537,0
T_0000135145,1,0.999429,1
T_0000135147,0,0.710819,0
T_0000135194,0,0.478380,0
T_0000135204,1,0.999692,1
T_0000135234,0,0.028349,0
T_0000135312,0,0.664578,0
T_0000135328,1,0.999251,1
T_0000135350,0,0.136277,0
T_0000135352,1,0.999398,1
T_0000135372,1,0.998765,1
T_0000135405,1,0.978068,1
T_0000135505,1,0.998219,1
T_0000135549,1,0.996314,1
T_0000135553,1,0.918937,1
T_0000135564,1,0.999206,1
T_0000135575,1,0.989496,1
T_0000135615,1,0.999667,1
T_0000135640,1,0.995877,1
T_0000135642,0,0.044641,0
T_0000135668,1,0.988332,1
T_0000135677,0,0.056933,0
T_0000135714,1,0.997768,1
T_0000135775,0,0.035439,0
T_0000135776,1,0.997424,1
T_0000135803,0,0.042688,0
T_0000135805,1,0.998897,1
T_0000135847,0,0.053921,0
T_0000135875,0,0.185747,0
T_0000135891,1,0.995971,1
T_0000135914,1,0.999985,1
T_0000135933,0,0.169078,0
T_0000135937,1,0.999856,1
T_0000136002,1,0.994150,1
T_0000136063,1,0.994981,1
T_0000136075,1,0.999950,1
T_0000136112,1,0.996965,1
T_0000136132,1,0.999483,1
T_0000136134,1,0.999544,1
T_0000136153,1,0.998562,1
T_0000136166,0,0.456827,0
T_0000136196,0,0.045011,0
T_0000136214,1,0.999188,1
T_0000136228,1,0.996118,1
T_0000136230,1,0.998801,1
T_0000136234,1,0.978722,1
T_0000136264,1,0.999529,1
T_0000136304,1,0.999984,1
T_0000136319,1,0.998161,1
T_0000136368,0,0.056107,0
T_0000136445,0,0.074799,0
T_0000136450,1,0.997807,1
T_0000136457,1,0.890441,1
T_0000136497,1,0.988292,1
T_0000136501,0,0.074720,0
T_0000136505,1,0.994040,1
T_0000136525,0,0.079187,0
T_0000136550,1,0.997258,1
T_0000136606,1,0.999972,1
T_0000136623,1,0.999765,1
T_0000136627,0,0.051927,0
T_0000136648,0,0.068033,0
T_0000136652,1,0.998527,1
T_0000136659,1,0.998403,1
T_0000136665,1,0.989965,1
T_0000136682,1,0.999496,1
T_0000136714,1,0.996195,1
T_0000136725,0,0.055398,0
T_0000136735,0,0.051940,0
T_0000136739,0,0.024958,0
T_0000136756,1,0.999886,1
T_0000136764,0,0.345498,0
T_0000136774,1,0.961454,1
T_0000136775,1,0.998190,1
T_0000136777,0,0.026717,0
T_0000136783,0,0.350981,0
T_0000136785,1,0.967999,1
T_0000136786,1,0.999890,1
T_0000136792,1,0.999628,1
T_0000136838,1,0.995844,1
T_0000136842,0,0.826875,1
T_0000136843,1,0.999239,1
T_0000136861,1,0.980638,1
T_0000136884,0,0.070713,0
T_0000136887,1,0.999858,1
T_0000136910,1,0.998664,1
T_0000136952,0,0.012337,0
T_0000136971,0,0.079097,0
T_0000136980,1,0.999653,1
T_0000136994,1,0.999987,1
T_0000137000,0,0.962757,1
T_0000137005,0,0.060795,0
T_0000137056,1,0.999334,1
T_0000137077,1,0.999905,1
T_0000137202,0,0.057536,0
T_0000137215,1,0.304028,0
T_0000137216,1,0.997053,1
T_0000137261,1,0.998626,1
T_0000137272,1,0.999081,1
T_0000137276,1,0.996147,1
T_0000137288,0,0.030251,0
T_0000137346,1,0.592699,0
T_0000137354,0,0.022882,0
T_0000137405,0,0.072072,0
T_0000137416,1,0.999267,1
T_0000137446,1,0.997706,1
T_0000137458,1,0.994061,1
T_0000137470,0,0.028822,0
T_0000137473,1,0.996628,1
T_0000137480,1,0.999776,1
T_0000137522,0,0.040286,0
T_0000137525,1,0.939017,1
T_0000137555,1,0.996257,1
T_0000137576,1,0.998050,1
T_0000137581,1,0.990495,1
T_0000137590,1,0.961566,1
T_0000137669,0,0.087884,0
T_0000137688,1,0.996858,1
T_0000137689,1,0.997818,1
T_0000137691,1,0.564414,0
T_0000137692,1,0.998598,1
T_0000137700,1,0.992966,1
T_0000137717,1,0.975896,1
T_0000137739,1,0.998496,1
T_0000137743,0,0.115735,0
T_0000137746,1,0.998459,1
T_0000137759,0,0.100618,0
T_0000137772,0,0.944906,1
T_0000137794,1,0.995825,1
T_0000137849,0,0.027821,0
T_0000137868,1,0.998742,1
T_0000137879,0,0.092522,0
T_0000137899,1,0.999840,1
T_0000137904,1,0.998689,1
T_0000137915,1,0.998207,1
T_0000137927,0,0.061862,0
T_0000137930,0,0.045482,0
T_0000137989,0,0.064473,0
T_0000137996,1,0.996212,1
T_0000138017,1,0.999664,1
T_0000138018,0,0.079144,0
T_0000138087,1,0.999936,1
T_0000138121,1,0.999642,1
T_0000138122,0,0.024893,0
T_0000138192,0,0.200543,0
T_0000138194,1,0.945371,1
T_0000138224,1,0.999331,1
T_0000138230,0,0.034676,0
T_0000138252,1,0.996956,1
T_0000138279,1,0.996516,1
T_0000138286,1,0.999560,1
T_0000138292,1,0.994524,1
T_0000138335,1,0.998938,1
T_0000138354,0,0.269448,0
T_0000138396,1,0.886000,1
T_0000138400,0,0.102684,0
T_0000138409,1,0.269849,0
T_0000138434,1,0.998908,1
T_0000138464,1,0.999714,1
T_0000138473,1,0.611434,0
T_0000138499,0,0.331983,0
T_0000138519,1,0.998868,1
T_0000138524,0,0.072882,0
T_0000138595,1,0.999062,1
T_0000138636,1,0.999389,1
T_0000138657,1,0.997874,1
T_0000138668,1,0.997729,1
T_0000138737,0,0.045965,0
T_0000138808,0,0.022211,0
T_0000138814,1,0.999442,1
T_0000138830,1,0.998800,1
T_0000138841,1,0.999909,1
T_0000138872,0,0.343993,0
T_0000138878,1,0.998609,1
T_0000138880,1,0.999947,1
T_0000138884,1,0.999954,1
T_0000138926,0,0.061753,0
T_0000138981,0,0.035993,0
T_0000139041,0,0.046864,0
T_0000139064,1,0.997167,1
T_0000139114,0,0.057669,0
T_0000139118,0,0.222110,0
T_0000139164,1,0.917175,1
T_0000139166,0,0.233488,0
T_0000139188,1,0.999216,1
T_0000139221,1,0.999549,1
T_0000139238,1,0.999588,1
T_0000139260,0,0.115012,0
T_0000139275,0,0.063488,0
T_0000139286,0,0.088247,0
T_0000139291,1,0.999116,1
T_0000139295,0,0.248598,0
T_0000139329,1,0.992292,1
T_0000139347,0,0.075445,0
T_0000139378,1,0.998847,1
T_0000139389,0,0.074849,0
T_0000139400,1,0.999861,1
T_0000139461,1,0.999944,1
T_0000139491,1,0.998957,1
T_0000139526,0,0.075141,0
T_0000139528,1,0.977029,1
T_0000139667,0,0.250356,0
T_0000139681,1,0.999331,1
T_0000139685,0,0.042837,0
T_0000139712,0,0.328149,0
T_0000139730,1,0.998981,1
T_0000139741,0,0.063613,0
T_0000139784,1,0.999048,1
T_0000139802,1,0.911122,1
T_0000139829,1,0.999732,1
T_0000139834,1,0.999898,1
T_0000139849,0,0.040437,0
T_0000139982,1,0.993008,1
T_0000139988,1,0.999132,1
T_0000139998,1,0.999842,1
T_0000140006,0,0.991447,1
T_0000140027,0,0.078955,0
T_0000140040,0,0.298961,0
T_0000140067,0,0.157510,0
T_0000140068,1,0.999959,1
T_0000140074,0,0.080390,0
T_0000140076,0,0.035123,0
T_0000140117,0,0.618409,0
T_0000140121,0,0.107570,0
T_0000140127,0,0.068541,0
T_0000140170,0,0.082425,0
T_0000140175,1,0.999735,1
T_0000140211,1,0.997501,1
T_0000140214,1,0.997830,1
T_0000140240,0,0.061720,0
T_0000140263,0,0.779710,1
T_0000140282,0,0.009398,0
T_0000140283,0,0.036219,0
T_0000140303,1,0.998700,1
T_0000140315,1,0.999815,1
T_0000140343,1,0.994425,1
T_0000140352,1,0.998041,1
T_0000140378,0,0.038492,0
T_0000140428,1,0.999695,1
T_0000140453,1,0.998659,1
T_0000140458,1,0.971789,1
T_0000140460,0,0.127297,0
T_0000140464,1,0.997712,1
T_0000140497,0,0.014719,0
T_0000140556,0,0.139623,0
T_0000140566,1,0.993235,1
T_0000140573,1,0.997927,1
T_0000140589,1,0.999564,1
T_0000140607,0,0.072138,0
T_0000140691,1,0.999081,1
T_0000140702,0,0.106959,0
T_0000140705,1,0.991490,1
T_0000140781,1,0.901910,1
T_0000140793,1,0.998235,1
T_0000140795,0,0.037285,0
T_0000140858,1,0.997385,1
T_0000140929,1,0.999784,1
T_0000140963,1,0.999193,1
T_0000140980,0,0.154340,0
T_0000141016,0,0.092815,0
T_0000141030,1,0.981371,1
T_0000141095,1,0.998645,1
T_0000141151,1,0.996929,1
T_0000141168,0,0.075728,0
T_0000141183,1,0.994034,1
T_0000141208,1,0.999900,1
T_0000141209,1,0.656035,0
T_0000141212,1,0.999201,1
T_0000141232,0,0.861485,1
T_0000141253,1,0.973728,1
T_0000141262,0,0.072270,0
T_0000141282,0,0.309956,0
T_0000141300,1,0.975817,1
T_0000141316,1,0.999854,1
T_0000141334,1,0.997937,1
T_0000141373,0,0.872845,1
T_0000141429,1,0.999826,1
T_0000141442,1,0.989390,1
T_0000141463,1,0.992870,1
T_0000141487,1,0.998737,1
T_0000141492,1,0.996008,1
T_0000141494,1,0.998916,1
T_0000141520,1,0.996938,1
T_0000141530,0,0.065298,0
T_0000141532,0,0.921445,1
T_0000141537,1,0.994414,1
T_0000141545,1,0.984146,1
T_0000141560,0,0.077093,0
T_0000141588,1,0.997262,1
T_0000141591,1,0.993077,1
T_0000141609,0,0.057586,0
T_0000141631,1,0.273224,0
T_0000141671,1,0.999846,1
T_0000141675,1,0.999959,1
T_0000141682,0,0.720742,0
T_0000141704,0,0.813745,1
T_0000141706,0,0.149292,0
T_0000141754,0,0.885188,1
T_0000141775,1,0.999454,1
T_0000141787,1,0.999413,1
T_0000141860,1,0.972627,1
T_0000141862,1,0.982309,1
T_0000141872,1,0.996910,1
T_0000141875,1,0.999785,1
T_0000141886,0,0.406036,0
T_0000141909,0,0.073689,0
T_0000141910,1,0.995355,1
T_0000141957,1,0.992876,1
T_0000141981,1,0.999476,1
T_0000142023,1,0.999526,1
T_0000142072,0,0.570759,0
T_0000142083,1,0.999992,1
T_0000142091,1,0.997557,1
T_0000142106,1,0.990505,1
T_0000142143,0,0.026124,0
T_0000142157,1,0.999069,1
T_0000142173,1,0.984368,1
T_0000142203,1,0.998888,1
T_0000142239,1,0.999319,1
T_0000142267,0,0.055128,0
T_0000142294,1,0.998295,1
T_0000142312,1,0.999921,1
T_0000142329,1,0.989276,1
T_0000142330,1,0.991478,1
T_0000142399,1,0.999951,1
T_0000142409,0,0.033260,0
T_0000142410,1,0.997528,1
T_0000142420,1,0.962478,1
T_0000142453,0,0.107227,0
T_0000142497,1,0.999842,1
T_0000142499,0,0.080112,0
T_0000142500,0,0.036185,0
T_0000142540,0,0.129110,0
T_0000142551,0,0.910616,1
T_0000142555,1,0.999946,1
T_0000142562,1,0.999628,1
T_0000142584,0,0.902860,1
T_0000142614,1,0.999236,1
T_0000142624,0,0.035388,0
T_0000142627,0,0.711241,0
T_0000142640,1,0.991384,1
T_0000142646,1,0.991324,1
T_0000142654,1,0.999422,1
T_0000142656,1,0.998651,1
T_0000142684,1,0.998003,1
T_0000142760,1,0.997833,1
T_0000142821,1,0.961270,1
T_0000142822,1,0.995943,1
T_0000142826,1,0.997687,1
T_0000142875,1,0.994957,1
T_0000142897,1,0.991285,1
T_0000142924,1,0.930052,1
T_0000142934,1,0.971446,1
T_0000142946,1,0.993657,1
T_0000142969,1,0.999500,1
T_0000142992,1,0.999847,1
T_0000143001,0,0.050528,0
T_0000143002,0,0.043300,0
T_0000143015,1,0.999791,1
T_0000143016,1,0.997212,1
T_0000143022,1,0.999732,1
T_0000143039,1,0.993602,1
T_0000143064,1,0.995315,1
T_0000143113,1,0.978129,1
T_0000143125,1,0.966166,1
T_0000143153,0,0.183638,0
T_0000143155,1,0.994695,1
T_0000143159,0,0.854782,1
T_0000143223,1,0.760357,0
T_0000143225,0,0.063602,0
T_0000143234,0,0.887556,1
T_0000143278,0,0.056996,0
T_0000143292,0,0.805939,1
T_0000143293,1,0.992265,1
T_0000143297,1,0.998410,1
T_0000143316,1,0.987869,1
T_0000143318,0,0.027399,0
T_0000143320,0,0.024212,0
T_0000143348,1,0.997815,1
T_0000143349,1,0.999323,1
T_0000143353,0,0.235530,0
T_0000143429,1,0.996157,1
T_0000143437,1,0.994799,1
T_0000143457,1,0.998701,1
T_0000143498,1,0.998855,1
T_0000143507,0,0.041066,0
T_0000143555,0,0.021540,0
T_0000143564,1,0.999703,1
T_0000143583,1,0.999331,1
T_0000143584,1,0.711142,0
T_0000143610,1,0.996229,1
T_0000143626,1,0.999757,1
T_0000143633,1,0.999870,1
T_0000143712,1,0.999691,1
T_0000143723,1,0.997518,1
T_0000143727,1,0.999917,1
T_0000143736,1,0.987072,1
T_0000143759,1,0.904531,1
T_0000143763,1,0.999327,1
T_0000143783,1,0.998052,1
T_0000143798,0,0.076584,0
T_0000143811,0,0.456683,0
T_0000143823,1,0.999479,1
T_0000143854,1,0.999753,1
T_0000143867,1,0.999750,1
T_0000143874,0,0.673495,0
T_0000143886,1,0.999683,1
T_0000143897,1,0.999931,1
T_0000143910,1,0.999476,1
T_0000143936,1,0.999771,1
T_0000143940,1,0.999839,1
T_0000143942,1,0.999821,1
T_0000143952,1,0.999074,1
T_0000143958,0,0.130076,0
T_0000144029,0,0.125952,0
T_0000144032,1,0.996746,1
T_0000144042,1,0.999729,1
T_0000144043,0,0.432364,0
T_0000144058,1,0.993557,1
T_0000144060,0,0.113217,0
T_0000144143,1,0.921906,1
T_0000144172,1,0.996118,1
T_0000144184,1,0.999953,1
T_0000144216,0,0.068981,0
T_0000144259,1,0.999172,1
T_0000144263,1,0.957016,1
T_0000144303,1,0.995492,1
T_0000144306,1,0.997997,1
T_0000144363,1,0.997735,1
T_0000144371,0,0.033459,0
T_0000144383,0,0.604090,0
T_0000144385,1,0.996158,1
T_0000144417,0,0.071164,0
T_0000144427,1,0.999653,1
T_0000144444,1,0.996572,1
T_0000144450,1,0.993615,1
T_0000144472,1,0.999716,1
T_0000144491,0,0.089197,0
T_0000144517,1,0.994162,1
T_0000144520,1,0.996601,1
T_0000144536,1,0.998454,1
T_0000144560,1,0.997956,1
T_0000144567,1,0.972636,1
T_0000144574,1,0.999632,1
T_0000144591,1,0.991392,1
T_0000144608,1,0.995266,1
T_0000144629,0,0.076788,0
T_0000144638,1,0.999342,1
T_0000144649,1,0.998005,1
T_0000144657,1,0.998874,1
T_0000144659,1,0.994214,1
T_0000144742,1,0.999548,1
T_0000144782,0,0.085971,0
T_0000144821,1,0.995940,1
T_0000144831,1,0.994044,1
T_0000144863,1,0.980243,1
T_0000144944,1,0.999338,1
T_0000144971,1,0.999761,1
T_0000145049,0,0.032036,0
T_0000145057,0,0.035310,0
T_0000145059,1,0.992907,1
T_0000145064,1,0.943070,1
T_0000145087,1,0.996344,1
T_0000145104,0,0.039929,0
T_0000145108,0,0.094291,0
T_0000145114,1,0.997056,1
T_0000145156,0,0.045245,0
T_0000145179,1,0.998935,1
T_0000145197,1,0.990152,1
T_0000145217,1,0.999843,1
T_0000145231,1,0.999391,1
T_0000145238,1,0.996462,1
T_0000145255,0,0.469739,0
T_0000145261,0,0.065196,0
T_0000145262,1,0.999655,1
T_0000145266,1,0.997727,1
T_0000145277,1,0.990223,1
T_0000145315,1,0.994833,1
T_0000145330,1,0.999341,1
T_0000145343,0,0.040220,0
T_0000145348,1,0.994702,1
T_0000145391,1,0.999566,1
T_0000145420,0,0.048538,0
T_0000145466,1,0.999970,1
T_0000145478,0,0.038948,0
T_0000145481,1,0.995513,1
T_0000145496,1,0.998673,1
T_0000145498,0,0.100632,0
T_0000145512,0,0.266221,0
T_0000145527,0,0.957817,1
T_0000145575,0,0.898599,1
T_0000145580,1,0.999951,1
T_0000145581,0,0.042313,0
T_0000145594,1,0.999472,1
T_0000145612,1,0.989401,1
T_0000145642,1,0.997351,1
T_0000145693,0,0.102583,0
T_0000145700,1,0.995624,1
T_0000145706,1,0.997739,1
T_0000145739,1,0.998703,1
T_0000145785,1,0.982942,1
T_0000145786,1,0.999342,1
T_0000145799,1,0.997710,1
T_0000145809,1,0.999319,1
T_0000145810,0,0.027566,0
T_0000145832,1,0.998348,1
T_0000145852,0,0.079346,0
T_0000145865,1,0.981910,1
T_0000145874,1,0.995334,1
T_0000145882,0,0.043169,0
T_0000145890,0,0.341031,0
T_0000145916,1,0.063110,0
T_0000145957,0,0.921786,1
T_0000146000,1,0.996757,1
T_0000146015,1,0.998417,1
T_0000146041,1,0.998963,1
T_0000146094,1,0.998830,1
T_0000146098,1,0.980531,1
T_0000146130,1,0.925854,1
T_0000146146,1,0.998516,1
T_0000146177,1,0.935492,1
T_0000146204,1,0.613213,0
T_0000146220,1,0.998322,1
T_0000146230,1,0.997693,1
T_0000146246,1,0.996167,1
T_0000146248,1,0.991290,1
T_0000146263,0,0.122125,0
T_0000146276,0,0.085341,0
T_0000146280,1,0.998109,1
T_0000146312,1,0.998545,1
T_0000146343,1,0.996307,1
T_0000146371,1,0.998189,1
T_0000146380,1,0.900726,1
T_0000146425,1,0.998417,1
T_0000146427,1,0.999663,1
T_0000146461,1,0.999703,1
T_0000146472,0,0.111384,0
T_0000146475,1,0.903172,1
T_0000146538,1,0.989736,1
T_0000146544,0,0.027992,0
T_0000146560,1,0.992042,1
T_0000146568,0,0.045675,0
T_0000146608,1,0.961424,1
T_0000146632,0,0.889324,1
T_0000146635,0,0.717505,0
T_0000146661,1,0.996420,1
T_0000146673,1,0.999031,1
T_0000146702,0,0.026221,0
T_0000146708,1,0.921133,1
T_0000146736,1,0.997836,1
T_0000146751,1,0.999857,1
T_0000146753,1,0.999082,1
T_0000146762,1,0.999174,1
T_0000146786,1,0.978204,1
T_0000146831,0,0.147957,0
T_0000146849,1,0.994045,1
T_0000146850,1,0.999364,1
T_0000146879,1,0.998170,1
T_0000146904,0,0.615979,0
T_0000146907,0,0.062878,0
T_0000146919,1,0.999259,1
T_0000146928,1,0.999499,1
T_0000146931,1,0.925667,1
T_0000146955,1,0.997288,1
T_0000146967,1,0.999776,1
T_0000147003,1,0.997623,1
T_0000147015,1,0.982052,1
T_0000147020,1,0.999806,1
T_0000147081,1,0.998701,1
T_0000147111,1,0.999763,1
T_0000147119,0,0.093373,0
T_0000147128,1,0.994954,1
T_0000147136,1,0.864644,1
T_0000147142,1,0.994623,1
T_0000147181,1,0.847193,1
T_0000147185,1,0.997322,1
T_0000147246,0,0.049289,0
T_0000147248,1,0.959207,1
T_0000147288,1,0.999955,1
T_0000147335,1,0.999316,1
T_0000147341,0,0.099192,0
T_0000147344,1,0.997242,1
T_0000147347,0,0.028447,0
T_0000147348,1,0.999329,1
T_0000147391,1,0.994306,1
T_0000147431,0,0.068106,0
T_0000147477,1,0.999563,1
T_0000147517,0,0.124038,0
T_0000147523,0,0.052600,0
T_0000147528,1,0.972384,1
T_0000147554,1,0.998498,1
T_0000147590,0,0.072793,0
T_0000147598,1,0.998295,1
T_0000147615,1,0.999690,1
T_0000147631,1,0.999548,1
T_0000147637,1,0.998670,1
T_0000147640,1,0.998034,1
T_0000147718,1,0.998827,1
T_0000147742,0,0.039575,0
T_0000147756,1,0.999379,1
T_0000147766,0,0.035119,0
T_0000147776,1,0.997577,1
T_0000147777,1,0.997083,1
T_0000147847,1,0.997384,1
T_0000147893,0,0.032700,0
T_0000147904,1,0.995555,1
T_0000147925,1,0.999317,1
T_0000147942,1,0.728795,0
T_0000147944,1,0.999965,1
T_0000147958,0,0.626403,0
T_0000148008,0,0.135219,0
T_0000148036,0,0.733688,0
T_0000148046,1,0.998819,1
T_0000148087,1,0.999988,1
T_0000148104,1,0.998405,1
T_0000148117,1,0.999967,1
T_0000148125,1,0.999134,1
T_0000148134,1,0.994059,1
T_0000148137,1,0.994819,1
T_0000148176,1,0.983475,1
T_0000148184,1,0.976151,1
T_0000148235,1,0.997325,1
T_0000148267,1,0.999822,1
T_0000148282,1,0.945630,1
T_0000148300,1,0.993998,1
T_0000148317,1,0.999737,1
T_0000148326,1,0.999579,1
T_0000148351,1,0.999378,1
T_0000148367,1,0.988288,1
T_0000148370,1,0.991270,1
T_0000148379,1,0.999702,1
T_0000148406,0,0.092519,0
T_0000148475,1,0.993698,1
T_0000148478,1,0.988167,1
T_0000148517,1,0.960171,1
T_0000148532,1,0.998459,1
T_0000148592,1,0.998085,1
T_0000148602,0,0.563699,0
T_0000148625,1,0.997851,1
T_0000148631,1,0.999982,1
T_0000148633,1,0.304858,0
T_0000148698,0,0.271579,0
T_0000148699,1,0.999231,1
T_0000148704,0,0.092573,0
T_0000148705,0,0.360291,0
T_0000148722,1,0.999258,1
T_0000148744,1,0.995515,1
T_0000148771,1,0.998540,1
T_0000148780,0,0.074802,0
T_0000148783,1,0.999694,1
T_0000148798,1,0.999788,1
T_0000148823,0,0.311033,0
T_0000148833,1,0.997222,1
T_0000148851,1,0.858415,1
T_0000148854,1,0.991210,1
T_0000148908,0,0.022261,0
T_0000148909,1,0.999580,1
T_0000148993,1,0.996180,1
T_0000149012,1,0.999861,1
T_0000149014,0,0.566574,0
T_0000149048,0,0.148844,0
T_0000149052,0,0.970497,1
T_0000149103,1,0.999348,1
T_0000149107,1,0.997918,1
T_0000149131,1,0.973675,1
T_0000149150,0,0.205981,0
T_0000149170,1,0.991691,1
T_0000149225,0,0.065942,0
T_0000149228,0,0.060889,0
T_0000149269,0,0.082867,0
T_0000149279,1,0.998904,1
T_0000149311,1,0.993991,1
T_0000149313,1,0.993653,1
T_0000149345,1,0.997121,1
T_0000149351,1,0.999340,1
T_0000149372,1,0.999367,1
T_0000149373,1,0.999760,1
T_0000149381,1,0.999948,1
T_0000149418,1,0.997312,1
T_0000149426,0,0.097595,0
T_0000149456,0,0.032269,0
T_0000149494,0,0.038337,0
T_0000149510,1,0.997923,1
T_0000149528,1,0.988490,1
T_0000149602,1,0.994612,1
T_0000149693,1,0.998434,1
T_0000149705,0,0.074828,0
T_0000149749,1,0.997345,1
T_0000149764,0,0.484095,0
T_0000149770,1,0.994949,1
T_0000149828,1,0.954091,1
T_0000149839,1,0.992771,1
T_0000149845,1,0.992478,1
T_0000149880,0,0.030926,0
T_0000149895,0,0.059062,0
T_0000149899,1,0.118677,0
T_0000149931,1,0.999804,1
T_0000149941,1,0.997859,1
T_0000149991,1,0.994439,1
T_0000150046,1,0.999749,1
T_0000150081,1,0.997254,1
T_0000150134,1,0.999663,1
T_0000150153,1,0.998774,1
T_0000150201,1,0.997913,1
T_0000150209,0,0.051178,0
T_0000150225,0,0.048909,0
T_0000150228,0,0.411384,0
T_0000150257,0,0.059329,0
T_0000150261,1,0.997118,1
T_0000150263,0,0.035610,0
T_0000150270,1,0.999367,1
T_0000150312,0,0.299000,0
T_0000150344,0,0.094081,0
T_0000150359,1,0.998001,1
T_0000150375,1,0.989607,1
T_0000150409,1,0.995729,1
T_0000150445,0,0.105659,0
T_0000150454,1,0.999584,1
T_0000150462,1,0.999546,1
T_0000150514,1,0.997384,1
T_0000150591,0,0.019755,0
T_0000150612,1,0.997793,1
T_0000150624,0,0.152520,0
T_0000150690,1,0.990115,1
T_0000150700,1,0.994661,1
T_0000150750,0,0.166905,0
T_0000150758,0,0.054843,0
T_0000150763,1,0.999452,1
T_0000150765,0,0.082874,0
T_0000150816,1,0.952565,1
T_0000150819,1,0.998144,1
T_0000150830,1,0.995610,1
T_0000150831,1,0.999353,1
T_0000150843,1,0.989171,1
T_0000150860,1,0.999726,1
T_0000150885,1,0.997827,1
T_0000150887,0,0.613211,0
T_0000150891,1,0.999557,1
T_0000150898,1,0.998416,1
T_0000150916,0,0.378053,0
T_0000150924,1,0.992747,1
T_0000151042,1,0.997619,1
T_0000151044,0,0.055343,0
T_0000151053,1,0.987208,1
T_0000151068,0,0.152495,0
T_0000151116,1,0.999230,1
T_0000151125,0,0.032622,0
T_0000151136,0,0.109650,0
T_0000151178,1,0.999352,1
T_0000151180,0,0.042221,0
T_0000151182,0,0.038496,0
T_0000151207,1,0.867466,1
T_0000151215,1,0.999893,1
T_0000151246,1,0.999957,1
T_0000151247,1,0.936672,1
T_0000151257,1,0.995043,1
T_0000151295,1,0.990744,1
T_0000151308,0,0.166002,0
T_0000151329,1,0.998913,1
T_0000151331,1,0.993000,1
T_0000151333,1,0.998761,1
T_0000151361,0,0.009755,0
T_0000151369,1,0.109818,0
T_0000151416,1,0.592584,0
T_0000151422,1,0.999807,1
T_0000151428,1,0.994279,1
T_0000151489,1,0.999488,1
T_0000151491,1,0.818747,1
T_0000151516,0,0.014839,0
T_0000151577,0,0.165892,0
T_0000151593,1,0.070490,0
T_0000151601,1,0.995268,1
T_0000151613,0,0.075251,0
T_0000151619,1,0.999936,1
T_0000151629,1,0.994521,1
T_0000151656,1,0.999868,1
T_0000151662,1,0.999953,1
T_0000151680,1,0.998783,1
T_0000151695,1,0.990728,1
T_0000151711,0,0.028780,0
T_0000151715,1,0.999979,1
T_0000151725,1,0.999844,1
T_0000151733,0,0.054007,0
T_0000151748,1,0.133203,0
T_0000151774,0,0.525874,0
T_0000151779,1,0.990505,1
T_0000151780,1,0.994663,1
T_0000151784,1,0.999958,1
T_0000151792,1,0.992079,1
T_0000151808,0,0.022870,0
T_0000151809,0,0.030429,0
T_0000151819,0,0.033167,0
T_0000151851,1,0.996345,1
T_0000151856,0,0.054283,0
T_0000151889,1,0.998367,1
T_0000151897,1,0.996084,1
T_0000151911,1,0.986927,1
T_0000151916,1,0.998883,1
T_0000151937,1,0.997363,1
T_0000151951,1,0.988266,1
T_0000151965,1,0.999574,1
T_0000151978,1,0.982069,1
T_0000152039,0,0.082938,0
T_0000152040,0,0.069302,0
T_0000152059,1,0.999994,1
T_0000152091,1,0.997672,1
T_0000152099,1,0.998381,1
T_0000152133,1,0.998249,1
T_0000152138,1,0.996732,1
T_0000152175,0,0.060276,0
T_0000152179,1,0.982605,1
T_0000152185,0,0.065240,0
T_0000152189,1,0.999674,1
T_0000152203,1,0.999884,1
T_0000152215,1,0.999992,1
T_0000152249,1,0.995233,1
T_0000152318,1,0.996947,1
T_0000152340,1,0.932570,1
T_0000152370,1,0.999539,1
T_0000152438,1,0.997091,1
T_0000152501,0,0.017412,0
T_0000152541,1,0.999983,1
T_0000152561,0,0.474553,0
T_0000152574,0,0.255074,0
T_0000152598,1,0.999873,1
T_0000152608,0,0.036401,0
T_0000152687,1,0.998821,1
T_0000152690,0,0.610208,0
T_0000152717,1,0.977177,1
T_0000152722,0,0.591753,0
T_0000152828,0,0.582819,0
T_0000152839,0,0.049173,0
T_0000152870,1,0.992204,1
T_0000152893,0,0.161186,0
T_0000152901,1,0.996938,1
T_0000152931,1,0.999704,1
T_0000152979,0,0.034527,0
T_0000153016,1,0.676237,0
T_0000153038,1,0.999439,1
T_0000153044,1,0.997186,1
T_0000153046,1,0.999964,1
T_0000153066,1,0.988899,1
T_0000153074,1,0.999794,1
T_0000153081,0,0.048739,0
T_0000153092,1,0.116756,0
T_0000153122,1,0.996514,1
T_0000153170,1,0.986871,1
T_0000153172,1,0.999915,1
T_0000153177,1,0.999308,1
T_0000153215,1,0.574440,0
T_0000153300,1,0.452358,0
T_0000153307,1,0.999896,1
T_0000153332,0,0.049460,0
T_0000153372,0,0.104114,0
T_0000153396,1,0.998303,1
T_0000153402,1,0.999416,1
T_0000153408,1,0.999256,1
T_0000153460,1,0.999900,1
T_0000153468,1,0.999424,1
T_0000153471,1,0.995057,1
T_0000153522,1,0.995071,1
T_0000153523,1,0.999653,1
T_0000153529,0,0.035087,0
T_0000153533,0,0.034690,0
T_0000153562,1,0.999084,1
T_0000153609,1,0.987349,1
T_0000153669,1,0.999382,1
T_0000153674,0,0.034469,0
T_0000153697,1,0.999418,1
T_0000153701,0,0.018720,0
T_0000153752,1,0.863499,1
T_0000153756,0,0.072675,0
T_0000153762,1,0.999779,1
T_0000153787,1,0.999960,1
T_0000153794,1,0.987858,1
T_0000153817,0,0.207169,0
T_0000153863,0,0.227213,0
T_0000153867,0,0.029924,0
T_0000153883,1,0.996729,1
T_0000153926,1,0.999620,1
T_0000153928,1,0.841596,1
T_0000153932,1,0.989439,1
T_0000153934,1,0.999316,1
T_0000153935,1,0.999670,1
T_0000153938,1,0.997035,1
T_0000153943,1,0.997476,1
T_0000153966,1,0.998069,1
T_0000154029,1,0.996955,1
T_0000154036,1,0.998059,1
T_0000154038,1,0.999963,1
T_0000154051,1,0.999929,1
T_0000154070,0,0.062102,0
T_0000154075,1,0.998494,1
T_0000154080,1,0.998996,1
T_0000154098,1,0.995686,1
T_0000154102,0,0.172588,0
T_0000154155,1,0.996826,1
T_0000154183,0,0.047847,0
T_0000154199,1,0.999652,1
T_0000154206,1,0.994478,1
T_0000154219,1,0.981439,1
T_0000154230,1,0.986346,1
T_0000154245,1,0.998350,1
T_0000154249,1,0.992745,1
T_0000154253,0,0.102608,0
T_0000154257,1,0.986712,1
T_0000154270,0,0.027597,0
T_0000154286,1,0.996942,1
T_0000154376,0,0.949755,1
T_0000154398,0,0.972458,1
T_0000154449,0,0.119714,0
T_0000154461,0,0.045276,0
T_0000154502,1,0.995306,1
T_0000154528,0,0.469473,0
T_0000154534,1,0.999206,1
T_0000154573,0,0.051568,0
T_0000154603,1,0.996157,1
T_0000154612,1,0.999772,1
T_0000154636,0,0.039803,0
T_0000154686,0,0.029418,0
T_0000154713,0,0.025519,0
T_0000154737,1,0.999474,1
T_0000154750,1,0.999509,1
T_0000154758,1,0.969681,1
T_0000154759,1,0.998664,1
T_0000154774,1,0.990720,1
T_0000154838,0,0.071564,0
T_0000154864,1,0.999633,1
T_0000154876,0,0.953893,1
T_0000155014,1,0.997558,1
T_0000155034,0,0.159382,0
T_0000155043,1,0.995887,1
T_0000155055,1,0.998579,1
T_0000155064,0,0.805523,1
T_0000155074,1,0.934379,1
T_0000155133,1,0.997303,1
T_0000155170,1,0.998569,1
T_0000155190,1,0.997410,1
T_0000155253,0,0.040574,0
T_0000155258,1,0.895134,1
T_0000155274,1,0.999654,1
T_0000155278,1,0.996682,1
T_0000155341,0,0.048545,0
T_0000155355,1,0.932102,1
T_0000155365,1,0.999624,1
T_0000155373,1,0.998884,1
T_0000155379,1,0.999822,1
T_0000155429,1,0.991490,1
T_0000155464,0,0.194685,0
T_0000155528,0,0.685219,0
T_0000155562,1,0.988545,1
T_0000155577,1,0.998786,1
T_0000155578,1,0.994271,1
T_0000155581,1,0.997733,1
T_0000155589,1,0.999819,1
T_0000155593,1,0.999720,1
T_0000155602,1,0.995680,1
T_0000155608,1,0.996562,1
T_0000155621,0,0.107898,0
T_0000155624,0,0.136962,0
T_0000155636,1,0.980140,1
T_0000155643,1,0.997799,1
T_0000155672,1,0.999527,1
T_0000155694,0,0.706369,0
T_0000155697,1,0.999060,1
T_0000155806,1,0.999739,1
T_0000155847,1,0.999473,1
T_0000155917,1,0.999350,1
T_0000155921,0,0.990682,1
T_0000155933,0,0.258913,0
T_0000155943,1,0.998726,1
T_0000156001,1,0.999537,1
T_0000156034,0,0.273083,0
T_0000156038,0,0.972275,1
T_0000156045,1,0.959546,1
T_0000156070,1,0.919228,1
T_0000156094,1,0.999661,1
T_0000156106,0,0.613609,0
T_0000156133,1,0.998604,1
T_0000156137,1,0.999730,1
T_0000156146,1,0.999917,1
T_0000156152,1,0.999300,1
T_0000156162,1,0.999853,1
T_0000156198,0,0.019980,0
T_0000156205,0,0.075346,0
T_0000156206,0,0.946878,1
T_0000156217,0,0.052240,0
T_0000156262,0,0.042934,0
T_0000156270,0,0.059446,0
T_0000156332,0,0.095431,0
T_0000156347,1,0.998224,1
T_0000156418,0,0.138890,0
T_0000156448,1,0.999663,1
T_0000156524,1,0.999638,1
T_0000156557,1,0.988383,1
T_0000156629,0,0.038407,0
T_0000156654,1,0.999100,1
T_0000156664,1,0.999058,1
T_0000156681,1,0.997339,1
T_0000156701,1,0.932740,1
T_0000156731,1,0.951573,1
T_0000156744,1,0.999167,1
T_0000156753,0,0.064139,0
T_0000156762,0,0.046486,0
T_0000156806,1,0.999421,1
T_0000156807,1,0.999621,1
T_0000156844,1,0.958958,1
T_0000156851,1,0.999536,1
T_0000156853,0,0.755159,0
T_0000156857,0,0.017987,0
T_0000156876,1,0.998732,1
T_0000156898,0,0.047791,0
T_0000156903,1,0.999648,1
T_0000156914,0,0.111549,0
T_0000156943,1,0.999964,1
T_0000156950,1,0.496052,0
T_0000156953,1,0.999897,1
T_0000156986,1,0.996778,1
T_0000156992,1,0.999976,1
T_0000156996,0,0.044002,0
T_0000157038,1,0.997926,1
T_0000157045,0,0.530084,0
T_0000157065,1,0.989052,1
T_0000157076,1,0.998417,1
T_0000157111,0,0.069197,0
T_0000157117,0,0.106026,0
T_0000157162,0,0.032103,0
T_0000157185,0,0.359833,0
T_0000157187,1,0.995420,1
T_0000157226,1,0.999590,1
T_0000157239,1,0.993562,1
T_0000157246,1,0.996999,1
T_0000157277,1,0.994915,1
T_0000157280,1,0.791997,1
T_0000157319,1,0.999488,1
T_0000157320,1,0.999347,1
T_0000157325,0,0.031128,0
T_0000157344,1,0.999243,1
T_0000157349,0,0.040244,0
T_0000157384,1,0.999165,1
T_0000157407,0,0.044626,0
T_0000157467,1,0.999942,1
T_0000157480,1,0.998741,1
T_0000157487,1,0.997972,1
T_0000157533,0,0.057578,0
T_0000157549,1,0.998038,1
T_0000157592,1,0.998513,1
T_0000157596,1,0.999779,1
T_0000157599,1,0.999064,1
T_0000157723,0,0.122620,0
T_0000157743,1,0.999282,1
T_0000157756,1,0.999233,1
T_0000157759,1,0.997977,1
T_0000157778,0,0.048015,0
T_0000157804,1,0.998180,1
T_0000157812,1,0.932128,1
T_0000157825,1,0.998829,1
T_0000157842,1,0.997424,1
T_0000157848,0,0.045711,0
T_0000157861,1,0.989183,1
T_0000157875,1,0.998489,1
T_0000157887,1,0.993375,1
T_0000157895,0,0.039238,0
T_0000157913,1,0.999815,1
T_0000157915,0,0.063953,0
T_0000157935,0,0.298608,0
T_0000157961,1,0.985551,1
T_0000157971,1,0.985081,1
T_0000158021,1,0.944434,1
T_0000158036,1,0.983495,1
T_0000158114,1,0.996380,1
T_0000158133,0,0.056829,0
T_0000158179,1,0.811717,1
T_0000158221,0,0.064741,0
T_0000158243,1,0.998445,1
T_0000158251,1,0.991346,1
T_0000158256,1,0.955816,1
T_0000158282,1,0.963393,1
T_0000158286,0,0.043918,0
T_0000158306,1,0.999907,1
T_0000158307,1,0.784957,1
T_0000158349,1,0.999898,1
T_0000158359,1,0.996026,1
T_0000158386,0,0.053061,0
T_0000158408,0,0.158127,0
T_0000158461,1,0.959346,1
T_0000158467,1,0.999914,1
T_0000158578,0,0.069258,0
T_0000158579,0,0.114267,0
T_0000158587,1,0.994892,1
T_0000158653,1,0.997059,1
T_0000158660,1,0.998869,1
T_0000158724,1,0.990265,1
T_0000158742,1,0.899127,1
T_0000158780,1,0.999518,1
T_0000158789,1,0.998412,1
T_0000158845,1,0.993928,1
T_0000158858,0,0.320789,0
T_0000158883,1,0.999412,1
T_0000158896,1,0.991731,1
T_0000158928,1,0.995530,1
T_0000158945,0,0.090968,0
T_0000158977,1,0.995330,1
T_0000158989,0,0.987710,1
T_0000159039,1,0.996311,1
T_0000159040,1,0.996470,1
T_0000159095,0,0.991706,1
T_0000159122,1,0.720195,0
T_0000159145,0,0.860418,1
T_0000159149,0,0.057262,0
T_0000159152,0,0.052955,0
T_0000159198,1,0.999512,1
T_0000159203,1,0.997904,1
T_0000159213,1,0.990958,1
T_0000159231,1,0.997941,1
T_0000159237,1,0.999799,1
T_0000159250,1,0.997529,1
T_0000159278,1,0.989938,1
T_0000159319,1,0.989535,1
T_0000159331,1,0.999836,1
T_0000159356,0,0.246911,0
T_0000159420,1,0.999372,1
T_0000159436,1,0.994534,1
T_0000159441,1,0.996083,1
T_0000159470,1,0.490525,0
T_0000159474,1,0.999711,1
T_0000159476,1,0.999757,1
T_0000159553,0,0.029677,0
T_0000159557,0,0.078092,0
T_0000159585,1,0.992802,1
T_0000159630,1,0.991975,1
T_0000159637,0,0.075246,0
T_0000159643,1,0.985951,1
T_0000159718,1,0.997600,1
T_0000159739,1,0.997443,1
T_0000159775,1,0.993389,1
T_0000159794,0,0.587487,0
T_0000159811,1,0.995239,1
T_0000159835,1,0.997753,1
T_0000159850,1,0.996806,1
T_0000159877,1,0.999839,1
T_0000159878,0,0.029403,0
T_0000159927,1,0.999438,1
T_0000159946,0,0.017541,0
T_0000159949,1,0.997312,1
T_0000159952,1,0.997686,1
T_0000159992,1,0.999921,1
T_0000160003,0,0.076663,0
T_0000160030,1,0.994964,1
T_0000160047,0,0.029300,0
T_0000160060,1,0.993790,1
T_0000160067,1,0.997448,1
T_0000160070,0,0.075835,0
T_0000160073,0,0.012712,0
T_0000160092,1,0.999424,1
T_0000160096,1,0.999879,1
T_0000160147,1,0.999714,1
T_0000160187,1,0.995842,1
T_0000160190,1,0.845767,1
T_0000160212,1,0.998531,1
T_0000160246,0,0.057962,0
T_0000160249,1,0.976942,1
T_0000160282,1,0.999050,1
T_0000160311,1,0.995578,1
T_0000160327,0,0.093458,0
T_0000160332,0,0.037517,0
T_0000160347,1,0.998246,1
T_0000160349,1,0.999659,1
T_0000160383,1,0.999360,1
T_0000160390,0,0.083614,0
T_0000160405,1,0.999692,1
T_0000160409,1,0.997716,1
T_0000160421,1,0.998714,1
T_0000160447,1,0.999791,1
T_0000160454,0,0.025115,0
T_0000160477,0,0.030441,0
T_0000160492,0,0.092624,0
T_0000160496,0,0.041492,0
T_0000160507,0,0.214680,0
T_0000160539,0,0.256015,0
T_0000160560,0,0.057129,0
T_0000160600,0,0.071790,0
T_0000160602,1,0.997161,1
T_0000160628,0,0.029703,0
T_0000160635,1,0.999507,1
T_0000160643,1,0.999898,1
T_0000160650,1,0.372729,0
T_0000160662,1,0.998111,1
T_0000160710,1,0.997500,1
T_0000160733,0,0.056030,0
T_0000160735,0,0.053801,0
T_0000160746,0,0.073854,0
T_0000160780,1,0.890478,1
T_0000160792,1,0.999875,1
T_0000160811,1,0.997249,1
T_0000160827,1,0.997774,1
T_0000160846,0,0.493587,0
T_0000160881,0,0.065147,0
T_0000160894,0,0.944640,1
T_0000160913,1,0.999892,1
T_0000160983,1,0.996529,1
T_0000160988,1,0.999429,1
T_0000161023,0,0.068240,0
T_0000161025,1,0.760653,0
T_0000161035,1,0.997388,1
T_0000161042,0,0.135331,0
T_0000161045,1,0.997652,1
T_0000161046,1,0.999656,1
T_0000161141,1,0.993535,1
T_0000161165,1,0.999161,1
T_0000161195,1,0.995441,1
T_0000161203,1,0.999909,1
T_0000161229,1,0.999065,1
T_0000161246,1,0.999976,1
T_0000161290,1,0.999854,1
T_0000161298,0,0.093557,0
T_0000161331,1,0.997530,1
T_0000161353,1,0.384667,0
T_0000161366,1,0.938356,1
T_0000161374,1,0.999298,1
T_0000161392,0,0.074351,0
T_0000161430,0,0.021909,0
T_0000161481,0,0.551705,0
T_0000161494,1,0.918632,1
T_0000161512,1,0.066677,0
T_0000161513,1,0.999955,1
T_0000161529,0,0.045687,0
T_0000161543,0,0.068828,0
T_0000161549,1,0.999217,1
T_0000161593,1,0.995282,1
T_0000161613,0,0.670945,0
T_0000161640,1,0.996967,1
T_0000161644,1,0.999248,1
T_0000161659,1,0.997844,1
T_0000161674,1,0.995145,1
T_0000161679,1,0.994044,1
T_0000161701,1,0.998490,1
T_0000161716,0,0.057952,0
T_0000161723,0,0.021234,0
T_0000161777,1,0.424018,0
T_0000161825,1,0.999801,1
T_0000161829,0,0.158644,0
T_0000161847,0,0.096671,0
T_0000161895,0,0.075624,0
T_0000161900,0,0.014851,0
T_0000161904,1,0.997833,1
T_0000161921,0,0.274809,0
T_0000161925,1,0.999091,1
T_0000161926,1,0.998857,1
T_0000161935,0,0.227145,0
T_0000161967,0,0.428136,0
T_0000161977,1,0.999910,1
T_0000161981,0,0.423635,0
T_0000161985,1,0.997124,1
T_0000161996,0,0.064107,0
T_0000161998,1,0.998597,1
T_0000162003,1,0.999878,1
T_0000162039,1,0.999780,1
T_0000162043,1,0.898985,1
T_0000162073,1,0.997996,1
T_0000162083,1,0.990068,1
T_0000162122,1,0.999817,1
T_0000162132,0,0.063915,0
T_0000162140,1,0.996220,1
T_0000162151,0,0.167180,0
T_0000162165,1,0.994951,1
T_0000162189,0,0.800049,1
T_0000162201,0,0.042265,0
T_0000162203,0,0.068341,0
T_0000162211,0,0.068248,0
T_0000162213,1,0.997420,1
T_0000162226,1,0.917075,1
T_0000162246,1,0.999161,1
T_0000162252,1,0.999488,1
T_0000162262,1,0.999231,1
T_0000162292,0,0.079626,0
T_0000162295,1,0.999603,1
T_0000162310,0,0.061903,0
T_0000162315,1,0.999644,1
T_0000162322,1,0.998587,1
T_0000162329,1,0.999700,1
T_0000162344,0,0.061608,0
T_0000162374,1,0.999416,1
T_0000162393,1,0.948343,1
T_0000162426,1,0.999118,1
T_0000162435,0,0.031806,0
T_0000162443,0,0.107712,0
T_0000162455,1,0.999866,1
T_0000162474,0,0.121565,0
T_0000162479,0,0.053824,0
T_0000162485,0,0.272782,0
T_0000162501,0,0.680816,0
T_0000162587,1,0.996704,1
T_0000162607,1,0.999398,1
T_0000162612,0,0.129976,0
T_0000162624,1,0.997574,1
T_0000162681,1,0.999395,1
T_0000162735,1,0.998487,1
T_0000162762,1,0.994801,1
T_0000162815,1,0.998993,1
T_0000162823,1,0.997827,1
T_0000162837,0,0.068923,0
T_0000162853,1,0.999167,1
T_0000162889,0,0.068790,0
T_0000162930,1,0.998323,1
T_0000162953,0,0.041245,0
T_0000162967,1,0.999884,1
T_0000162969,0,0.065530,0
T_0000162975,0,0.072111,0
T_0000162985,1,0.999956,1
T_0000162987,1,0.999130,1
T_0000162999,1,0.999970,1
T_0000163013,1,0.999278,1
T_0000163050,1,0.999188,1
T_0000163113,0,0.098318,0
T_0000163133,0,0.120777,0
T_0000163168,0,0.051485,0
T_0000163171,0,0.062266,0
T_0000163197,1,0.999856,1
T_0000163208,1,0.999582,1
T_0000163213,1,0.999759,1
T_0000163225,1,0.999454,1
T_0000163231,1,0.998966,1
T_0000163290,1,0.999868,1
T_0000163316,1,0.999830,1
T_0000163326,1,0.997918,1
T_0000163341,0,0.051818,0
T_0000163372,1,0.621082,0
T_0000163458,1,0.990723,1
T_0000163497,1,0.998812,1
T_0000163547,0,0.072171,0
T_0000163579,0,0.048814,0
T_0000163589,1,0.652236,0
T_0000163612,1,0.997784,1
T_0000163620,1,0.999483,1
T_0000163633,0,0.280336,0
T_0000163634,0,0.013328,0
T_0000163652,0,0.324350,0
T_0000163669,0,0.176424,0
T_0000163682,0,0.277880,0
T_0000163701,1,0.999932,1
T_0000163729,0,0.038532,0
T_0000163780,0,0.038227,0
T_0000163797,0,0.055939,0
T_0000163832,1,0.998328,1
T_0000163853,1,0.995687,1
T_0000163881,1,0.935110,1
T_0000163896,1,0.997780,1
T_0000163918,0,0.041280,0
T_0000163942,1,0.994251,1
T_0000163951,1,0.997102,1
T_0000163962,1,0.997985,1
T_0000164030,1,0.995758,1
T_0000164033,1,0.998492,1
T_0000164063,0,0.054692,0
T_0000164065,1,0.984071,1
T_0000164080,0,0.021639,0
T_0000164090,1,0.999677,1
T_0000164098,1,0.894716,1
T_0000164129,1,0.784156,1
T_0000164138,1,0.936753,1
T_0000164161,1,0.993329,1
T_0000164173,1,0.991621,1
T_0000164182,0,0.262148,0
T_0000164185,1,0.995372,1
T_0000164193,1,0.992333,1
T_0000164288,0,0.056018,0
T_0000164305,1,0.997319,1
T_0000164312,0,0.385378,0
T_0000164317,1,0.136383,0
T_0000164329,1,0.998753,1
T_0000164334,1,0.991945,1
T_0000164336,1,0.996050,1
T_0000164368,1,0.996071,1
T_0000164371,1,0.998233,1
T_0000164374,1,0.997671,1
T_0000164377,0,0.070322,0
T_0000164412,1,0.997165,1
T_0000164439,1,0.998875,1
T_0000164449,1,0.998767,1
T_0000164460,1,0.998074,1
T_0000164468,1,0.954774,1
T_0000164471,1,0.993992,1
T_0000164478,0,0.252012,0
T_0000164496,1,0.999927,1
T_0000164507,0,0.432631,0
T_0000164508,1,0.993495,1
T_0000164510,0,0.977603,1
T_0000164535,1,0.997025,1
T_0000164554,1,0.999964,1
T_0000164561,1,0.995593,1
T_0000164583,0,0.098515,0
T_0000164654,0,0.051630,0
T_0000164658,1,0.999366,1
T_0000164677,1,0.996902,1
T_0000164686,0,0.055345,0
T_0000164702,1,0.991705,1
T_0000164714,1,0.999172,1
T_0000164717,1,0.997016,1
T_0000164736,1,0.995087,1
T_0000164748,1,0.993383,1
T_0000164783,1,0.998021,1
T_0000164785,1,0.999217,1
T_0000164802,1,0.997260,1
T_0000164804,1,0.954738,1
T_0000164818,0,0.007396,0
T_0000164862,0,0.102148,0
T_0000164874,1,0.996291,1
T_0000164875,1,0.999963,1
T_0000164882,1,0.981664,1
T_0000164884,1,0.999891,1
T_0000164897,0,0.069914,0
T_0000164946,0,0.016948,0
T_0000164986,1,0.999784,1
T_0000165016,0,0.036624,0
T_0000165028,1,0.911698,1
T_0000165029,1,0.999365,1
T_0000165072,1,0.989708,1
T_0000165074,1,0.979665,1
T_0000165101,1,0.999396,1
T_0000165115,1,0.946081,1
T_0000165202,1,0.997874,1
T_0000165222,1,0.999597,1
T_0000165237,1,0.997536,1
T_0000165246,1,0.995729,1
T_0000165271,0,0.390912,0
T_0000165276,0,0.993069,1
T_0000165277,0,0.135092,0
T_0000165281,1,0.985984,1
T_0000165296,1,0.999925,1
T_0000165366,1,0.986960,1
T_0000165369,1,0.996412,1
T_0000165371,1,0.998317,1
T_0000165390,1,0.998808,1
T_0000165395,1,0.996337,1
T_0000165408,0,0.064602,0
T_0000165415,1,0.987746,1
T_0000165421,1,0.941003,1
T_0000165452,0,0.083311,0
T_0000165497,1,0.988541,1
T_0000165515,1,0.996584,1
T_0000165550,1,0.995823,1
T_0000165560,0,0.919346,1
T_0000165562,1,0.999663,1
T_0000165578,0,0.402203,0
T_0000165587,1,0.996462,1
T_0000165601,1,0.998336,1
T_0000165633,1,0.999593,1
T_0000165667,1,0.999880,1
T_0000165668,1,0.994383,1
T_0000165710,0,0.094000,0
T_0000165715,1,0.694303,0
T_0000165723,1,0.998488,1
T_0000165725,1,0.994376,1
T_0000165727,0,0.089467,0
T_0000165780,1,0.949844,1
T_0000165832,1,0.992580,1
T_0000165848,1,0.991668,1
T_0000165871,0,0.846991,1
T_0000165920,0,0.169017,0
T_0000165925,1,0.998032,1
T_0000165942,0,0.073101,0
T_0000165945,1,0.996963,1
T_0000165959,1,0.995457,1
T_0000165967,1,0.999604,1
T_0000165977,0,0.116719,0
T_0000166080,1,0.997808,1
T_0000166083,0,0.179513,0
T_0000166123,1,0.996859,1
T_0000166132,0,0.059672,0
T_0000166140,0,0.047245,0
T_0000166144,1,0.999852,1
T_0000166170,0,0.128249,0
T_0000166172,1,0.999302,1
T_0000166224,0,0.050672,0
T_0000166252,0,0.481908,0
T_0000166263,0,0.556821,0
T_0000166324,1,0.998379,1
T_0000166342,1,0.998249,1
T_0000166343,0,0.020053,0
T_0000166345,1,0.997776,1
T_0000166386,1,0.999701,1
T_0000166395,1,0.996095,1
T_0000166458,1,0.993008,1
T_0000166556,1,0.999287,1
T_0000166591,0,0.044489,0
T_0000166601,1,0.999576,1
T_0000166621,0,0.418535,0
T_0000166628,1,0.998415,1
T_0000166645,0,0.054372,0
T_0000166657,1,0.999960,1
T_0000166672,0,0.438357,0
T_0000166679,0,0.054915,0
T_0000166688,1,0.997813,1
T_0000166691,1,0.999740,1
T_0000166694,0,0.032917,0
T_0000166705,0,0.103684,0
T_0000166707,0,0.037473,0
T_0000166726,1,0.999658,1
T_0000166741,1,0.999021,1
T_0000166749,1,0.998735,1
T_0000166766,1,0.974544,1
T_0000166781,0,0.744465,0
T_0000166784,1,0.983422,1
T_0000166840,1,0.999500,1
T_0000166877,0,0.027266,0
T_0000166880,0,0.055781,0
T_0000166884,1,0.999785,1
T_0000166887,1,0.999411,1
T_0000166896,1,0.999567,1
T_0000166911,0,0.719820,0
T_0000166916,1,0.835855,1
T_0000166964,0,0.039895,0
T_0000167071,1,0.994690,1
T_0000167097,1,0.999885,1
T_0000167110,1,0.997738,1
T_0000167113,1,0.999323,1
T_0000167132,1,0.999772,1
T_0000167167,0,0.029153,0
T_0000167169,1,0.995261,1
T_0000167204,0,0.063889,0
T_0000167247,1,0.999066,1
T_0000167251,1,0.999048,1
T_0000167267,0,0.733888,0
T_0000167277,1,0.712267,0
T_0000167290,0,0.099316,0
T_0000167313,1,0.999838,1
T_0000167329,0,0.150516,0
T_0000167393,1,0.998252,1
T_0000167395,1,0.996529,1
T_0000167396,1,0.994669,1
T_0000167411,1,0.992956,1
T_0000167425,0,0.050577,0
T_0000167446,0,0.056358,0
T_0000167481,1,0.856300,1
T_0000167513,1,0.999002,1
T_0000167520,1,0.999736,1
T_0000167522,0,0.103483,0
T_0000167562,1,0.984676,1
T_0000167573,1,0.999420,1
T_0000167591,0,0.034553,0
T_0000167605,1,0.999899,1
T_0000167609,1,0.998235,1
T_0000167672,0,0.081723,0
T_0000167697,1,0.999514,1
T_0000167715,1,0.937583,1
T_0000167725,1,0.987197,1
T_0000167741,1,0.973001,1
T_0000167792,1,0.999891,1
T_0000167804,0,0.033278,0
T_0000167853,1,0.993406,1
T_0000167854,1,0.997698,1
T_0000167863,0,0.039697,0
T_0000167887,0,0.114382,0
T_0000167923,1,0.999838,1
T_0000167933,1,0.999251,1
T_0000167951,1,0.992810,1
T_0000167980,1,0.998252,1
T_0000167982,1,0.998366,1
T_0000167998,0,0.083425,0
T_0000168004,1,0.324662,0
T_0000168008,0,0.066916,0
T_0000168016,1,0.998442,1
T_0000168023,1,0.997415,1
T_0000168024,0,0.084824,0
T_0000168025,0,0.081401,0
T_0000168034,1,0.999973,1
T_0000168040,1,0.999510,1
T_0000168063,1,0.998782,1
T_0000168075,1,0.999973,1
T_0000168164,1,0.999809,1
T_0000168177,1,0.998780,1
T_0000168186,0,0.028630,0
T_0000168191,1,0.999450,1
T_0000168297,1,0.917075,1
T_0000168303,1,0.994456,1
T_0000168311,1,0.094937,0
T_0000168313,1,0.999688,1
T_0000168348,0,0.034686,0
T_0000168357,0,0.059780,0
T_0000168360,1,0.998476,1
T_0000168373,1,0.999952,1
T_0000168379,1,0.999941,1
T_0000168385,1,0.999430,1
T_0000168387,1,0.996980,1
T_0000168398,1,0.995628,1
T_0000168427,1,0.999595,1
T_0000168442,1,0.999964,1
T_0000168483,0,0.024315,0
T_0000168485,1,0.997091,1
T_0000168512,0,0.055204,0
T_0000168538,0,0.205600,0
T_0000168555,1,0.967037,1
T_0000168557,1,0.999235,1
T_0000168608,0,0.069620,0
T_0000168611,1,0.996680,1
T_0000168636,1,0.999860,1
T_0000168662,1,0.987842,1
T_0000168675,1,0.600099,0
T_0000168685,0,0.950308,1
T_0000168723,1,0.992155,1
T_0000168745,0,0.060983,0
T_0000168758,0,0.039512,0
T_0000168763,1,0.999825,1
T_0000168772,1,0.998787,1
T_0000168829,1,0.999495,1
T_0000168838,0,0.119732,0
T_0000168847,1,0.990266,1
T_0000168853,0,0.048742,0
T_0000168890,0,0.113331,0
T_0000168924,1,0.999697,1
T_0000168939,1,0.999796,1
T_0000168958,0,0.031575,0
T_0000168989,0,0.106916,0
T_0000168997,0,0.086512,0
T_0000169006,0,0.091619,0
T_0000169021,1,0.999608,1
T_0000169045,0,0.444149,0
T_0000169061,1,0.846757,1
T_0000169093,0,0.044666,0
T_0000169129,0,0.773473,1
T_0000169144,0,0.070775,0
T_0000169180,1,0.999261,1
T_0000169215,1,0.999836,1
T_0000169225,0,0.161718,0
T_0000169246,1,0.997162,1
T_0000169253,1,0.998927,1
T_0000169257,1,0.998919,1
T_0000169302,0,0.017707,0
T_0000169353,1,0.990894,1
T_0000169356,0,0.446453,0
T_0000169376,1,0.999602,1
T_0000169418,1,0.259980,0
T_0000169453,1,0.999930,1
T_0000169454,1,0.999983,1
T_0000169456,1,0.999853,1
T_0000169464,1,0.907410,1
T_0000169485,0,0.024360,0
T_0000169517,0,0.042133,0
T_0000169563,0,0.289233,0
T_0000169575,1,0.999958,1
T_0000169577,1,0.999773,1
T_0000169595,0,0.548094,0
T_0000169599,1,0.999652,1
T_0000169628,1,0.978321,1
T_0000169636,0,0.051594,0
T_0000169637,1,0.999601,1
T_0000169654,0,0.053135,0
T_0000169657,1,0.999604,1
T_0000169680,1,0.999910,1
T_0000169706,1,0.999533,1
T_0000169729,0,0.117303,0
T_0000169730,0,0.031371,0
T_0000169737,0,0.553431,0
T_0000169780,1,0.999729,1
T_0000169809,0,0.427166,0
T_0000169811,0,0.046530,0
T_0000169837,1,0.977949,1
T_0000169859,0,0.072935,0
T_0000169864,1,0.997478,1
T_0000169880,0,0.958313,1
T_0000169887,1,0.999991,1
T_0000169904,1,0.999981,1
T_0000169912,1,0.998059,1
T_0000169971,0,0.061114,0
T_0000169974,1,0.999812,1
T_0000169997,1,0.999839,1
T_0000170044,1,0.999125,1
T_0000170046,1,0.999881,1
T_0000170063,0,0.033541,0
T_0000170083,1,0.999197,1
T_0000170102,1,0.999658,1
T_0000170120,0,0.719692,0
T_0000170167,1,0.999399,1
T_0000170174,1,0.999518,1
T_0000170175,0,0.332426,0
T_0000170181,1,0.999159,1
T_0000170185,0,0.094692,0
T_0000170186,1,0.999803,1
T_0000170200,1,0.999763,1
T_0000170204,1,0.999062,1
T_0000170286,1,0.928776,1
T_0000170310,1,0.998692,1
T_0000170359,1,0.999666,1
T_0000170419,1,0.999374,1
T_0000170438,1,0.999703,1
T_0000170447,1,0.998574,1
T_0000170449,0,0.073640,0
T_0000170456,1,0.999823,1
T_0000170470,0,0.407174,0
T_0000170489,0,0.013737,0
T_0000170523,1,0.999992,1
T_0000170526,1,0.997860,1
T_0000170536,1,0.999226,1
T_0000170552,1,0.999938,1
T_0000170602,1,0.999988,1
T_0000170628,1,0.997686,1
T_0000170732,0,0.054171,0
T_0000170737,0,0.078885,0
T_0000170738,1,0.924190,1
T_0000170785,1,0.997054,1
T_0000170786,0,0.866062,1
T_0000170828,1,0.834465,1
T_0000170870,1,0.999977,1
T_0000170891,1,0.999489,1
T_0000170894,1,0.998687,1
T_0000170904,1,0.999016,1
T_0000170927,1,0.998110,1
T_0000170937,0,0.872554,1
T_0000170975,1,0.997580,1
T_0000170995,1,0.993162,1
T_0000171010,1,0.999567,1
T_0000171036,0,0.611900,0
T_0000171066,1,0.999861,1
T_0000171098,1,0.999614,1
T_0000171100,1,0.990550,1
T_0000171122,1,0.999334,1
T_0000171125,1,0.999899,1
T_0000171169,0,0.066588,0
T_0000171185,0,0.810856,1
T_0000171208,1,0.999982,1
T_0000171236,1,0.991631,1
T_0000171280,1,0.998311,1
T_0000171303,1,0.999973,1
T_0000171325,1,0.991612,1
T_0000171371,1,0.996204,1
T_0000171407,1,0.999093,1
T_0000171422,0,0.063244,0
T_0000171423,0,0.028617,0
T_0000171443,0,0.098755,0
T_0000171451,0,0.060544,0
T_0000171459,1,0.995535,1
T_0000171461,1,0.991988,1
T_0000171463,0,0.089957,0
T_0000171472,1,0.958627,1
T_0000171496,1,0.999648,1
T_0000171502,1,0.999673,1
T_0000171517,0,0.060168,0
T_0000171529,1,0.999801,1
T_0000171561,1,0.979714,1
T_0000171576,1,0.998116,1
T_0000171584,1,0.998279,1
T_0000171632,1,0.967714,1
T_0000171640,1,0.945382,1
T_0000171668,1,0.999276,1
T_0000171685,0,0.324466,0
T_0000171690,1,0.995501,1
T_0000171697,1,0.998176,1
T_0000171709,1,0.999475,1
T_0000171723,0,0.049704,0
T_0000171734,1,0.993214,1
T_0000171751,1,0.998406,1
T_0000171774,0,0.068300,0
T_0000171807,1,0.998210,1
T_0000171839,0,0.565394,0
T_0000171841,0,0.111829,0
T_0000171951,1,0.999392,1
T_0000172008,1,0.999006,1
T_0000172017,1,0.999283,1
T_0000172073,1,0.999071,1
T_0000172086,0,0.992047,1
T_0000172110,1,0.999397,1
T_0000172158,1,0.998159,1
T_0000172167,1,0.992410,1
T_0000172173,1,0.999121,1
T_0000172254,0,0.069860,0
T_0000172274,1,0.998040,1
T_0000172312,1,0.996345,1
T_0000172322,0,0.111024,0
T_0000172328,1,0.998389,1
T_0000172353,1,0.999757,1
T_0000172357,1,0.999036,1
T_0000172385,1,0.999742,1
T_0000172432,1,0.985861,1
T_0000172523,0,0.814066,1
T_0000172537,1,0.962997,1
T_0000172550,0,0.065541,0
T_0000172564,1,0.993345,1
T_0000172569,0,0.213246,0
T_0000172649,1,0.999057,1
T_0000172657,0,0.027288,0
T_0000172710,1,0.996810,1
T_0000172711,1,0.999682,1
T_0000172740,1,0.997405,1
T_0000172756,1,0.996319,1
T_0000172771,0,0.964586,1
T_0000172826,1,0.999986,1
T_0000172840,1,0.998336,1
T_0000172844,0,0.252986,0
T_0000172861,0,0.197737,0
T_0000172939,0,0.123206,0
T_0000172949,1,0.995617,1
T_0000172961,1,0.995132,1
T_0000172965,1,0.999414,1
T_0000172978,1,0.998495,1
T_0000173042,1,0.998696,1
T_0000173056,1,0.936442,1
T_0000173098,1,0.999732,1
T_0000173130,1,0.995068,1
T_0000173138,1,0.999773,1
T_0000173172,1,0.996931,1
T_0000173177,1,0.999401,1
T_0000173181,1,0.440838,0
T_0000173183,0,0.860738,1
T_0000173217,1,0.997497,1
T_0000173230,0,0.068755,0
T_0000173244,0,0.044216,0
T_0000173302,1,0.999331,1
T_0000173413,1,0.998753,1
T_0000173445,1,0.999291,1
T_0000173459,1,0.995472,1
T_0000173498,1,0.995308,1
T_0000173499,1,0.998743,1
T_0000173504,1,0.999907,1
T_0000173508,1,0.996594,1
T_0000173518,1,0.999676,1
T_0000173521,0,0.073150,0
T_0000173528,1,0.673749,0
T_0000173552,1,0.995835,1
T_0000173554,1,0.999055,1
T_0000173555,0,0.037490,0
T_0000173567,1,0.939425,1
T_0000173595,0,0.738270,0
T_0000173630,1,0.622497,0
T_0000173632,1,0.994867,1
T_0000173682,0,0.198428,0
T_0000173685,1,0.997141,1
T_0000173695,1,0.997342,1
T_0000173715,1,0.997364,1
T_0000173730,0,0.048585,0
T_0000173743,1,0.995412,1
T_0000173744,1,0.995240,1
T_0000173777,1,0.999526,1
T_0000173850,1,0.976754,1
T_0000173856,0,0.103002,0
T_0000173881,1,0.999274,1
T_0000173883,1,0.866687,1
T_0000173897,1,0.994567,1
T_0000173986,1,0.998042,1
T_0000173994,1,0.999479,1
T_0000174070,1,0.993639,1
T_0000174082,1,0.999220,1
T_0000174087,1,0.997649,1
T_0000174090,1,0.995981,1
T_0000174180,1,0.999330,1
T_0000174196,0,0.134703,0
T_0000174203,0,0.072909,0
T_0000174265,1,0.909459,1
T_0000174294,0,0.049569,0
T_0000174310,1,0.997266,1
T_0000174325,0,0.029764,0
T_0000174330,0,0.063818,0
T_0000174388,1,0.999225,1
T_0000174398,0,0.091933,0
T_0000174427,0,0.052406,0
T_0000174431,1,0.993678,1
T_0000174444,0,0.060286,0
T_0000174450,1,0.998811,1
T_0000174456,1,0.998714,1
T_0000174469,1,0.999949,1
T_0000174550,1,0.906617,1
T_0000174572,0,0.022070,0
T_0000174656,1,0.999963,1
T_0000174680,1,0.679928,0
T_0000174682,1,0.999486,1
T_0000174691,0,0.085706,0
T_0000174699,0,0.164095,0
T_0000174702,1,0.999677,1
T_0000174705,0,0.024555,0
T_0000174747,0,0.067668,0
T_0000174778,0,0.016221,0
T_0000174889,0,0.081293,0
T_0000174896,0,0.048484,0
T_0000174905,1,0.989375,1
T_0000174935,1,0.999930,1
T_0000174941,0,0.035106,0
T_0000174945,1,0.999504,1
T_0000174991,0,0.240115,0
T_0000175000,1,0.994484,1
T_0000175030,1,0.984578,1
T_0000175032,1,0.998810,1
T_0000175068,1,0.999883,1
T_0000175072,1,0.999381,1
T_0000175142,0,0.069111,0
T_0000175166,1,0.997339,1
T_0000175172,0,0.134555,0
T_0000175218,1,0.997413,1
T_0000175221,1,0.993908,1
T_0000175223,0,0.193089,0
T_0000175258,1,0.998361,1
T_0000175271,0,0.056357,0
T_0000175286,1,0.980318,1
T_0000175396,0,0.276993,0
T_0000175483,1,0.998988,1
T_0000175522,1,0.996015,1
T_0000175528,1,0.999904,1
T_0000175540,1,0.996885,1
T_0000175542,0,0.893158,1
T_0000175585,1,0.992125,1
T_0000175615,1,0.913502,1
T_0000175643,1,0.999110,1
T_0000175652,1,0.914369,1
T_0000175705,1,0.539546,0
T_0000175752,0,0.011438,0
T_0000175760,0,0.508177,0
T_0000175772,1,0.996272,1
T_0000175779,1,0.998860,1
T_0000175837,0,0.401365,0
T_0000175890,1,0.999634,1
T_0000175891,1,0.999871,1
T_0000175910,1,0.800974,1
T_0000175926,0,0.087157,0
T_0000175956,0,0.039640,0
T_0000175961,0,0.047635,0
T_0000175985,1,0.999769,1
T_0000175991,0,0.048069,0
T_0000176010,0,0.045061,0
T_0000176028,0,0.234910,0
T_0000176050,1,0.998971,1
T_0000176086,0,0.075288,0
T_0000176106,1,0.997135,1
T_0000176119,0,0.049214,0
T_0000176149,1,0.995366,1
T_0000176185,0,0.486243,0
T_0000176199,1,0.994981,1
T_0000176205,1,0.995658,1
T_0000176233,0,0.016037,0
T_0000176249,1,0.999814,1
T_0000176273,0,0.114347,0
T_0000176289,1,0.999551,1
T_0000176356,1,0.999108,1
T_0000176374,0,0.040055,0
T_0000176389,1,0.999034,1
T_0000176409,1,0.999859,1
T_0000176412,1,0.999951,1
T_0000176420,1,0.999884,1
T_0000176421,1,0.999726,1
T_0000176433,1,0.999828,1
T_0000176439,1,0.999894,1
T_0000176464,0,0.046525,0
T_0000176511,1,0.999921,1
T_0000176525,1,0.999332,1
T_0000176526,1,0.999208,1
T_0000176535,1,0.997752,1
T_0000176540,0,0.090554,0
T_0000176548,1,0.985915,1
T_0000176586,0,0.072064,0
T_0000176587,1,0.995346,1
T_0000176600,1,0.894223,1
T_0000176634,1,0.998891,1
T_0000176711,0,0.048648,0
T_0000176723,1,0.999781,1
T_0000176725,1,0.989914,1
T_0000176728,1,0.998163,1
T_0000176770,0,0.010694,0
T_0000176779,0,0.054496,0
T_0000176782,1,0.999307,1
T_0000176783,1,0.999809,1
T_0000176785,1,0.995683,1
T_0000176812,1,0.999124,1
T_0000176814,1,0.999082,1
T_0000176824,0,0.060172,0
T_0000176843,1,0.997997,1
T_0000176850,1,0.995467,1
T_0000176853,1,0.880383,1
T_0000176859,1,0.998770,1
T_0000176863,1,0.998873,1
T_0000176888,1,0.959325,1
T_0000176912,1,0.999671,1
T_0000176921,1,0.998465,1
T_0000176930,0,0.024281,0
T_0000176946,1,0.173921,0
T_0000176963,1,0.997077,1
T_0000176978,1,0.557062,0
T_0000177017,1,0.990183,1
T_0000177034,1,0.999808,1
T_0000177084,1,0.997845,1
T_0000177131,0,0.111163,0
T_0000177154,1,0.999420,1
T_0000177174,1,0.994654,1
T_0000177184,1,0.762486,0
T_0000177195,1,0.990742,1
T_0000177197,0,0.064863,0
T_0000177250,1,0.947988,1
T_0000177253,0,0.088018,0
T_0000177277,1,0.998135,1
T_0000177304,1,0.998166,1
T_0000177346,1,0.997016,1
T_0000177361,1,0.997923,1
T_0000177417,0,0.068494,0
T_0000177426,0,0.056147,0
T_0000177455,1,0.999905,1
T_0000177464,1,0.997816,1
T_0000177479,1,0.999918,1
T_0000177523,0,0.075035,0
T_0000177543,0,0.024327,0
T_0000177556,1,0.999405,1
T_0000177562,0,0.079223,0
T_0000177610,1,0.975615,1
T_0000177625,0,0.071818,0
T_0000177630,1,0.999282,1
T_0000177683,0,0.083489,0
T_0000177725,1,0.998733,1
T_0000177732,1,0.999869,1
T_0000177847,0,0.173362,0
T_0000177859,1,0.995407,1
T_0000177861,1,0.998374,1
T_0000177863,1,0.997889,1
T_0000177869,0,0.082536,0
T_0000177934,1,0.987163,1
T_0000177937,1,0.997661,1
T_0000177942,1,0.998776,1
T_0000177996,0,0.039390,0
T_0000178007,1,0.996542,1
T_0000178008,1,0.999153,1
T_0000178012,1,0.999278,1
T_0000178027,1,0.996621,1
T_0000178050,1,0.953337,1
T_0000178073,1,0.997368,1
T_0000178093,0,0.062205,0
T_0000178131,1,0.972040,1
T_0000178167,1,0.999238,1
T_0000178184,0,0.124974,0
T_0000178185,1,0.994143,1
T_0000178247,1,0.999699,1
T_0000178284,1,0.937380,1
T_0000178289,1,0.989843,1
T_0000178295,0,0.482128,0
T_0000178300,0,0.366806,0
T_0000178310,0,0.059101,0
T_0000178324,1,0.996887,1
T_0000178338,1,0.998594,1
T_0000178364,1,0.999903,1
T_0000178384,1,0.996659,1
T_0000178400,1,0.999922,1
T_0000178460,1,0.992207,1
T_0000178473,1,0.996810,1
T_0000178481,0,0.026178,0
T_0000178528,0,0.950888,1
T_0000178532,1,0.997818,1
T_0000178536,1,0.998604,1
T_0000178552,1,0.995895,1
T_0000178653,0,0.097669,0
T_0000178659,1,0.998373,1
T_0000178692,1,0.999904,1
T_0000178705,1,0.998058,1
T_0000178810,1,0.999945,1
T_0000178813,1,0.998290,1
T_0000178831,0,0.100043,0
T_0000178858,0,0.015563,0
T_0000178872,1,0.999638,1
T_0000178900,0,0.038788,0
T_0000178901,1,0.998570,1
T_0000178922,0,0.359518,0
T_0000178977,1,0.953342,1
T_0000179009,1,0.995854,1
T_0000179021,0,0.060106,0
T_0000179027,0,0.042781,0
T_0000179044,1,0.998816,1
T_0000179059,0,0.076631,0
T_0000179132,0,0.036967,0
T_0000179147,1,0.999410,1
T_0000179148,1,0.998645,1
T_0000179157,1,0.999549,1
T_0000179170,0,0.451936,0
T_0000179187,0,0.101921,0
T_0000179222,1,0.999483,1
T_0000179223,1,0.998874,1
T_0000179249,1,0.736888,0
T_0000179264,0,0.051974,0
T_0000179266,1,0.997182,1
T_0000179280,0,0.042608,0
T_0000179290,1,0.999074,1
T_0000179313,1,0.999582,1
T_0000179333,1,0.998358,1
T_0000179340,1,0.999828,1
T_0000179365,0,0.060468,0
T_0000179370,0,0.035578,0
T_0000179381,1,0.999853,1
T_0000179383,0,0.018029,0
T_0000179391,0,0.511880,0
T_0000179440,1,0.992320,1
T_0000179465,0,0.414016,0
T_0000179550,1,0.998192,1
T_0000179561,1,0.999229,1
T_0000179576,1,0.998845,1
T_0000179591,1,0.997574,1
T_0000179595,0,0.610036,0
T_0000179611,0,0.598018,0
T_0000179649,0,0.069237,0
T_0000179653,1,0.731729,0
T_0000179681,0,0.033078,0
T_0000179687,1,0.997538,1
T_0000179736,1,0.997517,1
T_0000179744,1,0.999771,1
T_0000179751,0,0.392645,0
T_0000179754,0,0.742610,0
T_0000179755,1,0.995570,1
T_0000179797,0,0.027085,0
T_0000179821,1,0.991310,1
T_0000179835,1,0.994428,1
T_0000179840,0,0.087062,0
T_0000179845,1,0.999883,1
T_0000179848,0,0.177996,0
T_0000179855,1,0.999330,1
T_0000179879,1,0.998351,1
T_0000179905,1,0.846243,1
T_0000179915,1,0.997972,1
T_0000179958,1,0.996037,1
T_0000180016,0,0.085074,0
T_0000180041,0,0.042812,0
T_0000180052,1,0.999155,1
T_0000180057,1,0.994908,1
T_0000180095,0,0.025561,0
T_0000180096,0,0.118232,0
T_0000180101,0,0.062198,0
T_0000180110,0,0.039365,0
T_0000180141,0,0.019207,0
T_0000180170,1,0.998780,1
T_0000180178,1,0.999284,1
T_0000180185,1,0.999785,1
T_0000180212,1,0.997780,1
T_0000180219,1,0.999093,1
T_0000180221,1,0.999130,1
T_0000180237,0,0.029318,0
T_0000180256,1,0.995433,1
T_0000180311,1,0.999799,1
T_0000180327,1,0.998222,1
T_0000180394,0,0.802365,1
T_0000180415,0,0.085193,0
T_0000180425,0,0.041052,0
T_0000180440,1,0.998717,1
T_0000180452,1,0.999003,1
T_0000180477,1,0.989549,1
T_0000180566,1,0.993916,1
T_0000180572,1,0.992819,1
T_0000180663,0,0.087139,0
T_0000180671,1,0.726969,0
T_0000180687,0,0.091955,0
T_0000180711,0,0.038554,0
T_0000180716,0,0.394980,0
T_0000180730,0,0.051280,0
T_0000180750,1,0.945590,1
T_0000180752,1,0.993140,1
T_0000180768,1,0.666365,0
T_0000180789,0,0.031674,0
T_0000180801,1,0.999230,1
T_0000180830,0,0.093496,0
T_0000180840,1,0.997714,1
T_0000180865,0,0.215500,0
T_0000180879,1,0.986596,1
T_0000180883,1,0.999801,1
T_0000180904,0,0.273437,0
T_0000180910,0,0.651985,0
T_0000180914,0,0.064741,0
T_0000180917,0,0.048743,0
T_0000180931,0,0.029216,0
T_0000180960,1,0.999422,1
T_0000180985,1,0.995564,1
T_0000181037,1,0.999437,1
T_0000181057,1,0.994146,1
T_0000181060,1,0.995899,1
T_0000181119,1,0.998256,1
T_0000181137,0,0.043652,0
T_0000181143,1,0.998137,1
T_0000181167,1,0.998803,1
T_0000181178,0,0.264345,0
T_0000181214,1,0.998547,1
T_0000181227,1,0.996970,1
T_0000181260,1,0.987880,1
T_0000181270,0,0.042264,0
T_0000181313,1,0.998470,1
T_0000181420,1,0.992908,1
T_0000181433,1,0.999762,1
T_0000181448,1,0.993692,1
T_0000181486,1,0.989820,1
T_0000181488,0,0.103264,0
T_0000181491,1,0.991536,1
T_0000181504,1,0.986141,1
T_0000181519,1,0.924405,1
T_0000181540,1,0.999814,1
T_0000181569,0,0.047260,0
T_0000181597,0,0.552454,0
T_0000181599,0,0.043669,0
T_0000181620,1,0.999765,1
T_0000181635,1,0.998084,1
T_0000181679,1,0.999130,1
T_0000181703,1,0.996076,1
T_0000181717,0,0.709001,0
T_0000181719,1,0.996400,1
T_0000181774,1,0.997380,1
T_0000181775,1,0.991557,1
T_0000181785,1,0.982007,1
T_0000181792,1,0.997525,1
T_0000181811,1,0.999970,1
T_0000181822,1,0.999912,1
T_0000181843,1,0.966901,1
T_0000181853,0,0.140150,0
T_0000181854,0,0.057550,0
T_0000181861,1,0.999191,1
T_0000181862,1,0.997984,1
T_0000181905,1,0.998517,1
T_0000181924,1,0.999387,1
T_0000181939,1,0.999738,1
T_0000181946,1,0.999243,1
T_0000181962,1,0.997940,1
T_0000181990,1,0.996030,1
T_0000181993,1,0.999624,1
T_0000182010,1,0.999235,1
T_0000182045,1,0.998926,1
T_0000182067,1,0.998959,1
T_0000182076,1,0.998223,1
T_0000182084,1,0.911176,1
T_0000182085,1,0.999416,1
T_0000182093,1,0.995939,1
T_0000182102,1,0.998004,1
T_0000182103,0,0.066093,0
T_0000182108,1,0.998097,1
T_0000182150,1,0.919619,1
T_0000182170,1,0.999679,1
T_0000182173,1,0.999826,1
T_0000182251,1,0.989312,1
T_0000182277,0,0.062023,0
T_0000182302,0,0.075613,0
T_0000182312,1,0.997983,1
T_0000182333,1,0.999588,1
T_0000182339,1,0.998321,1
