utterance_id,true_label,score,pred
D_0000000883,1,0.077576,0
D_0000001114,0,0.160972,1
D_0000001492,0,0.091464,0
D_0000001849,1,0.999541,1
D_0000001912,1,0.992872,1
D_0000002017,1,0.996562,1
D_0000002458,0,0.789794,1
D_0000002857,0,0.031206,0
D_0000003949,0,0.043275,0
D_0000004012,1,0.994085,1
D_0000004054,1,0.991576,1
D_0000004138,0,0.238115,1
D_0000004390,0,0.054241,0
D_0000004474,0,0.048782,0
D_0000005209,0,0.212324,1
D_0000005251,1,0.986817,1
D_0000005356,0,0.043648,0
D_0000005797,1,0.963623,1
D_0000007351,0,0.201323,1
D_0000007435,1,0.991837,1
D_0000007477,1,0.205112,1
D_0000007645,1,0.991978,1
D_0000007729,0,0.803453,1
D_0000008149,0,0.187766,1
D_0000008338,0,0.059956,0
D_0000008506,0,0.031660,0
D_0000009346,0,0.227405,1
D_0000009472,0,0.176735,1
D_0000010018,1,0.043056,0
D_0000010270,1,0.989433,1
D_0000010543,0,0.059829,0
D_0000011068,1,0.191747,1
D_0000011992,1,0.988896,1
D_0000012202,1,0.993560,1
D_0000012412,1,0.989414,1
D_0000013042,1,0.821007,1
D_0000013273,1,0.986752,1
D_0000013567,0,0.041526,0
D_0000014113,0,0.034658,0
D_0000014155,0,0.066671,0
D_0000014449,1,0.981809,1
D_0000014617,1,0.116456,0
D_0000015058,1,0.990500,1
D_0000015247,1,0.991181,1
D_0000015289,1,0.989461,1
D_0000016150,1,0.979140,1
D_0000016801,1,0.999073,1
D_0000016885,1,0.992406,1
D_0000017095,1,0.994803,1
D_0000017368,0,0.098899,0
D_0000017746,0,0.045426,0
D_0000017767,0,0.143207,0
D_0000017809,0,0.984938,1
D_0000018271,0,0.060141,0
D_0000018481,1,0.965493,1
D_0000018523,0,0.089691,0
D_0000018628,0,0.279818,1
D_0000018733,1,0.991568,1
D_0000019552,0,0.141679,0
D_0000020014,0,0.078439,0
D_0000020119,1,0.132935,0
D_0000020392,1,0.959197,1
D_0000020812,0,0.031244,0
D_0000021295,1,0.796548,1
D_0000021505,1,0.939515,1
D_0000021568,0,0.120219,0
D_0000021673,0,0.293870,1
D_0000022765,0,0.165317,1
D_0000022870,1,0.488074,1
D_0000023164,0,0.019701,0
D_0000023374,1,0.310366,1
D_0000024361,0,0.818577,1
D_0000024382,0,0.058369,0
D_0000024487,0,0.128829,0
D_0000024970,1,0.991349,1
D_0000025642,1,0.996788,1
D_0000025936,1,0.112456,0
D_0000026125,1,0.940530,1
D_0000026314,0,0.094046,0
D_0000026356,1,0.994515,1
D_0000026923,1,0.988898,1
D_0000027091,1,0.963783,1
D_0000027217,0,0.015878,0
D_0000028162,1,0.162106,1
D_0000028204,0,0.013570,0
D_0000028330,0,0.045425,0
D_0000028351,0,0.128314,0
D_0000028393,1,0.989083,1
D_0000028414,1,0.988506,1
D_0000028477,1,0.993090,1
D_0000028540,1,0.259769,1
D_0000028771,1,0.971399,1
D_0000029191,1,0.996929,1
D_0000029233,0,0.063528,0
D_0000029380,1,0.993343,1
D_0000029422,1,0.990477,1
D_0000029695,1,0.332096,1
D_0000029821,0,0.158735,1
D_0000029926,1,0.108547,0
D_0000030367,1,0.168923,1
D_0000030619,0,0.054672,0
D_0000030787,1,0.992415,1
D_0000031018,0,0.104627,0
D_0000031438,0,0.108168,0
D_0000031543,1,0.989037,1
D_0000032236,1,0.994180,1
D_0000032257,0,0.105603,0
D_0000032572,0,0.052022,0
D_0000032614,0,0.060006,0
D_0000032929,0,0.024127,0
D_0000033055,0,0.080630,0
D_0000033181,0,0.085258,0
D_0000033265,1,0.987377,1
D_0000033328,1,0.990567,1
D_0000033370,1,0.194482,1
D_0000033580,1,0.994665,1
D_0000033622,1,0.978677,1
D_0000034210,1,0.991646,1
D_0000034231,1,0.981241,1
D_0000034924,1,0.992106,1
D_0000035281,1,0.988671,1
D_0000035449,0,0.039876,0
D_0000035575,1,0.998950,1
D_0000036016,0,0.117458,0
D_0000036079,1,0.955226,1
D_0000036163,0,0.121663,0
D_0000036184,0,0.095133,0
D_0000036793,0,0.145622,0
D_0000037570,1,0.996171,1
D_0000037675,1,0.994951,1
D_0000037843,0,0.121248,0
D_0000038578,0,0.087128,0
D_0000038662,0,0.088581,0
D_0000038683,1,0.982646,1
D_0000038830,0,0.125678,0
D_0000039082,1,0.991176,1
D_0000039229,1,0.972214,1
D_0000040342,0,0.052639,0
D_0000040426,1,0.968889,1
D_0000040699,1,0.879278,1
D_0000040972,0,0.029838,0
D_0000041161,1,0.990283,1
D_0000041266,0,0.064823,0
D_0000042295,0,0.075145,0
D_0000042757,0,0.055411,0
D_0000042883,0,0.319502,1
D_0000043261,0,0.064755,0
D_0000043618,0,0.041439,0
D_0000043849,1,0.087733,0
D_0000044437,0,0.137026,0
D_0000044899,0,0.065129,0
D_0000044941,0,0.074612,0
D_0000044962,0,0.016262,0
D_0000045067,0,0.059915,0
D_0000045193,0,0.108285,0
D_0000045823,1,0.999657,1
D_0000045970,0,0.090360,0
D_0000046243,0,0.084770,0
D_0000046264,0,0.192936,1
D_0000046495,0,0.139568,0
D_0000046894,1,0.013005,0
D_0000047398,1,0.986743,1
D_0000047440,0,0.879339,1
D_0000047608,1,0.995138,1
D_0000047839,1,0.997558,1
D_0000048196,1,0.993838,1
D_0000048574,1,0.985579,1
D_0000048784,0,0.455687,1
D_0000048847,0,0.065606,0
D_0000049015,0,0.020551,0
D_0000049477,1,0.143923,0
D_0000049624,1,0.112630,0
D_0000049981,1,0.992404,1
D_0000050086,1,0.995085,1
D_0000050506,1,0.963903,1
D_0000050548,1,0.988188,1
D_0000050653,0,0.112208,0
D_0000050905,0,0.023713,0
D_0000051115,1,0.988239,1
D_0000051430,0,0.148590,0
D_0000051493,1,0.145136,0
D_0000051598,1,0.253278,1
D_0000052165,0,0.147499,0
D_0000052312,0,0.999998,1
D_0000052396,0,0.012923,0
D_0000052900,0,0.089108,0
D_0000054118,1,0.081121,0
D_0000054769,0,0.146018,0
D_0000055462,1,0.990219,1
D_0000055672,1,0.988363,1
D_0000055987,1,0.961084,1
D_0000056239,0,0.030839,0
D_0000056365,0,0.223959,1
D_0000056533,1,0.994984,1
D_0000056554,1,0.466408,1
D_0000056806,0,0.036094,0
D_0000056827,1,0.066875,0
D_0000057100,1,0.991380,1
D_0000057247,0,0.096868,0
D_0000057814,0,0.063972,0
D_0000057835,1,0.995282,1
D_0000058444,1,0.969272,1
D_0000058549,1,0.990931,1
D_0000058612,1,0.989213,1
D_0000058969,1,0.901115,1
D_0000059011,0,0.878294,1
D_0000059158,1,0.282381,1
D_0000059662,1,0.986260,1
D_0000059767,1,0.196508,1
D_0000060019,1,0.978366,1
D_0000060187,0,0.037640,0
D_0000060691,0,0.030507,0
D_0000060901,0,0.040767,0
D_0000061405,0,0.143341,0
D_0000061447,1,0.980581,1
D_0000061636,0,0.088606,0
D_0000061951,1,0.957177,1
D_0000062602,0,0.037964,0
D_0000062665,1,0.993097,1
D_0000062686,1,0.989477,1
D_0000062875,1,0.991521,1
D_0000063232,1,0.995813,1
D_0000063463,0,0.076436,0
D_0000063484,0,0.030087,0
D_0000063589,0,0.019216,0
D_0000063631,0,0.017608,0
D_0000063925,0,0.084170,0
D_0000064093,1,0.993234,1
D_0000064156,1,0.091328,0
D_0000064744,0,0.045506,0
D_0000064849,1,0.990410,1
D_0000064870,0,0.117432,0
D_0000065290,1,0.991486,1
D_0000065479,1,0.908320,1
D_0000065710,1,0.989791,1
D_0000065878,1,0.993343,1
D_0000066781,0,0.186550,1
D_0000067201,1,0.787218,1
D_0000067243,1,0.986899,1
D_0000067348,0,0.140493,0
D_0000067705,0,0.049105,0
D_0000067768,0,0.960423,1
D_0000068020,0,0.173127,1
D_0000068461,0,0.039022,0
D_0000068755,1,0.990101,1
D_0000069154,1,0.936953,1
D_0000069574,1,0.991715,1
D_0000069763,0,0.027985,0
D_0000069868,1,0.650134,1
D_0000069973,1,0.969727,1
D_0000070162,1,0.077933,0
D_0000070288,0,0.031219,0
D_0000070414,0,0.097786,0
D_0000070561,0,0.091500,0
D_0000070918,0,0.147173,0
D_0000071128,1,0.972427,1
D_0000071338,1,0.920232,1
D_0000071359,0,0.557474,1
D_0000071527,1,0.980262,1
D_0000071674,0,0.036396,0
D_0000072346,0,0.063800,0
D_0000073459,1,0.993489,1
D_0000073753,1,0.128962,0
D_0000075223,0,0.030030,0
D_0000075265,0,0.851701,1
D_0000075286,0,0.071981,0
D_0000075328,0,0.118795,0
D_0000075517,0,0.057666,0
D_0000075601,1,0.981827,1
D_0000077533,1,0.114238,0
D_0000077995,0,0.062661,0
D_0000078268,0,0.017488,0
D_0000078310,1,0.968747,1
D_0000078562,1,0.987470,1
D_0000078730,1,0.989640,1
D_0000078751,0,0.052408,0
D_0000079129,0,0.045667,0
D_0000079570,0,0.117786,0
D_0000080053,1,0.993621,1
D_0000080410,0,0.291685,1
D_0000081607,0,0.046501,0
D_0000082300,1,0.994039,1
D_0000082573,1,0.994739,1
D_0000082657,1,0.997252,1
D_0000082699,1,0.984778,1
D_0000082888,1,0.985920,1
D_0000082930,1,0.093417,0
D_0000083182,1,0.290952,1
D_0000083392,1,0.989748,1
D_0000083644,0,0.121817,0
D_0000083707,1,0.325889,1
D_0000083854,1,0.150124,1
D_0000084379,1,0.987407,1
D_0000084442,0,0.118660,0
D_0000084589,1,0.210433,1
D_0000084631,0,0.115619,0
D_0000084673,0,0.121493,0
D_0000084820,0,0.929741,1
D_0000084904,1,0.982823,1
D_0000084967,1,0.206414,1
D_0000085198,0,0.022622,0
D_0000085240,1,0.167023,1
D_0000085996,1,0.988383,1
D_0000086332,0,0.063274,0
D_0000087025,1,0.984439,1
D_0000087487,1,0.100166,0
D_0000087550,1,0.985072,1
D_0000087592,0,0.061294,0
D_0000088537,1,0.990400,1
D_0000089083,1,0.989501,1
D_0000089104,1,0.784166,1
D_0000089335,1,0.991526,1
D_0000089608,0,0.089638,0
D_0000089839,1,0.991415,1
D_0000090028,1,0.985905,1
D_0000090343,0,0.141532,0
D_0000090511,0,0.079707,0
D_0000090931,0,0.124706,0
D_0000091120,0,0.101660,0
D_0000091393,0,0.059612,0
D_0000091540,0,0.071052,0
D_0000091708,1,0.979634,1
D_0000091771,0,0.078580,0
D_0000091855,0,0.112940,0
D_0000092128,1,0.993377,1
D_0000092632,1,0.986161,1
D_0000092863,1,0.993974,1
D_0000093367,1,0.994114,1
D_0000093703,0,0.214473,1
D_0000093745,0,0.114352,0
D_0000093766,0,0.041395,0
D_0000094375,1,0.995263,1
D_0000094480,0,0.080877,0
D_0000094774,1,0.137584,0
D_0000095131,1,0.995987,1
D_0000095320,1,0.990557,1
D_0000095362,0,0.088434,0
D_0000095509,0,0.025314,0
D_0000095908,1,0.315968,1
D_0000096433,1,0.093113,0
D_0000096496,0,0.015105,0
D_0000097462,1,0.148881,0
D_0000097756,0,0.042089,0
D_0000098281,1,0.991846,1
D_0000098344,0,0.045504,0
D_0000098407,1,0.996516,1
D_0000098512,1,0.986595,1
D_0000098617,1,0.035855,0
D_0000098785,1,0.156546,1
D_0000098953,0,0.269766,1
D_0000099058,0,0.164858,1
D_0000099163,0,0.000318,0
D_0000099226,0,0.134277,0
D_0000099331,0,0.117374,0
D_0000099667,1,0.737336,1
D_0000099961,1,0.995366,1
D_0000100129,0,0.058217,0
D_0000100381,0,0.130258,0
D_0000101032,1,0.973747,1
D_0000101074,1,0.985531,1
D_0000101179,1,0.750157,1
D_0000101494,1,0.992756,1
D_0000101914,0,0.084454,0
D_0000103069,1,0.992895,1
D_0000103363,1,0.988113,1
D_0000103405,1,0.171276,1
D_0000103720,1,0.985469,1
D_0000104077,0,0.280411,1
D_0000104980,0,0.031356,0
D_0000105127,0,0.134803,0
D_0000105316,1,0.993363,1
D_0000105400,0,0.975372,1
D_0000105505,1,0.990347,1
D_0000105526,0,0.163861,1
D_0000105652,0,0.175461,1
D_0000105799,0,0.027181,0
D_0000106093,0,0.061372,0
D_0000106177,1,0.692011,1
D_0000106513,1,0.985293,1
D_0000106870,0,0.854129,1
D_0000106891,0,0.049611,0
D_0000107353,0,0.093370,0
D_0000108046,1,0.976604,1
D_0000108088,0,0.188894,1
D_0000108550,0,0.089611,0
D_0000108634,1,0.994577,1
D_0000109369,0,0.173314,1
D_0000109600,0,0.157099,1
D_0000109663,0,0.058747,0
D_0000109978,1,0.989241,1
D_0000110986,1,0.997381,1
D_0000111595,0,0.034391,0
D_0000111784,1,0.983337,1
D_0000111805,1,0.998028,1
D_0000111826,1,0.994503,1
D_0000112246,1,0.977207,1
D_0000112456,1,0.219113,1
D_0000112477,1,0.993558,1
D_0000112561,0,0.294299,1
D_0000112687,1,0.994930,1
D_0000113107,1,0.990635,1
D_0000113212,0,0.200390,1
D_0000113443,0,0.659021,1
D_0000113569,0,0.126227,0
D_0000114220,0,0.810147,1
D_0000114304,0,0.938803,1
D_0000115144,1,0.993141,1
D_0000115459,1,0.059298,0
D_0000115585,1,0.993262,1
D_0000115753,0,0.120807,0
D_0000116782,1,0.989503,1
D_0000116908,1,0.049550,0
D_0000117076,0,0.103764,0
D_0000117496,0,0.037845,0
D_0000117580,0,0.085897,0
D_0000117748,0,0.093041,0
D_0000117979,0,0.052241,0
D_0000118105,1,0.989038,1
D_0000118273,0,0.087900,0
D_0000118819,1,0.979031,1
D_0000118903,0,0.084106,0
D_0000119281,0,0.029977,0
D_0000119323,0,0.040527,0
D_0000119365,1,0.997453,1
D_0000119470,0,0.116147,0
D_0000120583,0,0.040566,0
D_0000121507,1,0.995080,1
D_0000122074,1,0.234002,1
D_0000122368,0,0.081574,0
D_0000122536,1,0.987489,1
D_0000122641,1,0.999759,1
D_0000123187,1,0.983604,1
D_0000123544,0,0.041688,0
D_0000123649,1,0.701914,1
D_0000123712,1,0.985180,1
D_0000124363,0,0.023966,0
D_0000124447,1,0.992053,1
D_0000125497,1,0.927524,1
D_0000125812,1,0.023784,0
D_0000126211,1,0.999437,1
D_0000126379,1,0.986798,1
D_0000126673,0,0.130692,0
D_0000127135,0,0.181173,1
D_0000128080,0,0.041121,0
D_0000128206,1,0.981370,1
D_0000128248,0,0.130448,0
D_0000128332,1,0.994965,1
D_0000128857,0,0.095815,0
D_0000128920,1,0.093093,0
D_0000129340,1,0.974426,1
D_0000129382,0,0.110962,0
D_0000129445,0,0.092331,0
D_0000130537,0,0.071436,0
D_0000131104,0,0.046351,0
D_0000131146,1,0.982635,1
D_0000131251,0,0.083719,0
D_0000131461,0,0.072866,0
D_0000131503,1,0.225640,1
D_0000131734,1,0.993170,1
D_0000132070,1,0.998736,1
D_0000132364,1,0.931350,1
D_0000133099,1,0.997727,1
D_0000133120,0,0.076398,0
D_0000133246,1,0.988935,1
D_0000133267,1,0.158357,1
D_0000133351,1,0.977891,1
D_0000133477,1,0.990462,1
D_0000133918,0,0.323430,1
D_0000134338,0,0.021998,0
D_0000134359,1,0.542899,1
D_0000134632,1,0.993700,1
D_0000134989,1,0.993248,1
D_0000135094,0,0.163325,1
D_0000135283,1,0.983820,1
D_0000135493,1,0.991956,1
D_0000135661,1,0.992051,1
D_0000135682,0,0.080552,0
D_0000135787,0,0.200883,1
D_0000136207,0,0.042514,0
D_0000136375,0,0.053576,0
D_0000136879,1,0.978327,1
D_0000136900,0,0.075180,0
D_0000137089,0,0.041568,0
D_0000137131,1,0.989391,1
D_0000137173,0,0.036324,0
D_0000137341,1,0.848834,1
D_0000137383,1,0.991952,1
D_0000137740,0,0.041305,0
D_0000137782,0,0.170439,1
D_0000137824,1,0.076651,0
D_0000137866,1,0.197001,1
D_0000138034,0,0.027018,0
D_0000138139,0,0.444136,1
D_0000139063,1,0.988636,1
D_0000139126,0,0.016038,0
D_0000139231,1,0.042608,0
D_0000139441,1,0.997747,1
D_0000139525,0,0.041907,0
D_0000139546,0,0.161507,1
D_0000139672,1,0.082308,0
D_0000139882,1,0.980737,1
D_0000139924,1,0.996217,1
D_0000141226,0,0.029911,0
D_0000141373,1,0.066922,0
D_0000142213,0,0.122329,0
D_0000142234,1,0.986895,1
D_0000142360,1,0.978975,1
D_0000142528,1,0.952219,1
D_0000142759,0,0.092012,0
D_0000143116,1,0.991995,1
D_0000143221,1,0.662598,1
D_0000143872,1,0.983433,1
D_0000144313,1,0.099757,0
D_0000144733,0,0.069256,0
D_0000145048,1,0.977926,1
D_0000145153,1,0.107400,0
D_0000145342,1,0.985729,1
D_0000145741,1,0.927842,1
D_0000145888,0,0.057178,0
D_0000146140,1,0.987367,1
D_0000147295,1,0.985496,1
D_0000148450,1,0.993800,1
D_0000149311,0,0.045409,0
D_0000149395,1,0.984687,1
D_0000149500,0,0.054970,0
D_0000149710,0,0.980982,1
D_0000149794,0,0.458814,1
D_0000150004,0,0.703291,1
D_0000150214,1,0.991608,1
D_0000151642,1,0.992200,1
D_0000151873,0,0.133113,0
D_0000152461,1,0.130318,0
D_0000152839,1,0.990543,1
D_0000152944,1,0.959640,1
D_0000152986,0,0.059546,0
D_0000153511,1,0.992191,1
D_0000153700,1,0.991458,1
D_0000154057,1,0.062338,0
D_0000154099,1,0.993307,1
D_0000155233,1,0.877923,1
D_0000156283,0,0.209515,1
D_0000156346,0,0.126614,0
D_0000156577,1,0.988223,1
D_0000156892,1,0.114209,0
D_0000156997,0,0.068963,0
D_0000157060,0,0.121013,0
D_0000157165,0,0.037540,0
D_0000157438,1,0.991098,1
D_0000157501,1,0.102577,0
D_0000157711,1,0.087528,0
D_0000157774,1,0.965567,1
D_0000158152,0,0.050440,0
D_0000158530,1,0.226411,1
D_0000158719,1,0.583898,1
D_0000159370,0,0.060226,0
D_0000159685,0,0.089783,0
D_0000160042,1,0.187471,1
D_0000160147,0,0.027216,0
D_0000160273,1,0.987883,1
D_0000160378,1,0.980968,1
D_0000161743,0,0.095912,0
D_0000162163,1,0.290326,1
D_0000162436,0,0.075338,0
D_0000162604,1,0.969578,1
D_0000162709,0,0.093006,0
D_0000163276,0,0.031018,0
D_0000163801,1,0.300181,1
D_0000164032,0,0.019585,0
D_0000164599,0,0.092576,0
D_0000165019,1,0.895837,1
D_0000165103,1,0.996786,1
D_0000165229,0,0.055888,0
D_0000166048,1,0.129666,0
D_0000166090,1,0.049330,0
D_0000166783,1,0.073162,0
D_0000167014,1,0.991530,1
D_0000167098,0,0.061772,0
D_0000167749,1,0.085860,0
D_0000167770,1,0.977462,1
D_0000167875,0,0.112816,0
D_0000168001,0,0.083242,0
D_0000168148,1,0.173679,1
D_0000168316,0,0.018683,0
D_0000168358,0,0.011376,0
D_0000168484,0,0.083520,0
D_0000168610,1,0.992944,1
D_0000169303,1,0.065223,0
D_0000169408,1,0.981269,1
D_0000169513,1,0.076706,0
D_0000169639,1,0.992922,1
D_0000170185,0,0.070433,0
D_0000170437,1,0.146404,0
D_0000170500,1,0.981312,1
D_0000170794,1,0.110468,0
D_0000171739,1,0.985333,1
D_0000172432,0,0.067887,0
D_0000173104,1,0.979481,1
D_0000173377,1,0.275832,1
D_0000173461,1,0.576762,1
D_0000173587,1,0.304408,1
D_0000174784,0,0.123760,0
D_0000174805,1,0.987148,1
D_0000174868,0,0.021751,0
D_0000174889,0,0.537433,1
D_0000175267,0,0.202952,1
D_0000175309,1,0.992540,1
D_0000175897,0,0.072460,0
D_0000175981,1,0.947951,1
D_0000176044,1,0.150693,1
D_0000176065,0,0.871990,1
D_0000176443,1,0.992787,1
D_0000176611,1,0.994949,1
D_0000176842,0,0.747057,1
D_0000177997,1,0.992937,1
D_0000178375,1,0.974055,1
D_0000178627,0,0.024760,0
D_0000179026,1,0.993371,1
D_0000179068,0,0.207924,1
D_0000179341,1,0.992967,1
D_0000179383,1,0.068857,0
D_0000179446,0,0.079752,0
D_0000179593,0,0.083972,0
D_0000179908,0,0.081737,0
D_0000180853,1,0.999980,1
D_0000181042,1,0.976391,1
D_0000181084,1,0.131525,0
D_0000181525,1,0.082407,0
D_0000181777,1,0.971900,1
D_0000181840,1,0.213256,1
D_0000182764,1,0.236215,1
D_0000183583,0,0.114131,0
D_0000183877,1,0.985993,1
D_0000184066,1,0.990491,1
D_0000184738,1,0.982736,1
D_0000184780,0,0.052208,0
D_0000184843,1,0.994615,1
D_0000185053,1,0.210366,1
D_0000185074,0,0.158901,1
D_0000185179,1,0.994497,1
D_0000185263,0,0.049620,0
D_0000185431,1,0.995528,1
D_0000185767,1,0.985745,1
D_0000186019,0,0.068871,0
D_0000186964,1,0.984566,1
D_0000186985,1,0.988662,1
D_0000187153,1,0.978141,1
D_0000187384,0,0.147871,0
D_0000187678,1,0.048401,0
D_0000188812,1,0.983773,1
D_0000188854,1,0.991420,1
D_0000189358,1,0.995598,1
D_0000189904,1,0.164753,1
D_0000190093,1,0.603575,1
D_0000190261,1,0.991757,1
D_0000190912,0,0.138257,0
D_0000191017,0,0.048652,0
D_0000191710,0,0.056632,0
D_0000192004,0,0.027390,0
D_0000192445,1,0.966682,1
D_0000193033,1,0.165859,1
D_0000193096,1,0.053661,0
D_0000193264,0,0.011090,0
D_0000193537,1,0.928160,1
D_0000193894,1,0.983352,1
D_0000193978,0,0.135515,0
D_0000194167,0,0.014835,0
D_0000194188,1,0.989461,1
D_0000194230,0,0.008010,0
D_0000194272,0,0.966814,1
D_0000194776,0,0.064470,0
D_0000194839,0,0.113916,0
D_0000194944,0,0.123763,0
D_0000195385,1,0.145929,0
D_0000195637,0,0.159077,1
D_0000196624,1,0.272720,1
D_0000196897,1,0.995471,1
D_0000196960,1,0.089157,0
D_0000196981,1,0.108155,0
D_0000197380,0,0.476613,1
D_0000197737,0,0.032440,0
D_0000197779,0,0.215545,1
D_0000198136,1,0.985894,1
D_0000198955,1,0.999026,1
D_0000198997,1,0.880340,1
D_0000199459,0,0.060649,0
D_0000199543,0,0.049310,0
D_0000199669,1,0.819494,1
D_0000199711,0,0.092613,0
D_0000199858,1,0.694339,1
D_0000200173,1,0.979002,1
D_0000200362,1,0.988728,1
D_0000200446,1,0.065558,0
D_0000201076,0,0.021682,0
D_0000201139,0,0.522374,1
D_0000201391,1,0.174307,1
D_0000201475,1,0.942081,1
D_0000201916,0,0.106917,0
D_0000201979,1,0.140515,0
D_0000202693,1,0.987021,1
D_0000202777,0,0.123888,0
D_0000202840,1,0.969201,1
D_0000202945,0,0.088115,0
D_0000203008,0,0.174529,1
D_0000203260,1,0.997381,1
D_0000203449,0,0.397723,1
D_0000204121,1,0.996669,1
D_0000204226,1,0.974819,1
D_0000204478,0,0.062604,0
D_0000204688,0,0.115909,0
D_0000204709,1,0.986380,1
D_0000205066,1,0.966031,1
D_0000205486,0,0.041276,0
D_0000205927,1,0.834397,1
D_0000206767,0,0.071273,0
D_0000208552,0,0.135610,0
D_0000208573,1,0.373761,1
D_0000208657,0,0.037338,0
D_0000208846,1,0.104835,0
D_0000208993,1,0.262706,1
D_0000209308,1,0.823252,1
D_0000209539,0,0.006725,0
D_0000209854,0,0.019810,0
D_0000210652,0,0.067798,0
D_0000211240,0,0.036740,0
D_0000211975,0,0.029492,0
D_0000212122,1,0.595973,1
D_0000212773,1,0.883719,1
D_0000213067,1,0.957951,1
D_0000213298,1,0.994291,1
D_0000213382,1,0.987435,1
D_0000213949,1,0.994196,1
D_0000215104,0,0.337656,1
D_0000215293,0,0.049386,0
D_0000215839,0,0.033267,0
D_0000216133,1,0.999974,1
D_0000216574,0,0.123159,0
D_0000216595,0,0.030003,0
D_0000216700,0,0.021308,0
D_0000216952,1,0.992802,1
D_0000217036,0,0.157548,1
D_0000217540,1,0.991416,1
D_0000217624,0,0.156096,1
D_0000217729,1,0.910620,1
D_0000217771,0,0.083145,0
D_0000217981,1,0.964846,1
D_0000218149,0,0.054748,0
D_0000218275,1,0.995630,1
D_0000218359,0,0.053648,0
D_0000218380,1,0.990191,1
D_0000218695,0,0.039210,0
D_0000218779,0,0.034529,0
D_0000218863,1,0.953794,1
D_0000219178,0,0.153427,1
D_0000219472,1,0.187197,1
D_0000219556,1,0.977151,1
D_0000219661,1,0.970522,1
D_0000220396,1,0.994533,1
D_0000220501,1,0.992236,1
D_0000221446,0,0.279279,1
D_0000221677,0,0.080510,0
D_0000221698,1,0.040468,0
D_0000221719,1,0.542659,1
D_0000221824,0,0.036740,0
D_0000222013,0,0.060671,0
D_0000222181,1,0.500754,1
D_0000222496,1,0.151639,1
D_0000223294,0,0.952124,1
D_0000223399,1,0.924365,1
D_0000223714,0,0.067419,0
D_0000223966,0,0.025951,0
D_0000224176,1,0.986644,1
D_0000224281,1,0.984484,1
D_0000224533,1,0.111526,0
D_0000224617,0,0.069224,0
D_0000224932,1,0.996068,1
D_0000225016,0,0.015964,0
D_0000225184,0,0.591932,1
D_0000225331,0,0.094436,0
D_0000225352,0,0.112285,0
D_0000225478,1,0.999974,1
D_0000225520,1,0.996231,1
D_0000225625,1,0.762328,1
D_0000225814,1,0.230146,1
D_0000225961,1,0.992183,1
D_0000226024,0,0.054424,0
D_0000226234,1,0.984310,1
D_0000226339,1,0.057398,0
D_0000226528,1,0.987442,1
D_0000226696,1,0.996560,1
D_0000226843,0,0.049552,0
D_0000226864,1,0.989405,1
D_0000227116,0,0.310780,1
D_0000227158,1,0.994363,1
D_0000228166,0,0.090659,0
D_0000228292,1,0.997472,1
D_0000228418,0,0.265240,1
D_0000228838,1,0.212821,1
D_0000229216,1,0.990854,1
D_0000231169,1,0.984352,1
D_0000231484,0,0.967969,1
D_0000232051,0,0.129547,0
D_0000232114,1,0.616966,1
D_0000232177,1,0.295201,1
D_0000232429,1,0.570783,1
D_0000232744,0,0.051570,0
D_0000232828,1,0.181359,1
D_0000233143,1,0.991617,1
D_0000233605,0,0.036332,0
D_0000233941,0,0.953451,1
D_0000234004,0,0.022226,0
D_0000234025,1,0.993871,1
D_0000234130,1,0.992567,1
D_0000234214,1,0.970208,1
D_0000234319,0,0.024017,0
D_0000234361,1,0.981177,1
D_0000234592,0,0.034741,0
D_0000234739,0,0.124276,0
D_0000234970,1,0.096557,0
D_0000235096,1,0.124043,0
D_0000235411,0,0.096888,0
D_0000235684,1,0.920714,1
D_0000235726,1,0.023671,0
D_0000235957,0,0.038534,0
D_0000236461,0,0.955275,1
D_0000236482,1,0.190073,1
D_0000236776,1,0.991683,1
D_0000236965,1,0.978859,1
D_0000237028,0,0.094724,0
D_0000237616,1,0.963782,1
D_0000238561,1,0.133543,0
D_0000238792,1,0.286607,1
D_0000238897,0,0.034351,0
D_0000239170,0,0.030518,0
D_0000239254,1,0.991203,1
D_0000239401,1,0.990650,1
D_0000239695,0,0.125863,0
D_0000239926,0,0.850263,1
D_0000240241,0,0.151929,1
D_0000240262,1,0.989305,1
D_0000240451,0,0.100756,0
D_0000240472,0,0.231185,1
D_0000240619,0,0.017894,0
D_0000241186,1,0.994081,1
D_0000241228,1,0.989695,1
D_0000241291,1,0.999913,1
D_0000241396,1,0.997136,1
D_0000241480,1,0.982197,1
D_0000241837,0,0.047045,0
D_0000242740,1,0.991472,1
D_0000242971,1,0.954144,1
D_0000243034,1,0.034760,0
D_0000243076,0,0.089558,0
D_0000243139,1,0.175590,1
D_0000243160,1,0.983652,1
D_0000243412,1,0.995455,1
D_0000243454,0,0.096584,0
D_0000243643,1,0.944742,1
D_0000244525,0,0.071060,0
D_0000244756,1,0.082148,0
D_0000244861,1,0.995097,1
D_0000244924,0,0.055686,0
D_0000244945,1,0.990997,1
D_0000245071,1,0.991702,1
D_0000245218,0,0.984469,1
D_0000245449,1,0.992122,1
D_0000245491,1,0.989670,1
D_0000245743,0,0.171400,1
D_0000245848,0,0.067962,0
D_0000246562,1,0.989172,1
D_0000247234,0,0.094063,0
D_0000247360,1,0.563035,1
D_0000248305,0,0.021157,0
D_0000248620,1,0.989727,1
D_0000248641,0,0.038554,0
D_0000248662,1,0.631262,1
D_0000248977,0,0.033015,0
D_0000249229,0,0.128731,0
D_0000249355,1,0.948261,1
D_0000249607,1,0.977399,1
D_0000249733,0,0.074088,0
D_0000249985,0,0.080991,0
D_0000250090,0,0.973181,1
D_0000250720,0,0.060059,0
D_0000251098,0,0.030843,0
D_0000252022,1,0.983168,1
D_0000252064,1,0.995016,1
D_0000252967,1,0.959428,1
D_0000253177,0,0.110051,0
D_0000253261,1,0.994472,1
D_0000253660,1,0.989385,1
D_0000253681,0,0.293889,1
D_0000253723,0,0.028574,0
D_0000254143,0,0.541463,1
D_0000254269,0,0.096331,0
D_0000254500,0,0.030155,0
D_0000254668,0,0.061206,0
D_0000255004,0,0.045481,0
D_0000255403,0,0.083962,0
D_0000255697,1,0.995445,1
D_0000256075,1,0.981235,1
D_0000256264,0,0.018294,0
D_0000256558,0,0.071337,0
D_0000256579,0,0.224384,1
D_0000256684,1,0.950417,1
D_0000256810,0,0.068803,0
D_0000256873,0,0.201876,1
D_0000258322,0,0.086794,0
D_0000258889,1,0.992581,1
D_0000259099,1,0.965839,1
D_0000259372,1,0.826334,1
D_0000259813,1,0.071147,0
D_0000260191,1,0.174538,1
D_0000260338,1,0.255596,1
D_0000260401,0,0.144963,0
D_0000261199,0,0.265453,1
D_0000261787,0,0.984894,1
D_0000261871,1,0.984965,1
D_0000262060,1,0.996053,1
D_0000262270,1,0.081583,0
D_0000262522,0,0.093000,0
D_0000262585,1,0.985460,1
D_0000262711,0,0.118159,0
D_0000262795,1,0.997006,1
D_0000262900,1,0.076545,0
D_0000262984,0,0.079128,0
D_0000263005,0,0.023484,0
D_0000263782,0,0.032896,0
D_0000264055,1,0.089214,0
D_0000264664,1,0.986579,1
D_0000264748,1,0.984201,1
D_0000264790,1,0.269135,1
D_0000265903,0,0.046599,0
D_0000266680,1,0.995675,1
D_0000266764,0,0.892564,1
D_0000267163,1,0.990108,1
D_0000267268,0,0.113979,0
D_0000267583,1,0.173998,1
D_0000267982,0,0.100570,0
D_0000268108,1,0.989907,1
D_0000268171,0,0.261159,1
D_0000269011,0,0.042568,0
D_0000269431,1,0.508871,1
D_0000269704,0,0.118812,0
D_0000269725,0,0.985971,1
D_0000269788,1,0.999735,1
D_0000269977,0,0.139799,0
D_0000270061,1,0.985438,1
D_0000270334,1,0.995770,1
D_0000270586,1,0.993116,1
D_0000270859,1,0.491422,1
D_0000270943,0,0.124676,0
D_0000271048,1,0.210777,1
D_0000271174,0,0.140584,0
D_0000271594,0,0.088533,0
D_0000271783,1,0.946182,1
D_0000272560,0,0.043451,0
D_0000272581,1,0.992834,1
D_0000272644,0,0.134439,0
D_0000273127,1,0.908999,1
D_0000273190,1,0.986866,1
D_0000273358,1,0.177803,1
D_0000273421,0,0.149693,1
D_0000273715,1,0.991714,1
D_0000273778,0,0.060782,0
D_0000273862,0,0.115818,0
D_0000273925,1,0.903932,1
D_0000274366,1,0.045309,0
D_0000274513,1,0.992310,1
D_0000274576,1,0.994146,1
D_0000274870,0,0.117052,0
D_0000274933,1,0.098532,0
D_0000275269,1,0.968808,1
D_0000275521,0,0.038320,0
D_0000275836,0,0.050443,0
D_0000275962,0,0.247694,1
D_0000276067,1,0.078194,0
D_0000276508,1,0.088244,0
D_0000276550,0,0.111482,0
D_0000276991,1,0.989587,1
D_0000277012,1,0.221166,1
D_0000277054,1,0.798671,1
D_0000277096,0,0.071946,0
D_0000277285,1,0.173197,1
D_0000277390,0,0.053578,0
D_0000277705,1,0.958366,1
D_0000277789,0,0.058178,0
D_0000278251,1,0.977020,1
D_0000278356,0,0.063161,0
D_0000278650,0,0.102158,0
D_0000278839,0,0.145327,0
D_0000278986,1,0.993863,1
D_0000279049,0,0.085498,0
D_0000279070,0,0.822464,1
D_0000279658,1,0.980416,1
D_0000280204,1,0.992044,1
D_0000280225,1,0.048265,0
D_0000280351,1,0.992695,1
D_0000280729,1,0.207822,1
D_0000281023,0,0.065467,0
D_0000281758,0,0.121601,0
D_0000282220,0,0.055857,0
D_0000282745,1,0.029810,0
D_0000282787,1,0.187627,1
D_0000282976,0,0.033270,0
D_0000283039,1,0.099703,0
D_0000283081,0,0.090957,0
D_0000283207,0,0.070652,0
D_0000283564,1,0.973961,1
D_0000283606,1,0.976602,1
D_0000283627,0,0.059722,0
D_0000284047,1,0.232813,1
D_0000284068,1,0.954701,1
D_0000284278,1,0.110776,0
D_0000284341,1,0.995105,1
D_0000284362,0,0.037597,0
D_0000284383,1,0.992199,1
D_0000284656,1,0.079144,0
D_0000285412,1,0.965238,1
D_0000285769,0,0.073046,0
D_0000285958,1,0.961591,1
D_0000286420,1,0.985434,1
D_0000287029,0,0.101685,0
D_0000287449,0,0.039761,0
D_0000287512,0,0.085479,0
D_0000288121,0,0.101450,0
D_0000288205,1,0.311294,1
D_0000288373,0,0.025690,0
D_0000288394,0,0.027812,0
D_0000288751,1,0.993207,1
D_0000288877,1,0.042809,0
D_0000289024,0,0.096559,0
D_0000289087,0,0.020900,0
D_0000289486,0,0.053082,0
D_0000289528,1,0.541219,1
D_0000289864,1,0.985383,1
D_0000290032,0,0.953858,1
D_0000291082,0,0.040856,0
D_0000291397,1,0.996554,1
D_0000291649,1,0.992600,1
D_0000293287,0,0.048752,0
D_0000293707,1,0.985543,1
D_0000294106,0,0.088345,0
D_0000294211,0,0.129998,0
D_0000294358,0,0.240157,1
D_0000294400,1,0.987428,1
D_0000295093,1,0.985530,1
D_0000295387,1,0.084763,0
D_0000295975,1,0.251590,1
D_0000296311,1,0.975928,1
D_0000296731,0,0.080829,0
D_0000296962,1,0.954746,1
D_0000297403,0,0.054644,0
D_0000297487,1,0.234380,1
D_0000297571,0,0.074814,0
D_0000297886,1,0.992350,1
D_0000297949,0,0.052863,0
D_0000298201,0,0.137211,0
D_0000298537,0,0.151772,1
D_0000298768,1,0.987941,1
D_0000299083,1,0.997430,1
D_0000299965,0,0.241579,1
D_0000300490,1,0.990534,1
D_0000301015,1,0.990234,1
D_0000301246,1,0.908785,1
D_0000301729,1,0.710766,1
D_0000301813,1,0.092067,0
D_0000302275,1,0.993882,1
D_0000302422,1,0.988771,1
D_0000302821,0,0.238237,1
D_0000302926,1,0.973482,1
D_0000302968,0,0.046316,0
D_0000303871,0,0.093277,0
D_0000304102,1,0.079099,0
D_0000304417,1,0.996693,1
D_0000304480,0,0.021915,0
D_0000304606,0,0.172553,1
D_0000304690,0,0.151419,1
D_0000304900,1,0.993667,1
D_0000304942,0,0.016984,0
D_0000305152,1,0.291934,1
D_0000305278,1,0.135217,0
D_0000305866,1,0.227911,1
D_0000306328,1,0.028183,0
D_0000306559,0,0.032891,0
D_0000307126,0,0.124303,0
D_0000307420,0,0.063440,0
D_0000307924,0,0.080315,0
D_0000308092,0,0.047856,0
D_0000308218,1,0.996777,1
D_0000308785,0,0.198485,1
D_0000308995,0,0.972907,1
D_0000309205,1,0.993334,1
D_0000309520,1,0.082527,0
D_0000309541,1,0.097631,0
D_0000309814,1,0.995470,1
D_0000310339,0,0.015103,0
D_0000310381,0,0.035818,0
D_0000310927,1,0.980578,1
D_0000311158,0,0.058264,0
D_0000311305,1,0.091871,0
D_0000311704,0,0.116909,0
D_0000311956,1,0.911268,1
D_0000312376,0,0.045780,0
D_0000312460,1,0.993374,1
D_0000312586,0,0.114109,0
D_0000312628,0,0.140137,0
D_0000312712,0,0.063609,0
D_0000312901,1,0.967955,1
D_0000312922,0,0.272134,1
D_0000313174,1,0.280442,1
D_0000313363,0,0.172439,1
D_0000313762,0,0.012896,0
D_0000314350,0,0.049765,0
D_0000314392,0,0.093726,0
D_0000314518,1,0.991289,1
D_0000314623,1,0.806475,1
D_0000315295,0,0.030155,0
D_0000315484,0,0.051529,0
D_0000315904,1,0.994686,1
D_0000316345,1,0.993715,1
D_0000316450,0,0.056492,0
D_0000316597,0,0.030191,0
D_0000316639,1,0.841100,1
D_0000316765,0,0.092431,0
D_0000317521,0,0.979262,1
D_0000317773,1,0.913873,1
D_0000318634,1,0.965775,1
D_0000319054,1,0.988330,1
D_0000319495,1,0.278798,1
D_0000320230,1,0.991796,1
D_0000320272,1,0.145777,0
D_0000320839,0,0.162985,1
D_0000321049,1,0.966057,1
D_0000321217,1,0.991638,1
D_0000321616,0,0.069727,0
D_0000321763,0,0.445389,1
D_0000321847,0,0.033233,0
D_0000322015,0,0.034190,0
D_0000323548,0,0.064512,0
D_0000323716,1,0.999911,1
D_0000324010,1,0.981972,1
D_0000324073,1,0.991577,1
D_0000325060,0,0.046609,0
D_0000325396,1,0.992765,1
D_0000326173,0,0.056390,0
D_0000326278,1,0.983349,1
D_0000326404,0,0.040729,0
D_0000326467,1,0.995660,1
D_0000326530,0,0.078762,0
D_0000327118,1,0.099046,0
D_0000327181,1,0.057237,0
D_0000327244,1,0.987599,1
D_0000327433,0,0.654221,1
D_0000327727,1,0.986746,1
D_0000328882,1,0.163008,1
D_0000329113,0,0.085820,0
D_0000329197,1,0.992787,1
D_0000329260,0,0.104424,0
D_0000330016,0,0.121187,0
D_0000330037,1,0.986438,1
D_0000330100,0,0.094677,0
D_0000330289,0,0.054811,0
D_0000330457,1,0.984098,1
D_0000330478,1,0.991410,1
D_0000330499,0,0.049814,0
D_0000330604,1,0.990488,1
D_0000330646,1,0.048536,0
D_0000330709,1,0.790243,1
D_0000330793,1,0.061053,0
D_0000331129,1,0.603890,1
D_0000331171,0,0.042286,0
D_0000331339,1,0.984958,1
D_0000331675,1,0.206812,1
D_0000331696,1,0.988990,1
D_0000332095,0,0.031219,0
D_0000332683,0,0.027965,0
D_0000332746,1,0.992826,1
D_0000333355,1,0.984109,1
D_0000333880,1,0.096157,0
D_0000334132,1,0.988678,1
D_0000334447,0,0.179880,1
D_0000334657,0,0.053146,0
D_0000334678,1,0.995998,1
D_0000335980,0,0.071863,0
D_0000336253,0,0.249292,1
D_0000336379,1,0.986529,1
D_0000336421,1,0.822831,1
D_0000336610,1,0.112208,0
D_0000336673,1,0.996003,1
D_0000336736,1,0.996551,1
D_0000336862,1,0.998568,1
D_0000337009,0,0.074663,0
D_0000337303,0,0.260988,1
D_0000337576,1,0.170232,1
D_0000338080,1,0.207642,1
D_0000338248,1,0.876732,1
D_0000338647,0,0.076096,0
D_0000338773,1,0.989689,1
D_0000338857,0,0.106340,0
D_0000339193,0,0.070182,0
D_0000339403,0,0.065178,0
D_0000339508,0,0.053155,0
D_0000339550,1,0.273009,1
D_0000339676,0,0.073541,0
D_0000339844,1,0.979136,1
D_0000340054,0,0.025800,0
D_0000340495,0,0.103769,0
D_0000340684,0,0.127242,0
D_0000340705,0,0.110040,0
D_0000340894,0,0.046870,0
D_0000340936,0,0.029237,0
D_0000341230,1,0.989225,1
D_0000341629,0,0.110547,0
D_0000342574,1,0.966751,1
D_0000342742,1,0.990834,1
D_0000343561,1,0.246254,1
D_0000344002,1,0.015657,0
D_0000344044,0,0.098798,0
D_0000344569,1,0.987087,1
D_0000344632,0,0.054046,0
D_0000345157,0,0.086349,0
D_0000345199,1,0.910651,1
D_0000345661,0,0.178810,1
D_0000345703,1,0.993766,1
D_0000346165,1,0.797437,1
D_0000346186,0,0.096277,0
D_0000346207,0,0.002724,0
D_0000346228,0,0.051990,0
D_0000346522,1,0.894781,1
D_0000346732,1,0.949638,1
D_0000346837,1,0.080402,0
D_0000346900,1,0.556514,1
D_0000346942,1,0.133746,0
D_0000347299,0,0.072592,0
D_0000347551,1,0.128256,0
D_0000347677,1,0.147760,0
D_0000348139,1,0.959445,1
D_0000348181,0,0.024241,0
D_0000348328,1,0.992904,1
D_0000348496,1,0.952107,1
D_0000349210,0,0.993185,1
D_0000349231,1,0.982298,1
D_0000350029,0,0.033512,0
D_0000350428,0,0.021398,0
D_0000350449,0,0.056557,0
D_0000350470,1,0.989431,1
D_0000350701,0,0.019777,0
D_0000350995,0,0.080640,0
D_0000351058,1,0.979935,1
D_0000351121,0,0.056528,0
D_0000351499,0,0.116741,0
D_0000352108,1,0.979462,1
D_0000352213,1,0.106302,0
D_0000352444,0,0.040281,0
D_0000352528,1,0.966687,1
D_0000352570,1,0.963470,1
D_0000352864,1,0.973934,1
D_0000352969,0,0.037863,0
D_0000353599,0,0.046589,0
D_0000354166,0,0.062036,0
D_0000354397,1,0.982794,1
D_0000354523,1,0.002343,0
D_0000354565,1,0.989458,1
D_0000354586,1,0.250545,1
D_0000354670,0,0.097988,0
D_0000354712,0,0.038265,0
D_0000355111,0,0.091914,0
D_0000355930,0,0.072238,0
D_0000356077,0,0.013077,0
D_0000356224,1,0.971280,1
D_0000356266,1,0.243186,1
D_0000356308,1,0.985081,1
D_0000356833,0,0.061008,0
D_0000357631,1,0.991441,1
D_0000357694,1,0.983281,1
D_0000358009,0,0.117224,0
D_0000359017,1,0.996172,1
D_0000359815,1,0.996388,1
D_0000359878,0,0.134002,0
D_0000360109,0,0.025307,0
D_0000360172,1,0.991562,1
D_0000360277,1,0.988749,1
D_0000360340,0,0.047352,0
D_0000360991,1,0.992493,1
D_0000361096,1,0.996661,1
D_0000361243,0,0.212982,1
D_0000361537,1,0.994584,1
D_0000361894,0,0.014445,0
D_0000362104,0,0.124075,0
D_0000362839,1,0.938215,1
D_0000363448,0,0.016008,0
D_0000363637,1,0.972507,1
D_0000364330,1,0.981745,1
D_0000365002,0,0.057004,0
D_0000365065,1,0.975345,1
D_0000366535,0,0.010710,0
D_0000367018,1,0.995666,1
D_0000367732,0,0.053942,0
D_0000368488,0,0.048662,0
D_0000369937,1,0.995159,1
D_0000370021,1,0.983439,1
D_0000370168,0,0.068616,0
D_0000370315,0,0.033285,0
D_0000370483,1,0.992656,1
D_0000370504,0,0.042279,0
D_0000371428,0,0.119003,0
D_0000371491,1,0.103128,0
D_0000371575,1,0.984065,1
D_0000371764,1,0.988868,1
D_0000372100,0,0.011801,0
D_0000372289,0,0.102297,0
D_0000372415,0,0.056860,0
D_0000372856,0,0.149349,1
D_0000373339,1,0.993152,1
D_0000373822,1,0.992457,1
D_0000373843,1,0.141847,0
D_0000374746,1,0.716062,1
D_0000375208,0,0.030736,0
D_0000375733,0,0.173698,1
D_0000375754,0,0.572978,1
D_0000376048,1,0.844061,1
D_0000376321,0,0.284588,1
D_0000376531,1,0.976392,1
D_0000376615,1,0.997379,1
D_0000378484,1,0.979484,1
D_0000378589,0,0.127242,0
D_0000378736,0,0.132764,0
D_0000378904,1,0.363616,1
D_0000379156,0,0.947540,1
D_0000379807,1,0.970002,1
D_0000380059,1,0.998491,1
D_0000380101,0,0.043802,0
D_0000380626,1,0.999988,1
D_0000380647,1,0.989738,1
D_0000380752,0,0.120060,0
D_0000380773,1,0.996820,1
D_0000382012,0,0.037457,0
D_0000382327,1,0.990189,1
D_0000382726,0,0.016382,0
D_0000382852,0,0.899852,1
D_0000383377,1,0.985759,1
D_0000383503,1,0.992351,1
D_0000383524,1,0.959769,1
D_0000383692,1,0.988379,1
D_0000383755,0,0.042787,0
D_0000383797,0,0.257144,1
D_0000383944,1,0.128936,0
D_0000383965,0,0.440445,1
D_0000384574,1,0.996042,1
D_0000385141,0,0.072085,0
D_0000386044,0,0.030696,0
D_0000386065,0,0.119291,0
D_0000386191,1,0.983872,1
D_0000386233,1,0.489060,1
D_0000386485,0,0.936671,1
D_0000387031,1,0.979132,1
D_0000387304,1,0.048015,0
D_0000387619,1,0.964813,1
D_0000387766,0,0.008834,0
D_0000387913,0,0.044041,0
D_0000387934,0,0.054847,0
D_0000388018,1,0.294608,1
D_0000388249,1,0.057159,0
D_0000388438,1,0.992002,1
D_0000388669,0,0.027544,0
D_0000388732,1,0.974746,1
D_0000388963,1,0.988452,1
D_0000389152,1,0.080809,0
D_0000389635,1,0.984629,1
D_0000389803,0,0.006909,0
D_0000389845,1,0.961607,1
D_0000389866,0,0.074391,0
D_0000390097,1,0.992314,1
D_0000392617,0,0.149832,1
D_0000393016,0,0.059859,0
D_0000393037,0,0.049373,0
D_0000393163,0,0.066208,0
D_0000393205,1,0.340582,1
D_0000393268,1,0.994717,1
D_0000393373,1,0.138266,0
D_0000393814,0,0.123833,0
D_0000394024,1,0.990706,1
D_0000394444,1,0.206373,1
D_0000394507,0,0.163793,1
D_0000394843,1,0.945018,1
D_0000394948,0,0.220992,1
D_0000395200,1,0.966050,1
D_0000396439,0,0.024145,0
D_0000396649,1,0.986290,1
D_0000396712,1,0.973040,1
D_0000397195,1,0.991204,1
D_0000397237,1,0.937118,1
D_0000397384,1,0.937462,1
D_0000397405,1,0.991496,1
D_0000397510,1,0.993353,1
D_0000397888,0,0.106349,0
D_0000398035,1,0.997321,1
D_0000398245,0,0.089999,0
D_0000398854,1,0.991810,1
D_0000399505,1,0.247082,1
D_0000399526,1,0.980566,1
D_0000399841,0,0.042706,0
D_0000400135,1,0.986896,1
D_0000400576,0,0.064741,0
D_0000401206,0,0.040971,0
D_0000401227,1,0.224584,1
D_0000401353,0,0.087290,0
D_0000402004,1,0.597528,1
D_0000402151,1,0.994007,1
D_0000402193,1,0.992337,1
D_0000402277,1,0.987431,1
D_0000403033,1,0.978341,1
D_0000403054,1,0.186083,1
D_0000403369,0,0.104123,0
D_0000403579,0,0.063088,0
D_0000404272,1,0.975453,1
D_0000404482,1,0.991543,1
D_0000405070,1,0.992007,1
D_0000405238,0,0.011458,0
D_0000405595,1,0.991221,1
D_0000406267,1,0.989292,1
D_0000407359,1,0.970475,1
D_0000407422,1,0.953819,1
D_0000407527,1,0.977816,1
D_0000408178,1,0.898672,1
D_0000408262,0,0.122281,0
D_0000408367,1,0.691669,1
D_0000408703,0,0.022314,0
D_0000409081,0,0.036842,0
D_0000409375,1,0.946657,1
D_0000409585,1,0.942048,1
D_0000410341,1,0.192290,1
D_0000410446,1,0.976863,1
D_0000410656,1,0.271840,1
D_0000411034,1,0.989766,1
D_0000411244,0,0.087133,0
D_0000411391,1,0.999629,1
D_0000411475,1,0.166971,1
D_0000411706,1,0.175230,1
D_0000411790,1,0.979004,1
D_0000411853,0,0.151546,1
D_0000412063,1,0.987263,1
D_0000412294,1,0.107018,0
D_0000412588,0,0.016751,0
D_0000412693,1,0.990527,1
D_0000412819,1,0.074402,0
D_0000412840,0,0.063356,0
D_0000412945,0,0.053998,0
D_0000413008,1,0.304720,1
D_0000413197,1,0.995036,1
D_0000414940,0,0.085388,0
D_0000415024,1,0.256626,1
D_0000415318,1,0.866636,1
D_0000415507,0,0.048249,0
D_0000415570,0,0.066173,0
D_0000415696,0,0.001603,0
D_0000415990,0,0.028466,0
D_0000416011,1,0.867125,1
D_0000416830,1,0.168431,1
D_0000417187,0,0.086862,0
D_0000417439,1,0.251713,1
D_0000417607,1,0.982714,1
D_0000418321,1,0.977502,1
D_0000419686,1,0.992866,1
D_0000420337,1,0.887977,1
D_0000420421,0,0.064372,0
D_0000420610,1,0.989885,1
D_0000421051,0,0.333506,1
D_0000421282,1,0.998141,1
D_0000422416,0,0.045259,0
D_0000422962,1,0.976242,1
D_0000423004,0,0.028701,0
D_0000423046,1,0.982008,1
D_0000423655,0,0.025154,0
D_0000423802,0,0.058990,0
D_0000424012,1,0.982541,1
D_0000424180,0,0.108131,0
D_0000424747,0,0.041240,0
D_0000425125,1,0.993279,1
D_0000425272,0,0.083847,0
D_0000425608,0,0.040924,0
D_0000425713,1,0.990020,1
D_0000425965,1,0.155150,1
D_0000426763,1,0.995451,1
D_0000428317,0,0.065614,0
D_0000428338,0,0.045580,0
D_0000428632,1,0.963311,1
D_0000428842,1,0.470477,1
D_0000428905,1,0.170792,1
D_0000429115,0,0.033182,0
D_0000429199,1,0.994548,1
D_0000429241,1,0.989717,1
D_0000429514,1,0.969135,1
D_0000429535,1,0.982018,1
D_0000429577,1,0.994462,1
D_0000429598,1,0.392891,1
D_0000429934,1,0.998503,1
D_0000430396,0,0.100792,0
D_0000430480,0,0.039984,0
D_0000431425,1,0.111490,0
D_0000431530,1,0.991156,1
D_0000431551,1,0.995739,1
D_0000432013,1,0.991679,1
D_0000432286,1,0.981720,1
D_0000432559,0,0.099937,0
D_0000432895,0,0.072260,0
D_0000433042,1,0.921666,1
D_0000433168,1,0.994214,1
D_0000433357,1,0.988523,1
D_0000433588,1,0.196734,1
D_0000433714,1,0.995071,1
D_0000433798,0,0.028458,0
D_0000434071,1,0.963360,1
D_0000434218,1,0.955106,1
D_0000435268,0,0.030464,0
D_0000435583,1,0.967151,1
D_0000435898,1,0.993678,1
D_0000436129,0,0.059636,0
D_0000436738,1,0.974415,1
D_0000437179,1,0.144666,0
D_0000437242,0,0.156993,1
D_0000437704,0,0.041708,0
D_0000437851,1,0.982700,1
D_0000437893,0,0.073530,0
D_0000437977,0,0.097470,0
D_0000439888,1,0.994351,1
D_0000439909,0,0.112954,0
D_0000440035,1,0.994148,1
D_0000440287,1,0.992169,1
D_0000440476,1,0.998691,1
D_0000441022,1,0.981486,1
D_0000441064,1,0.985734,1
D_0000441085,1,0.987785,1
D_0000441442,0,0.154480,1
D_0000442429,0,0.070236,0
D_0000442492,1,0.991408,1
D_0000442534,0,0.112441,0
D_0000442618,0,0.045439,0
D_0000443101,1,0.256744,1
D_0000443122,1,0.989594,1
D_0000443353,0,0.065783,0
D_0000443542,0,0.078584,0
D_0000443626,1,0.991982,1
D_0000443773,1,0.235718,1
D_0000444130,0,0.075034,0
D_0000444718,1,0.859169,1
D_0000444823,0,0.020733,0
D_0000444928,1,0.966810,1
D_0000444991,1,0.987684,1
D_0000445075,1,0.230715,1
D_0000445474,0,0.033077,0
D_0000445894,1,0.810425,1
D_0000445915,0,0.010434,0
D_0000446503,0,0.012987,0
D_0000446566,1,0.999446,1
D_0000446902,0,0.058789,0
D_0000447196,1,0.975775,1
D_0000447427,0,0.023791,0
D_0000447721,0,0.205620,1
D_0000448078,0,0.069660,0
D_0000449212,1,0.990994,1
D_0000449254,0,0.041792,0
D_0000449611,1,0.972430,1
D_0000449905,1,0.130304,0
D_0000450325,0,0.026839,0
D_0000450997,1,0.230795,1
D_0000451144,0,0.106943,0
D_0000451438,1,0.985052,1
D_0000451606,0,0.023766,0
D_0000451942,1,0.993325,1
D_0000451984,1,0.992139,1
D_0000452194,0,0.093744,0
D_0000452299,1,0.984316,1
D_0000452509,1,0.179408,1
D_0000452740,1,0.991745,1
D_0000453097,0,0.045023,0
D_0000453328,0,0.101178,0
D_0000453349,0,0.108449,0
D_0000453370,1,0.029823,0
D_0000453664,1,0.102738,0
D_0000453979,1,0.078196,0
D_0000454189,1,0.120637,0
D_0000454294,0,0.082140,0
D_0000454420,0,0.038898,0
D_0000454462,1,0.148865,0
D_0000454504,1,0.950174,1
D_0000454756,0,0.052021,0
D_0000454903,0,0.075721,0
D_0000455869,1,0.982454,1
D_0000455890,0,0.012691,0
D_0000456037,0,0.026709,0
D_0000456079,1,0.993792,1
D_0000456163,1,0.043389,0
D_0000456226,1,0.182390,1
D_0000456457,1,0.981260,1
D_0000456688,0,0.014815,0
D_0000456709,0,0.092013,0
D_0000456730,0,0.791400,1
D_0000456940,1,0.991111,1
D_0000457087,0,0.176857,1
D_0000457360,1,0.992106,1
D_0000457696,0,0.054098,0
D_0000457864,1,0.939517,1
D_0000458704,0,0.075310,0
D_0000458767,1,0.997402,1
D_0000458809,1,0.664470,1
D_0000459082,0,0.184592,1
D_0000459376,0,0.043523,0
D_0000459607,1,0.737662,1
D_0000459775,1,0.204228,1
D_0000459859,1,0.990047,1
D_0000460069,0,0.170213,1
D_0000460174,0,0.226753,1
D_0000460216,0,0.116960,0
D_0000460594,0,0.052075,0
D_0000461119,1,0.976668,1
D_0000461434,1,0.989956,1
D_0000462211,1,0.974350,1
D_0000462295,0,0.095734,0
D_0000462316,0,0.118890,0
D_0000462463,0,0.027805,0
D_0000462715,0,0.074539,0
D_0000462925,0,0.086423,0
D_0000462988,0,0.039648,0
D_0000463534,1,0.176980,1
D_0000464479,0,0.028319,0
D_0000464584,1,0.989305,1
D_0000464689,1,0.062413,0
D_0000464815,0,0.031689,0
D_0000465445,0,0.096501,0
D_0000466012,0,0.050583,0
D_0000466264,0,0.075826,0
D_0000466873,0,0.050162,0
D_0000466978,0,0.030258,0
D_0000467734,1,0.906753,1
D_0000468196,1,0.276751,1
D_0000468805,1,0.994257,1
D_0000470044,0,0.148682,0
D_0000470401,1,0.086010,0
D_0000470716,1,0.139200,0
D_0000470926,0,0.061400,0
D_0000471157,1,0.988090,1
D_0000471199,0,0.056954,0
D_0000471367,1,0.999465,1
D_0000471619,1,0.996772,1
D_0000471682,0,0.114732,0
D_0000472207,1,0.983737,1
D_0000472522,1,0.983357,1
D_0000473026,1,0.687417,1
D_0000473824,1,0.331786,1
D_0000473971,0,0.114109,0
D_0000474013,1,0.330718,1
D_0000474265,1,0.989623,1
D_0000474622,1,0.990974,1
D_0000475063,1,0.991699,1
D_0000475126,1,0.985436,1
D_0000475147,1,0.964660,1
D_0000475294,1,0.993377,1
D_0000475336,1,0.990359,1
D_0000475441,1,0.989926,1
D_0000475630,1,0.850219,1
D_0000475819,0,0.018623,0
D_0000475882,0,0.074916,0
D_0000476785,1,0.983427,1
D_0000476869,1,0.995012,1
D_0000477016,0,0.932365,1
D_0000477100,1,0.978559,1
D_0000477457,1,0.186257,1
D_0000477793,0,0.160658,1
D_0000477856,1,0.988879,1
D_0000478402,0,0.032585,0
D_0000478507,0,0.150068,1
D_0000478549,1,0.202746,1
D_0000478612,0,0.956750,1
D_0000478675,1,0.115294,0
D_0000478738,0,0.173769,1
D_0000478822,1,0.984120,1
D_0000478885,0,0.348388,1
D_0000478906,0,0.016844,0
D_0000479011,1,0.981244,1
D_0000479347,1,0.997065,1
D_0000479452,1,0.052561,0
D_0000480019,0,0.099943,0
D_0000480523,1,0.974868,1
D_0000481132,0,0.259371,1
D_0000481468,0,0.056751,0
D_0000481573,1,0.991922,1
D_0000481972,1,0.993787,1
D_0000482287,1,0.990446,1
D_0000482560,1,0.942046,1
D_0000482980,1,0.554241,1
D_0000483001,1,0.986932,1
D_0000483106,0,0.146293,0
D_0000483211,1,0.962054,1
D_0000483274,1,0.994416,1
D_0000483484,1,0.135425,0
D_0000483757,1,0.999921,1
D_0000483799,0,0.114357,0
D_0000484072,0,0.092723,0
D_0000484324,1,0.992550,1
D_0000485311,0,0.032581,0
D_0000485542,1,0.117615,0
D_0000485836,0,0.214706,1
D_0000486277,1,0.225136,1
D_0000486445,1,0.198221,1
D_0000486613,1,0.190193,1
D_0000487033,1,0.998655,1
D_0000487117,1,0.995332,1
D_0000487180,0,0.066035,0
D_0000487495,0,0.020400,0
D_0000487642,1,0.976559,1
D_0000487852,0,0.102445,0
D_0000488356,0,0.077027,0
D_0000488482,1,0.990419,1
D_0000488629,0,0.025295,0
D_0000489028,1,0.990742,1
D_0000489154,1,0.991140,1
D_0000489175,0,0.023329,0
D_0000489763,0,0.105652,0
D_0000489784,1,0.971086,1
D_0000490351,0,0.084365,0
D_0000490435,1,0.991356,1
D_0000490456,0,0.044534,0
D_0000490645,0,0.172807,1
D_0000490687,0,0.155866,1
D_0000490771,0,0.991271,1
D_0000490960,1,0.031020,0
D_0000491170,0,0.152492,1
D_0000491191,0,0.142869,0
D_0000491212,1,0.685899,1
D_0000491485,0,0.050968,0
D_0000491737,1,0.058709,0
D_0000491989,0,0.064622,0
D_0000492178,1,0.999904,1
D_0000492577,0,0.028513,0
D_0000493522,1,0.994637,1
D_0000493627,1,0.991628,1
D_0000493669,0,0.072698,0
D_0000493858,1,0.996767,1
D_0000494068,1,0.953816,1
D_0000494299,1,0.993829,1
D_0000495181,0,0.071636,0
D_0000495286,1,0.995904,1
D_0000495412,1,0.811892,1
D_0000495454,0,0.109797,0
D_0000495874,1,0.063351,0
D_0000495937,1,0.992367,1
D_0000495958,1,0.071731,0
D_0000496315,1,0.711708,1
D_0000496399,0,0.027061,0
D_0000496756,1,0.992866,1
D_0000497512,1,0.197461,1
D_0000497659,0,0.070433,0
D_0000498058,1,0.112205,0
D_0000498205,1,0.269392,1
D_0000498268,1,0.999320,1
D_0000498289,0,0.051637,0
D_0000498310,1,0.328547,1
D_0000498961,1,0.982469,1
D_0000499087,0,0.080262,0
D_0000499276,0,0.110407,0
D_0000499549,0,0.018283,0
D_0000499801,0,0.107647,0
D_0000500179,1,0.101322,0
D_0000500431,1,0.026434,0
D_0000501229,0,0.117828,0
D_0000501586,0,0.128830,0
D_0000501880,1,0.950882,1
D_0000502615,1,0.939355,1
D_0000502657,1,0.948942,1
D_0000503161,0,0.972476,1
D_0000503224,0,0.106170,0
D_0000503560,0,0.082192,0
D_0000503581,0,0.060626,0
D_0000503812,0,0.972078,1
D_0000503896,0,0.123523,0
D_0000504001,0,0.143570,0
D_0000504211,1,0.994408,1
D_0000504421,1,0.990321,1
D_0000504799,1,0.999964,1
D_0000505597,1,0.942138,1
D_0000505996,0,0.096353,0
D_0000506227,0,0.029450,0
D_0000506563,0,0.031742,0
D_0000506794,0,0.067653,0
D_0000507130,1,0.993319,1
D_0000507277,1,0.977716,1
D_0000508054,1,0.968654,1
D_0000508558,0,0.293335,1
D_0000509062,1,0.944746,1
D_0000509083,1,0.995940,1
D_0000509104,1,0.247104,1
D_0000509776,0,0.969818,1
D_0000509797,1,0.935000,1
D_0000510133,0,0.030348,0
D_0000510154,1,0.410488,1
D_0000510175,1,0.246572,1
D_0000510574,1,0.941299,1
D_0000510763,1,0.935463,1
D_0000510910,0,0.020870,0
D_0000511162,0,0.054647,0
D_0000511183,0,0.071289,0
D_0000511393,0,0.165367,1
D_0000511414,0,0.034113,0
D_0000511498,1,0.992273,1
D_0000511708,1,0.994124,1
D_0000512569,1,0.987644,1
D_0000513493,0,0.089984,0
D_0000513913,1,0.408407,1
D_0000514165,0,0.242352,1
D_0000514249,1,0.822518,1
D_0000514291,1,0.996362,1
D_0000514312,1,0.990376,1
D_0000514417,1,0.988940,1
D_0000514669,0,0.139349,0
D_0000514732,1,0.716159,1
D_0000514942,0,0.068790,0
D_0000515068,1,0.990903,1
D_0000515341,1,0.994244,1
D_0000515467,0,0.613256,1
D_0000515572,0,0.005529,0
D_0000515887,1,0.152046,1
D_0000516244,1,0.996001,1
D_0000516685,1,0.177247,1
D_0000516937,1,0.996890,1
D_0000517336,0,0.964004,1
D_0000518071,1,0.162117,1
D_0000518197,0,0.091649,0
D_0000518554,1,0.995645,1
D_0000518638,0,0.031043,0
D_0000519457,0,0.114809,0
D_0000519499,0,0.050259,0
D_0000519625,1,0.941026,1
D_0000519751,1,0.992881,1
D_0000520192,0,0.075179,0
D_0000520507,1,0.979214,1
D_0000520822,1,0.193540,1
D_0000520885,0,0.036405,0
D_0000521557,1,0.138140,0
D_0000521914,0,0.078687,0
D_0000522187,1,0.160588,1
D_0000522250,0,0.974954,1
D_0000522292,0,0.116806,0
D_0000522397,0,0.090023,0
D_0000522628,1,0.989550,1
D_0000522796,0,0.117264,0
D_0000523405,1,0.997721,1
D_0000523426,1,0.992106,1
D_0000523468,1,0.992383,1
D_0000523846,0,0.054970,0
D_0000523972,1,0.969776,1
D_0000524707,1,0.940620,1
D_0000524875,1,0.943870,1
D_0000525652,1,0.667498,1
D_0000525841,0,0.028601,0
D_0000526009,0,0.079147,0
D_0000526135,1,0.990682,1
D_0000526639,0,0.404715,1
D_0000526723,1,0.993830,1
D_0000526744,1,0.992515,1
D_0000526786,1,0.988322,1
D_0000527206,0,0.086519,0
D_0000527647,0,0.074672,0
D_0000527794,0,0.093122,0
D_0000528130,1,0.960672,1
D_0000528235,0,0.061957,0
D_0000529201,0,0.030179,0
D_0000529516,0,0.238032,1
D_0000529621,0,0.087063,0
D_0000529957,1,0.974076,1
D_0000530188,0,0.085616,0
D_0000530209,0,0.144513,0
D_0000530818,0,0.080696,0
D_0000531007,0,0.056212,0
D_0000531196,1,0.813095,1
D_0000531448,1,0.121465,0
D_0000531490,1,0.963336,1
D_0000531532,0,0.049263,0
D_0000532435,0,0.088759,0
D_0000533107,0,0.150655,1
D_0000534178,0,0.073812,0
D_0000534283,0,0.079864,0
D_0000534346,1,0.997378,1
D_0000534409,1,0.123143,0
D_0000534661,0,0.061493,0
D_0000534808,1,0.951467,1
D_0000534997,0,0.155220,1
D_0000535081,1,0.981011,1
D_0000535522,1,0.106045,0
D_0000535585,0,0.028647,0
D_0000535858,0,0.023139,0
D_0000535921,1,0.783224,1
D_0000536089,0,0.057329,0
D_0000536131,1,0.980616,1
D_0000536152,1,0.635910,1
D_0000536236,1,0.984485,1
D_0000536488,0,0.874821,1
D_0000537160,0,0.569425,1
D_0000537412,1,0.986811,1
D_0000537811,1,0.077908,0
D_0000538126,1,0.989635,1
D_0000538294,1,0.072467,0
D_0000538420,1,0.943757,1
D_0000538504,0,0.110472,0
D_0000538546,0,0.077607,0
D_0000538609,1,0.192338,1
D_0000538903,0,0.053033,0
D_0000539218,0,0.046968,0
D_0000539302,0,0.068435,0
D_0000539470,1,0.121522,0
D_0000539512,0,0.030745,0
D_0000539785,0,0.036420,0
D_0000540142,0,0.033712,0
D_0000540415,1,0.090743,0
D_0000540457,0,0.075009,0
D_0000541087,0,0.029193,0
D_0000541696,0,0.006366,0
D_0000541801,1,0.994164,1
D_0000541843,1,0.996122,1
D_0000542158,0,0.046845,0
D_0000542200,1,0.995761,1
D_0000542263,0,0.045270,0
D_0000542347,0,0.060062,0
D_0000542515,0,0.032728,0
D_0000542914,0,0.972387,1
D_0000542956,1,0.953651,1
D_0000543187,1,0.996867,1
D_0000543376,1,0.015228,0
D_0000543712,0,0.042828,0
D_0000544657,1,0.977697,1
D_0000544993,1,0.980728,1
D_0000545560,0,0.072393,0
D_0000545812,1,0.981023,1
D_0000546022,0,0.324880,1
D_0000546085,1,0.990248,1
D_0000546631,1,0.989228,1
D_0000546673,1,0.873508,1
D_0000547114,0,0.105251,0
D_0000547198,1,0.994955,1
D_0000547219,1,0.995225,1
D_0000548059,1,0.048853,0
D_0000548122,0,0.032473,0
D_0000548164,1,0.992694,1
D_0000548269,1,0.069541,0
D_0000548479,1,0.999541,1
D_0000548752,0,0.057093,0
D_0000548878,1,0.994516,1
D_0000549508,0,0.060433,0
D_0000550642,0,0.030835,0
D_0000551041,0,0.040639,0
D_0000551188,0,0.080700,0
D_0000551461,1,0.999103,1
D_0000551797,1,0.986577,1
D_0000552280,0,0.053512,0
D_0000552469,0,0.143229,0
D_0000552868,1,0.992834,1
D_0000553204,1,0.797804,1
D_0000553288,0,0.005751,0
D_0000553582,0,0.036755,0
D_0000553603,1,0.998470,1
D_0000553645,0,0.051012,0
D_0000553771,1,0.588916,1
D_0000553918,1,0.290826,1
D_0000554044,0,0.160186,1
D_0000554233,1,0.228613,1
D_0000554296,1,0.261530,1
D_0000554485,0,0.035844,0
D_0000554674,0,0.244975,1
D_0000555094,1,0.285288,1
D_0000555262,0,0.063957,0
D_0000555430,1,0.930933,1
D_0000555556,1,0.989704,1
D_0000555577,1,0.957381,1
D_0000555724,1,0.959989,1
D_0000556522,1,0.995803,1
D_0000556753,1,0.116899,0
D_0000556984,0,0.106476,0
D_0000557383,1,0.989474,1
D_0000558664,1,0.130480,0
D_0000559168,0,0.025838,0
D_0000559945,1,0.219815,1
D_0000560071,1,0.987130,1
D_0000560281,1,0.989199,1
D_0000560386,0,0.097587,0
D_0000560491,1,0.991294,1
D_0000560743,1,0.995204,1
D_0000561058,0,0.015175,0
D_0000561352,1,0.991654,1
D_0000561562,0,0.321044,1
D_0000561604,0,0.023873,0
D_0000561877,0,0.130761,0
D_0000562297,1,0.938094,1
D_0000562360,1,0.988123,1
D_0000562675,1,0.977295,1
D_0000562906,1,0.980518,1
D_0000563137,0,0.008564,0
D_0000563263,1,0.396722,1
D_0000563284,0,0.151468,1
D_0000563389,1,0.978243,1
D_0000563494,0,0.050844,0
D_0000564418,1,0.977637,1
D_0000564544,1,0.972592,1
D_0000564922,0,0.026348,0
D_0000565279,0,0.037294,0
D_0000565552,0,0.031920,0
D_0000565930,0,0.887900,1
D_0000566287,0,0.969789,1
D_0000566749,1,0.105589,0
D_0000567001,1,0.993312,1
D_0000567211,0,0.051512,0
D_0000567547,1,0.978558,1
D_0000567778,1,0.975637,1
D_0000568135,1,0.991370,1
D_0000568576,0,0.006114,0
D_0000568681,0,0.344827,1
D_0000568891,0,0.073945,0
D_0000568975,1,0.065788,0
D_0000569248,1,0.980810,1
D_0000569731,1,0.989973,1
D_0000570025,1,0.928505,1
D_0000570298,0,0.056083,0
D_0000570718,1,0.984310,1
D_0000571222,0,0.241171,1
D_0000571663,0,0.175831,1
D_0000572566,1,0.999584,1
D_0000572818,0,0.017214,0
D_0000573196,0,0.068800,0
D_0000574498,1,0.077446,0
D_0000574603,1,0.982286,1
D_0000575359,0,0.068280,0
D_0000575527,0,0.177277,1
D_0000575695,1,0.467573,1
D_0000575716,1,0.987727,1
D_0000575863,1,0.994915,1
D_0000576010,0,0.153581,1
D_0000576325,0,0.029233,0
D_0000576787,1,0.163222,1
D_0000576850,1,0.989938,1
D_0000577039,0,0.028296,0
D_0000577123,1,0.052716,0
D_0000577186,0,0.038090,0
D_0000577228,1,0.988245,1
D_0000577648,0,0.108693,0
D_0000578005,0,0.199929,1
D_0000578425,0,0.046844,0
D_0000578950,1,0.990663,1
D_0000579307,1,0.024769,0
D_0000579727,0,0.062017,0
D_0000580252,1,0.982946,1
D_0000580588,0,0.056039,0
D_0000580777,0,0.124109,0
D_0000580840,1,0.967613,1
D_0000581071,0,0.159499,1
D_0000581344,1,0.999912,1
D_0000581386,1,0.983337,1
D_0000581428,1,0.116747,0
D_0000581617,0,0.058898,0
D_0000582331,0,0.203115,1
D_0000582709,1,0.985686,1
D_0000583549,1,0.996883,1
D_0000584326,0,0.027821,0
D_0000584452,1,0.992248,1
D_0000584599,1,0.685356,1
D_0000584788,1,0.993428,1
D_0000585166,1,0.973601,1
D_0000585187,0,0.100115,0
D_0000586006,0,0.078142,0
D_0000586090,1,0.990878,1
D_0000586216,1,0.982894,1
D_0000586258,1,0.983485,1
D_0000586405,0,0.135542,0
D_0000586762,1,0.993541,1
D_0000587455,1,0.966239,1
D_0000588064,0,0.925488,1
D_0000588295,0,0.016096,0
D_0000588526,0,0.107398,0
D_0000589408,0,0.095986,0
D_0000589765,1,0.177356,1
D_0000589807,1,0.170244,1
D_0000590164,0,0.126141,0
D_0000590353,1,0.990089,1
D_0000590416,1,0.067042,0
D_0000591235,1,0.992169,1
D_0000591634,1,0.411023,1
D_0000591886,0,0.091106,0
D_0000592201,1,0.960711,1
D_0000592432,1,0.988913,1
D_0000592495,1,0.981039,1
D_0000592999,1,0.996170,1
D_0000593041,1,0.993407,1
D_0000593335,0,0.311837,1
D_0000593440,1,0.989107,1
D_0000593482,1,0.385012,1
D_0000593755,0,0.046998,0
D_0000593902,0,0.419951,1
D_0000594196,0,0.171907,1
D_0000594217,1,0.971171,1
D_0000594238,0,0.109798,0
D_0000594343,1,0.192963,1
D_0000594763,0,0.050742,0
D_0000595078,0,0.026712,0
D_0000596401,1,0.563330,1
D_0000597031,0,0.080994,0
D_0000598711,0,0.076878,0
D_0000598816,0,0.040194,0
D_0000599152,1,0.360222,1
D_0000599278,1,0.293052,1
D_0000599299,1,0.981632,1
D_0000599467,0,0.096466,0
D_0000599614,0,0.102763,0
D_0000600118,1,0.992321,1
D_0000600769,1,0.166155,1
D_0000600790,1,0.981024,1
D_0000600811,1,0.992554,1
D_0000600874,0,0.048597,0
D_0000600937,1,0.986531,1
D_0000601147,1,0.703039,1
D_0000601294,0,0.060284,0
D_0000601357,1,0.993322,1
D_0000601966,1,0.962361,1
D_0000602155,0,0.055071,0
D_0000602197,0,0.034099,0
D_0000603163,0,0.061942,0
D_0000603331,0,0.063235,0
D_0000603394,1,0.994907,1
D_0000604045,0,0.200431,1
D_0000604213,1,0.149159,0
D_0000604528,1,0.065340,0
D_0000604696,1,0.099238,0
D_0000604780,1,0.544189,1
D_0000605116,0,0.266132,1
D_0000605347,0,0.032945,0
D_0000605389,1,0.994545,1
D_0000605557,0,0.158704,1
D_0000605725,1,0.718029,1
D_0000605872,0,0.073953,0
D_0000606166,1,0.994625,1
D_0000606754,1,0.110646,0
D_0000607468,1,0.131712,0
D_0000607636,1,0.988771,1
D_0000607657,1,0.949063,1
D_0000607783,0,0.152231,1
D_0000608119,0,0.053186,0
D_0000608497,0,0.035315,0
D_0000608539,0,0.352079,1
D_0000609001,1,0.989382,1
D_0000609295,0,0.092553,0
D_0000609568,1,0.129525,0
D_0000609589,1,0.661967,1
D_0000609820,0,0.092471,0
D_0000609925,1,0.993013,1
D_0000610912,0,0.104517,0
D_0000611185,1,0.759066,1
D_0000611458,0,0.039363,0
D_0000611500,1,0.989759,1
D_0000611920,0,0.056921,0
D_0000612739,1,0.806925,1
D_0000613369,1,0.262953,1
D_0000613936,1,0.304374,1
D_0000614041,0,0.198189,1
D_0000614503,0,0.050185,0
D_0000614566,0,0.153875,1
D_0000614650,0,0.066288,0
D_0000614797,0,0.066384,0
D_0000615259,1,0.984854,1
D_0000615742,1,0.984588,1
D_0000616288,1,0.643710,1
D_0000616351,1,0.371845,1
D_0000616540,0,0.246540,1
D_0000616603,0,0.012352,0
D_0000616624,0,0.062721,0
D_0000616918,0,0.210181,1
D_0000617401,0,0.108752,0
D_0000617653,0,0.159203,1
D_0000617905,1,0.958345,1
D_0000618199,1,0.213595,1
D_0000618346,1,0.900625,1
D_0000618619,0,0.028866,0
D_0000619354,1,0.206316,1
D_0000619900,0,0.082648,0
D_0000620131,0,0.030759,0
D_0000620257,0,0.142779,0
D_0000620992,1,0.994388,1
D_0000621034,0,0.035909,0
D_0000621076,0,0.182769,1
D_0000621307,1,0.126227,0
D_0000621664,1,0.295981,1
D_0000622315,1,0.985235,1
D_0000622462,0,0.125169,0
D_0000622840,0,0.021083,0
D_0000622903,0,0.298207,1
D_0000623134,0,0.013585,0
D_0000623302,1,0.985978,1
D_0000623470,0,0.055425,0
D_0000624646,0,0.063495,0
D_0000625402,0,0.142061,0
D_0000625780,0,0.088215,0
D_0000626011,1,0.494521,1
D_0000626200,0,0.398328,1
D_0000626221,1,0.990302,1
D_0000626935,1,0.754595,1
D_0000627418,1,0.622505,1
D_0000627733,0,0.045024,0
D_0000627901,1,0.227390,1
D_0000628132,1,0.990492,1
D_0000628825,1,0.215913,1
D_0000628972,0,0.127098,0
D_0000629203,1,0.986273,1
D_0000629287,0,0.054148,0
D_0000629371,0,0.030083,0
D_0000629665,1,0.992766,1
D_0000630043,1,0.999649,1
D_0000630211,1,0.240178,1
D_0000630316,0,0.045634,0
D_0000630904,1,0.989451,1
D_0000631366,0,0.087080,0
D_0000631576,0,0.144916,0
D_0000631702,1,0.090628,0
D_0000631765,1,0.987690,1
D_0000632626,1,0.994091,1
D_0000633214,0,0.463021,1
D_0000633361,0,0.022120,0
D_0000633676,1,0.991460,1
D_0000633928,0,0.376552,1
D_0000634075,1,0.111817,0
D_0000634138,1,0.023921,0
D_0000634747,0,0.093153,0
D_0000635650,1,0.988891,1
D_0000635881,1,0.190446,1
D_0000635902,0,0.536880,1
D_0000636070,0,0.035203,0
D_0000636364,1,0.993281,1
D_0000636469,0,0.033860,0
D_0000636658,0,0.037589,0
D_0000637771,1,0.997408,1
D_0000638254,1,0.678482,1
D_0000638317,0,0.554458,1
D_0000638359,0,0.166710,1
D_0000639010,1,0.057826,0
D_0000639031,1,0.973057,1
D_0000639535,1,0.939799,1
D_0000640060,0,0.086563,0
D_0000640270,0,0.040473,0
D_0000640501,1,0.970255,1
D_0000640858,0,0.073837,0
D_0000641047,1,0.638860,1
D_0000641425,1,0.157647,1
D_0000641971,1,0.989699,1
D_0000641992,1,0.212097,1
D_0000642244,1,0.163721,1
D_0000642370,1,0.932353,1
D_0000642496,0,0.018238,0
D_0000642643,0,0.819184,1
D_0000643441,0,0.084991,0
D_0000643567,0,0.062468,0
D_0000643924,1,0.982473,1
D_0000644575,1,0.996597,1
D_0000644806,0,0.130279,0
D_0000644995,1,0.099509,0
D_0000645163,0,0.876931,1
D_0000645625,1,0.981478,1
D_0000646318,0,0.102900,0
D_0000646507,0,0.074433,0
D_0000646591,1,0.995649,1
D_0000646675,0,0.020658,0
D_0000647011,0,0.066836,0
D_0000647347,1,0.146222,0
D_0000648124,1,0.391954,1
D_0000648145,1,0.186260,1
D_0000648292,0,0.096274,0
D_0000648418,0,0.043427,0
D_0000648523,1,0.680275,1
D_0000648775,1,0.113968,0
D_0000648817,0,0.098063,0
D_0000648838,1,0.941475,1
D_0000649258,0,0.149582,1
D_0000649762,1,0.901943,1
D_0000650497,1,0.997743,1
D_0000650665,0,0.039528,0
D_0000650728,1,0.843854,1
D_0000651862,0,0.025584,0
D_0000652408,0,0.043516,0
D_0000652555,0,0.098697,0
D_0000653269,1,0.205055,1
D_0000653479,0,0.041914,0
D_0000653689,1,0.992809,1
D_0000653752,1,0.930891,1
D_0000653962,0,0.098550,0
D_0000655033,1,0.956017,1
D_0000655117,0,0.934886,1
D_0000655201,0,0.206629,1
D_0000656461,0,0.023265,0
D_0000656776,0,0.147914,0
D_0000657049,1,0.917836,1
D_0000657238,0,0.051216,0
D_0000657322,1,0.100022,0
D_0000657448,0,0.264968,1
D_0000657952,1,0.995513,1
D_0000658204,0,0.107147,0
D_0000658435,0,0.111173,0
D_0000658477,0,0.084342,0
D_0000658771,0,0.027278,0
D_0000659086,0,0.101299,0
D_0000659107,0,0.036947,0
D_0000659191,1,0.994776,1
D_0000659338,1,0.990285,1
D_0000659800,0,0.185445,1
D_0000659842,1,0.995461,1
D_0000660094,0,0.052501,0
D_0000660178,1,0.992777,1
D_0000660346,1,0.992774,1
D_0000660535,1,0.995277,1
D_0000660787,0,0.036524,0
D_0000660871,1,0.989685,1
D_0000660913,1,0.253484,1
D_0000660997,1,0.995788,1
D_0000661081,0,0.094897,0
D_0000661564,0,0.125532,0
D_0000661711,0,0.049353,0
D_0000661795,1,0.989447,1
D_0000662425,0,0.064727,0
D_0000662719,0,0.506224,1
D_0000662761,0,0.017124,0
D_0000662782,0,0.181281,1
D_0000662887,1,0.984405,1
D_0000662950,0,0.047910,0
D_0000663622,0,0.060840,0
D_0000663937,0,0.123577,0
D_0000664210,0,0.055892,0
D_0000664903,1,0.935775,1
D_0000665092,0,0.045986,0
D_0000665470,1,0.990097,1
D_0000665680,1,0.117268,0
D_0000666016,1,0.995768,1
D_0000666457,1,0.072493,0
D_0000666604,1,0.994536,1
D_0000667276,1,0.847979,1
D_0000667570,0,0.132679,0
D_0000667864,0,0.026611,0
D_0000668347,0,0.133545,0
D_0000668368,1,0.310938,1
D_0000668746,0,0.022773,0
D_0000668788,1,0.188525,1
D_0000668851,0,0.014735,0
D_0000669145,1,0.994650,1
D_0000669334,1,0.899119,1
D_0000669817,0,0.041562,0
D_0000670006,0,0.046349,0
D_0000670027,0,0.085807,0
D_0000670174,1,0.982298,1
D_0000670783,0,0.038307,0
D_0000670825,1,0.351576,1
D_0000671959,1,0.140287,0
D_0000673366,1,0.930977,1
D_0000673429,1,0.964164,1
D_0000673555,1,0.963786,1
D_0000674101,0,0.027929,0
D_0000674416,0,0.026621,0
D_0000674458,0,0.039701,0
D_0000674983,1,0.503945,1
D_0000675109,1,0.045429,0
D_0000675277,1,0.992626,1
D_0000675928,0,0.120021,0
D_0000676201,1,0.062298,0
D_0000676264,1,0.136650,0
D_0000676747,0,0.076487,0
D_0000677209,0,0.032863,0
D_0000677230,0,0.008086,0
D_0000677398,0,0.057099,0
D_0000677629,1,0.985004,1
D_0000677860,1,0.991310,1
D_0000677944,0,0.015194,0
D_0000678028,0,0.067821,0
D_0000678091,1,0.990666,1
D_0000678217,1,0.992240,1
D_0000678322,1,0.991175,1
D_0000678511,1,0.991158,1
D_0000679687,0,0.987203,1
D_0000679897,0,0.060834,0
D_0000679918,1,0.978731,1
D_0000680401,1,0.991546,1
D_0000680527,0,0.146017,0
D_0000681367,0,0.097571,0
D_0000681472,0,0.871306,1
D_0000681619,0,0.080925,0
D_0000682312,0,0.019602,0
D_0000682417,1,0.998488,1
D_0000682774,1,0.091228,0
D_0000682879,1,0.423081,1
D_0000682942,0,0.932093,1
D_0000683467,1,0.098246,0
D_0000683635,0,0.138027,0
D_0000683950,1,0.990997,1
D_0000684181,0,0.365904,1
D_0000685126,0,0.060186,0
D_0000685252,0,0.729652,1
D_0000685357,0,0.029401,0
D_0000685672,1,0.774591,1
D_0000685693,0,0.060746,0
D_0000686071,1,0.074888,0
D_0000686155,0,0.093182,0
D_0000686386,0,0.820224,1
D_0000687037,0,0.011992,0
D_0000687268,0,0.080462,0
D_0000687940,1,0.998104,1
D_0000687961,1,0.991151,1
D_0000688066,0,0.078226,0
D_0000688108,1,0.985321,1
D_0000688129,1,0.057843,0
D_0000688402,0,0.025137,0
D_0000688759,0,0.090885,0
D_0000689284,0,0.057074,0
D_0000689683,1,0.987795,1
D_0000690145,1,0.084472,0
D_0000690208,0,0.020840,0
D_0000690439,0,0.070272,0
D_0000690880,1,0.985620,1
D_0000691279,0,0.105072,0
D_0000691636,1,0.977759,1
D_0000691783,0,0.085845,0
D_0000692035,0,0.057150,0
D_0000692119,0,0.095432,0
D_0000692392,1,0.991267,1
D_0000692644,1,0.983534,1
D_0000692875,0,0.111311,0
D_0000693337,1,0.979903,1
D_0000693358,0,0.024124,0
D_0000693463,1,0.990668,1
D_0000693799,0,0.176151,1
D_0000694114,1,0.218822,1
D_0000694219,0,0.101368,0
D_0000694282,1,0.985470,1
D_0000694366,1,0.992511,1
D_0000694702,1,0.951861,1
D_0000694870,1,0.988423,1
D_0000694954,1,0.968841,1
D_0000695353,1,0.994251,1
D_0000696067,1,0.194522,1
D_0000696088,0,0.013752,0
D_0000696613,0,0.085141,0
D_0000696886,0,0.105371,0
D_0000697159,0,0.152673,1
D_0000697180,0,0.223729,1
D_0000697768,1,0.993464,1
D_0000697831,1,0.993759,1
D_0000698398,1,0.084993,0
D_0000698461,1,0.986206,1
D_0000698566,1,0.988365,1
D_0000698629,0,0.033975,0
D_0000698923,1,0.979020,1
D_0000699154,1,0.981662,1
D_0000699343,0,0.128633,0
D_0000699532,1,0.991376,1
D_0000699805,1,0.331018,1
D_0000699931,1,0.990884,1
D_0000699973,0,0.034575,0
D_0000700078,0,0.109351,0
D_0000700204,1,0.990474,1
D_0000700351,0,0.061549,0
D_0000700624,1,0.993318,1
D_0000700666,0,0.039483,0
D_0000700708,1,0.993755,1
D_0000701107,0,0.146811,0
D_0000701149,1,0.959797,1
D_0000701170,0,0.929467,1
D_0000701401,1,0.319374,1
D_0000701485,0,0.084660,0
D_0000701716,1,0.389288,1
D_0000701884,1,0.165726,1
D_0000702052,0,0.177430,1
D_0000702472,0,0.127153,0
D_0000702661,1,0.967181,1
D_0000703081,0,0.988283,1
D_0000703102,0,0.088163,0
D_0000703186,0,0.091720,0
D_0000703921,1,0.379239,1
D_0000704005,1,0.990905,1
D_0000704278,1,0.993666,1
D_0000704446,1,0.991042,1
D_0000704467,1,0.991355,1
D_0000704677,1,0.068082,0
D_0000704803,1,0.989843,1
D_0000705475,0,0.063094,0
D_0000705664,0,0.014825,0
D_0000705895,0,0.079057,0
D_0000706168,0,0.053158,0
D_0000706315,1,0.226997,1
D_0000706441,0,0.053310,0
D_0000706924,0,0.094894,0
D_0000707029,0,0.050134,0
D_0000707050,1,0.985931,1
D_0000707407,1,0.661777,1
D_0000707869,1,0.989337,1
D_0000707911,0,0.069893,0
D_0000708184,1,0.075313,0
D_0000708688,0,0.075351,0
D_0000708709,0,0.038208,0
D_0000709255,1,0.966473,1
D_0000709612,0,0.167723,1
D_0000709864,0,0.042812,0
D_0000709948,0,0.257382,1
D_0000710011,0,0.054618,0
D_0000710599,0,0.062700,0
D_0000710704,1,0.147664,0
D_0000711061,1,0.145603,0
D_0000711103,0,0.061669,0
D_0000712111,0,0.065032,0
D_0000712237,0,0.112610,0
D_0000712363,0,0.093744,0
D_0000712531,0,0.089149,0
D_0000713287,0,0.099030,0
D_0000713350,1,0.119992,0
D_0000714001,1,0.989626,1
D_0000714799,1,0.963877,1
D_0000715177,1,0.194087,1
D_0000715219,0,0.983925,1
D_0000715387,0,0.022915,0
D_0000715492,0,0.071364,0
D_0000715702,0,0.036001,0
D_0000715765,1,0.980244,1
D_0000715996,1,0.156124,1
D_0000716143,0,0.097117,0
D_0000716416,0,0.122024,0
D_0000717004,0,0.028690,0
D_0000717046,0,0.080442,0
D_0000717109,0,0.094414,0
D_0000717487,0,0.051545,0
D_0000717676,1,0.097729,0
D_0000718159,1,0.050636,0
D_0000718327,1,0.956031,1
D_0000718390,0,0.021761,0
D_0000718516,1,0.981696,1
D_0000718621,1,0.995896,1
D_0000719020,1,0.919133,1
D_0000719650,1,0.984929,1
D_0000719692,1,0.032962,0
D_0000720679,0,0.090522,0
D_0000720847,0,0.220851,1
D_0000720952,0,0.168859,1
D_0000721162,0,0.184237,1
D_0000722611,0,0.056916,0
D_0000722779,0,0.350222,1
D_0000723073,1,0.085326,0
D_0000723724,1,0.995784,1
D_0000723766,1,0.991087,1
D_0000723829,1,0.989913,1
D_0000723892,1,0.995160,1
D_0000724060,0,0.119746,0
D_0000724102,0,0.097410,0
D_0000724333,0,0.061930,0
D_0000724375,0,0.091901,0
D_0000724438,0,0.027821,0
D_0000724879,1,0.985008,1
D_0000726433,0,0.204017,1
D_0000726622,0,0.096622,0
D_0000726979,0,0.049317,0
D_0000727147,1,0.231063,1
D_0000727189,0,0.028300,0
D_0000727399,1,0.494981,1
D_0000727420,1,0.996176,1
D_0000727525,1,0.992048,1
D_0000727798,1,0.990244,1
D_0000728512,1,0.950539,1
D_0000728617,1,0.961552,1
D_0000728722,0,0.952444,1
D_0000729163,1,0.986976,1
D_0000729772,0,0.057661,0
D_0000729856,0,0.202669,1
D_0000729982,0,0.105002,0
D_0000730297,1,0.994422,1
D_0000730444,1,0.990429,1
D_0000731053,0,0.165684,1
D_0000731158,1,0.083177,0
D_0000732040,1,0.958738,1
D_0000732502,0,0.073566,0
D_0000732628,0,0.075860,0
D_0000732691,0,0.088558,0
D_0000733048,1,0.347594,1
D_0000733510,0,0.055630,0
D_0000733699,1,0.298798,1
D_0000734476,1,0.183202,1
D_0000734812,1,0.144491,0
D_0000734875,1,0.989806,1
D_0000735232,1,0.999355,1
D_0000735568,1,0.990986,1
D_0000735925,1,0.181657,1
D_0000736177,0,0.976805,1
D_0000736240,1,0.488046,1
D_0000736450,0,0.087222,0
D_0000736681,1,0.962425,1
D_0000736912,0,0.155823,1
D_0000736975,1,0.996835,1
D_0000737269,0,0.064721,0
D_0000737626,0,0.037571,0
D_0000737857,0,0.057823,0
D_0000737962,1,0.983341,1
D_0000738088,0,0.090993,0
D_0000738109,1,0.977428,1
D_0000738256,0,0.065943,0
D_0000739726,0,0.155544,1
D_0000739789,1,0.987618,1
D_0000739894,1,0.993454,1
D_0000740020,1,0.978171,1
D_0000740041,0,0.019339,0
D_0000741007,1,0.897791,1
D_0000741154,0,0.972256,1
D_0000742225,1,0.985987,1
D_0000742309,1,0.985460,1
D_0000742708,1,0.176337,1
D_0000742771,0,0.037530,0
D_0000742855,1,0.401679,1
D_0000744052,1,0.849512,1
D_0000744304,0,0.029098,0
D_0000744724,1,0.112141,0
D_0000744745,1,0.990737,1
D_0000744934,1,0.075419,0
D_0000744955,1,0.989859,1
D_0000744976,1,0.997171,1
D_0000745186,1,0.082505,0
D_0000745459,0,0.027820,0
D_0000745879,1,0.978560,1
D_0000745963,1,0.994655,1
D_0000746173,1,0.994981,1
D_0000746341,1,0.996902,1
D_0000746530,0,0.055125,0
D_0000747034,1,0.329883,1
D_0000747055,1,0.981470,1
D_0000747160,0,0.106376,0
D_0000747244,1,0.988032,1
D_0000747622,0,0.259449,1
D_0000747727,1,0.980380,1
D_0000747937,1,0.987915,1
D_0000749260,0,0.943382,1
D_0000749386,1,0.340315,1
D_0000749680,0,0.075772,0
D_0000749827,0,0.015131,0
D_0000750373,1,0.017575,0
D_0000751213,1,0.485193,1
D_0000751570,1,0.986267,1
D_0000751801,1,0.992246,1
D_0000751969,1,0.981517,1
D_0000752368,1,0.987694,1
D_0000752599,1,0.971441,1
D_0000752746,1,0.969685,1
D_0000752767,1,0.994431,1
D_0000753124,0,0.049580,0
D_0000753292,1,0.977294,1
D_0000753397,1,0.203201,1
D_0000753691,0,0.058821,0
D_0000753964,0,0.068783,0
D_0000754300,0,0.674980,1
D_0000754552,1,0.064226,0
D_0000754678,1,0.995635,1
D_0000754783,0,0.088627,0
D_0000754909,0,0.096624,0
D_0000755245,1,0.996682,1
D_0000755560,1,0.949671,1
D_0000755854,1,0.980560,1
D_0000755938,0,0.038452,0
D_0000755980,0,0.914700,1
D_0000756337,1,0.123116,0
D_0000756799,0,0.052166,0
D_0000757198,0,0.070445,0
D_0000757576,1,0.988132,1
D_0000758248,0,0.088527,0
D_0000758290,1,0.971282,1
D_0000758479,1,0.854977,1
D_0000758626,1,0.418661,1
D_0000758647,1,0.990854,1
D_0000758815,1,0.994305,1
D_0000758857,1,0.112078,0
D_0000759193,0,0.146963,0
D_0000759781,1,0.989390,1
D_0000760075,1,0.119159,0
D_0000760348,1,0.999197,1
D_0000760516,1,0.932107,1
D_0000760600,1,0.996259,1
D_0000761398,1,0.040903,0
D_0000761545,1,0.149129,0
D_0000761923,0,0.020691,0
D_0000762532,0,0.146258,0
D_0000762994,0,0.361434,1
D_0000763351,0,0.027370,0
D_0000763750,1,0.976111,1
D_0000764002,0,0.444496,1
D_0000764107,1,0.998745,1
D_0000764149,1,0.085947,0
D_0000764485,1,0.968163,1
D_0000765094,1,0.078694,0
D_0000765178,0,0.029798,0
D_0000765556,1,0.985790,1
D_0000765682,1,0.978475,1
D_0000765934,0,0.013299,0
D_0000765997,1,0.998464,1
D_0000766123,1,0.987569,1
D_0000766312,1,0.629306,1
D_0000766396,1,0.990240,1
D_0000766711,1,0.985786,1
D_0000766753,1,0.984059,1
D_0000767320,1,0.994196,1
D_0000767677,1,0.041198,0
D_0000767782,1,0.082041,0
D_0000767908,1,0.956679,1
D_0000768034,0,0.097285,0
D_0000768370,1,0.153543,1
D_0000768559,1,0.996779,1
D_0000768622,0,0.077422,0
D_0000768916,1,0.960033,1
D_0000768937,1,0.988927,1
D_0000768979,1,0.847474,1
D_0000769357,0,0.181480,1
D_0000769441,1,0.471733,1
D_0000769525,0,0.198965,1
D_0000769798,0,0.105792,0
D_0000770071,1,0.241282,1
D_0000770260,0,0.131899,0
D_0000770386,1,0.991944,1
D_0000770680,1,0.996351,1
D_0000770764,1,0.764494,1
D_0000770932,0,0.070267,0
D_0000771562,1,0.867209,1
D_0000771709,1,0.739422,1
D_0000771814,0,0.119909,0
D_0000771982,1,0.989180,1
D_0000772360,0,0.026145,0
D_0000772780,0,0.082256,0
D_0000772822,0,0.530008,1
D_0000772948,1,0.994385,1
D_0000773389,1,0.132219,0
D_0000773410,0,0.126008,0
D_0000773746,0,0.979011,1
D_0000774166,0,0.059161,0
D_0000774229,1,0.979849,1
D_0000774271,1,0.132300,0
D_0000774334,1,0.995752,1
D_0000774565,1,0.990506,1
D_0000774712,0,0.091983,0
D_0000774985,1,0.910524,1
D_0000775300,1,0.986363,1
D_0000775573,1,0.912625,1
D_0000775615,1,0.425245,1
D_0000775762,0,0.071280,0
D_0000775951,1,0.994718,1
D_0000776266,0,0.041720,0
D_0000777232,0,0.019260,0
D_0000777337,1,0.132953,0
D_0000777442,0,0.019886,0
D_0000777673,0,0.293653,1
D_0000777799,1,0.986659,1
D_0000778093,1,0.974632,1
D_0000779185,1,0.992756,1
D_0000779479,1,0.990225,1
D_0000779647,1,0.079860,0
D_0000779752,1,0.064348,0
D_0000779836,0,0.020429,0
D_0000779941,1,0.993806,1
D_0000780046,0,0.108711,0
D_0000780802,0,0.016302,0
D_0000780970,1,0.993975,1
D_0000781642,1,0.987756,1
D_0000782209,0,0.270568,1
D_0000782419,1,0.964113,1
D_0000782545,0,0.570907,1
D_0000782860,0,0.138272,0
D_0000783133,1,0.981807,1
D_0000783679,0,0.083951,0
D_0000783721,0,0.044290,0
D_0000783742,0,0.038007,0
D_0000783931,1,0.101156,0
D_0000784162,1,0.198737,1
D_0000784393,0,0.079916,0
D_0000785023,0,0.104930,0
D_0000785254,0,0.136291,0
D_0000785821,1,0.990582,1
D_0000785968,1,0.994720,1
D_0000786451,1,0.064180,0
D_0000786493,0,0.069895,0
D_0000787249,1,0.964527,1
D_0000787564,0,0.308074,1
D_0000788026,1,0.987107,1
D_0000788362,1,0.238854,1
D_0000789370,1,0.635331,1
D_0000789538,1,0.975227,1
D_0000790021,1,0.026236,0
D_0000790630,0,0.289878,1
D_0000790840,0,0.036719,0
D_0000791071,1,0.085776,0
D_0000791533,0,0.054612,0
D_0000791575,1,0.995835,1
D_0000791785,1,0.313909,1
D_0000792100,1,0.989197,1
D_0000792142,1,0.993939,1
D_0000792184,1,0.999996,1
D_0000792751,1,0.997192,1
D_0000793066,1,0.643013,1
D_0000793129,0,0.032788,0
D_0000793150,1,0.162867,1
D_0000793234,0,0.034541,0
D_0000793570,0,0.015489,0
D_0000794242,0,0.017742,0
D_0000794431,0,0.039632,0
D_0000794494,0,0.061392,0
D_0000794557,1,0.073111,0
D_0000794704,1,0.989654,1
D_0000794725,0,0.060844,0
D_0000794746,1,0.990914,1
D_0000794956,1,0.946927,1
D_0000794998,1,0.985895,1
D_0000795229,1,0.998475,1
D_0000795481,1,0.959656,1
D_0000796132,1,0.980549,1
D_0000796216,1,0.992059,1
D_0000796300,0,0.305821,1
D_0000796321,0,0.122085,0
D_0000796552,1,0.835876,1
D_0000796993,1,0.980069,1
D_0000797623,1,0.993765,1
D_0000797854,0,0.052559,0
D_0000797980,0,0.084738,0
D_0000798547,0,0.146655,0
D_0000798904,1,0.990794,1
D_0000798925,0,0.980807,1
D_0000799114,0,0.542707,1
D_0000799261,0,0.175803,1
D_0000799303,1,0.998918,1
D_0000799597,0,0.009114,0
D_0000799765,1,0.560934,1
D_0000799786,0,0.067480,0
D_0000800311,1,0.989840,1
D_0000800437,1,0.992190,1
D_0000800584,1,0.114219,0
D_0000800689,1,0.971852,1
D_0000800815,1,0.179901,1
D_0000800941,1,0.204393,1
D_0000801256,1,0.949032,1
D_0000801424,0,0.019018,0
D_0000801865,0,0.039888,0
D_0000802684,1,0.993989,1
D_0000803146,1,0.099440,0
D_0000803335,1,0.990114,1
D_0000803671,1,0.995167,1
D_0000803818,1,0.993002,1
D_0000804070,0,0.053557,0
D_0000804259,0,0.011749,0
D_0000804406,0,0.059493,0
D_0000804469,0,0.073423,0
D_0000804574,0,0.014312,0
D_0000804616,1,0.964281,1
D_0000804847,1,0.971763,1
D_0000804889,1,0.962144,1
D_0000805351,1,0.986804,1
D_0000805645,1,0.117388,0
D_0000805666,1,0.276088,1
D_0000805897,0,0.021051,0
D_0000806044,1,0.988016,1
D_0000806191,1,0.926775,1
D_0000806296,0,0.105001,0
D_0000806401,0,0.056208,0
D_0000806779,1,0.152385,1
D_0000806989,0,0.025913,0
D_0000807136,1,0.984765,1
D_0000807346,1,0.994128,1
D_0000807388,1,0.990580,1
D_0000807430,0,0.596696,1
D_0000807472,1,0.016523,0
D_0000807493,1,0.982687,1
D_0000807598,0,0.037171,0
D_0000807661,1,0.993143,1
D_0000807892,1,0.987955,1
D_0000808039,1,0.596592,1
D_0000808312,0,0.060577,0
D_0000808522,0,0.015018,0
D_0000808816,1,0.172276,1
D_0000808921,1,0.986895,1
D_0000809173,0,0.048166,0
D_0000809425,1,0.974401,1
D_0000809719,1,0.999999,1
D_0000809803,0,0.005219,0
D_0000810370,1,0.931427,1
D_0000810559,0,0.111036,0
D_0000810727,0,0.032291,0
D_0000810979,1,0.969802,1
D_0000811000,1,0.987978,1
D_0000811042,0,0.069212,0
D_0000811105,1,0.957158,1
D_0000811252,0,0.149550,1
D_0000811504,1,0.215240,1
D_0000811567,0,0.036290,0
D_0000811588,0,0.133673,0
D_0000811714,0,0.024998,0
D_0000812134,1,0.101256,0
D_0000812806,0,0.001986,0
D_0000812974,1,0.991019,1
D_0000813121,1,0.983835,1
D_0000813436,1,0.993923,1
D_0000813709,1,0.986510,1
D_0000814108,0,0.090769,0
D_0000814444,1,0.983894,1
D_0000814591,0,0.138471,0
D_0000814927,1,0.978795,1
D_0000815011,1,0.992370,1
D_0000815158,0,0.272204,1
D_0000815326,0,0.018019,0
D_0000815578,0,0.099332,0
D_0000815662,0,0.045389,0
D_0000815809,1,0.975703,1
D_0000816040,1,0.144149,0
D_0000816418,1,0.930624,1
D_0000816775,0,0.048844,0
D_0000816859,1,0.991889,1
D_0000817069,1,0.990839,1
D_0000817237,0,0.131880,0
D_0000818035,1,0.048055,0
D_0000818077,0,0.063325,0
D_0000818245,0,0.027547,0
D_0000818350,1,0.981822,1
D_0000819169,1,0.993894,1
D_0000819211,1,0.988566,1
D_0000819316,0,0.223652,1
D_0000819358,0,0.079364,0
D_0000819631,1,0.983091,1
D_0000820093,0,0.070721,0
D_0000820114,0,0.541164,1
D_0000821017,1,0.308749,1
D_0000821227,1,0.923414,1
D_0000821479,0,0.045463,0
D_0000821920,1,0.989869,1
D_0000821941,0,0.166887,1
D_0000822067,0,0.029969,0
D_0000822361,1,0.036959,0
D_0000822382,0,0.109159,0
D_0000822508,1,0.984961,1
D_0000823264,0,0.210924,1
D_0000823579,1,0.991985,1
D_0000823894,0,0.177516,1
D_0000824020,1,0.964843,1
D_0000824209,1,0.995344,1
D_0000824272,1,0.160744,1
D_0000824293,0,0.944108,1
D_0000824335,0,0.036753,0
D_0000824482,1,0.226521,1
D_0000825553,1,0.532261,1
D_0000825826,0,0.048736,0
D_0000826078,1,0.960048,1
D_0000826309,1,0.990631,1
D_0000827380,0,0.042754,0
D_0000827905,0,0.131150,0
D_0000828262,0,0.154428,1
D_0000828703,1,0.994056,1
D_0000828808,1,0.983789,1
D_0000828850,1,0.992420,1
D_0000829312,1,0.087483,0
D_0000829438,0,0.126089,0
D_0000829732,1,0.258199,1
D_0000829879,0,0.008587,0
D_0000830362,0,0.018930,0
D_0000830467,0,0.861911,1
D_0000830635,1,0.986829,1
D_0000830929,1,0.991713,1
D_0000830950,0,0.574805,1
D_0000831160,0,0.118304,0
D_0000831286,1,0.988748,1
D_0000831328,0,0.094174,0
D_0000831370,1,0.994965,1
D_0000831412,0,0.033701,0
D_0000831538,1,1.000000,1
D_0000832000,1,0.916142,1
D_0000832084,1,0.991102,1
D_0000832189,1,0.282674,1
D_0000833092,0,0.426525,1
D_0000833365,1,0.999997,1
D_0000833911,1,0.989130,1
D_0000834037,0,0.082703,0
D_0000834100,1,0.168537,1
D_0000834121,0,0.043649,0
D_0000834835,0,0.034711,0
D_0000835108,1,0.134625,0
D_0000835381,1,0.093004,0
D_0000835885,0,0.139789,0
D_0000835906,1,0.972074,1
D_0000836221,1,0.989359,1
D_0000836662,1,0.057863,0
D_0000836704,0,0.045762,0
D_0000836830,0,0.018968,0
D_0000837229,1,0.992268,1
D_0000837460,1,0.022992,0
D_0000837502,0,0.084198,0
D_0000837649,1,0.242562,1
D_0000837670,0,0.026787,0
D_0000837691,0,0.108977,0
D_0000838069,0,0.141263,0
D_0000838174,1,0.988691,1
D_0000839119,1,0.967630,1
D_0000839266,1,0.997805,1
D_0000839371,1,0.275737,1
D_0000839413,1,0.996664,1
D_0000839476,1,0.669045,1
D_0000840526,0,0.064565,0
D_0000840589,0,0.021652,0
D_0000840778,0,0.059339,0
D_0000841009,1,0.070718,0
D_0000841051,0,0.070005,0
D_0000841240,0,0.017579,0
D_0000841660,1,0.990164,1
D_0000841723,0,0.057801,0
D_0000842731,0,0.020788,0
D_0000843277,1,0.987036,1
D_0000843382,1,0.881050,1
D_0000843466,0,0.031925,0
D_0000844474,1,0.984923,1
D_0000844600,0,0.065299,0
D_0000844663,1,0.992090,1
D_0000844789,1,0.994191,1
D_0000844852,1,0.908527,1
D_0000844873,1,0.989616,1
D_0000844957,0,0.073728,0
D_0000845188,0,0.046709,0
D_0000845356,1,0.035802,0
D_0000845482,1,0.993638,1
D_0000845629,0,0.178607,1
D_0000845902,1,0.398068,1
D_0000846322,0,0.115463,0
D_0000846595,1,0.943858,1
D_0000846721,1,0.560714,1
D_0000846910,1,0.991675,1
D_0000847729,1,0.984601,1
D_0000848065,0,0.085244,0
D_0000848401,0,0.182459,1
D_0000848485,1,0.978672,1
D_0000848674,1,0.372111,1
D_0000848779,1,0.082526,0
D_0000849178,0,0.021983,0
D_0000849283,0,0.038512,0
D_0000849640,0,0.053933,0
D_0000850249,1,0.999997,1
D_0000850984,0,0.052356,0
D_0000851173,0,0.078878,0
D_0000851740,1,0.972327,1
D_0000852202,0,0.040147,0
D_0000852391,0,0.042520,0
D_0000852454,0,0.014333,0
D_0000852832,0,0.087743,0
D_0000852853,1,0.931448,1
D_0000852979,0,0.046792,0
D_0000853021,0,0.048678,0
D_0000853378,0,0.306238,1
D_0000853483,1,0.404292,1
D_0000853504,1,0.991345,1
D_0000853567,1,0.968719,1
D_0000854008,1,0.244376,1
D_0000854197,1,0.994377,1
D_0000854344,1,0.991649,1
D_0000854428,0,0.152024,1
D_0000854827,1,0.983607,1
D_0000854869,1,0.766192,1
D_0000855352,0,0.101172,0
D_0000855625,0,0.109931,0
D_0000855898,0,0.455020,1
D_0000855919,1,0.989829,1
D_0000856003,1,0.204958,1
D_0000856255,0,0.019422,0
D_0000856402,1,0.103535,0
D_0000856549,1,0.992328,1
D_0000856717,1,0.479003,1
D_0000856738,1,0.211959,1
D_0000857431,0,0.032925,0
D_0000858019,0,0.164303,1
D_0000858922,0,0.047890,0
D_0000859279,1,0.994051,1
D_0000859531,0,0.286501,1
D_0000859993,1,0.041772,0
D_0000860014,1,0.216895,1
D_0000860791,1,0.238890,1
D_0000860833,0,0.196642,1
D_0000861274,1,0.990373,1
D_0000861883,0,0.044896,0
D_0000862198,1,0.988512,1
D_0000862261,0,0.169657,1
D_0000862492,0,0.046765,0
D_0000862933,0,0.110227,0
D_0000862954,0,0.025730,0
D_0000863290,0,0.060599,0
D_0000863605,0,0.029612,0
D_0000864088,1,0.066121,0
D_0000864193,0,0.129091,0
D_0000864214,0,0.274927,1
D_0000864466,1,0.980769,1
D_0000864529,1,0.990717,1
D_0000864865,0,0.153132,1
D_0000865243,1,0.853724,1
D_0000865936,1,0.551966,1
D_0000866461,1,0.996328,1
D_0000866545,0,0.030538,0
D_0000866734,0,0.074872,0
D_0000866923,0,0.019405,0
D_0000867028,1,0.983462,1
D_0000867385,1,0.991151,1
D_0000867574,1,0.140155,0
D_0000867847,1,0.906380,1
D_0000867931,1,0.986452,1
D_0000868141,0,0.007794,0
D_0000868351,0,0.123539,0
D_0000868582,1,0.423136,1
D_0000868645,1,0.990908,1
D_0000868855,1,0.980144,1
D_0000869191,0,0.097885,0
D_0000869611,1,0.994644,1
D_0000869800,1,0.984863,1
D_0000869926,0,0.055608,0
D_0000870010,0,0.184209,1
D_0000870031,0,0.026905,0
D_0000870262,1,0.991871,1
D_0000870514,0,0.981980,1
D_0000870808,0,0.048462,0
D_0000871165,0,0.070375,0
D_0000871606,0,0.078384,0
D_0000871816,0,0.025428,0
D_0000871942,0,0.961523,1
D_0000873496,1,0.274662,1
D_0000873979,1,0.964820,1
D_0000874042,0,0.054452,0
D_0000874315,1,0.994319,1
D_0000874903,1,0.947555,1
D_0000875050,1,0.984330,1
D_0000875155,1,0.987446,1
D_0000875281,1,0.995896,1
D_0000875659,1,0.048876,0
D_0000875974,1,0.827444,1
D_0000876226,1,0.984855,1
D_0000876646,1,0.984393,1
D_0000876730,1,0.964327,1
D_0000876982,0,0.088407,0
D_0000877003,1,0.055003,0
D_0000877570,1,0.994282,1
D_0000878242,0,0.060900,0
D_0000879208,1,0.990924,1
D_0000879754,1,0.984965,1
D_0000880132,1,0.765051,1
D_0000880384,0,0.074948,0
D_0000880573,0,0.932652,1
D_0000880741,1,0.985956,1
D_0000881035,0,0.443988,1
D_0000882127,0,0.046379,0
D_0000882211,0,0.011873,0
D_0000882316,0,0.026491,0
D_0000882358,0,0.032315,0
D_0000882715,0,0.061561,0
D_0000884269,1,0.956215,1
D_0000884794,0,0.156835,1
D_0000885004,0,0.121772,0
D_0000885235,1,0.066066,0
D_0000885403,1,0.990753,1
D_0000885466,1,0.984582,1
D_0000886054,0,0.068234,0
D_0000886222,0,0.048325,0
D_0000886432,0,0.436846,1
D_0000886852,1,0.993217,1
D_0000887020,1,0.983758,1
D_0000887146,1,0.983659,1
D_0000887167,1,0.147294,0
D_0000887356,1,0.278966,1
D_0000887377,0,0.078377,0
D_0000887608,1,0.997775,1
D_0000887839,0,0.102833,0
D_0000888049,1,0.990065,1
D_0000888112,1,0.994140,1
D_0000888826,1,0.994726,1
D_0000889918,1,0.994669,1
D_0000890296,0,0.063626,0
D_0000890380,1,0.156816,1
D_0000890674,0,0.060572,0
D_0000890695,1,0.988857,1
D_0000890821,1,0.994441,1
D_0000890842,1,0.109872,0
D_0000891031,0,0.043772,0
D_0000891451,1,0.993287,1
D_0000891661,1,0.978646,1
D_0000891934,1,0.984240,1
D_0000892186,1,0.982960,1
D_0000892228,1,0.965267,1
D_0000892480,0,0.106928,0
D_0000892585,1,0.985552,1
D_0000893026,1,0.146372,0
D_0000893698,1,0.108176,0
D_0000893950,1,0.067989,0
D_0000894076,1,0.999249,1
D_0000894370,1,0.127786,0
D_0000895000,0,0.130220,0
D_0000895357,1,0.783306,1
D_0000895462,0,0.487890,1
D_0000895567,0,0.061357,0
D_0000896449,0,0.097822,0
D_0000896743,1,0.993241,1
D_0000896911,0,0.184951,1
D_0000897079,0,0.062506,0
D_0000897100,0,0.039970,0
D_0000897268,0,0.071484,0
D_0000897457,1,0.391051,1
D_0000897604,1,0.974152,1
D_0000897919,1,0.995888,1
D_0000897982,1,0.990374,1
D_0000898045,1,0.540853,1
D_0000898297,0,0.104278,0
D_0000899011,0,0.134571,0
D_0000899452,1,0.980509,1
D_0000899725,1,0.994708,1
D_0000900187,0,0.110515,0
D_0000900355,0,0.079866,0
D_0000900397,0,0.678488,1
D_0000900481,1,0.986931,1
D_0000901006,0,0.095460,0
D_0000901174,0,0.107783,0
D_0000901363,1,0.988852,1
D_0000901594,0,0.040596,0
D_0000901636,0,0.055113,0
D_0000901825,1,0.133363,0
D_0000901972,0,0.072697,0
D_0000902476,0,0.078618,0
D_0000902518,1,0.088090,0
D_0000902560,0,0.036277,0
D_0000902749,0,0.577044,1
D_0000903127,0,0.021666,0
D_0000903295,1,0.993994,1
D_0000903631,1,0.866192,1
D_0000903820,1,0.952515,1
D_0000903988,1,0.986582,1
D_0000904324,0,0.063299,0
D_0000904387,1,0.997980,1
D_0000904450,0,0.058430,0
D_0000904765,1,0.939618,1
D_0000905647,0,0.999973,1
D_0000906109,1,0.224181,1
D_0000906361,1,0.998996,1
D_0000906718,1,0.951894,1
D_0000906844,1,0.987801,1
D_0000907096,1,0.426228,1
D_0000907117,0,0.045647,0
D_0000907390,1,0.995054,1
D_0000907705,0,0.153077,1
D_0000908251,1,0.985025,1
D_0000908524,0,0.291238,1
D_0000908776,0,0.052984,0
D_0000909049,0,0.525867,1
D_0000909133,1,0.986163,1
D_0000909448,0,0.309123,1
D_0000909637,1,0.904745,1
D_0000910036,0,0.084309,0
D_0000910162,0,0.113904,0
D_0000910414,1,0.243314,1
D_0000910498,0,0.141458,0
D_0000910855,1,0.985236,1
D_0000910939,0,0.042897,0
D_0000911317,0,0.115447,0
D_0000912010,0,0.081683,0
D_0000912241,0,0.277660,1
D_0000912367,0,0.192528,1
D_0000912556,1,0.039935,0
D_0000912598,0,0.080876,0
D_0000912871,1,0.075369,0
D_0000912976,1,0.958073,1
D_0000913312,0,0.031560,0
D_0000913396,1,0.029432,0
D_0000913459,1,0.136143,0
D_0000913606,1,0.066480,0
D_0000913795,1,0.935430,1
D_0000913921,0,0.016116,0
D_0000914068,1,0.153173,1
D_0000914173,1,0.981894,1
D_0000914257,1,0.964185,1
D_0000915265,1,0.377965,1
D_0000915454,0,0.007793,0
D_0000915538,0,0.054154,0
D_0000915727,0,0.230929,1
D_0000916042,1,0.986521,1
D_0000916084,1,0.124976,0
D_0000916252,0,0.024231,0
D_0000917113,1,0.991592,1
D_0000917176,1,0.989619,1
D_0000917197,1,0.965411,1
D_0000917869,0,0.087578,0
D_0000917911,0,0.015123,0
D_0000918037,0,0.029079,0
D_0000918142,0,0.946557,1
D_0000918268,0,0.302360,1
D_0000918331,0,0.087311,0
D_0000918562,1,0.991831,1
D_0000918730,0,0.121375,0
D_0000918835,1,0.890958,1
D_0000919276,0,0.026453,0
D_0000919402,0,0.785784,1
D_0000919780,1,0.239959,1
D_0000920053,0,0.032785,0
D_0000920389,0,0.062357,0
D_0000920809,1,0.999675,1
D_0000920914,1,0.980244,1
D_0000921313,1,0.989395,1
D_0000921355,1,0.197349,1
D_0000921397,1,0.995098,1
D_0000921586,0,0.119960,0
D_0000921796,1,0.994083,1
D_0000922027,0,0.133083,0
D_0000922657,1,0.997881,1
D_0000922678,1,0.333784,1
D_0000922762,1,0.994759,1
D_0000922825,1,0.995101,1
D_0000923140,1,0.992159,1
D_0000923287,0,0.008584,0
D_0000923728,1,0.493045,1
D_0000923833,0,0.201584,1
D_0000924043,0,0.023849,0
D_0000924169,1,0.976826,1
D_0000924253,0,0.045043,0
D_0000924337,1,0.177142,1
D_0000924421,1,0.983372,1
D_0000924652,0,0.065951,0
D_0000924946,1,0.988407,1
D_0000925051,0,0.060568,0
D_0000925387,1,0.980268,1
D_0000925534,0,0.085649,0
D_0000926080,0,0.212342,1
D_0000926584,0,0.376257,1
D_0000926815,1,0.962841,1
D_0000926878,0,0.156475,1
D_0000927151,1,0.975683,1
D_0000927319,1,0.991196,1
D_0000927697,0,0.043140,0
D_0000927865,1,0.976727,1
D_0000928159,1,0.553485,1
D_0000928390,0,0.088978,0
D_0000928495,1,0.998849,1
D_0000929041,0,0.026997,0
D_0000929272,1,0.986557,1
D_0000929398,1,0.993292,1
D_0000929587,1,0.894632,1
D_0000929671,1,0.093622,0
D_0000929776,1,0.070602,0
D_0000930952,0,0.102786,0
D_0000930973,1,0.028063,0
D_0000931498,1,0.109442,0
D_0000931855,0,0.044909,0
D_0000931876,0,0.175960,1
D_0000932023,1,0.993483,1
D_0000932275,1,0.995972,1
D_0000932443,0,0.038256,0
D_0000933325,1,0.170866,1
D_0000934249,0,0.058373,0
D_0000934312,1,0.982547,1
D_0000934627,1,0.988668,1
D_0000934732,0,0.031679,0
D_0000934900,1,0.295296,1
D_0000935110,0,0.029978,0
D_0000935194,1,0.992434,1
D_0000935299,1,0.345205,1
D_0000935362,1,0.973751,1
D_0000935383,0,0.178417,1
D_0000935425,1,0.990529,1
D_0000935929,1,0.916665,1
D_0000935971,0,0.185708,1
D_0000936034,0,0.086152,0
D_0000936139,1,0.977192,1
D_0000936160,0,0.063811,0
D_0000936370,0,0.059789,0
D_0000936811,1,0.994211,1
D_0000936958,1,0.991188,1
D_0000937168,0,0.093372,0
D_0000937399,0,0.283321,1
D_0000937483,1,0.911545,1
D_0000937588,0,0.072626,0
D_0000938071,0,0.069785,0
D_0000938155,0,0.440155,1
D_0000938281,0,0.982599,1
D_0000938365,1,0.998667,1
D_0000938428,0,0.079830,0
D_0000938470,0,0.096612,0
D_0000938701,1,0.993848,1
D_0000938953,0,0.132571,0
D_0000939457,1,0.980282,1
D_0000939877,0,0.100433,0
D_0000939961,1,0.989300,1
D_0000940045,1,0.884939,1
D_0000940066,1,0.055774,0
D_0000940318,1,0.995549,1
D_0000940843,0,0.060626,0
D_0000940948,1,0.968609,1
D_0000941095,1,0.208806,1
D_0000941410,1,0.038839,0
D_0000941557,1,0.960358,1
D_0000941788,0,0.580749,1
D_0000942082,1,0.990624,1
D_0000942187,1,0.947406,1
D_0000942523,1,0.257455,1
D_0000942649,0,0.140401,0
D_0000943888,1,0.064381,0
D_0000943930,0,0.095240,0
D_0000944203,1,0.718509,1
D_0000944749,1,0.977278,1
D_0000944938,0,0.043057,0
D_0000944980,1,0.995624,1
D_0000945022,0,0.075364,0
D_0000946639,0,0.047895,0
D_0000946765,0,0.168139,1
D_0000946933,0,0.093142,0
D_0000947206,1,0.993203,1
D_0000947353,1,0.983240,1
D_0000947773,1,0.983061,1
D_0000948592,0,0.006682,0
D_0000948655,1,0.218761,1
D_0000949012,1,0.998604,1
D_0000949054,0,0.030154,0
D_0000949201,1,0.983112,1
D_0000949285,0,0.064267,0
D_0000949306,1,0.965504,1
D_0000949600,1,0.984266,1
D_0000949978,1,0.994926,1
D_0000950230,1,0.306670,1
D_0000950461,0,0.030111,0
D_0000950545,0,0.086486,0
D_0000950818,1,0.994737,1
D_0000951049,1,0.995316,1
D_0000951427,0,0.008418,0
D_0000951532,1,0.970050,1
D_0000951784,0,0.213902,1
D_0000951868,1,0.858532,1
D_0000952162,0,0.095813,0
D_0000953065,0,0.984536,1
D_0000953338,0,0.093406,0
D_0000954010,1,0.968605,1
D_0000954304,0,0.014647,0
D_0000955228,1,0.976111,1
D_0000955543,0,0.098604,0
D_0000955984,1,0.139708,0
D_0000957370,0,0.038167,0
D_0000957433,1,0.989462,1
D_0000957517,1,0.995834,1
D_0000957832,0,0.051664,0
D_0000958231,1,0.587885,1
D_0000958378,0,0.022399,0
D_0000958462,0,0.034159,0
D_0000959281,1,0.990412,1
D_0000959386,1,0.990915,1
D_0000960814,1,0.990585,1
D_0000961255,0,0.105116,0
D_0000961276,0,0.132532,0
D_0000961318,0,0.886773,1
D_0000962725,1,0.069100,0
D_0000962767,1,0.978538,1
D_0000963334,0,0.058459,0
D_0000963838,0,0.065729,0
D_0000963943,0,0.064421,0
D_0000964027,0,0.063751,0
D_0000964069,1,0.988422,1
D_0000964174,0,0.047569,0
D_0000964468,1,0.997018,1
D_0000964762,1,0.983603,1
D_0000965203,1,0.974933,1
D_0000965287,0,0.068872,0
D_0000965707,0,0.083750,0
D_0000965728,1,0.993236,1
D_0000966379,1,0.692580,1
D_0000966547,0,0.801865,1
D_0000966820,0,0.035195,0
D_0000966925,0,0.038570,0
D_0000966946,1,0.988758,1
D_0000967156,1,0.045202,0
D_0000967261,1,0.996993,1
D_0000967324,1,0.973071,1
D_0000967765,0,0.087812,0
D_0000968122,0,0.037110,0
D_0000968311,0,0.052247,0
D_0000968374,0,0.145053,0
D_0000969403,1,0.427979,1
D_0000969487,1,0.989305,1
D_0000969571,1,0.131415,0
D_0000969613,0,0.253648,1
D_0000969718,1,0.993203,1
D_0000969760,1,0.092489,0
D_0000970222,0,0.110991,0
D_0000970327,1,0.991330,1
D_0000970579,1,0.997214,1
D_0000970810,0,0.982350,1
D_0000971104,0,0.985322,1
D_0000971377,1,0.983178,1
D_0000971545,0,0.935314,1
D_0000971566,0,0.115178,0
D_0000971608,0,0.077454,0
D_0000971713,1,0.987265,1
D_0000972301,0,0.049625,0
D_0000973036,1,0.687023,1
D_0000973393,1,0.983230,1
D_0000973603,0,0.087450,0
D_0000973645,0,0.041089,0
D_0000974737,1,0.991259,1
D_0000975199,0,0.111924,0
D_0000975241,1,0.994250,1
D_0000975430,1,0.990739,1
D_0000975913,0,0.048661,0
D_0000976354,1,0.558818,1
D_0000976648,1,0.995521,1
D_0000977089,1,0.313464,1
D_0000977614,1,0.077137,0
D_0000977950,1,0.997493,1
D_0000978580,0,0.050967,0
D_0000978811,0,0.082962,0
D_0000979021,0,0.003538,0
D_0000980113,1,0.992332,1
D_0000980344,1,0.995924,1
D_0000980428,0,0.196236,1
D_0000980806,0,0.127525,0
D_0000981184,1,0.995611,1
D_0000981373,0,0.052185,0
D_0000981457,0,0.061716,0
D_0000982213,1,0.989883,1
D_0000982276,0,0.080042,0
D_0000982696,1,0.094871,0
D_0000982864,0,0.033010,0
D_0000984124,1,0.990338,1
D_0000984355,1,0.990554,1
D_0000984670,1,0.985504,1
D_0000985006,0,0.041275,0
D_0000985615,0,0.233125,1
D_0000985699,1,0.070551,0
D_0000987253,1,0.981877,1
D_0000987610,0,0.022927,0
D_0000987715,1,0.981849,1
D_0000988093,1,0.819759,1
D_0000988156,1,0.985677,1
D_0000988408,1,0.236840,1
D_0000989290,0,0.184195,1
D_0000989311,0,0.053281,0
D_0000989416,1,0.951546,1
D_0000989773,1,0.948825,1
D_0000990130,1,0.998031,1
D_0000990445,1,0.992343,1
D_0000991201,0,0.210906,1
D_0000991327,0,0.098063,0
D_0000991411,0,0.057680,0
D_0000991516,0,0.019600,0
D_0000991579,1,0.967375,1
D_0000991789,1,0.999999,1
D_0000992083,0,0.970106,1
D_0000992356,1,0.865383,1
D_0000992482,1,0.991256,1
D_0000992692,0,0.061384,0
D_0000992965,1,0.984838,1
D_0000993364,0,0.045775,0
D_0000993469,1,0.989130,1
D_0000993490,1,0.989554,1
D_0000993700,0,0.160901,1
D_0000993763,0,0.081977,0
D_0000994099,0,0.147087,0
D_0000994288,0,0.046048,0
D_0000995065,1,0.994197,1
D_0000995359,1,0.997072,1
D_0000995569,1,0.991174,1
D_0000995989,1,0.990506,1
D_0000996304,1,0.985140,1
D_0000996682,0,0.102281,0
D_0000997312,0,0.049007,0
D_0000997354,1,0.153612,1
D_0000997375,1,0.984500,1
D_0000997438,1,0.987966,1
D_0000997690,1,0.827463,1
D_0000998131,1,0.277984,1
D_0000998173,0,0.618800,1
D_0000998257,0,0.084204,0
D_0000998467,0,0.065395,0
D_0000998929,1,0.991561,1
D_0000998992,1,0.988191,1
D_0000999244,0,0.070147,0
D_0000999370,0,0.150300,1
D_0000999748,1,0.964485,1
D_0000999832,0,0.066947,0
D_0000999853,0,0.112082,0
D_0000999874,1,0.984785,1
D_0001000735,0,0.111693,0
D_0001000987,0,0.036161,0
D_0001001323,1,0.989958,1
D_0001001491,0,0.099953,0
D_0001001533,0,0.345969,1
D_0001001638,1,0.991390,1
D_0001001932,1,0.992807,1
D_0001002205,1,0.993495,1
D_0001002730,1,0.993727,1
D_0001002898,0,0.317481,1
D_0001003171,0,0.114196,0
D_0001003192,1,0.988294,1
D_0001003633,1,0.152451,1
D_0001003801,1,0.987712,1
D_0001005439,0,0.191207,1
D_0001005523,0,0.068041,0
D_0001005607,1,0.854638,1
D_0001005733,0,0.010853,0
D_0001005754,1,0.985144,1
D_0001006531,0,0.229647,1
D_0001007392,1,0.990724,1
D_0001007560,0,0.091184,0
D_0001007665,1,0.973894,1
D_0001007707,1,0.987851,1
D_0001007875,0,0.006957,0
D_0001008253,1,0.999947,1
D_0001008505,0,0.143308,0
D_0001010038,0,0.073289,0
D_0001010227,0,0.309948,1
D_0001010269,0,0.154995,1
D_0001010353,0,0.083479,0
D_0001010374,1,0.151984,1
D_0001010605,0,0.019058,0
D_0001010731,1,0.172733,1
D_0001010878,0,0.230682,1
D_0001011802,1,0.987733,1
D_0001011949,0,0.038633,0
D_0001012327,0,0.000043,0
D_0001012768,0,0.056723,0
D_0001012915,0,0.138614,0
D_0001012936,1,0.982090,1
D_0001012978,1,0.987243,1
D_0001013146,0,0.089365,0
D_0001013461,1,0.989028,1
D_0001013608,0,0.753518,1
D_0001014175,1,0.988825,1
D_0001014700,0,0.068614,0
D_0001014784,1,0.147428,0
D_0001015267,0,0.944769,1
D_0001015330,1,0.995933,1
D_0001015414,1,0.201971,1
D_0001015792,1,0.988442,1
D_0001016002,1,0.110809,0
D_0001017115,0,0.033923,0
D_0001017787,0,0.100313,0
D_0001017850,1,0.159745,1
D_0001017997,1,0.995242,1
D_0001018585,0,0.059999,0
D_0001018627,1,0.976682,1
D_0001018816,0,0.088048,0
D_0001019488,1,0.994791,1
D_0001019593,1,0.237001,1
D_0001019656,1,0.993767,1
D_0001019677,1,0.080564,0
D_0001020097,0,0.051990,0
D_0001020265,1,0.152116,1
D_0001020538,1,0.976313,1
D_0001020664,1,0.672624,1
D_0001020706,1,0.738368,1
D_0001020748,1,0.987486,1
D_0001020790,0,0.093101,0
D_0001021147,1,0.847794,1
D_0001021672,0,0.166847,1
D_0001021693,0,0.127821,0
D_0001022680,0,0.253935,1
D_0001023205,1,0.921621,1
D_0001023961,0,0.059035,0
D_0001023982,1,0.947492,1
D_0001024633,1,0.913157,1
D_0001024864,0,0.081923,0
D_0001024948,1,0.992324,1
D_0001025116,1,0.999805,1
D_0001025284,0,0.115180,0
D_0001025389,0,0.016825,0
D_0001025557,0,0.223491,1
D_0001025767,1,0.978762,1
D_0001025956,1,0.995089,1
D_0001026103,1,0.939322,1
D_0001026145,1,0.994575,1
D_0001026964,0,0.026339,0
D_0001027363,1,0.212173,1
D_0001027972,1,0.966264,1
D_0001028077,0,0.047530,0
D_0001028119,1,0.992747,1
D_0001028371,0,0.148736,0
D_0001028833,0,0.306346,1
D_0001028980,0,0.057800,0
D_0001029043,1,0.886816,1
D_0001029274,0,0.042261,0
D_0001029316,1,0.988716,1
D_0001029337,0,0.050699,0
D_0001029820,1,0.046473,0
D_0001030156,0,0.042297,0
D_0001030492,0,0.003449,0
D_0001030744,0,0.031268,0
D_0001031164,1,0.970272,1
D_0001031605,1,0.127971,0
D_0001031899,0,0.187303,1
D_0001031983,0,0.121344,0
D_0001032319,1,0.941869,1
D_0001032844,0,0.044512,0
D_0001032886,1,0.991659,1
D_0001033117,1,0.125264,0
D_0001033243,1,0.942316,1
D_0001033285,0,0.046492,0
D_0001033390,0,0.062029,0
D_0001034125,1,0.986158,1
D_0001034209,1,0.819968,1
D_0001034335,1,0.994906,1
D_0001034524,0,0.087242,0
D_0001034566,1,0.841805,1
D_0001034902,0,0.068129,0
D_0001035280,1,0.294051,1
D_0001035595,0,0.218156,1
D_0001035826,1,0.943987,1
D_0001035952,1,0.987961,1
D_0001036351,1,0.991772,1
D_0001036540,1,0.989430,1
D_0001036687,1,0.984743,1
D_0001036729,1,0.208939,1
D_0001036813,0,0.169476,1
D_0001037044,0,0.142626,0
D_0001037359,0,0.092658,0
D_0001037506,0,0.054068,0
D_0001037821,1,0.999036,1
D_0001038472,0,0.022626,0
D_0001038535,1,0.993367,1
D_0001038682,0,0.033765,0
D_0001039018,1,0.773142,1
D_0001039711,1,0.150075,1
D_0001039900,1,0.982966,1
D_0001040110,0,0.252722,1
D_0001040614,1,0.991193,1
D_0001041076,0,0.425488,1
D_0001041307,0,0.069275,0
D_0001041475,1,0.958035,1
D_0001041748,1,0.131325,0
D_0001041874,1,0.984946,1
D_0001042315,1,0.117390,0
D_0001042546,1,0.977440,1
D_0001042567,0,0.023451,0
D_0001042735,0,0.935665,1
D_0001043155,1,0.989877,1
D_0001044184,1,0.992683,1
D_0001044289,1,0.997172,1
D_0001044436,0,0.957062,1
D_0001044667,0,0.103461,0
D_0001045171,1,0.988311,1
D_0001045192,0,0.130902,0
D_0001045591,0,0.975356,1
D_0001045843,1,0.241738,1
D_0001046158,0,0.028238,0
D_0001046662,0,0.159109,1
D_0001047523,1,0.092984,0
D_0001047607,0,0.031578,0
D_0001047670,0,0.026914,0
D_0001047838,0,0.256430,1
D_0001047922,0,0.123972,0
D_0001048384,1,0.995868,1
D_0001049245,1,0.982095,1
D_0001049329,0,0.076178,0
D_0001050001,1,0.210848,1
D_0001050190,0,0.056608,0
D_0001050274,0,0.040980,0
D_0001050673,1,0.993086,1
D_0001050967,1,0.082873,0
D_0001051114,0,0.022721,0
D_0001051912,0,0.055754,0
D_0001052542,0,0.077522,0
D_0001052584,1,0.974866,1
D_0001052710,0,0.158829,1
D_0001053088,1,0.984380,1
D_0001053193,0,0.427544,1
D_0001053550,0,0.033785,0
D_0001053844,1,0.115859,0
D_0001054117,1,0.146990,0
D_0001054159,0,0.256571,1
D_0001054978,1,0.993419,1
D_0001055083,1,0.985829,1
D_0001055776,1,0.989612,1
D_0001056049,1,0.990552,1
D_0001056175,0,0.169994,1
D_0001056490,0,0.058845,0
D_0001056553,1,0.977690,1
D_0001057771,1,0.976309,1
D_0001057939,0,0.926810,1
D_0001058002,1,0.994291,1
D_0001058170,0,0.106154,0
D_0001058590,1,0.987301,1
D_0001058800,0,0.030367,0
D_0001059514,1,0.971763,1
D_0001059976,0,0.126174,0
D_0001060039,0,0.025509,0
D_0001060417,0,0.043362,0
D_0001060753,0,0.051224,0
D_0001061362,1,0.981483,1
D_0001061698,0,0.055393,0
D_0001061908,0,0.018792,0
D_0001062244,0,0.091013,0
D_0001062601,0,0.068375,0
D_0001063063,0,0.041038,0
D_0001063126,0,0.062910,0
D_0001063693,1,0.967020,1
D_0001063735,1,0.984934,1
D_0001064008,0,0.057595,0
D_0001064218,1,0.974584,1
D_0001064596,0,0.064381,0
D_0001064764,1,0.803380,1
D_0001064890,0,0.068296,0
D_0001065142,0,0.029427,0
D_0001065415,1,0.969271,1
D_0001065478,0,0.074021,0
D_0001065520,1,0.990402,1
D_0001065562,0,0.097671,0
D_0001065919,1,0.992673,1
D_0001066003,0,0.182340,1
D_0001066150,1,0.999861,1
D_0001067284,0,0.020526,0
D_0001067389,1,0.981718,1
D_0001067683,1,0.981074,1
D_0001067725,0,0.052194,0
D_0001068292,1,0.044997,0
D_0001068691,0,0.049402,0
D_0001069006,0,0.127785,0
D_0001069279,0,0.057192,0
D_0001070224,0,0.114262,0
D_0001070371,0,0.066278,0
D_0001070833,0,0.062077,0
D_0001071337,0,0.089305,0
D_0001071442,1,0.983637,1
D_0001071862,0,0.103103,0
D_0001072471,1,0.993418,1
D_0001072723,1,0.090789,0
D_0001073164,1,0.979879,1
D_0001073185,0,0.097560,0
D_0001073647,1,0.968812,1
D_0001074046,1,0.989097,1
D_0001074151,1,0.214665,1
D_0001074445,1,0.219026,1
D_0001074592,1,0.991512,1
D_0001074991,1,0.022587,0
D_0001075600,0,0.006904,0
D_0001075915,1,0.829929,1
D_0001076125,0,0.047996,0
D_0001076818,1,0.988213,1
D_0001076944,1,0.996004,1
D_0001077280,1,0.106954,0
D_0001077658,0,0.052284,0
D_0001078036,1,0.118852,0
D_0001078624,0,0.036563,0
D_0001079128,0,0.052899,0
D_0001080073,1,0.248278,1
D_0001080262,1,0.287975,1
D_0001080535,1,0.980706,1
D_0001080640,1,0.122177,0
D_0001081228,1,0.985740,1
D_0001081795,1,0.993168,1
D_0001082047,0,0.609483,1
D_0001082110,1,0.999944,1
D_0001082320,0,0.135999,0
D_0001082614,1,0.101524,0
D_0001082635,1,0.244811,1
D_0001082971,1,0.751771,1
D_0001082992,0,0.111619,0
D_0001084294,1,0.244009,1
D_0001084441,1,0.929713,1
D_0001085491,1,0.965346,1
D_0001086289,1,0.983734,1
D_0001086310,1,0.978373,1
D_0001086331,1,0.986646,1
D_0001086394,1,0.984845,1
D_0001086604,0,0.743544,1
D_0001087066,1,0.993541,1
D_0001087087,0,0.049993,0
D_0001087171,0,0.089259,0
D_0001088137,1,0.990838,1
D_0001088620,1,0.990698,1
D_0001088998,1,0.419221,1
D_0001089082,0,0.148374,0
D_0001089376,1,0.998929,1
D_0001089733,0,0.063308,0
D_0001089943,1,0.145212,0
D_0001089964,1,0.989516,1
D_0001090783,0,0.068218,0
D_0001091224,0,0.558201,1
D_0001091476,1,0.174508,1
D_0001091749,1,0.991343,1
D_0001091770,1,0.992154,1
D_0001091980,0,0.066399,0
D_0001092379,0,0.045655,0
D_0001092547,1,0.994905,1
D_0001092610,1,0.991790,1
D_0001092715,1,0.985827,1
D_0001093009,1,0.138627,0
D_0001093114,1,0.991159,1
D_0001093135,1,0.989903,1
D_0001093303,1,0.989735,1
D_0001093597,0,0.126421,0
D_0001094143,0,0.032085,0
D_0001094269,1,0.898096,1
D_0001094311,1,0.287145,1
D_0001094458,0,0.078912,0
D_0001094479,0,0.082067,0
D_0001094836,1,0.987660,1
D_0001095151,1,0.098743,0
D_0001095361,0,0.453200,1
D_0001096285,1,0.204342,1
D_0001096327,1,0.978277,1
D_0001096600,1,0.095587,0
D_0001096831,0,0.104760,0
D_0001096936,1,0.980141,1
D_0001097083,1,0.985742,1
D_0001097125,1,0.969691,1
D_0001097398,0,0.044936,0
D_0001097860,1,0.987946,1
D_0001097986,1,0.976816,1
D_0001098343,1,0.952750,1
D_0001099078,1,0.171378,1
D_0001099120,1,0.161942,1
D_0001099162,0,0.109215,0
D_0001099330,0,0.018069,0
D_0001100170,1,0.977845,1
D_0001100359,1,0.999223,1
D_0001100464,0,0.049063,0
D_0001101241,1,0.976075,1
D_0001101430,1,0.990820,1
D_0001101745,1,0.951628,1
D_0001102081,0,0.178310,1
D_0001102648,0,0.061925,0
D_0001102900,1,0.990034,1
D_0001103194,0,0.033758,0
D_0001104559,0,0.035985,0
D_0001105042,1,0.171847,1
D_0001105126,1,0.862233,1
D_0001105189,0,0.072503,0
D_0001105210,1,0.982260,1
D_0001105231,1,0.981637,1
D_0001105441,1,0.125184,0
D_0001105672,1,0.999342,1
D_0001106008,1,0.978276,1
D_0001106701,1,0.992958,1
D_0001107079,1,0.978685,1
D_0001107373,1,0.136783,0
D_0001108129,0,0.098404,0
D_0001108570,0,0.072068,0
D_0001108654,1,0.988559,1
D_0001108738,0,0.210362,1
D_0001109305,0,0.029602,0
D_0001109935,1,0.988401,1
D_0001109956,0,0.094473,0
D_0001110334,0,0.107197,0
D_0001111048,1,0.987012,1
D_0001111405,1,0.986755,1
D_0001111594,1,0.267031,1
D_0001111636,0,0.019145,0
D_0001111804,0,0.133915,0
D_0001111909,0,0.278566,1
D_0001112665,1,0.869372,1
D_0001112791,0,0.047623,0
D_0001112812,0,0.079826,0
D_0001113148,0,0.974006,1
D_0001113274,1,0.983450,1
D_0001113316,0,0.070294,0
D_0001113820,0,0.017313,0
D_0001114198,0,0.306864,1
D_0001114828,1,0.244791,1
D_0001114975,1,0.994262,1
D_0001115353,1,0.994492,1
D_0001115416,1,0.152390,1
D_0001115584,0,0.125485,0
D_0001115794,0,0.067813,0
D_0001115857,0,0.084228,0
D_0001116046,1,0.222978,1
D_0001116634,0,0.998558,1
D_0001116655,1,0.719559,1
D_0001116697,1,0.173391,1
D_0001116718,1,0.985862,1
D_0001116823,1,0.992927,1
D_0001116886,0,0.072012,0
D_0001116907,0,0.077281,0
D_0001117222,0,0.014106,0
D_0001117327,0,0.039342,0
D_0001117432,0,0.042786,0
D_0001117852,1,0.854654,1
D_0001117978,0,0.904699,1
D_0001118020,0,0.135238,0
D_0001118083,0,0.050965,0
D_0001118167,0,0.064012,0
D_0001118293,0,0.116643,0
D_0001118335,1,0.119712,0
D_0001118881,0,0.072360,0
D_0001119469,0,0.059670,0
D_0001119637,0,0.063235,0
D_0001119742,1,0.995994,1
D_0001120603,0,0.384652,1
D_0001121296,0,0.055149,0
D_0001121632,0,0.097344,0
D_0001121989,0,0.059908,0
D_0001122052,0,0.509766,1
D_0001122283,0,0.044657,0
D_0001122514,0,0.011277,0
D_0001122745,0,0.787985,1
D_0001123375,0,0.062061,0
D_0001123396,1,0.976686,1
D_0001123501,1,0.251993,1
D_0001123648,1,0.096848,0
D_0001124299,1,0.993557,1
D_0001125013,1,0.986388,1
D_0001125055,0,0.090560,0
D_0001125622,0,0.190398,1
D_0001125916,1,0.971585,1
D_0001126042,1,0.945510,1
D_0001126210,1,0.990979,1
D_0001126315,0,0.103512,0
D_0001126399,0,0.069781,0
D_0001127092,1,0.980571,1
D_0001127659,1,0.970461,1
D_0001127848,1,0.993441,1
D_0001128058,0,0.033945,0
D_0001128100,0,0.975473,1
D_0001128604,0,0.066138,0
D_0001128667,0,0.070944,0
D_0001128730,1,0.387832,1
D_0001128751,1,0.977102,1
D_0001129003,0,0.023075,0
D_0001129486,0,0.121325,0
D_0001129612,1,0.955479,1
D_0001129759,1,0.989800,1
D_0001130263,1,0.141870,0
D_0001130452,0,0.107499,0
D_0001130557,0,0.128814,0
D_0001130662,0,0.183669,1
D_0001131628,0,0.023305,0
D_0001131691,0,0.209703,1
D_0001131796,1,0.101642,0
D_0001132720,1,0.961554,1
D_0001132825,1,0.995455,1
D_0001133539,0,0.140935,0
D_0001133560,1,0.991509,1
D_0001133875,0,0.037251,0
D_0001133917,1,0.991668,1
D_0001134316,0,0.081808,0
D_0001134400,1,0.986528,1
D_0001134526,1,0.744889,1
D_0001134589,0,0.050768,0
D_0001134736,1,0.990440,1
D_0001134757,1,0.040202,0
D_0001135534,1,0.829422,1
D_0001136185,0,0.056289,0
D_0001136731,1,0.992709,1
D_0001136983,1,0.987995,1
D_0001137529,0,0.137900,0
D_0001137592,1,0.394810,1
D_0001138453,0,0.029909,0
D_0001138537,0,0.025212,0
D_0001139020,1,0.902369,1
D_0001139083,0,0.062364,0
D_0001139125,1,0.992045,1
D_0001139335,0,0.032221,0
D_0001139965,0,0.098457,0
D_0001140805,1,0.953196,1
D_0001141183,1,0.990474,1
D_0001141897,1,0.992651,1
D_0001142212,1,0.999907,1
D_0001142338,1,0.993455,1
D_0001142464,1,0.100989,0
D_0001142695,0,0.063352,0
D_0001142779,0,0.007876,0
D_0001142968,1,0.783798,1
D_0001143535,1,0.155881,1
D_0001143724,1,0.982404,1
D_0001143871,1,0.948955,1
D_0001144249,1,0.986619,1
D_0001144438,0,0.078873,0
D_0001144522,1,0.209187,1
D_0001144816,0,0.036203,0
D_0001145236,1,0.980320,1
D_0001145299,0,0.972551,1
D_0001145341,0,0.053655,0
D_0001145383,0,0.221331,1
D_0001145509,0,0.052296,0
D_0001145614,0,0.063831,0
D_0001145635,0,0.116733,0
D_0001146433,0,0.102173,0
D_0001146559,1,0.081739,0
D_0001146643,0,0.049774,0
D_0001146727,1,0.993826,1
D_0001147294,0,0.034781,0
D_0001147525,1,0.996451,1
D_0001147798,1,0.985965,1
D_0001148134,0,0.134949,0
D_0001148554,0,0.053263,0
D_0001148722,0,0.060734,0
D_0001149163,0,0.129306,0
D_0001149226,1,0.997435,1
D_0001149247,1,0.225654,1
D_0001149583,0,0.129231,0
D_0001150045,1,0.981432,1
D_0001150066,1,0.163613,1
D_0001150087,1,0.276676,1
D_0001150360,0,0.078247,0
D_0001150969,1,0.985899,1
D_0001151389,0,0.041001,0
D_0001151641,0,0.121123,0
D_0001151851,1,0.998266,1
D_0001152145,0,0.064197,0
D_0001152187,0,0.012392,0
D_0001152229,0,0.095646,0
D_0001152271,0,0.124721,0
D_0001152775,0,0.208231,1
D_0001153006,0,0.229015,1
D_0001153069,0,0.046726,0
D_0001153195,1,0.996302,1
D_0001153363,0,0.121697,0
D_0001153405,1,0.986744,1
D_0001153720,1,0.591221,1
D_0001153762,0,0.067501,0
D_0001153867,0,0.026748,0
D_0001153972,0,0.117759,0
D_0001154245,0,0.052397,0
D_0001155043,1,0.978238,1
D_0001156450,1,0.521214,1
D_0001156723,1,0.954788,1
D_0001156828,1,0.986068,1
D_0001156996,0,0.061136,0
D_0001157584,1,0.988333,1
D_0001157983,1,0.137137,0
D_0001158382,1,0.989111,1
D_0001158718,0,0.072184,0
D_0001158739,1,0.172563,1
D_0001158991,1,0.984632,1
D_0001159033,1,0.994984,1
D_0001159222,0,0.049425,0
D_0001159432,1,0.982661,1
D_0001159600,1,0.990466,1
D_0001160020,0,0.099139,0
D_0001160545,0,0.153030,1
D_0001160734,0,0.056532,0
D_0001161196,1,0.948002,1
D_0001161280,1,0.991701,1
D_0001161490,0,0.212902,1
D_0001161826,0,0.119487,0
D_0001161868,0,0.105429,0
D_0001162456,1,0.960443,1
D_0001163170,0,0.057171,0
D_0001163674,0,0.047814,0
D_0001163842,1,0.112360,0
D_0001164094,0,0.067557,0
D_0001164157,1,0.989138,1
D_0001164283,1,0.991228,1
D_0001164367,0,0.049093,0
D_0001164472,0,0.122637,0
D_0001164829,1,0.986957,1
D_0001164871,0,0.127841,0
D_0001165312,1,0.998354,1
D_0001165690,0,0.020468,0
D_0001165921,0,0.056799,0
D_0001166257,0,0.028726,0
D_0001166425,0,0.041390,0
D_0001167307,0,0.099350,0
D_0001167643,0,0.057491,0
D_0001167895,1,0.988613,1
D_0001168021,1,0.203109,1
D_0001168840,1,0.240379,1
D_0001168966,0,0.079236,0
D_0001169176,1,0.033608,0
D_0001169260,1,0.927928,1
D_0001169449,0,0.095625,0
D_0001169533,1,0.036896,0
D_0001169848,1,0.978359,1
D_0001170037,1,0.991291,1
D_0001170226,0,0.190494,1
D_0001170289,1,0.991155,1
D_0001170310,1,0.989679,1
D_0001170646,1,0.982721,1
D_0001170919,1,0.043161,0
D_0001171045,1,0.987769,1
D_0001171339,0,0.077924,0
D_0001171612,0,0.011936,0
D_0001171864,1,0.994973,1
D_0001172242,0,0.058667,0
D_0001173334,0,0.211531,1
D_0001173376,1,0.993888,1
D_0001173838,0,0.035983,0
D_0001174636,1,0.999752,1
D_0001174720,0,0.195638,1
D_0001175119,0,0.306892,1
D_0001175308,0,0.041543,0
D_0001175455,1,0.174091,1
D_0001175476,0,0.028317,0
D_0001176316,0,0.184382,1
D_0001177492,0,0.146803,0
D_0001178038,0,0.069824,0
D_0001178332,0,0.075601,0
D_0001179382,0,0.085337,0
D_0001179655,0,0.060484,0
D_0001180033,0,0.044204,0
D_0001180411,0,0.085391,0
D_0001180474,1,0.547066,1
D_0001180642,0,0.201202,1
D_0001180726,0,0.176263,1
D_0001181041,1,0.974828,1
D_0001181503,1,0.992000,1
D_0001181650,0,0.273370,1
D_0001181986,1,0.982571,1
D_0001182889,0,0.065045,0
D_0001183057,0,0.057387,0
D_0001183099,0,0.075092,0
D_0001183183,0,0.129814,0
D_0001183414,0,0.036337,0
D_0001183498,0,0.214584,1
D_0001184023,1,0.994602,1
D_0001184527,0,0.033285,0
D_0001184989,0,0.081115,0
D_0001185451,1,0.993745,1
D_0001185514,0,0.069486,0
D_0001185556,1,0.985688,1
D_0001185871,0,0.055899,0
D_0001186039,0,0.063474,0
D_0001186354,1,0.127351,0
D_0001186585,0,0.077389,0
D_0001187299,1,0.275492,1
D_0001187551,1,0.994819,1
D_0001188034,0,0.972298,1
D_0001188307,1,0.938521,1
D_0001188454,0,0.032405,0
D_0001188517,0,0.087605,0
D_0001188706,1,0.424348,1
D_0001188916,1,0.034767,0
D_0001188937,0,0.022627,0
D_0001189609,1,0.988749,1
D_0001189756,1,0.048826,0
D_0001189924,1,0.869129,1
D_0001190176,0,0.982224,1
D_0001190386,1,0.065161,0
D_0001190806,0,0.301591,1
D_0001191037,1,0.777173,1
D_0001191100,1,0.446193,1
D_0001191373,1,0.992192,1
D_0001191625,0,0.080248,0
D_0001191772,1,0.801995,1
D_0001191877,0,0.081832,0
D_0001192444,0,0.148932,0
D_0001192801,0,0.055284,0
D_0001193011,0,0.148856,0
D_0001193431,0,0.073631,0
D_0001193914,0,0.011972,0
D_0001194040,1,0.956551,1
D_0001194334,1,0.956771,1
D_0001194985,0,0.088199,0
D_0001195006,0,0.101103,0
D_0001195111,1,0.822121,1
D_0001195510,1,0.999906,1
D_0001195636,0,0.081342,0
D_0001195951,1,0.969431,1
D_0001196035,1,0.553231,1
D_0001196875,0,0.063102,0
D_0001198030,1,0.217114,1
D_0001198555,1,0.999769,1
D_0001198702,0,0.006887,0
D_0001198975,0,0.109531,0
D_0001199605,1,0.995990,1
D_0001199626,1,0.185522,1
D_0001199836,1,0.989834,1
D_0001199878,1,0.506928,1
D_0001200382,1,0.989209,1
D_0001200571,0,0.213528,1
D_0001200760,0,0.268409,1
D_0001200907,0,0.052171,0
D_0001201516,1,0.984479,1
D_0001201600,0,0.058259,0
D_0001201747,1,0.062919,0
D_0001201789,1,0.995615,1
D_0001201831,1,0.982231,1
D_0001201978,1,0.980479,1
D_0001202419,1,0.993671,1
D_0001202440,0,0.194612,1
D_0001202503,0,0.049135,0
D_0001202587,1,0.962331,1
D_0001202650,0,0.031261,0
D_0001202671,0,0.041486,0
D_0001202818,0,0.621538,1
D_0001202902,0,0.051678,0
D_0001203196,0,0.088595,0
D_0001203658,0,0.033936,0
D_0001203994,1,0.995493,1
D_0001204225,1,0.993379,1
D_0001204309,1,0.913265,1
D_0001204645,1,0.371119,1
D_0001205947,1,0.778991,1
D_0001206199,1,0.992430,1
D_0001206640,1,0.976740,1
D_0001207123,0,0.022921,0
D_0001207144,0,0.027919,0
D_0001207480,1,0.993890,1
D_0001207543,1,0.993346,1
D_0001207585,0,0.986625,1
D_0001207837,0,0.282399,1
D_0001207921,0,0.212490,1
D_0001208047,0,0.053500,0
D_0001208446,1,0.995322,1
D_0001208971,0,0.102633,0
D_0001209139,0,0.815868,1
D_0001209265,1,0.031917,0
D_0001209601,1,0.992082,1
D_0001209643,0,0.380217,1
D_0001209748,1,0.985928,1
D_0001210042,0,0.106696,0
D_0001210714,1,0.991295,1
D_0001210903,0,0.143623,0
D_0001211260,1,0.593463,1
D_0001211407,1,0.116431,0
D_0001211596,1,0.190697,1
D_0001211638,1,0.469323,1
D_0001211785,1,0.984590,1
D_0001212289,1,0.991525,1
D_0001212352,1,0.960700,1
D_0001212373,0,0.044112,0
D_0001212415,0,0.117773,0
D_0001212478,0,0.183375,1
D_0001212604,0,0.273930,1
D_0001212919,1,0.981579,1
D_0001213045,0,0.710782,1
D_0001213066,1,0.991623,1
D_0001213759,0,0.051692,0
D_0001213843,0,0.035130,0
D_0001213990,0,0.128139,0
D_0001214074,0,0.134459,0
D_0001214263,0,0.036549,0
D_0001214452,0,0.094261,0
D_0001215397,0,0.116796,0
D_0001215418,1,0.291698,1
D_0001215691,0,0.138764,0
D_0001215754,1,0.985726,1
D_0001215922,0,0.102407,0
D_0001216405,0,0.026550,0
D_0001216657,1,0.963838,1
D_0001216972,1,0.988679,1
D_0001217224,0,0.103560,0
D_0001217392,1,0.988373,1
D_0001217434,1,0.134840,0
D_0001217854,0,0.087176,0
D_0001217917,1,0.987588,1
D_0001218001,1,0.527197,1
D_0001218043,0,0.084989,0
D_0001218190,0,0.041016,0
D_0001218295,0,0.081630,0
D_0001218358,1,0.988554,1
D_0001218799,0,0.248753,1
D_0001219093,1,0.111751,0
D_0001219135,1,0.989953,1
D_0001219492,0,0.078706,0
D_0001219975,1,0.987941,1
D_0001220017,1,0.106804,0
D_0001220122,0,0.166751,1
D_0001220647,1,0.994697,1
D_0001220731,1,0.335993,1
D_0001220899,0,0.077785,0
D_0001221466,1,0.980620,1
D_0001221886,1,0.103811,0
D_0001221928,1,0.995411,1
D_0001222012,1,0.995253,1
D_0001222621,1,0.149508,1
D_0001222852,1,0.087372,0
D_0001222936,1,0.282935,1
D_0001223020,1,0.900836,1
D_0001223293,0,0.159098,1
D_0001223545,0,0.065156,0
D_0001223734,1,0.969511,1
D_0001224049,1,0.990794,1
D_0001224217,1,0.979441,1
D_0001224364,1,0.952616,1
D_0001224448,0,0.034415,0
D_0001224847,1,0.999352,1
D_0001224868,0,0.056131,0
D_0001224952,0,0.028896,0
D_0001224973,1,0.090342,0
D_0001225015,1,0.996476,1
D_0001225078,1,0.092466,0
D_0001225351,1,0.112853,0
D_0001225771,1,0.990639,1
D_0001226149,0,0.008276,0
D_0001227283,1,0.973832,1
D_0001227430,1,0.986572,1
D_0001227472,1,0.991165,1
D_0001227577,1,0.996783,1
D_0001228354,1,0.993962,1
D_0001228648,1,0.115242,0
D_0001229383,1,0.999135,1
D_0001229593,0,0.885645,1
D_0001230076,1,0.988620,1
D_0001230580,1,0.989014,1
D_0001230979,1,0.976247,1
D_0001231126,1,0.988504,1
D_0001231147,1,0.986362,1
D_0001231315,0,0.045521,0
D_0001231399,1,0.995081,1
D_0001231483,0,0.048696,0
D_0001232260,1,0.545534,1
D_0001232470,1,0.162597,1
D_0001232512,1,0.993788,1
D_0001232680,0,0.056041,0
D_0001232869,0,0.180147,1
D_0001233079,1,0.985691,1
D_0001233184,0,0.175138,1
D_0001233331,1,0.222915,1
D_0001233667,0,0.206530,1
D_0001233961,1,0.038621,0
D_0001234864,0,0.035626,0
D_0001235599,0,0.024361,0
D_0001235935,0,0.112979,0
D_0001236061,1,0.991396,1
D_0001236103,0,0.130887,0
D_0001236124,1,0.993841,1
D_0001236712,0,0.019754,0
D_0001236817,1,0.293578,1
D_0001237132,0,0.969395,1
D_0001237174,1,0.957319,1
D_0001237657,1,0.284387,1
D_0001237720,0,0.047336,0
D_0001237783,1,0.206806,1
D_0001237993,1,0.971797,1
D_0001238140,0,0.163236,1
D_0001238413,1,0.989874,1
D_0001238518,0,0.202220,1
D_0001238581,1,0.995659,1
D_0001238602,0,0.044694,0
D_0001238896,1,0.205134,1
D_0001238917,1,0.974481,1
D_0001238980,1,0.987387,1
D_0001239946,1,0.217813,1
D_0001240429,1,0.985987,1
D_0001240618,0,0.081820,0
D_0001241101,1,0.976665,1
D_0001241773,0,0.201467,1
D_0001242193,0,0.081845,0
D_0001242466,0,0.048794,0
D_0001242550,0,0.722307,1
D_0001242655,0,0.992733,1
D_0001243012,1,0.987988,1
D_0001243075,0,0.057185,0
D_0001243180,1,0.047334,0
D_0001243474,1,0.819232,1
D_0001243516,1,0.950725,1
D_0001243579,0,0.075866,0
D_0001243831,1,0.973965,1
D_0001244041,1,0.092239,0
D_0001244230,0,0.170194,1
D_0001244251,1,0.995963,1
D_0001244398,1,0.994899,1
D_0001244503,0,0.124457,0
D_0001244545,1,0.986660,1
D_0001244587,0,0.086761,0
D_0001245112,1,0.991940,1
D_0001245973,1,0.094223,0
D_0001246540,0,0.038390,0
D_0001246792,1,0.249822,1
D_0001247674,0,0.033389,0
D_0001247800,1,0.265758,1
D_0001248409,1,0.176893,1
D_0001248745,1,0.977369,1
D_0001248913,0,0.064203,0
D_0001249165,0,0.077182,0
D_0001249291,1,0.994478,1
D_0001249417,1,0.989864,1
D_0001249585,1,0.159176,1
D_0001249711,0,0.040790,0
D_0001249816,1,0.988070,1
D_0001250131,1,0.995306,1
D_0001250593,0,0.008634,0
D_0001250740,1,0.030687,0
D_0001251181,0,0.033470,0
D_0001252252,0,0.042650,0
D_0001252357,0,0.068967,0
D_0001252441,0,0.242703,1
D_0001252735,1,0.206681,1
D_0001252798,1,0.998701,1
D_0001253113,1,0.982391,1
D_0001253260,1,0.988530,1
D_0001253323,1,0.994922,1
D_0001253512,0,0.010005,0
D_0001253659,1,0.974600,1
D_0001253722,0,0.099152,0
D_0001254226,1,0.997170,1
D_0001254247,0,0.073422,0
D_0001255297,1,0.993904,1
D_0001255339,1,0.988211,1
D_0001255549,1,0.953205,1
D_0001255654,0,0.070353,0
D_0001255717,0,0.015335,0
D_0001255759,1,0.988931,1
D_0001255801,0,0.127978,0
D_0001256347,0,0.247860,1
D_0001256473,0,0.166760,1
D_0001256788,1,0.500747,1
D_0001256998,0,0.221278,1
D_0001257376,1,0.990613,1
D_0001257628,1,0.985932,1
D_0001257880,1,0.987247,1
D_0001258321,1,0.225927,1
D_0001258888,0,0.011430,0
D_0001259098,1,0.970359,1
D_0001259455,1,0.993071,1
D_0001260673,0,0.059266,0
D_0001261618,0,0.048372,0
D_0001262038,0,0.243598,1
D_0001262122,0,0.060755,0
D_0001262374,1,0.976603,1
D_0001262437,1,0.993576,1
D_0001262479,1,0.250949,1
D_0001262605,1,0.963794,1
D_0001262647,1,0.992419,1
D_0001262710,0,0.042618,0
D_0001263550,1,0.987998,1
D_0001263655,1,0.065946,0
D_0001263697,0,0.000096,0
D_0001263718,0,0.132763,0
D_0001263928,0,0.024655,0
D_0001264075,1,0.113756,0
D_0001264621,1,0.100801,0
D_0001264747,0,0.062222,0
D_0001264852,1,0.995376,1
D_0001264978,1,0.988903,1
D_0001265251,0,0.053215,0
D_0001265419,0,0.112179,0
D_0001265650,0,0.989635,1
D_0001266007,1,0.985130,1
D_0001266175,1,0.956428,1
D_0001266196,1,0.988333,1
D_0001266469,1,0.970309,1
D_0001267351,1,0.079716,0
D_0001267435,0,0.116320,0
D_0001267855,1,0.996241,1
D_0001268233,1,0.976974,1
D_0001268548,1,0.964400,1
D_0001268695,1,0.993230,1
D_0001269283,0,0.098712,0
D_0001269724,1,0.993168,1
D_0001269976,0,0.007106,0
D_0001270207,0,0.102905,0
D_0001270417,0,0.077003,0
D_0001270459,0,0.165483,1
D_0001271761,1,0.992492,1
D_0001272181,0,0.070632,0
D_0001272202,0,0.100352,0
D_0001272643,0,0.097396,0
D_0001273084,1,0.908800,1
D_0001273126,0,0.056046,0
D_0001273630,0,0.928731,1
D_0001273882,1,0.994831,1
D_0001273903,1,0.073972,0
D_0001274491,0,0.155988,1
D_0001274533,0,0.765281,1
D_0001275142,0,0.022389,0
D_0001275373,1,0.094162,0
D_0001275982,1,0.187985,1
D_0001276213,0,0.161072,1
D_0001276759,1,0.227834,1
D_0001276780,1,0.985308,1
D_0001277431,0,0.082766,0
D_0001278019,1,0.988834,1
D_0001278040,0,0.079557,0
D_0001278187,1,0.997940,1
D_0001278334,1,0.983124,1
D_0001278523,1,0.969733,1
D_0001279762,1,0.990291,1
D_0001279846,0,0.172858,1
D_0001280644,1,0.985883,1
D_0001280980,1,0.994682,1
D_0001281106,1,0.994368,1
D_0001281127,1,0.992185,1
D_0001281799,1,0.979732,1
D_0001282030,0,0.084143,0
D_0001282051,1,0.990253,1
D_0001282282,1,0.116774,0
D_0001282786,1,0.996795,1
D_0001283416,0,0.061146,0
D_0001283458,1,0.998670,1
D_0001283689,0,0.485685,1
D_0001283773,1,0.972757,1
D_0001284865,1,0.991351,1
D_0001284886,0,0.172256,1
D_0001285369,0,0.075595,0
D_0001286524,1,0.995157,1
D_0001286755,0,0.062462,0
D_0001286839,1,0.985759,1
D_0001286881,1,0.845910,1
D_0001286944,1,0.978780,1
D_0001287469,0,0.063656,0
D_0001288036,0,0.181314,1
D_0001289149,1,0.993232,1
D_0001289548,0,0.082197,0
D_0001289758,0,0.081874,0
D_0001290031,1,0.148125,0
D_0001290178,1,0.995582,1
D_0001290493,1,0.992101,1
D_0001290556,0,0.152812,1
D_0001290619,1,0.627424,1
D_0001291081,1,0.992332,1
D_0001291396,1,0.992563,1
D_0001291732,1,0.382167,1
D_0001292173,0,0.604834,1
D_0001292236,0,0.966203,1
D_0001292782,0,0.106003,0
D_0001292971,0,0.129273,0
D_0001293139,1,0.088348,0
D_0001293538,1,0.978505,1
D_0001294105,0,0.189207,1
D_0001294126,1,0.995341,1
D_0001294252,0,0.065699,0
D_0001294525,0,0.070057,0
D_0001294609,0,0.129385,0
D_0001294672,1,0.977644,1
D_0001294735,1,0.992584,1
D_0001295134,1,0.992581,1
D_0001295344,0,0.278094,1
D_0001295407,0,0.054053,0
D_0001295596,0,0.338702,1
D_0001295722,0,0.256199,1
D_0001295764,0,0.075314,0
D_0001296394,1,0.943151,1
D_0001296499,1,0.975211,1
D_0001296646,1,0.997610,1
D_0001296667,1,0.119478,0
D_0001296709,1,0.930298,1
D_0001297339,0,0.159616,1
D_0001297402,1,0.299238,1
D_0001297612,0,0.061431,0
D_0001297717,0,0.024180,0
D_0001297780,0,0.028914,0
D_0001298704,0,0.089778,0
D_0001298746,0,0.062952,0
D_0001298788,1,0.991069,1
D_0001298851,1,0.443098,1
D_0001299040,1,0.993914,1
D_0001299061,1,0.944237,1
D_0001299313,0,0.165144,1
D_0001299502,0,0.023759,0
D_0001299544,1,0.994820,1
D_0001300048,0,0.138319,0
D_0001301056,0,0.028262,0
D_0001301497,1,0.097914,0
D_0001302526,1,0.992028,1
D_0001302589,0,0.035534,0
D_0001302694,0,0.044358,0
D_0001302925,0,0.087236,0
D_0001303513,0,0.207968,1
D_0001304731,0,0.010072,0
D_0001305361,1,0.137939,0
D_0001305676,1,0.994544,1
D_0001305928,1,0.994574,1
D_0001306999,1,0.788556,1
D_0001307209,1,0.988398,1
D_0001307293,0,0.061322,0
D_0001307860,0,0.063104,0
D_0001307902,1,0.088640,0
D_0001308007,0,0.031748,0
D_0001308091,0,0.126305,0
D_0001308238,1,0.992481,1
D_0001309015,1,0.989632,1
D_0001309813,1,0.902666,1
D_0001310590,1,0.112771,0
D_0001310737,0,0.053878,0
D_0001310842,1,0.183213,1
D_0001310863,1,0.983477,1
D_0001311304,1,0.990543,1
D_0001311367,0,0.091643,0
D_0001311640,0,0.125573,0
D_0001311766,1,0.981197,1
D_0001312333,0,0.049535,0
D_0001312564,1,0.114009,0
D_0001312753,1,0.236774,1
D_0001312858,0,0.041510,0
D_0001313026,1,0.985652,1
D_0001313803,1,0.041892,0
D_0001313824,1,0.282077,1
D_0001314139,0,0.142259,0
D_0001314580,1,0.060000,0
D_0001315042,1,0.499923,1
D_0001315357,1,0.971833,1
D_0001315441,0,0.203342,1
D_0001315546,0,0.078593,0
D_0001315861,1,0.970724,1
D_0001316449,0,0.055512,0
D_0001316995,1,0.109397,0
D_0001317268,0,0.101621,0
D_0001317709,0,0.061206,0
D_0001317814,1,0.981795,1
D_0001317898,1,0.037921,0
D_0001318192,0,0.306590,1
D_0001318234,1,0.990307,1
D_0001318444,1,0.976739,1
D_0001318591,1,0.991846,1
D_0001319473,1,0.988031,1
D_0001319620,1,0.637128,1
D_0001320292,0,0.147516,0
D_0001320712,1,0.084126,0
D_0001320922,1,0.258934,1
D_0001321447,0,0.063066,0
D_0001321846,1,0.992899,1
D_0001322203,1,0.974992,1
D_0001322350,1,0.256398,1
D_0001322413,0,0.578655,1
D_0001323211,1,0.996403,1
D_0001323316,1,0.986900,1
D_0001323862,0,0.022148,0
D_0001324009,1,0.206813,1
D_0001324366,0,0.052900,0
D_0001324912,1,0.233514,1
D_0001325479,0,0.022708,0
D_0001325500,0,0.155720,1
D_0001325668,0,0.041614,0
D_0001325689,1,0.993414,1
D_0001325773,1,0.978339,1
D_0001326424,1,0.874034,1
D_0001326571,1,0.187181,1
D_0001326802,0,0.324276,1
D_0001326865,1,0.155840,1
D_0001327096,1,0.979443,1
D_0001328188,0,0.119017,0
D_0001328503,1,0.967268,1
D_0001328902,0,0.293336,1
D_0001328923,1,0.980638,1
D_0001329091,0,0.044510,0
D_0001329154,1,0.982313,1
D_0001329280,0,0.084376,0
D_0001329931,1,0.986139,1
D_0001330498,1,0.991461,1
D_0001330645,0,0.042333,0
D_0001330729,1,0.148772,0
D_0001330960,0,0.082464,0
D_0001331086,0,0.106596,0
D_0001331275,0,0.218585,1
D_0001331317,0,0.161785,1
D_0001331359,0,0.074413,0
D_0001331380,0,0.058062,0
D_0001331401,0,0.052366,0
D_0001331506,1,0.418704,1
D_0001331527,0,0.159688,1
D_0001331548,1,0.281622,1
D_0001331569,1,0.899757,1
D_0001332241,0,0.069380,0
D_0001332472,0,0.058465,0
D_0001333480,1,0.947828,1
D_0001333648,0,0.981755,1
D_0001333774,1,0.034520,0
D_0001334677,1,0.084246,0
D_0001335349,0,0.110532,0
D_0001335517,1,0.438371,1
D_0001335538,0,0.040923,0
D_0001335811,1,0.987156,1
D_0001335832,0,0.160615,1
D_0001336084,0,0.115538,0
D_0001336147,1,0.991452,1
D_0001336210,1,0.192100,1
D_0001336819,0,0.093317,0
D_0001337113,0,0.181763,1
D_0001337197,1,0.961121,1
D_0001337491,1,0.999970,1
D_0001338016,1,0.996301,1
D_0001338142,1,0.985283,1
D_0001338184,0,0.126123,0
D_0001338226,0,0.696057,1
D_0001338310,0,0.240327,1
D_0001338352,1,0.342596,1
D_0001338373,0,0.216925,1
D_0001338772,1,0.191727,1
D_0001338898,0,0.046642,0
D_0001338919,1,0.993084,1
D_0001339990,1,0.115952,0
D_0001340725,1,0.983442,1
D_0001340809,1,0.183830,1
D_0001341229,0,0.010648,0
D_0001341250,1,0.067409,0
D_0001341670,1,0.199328,1
D_0001341754,1,0.957153,1
D_0001342993,0,0.968534,1
D_0001343140,1,0.447430,1
D_0001343203,1,0.977832,1
D_0001344379,0,0.667190,1
D_0001344505,0,0.082318,0
D_0001345009,1,0.983383,1
D_0001345240,0,0.148112,0
D_0001345366,0,0.010319,0
D_0001345534,1,0.228768,1
D_0001345828,0,0.168306,1
D_0001346038,0,0.167918,1
D_0001346374,0,0.160367,1
D_0001346542,0,0.126121,0
D_0001346563,0,0.041341,0
D_0001346626,1,0.966152,1
D_0001346689,0,0.162379,1
D_0001347088,1,0.144537,0
D_0001347424,0,0.147969,0
D_0001347529,1,0.544950,1
D_0001347613,0,0.111230,0
D_0001348159,1,0.711967,1
D_0001348201,1,0.985887,1
D_0001348642,0,0.811053,1
D_0001348957,1,0.973462,1
D_0001349167,0,0.069917,0
D_0001349965,1,0.980619,1
D_0001350049,0,0.012867,0
D_0001350448,0,0.156809,1
D_0001351225,1,0.984273,1
D_0001351876,1,0.062174,0
D_0001352044,0,0.061699,0
D_0001352149,0,0.136770,0
D_0001352191,1,0.992080,1
D_0001352464,1,0.989412,1
D_0001352821,0,0.054922,0
D_0001353325,1,0.992976,1
D_0001353514,1,0.954412,1
D_0001354501,1,0.962749,1
D_0001355110,0,0.769209,1
D_0001355341,0,0.046571,0
D_0001356370,0,0.120992,0
D_0001356454,0,0.104760,0
D_0001356517,0,0.049381,0
D_0001356916,1,0.991961,1
D_0001357063,1,0.995519,1
D_0001357357,1,0.083979,0
D_0001357756,1,0.983973,1
D_0001358071,1,0.998196,1
D_0001358533,1,0.993004,1
D_0001359121,0,0.133354,0
D_0001359541,1,0.946473,1
D_0001359583,0,0.067661,0
D_0001359604,1,0.263624,1
D_0001359835,0,0.060440,0
D_0001361158,1,0.988697,1
D_0001361452,1,0.906878,1
D_0001361683,1,0.990020,1
D_0001361704,0,0.065573,0
D_0001361851,1,0.438423,1
D_0001362754,1,0.981767,1
D_0001364077,1,0.982885,1
D_0001364329,1,0.996437,1
D_0001364350,0,0.114790,0
D_0001364665,0,0.047558,0
D_0001365631,1,0.991212,1
D_0001366051,0,0.004381,0
D_0001366240,1,0.991326,1
D_0001366471,1,0.120879,0
D_0001366597,1,0.141664,0
D_0001366723,0,0.058500,0
D_0001366849,0,0.073907,0
D_0001367353,0,0.059053,0
D_0001367752,1,0.909428,1
D_0001367815,1,0.993221,1
D_0001368991,0,0.091684,0
D_0001369558,0,0.063392,0
D_0001369726,1,0.976531,1
D_0001369747,0,0.171358,1
D_0001370209,0,0.105989,0
D_0001370398,0,0.058723,0
D_0001370524,0,0.094619,0
D_0001370902,1,0.896201,1
D_0001371574,1,0.329102,1
D_0001371784,1,0.327499,1
D_0001371973,1,0.709800,1
D_0001372267,0,0.028318,0
D_0001372792,1,0.989121,1
D_0001373233,1,0.972514,1
D_0001373338,1,0.989286,1
D_0001373632,1,0.992578,1
D_0001373674,1,0.978940,1
D_0001373800,1,0.191058,1
D_0001374094,0,0.097108,0
D_0001374178,1,0.981744,1
D_0001374367,0,0.057357,0
D_0001374493,1,0.904488,1
D_0001374535,1,0.995715,1
D_0001375207,0,0.034470,0
D_0001375690,0,0.045911,0
D_0001376236,1,0.126099,0
D_0001376425,1,0.996708,1
D_0001376446,1,0.992731,1
D_0001376488,1,0.190715,1
D_0001376782,0,0.053587,0
D_0001376971,0,0.018153,0
D_0001377034,0,0.040401,0
D_0001377202,1,0.312718,1
D_0001377475,0,0.292344,1
D_0001377832,1,0.892442,1
D_0001377916,0,0.049488,0
D_0001377979,0,0.040694,0
D_0001378189,0,0.046832,0
D_0001378378,0,0.016585,0
D_0001379008,0,0.042949,0
D_0001379092,0,0.036552,0
D_0001379218,1,0.989748,1
D_0001379260,1,0.985595,1
D_0001379302,1,0.989702,1
D_0001379386,0,0.406300,1
D_0001379638,1,0.998461,1
D_0001380898,1,0.010686,0
D_0001380940,1,0.993553,1
D_0001381024,0,0.380944,1
D_0001381045,1,0.874655,1
D_0001381318,1,0.141129,0
D_0001382179,1,0.986043,1
D_0001382326,0,0.084055,0
D_0001382494,1,0.987823,1
D_0001382599,1,0.989069,1
D_0001382746,0,0.108492,0
D_0001383082,1,0.965036,1
D_0001383985,1,0.997122,1
D_0001384762,0,0.024453,0
D_0001384993,1,0.624302,1
D_0001385182,1,0.993378,1
D_0001385497,0,0.076309,0
D_0001385749,1,0.995601,1
D_0001386085,0,0.057600,0
D_0001386442,1,0.074159,0
D_0001386631,0,0.070378,0
D_0001387114,1,0.986240,1
D_0001387135,1,0.998592,1
D_0001388353,1,0.851704,1
D_0001388626,0,0.083784,0
D_0001388836,0,0.039230,0
D_0001389067,0,0.013158,0
D_0001389298,0,0.743128,1
D_0001389319,0,0.020411,0
D_0001389970,0,0.009577,0
D_0001390075,0,0.087295,0
D_0001390117,0,0.218481,1
D_0001390390,1,0.995760,1
D_0001390495,0,0.043602,0
D_0001390915,1,0.064728,0
D_0001390999,1,0.992447,1
D_0001391020,0,0.227550,1
D_0001391335,0,0.165799,1
D_0001392217,1,0.992835,1
D_0001392469,1,0.841624,1
D_0001392847,0,0.072099,0
D_0001393183,1,0.952103,1
D_0001393981,1,0.410307,1
D_0001394128,0,0.053554,0
D_0001394611,0,0.037639,0
D_0001394674,0,0.005433,0
D_0001395367,1,0.928326,1
D_0001395388,1,0.997198,1
D_0001396060,0,0.104226,0
D_0001396165,0,0.024617,0
D_0001396396,1,0.976869,1
D_0001396816,0,0.097800,0
D_0001397299,1,0.097060,0
D_0001397698,1,0.991410,1
D_0001397719,1,0.986705,1
D_0001397866,1,0.980444,1
D_0001398664,1,0.992492,1
D_0001398769,0,0.045474,0
D_0001398811,0,0.077320,0
D_0001398832,1,0.230564,1
D_0001398937,0,0.023649,0
D_0001399000,0,0.054457,0
D_0001399357,0,0.124626,0
D_0001399903,0,0.036160,0
D_0001400449,1,0.230906,1
D_0001400491,1,0.996416,1
D_0001400701,0,0.171445,1
D_0001400806,1,0.992365,1
D_0001401436,1,0.994334,1
D_0001401562,0,0.008775,0
D_0001401730,0,0.033590,0
D_0001402087,0,0.012589,0
D_0001402822,1,0.996403,1
D_0001402885,0,0.012449,0
D_0001402990,1,0.999187,1
D_0001403326,1,0.993893,1
D_0001404124,1,0.107772,0
D_0001404691,0,0.042770,0
D_0001405006,0,0.449862,1
D_0001405090,1,0.093694,0
D_0001406140,0,0.047900,0
D_0001406644,1,0.944339,1
D_0001406875,0,0.108707,0
D_0001407232,0,0.030766,0
D_0001407379,0,0.088484,0
D_0001407400,0,0.091579,0
D_0001407694,1,0.986219,1
D_0001407757,1,0.971481,1
D_0001407799,1,0.989123,1
D_0001407820,0,0.045042,0
D_0001408177,0,0.078734,0
D_0001408282,1,0.893208,1
D_0001408429,0,0.119314,0
D_0001409290,1,0.751080,1
D_0001409374,0,0.067270,0
D_0001409626,1,0.993608,1
D_0001409836,1,0.976712,1
D_0001409878,1,0.200740,1
D_0001410172,0,0.051372,0
D_0001410382,1,0.992936,1
D_0001410592,0,0.089231,0
D_0001410760,1,0.991926,1
D_0001411264,0,0.019174,0
D_0001411411,1,0.988792,1
D_0001411642,1,0.990535,1
D_0001411747,0,0.142319,0
D_0001411831,0,0.041857,0
D_0001412083,0,0.104113,0
D_0001412986,0,0.048189,0
D_0001413448,1,0.986341,1
D_0001413595,1,0.989915,1
D_0001414393,1,0.984442,1
D_0001414477,1,0.965810,1
D_0001414624,0,0.155356,1
D_0001414729,0,0.073807,0
D_0001415338,1,0.997743,1
D_0001415485,0,0.971755,1
D_0001415884,0,0.127536,0
D_0001415905,0,0.036515,0
D_0001415989,0,0.133726,0
D_0001416010,0,0.028072,0
D_0001416472,1,0.999821,1
D_0001416661,1,0.993181,1
D_0001417249,1,0.930372,1
D_0001417333,0,0.191662,1
D_0001417942,1,0.224620,1
D_0001417963,1,0.999011,1
D_0001418236,1,0.467282,1
D_0001419286,1,0.990649,1
D_0001420399,0,0.121432,0
D_0001420525,1,0.156257,1
D_0001420630,1,0.992298,1
D_0001421071,1,0.991411,1
D_0001421092,0,0.041041,0
D_0001421512,0,0.130319,0
D_0001421680,1,0.996678,1
D_0001421869,1,0.234757,1
D_0001421953,1,0.163402,1
D_0001422520,1,0.992726,1
D_0001422625,1,0.991166,1
D_0001422667,1,0.969594,1
D_0001423192,1,0.963760,1
D_0001423423,0,0.084048,0
D_0001423528,1,0.028548,0
D_0001423675,1,0.999577,1
D_0001423696,1,0.986381,1
D_0001423948,0,0.113432,0
D_0001423990,0,0.027528,0
D_0001424179,0,0.339872,1
D_0001425271,1,0.983281,1
D_0001425460,1,0.992719,1
D_0001426363,1,0.990373,1
D_0001426993,0,0.081735,0
D_0001427140,0,0.047756,0
D_0001427350,0,0.245134,1
D_0001427623,1,0.960676,1
D_0001427959,0,0.041658,0
D_0001428001,1,0.897774,1
D_0001428946,0,0.072907,0
D_0001429387,0,0.957541,1
D_0001429933,1,0.992248,1
D_0001430395,1,0.901244,1
D_0001430500,0,0.049149,0
D_0001430542,1,0.989344,1
D_0001430584,0,0.187187,1
D_0001430815,1,0.990139,1
D_0001430836,1,0.420862,1
D_0001431361,0,0.030176,0
D_0001431571,0,0.036960,0
D_0001431655,1,0.990538,1
D_0001431760,1,0.989611,1
D_0001431802,1,0.060038,0
D_0001432096,0,0.166324,1
D_0001433314,0,0.051477,0
D_0001433398,1,0.144686,0
D_0001433881,0,0.366932,1
D_0001434112,1,0.154385,1
D_0001434133,1,0.990358,1
D_0001434427,1,0.982111,1
D_0001434658,0,0.036807,0
D_0001435624,0,0.040948,0
D_0001435645,1,0.989326,1
D_0001435666,0,0.050384,0
D_0001435960,0,0.083254,0
D_0001435981,1,0.984999,1
D_0001436548,0,0.042372,0
D_0001436590,0,0.029980,0
D_0001436695,0,0.015323,0
D_0001436737,0,0.141031,0
D_0001436779,1,0.997743,1
D_0001436968,0,0.081010,0
D_0001437325,1,0.702313,1
D_0001438585,1,0.145559,0
D_0001438942,1,0.960400,1
D_0001438984,0,0.133708,0
D_0001439131,1,0.961422,1
D_0001439656,1,0.991789,1
D_0001439740,1,0.992008,1
D_0001439908,0,0.079532,0
D_0001441126,1,0.132632,0
D_0001441357,0,0.107066,0
D_0001441420,1,0.989368,1
D_0001441462,1,0.989727,1
D_0001441882,1,0.969418,1
D_0001442281,1,0.995261,1
D_0001442680,0,0.032693,0
D_0001443310,0,0.111043,0
D_0001443352,0,0.084959,0
D_0001443520,1,0.726094,1
D_0001443940,1,0.120655,0
D_0001444003,1,0.980856,1
D_0001444213,1,0.951979,1
D_0001444633,0,0.108193,0
D_0001444717,1,0.990448,1
D_0001445809,1,0.970437,1
D_0001446250,1,0.249790,1
D_0001446691,1,0.494864,1
D_0001446733,1,0.990331,1
D_0001446964,1,0.988697,1
D_0001447804,1,0.993905,1
D_0001447909,1,0.475313,1
D_0001448329,0,0.106768,0
D_0001449085,1,0.993156,1
D_0001449652,1,0.987292,1
D_0001450408,0,0.114390,0
D_0001450723,0,0.071573,0
D_0001451521,1,0.993246,1
D_0001451668,0,0.022897,0
D_0001452067,0,0.057622,0
D_0001452214,1,0.963594,1
D_0001452340,0,0.257026,1
D_0001453096,0,0.079068,0
D_0001453222,1,0.989613,1
D_0001453432,1,0.995637,1
D_0001453474,1,0.992939,1
D_0001453621,1,0.235334,1
D_0001453978,0,0.140379,0
D_0001454062,1,0.135562,0
D_0001454104,0,0.011236,0
D_0001454314,1,0.989529,1
D_0001454524,1,0.973839,1
D_0001454629,0,0.039596,0
D_0001455028,0,0.114294,0
D_0001455574,1,0.393025,1
D_0001455952,1,0.380840,1
D_0001456267,1,0.965101,1
D_0001456456,1,0.667701,1
D_0001456519,1,0.913618,1
D_0001456813,1,0.987291,1
D_0001456918,1,0.987803,1
D_0001457191,0,0.150407,1
D_0001457422,0,0.021143,0
D_0001457485,1,0.087970,0
D_0001457800,0,0.027002,0
D_0001457842,1,0.993936,1
D_0001458052,1,0.995752,1
D_0001458115,1,0.173640,1
D_0001458409,0,0.045334,0
D_0001458577,0,0.995115,1
D_0001459249,0,0.025188,0
D_0001459270,1,0.996054,1
D_0001459438,1,0.205298,1
D_0001459816,1,0.964272,1
D_0001459963,0,0.278538,1
D_0001460089,1,0.992310,1
D_0001460131,1,0.990421,1
D_0001461412,0,0.289646,1
D_0001461517,1,0.985608,1
D_0001461895,0,0.963026,1
D_0001462021,0,0.176258,1
D_0001462441,1,0.993392,1
D_0001462483,1,0.925752,1
D_0001462504,1,0.994087,1
D_0001462861,1,0.984817,1
D_0001462966,1,0.982591,1
D_0001463092,0,0.111788,0
D_0001463134,1,0.972436,1
D_0001463869,1,0.112566,0
D_0001463911,1,0.117443,0
D_0001464583,0,0.277597,1
D_0001464856,0,0.169881,1
D_0001465045,0,0.056071,0
D_0001465171,0,0.078126,0
D_0001465381,0,0.022679,0
D_0001465549,0,0.971625,1
D_0001465633,0,0.043017,0
D_0001466221,1,0.679795,1
D_0001466746,0,0.122205,0
D_0001466998,0,0.164576,1
D_0001467292,1,0.994395,1
D_0001467670,0,0.980754,1
D_0001468363,1,0.994402,1
D_0001468426,1,0.082555,0
D_0001468657,0,0.068824,0
D_0001468930,0,0.244036,1
D_0001469224,1,0.103799,0
D_0001469350,1,0.991893,1
D_0001469497,1,0.982195,1
D_0001469623,0,0.045572,0
D_0001469854,1,0.106305,0
D_0001470106,0,0.092508,0
D_0001470547,1,0.196745,1
D_0001471135,0,0.129950,0
D_0001471324,1,0.994345,1
D_0001471975,1,0.982201,1
D_0001472248,0,0.033622,0
D_0001472500,0,0.051818,0
D_0001472878,1,0.986140,1
D_0001472962,1,0.959660,1
D_0001473151,0,0.058770,0
D_0001473424,0,0.939342,1
D_0001473550,1,0.983464,1
D_0001474180,0,0.149610,1
D_0001474201,0,0.091681,0
D_0001474327,0,0.057238,0
D_0001474432,1,0.999878,1
D_0001474453,0,0.027177,0
D_0001474621,1,0.994452,1
D_0001474999,1,0.960195,1
D_0001475692,0,0.067016,0
D_0001475776,1,0.994826,1
D_0001475839,1,0.314675,1
D_0001476007,0,0.040747,0
D_0001476070,0,0.597184,1
D_0001476301,0,0.114172,0
D_0001477267,1,0.983661,1
D_0001477477,1,0.994955,1
D_0001477708,0,0.054963,0
D_0001477771,1,0.129167,0
D_0001478107,1,0.113371,0
D_0001478359,0,0.983316,1
D_0001479241,0,0.096341,0
D_0001479304,0,0.086322,0
D_0001479955,0,0.017250,0
D_0001480081,0,0.208232,1
D_0001480291,0,0.027372,0
D_0001480333,1,0.980758,1
D_0001480459,1,0.905845,1
D_0001480480,1,0.323579,1
D_0001480690,0,0.020396,0
D_0001480858,1,0.981494,1
D_0001481635,0,0.104161,0
D_0001482097,0,0.003613,0
D_0001482265,0,0.039241,0
D_0001482496,1,0.240619,1
D_0001482622,1,0.980292,1
D_0001482769,0,0.208295,1
D_0001482937,1,0.993826,1
D_0001482979,1,0.990511,1
D_0001483168,0,0.134965,0
D_0001483231,1,0.172403,1
D_0001483420,0,0.137031,0
D_0001483819,0,0.124295,0
D_0001484071,0,0.080511,0
D_0001484134,1,0.965202,1
D_0001484197,1,0.983384,1
D_0001484533,1,0.982662,1
D_0001484596,1,0.990041,1
D_0001484806,1,0.968036,1
D_0001485247,1,0.987296,1
D_0001486276,1,0.722942,1
D_0001486696,1,0.984384,1
D_0001486885,0,0.152649,1
D_0001487032,1,0.066630,0
D_0001487221,0,0.042245,0
D_0001487326,0,0.065430,0
D_0001487536,0,0.159601,1
D_0001487599,1,0.993517,1
D_0001487746,1,0.982854,1
D_0001487914,1,0.766365,1
D_0001488061,0,0.056627,0
D_0001488208,0,0.064269,0
D_0001488481,0,0.039117,0
D_0001489090,0,0.088072,0
D_0001489111,1,0.990457,1
D_0001489237,1,0.994207,1
D_0001489447,1,0.076871,0
D_0001489762,0,0.033083,0
D_0001489951,0,0.088674,0
D_0001490098,1,0.993562,1
D_0001490119,0,0.098607,0
D_0001490602,1,0.994024,1
D_0001491337,0,0.100331,0
D_0001491379,0,0.163460,1
D_0001491400,1,0.950480,1
D_0001491757,0,0.044439,0
D_0001492345,0,0.036570,0
D_0001493374,0,0.011227,0
D_0001493416,1,0.082937,0
D_0001493626,1,0.995166,1
D_0001493731,0,0.103467,0
D_0001494025,1,0.999977,1
D_0001494613,1,0.758384,1
D_0001494718,0,0.063566,0
D_0001494802,1,0.990789,1
D_0001494907,1,0.989579,1
D_0001495138,1,0.239043,1
D_0001495516,0,0.048666,0
D_0001495600,1,0.993955,1
D_0001496083,0,0.040678,0
D_0001496230,1,0.996222,1
D_0001496818,0,0.075379,0
D_0001497805,0,0.187977,1
D_0001498372,0,0.040405,0
D_0001498414,1,0.993014,1
D_0001498687,1,0.169469,1
D_0001498771,1,0.994716,1
D_0001498855,0,0.027749,0
D_0001498981,1,0.975159,1
D_0001499128,1,0.974288,1
D_0001499653,1,0.578470,1
D_0001499989,1,0.964509,1
D_0001500073,0,0.226618,1
D_0001500346,1,0.949711,1
D_0001500493,1,0.216328,1
D_0001500535,0,0.024170,0
D_0001500850,1,0.984880,1
D_0001501018,1,0.981465,1
D_0001501102,1,0.767437,1
D_0001501186,1,0.998737,1
D_0001501795,0,0.041242,0
D_0001502194,0,0.011856,0
D_0001502341,0,0.048078,0
D_0001503055,1,0.980104,1
D_0001503118,1,0.991429,1
D_0001503181,1,0.979793,1
D_0001503307,1,0.985913,1
D_0001503391,1,0.994441,1
D_0001503895,1,0.080833,0
D_0001504063,0,0.020229,0
D_0001504630,1,0.942333,1
D_0001505176,0,0.194613,1
D_0001505407,1,0.989595,1
D_0001505470,0,0.044767,0
D_0001505848,0,0.248797,1
D_0001506247,1,0.126549,0
D_0001506478,1,0.987058,1
D_0001506562,0,0.096421,0
D_0001506646,1,0.977150,1
D_0001506835,1,0.978254,1
D_0001506919,1,0.994988,1
D_0001506961,0,0.053514,0
D_0001507213,0,0.008700,0
D_0001507486,1,0.995418,1
D_0001507717,1,0.375091,1
D_0001507822,0,0.039646,0
D_0001508179,0,0.279947,1
D_0001508326,1,0.990379,1
D_0001508830,1,0.987092,1
D_0001509103,1,0.383800,1
D_0001509376,1,0.978986,1
D_0001509418,0,0.031973,0
D_0001509817,0,0.025432,0
D_0001510048,0,0.430353,1
D_0001510489,0,0.034355,0
D_0001510825,1,0.100910,0
D_0001510909,0,0.152785,1
D_0001511455,0,0.095407,0
D_0001511518,0,0.022235,0
D_0001512211,0,0.136076,0
D_0001512589,0,0.121104,0
D_0001512652,1,0.168413,1
D_0001513555,0,0.090325,0
D_0001513933,1,0.993036,1
D_0001514353,1,0.989215,1
D_0001514731,0,0.048662,0
D_0001515193,0,0.073767,0
D_0001515256,1,0.235540,1
D_0001515277,0,0.043003,0
D_0001515613,0,0.028401,0
D_0001515655,1,0.988564,1
D_0001515907,0,0.914548,1
D_0001515970,1,0.629903,1
D_0001516117,0,0.164607,1
D_0001516264,0,0.060048,0
D_0001516348,0,0.090009,0
D_0001516369,1,0.055838,0
D_0001516642,1,0.998792,1
D_0001516705,0,0.044309,0
D_0001516726,0,0.214321,1
D_0001517062,1,0.038293,0
D_0001517797,0,0.042237,0
D_0001518007,1,0.161868,1
D_0001518091,1,0.600852,1
D_0001518511,1,0.024132,0
D_0001518532,1,0.977995,1
D_0001519036,1,0.285554,1
D_0001519834,1,0.991524,1
D_0001519855,0,0.017410,0
D_0001519918,0,0.168342,1
D_0001520023,1,0.988344,1
D_0001520191,0,0.062475,0
D_0001520653,0,0.015649,0
D_0001520737,0,0.976513,1
D_0001520884,0,0.038606,0
D_0001521052,1,0.995917,1
D_0001521073,0,0.121021,0
D_0001521199,0,0.138254,0
D_0001521451,1,0.987657,1
D_0001522417,0,0.081694,0
D_0001522963,0,0.128672,0
D_0001523404,1,0.939048,1
D_0001523509,0,0.118458,0
D_0001523971,0,0.117693,0
D_0001524580,1,0.986983,1
D_0001524727,1,0.986642,1
D_0001524811,1,0.992945,1
D_0001524916,1,0.979511,1
D_0001525000,0,0.153875,1
D_0001525021,0,0.098583,0
D_0001525336,0,0.037061,0
D_0001525567,1,0.172352,1
D_0001525609,1,0.978360,1
D_0001526176,1,0.984263,1
D_0001526512,1,0.961071,1
D_0001527163,1,0.410785,1
D_0001527310,1,0.981396,1
D_0001527478,0,0.006026,0
D_0001527751,1,0.989694,1
D_0001528171,1,0.211862,1
D_0001528276,0,0.049067,0
D_0001528402,1,0.268323,1
D_0001528675,0,0.716792,1
D_0001528717,1,0.138593,0
D_0001529389,1,0.995171,1
D_0001529725,0,0.074253,0
D_0001529998,1,0.995775,1
D_0001530103,0,0.368224,1
D_0001530754,1,0.475027,1
D_0001530901,1,0.979687,1
D_0001531174,1,0.994579,1
D_0001531216,0,0.167517,1
D_0001531300,1,0.183353,1
D_0001531846,0,0.107640,0
D_0001532056,1,0.828553,1
D_0001532098,1,0.967737,1
D_0001532371,1,0.976646,1
D_0001532728,0,0.078375,0
D_0001532749,1,0.091042,0
D_0001532854,1,0.994233,1
D_0001532980,1,0.998913,1
D_0001533169,0,0.029325,0
D_0001533232,1,0.999761,1
D_0001533505,0,0.075752,0
D_0001533568,1,0.222594,1
D_0001534408,1,0.202899,1
D_0001534576,1,0.994315,1
D_0001534660,0,0.077346,0
D_0001535185,0,0.106769,0
D_0001535437,1,0.982839,1
D_0001535458,0,0.030405,0
D_0001535941,1,0.118847,0
D_0001538167,1,0.057189,0
D_0001538419,0,0.019075,0
D_0001538860,0,0.023473,0
D_0001538923,1,0.073027,0
D_0001539217,1,0.993720,1
D_0001539343,1,0.226096,1
D_0001539448,0,0.021920,0
D_0001539784,1,0.999403,1
D_0001540036,0,0.061979,0
D_0001540414,0,0.183014,1
D_0001540582,1,0.991763,1
D_0001541233,1,0.999265,1
D_0001541674,0,0.046210,0
D_0001541779,1,0.989685,1
D_0001541884,0,0.906539,1
D_0001542073,1,0.989107,1
D_0001542199,0,0.051239,0
D_0001542241,0,0.271831,1
D_0001542640,0,0.027639,0
D_0001542745,0,0.037608,0
D_0001543081,0,0.022626,0
D_0001543270,0,0.029883,0
D_0001543711,1,0.985720,1
D_0001543816,0,0.039334,0
D_0001544572,0,0.132700,0
D_0001545160,1,0.178716,1
D_0001545223,1,0.977981,1
D_0001545454,0,0.088745,0
D_0001545685,1,0.163677,1
D_0001545874,1,0.703674,1
D_0001545895,1,0.088979,0
D_0001546063,1,0.999997,1
D_0001546693,1,0.968115,1
D_0001546777,1,0.976404,1
D_0001546840,0,0.035942,0
D_0001547050,1,0.174295,1
D_0001547260,0,0.054957,0
D_0001547281,1,0.992886,1
D_0001547428,1,0.998505,1
D_0001547533,1,0.849476,1
D_0001548121,1,0.989635,1
D_0001548205,1,0.976599,1
D_0001548436,0,0.094633,0
D_0001548499,1,0.992967,1
D_0001548814,1,0.994997,1
D_0001549927,1,0.974311,1
D_0001550263,1,0.698694,1
D_0001550977,1,0.994681,1
D_0001551544,1,0.069524,0
D_0001551565,0,0.082073,0
D_0001551586,1,0.941531,1
D_0001551838,1,0.074387,0
D_0001551901,0,0.111341,0
D_0001551964,1,0.996737,1
D_0001552195,1,0.994276,1
D_0001552720,1,0.989441,1
D_0001552741,1,0.996521,1
D_0001552846,1,0.930973,1
D_0001552972,0,0.080845,0
D_0001553266,1,0.993567,1
D_0001553392,1,0.134764,0
D_0001553518,1,0.887500,1
D_0001553623,1,0.972298,1
D_0001554967,0,0.051442,0
D_0001554988,0,0.140916,0
D_0001555219,0,0.045598,0
D_0001555513,0,0.028121,0
D_0001555681,1,0.994916,1
D_0001556374,1,0.967038,1
D_0001557256,1,0.997024,1
D_0001557949,1,0.046465,0
D_0001558243,0,0.111198,0
D_0001559062,0,0.130087,0
D_0001559293,1,0.979787,1
D_0001560616,1,0.992872,1
D_0001560847,0,0.121619,0
D_0001561288,1,0.972311,1
D_0001561309,1,0.869248,1
D_0001561330,1,0.990389,1
D_0001561351,0,0.086003,0
D_0001561771,1,0.996104,1
D_0001562023,1,0.977320,1
D_0001562128,0,0.199262,1
D_0001562296,1,0.861326,1
D_0001562401,1,0.147400,0
D_0001562737,0,0.081519,0
D_0001563535,0,0.173689,1
D_0001563598,0,0.016009,0
D_0001563619,1,0.990664,1
D_0001563808,1,0.140744,0
D_0001564081,1,0.998369,1
D_0001564270,1,0.953955,1
D_0001564417,1,0.989298,1
D_0001565341,0,0.033302,0
D_0001565761,0,0.107785,0
D_0001565908,0,0.043072,0
D_0001566076,1,0.991914,1
D_0001566181,0,0.150263,1
D_0001567189,1,0.988474,1
D_0001567819,0,0.066179,0
D_0001568239,1,0.993411,1
D_0001568365,1,0.068146,0
D_0001568638,1,0.999565,1
D_0001568659,1,0.976212,1
D_0001568743,0,0.075116,0
D_0001568785,0,0.142670,0
D_0001568911,1,0.992425,1
D_0001569016,0,0.096351,0
D_0001569037,0,0.205642,1
D_0001569100,1,0.204626,1
D_0001569121,1,0.924331,1
D_0001569163,1,0.126961,0
D_0001569289,0,0.025553,0
D_0001569436,0,0.021222,0
D_0001569478,0,0.068168,0
D_0001569499,0,0.131216,0
D_0001570066,0,0.095227,0
D_0001570129,1,0.997948,1
D_0001570402,1,0.932275,1
D_0001570885,1,0.257818,1
D_0001571095,0,0.131826,0
D_0001571221,1,0.992119,1
D_0001571935,1,0.108090,0
D_0001572859,1,0.479156,1
D_0001572922,1,0.986943,1
D_0001573384,1,0.989317,1
D_0001573699,0,0.092475,0
D_0001573762,0,0.116738,0
D_0001573804,1,0.811767,1
D_0001573930,0,0.090919,0
D_0001574371,1,0.986938,1
D_0001575778,0,0.047507,0
D_0001575967,1,0.096068,0
D_0001576072,0,0.083931,0
D_0001576093,0,0.041047,0
D_0001576219,0,0.086060,0
D_0001576240,0,0.013901,0
D_0001576303,1,0.992156,1
D_0001576513,1,0.982383,1
D_0001576681,1,0.147323,0
D_0001576912,1,0.771883,1
D_0001576933,0,0.040765,0
D_0001577059,1,0.904096,1
D_0001577080,1,0.965266,1
D_0001577290,0,0.022752,0
D_0001577395,1,0.976659,1
D_0001577500,0,0.026239,0
D_0001577878,1,0.989809,1
D_0001577941,1,0.245049,1
D_0001578151,0,0.984590,1
D_0001578277,0,0.019552,0
D_0001578550,0,0.159369,1
D_0001578613,0,0.038855,0
D_0001578718,0,0.082372,0
D_0001579327,1,0.156863,1
D_0001579348,0,0.075895,0
D_0001579411,0,0.048274,0
D_0001579642,1,0.080002,0
D_0001579663,0,0.073646,0
D_0001580272,1,0.981114,1
D_0001580314,1,0.135129,0
D_0001580377,1,0.131363,0
D_0001580461,1,0.168127,1
D_0001580503,1,0.984060,1
D_0001580608,0,0.961124,1
D_0001580734,1,0.998362,1
D_0001581448,1,0.166799,1
D_0001581469,0,0.269636,1
D_0001581532,1,0.693901,1
D_0001581553,0,0.189721,1
D_0001581574,0,0.031777,0
D_0001582078,1,0.024492,0
D_0001582435,1,0.995267,1
D_0001582477,1,0.358347,1
D_0001583254,0,0.060023,0
D_0001583884,1,0.969506,1
D_0001583905,0,0.114581,0
D_0001584178,1,0.993287,1
D_0001584388,0,0.031064,0
D_0001584451,0,0.119207,0
D_0001584472,1,0.178541,1
D_0001584556,0,0.034772,0
D_0001584682,0,0.035021,0
D_0001584892,0,0.053339,0
D_0001585249,0,0.077757,0
D_0001585879,1,0.698882,1
D_0001586425,0,0.026859,0
D_0001586530,0,0.086254,0
D_0001586572,0,0.049483,0
D_0001586740,0,0.126507,0
D_0001586782,0,0.064308,0
D_0001587328,0,0.060619,0
D_0001587496,0,0.014262,0
D_0001587580,1,0.993788,1
D_0001587769,1,0.990971,1
D_0001587895,1,0.896135,1
D_0001588126,0,0.043230,0
D_0001588336,1,0.996833,1
D_0001588441,1,0.988277,1
D_0001588546,1,0.999948,1
D_0001588924,0,0.071585,0
D_0001589113,0,0.093756,0
D_0001589617,1,0.191280,1
D_0001589680,0,0.101109,0
D_0001590247,1,0.990614,1
D_0001590331,0,0.089050,0
D_0001590730,0,0.026930,0
D_0001591108,1,0.051945,0
D_0001591381,0,0.168619,1
D_0001591444,0,0.023164,0
D_0001592221,1,0.043547,0
D_0001592347,1,0.997004,1
D_0001592578,0,0.045944,0
D_0001593166,1,0.217158,1
D_0001593418,0,0.097633,0
D_0001593439,1,0.052327,0
D_0001593628,1,0.990600,1
D_0001593691,0,0.024446,0
D_0001594174,1,0.989297,1
D_0001594804,1,0.987252,1
D_0001595035,0,0.064852,0
D_0001595875,0,0.087523,0
D_0001596358,1,0.998058,1
D_0001596631,0,0.107248,0
D_0001597513,1,0.942868,1
D_0001597723,0,0.045982,0
D_0001598080,0,0.237828,1
D_0001598143,1,0.999973,1
D_0001598164,0,0.101634,0
D_0001598437,1,0.978662,1
D_0001598668,1,0.994791,1
D_0001598710,1,0.991265,1
D_0001598815,1,0.980809,1
D_0001598836,1,0.978035,1
D_0001598941,0,0.023662,0
D_0001599046,1,0.095980,0
D_0001599193,0,0.078284,0
D_0001599256,1,0.991432,1
D_0001599319,1,0.958206,1
D_0001599634,0,0.203642,1
D_0001600663,1,0.984134,1
D_0001600768,0,0.160482,1
D_0001601335,1,0.978443,1
D_0001601419,0,0.115214,0
D_0001601671,0,0.060002,0
D_0001601797,0,0.086378,0
D_0001602154,1,0.075555,0
D_0001603078,0,0.017462,0
D_0001603435,0,0.051200,0
D_0001603477,1,0.088226,0
D_0001603498,0,0.115654,0
D_0001603582,1,0.586671,1
D_0001603687,1,0.995905,1
D_0001604065,1,0.159653,1
D_0001604254,1,0.999743,1
D_0001604317,0,0.085759,0
D_0001604884,1,0.993743,1
D_0001604926,0,0.139252,0
D_0001605031,0,0.659554,1
D_0001605073,1,0.988503,1
D_0001605241,1,0.984769,1
D_0001606564,0,0.036736,0
D_0001606711,0,0.955355,1
D_0001606774,0,0.032767,0
D_0001607005,0,0.687481,1
D_0001607236,0,0.938732,1
D_0001607257,1,0.043334,0
D_0001607404,0,0.092154,0
D_0001607509,0,0.027436,0
D_0001608076,1,0.393498,1
D_0001608286,0,0.113764,0
D_0001608643,1,0.973668,1
D_0001608769,1,0.998021,1
D_0001608958,0,0.037499,0
D_0001609420,1,0.992411,1
D_0001610071,0,0.090391,0
D_0001610281,0,0.059792,0
D_0001610890,0,0.085337,0
D_0001611352,0,0.066990,0
D_0001611520,1,0.991990,1
D_0001612297,0,0.043939,0
D_0001612423,0,0.032119,0
D_0001613011,0,0.006524,0
D_0001613095,1,0.994054,1
D_0001613116,1,0.996255,1
D_0001614082,1,0.999999,1
D_0001614418,0,0.035330,0
D_0001614544,1,0.165481,1
D_0001614775,0,0.064310,0
D_0001614859,1,0.619205,1
D_0001614922,0,0.713768,1
D_0001615006,1,0.996503,1
D_0001615573,0,0.053177,0
D_0001615594,0,0.065065,0
D_0001615699,0,0.133158,0
D_0001615888,0,0.966110,1
D_0001615930,0,0.159001,1
D_0001616119,1,0.995317,1
D_0001616539,0,0.104907,0
D_0001616686,1,0.983389,1
D_0001616770,1,0.131304,0
D_0001617862,1,0.992551,1
D_0001617967,1,0.987786,1
D_0001618198,1,0.982685,1
D_0001618450,1,0.976651,1
D_0001618702,0,0.059490,0
D_0001618975,1,0.981611,1
D_0001618996,1,0.150777,1
D_0001619164,0,0.155652,1
D_0001619185,1,0.429199,1
D_0001619353,0,0.038205,0
D_0001619416,0,0.190999,1
D_0001620088,1,0.063941,0
D_0001620193,1,0.993372,1
D_0001620340,0,0.028402,0
D_0001620403,0,0.095220,0
D_0001620739,0,0.050309,0
D_0001620970,0,0.036287,0
D_0001621516,1,0.625311,1
D_0001621621,1,0.993490,1
D_0001621705,0,0.072114,0
D_0001621810,0,0.093612,0
D_0001621852,0,0.105811,0
D_0001622272,0,0.129128,0
D_0001622440,1,0.994668,1
D_0001622482,1,0.991994,1
D_0001622524,1,0.420636,1
D_0001622566,0,0.074723,0
D_0001622881,1,0.109266,0
D_0001623028,1,0.139100,0
D_0001623217,1,0.987876,1
D_0001623553,1,0.432025,1
D_0001624015,0,0.073942,0
D_0001624561,1,0.977559,1
D_0001624645,1,0.238115,1
D_0001624750,0,0.134830,0
D_0001625023,0,0.030869,0
D_0001625107,0,0.072313,0
D_0001625338,0,0.247493,1
D_0001625800,1,0.108839,0
D_0001625884,0,0.087837,0
D_0001625926,0,0.024703,0
D_0001626199,0,0.085223,0
D_0001626766,1,0.991016,1
D_0001627165,1,0.984961,1
D_0001627879,1,0.990843,1
D_0001628068,0,0.139226,0
D_0001628446,0,0.065880,0
D_0001628614,1,0.089306,0
D_0001628677,0,0.334163,1
D_0001628971,1,0.112615,0
D_0001629181,1,0.996671,1
D_0001629475,0,0.119310,0
D_0001629769,0,0.090010,0
D_0001629937,0,0.041242,0
D_0001630252,1,0.140208,0
D_0001630336,1,0.999940,1
D_0001630399,1,0.324077,1
D_0001630525,0,0.075023,0
D_0001630924,1,0.405931,1
D_0001631323,1,0.994891,1
D_0001631491,1,0.151150,1
D_0001631680,1,0.989300,1
D_0001631848,1,0.979086,1
D_0001632352,1,0.974817,1
D_0001632373,0,0.972379,1
D_0001632730,0,0.081605,0
D_0001632961,1,0.993368,1
D_0001633675,1,0.988913,1
D_0001634389,0,0.124039,0
D_0001635103,1,0.990328,1
D_0001635670,1,0.219011,1
D_0001635712,0,0.089815,0
D_0001635859,1,0.997062,1
D_0001636258,1,0.997562,1
D_0001636342,1,0.981905,1
D_0001636426,1,0.079687,0
D_0001636846,0,0.167040,1
D_0001637077,0,0.280571,1
D_0001637917,1,0.991609,1
D_0001638022,1,0.988001,1
D_0001638064,1,0.589559,1
D_0001638106,1,0.913958,1
D_0001638274,1,0.987045,1
D_0001638358,0,0.577916,1
D_0001638631,1,0.984400,1
D_0001638652,0,0.045423,0
D_0001639051,1,0.993868,1
D_0001639261,0,0.339369,1
D_0001639597,1,0.992362,1
D_0001639618,0,0.065127,0
D_0001639849,1,0.992688,1
D_0001640794,0,0.064176,0
D_0001640899,0,0.244300,1
D_0001640941,0,0.066314,0
D_0001640962,1,0.124653,0
D_0001641109,0,0.089619,0
D_0001641424,1,0.115470,0
D_0001641487,1,0.475631,1
D_0001641613,0,0.011831,0
D_0001641676,1,0.810346,1
D_0001641928,1,0.815186,1
D_0001642054,0,0.099850,0
D_0001642222,0,0.129070,0
D_0001642264,1,0.987715,1
D_0001642411,1,0.975693,1
D_0001642474,0,0.058218,0
D_0001642789,0,0.054019,0
D_0001644028,0,0.085530,0
D_0001644553,0,0.114504,0
D_0001644847,0,0.055208,0
D_0001644868,0,0.055044,0
D_0001645015,0,0.054274,0
D_0001645120,1,0.918029,1
D_0001645393,1,0.312701,1
D_0001645414,1,0.983468,1
D_0001646506,1,0.996178,1
D_0001646842,0,0.109286,0
D_0001646926,0,0.143276,0
D_0001646947,1,0.078835,0
D_0001647283,1,0.339328,1
D_0001647556,1,0.986636,1
D_0001647766,1,0.177275,1
D_0001648438,1,0.992243,1
D_0001649110,0,0.072594,0
D_0001649131,1,0.970401,1
D_0001649257,1,0.143803,0
D_0001649278,0,0.058684,0
D_0001649908,1,0.984058,1
D_0001650118,1,0.994644,1
D_0001650370,1,0.989502,1
D_0001650580,0,0.169511,1
D_0001650727,0,0.079286,0
D_0001650748,1,0.092282,0
D_0001651567,0,0.029068,0
D_0001652281,1,0.263791,1
D_0001652449,1,0.957170,1
D_0001652785,0,0.038982,0
D_0001653100,1,0.992519,1
D_0001653940,1,0.983458,1
D_0001654024,0,0.020438,0
D_0001654885,1,0.991282,1
D_0001655074,0,0.033161,0
D_0001655263,0,0.083643,0
D_0001656670,1,0.988959,1
D_0001657279,1,0.942739,1
D_0001657300,0,0.068894,0
D_0001657321,1,0.989957,1
D_0001657342,0,0.079714,0
D_0001657489,0,0.007663,0
D_0001657615,1,0.983620,1
D_0001658329,0,0.031774,0
D_0001658476,1,0.960269,1
D_0001658518,1,0.903392,1
D_0001658917,0,0.077613,0
D_0001658959,0,0.023137,0
D_0001659232,0,0.080548,0
D_0001659295,1,0.757842,1
D_0001659547,1,0.991437,1
D_0001659694,0,0.941036,1
D_0001660093,0,0.024155,0
D_0001660618,1,0.991743,1
D_0001660681,0,0.087383,0
D_0001661248,0,0.080040,0
D_0001661794,0,0.111570,0
D_0001662676,1,0.091934,0
D_0001662802,1,0.993237,1
D_0001662970,0,0.033381,0
D_0001663390,0,0.047035,0
D_0001663579,0,0.224910,1
D_0001663936,1,0.993850,1
D_0001664104,1,0.178471,1
D_0001664587,0,0.044376,0
D_0001665448,1,0.987035,1
D_0001665574,1,0.995963,1
D_0001665637,0,0.065361,0
D_0001665805,1,0.036075,0
D_0001666015,0,0.114262,0
D_0001666792,1,0.984738,1
D_0001666960,1,0.973906,1
D_0001667275,1,0.978077,1
D_0001667422,0,0.484972,1
D_0001667632,1,0.985935,1
D_0001668178,0,0.030937,0
D_0001668199,0,0.115634,0
D_0001668262,1,0.988378,1
D_0001668619,1,0.995977,1
D_0001668724,0,0.225252,1
D_0001669081,1,0.986840,1
D_0001669144,1,0.824227,1
D_0001669480,1,0.976067,1
D_0001670131,0,0.982486,1
D_0001670278,1,0.432475,1
D_0001670404,0,0.143907,0
D_0001670635,0,0.242271,1
D_0001671076,0,0.214902,1
D_0001671097,0,0.058198,0
D_0001671118,0,0.098998,0
D_0001671181,0,0.133194,0
D_0001671244,1,0.980251,1
D_0001671622,1,0.883346,1
D_0001672672,1,0.996962,1
D_0001672735,0,0.042998,0
D_0001673428,0,0.060929,0
D_0001673659,1,0.988781,1
D_0001673932,1,0.980607,1
D_0001674184,0,0.050794,0
D_0001674751,0,0.048148,0
D_0001674814,1,0.148537,0
D_0001675234,1,0.215274,1
D_0001675255,0,0.432501,1
D_0001675465,1,0.970913,1
D_0001675549,0,0.077336,0
D_0001675822,1,0.988807,1
D_0001676074,0,0.039568,0
D_0001676263,1,0.751307,1
D_0001676326,0,0.515483,1
D_0001676431,1,0.994780,1
D_0001676494,0,0.036665,0
D_0001676767,1,0.996572,1
D_0001677250,0,0.026110,0
D_0001677376,1,0.956338,1
D_0001677796,1,0.062716,0
D_0001678069,1,0.996421,1
D_0001678090,1,0.969194,1
D_0001678111,0,0.038452,0
D_0001678636,0,0.068951,0
D_0001679728,0,0.091261,0
D_0001680127,1,0.992147,1
D_0001680253,0,0.258399,1
D_0001680379,0,0.051956,0
D_0001680400,0,0.031130,0
D_0001680442,1,0.970944,1
D_0001680526,1,1.000000,1
D_0001680589,0,0.135706,0
D_0001680946,1,0.994662,1
D_0001681828,1,0.991266,1
D_0001681954,1,0.373733,1
D_0001682206,1,0.083793,0
D_0001682458,0,0.033001,0
D_0001682689,0,0.126313,0
D_0001683004,1,0.987636,1
D_0001683235,1,0.989972,1
D_0001683424,0,0.024255,0
D_0001683907,1,0.753401,1
D_0001684054,1,0.906261,1
D_0001684117,0,0.964387,1
D_0001684201,0,0.070250,0
D_0001684621,1,0.992343,1
D_0001684873,1,0.088010,0
D_0001686217,0,0.028681,0
D_0001686805,0,0.167444,1
D_0001686868,1,0.994559,1
D_0001686910,1,0.984788,1
D_0001687561,1,0.960366,1
D_0001688170,0,0.225805,1
D_0001688212,0,0.049471,0
D_0001688548,0,0.010645,0
D_0001688800,1,0.987902,1
D_0001688821,1,0.652459,1
D_0001688863,0,0.000083,0
D_0001688947,1,0.973080,1
D_0001689661,1,0.992070,1
D_0001689745,1,0.626788,1
D_0001690963,0,0.048144,0
D_0001691068,0,0.072400,0
D_0001691383,1,0.976125,1
D_0001691530,0,0.581259,1
D_0001692370,0,0.298830,1
D_0001692433,1,0.400282,1
D_0001692937,0,0.100981,0
D_0001692979,0,0.081358,0
D_0001693714,1,0.999937,1
D_0001693840,1,0.528467,1
D_0001693924,0,0.117772,0
D_0001693945,1,0.860795,1
D_0001694050,1,0.934606,1
D_0001694155,0,0.012664,0
D_0001694197,0,0.106554,0
D_0001695184,1,0.991783,1
D_0001695436,1,0.993004,1
D_0001695877,0,0.076937,0
D_0001696066,0,0.960246,1
D_0001696171,1,0.994304,1
D_0001696192,1,0.999346,1
D_0001696276,1,0.171747,1
D_0001696843,0,0.025759,0
D_0001697242,0,0.099342,0
D_0001697809,1,0.295362,1
D_0001698187,0,0.034056,0
D_0001698313,0,0.988247,1
D_0001698418,1,0.209914,1
D_0001699111,0,0.053559,0
D_0001699279,0,0.082084,0
D_0001699657,0,0.019212,0
D_0001699951,1,0.292840,1
D_0001700056,0,0.052315,0
D_0001700266,0,0.048647,0
D_0001700686,0,0.090854,0
D_0001700728,1,0.992035,1
D_0001700854,0,0.111971,0
D_0001701295,0,0.077544,0
D_0001701337,1,0.981785,1
D_0001701673,1,0.991814,1
D_0001701694,1,0.063897,0
D_0001701904,0,0.045173,0
D_0001702450,1,0.992629,1
D_0001702555,0,0.085668,0
D_0001702954,0,0.012574,0
D_0001703038,0,0.069233,0
D_0001703332,1,0.986687,1
D_0001703458,0,0.139655,0
D_0001703542,1,0.990758,1
D_0001703605,1,0.988517,1
D_0001703752,0,0.068930,0
D_0001703815,0,0.066104,0
D_0001703836,1,0.988684,1
D_0001703920,1,0.988990,1
D_0001704067,1,0.119221,0
D_0001704655,1,0.986671,1
D_0001704718,0,0.286273,1
D_0001704760,0,0.099715,0
D_0001704781,0,0.966251,1
D_0001705810,1,0.905485,1
D_0001706272,0,0.155040,1
D_0001706524,1,0.103956,0
D_0001706776,1,0.999220,1
D_0001706923,0,0.041526,0
D_0001707154,1,0.991857,1
D_0001708267,0,0.054281,0
D_0001708477,0,0.102099,0
D_0001708519,0,0.050974,0
D_0001708645,1,0.146771,0
D_0001709065,1,0.992965,1
D_0001709086,0,0.025842,0
D_0001709443,0,0.082761,0
D_0001709989,0,0.083318,0
D_0001710325,1,0.951526,1
D_0001710682,1,0.121483,0
D_0001711585,1,0.997528,1
D_0001711900,1,0.981133,1
D_0001711921,0,0.043323,0
D_0001712068,0,0.018970,0
D_0001712152,1,0.315552,1
D_0001712173,0,0.054157,0
D_0001712194,0,0.055731,0
D_0001712257,0,0.186222,1
D_0001712362,1,0.604602,1
D_0001712404,0,0.028724,0
D_0001713685,0,0.058722,0
D_0001713790,0,0.040893,0
D_0001713958,0,0.038016,0
D_0001713979,1,0.978914,1
D_0001714021,0,0.162246,1
D_0001714651,0,0.051963,0
D_0001714882,1,0.982056,1
D_0001714924,0,0.089646,0
D_0001714945,1,0.050914,0
D_0001715197,1,0.959464,1
D_0001716541,1,0.986087,1
D_0001716730,1,0.024980,0
D_0001716772,1,0.998820,1
D_0001717822,1,0.927799,1
D_0001717906,0,0.078251,0
D_0001717948,1,0.341594,1
D_0001718578,1,0.187219,1
D_0001718599,0,0.675212,1
D_0001718914,1,0.988876,1
D_0001719082,1,0.131091,0
D_0001719712,0,0.485191,1
D_0001719817,0,0.055993,0
D_0001719880,0,0.116543,0
D_0001720195,0,0.130100,0
D_0001720720,1,0.296755,1
D_0001720825,0,0.073646,0
D_0001721098,0,0.009363,0
D_0001721497,1,0.065214,0
D_0001721833,1,0.993534,1
D_0001721875,1,0.204419,1
D_0001722442,0,0.073119,0
D_0001722463,0,0.219525,1
D_0001722631,0,0.036594,0
D_0001722820,0,0.036272,0
D_0001722841,0,0.128843,0
D_0001723009,1,0.160716,1
D_0001723450,0,0.055997,0
D_0001723891,1,0.989537,1
D_0001723912,1,0.991077,1
D_0001724101,0,0.873764,1
D_0001724164,0,0.055400,0
D_0001724290,1,0.999772,1
D_0001725067,1,0.983338,1
D_0001725088,1,0.996138,1
D_0001725949,0,0.058103,0
D_0001726054,0,0.382628,1
D_0001726180,1,0.149862,1
D_0001726810,0,0.077701,0
D_0001726915,1,0.978664,1
D_0001727272,1,0.988536,1
D_0001727293,0,0.059692,0
D_0001727314,1,0.092389,0
D_0001727839,1,0.964929,1
D_0001728889,0,0.039366,0
D_0001729078,1,0.120572,0
D_0001729393,1,0.975219,1
D_0001729708,0,0.061630,0
D_0001729729,1,0.114223,0
D_0001729771,0,0.129359,0
D_0001730044,0,0.054150,0
D_0001730716,1,0.988633,1
D_0001732354,0,0.138693,0
D_0001732837,1,0.988225,1
D_0001733215,1,0.919185,1
D_0001733320,0,0.084603,0
D_0001733362,0,0.083580,0
D_0001733488,1,0.988574,1
D_0001733866,0,0.011752,0
D_0001733908,0,0.054158,0
D_0001734223,1,0.085279,0
D_0001734349,1,0.099316,0
D_0001734454,1,0.991798,1
D_0001734874,1,0.049157,0
D_0001735000,1,0.985502,1
D_0001735588,1,0.992743,1
D_0001735777,1,0.999775,1
D_0001735987,1,0.461249,1
D_0001736197,0,0.118920,0
D_0001736218,1,0.983235,1
D_0001736533,1,0.962573,1
D_0001736575,1,0.994752,1
D_0001736764,1,0.994346,1
D_0001736848,0,0.094219,0
D_0001737016,1,0.987012,1
D_0001737520,1,0.991072,1
D_0001737541,0,0.958426,1
D_0001737646,1,0.817664,1
D_0001737709,1,0.881189,1
D_0001738024,0,0.044996,0
D_0001738381,0,0.121464,0
D_0001738486,1,0.960554,1
D_0001738948,1,0.986087,1
D_0001739326,0,0.100948,0
D_0001739347,1,0.958728,1
D_0001740355,0,0.110289,0
D_0001740439,0,0.976574,1
D_0001740607,0,0.007136,0
D_0001741090,1,0.986061,1
D_0001741153,0,0.048611,0
D_0001741216,1,0.965994,1
D_0001741237,1,0.992720,1
D_0001741279,1,0.984258,1
D_0001741804,1,0.797252,1
D_0001742938,1,0.954023,1
D_0001743169,1,0.992227,1
D_0001743568,1,0.983117,1
D_0001743631,1,0.992527,1
D_0001744240,0,0.958672,1
D_0001744639,1,0.135881,0
D_0001744912,0,0.001713,0
D_0001745269,0,0.025088,0
D_0001745752,0,0.954892,1
D_0001745941,1,0.989906,1
D_0001746340,0,0.024216,0
D_0001746382,0,0.175295,1
D_0001746718,0,0.230466,1
D_0001747327,1,0.985384,1
D_0001747348,1,0.997518,1
D_0001747432,0,0.113580,0
D_0001748377,0,0.020091,0
D_0001748398,0,0.129898,0
D_0001748839,0,0.075375,0
D_0001749343,1,0.994009,1
D_0001749364,0,0.146723,0
D_0001749805,0,0.109051,0
D_0001749889,1,0.992796,1
D_0001750120,0,0.051025,0
D_0001750855,0,0.116793,0
D_0001751128,1,0.083059,0
D_0001751149,0,0.033561,0
D_0001751380,1,0.991887,1
D_0001751926,1,0.114779,0
D_0001751989,1,0.879091,1
D_0001752892,0,0.076183,0
D_0001753270,1,0.984452,1
D_0001754467,0,0.021838,0
D_0001754614,0,0.205583,1
D_0001755160,0,0.901816,1
D_0001755622,0,0.084837,0
D_0001755664,1,0.986083,1
D_0001755685,0,0.168552,1
D_0001755832,1,0.974437,1
D_0001756588,1,0.981422,1
D_0001756672,1,0.082026,0
D_0001757323,0,0.062862,0
D_0001757428,1,0.982965,1
D_0001758058,1,0.995520,1
D_0001758310,0,0.168922,1
D_0001758499,0,0.122786,0
D_0001758562,1,0.993593,1
D_0001758625,0,0.064728,0
D_0001758877,1,0.340163,1
D_0001759528,1,0.988866,1
D_0001759675,0,0.063076,0
D_0001759801,0,0.059235,0
D_0001760158,0,0.018539,0
D_0001760368,1,0.987048,1
D_0001761040,0,0.164543,1
D_0001761187,0,0.039229,0
D_0001762615,0,0.122433,0
D_0001762636,1,0.980341,1
D_0001763140,1,0.961812,1
D_0001763707,1,0.192794,1
D_0001763728,0,0.085353,0
D_0001763749,0,0.066008,0
D_0001763812,0,0.212949,1
D_0001764358,0,0.032166,0
D_0001764379,0,0.070886,0
D_0001764673,1,0.112407,0
D_0001765030,0,0.014391,0
D_0001765576,0,0.124709,0
D_0001765765,0,0.094099,0
D_0001765975,1,0.981137,1
D_0001766521,1,0.989187,1
D_0001766752,0,0.047087,0
D_0001766941,1,0.982520,1
D_0001767109,0,0.074924,0
D_0001767403,0,0.215121,1
D_0001767697,1,0.990253,1
D_0001768075,0,0.060532,0
D_0001768348,1,0.989500,1
D_0001768768,0,0.057524,0
D_0001768957,1,0.981304,1
D_0001769041,1,0.990398,1
D_0001769251,0,0.096804,0
D_0001769293,1,0.271486,1
D_0001769377,1,0.570597,1
D_0001770721,1,0.079692,0
D_0001770784,1,0.089065,0
D_0001770826,1,0.997884,1
D_0001770952,0,0.016297,0
D_0001771078,1,0.134844,0
D_0001771498,1,0.985426,1
D_0001771519,0,0.111411,0
D_0001771960,1,0.994436,1
D_0001772086,0,0.049496,0
D_0001772128,1,0.972486,1
D_0001772779,0,0.107894,0
D_0001773178,0,0.038886,0
D_0001773346,1,0.994104,1
D_0001773409,1,0.985502,1
D_0001773598,1,0.367323,1
D_0001773892,1,0.977466,1
D_0001774081,1,0.980431,1
D_0001774627,1,0.985897,1
D_0001774795,0,0.074427,0
D_0001774921,1,0.984473,1
D_0001775173,1,0.117814,0
D_0001775572,1,0.142332,0
D_0001776286,0,0.962590,1
D_0001776475,0,0.066242,0
D_0001776622,0,0.068494,0
D_0001776895,1,0.985131,1
D_0001776979,0,0.019968,0
D_0001777231,0,0.884552,1
D_0001777483,0,0.104995,0
D_0001777651,1,0.197118,1
D_0001777903,1,0.986613,1
D_0001778239,1,0.994260,1
D_0001778428,1,0.995836,1
D_0001778659,1,0.980958,1
D_0001778785,0,0.085521,0
D_0001778806,0,0.220838,1
D_0001778848,0,0.078209,0
D_0001778911,0,0.948400,1
D_0001779037,0,0.230828,1
D_0001779415,1,0.986948,1
D_0001779562,1,0.980429,1
D_0001779730,0,0.095900,0
D_0001781473,1,0.706070,1
D_0001781683,0,0.139576,0
D_0001781872,0,0.061272,0
D_0001782418,0,0.093526,0
D_0001783237,1,0.109525,0
D_0001783846,0,0.206995,1
D_0001784266,0,0.056765,0
D_0001784560,1,0.993559,1
D_0001784980,1,0.992181,1
D_0001785610,1,0.325322,1
D_0001786429,0,0.029049,0
D_0001786492,1,0.994462,1
D_0001786576,1,0.173000,1
D_0001786765,1,0.999064,1
D_0001786807,1,0.047764,0
D_0001787458,1,0.993205,1
D_0001787605,1,0.120820,0
D_0001787962,1,0.906198,1
D_0001788151,1,0.973873,1
D_0001788172,1,0.997062,1
D_0001788277,1,0.993047,1
D_0001788613,0,0.055599,0
D_0001788949,1,0.994806,1
D_0001788970,1,0.986305,1
D_0001789096,0,0.058697,0
D_0001789432,1,0.990518,1
D_0001789558,0,0.058737,0
D_0001789936,1,0.795463,1
D_0001791007,0,0.050237,0
D_0001791049,1,0.230348,1
D_0001791406,1,0.987302,1
D_0001791742,0,0.020411,0
D_0001792246,1,0.264284,1
D_0001792582,0,0.018980,0
D_0001793632,1,0.976986,1
D_0001794241,0,0.285134,1
D_0001794262,1,0.066870,0
D_0001794346,0,0.057935,0
D_0001794556,1,0.991174,1
D_0001795270,1,0.974575,1
D_0001795375,1,0.996490,1
D_0001795942,0,0.155503,1
D_0001795963,1,0.112072,0
D_0001796110,1,0.990207,1
D_0001796278,1,0.992835,1
D_0001796551,1,0.998826,1
D_0001796887,0,0.081146,0
D_0001797433,1,0.992180,1
D_0001797811,1,0.991746,1
D_0001799533,1,0.988821,1
D_0001799596,0,0.062706,0
D_0001800079,0,0.118939,0
D_0001800268,0,0.116792,0
D_0001800541,1,0.287591,1
D_0001801108,0,0.676405,1
D_0001801696,1,0.987370,1
D_0001801738,1,0.981228,1
D_0001801759,1,0.984181,1
D_0001802116,1,0.981736,1
D_0001802158,1,0.984470,1
D_0001802179,1,0.972273,1
D_0001802221,1,0.106242,0
D_0001802452,0,0.025984,0
D_0001803796,1,0.134486,0
D_0001803985,0,0.056720,0
D_0001804027,0,0.027261,0
D_0001804237,1,0.974909,1
D_0001804279,0,0.033861,0
D_0001804741,1,0.988421,1
D_0001804993,0,0.112504,0
D_0001805056,0,0.008917,0
D_0001805413,1,0.566670,1
D_0001805434,1,0.146215,0
D_0001805476,0,0.084680,0
D_0001805686,1,0.985029,1
D_0001806589,0,0.028154,0
D_0001806799,0,0.342436,1
D_0001806967,1,0.854949,1
D_0001807051,1,0.995484,1
D_0001807450,0,0.053709,0
D_0001807597,0,0.106782,0
D_0001807975,1,0.995021,1
D_0001808458,1,0.994851,1
D_0001808605,1,0.087541,0
D_0001808983,0,0.035383,0
D_0001809424,0,0.219376,1
D_0001809508,1,0.963716,1
D_0001809550,0,0.129805,0
D_0001809676,0,0.034484,0
D_0001809781,1,0.991023,1
D_0001810348,1,0.987484,1
D_0001810432,1,0.998562,1
D_0001810453,0,0.024412,0
D_0001810852,1,0.992463,1
D_0001811104,0,0.143491,0
D_0001811314,0,0.016429,0
D_0001811482,1,0.981222,1
D_0001811629,0,0.879818,1
D_0001811797,1,0.982420,1
D_0001811839,1,0.990007,1
D_0001812595,1,0.674960,1
D_0001812700,0,0.131054,0
D_0001813036,1,0.994199,1
D_0001813078,1,0.997378,1
D_0001813162,0,0.149282,1
D_0001814044,0,0.082441,0
D_0001814149,0,0.079585,0
D_0001814233,0,0.128364,0
D_0001814317,1,0.995208,1
D_0001814674,1,0.980153,1
D_0001814716,1,0.260558,1
D_0001814989,0,0.207366,1
D_0001815199,0,0.056506,0
D_0001815304,0,0.064076,0
D_0001815388,0,0.005720,0
D_0001815682,0,0.031978,0
D_0001815787,0,0.230482,1
D_0001815955,0,0.111489,0
D_0001816186,0,0.104039,0
D_0001816249,1,0.994498,1
D_0001817068,0,0.156610,1
D_0001817131,0,0.021435,0
D_0001817446,1,0.980816,1
D_0001818055,1,0.990464,1
D_0001818391,1,0.185277,1
D_0001818454,1,0.133459,0
D_0001818622,0,0.838293,1
D_0001820113,0,0.084044,0
D_0001820407,0,0.095787,0
D_0001820575,1,0.995166,1
D_0001820869,0,0.138853,0
D_0001821352,1,0.976505,1
D_0001822129,1,0.993583,1
D_0001822486,0,0.531129,1
D_0001823053,1,0.994319,1
D_0001823179,0,0.048313,0
D_0001823452,1,0.191850,1
D_0001823683,0,0.134804,0
D_0001824250,1,0.952242,1
D_0001824418,1,0.983584,1
D_0001824859,1,0.987656,1
D_0001825321,0,0.037218,0
D_0001825510,1,0.986468,1
D_0001825846,0,0.095214,0
D_0001826098,0,0.037068,0
D_0001826896,1,0.086238,0
D_0001827295,1,0.981810,1
D_0001827526,0,0.126402,0
D_0001827610,1,0.982074,1
D_0001828030,0,0.021068,0
D_0001828660,1,0.999819,1
D_0001828702,0,0.037101,0
D_0001829185,1,0.934713,1
D_0001829290,0,0.059295,0
D_0001830088,1,0.985803,1
D_0001830130,1,0.992348,1
D_0001830193,1,0.989564,1
D_0001830214,1,0.204124,1
D_0001830403,1,0.202077,1
D_0001830865,1,0.975054,1
D_0001830928,0,0.180218,1
D_0001831033,1,0.996565,1
D_0001831537,0,0.043832,0
D_0001831579,1,0.995412,1
D_0001831936,0,0.113322,0
D_0001832377,0,0.060529,0
D_0001832692,1,0.984159,1
D_0001833091,1,0.371410,1
D_0001833826,0,0.037958,0
D_0001834057,1,0.987967,1
D_0001834372,1,0.975352,1
D_0001834645,0,0.043746,0
D_0001834918,1,0.340561,1
D_0001834939,0,0.150250,1
D_0001835170,0,0.164876,1
D_0001835191,0,0.062816,0
D_0001836157,1,0.071515,0
D_0001836514,0,0.025642,0
D_0001836577,0,0.088402,0
D_0001836829,0,0.979939,1
D_0001837543,1,0.832853,1
D_0001837564,1,0.989228,1
D_0001838635,1,0.993701,1
D_0001838656,0,0.999616,1
D_0001838740,1,0.535199,1
D_0001839034,1,0.994261,1
D_0001839097,1,0.988835,1
D_0001839223,0,0.200472,1
D_0001839328,1,0.991149,1
D_0001839601,1,0.099066,0
D_0001839811,0,0.045890,0
D_0001840063,1,0.622881,1
D_0001840294,1,0.800909,1
D_0001840315,0,0.040920,0
D_0001840462,1,0.638817,1
D_0001840588,0,0.953816,1
D_0001840609,1,0.991038,1
D_0001840756,1,0.945808,1
D_0001840798,0,0.017667,0
D_0001841029,0,0.150603,1
D_0001841533,0,0.038296,0
D_0001841638,1,0.918894,1
D_0001842352,0,0.059944,0
D_0001842394,0,0.116346,0
D_0001842562,1,0.995194,1
D_0001842688,1,0.987954,1
D_0001842709,0,0.054574,0
D_0001842961,1,0.158403,1
D_0001843003,1,0.172721,1
D_0001843696,1,0.988664,1
D_0001843738,1,0.652402,1
D_0001843885,1,0.092196,0
D_0001844032,1,0.124204,0
D_0001844200,0,0.985366,1
D_0001844515,0,0.182024,1
D_0001844557,1,0.970830,1
D_0001844599,1,0.992467,1
D_0001845103,1,0.987118,1
D_0001845334,0,0.067321,0
D_0001845397,1,0.991567,1
D_0001845481,1,0.999133,1
D_0001845817,0,0.081745,0
D_0001846090,0,0.013578,0
D_0001846153,0,0.060945,0
D_0001846615,1,0.973436,1
D_0001847161,0,0.967007,1
D_0001847224,1,0.984570,1
D_0001847728,1,0.990912,1
D_0001848274,0,0.005320,0
D_0001848316,1,0.988265,1
D_0001848400,1,0.980861,1
D_0001849030,0,0.955507,1
D_0001849303,1,0.996838,1
D_0001849450,1,0.992990,1
D_0001849870,1,0.998023,1
D_0001850143,1,0.992790,1
D_0001850500,0,0.148700,0
D_0001850584,1,0.995522,1
D_0001851319,0,0.028540,0
D_0001851550,1,0.371855,1
D_0001851718,1,0.062077,0
D_0001851823,1,0.365816,1
D_0001851844,0,0.159877,1
D_0001851907,1,0.953382,1
D_0001852327,1,0.995696,1
D_0001852390,0,0.085472,0
D_0001852747,1,0.076069,0
D_0001853041,1,0.157638,1
D_0001853125,1,0.081305,0
D_0001853377,1,0.082926,0
D_0001853566,0,0.159843,1
D_0001853650,1,0.991397,1
D_0001853923,1,0.989139,1
D_0001854364,1,0.110306,0
D_0001854574,0,0.039136,0
D_0001854931,0,0.030623,0
D_0001855162,1,0.986674,1
D_0001855435,1,0.990851,1
D_0001855456,1,0.974463,1
D_0001855519,1,0.943898,1
D_0001855729,0,0.144430,0
D_0001855750,1,0.992141,1
D_0001856107,0,0.085146,0
D_0001856275,1,0.962542,1
D_0001856296,0,0.034783,0
D_0001856506,1,0.992526,1
D_0001856527,0,0.017852,0
D_0001857787,1,0.992655,1
D_0001858900,0,0.974840,1
D_0001858942,0,0.880630,1
D_0001859257,1,0.170656,1
D_0001859362,0,0.091928,0
D_0001859425,0,0.062921,0
D_0001859971,0,0.054539,0
D_0001860286,1,0.941447,1
D_0001861294,1,0.909907,1
D_0001861399,1,0.993740,1
D_0001861588,1,0.994793,1
D_0001861756,1,0.995421,1
D_0001862407,0,0.045796,0
D_0001862470,1,0.979716,1
D_0001862575,0,0.123307,0
D_0001862596,1,0.064487,0
D_0001862638,0,0.055592,0
D_0001862659,0,0.022496,0
D_0001863163,1,0.988892,1
D_0001863331,0,0.062178,0
D_0001863709,1,0.989112,1
D_0001864192,1,0.988766,1
D_0001864297,0,0.107429,0
D_0001864549,1,0.111893,0
D_0001864717,1,0.986994,1
D_0001864780,1,0.988762,1
D_0001864801,0,0.168031,1
D_0001864948,0,0.082177,0
D_0001865137,1,0.984329,1
D_0001865284,1,0.037679,0
D_0001865536,1,0.982673,1
D_0001865578,1,0.981977,1
D_0001865851,1,0.990681,1
D_0001866565,0,0.074415,0
D_0001867174,0,0.047400,0
D_0001867426,1,0.302528,1
D_0001867468,1,0.903169,1
D_0001867531,0,0.050126,0
D_0001867930,1,0.986703,1
D_0001868644,0,0.132925,0
D_0001868707,1,0.000454,0
D_0001869085,1,0.984452,1
D_0001869316,1,0.214154,1
D_0001869337,1,0.992465,1
D_0001869547,1,0.990173,1
D_0001869694,1,0.991334,1
D_0001870198,1,0.981111,1
D_0001870366,1,0.991576,1
D_0001870408,1,0.986937,1
D_0001870450,0,0.098566,0
D_0001870618,0,0.027317,0
D_0001870765,0,0.181796,1
D_0001870870,0,0.024128,0
D_0001870933,0,0.973379,1
D_0001871143,1,0.348220,1
D_0001871185,0,0.022732,0
D_0001871395,1,0.578723,1
D_0001871458,1,0.992135,1
D_0001871899,1,0.067291,0
D_0001872067,0,0.047132,0
D_0001872256,0,0.063613,0
D_0001872655,0,0.123206,0
D_0001872739,1,0.994038,1
D_0001873369,0,0.814541,1
D_0001873663,0,0.322534,1
D_0001873747,0,0.014866,0
D_0001874293,0,0.114175,0
D_0001874776,0,0.081239,0
D_0001875154,1,0.981663,1
D_0001875385,1,0.130224,0
D_0001875574,1,0.994650,1
D_0001875637,1,0.991809,1
D_0001875868,1,0.094273,0
D_0001876015,1,0.987168,1
D_0001876057,1,0.987626,1
D_0001876267,0,0.197356,1
D_0001876330,1,0.037593,0
D_0001876519,1,0.931144,1
D_0001876855,0,0.167391,1
D_0001877065,1,0.995167,1
D_0001877527,1,0.994028,1
D_0001877863,1,0.990625,1
D_0001878094,0,0.109547,0
D_0001878304,1,0.788428,1
D_0001878535,0,0.078089,0
D_0001878577,1,0.982481,1
D_0001878934,1,0.995402,1
D_0001879186,0,0.126563,0
D_0001879270,0,0.142134,0
D_0001879564,1,0.985747,1
D_0001880362,0,0.318705,1
D_0001881097,0,0.263773,1
D_0001881118,0,0.269404,1
D_0001881370,1,0.991159,1
D_0001881412,1,0.989150,1
D_0001881475,1,0.975961,1
D_0001881643,0,0.051615,0
D_0001881664,0,0.125990,0
D_0001882168,1,0.047337,0
D_0001882315,0,0.855438,1
D_0001882609,1,0.999136,1
D_0001882630,0,0.145850,0
D_0001882672,1,0.165215,1
D_0001883239,0,0.094965,0
D_0001883281,1,0.980008,1
D_0001883449,1,0.987614,1
D_0001883722,0,0.077640,0
D_0001883974,0,0.086011,0
D_0001884604,0,0.032765,0
D_0001884667,1,0.303496,1
D_0001884919,0,0.063604,0
D_0001885318,1,0.992350,1
D_0001885633,1,0.997444,1
D_0001885864,0,0.048165,0
D_0001886032,0,0.066518,0
D_0001887145,0,0.106122,0
D_0001887481,0,0.107313,0
D_0001887523,0,0.207252,1
D_0001887649,0,0.015681,0
D_0001887775,1,0.955827,1
D_0001887985,1,0.064602,0
D_0001888573,1,0.826754,1
D_0001888699,0,0.040028,0
D_0001888867,0,0.057842,0
D_0001889476,1,0.983546,1
D_0001889812,0,0.047254,0
D_0001889896,1,0.976367,1
D_0001890316,0,0.066054,0
D_0001890799,0,0.082970,0
D_0001891093,1,0.985194,1
D_0001891282,1,0.984181,1
D_0001891408,0,0.076419,0
D_0001891471,1,0.410913,1
D_0001891723,1,0.993752,1
D_0001891744,1,0.904521,1
D_0001891807,0,0.042629,0
D_0001891828,1,0.992867,1
D_0001892206,1,0.977439,1
D_0001892500,0,0.100932,0
D_0001892941,0,0.051246,0
D_0001892962,1,0.997693,1
D_0001893214,0,0.135802,0
D_0001893298,0,0.941287,1
D_0001893361,0,0.126808,0
D_0001893571,0,0.066434,0
D_0001893802,1,0.990027,1
D_0001894012,1,0.149604,1
D_0001894264,0,0.187642,1
D_0001894369,0,0.239258,1
D_0001894789,0,0.019381,0
D_0001894894,1,0.110922,0
D_0001895041,1,0.991580,1
D_0001895713,1,0.983314,1
D_0001895860,0,0.050057,0
D_0001895923,1,0.993096,1
D_0001896217,0,0.649014,1
D_0001897057,1,0.967113,1
D_0001897120,1,0.997738,1
D_0001897372,0,0.055589,0
D_0001897393,0,0.109860,0
D_0001897960,0,0.154528,1
D_0001898044,0,0.397567,1
D_0001898065,1,0.891170,1
D_0001898590,1,0.994923,1
D_0001898779,0,0.075219,0
D_0001898863,1,0.226851,1
D_0001899451,1,0.980041,1
D_0001899535,0,0.075625,0
D_0001899703,0,0.085903,0
D_0001899829,1,0.975719,1
D_0001899934,0,0.029806,0
D_0001900102,1,0.992593,1
D_0001900480,1,0.991556,1
D_0001900879,1,0.910399,1
D_0001900963,0,0.027590,0
D_0001901005,0,0.096162,0
D_0001901026,1,0.987551,1
D_0001901173,1,0.130219,0
D_0001901530,1,0.993314,1
D_0001901950,1,0.988842,1
D_0001902034,1,0.105863,0
D_0001902118,1,0.991089,1
D_0001902391,1,0.871461,1
D_0001902790,0,0.074303,0
D_0001903378,1,0.986069,1
D_0001903483,0,0.034979,0
D_0001903651,1,0.974223,1
D_0001903735,1,0.921996,1
D_0001904344,1,0.983762,1
D_0001904890,1,0.215626,1
D_0001905079,1,0.979193,1
D_0001905499,1,0.992300,1
D_0001905919,0,0.183272,1
D_0001905961,0,0.010645,0
D_0001906003,1,0.151208,1
D_0001906234,1,0.276655,1
D_0001906318,1,0.989994,1
D_0001906339,1,0.058512,0
D_0001906549,0,0.019628,0
D_0001906654,1,0.994610,1
D_0001907053,1,0.244760,1
D_0001907389,0,0.044576,0
D_0001907410,0,0.147730,0
D_0001907473,1,0.966576,1
D_0001907599,0,0.132628,0
D_0001907620,0,0.046212,0
D_0001907872,0,0.041482,0
D_0001909111,1,0.983130,1
D_0001909636,0,0.051169,0
D_0001909678,1,0.650686,1
D_0001909783,1,0.995596,1
D_0001910035,0,0.152372,1
D_0001910098,1,0.993258,1
D_0001910224,1,0.974105,1
D_0001910371,1,0.997770,1
D_0001910413,0,0.114982,0
D_0001910959,1,0.987026,1
D_0001911295,1,0.162385,1
D_0001911379,1,0.988473,1
D_0001911484,1,0.995130,1
D_0001912198,0,0.036940,0
D_0001912240,0,0.222117,1
D_0001912870,0,0.032202,0
D_0001913017,1,0.979336,1
D_0001913059,0,0.106761,0
D_0001913332,0,0.094021,0
D_0001913353,1,0.991990,1
D_0001913395,1,0.994205,1
D_0001913458,1,0.965312,1
D_0001913542,1,0.977580,1
D_0001915264,0,0.120891,0
D_0001915390,0,0.025182,0
D_0001915411,0,0.917658,1
D_0001916545,0,0.002297,0
D_0001917868,1,0.187851,1
D_0001917973,0,0.193946,1
D_0001918351,0,0.142868,0
D_0001918582,1,0.993612,1
D_0001918603,0,0.080308,0
D_0001918855,1,0.961971,1
D_0001918918,0,0.011682,0
D_0001918981,0,0.078469,0
D_0001919674,0,0.248371,1
D_0001919800,1,0.862419,1
D_0001920262,0,0.243579,1
D_0001920598,0,0.080507,0
D_0001920619,1,0.785873,1
D_0001921627,0,0.102060,0
D_0001922194,1,0.986720,1
D_0001922446,1,0.152794,1
D_0001922866,0,0.688528,1
D_0001923265,1,0.989315,1
D_0001923979,1,0.992383,1
D_0001924273,1,0.098541,0
D_0001924378,1,0.475724,1
D_0001924504,1,0.724097,1
D_0001925092,1,0.988241,1
D_0001925365,1,0.197274,1
D_0001925638,1,0.992962,1
D_0001925995,0,0.059319,0
D_0001926121,0,0.049303,0
D_0001926142,1,0.412707,1
D_0001926184,0,0.275079,1
D_0001926898,1,0.992572,1
D_0001927507,1,0.828057,1
D_0001927591,1,0.962020,1
D_0001928032,0,0.064880,0
D_0001928347,1,0.179880,1
D_0001928368,0,0.078840,0
D_0001928473,1,0.992964,1
D_0001928536,1,0.986290,1
D_0001929313,1,0.991830,1
D_0001929481,1,0.986405,1
D_0001929838,0,0.084719,0
D_0001929859,1,0.121826,0
D_0001930741,0,0.046467,0
D_0001930993,1,0.993359,1
D_0001931350,0,0.010810,0
D_0001931896,1,0.993893,1
D_0001931980,1,0.983500,1
D_0001932253,0,0.043381,0
D_0001932463,0,0.224527,1
D_0001933009,0,0.998504,1
D_0001933198,1,0.982667,1
D_0001933450,1,0.985461,1
D_0001933597,0,0.134475,0
D_0001933975,0,0.069574,0
D_0001934080,1,0.254600,1
D_0001934101,1,0.988815,1
D_0001935256,0,0.079933,0
D_0001935487,1,0.987346,1
D_0001935550,0,0.029354,0
D_0001935592,0,0.094057,0
D_0001936285,1,0.980008,1
D_0001936432,1,0.212405,1
D_0001936600,0,0.008406,0
D_0001936642,1,0.996374,1
D_0001937125,0,0.056429,0
D_0001937713,1,0.136317,0
D_0001938007,1,0.994774,1
D_0001938595,0,0.064562,0
D_0001938826,0,0.082540,0
D_0001939099,1,0.998324,1
D_0001939183,0,0.068308,0
D_0001940128,0,0.028460,0
D_0001940275,1,0.990249,1
D_0001940569,0,0.021955,0
D_0001941031,0,0.023694,0
D_0001941073,0,0.120393,0
D_0001941241,1,0.992634,1
D_0001941682,0,0.038682,0
D_0001941808,1,0.986421,1
D_0001941913,0,0.171674,1
D_0001941934,0,0.052397,0
D_0001942207,1,0.951221,1
D_0001942291,0,0.103559,0
D_0001942417,0,0.119710,0
D_0001942732,0,0.045957,0
D_0001942942,1,0.989956,1
D_0001943425,1,0.179035,1
D_0001943446,1,0.994580,1
D_0001943803,0,0.110652,0
D_0001944265,0,0.060307,0
D_0001944433,1,0.274565,1
D_0001944559,0,0.008882,0
D_0001945084,1,0.107743,0
D_0001945147,1,0.992195,1
D_0001945609,1,0.691059,1
D_0001945903,1,0.975105,1
D_0001946008,1,0.986801,1
D_0001946491,1,0.993541,1
D_0001946533,1,0.965126,1
D_0001946827,1,0.996104,1
D_0001946911,1,0.992288,1
D_0001947436,0,0.090648,0
D_0001947520,0,0.043681,0
D_0001947562,1,0.991759,1
D_0001947730,1,0.814392,1
D_0001948633,1,0.958273,1
D_0001948738,1,0.857325,1
D_0001949536,1,0.982602,1
D_0001950061,1,0.988381,1
D_0001950103,0,0.026848,0
D_0001950124,0,0.072588,0
D_0001951111,0,0.064682,0
D_0001951195,0,0.043390,0
D_0001951468,0,0.007931,0
D_0001951489,1,0.996447,1
D_0001952476,0,0.016669,0
D_0001952497,1,0.055006,0
D_0001952602,1,0.190144,1
D_0001953022,1,0.983136,1
D_0001953211,1,0.871869,1
D_0001953337,1,0.974675,1
D_0001953484,1,0.963265,1
D_0001953736,0,0.290151,1
D_0001953988,0,0.118181,0
D_0001954093,0,0.166496,1
D_0001954828,0,0.020676,0
D_0001955017,1,0.989066,1
D_0001955353,1,0.994370,1
D_0001955395,0,0.075363,0
D_0001955773,0,0.075593,0
D_0001956361,1,0.993780,1
D_0001957285,0,0.061635,0
D_0001957327,0,0.046899,0
D_0001958062,0,0.113554,0
D_0001958083,0,0.082813,0
D_0001958671,1,0.781850,1
D_0001959364,1,0.995080,1
D_0001959784,1,0.980951,1
D_0001959805,0,0.037063,0
D_0001959847,1,0.993879,1
D_0001960036,0,0.075187,0
D_0001960372,1,0.993966,1
D_0001960456,0,0.104870,0
D_0001960603,0,0.042621,0
D_0001960687,0,0.095831,0
D_0001960834,1,0.534462,1
D_0001961107,0,0.080805,0
D_0001961338,1,0.989705,1
D_0001961422,1,0.989064,1
D_0001961758,1,0.993578,1
D_0001962283,1,0.993500,1
D_0001962367,1,0.993359,1
D_0001962619,1,0.984272,1
D_0001962745,0,0.054336,0
D_0001962829,0,0.153977,1
D_0001962913,0,0.815360,1
D_0001962934,1,0.382001,1
D_0001962976,1,0.913530,1
D_0001963270,0,0.031629,0
D_0001963564,1,0.130889,0
D_0001963963,1,0.992338,1
D_0001964152,1,0.984449,1
D_0001964236,0,0.050120,0
D_0001964446,1,0.807143,1
D_0001965349,1,0.997964,1
D_0001965538,0,0.676915,1
D_0001966042,0,0.013867,0
D_0001966084,0,0.049120,0
D_0001966651,0,0.005260,0
D_0001966798,1,0.991380,1
D_0001967386,1,0.992803,1
D_0001967470,1,0.993006,1
D_0001967827,1,0.977707,1
D_0001968037,1,0.998727,1
D_0001968268,1,0.745819,1
D_0001968772,1,0.670851,1
D_0001968982,1,0.983361,1
D_0001969024,1,0.978082,1
D_0001969528,1,0.958007,1
D_0001970053,1,0.132169,0
D_0001970074,1,0.461142,1
D_0001970389,0,0.028420,0
D_0001970536,0,0.183271,1
D_0001970851,1,0.094204,0
D_0001970914,0,0.021384,0
D_0001971586,1,0.993842,1
D_0001972006,1,0.293159,1
D_0001972825,1,0.998887,1
D_0001973749,1,0.995840,1
D_0001973854,0,0.003182,0
D_0001974001,1,0.117299,0
D_0001975492,0,0.133560,0
D_0001975597,0,0.037728,0
D_0001975744,1,0.972038,1
D_0001976185,0,0.025822,0
D_0001978054,0,0.047066,0
D_0001978117,1,0.999701,1
D_0001978747,1,0.979049,1
D_0001978768,1,0.986083,1
D_0001978852,1,0.963643,1
D_0001978894,0,0.061784,0
D_0001979524,0,0.203024,1
D_0001980364,1,0.309535,1
D_0001980490,1,0.991399,1
D_0001980553,0,0.104243,0
D_0001980658,0,0.083111,0
D_0001980742,0,0.146097,0
D_0001981939,0,0.953982,1
D_0001982128,1,0.991005,1
D_0001982170,1,0.987036,1
D_0001982212,0,0.189234,1
D_0001982296,1,0.987948,1
D_0001982968,0,0.067267,0
D_0001982989,1,0.991240,1
D_0001983052,0,0.069425,0
D_0001983535,1,0.994394,1
D_0001984207,1,0.090815,0
D_0001984543,0,0.017334,0
D_0001984837,1,0.921678,1
D_0001984963,1,0.977594,1
D_0001984984,1,0.980707,1
D_0001985047,1,0.988010,1
D_0001985068,0,0.075879,0
D_0001985236,1,0.996479,1
D_0001985278,1,0.986672,1
D_0001985383,0,0.059833,0
D_0001985614,0,0.070695,0
D_0001985635,1,0.999151,1
D_0001986202,0,0.048464,0
D_0001986223,0,0.063195,0
D_0001986265,0,0.036639,0
D_0001986433,1,0.250453,1
D_0001986517,0,0.096220,0
D_0001987063,1,0.990898,1
D_0001987609,1,0.978741,1
D_0001988239,1,0.977205,1
D_0001988281,0,0.030711,0
D_0001988491,0,0.110575,0
D_0001988533,1,0.981184,1
D_0001988554,1,0.284966,1
D_0001988701,1,0.086974,0
D_0001989058,1,0.982769,1
D_0001989226,0,0.997900,1
D_0001989415,0,0.002266,0
D_0001990003,1,0.991665,1
D_0001990297,1,0.993031,1
D_0001990696,1,0.991246,1
D_0001990843,0,0.986692,1
D_0001990927,1,0.987167,1
D_0001991032,0,0.063300,0
D_0001991515,0,0.182130,1
D_0001991536,1,0.991646,1
D_0001992061,1,0.591273,1
D_0001992124,1,0.103195,0
D_0001992502,0,0.128024,0
D_0001992838,1,0.135332,0
D_0001992859,1,0.992424,1
D_0001993636,0,0.243452,1
D_0001994287,1,0.993534,1
D_0001994329,1,0.990732,1
D_0001994707,0,0.200607,1
D_0001994728,1,0.980072,1
D_0001994959,0,0.080823,0
D_0001995169,0,0.025280,0
D_0001995295,1,0.992436,1
D_0001995316,1,0.067880,0
D_0001995673,0,0.206203,1
D_0001995820,1,0.987721,1
D_0001996135,0,0.044565,0
D_0001996261,0,0.054396,0
D_0001996702,0,0.239075,1
D_0001997206,0,0.235629,1
D_0001997227,1,0.089268,0
D_0001997374,0,0.104078,0
D_0001997395,1,0.995263,1
D_0001997563,0,0.049175,0
D_0001997647,0,0.016290,0
D_0001997689,0,0.103838,0
D_0001997899,1,0.997192,1
D_0001998739,1,0.929057,1
D_0001998781,0,0.038433,0
D_0001998907,1,0.982881,1
D_0001999222,1,0.990328,1
D_0001999453,0,0.130283,0
D_0001999999,0,0.250656,1
D_0002000062,0,0.312076,1
D_0002000188,1,0.990178,1
D_0002000818,1,0.990225,1
D_0002001343,1,0.989572,1
D_0002002141,0,0.076781,0
D_0002002162,1,0.990179,1
D_0002002498,0,0.168115,1
D_0002002876,1,0.115494,0
D_0002002939,0,0.027349,0
D_0002003065,0,0.146508,0
D_0002003401,0,0.228460,1
D_0002003527,0,0.177718,1
D_0002003758,0,0.084449,0
D_0002003926,1,0.988905,1
D_0002004073,0,0.040694,0
D_0002004136,1,0.994590,1
D_0002004346,0,0.968821,1
D_0002004577,0,0.034759,0
D_0002004850,0,0.051602,0
D_0002004934,0,0.144180,0
D_0002005480,1,0.979105,1
D_0002006173,1,0.991799,1
D_0002006530,1,0.990877,1
D_0002006845,0,0.085910,0
D_0002006866,0,0.124247,0
D_0002006950,1,0.466386,1
D_0002007307,1,0.966072,1
D_0002007370,0,0.043566,0
D_0002007559,1,0.179428,1
D_0002007895,1,0.938636,1
D_0002007958,1,0.240576,1
D_0002008084,1,0.991868,1
D_0002008210,0,0.069796,0
D_0002008693,0,0.065062,0
D_0002008924,1,0.999960,1
D_0002009134,1,0.990370,1
D_0002009827,1,0.983221,1
D_0002010331,0,0.083609,0
D_0002010352,0,0.023432,0
D_0002010499,0,0.049536,0
D_0002011171,1,0.990888,1
D_0002011339,0,0.031028,0
D_0002011381,0,0.042356,0
D_0002011675,0,0.087351,0
D_0002011738,0,0.024097,0
D_0002011759,1,0.992745,1
D_0002012158,1,0.145104,0
D_0002012305,1,0.987428,1
D_0002012536,1,0.987414,1
D_0002012977,0,0.159104,1
D_0002013082,0,0.236334,1
D_0002013292,0,0.067420,0
D_0002013376,1,0.948557,1
D_0002013670,1,0.966088,1
D_0002013901,0,0.055401,0
D_0002014279,0,0.110531,0
D_0002014489,1,0.992014,1
D_0002014594,1,0.994372,1
D_0002014636,0,0.118211,0
D_0002015287,0,0.730284,1
D_0002015455,1,0.985590,1
D_0002016190,1,0.992873,1
D_0002016211,1,0.988313,1
D_0002016253,1,0.454666,1
D_0002016421,0,0.070921,0
D_0002016484,1,0.979156,1
D_0002016925,1,0.995555,1
D_0002017030,0,0.028878,0
D_0002017093,1,0.827867,1
D_0002017198,1,0.992993,1
D_0002017345,1,0.998045,1
D_0002017387,0,0.081441,0
D_0002017429,1,0.101181,0
D_0002017660,0,0.100142,0
D_0002017933,1,0.912142,1
D_0002017975,0,0.151966,1
D_0002018899,1,0.872370,1
D_0002019487,0,0.962613,1
D_0002019613,0,0.159268,1
D_0002019865,1,0.985505,1
D_0002020054,0,0.025135,0
D_0002020621,1,0.988019,1
D_0002020873,0,0.035609,0
D_0002021566,1,0.996887,1
D_0002021818,0,0.146269,0
D_0002021944,1,0.997165,1
D_0002022217,1,0.111797,0
D_0002022385,1,0.207529,1
D_0002022406,1,0.994918,1
D_0002022721,1,0.217502,1
D_0002022784,1,0.313094,1
D_0002022952,0,0.020410,0
D_0002023729,0,0.008104,0
D_0002023792,0,0.018922,0
D_0002024086,1,0.986712,1
D_0002024401,1,0.994044,1
D_0002026144,1,0.994755,1
D_0002026543,1,0.991576,1
D_0002026900,1,0.861276,1
D_0002027110,1,0.987747,1
D_0002027299,0,0.012512,0
D_0002027782,1,0.744852,1
D_0002028307,1,0.950849,1
D_0002028727,1,0.992972,1
D_0002029231,0,0.148416,0
D_0002029273,0,0.150803,1
D_0002029651,1,0.510950,1
D_0002029861,1,0.989506,1
D_0002029924,1,0.035825,0
D_0002030071,1,0.995303,1
D_0002030155,0,0.167734,1
D_0002030344,1,0.991465,1
D_0002030386,1,0.992453,1
D_0002030890,1,0.988752,1
D_0002031457,1,0.992517,1
D_0002031478,1,0.189315,1
D_0002032276,1,0.982858,1
D_0002032423,0,0.071399,0
D_0002032549,1,0.999636,1
D_0002033011,1,0.953196,1
D_0002033704,1,0.234726,1
D_0002033809,1,0.265987,1
D_0002034754,0,0.175994,1
D_0002034901,1,0.997741,1
D_0002035090,1,0.976101,1
D_0002035363,0,0.007222,0
D_0002035657,0,0.151221,1
D_0002035867,0,0.047358,0
D_0002035930,0,0.134609,0
D_0002036686,1,0.997166,1
D_0002037274,0,0.103927,0
D_0002037862,0,0.154285,1
D_0002038135,1,0.954106,1
D_0002038261,1,0.985392,1
D_0002038324,0,0.038925,0
D_0002038387,0,0.027678,0
D_0002038429,0,0.044066,0
D_0002038702,1,0.973043,1
D_0002039437,1,0.172361,1
D_0002039500,0,0.050685,0
D_0002040130,1,0.999220,1
D_0002041516,0,0.244773,1
D_0002041621,0,0.027135,0
D_0002041873,1,0.990839,1
D_0002041999,0,0.830047,1
D_0002042944,1,0.991836,1
D_0002043049,1,0.991308,1
D_0002043679,1,0.993518,1
D_0002044246,1,0.992491,1
D_0002044267,0,0.039520,0
D_0002044309,1,0.962419,1
D_0002044687,1,0.555987,1
D_0002045317,1,0.993976,1
D_0002045716,1,0.043811,0
D_0002046409,1,0.979412,1
D_0002046556,0,0.070266,0
D_0002046787,1,0.980122,1
D_0002046871,1,0.119796,0
D_0002046913,0,0.091901,0
D_0002046997,1,0.907035,1
D_0002047018,1,0.963569,1
D_0002047270,1,0.999669,1
D_0002047417,1,0.993466,1
D_0002047921,1,0.995225,1
D_0002048068,0,0.015305,0
D_0002048404,1,0.999992,1
D_0002048719,0,0.225293,1
D_0002048845,0,0.161461,1
D_0002048887,1,0.964393,1
D_0002050000,0,0.091485,0
D_0002050042,1,0.992245,1
D_0002050168,1,0.983736,1
D_0002050231,0,0.080240,0
D_0002050525,1,0.170306,1
D_0002050756,1,0.546040,1
D_0002051302,1,0.072570,0
D_0002052163,0,0.073644,0
D_0002052919,0,0.140310,0
D_0002053255,0,0.096767,0
D_0002053276,0,0.046829,0
D_0002053402,0,0.049295,0
D_0002053465,1,0.989973,1
D_0002053843,1,0.992510,1
D_0002053990,0,0.109066,0
D_0002054221,1,0.253966,1
D_0002054263,0,0.038992,0
D_0002054494,1,0.177605,1
D_0002055481,1,0.186866,1
D_0002055628,0,0.067614,0
D_0002055964,0,0.044265,0
D_0002056174,1,0.984322,1
D_0002056237,1,0.995010,1
D_0002056258,0,0.049366,0
D_0002056279,0,0.080679,0
D_0002056678,1,0.188263,1
D_0002056762,0,0.133817,0
D_0002057140,1,0.993735,1
D_0002057623,1,0.986156,1
D_0002058001,0,0.084239,0
D_0002058316,0,0.142901,0
D_0002059219,1,0.980167,1
D_0002059408,1,0.990878,1
D_0002059597,0,0.022491,0
D_0002059681,0,0.125620,0
D_0002060185,1,0.990908,1
D_0002060878,1,0.984573,1
D_0002061340,1,0.994323,1
D_0002061403,0,0.031889,0
D_0002061802,0,0.084149,0
D_0002062222,1,0.988234,1
D_0002063104,0,0.161423,1
D_0002063125,1,0.968753,1
D_0002063230,0,0.025673,0
D_0002063293,1,0.997115,1
D_0002063671,0,0.109163,0
D_0002063986,0,0.071235,0
D_0002064259,1,0.040037,0
D_0002064490,1,0.991190,1
D_0002064637,0,0.319411,1
D_0002064700,1,0.991512,1
D_0002064721,0,0.327121,1
D_0002064805,0,0.083568,0
D_0002064889,1,0.593300,1
D_0002066296,0,0.301386,1
D_0002067052,0,0.008871,0
D_0002067283,0,0.075999,0
D_0002067661,1,0.995329,1
D_0002068312,1,0.992105,1
D_0002068333,1,0.990293,1
D_0002068942,0,0.038197,0
D_0002069005,1,0.726060,1
D_0002069068,1,0.999214,1
D_0002069572,0,0.019762,0
D_0002070139,0,0.786078,1
D_0002070538,1,0.992429,1
D_0002070580,1,0.983319,1
D_0002070853,1,0.991256,1
D_0002071105,0,0.116634,0
D_0002071378,1,0.074663,0
D_0002071567,1,0.797868,1
D_0002072029,1,0.993469,1
D_0002072407,1,0.292298,1
D_0002072533,1,0.990519,1
D_0002073373,0,0.019786,0
D_0002073793,1,0.986936,1
D_0002074192,0,0.602282,1
D_0002074633,0,0.136065,0
D_0002074696,0,0.023638,0
D_0002075263,1,0.159169,1
D_0002075914,1,0.978671,1
D_0002076082,0,0.138589,0
D_0002076313,0,0.072294,0
D_0002076922,1,0.983075,1
D_0002077111,0,0.029048,0
D_0002077174,0,0.206916,1
D_0002077510,0,0.045123,0
D_0002077594,0,0.145874,0
D_0002078665,1,0.853827,1
D_0002078875,0,0.040655,0
D_0002078896,0,0.038800,0
D_0002079547,1,0.136705,0
D_0002079883,0,0.052057,0
D_0002080240,0,0.100590,0
D_0002080282,1,0.060995,0
D_0002080387,1,0.990150,1
D_0002080576,0,0.207115,1
D_0002080597,0,0.195510,1
D_0002080891,1,0.373984,1
D_0002080954,1,0.667178,1
D_0002081689,1,0.996259,1
D_0002082445,1,0.992001,1
D_0002082739,1,0.952996,1
D_0002083096,0,0.254029,1
D_0002083390,0,0.077356,0
D_0002083810,1,0.987288,1
D_0002084167,1,0.058324,0
D_0002084587,1,0.364910,1
D_0002084608,0,0.234503,1
D_0002085133,1,0.973131,1
D_0002085154,1,0.331932,1
D_0002085490,0,0.034657,0
D_0002085700,0,0.012850,0
D_0002085952,0,0.122736,0
D_0002085994,0,0.091788,0
D_0002086813,1,0.993833,1
D_0002087170,0,0.692149,1
D_0002087338,1,0.990477,1
D_0002087485,0,0.077836,0
D_0002087527,0,0.981761,1
D_0002087800,1,0.998835,1
D_0002087926,1,0.196614,1
D_0002088073,0,0.030479,0
D_0002088388,0,0.020903,0
D_0002088787,1,0.994832,1
D_0002089459,0,0.093387,0
D_0002090362,0,0.987430,1
D_0002090425,1,0.076495,0
D_0002090509,1,0.992708,1
D_0002090782,0,0.086566,0
D_0002090950,0,0.125915,0
D_0002090992,0,0.084322,0
D_0002091223,1,0.990694,1
D_0002091580,0,0.021391,0
D_0002091811,1,0.084669,0
D_0002092357,0,0.030585,0
D_0002092714,1,0.984271,1
D_0002092882,0,0.094471,0
D_0002093197,1,0.980807,1
D_0002093617,0,0.007919,0
D_0002093659,0,0.111697,0
D_0002093680,1,0.993045,1
D_0002094730,0,0.056746,0
D_0002094877,0,0.097974,0
D_0002095381,1,0.990026,1
D_0002095675,0,0.097542,0
D_0002095927,1,0.977840,1
D_0002096116,0,0.047256,0
D_0002096284,0,0.016945,0
D_0002096305,0,0.114788,0
D_0002096515,1,0.989824,1
D_0002096620,1,0.979961,1
D_0002097082,0,0.134327,0
D_0002097565,0,0.027584,0
D_0002097922,1,0.987570,1
D_0002098258,1,0.986036,1
D_0002098405,1,0.995757,1
D_0002098489,1,0.976808,1
D_0002098951,0,0.063603,0
D_0002099077,1,0.993704,1
D_0002099476,0,0.009954,0
D_0002099770,1,0.122464,0
D_0002099875,0,0.017523,0
D_0002099938,1,0.984542,1
D_0002100904,0,0.034313,0
D_0002101009,0,0.983221,1
D_0002101177,1,0.988243,1
D_0002101261,1,0.971740,1
D_0002101576,0,0.343332,1
D_0002101681,1,0.992859,1
D_0002102206,1,0.964043,1
D_0002102269,0,0.097437,0
D_0002102311,1,0.994004,1
D_0002102521,1,0.994506,1
D_0002102668,0,0.048950,0
D_0002103130,1,0.992900,1
D_0002103172,1,0.992954,1
D_0002103445,0,0.057251,0
D_0002103613,0,0.085417,0
D_0002103928,0,0.042389,0
D_0002104537,0,0.116648,0
D_0002104642,1,0.996066,1
D_0002104747,1,0.994839,1
D_0002104810,1,0.080445,0
D_0002105062,1,0.417976,1
D_0002105755,1,0.990438,1
D_0002105881,0,0.060099,0
D_0002106154,0,0.037343,0
D_0002106616,0,0.104599,0
D_0002107015,1,0.994615,1
D_0002107372,1,0.044200,0
D_0002107477,0,0.029800,0
D_0002107540,1,0.995841,1
D_0002107771,1,0.981626,1
D_0002108716,1,0.852772,1
D_0002109115,1,0.989358,1
D_0002109199,0,0.062519,0
D_0002109388,0,0.077211,0
D_0002109640,0,0.251003,1
D_0002110480,1,0.921130,1
D_0002111236,0,0.038289,0
D_0002111299,1,0.085623,0
D_0002112160,0,0.125782,0
D_0002112790,0,0.251172,1
D_0002113567,0,0.072446,0
D_0002113672,1,0.980613,1
D_0002113861,1,0.895540,1
D_0002114071,1,0.641445,1
D_0002114113,1,0.991139,1
D_0002114155,0,0.046015,0
D_0002114428,0,0.168295,1
D_0002114491,0,0.082139,0
D_0002114932,0,0.117800,0
D_0002115772,0,0.000682,0
D_0002115940,1,0.993252,1
D_0002116150,0,0.051398,0
D_0002116570,1,0.988838,1
D_0002116801,1,0.201026,1
D_0002117053,0,0.130226,0
D_0002117641,1,0.980814,1
D_0002117746,1,0.975058,1
D_0002118313,0,0.513221,1
D_0002119090,1,0.995819,1
D_0002119195,0,0.067936,0
D_0002119279,0,0.085166,0
D_0002119300,0,0.084817,0
D_0002119657,1,0.262658,1
D_0002119783,0,0.218111,1
D_0002120245,1,0.988003,1
D_0002120434,1,0.997339,1
D_0002120791,1,0.212421,1
D_0002121001,0,0.098364,0
D_0002121043,1,0.191636,1
D_0002121547,0,0.057103,0
D_0002121652,0,0.959355,1
D_0002121883,0,0.086872,0
D_0002121904,1,0.201434,1
D_0002121925,0,0.029215,0
D_0002121967,1,0.981767,1
D_0002122051,0,0.109391,0
D_0002122576,0,0.076326,0
D_0002122618,1,0.991481,1
D_0002122807,0,0.251412,1
D_0002123038,0,0.100207,0
D_0002123059,1,0.982550,1
D_0002123794,1,0.982685,1
D_0002123815,0,0.125487,0
D_0002123920,1,0.994742,1
D_0002123941,0,0.021241,0
D_0002124130,1,0.981718,1
D_0002124193,1,0.998836,1
D_0002124445,1,0.046013,0
D_0002124676,0,0.081430,0
D_0002124907,0,0.156532,1
D_0002126524,1,0.986650,1
D_0002126629,1,0.994620,1
D_0002127049,0,0.956337,1
D_0002127259,1,0.855195,1
D_0002127343,0,0.093776,0
D_0002127700,0,0.137209,0
D_0002127826,1,0.988113,1
D_0002127868,1,0.984702,1
D_0002127994,0,0.049666,0
D_0002128729,1,0.948588,1
D_0002128771,0,0.092381,0
D_0002128939,1,0.188825,1
D_0002129275,0,0.072648,0
D_0002129338,1,0.971464,1
D_0002129506,1,0.046258,0
D_0002129758,1,0.941746,1
D_0002129926,0,0.286632,1
D_0002130472,1,0.995046,1
D_0002130556,0,0.050962,0
D_0002130598,0,0.037634,0
D_0002130829,0,0.024054,0
D_0002130850,1,0.994999,1
D_0002130955,1,0.995556,1
D_0002131081,1,0.144663,0
D_0002131333,1,0.944443,1
D_0002131837,0,0.101736,0
D_0002132278,0,0.097983,0
D_0002132467,1,0.992891,1
D_0002132929,1,0.276353,1
D_0002132992,0,0.044950,0
D_0002133181,0,0.030584,0
D_0002133496,1,0.138335,0
D_0002134000,0,0.094862,0
D_0002134084,1,0.443793,1
D_0002134252,1,0.427970,1
D_0002134273,1,0.258648,1
D_0002134840,1,0.997262,1
D_0002134924,1,0.245473,1
D_0002135029,1,0.999766,1
D_0002135050,0,0.145986,0
D_0002135155,0,0.059980,0
D_0002135197,1,0.994077,1
D_0002135743,0,0.018662,0
D_0002135764,1,0.991715,1
D_0002136184,1,0.991674,1
D_0002136373,0,0.096982,0
D_0002137234,1,0.994100,1
D_0002137402,0,0.064649,0
D_0002137969,0,0.025974,0
D_0002138809,0,0.146022,0
D_0002139397,1,0.992912,1
D_0002139607,0,0.623933,1
D_0002139754,1,0.990559,1
D_0002140006,1,0.993867,1
D_0002140216,0,0.000026,0
D_0002140300,1,0.031971,0
D_0002140342,1,0.946619,1
D_0002140930,1,0.700106,1
D_0002141056,1,0.994267,1
D_0002141581,0,0.048595,0
D_0002141602,1,0.983411,1
D_0002142337,1,0.110620,0
D_0002142505,0,0.245029,1
D_0002142652,0,0.060106,0
D_0002142757,0,0.198628,1
D_0002143156,0,0.048420,0
D_0002143303,1,0.146624,0
D_0002143345,1,0.977547,1
D_0002143849,0,0.066059,0
D_0002144185,1,0.091068,0
D_0002144206,1,0.987215,1
D_0002144941,0,0.080817,0
D_0002144983,1,0.991047,1
D_0002145067,1,0.996056,1
D_0002145109,0,0.326001,1
D_0002145130,0,0.271448,1
D_0002145151,0,0.087666,0
D_0002146117,0,0.025978,0
D_0002146390,0,0.083149,0
D_0002146789,0,0.115983,0
D_0002146810,0,0.010159,0
D_0002146831,0,0.049279,0
D_0002146999,0,0.025456,0
D_0002147293,1,0.973020,1
D_0002147398,1,0.958118,1
D_0002148175,0,0.073120,0
D_0002148427,1,0.761015,1
D_0002148721,1,0.769129,1
D_0002149414,0,0.490953,1
D_0002149477,1,0.985351,1
D_0002149750,1,0.144773,0
D_0002150149,0,0.023345,0
D_0002150695,1,0.993089,1
D_0002150716,0,0.065039,0
D_0002150779,0,0.015979,0
D_0002151955,1,0.994093,1
D_0002152564,0,0.023934,0
D_0002152711,1,0.989310,1
D_0002152879,1,0.215974,1
D_0002153362,1,0.228259,1
D_0002153866,0,0.071623,0
D_0002154055,0,0.029311,0
D_0002154328,1,0.985856,1
D_0002154580,1,0.974111,1
D_0002154769,0,0.037898,0
D_0002154916,0,0.018401,0
D_0002154937,1,0.982409,1
D_0002155357,1,0.994085,1
D_0002156050,0,0.357125,1
D_0002156764,1,0.178198,1
D_0002156848,1,0.984048,1
D_0002157037,1,0.947048,1
D_0002157226,1,0.486453,1
D_0002157415,0,0.069847,0
D_0002157583,0,0.082217,0
D_0002157919,0,0.108827,0
D_0002157940,1,0.062479,0
D_0002158234,1,0.224779,1
D_0002158570,0,0.192746,1
D_0002158843,0,0.056806,0
D_0002159830,0,0.109632,0
D_0002160271,0,0.074872,0
D_0002161951,0,0.056201,0
D_0002162644,0,0.066996,0
D_0002163190,1,0.385437,1
D_0002163400,1,0.978290,1
D_0002163421,0,0.018465,0
D_0002163484,0,0.180132,1
D_0002163652,1,0.801501,1
D_0002164177,1,0.155820,1
D_0002164618,0,0.092792,0
D_0002165458,1,0.987616,1
D_0002165542,1,0.988570,1
D_0002165836,0,0.033003,0
D_0002166046,1,0.293074,1
D_0002166340,1,0.989968,1
D_0002166508,0,0.057363,0
D_0002166529,1,0.779978,1
D_0002166655,1,0.455763,1
D_0002166739,1,0.988152,1
D_0002167180,0,0.032637,0
D_0002167201,0,0.098749,0
D_0002168272,1,0.988522,1
D_0002169427,0,0.188691,1
D_0002169532,0,0.044400,0
D_0002169721,1,0.116120,0
D_0002169973,1,0.262545,1
D_0002170267,1,0.935373,1
D_0002170603,0,0.043208,0
D_0002170687,1,0.990536,1
D_0002170750,1,0.995035,1
D_0002170897,1,0.992443,1
D_0002171548,1,0.997191,1
D_0002172808,1,0.990160,1
D_0002172934,1,0.999246,1
D_0002174278,1,0.999709,1
D_0002175013,1,0.986419,1
D_0002175160,0,0.039310,0
D_0002175202,1,0.994718,1
D_0002175223,1,0.978848,1
D_0002175454,0,0.076742,0
D_0002175811,1,0.998674,1
D_0002175958,1,0.155643,1
D_0002176735,1,0.992759,1
D_0002176924,0,0.116273,0
D_0002177008,1,0.968099,1
D_0002177029,0,0.057338,0
D_0002177092,0,0.978484,1
D_0002177155,1,0.982784,1
D_0002177197,1,0.991089,1
D_0002177407,0,0.113962,0
D_0002177449,0,0.168025,1
D_0002177554,1,0.092433,0
D_0002177848,1,0.938796,1
D_0002177932,0,0.238562,1
D_0002178037,1,0.996840,1
D_0002178079,0,0.088514,0
D_0002178331,1,0.043391,0
D_0002178373,0,0.039465,0
D_0002178856,0,0.999716,1
D_0002179255,1,0.998820,1
D_0002179654,0,0.135026,0
D_0002179759,0,0.805445,1
D_0002180179,1,0.991989,1
D_0002180284,1,0.987387,1
D_0002180347,0,0.171494,1
D_0002180872,0,0.085880,0
D_0002181019,1,0.979939,1
D_0002181313,1,0.072771,0
D_0002182342,1,0.996426,1
D_0002182384,0,0.064796,0
D_0002182510,0,0.090586,0
D_0002182930,1,0.986709,1
D_0002183833,0,0.135903,0
D_0002184169,1,0.982566,1
D_0002185030,1,0.976773,1
D_0002185681,1,0.970530,1
D_0002185702,0,0.048147,0
D_0002185849,1,0.995001,1
D_0002186185,0,0.133100,0
D_0002186353,1,0.103144,0
D_0002186584,1,0.995548,1
D_0002186731,1,0.995339,1
D_0002187046,0,0.151985,1
D_0002188600,0,0.066043,0
D_0002188684,1,0.969456,1
D_0002188852,0,0.053480,0
D_0002188999,1,0.968263,1
D_0002189293,0,0.277542,1
D_0002189776,1,0.988842,1
D_0002189797,0,0.048209,0
D_0002189902,1,0.999994,1
D_0002190217,0,0.081392,0
D_0002190280,1,0.777407,1
D_0002190385,1,0.995103,1
D_0002190868,1,0.986487,1
D_0002190994,1,0.193545,1
D_0002191183,1,0.889616,1
D_0002191204,0,0.131313,0
D_0002191876,1,0.073906,0
D_0002191939,0,0.046693,0
D_0002191960,0,0.108540,0
D_0002192086,1,0.977218,1
D_0002192191,1,0.992656,1
D_0002192590,0,0.028134,0
D_0002193178,1,0.981950,1
D_0002193199,1,0.302835,1
D_0002193766,1,0.967496,1
D_0002193787,0,0.023293,0
D_0002194081,1,0.999072,1
D_0002194186,1,0.969825,1
D_0002194732,0,0.074222,0
D_0002194795,1,0.235660,1
D_0002194921,0,0.305696,1
D_0002195257,0,0.054122,0
D_0002195383,1,0.144049,0
D_0002195425,1,0.745144,1
D_0002195656,0,0.134992,0
D_0002196013,0,0.349627,1
D_0002196244,0,0.130352,0
D_0002196538,0,0.082201,0
D_0002197000,1,0.995943,1
D_0002197357,1,0.969271,1
D_0002197378,0,0.988525,1
D_0002197462,1,0.258457,1
D_0002197546,0,0.084275,0
D_0002197840,0,0.097576,0
D_0002198092,0,0.055830,0
D_0002198323,0,0.062915,0
D_0002198575,1,0.979764,1
D_0002198638,1,0.991541,1
D_0002199016,1,0.985836,1
D_0002199058,1,0.970838,1
D_0002199247,0,0.320021,1
D_0002199562,0,0.129324,0
D_0002199835,1,0.989291,1
D_0002199982,0,0.948594,1
D_0002200087,1,0.997462,1
D_0002200486,0,0.049400,0
D_0002200675,0,0.903888,1
D_0002200990,0,0.117129,0
D_0002201473,0,0.072313,0
D_0002201557,1,0.991748,1
D_0002201746,0,0.078685,0
D_0002201767,0,0.119593,0
D_0002202124,0,0.068569,0
D_0002202187,1,0.999857,1
D_0002202250,0,0.148413,0
D_0002202817,1,0.929175,1
D_0002203048,1,0.516109,1
D_0002204077,1,0.974613,1
D_0002204182,1,0.985502,1
D_0002204287,1,0.991326,1
D_0002204833,1,0.949205,1
D_0002204938,0,0.100262,0
D_0002205232,0,0.041620,0
D_0002205421,1,0.973901,1
D_0002206282,1,0.462652,1
D_0002206408,0,0.088795,0
D_0002206576,0,0.075602,0
D_0002206681,1,0.989017,1
D_0002207143,1,0.993543,1
D_0002207689,0,0.280115,1
D_0002207773,1,0.992423,1
D_0002209075,0,0.022781,0
D_0002209579,0,0.050936,0
D_0002209621,1,0.933869,1
D_0002210230,1,0.991460,1
D_0002210272,0,0.133675,0
D_0002211196,1,0.948227,1
D_0002211427,1,0.990299,1
D_0002211616,0,0.128666,0
D_0002211700,1,0.997404,1
D_0002212204,1,0.188854,1
D_0002212372,1,0.932527,1
D_0002213233,0,0.047903,0
D_0002213338,1,0.989028,1
D_0002213443,1,0.133914,0
D_0002213611,0,0.093938,0
D_0002214031,0,0.733593,1
D_0002214157,0,0.108511,0
D_0002214703,1,0.993496,1
D_0002215018,0,0.042371,0
D_0002215354,0,0.980109,1
D_0002215984,1,0.986608,1
D_0002216488,1,0.985106,1
D_0002216845,1,0.993065,1
D_0002217181,1,0.992799,1
D_0002217412,0,0.109950,0
D_0002217895,0,0.052326,0
D_0002218000,0,0.092629,0
D_0002218273,0,0.034395,0
D_0002218924,1,0.331053,1
D_0002219071,1,0.989743,1
D_0002219113,1,0.995635,1
D_0002219176,1,0.994485,1
D_0002220121,1,0.073091,0
D_0002220289,0,0.030992,0
D_0002220394,1,0.998066,1
D_0002220646,0,0.054125,0
D_0002220751,0,0.981448,1
D_0002221549,1,0.136910,0
D_0002222431,0,0.186600,1
D_0002222473,0,0.027177,0
D_0002223565,1,0.113836,0
D_0002224006,0,0.095594,0
D_0002224216,0,0.215955,1
D_0002224783,1,0.784309,1
D_0002225518,1,0.927687,1
D_0002225875,1,0.993324,1
D_0002225959,1,0.999960,1
D_0002226085,1,0.996407,1
D_0002226337,1,0.988109,1
D_0002226400,0,0.705609,1
D_0002226547,0,0.074576,0
D_0002227030,0,0.021473,0
D_0002227093,0,0.145291,0
D_0002227240,1,0.988150,1
D_0002227345,1,0.996064,1
D_0002227471,0,0.090042,0
D_0002227639,0,0.049445,0
D_0002228080,0,0.121974,0
D_0002228164,1,0.990423,1
D_0002228563,0,0.099132,0
D_0002228626,0,0.030955,0
D_0002228962,0,0.026862,0
D_0002229088,1,0.993858,1
D_0002229109,1,0.992302,1
D_0002229424,1,0.058221,0
D_0002230117,1,0.221108,1
D_0002230159,1,0.986890,1
D_0002230495,1,0.957891,1
D_0002230810,1,0.115667,0
D_0002230852,1,0.941830,1
D_0002230894,1,0.048744,0
D_0002230957,0,0.094690,0
D_0002231230,1,0.054443,0
D_0002231650,1,0.995984,1
D_0002231776,0,0.048734,0
D_0002232574,0,0.648252,1
D_0002233393,0,0.978216,1
D_0002233624,0,0.181477,1
D_0002233855,0,0.287620,1
D_0002234023,1,0.699882,1
D_0002234191,0,0.085921,0
D_0002234275,0,0.834727,1
D_0002234527,1,0.063511,0
D_0002234695,1,0.988758,1
D_0002234926,1,0.994863,1
D_0002235010,0,0.087575,0
D_0002235094,0,0.189691,1
D_0002235367,0,0.132542,0
D_0002235430,1,0.547116,1
D_0002236060,1,0.989700,1
D_0002236900,1,0.983115,1
D_0002237173,1,0.986413,1
D_0002237257,1,0.432471,1
D_0002237488,1,0.963956,1
D_0002238223,0,0.053619,0
D_0002238391,1,0.817168,1
D_0002238412,0,0.346194,1
D_0002238580,1,0.992582,1
D_0002238853,0,0.027801,0
D_0002239042,0,0.143567,0
D_0002239105,1,0.996493,1
D_0002239735,0,0.037319,0
D_0002240218,1,0.986062,1
D_0002241205,0,0.246591,1
D_0002241310,1,0.017996,0
D_0002242171,0,0.043511,0
D_0002242297,1,0.993037,1
D_0002242318,1,0.279759,1
D_0002242402,1,0.197828,1
D_0002242717,0,0.101803,0
D_0002242885,1,0.146645,0
D_0002243473,1,0.993274,1
D_0002244040,0,0.104289,0
D_0002244082,1,0.988401,1
D_0002244922,1,0.837141,1
D_0002245048,0,0.020232,0
D_0002245321,0,0.129284,0
D_0002245405,0,0.033376,0
D_0002245615,0,0.092322,0
D_0002246119,0,0.039383,0
D_0002246560,1,0.687323,1
D_0002246770,1,0.993693,1
D_0002247169,1,0.206135,1
D_0002247253,1,0.979458,1
D_0002247631,0,0.079912,0
D_0002248303,1,0.773997,1
D_0002248702,0,0.180271,1
D_0002248723,1,0.995506,1
D_0002249164,1,0.271601,1
D_0002249395,0,0.058991,0
D_0002249647,0,0.074386,0
D_0002249878,1,0.073172,0
D_0002250424,1,0.993814,1
D_0002250718,0,0.063812,0
D_0002251012,0,0.028330,0
D_0002251642,1,0.149235,0
D_0002252083,0,0.232416,1
D_0002252125,0,0.882851,1
D_0002252230,0,0.034487,0
D_0002253007,1,0.995237,1
D_0002253028,0,0.044955,0
D_0002253154,1,0.996192,1
D_0002253196,1,0.991691,1
D_0002253721,1,0.962316,1
D_0002253952,1,0.817151,1
D_0002254582,1,0.995107,1
D_0002254834,0,0.088089,0
D_0002254855,0,0.075590,0
D_0002255065,0,0.037243,0
D_0002255107,0,0.042672,0
D_0002255338,1,0.129807,0
D_0002255716,1,0.969133,1
D_0002255821,0,0.131130,0
D_0002256073,0,0.023972,0
D_0002256304,1,0.987538,1
D_0002256556,1,0.991358,1
D_0002256619,1,0.159085,1
D_0002256724,1,0.988183,1
D_0002256892,0,0.296496,1
D_0002257396,0,0.094567,0
D_0002257459,0,0.145606,0
D_0002257690,1,0.984385,1
D_0002258005,1,0.991814,1
D_0002258026,1,0.955153,1
D_0002258068,0,0.273202,1
D_0002258278,1,0.992504,1
D_0002258488,1,0.072513,0
D_0002258635,1,0.122940,0
D_0002259223,1,0.992321,1
D_0002259307,1,0.985970,1
D_0002259412,1,0.181024,1
D_0002259664,1,0.995076,1
D_0002260147,1,0.820183,1
D_0002260252,1,0.992958,1
D_0002260420,1,0.988504,1
D_0002260714,1,0.407913,1
D_0002260735,1,0.778738,1
D_0002261092,1,0.274251,1
D_0002261449,0,0.021265,0
D_0002261491,0,0.057643,0
D_0002261617,0,0.068853,0
D_0002261953,1,0.905781,1
D_0002261974,1,0.976816,1
D_0002262058,0,0.011072,0
D_0002262268,0,0.179218,1
D_0002262310,0,0.162570,1
D_0002262436,1,0.983688,1
D_0002262457,0,0.033628,0
D_0002262751,0,0.056450,0
D_0002263465,1,0.996480,1
D_0002263654,1,0.988302,1
D_0002263759,0,0.078440,0
D_0002263801,0,0.513029,1
D_0002263885,1,0.187805,1
D_0002264179,1,0.987801,1
D_0002264830,0,0.075273,0
D_0002265103,1,0.987843,1
D_0002265208,0,0.024321,0
D_0002265292,1,0.933355,1
D_0002265691,1,0.986033,1
D_0002266279,0,0.220975,1
D_0002267266,0,0.117518,0
D_0002267497,0,0.050149,0
D_0002267518,0,0.027034,0
D_0002267686,1,0.457206,1
D_0002268043,1,0.906713,1
D_0002268106,0,0.044975,0
D_0002268484,0,0.059854,0
D_0002268841,0,0.075024,0
D_0002269240,1,0.194758,1
D_0002269408,0,0.981578,1
D_0002269660,1,0.998708,1
D_0002271130,1,0.958480,1
D_0002271151,1,0.109400,0
D_0002271340,0,0.948877,1
D_0002271445,0,0.168630,1
D_0002271571,0,0.077727,0
D_0002271802,0,0.067433,0
D_0002271991,1,0.181973,1
D_0002272264,0,0.290494,1
D_0002272810,0,0.043459,0
D_0002272999,1,0.995758,1
D_0002273713,0,0.175317,1
D_0002273755,0,0.131423,0
D_0002273881,1,0.986464,1
D_0002273965,1,0.977781,1
D_0002274154,0,0.111638,0
D_0002274763,0,0.064835,0
D_0002275288,0,0.026009,0
D_0002275603,1,0.998484,1
D_0002275729,1,0.210949,1
D_0002276212,0,0.016430,0
D_0002276800,1,0.994527,1
D_0002277115,0,0.159566,1
D_0002277157,0,0.135659,0
D_0002277682,1,0.998867,1
D_0002277724,0,0.008408,0
D_0002278081,0,0.191873,1
D_0002278207,1,0.034937,0
D_0002278333,0,0.064041,0
D_0002278417,1,0.987631,1
D_0002278438,0,0.061585,0
D_0002278585,0,0.089824,0
D_0002278900,1,0.990133,1
D_0002279530,1,0.991409,1
D_0002279593,1,0.045936,0
D_0002279614,0,0.066486,0
D_0002279992,1,0.984923,1
D_0002280055,1,0.993755,1
D_0002280286,0,0.964896,1
D_0002280433,0,0.577964,1
D_0002280685,1,0.991432,1
D_0002280853,1,0.961758,1
D_0002280874,1,0.963479,1
D_0002280937,1,0.975447,1
D_0002281147,0,0.076827,0
D_0002281588,1,0.108267,0
D_0002281630,1,0.060691,0
D_0002281966,1,0.987265,1
D_0002282596,0,0.127042,0
D_0002282890,0,0.161757,1
D_0002283121,1,0.985060,1
D_0002283226,1,0.989089,1
D_0002283709,0,0.005202,0
D_0002284045,0,0.047936,0
D_0002284066,1,0.070596,0
D_0002284507,0,0.081796,0
D_0002284528,0,0.037514,0
D_0002284738,1,0.982995,1
D_0002284864,1,0.976494,1
D_0002284885,1,0.415506,1
D_0002285011,1,0.998957,1
D_0002285074,0,0.070941,0
D_0002285116,0,0.039648,0
D_0002285179,1,0.978222,1
D_0002285305,0,0.055063,0
D_0002285704,0,0.032258,0
D_0002285872,1,0.973579,1
D_0002286061,0,0.113110,0
D_0002286250,1,0.440799,1
D_0002286586,1,0.153977,1
D_0002287195,0,0.073871,0
D_0002287720,1,0.934461,1
D_0002287867,0,0.043676,0
D_0002288077,1,0.989897,1
D_0002288119,1,0.977977,1
D_0002288140,1,0.969487,1
D_0002289106,0,0.025963,0
D_0002289526,0,0.031595,0
D_0002289610,0,0.137655,0
D_0002290072,1,0.990740,1
D_0002290219,1,0.983972,1
D_0002290324,0,0.133430,0
D_0002290702,1,0.939183,1
D_0002291122,1,0.592085,1
D_0002291332,1,0.131069,0
D_0002291437,0,0.095855,0
D_0002291710,0,0.136309,0
D_0002291899,1,0.503885,1
D_0002292340,1,0.079597,0
D_0002292424,0,0.046379,0
D_0002292466,0,0.313797,1
D_0002292655,0,0.054663,0
D_0002293138,0,0.146969,0
D_0002293306,0,0.095284,0
D_0002293474,1,0.987907,1
D_0002293747,1,0.998316,1
D_0002294230,1,0.983519,1
D_0002294608,0,0.126148,0
D_0002295091,0,0.132636,0
D_0002295112,0,0.130421,0
D_0002295154,1,0.988984,1
D_0002295553,1,0.986833,1
D_0002295595,1,0.987823,1
D_0002295700,1,0.999361,1
D_0002295721,0,0.043054,0
D_0002295910,1,0.988320,1
D_0002296120,1,0.128450,0
D_0002296309,0,0.056547,0
D_0002296477,1,0.990194,1
D_0002296729,1,0.806637,1
D_0002296813,0,0.108641,0
D_0002297485,1,0.158069,1
D_0002297989,1,0.983648,1
D_0002298451,1,0.144614,0
D_0002298535,1,0.035990,0
D_0002298640,1,0.988606,1
D_0002298661,1,0.082192,0
D_0002298787,1,0.049748,0
D_0002299144,0,0.067447,0
D_0002299480,0,0.008319,0
D_0002299564,1,0.976687,1
D_0002299606,0,0.077894,0
D_0002299753,0,0.006491,0
D_0002299858,0,0.057770,0
D_0002300068,0,0.226109,1
D_0002300299,1,0.997928,1
D_0002300887,1,0.325369,1
D_0002301496,0,0.153528,1
D_0002301685,0,0.076407,0
D_0002302042,1,0.996363,1
D_0002302945,0,0.127643,0
D_0002303743,1,0.970152,1
D_0002303764,0,0.033482,0
D_0002303932,0,0.085978,0
D_0002303974,1,0.983525,1
D_0002304310,0,0.087425,0
D_0002304520,1,0.200646,1
D_0002304625,1,0.992076,1
D_0002304940,1,0.995031,1
D_0002305360,1,0.947490,1
D_0002306704,0,0.226534,1
D_0002307103,1,0.985244,1
D_0002307691,1,0.110091,0
D_0002307943,1,0.992469,1
D_0002308153,1,0.993117,1
D_0002308300,1,0.179565,1
D_0002308762,1,0.995564,1
D_0002309056,1,0.991623,1
D_0002309413,0,0.030707,0
D_0002310064,1,0.472954,1
D_0002310484,0,0.071311,0
D_0002311513,0,0.027993,0
D_0002311660,1,0.984933,1
D_0002311786,1,0.993735,1
D_0002311996,0,0.127091,0
D_0002312059,1,0.992892,1
D_0002312416,1,0.063128,0
D_0002312542,0,0.054098,0
D_0002312563,1,0.979862,1
D_0002312668,1,0.031172,0
D_0002312983,1,0.964754,1
D_0002313403,1,0.932039,1
D_0002313487,1,0.316495,1
D_0002313865,1,0.178867,1
D_0002313886,0,0.064474,0
D_0002314033,1,0.970771,1
D_0002314306,0,0.023629,0
D_0002315083,1,0.039312,0
D_0002315125,0,0.057499,0
D_0002315272,1,0.966609,1
D_0002315461,0,0.259781,1
D_0002315566,1,0.192036,1
D_0002315608,1,0.225976,1
D_0002315629,1,0.991677,1
D_0002316196,0,0.038159,0
D_0002316364,1,0.092207,0
D_0002316511,1,0.997350,1
D_0002316637,0,0.167246,1
D_0002317036,0,0.101638,0
D_0002317078,0,0.054446,0
D_0002317372,0,0.066655,0
D_0002317687,1,0.998285,1
D_0002317813,1,0.082882,0
D_0002317876,0,0.088916,0
D_0002318170,1,0.966535,1
D_0002318212,1,0.970766,1
D_0002318317,1,0.154072,1
D_0002318632,0,0.229856,1
D_0002319157,1,0.324732,1
D_0002319493,0,0.047630,0
D_0002319892,1,0.992951,1
D_0002320018,1,0.991684,1
D_0002320354,1,0.982635,1
D_0002320522,0,0.062167,0
D_0002320732,0,0.127181,0
D_0002321740,1,0.073065,0
D_0002321971,1,0.063623,0
D_0002322097,1,0.956598,1
D_0002322559,1,0.972297,1
D_0002322790,0,0.010140,0
D_0002322937,1,0.126792,0
D_0002323084,1,0.966796,1
D_0002323147,1,0.093881,0
D_0002323567,0,0.043442,0
D_0002323840,1,0.995121,1
D_0002324008,0,0.085473,0
D_0002324092,1,0.986160,1
D_0002324239,0,0.080803,0
D_0002324512,1,0.975428,1
D_0002324617,0,0.121935,0
D_0002324869,0,0.457783,1
D_0002324890,1,0.994824,1
D_0002324974,1,0.228467,1
D_0002325205,1,0.983062,1
D_0002325604,0,0.056008,0
D_0002325625,1,0.975267,1
D_0002326108,1,0.987926,1
D_0002326150,0,0.044331,0
D_0002326591,0,0.103699,0
D_0002326885,1,0.988922,1
D_0002326948,1,0.994472,1
D_0002327872,1,0.995101,1
D_0002329027,1,0.123509,0
D_0002330476,0,0.085276,0
D_0002330791,1,0.994363,1
D_0002330812,0,0.022584,0
D_0002330854,0,0.198476,1
D_0002331463,0,0.319218,1
D_0002331757,0,0.093653,0
D_0002332219,0,0.672662,1
D_0002332513,1,0.274460,1
D_0002333626,1,0.976907,1
D_0002333857,0,0.172175,1
D_0002333962,0,0.035776,0
D_0002334928,1,0.992263,1
D_0002334991,0,0.982600,1
D_0002335201,1,0.167934,1
D_0002335621,1,0.044239,0
D_0002335684,0,0.855202,1
D_0002335747,1,0.976447,1
D_0002336608,0,0.170072,1
D_0002336839,0,0.954411,1
D_0002337175,1,0.991562,1
D_0002337280,1,0.070381,0
D_0002337385,1,0.980574,1
D_0002337469,1,0.981178,1
D_0002337679,1,0.997820,1
D_0002337868,0,0.156251,1
D_0002338246,1,0.952861,1
D_0002338582,0,0.253005,1
D_0002339107,0,0.296440,1
D_0002339233,1,0.993660,1
D_0002339254,0,0.069040,0
D_0002340661,0,0.112724,0
D_0002340682,0,0.089063,0
D_0002340808,1,0.979800,1
D_0002340850,1,0.987847,1
D_0002340913,1,0.946358,1
D_0002340976,0,0.121369,0
D_0002341501,1,0.999894,1
D_0002341669,1,0.171322,1
D_0002342530,0,0.043800,0
D_0002342761,1,0.829726,1
D_0002343181,0,0.037750,0
D_0002343202,1,0.994609,1
D_0002343538,1,0.993583,1
D_0002343685,1,0.105312,0
D_0002343706,1,0.316084,1
D_0002344126,0,0.094049,0
D_0002344756,1,0.979830,1
D_0002345218,0,0.977670,1
D_0002345806,0,0.047882,0
D_0002346709,0,0.049198,0
D_0002347003,0,0.051277,0
D_0002347297,1,0.169996,1
D_0002347339,0,0.971633,1
D_0002348515,0,0.028259,0
D_0002348746,1,0.977737,1
D_0002348767,1,0.113647,0
D_0002349145,1,0.974522,1
D_0002349292,0,0.070834,0
D_0002349691,1,0.989991,1
D_0002349943,0,0.120061,0
D_0002350090,0,0.046712,0
D_0002350258,0,0.110558,0
D_0002350300,1,0.947955,1
D_0002350552,1,0.378853,1
D_0002350699,1,0.042703,0
D_0002350720,0,0.060378,0
D_0002350888,1,0.996412,1
D_0002351266,0,0.944796,1
D_0002351308,0,0.129238,0
D_0002351791,1,0.648390,1
D_0002351812,1,0.992318,1
D_0002351896,1,0.900890,1
D_0002352589,0,0.051584,0
D_0002352610,1,0.075749,0
D_0002353051,0,0.079837,0
D_0002353345,1,0.999525,1
D_0002353408,1,0.178395,1
D_0002353534,0,0.176392,1
D_0002354080,1,0.993556,1
D_0002354647,1,0.205066,1
D_0002354836,1,0.785117,1
D_0002354899,0,0.085529,0
D_0002355004,0,0.103558,0
D_0002355739,0,0.043655,0
D_0002356579,1,0.827293,1
D_0002356726,1,0.987267,1
D_0002356768,0,0.808406,1
D_0002356894,1,0.096605,0
D_0002357041,1,0.991586,1
D_0002357125,0,0.044290,0
D_0002357881,0,0.021708,0
D_0002358343,0,0.042297,0
D_0002358595,0,0.362933,1
D_0002358658,0,0.102028,0
D_0002358805,1,0.992067,1
D_0002358826,1,0.500023,1
D_0002359204,0,0.907491,1
D_0002360317,1,0.242325,1
D_0002360401,0,0.027026,0
D_0002360569,0,0.026713,0
D_0002360632,1,0.986274,1
D_0002361115,0,0.973229,1
D_0002362207,0,0.116376,0
D_0002362396,0,0.095172,0
D_0002362627,0,0.093316,0
D_0002363341,1,0.996319,1
D_0002363614,1,0.982532,1
D_0002363950,0,0.061642,0
D_0002364139,0,0.065029,0
D_0002364349,0,0.044899,0
D_0002364664,0,0.073903,0
D_0002364895,1,0.132365,0
D_0002365105,1,0.574445,1
D_0002365168,0,0.148752,0
D_0002365189,1,0.996948,1
D_0002365315,0,0.085796,0
D_0002365651,1,0.989582,1
D_0002366218,1,0.978916,1
D_0002366974,0,0.060745,0
D_0002367058,1,0.976187,1
D_0002367142,0,0.034658,0
D_0002368066,0,0.059508,0
D_0002368486,1,0.609214,1
D_0002368843,1,0.127001,0
D_0002369221,1,0.694828,1
D_0002369305,1,0.986638,1
D_0002369578,1,0.993316,1
D_0002369977,1,0.996314,1
D_0002370313,1,0.989969,1
D_0002370481,1,0.988966,1
D_0002370670,1,0.985516,1
D_0002370733,1,0.987233,1
D_0002370985,0,0.114615,0
D_0002371258,0,0.135315,0
D_0002371657,0,0.036392,0
D_0002371762,1,0.982511,1
D_0002372161,1,0.113904,0
D_0002372518,1,0.944381,1
D_0002372749,0,0.127265,0
D_0002373694,1,0.128974,0
D_0002373841,1,0.216839,1
D_0002374093,0,0.044562,0
D_0002374135,1,0.355225,1
D_0002374912,1,0.988283,1
D_0002374975,0,0.044924,0
D_0002375164,0,0.085570,0
D_0002376088,1,0.995937,1
D_0002376466,1,0.980726,1
D_0002376949,1,0.983946,1
D_0002377222,1,0.993911,1
D_0002377747,0,0.070643,0
D_0002377957,0,0.041611,0
D_0002377978,0,0.048936,0
D_0002378125,1,0.966996,1
D_0002378524,1,0.989857,1
D_0002378671,1,0.239040,1
D_0002379049,1,0.989484,1
D_0002379175,0,0.047605,0
D_0002379322,1,0.118700,0
D_0002380015,0,0.047785,0
D_0002380183,1,0.109933,0
D_0002380771,1,0.992641,1
D_0002381044,0,0.305234,1
D_0002381632,1,0.992949,1
D_0002381674,0,0.022916,0
D_0002382094,1,0.995361,1
D_0002382262,1,0.992347,1
D_0002383270,0,0.070344,0
D_0002383417,0,0.100567,0
D_0002383963,0,0.057030,0
D_0002384152,0,0.510970,1
D_0002384803,1,0.981626,1
D_0002385160,0,0.096297,0
D_0002386231,1,0.934951,1
D_0002386819,1,0.995785,1
D_0002387008,0,0.051650,0
D_0002387134,1,0.978817,1
D_0002387932,1,0.978408,1
D_0002389297,1,0.671840,1
D_0002389885,1,0.991315,1
D_0002389927,1,0.094086,0
D_0002390053,0,0.063874,0
D_0002390410,0,0.044989,0
D_0002390431,1,0.992610,1
D_0002390578,1,0.992415,1
D_0002390704,0,0.079433,0
D_0002390893,1,0.210774,1
D_0002391544,0,0.109297,0
D_0002391607,0,0.056075,0
D_0002392363,1,0.977896,1
D_0002392615,1,0.967812,1
D_0002392762,1,0.998713,1
D_0002393203,0,0.024787,0
D_0002393791,0,0.131452,0
D_0002394043,0,0.041858,0
D_0002394274,1,0.991448,1
D_0002394337,0,0.028116,0
D_0002394463,0,0.068069,0
D_0002394652,0,0.049607,0
D_0002394946,0,0.026399,0
D_0002395723,1,0.966949,1
D_0002395765,1,0.970615,1
D_0002396164,0,0.199781,1
D_0002396941,1,0.994563,1
D_0002397298,1,0.102567,0
D_0002397361,0,0.087958,0
D_0002397655,1,0.988246,1
D_0002397865,1,0.981821,1
D_0002398117,1,0.993678,1
D_0002398222,1,0.228069,1
D_0002398243,1,0.979506,1
D_0002398285,1,0.981906,1
D_0002398390,0,0.106696,0
D_0002398495,1,0.087264,0
D_0002398810,1,0.993197,1
D_0002398957,1,0.708306,1
D_0002399965,1,0.989087,1
D_0002400805,1,0.983334,1
D_0002400889,0,0.104832,0
D_0002401141,0,0.166459,1
D_0002401162,0,0.043238,0
D_0002401519,0,0.032816,0
D_0002401897,1,0.267808,1
D_0002401918,0,0.193914,1
D_0002402023,0,0.119208,0
D_0002402275,1,0.991829,1
D_0002402506,1,0.934034,1
D_0002403661,0,0.029715,0
D_0002403808,0,0.223831,1
D_0002403934,0,0.059451,0
D_0002404291,1,0.995399,1
D_0002404459,1,0.992188,1
D_0002404858,1,0.981522,1
D_0002405110,1,0.055598,0
D_0002405194,1,0.994563,1
D_0002405236,0,0.024417,0
D_0002405467,1,0.997001,1
D_0002405761,0,0.092879,0
D_0002405824,1,0.978453,1
D_0002406118,1,0.991518,1
D_0002406181,1,0.990627,1
D_0002406223,1,0.996021,1
D_0002406412,1,0.993321,1
D_0002406517,1,0.189090,1
D_0002406622,1,0.841949,1
D_0002406643,1,0.997979,1
D_0002406958,0,0.082611,0
D_0002407315,0,0.027188,0
D_0002407546,0,0.035290,0
D_0002407819,1,0.993502,1
D_0002407861,0,0.130902,0
D_0002407966,0,0.134930,0
D_0002409016,0,0.970833,1
D_0002409142,0,0.327643,1
D_0002409226,0,0.044648,0
D_0002409289,0,0.092358,0
D_0002409982,1,0.994796,1
D_0002410150,1,0.992152,1
D_0002410318,0,0.017142,0
D_0002410696,0,0.074300,0
D_0002411326,0,0.086048,0
D_0002411368,0,0.158826,1
D_0002411578,0,0.021520,0
D_0002411620,0,0.109117,0
D_0002411767,0,0.123134,0
D_0002412418,0,0.090609,0
D_0002413216,1,0.994415,1
D_0002413321,1,0.032586,0
D_0002413531,0,0.134521,0
D_0002413636,0,0.214479,1
D_0002413678,1,0.995000,1
D_0002413867,1,0.994817,1
D_0002414014,1,0.309122,1
D_0002414896,1,0.993619,1
D_0002414980,1,0.253456,1
D_0002415925,1,0.993931,1
D_0002415946,1,0.966560,1
D_0002416177,1,0.216424,1
D_0002416702,1,0.995672,1
D_0002417563,0,0.023611,0
D_0002417626,1,0.992990,1
D_0002417731,0,0.312451,1
D_0002417815,1,0.983784,1
D_0002417941,0,0.139441,0
D_0002418004,1,0.992474,1
D_0002418340,0,0.057011,0
D_0002418739,1,0.996245,1
D_0002418991,0,0.066121,0
D_0002419054,0,0.112830,0
D_0002419138,0,0.035135,0
D_0002419285,1,0.989798,1
D_0002419390,0,0.092134,0
D_0002420062,1,0.214832,1
D_0002422288,0,0.019013,0
D_0002422330,0,0.988364,1
D_0002422897,1,0.978932,1
D_0002423128,0,0.030846,0
D_0002423212,1,0.157368,1
D_0002423590,0,0.974107,1
D_0002423611,0,0.115525,0
D_0002423653,1,0.960455,1
D_0002423821,1,0.993921,1
D_0002423947,0,0.041763,0
D_0002424283,1,0.998479,1
D_0002424388,1,0.981183,1
D_0002424766,1,0.169443,1
D_0002424892,1,0.986335,1
D_0002424913,1,0.981001,1
D_0002425207,0,0.023922,0
D_0002425375,0,0.071898,0
D_0002425711,0,0.321007,1
D_0002426089,1,0.970729,1
D_0002426320,0,0.092524,0
D_0002426761,1,0.988739,1
D_0002427307,1,0.991700,1
D_0002427580,1,0.988449,1
D_0002427853,1,0.991421,1
D_0002428021,1,0.047325,0
D_0002428252,0,0.031859,0
D_0002428861,0,0.200784,1
D_0002429092,1,0.742775,1
D_0002429260,1,0.993076,1
D_0002429617,1,0.065268,0
D_0002429785,1,0.993982,1
D_0002429869,0,0.056540,0
D_0002430436,1,0.122675,0
D_0002430730,1,0.246006,1
D_0002430751,1,0.992407,1
D_0002431423,1,0.752303,1
D_0002431486,1,0.198794,1
D_0002431843,1,0.983003,1
D_0002432431,1,0.992647,1
D_0002432515,0,0.662844,1
D_0002433397,0,0.857546,1
D_0002433754,0,0.249152,1
D_0002433775,1,0.869791,1
D_0002433817,0,0.043397,0
D_0002433901,1,0.889720,1
D_0002433964,1,0.909705,1
D_0002434867,1,0.122833,0
D_0002435623,1,0.980568,1
D_0002435959,1,0.165293,1
D_0002436064,0,0.042035,0
D_0002436463,1,0.983561,1
D_0002436715,0,0.047676,0
D_0002437030,0,0.046952,0
D_0002437093,1,0.991493,1
D_0002437345,0,0.121411,0
D_0002437597,0,0.176498,1
D_0002437723,1,0.950016,1
D_0002437870,0,0.052857,0
D_0002437975,1,0.044516,0
D_0002438080,1,0.132706,0
D_0002438164,1,0.992007,1
D_0002438395,0,0.018221,0
D_0002438416,0,0.066293,0
D_0002438836,0,0.066220,0
D_0002438878,1,0.986705,1
D_0002439193,1,0.990183,1
D_0002439424,1,0.169230,1
D_0002439802,1,0.952466,1
D_0002439823,1,0.985823,1
D_0002440159,1,0.274219,1
D_0002440663,0,0.059237,0
D_0002440789,1,0.085288,0
D_0002440852,1,0.988806,1
D_0002441104,1,0.970529,1
D_0002441167,1,0.257459,1
D_0002441251,1,0.989423,1
D_0002441587,1,0.996273,1
D_0002441671,0,0.060469,0
D_0002442469,0,0.039746,0
D_0002442700,0,0.050755,0
D_0002442868,0,0.026132,0
D_0002443162,1,0.994849,1
D_0002443771,1,0.999701,1
D_0002443834,0,0.066852,0
D_0002443876,0,0.027511,0
D_0002444002,1,0.958723,1
D_0002444506,1,0.096565,0
D_0002444590,0,0.087591,0
D_0002445094,0,0.086678,0
D_0002445430,0,0.011314,0
D_0002446207,1,0.217564,1
D_0002446438,0,0.078305,0
D_0002446606,1,0.968780,1
D_0002447068,1,0.985931,1
D_0002447698,0,0.366788,1
D_0002448181,1,0.990179,1
D_0002448244,1,0.211063,1
D_0002448853,1,0.989513,1
D_0002449315,0,0.076125,0
D_0002449651,0,0.049451,0
D_0002449882,0,0.085130,0
D_0002450239,1,0.973136,1
D_0002450743,1,0.079306,0
D_0002451226,0,0.053540,0
D_0002451247,1,0.996509,1
D_0002451961,0,0.037554,0
D_0002452108,1,0.995371,1
D_0002452192,1,0.990777,1
D_0002452822,1,0.576093,1
D_0002453116,1,0.999878,1
D_0002453620,1,0.950556,1
D_0002453662,1,0.983465,1
D_0002453788,1,0.955677,1
D_0002453830,1,0.995568,1
D_0002453893,1,0.974101,1
D_0002453977,0,0.066036,0
D_0002454586,0,0.034177,0
D_0002454649,1,0.988000,1
D_0002454733,1,0.075271,0
D_0002455258,0,0.015896,0
D_0002455321,0,0.067367,0
D_0002455405,0,0.071389,0
D_0002455426,0,0.132288,0
D_0002456119,1,0.987445,1
D_0002456497,0,0.159672,1
D_0002456749,1,0.916612,1
D_0002456875,0,0.889311,1
D_0002457673,1,0.142289,0
D_0002458114,0,0.043608,0
D_0002458471,0,0.133268,0
D_0002458618,1,0.976537,1
D_0002458828,1,0.985562,1
D_0002459122,1,0.824071,1
D_0002459311,0,0.266893,1
D_0002460151,0,0.048197,0
D_0002460235,1,0.992372,1
D_0002460844,0,0.049406,0
D_0002460991,0,0.098236,0
D_0002461327,0,0.072741,0
D_0002461495,1,0.045157,0
D_0002461663,0,0.087114,0
D_0002462272,1,0.913166,1
D_0002462293,1,0.952515,1
D_0002463637,0,0.042586,0
D_0002463889,1,0.993148,1
D_0002463931,1,0.066634,0
D_0002464267,0,0.153139,1
D_0002464351,1,0.187720,1
D_0002464540,1,0.090377,0
D_0002464582,0,0.032867,0
D_0002464708,1,0.148734,0
D_0002464729,1,0.980074,1
D_0002465674,1,0.100479,0
D_0002465758,1,0.989215,1
D_0002465779,1,0.988206,1
D_0002465800,0,0.066439,0
D_0002465947,1,0.989312,1
D_0002466283,0,0.100769,0
D_0002466325,1,0.980988,1
D_0002466388,1,0.995210,1
D_0002466514,1,0.155118,1
D_0002466535,1,0.992744,1
D_0002466556,1,0.987544,1
D_0002466598,1,0.981670,1
D_0002466808,1,0.991167,1
D_0002466892,0,0.237172,1
D_0002466934,0,0.039074,0
D_0002467060,1,0.992942,1
D_0002467396,0,0.125687,0
D_0002467795,1,0.036486,0
D_0002468005,1,0.139643,0
D_0002468173,0,0.079743,0
D_0002468551,1,0.988443,1
D_0002468614,1,0.804125,1
D_0002468887,0,0.132701,0
D_0002469475,0,0.091727,0
D_0002469496,0,0.104218,0
D_0002469958,0,0.148548,0
D_0002470042,0,0.024267,0
D_0002470672,1,0.537472,1
D_0002471155,1,0.552611,1
D_0002471365,1,0.156501,1
D_0002471869,0,0.018742,0
D_0002472121,0,0.078790,0
D_0002472625,0,0.057069,0
D_0002473087,1,0.119600,0
D_0002473675,1,0.923301,1
D_0002473759,0,0.980417,1
D_0002473801,0,0.014277,0
D_0002474494,1,0.967229,1
D_0002474914,1,0.951183,1
D_0002475124,1,0.994624,1
D_0002475733,0,0.090229,0
D_0002476153,0,0.061134,0
D_0002476237,0,0.006955,0
D_0002476762,0,0.106990,0
D_0002477224,0,0.013275,0
D_0002477308,1,0.991813,1
D_0002477497,1,0.980991,1
D_0002477623,1,0.899646,1
D_0002477791,1,0.972490,1
D_0002478022,1,0.122802,0
D_0002479198,0,0.283692,1
D_0002479324,0,0.031190,0
D_0002479618,0,0.114255,0
D_0002479849,0,0.149059,0
D_0002480206,1,0.978243,1
D_0002480290,1,0.995905,1
D_0002480920,0,0.089030,0
D_0002481130,1,0.994017,1
D_0002481592,1,0.988104,1
D_0002481634,1,0.979428,1
D_0002481718,1,0.836271,1
D_0002482054,1,0.995026,1
D_0002482201,1,0.106822,0
D_0002482516,0,0.059128,0
D_0002482684,1,0.970777,1
D_0002482852,0,0.046616,0
D_0002482936,0,0.922475,1
D_0002483545,0,0.068781,0
D_0002483629,0,0.964781,1
D_0002483818,0,0.126939,0
D_0002484217,0,0.002231,0
D_0002484238,0,0.093487,0
D_0002484658,0,0.038392,0
D_0002484931,1,0.999987,1
D_0002485183,1,0.993522,1
D_0002485435,0,0.121989,0
D_0002485792,0,0.140270,0
D_0002485855,1,0.040504,0
D_0002486212,0,0.112515,0
D_0002487178,1,0.988719,1
D_0002487262,0,0.028866,0
D_0002487388,1,0.143961,0
D_0002487703,1,0.080805,0
D_0002488837,1,0.970833,1
D_0002489194,1,0.991758,1
D_0002489530,1,0.239458,1
D_0002489551,1,0.944225,1
D_0002489656,0,0.053198,0
D_0002490013,1,0.987274,1
D_0002490160,0,0.292051,1
D_0002490769,0,0.166689,1
D_0002491105,0,0.159176,1
D_0002491252,1,0.993932,1
D_0002491462,1,0.975443,1
D_0002491798,0,0.082668,0
D_0002492281,0,0.057613,0
D_0002492575,0,0.044606,0
D_0002492827,0,0.098245,0
D_0002492953,1,0.955235,1
D_0002493205,0,0.927697,1
D_0002493289,0,0.069536,0
D_0002493331,1,0.986235,1
D_0002494486,1,0.157201,1
D_0002494738,0,0.070117,0
D_0002494780,0,0.065719,0
D_0002495872,1,0.985951,1
D_0002496607,1,0.203535,1
D_0002496649,0,0.101550,0
D_0002496922,1,0.900695,1
D_0002498623,1,0.912080,1
D_0002498854,0,0.210133,1
D_0002499421,0,0.160790,1
D_0002499526,0,0.936768,1
D_0002499673,1,0.049098,0
D_0002499883,1,0.994843,1
D_0002500072,0,0.127197,0
D_0002500723,1,0.989973,1
D_0002500870,0,0.018851,0
D_0002500975,0,0.072575,0
D_0002501227,1,0.993397,1
D_0002501773,0,0.985428,1
D_0002502445,1,0.979629,1
D_0002502739,1,0.082055,0
D_0002502865,1,0.996437,1
D_0002503180,0,0.194104,1
D_0002503432,0,0.112483,0
D_0002503642,0,0.158206,1
D_0002503747,0,0.107545,0
D_0002503915,1,0.995786,1
D_0002504062,0,0.075562,0
D_0002504146,1,0.124591,0
D_0002504923,1,0.303507,1
D_0002504986,1,0.979754,1
D_0002505406,1,0.993149,1
D_0002505700,0,0.023769,0
D_0002505784,1,0.142694,0
D_0002506666,1,0.999999,1
D_0002506918,1,0.990570,1
D_0002507044,0,0.952906,1
D_0002507506,0,0.115844,0
D_0002507653,0,0.363096,1
D_0002507821,1,0.904161,1
D_0002507884,0,0.906110,1
D_0002507926,1,0.994927,1
D_0002508052,0,0.173726,1
D_0002508892,0,0.148814,0
D_0002509501,1,0.992970,1
D_0002509711,0,0.088445,0
D_0002510278,1,0.995567,1
D_0002510467,0,0.987631,1
D_0002510530,1,0.970334,1
D_0002510887,1,0.994283,1
D_0002511559,0,0.237616,1
D_0002511580,0,0.065142,0
D_0002511727,1,0.664089,1
D_0002511790,1,0.986088,1
D_0002511916,1,0.958620,1
D_0002512042,1,0.990552,1
D_0002512651,0,0.023485,0
D_0002512840,1,0.102826,0
D_0002512966,1,0.994034,1
D_0002513218,0,0.029915,0
D_0002513449,1,0.688543,1
D_0002513638,1,0.984124,1
D_0002513953,0,0.094202,0
D_0002513995,1,0.985714,1
D_0002514079,1,0.797674,1
D_0002514583,1,0.988711,1
D_0002514625,1,0.975478,1
D_0002515297,1,0.553672,1
D_0002515591,1,0.185121,1
D_0002516830,0,0.072639,0
D_0002516872,1,0.995286,1
D_0002516998,1,0.986806,1
D_0002517040,0,0.038927,0
D_0002517061,0,0.066972,0
D_0002517082,0,0.029091,0
D_0002517628,1,0.991943,1
D_0002517775,0,0.064461,0
D_0002518237,0,0.002246,0
D_0002519371,0,0.125665,0
D_0002519392,0,0.030412,0
D_0002519812,0,0.048385,0
D_0002520232,1,0.987111,1
D_0002520505,0,0.052970,0
D_0002521933,0,0.034801,0
D_0002522416,1,0.991082,1
D_0002522668,1,0.963228,1
D_0002522689,1,0.988101,1
D_0002522815,0,0.100272,0
D_0002522941,0,0.069977,0
D_0002522983,0,0.095885,0
D_0002523550,0,0.058581,0
D_0002523802,1,0.986120,1
D_0002525986,0,0.017624,0
D_0002526133,0,0.358473,1
D_0002526175,1,0.992276,1
D_0002526280,1,0.991480,1
D_0002526343,1,0.980943,1
D_0002526847,0,0.067356,0
D_0002527057,0,0.828388,1
D_0002528590,1,0.989039,1
D_0002528737,1,0.987155,1
D_0002529073,0,0.156260,1
D_0002529451,0,0.098002,0
D_0002529598,0,0.131355,0
D_0002529892,1,0.986652,1
D_0002530081,1,0.701003,1
D_0002530501,1,0.991125,1
D_0002530921,1,0.130458,0
D_0002531194,1,0.979318,1
D_0002531467,0,0.210081,1
D_0002531551,0,0.065858,0
D_0002531929,1,0.981656,1
D_0002532118,1,0.661695,1
D_0002532139,0,0.127491,0
D_0002532223,1,0.034806,0
D_0002532391,1,0.328686,1
D_0002533504,1,0.671836,1
D_0002533609,1,0.702306,1
D_0002533756,1,0.999880,1
D_0002533861,0,0.152156,1
D_0002534344,0,0.079030,0
D_0002535478,1,0.152989,1
D_0002535646,1,0.993381,1
D_0002535709,1,0.984500,1
D_0002536045,1,0.985979,1
D_0002536255,0,0.989817,1
D_0002536675,1,0.999745,1
D_0002536822,1,0.162626,1
D_0002538229,0,0.081550,0
D_0002538250,1,0.968673,1
D_0002538670,0,0.069982,0
D_0002538733,1,0.996412,1
D_0002538796,0,0.081906,0
D_0002539279,1,0.994052,1
D_0002539678,0,0.118901,0
D_0002539909,0,0.149122,0
D_0002539951,1,0.884539,1
D_0002540098,1,0.994460,1
D_0002540203,1,0.994443,1
D_0002540749,0,0.045821,0
D_0002541547,1,0.986408,1
D_0002542261,0,0.065794,0
D_0002542576,1,0.172348,1
D_0002542597,1,0.892436,1
D_0002542912,1,0.993467,1
D_0002543521,1,0.967498,1
D_0002543542,0,0.073119,0
D_0002543668,0,0.056896,0
D_0002543878,1,0.984908,1
D_0002544088,1,0.335295,1
D_0002544382,1,0.452715,1
D_0002545159,0,0.100772,0
D_0002545180,0,0.031802,0
D_0002545348,1,0.079625,0
D_0002545558,1,0.045985,0
D_0002545789,0,0.167014,1
D_0002545957,1,0.995138,1
D_0002546104,0,0.034507,0
D_0002546335,1,0.986237,1
D_0002546650,1,0.947933,1
D_0002546671,0,0.062473,0
D_0002546818,1,0.970861,1
D_0002546881,0,0.080376,0
D_0002547133,1,0.921405,1
D_0002547385,0,0.082839,0
D_0002547574,0,0.139061,0
D_0002547763,1,0.830942,1
D_0002548036,1,0.979422,1
D_0002548435,1,0.996129,1
D_0002549506,1,0.982326,1
D_0002549674,0,0.084337,0
D_0002549695,1,0.992448,1
D_0002549884,1,0.974332,1
D_0002550430,0,0.075371,0
D_0002550556,1,0.990690,1
D_0002550976,1,0.984122,1
D_0002551081,0,0.011142,0
D_0002551165,1,0.154801,1
D_0002551606,1,0.980217,1
D_0002551921,1,0.991467,1
D_0002552215,1,0.996141,1
D_0002552467,1,0.993987,1
D_0002552782,0,0.117191,0
D_0002553433,1,0.884571,1
D_0002553517,0,0.067041,0
D_0002553580,0,0.019732,0
D_0002553895,1,0.001325,0
D_0002553916,1,0.997375,1
D_0002554273,0,0.114767,0
D_0002554357,1,0.081490,0
D_0002554441,1,0.990824,1
D_0002554735,0,0.656479,1
D_0002554882,0,0.125775,0
D_0002554924,1,0.990064,1
D_0002555176,1,0.053997,0
D_0002556583,1,0.927205,1
D_0002557213,1,0.983148,1
D_0002557780,0,0.113162,0
D_0002557990,0,0.048746,0
D_0002558494,0,0.038103,0
D_0002558599,0,0.166254,1
D_0002558620,0,0.085948,0
D_0002558683,1,0.802347,1
D_0002559544,0,0.019607,0
D_0002560111,1,0.968657,1
D_0002560468,0,0.020404,0
D_0002560741,0,0.033203,0
D_0002562820,0,0.023534,0
D_0002563030,0,0.144695,0
D_0002563072,0,0.091449,0
D_0002563366,1,0.255073,1
D_0002563828,0,0.035835,0
D_0002564689,0,0.062523,0
D_0002564941,0,0.026343,0
D_0002565634,1,0.990539,1
D_0002565949,1,0.991280,1
D_0002566264,1,0.990391,1
D_0002567125,1,0.069697,0
D_0002567608,1,0.168250,1
D_0002567671,1,0.986772,1
D_0002568049,0,0.060101,0
D_0002568385,0,0.023162,0
D_0002568658,1,0.998427,1
D_0002569141,0,0.165492,1
D_0002569267,1,0.992577,1
D_0002569393,1,0.161745,1
D_0002569540,1,0.100386,0
D_0002569645,1,0.442458,1
D_0002569687,1,0.977336,1
D_0002570296,1,0.991121,1
D_0002570758,1,0.984117,1
D_0002570884,0,0.778337,1
D_0002571031,0,0.061284,0
D_0002572039,0,0.039312,0
D_0002572060,0,0.066996,0
D_0002572438,1,0.992269,1
D_0002572921,0,0.018530,0
D_0002573488,0,0.023569,0
D_0002573824,0,0.183336,1
D_0002574328,1,0.983567,1
D_0002574748,1,0.991961,1
D_0002574832,1,0.607473,1
D_0002575063,0,0.084512,0
D_0002575084,1,0.892335,1
D_0002575315,0,0.026248,0
D_0002575819,1,0.976350,1
D_0002576575,0,0.175478,1
D_0002576638,1,0.136690,0
D_0002577499,1,0.999878,1
D_0002577604,1,0.105231,0
D_0002578108,1,0.992368,1
D_0002578171,1,0.994987,1
D_0002578318,1,0.895710,1
D_0002578402,0,0.143129,0
D_0002578570,0,0.022470,0
D_0002578759,1,0.132796,0
D_0002579116,0,0.938339,1
D_0002579662,1,0.950383,1
D_0002580481,1,0.986226,1
D_0002580838,1,0.992205,1
D_0002580985,1,0.173559,1
D_0002581153,1,0.031046,0
D_0002581363,1,0.963822,1
D_0002581615,0,0.027111,0
D_0002581741,0,0.053674,0
D_0002583169,1,0.947856,1
D_0002583694,1,0.989648,1
D_0002583736,0,0.033457,0
D_0002584807,1,0.991949,1
D_0002584933,0,0.049508,0
D_0002584975,0,0.046702,0
D_0002585206,0,0.059602,0
D_0002585479,1,0.989152,1
D_0002585563,1,0.981942,1
D_0002585710,0,0.071492,0
D_0002586592,0,0.098530,0
D_0002586697,1,0.992343,1
D_0002587306,1,0.992825,1
D_0002587621,1,0.988001,1
D_0002587789,0,0.055523,0
D_0002587873,0,0.386973,1
D_0002588020,1,0.208185,1
D_0002588776,0,0.099246,0
D_0002589133,0,0.077442,0
D_0002589784,1,0.509023,1
D_0002590918,0,0.161235,1
D_0002591338,1,0.243234,1
D_0002591443,1,0.931873,1
D_0002591506,1,0.357288,1
D_0002591947,1,0.084960,0
D_0002591968,0,0.083827,0
D_0002592136,0,0.973204,1
D_0002592346,1,0.973668,1
D_0002592367,0,0.130567,0
D_0002592745,1,0.995499,1
D_0002592808,1,0.185878,1
D_0002592976,1,0.955580,1
D_0002593312,0,0.018405,0
D_0002593459,0,0.036786,0
D_0002593732,1,0.994105,1
D_0002593900,1,0.990893,1
D_0002594152,1,0.095470,0
D_0002594341,1,0.999602,1
D_0002594908,1,0.996182,1
D_0002595097,1,0.141832,0
D_0002595370,1,0.902671,1
D_0002596105,1,0.994974,1
D_0002597071,0,0.227487,1
D_0002597260,0,0.019979,0
D_0002598205,1,0.133333,0
D_0002598415,0,0.088553,0
D_0002598646,1,0.177457,1
D_0002598814,0,0.144007,0
D_0002598835,0,0.065944,0
D_0002599738,0,0.057388,0
D_0002599801,0,0.133319,0
D_0002599948,1,0.987307,1
D_0002600074,1,0.985436,1
D_0002600116,1,0.063956,0
D_0002600179,0,0.077521,0
D_0002600305,0,0.044785,0
D_0002600557,0,0.082214,0
D_0002600788,1,0.987094,1
D_0002600830,1,0.977138,1
D_0002601145,0,0.076095,0
D_0002601292,0,0.014303,0
D_0002602258,0,0.096617,0
D_0002602804,1,0.996523,1
D_0002603035,1,0.994825,1
D_0002603098,1,0.096267,0
D_0002603392,0,0.063533,0
D_0002604127,1,0.086398,0
D_0002604169,0,0.033870,0
D_0002604862,1,0.981130,1
D_0002604988,0,0.052174,0
D_0002605408,1,0.981593,1
D_0002605492,1,0.983540,1
D_0002605639,0,0.105795,0
D_0002605786,0,0.810668,1
D_0002605975,1,0.995778,1
D_0002606248,1,0.984037,1
D_0002606437,1,0.999989,1
D_0002606521,1,0.988449,1
D_0002606836,1,0.154397,1
D_0002606983,0,0.057956,0
D_0002607046,1,0.988775,1
D_0002607382,1,0.989553,1
D_0002607634,1,0.983389,1
D_0002607823,1,0.391404,1
D_0002607844,1,0.966087,1
D_0002608432,1,0.997614,1
D_0002608474,0,0.519710,1
D_0002608516,1,0.996542,1
D_0002608726,0,0.258025,1
D_0002609104,1,0.391130,1
D_0002609230,0,0.078779,0
D_0002609524,0,0.091174,0
D_0002609734,1,0.993755,1
D_0002610049,0,0.213215,1
D_0002610238,1,0.986401,1
D_0002610301,1,0.975385,1
D_0002610700,1,0.991085,1
D_0002611078,1,0.995070,1
D_0002611141,0,0.364419,1
D_0002611246,1,0.264977,1
D_0002611666,1,0.994254,1
D_0002612569,1,0.395048,1
D_0002613178,1,0.999250,1
D_0002613304,1,0.983266,1
D_0002613745,1,0.994107,1
D_0002613829,0,0.025440,0
D_0002613976,0,0.030424,0
D_0002614081,0,0.044370,0
D_0002614648,1,0.045323,0
D_0002614816,1,0.163066,1
D_0002615068,1,0.142254,0
D_0002615194,1,0.988454,1
D_0002615236,0,0.035623,0
D_0002615446,0,0.967717,1
D_0002615509,1,0.970179,1
D_0002616727,1,0.999081,1
D_0002616790,1,0.976878,1
D_0002616916,1,0.986579,1
D_0002617000,0,0.086242,0
D_0002617714,1,0.992784,1
D_0002618575,0,0.067462,0
D_0002618764,1,0.992084,1
D_0002618932,1,0.992211,1
D_0002619100,1,0.997310,1
D_0002619184,1,0.983051,1
D_0002619373,1,0.977410,1
D_0002619688,0,0.094000,0
D_0002619730,0,0.039474,0
D_0002619751,0,0.140519,0
D_0002620906,1,0.104863,0
D_0002620927,0,0.024033,0
D_0002621935,1,0.992724,1
D_0002622103,0,0.085563,0
D_0002622229,1,0.998335,1
D_0002622565,1,0.191702,1
D_0002623090,1,0.956032,1
D_0002623573,0,0.165585,1
D_0002623615,1,0.997777,1
D_0002624098,0,0.118442,0
D_0002624560,0,0.065082,0
D_0002624686,1,0.997352,1
D_0002624707,0,0.946083,1
D_0002624749,0,0.061119,0
D_0002624938,1,0.979618,1
D_0002624959,1,0.987286,1
D_0002625127,0,0.029449,0
D_0002625253,1,0.068837,0
D_0002625379,0,0.080085,0
D_0002626261,1,0.159746,1
D_0002626303,0,0.066776,0
D_0002626912,1,0.983694,1
D_0002627227,1,0.989073,1
D_0002627269,0,0.053978,0
D_0002627815,1,0.967673,1
D_0002627878,1,0.979911,1
D_0002628235,0,0.125667,0
D_0002628655,1,0.263349,1
D_0002630440,1,0.974160,1
D_0002630545,0,0.038814,0
D_0002630692,1,0.994615,1
D_0002632309,1,0.983485,1
D_0002632561,1,0.086450,0
D_0002632876,1,0.967264,1
D_0002633107,1,0.996045,1
D_0002633212,1,0.964154,1
D_0002633254,0,0.084414,0
D_0002633317,0,0.007606,0
D_0002633737,0,0.014715,0
D_0002634283,1,0.008707,0
D_0002634409,0,0.208005,1
D_0002635711,0,0.029907,0
D_0002635753,1,0.982668,1
D_0002636152,0,0.224685,1
D_0002636320,0,0.196139,1
D_0002636446,0,0.082111,0
D_0002636488,0,0.046413,0
D_0002636803,1,0.980339,1
D_0002637433,1,0.986312,1
D_0002637685,0,0.029608,0
D_0002637979,1,0.944619,1
D_0002638147,0,0.072000,0
D_0002638609,1,0.172525,1
D_0002638672,0,0.070667,0
D_0002638756,1,0.993956,1
D_0002639218,0,0.069089,0
D_0002639281,0,0.978706,1
D_0002639302,0,0.036260,0
D_0002639617,0,0.155866,1
D_0002639701,1,0.173879,1
D_0002639722,0,0.166022,1
D_0002640016,1,0.985990,1
D_0002640415,1,0.993823,1
D_0002640730,1,0.988088,1
D_0002640877,0,0.128788,0
D_0002640961,1,0.992468,1
D_0002640982,1,0.990457,1
D_0002641276,1,0.822884,1
D_0002641633,0,0.022874,0
D_0002641654,1,0.996240,1
D_0002641675,0,0.027264,0
D_0002641717,0,0.210235,1
D_0002641906,0,0.078963,0
D_0002642011,0,0.019675,0
D_0002642074,1,0.988606,1
D_0002642116,0,0.032458,0
D_0002642368,0,0.010456,0
D_0002642578,0,0.069583,0
D_0002643250,1,0.654843,1
D_0002643271,1,0.992140,1
D_0002643355,1,0.106113,0
D_0002643502,0,0.062866,0
D_0002644195,1,0.860771,1
D_0002644321,0,0.024062,0
D_0002644552,1,0.524484,1
D_0002644657,0,0.038674,0
D_0002646967,0,0.150785,1
D_0002647261,1,0.940843,1
D_0002648122,0,0.040633,0
D_0002648227,1,0.993884,1
D_0002648479,1,0.991447,1
D_0002649046,1,0.097043,0
D_0002649193,0,0.043096,0
D_0002649508,1,0.964040,1
D_0002649592,1,0.995732,1
D_0002650012,0,0.034540,0
D_0002650180,1,0.976967,1
D_0002650348,1,0.058958,0
D_0002650600,1,0.988320,1
D_0002650642,1,0.985686,1
D_0002651419,1,0.999744,1
D_0002651545,1,0.993576,1
D_0002651839,0,0.100073,0
D_0002652259,0,0.129930,0
D_0002652280,1,0.434198,1
D_0002652448,1,0.876002,1
D_0002652805,1,0.944045,1
D_0002652847,1,0.992703,1
D_0002653204,1,0.282408,1
D_0002653372,1,0.134634,0
D_0002653519,1,0.976018,1
D_0002653918,1,0.988602,1
D_0002654044,1,0.988991,1
D_0002654380,1,0.983087,1
D_0002654485,1,0.400156,1
D_0002654569,0,0.072605,0
D_0002655031,1,0.987940,1
D_0002655262,0,0.076572,0
D_0002655640,0,0.057374,0
D_0002655766,0,0.120971,0
D_0002656123,1,0.985120,1
D_0002656291,0,0.223972,1
D_0002656333,1,0.995011,1
D_0002656795,0,0.107258,0
D_0002656837,1,0.987480,1
D_0002657236,0,0.135679,0
D_0002657362,0,0.104529,0
D_0002657446,0,0.042690,0
D_0002657467,1,0.919837,1
D_0002657593,0,0.283127,1
D_0002657740,0,0.090986,0
D_0002657992,1,0.990903,1
D_0002659021,1,0.076198,0
D_0002659252,1,0.988911,1
D_0002659462,1,0.140138,0
D_0002659504,1,0.928399,1
D_0002660197,0,0.015724,0
D_0002660722,1,0.990978,1
D_0002660848,1,0.991850,1
D_0002661436,1,0.994483,1
D_0002661478,0,0.094482,0
D_0002661520,1,0.983650,1
D_0002661646,1,0.970713,1
D_0002661877,1,0.056478,0
D_0002662150,0,0.085870,0
D_0002662465,0,0.105249,0
D_0002662507,0,0.049039,0
D_0002662822,1,0.981028,1
D_0002662948,0,0.015556,0
D_0002663074,0,0.106285,0
D_0002663725,1,0.984624,1
D_0002663746,0,0.126266,0
D_0002663767,1,0.645090,1
D_0002664796,1,0.874848,1
D_0002664859,0,0.124304,0
D_0002665195,0,0.187731,1
D_0002665552,0,0.057687,0
D_0002666077,1,0.983590,1
D_0002666917,0,0.086185,0
D_0002667379,0,0.020900,0
D_0002667862,1,0.097678,0
D_0002668030,0,0.017192,0
D_0002668408,0,0.242249,1
D_0002668492,1,0.523664,1
D_0002668807,1,0.263728,1
D_0002669017,1,0.258517,1
D_0002669038,1,0.994154,1
D_0002669794,0,0.066606,0
D_0002669836,0,0.083283,0
D_0002670214,1,0.988139,1
D_0002670865,1,0.998170,1
D_0002670928,0,0.136524,0
D_0002671075,1,0.674832,1
D_0002671117,0,0.235357,1
D_0002671138,0,0.038482,0
D_0002671306,0,0.081921,0
D_0002671432,0,0.234458,1
D_0002671516,1,0.970731,1
D_0002671537,1,0.989262,1
D_0002671579,1,0.989281,1
D_0002671747,0,0.052926,0
D_0002671810,0,0.029928,0
D_0002672356,1,0.991653,1
D_0002672398,1,0.987485,1
D_0002672881,1,0.967397,1
D_0002673931,0,0.104736,0
D_0002674309,0,0.140845,0
D_0002674435,1,0.982695,1
D_0002674834,1,0.278833,1
D_0002675023,0,0.232099,1
D_0002675653,1,0.984524,1
D_0002675779,1,0.964211,1
D_0002676262,0,0.121273,0
D_0002676472,1,0.985383,1
D_0002676535,1,0.986081,1
D_0002676871,1,0.902044,1
D_0002677060,0,0.076504,0
D_0002677123,0,0.048980,0
D_0002677144,1,0.964091,1
D_0002677270,1,0.988036,1
D_0002677417,1,0.252161,1
D_0002678131,0,0.310276,1
D_0002678215,0,0.077716,0
D_0002678593,1,0.968008,1
D_0002678656,1,0.769284,1
D_0002678740,0,0.044093,0
D_0002679202,0,0.106616,0
D_0002679580,0,0.067700,0
D_0002679748,1,0.953509,1
D_0002679958,1,0.991139,1
D_0002680105,0,0.054192,0
D_0002680735,0,0.281960,1
D_0002680819,0,0.064624,0
D_0002680840,1,0.989129,1
D_0002680882,1,0.102987,0
D_0002681155,1,0.977653,1
D_0002681218,0,0.344204,1
D_0002681533,0,0.056585,0
D_0002682100,0,0.025639,0
D_0002682436,0,0.159756,1
D_0002682562,1,0.994732,1
D_0002682604,1,0.991488,1
D_0002683171,1,0.985185,1
D_0002683234,1,0.805089,1
D_0002683486,0,0.044154,0
D_0002684368,0,0.004336,0
D_0002684473,0,0.227545,1
D_0002684536,0,0.037423,0
D_0002684935,0,0.058932,0
D_0002685271,1,0.095141,0
D_0002685292,1,0.057338,0
D_0002685649,1,0.243645,1
D_0002686090,1,0.988587,1
D_0002686153,0,0.051606,0
D_0002686342,0,0.205339,1
D_0002686573,1,0.943121,1
D_0002686594,1,0.973439,1
D_0002686636,0,0.038420,0
D_0002687329,0,0.096996,0
D_0002687434,0,0.985185,1
D_0002688274,1,0.987388,1
D_0002688442,1,0.858190,1
D_0002688673,0,0.141751,0
D_0002688715,0,0.088694,0
D_0002688820,1,0.989788,1
D_0002688967,1,0.993337,1
D_0002689072,1,0.999678,1
D_0002689093,0,0.004214,0
D_0002689576,0,0.067311,0
D_0002689723,1,0.103210,0
D_0002689870,1,0.988455,1
D_0002689912,0,0.030839,0
D_0002689954,0,0.005852,0
D_0002689975,0,0.217249,1
D_0002690059,1,0.216632,1
D_0002690248,0,0.161375,1
D_0002690311,1,0.161455,1
D_0002690626,0,0.089394,0
D_0002690815,0,0.019744,0
D_0002691046,0,0.249041,1
D_0002691781,1,0.971139,1
D_0002692012,1,0.110250,0
D_0002692537,1,0.157922,1
D_0002692873,1,0.984596,1
D_0002692915,1,0.072652,0
D_0002693083,1,0.199231,1
D_0002693545,0,0.111852,0
D_0002693986,0,0.021504,0
D_0002694091,0,0.119861,0
D_0002694259,0,0.157726,1
D_0002694406,0,0.096325,0
D_0002694448,1,0.979625,1
D_0002694994,0,0.486992,1
D_0002695834,1,0.095110,0
D_0002695960,1,0.901011,1
D_0002696443,1,0.996123,1
D_0002696926,1,0.994985,1
D_0002697913,0,0.104899,0
D_0002698102,0,0.045613,0
D_0002698249,0,0.103622,0
D_0002698396,1,0.992073,1
D_0002698627,0,0.032693,0
D_0002698711,1,0.654064,1
D_0002698732,0,0.011333,0
D_0002698858,1,0.993846,1
D_0002699026,0,0.050259,0
D_0002699110,1,0.968882,1
D_0002699614,1,0.975454,1
D_0002700181,0,0.147475,0
D_0002700496,1,0.918298,1
D_0002700874,1,0.108837,0
D_0002701378,1,0.992304,1
D_0002701609,1,0.991374,1
D_0002701798,0,0.290718,1
D_0002701882,1,0.927856,1
D_0002703142,1,0.365767,1
D_0002703835,0,0.869810,1
D_0002703856,0,0.149821,1
D_0002704507,1,0.079900,0
D_0002705032,1,0.991060,1
D_0002705095,0,0.147593,0
D_0002705410,1,0.993521,1
D_0002705662,1,0.965975,1
D_0002706103,1,0.987330,1
D_0002706208,1,0.977272,1
D_0002706250,0,0.290633,1
D_0002706292,0,0.270232,1
D_0002706460,1,0.078566,0
D_0002706628,0,0.023174,0
D_0002706649,1,0.980021,1
D_0002706985,0,0.303193,1
D_0002707006,1,0.995420,1
D_0002708056,0,0.019180,0
D_0002708245,0,0.979370,1
D_0002708497,0,0.074305,0
D_0002708623,0,0.034134,0
D_0002708644,0,0.093303,0
D_0002709316,0,0.007819,0
D_0002709715,1,0.988889,1
D_0002709778,1,0.999998,1
D_0002709925,0,0.082652,0
D_0002710324,1,0.042663,0
D_0002711269,0,0.155024,1
D_0002711458,0,0.181372,1
D_0002711752,1,0.995074,1
D_0002712235,0,0.059063,0
D_0002712361,1,0.994668,1
D_0002712424,0,0.086486,0
D_0002712487,1,0.984399,1
D_0002712970,1,0.992479,1
D_0002713138,1,0.847137,1
D_0002713159,0,0.132302,0
D_0002713390,1,0.973548,1
D_0002713474,1,0.096674,0
D_0002713579,0,0.014257,0
D_0002714251,0,0.098328,0
D_0002714398,1,0.999136,1
D_0002714524,0,0.415456,1
D_0002715049,1,0.987062,1
D_0002715259,0,0.050227,0
D_0002715658,0,0.186523,1
D_0002715700,1,0.550865,1
D_0002716036,1,0.208537,1
D_0002716351,0,0.145766,0
D_0002716372,1,0.986821,1
D_0002716561,1,0.989776,1
D_0002716603,0,0.945954,1
D_0002716834,1,0.979714,1
D_0002717128,1,0.992855,1
D_0002717149,0,0.070598,0
D_0002717527,1,0.147250,0
D_0002717926,1,0.094506,0
D_0002718199,0,0.130536,0
D_0002718241,0,0.279522,1
D_0002718262,1,0.993856,1
D_0002718514,1,0.984447,1
D_0002718535,1,0.948723,1
D_0002718682,1,0.991567,1
D_0002718745,0,0.021661,0
D_0002718808,0,0.058741,0
D_0002718892,1,0.988486,1
D_0002718934,0,0.046457,0
D_0002719144,0,0.958214,1
D_0002719270,0,0.020050,0
D_0002719417,1,0.419818,1
D_0002719522,1,0.123040,0
D_0002719921,0,0.076715,0
D_0002720005,1,0.984410,1
D_0002720215,1,0.296191,1
D_0002720425,0,0.112001,0
D_0002720782,1,0.980365,1
D_0002720887,1,0.988305,1
D_0002720950,1,0.978298,1
D_0002721139,0,0.101894,0
D_0002721559,0,0.069127,0
D_0002721727,0,0.937111,1
D_0002721832,1,0.995456,1
D_0002721874,1,0.990176,1
D_0002722000,1,0.128637,0
D_0002722315,0,0.172430,1
D_0002722378,1,0.568953,1
D_0002722588,1,0.969634,1
D_0002722735,0,0.217519,1
D_0002723008,0,0.219489,1
D_0002723029,1,0.994784,1
D_0002723155,0,0.062954,0
D_0002723428,1,0.999963,1
D_0002723470,0,0.259008,1
D_0002723680,0,0.148164,0
D_0002724184,1,0.030613,0
D_0002724268,1,0.995585,1
D_0002724625,0,0.087594,0
D_0002725213,0,0.075958,0
D_0002725339,0,0.069156,0
D_0002725864,0,0.955238,1
D_0002726116,1,0.996886,1
D_0002726179,1,0.214598,1
D_0002726452,1,0.986989,1
D_0002727565,1,0.989057,1
D_0002728090,1,0.098142,0
D_0002728636,0,0.185055,1
D_0002728678,1,0.446270,1
D_0002728804,1,0.200084,1
D_0002729140,0,0.010763,0
D_0002729203,1,0.976686,1
D_0002729308,1,0.054870,0
D_0002730043,1,0.592614,1
D_0002730589,0,0.035938,0
D_0002730799,1,0.988595,1
D_0002731387,0,0.968792,1
D_0002731702,0,0.096577,0
D_0002731975,0,0.040247,0
D_0002732038,0,0.229868,1
D_0002732647,1,0.307841,1
D_0002732941,1,0.231249,1
D_0002733109,0,0.110140,0
D_0002733487,1,0.989339,1
D_0002733802,1,0.996835,1
D_0002733823,0,0.046161,0
D_0002734117,0,0.031234,0
D_0002734369,1,0.047022,0
D_0002734852,1,0.989887,1
D_0002735020,1,1.000000,1
D_0002735482,0,0.052383,0
D_0002735587,1,0.980277,1
D_0002735776,1,0.993882,1
D_0002735944,1,0.969511,1
D_0002737393,1,0.063933,0
D_0002737561,1,0.086969,0
D_0002737582,1,0.969333,1
D_0002738758,1,0.146887,0
D_0002738779,1,0.990448,1
D_0002738800,0,0.015638,0
D_0002739178,0,0.087356,0
D_0002739577,0,0.046263,0
D_0002740270,1,0.982793,1
D_0002740690,1,0.992184,1
D_0002741509,0,0.086029,0
D_0002741908,1,0.991482,1
D_0002741950,0,0.064804,0
D_0002742160,0,0.040512,0
D_0002742496,0,0.204362,1
D_0002742790,1,0.186383,1
D_0002742811,1,0.994474,1
D_0002743252,0,0.031176,0
D_0002743420,0,0.109024,0
D_0002743651,1,0.990837,1
D_0002743714,0,0.021302,0
D_0002743798,1,0.991705,1
D_0002744407,1,0.758601,1
D_0002744680,0,0.031587,0
D_0002744722,1,0.955122,1
D_0002744869,1,0.991186,1
D_0002746402,0,0.060320,0
D_0002746570,0,0.095263,0
D_0002746591,1,0.136859,0
D_0002746822,1,0.990515,1
D_0002747620,1,0.334168,1
D_0002747641,0,0.202838,1
D_0002748103,1,0.974832,1
D_0002748271,0,0.047970,0
D_0002748334,1,0.992534,1
D_0002748460,1,0.990275,1
D_0002748586,1,0.120830,0
D_0002748775,0,0.052167,0
D_0002749531,1,0.098324,0
D_0002749930,0,0.121861,0
D_0002750266,0,0.109102,0
D_0002750329,0,0.065872,0
D_0002750413,1,0.985302,1
D_0002751022,1,0.145938,0
D_0002751379,0,0.187076,1
D_0002751841,0,0.245368,1
D_0002752555,1,0.329264,1
D_0002752723,0,0.970378,1
D_0002752828,1,0.981020,1
D_0002753038,1,0.993891,1
D_0002753227,1,0.966343,1
D_0002753437,0,0.050934,0
D_0002753710,1,0.153839,1
D_0002753794,0,0.062899,0
D_0002754256,1,0.991193,1
D_0002754298,1,0.145946,0
D_0002754340,0,0.055891,0
D_0002754466,0,0.061541,0
D_0002755159,0,0.066977,0
D_0002755264,1,0.142998,0
D_0002755642,0,0.101232,0
D_0002755663,0,0.068420,0
D_0002756062,0,0.104484,0
D_0002756251,1,0.976353,1
D_0002756272,0,0.148439,0
D_0002757133,0,0.114397,0
D_0002757910,1,0.994810,1
D_0002758162,1,0.082071,0
D_0002758393,1,0.991283,1
D_0002758456,0,0.373344,1
D_0002758624,1,0.067720,0
D_0002758729,1,0.170043,1
D_0002758813,1,0.080472,0
D_0002758834,1,0.511834,1
D_0002759023,0,0.010771,0
D_0002759086,0,0.069655,0
D_0002759212,1,0.994851,1
D_0002759422,0,0.070710,0
D_0002760010,0,0.076983,0
D_0002760451,1,0.057707,0
D_0002760724,1,0.992754,1
D_0002761942,0,0.204910,1
D_0002762026,1,0.110244,0
D_0002762152,0,0.083733,0
D_0002762845,1,0.973221,1
D_0002762950,1,0.131934,0
D_0002763832,1,0.992438,1
D_0002765008,0,0.024292,0
D_0002765029,1,0.150110,1
D_0002765575,0,0.086646,0
D_0002766562,1,0.081723,0
D_0002766646,0,0.123380,0
D_0002766688,1,0.989287,1
D_0002767192,0,0.092443,0
D_0002767213,1,0.994300,1
D_0002767297,0,0.094509,0
D_0002767486,0,0.053164,0
D_0002767906,1,0.112295,0
D_0002768032,1,0.956882,1
D_0002768053,1,0.983440,1
D_0002768746,1,0.993672,1
D_0002769439,0,0.090843,0
D_0002769544,0,0.046273,0
D_0002770279,0,0.014295,0
D_0002770783,1,0.116313,0
D_0002770972,1,0.314215,1
D_0002771308,1,0.986437,1
D_0002771581,0,0.151791,1
D_0002771749,0,0.038028,0
D_0002772631,0,0.198901,1
D_0002772820,1,0.108563,0
D_0002772883,0,0.097384,0
D_0002772946,1,0.960365,1
D_0002773387,1,0.984307,1
D_0002773534,1,0.894344,1
D_0002773702,0,0.191171,1
D_0002773933,1,0.948213,1
D_0002774332,1,0.971732,1
D_0002774437,0,0.042219,0
D_0002774710,1,0.124797,0
D_0002775109,0,0.072304,0
D_0002775193,0,0.170477,1
D_0002775655,1,0.990714,1
D_0002776180,1,0.985862,1
D_0002776495,0,0.034277,0
D_0002776852,0,0.026403,0
D_0002776894,0,0.161097,1
D_0002777566,0,0.666231,1
D_0002777776,1,0.992914,1
D_0002778028,0,0.063197,0
D_0002778469,0,0.133009,0
D_0002778553,0,0.050951,0
D_0002778889,0,0.038638,0
D_0002779162,1,0.987601,1
D_0002779246,1,0.978263,1
D_0002779414,1,0.992219,1
D_0002779540,1,0.985662,1
D_0002779729,1,0.991904,1
D_0002779771,1,0.999979,1
D_0002780128,0,0.091882,0
D_0002780296,1,0.988042,1
D_0002780464,1,0.080549,0
D_0002780527,0,0.156943,1
D_0002780863,1,0.301403,1
D_0002780926,1,0.160601,1
D_0002781115,1,0.999023,1
D_0002781556,0,0.026875,0
D_0002781724,0,0.095108,0
D_0002782018,0,0.050899,0
D_0002782354,1,0.987104,1
D_0002782984,0,0.078830,0
D_0002783614,1,0.980457,1
D_0002783677,1,0.993755,1
D_0002783992,0,0.072569,0
D_0002784034,1,0.086014,0
D_0002784328,0,0.088794,0
D_0002784349,1,0.990005,1
D_0002784391,1,0.079718,0
D_0002784475,1,0.999534,1
D_0002784622,0,0.287976,1
D_0002784790,1,0.287057,1
D_0002784853,0,0.060491,0
D_0002785231,0,0.057901,0
D_0002785294,1,0.994777,1
D_0002785546,1,0.995447,1
D_0002786407,1,0.090007,0
D_0002787184,0,0.991944,1
D_0002788486,1,0.999827,1
D_0002788507,0,0.165280,1
D_0002788864,0,0.136858,0
D_0002789074,0,0.062007,0
D_0002789368,0,0.031369,0
D_0002789893,0,0.096851,0
D_0002790292,1,0.995954,1
D_0002790418,0,0.081968,0
D_0002790481,0,0.988563,1
D_0002790796,0,0.082255,0
D_0002790943,1,0.042560,0
D_0002791363,1,0.079889,0
D_0002791573,1,0.984091,1
D_0002791951,1,0.112759,0
D_0002792098,0,0.047563,0
D_0002792182,1,0.990357,1
D_0002792518,1,0.986978,1
D_0002792581,1,0.211252,1
D_0002792728,0,0.040065,0
D_0002793295,1,0.992227,1
D_0002794303,1,0.986926,1
D_0002794387,1,0.260581,1
D_0002794471,0,0.113028,0
D_0002794723,1,0.871096,1
D_0002795584,1,0.979643,1
D_0002795605,0,0.738859,1
D_0002796088,0,0.121474,0
D_0002796256,0,0.090192,0
D_0002796277,1,0.088934,0
D_0002796319,0,0.077362,0
D_0002796340,0,0.022628,0
D_0002796634,1,0.195793,1
D_0002797600,0,0.024918,0
D_0002797789,1,0.987540,1
D_0002798251,0,0.113689,0
D_0002798377,1,0.985109,1
D_0002798419,1,0.984478,1
D_0002798587,1,0.992301,1
D_0002798692,1,0.501880,1
D_0002798881,0,0.016369,0
D_0002799490,0,0.031738,0
D_0002799553,1,0.982686,1
D_0002799637,1,0.990406,1
D_0002799784,0,0.056939,0
D_0002799889,0,0.234109,1
D_0002800120,0,0.020767,0
D_0002800414,1,0.981618,1
D_0002800456,0,0.041236,0
D_0002801086,1,0.817434,1
D_0002801233,1,0.608745,1
D_0002801296,0,0.057859,0
D_0002801422,0,0.021694,0
D_0002801569,0,0.224226,1
D_0002801863,0,0.019944,0
D_0002802220,1,0.961660,1
D_0002802598,0,0.074400,0
D_0002802619,0,0.053047,0
D_0002803816,1,0.994867,1
D_0002804173,1,0.987413,1
D_0002804278,1,0.982109,1
D_0002804572,1,0.988471,1
D_0002804614,1,0.987862,1
D_0002804992,0,0.091816,0
D_0002805013,0,0.117580,0
D_0002805118,0,0.208493,1
D_0002805202,0,0.085633,0
D_0002805349,1,0.989862,1
D_0002805727,1,0.334025,1
D_0002806000,1,0.987659,1
D_0002806441,0,0.134851,0
D_0002807365,0,0.170366,1
D_0002807743,0,0.110929,0
D_0002808121,0,0.959898,1
D_0002809108,1,0.986870,1
D_0002809150,0,0.045415,0
D_0002809213,0,0.041209,0
D_0002809570,0,0.301301,1
D_0002810137,0,0.176553,1
D_0002810263,1,0.975963,1
D_0002810347,0,0.054194,0
D_0002810557,0,0.097893,0
D_0002810620,1,0.147369,0
D_0002810788,1,0.898161,1
D_0002810872,1,0.990771,1
D_0002811838,1,0.057961,0
D_0002812867,0,0.119799,0
D_0002813077,0,0.131440,0
D_0002813098,1,0.292695,1
D_0002813350,1,0.996151,1
D_0002813833,1,0.142122,0
D_0002813959,1,0.989672,1
D_0002814127,0,0.252488,1
D_0002814211,0,0.074523,0
D_0002814778,1,0.984585,1
D_0002815156,1,0.992276,1
D_0002815891,1,0.196223,1
D_0002816437,1,0.987916,1
D_0002816584,0,0.016007,0
D_0002816815,1,0.983890,1
D_0002817277,1,0.991643,1
D_0002818054,0,0.187700,1
D_0002818306,0,0.313651,1
D_0002818453,0,0.814070,1
D_0002818621,0,0.170815,1
D_0002818705,0,0.188431,1
D_0002818789,1,0.312758,1
D_0002818957,1,1.000000,1
D_0002819923,1,0.138235,0
D_0002820364,0,0.022816,0
D_0002820700,1,0.177693,1
D_0002821015,1,0.083074,0
D_0002821477,1,0.990539,1
D_0002821687,1,0.976441,1
D_0002821939,0,0.118539,0
D_0002822380,1,0.985305,1
D_0002822464,1,0.094505,0
D_0002823178,1,0.988899,1
D_0002823199,0,0.071233,0
D_0002823451,1,0.988208,1
D_0002823682,1,0.994448,1
D_0002823955,0,0.050433,0
D_0002824438,1,0.988311,1
D_0002824501,1,0.982912,1
D_0002824921,0,0.929156,1
D_0002825383,1,0.996347,1
D_0002825614,0,0.054224,0
D_0002825845,0,0.067805,0
D_0002825908,0,0.026410,0
D_0002826076,0,0.154286,1
D_0002826223,1,0.998524,1
D_0002826244,0,0.073849,0
D_0002826433,0,0.085600,0
D_0002826706,1,0.991302,1
D_0002826811,0,0.929064,1
D_0002826874,0,0.211325,1
D_0002827000,1,0.322435,1
D_0002827315,0,0.026355,0
D_0002827399,0,0.099130,0
D_0002827819,1,0.612162,1
D_0002828008,0,0.245069,1
D_0002828827,1,0.096132,0
D_0002829079,1,0.080195,0
D_0002829520,1,0.985297,1
D_0002829562,1,0.077308,0
D_0002829730,1,0.974265,1
D_0002829793,1,0.244342,1
D_0002829940,0,0.020770,0
D_0002830024,0,0.127155,0
D_0002831158,1,0.986863,1
D_0002831473,1,0.252997,1
D_0002831494,0,0.107693,0
D_0002831557,0,0.099246,0
D_0002831851,1,0.238245,1
D_0002832628,0,0.079179,0
D_0002832817,0,0.047050,0
D_0002833216,1,0.988374,1
D_0002833300,0,0.107905,0
D_0002834560,0,0.021412,0
D_0002834728,1,0.997256,1
D_0002834875,0,0.031531,0
D_0002835274,0,0.070449,0
D_0002835904,0,0.013127,0
D_0002836198,1,0.986422,1
D_0002836429,1,0.992492,1
D_0002837101,0,0.011763,0
D_0002837164,1,0.983975,1
D_0002837227,1,0.988935,1
D_0002837542,1,0.707113,1
D_0002837689,0,0.020627,0
D_0002838046,0,0.147510,0
D_0002838193,1,0.988555,1
D_0002838382,1,0.995536,1
D_0002838529,1,0.991239,1
D_0002839138,1,0.991269,1
D_0002839558,1,0.986585,1
D_0002839642,0,0.109358,0
D_0002839747,1,0.153925,1
D_0002840188,1,0.987970,1
D_0002840272,1,0.221674,1
D_0002840461,0,0.055219,0
D_0002840671,1,0.986035,1
D_0002840713,1,0.999983,1
D_0002840776,0,0.050239,0
D_0002840797,1,0.985183,1
D_0002841616,0,0.045492,0
D_0002841763,1,0.052240,0
D_0002842141,1,0.073298,0
D_0002843527,0,0.003303,0
D_0002843779,0,0.028633,0
D_0002844010,0,0.292537,1
D_0002844451,1,0.979309,1
D_0002844766,1,0.956159,1
D_0002844787,0,0.030067,0
D_0002844871,1,0.988232,1
D_0002845018,1,0.133045,0
D_0002845144,0,0.955184,1
D_0002845228,0,0.719756,1
D_0002845396,0,0.075676,0
D_0002845438,1,0.234608,1
D_0002846215,0,0.324924,1
D_0002846509,0,0.095049,0
D_0002846971,1,0.991951,1
D_0002847349,1,0.748096,1
D_0002847475,0,0.131214,0
D_0002847727,0,0.942800,1
D_0002848546,0,0.383909,1
D_0002848714,0,0.033391,0
D_0002850100,1,0.969192,1
D_0002850163,0,0.178025,1
D_0002850205,1,0.994335,1
D_0002850625,1,0.965626,1
D_0002850730,1,0.987108,1
D_0002851444,0,0.056557,0
D_0002851633,1,0.115317,0
D_0002851696,1,0.978492,1
D_0002853145,0,0.044384,0
D_0002853166,1,0.983155,1
D_0002853187,0,0.093895,0
D_0002853418,1,0.162047,1
D_0002853859,1,0.975331,1
D_0002853901,1,0.984140,1
D_0002854279,1,0.949311,1
D_0002854636,1,0.991653,1
D_0002855266,0,0.025309,0
D_0002855371,0,0.233743,1
D_0002855896,0,0.181331,1
D_0002856148,0,0.157956,1
D_0002856190,1,0.007998,0
D_0002856211,0,0.081044,0
D_0002856547,1,0.220582,1
D_0002856988,1,0.987392,1
D_0002857051,0,0.051999,0
D_0002857261,1,0.014612,0
D_0002857597,1,0.982106,1
D_0002857786,1,0.976578,1
D_0002858143,0,0.073158,0
D_0002858542,1,0.985552,1
D_0002859025,0,0.137560,0
D_0002859550,1,0.885862,1
D_0002859865,1,0.960619,1
D_0002859991,1,0.632881,1
D_0002860096,1,0.905865,1
D_0002860621,1,0.978893,1
D_0002860978,1,0.989956,1
D_0002861209,1,0.987652,1
D_0002861314,0,0.083305,0
D_0002861335,1,0.110144,0
D_0002861902,1,0.193704,1
D_0002862763,0,0.354922,1
D_0002863183,0,0.031499,0
D_0002863393,1,0.974943,1
D_0002863876,1,0.995885,1
D_0002863918,1,0.991437,1
D_0002864086,1,0.992617,1
D_0002864212,0,0.020305,0
D_0002864233,0,0.104208,0
D_0002864506,0,0.999408,1
D_0002865010,0,0.053167,0
D_0002865220,0,0.184409,1
D_0002865283,1,0.075836,0
D_0002865598,1,0.212598,1
D_0002866060,0,0.076235,0
D_0002866711,1,0.178012,1
D_0002866942,1,0.992893,1
D_0002867089,0,0.235108,1
D_0002867824,0,0.209288,1
D_0002867950,0,0.178611,1
D_0002868055,0,0.062444,0
D_0002868160,0,0.156041,1
D_0002868517,0,0.018132,0
D_0002868664,0,0.246615,1
D_0002868748,0,0.115717,0
D_0002868895,0,0.059721,0
D_0002869420,1,0.993042,1
D_0002870092,1,0.990634,1
D_0002870155,1,0.886918,1
D_0002870512,0,0.085148,0
D_0002870575,1,0.982047,1
D_0002870806,1,0.995184,1
D_0002870932,1,0.120955,0
D_0002871037,1,0.987435,1
D_0002871142,0,0.075159,0
D_0002871184,0,0.062169,0
D_0002871814,1,0.989194,1
D_0002871856,0,0.114189,0
D_0002872087,1,0.993130,1
D_0002872255,0,0.311556,1
D_0002872759,0,0.110101,0
D_0002873011,0,0.031407,0
D_0002873095,0,0.049195,0
D_0002873494,0,0.044609,0
D_0002874187,1,0.862590,1
D_0002874355,1,0.994506,1
D_0002874460,1,0.405944,1
D_0002874544,1,0.061462,0
D_0002874733,1,0.979821,1
D_0002874922,1,0.919562,1
D_0002875006,1,0.915005,1
D_0002875804,1,0.985476,1
D_0002875909,1,0.987456,1
D_0002876854,0,0.018603,0
D_0002877127,1,0.976731,1
D_0002877169,0,0.091171,0
D_0002877211,1,0.181515,1
D_0002877253,1,0.985856,1
D_0002877715,1,0.980377,1
D_0002878198,1,0.159707,1
D_0002878303,0,0.067169,0
D_0002878471,0,0.085542,0
D_0002878513,1,0.454991,1
D_0002878807,0,0.108499,0
D_0002879332,0,0.181202,1
D_0002879458,1,0.968541,1
D_0002879605,1,0.992307,1
D_0002879731,0,0.040843,0
D_0002881348,0,0.054231,0
D_0002881432,0,0.112053,0
D_0002881453,1,0.990943,1
D_0002881852,1,0.174442,1
D_0002881957,0,0.053815,0
D_0002882209,0,0.082338,0
D_0002882377,0,0.014273,0
D_0002882650,1,0.984916,1
D_0002882671,1,0.985113,1
D_0002883280,0,0.058144,0
D_0002883301,1,0.985154,1
D_0002884162,1,0.080393,0
D_0002884435,0,0.019000,0
D_0002884477,1,0.993964,1
D_0002885149,0,0.188720,1
D_0002885170,1,0.470970,1
D_0002885296,1,0.834733,1
D_0002885464,1,0.282329,1
D_0002885800,0,0.053343,0
D_0002886367,1,0.995451,1
D_0002886577,1,0.172849,1
D_0002886619,1,0.272408,1
D_0002887501,0,0.089773,0
D_0002887795,1,0.537464,1
D_0002888173,0,0.036586,0
D_0002888656,0,0.021540,0
D_0002888698,0,0.059426,0
D_0002888929,0,0.057457,0
D_0002889727,0,0.215169,1
D_0002889748,1,0.986835,1
D_0002889811,0,0.049091,0
D_0002889916,1,0.995195,1
D_0002890546,0,0.056729,0
D_0002890861,0,0.048968,0
D_0002890966,0,0.018822,0
D_0002890987,1,0.075480,0
D_0002891071,0,0.186088,1
D_0002891176,1,0.055218,0
D_0002891197,0,0.124756,0
D_0002891764,0,0.144205,0
D_0002892352,1,0.985839,1
D_0002893318,1,0.982026,1
D_0002893423,1,0.990602,1
D_0002893465,1,0.982505,1
D_0002893591,1,0.024457,0
D_0002893843,1,0.130809,0
D_0002894452,1,0.984640,1
D_0002894536,1,0.990197,1
D_0002895166,0,0.018787,0
D_0002895418,1,0.980054,1
D_0002895712,1,0.064416,0
D_0002896195,1,0.983199,1
D_0002896615,0,0.163794,1
D_0002896783,1,0.079709,0
D_0002896993,1,0.984848,1
D_0002897245,0,0.013712,0
D_0002897413,0,0.008655,0
D_0002897560,0,0.128123,0
D_0002897686,1,0.996698,1
D_0002897854,0,0.094244,0
D_0002897938,1,0.242535,1
D_0002898232,1,0.992503,1
D_0002898358,0,0.075151,0
D_0002898379,1,0.992863,1
D_0002898589,1,0.990923,1
D_0002898778,1,0.987304,1
D_0002899429,1,0.619560,1
D_0002899471,0,0.098259,0
D_0002899828,0,0.151786,1
D_0002900017,1,0.957953,1
D_0002900458,1,0.993950,1
D_0002901088,1,0.982910,1
D_0002901319,1,0.987372,1
D_0002901361,1,0.886240,1
D_0002901529,1,0.980400,1
D_0002902558,1,0.997942,1
D_0002902768,1,0.985854,1
D_0002903146,1,0.992212,1
D_0002903209,1,0.993268,1
D_0002903230,1,0.931431,1
D_0002903377,0,0.085682,0
D_0002903545,1,0.125404,0
D_0002903839,0,0.016453,0
D_0002904637,1,0.986582,1
D_0002904721,1,0.194995,1
D_0002904763,1,0.089209,0
D_0002905477,0,0.051455,0
D_0002905519,1,0.995420,1
D_0002906044,1,0.184805,1
D_0002906086,0,0.007912,0
D_0002906548,1,0.955094,1
D_0002906590,1,0.998714,1
D_0002906737,1,0.945072,1
D_0002906800,1,0.608549,1
D_0002907262,1,0.979781,1
D_0002907325,1,0.269375,1
D_0002907430,0,0.026778,0
D_0002907976,1,0.991759,1
D_0002908081,0,0.076850,0
D_0002908102,0,0.065913,0
D_0002908144,0,0.074652,0
D_0002908501,0,0.067977,0
D_0002908627,0,0.032785,0
D_0002908837,1,0.986553,1
D_0002909005,0,0.220409,1
D_0002909026,0,0.065727,0
D_0002910118,0,0.259572,1
D_0002910286,0,0.166848,1
D_0002910307,1,0.987143,1
D_0002910664,1,0.399899,1
D_0002911315,0,0.087106,0
D_0002911630,0,0.664233,1
D_0002911840,1,0.972928,1
D_0002911861,0,0.026654,0
D_0002912071,1,0.969728,1
D_0002912260,0,0.063909,0
D_0002912743,0,0.058937,0
D_0002912827,0,0.083914,0
D_0002913583,1,0.979727,1
D_0002913625,0,0.046089,0
D_0002913793,0,0.091086,0
D_0002913919,1,0.996410,1
D_0002914717,1,0.993704,1
D_0002914843,0,0.072997,0
D_0002915200,1,0.275088,1
D_0002915305,1,0.121426,0
D_0002915347,0,0.122887,0
D_0002915935,0,0.140383,0
D_0002916670,0,0.029295,0
D_0002917279,0,0.278286,1
D_0002917405,1,0.994951,1
D_0002917426,0,0.300609,1
D_0002917531,0,0.137915,0
D_0002918035,0,0.021615,0
D_0002918098,0,0.025589,0
D_0002918119,1,0.985686,1
D_0002918182,0,0.045865,0
D_0002918224,1,0.989401,1
D_0002918266,0,0.074166,0
D_0002918308,0,0.079075,0
D_0002919085,1,0.995740,1
D_0002919505,1,0.968033,1
D_0002919547,1,0.475762,1
D_0002919631,1,0.132668,0
D_0002920051,1,0.971517,1
D_0002920135,1,0.997675,1
D_0002920156,0,0.094383,0
D_0002920303,1,0.078702,0
D_0002920534,1,0.991960,1
D_0002920576,1,0.984666,1
D_0002920828,1,0.984153,1
D_0002921227,1,0.991198,1
D_0002921437,0,0.014018,0
D_0002921731,1,0.644834,1
D_0002921857,0,0.058988,0
D_0002921941,1,0.990494,1
D_0002922046,1,0.999950,1
D_0002922592,0,0.074613,0
D_0002922865,1,0.987173,1
D_0002922907,1,0.991274,1
D_0002923201,0,0.812021,1
D_0002923306,0,0.106622,0
D_0002923558,0,0.094096,0
D_0002923789,1,0.994503,1
D_0002924020,0,0.052196,0
D_0002924104,1,0.167381,1
D_0002924167,0,0.186893,1
D_0002924839,0,0.034663,0
D_0002925238,1,0.982647,1
D_0002925553,0,0.209346,1
D_0002925616,1,0.132186,0
D_0002925658,0,0.042794,0
D_0002925826,0,0.013339,0
D_0002925868,1,0.860779,1
D_0002925889,0,0.241852,1
D_0002925910,0,0.226921,1
D_0002926267,0,0.050403,0
D_0002926435,0,0.092405,0
D_0002926981,1,0.964181,1
D_0002927002,1,0.987810,1
D_0002927107,1,0.992015,1
D_0002927317,1,0.098228,0
D_0002927569,0,0.082518,0
D_0002927653,1,0.550238,1
D_0002927884,1,0.987695,1
D_0002928304,0,0.085664,0
D_0002928514,1,0.631803,1
D_0002928535,0,0.095544,0
D_0002928577,0,0.105200,0
D_0002928745,1,0.098714,0
D_0002929858,1,0.999608,1
D_0002929879,1,0.986121,1
D_0002930299,1,0.987946,1
D_0002930383,0,0.070951,0
D_0002930656,1,0.982126,1
D_0002930698,1,0.272168,1
D_0002930908,1,0.978895,1
D_0002930971,1,0.111471,0
D_0002931202,1,0.107651,0
D_0002931286,1,0.984005,1
D_0002931328,0,0.041388,0
D_0002931391,1,0.984588,1
D_0002931517,1,0.993117,1
D_0002931559,1,0.995291,1
D_0002933092,1,0.987340,1
D_0002933197,0,0.046895,0
D_0002933365,0,0.159326,1
D_0002933428,0,0.024648,0
D_0002934835,0,0.034069,0
D_0002934856,0,0.880281,1
D_0002935003,1,0.996020,1
D_0002935045,0,0.107375,0
D_0002935129,0,0.229486,1
D_0002935696,0,0.937255,1
D_0002935906,1,0.788952,1
D_0002935927,0,0.052560,0
D_0002936158,1,0.495465,1
D_0002936200,0,0.070585,0
D_0002936578,0,0.532121,1
D_0002936767,1,0.928715,1
D_0002936788,1,0.990459,1
D_0002936872,1,0.172195,1
D_0002937313,1,0.263554,1
D_0002937649,1,0.994188,1
D_0002937670,0,0.088898,0
D_0002937691,1,0.150508,1
D_0002937985,0,0.161271,1
D_0002938426,1,0.990096,1
D_0002938447,1,0.976551,1
D_0002938594,1,0.988549,1
D_0002938993,1,0.993857,1
D_0002939203,1,0.969068,1
D_0002939245,0,0.039978,0
D_0002939371,1,0.202370,1
D_0002939602,1,0.064584,0
D_0002939896,0,0.001072,0
D_0002939917,0,0.050382,0
D_0002940526,0,0.061158,0
D_0002940736,1,0.996231,1
D_0002940883,0,0.833556,1
D_0002941156,0,0.999960,1
D_0002941177,1,0.526586,1
D_0002941303,1,0.993153,1
D_0002941597,1,0.996006,1
D_0002941954,1,0.939694,1
D_0002942269,0,0.388407,1
D_0002942374,0,0.027500,0
D_0002942395,1,0.065204,0
D_0002942584,1,0.188712,1
D_0002942794,0,0.157916,1
D_0002943298,1,0.101802,0
D_0002943319,0,0.287819,1
D_0002943445,0,0.101366,0
D_0002943970,0,0.949082,1
D_0002944243,1,0.989784,1
D_0002944516,0,0.013930,0
D_0002944705,1,0.990922,1
D_0002944852,0,0.015977,0
D_0002944957,1,0.063132,0
D_0002945209,1,0.986974,1
D_0002945230,1,0.026284,0
D_0002945293,1,0.485344,1
D_0002945335,0,0.032447,0
D_0002945461,1,0.968442,1
D_0002945482,0,0.026256,0
D_0002945629,1,0.609979,1
D_0002945755,0,0.038133,0
D_0002945839,1,0.990531,1
D_0002946553,1,0.988383,1
D_0002946616,1,0.971472,1
D_0002946868,0,0.180448,1
D_0002948002,1,0.992851,1
D_0002948296,1,0.874707,1
D_0002948422,0,0.032063,0
D_0002948884,0,0.196856,1
D_0002948968,0,0.098610,0
D_0002949241,0,0.078192,0
D_0002949787,0,0.027960,0
D_0002949808,1,0.984108,1
D_0002950543,0,0.020474,0
D_0002950627,1,0.998206,1
D_0002950690,1,0.989849,1
D_0002950900,1,0.089478,0
D_0002951425,0,0.066495,0
D_0002951677,0,0.694549,1
D_0002951971,0,0.132904,0
D_0002952118,1,0.983277,1
D_0002952874,1,0.991469,1
D_0002953021,1,0.988680,1
D_0002953756,0,0.156520,1
D_0002953777,1,0.983249,1
D_0002954113,1,0.950773,1
D_0002954134,1,0.976313,1
D_0002954260,0,0.037154,0
D_0002954428,0,0.214529,1
D_0002954827,1,0.164887,1
D_0002955247,0,0.016914,0
D_0002955394,1,0.073496,0
D_0002955499,1,0.093337,0
D_0002955856,0,0.037210,0
D_0002956045,1,0.993580,1
D_0002956423,0,0.048958,0
D_0002956444,0,0.142277,0
D_0002956528,1,0.987086,1
D_0002957620,0,0.050126,0
D_0002957956,1,0.997348,1
D_0002957977,0,0.037166,0
D_0002958040,1,0.991074,1
D_0002958124,1,0.982052,1
D_0002958565,1,0.280745,1
D_0002958649,0,0.060582,0
D_0002958922,0,0.089325,0
D_0002959300,1,0.230336,1
T_0000000011,0,0.958127,1
T_0000000021,0,0.975141,1
T_0000000027,1,0.411963,1
T_0000000049,0,0.078143,0
T_0000000052,1,0.974382,1
T_0000000077,1,0.938859,1
T_0000000078,1,0.544708,1
T_0000000101,1,0.993427,1
T_0000000127,0,0.018295,0
T_0000000134,0,0.016997,0
T_0000000153,1,0.078117,0
T_0000000159,1,0.981680,1
T_0000000193,1,0.962204,1
T_0000000221,0,0.064539,0
T_0000000226,1,0.077635,0
T_0000000271,0,0.025455,0
T_0000000281,1,0.286120,1
T_0000000318,0,0.026814,0
T_0000000331,0,0.049250,0
T_0000000345,1,0.045947,0
T_0000000349,1,0.023628,0
T_0000000359,0,0.057314,0
T_0000000375,1,0.509617,1
T_0000000405,0,0.045791,0
T_0000000433,1,0.876412,1
T_0000000443,1,0.048092,0
T_0000000465,0,0.018184,0
T_0000000507,0,0.005364,0
T_0000000521,1,0.213161,1
T_0000000539,0,0.065272,0
T_0000000556,1,0.711957,1
T_0000000566,1,0.976826,1
T_0000000571,0,0.029011,0
T_0000000612,0,0.089617,0
T_0000000634,1,0.933398,1
T_0000000636,1,0.795842,1
T_0000000651,0,0.048972,0
T_0000000661,0,0.027231,0
T_0000000669,1,0.963198,1
T_0000000670,1,0.218949,1
T_0000000691,1,0.285021,1
T_0000000706,1,0.266828,1
T_0000000739,0,0.027868,0
T_0000000760,1,0.744234,1
T_0000000780,1,0.748137,1
T_0000000897,1,0.981018,1
T_0000000906,1,0.066345,0
T_0000000909,1,0.275284,1
T_0000000914,1,0.068595,0
T_0000000961,1,0.982666,1
T_0000001003,1,0.081717,0
T_0000001004,1,0.133025,0
T_0000001063,1,0.985222,1
T_0000001066,1,0.963163,1
T_0000001074,1,0.102473,0
T_0000001076,1,0.854648,1
T_0000001122,1,0.962567,1
T_0000001141,1,0.964482,1
T_0000001144,0,0.021299,0
T_0000001170,1,0.102878,0
T_0000001218,1,0.290388,1
T_0000001232,1,0.978346,1
T_0000001274,1,0.910175,1
T_0000001281,1,0.892385,1
T_0000001301,0,0.101251,0
T_0000001370,0,0.116900,0
T_0000001371,1,0.973846,1
T_0000001387,0,0.032164,0
T_0000001404,0,0.026123,0
T_0000001443,0,0.054996,0
T_0000001465,0,0.047584,0
T_0000001482,1,0.602461,1
T_0000001503,0,0.158818,1
T_0000001507,1,0.919974,1
T_0000001520,0,0.083950,0
T_0000001530,1,0.685693,1
T_0000001540,0,0.030814,0
T_0000001576,1,0.984366,1
T_0000001581,0,0.021076,0
T_0000001604,1,0.160645,1
T_0000001646,0,0.072581,0
T_0000001718,0,0.100783,0
T_0000001722,0,0.017377,0
T_0000001742,1,0.988200,1
T_0000001752,0,0.059026,0
T_0000001769,1,0.180523,1
T_0000001778,1,0.046712,0
T_0000001800,1,0.252226,1
T_0000001804,1,0.970972,1
T_0000001838,1,0.864125,1
T_0000001840,1,0.181090,1
T_0000001908,0,0.112156,0
T_0000001910,1,0.194109,1
T_0000001926,1,0.963533,1
T_0000001947,1,0.153005,1
T_0000001957,0,0.040025,0
T_0000001972,1,0.076122,0
T_0000001975,0,0.073501,0
T_0000001983,1,0.338867,1
T_0000002007,1,0.939729,1
T_0000002012,1,0.149471,1
T_0000002043,1,0.114984,0
T_0000002097,1,0.095830,0
T_0000002140,1,0.992750,1
T_0000002191,0,0.036118,0
T_0000002233,0,0.082090,0
T_0000002278,0,0.065872,0
T_0000002303,1,0.856311,1
T_0000002305,1,0.914468,1
T_0000002351,1,0.651974,1
T_0000002396,1,0.981551,1
T_0000002398,0,0.038932,0
T_0000002429,1,0.063002,0
T_0000002431,0,0.023695,0
T_0000002434,1,0.706905,1
T_0000002458,0,0.137373,0
T_0000002477,0,0.014959,0
T_0000002523,0,0.019518,0
T_0000002558,1,0.961790,1
T_0000002562,0,0.029114,0
T_0000002579,1,0.851630,1
T_0000002584,1,0.984585,1
T_0000002585,0,0.229793,1
T_0000002587,1,0.228483,1
T_0000002590,0,0.046560,0
T_0000002606,0,0.012240,0
T_0000002610,1,0.416199,1
T_0000002615,1,0.113715,0
T_0000002641,0,0.008382,0
T_0000002662,1,0.991428,1
T_0000002663,1,0.830993,1
T_0000002671,0,0.091012,0
T_0000002714,1,0.089987,0
T_0000002730,1,0.062927,0
T_0000002765,1,0.052756,0
T_0000002768,1,0.247956,1
T_0000002770,1,0.982052,1
T_0000002778,1,0.978066,1
T_0000002801,1,0.989613,1
T_0000002895,1,0.986091,1
T_0000002906,1,0.987939,1
T_0000002937,0,0.036007,0
T_0000002941,0,0.155503,1
T_0000002979,1,0.375570,1
T_0000002982,0,0.055582,0
T_0000003032,1,0.920748,1
T_0000003103,1,0.341102,1
T_0000003113,0,0.027445,0
T_0000003137,1,0.341005,1
T_0000003164,0,0.032659,0
T_0000003170,0,0.148881,0
T_0000003235,1,0.979009,1
T_0000003282,1,0.927940,1
T_0000003315,1,0.986585,1
T_0000003330,0,0.021435,0
T_0000003345,0,0.053032,0
T_0000003394,0,0.089834,0
T_0000003402,1,0.879417,1
T_0000003411,1,0.151264,1
T_0000003413,1,0.086834,0
T_0000003424,1,0.937841,1
T_0000003449,0,0.036109,0
T_0000003461,0,0.047653,0
T_0000003471,1,0.995560,1
T_0000003478,1,0.923924,1
T_0000003492,1,0.920282,1
T_0000003514,1,0.971459,1
T_0000003519,1,0.891313,1
T_0000003523,1,0.958068,1
T_0000003542,1,0.351291,1
T_0000003553,1,0.328413,1
T_0000003582,0,0.069496,0
T_0000003689,1,0.191383,1
T_0000003700,1,0.417696,1
T_0000003859,0,0.018082,0
T_0000003884,1,0.124604,0
T_0000003898,1,0.987302,1
T_0000003948,0,0.034457,0
T_0000004023,0,0.054624,0
T_0000004031,1,0.995693,1
T_0000004079,0,0.024094,0
T_0000004085,0,0.035949,0
T_0000004114,1,0.982036,1
T_0000004119,1,0.885498,1
T_0000004189,0,0.003373,0
T_0000004190,1,0.963625,1
T_0000004210,0,0.181686,1
T_0000004240,1,0.624433,1
T_0000004254,0,0.023880,0
T_0000004255,0,0.024712,0
T_0000004293,0,0.013776,0
T_0000004332,1,0.986244,1
T_0000004365,1,0.989833,1
T_0000004366,1,0.991370,1
T_0000004423,1,0.969527,1
T_0000004475,1,0.831339,1
T_0000004479,0,0.113275,0
T_0000004516,0,0.052521,0
T_0000004517,0,0.013608,0
T_0000004587,1,0.865274,1
T_0000004624,1,0.913335,1
T_0000004627,1,0.848166,1
T_0000004684,1,0.357995,1
T_0000004720,1,0.807114,1
T_0000004732,1,0.270880,1
T_0000004749,0,0.072911,0
T_0000004760,1,0.136127,0
T_0000004765,1,0.939069,1
T_0000004766,1,0.150497,1
T_0000004798,1,0.985678,1
T_0000004863,1,0.113224,0
T_0000004889,1,0.943537,1
T_0000004914,1,0.428566,1
T_0000004919,0,0.010913,0
T_0000004936,1,0.042381,0
T_0000004946,1,0.347575,1
T_0000005017,1,0.962808,1
T_0000005024,1,0.620471,1
T_0000005040,1,0.547847,1
T_0000005041,0,0.103539,0
T_0000005052,0,0.015690,0
T_0000005106,1,0.990322,1
T_0000005151,1,0.972086,1
T_0000005152,1,0.946054,1
T_0000005173,1,0.599580,1
T_0000005192,1,0.024892,0
T_0000005216,0,0.784688,1
T_0000005224,1,0.991815,1
T_0000005233,1,0.449147,1
T_0000005271,0,0.233719,1
T_0000005284,0,0.015017,0
T_0000005345,0,0.014520,0
T_0000005359,1,0.944559,1
T_0000005374,1,0.099643,0
T_0000005406,0,0.021377,0
T_0000005409,0,0.028965,0
T_0000005450,1,0.148120,0
T_0000005478,1,0.968904,1
T_0000005506,0,0.143896,0
T_0000005507,0,0.062546,0
T_0000005519,1,0.917036,1
T_0000005570,0,0.011190,0
T_0000005586,1,0.277515,1
T_0000005593,1,0.923777,1
T_0000005616,1,0.937244,1
T_0000005663,0,0.034201,0
T_0000005668,1,0.974049,1
T_0000005679,1,0.976627,1
T_0000005691,1,0.890746,1
T_0000005722,0,0.012649,0
T_0000005735,0,0.018759,0
T_0000005738,0,0.025741,0
T_0000005750,1,0.972018,1
T_0000005760,1,0.860987,1
T_0000005768,1,0.263369,1
T_0000005803,0,0.046241,0
T_0000005806,1,0.971030,1
T_0000005809,1,0.106492,0
T_0000005837,1,0.197079,1
T_0000005844,1,0.948374,1
T_0000005855,0,0.074669,0
T_0000005878,1,0.833301,1
T_0000005907,1,0.208717,1
T_0000005935,0,0.130231,0
T_0000005941,0,0.015916,0
T_0000005972,1,0.975276,1
T_0000005977,1,0.079386,0
T_0000006004,1,0.671556,1
T_0000006014,0,0.517861,1
T_0000006034,1,0.944193,1
T_0000006052,0,0.133824,0
T_0000006054,0,0.120035,0
T_0000006061,0,0.056991,0
T_0000006083,1,0.192305,1
T_0000006103,1,0.130223,0
T_0000006109,0,0.014604,0
T_0000006155,1,0.987525,1
T_0000006163,1,0.976051,1
T_0000006172,1,0.126918,0
T_0000006178,1,0.070326,0
T_0000006179,1,0.024064,0
T_0000006194,0,0.007439,0
T_0000006201,1,0.221425,1
T_0000006203,1,0.679730,1
T_0000006218,1,0.921508,1
T_0000006239,1,0.986281,1
T_0000006250,1,0.080724,0
T_0000006265,1,0.123878,0
T_0000006290,0,0.201647,1
T_0000006310,0,0.011093,0
T_0000006352,1,0.961085,1
T_0000006362,0,0.016049,0
T_0000006442,0,0.011446,0
T_0000006446,1,0.989922,1
T_0000006461,1,0.045410,0
T_0000006462,0,0.024517,0
T_0000006480,1,0.985539,1
T_0000006491,1,0.992334,1
T_0000006500,1,0.993235,1
T_0000006528,1,0.971651,1
T_0000006540,1,0.978961,1
T_0000006549,1,0.138825,0
T_0000006575,1,0.764815,1
T_0000006588,1,0.232610,1
T_0000006594,0,0.045579,0
T_0000006619,0,0.024886,0
T_0000006667,1,0.963378,1
T_0000006673,1,0.952389,1
T_0000006724,1,0.409398,1
T_0000006730,0,0.009126,0
T_0000006763,0,0.016632,0
T_0000006771,1,0.981225,1
T_0000006773,0,0.029174,0
T_0000006784,1,0.976999,1
T_0000006794,0,0.056877,0
T_0000006817,1,0.571555,1
T_0000006866,1,0.100719,0
T_0000006881,1,0.964577,1
T_0000006915,1,0.098736,0
T_0000006952,1,0.977753,1
T_0000006998,0,0.032864,0
T_0000007040,1,0.892223,1
T_0000007070,1,0.990544,1
T_0000007081,1,0.786139,1
T_0000007113,0,0.007384,0
T_0000007122,1,0.992857,1
T_0000007130,1,0.975295,1
T_0000007139,0,0.048453,0
T_0000007150,0,0.014835,0
T_0000007166,0,0.047600,0
T_0000007172,0,0.037731,0
T_0000007201,1,0.174970,1
T_0000007205,1,0.982742,1
T_0000007212,1,0.916774,1
T_0000007260,1,0.103424,0
T_0000007281,1,0.201537,1
T_0000007289,1,0.979752,1
T_0000007291,1,0.119315,0
T_0000007301,1,0.229559,1
T_0000007306,1,0.140835,0
T_0000007323,1,0.991281,1
T_0000007329,1,0.984291,1
T_0000007380,1,0.480022,1
T_0000007394,1,0.103060,0
T_0000007408,1,0.969063,1
T_0000007409,0,0.029305,0
T_0000007458,1,0.202074,1
T_0000007467,0,0.056693,0
T_0000007469,1,0.967040,1
T_0000007490,0,0.042095,0
T_0000007509,1,0.386312,1
T_0000007524,1,0.982407,1
T_0000007544,1,0.292738,1
T_0000007557,0,0.050063,0
T_0000007602,0,0.101255,0
T_0000007604,1,0.708870,1
T_0000007606,1,0.971507,1
T_0000007634,0,0.324229,1
T_0000007643,0,0.053793,0
T_0000007654,0,0.071512,0
T_0000007668,1,0.943930,1
T_0000007694,0,0.015703,0
T_0000007721,1,0.990751,1
T_0000007753,1,0.150022,1
T_0000007788,1,0.368326,1
T_0000007794,1,0.977627,1
T_0000007815,1,0.114546,0
T_0000007849,1,0.948518,1
T_0000007874,1,0.980377,1
T_0000007911,1,0.028613,0
T_0000007921,1,0.235523,1
T_0000007928,1,0.044547,0
T_0000007964,1,0.875995,1
T_0000007996,1,0.958366,1
T_0000008011,1,0.204642,1
T_0000008013,0,0.015381,0
T_0000008017,1,0.984091,1
T_0000008028,1,0.985341,1
T_0000008076,1,0.981858,1
T_0000008083,0,0.044580,0
T_0000008084,0,0.297155,1
T_0000008171,1,0.904691,1
T_0000008215,1,0.969022,1
T_0000008230,1,0.885503,1
T_0000008257,0,0.050901,0
T_0000008258,1,0.223438,1
T_0000008273,0,0.115535,0
T_0000008290,0,0.127749,0
T_0000008350,1,0.151162,1
T_0000008472,1,0.240601,1
T_0000008490,0,0.025201,0
T_0000008491,1,0.194646,1
T_0000008521,0,0.017378,0
T_0000008532,1,0.974984,1
T_0000008550,1,0.287626,1
T_0000008558,1,0.990706,1
T_0000008560,0,0.003887,0
T_0000008561,0,0.048255,0
T_0000008599,1,0.176047,1
T_0000008601,1,0.897379,1
T_0000008620,1,0.723361,1
T_0000008642,1,0.630956,1
T_0000008645,0,0.040060,0
T_0000008696,0,0.028916,0
T_0000008715,1,0.033187,0
T_0000008756,0,0.059618,0
T_0000008793,1,0.985303,1
T_0000008823,1,0.057813,0
T_0000008830,1,0.862031,1
T_0000008856,0,0.014918,0
T_0000008862,1,0.137701,0
T_0000008878,1,0.976957,1
T_0000008889,1,0.055068,0
T_0000008893,0,0.013442,0
T_0000008894,1,0.980159,1
T_0000008902,1,0.641400,1
T_0000008952,1,0.988702,1
T_0000008993,1,0.108753,0
T_0000009005,1,0.935121,1
T_0000009030,0,0.001720,0
T_0000009091,1,0.973709,1
T_0000009108,0,0.011371,0
T_0000009148,1,0.906732,1
T_0000009158,0,0.029823,0
T_0000009166,0,0.026056,0
T_0000009213,1,0.028750,0
T_0000009218,0,0.096801,0
T_0000009222,1,0.974444,1
T_0000009223,1,0.973077,1
T_0000009245,1,0.958974,1
T_0000009258,1,0.970222,1
T_0000009373,0,0.008731,0
T_0000009410,1,0.932643,1
T_0000009427,0,0.088343,0
T_0000009434,0,0.033706,0
T_0000009487,1,0.189898,1
T_0000009503,1,0.171153,1
T_0000009504,1,0.968680,1
T_0000009519,0,0.019298,0
T_0000009585,0,0.160609,1
T_0000009600,1,0.267284,1
T_0000009614,1,0.989622,1
T_0000009620,1,0.968553,1
T_0000009650,1,0.986547,1
T_0000009675,1,0.182414,1
T_0000009676,1,0.973266,1
T_0000009678,1,0.955652,1
T_0000009699,1,0.981515,1
T_0000009701,1,0.697386,1
T_0000009716,0,0.054249,0
T_0000009731,1,0.088191,0
T_0000009815,0,0.035564,0
T_0000009905,1,0.210764,1
T_0000009939,1,0.855702,1
T_0000009953,0,0.027505,0
T_0000009970,0,0.007662,0
T_0000010019,1,0.180891,1
T_0000010021,1,0.984815,1
T_0000010034,1,0.196051,1
T_0000010035,1,0.093013,0
T_0000010043,0,0.079906,0
T_0000010045,1,0.941110,1
T_0000010080,0,0.038297,0
T_0000010116,1,0.115991,0
T_0000010120,0,0.041644,0
T_0000010192,1,0.974138,1
T_0000010200,1,0.992439,1
T_0000010227,0,0.048869,0
T_0000010233,1,0.195822,1
T_0000010235,1,0.102932,0
T_0000010243,0,0.053629,0
T_0000010328,1,0.333642,1
T_0000010342,1,0.698548,1
T_0000010352,1,0.978631,1
T_0000010401,0,0.038577,0
T_0000010403,1,0.967269,1
T_0000010407,1,0.432636,1
T_0000010417,0,0.051588,0
T_0000010436,0,0.062001,0
T_0000010472,1,0.911955,1
T_0000010494,0,0.045288,0
T_0000010501,1,0.045431,0
T_0000010512,1,0.969020,1
T_0000010568,1,0.985369,1
T_0000010605,1,0.941569,1
T_0000010623,0,0.029023,0
T_0000010648,0,0.062214,0
T_0000010664,0,0.010233,0
T_0000010685,1,0.823484,1
T_0000010691,0,0.015694,0
T_0000010706,1,0.335553,1
T_0000010708,0,0.015240,0
T_0000010732,1,0.051436,0
T_0000010746,1,0.991502,1
T_0000010793,0,0.051580,0
T_0000010813,0,0.020789,0
T_0000010814,0,0.031285,0
T_0000010822,1,0.980573,1
T_0000010824,1,0.287821,1
T_0000010833,1,0.991151,1
T_0000010857,1,0.867765,1
T_0000010885,1,0.111177,0
T_0000010920,1,0.083428,0
T_0000010951,0,0.066825,0
T_0000010976,0,0.021301,0
T_0000010988,1,0.150898,1
T_0000010993,0,0.010528,0
T_0000011000,0,0.044015,0
T_0000011017,1,0.201042,1
T_0000011023,0,0.049875,0
T_0000011041,1,0.087289,0
T_0000011048,1,0.382048,1
T_0000011058,1,0.909005,1
T_0000011098,1,0.990174,1
T_0000011100,1,0.258652,1
T_0000011106,1,0.113150,0
T_0000011114,1,0.974460,1
T_0000011121,1,0.273659,1
T_0000011165,0,0.086675,0
T_0000011177,1,0.169500,1
T_0000011192,0,0.149003,0
T_0000011224,1,0.946606,1
T_0000011227,0,0.052121,0
T_0000011250,0,0.033255,0
T_0000011263,0,0.008471,0
T_0000011275,1,0.982420,1
T_0000011319,1,0.210116,1
T_0000011322,1,0.971822,1
T_0000011394,0,0.043162,0
T_0000011407,0,0.010310,0
T_0000011441,1,0.731452,1
T_0000011449,1,0.313186,1
T_0000011512,0,0.034690,0
T_0000011522,1,0.959519,1
T_0000011570,0,0.004144,0
T_0000011574,1,0.963633,1
T_0000011590,0,0.083432,0
T_0000011595,0,0.050719,0
T_0000011605,1,0.989399,1
T_0000011652,1,0.980353,1
T_0000011731,1,0.981687,1
T_0000011779,1,0.880669,1
T_0000011794,0,0.049103,0
T_0000011960,1,0.049785,0
T_0000011963,1,0.986965,1
T_0000011970,1,0.743692,1
T_0000011998,1,0.987790,1
T_0000011999,0,0.060989,0
T_0000012051,1,0.031652,0
T_0000012059,1,0.049382,0
T_0000012065,1,0.313962,1
T_0000012073,0,0.007288,0
T_0000012083,1,0.493933,1
T_0000012086,1,0.981478,1
T_0000012123,0,0.055446,0
T_0000012146,1,0.095105,0
T_0000012147,1,0.989815,1
T_0000012224,1,0.941888,1
T_0000012242,1,0.082492,0
T_0000012268,0,0.094196,0
T_0000012331,1,0.977616,1
T_0000012377,0,0.023684,0
T_0000012454,1,0.181455,1
T_0000012502,0,0.052022,0
T_0000012514,1,0.990361,1
T_0000012553,0,0.012494,0
T_0000012558,1,0.563631,1
T_0000012567,0,0.034664,0
T_0000012573,1,0.984712,1
T_0000012577,1,0.288444,1
T_0000012578,0,0.057548,0
T_0000012655,1,0.287427,1
T_0000012668,1,0.078315,0
T_0000012673,1,0.989917,1
T_0000012676,1,0.426150,1
T_0000012689,1,0.397180,1
T_0000012721,0,0.032712,0
T_0000012729,0,0.097943,0
T_0000012737,1,0.135814,0
T_0000012762,1,0.890853,1
T_0000012779,1,0.251812,1
T_0000012781,1,0.183200,1
T_0000012788,1,0.976955,1
T_0000012796,1,0.110649,0
T_0000012803,0,0.019467,0
T_0000012808,0,0.028404,0
T_0000012860,1,0.866796,1
T_0000012904,1,0.985260,1
T_0000012917,1,0.320462,1
T_0000012923,1,0.267632,1
T_0000012924,1,0.951154,1
T_0000012990,0,0.051078,0
T_0000013029,1,0.082089,0
T_0000013035,1,0.984035,1
T_0000013102,0,0.027325,0
T_0000013104,1,0.050232,0
T_0000013116,0,0.062159,0
T_0000013119,0,0.049169,0
T_0000013125,1,0.726673,1
T_0000013170,1,0.993507,1
T_0000013173,1,0.970629,1
T_0000013176,0,0.024771,0
T_0000013206,0,0.062089,0
T_0000013247,0,0.023162,0
T_0000013333,0,0.022179,0
T_0000013344,1,0.482931,1
T_0000013363,0,0.029320,0
T_0000013456,1,0.789817,1
T_0000013536,1,0.154023,1
T_0000013548,0,0.005560,0
T_0000013556,1,0.990283,1
T_0000013561,1,0.990850,1
T_0000013583,1,0.924513,1
T_0000013589,0,0.058964,0
T_0000013598,1,0.967786,1
T_0000013641,1,0.896381,1
T_0000013664,1,0.990890,1
T_0000013691,1,0.889804,1
T_0000013697,0,0.033620,0
T_0000013698,1,0.421351,1
T_0000013702,0,0.002737,0
T_0000013734,1,0.092771,0
T_0000013798,1,0.986172,1
T_0000013816,0,0.007764,0
T_0000013818,1,0.984291,1
T_0000013856,1,0.028871,0
T_0000013864,0,0.313317,1
T_0000013883,0,0.047503,0
T_0000013912,1,0.173140,1
T_0000013943,1,0.100755,0
T_0000013966,0,0.028011,0
T_0000013998,1,0.104185,0
T_0000014033,0,0.017899,0
T_0000014035,1,0.203885,1
T_0000014044,1,0.974603,1
T_0000014068,1,0.978756,1
T_0000014073,1,0.980743,1
T_0000014082,0,0.107794,0
T_0000014101,1,0.755501,1
T_0000014121,0,0.231795,1
T_0000014148,1,0.992911,1
T_0000014159,0,0.068895,0
T_0000014176,1,0.956169,1
T_0000014201,1,0.990172,1
T_0000014215,0,0.016062,0
T_0000014217,1,0.981460,1
T_0000014238,1,0.071387,0
T_0000014259,0,0.031106,0
T_0000014326,0,0.137047,0
T_0000014365,1,0.909724,1
T_0000014369,1,0.117445,0
T_0000014393,1,0.231666,1
T_0000014460,1,0.123432,0
T_0000014486,0,0.007603,0
T_0000014498,1,0.637920,1
T_0000014510,1,0.555439,1
T_0000014564,0,0.019461,0
T_0000014620,1,0.972127,1
T_0000014637,1,0.876002,1
T_0000014639,0,0.028267,0
T_0000014649,1,0.559433,1
T_0000014654,1,0.043737,0
T_0000014671,0,0.025914,0
T_0000014751,1,0.947251,1
T_0000014763,1,0.136371,0
T_0000014772,1,0.965774,1
T_0000014779,1,0.990489,1
T_0000014821,1,0.687862,1
T_0000014835,1,0.957894,1
T_0000014842,1,0.898675,1
T_0000014903,1,0.942206,1
T_0000014949,1,0.341666,1
T_0000014952,1,0.043480,0
T_0000014976,1,0.966439,1
T_0000015001,1,0.980422,1
T_0000015003,1,0.986109,1
T_0000015020,0,0.081693,0
T_0000015030,1,0.987490,1
T_0000015035,1,0.984716,1
T_0000015064,1,0.977873,1
T_0000015076,0,0.019012,0
T_0000015083,1,0.076289,0
T_0000015160,0,0.131175,0
T_0000015167,1,0.981528,1
T_0000015172,1,0.993577,1
T_0000015188,1,0.942837,1
T_0000015299,1,0.988285,1
T_0000015332,1,0.682397,1
T_0000015340,1,0.987058,1
T_0000015360,1,0.658796,1
T_0000015409,1,0.988153,1
T_0000015418,0,0.169656,1
T_0000015452,0,0.026525,0
T_0000015465,1,0.992186,1
T_0000015496,0,0.019257,0
T_0000015560,1,0.984334,1
T_0000015597,1,0.564656,1
T_0000015674,0,0.030694,0
T_0000015694,0,0.019696,0
T_0000015710,1,0.962908,1
T_0000015713,0,0.029430,0
T_0000015714,1,0.990715,1
T_0000015715,1,0.925799,1
T_0000015722,1,0.924227,1
T_0000015731,1,0.971305,1
T_0000015744,0,0.033370,0
T_0000015745,0,0.006376,0
T_0000015767,0,0.080606,0
T_0000015770,1,0.122616,0
T_0000015794,1,0.930138,1
T_0000015825,1,0.981117,1
T_0000015838,0,0.073579,0
T_0000015845,0,0.048009,0
T_0000015851,0,0.120763,0
T_0000015883,1,0.971242,1
T_0000015921,1,0.183596,1
T_0000015936,1,0.941095,1
T_0000015972,0,0.062569,0
T_0000015984,1,0.970322,1
T_0000015993,1,0.053480,0
T_0000015998,0,0.120721,0
T_0000016008,1,0.248762,1
T_0000016011,0,0.618943,1
T_0000016030,0,0.024397,0
T_0000016043,0,0.011662,0
T_0000016055,0,0.091439,0
T_0000016062,1,0.638112,1
T_0000016080,0,0.029854,0
T_0000016082,0,0.076722,0
T_0000016163,1,0.119578,0
T_0000016197,1,0.063844,0
T_0000016242,0,0.065938,0
T_0000016251,1,0.553812,1
T_0000016275,1,0.972923,1
T_0000016280,1,0.924372,1
T_0000016283,0,0.015227,0
T_0000016312,1,0.966124,1
T_0000016317,1,0.935418,1
T_0000016355,1,0.271007,1
T_0000016375,0,0.006709,0
T_0000016401,0,0.024750,0
T_0000016405,1,0.062560,0
T_0000016409,1,0.923046,1
T_0000016426,0,0.023248,0
T_0000016568,1,0.030551,0
T_0000016611,0,0.079461,0
T_0000016626,0,0.016238,0
T_0000016634,1,0.351854,1
T_0000016679,0,0.032795,0
T_0000016693,1,0.095668,0
T_0000016710,1,0.995708,1
T_0000016740,0,0.030185,0
T_0000016751,1,0.861807,1
T_0000016807,1,0.051219,0
T_0000016830,1,0.911663,1
T_0000016843,1,0.195442,1
T_0000016870,1,0.988481,1
T_0000016887,0,0.176746,1
T_0000016909,0,0.044435,0
T_0000016912,1,0.235692,1
T_0000016916,1,0.622256,1
T_0000016969,1,0.686806,1
T_0000016989,1,0.906454,1
T_0000017000,1,0.981372,1
T_0000017059,1,0.100019,0
T_0000017065,1,0.048300,0
T_0000017082,0,0.004686,0
T_0000017090,1,0.946071,1
T_0000017091,1,0.036599,0
T_0000017137,1,0.221902,1
T_0000017201,1,0.993633,1
T_0000017219,1,0.081457,0
T_0000017258,1,0.968358,1
T_0000017259,0,0.090576,0
T_0000017272,1,0.986943,1
T_0000017297,0,0.040625,0
T_0000017324,1,0.489588,1
T_0000017326,0,0.037464,0
T_0000017336,1,0.069715,0
T_0000017337,1,0.988176,1
T_0000017343,1,0.062617,0
T_0000017347,1,0.044914,0
T_0000017349,1,0.981382,1
T_0000017366,1,0.984018,1
T_0000017380,1,0.052123,0
T_0000017422,0,0.017223,0
T_0000017442,1,0.992783,1
T_0000017463,0,0.040371,0
T_0000017491,1,0.331486,1
T_0000017535,0,0.077221,0
T_0000017555,1,0.978641,1
T_0000017577,1,0.553313,1
T_0000017636,1,0.959249,1
T_0000017643,0,0.017724,0
T_0000017648,0,0.031742,0
T_0000017649,1,0.555206,1
T_0000017680,0,0.049249,0
T_0000017691,0,0.017850,0
T_0000017707,1,0.988951,1
T_0000017715,0,0.079311,0
T_0000017742,1,0.983427,1
T_0000017753,0,0.036514,0
T_0000017760,1,0.969495,1
T_0000017781,1,0.052244,0
T_0000017790,1,0.990020,1
T_0000017821,1,0.972404,1
T_0000017856,0,0.011592,0
T_0000017871,0,0.031142,0
T_0000017906,1,0.027999,0
T_0000017963,1,0.591540,1
T_0000017979,1,0.284307,1
T_0000018061,0,0.005652,0
T_0000018103,1,0.571136,1
T_0000018125,1,0.111590,0
T_0000018173,1,0.960022,1
T_0000018177,1,0.932018,1
T_0000018228,1,0.419331,1
T_0000018242,1,0.758235,1
T_0000018249,0,0.031198,0
T_0000018276,1,0.987612,1
T_0000018285,0,0.023223,0
T_0000018294,0,0.138018,0
T_0000018296,1,0.652370,1
T_0000018315,1,0.891881,1
T_0000018344,0,0.092980,0
T_0000018396,1,0.976559,1
T_0000018412,1,0.297709,1
T_0000018448,1,0.076383,0
T_0000018454,0,0.027232,0
T_0000018465,1,0.365296,1
T_0000018483,1,0.589419,1
T_0000018489,1,0.352136,1
T_0000018566,1,0.957554,1
T_0000018568,0,0.022241,0
T_0000018580,1,0.280768,1
T_0000018591,0,0.024399,0
T_0000018613,0,0.009758,0
T_0000018624,1,0.093057,0
T_0000018645,1,0.297501,1
T_0000018696,1,0.884052,1
T_0000018703,0,0.025969,0
T_0000018715,1,0.162390,1
T_0000018733,1,0.983508,1
T_0000018767,1,0.068311,0
T_0000018779,1,0.866818,1
T_0000018790,0,0.041934,0
T_0000018803,1,0.081610,0
T_0000018811,0,0.054550,0
T_0000018822,0,0.007246,0
T_0000018839,1,0.065955,0
T_0000018854,1,0.867109,1
T_0000018931,1,0.082817,0
T_0000018956,1,0.924769,1
T_0000019100,1,0.184252,1
T_0000019101,1,0.345344,1
T_0000019110,0,0.043810,0
T_0000019127,0,0.115671,0
T_0000019130,1,0.940974,1
T_0000019131,1,0.825611,1
T_0000019170,1,0.988670,1
T_0000019191,1,0.190927,1
T_0000019194,1,0.870308,1
T_0000019203,0,0.026832,0
T_0000019227,0,0.024553,0
T_0000019232,1,0.371325,1
T_0000019248,1,0.576335,1
T_0000019249,1,0.696051,1
T_0000019297,1,0.862106,1
T_0000019308,0,0.048087,0
T_0000019312,0,0.018015,0
T_0000019321,1,0.954917,1
T_0000019327,1,0.156261,1
T_0000019404,1,0.975387,1
T_0000019465,1,0.983695,1
T_0000019508,0,0.036668,0
T_0000019545,1,0.958624,1
T_0000019568,0,0.023653,0
T_0000019630,0,0.031191,0
T_0000019656,1,0.244942,1
T_0000019680,0,0.106442,0
T_0000019702,0,0.029344,0
T_0000019712,1,0.214169,1
T_0000019763,1,0.419533,1
T_0000019782,1,0.421861,1
T_0000019817,1,0.931321,1
T_0000019823,1,0.479211,1
T_0000019843,1,0.836108,1
T_0000019850,1,0.362972,1
T_0000019856,1,0.967558,1
T_0000019861,1,0.047781,0
T_0000019867,1,0.715256,1
T_0000019909,1,0.900713,1
T_0000019939,1,0.883919,1
T_0000019944,0,0.022847,0
T_0000019947,1,0.093631,0
T_0000019967,0,0.023038,0
T_0000019972,0,0.078063,0
T_0000020006,1,0.365651,1
T_0000020041,0,0.277356,1
T_0000020050,1,0.976987,1
T_0000020110,1,0.988126,1
T_0000020157,1,0.845280,1
T_0000020198,1,0.944351,1
T_0000020237,0,0.086222,0
T_0000020362,0,0.040352,0
T_0000020367,1,0.953665,1
T_0000020379,1,0.798735,1
T_0000020388,1,0.808714,1
T_0000020473,1,0.109653,0
T_0000020508,0,0.017113,0
T_0000020522,1,0.397118,1
T_0000020523,1,0.222003,1
T_0000020559,1,0.444208,1
T_0000020575,1,0.099526,0
T_0000020577,1,0.920741,1
T_0000020587,1,0.786711,1
T_0000020621,0,0.049233,0
T_0000020657,1,0.149340,1
T_0000020663,0,0.914746,1
T_0000020719,1,0.328429,1
T_0000020729,0,0.026389,0
T_0000020738,1,0.719175,1
T_0000020804,1,0.792281,1
T_0000020805,0,0.003262,0
T_0000020817,1,0.160457,1
T_0000020835,1,0.085937,0
T_0000020858,1,0.601931,1
T_0000020860,0,0.021615,0
T_0000020861,0,0.026117,0
T_0000020875,1,0.944320,1
T_0000020941,1,0.262237,1
T_0000020944,0,0.019872,0
T_0000020951,0,0.042421,0
T_0000020954,0,0.015062,0
T_0000021057,0,0.059355,0
T_0000021059,0,0.027795,0
T_0000021086,0,0.047000,0
T_0000021089,0,0.053162,0
T_0000021099,1,0.655909,1
T_0000021102,1,0.987856,1
T_0000021106,0,0.012267,0
T_0000021120,0,0.020147,0
T_0000021124,0,0.066751,0
T_0000021167,1,0.987578,1
T_0000021168,0,0.019465,0
T_0000021173,1,0.972807,1
T_0000021188,1,0.994771,1
T_0000021199,0,0.042204,0
T_0000021245,1,0.732458,1
T_0000021254,0,0.065087,0
T_0000021258,1,0.987497,1
T_0000021276,1,0.407566,1
T_0000021293,0,0.066797,0
T_0000021309,1,0.963535,1
T_0000021337,0,0.021379,0
T_0000021342,1,0.920468,1
T_0000021351,1,0.980973,1
T_0000021371,1,0.768688,1
T_0000021413,1,0.023418,0
T_0000021462,1,0.975267,1
T_0000021478,1,0.990149,1
T_0000021509,0,0.085888,0
T_0000021605,1,0.984503,1
T_0000021637,1,0.963411,1
T_0000021638,1,0.984609,1
T_0000021669,1,0.991159,1
T_0000021694,1,0.963989,1
T_0000021753,1,0.987788,1
T_0000021759,1,0.930042,1
T_0000021777,1,0.961742,1
T_0000021779,1,0.988605,1
T_0000021792,0,0.869040,1
T_0000021823,1,0.979539,1
T_0000021826,0,0.020205,0
T_0000021833,1,0.991034,1
T_0000021839,1,0.991537,1
T_0000021844,1,0.992949,1
T_0000021882,1,0.778088,1
T_0000021899,1,0.995083,1
T_0000021977,1,0.979077,1
T_0000021996,1,0.978256,1
T_0000022082,1,0.988253,1
T_0000022090,0,0.029842,0
T_0000022102,1,0.986419,1
T_0000022118,1,0.977800,1
T_0000022136,0,0.151983,1
T_0000022156,1,0.986999,1
T_0000022171,0,0.949885,1
T_0000022212,1,0.993383,1
T_0000022221,0,0.032570,0
T_0000022258,1,0.993427,1
T_0000022293,1,0.991140,1
T_0000022319,0,0.028332,0
T_0000022323,0,0.001523,0
T_0000022393,0,0.004568,0
T_0000022403,1,0.065948,0
T_0000022418,0,0.160439,1
T_0000022428,1,0.107862,0
T_0000022440,0,0.036111,0
T_0000022444,0,0.009390,0
T_0000022470,1,0.156923,1
T_0000022510,0,0.029955,0
T_0000022525,0,0.034682,0
T_0000022556,1,0.974404,1
T_0000022558,0,0.009391,0
T_0000022562,0,0.091874,0
T_0000022567,1,0.978732,1
T_0000022589,1,0.129672,0
T_0000022600,1,0.976953,1
T_0000022613,1,0.120822,0
T_0000022614,0,0.087568,0
T_0000022650,1,0.987148,1
T_0000022690,0,0.024631,0
T_0000022748,1,0.976918,1
T_0000022753,1,0.976149,1
T_0000022781,0,0.009934,0
T_0000022799,0,0.014871,0
T_0000022804,0,0.077972,0
T_0000022814,1,0.977234,1
T_0000022817,1,0.910056,1
T_0000022870,0,0.039095,0
T_0000022878,0,0.119693,0
T_0000022896,1,0.377120,1
T_0000022908,1,0.932628,1
T_0000022937,1,0.176279,1
T_0000022951,0,0.025649,0
T_0000022952,1,0.949996,1
T_0000023035,1,0.986186,1
T_0000023088,1,0.026256,0
T_0000023130,1,0.986300,1
T_0000023148,0,0.007613,0
T_0000023173,0,0.021655,0
T_0000023180,0,0.033568,0
T_0000023241,0,0.084598,0
T_0000023253,1,0.981920,1
T_0000023260,0,0.015665,0
T_0000023261,1,0.967125,1
T_0000023274,1,0.871213,1
T_0000023291,1,0.924205,1
T_0000023336,1,0.986717,1
T_0000023354,0,0.032607,0
T_0000023360,0,0.021987,0
T_0000023392,1,0.977244,1
T_0000023401,0,0.071894,0
T_0000023447,0,0.052126,0
T_0000023474,1,0.980445,1
T_0000023482,1,0.990345,1
T_0000023492,0,0.026476,0
T_0000023512,1,0.976371,1
T_0000023517,0,0.020307,0
T_0000023524,1,0.689908,1
T_0000023526,1,0.435603,1
T_0000023531,1,0.968850,1
T_0000023546,1,0.985984,1
T_0000023552,1,0.062664,0
T_0000023570,1,0.524823,1
T_0000023582,1,0.977765,1
T_0000023643,1,0.967338,1
T_0000023646,1,0.967141,1
T_0000023652,1,0.974432,1
T_0000023695,0,0.055689,0
T_0000023738,1,0.189886,1
T_0000023780,1,0.968596,1
T_0000023815,1,0.229390,1
T_0000023858,1,0.975409,1
T_0000023883,0,0.024715,0
T_0000023905,1,0.125578,0
T_0000023952,1,0.992962,1
T_0000023967,1,0.982751,1
T_0000023975,0,0.006194,0
T_0000023977,1,0.964970,1
T_0000024000,1,0.397577,1
T_0000024052,0,0.012231,0
T_0000024054,1,0.161287,1
T_0000024074,1,0.979263,1
T_0000024084,0,0.004628,0
T_0000024085,1,0.974897,1
T_0000024092,0,0.040157,0
T_0000024125,0,0.038236,0
T_0000024142,1,0.296544,1
T_0000024144,1,0.985748,1
T_0000024160,1,0.860522,1
T_0000024181,0,0.073981,0
T_0000024209,1,0.860825,1
T_0000024245,1,0.955499,1
T_0000024272,1,0.973787,1
T_0000024290,0,0.024943,0
T_0000024294,1,0.079049,0
T_0000024379,0,0.059082,0
T_0000024390,0,0.071254,0
T_0000024430,1,0.976501,1
T_0000024441,1,0.477340,1
T_0000024461,1,0.907212,1
T_0000024508,0,0.031759,0
T_0000024509,1,0.984628,1
T_0000024513,1,0.114047,0
T_0000024515,1,0.123239,0
T_0000024527,1,0.973295,1
T_0000024550,1,0.987961,1
T_0000024564,0,0.048085,0
T_0000024567,1,0.734518,1
T_0000024610,1,0.986845,1
T_0000024655,1,0.268541,1
T_0000024663,1,0.546801,1
T_0000024709,1,0.036390,0
T_0000024718,0,0.076463,0
T_0000024720,0,0.045838,0
T_0000024727,0,0.062100,0
T_0000024743,0,0.019453,0
T_0000024744,1,0.383843,1
T_0000024776,1,0.976952,1
T_0000024795,0,0.019746,0
T_0000024820,1,0.137531,0
T_0000024859,1,0.870233,1
T_0000024869,1,0.901936,1
T_0000024903,1,0.742924,1
T_0000024906,1,0.863393,1
T_0000024951,1,0.075091,0
T_0000024952,1,0.952761,1
T_0000024955,1,0.096478,0
T_0000024963,0,0.029516,0
T_0000024980,1,0.208093,1
T_0000024997,1,0.976542,1
T_0000025027,0,0.022673,0
T_0000025105,1,0.962569,1
T_0000025106,0,0.016730,0
T_0000025127,1,0.984051,1
T_0000025175,1,0.017418,0
T_0000025226,1,0.124436,0
T_0000025227,1,0.076409,0
T_0000025246,0,0.084078,0
T_0000025254,0,0.072556,0
T_0000025261,0,0.020000,0
T_0000025265,0,0.112339,0
T_0000025281,1,0.955226,1
T_0000025292,1,0.989073,1
T_0000025323,1,0.968546,1
T_0000025363,1,0.323315,1
T_0000025372,1,0.206914,1
T_0000025384,1,0.448367,1
T_0000025401,1,0.937074,1
T_0000025419,1,0.114790,0
T_0000025459,1,0.073943,0
T_0000025467,1,0.959824,1
T_0000025484,1,0.257138,1
T_0000025525,1,0.969735,1
T_0000025540,0,0.095370,0
T_0000025567,1,0.155834,1
T_0000025569,1,0.309048,1
T_0000025601,0,0.035788,0
T_0000025642,0,0.014945,0
T_0000025644,0,0.035004,0
T_0000025658,1,0.984688,1
T_0000025661,1,0.162362,1
T_0000025677,1,0.963797,1
T_0000025683,0,0.046646,0
T_0000025717,1,0.856924,1
T_0000025723,1,0.957749,1
T_0000025728,0,0.043570,0
T_0000025801,0,0.031144,0
T_0000025811,1,0.097892,0
T_0000025875,0,0.027678,0
T_0000025876,0,0.056398,0
T_0000025919,1,0.459726,1
T_0000025942,0,0.036169,0
T_0000025945,1,0.986589,1
T_0000025973,1,0.040886,0
T_0000025990,0,0.052841,0
T_0000025993,1,0.970309,1
T_0000025998,0,0.087954,0
T_0000026004,1,0.983411,1
T_0000026013,0,0.092442,0
T_0000026037,1,0.963248,1
T_0000026042,1,0.363381,1
T_0000026044,0,0.192966,1
T_0000026055,0,0.019308,0
T_0000026065,1,0.031140,0
T_0000026070,1,0.980272,1
T_0000026074,1,0.971221,1
T_0000026081,0,0.029947,0
T_0000026164,0,0.002938,0
T_0000026213,1,0.946466,1
T_0000026267,0,0.019804,0
T_0000026274,1,0.983404,1
T_0000026286,1,0.249033,1
T_0000026336,0,0.383520,1
T_0000026360,1,0.115728,0
T_0000026379,1,0.927188,1
T_0000026414,1,0.070240,0
T_0000026416,1,0.110450,0
T_0000026422,1,0.987236,1
T_0000026432,0,0.065932,0
T_0000026436,1,0.673424,1
T_0000026483,1,0.986846,1
T_0000026530,1,0.698764,1
T_0000026532,1,0.968367,1
T_0000026533,1,0.111337,0
T_0000026564,1,0.124686,0
T_0000026568,0,0.048504,0
T_0000026577,1,0.979984,1
T_0000026624,1,0.588396,1
T_0000026650,0,0.035451,0
T_0000026679,0,0.040798,0
T_0000026690,1,0.132966,0
T_0000026703,1,0.697378,1
T_0000026707,1,0.104977,0
T_0000026720,0,0.010683,0
T_0000026729,1,0.329055,1
T_0000026757,0,0.126115,0
T_0000026759,1,0.129374,0
T_0000026807,1,0.019355,0
T_0000026815,1,0.991594,1
T_0000026830,0,0.047758,0
T_0000026904,1,0.923919,1
T_0000026976,1,0.860326,1
T_0000027032,0,0.009147,0
T_0000027037,0,0.036589,0
T_0000027042,0,0.044360,0
T_0000027047,1,0.979676,1
T_0000027051,1,0.025849,0
T_0000027199,1,0.817761,1
T_0000027256,1,0.062903,0
T_0000027286,0,0.031137,0
T_0000027294,1,0.390438,1
T_0000027308,0,0.045958,0
T_0000027319,1,0.991409,1
T_0000027327,1,0.213378,1
T_0000027380,1,0.133739,0
T_0000027384,1,0.988007,1
T_0000027406,0,0.019686,0
T_0000027408,1,0.961204,1
T_0000027417,0,0.016379,0
T_0000027432,0,0.006547,0
T_0000027447,0,0.043376,0
T_0000027453,1,0.915915,1
T_0000027484,1,0.102616,0
T_0000027514,1,0.091303,0
T_0000027561,1,0.100807,0
T_0000027580,1,0.725198,1
T_0000027584,1,0.953068,1
T_0000027588,0,0.043772,0
T_0000027635,0,0.105310,0
T_0000027643,1,0.963410,1
T_0000027687,1,0.469758,1
T_0000027728,1,0.986371,1
T_0000027747,1,0.101300,0
T_0000027808,1,0.233079,1
T_0000027817,0,0.088270,0
T_0000027818,1,0.066506,0
T_0000027822,1,0.996188,1
T_0000027837,1,0.103585,0
T_0000027859,1,0.755708,1
T_0000027860,1,0.843742,1
T_0000027895,1,0.937416,1
T_0000027982,1,0.074050,0
T_0000027984,0,0.015795,0
T_0000028000,0,0.023753,0
T_0000028009,1,0.987221,1
T_0000028039,1,0.211118,1
T_0000028040,1,0.030849,0
T_0000028092,1,0.168363,1
T_0000028174,0,0.018803,0
T_0000028215,1,0.974388,1
T_0000028250,1,0.158055,1
T_0000028303,1,0.968655,1
T_0000028334,0,0.023587,0
T_0000028364,1,0.992056,1
T_0000028396,1,0.274048,1
T_0000028398,1,0.277862,1
T_0000028458,1,0.124584,0
T_0000028476,1,0.933333,1
T_0000028479,1,0.974939,1
T_0000028518,1,0.950927,1
T_0000028560,1,0.962986,1
T_0000028570,0,0.004077,0
T_0000028578,1,0.976170,1
T_0000028583,1,0.795435,1
T_0000028584,1,0.986453,1
T_0000028585,1,0.993637,1
T_0000028586,1,0.974822,1
T_0000028596,0,0.006895,0
T_0000028613,0,0.012941,0
T_0000028681,0,0.058909,0
T_0000028682,1,0.848859,1
T_0000028691,0,0.011094,0
T_0000028693,0,0.015549,0
T_0000028698,0,0.046263,0
T_0000028801,0,0.026187,0
T_0000028802,1,0.177691,1
T_0000028861,0,0.047253,0
T_0000028883,1,0.974147,1
T_0000028925,1,0.918995,1
T_0000028934,0,0.015846,0
T_0000028957,0,0.015943,0
T_0000028966,1,0.820341,1
T_0000028986,1,0.229462,1
T_0000029012,0,0.037488,0
T_0000029048,1,0.240670,1
T_0000029079,1,0.446392,1
T_0000029083,1,0.958463,1
T_0000029089,1,0.970724,1
T_0000029095,1,0.974096,1
T_0000029128,1,0.906027,1
T_0000029175,1,0.255269,1
T_0000029198,1,0.885596,1
T_0000029207,1,0.958522,1
T_0000029221,0,0.026590,0
T_0000029263,0,0.086391,0
T_0000029276,1,0.207149,1
T_0000029282,1,0.982784,1
T_0000029297,0,0.208054,1
T_0000029342,1,0.159853,1
T_0000029363,1,0.936565,1
T_0000029377,1,0.943504,1
T_0000029441,0,0.092176,0
T_0000029447,0,0.051523,0
T_0000029454,1,0.991678,1
T_0000029459,0,0.011160,0
T_0000029465,1,0.426742,1
T_0000029478,1,0.928168,1
T_0000029501,0,0.061016,0
T_0000029596,1,0.986772,1
T_0000029628,1,0.282877,1
T_0000029648,1,0.036234,0
T_0000029664,1,0.332850,1
T_0000029692,1,0.156804,1
T_0000029698,1,0.429027,1
T_0000029714,1,0.072024,0
T_0000029722,1,0.419764,1
T_0000029727,1,0.992588,1
T_0000029735,1,0.972742,1
T_0000029774,1,0.993595,1
T_0000029791,1,0.976687,1
T_0000029801,0,0.034058,0
T_0000029816,0,0.105433,0
T_0000029830,0,0.067048,0
T_0000029835,0,0.004595,0
T_0000029842,0,0.004783,0
T_0000029851,0,0.146080,0
T_0000029898,1,0.156942,1
T_0000029911,0,0.016114,0
T_0000029974,1,0.937696,1
T_0000029997,1,0.972263,1
T_0000030029,0,0.023882,0
T_0000030054,1,0.073030,0
T_0000030078,1,0.202211,1
T_0000030100,0,0.004988,0
T_0000030103,1,0.988938,1
T_0000030108,1,0.114802,0
T_0000030153,1,0.121913,0
T_0000030171,1,0.058761,0
T_0000030180,1,0.962691,1
T_0000030186,0,0.121841,0
T_0000030189,1,0.863601,1
T_0000030191,0,0.011645,0
T_0000030197,1,0.238020,1
T_0000030198,0,0.011814,0
T_0000030214,1,0.957658,1
T_0000030246,0,0.056932,0
T_0000030297,1,0.815798,1
T_0000030302,1,0.067118,0
T_0000030329,1,0.080467,0
T_0000030379,0,0.010529,0
T_0000030395,1,0.061303,0
T_0000030398,1,0.495751,1
T_0000030408,0,0.137351,0
T_0000030409,1,0.139709,0
T_0000030420,0,0.008911,0
T_0000030425,0,0.154356,1
T_0000030457,1,0.966187,1
T_0000030469,1,0.030699,0
T_0000030470,0,0.019072,0
T_0000030489,0,0.032603,0
T_0000030496,1,0.989836,1
T_0000030501,0,0.079606,0
T_0000030523,1,0.986189,1
T_0000030530,1,0.842283,1
T_0000030572,0,0.020706,0
T_0000030583,1,0.107555,0
T_0000030606,0,0.110152,0
T_0000030637,1,0.974449,1
T_0000030664,1,0.983980,1
T_0000030674,1,0.777469,1
T_0000030676,1,0.986949,1
T_0000030713,1,0.037160,0
T_0000030741,1,0.131947,0
T_0000030795,0,0.018884,0
T_0000030861,0,0.041878,0
T_0000030877,1,0.061428,0
T_0000030895,1,0.052752,0
T_0000030965,1,0.918558,1
T_0000030969,1,0.826823,1
T_0000031002,0,0.044922,0
T_0000031040,1,0.740103,1
T_0000031069,0,0.019758,0
T_0000031088,0,0.122211,0
T_0000031089,1,0.987928,1
T_0000031105,1,0.981963,1
T_0000031120,0,0.046489,0
T_0000031123,0,0.040370,0
T_0000031127,1,0.869403,1
T_0000031138,0,0.020148,0
T_0000031141,1,0.116446,0
T_0000031168,1,0.926943,1
T_0000031172,0,0.042284,0
T_0000031176,1,0.167665,1
T_0000031182,0,0.007224,0
T_0000031200,0,0.052409,0
T_0000031225,0,0.099401,0
T_0000031251,1,0.945400,1
T_0000031254,1,0.989295,1
T_0000031261,0,0.029218,0
T_0000031290,1,0.764161,1
T_0000031294,1,0.929724,1
T_0000031302,0,0.021354,0
T_0000031320,1,0.974451,1
T_0000031323,1,0.077870,0
T_0000031343,0,0.018488,0
T_0000031350,1,0.036852,0
T_0000031354,1,0.135843,0
T_0000031355,1,0.489723,1
T_0000031357,1,0.974376,1
T_0000031389,0,0.047418,0
T_0000031402,0,0.063112,0
T_0000031409,0,0.030473,0
T_0000031424,0,0.065322,0
T_0000031472,1,0.105627,0
T_0000031502,1,0.326802,1
T_0000031503,0,0.022936,0
T_0000031512,1,0.548201,1
T_0000031514,1,0.097831,0
T_0000031599,1,0.054795,0
T_0000031600,1,0.871135,1
T_0000031610,0,0.046606,0
T_0000031619,1,0.025326,0
T_0000031638,1,0.984052,1
T_0000031640,0,0.038037,0
T_0000031668,0,0.065169,0
T_0000031672,1,0.046657,0
T_0000031673,1,0.932676,1
T_0000031678,0,0.034409,0
T_0000031684,0,0.013292,0
T_0000031789,1,0.566420,1
T_0000031854,0,0.015362,0
T_0000031899,0,0.040407,0
T_0000031924,1,0.761226,1
T_0000031932,1,0.067708,0
T_0000031947,1,0.935867,1
T_0000031951,1,0.951287,1
T_0000031968,1,0.093403,0
T_0000031979,0,0.003119,0
T_0000031999,0,0.098757,0
T_0000032018,1,0.946528,1
T_0000032032,0,0.006774,0
T_0000032048,1,0.150157,1
T_0000032071,0,0.098408,0
T_0000032120,1,0.689765,1
T_0000032132,0,0.024034,0
T_0000032156,0,0.008103,0
T_0000032171,1,0.962595,1
T_0000032199,1,0.016393,0
T_0000032222,1,0.254653,1
T_0000032225,1,0.094000,0
T_0000032243,1,0.959830,1
T_0000032293,1,0.807632,1
T_0000032305,1,0.981203,1
T_0000032306,1,0.042411,0
T_0000032307,1,0.208206,1
T_0000032321,1,0.949490,1
T_0000032382,0,0.042329,0
T_0000032417,1,0.617301,1
T_0000032439,1,0.140627,0
T_0000032501,1,0.929287,1
T_0000032520,1,0.320308,1
T_0000032557,1,0.979025,1
T_0000032571,1,0.116646,0
T_0000032579,1,0.989584,1
T_0000032594,1,0.678864,1
T_0000032601,0,0.039100,0
T_0000032625,1,0.888233,1
T_0000032630,0,0.232271,1
T_0000032648,0,0.045495,0
T_0000032654,0,0.215365,1
T_0000032672,0,0.137565,0
T_0000032675,1,0.991809,1
T_0000032681,1,0.033473,0
T_0000032683,1,0.986232,1
T_0000032705,1,0.979325,1
T_0000032738,1,0.975556,1
T_0000032741,1,0.239920,1
T_0000032825,0,0.073664,0
T_0000032836,1,0.976382,1
T_0000032841,1,0.429786,1
T_0000032868,1,0.176379,1
T_0000032910,1,0.869645,1
T_0000032920,0,0.161016,1
T_0000032921,1,0.375801,1
T_0000032982,1,0.958470,1
T_0000032992,1,0.974581,1
T_0000032999,0,0.015835,0
T_0000033002,1,0.917187,1
T_0000033007,0,0.075802,0
T_0000033163,0,0.117040,0
T_0000033172,1,0.044199,0
T_0000033175,0,0.010980,0
T_0000033188,0,0.052479,0
T_0000033237,1,0.991250,1
T_0000033273,1,0.963518,1
T_0000033301,0,0.038323,0
T_0000033303,0,0.152401,1
T_0000033309,0,0.134619,0
T_0000033321,0,0.016604,0
T_0000033334,0,0.020035,0
T_0000033343,1,0.975102,1
T_0000033344,1,0.079216,0
T_0000033357,0,0.006679,0
T_0000033373,1,0.045513,0
T_0000033433,1,0.100658,0
T_0000033459,1,0.380819,1
T_0000033460,0,0.047789,0
T_0000033469,0,0.050340,0
T_0000033508,0,0.010215,0
T_0000033525,1,0.040687,0
T_0000033536,0,0.019939,0
T_0000033549,1,0.128127,0
T_0000033557,0,0.032175,0
T_0000033607,1,0.890976,1
T_0000033641,1,0.019279,0
T_0000033663,1,0.625497,1
T_0000033668,1,0.366869,1
T_0000033676,1,0.068445,0
T_0000033708,0,0.071511,0
T_0000033719,1,0.968506,1
T_0000033731,1,0.913785,1
T_0000033734,1,0.056160,0
T_0000033736,1,0.972301,1
T_0000033751,1,0.140915,0
T_0000033756,1,0.977003,1
T_0000033782,0,0.010775,0
T_0000033826,0,0.065251,0
T_0000033874,1,0.976636,1
T_0000033894,0,0.006541,0
T_0000033948,1,0.034090,0
T_0000033956,1,0.976167,1
T_0000033959,1,0.244074,1
T_0000033960,1,0.357664,1
T_0000033971,1,0.097514,0
T_0000033976,0,0.050638,0
T_0000033995,0,0.032971,0
T_0000034007,0,0.050495,0
T_0000034061,1,0.533027,1
T_0000034062,1,0.295647,1
T_0000034078,1,0.261045,1
T_0000034094,1,0.047216,0
T_0000034097,1,0.938747,1
T_0000034107,1,0.449606,1
T_0000034135,1,0.189313,1
T_0000034138,0,0.047047,0
T_0000034155,1,0.978973,1
T_0000034177,0,0.015936,0
T_0000034179,0,0.005051,0
T_0000034197,1,0.945527,1
T_0000034214,1,0.065866,0
T_0000034276,1,0.062934,0
T_0000034311,0,0.022463,0
T_0000034403,1,0.972015,1
T_0000034427,1,0.941671,1
T_0000034437,0,0.017557,0
T_0000034438,0,0.011088,0
T_0000034477,0,0.034222,0
T_0000034483,1,0.965729,1
T_0000034486,1,0.130301,0
T_0000034511,1,0.982756,1
T_0000034538,1,0.992510,1
T_0000034576,0,0.041218,0
T_0000034579,1,0.842472,1
T_0000034583,1,0.778509,1
T_0000034586,1,0.020108,0
T_0000034605,1,0.975698,1
T_0000034658,1,0.071966,0
T_0000034668,0,0.019354,0
T_0000034680,0,0.137622,0
T_0000034709,1,0.989944,1
T_0000034716,0,0.032701,0
T_0000034744,0,0.090057,0
T_0000034766,1,0.757647,1
T_0000034783,1,0.243367,1
T_0000034814,1,0.569825,1
T_0000034825,1,0.235319,1
T_0000034828,0,0.028114,0
T_0000034838,1,0.095671,0
T_0000034849,0,0.007300,0
T_0000034883,1,0.960738,1
T_0000034916,1,0.813443,1
T_0000034961,1,0.970715,1
T_0000034966,1,0.987968,1
T_0000034985,1,0.951808,1
T_0000035030,0,0.012557,0
T_0000035112,1,0.051869,0
T_0000035128,0,0.588517,1
T_0000035138,1,0.095783,0
T_0000035170,1,0.983371,1
T_0000035189,1,0.162635,1
T_0000035196,0,0.019860,0
T_0000035213,0,0.037044,0
T_0000035215,1,0.974539,1
T_0000035276,0,0.007564,0
T_0000035288,1,0.116403,0
T_0000035289,1,0.065534,0
T_0000035310,1,0.118772,0
T_0000035338,1,0.125388,0
T_0000035378,0,0.049391,0
T_0000035382,1,0.897263,1
T_0000035411,0,0.019078,0
T_0000035419,1,0.810125,1
T_0000035420,0,0.027893,0
T_0000035469,1,0.059092,0
T_0000035470,0,0.025751,0
T_0000035486,0,0.024803,0
T_0000035505,1,0.119271,0
T_0000035575,1,0.971838,1
T_0000035602,0,0.017793,0
T_0000035604,0,0.103973,0
T_0000035621,0,0.038583,0
T_0000035626,0,0.053967,0
T_0000035643,1,0.991300,1
T_0000035676,0,0.673132,1
T_0000035686,0,0.028417,0
T_0000035735,1,0.861528,1
T_0000035736,0,0.010551,0
T_0000035757,1,0.228104,1
T_0000035760,1,0.770556,1
T_0000035778,0,0.019363,0
T_0000035779,1,0.184192,1
T_0000035789,0,0.041411,0
T_0000035803,1,0.984983,1
T_0000035820,0,0.025435,0
T_0000035876,1,0.084420,0
T_0000035877,0,0.006991,0
T_0000035881,0,0.055761,0
T_0000035924,0,0.086838,0
T_0000035929,1,0.050769,0
T_0000035960,1,0.651201,1
T_0000035988,1,0.131305,0
T_0000036000,1,0.906784,1
T_0000036011,1,0.979613,1
T_0000036028,0,0.088531,0
T_0000036042,0,0.019890,0
T_0000036085,1,0.197708,1
T_0000036125,1,0.036696,0
T_0000036131,0,0.038594,0
T_0000036150,1,0.897784,1
T_0000036188,1,0.968399,1
T_0000036253,1,0.989308,1
T_0000036274,1,0.078601,0
T_0000036287,1,0.975931,1
T_0000036288,1,0.876597,1
T_0000036298,0,0.022160,0
T_0000036336,1,0.396859,1
T_0000036346,0,0.005841,0
T_0000036365,1,0.991206,1
T_0000036389,1,0.677216,1
T_0000036435,1,0.288511,1
T_0000036446,1,0.971391,1
T_0000036473,1,0.994182,1
T_0000036481,1,0.960679,1
T_0000036509,0,0.118181,0
T_0000036511,1,0.980187,1
T_0000036520,1,0.988636,1
T_0000036547,1,0.097852,0
T_0000036558,1,0.881882,1
T_0000036563,1,0.461911,1
T_0000036565,0,0.047322,0
T_0000036566,0,0.096575,0
T_0000036573,1,0.125729,0
T_0000036609,1,0.027911,0
T_0000036652,1,0.817731,1
T_0000036671,0,0.024922,0
T_0000036673,1,0.094885,0
T_0000036676,1,0.975738,1
T_0000036690,1,0.156180,1
T_0000036730,1,0.980073,1
T_0000036734,1,0.913146,1
T_0000036735,1,0.982655,1
T_0000036818,1,0.814327,1
T_0000036819,1,0.116874,0
T_0000036840,0,0.017696,0
T_0000036860,1,0.042061,0
T_0000036861,1,0.981014,1
T_0000036892,1,0.977070,1
T_0000036921,1,0.870840,1
T_0000036923,1,0.236297,1
T_0000036945,1,0.409638,1
T_0000036986,0,0.033485,0
T_0000036990,1,0.432641,1
T_0000036993,1,0.361842,1
T_0000036998,1,0.941335,1
T_0000037038,0,0.029665,0
T_0000037042,1,0.980012,1
T_0000037070,1,0.994189,1
T_0000037102,1,0.450857,1
T_0000037108,1,0.090487,0
T_0000037142,1,0.930771,1
T_0000037147,1,0.058081,0
T_0000037160,1,0.790956,1
T_0000037194,1,0.252116,1
T_0000037211,1,0.952239,1
T_0000037225,0,0.055120,0
T_0000037231,1,0.993675,1
T_0000037246,0,0.018143,0
T_0000037276,0,0.168035,1
T_0000037305,1,0.990850,1
T_0000037310,0,0.056662,0
T_0000037330,1,0.984687,1
T_0000037332,1,0.909963,1
T_0000037362,0,0.908224,1
T_0000037412,0,0.022578,0
T_0000037439,1,0.974536,1
T_0000037456,1,0.951640,1
T_0000037463,1,0.371170,1
T_0000037464,1,0.887460,1
T_0000037472,1,0.317167,1
T_0000037496,0,0.061136,0
T_0000037498,1,0.118713,0
T_0000037535,1,0.982429,1
T_0000037550,1,0.974699,1
T_0000037558,1,0.714676,1
T_0000037590,1,0.224749,1
T_0000037626,1,0.980590,1
T_0000037677,1,0.256908,1
T_0000037731,1,0.619628,1
T_0000037756,0,0.001426,0
T_0000037775,1,0.105549,0
T_0000037784,0,0.077604,0
T_0000037787,1,0.216440,1
T_0000037801,1,0.988067,1
T_0000037813,0,0.011609,0
T_0000037816,1,0.303519,1
T_0000037848,1,0.967003,1
T_0000037896,1,0.062509,0
T_0000037906,1,0.951487,1
T_0000037911,0,0.028458,0
T_0000037917,1,0.041735,0
T_0000037936,0,0.055745,0
T_0000037961,1,0.128331,0
T_0000037980,0,0.008470,0
T_0000037987,1,0.217795,1
T_0000037993,1,0.831020,1
T_0000038045,1,0.943311,1
T_0000038064,0,0.031647,0
T_0000038082,0,0.012702,0
T_0000038119,1,0.747260,1
T_0000038120,0,0.026920,0
T_0000038134,1,0.988815,1
T_0000038142,0,0.030610,0
T_0000038161,0,0.033437,0
T_0000038165,0,0.131122,0
T_0000038244,1,0.338730,1
T_0000038306,0,0.043617,0
T_0000038311,0,0.064428,0
T_0000038318,1,0.969926,1
T_0000038328,0,0.079819,0
T_0000038397,1,0.983200,1
T_0000038439,0,0.273143,1
T_0000038445,1,0.205338,1
T_0000038536,1,0.032283,0
T_0000038552,0,0.037378,0
T_0000038558,1,0.884564,1
T_0000038591,1,0.408910,1
T_0000038592,0,0.130635,0
T_0000038593,1,0.953606,1
T_0000038597,1,0.037870,0
T_0000038619,0,0.035271,0
T_0000038662,1,0.925325,1
T_0000038663,0,0.024740,0
T_0000038723,1,0.919642,1
T_0000038741,1,0.972681,1
T_0000038752,1,0.225701,1
T_0000038775,1,0.207878,1
T_0000038783,1,0.956272,1
T_0000038820,1,0.852258,1
T_0000038831,1,0.308710,1
T_0000038833,1,0.944114,1
T_0000038838,1,0.987903,1
T_0000038840,0,0.103249,0
T_0000038860,1,0.575442,1
T_0000038885,0,0.052536,0
T_0000038887,0,0.045346,0
T_0000038898,1,0.056242,0
T_0000038907,1,0.142468,0
T_0000038913,1,0.387255,1
T_0000038937,1,0.033281,0
T_0000039004,1,0.050771,0
T_0000039009,0,0.017155,0
T_0000039040,1,0.963080,1
T_0000039041,1,0.123846,0
T_0000039045,0,0.060094,0
T_0000039110,1,0.987412,1
T_0000039132,1,0.989555,1
T_0000039136,0,0.038287,0
T_0000039168,1,0.982984,1
T_0000039170,0,0.046911,0
T_0000039180,1,0.985707,1
T_0000039193,1,0.545227,1
T_0000039208,1,0.199665,1
T_0000039293,0,0.084223,0
T_0000039312,1,0.977690,1
T_0000039334,1,0.992642,1
T_0000039343,1,0.956833,1
T_0000039368,0,0.010236,0
T_0000039403,0,0.038033,0
T_0000039417,1,0.641188,1
T_0000039426,0,0.042612,0
T_0000039481,0,0.027796,0
T_0000039488,1,0.885023,1
T_0000039508,1,0.353079,1
T_0000039525,1,0.990372,1
T_0000039535,1,0.992400,1
T_0000039548,0,0.058065,0
T_0000039613,1,0.347596,1
T_0000039666,1,0.041556,0
T_0000039684,0,0.046158,0
T_0000039695,0,0.011909,0
T_0000039701,1,0.872494,1
T_0000039702,1,0.980096,1
T_0000039710,1,0.982933,1
T_0000039760,1,0.984102,1
T_0000039791,1,0.960161,1
T_0000039804,0,0.037889,0
T_0000039818,1,0.272255,1
T_0000039826,1,0.050595,0
T_0000039830,1,0.972769,1
T_0000039840,0,0.067160,0
T_0000039881,0,0.129995,0
T_0000039884,0,0.050510,0
T_0000039885,0,0.080133,0
T_0000039931,1,0.541306,1
T_0000039932,1,0.927669,1
T_0000039938,0,0.020209,0
T_0000039988,1,0.970744,1
T_0000039991,0,0.034997,0
T_0000040051,1,0.816020,1
T_0000040061,1,0.974703,1
T_0000040084,0,0.043507,0
T_0000040095,1,0.970178,1
T_0000040114,1,0.945934,1
T_0000040126,1,0.969732,1
T_0000040129,1,0.932857,1
T_0000040160,0,0.301872,1
T_0000040164,1,0.795539,1
T_0000040226,1,0.142907,0
T_0000040227,0,0.051212,0
T_0000040243,0,0.010198,0
T_0000040275,1,0.986063,1
T_0000040301,1,0.986430,1
T_0000040302,1,0.983859,1
T_0000040303,0,0.042116,0
T_0000040410,0,0.021309,0
T_0000040424,0,0.007925,0
T_0000040446,0,0.012407,0
T_0000040465,0,0.077407,0
T_0000040471,1,0.960691,1
T_0000040547,1,0.990669,1
T_0000040585,1,0.710126,1
T_0000040611,1,0.971013,1
T_0000040641,1,0.991378,1
T_0000040647,1,0.022706,0
T_0000040664,0,0.216716,1
T_0000040676,1,0.918678,1
T_0000040690,1,0.975013,1
T_0000040701,0,0.064248,0
T_0000040714,1,0.986956,1
T_0000040741,1,0.987019,1
T_0000040744,1,0.835492,1
T_0000040785,1,0.970198,1
T_0000040816,1,0.045367,0
T_0000040827,0,0.034262,0
T_0000040829,1,0.627870,1
T_0000040864,0,0.024613,0
T_0000040918,1,0.453294,1
T_0000040958,1,0.380357,1
T_0000041003,0,0.023355,0
T_0000041010,1,0.804476,1
T_0000041017,1,0.110410,0
T_0000041048,1,0.063957,0
T_0000041119,1,0.988903,1
T_0000041160,1,0.133445,0
T_0000041173,1,0.920183,1
T_0000041179,1,0.869151,1
T_0000041296,1,0.053982,0
T_0000041305,0,0.625465,1
T_0000041310,1,0.007029,0
T_0000041318,1,0.983261,1
T_0000041360,1,0.084007,0
T_0000041396,1,0.854878,1
T_0000041409,1,0.883211,1
T_0000041449,0,0.021314,0
T_0000041453,1,0.958505,1
T_0000041463,0,0.025017,0
T_0000041483,1,0.050676,0
T_0000041486,1,0.141895,0
T_0000041500,1,0.147500,0
T_0000041525,0,0.008007,0
T_0000041540,1,0.896174,1
T_0000041553,1,0.976533,1
T_0000041563,1,0.979846,1
T_0000041566,1,0.951979,1
T_0000041626,1,0.051072,0
T_0000041644,1,0.178747,1
T_0000041648,0,0.040754,0
T_0000041700,1,0.936728,1
T_0000041706,1,0.145981,0
T_0000041715,0,0.017446,0
T_0000041724,0,0.015024,0
T_0000041749,1,0.062841,0
T_0000041794,1,0.976881,1
T_0000041797,0,0.015745,0
T_0000041804,0,0.027792,0
T_0000041821,1,0.974439,1
T_0000041829,1,0.991126,1
T_0000041840,1,0.032711,0
T_0000041855,1,0.054663,0
T_0000041873,0,0.114640,0
T_0000041955,1,0.800302,1
T_0000041962,1,0.976800,1
T_0000041972,1,0.044003,0
T_0000042140,0,0.027333,0
T_0000042145,1,0.070691,0
T_0000042161,1,0.028886,0
T_0000042167,1,0.968533,1
T_0000042174,1,0.976433,1
T_0000042191,1,0.078622,0
T_0000042196,1,0.089177,0
T_0000042212,1,0.585275,1
T_0000042228,0,0.043637,0
T_0000042236,1,0.522691,1
T_0000042276,1,0.212707,1
T_0000042279,1,0.978676,1
T_0000042300,1,0.131835,0
T_0000042384,1,0.051202,0
T_0000042392,0,0.008879,0
T_0000042431,1,0.065620,0
T_0000042436,0,0.055093,0
T_0000042450,1,0.988192,1
T_0000042454,1,0.120334,0
T_0000042495,1,0.978407,1
T_0000042506,0,0.048846,0
T_0000042515,0,0.028203,0
T_0000042524,0,0.039526,0
T_0000042529,1,0.968061,1
T_0000042592,1,0.820845,1
T_0000042692,1,0.958441,1
T_0000042704,1,0.977773,1
T_0000042718,1,0.048105,0
T_0000042724,1,0.572513,1
T_0000042742,1,0.974827,1
T_0000042773,1,0.054866,0
T_0000042775,0,0.038336,0
T_0000042783,0,0.073599,0
T_0000042785,1,0.980999,1
T_0000042800,1,0.986920,1
T_0000042816,0,0.047778,0
T_0000042876,1,0.079554,0
T_0000042923,1,0.395203,1
T_0000042928,1,0.083163,0
T_0000042944,1,0.481594,1
T_0000042958,1,0.106814,0
T_0000042959,1,0.090753,0
T_0000042969,1,0.909356,1
T_0000042982,1,0.983654,1
T_0000042983,1,0.043604,0
T_0000043020,0,0.021702,0
T_0000043023,0,0.023561,0
T_0000043047,1,0.992907,1
T_0000043052,1,0.974939,1
T_0000043081,0,0.037647,0
T_0000043098,1,0.071060,0
T_0000043123,0,0.028247,0
T_0000043128,1,0.812860,1
T_0000043140,1,0.401600,1
T_0000043154,0,0.009392,0
T_0000043157,1,0.985484,1
T_0000043162,0,0.023783,0
T_0000043178,1,0.901447,1
T_0000043188,1,0.184513,1
T_0000043231,1,0.120816,0
T_0000043232,1,0.987143,1
T_0000043240,1,0.082157,0
T_0000043274,0,0.913799,1
T_0000043280,0,0.022943,0
T_0000043332,0,0.075914,0
T_0000043337,0,0.018913,0
T_0000043360,1,0.989334,1
T_0000043423,1,0.981526,1
T_0000043454,0,0.064588,0
T_0000043525,1,0.986113,1
T_0000043527,1,0.910707,1
T_0000043534,0,0.003338,0
T_0000043567,1,0.988473,1
T_0000043575,1,0.980906,1
T_0000043583,1,0.983207,1
T_0000043619,1,0.373334,1
T_0000043635,1,0.833564,1
T_0000043718,1,0.976187,1
T_0000043735,1,0.925034,1
T_0000043741,1,0.989720,1
T_0000043753,0,0.035004,0
T_0000043782,1,0.743315,1
T_0000043795,0,0.066624,0
T_0000043801,1,0.976293,1
T_0000043823,0,0.029393,0
T_0000043831,0,0.003534,0
T_0000043850,0,0.023887,0
T_0000043855,0,0.048826,0
T_0000043882,0,0.082850,0
T_0000043930,1,0.022241,0
T_0000043932,1,0.986727,1
T_0000043934,0,0.926885,1
T_0000043971,0,0.090434,0
T_0000043989,1,0.219235,1
T_0000044022,0,0.092858,0
T_0000044057,1,0.716731,1
T_0000044079,1,0.987707,1
T_0000044084,0,0.037060,0
T_0000044094,0,0.043402,0
T_0000044098,0,0.040941,0
T_0000044142,0,0.068929,0
T_0000044144,1,0.972612,1
T_0000044145,1,0.973403,1
T_0000044181,1,0.349332,1
T_0000044198,0,0.018287,0
T_0000044223,1,0.802962,1
T_0000044236,1,0.324637,1
T_0000044286,0,0.026576,0
T_0000044308,0,0.011098,0
T_0000044346,1,0.924692,1
T_0000044372,1,0.977007,1
T_0000044379,0,0.037862,0
T_0000044397,0,0.060406,0
T_0000044406,0,0.023753,0
T_0000044411,0,0.051229,0
T_0000044428,0,0.954959,1
T_0000044451,0,0.006106,0
T_0000044457,1,0.181963,1
T_0000044506,1,0.241155,1
T_0000044526,0,0.336126,1
T_0000044527,1,0.064244,0
T_0000044649,1,0.975783,1
T_0000044660,1,0.806082,1
T_0000044669,1,0.980001,1
T_0000044703,1,0.097319,0
T_0000044727,1,0.958223,1
T_0000044763,0,0.869695,1
T_0000044767,1,0.965802,1
T_0000044815,1,0.060479,0
T_0000044822,0,0.070145,0
T_0000044830,1,0.376646,1
T_0000044841,1,0.974941,1
T_0000044878,0,0.036771,0
T_0000044890,1,0.037757,0
T_0000044918,0,0.027628,0
T_0000044924,1,0.983667,1
T_0000044939,1,0.113132,0
T_0000044967,1,0.763017,1
T_0000045000,1,0.984307,1
T_0000045050,1,0.071308,0
T_0000045070,1,0.147872,0
T_0000045078,0,0.045191,0
T_0000045109,1,0.707411,1
T_0000045122,1,0.934150,1
T_0000045148,1,0.894789,1
T_0000045209,1,0.963309,1
T_0000045251,1,0.168019,1
T_0000045269,1,0.177039,1
T_0000045303,1,0.991585,1
T_0000045309,1,0.118851,0
T_0000045364,1,0.279380,1
T_0000045372,0,0.031166,0
T_0000045377,1,0.656465,1
T_0000045408,1,0.929977,1
T_0000045433,1,0.989532,1
T_0000045472,0,0.342691,1
T_0000045487,1,0.280083,1
T_0000045490,0,0.124994,0
T_0000045504,1,0.975080,1
T_0000045507,0,0.083258,0
T_0000045603,0,0.034924,0
T_0000045605,1,0.985213,1
T_0000045609,0,0.055766,0
T_0000045662,1,0.991912,1
T_0000045677,0,0.055086,0
T_0000045681,1,0.980953,1
T_0000045729,1,0.856323,1
T_0000045752,0,0.052661,0
T_0000045767,1,0.258940,1
T_0000045814,1,0.260620,1
T_0000045843,1,0.876583,1
T_0000045855,1,0.981098,1
T_0000045856,1,0.991485,1
T_0000045882,1,0.724656,1
T_0000045897,0,0.005323,0
T_0000045905,1,0.629706,1
T_0000045941,1,0.943931,1
T_0000045980,1,0.988426,1
T_0000045983,1,0.985864,1
T_0000046065,0,0.066366,0
T_0000046072,1,0.185995,1
T_0000046073,1,0.014865,0
T_0000046083,1,0.992469,1
T_0000046085,0,0.034869,0
T_0000046125,1,0.979699,1
T_0000046127,1,0.150242,1
T_0000046180,1,0.480007,1
T_0000046218,0,0.041845,0
T_0000046246,1,0.963916,1
T_0000046258,1,0.973174,1
T_0000046287,1,0.820574,1
T_0000046335,1,0.967827,1
T_0000046350,0,0.011664,0
T_0000046351,1,0.931098,1
T_0000046356,1,0.984956,1
T_0000046363,1,0.978068,1
T_0000046373,1,0.468311,1
T_0000046380,0,0.063907,0
T_0000046387,0,0.039406,0
T_0000046408,1,0.993803,1
T_0000046419,1,0.025198,0
T_0000046442,1,0.969510,1
T_0000046444,1,0.127721,0
T_0000046455,0,0.037694,0
T_0000046457,1,0.213747,1
T_0000046519,1,0.085950,0
T_0000046521,1,0.921747,1
T_0000046524,0,0.023234,0
T_0000046552,1,0.989870,1
T_0000046554,1,0.970050,1
T_0000046588,0,0.023886,0
T_0000046624,1,0.306197,1
T_0000046655,0,0.106126,0
T_0000046700,1,0.348652,1
T_0000046734,0,0.034202,0
T_0000046750,0,0.108319,0
T_0000046755,0,0.021819,0
T_0000046817,1,0.989875,1
T_0000046825,1,0.959839,1
T_0000046876,1,0.983653,1
T_0000046882,1,0.627343,1
T_0000046920,1,0.980516,1
T_0000046955,0,0.076092,0
T_0000046994,1,0.930233,1
T_0000046995,0,0.010914,0
T_0000047037,0,0.062063,0
T_0000047067,0,0.034008,0
T_0000047119,1,0.965457,1
T_0000047138,0,0.062530,0
T_0000047174,1,0.890527,1
T_0000047182,1,0.617166,1
T_0000047200,0,0.036368,0
T_0000047251,0,0.076959,0
T_0000047289,1,0.761271,1
T_0000047304,1,0.454944,1
T_0000047313,1,0.092418,0
T_0000047330,1,0.042661,0
T_0000047334,0,0.013879,0
T_0000047337,0,0.013437,0
T_0000047344,1,0.893909,1
T_0000047346,1,0.930003,1
T_0000047352,1,0.886909,1
T_0000047370,1,0.957718,1
T_0000047395,1,0.949585,1
T_0000047441,0,0.033366,0
T_0000047446,1,0.262390,1
T_0000047451,1,0.194296,1
T_0000047458,0,0.046327,0
T_0000047469,1,0.830892,1
T_0000047499,1,0.954280,1
T_0000047509,1,0.238347,1
T_0000047526,0,0.072994,0
T_0000047528,0,0.018777,0
T_0000047555,0,0.024641,0
T_0000047581,1,0.032105,0
T_0000047589,1,0.642354,1
T_0000047595,1,0.977389,1
T_0000047597,0,0.023556,0
T_0000047628,0,0.022815,0
T_0000047638,1,0.146274,0
T_0000047667,0,0.048257,0
T_0000047702,1,0.088319,0
T_0000047704,0,0.019074,0
T_0000047738,1,0.989539,1
T_0000047757,0,0.047569,0
T_0000047764,1,0.824746,1
T_0000047771,1,0.102446,0
T_0000047774,1,0.343638,1
T_0000047853,1,0.875860,1
T_0000047857,1,0.977450,1
T_0000047860,0,0.018188,0
T_0000047915,0,0.288331,1
T_0000047971,1,0.834835,1
T_0000047986,1,0.979124,1
T_0000047994,1,0.138986,0
T_0000048002,1,0.037102,0
T_0000048044,1,0.965027,1
T_0000048046,0,0.033605,0
T_0000048091,1,0.131513,0
T_0000048095,0,0.024113,0
T_0000048106,1,0.175696,1
T_0000048108,1,0.070166,0
T_0000048128,0,0.365534,1
T_0000048141,1,0.805134,1
T_0000048167,0,0.076325,0
T_0000048184,1,0.844054,1
T_0000048187,0,0.010592,0
T_0000048233,1,0.997542,1
T_0000048244,0,0.021093,0
T_0000048265,0,0.008421,0
T_0000048279,1,0.043164,0
T_0000048300,0,0.072934,0
T_0000048301,0,0.019885,0
T_0000048322,1,0.975808,1
T_0000048353,1,0.985871,1
T_0000048356,1,0.963566,1
T_0000048383,1,0.191902,1
T_0000048387,0,0.010503,0
T_0000048450,1,0.964901,1
T_0000048465,1,0.212421,1
T_0000048487,1,0.244070,1
T_0000048492,1,0.232351,1
T_0000048608,1,0.980854,1
T_0000048695,1,0.057790,0
T_0000048722,1,0.968255,1
T_0000048746,0,0.004845,0
T_0000048754,1,0.365928,1
T_0000048772,1,0.978860,1
T_0000048777,1,0.992085,1
T_0000048804,1,0.195599,1
T_0000048821,1,0.971088,1
T_0000048832,0,0.018579,0
T_0000048872,0,0.049959,0
T_0000048887,1,0.058455,0
T_0000048913,1,0.995149,1
T_0000048919,0,0.106019,0
T_0000048921,0,0.083482,0
T_0000048942,1,0.500640,1
T_0000048968,0,0.042624,0
T_0000048982,1,0.962812,1
T_0000049028,1,0.234874,1
T_0000049082,1,0.192381,1
T_0000049160,1,0.729818,1
T_0000049188,0,0.024024,0
T_0000049207,1,0.226083,1
T_0000049222,1,0.985497,1
T_0000049224,0,0.128008,0
T_0000049236,1,0.102922,0
T_0000049238,1,0.101033,0
T_0000049241,0,0.010246,0
T_0000049262,0,0.022666,0
T_0000049267,1,0.269645,1
T_0000049285,1,0.942750,1
T_0000049299,1,0.132975,0
T_0000049307,0,0.015225,0
T_0000049322,1,0.953538,1
T_0000049326,1,0.958405,1
T_0000049363,1,0.982427,1
T_0000049382,1,0.974345,1
T_0000049383,1,0.635760,1
T_0000049400,1,0.983360,1
T_0000049408,1,0.979378,1
T_0000049452,1,0.183129,1
T_0000049454,1,0.756314,1
T_0000049474,0,0.034602,0
T_0000049483,0,0.035437,0
T_0000049502,0,0.036834,0
T_0000049513,1,0.167005,1
T_0000049516,1,0.208127,1
T_0000049517,1,0.889373,1
T_0000049519,0,0.068690,0
T_0000049527,1,0.976341,1
T_0000049548,1,0.457585,1
T_0000049554,0,0.018834,0
T_0000049562,1,0.836608,1
T_0000049564,0,0.023183,0
T_0000049566,0,0.101384,0
T_0000049675,0,0.066516,0
T_0000049684,0,0.045791,0
T_0000049789,0,0.047929,0
T_0000049790,0,0.029573,0
T_0000049807,1,0.055687,0
T_0000049817,1,0.857913,1
T_0000049823,0,0.197894,1
T_0000049840,1,0.968923,1
T_0000049897,1,0.195366,1
T_0000049913,0,0.025560,0
T_0000049921,1,0.053631,0
T_0000049985,1,0.248778,1
T_0000050016,0,0.023610,0
T_0000050031,1,0.973925,1
T_0000050074,0,0.041357,0
T_0000050081,1,0.433807,1
T_0000050086,1,0.539790,1
T_0000050098,1,0.978608,1
T_0000050106,1,0.990335,1
T_0000050116,1,0.369931,1
T_0000050197,1,0.252388,1
T_0000050213,1,0.942358,1
T_0000050223,1,0.101787,0
T_0000050248,1,0.093159,0
T_0000050279,1,0.014205,0
T_0000050284,1,0.048337,0
T_0000050287,0,0.931892,1
T_0000050289,1,0.993803,1
T_0000050317,1,0.971301,1
T_0000050322,1,0.979962,1
T_0000050338,1,0.219443,1
T_0000050366,0,0.084628,0
T_0000050367,0,0.043534,0
T_0000050394,1,0.408943,1
T_0000050461,1,0.896892,1
T_0000050482,0,0.057843,0
T_0000050501,0,0.022967,0
T_0000050502,1,0.968568,1
T_0000050554,0,0.034010,0
T_0000050649,1,0.951968,1
T_0000050658,0,0.021252,0
T_0000050679,1,0.761967,1
T_0000050689,0,0.014758,0
T_0000050735,1,0.871534,1
T_0000050741,1,0.887232,1
T_0000050813,1,0.899657,1
T_0000050825,1,0.776687,1
T_0000050844,0,0.007816,0
T_0000050884,0,0.051052,0
T_0000050924,1,0.066881,0
T_0000050938,1,0.994492,1
T_0000050946,0,0.044076,0
T_0000050947,0,0.005481,0
T_0000051010,1,0.084211,0
T_0000051030,0,0.023110,0
T_0000051042,1,0.907274,1
T_0000051087,0,0.060403,0
T_0000051089,1,0.983414,1
T_0000051197,0,0.045626,0
T_0000051199,1,0.132170,0
T_0000051229,1,0.876184,1
T_0000051240,0,0.081994,0
T_0000051242,0,0.008663,0
T_0000051256,1,0.995683,1
T_0000051257,1,0.965708,1
T_0000051284,1,0.976240,1
T_0000051326,1,0.441159,1
T_0000051327,0,0.037879,0
T_0000051353,1,0.988079,1
T_0000051359,0,0.083232,0
T_0000051380,1,0.969142,1
T_0000051397,0,0.016127,0
T_0000051402,1,0.760749,1
T_0000051413,1,0.983163,1
T_0000051415,1,0.725216,1
T_0000051417,0,0.042672,0
T_0000051441,0,0.005295,0
T_0000051449,1,0.962851,1
T_0000051455,0,0.048312,0
T_0000051466,1,0.991780,1
T_0000051483,1,0.487027,1
T_0000051486,1,0.987910,1
T_0000051543,1,0.969940,1
T_0000051563,0,0.044850,0
T_0000051576,1,0.973411,1
T_0000051597,0,0.038573,0
T_0000051671,0,0.009990,0
T_0000051676,0,0.021590,0
T_0000051679,1,0.900768,1
T_0000051687,1,0.983329,1
T_0000051745,1,0.857398,1
T_0000051786,0,0.018975,0
T_0000051791,1,0.131097,0
T_0000051825,0,0.024642,0
T_0000051831,0,0.021716,0
T_0000051946,1,0.990248,1
T_0000051958,1,0.096009,0
T_0000051977,0,0.022679,0
T_0000051997,1,0.959225,1
T_0000052015,1,0.972493,1
T_0000052097,0,0.086512,0
T_0000052132,1,0.595786,1
T_0000052185,1,0.916659,1
T_0000052221,1,0.982599,1
T_0000052222,1,0.491004,1
T_0000052284,0,0.074023,0
T_0000052292,1,0.051058,0
T_0000052294,1,0.120259,0
T_0000052355,1,0.040065,0
T_0000052371,1,0.958282,1
T_0000052412,0,0.043095,0
T_0000052428,0,0.048592,0
T_0000052437,0,0.034029,0
T_0000052452,1,0.985643,1
T_0000052465,1,0.970167,1
T_0000052511,1,0.059481,0
T_0000052589,1,0.854071,1
T_0000052656,1,0.984424,1
T_0000052675,1,0.681548,1
T_0000052678,1,0.437015,1
T_0000052684,1,0.638515,1
T_0000052706,1,0.605491,1
T_0000052728,0,0.015237,0
T_0000052730,1,0.984532,1
T_0000052836,0,0.052155,0
T_0000052843,0,0.029697,0
T_0000052883,0,0.009076,0
T_0000052889,0,0.018047,0
T_0000052906,0,0.018642,0
T_0000052908,1,0.955583,1
T_0000052987,1,0.167033,1
T_0000053000,1,0.971783,1
T_0000053018,1,0.900508,1
T_0000053023,0,0.063305,0
T_0000053028,0,0.035649,0
T_0000053046,1,0.979607,1
T_0000053074,1,0.754863,1
T_0000053094,1,0.657102,1
T_0000053105,1,0.974344,1
T_0000053139,0,0.042715,0
T_0000053163,1,0.853477,1
T_0000053169,1,0.585299,1
T_0000053175,1,0.349456,1
T_0000053242,1,0.987763,1
T_0000053244,1,0.986446,1
T_0000053270,1,0.507056,1
T_0000053287,0,0.056290,0
T_0000053326,1,0.979684,1
T_0000053363,1,0.962978,1
T_0000053400,1,0.996918,1
T_0000053407,1,0.991177,1
T_0000053416,1,0.624866,1
T_0000053500,1,0.375230,1
T_0000053503,0,0.106517,0
T_0000053507,0,0.018858,0
T_0000053514,1,0.110270,0
T_0000053545,1,0.913749,1
T_0000053586,1,0.980044,1
T_0000053626,1,0.780610,1
T_0000053689,0,0.025217,0
T_0000053722,1,0.982258,1
T_0000053732,1,0.988685,1
T_0000053737,1,0.989385,1
T_0000053812,0,0.026925,0
T_0000053832,0,0.054241,0
T_0000053887,1,0.980585,1
T_0000053901,0,0.047429,0
T_0000053931,1,0.985658,1
T_0000053936,1,0.980646,1
T_0000053941,0,0.023316,0
T_0000053956,1,0.663921,1
T_0000053968,1,0.969440,1
T_0000053980,1,0.044447,0
T_0000053996,0,0.037437,0
T_0000053998,0,0.022347,0
T_0000054024,1,0.190090,1
T_0000054059,0,0.262925,1
T_0000054092,1,0.986887,1
T_0000054095,1,0.404825,1
T_0000054141,1,0.987885,1
T_0000054150,1,0.978792,1
T_0000054157,1,0.267392,1
T_0000054186,1,0.327073,1
T_0000054190,1,0.922763,1
T_0000054200,0,0.065051,0
T_0000054231,1,0.033470,0
T_0000054255,1,0.252288,1
T_0000054273,1,0.099775,0
T_0000054275,1,0.990976,1
T_0000054289,1,0.733200,1
T_0000054296,1,0.101943,0
T_0000054298,0,0.068433,0
T_0000054309,1,0.220472,1
T_0000054311,1,0.359666,1
T_0000054341,1,0.251260,1
T_0000054365,0,0.047725,0
T_0000054391,0,0.050209,0
T_0000054404,0,0.017053,0
T_0000054412,1,0.986232,1
T_0000054446,1,0.971305,1
T_0000054475,1,0.216519,1
T_0000054483,1,0.896364,1
T_0000054500,0,0.005619,0
T_0000054508,1,0.170880,1
T_0000054529,0,0.114135,0
T_0000054533,0,0.033619,0
T_0000054553,0,0.037604,0
T_0000054557,1,0.970743,1
T_0000054582,1,0.024109,0
T_0000054587,0,0.091509,0
T_0000054593,0,0.052713,0
T_0000054598,1,0.849073,1
T_0000054605,0,0.025598,0
T_0000054622,1,0.989777,1
T_0000054705,0,0.067721,0
T_0000054712,0,0.033911,0
T_0000054805,1,0.965409,1
T_0000054820,1,0.987086,1
T_0000054831,1,0.973419,1
T_0000054833,1,0.894527,1
T_0000054843,1,0.236131,1
T_0000054847,0,0.020758,0
T_0000054892,0,0.056612,0
T_0000054900,1,0.868583,1
T_0000054925,0,0.025826,0
T_0000054929,0,0.297045,1
T_0000054944,1,0.980162,1
T_0000054973,0,0.016102,0
T_0000054982,1,0.961256,1
T_0000054983,1,0.246102,1
T_0000054992,1,0.614925,1
T_0000055025,0,0.195480,1
T_0000055038,1,0.786556,1
T_0000055041,1,0.951825,1
T_0000055056,0,0.031600,0
T_0000055060,0,0.058967,0
T_0000055069,1,0.981856,1
T_0000055104,1,0.956544,1
T_0000055130,0,0.013025,0
T_0000055182,1,0.220234,1
T_0000055235,1,0.660116,1
T_0000055260,1,0.544891,1
T_0000055289,0,0.097416,0
T_0000055310,1,0.965936,1
T_0000055325,1,0.487133,1
T_0000055331,1,0.972559,1
T_0000055386,1,0.976210,1
T_0000055392,1,0.983516,1
T_0000055394,0,0.087685,0
T_0000055459,0,0.069937,0
T_0000055462,1,0.939269,1
T_0000055552,0,0.006938,0
T_0000055579,0,0.991995,1
T_0000055584,0,0.024559,0
T_0000055586,0,0.012576,0
T_0000055621,1,0.966143,1
T_0000055625,1,0.963254,1
T_0000055659,1,0.868377,1
T_0000055668,1,0.982392,1
T_0000055669,0,0.021505,0
T_0000055701,0,0.115280,0
T_0000055704,1,0.104818,0
T_0000055705,1,0.177056,1
T_0000055718,1,0.948724,1
T_0000055719,1,0.968891,1
T_0000055727,0,0.028863,0
T_0000055728,0,0.063027,0
T_0000055733,1,0.981718,1
T_0000055772,1,0.912045,1
T_0000055778,0,0.030200,0
T_0000055794,1,0.993614,1
T_0000055802,1,0.456390,1
T_0000055813,1,0.948034,1
T_0000055844,0,0.009690,0
T_0000055865,1,0.981426,1
T_0000055903,1,0.953467,1
T_0000055928,0,0.052872,0
T_0000055931,1,0.962327,1
T_0000055940,1,0.980810,1
T_0000055952,1,0.150791,1
T_0000055953,1,0.786978,1
T_0000055961,1,0.049583,0
T_0000055986,1,0.046614,0
T_0000055992,1,0.962739,1
T_0000056018,1,0.988271,1
T_0000056023,1,0.828307,1
T_0000056025,1,0.925783,1
T_0000056054,0,0.025229,0
T_0000056078,0,0.016561,0
T_0000056091,1,0.116156,0
T_0000056095,1,0.976139,1
T_0000056098,0,0.040658,0
T_0000056104,0,0.080907,0
T_0000056149,1,0.350252,1
T_0000056156,0,0.024753,0
T_0000056183,0,0.012752,0
T_0000056222,1,0.668874,1
T_0000056240,1,0.334229,1
T_0000056259,1,0.982133,1
T_0000056277,1,0.974022,1
T_0000056301,1,0.080244,0
T_0000056335,1,0.960465,1
T_0000056339,1,0.394588,1
T_0000056346,1,0.043639,0
T_0000056348,1,0.980394,1
T_0000056356,0,0.024102,0
T_0000056382,1,0.972552,1
T_0000056401,0,0.113233,0
T_0000056420,0,0.061230,0
T_0000056421,1,0.965776,1
T_0000056428,0,0.101837,0
T_0000056429,1,0.965836,1
T_0000056450,1,0.977178,1
T_0000056504,0,0.046096,0
T_0000056510,1,0.896695,1
T_0000056515,1,0.979161,1
T_0000056516,1,0.318020,1
T_0000056564,1,0.102445,0
T_0000056580,1,0.207850,1
T_0000056588,1,0.443665,1
T_0000056591,1,0.756397,1
T_0000056622,1,0.946823,1
T_0000056661,1,0.943485,1
T_0000056668,0,0.033409,0
T_0000056688,1,0.987321,1
T_0000056704,1,0.057046,0
T_0000056710,1,0.972248,1
T_0000056721,1,0.288797,1
T_0000056730,0,0.757394,1
T_0000056757,1,0.039730,0
T_0000056767,1,0.982874,1
T_0000056769,0,0.011171,0
T_0000056793,1,0.099764,0
T_0000056799,0,0.041829,0
T_0000056832,1,0.466939,1
T_0000056876,1,0.019994,0
T_0000056915,1,0.993382,1
T_0000056926,1,0.972342,1
T_0000056944,1,0.937798,1
T_0000056971,1,0.715478,1
T_0000057038,1,0.105902,0
T_0000057050,1,0.128372,0
T_0000057174,0,0.009298,0
T_0000057176,1,0.973917,1
T_0000057180,1,0.072109,0
T_0000057183,1,0.025230,0
T_0000057247,1,0.791246,1
T_0000057260,0,0.057770,0
T_0000057301,1,0.205933,1
T_0000057319,1,0.987216,1
T_0000057337,1,0.148286,0
T_0000057408,1,0.947851,1
T_0000057432,0,0.079432,0
T_0000057439,0,0.027616,0
T_0000057454,0,0.028973,0
T_0000057472,0,0.029600,0
T_0000057506,1,0.942811,1
T_0000057533,0,0.969021,1
T_0000057534,1,0.961640,1
T_0000057560,1,0.978270,1
T_0000057573,1,0.047670,0
T_0000057596,0,0.053689,0
T_0000057626,1,0.923395,1
T_0000057630,1,0.984315,1
T_0000057652,0,0.032683,0
T_0000057654,0,0.062374,0
T_0000057684,1,0.047376,0
T_0000057707,1,0.171520,1
T_0000057740,1,0.990691,1
T_0000057760,1,0.774633,1
T_0000057779,1,0.267301,1
T_0000057793,1,0.270507,1
T_0000057816,0,0.669969,1
T_0000057845,1,0.328441,1
T_0000057865,1,0.823659,1
T_0000057891,1,0.902941,1
T_0000057939,1,0.932792,1
T_0000057952,1,0.996217,1
T_0000057956,0,0.047804,0
T_0000057978,1,0.930942,1
T_0000057984,0,0.041064,0
T_0000058001,1,0.984120,1
T_0000058011,0,0.013480,0
T_0000058095,1,0.924686,1
T_0000058129,1,0.063611,0
T_0000058133,1,0.968663,1
T_0000058146,1,0.950432,1
T_0000058213,1,0.332505,1
T_0000058221,1,0.992561,1
T_0000058250,1,0.947805,1
T_0000058301,1,0.961835,1
T_0000058313,1,0.036140,0
T_0000058339,0,0.013088,0
T_0000058359,0,0.019037,0
T_0000058360,0,0.104378,0
T_0000058409,0,0.061389,0
T_0000058410,1,0.179145,1
T_0000058416,1,0.108178,0
T_0000058424,1,0.851271,1
T_0000058445,1,0.266893,1
T_0000058469,1,0.258040,1
T_0000058470,1,0.327388,1
T_0000058474,0,0.011684,0
T_0000058504,0,0.003348,0
T_0000058549,1,0.360044,1
T_0000058563,1,0.991160,1
T_0000058574,1,0.287420,1
T_0000058576,1,0.986076,1
T_0000058581,1,0.975743,1
T_0000058587,1,0.988941,1
T_0000058594,1,0.622806,1
T_0000058604,0,0.020303,0
T_0000058682,0,0.020220,0
T_0000058685,1,0.282967,1
T_0000058695,0,0.013278,0
T_0000058767,1,0.308346,1
T_0000058772,1,0.121421,0
T_0000058778,0,0.026876,0
T_0000058806,1,0.954275,1
T_0000058822,1,0.947658,1
T_0000058865,1,0.289882,1
T_0000058896,0,0.035916,0
T_0000058898,1,0.067775,0
T_0000058901,1,0.855560,1
T_0000058916,0,0.021341,0
T_0000058949,0,0.025099,0
T_0000058992,1,0.981386,1
T_0000059003,1,0.151991,1
T_0000059005,1,0.131202,0
T_0000059039,1,0.977190,1
T_0000059049,1,0.842985,1
T_0000059072,1,0.116815,0
T_0000059113,1,0.201717,1
T_0000059118,1,0.257018,1
T_0000059180,1,0.233416,1
T_0000059193,0,0.005542,0
T_0000059212,1,0.931786,1
T_0000059214,1,0.041370,0
T_0000059217,1,0.126360,0
T_0000059296,1,0.822422,1
T_0000059311,0,0.002962,0
T_0000059320,1,0.950113,1
T_0000059327,1,0.062606,0
T_0000059339,0,0.550651,1
T_0000059342,1,0.948811,1
T_0000059397,1,0.171483,1
T_0000059403,0,0.057467,0
T_0000059451,1,0.990337,1
T_0000059490,0,0.045292,0
T_0000059496,1,0.918806,1
T_0000059522,1,0.028787,0
T_0000059531,1,0.036723,0
T_0000059537,1,0.961628,1
T_0000059538,1,0.969822,1
T_0000059574,1,0.154076,1
T_0000059580,1,0.835282,1
T_0000059591,0,0.034144,0
T_0000059593,1,0.901354,1
T_0000059595,1,0.029084,0
T_0000059658,1,0.975401,1
T_0000059711,1,0.980949,1
T_0000059721,1,0.995316,1
T_0000059761,1,0.130356,0
T_0000059785,0,0.053729,0
T_0000059821,1,0.044275,0
T_0000059824,0,0.090404,0
T_0000059868,1,0.978156,1
T_0000059930,0,0.014432,0
T_0000059948,1,0.040754,0
T_0000059969,1,0.806357,1
T_0000060072,0,0.044954,0
T_0000060134,1,0.977571,1
T_0000060139,0,0.023373,0
T_0000060146,1,0.961884,1
T_0000060210,0,0.124472,0
T_0000060219,0,0.004119,0
T_0000060229,1,0.977251,1
T_0000060269,1,0.411687,1
T_0000060323,0,0.055228,0
T_0000060351,1,0.941797,1
T_0000060390,1,0.986204,1
T_0000060394,1,0.100505,0
T_0000060411,0,0.036777,0
T_0000060428,1,0.440272,1
T_0000060442,0,0.059824,0
T_0000060462,0,0.638673,1
T_0000060512,1,0.218485,1
T_0000060532,0,0.051288,0
T_0000060547,0,0.021528,0
T_0000060550,0,0.143229,0
T_0000060557,0,0.011275,0
T_0000060573,1,0.980238,1
T_0000060599,1,0.980967,1
T_0000060618,1,0.146902,0
T_0000060624,1,0.099510,0
T_0000060633,1,0.547450,1
T_0000060652,1,0.158443,1
T_0000060715,0,0.054469,0
T_0000060745,1,0.983958,1
T_0000060756,1,0.636118,1
T_0000060759,1,0.968496,1
T_0000060771,1,0.993628,1
T_0000060773,0,0.019304,0
T_0000060775,1,0.992851,1
T_0000060781,1,0.056131,0
T_0000060787,1,0.114800,0
T_0000060807,1,0.045423,0
T_0000060821,1,0.083559,0
T_0000060834,1,0.846520,1
T_0000060854,0,0.044049,0
T_0000060861,1,0.511874,1
T_0000060895,1,0.903868,1
T_0000060913,0,0.019382,0
T_0000060925,1,0.965870,1
T_0000060962,0,0.029115,0
T_0000060979,0,0.025129,0
T_0000061000,1,0.083921,0
T_0000061004,0,0.030482,0
T_0000061012,1,0.087634,0
T_0000061017,1,0.129200,0
T_0000061068,0,0.114360,0
T_0000061087,1,0.145150,0
T_0000061090,1,0.071103,0
T_0000061106,1,0.293957,1
T_0000061125,0,0.045219,0
T_0000061172,0,0.022224,0
T_0000061201,1,0.598814,1
T_0000061203,0,0.063209,0
T_0000061217,0,0.074382,0
T_0000061225,1,0.138749,0
T_0000061270,1,0.105568,0
T_0000061303,1,0.267880,1
T_0000061310,1,0.874513,1
T_0000061330,1,0.986550,1
T_0000061395,1,0.025726,0
T_0000061428,1,0.341311,1
T_0000061442,1,0.199283,1
T_0000061515,1,0.189616,1
T_0000061543,1,0.240920,1
T_0000061548,1,0.921866,1
T_0000061562,1,0.177164,1
T_0000061569,1,0.376484,1
T_0000061596,0,0.800209,1
T_0000061604,0,0.016701,0
T_0000061613,1,0.355476,1
T_0000061619,1,0.828096,1
T_0000061624,1,0.077232,0
T_0000061634,1,0.092756,0
T_0000061646,0,0.032010,0
T_0000061681,1,0.033235,0
T_0000061845,1,0.982022,1
T_0000061872,1,0.210010,1
T_0000061875,0,0.007712,0
T_0000061896,1,0.368316,1
T_0000061906,0,0.008202,0
T_0000061911,1,0.987963,1
T_0000061928,0,0.059927,0
T_0000061966,1,0.200015,1
T_0000062007,0,0.046303,0
T_0000062025,1,0.981715,1
T_0000062087,1,0.239103,1
T_0000062089,1,0.756443,1
T_0000062148,1,0.205740,1
T_0000062158,0,0.035319,0
T_0000062166,0,0.031902,0
T_0000062176,1,0.194100,1
T_0000062237,1,0.110391,0
T_0000062250,0,0.121904,0
T_0000062253,1,0.888390,1
T_0000062327,1,0.883207,1
T_0000062358,0,0.013658,0
T_0000062398,1,0.064767,0
T_0000062427,1,0.967956,1
T_0000062432,1,0.342957,1
T_0000062465,1,0.956973,1
T_0000062489,0,0.026599,0
T_0000062512,1,0.985081,1
T_0000062578,0,0.033429,0
T_0000062592,0,0.024314,0
T_0000062598,1,0.617660,1
T_0000062653,1,0.605683,1
T_0000062686,1,0.324448,1
T_0000062708,1,0.582314,1
T_0000062726,0,0.024589,0
T_0000062732,0,0.099829,0
T_0000062809,0,0.025348,0
T_0000062811,1,0.084529,0
T_0000062822,1,0.951667,1
T_0000062825,1,0.080044,0
T_0000062859,1,0.368062,1
T_0000062865,1,0.980481,1
T_0000062883,0,0.068520,0
T_0000062949,1,0.642925,1
T_0000062965,1,0.611428,1
T_0000062971,1,0.943109,1
T_0000062975,0,0.064081,0
T_0000062978,1,0.976318,1
T_0000063010,0,0.062503,0
T_0000063049,1,0.853807,1
T_0000063054,0,0.062745,0
T_0000063063,1,0.229507,1
T_0000063110,1,0.861680,1
T_0000063162,1,0.103892,0
T_0000063164,1,0.614341,1
T_0000063187,0,0.018765,0
T_0000063188,0,0.038876,0
T_0000063316,1,0.505486,1
T_0000063318,1,0.982980,1
T_0000063344,0,0.058885,0
T_0000063351,1,0.909581,1
T_0000063354,1,0.097666,0
T_0000063381,1,0.885425,1
T_0000063409,1,0.973478,1
T_0000063485,0,0.012371,0
T_0000063488,0,0.038139,0
T_0000063523,0,0.102775,0
T_0000063589,0,0.088975,0
T_0000063606,0,0.101581,0
T_0000063623,1,0.269457,1
T_0000063649,0,0.106839,0
T_0000063653,1,0.751992,1
T_0000063681,1,0.762013,1
T_0000063719,1,0.161107,1
T_0000063720,1,0.041627,0
T_0000063723,1,0.995545,1
T_0000063743,1,0.978270,1
T_0000063756,0,0.007627,0
T_0000063765,0,0.139139,0
T_0000063777,1,0.025016,0
T_0000063783,0,0.048693,0
T_0000063796,1,0.346894,1
T_0000063802,0,0.120570,0
T_0000063825,0,0.018855,0
T_0000063832,1,0.888038,1
T_0000063844,0,0.009941,0
T_0000063845,0,0.034503,0
T_0000063866,0,0.007826,0
T_0000063871,0,0.018164,0
T_0000063882,1,0.964760,1
T_0000063901,0,0.043572,0
T_0000063950,1,0.150555,1
T_0000063996,1,0.092664,0
T_0000064004,0,0.030691,0
T_0000064021,1,0.477639,1
T_0000064052,0,0.008134,0
T_0000064079,0,0.011345,0
T_0000064120,1,0.981923,1
T_0000064124,1,0.978751,1
T_0000064177,0,0.013987,0
T_0000064183,0,0.038557,0
T_0000064215,0,0.032005,0
T_0000064232,0,0.020006,0
T_0000064256,1,0.977015,1
T_0000064264,0,0.024816,0
T_0000064284,1,0.990339,1
T_0000064311,0,0.076875,0
T_0000064313,1,0.885399,1
T_0000064317,1,0.895156,1
T_0000064326,1,0.255619,1
T_0000064331,1,0.763641,1
T_0000064342,0,0.038527,0
T_0000064359,1,0.744318,1
T_0000064380,1,0.153085,1
T_0000064394,1,0.960822,1
T_0000064411,1,0.951539,1
T_0000064426,1,0.050890,0
T_0000064428,1,0.463994,1
T_0000064462,1,0.413469,1
T_0000064470,1,0.990782,1
T_0000064496,1,0.983386,1
T_0000064497,1,0.807227,1
T_0000064534,0,0.137840,0
T_0000064556,0,0.044476,0
T_0000064595,1,0.972763,1
T_0000064612,1,0.955455,1
T_0000064615,1,0.875388,1
T_0000064638,1,0.828952,1
T_0000064640,1,0.340118,1
T_0000064676,1,0.059618,0
T_0000064688,0,0.082993,0
T_0000064697,1,0.915812,1
T_0000064705,0,0.037142,0
T_0000064711,1,0.034673,0
T_0000064727,1,0.082778,0
T_0000064733,0,0.039785,0
T_0000064781,0,0.036238,0
T_0000064799,1,0.285902,1
T_0000064810,0,0.033991,0
T_0000064831,1,0.804878,1
T_0000064853,0,0.043320,0
T_0000064893,1,0.952414,1
T_0000064905,1,0.155220,1
T_0000064907,1,0.989297,1
T_0000064924,0,0.010964,0
T_0000064959,1,0.579678,1
T_0000064975,1,0.983555,1
T_0000064985,1,0.121224,0
T_0000064998,1,0.984847,1
T_0000065031,1,0.969914,1
T_0000065041,0,0.002744,0
T_0000065077,1,0.958701,1
T_0000065095,1,0.244087,1
T_0000065105,1,0.031578,0
T_0000065138,0,0.042836,0
T_0000065149,0,0.043494,0
T_0000065237,0,0.047902,0
T_0000065266,1,0.947780,1
T_0000065277,0,0.068984,0
T_0000065395,0,0.025352,0
T_0000065396,1,0.988296,1
T_0000065458,1,0.183132,1
T_0000065469,0,0.838392,1
T_0000065524,1,0.268073,1
T_0000065556,0,0.018708,0
T_0000065573,1,0.116734,0
T_0000065578,1,0.976327,1
T_0000065581,1,0.889784,1
T_0000065587,1,0.985251,1
T_0000065601,1,0.474745,1
T_0000065641,0,0.062700,0
T_0000065659,0,0.048488,0
T_0000065681,1,0.264882,1
T_0000065700,1,0.191899,1
T_0000065713,0,0.728525,1
T_0000065718,1,0.312344,1
T_0000065743,1,0.115884,0
T_0000065745,1,0.768166,1
T_0000065764,1,0.763668,1
T_0000065794,0,0.015706,0
T_0000065814,1,0.225973,1
T_0000065843,1,0.980192,1
T_0000065844,1,0.778434,1
T_0000065876,0,0.003452,0
T_0000065906,0,0.084979,0
T_0000065958,0,0.053551,0
T_0000065989,1,0.082419,0
T_0000065990,0,0.011486,0
T_0000065992,1,0.566492,1
T_0000066038,1,0.981005,1
T_0000066090,1,0.524008,1
T_0000066122,0,0.038227,0
T_0000066126,1,0.378589,1
T_0000066183,1,0.095625,0
T_0000066197,1,0.084949,0
T_0000066199,1,0.989222,1
T_0000066219,1,0.930411,1
T_0000066227,1,0.993760,1
T_0000066229,1,0.950200,1
T_0000066240,1,0.976386,1
T_0000066344,0,0.084099,0
T_0000066362,1,0.176562,1
T_0000066367,0,0.020831,0
T_0000066416,1,0.118952,0
T_0000066429,1,0.227130,1
T_0000066433,1,0.218418,1
T_0000066438,0,0.015218,0
T_0000066448,1,0.973182,1
T_0000066460,0,0.016474,0
T_0000066492,0,0.086781,0
T_0000066496,1,0.995048,1
T_0000066508,1,0.968933,1
T_0000066520,1,0.987308,1
T_0000066525,1,0.991035,1
T_0000066589,1,0.814014,1
T_0000066622,1,0.990427,1
T_0000066640,0,0.427500,1
T_0000066696,1,0.973224,1
T_0000066848,1,0.154690,1
T_0000066856,1,0.992953,1
T_0000066879,0,0.015142,0
T_0000066917,1,0.994770,1
T_0000066929,0,0.038761,0
T_0000066930,0,0.021156,0
T_0000066954,1,0.988314,1
T_0000066978,0,0.714391,1
T_0000066990,1,0.991507,1
T_0000067002,1,0.975574,1
T_0000067133,0,0.522350,1
T_0000067139,0,0.027514,0
T_0000067145,1,0.982634,1
T_0000067174,1,0.481636,1
T_0000067179,1,0.959328,1
T_0000067197,1,0.995868,1
T_0000067214,1,0.971499,1
T_0000067229,1,0.960942,1
T_0000067244,0,0.053287,0
T_0000067266,1,0.988404,1
T_0000067330,1,0.949765,1
T_0000067332,1,0.996190,1
T_0000067377,0,0.069909,0
T_0000067395,1,0.993878,1
T_0000067454,1,0.139619,0
T_0000067473,0,0.081098,0
T_0000067484,0,0.021490,0
T_0000067492,1,0.983521,1
T_0000067496,0,0.029812,0
T_0000067503,0,0.143201,0
T_0000067539,0,0.020631,0
T_0000067567,0,0.012180,0
T_0000067571,0,0.797318,1
T_0000067575,0,0.049341,0
T_0000067606,0,0.012717,0
T_0000067618,1,0.269204,1
T_0000067623,1,0.954932,1
T_0000067640,0,0.066150,0
T_0000067651,1,0.987839,1
T_0000067658,1,0.969287,1
T_0000067674,1,0.939086,1
T_0000067718,1,0.135504,0
T_0000067734,1,0.992199,1
T_0000067736,1,0.987991,1
T_0000067768,1,0.999281,1
T_0000067817,0,0.025624,0
T_0000067837,1,0.909187,1
T_0000067850,1,0.988052,1
T_0000067901,1,0.991044,1
T_0000067918,1,0.960922,1
T_0000067964,0,0.039821,0
T_0000067998,0,0.055863,0
T_0000068047,1,0.838266,1
T_0000068083,0,0.004730,0
T_0000068086,1,0.987993,1
T_0000068098,1,0.989967,1
T_0000068109,0,0.015620,0
T_0000068127,1,0.325311,1
T_0000068150,1,0.676448,1
T_0000068249,1,0.023190,0
T_0000068279,1,0.985128,1
T_0000068301,1,0.039735,0
T_0000068304,1,0.045174,0
T_0000068306,0,0.033603,0
T_0000068341,1,0.077157,0
T_0000068349,0,0.017303,0
T_0000068360,0,0.058392,0
T_0000068382,1,0.318782,1
T_0000068401,1,0.985510,1
T_0000068405,1,0.775406,1
T_0000068479,1,0.983574,1
T_0000068497,1,0.086696,0
T_0000068508,1,0.832919,1
T_0000068527,1,0.050345,0
T_0000068529,0,0.025969,0
T_0000068544,1,0.057233,0
T_0000068563,1,0.894184,1
T_0000068585,1,0.129305,0
T_0000068592,0,0.009101,0
T_0000068612,1,0.990766,1
T_0000068626,0,0.296184,1
T_0000068648,1,0.139921,0
T_0000068773,1,0.397573,1
T_0000068781,0,0.069037,0
T_0000068796,1,0.147487,0
T_0000068806,1,0.397258,1
T_0000068823,1,0.353163,1
T_0000068872,1,0.927275,1
T_0000068885,1,0.991771,1
T_0000068898,1,0.933936,1
T_0000068899,1,0.935070,1
T_0000068910,0,0.123290,0
T_0000068922,0,0.031732,0
T_0000068965,1,0.048956,0
T_0000068983,0,0.023831,0
T_0000069019,1,0.062282,0
T_0000069052,1,0.051868,0
T_0000069117,1,0.989074,1
T_0000069133,0,0.030050,0
T_0000069162,1,0.271199,1
T_0000069191,0,0.009339,0
T_0000069226,1,0.042312,0
T_0000069239,0,0.022611,0
T_0000069257,1,0.067561,0
T_0000069269,1,0.171437,1
T_0000069277,1,0.853166,1
T_0000069300,0,0.058218,0
T_0000069305,1,0.117275,0
T_0000069321,1,0.166570,1
T_0000069353,1,0.931260,1
T_0000069380,0,0.020913,0
T_0000069446,1,0.047716,0
T_0000069515,1,0.956260,1
T_0000069550,1,0.056993,0
T_0000069554,1,0.896972,1
T_0000069574,0,0.023365,0
T_0000069586,0,0.072772,0
T_0000069600,1,0.924377,1
T_0000069631,0,0.036698,0
T_0000069647,1,0.008611,0
T_0000069689,0,0.009189,0
T_0000069693,1,0.109883,0
T_0000069712,0,0.012503,0
T_0000069744,0,0.046054,0
T_0000069769,1,0.977780,1
T_0000069820,1,0.118054,0
T_0000069840,0,0.041606,0
T_0000069903,0,0.060557,0
T_0000069921,1,0.305235,1
T_0000069922,1,0.370811,1
T_0000069936,1,0.557169,1
T_0000069970,0,0.027557,0
T_0000069983,0,0.064632,0
T_0000070005,0,0.010824,0
T_0000070039,0,0.035736,0
T_0000070091,0,0.047203,0
T_0000070101,1,0.723779,1
T_0000070105,1,0.976104,1
T_0000070106,1,0.183368,1
T_0000070119,0,0.063025,0
T_0000070122,1,0.970703,1
T_0000070126,0,0.035298,0
T_0000070127,1,0.985045,1
T_0000070160,1,0.977530,1
T_0000070186,1,0.982333,1
T_0000070226,1,0.991194,1
T_0000070272,1,0.085295,0
T_0000070284,0,0.020236,0
T_0000070290,1,0.950097,1
T_0000070316,1,0.917924,1
T_0000070322,0,0.047215,0
T_0000070329,0,0.046522,0
T_0000070336,1,0.185061,1
T_0000070343,1,0.977392,1
T_0000070365,1,0.546077,1
T_0000070407,0,0.009860,0
T_0000070460,0,0.036699,0
T_0000070466,0,0.008920,0
T_0000070495,1,0.773710,1
T_0000070515,1,0.103685,0
T_0000070521,0,0.084187,0
T_0000070526,1,0.897891,1
T_0000070532,1,0.472304,1
T_0000070550,1,0.112826,0
T_0000070570,1,0.167084,1
T_0000070571,1,0.581613,1
T_0000070596,1,0.407081,1
T_0000070600,1,0.994210,1
T_0000070648,0,0.042535,0
T_0000070670,0,0.032136,0
T_0000070678,1,0.224926,1
T_0000070687,1,0.969112,1
T_0000070697,1,0.968106,1
T_0000070699,1,0.977264,1
T_0000070714,1,0.030874,0
T_0000070728,1,0.949449,1
T_0000070732,1,0.129335,0
T_0000070738,1,0.039021,0
T_0000070747,1,0.987472,1
T_0000070785,0,0.183257,1
T_0000070786,1,0.433869,1
T_0000070795,1,0.436992,1
T_0000070798,1,0.200502,1
T_0000070813,0,0.033941,0
T_0000070820,1,0.144476,0
T_0000070823,1,0.219681,1
T_0000070848,1,0.986468,1
T_0000070852,1,0.969749,1
T_0000070884,0,0.028391,0
T_0000070892,1,0.105656,0
T_0000070941,1,0.122456,0
T_0000070964,0,0.013531,0
T_0000071003,1,0.262893,1
T_0000071007,0,0.027847,0
T_0000071059,0,0.031032,0
T_0000071060,0,0.041809,0
T_0000071088,1,0.139289,0
T_0000071098,0,0.059066,0
T_0000071111,1,0.192390,1
T_0000071149,0,0.025245,0
T_0000071197,0,0.030298,0
T_0000071215,1,0.967637,1
T_0000071227,0,0.021705,0
T_0000071240,1,0.984107,1
T_0000071241,1,0.964184,1
T_0000071271,0,0.060599,0
T_0000071296,1,0.176827,1
T_0000071310,0,0.074259,0
T_0000071327,1,0.989078,1
T_0000071328,1,0.959186,1
T_0000071385,1,0.159989,1
T_0000071387,0,0.028793,0
T_0000071407,1,0.836299,1
T_0000071410,1,0.979059,1
T_0000071443,1,0.113077,0
T_0000071460,1,0.983344,1
T_0000071481,1,0.963699,1
T_0000071554,0,0.034497,0
T_0000071566,1,0.663918,1
T_0000071598,0,0.016326,0
T_0000071599,1,0.821176,1
T_0000071645,0,0.026373,0
T_0000071659,0,0.036258,0
T_0000071684,0,0.007258,0
T_0000071694,1,0.892157,1
T_0000071731,0,0.007920,0
T_0000071745,0,0.013929,0
T_0000071765,1,0.093815,0
T_0000071770,0,0.066443,0
T_0000071792,1,0.981905,1
T_0000071841,1,0.624361,1
T_0000071861,0,0.172720,1
T_0000071870,1,0.988091,1
T_0000071908,1,0.985328,1
T_0000071918,1,0.988670,1
T_0000071921,1,0.987888,1
T_0000071939,1,0.974212,1
T_0000071954,1,0.063741,0
T_0000071985,0,0.046430,0
T_0000072000,1,0.993975,1
T_0000072001,1,0.050362,0
T_0000072012,1,0.975432,1
T_0000072115,0,0.011912,0
T_0000072157,1,0.989291,1
T_0000072158,0,0.024499,0
T_0000072178,1,0.541089,1
T_0000072186,1,0.988368,1
T_0000072194,1,0.940005,1
T_0000072202,1,0.983207,1
T_0000072203,1,0.043199,0
T_0000072215,1,0.976715,1
T_0000072220,0,0.060401,0
T_0000072227,1,0.835430,1
T_0000072248,1,0.054515,0
T_0000072253,1,0.479001,1
T_0000072300,1,0.977684,1
T_0000072310,1,0.975141,1
T_0000072315,1,0.097127,0
T_0000072337,1,0.991950,1
T_0000072372,0,0.006887,0
T_0000072395,1,0.941796,1
T_0000072412,0,0.050506,0
T_0000072442,1,0.902426,1
T_0000072449,0,0.068158,0
T_0000072471,1,0.968055,1
T_0000072497,1,0.990490,1
T_0000072511,1,0.971687,1
T_0000072526,1,0.387888,1
T_0000072663,1,0.994640,1
T_0000072669,0,0.028485,0
T_0000072674,1,0.353426,1
T_0000072744,1,0.257983,1
T_0000072759,0,0.076464,0
T_0000072761,1,0.988283,1
T_0000072764,1,0.743350,1
T_0000072779,1,0.044279,0
T_0000072799,1,0.369833,1
T_0000072806,1,0.553230,1
T_0000072811,0,0.034187,0
T_0000072832,0,0.015963,0
T_0000072843,1,0.977779,1
T_0000072874,0,0.022007,0
T_0000072891,0,0.005854,0
T_0000072900,1,0.062813,0
T_0000072917,1,0.689626,1
T_0000072935,1,0.989136,1
T_0000072955,1,0.031091,0
T_0000072979,0,0.020830,0
T_0000072991,0,0.082704,0
T_0000073026,1,0.089603,0
T_0000073049,0,0.289599,1
T_0000073062,1,0.127257,0
T_0000073121,1,0.100107,0
T_0000073129,1,0.978451,1
T_0000073140,1,0.983551,1
T_0000073159,1,0.094718,0
T_0000073230,1,0.676499,1
T_0000073250,0,0.047383,0
T_0000073256,0,0.011886,0
T_0000073260,0,0.026195,0
T_0000073265,1,0.287098,1
T_0000073271,0,0.754947,1
T_0000073293,0,0.011124,0
T_0000073294,1,0.964186,1
T_0000073333,1,0.212138,1
T_0000073338,0,0.006562,0
T_0000073343,1,0.934159,1
T_0000073365,1,0.803327,1
T_0000073418,1,0.027366,0
T_0000073469,1,0.916955,1
T_0000073493,1,0.968414,1
T_0000073524,0,0.024912,0
T_0000073527,0,0.173199,1
T_0000073578,0,0.062002,0
T_0000073629,0,0.022599,0
T_0000073647,1,0.981600,1
T_0000073658,0,0.111840,0
T_0000073688,1,0.180987,1
T_0000073710,0,0.029820,0
T_0000073716,1,0.979593,1
T_0000073726,1,0.219747,1
T_0000073803,0,0.033356,0
T_0000073815,1,0.466126,1
T_0000073819,0,0.021406,0
T_0000073853,0,0.197676,1
T_0000073871,0,0.029063,0
T_0000073908,0,0.042207,0
T_0000073912,1,0.825928,1
T_0000073968,0,0.034532,0
T_0000074027,1,0.987055,1
T_0000074067,1,0.873907,1
T_0000074085,0,0.024372,0
T_0000074111,1,0.959845,1
T_0000074161,1,0.960209,1
T_0000074174,1,0.917570,1
T_0000074179,1,0.192155,1
T_0000074192,1,0.013628,0
T_0000074196,1,0.942934,1
T_0000074237,1,0.360889,1
T_0000074250,0,0.032058,0
T_0000074268,1,0.153718,1
T_0000074272,1,0.783080,1
T_0000074283,0,0.036062,0
T_0000074295,1,0.017451,0
T_0000074308,1,0.985722,1
T_0000074309,1,0.930448,1
T_0000074310,0,0.091161,0
T_0000074333,1,0.083776,0
T_0000074337,1,0.909244,1
T_0000074346,0,0.043542,0
T_0000074351,1,0.921246,1
T_0000074378,1,0.994087,1
T_0000074379,0,0.050545,0
T_0000074387,0,0.094739,0
T_0000074390,0,0.002364,0
T_0000074392,1,0.207450,1
T_0000074393,1,0.986361,1
T_0000074397,1,0.967575,1
T_0000074424,1,0.976261,1
T_0000074426,0,0.023476,0
T_0000074460,1,0.923229,1
T_0000074532,0,0.025803,0
T_0000074606,0,0.073217,0
T_0000074674,1,0.982411,1
T_0000074677,1,0.177372,1
T_0000074685,1,0.992859,1
T_0000074691,1,0.925479,1
T_0000074725,1,0.988779,1
T_0000074763,0,0.031805,0
T_0000074769,0,0.007484,0
T_0000074801,1,0.106023,0
T_0000074803,0,0.022656,0
T_0000074848,1,0.557603,1
T_0000074852,0,0.018400,0
T_0000074855,1,0.940603,1
T_0000074872,0,0.027747,0
T_0000074873,0,0.050850,0
T_0000074890,0,0.133025,0
T_0000074921,1,0.991978,1
T_0000074925,1,0.752111,1
T_0000074926,1,0.096113,0
T_0000074933,1,0.990915,1
T_0000074937,1,0.967444,1
T_0000074962,1,0.932906,1
T_0000075007,1,0.962393,1
T_0000075034,1,0.468168,1
T_0000075060,0,0.401496,1
T_0000075061,1,0.083333,0
T_0000075098,1,0.200066,1
T_0000075112,1,0.083012,0
T_0000075171,0,0.002756,0
T_0000075205,0,0.009996,0
T_0000075229,1,0.366361,1
T_0000075237,1,0.051680,0
T_0000075254,0,0.031978,0
T_0000075260,0,0.077350,0
T_0000075283,0,0.056278,0
T_0000075286,1,0.989532,1
T_0000075319,1,0.358464,1
T_0000075334,1,0.045947,0
T_0000075343,1,0.940898,1
T_0000075352,1,0.548286,1
T_0000075357,0,0.083105,0
T_0000075361,1,0.989432,1
T_0000075380,0,0.015877,0
T_0000075392,1,0.852928,1
T_0000075401,1,0.156106,1
T_0000075402,1,0.328525,1
T_0000075426,1,0.976781,1
T_0000075439,0,0.046163,0
T_0000075479,0,0.054474,0
T_0000075523,1,0.919560,1
T_0000075556,0,0.027088,0
T_0000075566,0,0.078081,0
T_0000075581,0,0.052281,0
T_0000075584,1,0.246595,1
T_0000075589,0,0.049336,0
T_0000075626,1,0.990902,1
T_0000075659,0,0.026555,0
T_0000075699,1,0.966218,1
T_0000075709,1,0.353588,1
T_0000075713,1,0.958877,1
T_0000075720,1,0.185939,1
T_0000075721,1,0.170046,1
T_0000075726,1,0.977995,1
T_0000075746,0,0.025551,0
T_0000075779,0,0.043702,0
T_0000075822,1,0.169515,1
T_0000075869,1,0.745614,1
T_0000075879,0,0.019013,0
T_0000075894,1,0.950997,1
T_0000075898,1,0.978352,1
T_0000075910,0,0.046976,0
T_0000076008,0,0.090127,0
T_0000076012,0,0.023618,0
T_0000076020,0,0.174716,1
T_0000076046,0,0.010346,0
T_0000076065,1,0.059777,0
T_0000076084,0,0.019729,0
T_0000076088,1,0.192328,1
T_0000076108,0,0.031914,0
T_0000076140,0,0.125574,0
T_0000076147,1,0.964766,1
T_0000076159,1,0.910331,1
T_0000076174,1,0.095686,0
T_0000076178,0,0.042290,0
T_0000076179,1,0.950998,1
T_0000076199,1,0.264810,1
T_0000076216,0,0.009882,0
T_0000076241,0,0.976738,1
T_0000076293,0,0.019107,0
T_0000076320,1,0.046659,0
T_0000076354,1,0.685327,1
T_0000076405,0,0.068603,0
T_0000076413,1,0.990342,1
T_0000076422,1,0.305416,1
T_0000076453,1,0.989323,1
T_0000076536,1,0.983912,1
T_0000076539,1,0.781468,1
T_0000076558,1,0.177184,1
T_0000076566,1,0.932375,1
T_0000076573,1,0.778086,1
T_0000076574,1,0.961680,1
T_0000076577,0,0.117715,0
T_0000076580,1,0.951650,1
T_0000076596,1,0.249143,1
T_0000076603,0,0.045353,0
T_0000076636,1,0.819155,1
T_0000076677,0,0.070096,0
T_0000076742,1,0.968554,1
T_0000076809,1,0.959693,1
T_0000076816,1,0.845120,1
T_0000076868,1,0.997138,1
T_0000076929,1,0.990927,1
T_0000077027,0,0.062800,0
T_0000077061,1,0.993406,1
T_0000077088,1,0.977289,1
T_0000077138,0,0.276284,1
T_0000077157,1,0.989026,1
T_0000077186,0,0.818795,1
T_0000077190,1,0.995004,1
T_0000077219,0,0.042879,0
T_0000077220,1,0.992586,1
T_0000077226,1,0.892037,1
T_0000077228,1,0.992804,1
T_0000077230,1,0.980478,1
T_0000077232,0,0.118144,0
T_0000077234,0,0.877941,1
T_0000077249,1,0.975938,1
T_0000077265,1,0.990253,1
T_0000077269,1,0.993416,1
T_0000077287,0,0.067257,0
T_0000077385,0,0.010890,0
T_0000077391,1,0.994409,1
T_0000077394,0,0.007505,0
T_0000077410,0,0.030663,0
T_0000077441,1,0.996817,1
T_0000077453,1,0.977772,1
T_0000077497,1,0.989667,1
T_0000077500,0,0.056530,0
T_0000077522,0,0.120562,0
T_0000077553,1,0.996017,1
T_0000077612,1,0.987073,1
T_0000077616,1,0.994050,1
T_0000077617,1,0.979816,1
T_0000077656,1,0.138635,0
T_0000077675,0,0.053865,0
T_0000077702,0,0.159282,1
T_0000077724,0,0.080084,0
T_0000077730,0,0.153511,1
T_0000077757,1,0.988171,1
T_0000077782,0,0.038466,0
T_0000077792,1,0.980440,1
T_0000077863,1,0.953808,1
T_0000077902,0,0.085369,0
T_0000077960,1,0.852714,1
T_0000077985,1,0.238970,1
T_0000077987,1,0.043976,0
T_0000078027,1,0.920975,1
T_0000078028,1,0.753779,1
T_0000078041,1,0.926431,1
T_0000078060,1,0.980488,1
T_0000078071,1,0.050825,0
T_0000078080,1,0.992930,1
T_0000078113,1,0.146790,0
T_0000078148,0,0.026864,0
T_0000078202,1,0.032966,0
T_0000078214,1,0.230401,1
T_0000078265,0,0.017466,0
T_0000078312,1,0.593518,1
T_0000078328,1,0.284355,1
T_0000078337,0,0.034908,0
T_0000078350,0,0.019604,0
T_0000078370,1,0.033361,0
T_0000078374,0,0.019581,0
T_0000078376,1,0.082870,0
T_0000078391,1,0.989649,1
T_0000078393,0,0.092674,0
T_0000078419,0,0.082751,0
T_0000078429,1,0.772410,1
T_0000078502,0,0.012235,0
T_0000078559,0,0.010144,0
T_0000078570,1,0.959107,1
T_0000078608,0,0.012686,0
T_0000078631,0,0.034192,0
T_0000078635,1,0.995450,1
T_0000078649,1,0.661959,1
T_0000078660,1,0.990940,1
T_0000078702,1,0.244432,1
T_0000078713,1,0.200988,1
T_0000078715,1,0.970263,1
T_0000078724,0,0.042301,0
T_0000078755,1,0.982051,1
T_0000078775,1,0.172861,1
T_0000078830,1,0.696483,1
T_0000078885,0,0.068808,0
T_0000078889,1,0.990614,1
T_0000078913,0,0.047603,0
T_0000078923,0,0.018693,0
T_0000079075,0,0.011755,0
T_0000079076,1,0.656090,1
T_0000079109,1,0.951954,1
T_0000079119,1,0.989921,1
T_0000079143,1,0.988266,1
T_0000079164,1,0.200330,1
T_0000079181,1,0.103023,0
T_0000079199,1,0.962958,1
T_0000079285,0,0.044514,0
T_0000079395,0,0.619083,1
T_0000079405,0,0.044182,0
T_0000079407,1,0.987493,1
T_0000079425,0,0.552043,1
T_0000079471,0,0.081258,0
T_0000079535,1,0.979542,1
T_0000079542,0,0.083012,0
T_0000079570,1,0.998072,1
T_0000079587,1,0.991419,1
T_0000079656,0,0.035337,0
T_0000079704,1,0.995396,1
T_0000079748,0,0.064229,0
T_0000079766,1,0.994056,1
T_0000079806,1,0.993295,1
T_0000079854,1,0.989734,1
T_0000079893,1,0.993238,1
T_0000079920,1,0.988509,1
T_0000079970,1,0.991463,1
T_0000079984,1,0.995376,1
T_0000080037,1,0.995854,1
T_0000080105,1,0.996740,1
T_0000080106,0,0.175483,1
T_0000080134,1,0.995885,1
T_0000080165,1,0.995723,1
T_0000080167,1,0.993315,1
T_0000080188,0,0.222750,1
T_0000080212,1,0.988532,1
T_0000080221,0,0.062546,0
T_0000080268,0,0.060594,0
T_0000080287,0,0.094333,0
T_0000080314,1,0.985223,1
T_0000080342,1,0.993543,1
T_0000080383,1,0.991938,1
T_0000080403,1,0.278293,1
T_0000080421,1,0.101531,0
T_0000080460,0,0.058772,0
T_0000080470,1,0.916677,1
T_0000080486,1,0.067711,0
T_0000080511,1,0.196712,1
T_0000080520,0,0.012822,0
T_0000080522,1,0.972602,1
T_0000080567,1,0.277439,1
T_0000080601,1,0.981115,1
T_0000080653,1,0.042122,0
T_0000080664,0,0.055525,0
T_0000080719,1,0.978626,1
T_0000080722,1,0.976444,1
T_0000080752,1,0.828623,1
T_0000080786,1,0.976849,1
T_0000080801,0,0.012427,0
T_0000080835,1,0.914753,1
T_0000080869,1,0.076241,0
T_0000080879,0,0.024631,0
T_0000080914,1,0.178804,1
T_0000080966,1,0.967573,1
T_0000080968,0,0.040415,0
T_0000080970,1,0.329998,1
T_0000080994,0,0.018084,0
T_0000081022,1,0.209690,1
T_0000081029,1,0.986743,1
T_0000081109,1,0.815166,1
T_0000081128,1,0.054348,0
T_0000081137,1,0.994006,1
T_0000081225,1,0.590715,1
T_0000081238,1,0.989344,1
T_0000081271,1,0.981153,1
T_0000081289,1,0.646790,1
T_0000081294,1,0.986083,1
T_0000081311,1,0.992270,1
T_0000081315,0,0.029186,0
T_0000081316,1,0.970977,1
T_0000081332,1,0.975913,1
T_0000081334,1,0.778081,1
T_0000081342,1,0.087955,0
T_0000081359,1,0.878017,1
T_0000081415,1,0.532730,1
T_0000081438,1,0.896555,1
T_0000081451,0,0.038487,0
T_0000081456,1,0.123171,0
T_0000081467,1,0.844804,1
T_0000081489,0,0.090025,0
T_0000081507,1,0.558465,1
T_0000081528,1,0.481677,1
T_0000081529,1,0.986873,1
T_0000081554,1,0.364141,1
T_0000081577,1,0.978167,1
T_0000081596,0,0.333899,1
T_0000081606,1,0.988992,1
T_0000081628,0,0.100799,0
T_0000081633,0,0.009323,0
T_0000081665,0,0.018981,0
T_0000081672,1,0.146647,0
T_0000081675,1,0.101245,0
T_0000081680,1,0.973865,1
T_0000081684,1,0.481780,1
T_0000081696,0,0.027099,0
T_0000081700,1,0.982871,1
T_0000081730,0,0.961239,1
T_0000081747,1,0.990304,1
T_0000081753,1,0.995265,1
T_0000081773,0,0.046955,0
T_0000081791,1,0.992735,1
T_0000081876,1,0.989019,1
T_0000081931,1,0.990698,1
T_0000081946,0,0.180918,1
T_0000081995,1,0.990999,1
T_0000081996,1,0.158525,1
T_0000082020,1,0.983855,1
T_0000082030,0,0.029240,0
T_0000082047,1,0.987736,1
T_0000082058,0,0.963936,1
T_0000082070,1,0.992547,1
T_0000082071,0,0.022486,0
T_0000082087,1,0.982547,1
T_0000082098,1,0.959891,1
T_0000082112,1,0.999156,1
T_0000082121,1,0.969186,1
T_0000082131,0,0.023072,0
T_0000082164,1,0.990338,1
T_0000082168,0,0.016047,0
T_0000082199,0,0.032651,0
T_0000082246,1,0.975170,1
T_0000082275,0,0.991230,1
T_0000082289,0,0.019889,0
T_0000082294,1,0.973644,1
T_0000082379,1,0.992174,1
T_0000082380,0,0.381206,1
T_0000082390,1,0.966896,1
T_0000082396,1,0.977764,1
T_0000082425,1,0.978700,1
T_0000082429,1,0.976032,1
T_0000082430,0,0.042899,0
T_0000082461,1,0.986523,1
T_0000082481,0,0.041295,0
T_0000082501,1,0.981790,1
T_0000082577,1,0.968225,1
T_0000082610,1,0.161526,1
T_0000082662,1,0.099993,0
T_0000082697,1,0.274705,1
T_0000082708,1,0.300318,1
T_0000082725,0,0.040800,0
T_0000082734,1,0.231061,1
T_0000082737,0,0.042692,0
T_0000082777,1,0.821759,1
T_0000082894,1,0.141794,0
T_0000082943,0,0.052408,0
T_0000082953,1,0.172304,1
T_0000082963,1,0.436264,1
T_0000083004,1,0.907936,1
T_0000083020,1,0.225261,1
T_0000083044,1,0.326902,1
T_0000083060,1,0.941073,1
T_0000083096,0,0.025629,0
T_0000083102,1,0.993750,1
T_0000083112,1,0.218727,1
T_0000083161,1,0.155359,1
T_0000083201,1,0.172488,1
T_0000083203,1,0.264295,1
T_0000083245,1,0.972510,1
T_0000083302,0,0.046737,0
T_0000083339,0,0.061754,0
T_0000083352,1,0.946724,1
T_0000083368,1,0.074498,0
T_0000083378,0,0.018231,0
T_0000083410,0,0.018122,0
T_0000083417,0,0.029778,0
T_0000083420,1,0.280406,1
T_0000083470,1,0.869932,1
T_0000083475,0,0.042710,0
T_0000083484,0,0.036762,0
T_0000083487,0,0.030906,0
T_0000083511,1,0.139676,0
T_0000083561,1,0.973717,1
T_0000083626,0,0.022543,0
T_0000083653,1,0.960293,1
T_0000083666,0,0.013332,0
T_0000083736,1,0.075533,0
T_0000083814,1,0.211853,1
T_0000083836,0,0.088536,0
T_0000083907,1,0.435585,1
T_0000083927,1,0.077496,0
T_0000083939,1,0.737442,1
T_0000083957,1,0.968871,1
T_0000083965,1,0.829715,1
T_0000083978,1,0.992077,1
T_0000083995,0,0.011663,0
T_0000084017,1,0.842062,1
T_0000084019,1,0.988431,1
T_0000084025,1,0.978653,1
T_0000084085,1,0.988311,1
T_0000084089,1,0.846472,1
T_0000084094,1,0.931667,1
T_0000084116,1,0.332724,1
T_0000084198,1,0.989115,1
T_0000084223,1,0.200589,1
T_0000084229,0,0.012032,0
T_0000084236,1,0.083609,0
T_0000084255,0,0.010007,0
T_0000084256,0,0.104946,0
T_0000084263,1,0.987914,1
T_0000084269,1,0.097905,0
T_0000084272,1,0.512161,1
T_0000084298,1,0.069650,0
T_0000084303,1,0.222887,1
T_0000084384,1,0.032224,0
T_0000084426,0,0.083193,0
T_0000084433,1,0.855788,1
T_0000084477,1,0.685094,1
T_0000084483,0,0.057836,0
T_0000084488,1,0.202529,1
T_0000084533,1,0.510699,1
T_0000084540,1,0.219719,1
T_0000084589,1,0.055328,0
T_0000084608,0,0.039888,0
T_0000084613,1,0.949422,1
T_0000084660,1,0.295571,1
T_0000084661,1,0.277038,1
T_0000084697,1,0.455058,1
T_0000084770,0,0.037105,0
T_0000084780,1,0.503399,1
T_0000084785,1,0.933170,1
T_0000084827,1,0.163306,1
T_0000084861,1,0.345080,1
T_0000084870,1,0.960607,1
T_0000084884,1,0.091530,0
T_0000084894,0,0.037439,0
T_0000084903,0,0.040426,0
T_0000084916,0,0.028140,0
T_0000084919,0,0.028547,0
T_0000084947,1,0.130140,0
T_0000084953,1,0.982650,1
T_0000084980,1,0.691583,1
T_0000084995,1,0.968610,1
T_0000085014,0,0.103293,0
T_0000085043,1,0.779043,1
T_0000085063,0,0.013262,0
T_0000085125,0,0.041237,0
T_0000085135,0,0.011078,0
T_0000085154,1,0.901721,1
T_0000085157,1,0.983977,1
T_0000085182,1,0.072409,0
T_0000085218,1,0.938022,1
T_0000085243,1,0.978563,1
T_0000085276,0,0.030069,0
T_0000085279,1,0.772599,1
T_0000085284,1,0.972459,1
T_0000085312,1,0.986724,1
T_0000085353,0,0.010009,0
T_0000085373,0,0.054695,0
T_0000085387,0,0.062993,0
T_0000085393,0,0.039681,0
T_0000085394,1,0.913812,1
T_0000085405,1,0.982358,1
T_0000085414,1,0.866562,1
T_0000085424,1,0.857051,1
T_0000085440,1,0.642989,1
T_0000085449,1,0.341779,1
T_0000085462,0,0.010283,0
T_0000085464,0,0.063384,0
T_0000085467,1,0.161686,1
T_0000085475,1,0.974534,1
T_0000085524,1,0.203973,1
T_0000085546,0,0.022099,0
T_0000085552,1,0.987800,1
T_0000085608,1,0.935522,1
T_0000085613,1,0.972267,1
T_0000085668,1,0.259495,1
T_0000085689,1,0.503094,1
T_0000085703,0,0.097051,0
T_0000085740,1,0.139862,0
T_0000085742,0,0.042674,0
T_0000085750,1,0.098156,0
T_0000085777,1,0.878357,1
T_0000085783,0,0.020314,0
T_0000085802,0,0.071152,0
T_0000085805,1,0.987716,1
T_0000085822,0,0.100923,0
T_0000085823,1,0.311612,1
T_0000085843,1,0.940170,1
T_0000085858,0,0.068061,0
T_0000085891,0,0.026678,0
T_0000085897,1,0.992489,1
T_0000085902,0,0.009008,0
T_0000085930,0,0.019501,0
T_0000085934,1,0.081927,0
T_0000085941,1,0.873775,1
T_0000085954,1,0.535841,1
T_0000085982,0,0.098829,0
T_0000086074,1,0.180212,1
T_0000086075,0,0.066168,0
T_0000086076,1,0.982876,1
T_0000086083,0,0.027680,0
T_0000086098,0,0.026010,0
T_0000086124,1,0.116353,0
T_0000086153,0,0.019649,0
T_0000086170,0,0.034480,0
T_0000086178,1,0.926217,1
T_0000086182,0,0.021782,0
T_0000086205,0,0.026863,0
T_0000086209,0,0.026881,0
T_0000086224,0,0.011412,0
T_0000086233,0,0.000982,0
T_0000086234,0,0.013693,0
T_0000086238,0,0.049887,0
T_0000086267,0,0.209769,1
T_0000086327,0,0.008208,0
T_0000086335,0,0.045620,0
T_0000086357,1,0.975716,1
T_0000086375,1,0.384610,1
T_0000086379,1,0.783582,1
T_0000086383,0,0.065989,0
T_0000086413,1,0.986017,1
T_0000086420,1,0.975026,1
T_0000086466,0,0.053924,0
T_0000086477,1,0.070200,0
T_0000086510,1,0.494839,1
T_0000086538,1,0.047692,0
T_0000086564,1,0.042990,0
T_0000086582,1,0.958580,1
T_0000086589,1,0.156421,1
T_0000086590,1,0.936502,1
T_0000086602,1,0.986935,1
T_0000086626,1,0.985059,1
T_0000086662,1,0.990857,1
T_0000086668,1,0.065486,0
T_0000086697,1,0.980731,1
T_0000086742,1,0.990008,1
T_0000086748,0,0.003453,0
T_0000086753,1,0.959329,1
T_0000086775,1,0.296654,1
T_0000086833,1,0.964525,1
T_0000086848,1,0.988139,1
T_0000086849,1,0.923732,1
T_0000086854,1,0.053060,0
T_0000086878,1,0.815723,1
T_0000086888,0,0.016914,0
T_0000086908,0,0.036700,0
T_0000086912,1,0.673525,1
T_0000086920,0,0.035837,0
T_0000086941,1,0.502694,1
T_0000086943,1,0.965228,1
T_0000086964,1,0.985962,1
T_0000086984,1,0.969153,1
T_0000086985,1,0.985203,1
T_0000087033,1,0.977790,1
T_0000087162,1,0.511981,1
T_0000087181,0,0.033248,0
T_0000087332,1,0.109510,0
T_0000087359,1,0.855593,1
T_0000087378,1,0.990140,1
T_0000087396,1,0.990420,1
T_0000087438,1,0.925153,1
T_0000087454,1,0.327769,1
T_0000087513,1,0.982930,1
T_0000087532,0,0.033302,0
T_0000087539,1,0.992664,1
T_0000087559,0,0.028236,0
T_0000087576,1,0.964001,1
T_0000087585,1,0.124586,0
T_0000087590,1,0.045087,0
T_0000087620,1,0.933882,1
T_0000087643,1,0.037125,0
T_0000087663,0,0.010594,0
T_0000087670,1,0.032893,0
T_0000087694,1,0.743408,1
T_0000087716,1,0.943310,1
T_0000087742,1,0.119434,0
T_0000087752,1,0.147616,0
T_0000087782,1,0.050018,0
T_0000087798,1,0.986475,1
T_0000087832,1,0.986056,1
T_0000087847,1,0.944292,1
T_0000087862,1,0.931315,1
T_0000087907,1,0.028836,0
T_0000087910,0,0.011032,0
T_0000087932,1,0.059965,0
T_0000087937,0,0.062155,0
T_0000087939,1,0.993918,1
T_0000087983,1,0.059308,0
T_0000087989,1,0.440643,1
T_0000087990,1,0.358020,1
T_0000088008,1,0.987200,1
T_0000088012,1,0.059329,0
T_0000088013,0,0.044922,0
T_0000088032,1,0.957555,1
T_0000088051,0,0.024751,0
T_0000088095,1,0.990366,1
T_0000088097,0,0.038165,0
T_0000088173,1,0.955401,1
T_0000088175,1,0.745185,1
T_0000088181,1,0.930467,1
T_0000088186,0,0.139638,0
T_0000088246,1,0.980464,1
T_0000088271,0,0.263275,1
T_0000088287,1,0.977805,1
T_0000088289,1,0.444133,1
T_0000088322,0,0.021868,0
T_0000088325,1,0.987507,1
T_0000088333,1,0.876180,1
T_0000088371,1,0.339405,1
T_0000088385,0,0.014432,0
T_0000088395,1,0.022100,0
T_0000088415,1,0.925380,1
T_0000088418,1,0.091420,0
T_0000088429,0,0.028690,0
T_0000088436,0,0.085068,0
T_0000088444,1,0.768755,1
T_0000088498,1,0.970912,1
T_0000088508,1,0.104676,0
T_0000088514,1,0.837111,1
T_0000088525,1,0.904144,1
T_0000088530,1,0.083057,0
T_0000088555,0,0.014765,0
T_0000088611,1,0.988116,1
T_0000088616,0,0.024681,0
T_0000088618,0,0.060613,0
T_0000088646,1,0.976599,1
T_0000088674,0,0.091397,0
T_0000088741,1,0.096100,0
T_0000088771,1,0.113258,0
T_0000088794,0,0.035405,0
T_0000088820,0,0.025268,0
T_0000088822,1,0.039975,0
T_0000088828,1,0.975154,1
T_0000088847,1,0.038217,0
T_0000088848,1,0.022270,0
T_0000088861,1,0.269822,1
T_0000088901,1,0.035611,0
T_0000088914,1,0.174727,1
T_0000088928,1,0.969183,1
T_0000088932,1,0.218388,1
T_0000088977,1,0.983913,1
T_0000088979,1,0.963631,1
T_0000088998,1,0.969081,1
T_0000089041,1,0.260609,1
T_0000089062,1,0.866512,1
T_0000089094,1,0.208398,1
T_0000089102,0,0.011776,0
T_0000089143,0,0.013506,0
T_0000089180,1,0.976702,1
T_0000089227,0,0.060967,0
T_0000089243,1,0.958974,1
T_0000089323,0,0.013874,0
T_0000089352,0,0.051765,0
T_0000089376,0,0.053026,0
T_0000089378,0,0.012056,0
T_0000089384,1,0.088712,0
T_0000089387,1,0.487376,1
T_0000089399,1,0.092658,0
T_0000089437,0,0.036910,0
T_0000089443,1,0.500228,1
T_0000089473,1,0.071789,0
T_0000089524,1,0.321202,1
T_0000089541,0,0.040032,0
T_0000089552,0,0.020484,0
T_0000089576,1,0.205535,1
T_0000089649,0,0.098696,0
T_0000089653,0,0.046731,0
T_0000089678,1,0.068724,0
T_0000089710,0,0.013694,0
T_0000089720,1,0.965988,1
T_0000089722,1,0.154675,1
T_0000089728,1,0.957561,1
T_0000089731,1,0.989624,1
T_0000089755,1,0.973303,1
T_0000089783,1,0.066530,0
T_0000089845,1,0.966472,1
T_0000089847,1,0.300131,1
T_0000089864,1,0.963166,1
T_0000089890,1,0.417522,1
T_0000089891,0,0.035289,0
T_0000089918,1,0.192164,1
T_0000089928,1,0.121472,0
T_0000089981,1,0.238273,1
T_0000090000,1,0.067358,0
T_0000090014,1,0.120167,0
T_0000090031,1,0.978458,1
T_0000090054,1,0.897483,1
T_0000090064,1,0.057727,0
T_0000090109,1,0.980866,1
T_0000090142,1,0.950070,1
T_0000090154,0,0.021499,0
T_0000090183,1,0.451174,1
T_0000090192,1,0.962283,1
T_0000090212,1,0.963157,1
T_0000090222,0,0.027027,0
T_0000090238,1,0.968672,1
T_0000090253,1,0.095907,0
T_0000090267,1,0.985683,1
T_0000090273,0,0.155726,1
T_0000090275,1,0.980342,1
T_0000090286,0,0.049586,0
T_0000090335,1,0.149164,0
T_0000090353,1,0.985036,1
T_0000090416,0,0.039948,0
T_0000090425,1,0.640741,1
T_0000090448,1,0.276885,1
T_0000090454,1,0.335993,1
T_0000090477,1,0.106213,0
T_0000090506,0,0.046444,0
T_0000090518,0,0.025488,0
T_0000090533,1,0.243861,1
T_0000090595,1,0.106235,0
T_0000090602,0,0.039967,0
T_0000090605,1,0.672070,1
T_0000090606,0,0.027158,0
T_0000090626,0,0.019929,0
T_0000090632,0,0.047425,0
T_0000090647,0,0.029196,0
T_0000090698,1,0.164753,1
T_0000090720,1,0.199670,1
T_0000090724,1,0.965747,1
T_0000090727,1,0.979033,1
T_0000090751,0,0.048879,0
T_0000090846,0,0.782019,1
T_0000090883,1,0.618416,1
T_0000090913,1,0.256797,1
T_0000090962,1,0.973006,1
T_0000090975,0,0.048489,0
T_0000091027,0,0.264980,1
T_0000091049,0,0.103303,0
T_0000091058,1,0.881401,1
T_0000091096,0,0.101253,0
T_0000091097,0,0.034824,0
T_0000091098,1,0.260914,1
T_0000091100,1,0.464008,1
T_0000091143,1,0.956587,1
T_0000091149,0,0.058504,0
T_0000091188,1,0.794968,1
T_0000091215,1,0.658986,1
T_0000091222,1,0.085363,0
T_0000091230,0,0.036084,0
T_0000091241,0,0.039203,0
T_0000091270,1,0.026240,0
T_0000091277,1,0.990834,1
T_0000091291,1,0.901355,1
T_0000091304,1,0.954691,1
T_0000091374,0,0.025037,0
T_0000091386,1,0.871906,1
T_0000091389,1,0.712122,1
T_0000091402,1,0.099981,0
T_0000091412,1,0.974214,1
T_0000091425,0,0.025950,0
T_0000091429,0,0.015694,0
T_0000091513,1,0.970410,1
T_0000091617,1,0.391417,1
T_0000091635,1,0.500142,1
T_0000091645,1,0.975493,1
T_0000091646,1,0.992423,1
T_0000091661,0,0.061023,0
T_0000091665,1,0.968267,1
T_0000091673,1,0.990501,1
T_0000091695,1,0.133597,0
T_0000091708,1,0.981478,1
T_0000091741,1,0.989955,1
T_0000091756,0,0.045360,0
T_0000091773,1,0.957473,1
T_0000091821,1,0.983914,1
T_0000091848,1,0.962176,1
T_0000091897,1,0.928263,1
T_0000091898,1,0.970774,1
T_0000091921,1,0.829382,1
T_0000091934,1,0.973369,1
T_0000092006,1,0.953014,1
T_0000092082,1,0.969167,1
T_0000092083,1,0.036707,0
T_0000092114,1,0.929978,1
T_0000092115,0,0.039018,0
T_0000092134,0,0.040343,0
T_0000092142,1,0.168289,1
T_0000092176,0,0.044170,0
T_0000092178,0,0.057056,0
T_0000092179,1,0.170014,1
T_0000092181,0,0.011671,0
T_0000092183,1,0.982618,1
T_0000092191,1,0.696521,1
T_0000092198,1,0.680134,1
T_0000092199,0,0.075671,0
T_0000092213,1,0.432674,1
T_0000092233,0,0.017670,0
T_0000092235,1,0.297291,1
T_0000092239,1,0.961854,1
T_0000092251,0,0.127345,0
T_0000092300,1,0.177536,1
T_0000092323,1,0.091997,0
T_0000092326,1,0.980913,1
T_0000092373,1,0.612893,1
T_0000092400,0,0.363841,1
T_0000092411,1,0.260498,1
T_0000092421,0,0.008684,0
T_0000092453,1,0.945152,1
T_0000092460,1,0.949457,1
T_0000092471,0,0.056065,0
T_0000092472,1,0.970528,1
T_0000092539,0,0.019340,0
T_0000092548,1,0.348642,1
T_0000092591,1,0.117228,0
T_0000092595,0,0.069885,0
T_0000092598,1,0.985696,1
T_0000092600,1,0.032307,0
T_0000092652,0,0.029423,0
T_0000092655,1,0.546537,1
T_0000092677,1,0.988922,1
T_0000092728,1,0.934146,1
T_0000092735,0,0.024593,0
T_0000092835,0,0.033103,0
T_0000092841,1,0.161785,1
T_0000092857,1,0.989286,1
T_0000092871,1,0.959358,1
T_0000092886,1,0.990165,1
T_0000092887,0,0.019184,0
T_0000092897,1,0.597627,1
T_0000092905,1,0.768014,1
T_0000092906,1,0.975452,1
T_0000092927,0,0.021934,0
T_0000092930,0,0.092051,0
T_0000092940,1,0.120348,0
T_0000092945,1,0.091436,0
T_0000092992,1,0.925821,1
T_0000093022,1,0.965882,1
T_0000093047,1,0.239556,1
T_0000093069,1,0.923574,1
T_0000093092,1,0.133684,0
T_0000093113,1,0.994254,1
T_0000093128,1,0.187145,1
T_0000093168,1,0.255627,1
T_0000093170,1,0.019538,0
T_0000093178,1,0.984446,1
T_0000093207,1,0.786819,1
T_0000093279,1,0.067027,0
T_0000093298,1,0.199871,1
T_0000093333,0,0.035733,0
T_0000093348,0,0.033024,0
T_0000093358,1,0.983461,1
T_0000093373,1,0.118915,0
T_0000093465,1,0.982155,1
T_0000093478,1,0.320307,1
T_0000093480,0,0.122746,0
T_0000093481,0,0.002849,0
T_0000093498,0,0.033637,0
T_0000093505,1,0.970077,1
T_0000093527,0,0.080016,0
T_0000093539,1,0.990492,1
T_0000093573,0,0.036391,0
T_0000093614,0,0.030273,0
T_0000093627,1,0.111105,0
T_0000093636,1,0.863244,1
T_0000093644,1,0.984386,1
T_0000093678,1,0.970467,1
T_0000093679,1,0.691655,1
T_0000093706,1,0.970184,1
T_0000093707,1,0.213269,1
T_0000093712,0,0.035813,0
T_0000093780,1,0.943041,1
T_0000093825,1,0.944956,1
T_0000093828,1,0.105473,0
T_0000093835,1,0.963842,1
T_0000093854,1,0.997788,1
T_0000093855,1,0.632253,1
T_0000093898,1,0.113003,0
T_0000093906,1,0.828151,1
T_0000093919,1,0.089646,0
T_0000093962,0,0.032048,0
T_0000094010,1,0.317014,1
T_0000094033,1,0.836829,1
T_0000094038,1,0.972664,1
T_0000094042,1,0.052232,0
T_0000094046,0,0.004164,0
T_0000094061,1,0.977421,1
T_0000094064,1,0.228106,1
T_0000094087,0,0.019230,0
T_0000094104,0,0.022157,0
T_0000094114,1,0.969902,1
T_0000094128,0,0.008677,0
T_0000094130,1,0.807236,1
T_0000094180,1,0.958394,1
T_0000094194,1,0.966901,1
T_0000094203,0,0.037740,0
T_0000094222,1,0.862845,1
T_0000094274,1,0.965254,1
T_0000094284,1,0.889282,1
T_0000094296,0,0.065776,0
T_0000094303,1,0.976810,1
T_0000094347,1,0.998872,1
T_0000094348,1,0.773155,1
T_0000094357,1,0.981662,1
T_0000094359,0,0.131072,0
T_0000094390,1,0.964297,1
T_0000094437,1,0.212440,1
T_0000094453,1,0.404948,1
T_0000094468,1,0.979745,1
T_0000094474,1,0.548572,1
T_0000094475,0,0.047126,0
T_0000094478,1,0.993180,1
T_0000094485,1,0.985973,1
T_0000094532,0,0.024839,0
T_0000094541,1,0.992916,1
T_0000094590,1,0.957079,1
T_0000094680,1,0.991846,1
T_0000094688,1,0.186142,1
T_0000094696,0,0.017317,0
T_0000094701,1,0.072703,0
T_0000094722,1,0.985722,1
T_0000094762,0,0.083822,0
T_0000094783,1,0.731682,1
T_0000094818,1,0.173202,1
T_0000094862,1,0.072101,0
T_0000094897,1,0.092354,0
T_0000094909,1,0.982124,1
T_0000094916,1,0.073509,0
T_0000094920,0,0.130627,0
T_0000094929,1,0.986538,1
T_0000094959,1,0.223737,1
T_0000094975,1,0.155387,1
T_0000095011,1,0.978108,1
T_0000095029,0,0.024199,0
T_0000095034,0,0.034365,0
T_0000095052,1,0.957554,1
T_0000095058,0,0.096629,0
T_0000095109,1,0.175571,1
T_0000095141,0,0.100530,0
T_0000095186,1,0.054306,0
T_0000095187,0,0.015053,0
T_0000095201,0,0.022865,0
T_0000095203,0,0.043666,0
T_0000095206,1,0.961722,1
T_0000095214,1,0.948377,1
T_0000095231,0,0.675569,1
T_0000095239,1,0.968004,1
T_0000095263,0,0.005378,0
T_0000095279,0,0.098886,0
T_0000095288,1,0.768547,1
T_0000095309,1,0.974935,1
T_0000095312,1,0.971418,1
T_0000095325,1,0.961958,1
T_0000095343,1,0.197667,1
T_0000095360,0,0.052210,0
T_0000095380,1,0.888015,1
T_0000095399,1,0.984954,1
T_0000095438,0,0.037920,0
T_0000095499,1,0.989791,1
T_0000095538,0,0.023389,0
T_0000095539,0,0.017440,0
T_0000095555,0,0.034663,0
T_0000095580,1,0.925909,1
T_0000095592,1,0.467973,1
T_0000095669,0,0.011497,0
T_0000095682,1,0.270022,1
T_0000095684,1,0.084987,0
T_0000095703,1,0.990751,1
T_0000095730,1,0.630528,1
T_0000095752,0,0.050762,0
T_0000095772,0,0.040849,0
T_0000095785,1,0.943038,1
T_0000095831,1,0.065816,0
T_0000095855,0,0.048462,0
T_0000095862,0,0.009483,0
T_0000095863,1,0.987409,1
T_0000095877,1,0.373670,1
T_0000095914,1,0.946995,1
T_0000095923,1,0.139481,0
T_0000095951,1,0.404431,1
T_0000095966,1,0.476758,1
T_0000095975,1,0.981232,1
T_0000095991,0,0.014706,0
T_0000096000,1,0.977913,1
T_0000096012,1,0.923709,1
T_0000096069,1,0.768517,1
T_0000096074,0,0.041933,0
T_0000096076,0,0.089057,0
T_0000096105,1,0.987772,1
T_0000096148,1,0.988904,1
T_0000096201,0,0.004084,0
T_0000096213,0,0.032019,0
T_0000096285,1,0.981259,1
T_0000096299,1,0.282814,1
T_0000096360,1,0.988399,1
T_0000096363,0,0.050942,0
T_0000096365,1,0.972571,1
T_0000096367,0,0.017158,0
T_0000096379,1,0.988852,1
T_0000096380,0,0.220030,1
T_0000096397,0,0.016857,0
T_0000096408,0,0.015066,0
T_0000096422,1,0.986972,1
T_0000096426,0,0.071514,0
T_0000096473,0,0.035858,0
T_0000096484,0,0.019703,0
T_0000096517,1,0.990239,1
T_0000096519,1,0.383367,1
T_0000096543,1,0.976714,1
T_0000096548,0,0.072730,0
T_0000096556,0,0.047107,0
T_0000096578,0,0.094343,0
T_0000096584,0,0.020931,0
T_0000096632,0,0.049904,0
T_0000096673,1,0.990839,1
T_0000096728,0,0.041989,0
T_0000096772,1,0.045447,0
T_0000096792,0,0.962771,1
T_0000096803,1,0.989451,1
T_0000096819,1,0.976755,1
T_0000096823,1,0.995077,1
T_0000096840,0,0.025671,0
T_0000096851,0,0.065861,0
T_0000096852,0,0.018554,0
T_0000096854,0,0.081260,0
T_0000096876,1,0.254827,1
T_0000096903,1,0.986680,1
T_0000096925,0,0.044390,0
T_0000096932,1,0.988785,1
T_0000096952,0,0.020564,0
T_0000096978,1,0.972836,1
T_0000096983,1,0.983989,1
T_0000096985,0,0.019746,0
T_0000097021,1,0.137466,0
T_0000097078,0,0.037605,0
T_0000097083,0,0.067329,0
T_0000097086,0,0.035054,0
T_0000097096,1,0.992076,1
T_0000097121,1,0.909656,1
T_0000097130,0,0.033099,0
T_0000097144,1,0.992236,1
T_0000097188,0,0.026358,0
T_0000097301,0,0.024549,0
T_0000097330,1,0.991341,1
T_0000097331,0,0.168700,1
T_0000097344,1,0.960087,1
T_0000097360,1,0.054702,0
T_0000097362,1,0.044787,0
T_0000097376,1,0.936813,1
T_0000097385,1,0.985405,1
T_0000097397,1,0.990453,1
T_0000097413,0,0.015618,0
T_0000097444,1,0.969178,1
T_0000097466,1,0.983304,1
T_0000097473,1,0.148900,0
T_0000097491,0,0.021416,0
T_0000097503,1,0.977217,1
T_0000097531,1,0.257477,1
T_0000097536,0,0.026613,0
T_0000097543,1,0.059548,0
T_0000097552,1,0.978271,1
T_0000097569,0,0.062191,0
T_0000097571,1,0.321823,1
T_0000097625,0,0.128889,0
T_0000097651,0,0.029966,0
T_0000097680,1,0.975897,1
T_0000097708,1,0.982995,1
T_0000097778,0,0.112553,0
T_0000097824,1,0.984203,1
T_0000097834,1,0.979025,1
T_0000097880,1,0.267018,1
T_0000097962,1,0.978965,1
T_0000098019,1,0.150210,1
T_0000098027,1,0.985622,1
T_0000098028,1,0.981600,1
T_0000098034,1,0.961420,1
T_0000098066,0,0.133932,0
T_0000098088,1,0.989118,1
T_0000098091,1,0.209583,1
T_0000098100,0,0.005646,0
T_0000098118,1,0.991322,1
T_0000098183,1,0.983295,1
T_0000098185,1,0.597013,1
T_0000098193,1,0.975854,1
T_0000098209,1,0.269946,1
T_0000098254,1,0.361374,1
T_0000098266,1,0.039778,0
T_0000098272,1,0.987088,1
T_0000098312,1,0.820940,1
T_0000098313,1,0.820698,1
T_0000098321,0,0.023116,0
T_0000098348,0,0.058430,0
T_0000098349,1,0.971949,1
T_0000098353,0,0.003916,0
T_0000098356,0,0.033680,0
T_0000098358,1,0.416456,1
T_0000098362,1,0.985310,1
T_0000098370,0,0.045948,0
T_0000098385,0,0.086759,0
T_0000098426,1,0.963762,1
T_0000098482,0,0.005522,0
T_0000098526,1,0.987820,1
T_0000098552,1,0.990725,1
T_0000098578,0,0.025313,0
T_0000098616,1,0.754469,1
T_0000098631,1,0.054790,0
T_0000098636,1,0.065335,0
T_0000098683,0,0.036656,0
T_0000098700,0,0.015884,0
T_0000098701,1,0.158083,1
T_0000098726,1,0.978270,1
T_0000098735,1,0.087643,0
T_0000098742,0,0.023970,0
T_0000098796,1,0.802284,1
T_0000098834,0,0.023141,0
T_0000098849,1,0.233958,1
T_0000098885,1,0.961373,1
T_0000098889,1,0.050481,0
T_0000098918,0,0.021362,0
T_0000098932,1,0.139806,0
T_0000099005,0,0.036656,0
T_0000099012,1,0.910054,1
T_0000099044,1,0.083185,0
T_0000099094,0,0.028163,0
T_0000099100,1,0.183197,1
T_0000099104,0,0.041087,0
T_0000099170,1,0.101156,0
T_0000099209,0,0.010988,0
T_0000099245,1,0.982803,1
T_0000099302,1,0.038335,0
T_0000099322,1,0.543551,1
T_0000099323,1,0.987735,1
T_0000099341,1,0.644636,1
T_0000099353,1,0.790204,1
T_0000099356,1,0.991757,1
T_0000099380,1,0.215423,1
T_0000099410,1,0.964416,1
T_0000099446,0,0.045908,0
T_0000099454,1,0.909515,1
T_0000099459,0,0.003619,0
T_0000099500,0,0.022912,0
T_0000099502,1,0.984077,1
T_0000099519,1,0.107363,0
T_0000099546,0,0.012301,0
T_0000099568,1,0.929382,1
T_0000099573,1,0.896777,1
T_0000099577,0,0.593920,1
T_0000099617,1,0.960169,1
T_0000099618,1,0.080663,0
T_0000099629,0,0.063750,0
T_0000099725,0,0.016471,0
T_0000099731,1,0.395525,1
T_0000099743,0,0.072216,0
T_0000099782,1,0.061738,0
T_0000099828,1,0.399708,1
T_0000099834,1,0.926724,1
T_0000099840,0,0.012565,0
T_0000099866,1,0.981070,1
T_0000099911,1,0.968337,1
T_0000099913,0,0.015934,0
T_0000099921,0,0.037052,0
T_0000099941,1,0.977182,1
T_0000099954,1,0.987826,1
T_0000099968,0,0.058560,0
T_0000100040,1,0.804944,1
T_0000100062,1,0.257909,1
T_0000100064,1,0.975175,1
T_0000100085,0,0.010929,0
T_0000100087,0,0.053765,0
T_0000100096,1,0.149722,1
T_0000100101,1,0.029800,0
T_0000100102,1,0.968350,1
T_0000100107,1,0.448447,1
T_0000100114,0,0.213787,1
T_0000100124,0,0.004057,0
T_0000100149,0,0.008222,0
T_0000100157,1,0.172832,1
T_0000100161,0,0.011600,0
T_0000100162,1,0.869952,1
T_0000100232,1,0.133746,0
T_0000100235,1,0.949851,1
T_0000100293,0,0.015590,0
T_0000100340,0,0.062379,0
T_0000100349,1,0.954648,1
T_0000100367,1,0.171702,1
T_0000100425,0,0.192590,1
T_0000100433,0,0.031266,0
T_0000100438,1,0.793164,1
T_0000100452,1,0.541207,1
T_0000100456,1,0.140711,0
T_0000100483,1,0.598802,1
T_0000100515,1,0.090581,0
T_0000100516,0,0.025338,0
T_0000100521,1,0.054739,0
T_0000100593,0,0.113606,0
T_0000100596,1,0.971451,1
T_0000100602,1,0.116167,0
T_0000100610,0,0.075067,0
T_0000100654,1,0.961150,1
T_0000100672,1,0.985712,1
T_0000100700,0,0.009033,0
T_0000100710,0,0.013187,0
T_0000100712,1,0.984546,1
T_0000100762,0,0.016605,0
T_0000100824,0,0.009442,0
T_0000100830,1,0.758521,1
T_0000100839,1,0.877100,1
T_0000100872,1,0.874849,1
T_0000100891,0,0.024655,0
T_0000100927,0,0.128587,0
T_0000100932,1,0.162378,1
T_0000100943,1,0.084578,0
T_0000100970,1,0.978266,1
T_0000100983,1,0.949256,1
T_0000101000,1,0.955507,1
T_0000101036,1,0.021986,0
T_0000101052,1,0.201986,1
T_0000101063,1,0.274278,1
T_0000101068,1,0.870634,1
T_0000101083,1,0.790385,1
T_0000101146,1,0.168242,1
T_0000101164,1,0.977590,1
T_0000101195,0,0.018456,0
T_0000101219,0,0.410664,1
T_0000101229,1,0.969374,1
T_0000101255,1,0.279938,1
T_0000101273,0,0.032628,0
T_0000101278,1,0.962724,1
T_0000101285,1,0.992011,1
T_0000101305,1,0.027222,0
T_0000101354,0,0.038581,0
T_0000101358,1,0.639676,1
T_0000101360,0,0.031619,0
T_0000101367,1,0.977603,1
T_0000101398,1,0.982190,1
T_0000101416,1,0.657579,1
T_0000101421,1,0.957757,1
T_0000101453,0,0.115316,0
T_0000101493,0,0.015309,0
T_0000101496,1,0.984656,1
T_0000101559,1,0.044238,0
T_0000101591,0,0.235353,1
T_0000101647,1,0.575268,1
T_0000101654,1,0.946513,1
T_0000101699,0,0.013360,0
T_0000101703,1,0.938443,1
T_0000101710,1,0.968266,1
T_0000101742,1,0.138330,0
T_0000101745,1,0.469804,1
T_0000101747,0,0.062465,0
T_0000101751,1,0.849245,1
T_0000101762,0,0.004269,0
T_0000101783,1,0.974841,1
T_0000101803,0,0.145468,0
T_0000101826,1,0.971925,1
T_0000101847,0,0.024666,0
T_0000101879,1,0.980303,1
T_0000101913,0,0.031610,0
T_0000101921,1,0.836853,1
T_0000101924,0,0.014437,0
T_0000101932,1,0.068083,0
T_0000102000,1,0.877665,1
T_0000102009,0,0.013374,0
T_0000102052,1,0.983431,1
T_0000102077,1,0.990757,1
T_0000102084,0,0.018095,0
T_0000102086,1,0.956396,1
T_0000102141,1,0.136354,0
T_0000102190,0,0.032989,0
T_0000102223,1,0.123542,0
T_0000102242,1,0.883483,1
T_0000102276,1,0.973983,1
T_0000102293,1,0.045872,0
T_0000102306,1,0.294144,1
T_0000102352,1,0.983403,1
T_0000102399,1,0.975519,1
T_0000102430,1,0.053509,0
T_0000102462,1,0.986534,1
T_0000102466,1,0.426194,1
T_0000102478,1,0.934906,1
T_0000102520,1,0.861557,1
T_0000102554,1,0.906371,1
T_0000102594,1,0.940248,1
T_0000102608,1,0.206356,1
T_0000102689,0,0.033941,0
T_0000102696,1,0.345847,1
T_0000102733,0,0.010481,0
T_0000102734,1,0.149841,1
T_0000102754,0,0.031401,0
T_0000102793,1,0.115530,0
T_0000102809,0,0.046636,0
T_0000102820,1,0.018611,0
T_0000102845,1,0.962490,1
T_0000102867,1,0.100140,0
T_0000102872,0,0.187433,1
T_0000102874,1,0.107323,0
T_0000102888,1,0.977048,1
T_0000102934,1,0.066037,0
T_0000103010,1,0.044187,0
T_0000103015,1,0.352911,1
T_0000103050,1,0.952134,1
T_0000103073,1,0.024682,0
T_0000103085,1,0.050985,0
T_0000103094,1,0.958234,1
T_0000103151,1,0.512460,1
T_0000103157,1,0.929980,1
T_0000103217,1,0.978236,1
T_0000103236,0,0.008377,0
T_0000103249,1,0.859512,1
T_0000103286,1,0.045085,0
T_0000103371,0,0.021596,0
T_0000103374,0,0.036814,0
T_0000103380,0,0.026243,0
T_0000103411,0,0.004764,0
T_0000103416,1,0.714537,1
T_0000103436,0,0.039142,0
T_0000103453,1,0.978633,1
T_0000103465,1,0.096639,0
T_0000103535,1,0.413239,1
T_0000103554,1,0.066173,0
T_0000103560,1,0.162904,1
T_0000103589,0,0.068173,0
T_0000103595,0,0.081473,0
T_0000103628,1,0.064095,0
T_0000103644,1,0.230233,1
T_0000103657,0,0.015245,0
T_0000103669,1,0.940985,1
T_0000103708,0,0.054720,0
T_0000103749,1,0.975834,1
T_0000103767,0,0.014656,0
T_0000103773,1,0.726088,1
T_0000103801,1,0.986331,1
T_0000103830,0,0.078520,0
T_0000103880,1,0.699893,1
T_0000103902,1,0.943457,1
T_0000103951,1,0.991221,1
T_0000103964,1,0.348872,1
T_0000103971,1,0.958818,1
T_0000103983,1,0.053736,0
T_0000104037,1,0.949652,1
T_0000104051,0,0.034293,0
T_0000104059,1,0.939538,1
T_0000104089,1,0.972500,1
T_0000104159,1,0.989361,1
T_0000104160,0,0.097426,0
T_0000104263,1,0.414794,1
T_0000104266,0,0.053594,0
T_0000104267,0,0.019935,0
T_0000104288,0,0.041487,0
T_0000104289,0,0.056966,0
T_0000104297,0,0.040052,0
T_0000104299,1,0.571471,1
T_0000104312,1,0.902793,1
T_0000104332,1,0.978103,1
T_0000104339,1,0.971846,1
T_0000104341,0,0.056913,0
T_0000104342,0,0.026599,0
T_0000104366,0,0.021506,0
T_0000104423,1,0.457663,1
T_0000104455,1,0.131198,0
T_0000104466,0,0.039780,0
T_0000104473,1,0.085024,0
T_0000104478,0,0.020723,0
T_0000104482,1,0.978866,1
T_0000104508,0,0.020049,0
T_0000104533,1,0.957956,1
T_0000104535,1,0.118650,0
T_0000104538,1,0.985277,1
T_0000104563,1,0.529583,1
T_0000104569,1,0.952298,1
T_0000104572,1,0.961410,1
T_0000104588,1,0.077693,0
T_0000104593,0,0.058580,0
T_0000104595,1,0.963379,1
T_0000104740,1,0.951692,1
T_0000104765,1,0.993253,1
T_0000104785,0,0.166402,1
T_0000104852,0,0.020631,0
T_0000104853,0,0.005568,0
T_0000104869,1,0.901625,1
T_0000104909,1,0.951474,1
T_0000104926,0,0.030119,0
T_0000104951,1,0.043395,0
T_0000104963,0,0.064533,0
T_0000104967,1,0.285900,1
T_0000104980,1,0.793175,1
T_0000104985,0,0.046213,0
T_0000104993,0,0.011285,0
T_0000105018,1,0.979749,1
T_0000105025,0,0.016137,0
T_0000105032,1,0.921347,1
T_0000105033,1,0.446620,1
T_0000105035,1,0.350341,1
T_0000105065,1,0.983863,1
T_0000105067,1,0.667202,1
T_0000105088,1,0.820932,1
T_0000105124,1,0.858651,1
T_0000105144,1,0.984140,1
T_0000105157,0,0.031019,0
T_0000105178,1,0.931606,1
T_0000105197,0,0.805218,1
T_0000105239,1,0.940673,1
T_0000105243,1,0.992219,1
T_0000105249,0,0.021088,0
T_0000105250,1,0.976798,1
T_0000105258,1,0.174652,1
T_0000105266,0,0.982934,1
T_0000105268,1,0.717039,1
T_0000105274,0,0.264173,1
T_0000105277,1,0.985378,1
T_0000105311,1,0.954193,1
T_0000105364,1,0.217884,1
T_0000105427,0,0.096069,0
T_0000105506,1,0.110306,0
T_0000105509,1,0.636602,1
T_0000105548,0,0.016515,0
T_0000105558,1,0.974740,1
T_0000105584,0,0.013441,0
T_0000105661,1,0.977787,1
T_0000105692,1,0.982562,1
T_0000105701,1,0.519730,1
T_0000105705,1,0.198799,1
T_0000105713,0,0.028814,0
T_0000105735,1,0.983936,1
T_0000105755,1,0.980324,1
T_0000105757,0,0.081776,0
T_0000105768,1,0.988350,1
T_0000105782,1,0.979837,1
T_0000105790,1,0.967617,1
T_0000105818,0,0.014312,0
T_0000105901,1,0.989783,1
T_0000105911,0,0.011048,0
T_0000105914,1,0.722317,1
T_0000105929,1,0.780514,1
T_0000105931,1,0.991661,1
T_0000105932,1,0.984982,1
T_0000105939,1,0.966794,1
T_0000105994,1,0.981394,1
T_0000106020,0,0.061758,0
T_0000106052,1,0.924338,1
T_0000106075,1,0.111101,0
T_0000106096,1,0.885620,1
T_0000106133,1,0.955718,1
T_0000106149,0,0.021183,0
T_0000106197,1,0.926319,1
T_0000106200,0,0.067058,0
T_0000106215,1,0.899008,1
T_0000106218,1,0.977828,1
T_0000106229,1,0.983870,1
T_0000106231,1,0.107912,0
T_0000106234,0,0.010917,0
T_0000106238,0,0.022894,0
T_0000106276,1,0.880560,1
T_0000106288,1,0.961946,1
T_0000106328,1,0.977751,1
T_0000106330,0,0.018950,0
T_0000106336,0,0.052450,0
T_0000106341,1,0.305266,1
T_0000106360,1,0.190725,1
T_0000106373,0,0.039445,0
T_0000106376,1,0.399239,1
T_0000106378,1,0.991061,1
T_0000106380,0,0.021693,0
T_0000106384,1,0.983814,1
T_0000106400,1,0.955057,1
T_0000106402,0,0.021922,0
T_0000106426,1,0.884761,1
T_0000106432,1,0.158049,1
T_0000106446,1,0.421295,1
T_0000106509,1,0.966358,1
T_0000106534,1,0.254197,1
T_0000106535,1,0.234592,1
T_0000106550,1,0.726238,1
T_0000106572,1,0.437061,1
T_0000106581,1,0.204195,1
T_0000106587,1,0.972022,1
T_0000106612,0,0.055442,0
T_0000106625,0,0.020987,0
T_0000106658,0,0.027805,0
T_0000106664,0,0.040003,0
T_0000106732,0,0.018388,0
T_0000106794,0,0.061463,0
T_0000106802,1,0.043631,0
T_0000106808,0,0.046764,0
T_0000106814,1,0.148012,0
T_0000106815,0,0.040222,0
T_0000106921,1,0.826552,1
T_0000106942,1,0.968205,1
T_0000106946,1,0.074856,0
T_0000106953,1,0.820945,1
T_0000106989,1,0.956072,1
T_0000107118,0,0.028493,0
T_0000107138,1,0.991021,1
T_0000107146,1,0.985291,1
T_0000107156,1,0.885662,1
T_0000107189,1,0.089166,0
T_0000107244,1,0.097456,0
T_0000107245,1,0.990315,1
T_0000107276,1,0.988899,1
T_0000107305,0,0.047792,0
T_0000107347,1,0.991907,1
T_0000107408,1,0.958195,1
T_0000107440,0,0.013029,0
T_0000107458,0,0.028969,0
T_0000107491,0,0.055049,0
T_0000107505,1,0.115830,0
T_0000107506,0,0.135889,0
T_0000107545,1,0.927180,1
T_0000107546,0,0.027909,0
T_0000107578,0,0.031423,0
T_0000107588,1,0.960519,1
T_0000107594,0,0.050255,0
T_0000107603,0,0.040505,0
T_0000107614,0,0.060164,0
T_0000107636,1,0.970819,1
T_0000107650,1,0.991580,1
T_0000107660,1,0.102836,0
T_0000107732,1,0.977147,1
T_0000107754,1,0.190038,1
T_0000107755,1,0.983537,1
T_0000107777,1,0.987916,1
T_0000107812,1,0.985146,1
T_0000107836,1,0.994073,1
T_0000107838,1,0.983866,1
T_0000107894,1,0.970404,1
T_0000107898,1,0.979440,1
T_0000107936,1,0.779676,1
T_0000107974,1,0.923289,1
T_0000108000,0,0.026192,0
T_0000108011,0,0.012177,0
T_0000108036,0,0.017494,0
T_0000108079,1,0.097802,0
T_0000108094,1,0.864887,1
T_0000108110,1,0.841825,1
T_0000108149,1,0.723933,1
T_0000108160,1,0.916281,1
T_0000108166,1,0.920261,1
T_0000108222,1,0.879295,1
T_0000108231,1,0.113097,0
T_0000108236,0,0.011622,0
T_0000108242,1,0.983030,1
T_0000108256,0,0.050669,0
T_0000108271,0,0.090875,0
T_0000108288,0,0.026623,0
T_0000108343,1,0.977881,1
T_0000108345,1,0.934028,1
T_0000108362,1,0.813343,1
T_0000108449,1,0.992724,1
T_0000108487,1,0.858074,1
T_0000108493,0,0.033048,0
T_0000108515,0,0.018307,0
T_0000108530,1,0.955128,1
T_0000108557,1,0.795748,1
T_0000108562,0,0.045840,0
T_0000108571,0,0.092349,0
T_0000108579,0,0.032626,0
T_0000108591,1,0.942718,1
T_0000108620,0,0.025991,0
T_0000108631,0,0.056356,0
T_0000108646,0,0.031508,0
T_0000108703,1,0.986343,1
T_0000108734,1,0.111695,0
T_0000108742,1,0.935416,1
T_0000108760,1,0.975871,1
T_0000108785,0,0.019115,0
T_0000108797,1,0.966538,1
T_0000108800,1,0.867611,1
T_0000108801,1,0.888337,1
T_0000108850,0,0.060870,0
T_0000108852,1,0.975157,1
T_0000108859,0,0.073392,0
T_0000108880,0,0.068497,0
T_0000108921,1,0.094978,0
T_0000108947,1,0.811899,1
T_0000109078,1,0.981691,1
T_0000109083,0,0.023031,0
T_0000109088,1,0.101003,0
T_0000109100,1,0.143017,0
T_0000109101,1,0.958364,1
T_0000109104,0,0.069997,0
T_0000109169,0,0.025831,0
T_0000109177,1,0.983717,1
T_0000109190,1,0.029548,0
T_0000109212,1,0.054092,0
T_0000109221,1,0.045261,0
T_0000109238,0,0.017139,0
T_0000109257,1,0.990857,1
T_0000109268,0,0.041747,0
T_0000109275,0,0.029334,0
T_0000109287,1,0.143806,0
T_0000109294,1,0.621007,1
T_0000109323,1,0.094085,0
T_0000109349,0,0.041076,0
T_0000109377,1,0.886593,1
T_0000109381,0,0.065070,0
T_0000109388,1,0.091897,0
T_0000109402,0,0.034097,0
T_0000109403,0,0.003361,0
T_0000109413,1,0.608741,1
T_0000109417,0,0.122507,0
T_0000109446,0,0.022476,0
T_0000109458,1,0.989423,1
T_0000109477,1,0.182880,1
T_0000109489,0,0.045190,0
T_0000109512,1,0.090524,0
T_0000109566,1,0.119797,0
T_0000109573,0,0.005511,0
T_0000109581,1,0.039586,0
T_0000109596,1,0.085600,0
T_0000109642,0,0.008703,0
T_0000109648,1,0.454556,1
T_0000109662,1,0.860878,1
T_0000109669,1,0.986915,1
T_0000109677,1,0.912369,1
T_0000109732,1,0.233586,1
T_0000109794,1,0.975443,1
T_0000109823,1,0.963028,1
T_0000109827,0,0.057202,0
T_0000109856,1,0.901718,1
T_0000109867,1,0.616296,1
T_0000109872,1,0.849056,1
T_0000109901,1,0.065084,0
T_0000109912,1,0.107298,0
T_0000109914,1,0.929304,1
T_0000109927,1,0.120675,0
T_0000109936,0,0.045853,0
T_0000109959,1,0.970437,1
T_0000110036,1,0.102612,0
T_0000110106,1,0.984968,1
T_0000110113,0,0.087135,0
T_0000110131,1,0.971552,1
T_0000110149,1,0.538517,1
T_0000110175,0,0.087369,0
T_0000110184,0,0.159095,1
T_0000110188,1,0.982763,1
T_0000110196,0,0.028334,0
T_0000110232,1,0.632792,1
T_0000110246,0,0.006609,0
T_0000110247,1,0.930650,1
T_0000110298,1,0.899232,1
T_0000110344,1,0.823087,1
T_0000110356,1,0.964158,1
T_0000110406,1,0.962892,1
T_0000110455,0,0.152138,1
T_0000110456,0,0.192810,1
T_0000110493,1,0.499039,1
T_0000110510,0,0.018102,0
T_0000110516,0,0.071978,0
T_0000110595,1,0.968086,1
T_0000110640,1,0.045066,0
T_0000110675,1,0.232992,1
T_0000110723,1,0.099647,0
T_0000110754,1,0.995471,1
T_0000110768,1,0.856434,1
T_0000110784,1,0.968597,1
T_0000110850,1,0.835038,1
T_0000110888,1,0.171035,1
T_0000110889,1,0.951684,1
T_0000110928,1,0.763282,1
T_0000110949,0,0.032894,0
T_0000110970,1,0.043551,0
T_0000110995,1,0.960302,1
T_0000111059,1,0.087525,0
T_0000111061,1,0.974740,1
T_0000111080,1,0.065807,0
T_0000111138,1,0.055448,0
T_0000111147,1,0.925639,1
T_0000111155,1,0.171732,1
T_0000111161,0,0.006624,0
T_0000111164,1,0.934081,1
T_0000111177,1,0.874418,1
T_0000111201,0,0.109988,0
T_0000111273,1,0.682746,1
T_0000111280,0,0.093325,0
T_0000111297,1,0.991226,1
T_0000111314,1,0.933534,1
T_0000111328,0,0.135285,0
T_0000111332,0,0.063996,0
T_0000111352,0,0.041992,0
T_0000111381,1,0.046673,0
T_0000111385,1,0.107290,0
T_0000111407,1,0.137199,0
T_0000111432,1,0.979147,1
T_0000111435,0,0.026891,0
T_0000111524,1,0.983774,1
T_0000111538,0,0.508816,1
T_0000111560,0,0.002154,0
T_0000111609,1,0.190913,1
T_0000111618,0,0.017520,0
T_0000111636,0,0.007823,0
T_0000111643,0,0.024918,0
T_0000111677,0,0.067286,0
T_0000111682,1,0.334603,1
T_0000111743,0,0.010091,0
T_0000111762,1,0.338051,1
T_0000111773,0,0.005363,0
T_0000111778,1,0.670361,1
T_0000111798,1,0.726008,1
T_0000111851,0,0.250829,1
T_0000111858,0,0.003888,0
T_0000111875,1,0.985779,1
T_0000111888,1,0.959575,1
T_0000111924,1,0.889695,1
T_0000111925,1,0.993061,1
T_0000111954,1,0.975491,1
T_0000111989,1,0.956585,1
T_0000112000,0,0.048164,0
T_0000112006,0,0.044177,0
T_0000112062,1,0.168352,1
T_0000112096,1,0.105959,0
T_0000112109,1,0.992181,1
T_0000112148,0,0.051212,0
T_0000112160,1,0.413779,1
T_0000112181,0,0.007411,0
T_0000112197,0,0.038230,0
T_0000112253,1,0.979317,1
T_0000112260,0,0.080028,0
T_0000112270,0,0.025113,0
T_0000112272,1,0.973939,1
T_0000112301,1,0.787374,1
T_0000112327,1,0.962734,1
T_0000112328,1,0.196384,1
T_0000112355,1,0.946922,1
T_0000112363,1,0.975364,1
T_0000112387,0,0.017247,0
T_0000112414,0,0.019123,0
T_0000112430,1,0.982507,1
T_0000112466,1,0.524510,1
T_0000112485,1,0.309953,1
T_0000112504,1,0.165000,1
T_0000112521,1,0.985637,1
T_0000112530,1,0.088659,0
T_0000112531,1,0.984134,1
T_0000112556,1,0.977827,1
T_0000112562,0,0.017005,0
T_0000112594,1,0.064889,0
T_0000112595,1,0.026215,0
T_0000112654,1,0.983999,1
T_0000112659,1,0.987395,1
T_0000112676,0,0.035874,0
T_0000112681,0,0.023470,0
T_0000112695,0,0.007457,0
T_0000112696,1,0.989759,1
T_0000112699,1,0.170180,1
T_0000112708,1,0.984713,1
T_0000112710,1,0.038912,0
T_0000112713,1,0.642339,1
T_0000112766,1,0.338326,1
T_0000112780,1,0.157053,1
T_0000112790,1,0.824715,1
T_0000112805,0,0.122157,0
T_0000112810,1,0.058381,0
T_0000112829,0,0.711578,1
T_0000112861,1,0.872498,1
T_0000112869,1,0.955034,1
T_0000112952,1,0.065021,0
T_0000112961,1,0.734795,1
T_0000112978,1,0.323941,1
T_0000112983,1,0.917645,1
T_0000113015,1,0.980689,1
T_0000113032,0,0.095617,0
T_0000113042,0,0.049125,0
T_0000113044,0,0.081567,0
T_0000113078,1,0.172357,1
T_0000113203,0,0.657764,1
T_0000113262,0,0.108121,0
T_0000113265,1,0.203146,1
T_0000113273,1,0.056664,0
T_0000113289,0,0.327077,1
T_0000113293,0,0.017458,0
T_0000113346,0,0.029724,0
T_0000113407,1,0.949362,1
T_0000113431,1,0.161229,1
T_0000113450,0,0.074991,0
T_0000113478,0,0.027593,0
T_0000113479,1,0.154814,1
T_0000113502,1,0.982061,1
T_0000113514,1,0.984034,1
T_0000113523,0,0.058097,0
T_0000113568,1,0.339052,1
T_0000113571,1,0.123734,0
T_0000113585,1,0.966371,1
T_0000113602,0,0.009773,0
T_0000113649,0,0.030005,0
T_0000113664,1,0.063410,0
T_0000113760,0,0.013695,0
T_0000113771,1,0.097248,0
T_0000113775,1,0.958317,1
T_0000113810,1,0.986474,1
T_0000113812,0,0.027103,0
T_0000113839,0,0.118244,0
T_0000113844,1,0.965751,1
T_0000113847,1,0.034851,0
T_0000113855,1,0.032430,0
T_0000113884,1,0.953399,1
T_0000113922,0,0.070045,0
T_0000114019,0,0.010726,0
T_0000114038,1,0.936250,1
T_0000114080,0,0.014686,0
T_0000114085,1,0.975701,1
T_0000114087,0,0.106188,0
T_0000114134,0,0.191160,1
T_0000114151,1,0.097339,0
T_0000114158,1,0.120399,0
T_0000114170,0,0.241756,1
T_0000114185,1,0.063563,0
T_0000114198,0,0.301881,1
T_0000114258,0,0.045602,0
T_0000114261,1,0.012524,0
T_0000114280,1,0.808789,1
T_0000114285,1,0.257453,1
T_0000114288,1,0.955378,1
T_0000114310,1,0.797807,1
T_0000114317,1,0.980879,1
T_0000114322,0,0.021203,0
T_0000114337,0,0.055661,0
T_0000114366,1,0.321435,1
T_0000114395,1,0.173871,1
T_0000114420,1,0.036028,0
T_0000114441,0,0.098500,0
T_0000114476,0,0.030284,0
T_0000114478,0,0.021878,0
T_0000114517,1,0.286909,1
T_0000114533,1,0.145695,0
T_0000114544,1,0.217067,1
T_0000114569,1,0.102445,0
T_0000114589,1,0.189845,1
T_0000114592,0,0.041724,0
T_0000114603,1,0.079526,0
T_0000114640,0,0.023340,0
T_0000114669,1,0.042403,0
T_0000114706,1,0.892249,1
T_0000114709,1,0.942153,1
T_0000114716,1,0.982441,1
T_0000114736,1,0.214730,1
T_0000114756,1,0.062909,0
T_0000114766,0,0.052814,0
T_0000114787,1,0.923956,1
T_0000114808,1,0.035535,0
T_0000114819,0,0.014670,0
T_0000114863,1,0.930415,1
T_0000114875,1,0.186846,1
T_0000114879,1,0.950579,1
T_0000114913,1,0.739795,1
T_0000114962,0,0.081520,0
T_0000114972,0,0.072881,0
T_0000114998,0,0.038318,0
T_0000115000,1,0.118868,0
T_0000115027,1,0.083939,0
T_0000115029,0,0.034011,0
T_0000115043,1,0.342210,1
T_0000115052,1,0.944919,1
T_0000115071,0,0.019097,0
T_0000115109,0,0.011884,0
T_0000115150,0,0.031978,0
T_0000115174,0,0.069669,0
T_0000115205,1,0.664998,1
T_0000115206,0,0.081533,0
T_0000115209,0,0.026403,0
T_0000115212,1,0.186295,1
T_0000115218,0,0.027092,0
T_0000115247,1,0.061539,0
T_0000115263,1,0.871693,1
T_0000115271,0,0.015560,0
T_0000115322,0,0.472118,1
T_0000115332,1,0.416096,1
T_0000115355,1,0.056191,0
T_0000115364,0,0.029921,0
T_0000115369,1,0.969137,1
T_0000115400,0,0.028499,0
T_0000115404,0,0.132057,0
T_0000115447,1,0.660389,1
T_0000115449,0,0.007501,0
T_0000115452,1,0.929809,1
T_0000115454,0,0.055256,0
T_0000115459,0,0.003963,0
T_0000115497,1,0.940471,1
T_0000115537,1,0.976712,1
T_0000115556,1,0.983290,1
T_0000115575,1,0.091195,0
T_0000115577,1,0.984674,1
T_0000115600,0,0.051457,0
T_0000115618,1,0.954687,1
T_0000115620,0,0.013567,0
T_0000115630,1,0.946935,1
T_0000115652,1,0.992018,1
T_0000115654,0,0.032946,0
T_0000115673,1,0.971811,1
T_0000115674,1,0.263144,1
T_0000115713,1,0.973893,1
T_0000115729,1,0.954976,1
T_0000115747,1,0.105944,0
T_0000115762,1,0.918304,1
T_0000115792,0,0.040411,0
T_0000115898,1,0.102952,0
T_0000115917,1,0.611646,1
T_0000115918,1,0.992799,1
T_0000115952,1,0.159088,1
T_0000115997,1,0.036848,0
T_0000116019,0,0.012955,0
T_0000116058,1,0.816426,1
T_0000116080,1,0.429020,1
T_0000116098,1,0.935819,1
T_0000116113,0,0.032394,0
T_0000116138,1,0.851130,1
T_0000116139,1,0.331171,1
T_0000116148,1,0.245340,1
T_0000116153,1,0.269864,1
T_0000116174,1,0.983436,1
T_0000116177,1,0.020100,0
T_0000116178,0,0.938261,1
T_0000116181,1,0.965051,1
T_0000116218,1,0.946776,1
T_0000116221,0,0.030570,0
T_0000116235,1,0.091919,0
T_0000116236,0,0.006015,0
T_0000116242,1,0.230758,1
T_0000116294,1,0.987606,1
T_0000116308,1,0.134389,0
T_0000116309,1,0.901249,1
T_0000116341,1,0.022423,0
T_0000116372,1,0.988951,1
T_0000116432,1,0.978490,1
T_0000116437,1,0.070472,0
T_0000116472,0,0.024882,0
T_0000116473,1,0.671079,1
T_0000116478,1,0.139255,0
T_0000116511,0,0.020667,0
T_0000116519,0,0.007875,0
T_0000116540,1,0.366057,1
T_0000116565,0,0.005553,0
T_0000116579,0,0.027644,0
T_0000116589,1,0.901181,1
T_0000116599,1,0.991640,1
T_0000116621,1,0.972371,1
T_0000116716,0,0.072541,0
T_0000116737,1,0.983389,1
T_0000116784,1,0.724876,1
T_0000116799,0,0.042185,0
T_0000116809,0,0.037105,0
T_0000116820,1,0.114368,0
T_0000116824,1,0.096122,0
T_0000116853,1,0.149166,0
T_0000116857,1,0.951081,1
T_0000116882,1,0.207784,1
T_0000116887,0,0.080649,0
T_0000116908,0,0.028525,0
T_0000116915,1,0.851696,1
T_0000116928,1,0.088888,0
T_0000116950,1,0.987974,1
T_0000116952,0,0.018558,0
T_0000116956,0,0.015032,0
T_0000116981,0,0.893177,1
T_0000117020,1,0.849237,1
T_0000117031,1,0.966080,1
T_0000117035,1,0.961183,1
T_0000117037,1,0.951310,1
T_0000117050,1,0.097039,0
T_0000117066,1,0.835554,1
T_0000117067,1,0.070854,0
T_0000117072,1,0.407262,1
T_0000117123,1,0.397432,1
T_0000117145,1,0.655107,1
T_0000117192,1,0.059572,0
T_0000117217,1,0.467210,1
T_0000117249,0,0.073363,0
T_0000117259,1,0.035415,0
T_0000117277,1,0.820765,1
T_0000117287,1,0.171087,1
T_0000117424,1,0.989599,1
T_0000117428,1,0.463164,1
T_0000117437,1,0.070893,0
T_0000117445,1,0.441852,1
T_0000117463,1,0.885618,1
T_0000117484,0,0.071804,0
T_0000117485,0,0.012301,0
T_0000117553,0,0.023206,0
T_0000117635,1,0.184650,1
T_0000117650,1,0.991039,1
T_0000117655,1,0.998297,1
T_0000117659,1,0.999692,1
T_0000117662,0,0.015221,0
T_0000117668,1,0.991244,1
T_0000117679,1,0.947374,1
T_0000117688,0,0.171226,1
T_0000117708,0,0.932735,1
T_0000117754,1,0.994935,1
T_0000117767,1,0.991289,1
T_0000117774,1,0.992218,1
T_0000117779,0,0.773192,1
T_0000117810,1,0.996546,1
T_0000117847,1,0.996960,1
T_0000117854,0,0.095593,0
T_0000117888,1,0.988622,1
T_0000117898,0,0.949717,1
T_0000117911,1,0.995293,1
T_0000117914,0,0.983099,1
T_0000117920,0,0.175381,1
T_0000117928,1,0.995207,1
T_0000117938,0,0.209806,1
T_0000117943,1,0.993747,1
T_0000118009,1,0.995191,1
T_0000118036,1,0.995685,1
T_0000118037,1,0.986702,1
T_0000118040,1,0.994202,1
T_0000118064,1,0.996317,1
T_0000118179,1,0.996500,1
T_0000118184,1,0.993208,1
T_0000118186,1,0.999831,1
T_0000118207,1,0.997157,1
T_0000118253,1,0.108553,0
T_0000118259,1,0.915436,1
T_0000118275,1,0.058235,0
T_0000118310,0,0.058258,0
T_0000118359,0,0.034553,0
T_0000118398,1,0.204387,1
T_0000118404,1,0.994705,1
T_0000118410,1,0.153657,1
T_0000118473,0,0.012978,0
T_0000118481,1,0.979213,1
T_0000118501,0,0.007586,0
T_0000118503,1,0.430116,1
T_0000118527,1,0.994828,1
T_0000118631,1,0.675270,1
T_0000118642,0,0.003205,0
T_0000118649,1,0.204266,1
T_0000118675,1,0.929342,1
T_0000118711,1,0.675973,1
T_0000118713,0,0.030962,0
T_0000118720,1,0.898993,1
T_0000118735,1,0.743908,1
T_0000118773,1,0.987513,1
T_0000118786,0,0.034069,0
T_0000118807,1,0.720305,1
T_0000118819,1,0.199967,1
T_0000118865,1,0.980145,1
T_0000118898,1,0.320410,1
T_0000118938,0,0.057497,0
T_0000118944,0,0.003792,0
T_0000119021,1,0.942383,1
T_0000119040,1,0.976328,1
T_0000119066,0,0.008874,0
T_0000119068,0,0.017439,0
T_0000119081,0,0.054343,0
T_0000119093,1,0.986634,1
T_0000119096,0,0.055238,0
T_0000119127,1,0.930737,1
T_0000119128,1,0.072307,0
T_0000119131,1,0.778334,1
T_0000119189,1,0.987062,1
T_0000119216,0,0.037453,0
T_0000119220,1,0.148910,0
T_0000119227,0,0.053148,0
T_0000119243,0,0.012130,0
T_0000119264,0,0.045089,0
T_0000119278,1,0.994144,1
T_0000119333,0,0.011655,0
T_0000119371,1,0.989268,1
T_0000119385,0,0.135886,0
T_0000119404,1,0.959814,1
T_0000119409,1,0.970729,1
T_0000119418,1,0.985798,1
T_0000119443,1,0.984639,1
T_0000119457,1,0.980687,1
T_0000119461,1,0.962224,1
T_0000119486,0,0.020873,0
T_0000119506,0,0.072159,0
T_0000119513,0,0.014077,0
T_0000119534,0,0.012419,0
T_0000119540,1,0.982737,1
T_0000119543,0,0.007103,0
T_0000119555,1,0.151450,1
T_0000119590,0,0.009924,0
T_0000119649,1,0.985445,1
T_0000119656,1,0.090524,0
T_0000119678,1,0.865304,1
T_0000119720,1,0.269335,1
T_0000119727,1,0.603376,1
T_0000119728,1,0.886569,1
T_0000119770,1,0.043588,0
T_0000119772,0,0.096781,0
T_0000119820,1,0.984639,1
T_0000119831,0,0.091765,0
T_0000119847,1,0.877532,1
T_0000119915,1,0.989812,1
T_0000119931,1,0.937916,1
T_0000119965,1,0.214319,1
T_0000119969,1,0.922225,1
T_0000119989,1,0.949314,1
T_0000119997,1,0.282912,1
T_0000120022,1,0.992462,1
T_0000120144,1,0.976463,1
T_0000120147,0,0.037251,0
T_0000120148,1,0.184100,1
T_0000120150,1,0.198466,1
T_0000120169,1,0.412692,1
T_0000120194,1,0.969939,1
T_0000120237,1,0.958116,1
T_0000120268,1,0.976071,1
T_0000120292,0,0.177241,1
T_0000120306,0,0.052919,0
T_0000120309,1,0.053418,0
T_0000120329,0,0.005643,0
T_0000120393,1,0.257975,1
T_0000120432,1,0.976280,1
T_0000120459,0,0.111009,0
T_0000120466,0,0.039151,0
T_0000120489,1,0.548627,1
T_0000120504,0,0.031457,0
T_0000120555,1,0.984570,1
T_0000120568,1,0.196468,1
T_0000120603,0,0.019863,0
T_0000120608,1,0.019522,0
T_0000120677,0,0.145044,0
T_0000120693,1,0.242012,1
T_0000120705,0,0.035443,0
T_0000120716,0,0.056118,0
T_0000120718,1,0.139583,0
T_0000120720,1,0.171757,1
T_0000120736,1,0.747707,1
T_0000120749,1,0.249914,1
T_0000120758,0,0.007483,0
T_0000120828,1,0.394951,1
T_0000120838,0,0.038011,0
T_0000120856,1,0.991148,1
T_0000120865,1,0.945893,1
T_0000120879,0,0.126405,0
T_0000120896,1,0.982384,1
T_0000120931,1,0.121176,0
T_0000120935,1,0.894503,1
T_0000120977,1,0.095229,0
T_0000120988,1,0.060229,0
T_0000121014,0,0.011630,0
T_0000121020,1,0.846455,1
T_0000121040,1,0.375486,1
T_0000121043,0,0.017055,0
T_0000121052,1,0.981342,1
T_0000121123,0,0.008801,0
T_0000121223,0,0.022537,0
T_0000121232,1,0.986577,1
T_0000121236,1,0.984446,1
T_0000121237,0,0.015672,0
T_0000121274,0,0.058147,0
T_0000121291,1,0.970794,1
T_0000121296,1,0.190994,1
T_0000121312,1,0.805973,1
T_0000121371,0,0.032278,0
T_0000121421,1,0.189033,1
T_0000121433,0,0.072040,0
T_0000121444,1,0.060360,0
T_0000121454,1,0.654418,1
T_0000121456,0,0.042084,0
T_0000121490,0,0.491255,1
T_0000121502,0,0.026863,0
T_0000121506,1,0.868236,1
T_0000121515,1,0.111793,0
T_0000121594,1,0.989554,1
T_0000121600,1,0.137869,0
T_0000121605,1,0.992518,1
T_0000121630,0,0.055187,0
T_0000121649,1,0.115040,0
T_0000121667,0,0.021411,0
T_0000121717,1,0.989703,1
T_0000121738,1,0.142092,0
T_0000121771,0,0.044795,0
T_0000121802,1,0.277654,1
T_0000121823,1,0.952165,1
T_0000121826,1,0.945310,1
T_0000121828,1,0.917841,1
T_0000121899,1,0.930421,1
T_0000121918,1,0.098960,0
T_0000121945,1,0.986131,1
T_0000121948,1,0.059862,0
T_0000121958,1,0.467244,1
T_0000121983,1,0.896528,1
T_0000121998,1,0.210611,1
T_0000122039,1,0.070973,0
T_0000122040,1,0.275917,1
T_0000122053,0,0.014130,0
T_0000122078,1,0.613472,1
T_0000122080,1,0.181305,1
T_0000122099,1,0.064731,0
T_0000122134,0,0.024593,0
T_0000122172,1,0.912743,1
T_0000122177,0,0.068560,0
T_0000122203,1,0.978613,1
T_0000122225,0,0.036036,0
T_0000122246,0,0.039493,0
T_0000122269,1,0.110734,0
T_0000122278,0,0.017875,0
T_0000122295,1,0.987668,1
T_0000122307,1,0.937110,1
T_0000122333,0,0.011375,0
T_0000122354,1,0.065634,0
T_0000122404,0,0.086097,0
T_0000122413,1,0.720768,1
T_0000122474,1,0.242228,1
T_0000122512,1,0.015326,0
T_0000122552,1,0.884765,1
T_0000122601,0,0.016294,0
T_0000122645,1,0.132474,0
T_0000122666,1,0.457212,1
T_0000122705,0,0.074937,0
T_0000122753,0,0.187075,1
T_0000122804,1,0.173723,1
T_0000122865,1,0.839277,1
T_0000122869,1,0.553731,1
T_0000122899,0,0.046516,0
T_0000122936,1,0.981311,1
T_0000122958,1,0.970251,1
T_0000122999,1,0.982046,1
T_0000123005,1,0.943829,1
T_0000123040,0,0.026552,0
T_0000123056,1,0.964084,1
T_0000123059,1,0.989235,1
T_0000123067,1,0.845957,1
T_0000123075,1,0.960698,1
T_0000123106,0,0.036928,0
T_0000123217,1,0.973090,1
T_0000123234,1,0.013067,0
T_0000123252,1,0.322096,1
T_0000123255,0,0.029920,0
T_0000123275,1,0.944825,1
T_0000123280,1,0.183632,1
T_0000123336,1,0.961636,1
T_0000123357,1,0.089586,0
T_0000123371,0,0.057437,0
T_0000123374,1,0.949000,1
T_0000123397,1,0.675372,1
T_0000123399,0,0.168846,1
T_0000123401,0,0.081633,0
T_0000123416,1,0.974071,1
T_0000123434,1,0.196744,1
T_0000123442,1,0.992005,1
T_0000123451,1,0.789462,1
T_0000123457,1,0.053250,0
T_0000123460,1,0.940856,1
T_0000123521,1,0.018865,0
T_0000123565,1,0.265309,1
T_0000123577,1,0.977799,1
T_0000123582,1,0.972157,1
T_0000123586,1,0.970025,1
T_0000123595,1,0.132805,0
T_0000123605,1,0.986977,1
T_0000123609,1,0.138636,0
T_0000123662,1,0.976449,1
T_0000123672,0,0.131345,0
T_0000123685,1,0.106405,0
T_0000123699,0,0.032429,0
T_0000123720,1,0.956161,1
T_0000123724,0,0.031346,0
T_0000123768,1,0.616226,1
T_0000123828,1,0.982235,1
T_0000123864,1,0.983038,1
T_0000123907,0,0.108049,0
T_0000123912,1,0.785724,1
T_0000123920,0,0.035055,0
T_0000123937,1,0.121402,0
T_0000123956,1,0.069947,0
T_0000123962,1,0.078023,0
T_0000123982,1,0.256906,1
T_0000123994,1,0.944350,1
T_0000124015,1,0.850844,1
T_0000124070,1,0.382830,1
T_0000124076,1,0.446121,1
T_0000124089,1,0.982105,1
T_0000124149,1,0.672646,1
T_0000124200,1,0.379255,1
T_0000124273,1,0.985871,1
T_0000124288,0,0.019890,0
T_0000124365,1,0.827864,1
T_0000124368,1,0.964803,1
T_0000124377,1,0.176513,1
T_0000124387,1,0.124820,0
T_0000124413,0,0.121762,0
T_0000124434,1,0.956692,1
T_0000124495,1,0.297380,1
T_0000124504,1,0.805731,1
T_0000124523,1,0.176069,1
T_0000124533,0,0.043546,0
T_0000124568,1,0.238179,1
T_0000124592,1,0.392588,1
T_0000124606,1,0.118821,0
T_0000124608,1,0.059017,0
T_0000124624,1,0.044078,0
T_0000124631,0,0.859695,1
T_0000124655,1,0.795356,1
T_0000124670,1,0.911251,1
T_0000124715,0,0.052343,0
T_0000124717,0,0.065795,0
T_0000124817,1,0.166262,1
T_0000124885,1,0.226816,1
T_0000124886,0,0.068257,0
T_0000124923,1,0.084678,0
T_0000124933,0,0.022266,0
T_0000124952,0,0.009155,0
T_0000124970,1,0.045039,0
T_0000124971,1,0.985184,1
T_0000125039,1,0.947060,1
T_0000125046,1,0.953005,1
T_0000125074,1,0.060831,0
T_0000125082,0,0.013570,0
T_0000125097,1,0.969716,1
T_0000125118,1,0.170318,1
T_0000125146,1,0.922271,1
T_0000125175,1,0.966848,1
T_0000125178,1,0.833862,1
T_0000125186,0,0.014511,0
T_0000125228,1,0.979556,1
T_0000125253,0,0.030723,0
T_0000125265,1,0.711831,1
T_0000125284,0,0.034440,0
T_0000125299,1,0.778894,1
T_0000125336,1,0.968991,1
T_0000125338,1,0.974018,1
T_0000125382,1,0.986556,1
T_0000125440,1,0.922788,1
T_0000125446,1,0.981248,1
T_0000125447,1,0.323910,1
T_0000125522,1,0.973015,1
T_0000125523,1,0.388483,1
T_0000125526,1,0.795275,1
T_0000125529,1,0.382554,1
T_0000125548,1,0.537947,1
T_0000125568,1,0.991911,1
T_0000125595,1,0.983958,1
T_0000125597,0,0.060732,0
T_0000125599,1,0.977535,1
T_0000125607,0,0.057455,0
T_0000125609,1,0.978608,1
T_0000125631,1,0.955126,1
T_0000125645,0,0.008746,0
T_0000125687,1,0.981549,1
T_0000125765,0,0.005710,0
T_0000125819,0,0.026016,0
T_0000125855,1,0.326380,1
T_0000125862,0,0.054214,0
T_0000125870,1,0.974300,1
T_0000125914,1,0.280106,1
T_0000125924,0,0.060891,0
T_0000125945,1,0.988275,1
T_0000125974,1,0.979211,1
T_0000126008,1,0.987373,1
T_0000126043,1,0.968883,1
T_0000126082,0,0.067170,0
T_0000126093,0,0.665424,1
T_0000126129,1,0.277912,1
T_0000126154,1,0.500721,1
T_0000126155,1,0.923809,1
T_0000126173,1,0.053007,0
T_0000126175,1,0.011052,0
T_0000126200,1,0.983607,1
T_0000126210,1,0.191228,1
T_0000126214,1,0.993585,1
T_0000126257,1,0.988185,1
T_0000126265,1,0.112427,0
T_0000126302,0,0.020143,0
T_0000126308,0,0.021278,0
T_0000126315,0,0.027596,0
T_0000126317,0,0.095231,0
T_0000126341,1,0.973928,1
T_0000126378,0,0.024711,0
T_0000126382,1,0.073037,0
T_0000126422,1,0.940484,1
T_0000126437,1,0.968063,1
T_0000126471,1,0.982536,1
T_0000126555,1,0.887267,1
T_0000126561,1,0.868461,1
T_0000126583,1,0.678694,1
T_0000126595,1,0.951041,1
T_0000126611,1,0.953852,1
T_0000126648,0,0.033429,0
T_0000126677,1,0.111738,0
T_0000126678,1,0.870256,1
T_0000126686,0,0.124998,0
T_0000126688,1,0.862754,1
T_0000126705,0,0.021566,0
T_0000126712,1,0.094662,0
T_0000126728,1,0.968709,1
T_0000126762,1,0.966323,1
T_0000126763,1,0.344726,1
T_0000126816,1,0.982245,1
T_0000126833,0,0.048705,0
T_0000126842,1,0.300371,1
T_0000126848,0,0.020916,0
T_0000126859,0,0.151713,1
T_0000126883,1,0.939869,1
T_0000126890,0,0.020737,0
T_0000126899,1,0.980989,1
T_0000126939,1,0.911725,1
T_0000126993,1,0.950322,1
T_0000127003,1,0.067513,0
T_0000127016,1,0.317388,1
T_0000127025,1,0.915780,1
T_0000127030,1,0.958855,1
T_0000127056,0,0.018264,0
T_0000127093,1,0.091160,0
T_0000127119,1,0.068671,0
T_0000127171,1,0.061589,0
T_0000127172,1,0.026205,0
T_0000127208,1,0.644667,1
T_0000127235,0,0.047442,0
T_0000127273,1,0.970855,1
T_0000127275,0,0.024151,0
T_0000127279,0,0.029415,0
T_0000127310,1,0.095375,0
T_0000127311,1,0.980578,1
T_0000127363,0,0.032005,0
T_0000127376,1,0.126599,0
T_0000127472,1,0.982516,1
T_0000127474,0,0.044752,0
T_0000127485,0,0.077401,0
T_0000127494,1,0.279307,1
T_0000127513,1,0.136249,0
T_0000127522,1,0.089378,0
T_0000127523,0,0.104272,0
T_0000127529,0,0.034410,0
T_0000127575,1,0.253262,1
T_0000127611,1,0.400478,1
T_0000127659,1,0.957817,1
T_0000127669,1,0.537419,1
T_0000127687,1,0.973673,1
T_0000127712,0,0.162257,1
T_0000127738,0,0.019722,0
T_0000127746,1,0.988958,1
T_0000127752,1,0.981158,1
T_0000127774,1,0.022971,0
T_0000127785,0,0.105846,0
T_0000127807,0,0.023333,0
T_0000127817,1,0.147837,0
T_0000127876,1,0.063733,0
T_0000127916,1,0.970088,1
T_0000127923,1,0.246177,1
T_0000128016,0,0.012111,0
T_0000128029,0,0.004929,0
T_0000128045,1,0.195099,1
T_0000128089,1,0.992048,1
T_0000128101,1,0.567033,1
T_0000128121,1,0.946481,1
T_0000128128,1,0.963528,1
T_0000128172,1,0.916787,1
T_0000128177,1,0.961730,1
T_0000128210,0,0.068032,0
T_0000128235,1,0.949681,1
T_0000128269,1,0.171881,1
T_0000128291,1,0.857253,1
T_0000128306,1,0.964623,1
T_0000128314,1,0.206249,1
T_0000128330,1,0.888480,1
T_0000128343,0,0.022143,0
T_0000128357,1,0.209228,1
T_0000128409,0,0.004258,0
T_0000128412,1,0.933839,1
T_0000128416,1,0.171162,1
T_0000128441,0,0.017080,0
T_0000128500,0,0.006350,0
T_0000128522,1,0.599321,1
T_0000128544,1,0.032286,0
T_0000128598,0,0.057941,0
T_0000128626,1,0.063046,0
T_0000128629,1,0.964247,1
T_0000128653,0,0.020766,0
T_0000128675,1,0.075745,0
T_0000128681,1,0.936781,1
T_0000128696,1,0.989211,1
T_0000128706,1,0.064902,0
T_0000128734,1,0.184404,1
T_0000128811,1,0.088521,0
T_0000128858,1,0.964830,1
T_0000128869,1,0.944430,1
T_0000128882,1,0.042902,0
T_0000128903,0,0.011227,0
T_0000128904,1,0.934252,1
T_0000128912,0,0.140115,0
T_0000128923,1,0.137299,0
T_0000128950,1,0.118003,0
T_0000128982,1,0.849220,1
T_0000128988,1,0.231132,1
T_0000128994,1,0.993332,1
T_0000129036,0,0.038063,0
T_0000129102,1,0.963333,1
T_0000129130,0,0.010880,0
T_0000129136,0,0.065226,0
T_0000129181,1,0.804562,1
T_0000129203,1,0.991591,1
T_0000129230,1,0.964100,1
T_0000129233,1,0.986818,1
T_0000129258,0,0.013792,0
T_0000129275,0,0.016573,0
T_0000129306,1,0.251399,1
T_0000129308,0,0.378237,1
T_0000129318,1,0.979030,1
T_0000129320,1,0.167494,1
T_0000129350,0,0.062560,0
T_0000129379,1,0.944149,1
T_0000129424,1,0.988617,1
T_0000129428,0,0.073765,0
T_0000129430,0,0.007369,0
T_0000129445,1,0.975891,1
T_0000129448,0,0.039072,0
T_0000129456,0,0.072713,0
T_0000129500,1,0.944122,1
T_0000129517,1,0.084805,0
T_0000129540,0,0.027627,0
T_0000129574,0,0.018294,0
T_0000129586,0,0.050644,0
T_0000129599,1,0.978862,1
T_0000129625,0,0.011961,0
T_0000129650,0,0.031336,0
T_0000129656,0,0.046866,0
T_0000129664,0,0.018079,0
T_0000129669,1,0.986906,1
T_0000129676,1,0.977342,1
T_0000129703,0,0.098430,0
T_0000129705,1,0.165686,1
T_0000129736,1,0.985118,1
T_0000129770,0,0.066017,0
T_0000129820,1,0.985508,1
T_0000129831,1,0.502127,1
T_0000129842,1,0.979703,1
T_0000129844,1,0.935889,1
T_0000129861,0,0.137939,0
T_0000129864,0,0.102519,0
T_0000129878,1,0.413023,1
T_0000129942,0,0.014826,0
T_0000129982,1,0.989932,1
T_0000129995,1,0.758149,1
T_0000130038,0,0.042486,0
T_0000130058,1,0.851067,1
T_0000130085,1,0.113635,0
T_0000130088,1,0.218105,1
T_0000130093,1,0.079743,0
T_0000130111,1,0.115087,0
T_0000130133,1,0.358438,1
T_0000130138,0,0.201789,1
T_0000130144,1,0.908252,1
T_0000130158,1,0.936230,1
T_0000130176,1,0.970690,1
T_0000130189,1,0.751463,1
T_0000130213,1,0.982718,1
T_0000130219,1,0.974225,1
T_0000130252,1,0.081368,0
T_0000130274,0,0.009643,0
T_0000130283,0,0.033552,0
T_0000130284,0,0.012686,0
T_0000130296,0,0.014759,0
T_0000130302,0,0.026176,0
T_0000130309,1,0.301408,1
T_0000130345,0,0.023137,0
T_0000130360,0,0.053227,0
T_0000130362,0,0.033575,0
T_0000130405,1,0.990113,1
T_0000130452,0,0.031830,0
T_0000130470,1,0.829841,1
T_0000130481,0,0.126729,0
T_0000130495,0,0.017406,0
T_0000130516,0,0.041248,0
T_0000130525,0,0.116170,0
T_0000130528,1,0.141607,0
T_0000130530,1,0.948957,1
T_0000130538,0,0.052130,0
T_0000130551,1,0.974770,1
T_0000130594,1,0.990209,1
T_0000130602,1,0.938987,1
T_0000130624,1,0.988212,1
T_0000130642,1,0.942512,1
T_0000130650,1,0.764091,1
T_0000130652,1,0.971086,1
T_0000130653,1,0.284104,1
T_0000130656,0,0.081068,0
T_0000130683,0,0.024918,0
T_0000130707,1,0.988879,1
T_0000130722,1,0.979968,1
T_0000130746,0,0.058053,0
T_0000130770,1,0.953107,1
T_0000130794,1,0.987638,1
T_0000130829,1,0.933471,1
T_0000130850,1,0.989554,1
T_0000130873,1,0.785360,1
T_0000130902,1,0.936783,1
T_0000130929,0,0.028337,0
T_0000130974,1,0.977251,1
T_0000131027,1,0.951696,1
T_0000131040,1,0.993844,1
T_0000131065,0,0.025218,0
T_0000131068,0,0.122232,0
T_0000131071,1,0.324660,1
T_0000131078,1,0.146277,0
T_0000131081,1,0.837643,1
T_0000131092,1,0.987303,1
T_0000131109,1,0.104309,0
T_0000131123,1,0.978763,1
T_0000131199,0,0.059892,0
T_0000131226,1,0.216798,1
T_0000131272,0,0.019214,0
T_0000131275,1,0.493024,1
T_0000131301,0,0.031469,0
T_0000131303,0,0.035438,0
T_0000131324,0,0.350395,1
T_0000131334,0,0.058861,0
T_0000131461,1,0.178779,1
T_0000131501,1,0.167903,1
T_0000131520,0,0.020482,0
T_0000131533,0,0.015201,0
T_0000131550,1,0.962073,1
T_0000131554,1,0.237214,1
T_0000131555,1,0.238149,1
T_0000131589,0,0.019296,0
T_0000131605,1,0.035464,0
T_0000131633,1,0.883991,1
T_0000131640,1,0.140515,0
T_0000131652,1,0.946819,1
T_0000131746,1,0.951329,1
T_0000131750,0,0.023280,0
T_0000131763,0,0.065568,0
T_0000131806,0,0.013503,0
T_0000131807,1,0.969675,1
T_0000131810,1,0.910261,1
T_0000131828,1,0.983726,1
T_0000131866,1,0.085383,0
T_0000131872,0,0.031957,0
T_0000131889,1,0.984523,1
T_0000131927,1,0.081557,0
T_0000131969,1,0.205141,1
T_0000131977,0,0.014692,0
T_0000132016,1,0.978281,1
T_0000132030,0,0.020718,0
T_0000132056,1,0.220481,1
T_0000132068,0,0.025739,0
T_0000132082,1,0.976678,1
T_0000132136,0,0.033451,0
T_0000132151,1,0.085223,0
T_0000132166,1,0.168676,1
T_0000132199,0,0.089822,0
T_0000132235,1,0.959161,1
T_0000132247,1,0.122480,0
T_0000132285,1,0.346358,1
T_0000132299,1,0.953711,1
T_0000132317,1,0.982718,1
T_0000132318,1,0.350878,1
T_0000132319,1,0.077446,0
T_0000132389,1,0.627736,1
T_0000132440,1,0.507172,1
T_0000132476,0,0.578422,1
T_0000132506,1,0.938238,1
T_0000132513,0,0.025703,0
T_0000132547,1,0.991004,1
T_0000132587,0,0.070063,0
T_0000132594,0,0.408585,1
T_0000132599,1,0.139384,0
T_0000132618,1,0.960202,1
T_0000132640,1,0.967923,1
T_0000132652,1,0.049524,0
T_0000132705,1,0.077669,0
T_0000132732,1,0.967649,1
T_0000132752,1,0.975663,1
T_0000132762,0,0.026393,0
T_0000132801,1,0.331983,1
T_0000132826,1,0.855146,1
T_0000132837,1,0.117896,0
T_0000132864,0,0.033444,0
T_0000132870,0,0.067240,0
T_0000132872,1,0.047643,0
T_0000132911,1,0.940994,1
T_0000132932,1,0.922883,1
T_0000132942,1,0.962198,1
T_0000132943,0,0.027546,0
T_0000133035,1,0.038029,0
T_0000133037,0,0.100500,0
T_0000133079,0,0.063593,0
T_0000133085,1,0.421586,1
T_0000133090,0,0.060028,0
T_0000133119,1,0.978122,1
T_0000133121,0,0.063154,0
T_0000133171,0,0.039104,0
T_0000133176,1,0.092824,0
T_0000133178,1,0.803251,1
T_0000133204,1,0.989625,1
T_0000133209,1,0.090122,0
T_0000133229,1,0.106972,0
T_0000133248,0,0.021052,0
T_0000133262,0,0.148075,0
T_0000133290,1,0.947575,1
T_0000133306,0,0.045431,0
T_0000133329,1,0.986266,1
T_0000133407,0,0.082840,0
T_0000133424,1,0.991987,1
T_0000133426,0,0.249348,1
T_0000133452,0,0.034463,0
T_0000133464,1,0.888315,1
T_0000133480,1,0.988378,1
T_0000133485,1,0.989349,1
T_0000133548,1,0.873272,1
T_0000133552,1,0.065055,0
T_0000133556,0,0.051355,0
T_0000133603,0,0.510676,1
T_0000133709,1,0.517884,1
T_0000133768,1,0.985895,1
T_0000133907,1,0.983636,1
T_0000133913,0,0.048933,0
T_0000133923,1,0.719805,1
T_0000133941,1,0.279414,1
T_0000133993,1,0.478103,1
T_0000133997,1,0.985342,1
T_0000134005,1,0.204991,1
T_0000134016,1,0.957697,1
T_0000134035,0,0.086584,0
T_0000134125,0,0.041344,0
T_0000134128,1,0.848497,1
T_0000134130,1,0.974790,1
T_0000134141,1,0.074406,0
T_0000134209,0,0.040961,0
T_0000134213,0,0.142188,0
T_0000134228,1,0.979472,1
T_0000134312,0,0.027391,0
T_0000134378,1,0.211213,1
T_0000134467,1,0.061343,0
T_0000134472,1,0.698104,1
T_0000134486,0,0.026167,0
T_0000134502,1,0.862161,1
T_0000134515,1,0.974830,1
T_0000134526,1,0.094345,0
T_0000134528,1,0.981247,1
T_0000134546,0,0.067225,0
T_0000134558,1,0.231853,1
T_0000134696,0,0.028957,0
T_0000134700,1,0.836865,1
T_0000134708,1,0.373501,1
T_0000134725,0,0.029016,0
T_0000134742,1,0.972000,1
T_0000134744,1,0.675366,1
T_0000134779,1,0.126374,0
T_0000134816,1,0.975785,1
T_0000134870,1,0.365696,1
T_0000134881,0,0.010241,0
T_0000134883,0,0.030941,0
T_0000134905,1,0.038798,0
T_0000134912,1,0.112720,0
T_0000134916,1,0.983480,1
T_0000134930,1,0.918217,1
T_0000134934,1,0.877012,1
T_0000134991,1,0.891953,1
T_0000135048,1,0.102491,0
T_0000135092,1,0.605907,1
T_0000135105,0,0.041948,0
T_0000135145,1,0.695270,1
T_0000135147,0,0.031690,0
T_0000135194,0,0.123617,0
T_0000135204,1,0.932896,1
T_0000135234,0,0.058370,0
T_0000135312,0,0.118683,0
T_0000135328,1,0.682048,1
T_0000135350,0,0.066679,0
T_0000135352,1,0.976734,1
T_0000135372,1,0.989394,1
T_0000135405,1,0.925499,1
T_0000135505,1,0.978670,1
T_0000135549,1,0.971816,1
T_0000135553,1,0.937919,1
T_0000135564,1,0.983899,1
T_0000135575,1,0.109792,0
T_0000135615,1,0.983782,1
T_0000135640,1,0.980854,1
T_0000135642,0,0.015826,0
T_0000135668,1,0.028682,0
T_0000135677,0,0.026191,0
T_0000135714,1,0.868849,1
T_0000135775,0,0.046675,0
T_0000135776,1,0.322629,1
T_0000135803,0,0.021000,0
T_0000135805,1,0.974451,1
T_0000135847,0,0.032275,0
T_0000135875,0,0.111023,0
T_0000135891,1,0.215161,1
T_0000135914,1,0.989792,1
T_0000135933,0,0.210638,1
T_0000135937,1,0.985390,1
T_0000136002,1,0.836932,1
T_0000136063,1,0.210997,1
T_0000136075,1,0.992515,1
T_0000136112,1,0.924544,1
T_0000136132,1,0.975973,1
T_0000136134,1,0.988729,1
T_0000136153,1,0.911291,1
T_0000136166,0,0.184915,1
T_0000136196,0,0.039340,0
T_0000136214,1,0.984864,1
T_0000136228,1,0.951508,1
T_0000136230,1,0.989075,1
T_0000136234,1,0.657124,1
T_0000136264,1,0.979145,1
T_0000136304,1,0.991662,1
T_0000136319,1,0.986200,1
T_0000136368,0,0.136130,0
T_0000136445,0,0.088288,0
T_0000136450,1,0.979213,1
T_0000136457,1,0.755740,1
T_0000136497,1,0.977518,1
T_0000136501,0,0.180312,1
T_0000136505,1,0.947392,1
T_0000136525,0,0.022974,0
T_0000136550,1,0.986873,1
T_0000136606,1,0.989287,1
T_0000136623,1,0.991918,1
T_0000136627,0,0.018543,0
T_0000136648,0,0.054580,0
T_0000136652,1,0.984622,1
T_0000136659,1,0.162073,1
T_0000136665,1,0.289900,1
T_0000136682,1,0.991911,1
T_0000136714,1,0.934132,1
T_0000136725,0,0.026592,0
T_0000136735,0,0.036400,0
T_0000136739,0,0.025260,0
T_0000136756,1,0.962557,1
T_0000136764,0,0.096899,0
T_0000136774,1,0.866829,1
T_0000136775,1,0.971243,1
T_0000136777,0,0.038761,0
T_0000136783,0,0.047701,0
T_0000136785,1,0.612773,1
T_0000136786,1,0.935288,1
T_0000136792,1,0.994675,1
T_0000136838,1,0.978671,1
T_0000136842,0,0.140887,0
T_0000136843,1,0.980377,1
T_0000136861,1,0.978845,1
T_0000136884,0,0.032969,0
T_0000136887,1,0.922512,1
T_0000136910,1,0.126133,0
T_0000136952,0,0.001348,0
T_0000136971,0,0.031149,0
T_0000136980,1,0.410058,1
T_0000136994,1,0.988291,1
T_0000137000,0,0.270706,1
T_0000137005,0,0.016051,0
T_0000137056,1,0.466078,1
T_0000137077,1,0.925497,1
T_0000137202,0,0.028849,0
T_0000137215,1,0.185729,1
T_0000137216,1,0.108153,0
T_0000137261,1,0.279922,1
T_0000137272,1,0.780562,1
T_0000137276,1,0.964455,1
T_0000137288,0,0.073134,0
T_0000137346,1,0.088404,0
T_0000137354,0,0.031283,0
T_0000137405,0,0.063726,0
T_0000137416,1,0.022880,0
T_0000137446,1,0.971213,1
T_0000137458,1,0.156529,1
T_0000137470,0,0.021119,0
T_0000137473,1,0.189759,1
T_0000137480,1,0.979329,1
T_0000137522,0,0.065814,0
T_0000137525,1,0.084887,0
T_0000137555,1,0.930011,1
T_0000137576,1,0.965097,1
T_0000137581,1,0.990520,1
T_0000137590,1,0.663149,1
T_0000137669,0,0.078203,0
T_0000137688,1,0.960068,1
T_0000137689,1,0.843357,1
T_0000137691,1,0.033733,0
T_0000137692,1,0.765621,1
T_0000137700,1,0.067212,0
T_0000137717,1,0.041828,0
T_0000137739,1,0.984806,1
T_0000137743,0,0.016320,0
T_0000137746,1,0.068425,0
T_0000137759,0,0.065113,0
T_0000137772,0,0.032214,0
T_0000137794,1,0.975975,1
T_0000137849,0,0.020878,0
T_0000137868,1,0.108087,0
T_0000137879,0,0.023332,0
T_0000137899,1,0.911616,1
T_0000137904,1,0.098658,0
T_0000137915,1,0.060685,0
T_0000137927,0,0.085990,0
T_0000137930,0,0.016734,0
T_0000137989,0,0.030581,0
T_0000137996,1,0.865918,1
T_0000138017,1,0.941279,1
T_0000138018,0,0.037222,0
T_0000138087,1,0.952279,1
T_0000138121,1,0.987456,1
T_0000138122,0,0.053149,0
T_0000138192,0,0.118576,0
T_0000138194,1,0.074569,0
T_0000138224,1,0.984181,1
T_0000138230,0,0.006572,0
T_0000138252,1,0.972828,1
T_0000138279,1,0.128253,0
T_0000138286,1,0.974913,1
T_0000138292,1,0.041481,0
T_0000138335,1,0.834386,1
T_0000138354,0,0.113188,0
T_0000138396,1,0.962284,1
T_0000138400,0,0.040531,0
T_0000138409,1,0.065997,0
T_0000138434,1,0.995076,1
T_0000138464,1,0.977068,1
T_0000138473,1,0.050631,0
T_0000138499,0,0.052224,0
T_0000138519,1,0.964854,1
T_0000138524,0,0.056562,0
T_0000138595,1,0.981318,1
T_0000138636,1,0.889224,1
T_0000138657,1,0.918663,1
T_0000138668,1,0.942206,1
T_0000138737,0,0.018299,0
T_0000138808,0,0.004022,0
T_0000138814,1,0.249320,1
T_0000138830,1,0.962985,1
T_0000138841,1,0.979498,1
T_0000138872,0,0.024495,0
T_0000138878,1,0.927562,1
T_0000138880,1,0.983211,1
T_0000138884,1,0.993636,1
T_0000138926,0,0.005646,0
T_0000138981,0,0.056438,0
T_0000139041,0,0.046896,0
T_0000139064,1,0.974052,1
T_0000139114,0,0.045274,0
T_0000139118,0,0.066539,0
T_0000139164,1,0.113871,0
T_0000139166,0,0.044028,0
T_0000139188,1,0.767817,1
T_0000139221,1,0.939619,1
T_0000139238,1,0.966892,1
T_0000139260,0,0.030246,0
T_0000139275,0,0.086514,0
T_0000139286,0,0.101776,0
T_0000139291,1,0.839789,1
T_0000139295,0,0.011119,0
T_0000139329,1,0.077256,0
T_0000139347,0,0.037194,0
T_0000139378,1,0.992598,1
T_0000139389,0,0.017050,0
T_0000139400,1,0.995371,1
T_0000139461,1,0.988163,1
T_0000139491,1,0.996569,1
T_0000139526,0,0.022263,0
T_0000139528,1,0.848580,1
T_0000139667,0,0.047098,0
T_0000139681,1,0.990929,1
T_0000139685,0,0.050415,0
T_0000139712,0,0.055349,0
T_0000139730,1,0.983666,1
T_0000139741,0,0.052601,0
T_0000139784,1,0.979379,1
T_0000139802,1,0.684722,1
T_0000139829,1,0.870711,1
T_0000139834,1,0.985202,1
T_0000139849,0,0.049363,0
T_0000139982,1,0.954555,1
T_0000139988,1,0.987920,1
T_0000139998,1,0.977952,1
T_0000140006,0,0.320938,1
T_0000140027,0,0.037591,0
T_0000140040,0,0.012511,0
T_0000140067,0,0.003892,0
T_0000140068,1,0.993919,1
T_0000140074,0,0.042915,0
T_0000140076,0,0.015484,0
T_0000140117,0,0.933503,1
T_0000140121,0,0.013789,0
T_0000140127,0,0.015487,0
T_0000140170,0,0.071759,0
T_0000140175,1,0.838726,1
T_0000140211,1,0.831737,1
T_0000140214,1,0.978006,1
T_0000140240,0,0.020323,0
T_0000140263,0,0.037037,0
T_0000140282,0,0.011443,0
T_0000140283,0,0.028567,0
T_0000140303,1,0.932949,1
T_0000140315,1,0.949441,1
T_0000140343,1,0.967599,1
T_0000140352,1,0.147567,0
T_0000140378,0,0.021601,0
T_0000140428,1,0.496591,1
T_0000140453,1,0.970848,1
T_0000140458,1,0.798559,1
T_0000140460,0,0.146101,0
T_0000140464,1,0.981399,1
T_0000140497,0,0.004002,0
T_0000140556,0,0.097133,0
T_0000140566,1,0.205199,1
T_0000140573,1,0.229398,1
T_0000140589,1,0.825668,1
T_0000140607,0,0.032669,0
T_0000140691,1,0.082381,0
T_0000140702,0,0.021005,0
T_0000140705,1,0.163216,1
T_0000140781,1,0.220613,1
T_0000140793,1,0.332477,1
T_0000140795,0,0.031966,0
T_0000140858,1,0.127781,0
T_0000140929,1,0.929139,1
T_0000140963,1,0.858763,1
T_0000140980,0,0.031376,0
T_0000141016,0,0.023880,0
T_0000141030,1,0.131175,0
T_0000141095,1,0.986981,1
T_0000141151,1,0.946842,1
T_0000141168,0,0.040118,0
T_0000141183,1,0.203105,1
T_0000141208,1,0.959779,1
T_0000141209,1,0.136422,0
T_0000141212,1,0.984165,1
T_0000141232,0,0.048347,0
T_0000141253,1,0.223400,1
T_0000141262,0,0.033658,0
T_0000141282,0,0.031527,0
T_0000141300,1,0.911152,1
T_0000141316,1,0.979082,1
T_0000141334,1,0.109193,0
T_0000141373,0,0.194076,1
T_0000141429,1,0.499914,1
T_0000141442,1,0.899573,1
T_0000141463,1,0.889760,1
T_0000141487,1,0.986601,1
T_0000141492,1,0.465140,1
T_0000141494,1,0.979465,1
T_0000141520,1,0.317212,1
T_0000141530,0,0.090796,0
T_0000141532,0,0.077303,0
T_0000141537,1,0.971374,1
T_0000141545,1,0.168905,1
T_0000141560,0,0.038096,0
T_0000141588,1,0.798243,1
T_0000141591,1,0.195032,1
T_0000141609,0,0.044901,0
T_0000141631,1,0.067692,0
T_0000141671,1,0.984849,1
T_0000141675,1,0.978886,1
T_0000141682,0,0.043254,0
T_0000141704,0,0.122269,0
T_0000141706,0,0.089444,0
T_0000141754,0,0.185273,1
T_0000141775,1,0.989224,1
T_0000141787,1,0.967246,1
T_0000141860,1,0.246004,1
T_0000141862,1,0.943128,1
T_0000141872,1,0.951248,1
T_0000141875,1,0.963471,1
T_0000141886,0,0.250837,1
T_0000141909,0,0.039938,0
T_0000141910,1,0.937936,1
T_0000141957,1,0.532197,1
T_0000141981,1,0.981042,1
T_0000142023,1,0.163435,1
T_0000142072,0,0.107337,0
T_0000142083,1,0.992153,1
T_0000142091,1,0.974494,1
T_0000142106,1,0.352907,1
T_0000142143,0,0.031369,0
T_0000142157,1,0.980906,1
T_0000142173,1,0.785689,1
T_0000142203,1,0.981546,1
T_0000142239,1,0.673032,1
T_0000142267,0,0.055000,0
T_0000142294,1,0.038492,0
T_0000142312,1,0.980858,1
T_0000142329,1,0.925786,1
T_0000142330,1,0.975100,1
T_0000142399,1,0.984422,1
T_0000142409,0,0.009706,0
T_0000142410,1,0.787743,1
T_0000142420,1,0.982231,1
T_0000142453,0,0.033188,0
T_0000142497,1,0.886912,1
T_0000142499,0,0.014020,0
T_0000142500,0,0.070027,0
T_0000142540,0,0.056956,0
T_0000142551,0,0.076996,0
T_0000142555,1,0.986322,1
T_0000142562,1,0.987197,1
T_0000142584,0,0.715009,1
T_0000142614,1,0.991435,1
T_0000142624,0,0.071801,0
T_0000142627,0,0.057681,0
T_0000142640,1,0.185456,1
T_0000142646,1,0.972951,1
T_0000142654,1,0.676784,1
T_0000142656,1,0.984835,1
T_0000142684,1,0.180157,1
T_0000142760,1,0.166801,1
T_0000142821,1,0.102039,0
T_0000142822,1,0.191502,1
T_0000142826,1,0.969033,1
T_0000142875,1,0.242612,1
T_0000142897,1,0.172072,1
T_0000142924,1,0.352364,1
T_0000142934,1,0.031338,0
T_0000142946,1,0.959508,1
T_0000142969,1,0.961417,1
T_0000142992,1,0.969967,1
T_0000143001,0,0.022013,0
T_0000143002,0,0.050322,0
T_0000143015,1,0.977628,1
T_0000143016,1,0.935209,1
T_0000143022,1,0.834389,1
T_0000143039,1,0.177113,1
T_0000143064,1,0.671689,1
T_0000143113,1,0.812986,1
T_0000143125,1,0.040385,0
T_0000143153,0,0.042841,0
T_0000143155,1,0.041957,0
T_0000143159,0,0.189746,1
T_0000143223,1,0.105097,0
T_0000143225,0,0.037694,0
T_0000143234,0,0.261340,1
T_0000143278,0,0.053863,0
T_0000143292,0,0.040745,0
T_0000143293,1,0.297083,1
T_0000143297,1,0.971350,1
T_0000143316,1,0.405574,1
T_0000143318,0,0.017185,0
T_0000143320,0,0.006819,0
T_0000143348,1,0.094561,0
T_0000143349,1,0.976721,1
T_0000143353,0,0.005049,0
T_0000143429,1,0.948799,1
T_0000143437,1,0.802876,1
T_0000143457,1,0.927048,1
T_0000143498,1,0.988683,1
T_0000143507,0,0.043559,0
T_0000143555,0,0.031660,0
T_0000143564,1,0.991300,1
T_0000143583,1,0.991197,1
T_0000143584,1,0.067543,0
T_0000143610,1,0.991233,1
T_0000143626,1,0.991612,1
T_0000143633,1,0.993965,1
T_0000143712,1,0.995993,1
T_0000143723,1,0.905255,1
T_0000143727,1,0.986404,1
T_0000143736,1,0.963311,1
T_0000143759,1,0.434033,1
T_0000143763,1,0.991615,1
T_0000143783,1,0.987960,1
T_0000143798,0,0.041068,0
T_0000143811,0,0.420251,1
T_0000143823,1,0.995140,1
T_0000143854,1,0.988985,1
T_0000143867,1,0.972807,1
T_0000143874,0,0.024353,0
T_0000143886,1,0.989101,1
T_0000143897,1,0.991784,1
T_0000143910,1,0.995821,1
T_0000143936,1,0.989718,1
T_0000143940,1,0.994640,1
T_0000143942,1,0.995520,1
T_0000143952,1,0.992563,1
T_0000143958,0,0.055728,0
T_0000144029,0,0.085415,0
T_0000144032,1,0.988994,1
T_0000144042,1,0.992659,1
T_0000144043,0,0.041748,0
T_0000144058,1,0.147880,0
T_0000144060,0,0.062676,0
T_0000144143,1,0.853940,1
T_0000144172,1,0.987593,1
T_0000144184,1,0.984903,1
T_0000144216,0,0.067542,0
T_0000144259,1,0.983931,1
T_0000144263,1,0.362359,1
T_0000144303,1,0.444171,1
T_0000144306,1,0.197054,1
T_0000144363,1,0.344479,1
T_0000144371,0,0.032759,0
T_0000144383,0,0.039712,0
T_0000144385,1,0.078700,0
T_0000144417,0,0.046146,0
T_0000144427,1,0.981227,1
T_0000144444,1,0.684736,1
T_0000144450,1,0.061412,0
T_0000144472,1,0.951074,1
T_0000144491,0,0.058981,0
T_0000144517,1,0.034392,0
T_0000144520,1,0.954404,1
T_0000144536,1,0.978458,1
T_0000144560,1,0.960417,1
T_0000144567,1,0.815526,1
T_0000144574,1,0.443511,1
T_0000144591,1,0.257419,1
T_0000144608,1,0.942219,1
T_0000144629,0,0.074955,0
T_0000144638,1,0.951170,1
T_0000144649,1,0.974254,1
T_0000144657,1,0.211161,1
T_0000144659,1,0.108129,0
T_0000144742,1,0.367626,1
T_0000144782,0,0.034980,0
T_0000144821,1,0.149323,1
T_0000144831,1,0.921013,1
T_0000144863,1,0.067086,0
T_0000144944,1,0.895033,1
T_0000144971,1,0.819960,1
T_0000145049,0,0.052565,0
T_0000145057,0,0.037820,0
T_0000145059,1,0.057450,0
T_0000145064,1,0.198224,1
T_0000145087,1,0.278776,1
T_0000145104,0,0.033439,0
T_0000145108,0,0.026578,0
T_0000145114,1,0.235555,1
T_0000145156,0,0.068659,0
T_0000145179,1,0.969734,1
T_0000145197,1,0.115447,0
T_0000145217,1,0.861218,1
T_0000145231,1,0.957140,1
T_0000145238,1,0.406519,1
T_0000145255,0,0.254364,1
T_0000145261,0,0.015688,0
T_0000145262,1,0.049658,0
T_0000145266,1,0.084795,0
T_0000145277,1,0.219102,1
T_0000145315,1,0.077097,0
T_0000145330,1,0.968356,1
T_0000145343,0,0.045112,0
T_0000145348,1,0.947194,1
T_0000145391,1,0.966966,1
T_0000145420,0,0.036728,0
T_0000145466,1,0.990141,1
T_0000145478,0,0.015814,0
T_0000145481,1,0.953756,1
T_0000145496,1,0.983699,1
T_0000145498,0,0.065016,0
T_0000145512,0,0.069661,0
T_0000145527,0,0.105941,0
T_0000145575,0,0.718545,1
T_0000145580,1,0.951336,1
T_0000145581,0,0.007292,0
T_0000145594,1,0.824899,1
T_0000145612,1,0.972833,1
T_0000145642,1,0.946213,1
T_0000145693,0,0.037318,0
T_0000145700,1,0.873738,1
T_0000145706,1,0.983657,1
T_0000145739,1,0.990049,1
T_0000145785,1,0.121073,0
T_0000145786,1,0.283858,1
T_0000145799,1,0.069383,0
T_0000145809,1,0.984467,1
T_0000145810,0,0.005439,0
T_0000145832,1,0.130906,0
T_0000145852,0,0.056339,0
T_0000145865,1,0.358514,1
T_0000145874,1,0.392899,1
T_0000145882,0,0.015445,0
T_0000145890,0,0.005209,0
T_0000145916,1,0.042170,0
T_0000145957,0,0.406541,1
T_0000146000,1,0.279421,1
T_0000146015,1,0.089475,0
T_0000146041,1,0.130596,0
T_0000146094,1,0.978935,1
T_0000146098,1,0.580643,1
T_0000146130,1,0.011024,0
T_0000146146,1,0.096629,0
T_0000146177,1,0.590614,1
T_0000146204,1,0.040387,0
T_0000146220,1,0.116539,0
T_0000146230,1,0.181105,1
T_0000146246,1,0.053227,0
T_0000146248,1,0.087705,0
T_0000146263,0,0.012433,0
T_0000146276,0,0.009839,0
T_0000146280,1,0.936754,1
T_0000146312,1,0.490319,1
T_0000146343,1,0.083861,0
T_0000146371,1,0.901302,1
T_0000146380,1,0.081795,0
T_0000146425,1,0.739596,1
T_0000146427,1,0.911233,1
T_0000146461,1,0.957782,1
T_0000146472,0,0.084575,0
T_0000146475,1,0.039839,0
T_0000146538,1,0.724640,1
T_0000146544,0,0.032473,0
T_0000146560,1,0.096561,0
T_0000146568,0,0.015693,0
T_0000146608,1,0.091995,0
T_0000146632,0,0.048451,0
T_0000146635,0,0.478007,1
T_0000146661,1,0.207314,1
T_0000146673,1,0.650458,1
T_0000146702,0,0.017514,0
T_0000146708,1,0.046258,0
T_0000146736,1,0.111276,0
T_0000146751,1,0.982193,1
T_0000146753,1,0.962044,1
T_0000146762,1,0.984206,1
T_0000146786,1,0.052980,0
T_0000146831,0,0.074321,0
T_0000146849,1,0.988048,1
T_0000146850,1,0.988429,1
T_0000146879,1,0.960462,1
T_0000146904,0,0.091386,0
T_0000146907,0,0.061868,0
T_0000146919,1,0.975156,1
T_0000146928,1,0.859055,1
T_0000146931,1,0.026099,0
T_0000146955,1,0.832944,1
T_0000146967,1,0.677160,1
T_0000147003,1,0.939022,1
T_0000147015,1,0.182386,1
T_0000147020,1,0.168434,1
T_0000147081,1,0.521911,1
T_0000147111,1,0.989645,1
T_0000147119,0,0.530167,1
T_0000147128,1,0.109315,0
T_0000147136,1,0.954048,1
T_0000147142,1,0.143840,0
T_0000147181,1,0.088865,0
T_0000147185,1,0.933668,1
T_0000147246,0,0.046050,0
T_0000147248,1,0.080685,0
T_0000147288,1,0.986629,1
T_0000147335,1,0.159156,1
T_0000147341,0,0.054437,0
T_0000147344,1,0.060685,0
T_0000147347,0,0.010363,0
T_0000147348,1,0.983849,1
T_0000147391,1,0.323474,1
T_0000147431,0,0.072117,0
T_0000147477,1,0.986475,1
T_0000147517,0,0.120690,0
T_0000147523,0,0.012125,0
T_0000147528,1,0.956424,1
T_0000147554,1,0.961082,1
T_0000147590,0,0.022080,0
T_0000147598,1,0.058457,0
T_0000147615,1,0.977846,1
T_0000147631,1,0.983994,1
T_0000147637,1,0.924931,1
T_0000147640,1,0.953819,1
T_0000147718,1,0.251863,1
T_0000147742,0,0.032060,0
T_0000147756,1,0.918721,1
T_0000147766,0,0.030510,0
T_0000147776,1,0.642914,1
T_0000147777,1,0.776633,1
T_0000147847,1,0.986416,1
T_0000147893,0,0.021863,0
T_0000147904,1,0.683049,1
T_0000147925,1,0.992331,1
T_0000147942,1,0.023728,0
T_0000147944,1,0.985318,1
T_0000147958,0,0.019169,0
T_0000148008,0,0.062501,0
T_0000148036,0,0.026530,0
T_0000148046,1,0.895483,1
T_0000148087,1,0.992449,1
T_0000148104,1,0.124671,0
T_0000148117,1,0.992581,1
T_0000148125,1,0.947460,1
T_0000148134,1,0.468402,1
T_0000148137,1,0.088750,0
T_0000148176,1,0.567450,1
T_0000148184,1,0.171308,1
T_0000148235,1,0.946567,1
T_0000148267,1,0.991694,1
T_0000148282,1,0.866390,1
T_0000148300,1,0.081629,0
T_0000148317,1,0.990509,1
T_0000148326,1,0.971786,1
T_0000148351,1,0.532421,1
T_0000148367,1,0.368569,1
T_0000148370,1,0.516598,1
T_0000148379,1,0.966985,1
T_0000148406,0,0.143923,0
T_0000148475,1,0.510139,1
T_0000148478,1,0.954561,1
T_0000148517,1,0.986530,1
T_0000148532,1,0.986826,1
T_0000148592,1,0.147695,0
T_0000148602,0,0.067497,0
T_0000148625,1,0.109633,0
T_0000148631,1,0.985177,1
T_0000148633,1,0.343030,1
T_0000148698,0,0.010713,0
T_0000148699,1,0.908885,1
T_0000148704,0,0.004540,0
T_0000148705,0,0.029530,0
T_0000148722,1,0.922493,1
T_0000148744,1,0.716933,1
T_0000148771,1,0.656073,1
T_0000148780,0,0.037989,0
T_0000148783,1,0.985574,1
T_0000148798,1,0.981418,1
T_0000148823,0,0.068348,0
T_0000148833,1,0.985282,1
T_0000148851,1,0.017919,0
T_0000148854,1,0.852438,1
T_0000148908,0,0.009506,0
T_0000148909,1,0.971724,1
T_0000148993,1,0.517190,1
T_0000149012,1,0.990661,1
T_0000149014,0,0.084964,0
T_0000149048,0,0.039416,0
T_0000149052,0,0.146470,0
T_0000149103,1,0.908945,1
T_0000149107,1,0.352417,1
T_0000149131,1,0.171220,1
T_0000149150,0,0.053598,0
T_0000149170,1,0.224877,1
T_0000149225,0,0.021550,0
T_0000149228,0,0.094274,0
T_0000149269,0,0.038109,0
T_0000149279,1,0.255965,1
T_0000149311,1,0.317690,1
T_0000149313,1,0.920432,1
T_0000149345,1,0.054720,0
T_0000149351,1,0.268983,1
T_0000149372,1,0.717237,1
T_0000149373,1,0.983463,1
T_0000149381,1,0.966445,1
T_0000149418,1,0.216868,1
T_0000149426,0,0.112955,0
T_0000149456,0,0.023588,0
T_0000149494,0,0.078208,0
T_0000149510,1,0.782511,1
T_0000149528,1,0.068887,0
T_0000149602,1,0.129226,0
T_0000149693,1,0.326722,1
T_0000149705,0,0.019892,0
T_0000149749,1,0.026640,0
T_0000149764,0,0.096077,0
T_0000149770,1,0.501848,1
T_0000149828,1,0.609732,1
T_0000149839,1,0.022577,0
T_0000149845,1,0.804192,1
T_0000149880,0,0.031198,0
T_0000149895,0,0.056906,0
T_0000149899,1,0.055597,0
T_0000149931,1,0.973061,1
T_0000149941,1,0.367751,1
T_0000149991,1,0.749503,1
T_0000150046,1,0.988020,1
T_0000150081,1,0.963178,1
T_0000150134,1,0.967221,1
T_0000150153,1,0.932128,1
T_0000150201,1,0.442804,1
T_0000150209,0,0.015848,0
T_0000150225,0,0.036203,0
T_0000150228,0,0.098840,0
T_0000150257,0,0.016734,0
T_0000150261,1,0.985429,1
T_0000150263,0,0.025783,0
T_0000150270,1,0.975588,1
T_0000150312,0,0.019754,0
T_0000150344,0,0.018522,0
T_0000150359,1,0.360485,1
T_0000150375,1,0.048581,0
T_0000150409,1,0.963146,1
T_0000150445,0,0.062651,0
T_0000150454,1,0.109883,0
T_0000150462,1,0.420899,1
T_0000150514,1,0.990719,1
T_0000150591,0,0.006159,0
T_0000150612,1,0.174497,1
T_0000150624,0,0.042003,0
T_0000150690,1,0.083932,0
T_0000150700,1,0.110160,0
T_0000150750,0,0.068192,0
T_0000150758,0,0.018077,0
T_0000150763,1,0.219237,1
T_0000150765,0,0.082980,0
T_0000150816,1,0.153689,1
T_0000150819,1,0.240202,1
T_0000150830,1,0.187707,1
T_0000150831,1,0.373251,1
T_0000150843,1,0.627184,1
T_0000150860,1,0.969660,1
T_0000150885,1,0.292106,1
T_0000150887,0,0.027614,0
T_0000150891,1,0.957141,1
T_0000150898,1,0.751226,1
T_0000150916,0,0.070253,0
T_0000150924,1,0.970295,1
T_0000151042,1,0.144311,0
T_0000151044,0,0.018303,0
T_0000151053,1,0.062092,0
T_0000151068,0,0.055671,0
T_0000151116,1,0.856549,1
T_0000151125,0,0.042153,0
T_0000151136,0,0.962014,1
T_0000151178,1,0.253729,1
T_0000151180,0,0.013632,0
T_0000151182,0,0.023204,0
T_0000151207,1,0.047050,0
T_0000151215,1,0.902249,1
T_0000151246,1,0.988725,1
T_0000151247,1,0.139123,0
T_0000151257,1,0.360781,1
T_0000151295,1,0.105300,0
T_0000151308,0,0.040329,0
T_0000151329,1,0.978209,1
T_0000151331,1,0.940050,1
T_0000151333,1,0.982038,1
T_0000151361,0,0.007432,0
T_0000151369,1,0.028609,0
T_0000151416,1,0.100261,0
T_0000151422,1,0.982972,1
T_0000151428,1,0.857774,1
T_0000151489,1,0.149974,1
T_0000151491,1,0.083209,0
T_0000151516,0,0.007749,0
T_0000151577,0,0.028959,0
T_0000151593,1,0.018807,0
T_0000151601,1,0.079764,0
T_0000151613,0,0.022284,0
T_0000151619,1,0.979839,1
T_0000151629,1,0.514998,1
T_0000151656,1,0.974135,1
T_0000151662,1,0.971756,1
T_0000151680,1,0.952556,1
T_0000151695,1,0.317196,1
T_0000151711,0,0.017367,0
T_0000151715,1,0.993423,1
T_0000151725,1,0.985914,1
T_0000151733,0,0.038874,0
T_0000151748,1,0.017166,0
T_0000151774,0,0.526237,1
T_0000151779,1,0.070197,0
T_0000151780,1,0.982727,1
T_0000151784,1,0.989088,1
T_0000151792,1,0.945693,1
T_0000151808,0,0.025250,0
T_0000151809,0,0.009113,0
T_0000151819,0,0.022855,0
T_0000151851,1,0.985164,1
T_0000151856,0,0.039591,0
T_0000151889,1,0.987738,1
T_0000151897,1,0.980549,1
T_0000151911,1,0.560824,1
T_0000151916,1,0.867919,1
T_0000151937,1,0.876272,1
T_0000151951,1,0.303605,1
T_0000151965,1,0.953402,1
T_0000151978,1,0.400115,1
T_0000152039,0,0.036564,0
T_0000152040,0,0.038330,0
T_0000152059,1,0.990167,1
T_0000152091,1,0.030065,0
T_0000152099,1,0.939743,1
T_0000152133,1,0.124490,0
T_0000152138,1,0.163456,1
T_0000152175,0,0.032179,0
T_0000152179,1,0.954834,1
T_0000152185,0,0.031659,0
T_0000152189,1,0.976221,1
T_0000152203,1,0.978799,1
T_0000152215,1,0.990055,1
T_0000152249,1,0.033788,0
T_0000152318,1,0.921188,1
T_0000152340,1,0.153090,1
T_0000152370,1,0.973830,1
T_0000152438,1,0.235355,1
T_0000152501,0,0.030340,0
T_0000152541,1,0.989734,1
T_0000152561,0,0.072303,0
T_0000152574,0,0.074664,0
T_0000152598,1,0.989546,1
T_0000152608,0,0.031429,0
T_0000152687,1,0.925597,1
T_0000152690,0,0.078763,0
T_0000152717,1,0.284986,1
T_0000152722,0,0.056355,0
T_0000152828,0,0.037365,0
T_0000152839,0,0.099441,0
T_0000152870,1,0.065343,0
T_0000152893,0,0.018850,0
T_0000152901,1,0.188307,1
T_0000152931,1,0.926589,1
T_0000152979,0,0.014432,0
T_0000153016,1,0.162579,1
T_0000153038,1,0.934159,1
T_0000153044,1,0.888084,1
T_0000153046,1,0.987619,1
T_0000153066,1,0.937348,1
T_0000153074,1,0.982113,1
T_0000153081,0,0.028181,0
T_0000153092,1,0.062654,0
T_0000153122,1,0.163309,1
T_0000153170,1,0.173951,1
T_0000153172,1,0.983561,1
T_0000153177,1,0.977047,1
T_0000153215,1,0.048897,0
T_0000153300,1,0.040196,0
T_0000153307,1,0.985791,1
T_0000153332,0,0.028641,0
T_0000153372,0,0.032896,0
T_0000153396,1,0.081753,0
T_0000153402,1,0.566761,1
T_0000153408,1,0.958786,1
T_0000153460,1,0.991031,1
T_0000153468,1,0.893973,1
T_0000153471,1,0.355509,1
T_0000153522,1,0.148955,0
T_0000153523,1,0.224373,1
T_0000153529,0,0.017015,0
T_0000153533,0,0.007450,0
T_0000153562,1,0.197593,1
T_0000153609,1,0.176011,1
T_0000153669,1,0.944059,1
T_0000153674,0,0.025363,0
T_0000153697,1,0.784934,1
T_0000153701,0,0.048208,0
T_0000153752,1,0.029621,0
T_0000153756,0,0.043734,0
T_0000153762,1,0.987480,1
T_0000153787,1,0.974356,1
T_0000153794,1,0.056376,0
T_0000153817,0,0.080776,0
T_0000153863,0,0.025838,0
T_0000153867,0,0.007895,0
T_0000153883,1,0.928999,1
T_0000153926,1,0.981013,1
T_0000153928,1,0.389466,1
T_0000153932,1,0.702427,1
T_0000153934,1,0.983832,1
T_0000153935,1,0.989126,1
T_0000153938,1,0.835970,1
T_0000153943,1,0.217730,1
T_0000153966,1,0.909148,1
T_0000154029,1,0.056560,0
T_0000154036,1,0.952546,1
T_0000154038,1,0.986957,1
T_0000154051,1,0.983393,1
T_0000154070,0,0.037802,0
T_0000154075,1,0.984280,1
T_0000154080,1,0.939001,1
T_0000154098,1,0.952281,1
T_0000154102,0,0.062165,0
T_0000154155,1,0.890498,1
T_0000154183,0,0.023070,0
T_0000154199,1,0.612750,1
T_0000154206,1,0.345485,1
T_0000154219,1,0.873362,1
T_0000154230,1,0.210290,1
T_0000154245,1,0.856177,1
T_0000154249,1,0.164615,1
T_0000154253,0,0.109514,0
T_0000154257,1,0.091933,0
T_0000154270,0,0.061605,0
T_0000154286,1,0.981135,1
T_0000154376,0,0.138150,0
T_0000154398,0,0.131195,0
T_0000154449,0,0.098055,0
T_0000154461,0,0.030954,0
T_0000154502,1,0.748611,1
T_0000154528,0,0.198222,1
T_0000154534,1,0.924018,1
T_0000154573,0,0.008951,0
T_0000154603,1,0.077740,0
T_0000154612,1,0.988021,1
T_0000154636,0,0.010736,0
T_0000154686,0,0.026163,0
T_0000154713,0,0.048814,0
T_0000154737,1,0.970507,1
T_0000154750,1,0.378631,1
T_0000154758,1,0.116209,0
T_0000154759,1,0.977652,1
T_0000154774,1,0.058644,0
T_0000154838,0,0.033898,0
T_0000154864,1,0.958694,1
T_0000154876,0,0.059738,0
T_0000155014,1,0.981583,1
T_0000155034,0,0.099722,0
T_0000155043,1,0.418381,1
T_0000155055,1,0.965228,1
T_0000155064,0,0.054491,0
T_0000155074,1,0.196901,1
T_0000155133,1,0.987489,1
T_0000155170,1,0.709923,1
T_0000155190,1,0.965034,1
T_0000155253,0,0.019626,0
T_0000155258,1,0.087441,0
T_0000155274,1,0.668121,1
T_0000155278,1,0.936248,1
T_0000155341,0,0.047646,0
T_0000155355,1,0.173621,1
T_0000155365,1,0.969644,1
T_0000155373,1,0.975189,1
T_0000155379,1,0.979292,1
T_0000155429,1,0.347802,1
T_0000155464,0,0.029210,0
T_0000155528,0,0.049506,0
T_0000155562,1,0.150341,1
T_0000155577,1,0.174440,1
T_0000155578,1,0.310660,1
T_0000155581,1,0.117998,0
T_0000155589,1,0.983880,1
T_0000155593,1,0.979348,1
T_0000155602,1,0.842768,1
T_0000155608,1,0.275847,1
T_0000155621,0,0.067124,0
T_0000155624,0,0.010134,0
T_0000155636,1,0.051694,0
T_0000155643,1,0.950968,1
T_0000155672,1,0.992122,1
T_0000155694,0,0.065361,0
T_0000155697,1,0.988228,1
T_0000155806,1,0.996295,1
T_0000155847,1,0.913472,1
T_0000155917,1,0.987740,1
T_0000155921,0,0.975056,1
T_0000155933,0,0.010834,0
T_0000155943,1,0.859732,1
T_0000156001,1,0.994406,1
T_0000156034,0,0.024264,0
T_0000156038,0,0.584763,1
T_0000156045,1,0.847708,1
T_0000156070,1,0.891855,1
T_0000156094,1,0.993717,1
T_0000156106,0,0.072169,0
T_0000156133,1,0.992618,1
T_0000156137,1,0.996220,1
T_0000156146,1,0.985734,1
T_0000156152,1,0.993347,1
T_0000156162,1,0.992565,1
T_0000156198,0,0.024618,0
T_0000156205,0,0.024876,0
T_0000156206,0,0.084042,0
T_0000156217,0,0.100075,0
T_0000156262,0,0.022217,0
T_0000156270,0,0.042345,0
T_0000156332,0,0.079134,0
T_0000156347,1,0.988199,1
T_0000156418,0,0.030596,0
T_0000156448,1,0.997111,1
T_0000156524,1,0.991424,1
T_0000156557,1,0.305708,1
T_0000156629,0,0.035991,0
T_0000156654,1,0.075428,0
T_0000156664,1,0.077026,0
T_0000156681,1,0.982007,1
T_0000156701,1,0.153827,1
T_0000156731,1,0.101359,0
T_0000156744,1,0.675450,1
T_0000156753,0,0.039233,0
T_0000156762,0,0.015197,0
T_0000156806,1,0.477331,1
T_0000156807,1,0.973208,1
T_0000156844,1,0.770818,1
T_0000156851,1,0.938173,1
T_0000156853,0,0.065831,0
T_0000156857,0,0.002988,0
T_0000156876,1,0.994242,1
T_0000156898,0,0.056943,0
T_0000156903,1,0.987005,1
T_0000156914,0,0.035351,0
T_0000156943,1,0.952757,1
T_0000156950,1,0.027049,0
T_0000156953,1,0.979941,1
T_0000156986,1,0.167061,1
T_0000156992,1,0.979893,1
T_0000156996,0,0.012513,0
T_0000157038,1,0.977752,1
T_0000157045,0,0.086089,0
T_0000157065,1,0.972467,1
T_0000157076,1,0.990385,1
T_0000157111,0,0.191703,1
T_0000157117,0,0.012148,0
T_0000157162,0,0.058857,0
T_0000157185,0,0.105631,0
T_0000157187,1,0.590080,1
T_0000157226,1,0.965957,1
T_0000157239,1,0.192593,1
T_0000157246,1,0.750715,1
T_0000157277,1,0.989399,1
T_0000157280,1,0.161276,1
T_0000157319,1,0.983831,1
T_0000157320,1,0.970064,1
T_0000157325,0,0.017077,0
T_0000157344,1,0.986251,1
T_0000157349,0,0.009490,0
T_0000157384,1,0.981211,1
T_0000157407,0,0.021335,0
T_0000157467,1,0.985664,1
T_0000157480,1,0.325979,1
T_0000157487,1,0.961482,1
T_0000157533,0,0.025587,0
T_0000157549,1,0.982840,1
T_0000157592,1,0.983338,1
T_0000157596,1,0.968917,1
T_0000157599,1,0.943477,1
T_0000157723,0,0.042711,0
T_0000157743,1,0.857889,1
T_0000157756,1,0.969035,1
T_0000157759,1,0.101286,0
T_0000157778,0,0.078461,0
T_0000157804,1,0.976578,1
T_0000157812,1,0.968226,1
T_0000157825,1,0.984909,1
T_0000157842,1,0.979933,1
T_0000157848,0,0.031009,0
T_0000157861,1,0.866570,1
T_0000157875,1,0.165241,1
T_0000157887,1,0.863136,1
T_0000157895,0,0.010425,0
T_0000157913,1,0.985252,1
T_0000157915,0,0.021205,0
T_0000157935,0,0.131792,0
T_0000157961,1,0.084188,0
T_0000157971,1,0.158946,1
T_0000158021,1,0.992865,1
T_0000158036,1,0.146727,0
T_0000158114,1,0.138657,0
T_0000158133,0,0.026907,0
T_0000158179,1,0.063944,0
T_0000158221,0,0.068785,0
T_0000158243,1,0.787821,1
T_0000158251,1,0.799054,1
T_0000158256,1,0.035979,0
T_0000158282,1,0.183807,1
T_0000158286,0,0.076324,0
T_0000158306,1,0.292673,1
T_0000158307,1,0.196529,1
T_0000158349,1,0.985938,1
T_0000158359,1,0.987337,1
T_0000158386,0,0.019857,0
T_0000158408,0,0.059411,0
T_0000158461,1,0.100342,0
T_0000158467,1,0.994941,1
T_0000158578,0,0.069139,0
T_0000158579,0,0.014350,0
T_0000158587,1,0.781818,1
T_0000158653,1,0.800377,1
T_0000158660,1,0.456477,1
T_0000158724,1,0.031305,0
T_0000158742,1,0.197390,1
T_0000158780,1,0.554363,1
T_0000158789,1,0.976537,1
T_0000158845,1,0.931991,1
T_0000158858,0,0.041193,0
T_0000158883,1,0.987196,1
T_0000158896,1,0.987128,1
T_0000158928,1,0.934815,1
T_0000158945,0,0.064490,0
T_0000158977,1,0.952468,1
T_0000158989,0,0.087337,0
T_0000159039,1,0.158420,1
T_0000159040,1,0.971441,1
T_0000159095,0,0.339505,1
T_0000159122,1,0.092082,0
T_0000159145,0,0.080708,0
T_0000159149,0,0.016634,0
T_0000159152,0,0.015470,0
T_0000159198,1,0.980209,1
T_0000159203,1,0.241852,1
T_0000159213,1,0.518610,1
T_0000159231,1,0.977483,1
T_0000159237,1,0.983760,1
T_0000159250,1,0.103781,0
T_0000159278,1,0.108705,0
T_0000159319,1,0.083346,0
T_0000159331,1,0.989605,1
T_0000159356,0,0.070115,0
T_0000159420,1,0.642183,1
T_0000159436,1,0.293070,1
T_0000159441,1,0.777073,1
T_0000159470,1,0.141654,0
T_0000159474,1,0.921431,1
T_0000159476,1,0.969041,1
T_0000159553,0,0.041660,0
T_0000159557,0,0.021489,0
T_0000159585,1,0.308120,1
T_0000159630,1,0.939985,1
T_0000159637,0,0.030628,0
T_0000159643,1,0.315770,1
T_0000159718,1,0.098539,0
T_0000159739,1,0.190296,1
T_0000159775,1,0.434855,1
T_0000159794,0,0.082159,0
T_0000159811,1,0.953935,1
T_0000159835,1,0.813941,1
T_0000159850,1,0.303696,1
T_0000159877,1,0.989782,1
T_0000159878,0,0.005980,0
T_0000159927,1,0.939923,1
T_0000159946,0,0.030164,0
T_0000159949,1,0.539769,1
T_0000159952,1,0.459812,1
T_0000159992,1,0.979748,1
T_0000160003,0,0.049601,0
T_0000160030,1,0.096843,0
T_0000160047,0,0.008438,0
T_0000160060,1,0.258856,1
T_0000160067,1,0.951466,1
T_0000160070,0,0.058456,0
T_0000160073,0,0.016419,0
T_0000160092,1,0.978180,1
T_0000160096,1,0.976444,1
T_0000160147,1,0.958617,1
T_0000160187,1,0.055080,0
T_0000160190,1,0.038701,0
T_0000160212,1,0.967059,1
T_0000160246,0,0.042881,0
T_0000160249,1,0.175393,1
T_0000160282,1,0.397322,1
T_0000160311,1,0.068675,0
T_0000160327,0,0.055938,0
T_0000160332,0,0.062345,0
T_0000160347,1,0.983237,1
T_0000160349,1,0.961413,1
T_0000160383,1,0.805975,1
T_0000160390,0,0.024641,0
T_0000160405,1,0.217021,1
T_0000160409,1,0.880848,1
T_0000160421,1,0.280747,1
T_0000160447,1,0.991044,1
T_0000160454,0,0.012587,0
T_0000160477,0,0.012302,0
T_0000160492,0,0.015814,0
T_0000160496,0,0.012414,0
T_0000160507,0,0.073071,0
T_0000160539,0,0.104067,0
T_0000160560,0,0.074262,0
T_0000160600,0,0.026517,0
T_0000160602,1,0.504276,1
T_0000160628,0,0.011578,0
T_0000160635,1,0.897931,1
T_0000160643,1,0.979510,1
T_0000160650,1,0.051272,0
T_0000160662,1,0.723189,1
T_0000160710,1,0.100293,0
T_0000160733,0,0.014472,0
T_0000160735,0,0.112146,0
T_0000160746,0,0.016811,0
T_0000160780,1,0.279370,1
T_0000160792,1,0.988744,1
T_0000160811,1,0.653497,1
T_0000160827,1,0.205376,1
T_0000160846,0,0.035229,0
T_0000160881,0,0.010456,0
T_0000160894,0,0.495787,1
T_0000160913,1,0.982468,1
T_0000160983,1,0.854393,1
T_0000160988,1,0.987266,1
T_0000161023,0,0.048945,0
T_0000161025,1,0.062173,0
T_0000161035,1,0.208453,1
T_0000161042,0,0.017063,0
T_0000161045,1,0.145574,0
T_0000161046,1,0.970513,1
T_0000161141,1,0.206565,1
T_0000161165,1,0.427770,1
T_0000161195,1,0.584528,1
T_0000161203,1,0.963815,1
T_0000161229,1,0.102097,0
T_0000161246,1,0.987563,1
T_0000161290,1,0.926363,1
T_0000161298,0,0.154510,1
T_0000161331,1,0.888955,1
T_0000161353,1,0.116034,0
T_0000161366,1,0.085612,0
T_0000161374,1,0.970463,1
T_0000161392,0,0.041571,0
T_0000161430,0,0.014877,0
T_0000161481,0,0.046742,0
T_0000161494,1,0.081701,0
T_0000161512,1,0.044681,0
T_0000161513,1,0.987335,1
T_0000161529,0,0.031914,0
T_0000161543,0,0.019657,0
T_0000161549,1,0.053415,0
T_0000161593,1,0.148560,0
T_0000161613,0,0.055110,0
T_0000161640,1,0.276721,1
T_0000161644,1,0.953835,1
T_0000161659,1,0.085164,0
T_0000161674,1,0.947602,1
T_0000161679,1,0.756702,1
T_0000161701,1,0.249735,1
T_0000161716,0,0.064057,0
T_0000161723,0,0.035441,0
T_0000161777,1,0.029610,0
T_0000161825,1,0.935276,1
T_0000161829,0,0.004619,0
T_0000161847,0,0.020020,0
T_0000161895,0,0.020753,0
T_0000161900,0,0.008440,0
T_0000161904,1,0.135639,0
T_0000161921,0,0.026312,0
T_0000161925,1,0.178585,1
T_0000161926,1,0.391004,1
T_0000161935,0,0.030654,0
T_0000161967,0,0.023540,0
T_0000161977,1,0.989796,1
T_0000161981,0,0.045719,0
T_0000161985,1,0.753834,1
T_0000161996,0,0.018455,0
T_0000161998,1,0.066831,0
T_0000162003,1,0.991277,1
T_0000162039,1,0.976582,1
T_0000162043,1,0.190723,1
T_0000162073,1,0.875517,1
T_0000162083,1,0.968952,1
T_0000162122,1,0.976773,1
T_0000162132,0,0.005896,0
T_0000162140,1,0.987419,1
T_0000162151,0,0.012617,0
T_0000162165,1,0.985941,1
T_0000162189,0,0.172321,1
T_0000162201,0,0.039694,0
T_0000162203,0,0.033104,0
T_0000162211,0,0.012755,0
T_0000162213,1,0.979640,1
T_0000162226,1,0.255197,1
T_0000162246,1,0.970715,1
T_0000162252,1,0.977225,1
T_0000162262,1,0.992146,1
T_0000162292,0,0.043419,0
T_0000162295,1,0.987622,1
T_0000162310,0,0.034010,0
T_0000162315,1,0.983038,1
T_0000162322,1,0.994366,1
T_0000162329,1,0.977005,1
T_0000162344,0,0.046962,0
T_0000162374,1,0.826438,1
T_0000162393,1,0.960349,1
T_0000162426,1,0.169286,1
T_0000162435,0,0.044823,0
T_0000162443,0,0.015246,0
T_0000162455,1,0.987727,1
T_0000162474,0,0.040002,0
T_0000162479,0,0.088574,0
T_0000162485,0,0.008685,0
T_0000162501,0,0.015869,0
T_0000162587,1,0.142232,0
T_0000162607,1,0.975736,1
T_0000162612,0,0.086283,0
T_0000162624,1,0.724982,1
T_0000162681,1,0.988580,1
T_0000162735,1,0.973950,1
T_0000162762,1,0.117781,0
T_0000162815,1,0.068925,0
T_0000162823,1,0.980397,1
T_0000162837,0,0.027246,0
T_0000162853,1,0.971361,1
T_0000162889,0,0.031968,0
T_0000162930,1,0.962773,1
T_0000162953,0,0.016628,0
T_0000162967,1,0.982054,1
T_0000162969,0,0.063449,0
T_0000162975,0,0.085390,0
T_0000162985,1,0.987850,1
T_0000162987,1,0.981873,1
T_0000162999,1,0.992287,1
T_0000163013,1,0.838916,1
T_0000163050,1,0.106663,0
T_0000163113,0,0.089662,0
T_0000163133,0,0.048760,0
T_0000163168,0,0.034221,0
T_0000163171,0,0.055409,0
T_0000163197,1,0.981367,1
T_0000163208,1,0.241979,1
T_0000163213,1,0.988465,1
T_0000163225,1,0.976751,1
T_0000163231,1,0.147071,0
T_0000163290,1,0.980594,1
T_0000163316,1,0.966556,1
T_0000163326,1,0.994332,1
T_0000163341,0,0.034387,0
T_0000163372,1,0.093487,0
T_0000163458,1,0.059357,0
T_0000163497,1,0.978638,1
T_0000163547,0,0.014950,0
T_0000163579,0,0.006389,0
T_0000163589,1,0.115039,0
T_0000163612,1,0.051490,0
T_0000163620,1,0.355963,1
T_0000163633,0,0.060784,0
T_0000163634,0,0.010629,0
T_0000163652,0,0.026213,0
T_0000163669,0,0.061837,0
T_0000163682,0,0.016125,0
T_0000163701,1,0.985657,1
T_0000163729,0,0.044871,0
T_0000163780,0,0.038108,0
T_0000163797,0,0.016498,0
T_0000163832,1,0.936667,1
T_0000163853,1,0.086505,0
T_0000163881,1,0.100580,0
T_0000163896,1,0.190288,1
T_0000163918,0,0.043933,0
T_0000163942,1,0.085568,0
T_0000163951,1,0.972586,1
T_0000163962,1,0.752739,1
T_0000164030,1,0.933339,1
T_0000164033,1,0.967042,1
T_0000164063,0,0.016369,0
T_0000164065,1,0.198501,1
T_0000164080,0,0.033202,0
T_0000164090,1,0.720434,1
T_0000164098,1,0.177435,1
T_0000164129,1,0.074376,0
T_0000164138,1,0.310087,1
T_0000164161,1,0.101811,0
T_0000164173,1,0.961138,1
T_0000164182,0,0.043333,0
T_0000164185,1,0.861991,1
T_0000164193,1,0.120653,0
T_0000164288,0,0.040859,0
T_0000164305,1,0.094246,0
T_0000164312,0,0.202335,1
T_0000164317,1,0.018634,0
T_0000164329,1,0.984391,1
T_0000164334,1,0.036513,0
T_0000164336,1,0.029901,0
T_0000164368,1,0.938436,1
T_0000164371,1,0.621436,1
T_0000164374,1,0.979293,1
T_0000164377,0,0.033369,0
T_0000164412,1,0.436316,1
T_0000164439,1,0.106635,0
T_0000164449,1,0.885663,1
T_0000164460,1,0.914967,1
T_0000164468,1,0.258925,1
T_0000164471,1,0.159918,1
T_0000164478,0,0.017382,0
T_0000164496,1,0.983848,1
T_0000164507,0,0.039068,0
T_0000164508,1,0.967940,1
T_0000164510,0,0.145570,0
T_0000164535,1,0.959448,1
T_0000164554,1,0.990814,1
T_0000164561,1,0.232281,1
T_0000164583,0,0.531917,1
T_0000164654,0,0.023614,0
T_0000164658,1,0.235297,1
T_0000164677,1,0.134080,0
T_0000164686,0,0.034576,0
T_0000164702,1,0.070336,0
T_0000164714,1,0.975797,1
T_0000164717,1,0.943411,1
T_0000164736,1,0.400029,1
T_0000164748,1,0.858952,1
T_0000164783,1,0.147588,0
T_0000164785,1,0.187210,1
T_0000164802,1,0.937047,1
T_0000164804,1,0.300846,1
T_0000164818,0,0.002891,0
T_0000164862,0,0.071025,0
T_0000164874,1,0.193351,1
T_0000164875,1,0.991032,1
T_0000164882,1,0.162008,1
T_0000164884,1,0.981553,1
T_0000164897,0,0.028652,0
T_0000164946,0,0.010313,0
T_0000164986,1,0.955032,1
T_0000165016,0,0.013397,0
T_0000165028,1,0.944554,1
T_0000165029,1,0.986511,1
T_0000165072,1,0.064767,0
T_0000165074,1,0.181547,1
T_0000165101,1,0.074970,0
T_0000165115,1,0.044294,0
T_0000165202,1,0.944059,1
T_0000165222,1,0.287673,1
T_0000165237,1,0.774527,1
T_0000165246,1,0.163603,1
T_0000165271,0,0.051586,0
T_0000165276,0,0.914368,1
T_0000165277,0,0.044687,0
T_0000165281,1,0.438113,1
T_0000165296,1,0.988514,1
T_0000165366,1,0.041927,0
T_0000165369,1,0.378421,1
T_0000165371,1,0.983206,1
T_0000165390,1,0.976214,1
T_0000165395,1,0.185444,1
T_0000165408,0,0.015519,0
T_0000165415,1,0.971550,1
T_0000165421,1,0.050345,0
T_0000165452,0,0.046267,0
T_0000165497,1,0.915003,1
T_0000165515,1,0.067089,0
T_0000165550,1,0.112541,0
T_0000165560,0,0.145280,0
T_0000165562,1,0.981727,1
T_0000165578,0,0.045565,0
T_0000165587,1,0.225690,1
T_0000165601,1,0.992843,1
T_0000165633,1,0.974137,1
T_0000165667,1,0.992984,1
T_0000165668,1,0.963324,1
T_0000165710,0,0.029062,0
T_0000165715,1,0.053773,0
T_0000165723,1,0.877743,1
T_0000165725,1,0.226321,1
T_0000165727,0,0.044403,0
T_0000165780,1,0.267028,1
T_0000165832,1,0.099917,0
T_0000165848,1,0.368136,1
T_0000165871,0,0.524020,1
T_0000165920,0,0.805670,1
T_0000165925,1,0.967473,1
T_0000165942,0,0.002502,0
T_0000165945,1,0.435896,1
T_0000165959,1,0.725960,1
T_0000165967,1,0.984890,1
T_0000165977,0,0.097647,0
T_0000166080,1,0.947659,1
T_0000166083,0,0.597935,1
T_0000166123,1,0.965759,1
T_0000166132,0,0.024309,0
T_0000166140,0,0.011125,0
T_0000166144,1,0.983272,1
T_0000166170,0,0.044401,0
T_0000166172,1,0.995122,1
T_0000166224,0,0.043050,0
T_0000166252,0,0.225850,1
T_0000166263,0,0.038103,0
T_0000166324,1,0.965751,1
T_0000166342,1,0.073829,0
T_0000166343,0,0.028074,0
T_0000166345,1,0.475511,1
T_0000166386,1,0.989206,1
T_0000166395,1,0.508715,1
T_0000166458,1,0.867733,1
T_0000166556,1,0.687724,1
T_0000166591,0,0.090626,0
T_0000166601,1,0.352000,1
T_0000166621,0,0.031338,0
T_0000166628,1,0.917115,1
T_0000166645,0,0.031518,0
T_0000166657,1,0.992221,1
T_0000166672,0,0.049102,0
T_0000166679,0,0.022383,0
T_0000166688,1,0.936065,1
T_0000166691,1,0.162161,1
T_0000166694,0,0.006201,0
T_0000166705,0,0.177066,1
T_0000166707,0,0.012108,0
T_0000166726,1,0.982796,1
T_0000166741,1,0.144344,0
T_0000166749,1,0.552673,1
T_0000166766,1,0.182537,1
T_0000166781,0,0.123339,0
T_0000166784,1,0.035197,0
T_0000166840,1,0.170477,1
T_0000166877,0,0.013925,0
T_0000166880,0,0.045047,0
T_0000166884,1,0.970404,1
T_0000166887,1,0.975194,1
T_0000166896,1,0.984321,1
T_0000166911,0,0.079080,0
T_0000166916,1,0.973291,1
T_0000166964,0,0.045304,0
T_0000167071,1,0.742427,1
T_0000167097,1,0.984992,1
T_0000167110,1,0.067612,0
T_0000167113,1,0.920870,1
T_0000167132,1,0.849205,1
T_0000167167,0,0.017359,0
T_0000167169,1,0.589657,1
T_0000167204,0,0.054523,0
T_0000167247,1,0.950984,1
T_0000167251,1,0.439469,1
T_0000167267,0,0.064676,0
T_0000167277,1,0.259315,1
T_0000167290,0,0.024943,0
T_0000167313,1,0.989454,1
T_0000167329,0,0.015367,0
T_0000167393,1,0.292785,1
T_0000167395,1,0.965969,1
T_0000167396,1,0.966485,1
T_0000167411,1,0.554249,1
T_0000167425,0,0.008181,0
T_0000167446,0,0.024752,0
T_0000167481,1,0.413759,1
T_0000167513,1,0.972457,1
T_0000167520,1,0.980197,1
T_0000167522,0,0.027852,0
T_0000167562,1,0.749425,1
T_0000167573,1,0.955753,1
T_0000167591,0,0.020284,0
T_0000167605,1,0.985404,1
T_0000167609,1,0.785443,1
T_0000167672,0,0.019984,0
T_0000167697,1,0.556251,1
T_0000167715,1,0.108105,0
T_0000167725,1,0.181350,1
T_0000167741,1,0.231682,1
T_0000167792,1,0.942970,1
T_0000167804,0,0.016979,0
T_0000167853,1,0.047094,0
T_0000167854,1,0.971164,1
T_0000167863,0,0.009753,0
T_0000167887,0,0.015813,0
T_0000167923,1,0.982761,1
T_0000167933,1,0.983550,1
T_0000167951,1,0.116883,0
T_0000167980,1,0.155748,1
T_0000167982,1,0.816254,1
T_0000167998,0,0.036219,0
T_0000168004,1,0.053285,0
T_0000168008,0,0.054987,0
T_0000168016,1,0.076657,0
T_0000168023,1,0.102299,0
T_0000168024,0,0.004427,0
T_0000168025,0,0.091426,0
T_0000168034,1,0.992794,1
T_0000168040,1,0.814539,1
T_0000168063,1,0.238769,1
T_0000168075,1,0.993698,1
T_0000168164,1,0.987553,1
T_0000168177,1,0.961739,1
T_0000168186,0,0.019647,0
T_0000168191,1,0.826530,1
T_0000168297,1,0.939110,1
T_0000168303,1,0.987932,1
T_0000168311,1,0.085281,0
T_0000168313,1,0.222071,1
T_0000168348,0,0.035863,0
T_0000168357,0,0.071038,0
T_0000168360,1,0.595051,1
T_0000168373,1,0.993928,1
T_0000168379,1,0.956754,1
T_0000168385,1,0.989583,1
T_0000168387,1,0.176671,1
T_0000168398,1,0.976235,1
T_0000168427,1,0.939952,1
T_0000168442,1,0.991744,1
T_0000168483,0,0.036058,0
T_0000168485,1,0.988582,1
T_0000168512,0,0.149829,1
T_0000168538,0,0.020002,0
T_0000168555,1,0.131520,0
T_0000168557,1,0.973192,1
T_0000168608,0,0.010766,0
T_0000168611,1,0.146706,0
T_0000168636,1,0.991324,1
T_0000168662,1,0.968737,1
T_0000168675,1,0.162876,1
T_0000168685,0,0.029907,0
T_0000168723,1,0.915376,1
T_0000168745,0,0.010738,0
T_0000168758,0,0.079356,0
T_0000168763,1,0.921124,1
T_0000168772,1,0.617852,1
T_0000168829,1,0.939665,1
T_0000168838,0,0.054808,0
T_0000168847,1,0.611507,1
T_0000168853,0,0.055775,0
T_0000168890,0,0.112274,0
T_0000168924,1,0.976053,1
T_0000168939,1,0.908407,1
T_0000168958,0,0.008158,0
T_0000168989,0,0.022656,0
T_0000168997,0,0.074497,0
T_0000169006,0,0.048332,0
T_0000169021,1,0.861898,1
T_0000169045,0,0.121437,0
T_0000169061,1,0.028359,0
T_0000169093,0,0.039220,0
T_0000169129,0,0.415137,1
T_0000169144,0,0.023731,0
T_0000169180,1,0.986029,1
T_0000169215,1,0.990275,1
T_0000169225,0,0.063207,0
T_0000169246,1,0.065254,0
T_0000169253,1,0.970013,1
T_0000169257,1,0.922782,1
T_0000169302,0,0.031174,0
T_0000169353,1,0.079238,0
T_0000169356,0,0.004938,0
T_0000169376,1,0.181348,1
T_0000169418,1,0.876034,1
T_0000169453,1,0.982808,1
T_0000169454,1,0.991397,1
T_0000169456,1,0.985541,1
T_0000169464,1,0.684126,1
T_0000169485,0,0.035771,0
T_0000169517,0,0.040631,0
T_0000169563,0,0.221353,1
T_0000169575,1,0.991210,1
T_0000169577,1,0.986432,1
T_0000169595,0,0.137152,0
T_0000169599,1,0.992647,1
T_0000169628,1,0.977378,1
T_0000169636,0,0.052801,0
T_0000169637,1,0.994144,1
T_0000169654,0,0.022663,0
T_0000169657,1,0.989671,1
T_0000169680,1,0.991781,1
T_0000169706,1,0.957933,1
T_0000169729,0,0.055614,0
T_0000169730,0,0.012914,0
T_0000169737,0,0.167917,1
T_0000169780,1,0.992376,1
T_0000169809,0,0.076287,0
T_0000169811,0,0.015131,0
T_0000169837,1,0.976746,1
T_0000169859,0,0.052686,0
T_0000169864,1,0.986073,1
T_0000169880,0,0.512984,1
T_0000169887,1,0.992882,1
T_0000169904,1,0.993417,1
T_0000169912,1,0.972687,1
T_0000169971,0,0.078234,0
T_0000169974,1,0.987135,1
T_0000169997,1,0.986983,1
T_0000170044,1,0.988310,1
T_0000170046,1,0.995479,1
T_0000170063,0,0.019482,0
T_0000170083,1,0.988738,1
T_0000170102,1,0.978539,1
T_0000170120,0,0.088628,0
T_0000170167,1,0.994389,1
T_0000170174,1,0.998331,1
T_0000170175,0,0.322061,1
T_0000170181,1,0.135472,0
T_0000170185,0,0.019579,0
T_0000170186,1,0.996741,1
T_0000170200,1,0.982963,1
T_0000170204,1,0.791913,1
T_0000170286,1,0.960711,1
T_0000170310,1,0.992184,1
T_0000170359,1,0.996048,1
T_0000170419,1,0.990166,1
T_0000170438,1,0.993560,1
T_0000170447,1,0.990939,1
T_0000170449,0,0.207314,1
T_0000170456,1,0.976976,1
T_0000170470,0,0.736087,1
T_0000170489,0,0.032479,0
T_0000170523,1,0.994006,1
T_0000170526,1,0.576324,1
T_0000170536,1,0.984811,1
T_0000170552,1,0.989280,1
T_0000170602,1,0.998975,1
T_0000170628,1,0.989888,1
T_0000170732,0,0.010831,0
T_0000170737,0,0.088512,0
T_0000170738,1,0.837921,1
T_0000170785,1,0.032561,0
T_0000170786,0,0.100112,0
T_0000170828,1,0.006261,0
T_0000170870,1,0.990914,1
T_0000170891,1,0.205823,1
T_0000170894,1,0.975453,1
T_0000170904,1,0.962721,1
T_0000170927,1,0.929491,1
T_0000170937,0,0.018952,0
T_0000170975,1,0.865000,1
T_0000170995,1,0.061984,0
T_0000171010,1,0.844808,1
T_0000171036,0,0.236067,1
T_0000171066,1,0.990888,1
T_0000171098,1,0.937755,1
T_0000171100,1,0.964616,1
T_0000171122,1,0.974285,1
T_0000171125,1,0.987736,1
T_0000171169,0,0.119202,0
T_0000171185,0,0.015601,0
T_0000171208,1,0.994572,1
T_0000171236,1,0.040100,0
T_0000171280,1,0.225827,1
T_0000171303,1,0.921534,1
T_0000171325,1,0.753810,1
T_0000171371,1,0.969441,1
T_0000171407,1,0.139567,0
T_0000171422,0,0.074608,0
T_0000171423,0,0.031409,0
T_0000171443,0,0.019940,0
T_0000171451,0,0.021599,0
T_0000171459,1,0.296296,1
T_0000171461,1,0.955421,1
T_0000171463,0,0.039170,0
T_0000171472,1,0.130399,0
T_0000171496,1,0.150214,1
T_0000171502,1,0.896581,1
T_0000171517,0,0.021526,0
T_0000171529,1,0.986543,1
T_0000171561,1,0.652704,1
T_0000171576,1,0.958860,1
T_0000171584,1,0.828408,1
T_0000171632,1,0.281150,1
T_0000171640,1,0.216841,1
T_0000171668,1,0.966394,1
T_0000171685,0,0.040269,0
T_0000171690,1,0.890228,1
T_0000171697,1,0.880095,1
T_0000171709,1,0.249429,1
T_0000171723,0,0.028606,0
T_0000171734,1,0.384938,1
T_0000171751,1,0.091210,0
T_0000171774,0,0.019084,0
T_0000171807,1,0.990577,1
T_0000171839,0,0.156279,1
T_0000171841,0,0.015695,0
T_0000171951,1,0.106844,0
T_0000172008,1,0.982534,1
T_0000172017,1,0.989247,1
T_0000172073,1,0.987804,1
T_0000172086,0,0.221719,1
T_0000172110,1,0.979142,1
T_0000172158,1,0.989412,1
T_0000172167,1,0.697921,1
T_0000172173,1,0.844408,1
T_0000172254,0,0.135728,0
T_0000172274,1,0.906569,1
T_0000172312,1,0.225775,1
T_0000172322,0,0.101399,0
T_0000172328,1,0.980521,1
T_0000172353,1,0.932202,1
T_0000172357,1,0.964114,1
T_0000172385,1,0.961925,1
T_0000172432,1,0.908819,1
T_0000172523,0,0.040760,0
T_0000172537,1,0.216072,1
T_0000172550,0,0.062647,0
T_0000172564,1,0.120313,0
T_0000172569,0,0.057205,0
T_0000172649,1,0.824013,1
T_0000172657,0,0.033567,0
T_0000172710,1,0.966844,1
T_0000172711,1,0.966353,1
T_0000172740,1,0.916729,1
T_0000172756,1,0.044620,0
T_0000172771,0,0.585926,1
T_0000172826,1,0.991965,1
T_0000172840,1,0.701596,1
T_0000172844,0,0.067027,0
T_0000172861,0,0.031120,0
T_0000172939,0,0.066551,0
T_0000172949,1,0.108709,0
T_0000172961,1,0.163886,1
T_0000172965,1,0.059577,0
T_0000172978,1,0.953870,1
T_0000173042,1,0.938061,1
T_0000173056,1,0.959357,1
T_0000173098,1,0.981285,1
T_0000173130,1,0.141278,0
T_0000173138,1,0.127158,0
T_0000173172,1,0.095742,0
T_0000173177,1,0.064345,0
T_0000173181,1,0.045272,0
T_0000173183,0,0.051150,0
T_0000173217,1,0.944222,1
T_0000173230,0,0.016693,0
T_0000173244,0,0.018008,0
T_0000173302,1,0.953431,1
T_0000173413,1,0.114892,0
T_0000173445,1,0.147590,0
T_0000173459,1,0.546902,1
T_0000173498,1,0.407501,1
T_0000173499,1,0.194599,1
T_0000173504,1,0.385169,1
T_0000173508,1,0.968071,1
T_0000173518,1,0.981348,1
T_0000173521,0,0.079450,0
T_0000173528,1,0.900186,1
T_0000173552,1,0.613147,1
T_0000173554,1,0.041507,0
T_0000173555,0,0.004475,0
T_0000173567,1,0.191404,1
T_0000173595,0,0.122351,0
T_0000173630,1,0.011036,0
T_0000173632,1,0.520963,1
T_0000173682,0,0.237161,1
T_0000173685,1,0.088100,0
T_0000173695,1,0.971591,1
T_0000173715,1,0.951489,1
T_0000173730,0,0.015733,0
T_0000173743,1,0.960289,1
T_0000173744,1,0.344041,1
T_0000173777,1,0.972701,1
T_0000173850,1,0.198892,1
T_0000173856,0,0.096554,0
T_0000173881,1,0.917347,1
T_0000173883,1,0.165287,1
T_0000173897,1,0.144480,0
T_0000173986,1,0.808556,1
T_0000173994,1,0.988435,1
T_0000174070,1,0.938412,1
T_0000174082,1,0.969761,1
T_0000174087,1,0.260537,1
T_0000174090,1,0.906210,1
T_0000174180,1,0.190647,1
T_0000174196,0,0.049449,0
T_0000174203,0,0.022872,0
T_0000174265,1,0.086699,0
T_0000174294,0,0.019230,0
T_0000174310,1,0.983046,1
T_0000174325,0,0.022398,0
T_0000174330,0,0.033038,0
T_0000174388,1,0.614997,1
T_0000174398,0,0.056280,0
T_0000174427,0,0.017210,0
T_0000174431,1,0.599241,1
T_0000174444,0,0.044715,0
T_0000174450,1,0.130978,0
T_0000174456,1,0.955554,1
T_0000174469,1,0.990210,1
T_0000174550,1,0.072705,0
T_0000174572,0,0.040163,0
T_0000174656,1,0.984777,1
T_0000174680,1,0.816473,1
T_0000174682,1,0.937704,1
T_0000174691,0,0.034310,0
T_0000174699,0,0.146666,0
T_0000174702,1,0.062624,0
T_0000174705,0,0.024589,0
T_0000174747,0,0.020822,0
T_0000174778,0,0.013426,0
T_0000174889,0,0.128189,0
T_0000174896,0,0.029126,0
T_0000174905,1,0.142120,0
T_0000174935,1,0.900438,1
T_0000174941,0,0.020937,0
T_0000174945,1,0.852841,1
T_0000174991,0,0.109064,0
T_0000175000,1,0.186555,1
T_0000175030,1,0.962389,1
T_0000175032,1,0.989528,1
T_0000175068,1,0.990591,1
T_0000175072,1,0.986025,1
T_0000175142,0,0.032194,0
T_0000175166,1,0.883692,1
T_0000175172,0,0.066254,0
T_0000175218,1,0.922178,1
T_0000175221,1,0.081989,0
T_0000175223,0,0.068274,0
T_0000175258,1,0.968378,1
T_0000175271,0,0.017828,0
T_0000175286,1,0.289593,1
T_0000175396,0,0.039470,0
T_0000175483,1,0.136683,0
T_0000175522,1,0.181841,1
T_0000175528,1,0.985237,1
T_0000175540,1,0.987086,1
T_0000175542,0,0.061615,0
T_0000175585,1,0.234362,1
T_0000175615,1,0.046033,0
T_0000175643,1,0.366224,1
T_0000175652,1,0.062380,0
T_0000175705,1,0.328618,1
T_0000175752,0,0.007530,0
T_0000175760,0,0.017203,0
T_0000175772,1,0.502090,1
T_0000175779,1,0.983558,1
T_0000175837,0,0.023807,0
T_0000175890,1,0.642624,1
T_0000175891,1,0.992728,1
T_0000175910,1,0.083921,0
T_0000175926,0,0.043524,0
T_0000175956,0,0.023734,0
T_0000175961,0,0.045026,0
T_0000175985,1,0.992264,1
T_0000175991,0,0.055541,0
T_0000176010,0,0.010976,0
T_0000176028,0,0.051104,0
T_0000176050,1,0.413168,1
T_0000176086,0,0.082382,0
T_0000176106,1,0.897713,1
T_0000176119,0,0.017771,0
T_0000176149,1,0.095111,0
T_0000176185,0,0.101584,0
T_0000176199,1,0.979633,1
T_0000176205,1,0.932186,1
T_0000176233,0,0.004393,0
T_0000176249,1,0.984811,1
T_0000176273,0,0.028799,0
T_0000176289,1,0.936302,1
T_0000176356,1,0.944535,1
T_0000176374,0,0.040228,0
T_0000176389,1,0.943556,1
T_0000176409,1,0.976807,1
T_0000176412,1,0.980521,1
T_0000176420,1,0.989788,1
T_0000176421,1,0.982428,1
T_0000176433,1,0.991000,1
T_0000176439,1,0.982756,1
T_0000176464,0,0.027040,0
T_0000176511,1,0.995303,1
T_0000176525,1,0.979855,1
T_0000176526,1,0.983775,1
T_0000176535,1,0.403556,1
T_0000176540,0,0.051627,0
T_0000176548,1,0.245067,1
T_0000176586,0,0.169083,1
T_0000176587,1,0.085951,0
T_0000176600,1,0.224746,1
T_0000176634,1,0.841065,1
T_0000176711,0,0.102919,0
T_0000176723,1,0.984567,1
T_0000176725,1,0.029550,0
T_0000176728,1,0.977022,1
T_0000176770,0,0.012998,0
T_0000176779,0,0.081961,0
T_0000176782,1,0.953331,1
T_0000176783,1,0.251439,1
T_0000176785,1,0.982521,1
T_0000176812,1,0.131814,0
T_0000176814,1,0.824173,1
T_0000176824,0,0.055462,0
T_0000176843,1,0.972848,1
T_0000176850,1,0.887712,1
T_0000176853,1,0.043766,0
T_0000176859,1,0.713000,1
T_0000176863,1,0.577848,1
T_0000176888,1,0.080537,0
T_0000176912,1,0.833232,1
T_0000176921,1,0.175197,1
T_0000176930,0,0.055025,0
T_0000176946,1,0.062214,0
T_0000176963,1,0.982747,1
T_0000176978,1,0.059630,0
T_0000177017,1,0.091982,0
T_0000177034,1,0.967952,1
T_0000177084,1,0.979187,1
T_0000177131,0,0.054209,0
T_0000177154,1,0.993869,1
T_0000177174,1,0.081422,0
T_0000177184,1,0.039882,0
T_0000177195,1,0.262986,1
T_0000177197,0,0.106947,0
T_0000177250,1,0.381270,1
T_0000177253,0,0.031336,0
T_0000177277,1,0.163005,1
T_0000177304,1,0.803851,1
T_0000177346,1,0.930937,1
T_0000177361,1,0.042850,0
T_0000177417,0,0.074084,0
T_0000177426,0,0.065529,0
T_0000177455,1,0.988912,1
T_0000177464,1,0.416773,1
T_0000177479,1,0.963885,1
T_0000177523,0,0.063521,0
T_0000177543,0,0.029975,0
T_0000177556,1,0.818030,1
T_0000177562,0,0.026758,0
T_0000177610,1,0.174606,1
T_0000177625,0,0.033182,0
T_0000177630,1,0.770497,1
T_0000177683,0,0.039968,0
T_0000177725,1,0.574128,1
T_0000177732,1,0.989233,1
T_0000177847,0,0.024703,0
T_0000177859,1,0.118774,0
T_0000177861,1,0.607976,1
T_0000177863,1,0.261048,1
T_0000177869,0,0.039178,0
T_0000177934,1,0.148825,0
T_0000177937,1,0.962061,1
T_0000177942,1,0.981457,1
T_0000177996,0,0.040526,0
T_0000178007,1,0.166710,1
T_0000178008,1,0.177057,1
T_0000178012,1,0.955934,1
T_0000178027,1,0.054209,0
T_0000178050,1,0.019164,0
T_0000178073,1,0.252625,1
T_0000178093,0,0.014354,0
T_0000178131,1,0.061911,0
T_0000178167,1,0.970274,1
T_0000178184,0,0.091942,0
T_0000178185,1,0.975273,1
T_0000178247,1,0.966026,1
T_0000178284,1,0.030812,0
T_0000178289,1,0.555232,1
T_0000178295,0,0.062976,0
T_0000178300,0,0.067062,0
T_0000178310,0,0.065981,0
T_0000178324,1,0.426539,1
T_0000178338,1,0.856797,1
T_0000178364,1,0.973483,1
T_0000178384,1,0.811832,1
T_0000178400,1,0.987948,1
T_0000178460,1,0.918159,1
T_0000178473,1,0.377653,1
T_0000178481,0,0.019781,0
T_0000178528,0,0.950647,1
T_0000178532,1,0.040862,0
T_0000178536,1,0.199691,1
T_0000178552,1,0.115545,0
T_0000178653,0,0.053970,0
T_0000178659,1,0.982421,1
T_0000178692,1,0.987344,1
T_0000178705,1,0.171031,1
T_0000178810,1,0.992649,1
T_0000178813,1,0.983185,1
T_0000178831,0,0.030508,0
T_0000178858,0,0.032698,0
T_0000178872,1,0.954089,1
T_0000178900,0,0.011000,0
T_0000178901,1,0.990691,1
T_0000178922,0,0.034703,0
T_0000178977,1,0.748304,1
T_0000179009,1,0.346143,1
T_0000179021,0,0.028688,0
T_0000179027,0,0.032919,0
T_0000179044,1,0.141767,0
T_0000179059,0,0.002603,0
T_0000179132,0,0.016000,0
T_0000179147,1,0.979609,1
T_0000179148,1,0.866855,1
T_0000179157,1,0.976050,1
T_0000179170,0,0.052465,0
T_0000179187,0,0.101002,0
T_0000179222,1,0.976513,1
T_0000179223,1,0.954930,1
T_0000179249,1,0.348649,1
T_0000179264,0,0.090933,0
T_0000179266,1,0.855793,1
T_0000179280,0,0.062674,0
T_0000179290,1,0.036216,0
T_0000179313,1,0.871717,1
T_0000179333,1,0.887516,1
T_0000179340,1,0.977544,1
T_0000179365,0,0.043481,0
T_0000179370,0,0.012883,0
T_0000179381,1,0.977710,1
T_0000179383,0,0.016575,0
T_0000179391,0,0.107145,0
T_0000179440,1,0.051624,0
T_0000179465,0,0.065605,0
T_0000179550,1,0.976937,1
T_0000179561,1,0.977125,1
T_0000179576,1,0.977809,1
T_0000179591,1,0.161564,1
T_0000179595,0,0.021145,0
T_0000179611,0,0.038106,0
T_0000179649,0,0.042350,0
T_0000179653,1,0.127300,0
T_0000179681,0,0.008102,0
T_0000179687,1,0.090633,0
T_0000179736,1,0.910145,1
T_0000179744,1,0.562978,1
T_0000179751,0,0.750240,1
T_0000179754,0,0.062177,0
T_0000179755,1,0.945660,1
T_0000179797,0,0.026085,0
T_0000179821,1,0.962469,1
T_0000179835,1,0.944837,1
T_0000179840,0,0.031877,0
T_0000179845,1,0.985541,1
T_0000179848,0,0.097822,0
T_0000179855,1,0.811163,1
T_0000179879,1,0.754453,1
T_0000179905,1,0.126569,0
T_0000179915,1,0.967092,1
T_0000179958,1,0.947630,1
T_0000180016,0,0.025872,0
T_0000180041,0,0.048215,0
T_0000180052,1,0.966579,1
T_0000180057,1,0.090270,0
T_0000180095,0,0.031614,0
T_0000180096,0,0.037675,0
T_0000180101,0,0.035661,0
T_0000180110,0,0.028701,0
T_0000180141,0,0.037210,0
T_0000180170,1,0.987321,1
T_0000180178,1,0.893594,1
T_0000180185,1,0.932430,1
T_0000180212,1,0.955873,1
T_0000180219,1,0.460924,1
T_0000180221,1,0.981061,1
T_0000180237,0,0.036184,0
T_0000180256,1,0.686546,1
T_0000180311,1,0.956121,1
T_0000180327,1,0.968201,1
T_0000180394,0,0.007882,0
T_0000180415,0,0.014161,0
T_0000180425,0,0.084912,0
T_0000180440,1,0.830961,1
T_0000180452,1,0.968034,1
T_0000180477,1,0.956602,1
T_0000180566,1,0.903873,1
T_0000180572,1,0.182558,1
T_0000180663,0,0.024973,0
T_0000180671,1,0.068098,0
T_0000180687,0,0.032352,0
T_0000180711,0,0.012261,0
T_0000180716,0,0.066117,0
T_0000180730,0,0.142215,0
T_0000180750,1,0.443767,1
T_0000180752,1,0.024647,0
T_0000180768,1,0.032081,0
T_0000180789,0,0.009431,0
T_0000180801,1,0.964509,1
T_0000180830,0,0.048347,0
T_0000180840,1,0.982715,1
T_0000180865,0,0.238320,1
T_0000180879,1,0.052395,0
T_0000180883,1,0.825000,1
T_0000180904,0,0.021096,0
T_0000180910,0,0.542343,1
T_0000180914,0,0.013813,0
T_0000180917,0,0.030301,0
T_0000180931,0,0.023007,0
T_0000180960,1,0.981798,1
T_0000180985,1,0.947067,1
T_0000181037,1,0.074271,0
T_0000181057,1,0.359702,1
T_0000181060,1,0.061691,0
T_0000181119,1,0.248030,1
T_0000181137,0,0.101306,0
T_0000181143,1,0.086112,0
T_0000181167,1,0.934484,1
T_0000181178,0,0.061797,0
T_0000181214,1,0.938634,1
T_0000181227,1,0.967338,1
T_0000181260,1,0.096323,0
T_0000181270,0,0.043792,0
T_0000181313,1,0.974682,1
T_0000181420,1,0.098400,0
T_0000181433,1,0.986449,1
T_0000181448,1,0.965400,1
T_0000181486,1,0.956747,1
T_0000181488,0,0.053979,0
T_0000181491,1,0.989665,1
T_0000181504,1,0.162401,1
T_0000181519,1,0.627972,1
T_0000181540,1,0.974663,1
T_0000181569,0,0.025704,0
T_0000181597,0,0.059954,0
T_0000181599,0,0.060662,0
T_0000181620,1,0.967414,1
T_0000181635,1,0.984008,1
T_0000181679,1,0.816620,1
T_0000181703,1,0.969401,1
T_0000181717,0,0.383909,1
T_0000181719,1,0.026019,0
T_0000181774,1,0.131127,0
T_0000181775,1,0.894810,1
T_0000181785,1,0.246363,1
T_0000181792,1,0.833701,1
T_0000181811,1,0.992699,1
T_0000181822,1,0.981497,1
T_0000181843,1,0.907923,1
T_0000181853,0,0.027951,0
T_0000181854,0,0.045681,0
T_0000181861,1,0.036911,0
T_0000181862,1,0.819829,1
T_0000181905,1,0.933755,1
T_0000181924,1,0.985512,1
T_0000181939,1,0.986664,1
T_0000181946,1,0.980917,1
T_0000181962,1,0.940814,1
T_0000181990,1,0.727727,1
T_0000181993,1,0.975683,1
T_0000182010,1,0.731644,1
T_0000182045,1,0.978696,1
T_0000182067,1,0.991530,1
T_0000182076,1,0.970115,1
T_0000182084,1,0.174398,1
T_0000182085,1,0.984485,1
T_0000182093,1,0.192619,1
T_0000182102,1,0.120598,0
T_0000182103,0,0.082733,0
T_0000182108,1,0.991831,1
T_0000182150,1,0.033221,0
T_0000182170,1,0.774671,1
T_0000182173,1,0.983210,1
T_0000182251,1,0.932914,1
T_0000182277,0,0.021376,0
T_0000182302,0,0.045522,0
T_0000182312,1,0.695374,1
T_0000182333,1,0.863074,1
T_0000182339,1,0.955456,1
