utterance_id,true_label,score,pred
D_0000000883,1,0.991896,1
D_0000001114,0,0.068643,0
D_0000001492,0,0.050794,0
D_0000001849,1,1.000000,1
D_0000001912,1,0.999997,1
D_0000002017,1,0.999683,1
D_0000002458,0,0.947542,1
D_0000002857,0,0.018519,0
D_0000003949,0,0.043667,0
D_0000004012,1,0.999995,1
D_0000004054,1,0.997981,1
D_0000004138,0,0.101218,0
D_0000004390,0,0.068542,0
D_0000004474,0,0.024583,0
D_0000005209,0,0.108672,0
D_0000005251,1,0.998143,1
D_0000005356,0,0.040137,0
D_0000005797,1,0.993238,1
D_0000007351,0,0.141307,0
D_0000007435,1,0.998416,1
D_0000007477,1,0.999913,1
D_0000007645,1,0.997678,1
D_0000007729,0,0.886202,1
D_0000008149,0,0.096961,0
D_0000008338,0,0.066150,0
D_0000008506,0,0.024815,0
D_0000009346,0,0.037497,0
D_0000009472,0,0.109779,0
D_0000010018,1,0.049037,0
D_0000010270,1,0.997630,1
D_0000010543,0,0.045308,0
D_0000011068,1,0.995175,1
D_0000011992,1,0.999985,1
D_0000012202,1,0.999895,1
D_0000012412,1,0.996947,1
D_0000013042,1,0.995133,1
D_0000013273,1,0.994173,1
D_0000013567,0,0.097844,0
D_0000014113,0,0.032736,0
D_0000014155,0,0.041721,0
D_0000014449,1,0.986791,1
D_0000014617,1,0.148040,0
D_0000015058,1,0.996631,1
D_0000015247,1,0.998763,1
D_0000015289,1,0.994655,1
D_0000016150,1,0.996933,1
D_0000016801,1,0.999912,1
D_0000016885,1,0.998360,1
D_0000017095,1,0.999973,1
D_0000017368,0,0.019680,0
D_0000017746,0,0.052439,0
D_0000017767,0,0.076163,0
D_0000017809,0,0.043341,0
D_0000018271,0,0.071799,0
D_0000018481,1,0.994184,1
D_0000018523,0,0.244918,1
D_0000018628,0,0.109698,0
D_0000018733,1,0.996598,1
D_0000019552,0,0.076205,0
D_0000020014,0,0.050489,0
D_0000020119,1,0.984628,1
D_0000020392,1,0.991755,1
D_0000020812,0,0.023188,0
D_0000021295,1,0.192726,1
D_0000021505,1,0.982407,1
D_0000021568,0,0.089699,0
D_0000021673,0,0.104109,0
D_0000022765,0,0.359549,1
D_0000022870,1,0.986231,1
D_0000023164,0,0.011480,0
D_0000023374,1,0.232455,1
D_0000024361,0,0.103002,0
D_0000024382,0,0.047589,0
D_0000024487,0,0.171448,0
D_0000024970,1,0.997126,1
D_0000025642,1,0.999977,1
D_0000025936,1,0.989360,1
D_0000026125,1,0.997152,1
D_0000026314,0,0.092884,0
D_0000026356,1,0.998328,1
D_0000026923,1,0.996288,1
D_0000027091,1,0.995004,1
D_0000027217,0,0.015127,0
D_0000028162,1,0.245121,1
D_0000028204,0,0.001352,0
D_0000028330,0,0.057408,0
D_0000028351,0,0.104158,0
D_0000028393,1,0.997979,1
D_0000028414,1,0.991807,1
D_0000028477,1,0.998656,1
D_0000028540,1,0.996985,1
D_0000028771,1,0.994203,1
D_0000029191,1,0.999999,1
D_0000029233,0,0.064755,0
D_0000029380,1,0.998488,1
D_0000029422,1,0.995666,1
D_0000029695,1,0.996945,1
D_0000029821,0,0.116723,0
D_0000029926,1,0.135507,0
D_0000030367,1,0.287561,1
D_0000030619,0,0.049101,0
D_0000030787,1,0.999958,1
D_0000031018,0,0.123195,0
D_0000031438,0,0.169664,0
D_0000031543,1,0.993561,1
D_0000032236,1,0.995996,1
D_0000032257,0,0.045951,0
D_0000032572,0,0.044121,0
D_0000032614,0,0.089466,0
D_0000032929,0,0.012088,0
D_0000033055,0,0.060291,0
D_0000033181,0,0.134627,0
D_0000033265,1,0.996104,1
D_0000033328,1,0.996849,1
D_0000033370,1,0.372555,1
D_0000033580,1,0.999979,1
D_0000033622,1,0.994534,1
D_0000034210,1,0.996015,1
D_0000034231,1,0.994752,1
D_0000034924,1,0.995402,1
D_0000035281,1,0.995702,1
D_0000035449,0,0.056140,0
D_0000035575,1,1.000000,1
D_0000036016,0,0.057850,0
D_0000036079,1,0.993140,1
D_0000036163,0,0.027454,0
D_0000036184,0,0.104220,0
D_0000036793,0,0.035745,0
D_0000037570,1,1.000000,1
D_0000037675,1,0.999850,1
D_0000037843,0,0.073670,0
D_0000038578,0,0.133939,0
D_0000038662,0,0.085595,0
D_0000038683,1,0.990155,1
D_0000038830,0,0.056710,0
D_0000039082,1,0.996415,1
D_0000039229,1,0.999974,1
D_0000040342,0,0.036781,0
D_0000040426,1,0.984139,1
D_0000040699,1,0.998844,1
D_0000040972,0,0.019783,0
D_0000041161,1,0.994491,1
D_0000041266,0,0.037787,0
D_0000042295,0,0.084489,0
D_0000042757,0,0.029357,0
D_0000042883,0,0.910996,1
D_0000043261,0,0.101638,0
D_0000043618,0,0.018460,0
D_0000043849,1,0.072571,0
D_0000044437,0,0.121399,0
D_0000044899,0,0.066935,0
D_0000044941,0,0.046888,0
D_0000044962,0,0.010718,0
D_0000045067,0,0.029542,0
D_0000045193,0,0.058015,0
D_0000045823,1,0.999985,1
D_0000045970,0,0.052150,0
D_0000046243,0,0.059615,0
D_0000046264,0,0.124124,0
D_0000046495,0,0.022597,0
D_0000046894,1,0.009775,0
D_0000047398,1,0.998318,1
D_0000047440,0,0.389484,1
D_0000047608,1,0.998003,1
D_0000047839,1,0.999021,1
D_0000048196,1,0.999229,1
D_0000048574,1,0.997784,1
D_0000048784,0,0.956522,1
D_0000048847,0,0.093697,0
D_0000049015,0,0.010517,0
D_0000049477,1,0.979839,1
D_0000049624,1,0.158784,0
D_0000049981,1,0.999978,1
D_0000050086,1,0.999997,1
D_0000050506,1,0.994023,1
D_0000050548,1,0.999973,1
D_0000050653,0,0.060072,0
D_0000050905,0,0.033837,0
D_0000051115,1,0.991688,1
D_0000051430,0,0.058903,0
D_0000051493,1,0.994097,1
D_0000051598,1,0.992580,1
D_0000052165,0,0.083750,0
D_0000052312,0,0.999496,1
D_0000052396,0,0.008145,0
D_0000052900,0,0.045707,0
D_0000054118,1,0.112332,0
D_0000054769,0,0.149427,0
D_0000055462,1,0.996075,1
D_0000055672,1,0.996236,1
D_0000055987,1,0.997533,1
D_0000056239,0,0.025663,0
D_0000056365,0,0.305344,1
D_0000056533,1,0.999694,1
D_0000056554,1,0.994099,1
D_0000056806,0,0.016342,0
D_0000056827,1,0.042796,0
D_0000057100,1,0.997912,1
D_0000057247,0,0.068658,0
D_0000057814,0,0.083901,0
D_0000057835,1,0.999003,1
D_0000058444,1,0.994862,1
D_0000058549,1,0.999991,1
D_0000058612,1,0.998923,1
D_0000058969,1,0.989639,1
D_0000059011,0,0.955539,1
D_0000059158,1,0.989849,1
D_0000059662,1,0.998633,1
D_0000059767,1,0.990968,1
D_0000060019,1,0.999868,1
D_0000060187,0,0.040259,0
D_0000060691,0,0.030652,0
D_0000060901,0,0.070326,0
D_0000061405,0,0.069861,0
D_0000061447,1,0.995165,1
D_0000061636,0,0.065642,0
D_0000061951,1,0.993185,1
D_0000062602,0,0.032801,0
D_0000062665,1,0.995309,1
D_0000062686,1,0.996782,1
D_0000062875,1,0.994190,1
D_0000063232,1,0.999282,1
D_0000063463,0,0.068590,0
D_0000063484,0,0.018790,0
D_0000063589,0,0.018285,0
D_0000063631,0,0.010915,0
D_0000063925,0,0.023378,0
D_0000064093,1,0.994923,1
D_0000064156,1,0.310513,1
D_0000064744,0,0.047975,0
D_0000064849,1,0.995242,1
D_0000064870,0,0.078831,0
D_0000065290,1,0.997124,1
D_0000065479,1,0.998246,1
D_0000065710,1,0.993680,1
D_0000065878,1,0.999999,1
D_0000066781,0,0.312428,1
D_0000067201,1,0.991304,1
D_0000067243,1,0.999155,1
D_0000067348,0,0.072751,0
D_0000067705,0,0.073579,0
D_0000067768,0,0.121041,0
D_0000068020,0,0.329033,1
D_0000068461,0,0.027314,0
D_0000068755,1,0.998956,1
D_0000069154,1,0.977698,1
D_0000069574,1,0.996620,1
D_0000069763,0,0.014136,0
D_0000069868,1,0.998435,1
D_0000069973,1,0.997324,1
D_0000070162,1,0.103186,0
D_0000070288,0,0.025542,0
D_0000070414,0,0.055874,0
D_0000070561,0,0.095523,0
D_0000070918,0,0.244448,1
D_0000071128,1,0.996889,1
D_0000071338,1,0.992631,1
D_0000071359,0,0.029445,0
D_0000071527,1,0.992516,1
D_0000071674,0,0.017622,0
D_0000072346,0,0.055455,0
D_0000073459,1,0.996777,1
D_0000073753,1,0.994643,1
D_0000075223,0,0.021863,0
D_0000075265,0,0.097498,0
D_0000075286,0,0.085940,0
D_0000075328,0,0.134422,0
D_0000075517,0,0.031623,0
D_0000075601,1,0.991959,1
D_0000077533,1,0.049302,0
D_0000077995,0,0.035925,0
D_0000078268,0,0.007797,0
D_0000078310,1,0.989988,1
D_0000078562,1,0.999999,1
D_0000078730,1,0.996906,1
D_0000078751,0,0.032385,0
D_0000079129,0,0.012879,0
D_0000079570,0,0.126781,0
D_0000080053,1,0.992995,1
D_0000080410,0,0.379032,1
D_0000081607,0,0.032098,0
D_0000082300,1,0.999892,1
D_0000082573,1,0.999998,1
D_0000082657,1,0.999952,1
D_0000082699,1,0.995716,1
D_0000082888,1,0.996099,1
D_0000082930,1,0.077584,0
D_0000083182,1,0.988048,1
D_0000083392,1,0.995498,1
D_0000083644,0,0.031543,0
D_0000083707,1,0.957666,1
D_0000083854,1,0.972749,1
D_0000084379,1,0.999780,1
D_0000084442,0,0.036506,0
D_0000084589,1,0.248670,1
D_0000084631,0,0.072752,0
D_0000084673,0,0.201827,1
D_0000084820,0,0.157874,0
D_0000084904,1,0.989556,1
D_0000084967,1,0.993437,1
D_0000085198,0,0.017286,0
D_0000085240,1,0.987871,1
D_0000085996,1,0.998598,1
D_0000086332,0,0.052467,0
D_0000087025,1,0.995841,1
D_0000087487,1,0.988959,1
D_0000087550,1,0.993350,1
D_0000087592,0,0.051163,0
D_0000088537,1,0.990810,1
D_0000089083,1,0.995574,1
D_0000089104,1,0.996514,1
D_0000089335,1,0.997318,1
D_0000089608,0,0.027246,0
D_0000089839,1,0.995244,1
D_0000090028,1,0.997902,1
D_0000090343,0,0.129838,0
D_0000090511,0,0.026840,0
D_0000090931,0,0.069176,0
D_0000091120,0,0.040830,0
D_0000091393,0,0.077143,0
D_0000091540,0,0.083103,0
D_0000091708,1,0.997086,1
D_0000091771,0,0.059533,0
D_0000091855,0,0.129760,0
D_0000092128,1,0.995213,1
D_0000092632,1,0.994754,1
D_0000092863,1,0.999247,1
D_0000093367,1,0.998032,1
D_0000093703,0,0.258475,1
D_0000093745,0,0.114423,0
D_0000093766,0,0.025388,0
D_0000094375,1,0.996496,1
D_0000094480,0,0.031650,0
D_0000094774,1,0.989518,1
D_0000095131,1,0.999966,1
D_0000095320,1,0.992461,1
D_0000095362,0,0.071957,0
D_0000095509,0,0.029234,0
D_0000095908,1,0.987092,1
D_0000096433,1,0.042198,0
D_0000096496,0,0.002080,0
D_0000097462,1,0.139758,0
D_0000097756,0,0.029984,0
D_0000098281,1,0.998634,1
D_0000098344,0,0.022680,0
D_0000098407,1,0.998869,1
D_0000098512,1,0.994594,1
D_0000098617,1,0.999677,1
D_0000098785,1,0.995167,1
D_0000098953,0,0.023810,0
D_0000099058,0,0.129101,0
D_0000099163,0,0.000018,0
D_0000099226,0,0.133175,0
D_0000099331,0,0.138260,0
D_0000099667,1,0.987451,1
D_0000099961,1,0.999776,1
D_0000100129,0,0.021727,0
D_0000100381,0,0.101491,0
D_0000101032,1,0.988257,1
D_0000101074,1,0.994152,1
D_0000101179,1,0.980282,1
D_0000101494,1,0.997050,1
D_0000101914,0,0.021671,0
D_0000103069,1,0.998499,1
D_0000103363,1,0.994555,1
D_0000103405,1,0.136581,0
D_0000103720,1,0.989735,1
D_0000104077,0,0.181428,0
D_0000104980,0,0.041402,0
D_0000105127,0,0.181535,0
D_0000105316,1,0.995494,1
D_0000105400,0,0.200394,1
D_0000105505,1,0.998643,1
D_0000105526,0,0.210462,1
D_0000105652,0,0.145822,0
D_0000105799,0,0.021651,0
D_0000106093,0,0.044225,0
D_0000106177,1,0.061350,0
D_0000106513,1,0.992987,1
D_0000106870,0,0.056094,0
D_0000106891,0,0.029835,0
D_0000107353,0,0.046581,0
D_0000108046,1,0.992974,1
D_0000108088,0,0.091644,0
D_0000108550,0,0.020810,0
D_0000108634,1,0.998905,1
D_0000109369,0,0.107641,0
D_0000109600,0,0.043913,0
D_0000109663,0,0.039851,0
D_0000109978,1,0.989168,1
D_0000110986,1,0.998549,1
D_0000111595,0,0.034413,0
D_0000111784,1,0.998659,1
D_0000111805,1,0.999852,1
D_0000111826,1,0.997153,1
D_0000112246,1,0.995831,1
D_0000112456,1,0.265165,1
D_0000112477,1,0.998539,1
D_0000112561,0,0.199015,1
D_0000112687,1,0.995119,1
D_0000113107,1,0.999975,1
D_0000113212,0,0.169837,0
D_0000113443,0,0.081279,0
D_0000113569,0,0.081746,0
D_0000114220,0,0.160130,0
D_0000114304,0,0.264334,1
D_0000115144,1,0.998793,1
D_0000115459,1,0.044457,0
D_0000115585,1,0.995537,1
D_0000115753,0,0.065571,0
D_0000116782,1,0.995917,1
D_0000116908,1,0.024344,0
D_0000117076,0,0.067139,0
D_0000117496,0,0.032225,0
D_0000117580,0,0.060975,0
D_0000117748,0,0.099888,0
D_0000117979,0,0.051252,0
D_0000118105,1,0.999808,1
D_0000118273,0,0.069535,0
D_0000118819,1,0.994499,1
D_0000118903,0,0.060659,0
D_0000119281,0,0.029739,0
D_0000119323,0,0.029511,0
D_0000119365,1,0.999998,1
D_0000119470,0,0.059391,0
D_0000120583,0,0.018167,0
D_0000121507,1,0.999975,1
D_0000122074,1,0.134867,0
D_0000122368,0,0.092565,0
D_0000122536,1,0.995742,1
D_0000122641,1,1.000000,1
D_0000123187,1,0.997296,1
D_0000123544,0,0.027089,0
D_0000123649,1,0.992231,1
D_0000123712,1,0.997388,1
D_0000124363,0,0.019721,0
D_0000124447,1,0.992818,1
D_0000125497,1,0.990195,1
D_0000125812,1,0.008729,0
D_0000126211,1,0.999999,1
D_0000126379,1,0.997161,1
D_0000126673,0,0.094274,0
D_0000127135,0,0.116896,0
D_0000128080,0,0.040992,0
D_0000128206,1,0.988495,1
D_0000128248,0,0.034785,0
D_0000128332,1,0.998650,1
D_0000128857,0,0.623263,1
D_0000128920,1,0.120480,0
D_0000129340,1,0.990294,1
D_0000129382,0,0.031567,0
D_0000129445,0,0.084782,0
D_0000130537,0,0.124080,0
D_0000131104,0,0.024712,0
D_0000131146,1,0.987969,1
D_0000131251,0,0.060449,0
D_0000131461,0,0.050560,0
D_0000131503,1,0.982777,1
D_0000131734,1,0.999637,1
D_0000132070,1,1.000000,1
D_0000132364,1,0.987522,1
D_0000133099,1,0.999725,1
D_0000133120,0,0.054469,0
D_0000133246,1,0.999624,1
D_0000133267,1,0.946194,1
D_0000133351,1,0.993160,1
D_0000133477,1,0.997202,1
D_0000133918,0,0.087323,0
D_0000134338,0,0.034932,0
D_0000134359,1,0.996481,1
D_0000134632,1,0.999409,1
D_0000134989,1,0.997466,1
D_0000135094,0,0.109856,0
D_0000135283,1,0.999815,1
D_0000135493,1,0.997073,1
D_0000135661,1,0.999364,1
D_0000135682,0,0.078383,0
D_0000135787,0,0.084678,0
D_0000136207,0,0.030611,0
D_0000136375,0,0.042551,0
D_0000136879,1,0.984851,1
D_0000136900,0,0.121355,0
D_0000137089,0,0.048593,0
D_0000137131,1,0.999902,1
D_0000137173,0,0.017779,0
D_0000137341,1,0.999983,1
D_0000137383,1,0.999949,1
D_0000137740,0,0.041177,0
D_0000137782,0,0.152007,0
D_0000137824,1,0.101771,0
D_0000137866,1,0.982652,1
D_0000138034,0,0.012926,0
D_0000138139,0,0.305670,1
D_0000139063,1,0.996307,1
D_0000139126,0,0.004198,0
D_0000139231,1,0.038272,0
D_0000139441,1,0.999856,1
D_0000139525,0,0.026443,0
D_0000139546,0,0.219983,1
D_0000139672,1,0.045191,0
D_0000139882,1,0.997813,1
D_0000139924,1,0.999989,1
D_0000141226,0,0.022571,0
D_0000141373,1,0.081515,0
D_0000142213,0,0.112516,0
D_0000142234,1,0.998987,1
D_0000142360,1,0.994140,1
D_0000142528,1,0.992065,1
D_0000142759,0,0.039304,0
D_0000143116,1,0.999495,1
D_0000143221,1,0.994345,1
D_0000143872,1,0.988965,1
D_0000144313,1,0.104005,0
D_0000144733,0,0.044403,0
D_0000145048,1,0.997891,1
D_0000145153,1,0.626324,1
D_0000145342,1,0.999038,1
D_0000145741,1,0.993507,1
D_0000145888,0,0.052588,0
D_0000146140,1,0.999979,1
D_0000147295,1,0.998874,1
D_0000148450,1,0.996267,1
D_0000149311,0,0.049573,0
D_0000149395,1,0.995227,1
D_0000149500,0,0.033887,0
D_0000149710,0,0.347787,1
D_0000149794,0,0.613259,1
D_0000150004,0,0.029638,0
D_0000150214,1,0.992965,1
D_0000151642,1,0.996989,1
D_0000151873,0,0.107883,0
D_0000152461,1,0.991565,1
D_0000152839,1,0.993544,1
D_0000152944,1,0.994363,1
D_0000152986,0,0.027793,0
D_0000153511,1,0.997952,1
D_0000153700,1,0.997529,1
D_0000154057,1,0.994246,1
D_0000154099,1,0.997997,1
D_0000155233,1,0.995630,1
D_0000156283,0,0.247943,1
D_0000156346,0,0.122391,0
D_0000156577,1,0.999008,1
D_0000156892,1,0.091207,0
D_0000156997,0,0.032189,0
D_0000157060,0,0.043930,0
D_0000157165,0,0.009985,0
D_0000157438,1,0.995269,1
D_0000157501,1,0.941143,1
D_0000157711,1,0.106571,0
D_0000157774,1,0.990289,1
D_0000158152,0,0.033922,0
D_0000158530,1,0.996359,1
D_0000158719,1,0.993858,1
D_0000159370,0,0.015420,0
D_0000159685,0,0.059543,0
D_0000160042,1,0.974375,1
D_0000160147,0,0.106432,0
D_0000160273,1,0.999087,1
D_0000160378,1,0.992333,1
D_0000161743,0,0.215242,1
D_0000162163,1,0.996553,1
D_0000162436,0,0.054405,0
D_0000162604,1,0.991029,1
D_0000162709,0,0.065031,0
D_0000163276,0,0.026097,0
D_0000163801,1,0.961711,1
D_0000164032,0,0.010988,0
D_0000164599,0,0.052365,0
D_0000165019,1,1.000000,1
D_0000165103,1,0.999211,1
D_0000165229,0,0.053823,0
D_0000166048,1,0.984806,1
D_0000166090,1,0.063536,0
D_0000166783,1,0.981740,1
D_0000167014,1,0.994462,1
D_0000167098,0,0.095834,0
D_0000167749,1,0.994827,1
D_0000167770,1,0.993509,1
D_0000167875,0,0.095360,0
D_0000168001,0,0.029065,0
D_0000168148,1,0.997029,1
D_0000168316,0,0.012316,0
D_0000168358,0,0.008274,0
D_0000168484,0,0.060320,0
D_0000168610,1,0.999826,1
D_0000169303,1,0.994720,1
D_0000169408,1,0.996622,1
D_0000169513,1,0.036452,0
D_0000169639,1,0.995221,1
D_0000170185,0,0.103569,0
D_0000170437,1,0.995486,1
D_0000170500,1,0.997296,1
D_0000170794,1,0.229315,1
D_0000171739,1,0.996924,1
D_0000172432,0,0.051180,0
D_0000173104,1,0.994457,1
D_0000173377,1,0.994650,1
D_0000173461,1,0.994804,1
D_0000173587,1,0.994955,1
D_0000174784,0,0.090692,0
D_0000174805,1,0.999992,1
D_0000174868,0,0.022290,0
D_0000174889,0,0.080363,0
D_0000175267,0,0.324240,1
D_0000175309,1,0.991786,1
D_0000175897,0,0.030332,0
D_0000175981,1,0.992851,1
D_0000176044,1,0.997945,1
D_0000176065,0,0.102176,0
D_0000176443,1,0.999718,1
D_0000176611,1,0.999721,1
D_0000176842,0,0.095512,0
D_0000177997,1,0.999533,1
D_0000178375,1,0.996754,1
D_0000178627,0,0.008583,0
D_0000179026,1,0.999148,1
D_0000179068,0,0.100470,0
D_0000179341,1,0.999436,1
D_0000179383,1,0.964693,1
D_0000179446,0,0.141086,0
D_0000179593,0,0.064391,0
D_0000179908,0,0.057631,0
D_0000180853,1,0.999999,1
D_0000181042,1,0.992575,1
D_0000181084,1,0.349634,1
D_0000181525,1,0.984306,1
D_0000181777,1,0.995047,1
D_0000181840,1,0.163265,0
D_0000182764,1,0.128707,0
D_0000183583,0,0.045049,0
D_0000183877,1,0.982783,1
D_0000184066,1,1.000000,1
D_0000184738,1,0.993838,1
D_0000184780,0,0.026482,0
D_0000184843,1,0.999927,1
D_0000185053,1,0.999043,1
D_0000185074,0,0.055158,0
D_0000185179,1,0.998706,1
D_0000185263,0,0.026142,0
D_0000185431,1,1.000000,1
D_0000185767,1,0.997748,1
D_0000186019,0,0.068701,0
D_0000186964,1,0.984136,1
D_0000186985,1,0.997263,1
D_0000187153,1,0.995490,1
D_0000187384,0,0.128504,0
D_0000187678,1,0.048301,0
D_0000188812,1,0.997500,1
D_0000188854,1,0.998905,1
D_0000189358,1,0.999828,1
D_0000189904,1,0.183547,0
D_0000190093,1,0.990044,1
D_0000190261,1,0.997569,1
D_0000190912,0,0.148701,0
D_0000191017,0,0.030522,0
D_0000191710,0,0.083603,0
D_0000192004,0,0.038347,0
D_0000192445,1,0.994027,1
D_0000193033,1,0.158877,0
D_0000193096,1,0.995654,1
D_0000193264,0,0.007431,0
D_0000193537,1,0.994730,1
D_0000193894,1,0.993739,1
D_0000193978,0,0.042329,0
D_0000194167,0,0.011343,0
D_0000194188,1,0.996594,1
D_0000194230,0,0.006429,0
D_0000194272,0,0.351352,1
D_0000194776,0,0.063966,0
D_0000194839,0,0.034091,0
D_0000194944,0,0.194819,1
D_0000195385,1,0.213561,1
D_0000195637,0,0.105900,0
D_0000196624,1,0.273337,1
D_0000196897,1,0.999688,1
D_0000196960,1,0.973188,1
D_0000196981,1,0.096383,0
D_0000197380,0,0.277900,1
D_0000197737,0,0.039812,0
D_0000197779,0,0.109748,0
D_0000198136,1,0.998762,1
D_0000198955,1,0.999929,1
D_0000198997,1,0.986472,1
D_0000199459,0,0.051424,0
D_0000199543,0,0.051768,0
D_0000199669,1,0.992900,1
D_0000199711,0,0.021836,0
D_0000199858,1,0.988853,1
D_0000200173,1,0.997481,1
D_0000200362,1,0.991373,1
D_0000200446,1,0.981120,1
D_0000201076,0,0.013183,0
D_0000201139,0,0.452553,1
D_0000201391,1,0.991154,1
D_0000201475,1,0.993243,1
D_0000201916,0,0.053282,0
D_0000201979,1,0.978918,1
D_0000202693,1,0.998643,1
D_0000202777,0,0.143456,0
D_0000202840,1,0.994090,1
D_0000202945,0,0.062150,0
D_0000203008,0,0.146981,0
D_0000203260,1,0.995726,1
D_0000203449,0,0.166670,0
D_0000204121,1,0.998457,1
D_0000204226,1,0.994190,1
D_0000204478,0,0.092610,0
D_0000204688,0,0.066559,0
D_0000204709,1,0.997344,1
D_0000205066,1,0.997199,1
D_0000205486,0,0.021085,0
D_0000205927,1,0.992882,1
D_0000206767,0,0.052916,0
D_0000208552,0,0.051106,0
D_0000208573,1,0.468487,1
D_0000208657,0,0.042722,0
D_0000208846,1,0.993435,1
D_0000208993,1,0.991636,1
D_0000209308,1,0.991791,1
D_0000209539,0,0.002796,0
D_0000209854,0,0.014244,0
D_0000210652,0,0.057423,0
D_0000211240,0,0.017861,0
D_0000211975,0,0.025357,0
D_0000212122,1,0.994654,1
D_0000212773,1,0.993970,1
D_0000213067,1,0.990388,1
D_0000213298,1,0.997816,1
D_0000213382,1,0.999995,1
D_0000213949,1,0.999978,1
D_0000215104,0,0.445893,1
D_0000215293,0,0.015194,0
D_0000215839,0,0.014705,0
D_0000216133,1,1.000000,1
D_0000216574,0,0.030090,0
D_0000216595,0,0.022315,0
D_0000216700,0,0.023837,0
D_0000216952,1,0.997507,1
D_0000217036,0,0.167670,0
D_0000217540,1,0.996128,1
D_0000217624,0,0.104629,0
D_0000217729,1,0.982268,1
D_0000217771,0,0.020419,0
D_0000217981,1,0.993342,1
D_0000218149,0,0.044056,0
D_0000218275,1,0.999955,1
D_0000218359,0,0.036845,0
D_0000218380,1,0.999059,1
D_0000218695,0,0.034797,0
D_0000218779,0,0.030681,0
D_0000218863,1,0.993473,1
D_0000219178,0,0.136158,0
D_0000219472,1,0.171514,0
D_0000219556,1,0.995679,1
D_0000219661,1,0.994672,1
D_0000220396,1,0.996429,1
D_0000220501,1,0.999976,1
D_0000221446,0,0.529360,1
D_0000221677,0,0.067353,0
D_0000221698,1,0.953063,1
D_0000221719,1,0.994043,1
D_0000221824,0,0.016246,0
D_0000222013,0,0.026491,0
D_0000222181,1,0.986954,1
D_0000222496,1,0.989542,1
D_0000223294,0,0.383938,1
D_0000223399,1,0.993412,1
D_0000223714,0,0.050016,0
D_0000223966,0,0.010526,0
D_0000224176,1,0.993955,1
D_0000224281,1,0.989941,1
D_0000224533,1,0.981366,1
D_0000224617,0,0.039426,0
D_0000224932,1,0.999985,1
D_0000225016,0,0.008028,0
D_0000225184,0,0.054968,0
D_0000225331,0,0.034739,0
D_0000225352,0,0.055750,0
D_0000225478,1,0.999999,1
D_0000225520,1,0.999893,1
D_0000225625,1,0.998671,1
D_0000225814,1,0.983958,1
D_0000225961,1,0.998866,1
D_0000226024,0,0.023065,0
D_0000226234,1,0.993896,1
D_0000226339,1,0.908666,1
D_0000226528,1,0.990476,1
D_0000226696,1,0.996324,1
D_0000226843,0,0.038161,0
D_0000226864,1,0.997517,1
D_0000227116,0,0.221481,1
D_0000227158,1,0.996924,1
D_0000228166,0,0.045988,0
D_0000228292,1,0.999882,1
D_0000228418,0,0.527678,1
D_0000228838,1,0.997458,1
D_0000229216,1,0.998766,1
D_0000231169,1,0.994347,1
D_0000231484,0,0.071679,0
D_0000232051,0,0.038322,0
D_0000232114,1,0.987364,1
D_0000232177,1,0.991359,1
D_0000232429,1,0.972524,1
D_0000232744,0,0.023785,0
D_0000232828,1,0.206181,1
D_0000233143,1,0.996981,1
D_0000233605,0,0.014811,0
D_0000233941,0,0.061821,0
D_0000234004,0,0.020697,0
D_0000234025,1,0.995810,1
D_0000234130,1,0.993147,1
D_0000234214,1,0.986700,1
D_0000234319,0,0.012934,0
D_0000234361,1,0.998067,1
D_0000234592,0,0.034385,0
D_0000234739,0,0.085924,0
D_0000234970,1,0.985117,1
D_0000235096,1,0.196410,1
D_0000235411,0,0.046462,0
D_0000235684,1,0.082002,0
D_0000235726,1,0.008562,0
D_0000235957,0,0.023777,0
D_0000236461,0,0.831536,1
D_0000236482,1,0.992475,1
D_0000236776,1,0.995555,1
D_0000236965,1,0.995615,1
D_0000237028,0,0.036368,0
D_0000237616,1,0.993809,1
D_0000238561,1,0.201972,1
D_0000238792,1,0.057651,0
D_0000238897,0,0.056809,0
D_0000239170,0,0.016406,0
D_0000239254,1,0.995448,1
D_0000239401,1,0.993874,1
D_0000239695,0,0.126874,0
D_0000239926,0,0.097142,0
D_0000240241,0,0.103295,0
D_0000240262,1,0.997990,1
D_0000240451,0,0.074146,0
D_0000240472,0,0.062597,0
D_0000240619,0,0.009159,0
D_0000241186,1,0.999828,1
D_0000241228,1,0.995735,1
D_0000241291,1,1.000000,1
D_0000241396,1,0.996939,1
D_0000241480,1,0.995344,1
D_0000241837,0,0.015829,0
D_0000242740,1,0.994492,1
D_0000242971,1,0.992983,1
D_0000243034,1,0.036915,0
D_0000243076,0,0.066230,0
D_0000243139,1,0.995327,1
D_0000243160,1,0.995248,1
D_0000243412,1,0.999995,1
D_0000243454,0,0.049877,0
D_0000243643,1,0.999264,1
D_0000244525,0,0.076046,0
D_0000244756,1,0.058558,0
D_0000244861,1,0.999997,1
D_0000244924,0,0.027472,0
D_0000244945,1,0.995430,1
D_0000245071,1,0.999258,1
D_0000245218,0,0.851149,1
D_0000245449,1,0.999378,1
D_0000245491,1,0.991588,1
D_0000245743,0,0.079309,0
D_0000245848,0,0.042674,0
D_0000246562,1,0.993577,1
D_0000247234,0,0.028870,0
D_0000247360,1,0.991922,1
D_0000248305,0,0.020043,0
D_0000248620,1,0.998387,1
D_0000248641,0,0.043181,0
D_0000248662,1,0.989169,1
D_0000248977,0,0.018227,0
D_0000249229,0,0.198877,1
D_0000249355,1,0.993290,1
D_0000249607,1,0.709161,1
D_0000249733,0,0.026876,0
D_0000249985,0,0.121302,0
D_0000250090,0,0.816449,1
D_0000250720,0,0.061379,0
D_0000251098,0,0.025070,0
D_0000252022,1,0.997421,1
D_0000252064,1,0.999999,1
D_0000252967,1,0.991781,1
D_0000253177,0,0.181259,0
D_0000253261,1,0.999971,1
D_0000253660,1,0.994676,1
D_0000253681,0,0.193129,1
D_0000253723,0,0.015078,0
D_0000254143,0,0.117150,0
D_0000254269,0,0.085853,0
D_0000254500,0,0.016159,0
D_0000254668,0,0.037255,0
D_0000255004,0,0.026819,0
D_0000255403,0,0.074452,0
D_0000255697,1,0.997166,1
D_0000256075,1,0.990838,1
D_0000256264,0,0.006925,0
D_0000256558,0,0.032898,0
D_0000256579,0,0.449333,1
D_0000256684,1,0.994745,1
D_0000256810,0,0.098009,0
D_0000256873,0,0.076360,0
D_0000258322,0,0.040191,0
D_0000258889,1,0.999411,1
D_0000259099,1,0.992661,1
D_0000259372,1,0.994591,1
D_0000259813,1,0.977186,1
D_0000260191,1,0.993436,1
D_0000260338,1,0.996988,1
D_0000260401,0,0.161192,0
D_0000261199,0,0.099185,0
D_0000261787,0,0.176827,0
D_0000261871,1,0.997304,1
D_0000262060,1,0.999952,1
D_0000262270,1,0.992262,1
D_0000262522,0,0.048156,0
D_0000262585,1,0.991869,1
D_0000262711,0,0.071110,0
D_0000262795,1,0.999995,1
D_0000262900,1,0.253942,1
D_0000262984,0,0.049754,0
D_0000263005,0,0.036670,0
D_0000263782,0,0.016107,0
D_0000264055,1,0.992121,1
D_0000264664,1,0.994698,1
D_0000264748,1,0.994264,1
D_0000264790,1,0.995786,1
D_0000265903,0,0.019483,0
D_0000266680,1,0.999721,1
D_0000266764,0,0.133362,0
D_0000267163,1,0.999944,1
D_0000267268,0,0.044783,0
D_0000267583,1,0.129705,0
D_0000267982,0,0.202387,1
D_0000268108,1,0.995219,1
D_0000268171,0,0.120462,0
D_0000269011,0,0.016429,0
D_0000269431,1,0.095981,0
D_0000269704,0,0.046482,0
D_0000269725,0,0.165437,0
D_0000269788,1,1.000000,1
D_0000269977,0,0.079226,0
D_0000270061,1,0.994482,1
D_0000270334,1,0.998119,1
D_0000270586,1,0.996828,1
D_0000270859,1,0.990014,1
D_0000270943,0,0.109301,0
D_0000271048,1,0.236586,1
D_0000271174,0,0.226634,1
D_0000271594,0,0.075419,0
D_0000271783,1,0.991460,1
D_0000272560,0,0.049903,0
D_0000272581,1,0.997225,1
D_0000272644,0,0.216718,1
D_0000273127,1,0.993408,1
D_0000273190,1,0.995980,1
D_0000273358,1,0.999983,1
D_0000273421,0,0.042399,0
D_0000273715,1,0.999238,1
D_0000273778,0,0.092117,0
D_0000273862,0,0.056148,0
D_0000273925,1,0.991833,1
D_0000274366,1,0.037988,0
D_0000274513,1,0.993495,1
D_0000274576,1,0.999997,1
D_0000274870,0,0.041734,0
D_0000274933,1,0.146565,0
D_0000275269,1,0.984301,1
D_0000275521,0,0.009322,0
D_0000275836,0,0.042520,0
D_0000275962,0,0.224892,1
D_0000276067,1,0.045735,0
D_0000276508,1,0.060229,0
D_0000276550,0,0.107300,0
D_0000276991,1,0.993349,1
D_0000277012,1,0.989284,1
D_0000277054,1,0.996688,1
D_0000277096,0,0.053999,0
D_0000277285,1,0.335139,1
D_0000277390,0,0.030119,0
D_0000277705,1,0.999382,1
D_0000277789,0,0.034467,0
D_0000278251,1,0.997919,1
D_0000278356,0,0.132400,0
D_0000278650,0,0.161536,0
D_0000278839,0,0.089097,0
D_0000278986,1,0.997633,1
D_0000279049,0,0.043791,0
D_0000279070,0,0.079397,0
D_0000279658,1,0.992752,1
D_0000280204,1,0.998956,1
D_0000280225,1,0.037516,0
D_0000280351,1,0.999914,1
D_0000280729,1,0.991375,1
D_0000281023,0,0.043141,0
D_0000281758,0,0.105012,0
D_0000282220,0,0.030951,0
D_0000282745,1,0.023680,0
D_0000282787,1,0.997955,1
D_0000282976,0,0.028890,0
D_0000283039,1,0.137118,0
D_0000283081,0,0.037832,0
D_0000283207,0,0.024600,0
D_0000283564,1,0.984913,1
D_0000283606,1,0.995646,1
D_0000283627,0,0.098736,0
D_0000284047,1,0.989650,1
D_0000284068,1,0.992977,1
D_0000284278,1,0.297278,1
D_0000284341,1,0.999498,1
D_0000284362,0,0.036010,0
D_0000284383,1,0.999991,1
D_0000284656,1,0.264001,1
D_0000285412,1,0.995943,1
D_0000285769,0,0.060567,0
D_0000285958,1,0.994134,1
D_0000286420,1,0.988627,1
D_0000287029,0,0.119623,0
D_0000287449,0,0.036589,0
D_0000287512,0,0.101969,0
D_0000288121,0,0.076779,0
D_0000288205,1,0.993737,1
D_0000288373,0,0.032223,0
D_0000288394,0,0.029568,0
D_0000288751,1,0.999718,1
D_0000288877,1,0.045616,0
D_0000289024,0,0.116855,0
D_0000289087,0,0.020406,0
D_0000289486,0,0.028002,0
D_0000289528,1,0.988436,1
D_0000289864,1,0.994925,1
D_0000290032,0,0.079407,0
D_0000291082,0,0.045712,0
D_0000291397,1,0.999935,1
D_0000291649,1,0.999734,1
D_0000293287,0,0.017916,0
D_0000293707,1,0.996369,1
D_0000294106,0,0.047367,0
D_0000294211,0,0.181932,0
D_0000294358,0,0.043324,0
D_0000294400,1,0.999944,1
D_0000295093,1,0.997493,1
D_0000295387,1,0.994566,1
D_0000295975,1,0.996760,1
D_0000296311,1,0.999087,1
D_0000296731,0,0.133342,0
D_0000296962,1,0.999992,1
D_0000297403,0,0.066901,0
D_0000297487,1,0.953024,1
D_0000297571,0,0.039390,0
D_0000297886,1,0.992450,1
D_0000297949,0,0.103701,0
D_0000298201,0,0.080501,0
D_0000298537,0,0.114941,0
D_0000298768,1,0.997540,1
D_0000299083,1,0.999816,1
D_0000299965,0,0.160862,0
D_0000300490,1,0.996280,1
D_0000301015,1,0.999957,1
D_0000301246,1,0.993760,1
D_0000301729,1,0.991652,1
D_0000301813,1,0.167265,0
D_0000302275,1,0.999996,1
D_0000302422,1,0.999088,1
D_0000302821,0,0.067471,0
D_0000302926,1,0.997509,1
D_0000302968,0,0.038943,0
D_0000303871,0,0.109487,0
D_0000304102,1,0.984961,1
D_0000304417,1,1.000000,1
D_0000304480,0,0.008128,0
D_0000304606,0,0.209178,1
D_0000304690,0,0.124653,0
D_0000304900,1,0.995866,1
D_0000304942,0,0.018154,0
D_0000305152,1,0.989041,1
D_0000305278,1,0.266702,1
D_0000305866,1,0.235754,1
D_0000306328,1,0.985997,1
D_0000306559,0,0.019363,0
D_0000307126,0,0.034715,0
D_0000307420,0,0.042597,0
D_0000307924,0,0.055844,0
D_0000308092,0,0.064039,0
D_0000308218,1,0.999983,1
D_0000308785,0,0.016012,0
D_0000308995,0,0.089100,0
D_0000309205,1,0.999063,1
D_0000309520,1,0.066101,0
D_0000309541,1,0.086024,0
D_0000309814,1,0.999225,1
D_0000310339,0,0.002179,0
D_0000310381,0,0.020677,0
D_0000310927,1,0.990094,1
D_0000311158,0,0.050213,0
D_0000311305,1,0.987379,1
D_0000311704,0,0.143663,0
D_0000311956,1,0.994243,1
D_0000312376,0,0.018506,0
D_0000312460,1,1.000000,1
D_0000312586,0,0.102298,0
D_0000312628,0,0.162388,0
D_0000312712,0,0.038992,0
D_0000312901,1,0.987881,1
D_0000312922,0,0.029312,0
D_0000313174,1,0.990078,1
D_0000313363,0,0.268851,1
D_0000313762,0,0.007186,0
D_0000314350,0,0.016703,0
D_0000314392,0,0.089198,0
D_0000314518,1,0.997668,1
D_0000314623,1,0.960454,1
D_0000315295,0,0.018699,0
D_0000315484,0,0.044809,0
D_0000315904,1,0.997258,1
D_0000316345,1,0.999088,1
D_0000316450,0,0.041931,0
D_0000316597,0,0.026060,0
D_0000316639,1,0.990117,1
D_0000316765,0,0.137205,0
D_0000317521,0,0.497013,1
D_0000317773,1,0.998180,1
D_0000318634,1,0.999546,1
D_0000319054,1,0.999297,1
D_0000319495,1,0.184122,0
D_0000320230,1,0.996881,1
D_0000320272,1,0.991333,1
D_0000320839,0,0.064805,0
D_0000321049,1,0.989832,1
D_0000321217,1,0.997761,1
D_0000321616,0,0.042264,0
D_0000321763,0,0.035226,0
D_0000321847,0,0.015785,0
D_0000322015,0,0.042095,0
D_0000323548,0,0.499164,1
D_0000323716,1,0.999991,1
D_0000324010,1,0.996851,1
D_0000324073,1,0.994211,1
D_0000325060,0,0.055938,0
D_0000325396,1,0.992999,1
D_0000326173,0,0.026174,0
D_0000326278,1,0.992598,1
D_0000326404,0,0.036922,0
D_0000326467,1,0.999955,1
D_0000326530,0,0.157713,0
D_0000327118,1,0.171102,0
D_0000327181,1,0.999912,1
D_0000327244,1,0.996615,1
D_0000327433,0,0.075658,0
D_0000327727,1,0.999970,1
D_0000328882,1,0.378586,1
D_0000329113,0,0.076279,0
D_0000329197,1,0.999999,1
D_0000329260,0,0.176935,0
D_0000330016,0,0.026370,0
D_0000330037,1,0.994779,1
D_0000330100,0,0.143112,0
D_0000330289,0,0.023479,0
D_0000330457,1,0.992604,1
D_0000330478,1,0.998008,1
D_0000330499,0,0.054898,0
D_0000330604,1,0.999858,1
D_0000330646,1,0.030479,0
D_0000330709,1,0.992669,1
D_0000330793,1,0.044912,0
D_0000331129,1,0.793221,1
D_0000331171,0,0.028590,0
D_0000331339,1,0.993365,1
D_0000331675,1,0.994065,1
D_0000331696,1,0.999984,1
D_0000332095,0,0.005353,0
D_0000332683,0,0.014239,0
D_0000332746,1,0.995787,1
D_0000333355,1,0.993300,1
D_0000333880,1,0.098277,0
D_0000334132,1,0.996888,1
D_0000334447,0,0.024186,0
D_0000334657,0,0.040236,0
D_0000334678,1,0.999997,1
D_0000335980,0,0.036122,0
D_0000336253,0,0.050854,0
D_0000336379,1,0.998067,1
D_0000336421,1,0.988491,1
D_0000336610,1,0.904955,1
D_0000336673,1,0.996006,1
D_0000336736,1,0.999112,1
D_0000336862,1,0.997991,1
D_0000337009,0,0.070717,0
D_0000337303,0,0.304916,1
D_0000337576,1,0.154037,0
D_0000338080,1,0.996302,1
D_0000338248,1,0.995159,1
D_0000338647,0,0.056039,0
D_0000338773,1,0.998701,1
D_0000338857,0,0.159161,0
D_0000339193,0,0.053363,0
D_0000339403,0,0.042383,0
D_0000339508,0,0.065459,0
D_0000339550,1,0.989022,1
D_0000339676,0,0.059508,0
D_0000339844,1,0.992782,1
D_0000340054,0,0.007756,0
D_0000340495,0,0.039802,0
D_0000340684,0,0.105742,0
D_0000340705,0,0.036198,0
D_0000340894,0,0.023284,0
D_0000340936,0,0.042148,0
D_0000341230,1,0.996349,1
D_0000341629,0,0.075437,0
D_0000342574,1,0.984500,1
D_0000342742,1,0.997692,1
D_0000343561,1,0.983585,1
D_0000344002,1,0.003015,0
D_0000344044,0,0.200403,1
D_0000344569,1,0.990389,1
D_0000344632,0,0.015495,0
D_0000345157,0,0.031838,0
D_0000345199,1,0.993156,1
D_0000345661,0,0.132963,0
D_0000345703,1,0.999865,1
D_0000346165,1,0.993184,1
D_0000346186,0,0.060327,0
D_0000346207,0,0.000887,0
D_0000346228,0,0.036965,0
D_0000346522,1,0.967395,1
D_0000346732,1,0.995654,1
D_0000346837,1,0.977201,1
D_0000346900,1,0.998981,1
D_0000346942,1,0.229605,1
D_0000347299,0,0.052978,0
D_0000347551,1,0.103670,0
D_0000347677,1,0.281009,1
D_0000348139,1,0.993202,1
D_0000348181,0,0.014018,0
D_0000348328,1,0.998472,1
D_0000348496,1,0.998597,1
D_0000349210,0,0.989811,1
D_0000349231,1,0.992435,1
D_0000350029,0,0.046150,0
D_0000350428,0,0.006744,0
D_0000350449,0,0.041274,0
D_0000350470,1,0.998760,1
D_0000350701,0,0.016926,0
D_0000350995,0,0.120525,0
D_0000351058,1,0.998722,1
D_0000351121,0,0.088595,0
D_0000351499,0,0.100666,0
D_0000352108,1,0.996664,1
D_0000352213,1,0.153870,0
D_0000352444,0,0.044657,0
D_0000352528,1,0.999875,1
D_0000352570,1,0.988443,1
D_0000352864,1,0.995297,1
D_0000352969,0,0.044797,0
D_0000353599,0,0.027563,0
D_0000354166,0,0.031075,0
D_0000354397,1,0.998626,1
D_0000354523,1,0.001273,0
D_0000354565,1,0.995514,1
D_0000354586,1,0.990337,1
D_0000354670,0,0.055862,0
D_0000354712,0,0.020571,0
D_0000355111,0,0.145449,0
D_0000355930,0,0.076485,0
D_0000356077,0,0.019877,0
D_0000356224,1,0.996492,1
D_0000356266,1,0.990867,1
D_0000356308,1,0.980288,1
D_0000356833,0,0.071809,0
D_0000357631,1,0.994283,1
D_0000357694,1,0.999624,1
D_0000358009,0,0.056099,0
D_0000359017,1,0.998615,1
D_0000359815,1,1.000000,1
D_0000359878,0,0.133092,0
D_0000360109,0,0.032930,0
D_0000360172,1,0.995204,1
D_0000360277,1,0.998986,1
D_0000360340,0,0.033674,0
D_0000360991,1,0.999998,1
D_0000361096,1,0.999999,1
D_0000361243,0,0.050640,0
D_0000361537,1,0.999942,1
D_0000361894,0,0.012768,0
D_0000362104,0,0.120532,0
D_0000362839,1,0.993133,1
D_0000363448,0,0.021038,0
D_0000363637,1,0.996369,1
D_0000364330,1,0.990363,1
D_0000365002,0,0.050910,0
D_0000365065,1,0.990875,1
D_0000366535,0,0.001532,0
D_0000367018,1,1.000000,1
D_0000367732,0,0.042819,0
D_0000368488,0,0.055376,0
D_0000369937,1,0.999973,1
D_0000370021,1,0.996704,1
D_0000370168,0,0.047245,0
D_0000370315,0,0.070853,0
D_0000370483,1,0.999889,1
D_0000370504,0,0.036579,0
D_0000371428,0,0.118075,0
D_0000371491,1,0.957723,1
D_0000371575,1,0.993724,1
D_0000371764,1,0.998475,1
D_0000372100,0,0.010832,0
D_0000372289,0,0.060648,0
D_0000372415,0,0.048540,0
D_0000372856,0,0.077995,0
D_0000373339,1,0.999832,1
D_0000373822,1,0.996296,1
D_0000373843,1,0.985785,1
D_0000374746,1,0.992865,1
D_0000375208,0,0.029064,0
D_0000375733,0,0.258588,1
D_0000375754,0,0.075722,0
D_0000376048,1,0.994976,1
D_0000376321,0,0.112812,0
D_0000376531,1,0.970953,1
D_0000376615,1,0.999074,1
D_0000378484,1,0.992502,1
D_0000378589,0,0.367387,1
D_0000378736,0,0.133398,0
D_0000378904,1,0.995717,1
D_0000379156,0,0.056587,0
D_0000379807,1,0.992082,1
D_0000380059,1,0.999915,1
D_0000380101,0,0.022125,0
D_0000380626,1,0.999962,1
D_0000380647,1,0.999999,1
D_0000380752,0,0.135589,0
D_0000380773,1,0.999850,1
D_0000382012,0,0.026978,0
D_0000382327,1,0.997848,1
D_0000382726,0,0.016266,0
D_0000382852,0,0.446835,1
D_0000383377,1,0.999907,1
D_0000383503,1,0.999678,1
D_0000383524,1,0.995634,1
D_0000383692,1,0.993139,1
D_0000383755,0,0.011519,0
D_0000383797,0,0.183921,0
D_0000383944,1,0.979005,1
D_0000383965,0,0.106792,0
D_0000384574,1,0.999955,1
D_0000385141,0,0.094636,0
D_0000386044,0,0.017321,0
D_0000386065,0,0.063704,0
D_0000386191,1,0.995258,1
D_0000386233,1,0.489334,1
D_0000386485,0,0.113394,0
D_0000387031,1,0.990313,1
D_0000387304,1,0.734464,1
D_0000387619,1,0.997789,1
D_0000387766,0,0.007577,0
D_0000387913,0,0.022041,0
D_0000387934,0,0.031850,0
D_0000388018,1,0.990318,1
D_0000388249,1,0.082332,0
D_0000388438,1,0.999068,1
D_0000388669,0,0.027109,0
D_0000388732,1,0.997893,1
D_0000388963,1,0.995696,1
D_0000389152,1,0.092172,0
D_0000389635,1,0.990786,1
D_0000389803,0,0.008454,0
D_0000389845,1,0.993668,1
D_0000389866,0,0.063190,0
D_0000390097,1,0.999944,1
D_0000392617,0,0.214108,1
D_0000393016,0,0.051328,0
D_0000393037,0,0.039944,0
D_0000393163,0,0.060901,0
D_0000393205,1,0.992619,1
D_0000393268,1,0.997157,1
D_0000393373,1,0.972223,1
D_0000393814,0,0.127576,0
D_0000394024,1,0.999612,1
D_0000394444,1,0.984333,1
D_0000394507,0,0.179800,0
D_0000394843,1,0.979581,1
D_0000394948,0,0.304676,1
D_0000395200,1,0.989878,1
D_0000396439,0,0.039457,0
D_0000396649,1,0.996407,1
D_0000396712,1,0.992623,1
D_0000397195,1,0.999693,1
D_0000397237,1,0.999347,1
D_0000397384,1,0.996372,1
D_0000397405,1,0.994263,1
D_0000397510,1,0.996858,1
D_0000397888,0,0.145407,0
D_0000398035,1,0.999968,1
D_0000398245,0,0.036835,0
D_0000398854,1,0.996980,1
D_0000399505,1,0.996084,1
D_0000399526,1,0.994288,1
D_0000399841,0,0.042114,0
D_0000400135,1,0.994648,1
D_0000400576,0,0.047598,0
D_0000401206,0,0.031221,0
D_0000401227,1,0.987005,1
D_0000401353,0,0.078694,0
D_0000402004,1,0.995025,1
D_0000402151,1,0.999922,1
D_0000402193,1,0.997217,1
D_0000402277,1,0.996766,1
D_0000403033,1,0.997796,1
D_0000403054,1,0.279766,1
D_0000403369,0,0.119944,0
D_0000403579,0,0.055761,0
D_0000404272,1,0.993616,1
D_0000404482,1,0.992621,1
D_0000405070,1,0.999240,1
D_0000405238,0,0.012444,0
D_0000405595,1,0.998753,1
D_0000406267,1,0.998995,1
D_0000407359,1,0.985890,1
D_0000407422,1,0.995839,1
D_0000407527,1,0.995465,1
D_0000408178,1,0.998687,1
D_0000408262,0,0.073245,0
D_0000408367,1,0.995993,1
D_0000408703,0,0.011460,0
D_0000409081,0,0.041002,0
D_0000409375,1,0.995815,1
D_0000409585,1,0.991876,1
D_0000410341,1,0.979975,1
D_0000410446,1,0.998446,1
D_0000410656,1,0.999137,1
D_0000411034,1,0.996180,1
D_0000411244,0,0.085966,0
D_0000411391,1,0.999932,1
D_0000411475,1,0.988030,1
D_0000411706,1,0.984776,1
D_0000411790,1,0.997031,1
D_0000411853,0,0.263085,1
D_0000412063,1,0.991773,1
D_0000412294,1,0.165645,0
D_0000412588,0,0.019959,0
D_0000412693,1,0.996980,1
D_0000412819,1,0.991675,1
D_0000412840,0,0.038358,0
D_0000412945,0,0.034622,0
D_0000413008,1,0.996778,1
D_0000413197,1,0.999846,1
D_0000414940,0,0.047130,0
D_0000415024,1,0.410233,1
D_0000415318,1,0.203093,1
D_0000415507,0,0.045843,0
D_0000415570,0,0.041221,0
D_0000415696,0,0.004484,0
D_0000415990,0,0.031162,0
D_0000416011,1,0.991992,1
D_0000416830,1,0.366151,1
D_0000417187,0,0.128101,0
D_0000417439,1,0.991868,1
D_0000417607,1,0.997940,1
D_0000418321,1,0.993122,1
D_0000419686,1,0.995880,1
D_0000420337,1,0.992399,1
D_0000420421,0,0.095003,0
D_0000420610,1,0.998731,1
D_0000421051,0,0.059404,0
D_0000421282,1,0.999672,1
D_0000422416,0,0.027756,0
D_0000422962,1,0.998138,1
D_0000423004,0,0.035872,0
D_0000423046,1,0.998442,1
D_0000423655,0,0.029216,0
D_0000423802,0,0.047965,0
D_0000424012,1,0.999364,1
D_0000424180,0,0.094546,0
D_0000424747,0,0.036924,0
D_0000425125,1,0.999869,1
D_0000425272,0,0.097398,0
D_0000425608,0,0.018800,0
D_0000425713,1,0.997302,1
D_0000425965,1,0.243569,1
D_0000426763,1,0.999999,1
D_0000428317,0,0.044144,0
D_0000428338,0,0.030781,0
D_0000428632,1,0.990869,1
D_0000428842,1,0.992537,1
D_0000428905,1,0.995252,1
D_0000429115,0,0.028971,0
D_0000429199,1,0.999991,1
D_0000429241,1,1.000000,1
D_0000429514,1,0.996303,1
D_0000429535,1,0.991669,1
D_0000429577,1,0.997988,1
D_0000429598,1,0.999049,1
D_0000429934,1,0.999997,1
D_0000430396,0,0.103983,0
D_0000430480,0,0.019310,0
D_0000431425,1,0.992850,1
D_0000431530,1,0.993069,1
D_0000431551,1,0.999738,1
D_0000432013,1,0.999234,1
D_0000432286,1,0.993046,1
D_0000432559,0,0.147778,0
D_0000432895,0,0.082110,0
D_0000433042,1,0.990019,1
D_0000433168,1,0.999994,1
D_0000433357,1,0.999439,1
D_0000433588,1,0.995716,1
D_0000433714,1,0.999241,1
D_0000433798,0,0.015138,0
D_0000434071,1,0.989812,1
D_0000434218,1,0.067594,0
D_0000435268,0,0.032994,0
D_0000435583,1,0.988438,1
D_0000435898,1,1.000000,1
D_0000436129,0,0.057713,0
D_0000436738,1,0.997307,1
D_0000437179,1,0.063324,0
D_0000437242,0,0.059601,0
D_0000437704,0,0.023147,0
D_0000437851,1,0.991386,1
D_0000437893,0,0.041239,0
D_0000437977,0,0.053792,0
D_0000439888,1,0.996409,1
D_0000439909,0,0.117283,0
D_0000440035,1,1.000000,1
D_0000440287,1,0.995861,1
D_0000440476,1,0.999670,1
D_0000441022,1,0.995105,1
D_0000441064,1,0.998415,1
D_0000441085,1,0.996427,1
D_0000441442,0,0.146501,0
D_0000442429,0,0.040147,0
D_0000442492,1,0.996741,1
D_0000442534,0,0.125618,0
D_0000442618,0,0.040121,0
D_0000443101,1,0.981437,1
D_0000443122,1,0.999163,1
D_0000443353,0,0.073588,0
D_0000443542,0,0.106428,0
D_0000443626,1,0.999999,1
D_0000443773,1,0.160460,0
D_0000444130,0,0.203842,1
D_0000444718,1,0.988495,1
D_0000444823,0,0.003320,0
D_0000444928,1,0.991519,1
D_0000444991,1,0.998921,1
D_0000445075,1,0.774887,1
D_0000445474,0,0.022185,0
D_0000445894,1,0.990880,1
D_0000445915,0,0.010186,0
D_0000446503,0,0.011329,0
D_0000446566,1,0.999725,1
D_0000446902,0,0.037789,0
D_0000447196,1,0.993864,1
D_0000447427,0,0.005581,0
D_0000447721,0,0.035203,0
D_0000448078,0,0.061373,0
D_0000449212,1,0.997114,1
D_0000449254,0,0.025872,0
D_0000449611,1,0.993855,1
D_0000449905,1,0.228918,1
D_0000450325,0,0.039398,0
D_0000450997,1,0.987820,1
D_0000451144,0,0.058361,0
D_0000451438,1,0.999996,1
D_0000451606,0,0.014538,0
D_0000451942,1,0.999958,1
D_0000451984,1,0.994956,1
D_0000452194,0,0.126103,0
D_0000452299,1,0.990709,1
D_0000452509,1,0.257327,1
D_0000452740,1,0.996216,1
D_0000453097,0,0.062833,0
D_0000453328,0,0.024875,0
D_0000453349,0,0.032336,0
D_0000453370,1,0.014934,0
D_0000453664,1,0.983441,1
D_0000453979,1,0.068529,0
D_0000454189,1,0.121914,0
D_0000454294,0,0.052673,0
D_0000454420,0,0.037681,0
D_0000454462,1,0.990764,1
D_0000454504,1,0.994048,1
D_0000454756,0,0.035685,0
D_0000454903,0,0.104752,0
D_0000455869,1,0.996255,1
D_0000455890,0,0.047497,0
D_0000456037,0,0.033947,0
D_0000456079,1,0.998590,1
D_0000456163,1,0.069811,0
D_0000456226,1,0.096035,0
D_0000456457,1,0.995596,1
D_0000456688,0,0.008129,0
D_0000456709,0,0.125054,0
D_0000456730,0,0.081117,0
D_0000456940,1,0.993574,1
D_0000457087,0,0.143017,0
D_0000457360,1,0.998047,1
D_0000457696,0,0.044180,0
D_0000457864,1,0.991197,1
D_0000458704,0,0.082995,0
D_0000458767,1,0.999300,1
D_0000458809,1,0.996067,1
D_0000459082,0,0.373890,1
D_0000459376,0,0.039079,0
D_0000459607,1,0.975041,1
D_0000459775,1,0.969387,1
D_0000459859,1,0.997799,1
D_0000460069,0,0.112097,0
D_0000460174,0,0.236758,1
D_0000460216,0,0.033522,0
D_0000460594,0,0.049293,0
D_0000461119,1,0.993561,1
D_0000461434,1,0.995609,1
D_0000462211,1,0.993702,1
D_0000462295,0,0.146023,0
D_0000462316,0,0.193639,1
D_0000462463,0,0.016349,0
D_0000462715,0,0.051283,0
D_0000462925,0,0.069966,0
D_0000462988,0,0.022476,0
D_0000463534,1,0.172025,0
D_0000464479,0,0.018004,0
D_0000464584,1,0.997581,1
D_0000464689,1,0.985988,1
D_0000464815,0,0.011713,0
D_0000465445,0,0.078245,0
D_0000466012,0,0.023287,0
D_0000466264,0,0.047767,0
D_0000466873,0,0.030761,0
D_0000466978,0,0.013571,0
D_0000467734,1,0.997505,1
D_0000468196,1,0.991397,1
D_0000468805,1,0.999973,1
D_0000470044,0,0.061780,0
D_0000470401,1,0.994828,1
D_0000470716,1,0.991480,1
D_0000470926,0,0.047158,0
D_0000471157,1,0.996951,1
D_0000471199,0,0.032106,0
D_0000471367,1,0.999919,1
D_0000471619,1,1.000000,1
D_0000471682,0,0.149866,0
D_0000472207,1,0.992851,1
D_0000472522,1,0.993056,1
D_0000473026,1,0.994807,1
D_0000473824,1,0.315889,1
D_0000473971,0,0.254195,1
D_0000474013,1,0.993260,1
D_0000474265,1,0.993122,1
D_0000474622,1,0.997557,1
D_0000475063,1,0.995640,1
D_0000475126,1,0.979962,1
D_0000475147,1,0.989622,1
D_0000475294,1,0.999887,1
D_0000475336,1,0.997294,1
D_0000475441,1,0.999926,1
D_0000475630,1,0.997914,1
D_0000475819,0,0.009352,0
D_0000475882,0,0.055782,0
D_0000476785,1,0.996262,1
D_0000476869,1,0.998334,1
D_0000477016,0,0.379174,1
D_0000477100,1,0.987580,1
D_0000477457,1,0.114962,0
D_0000477793,0,0.056747,0
D_0000477856,1,0.999418,1
D_0000478402,0,0.026441,0
D_0000478507,0,0.060720,0
D_0000478549,1,0.989900,1
D_0000478612,0,0.269288,1
D_0000478675,1,0.994608,1
D_0000478738,0,0.218906,1
D_0000478822,1,0.994066,1
D_0000478885,0,0.281635,1
D_0000478906,0,0.008721,0
D_0000479011,1,0.999957,1
D_0000479347,1,0.999846,1
D_0000479452,1,0.024804,0
D_0000480019,0,0.023328,0
D_0000480523,1,0.992239,1
D_0000481132,0,0.190295,1
D_0000481468,0,0.031945,0
D_0000481573,1,0.994404,1
D_0000481972,1,0.997113,1
D_0000482287,1,0.994217,1
D_0000482560,1,0.996416,1
D_0000482980,1,0.984219,1
D_0000483001,1,1.000000,1
D_0000483106,0,0.147099,0
D_0000483211,1,0.983258,1
D_0000483274,1,0.999898,1
D_0000483484,1,0.994221,1
D_0000483757,1,1.000000,1
D_0000483799,0,0.055226,0
D_0000484072,0,0.123379,0
D_0000484324,1,0.997901,1
D_0000485311,0,0.022584,0
D_0000485542,1,0.994401,1
D_0000485836,0,0.141493,0
D_0000486277,1,0.292423,1
D_0000486445,1,0.889144,1
D_0000486613,1,0.126490,0
D_0000487033,1,0.996373,1
D_0000487117,1,0.999799,1
D_0000487180,0,0.101972,0
D_0000487495,0,0.021683,0
D_0000487642,1,0.995658,1
D_0000487852,0,0.085335,0
D_0000488356,0,0.076861,0
D_0000488482,1,0.999837,1
D_0000488629,0,0.006618,0
D_0000489028,1,0.999220,1
D_0000489154,1,0.997606,1
D_0000489175,0,0.018704,0
D_0000489763,0,0.028842,0
D_0000489784,1,0.994551,1
D_0000490351,0,0.060485,0
D_0000490435,1,0.999993,1
D_0000490456,0,0.029285,0
D_0000490645,0,0.069029,0
D_0000490687,0,0.078158,0
D_0000490771,0,0.238839,1
D_0000490960,1,0.100743,0
D_0000491170,0,0.071838,0
D_0000491191,0,0.073436,0
D_0000491212,1,0.983458,1
D_0000491485,0,0.062496,0
D_0000491737,1,0.071688,0
D_0000491989,0,0.080966,0
D_0000492178,1,1.000000,1
D_0000492577,0,0.014700,0
D_0000493522,1,0.996411,1
D_0000493627,1,1.000000,1
D_0000493669,0,0.043898,0
D_0000493858,1,1.000000,1
D_0000494068,1,0.993529,1
D_0000494299,1,0.999874,1
D_0000495181,0,0.152272,0
D_0000495286,1,1.000000,1
D_0000495412,1,0.993684,1
D_0000495454,0,0.283497,1
D_0000495874,1,0.079094,0
D_0000495937,1,0.996914,1
D_0000495958,1,0.997305,1
D_0000496315,1,0.990205,1
D_0000496399,0,0.032331,0
D_0000496756,1,0.996774,1
D_0000497512,1,0.233258,1
D_0000497659,0,0.082934,0
D_0000498058,1,0.995201,1
D_0000498205,1,0.991295,1
D_0000498268,1,0.998821,1
D_0000498289,0,0.023350,0
D_0000498310,1,0.064298,0
D_0000498961,1,0.993363,1
D_0000499087,0,0.062835,0
D_0000499276,0,0.132090,0
D_0000499549,0,0.017025,0
D_0000499801,0,0.072483,0
D_0000500179,1,0.959530,1
D_0000500431,1,0.824827,1
D_0000501229,0,0.130091,0
D_0000501586,0,0.072215,0
D_0000501880,1,0.978694,1
D_0000502615,1,0.996958,1
D_0000502657,1,0.996384,1
D_0000503161,0,0.124504,0
D_0000503224,0,0.056579,0
D_0000503560,0,0.059958,0
D_0000503581,0,0.045138,0
D_0000503812,0,0.926225,1
D_0000503896,0,0.153895,0
D_0000504001,0,0.145155,0
D_0000504211,1,0.999804,1
D_0000504421,1,1.000000,1
D_0000504799,1,0.999935,1
D_0000505597,1,0.994216,1
D_0000505996,0,0.065331,0
D_0000506227,0,0.008282,0
D_0000506563,0,0.033818,0
D_0000506794,0,0.049301,0
D_0000507130,1,0.999880,1
D_0000507277,1,0.991781,1
D_0000508054,1,0.995894,1
D_0000508558,0,0.052689,0
D_0000509062,1,0.995231,1
D_0000509083,1,0.987903,1
D_0000509104,1,0.678636,1
D_0000509776,0,0.060826,0
D_0000509797,1,0.990627,1
D_0000510133,0,0.024578,0
D_0000510154,1,0.977249,1
D_0000510175,1,0.086947,0
D_0000510574,1,0.992441,1
D_0000510763,1,0.990756,1
D_0000510910,0,0.009654,0
D_0000511162,0,0.044890,0
D_0000511183,0,0.029361,0
D_0000511393,0,0.106025,0
D_0000511414,0,0.012115,0
D_0000511498,1,0.999990,1
D_0000511708,1,1.000000,1
D_0000512569,1,0.997923,1
D_0000513493,0,0.047732,0
D_0000513913,1,0.993205,1
D_0000514165,0,0.227686,1
D_0000514249,1,0.995017,1
D_0000514291,1,0.999934,1
D_0000514312,1,0.995818,1
D_0000514417,1,0.990871,1
D_0000514669,0,0.116573,0
D_0000514732,1,0.998005,1
D_0000514942,0,0.037733,0
D_0000515068,1,0.996447,1
D_0000515341,1,0.997094,1
D_0000515467,0,0.166821,0
D_0000515572,0,0.010314,0
D_0000515887,1,0.995557,1
D_0000516244,1,0.999997,1
D_0000516685,1,0.992521,1
D_0000516937,1,0.995402,1
D_0000517336,0,0.045142,0
D_0000518071,1,0.095435,0
D_0000518197,0,0.074652,0
D_0000518554,1,0.998426,1
D_0000518638,0,0.032467,0
D_0000519457,0,0.128521,0
D_0000519499,0,0.042879,0
D_0000519625,1,0.996900,1
D_0000519751,1,0.997058,1
D_0000520192,0,0.039213,0
D_0000520507,1,0.996481,1
D_0000520822,1,0.210397,1
D_0000520885,0,0.017925,0
D_0000521557,1,0.991920,1
D_0000521914,0,0.077856,0
D_0000522187,1,0.986053,1
D_0000522250,0,0.486284,1
D_0000522292,0,0.098248,0
D_0000522397,0,0.020776,0
D_0000522628,1,0.989362,1
D_0000522796,0,0.138799,0
D_0000523405,1,0.999939,1
D_0000523426,1,0.997883,1
D_0000523468,1,0.996969,1
D_0000523846,0,0.021614,0
D_0000523972,1,0.996295,1
D_0000524707,1,0.996725,1
D_0000524875,1,0.996328,1
D_0000525652,1,0.994474,1
D_0000525841,0,0.048462,0
D_0000526009,0,0.065536,0
D_0000526135,1,0.997852,1
D_0000526639,0,0.088270,0
D_0000526723,1,0.999869,1
D_0000526744,1,0.999969,1
D_0000526786,1,0.996341,1
D_0000527206,0,0.123490,0
D_0000527647,0,0.046222,0
D_0000527794,0,0.098654,0
D_0000528130,1,0.110285,0
D_0000528235,0,0.004634,0
D_0000529201,0,0.038939,0
D_0000529516,0,0.186815,0
D_0000529621,0,0.070731,0
D_0000529957,1,0.999398,1
D_0000530188,0,0.051545,0
D_0000530209,0,0.068858,0
D_0000530818,0,0.143551,0
D_0000531007,0,0.048195,0
D_0000531196,1,0.995158,1
D_0000531448,1,0.075856,0
D_0000531490,1,0.999535,1
D_0000531532,0,0.046485,0
D_0000532435,0,0.029407,0
D_0000533107,0,0.046054,0
D_0000534178,0,0.061250,0
D_0000534283,0,0.020013,0
D_0000534346,1,0.999985,1
D_0000534409,1,0.053563,0
D_0000534661,0,0.037704,0
D_0000534808,1,0.994395,1
D_0000534997,0,0.098790,0
D_0000535081,1,0.995113,1
D_0000535522,1,0.655995,1
D_0000535585,0,0.044438,0
D_0000535858,0,0.021520,0
D_0000535921,1,0.988001,1
D_0000536089,0,0.077204,0
D_0000536131,1,0.994713,1
D_0000536152,1,0.971146,1
D_0000536236,1,0.991131,1
D_0000536488,0,0.205423,1
D_0000537160,0,0.046974,0
D_0000537412,1,0.993685,1
D_0000537811,1,0.074849,0
D_0000538126,1,0.999777,1
D_0000538294,1,0.984939,1
D_0000538420,1,0.993469,1
D_0000538504,0,0.069972,0
D_0000538546,0,0.056298,0
D_0000538609,1,0.993618,1
D_0000538903,0,0.030224,0
D_0000539218,0,0.027874,0
D_0000539302,0,0.050863,0
D_0000539470,1,0.987639,1
D_0000539512,0,0.036568,0
D_0000539785,0,0.024426,0
D_0000540142,0,0.029010,0
D_0000540415,1,0.987710,1
D_0000540457,0,0.037823,0
D_0000541087,0,0.037373,0
D_0000541696,0,0.002538,0
D_0000541801,1,0.999937,1
D_0000541843,1,0.999937,1
D_0000542158,0,0.044568,0
D_0000542200,1,1.000000,1
D_0000542263,0,0.046917,0
D_0000542347,0,0.091469,0
D_0000542515,0,0.029348,0
D_0000542914,0,0.055526,0
D_0000542956,1,0.994401,1
D_0000543187,1,0.997935,1
D_0000543376,1,0.003522,0
D_0000543712,0,0.024964,0
D_0000544657,1,0.991941,1
D_0000544993,1,0.996694,1
D_0000545560,0,0.015158,0
D_0000545812,1,0.996134,1
D_0000546022,0,0.070913,0
D_0000546085,1,0.995664,1
D_0000546631,1,0.998768,1
D_0000546673,1,0.990698,1
D_0000547114,0,0.077174,0
D_0000547198,1,0.998284,1
D_0000547219,1,0.999889,1
D_0000548059,1,0.998507,1
D_0000548122,0,0.008012,0
D_0000548164,1,0.998198,1
D_0000548269,1,0.103403,0
D_0000548479,1,0.999808,1
D_0000548752,0,0.077412,0
D_0000548878,1,1.000000,1
D_0000549508,0,0.046825,0
D_0000550642,0,0.043758,0
D_0000551041,0,0.058907,0
D_0000551188,0,0.113325,0
D_0000551461,1,0.999997,1
D_0000551797,1,0.999594,1
D_0000552280,0,0.072897,0
D_0000552469,0,0.122047,0
D_0000552868,1,0.999455,1
D_0000553204,1,0.995557,1
D_0000553288,0,0.000418,0
D_0000553582,0,0.032583,0
D_0000553603,1,0.999027,1
D_0000553645,0,0.041629,0
D_0000553771,1,0.992645,1
D_0000553918,1,0.284080,1
D_0000554044,0,0.064355,0
D_0000554233,1,0.993767,1
D_0000554296,1,0.994900,1
D_0000554485,0,0.027546,0
D_0000554674,0,0.221245,1
D_0000555094,1,0.991652,1
D_0000555262,0,0.091807,0
D_0000555430,1,0.994174,1
D_0000555556,1,0.997400,1
D_0000555577,1,0.993837,1
D_0000555724,1,0.994456,1
D_0000556522,1,0.999971,1
D_0000556753,1,0.999989,1
D_0000556984,0,0.040820,0
D_0000557383,1,1.000000,1
D_0000558664,1,0.955930,1
D_0000559168,0,0.029719,0
D_0000559945,1,0.990819,1
D_0000560071,1,0.995814,1
D_0000560281,1,0.994982,1
D_0000560386,0,0.073292,0
D_0000560491,1,0.994364,1
D_0000560743,1,0.999998,1
D_0000561058,0,0.013058,0
D_0000561352,1,0.996434,1
D_0000561562,0,0.600588,1
D_0000561604,0,0.009882,0
D_0000561877,0,0.208987,1
D_0000562297,1,0.991954,1
D_0000562360,1,0.996900,1
D_0000562675,1,0.987932,1
D_0000562906,1,0.994411,1
D_0000563137,0,0.009343,0
D_0000563263,1,0.992331,1
D_0000563284,0,0.076066,0
D_0000563389,1,0.996788,1
D_0000563494,0,0.040810,0
D_0000564418,1,0.991745,1
D_0000564544,1,0.993377,1
D_0000564922,0,0.024742,0
D_0000565279,0,0.010500,0
D_0000565552,0,0.034602,0
D_0000565930,0,0.062266,0
D_0000566287,0,0.141679,0
D_0000566749,1,0.092829,0
D_0000567001,1,0.999974,1
D_0000567211,0,0.101349,0
D_0000567547,1,0.991242,1
D_0000567778,1,0.992844,1
D_0000568135,1,0.995182,1
D_0000568576,0,0.007332,0
D_0000568681,0,0.209329,1
D_0000568891,0,0.054694,0
D_0000568975,1,0.980754,1
D_0000569248,1,0.989763,1
D_0000569731,1,0.995211,1
D_0000570025,1,0.992637,1
D_0000570298,0,0.059810,0
D_0000570718,1,0.993099,1
D_0000571222,0,0.207739,1
D_0000571663,0,0.107785,0
D_0000572566,1,0.999620,1
D_0000572818,0,0.009345,0
D_0000573196,0,0.055251,0
D_0000574498,1,0.991155,1
D_0000574603,1,0.999902,1
D_0000575359,0,0.053863,0
D_0000575527,0,0.122827,0
D_0000575695,1,0.776745,1
D_0000575716,1,0.986022,1
D_0000575863,1,0.997875,1
D_0000576010,0,0.006916,0
D_0000576325,0,0.016477,0
D_0000576787,1,0.990210,1
D_0000576850,1,0.998444,1
D_0000577039,0,0.011880,0
D_0000577123,1,0.041602,0
D_0000577186,0,0.028596,0
D_0000577228,1,0.996281,1
D_0000577648,0,0.113132,0
D_0000578005,0,0.231855,1
D_0000578425,0,0.020628,0
D_0000578950,1,0.999975,1
D_0000579307,1,0.029700,0
D_0000579727,0,0.063317,0
D_0000580252,1,0.991937,1
D_0000580588,0,0.061309,0
D_0000580777,0,0.067186,0
D_0000580840,1,0.992190,1
D_0000581071,0,0.105266,0
D_0000581344,1,0.999998,1
D_0000581386,1,0.995030,1
D_0000581428,1,0.128837,0
D_0000581617,0,0.021171,0
D_0000582331,0,0.109918,0
D_0000582709,1,0.991430,1
D_0000583549,1,0.999997,1
D_0000584326,0,0.024771,0
D_0000584452,1,0.999882,1
D_0000584599,1,0.975913,1
D_0000584788,1,0.996381,1
D_0000585166,1,0.996097,1
D_0000585187,0,0.039307,0
D_0000586006,0,0.057634,0
D_0000586090,1,0.999355,1
D_0000586216,1,0.996532,1
D_0000586258,1,0.995911,1
D_0000586405,0,0.099921,0
D_0000586762,1,0.998921,1
D_0000587455,1,0.998459,1
D_0000588064,0,0.071480,0
D_0000588295,0,0.013426,0
D_0000588526,0,0.063100,0
D_0000589408,0,0.031900,0
D_0000589765,1,0.991446,1
D_0000589807,1,0.998747,1
D_0000590164,0,0.079046,0
D_0000590353,1,0.992306,1
D_0000590416,1,0.994484,1
D_0000591235,1,0.999669,1
D_0000591634,1,0.991745,1
D_0000591886,0,0.030655,0
D_0000592201,1,0.991178,1
D_0000592432,1,0.997668,1
D_0000592495,1,0.999238,1
D_0000592999,1,0.999126,1
D_0000593041,1,0.998186,1
D_0000593335,0,0.158574,0
D_0000593440,1,0.994916,1
D_0000593482,1,0.998608,1
D_0000593755,0,0.059397,0
D_0000593902,0,0.087914,0
D_0000594196,0,0.115602,0
D_0000594217,1,0.999958,1
D_0000594238,0,0.095564,0
D_0000594343,1,0.977899,1
D_0000594763,0,0.038212,0
D_0000595078,0,0.054915,0
D_0000596401,1,0.999886,1
D_0000597031,0,0.094027,0
D_0000598711,0,0.077775,0
D_0000598816,0,0.041743,0
D_0000599152,1,0.990492,1
D_0000599278,1,0.999950,1
D_0000599299,1,0.997042,1
D_0000599467,0,0.109506,0
D_0000599614,0,0.050057,0
D_0000600118,1,0.997702,1
D_0000600769,1,0.961310,1
D_0000600790,1,1.000000,1
D_0000600811,1,0.998945,1
D_0000600874,0,0.021960,0
D_0000600937,1,0.993400,1
D_0000601147,1,0.985962,1
D_0000601294,0,0.033964,0
D_0000601357,1,0.999864,1
D_0000601966,1,0.988341,1
D_0000602155,0,0.079690,0
D_0000602197,0,0.020125,0
D_0000603163,0,0.048781,0
D_0000603331,0,0.084367,0
D_0000603394,1,0.999784,1
D_0000604045,0,0.251744,1
D_0000604213,1,0.138762,0
D_0000604528,1,0.040872,0
D_0000604696,1,0.994890,1
D_0000604780,1,0.997703,1
D_0000605116,0,0.101504,0
D_0000605347,0,0.024052,0
D_0000605389,1,0.999729,1
D_0000605557,0,0.079311,0
D_0000605725,1,0.985388,1
D_0000605872,0,0.019554,0
D_0000606166,1,0.998470,1
D_0000606754,1,0.965854,1
D_0000607468,1,0.129430,0
D_0000607636,1,0.999999,1
D_0000607657,1,0.932161,1
D_0000607783,0,0.082969,0
D_0000608119,0,0.039193,0
D_0000608497,0,0.020554,0
D_0000608539,0,0.051305,0
D_0000609001,1,0.996397,1
D_0000609295,0,0.134387,0
D_0000609568,1,0.121936,0
D_0000609589,1,0.992763,1
D_0000609820,0,0.060985,0
D_0000609925,1,0.995336,1
D_0000610912,0,0.045077,0
D_0000611185,1,0.986602,1
D_0000611458,0,0.016572,0
D_0000611500,1,0.998979,1
D_0000611920,0,0.084771,0
D_0000612739,1,0.987345,1
D_0000613369,1,0.983669,1
D_0000613936,1,0.245291,1
D_0000614041,0,0.054479,0
D_0000614503,0,0.023563,0
D_0000614566,0,0.143929,0
D_0000614650,0,0.053646,0
D_0000614797,0,0.050455,0
D_0000615259,1,0.987132,1
D_0000615742,1,0.990767,1
D_0000616288,1,0.994550,1
D_0000616351,1,0.991886,1
D_0000616540,0,0.323503,1
D_0000616603,0,0.005679,0
D_0000616624,0,0.017245,0
D_0000616918,0,0.014315,0
D_0000617401,0,0.070943,0
D_0000617653,0,0.091247,0
D_0000617905,1,0.993584,1
D_0000618199,1,0.362426,1
D_0000618346,1,0.987976,1
D_0000618619,0,0.020453,0
D_0000619354,1,0.981985,1
D_0000619900,0,0.053504,0
D_0000620131,0,0.019350,0
D_0000620257,0,0.066229,0
D_0000620992,1,0.999775,1
D_0000621034,0,0.044532,0
D_0000621076,0,0.111562,0
D_0000621307,1,0.740754,1
D_0000621664,1,0.989022,1
D_0000622315,1,0.996234,1
D_0000622462,0,0.064701,0
D_0000622840,0,0.023629,0
D_0000622903,0,0.128806,0
D_0000623134,0,0.013592,0
D_0000623302,1,0.996479,1
D_0000623470,0,0.042469,0
D_0000624646,0,0.082499,0
D_0000625402,0,0.141617,0
D_0000625780,0,0.022615,0
D_0000626011,1,0.988627,1
D_0000626200,0,0.084544,0
D_0000626221,1,0.992149,1
D_0000626935,1,0.996452,1
D_0000627418,1,0.996646,1
D_0000627733,0,0.037524,0
D_0000627901,1,0.989296,1
D_0000628132,1,0.998232,1
D_0000628825,1,0.930400,1
D_0000628972,0,0.178493,0
D_0000629203,1,0.997370,1
D_0000629287,0,0.070867,0
D_0000629371,0,0.003522,0
D_0000629665,1,0.996957,1
D_0000630043,1,0.998727,1
D_0000630211,1,0.981788,1
D_0000630316,0,0.025728,0
D_0000630904,1,0.996065,1
D_0000631366,0,0.032101,0
D_0000631576,0,0.073404,0
D_0000631702,1,0.105318,0
D_0000631765,1,0.996610,1
D_0000632626,1,0.999962,1
D_0000633214,0,0.078361,0
D_0000633361,0,0.015415,0
D_0000633676,1,0.996373,1
D_0000633928,0,0.142444,0
D_0000634075,1,0.999480,1
D_0000634138,1,0.023595,0
D_0000634747,0,0.001459,0
D_0000635650,1,0.995334,1
D_0000635881,1,0.982991,1
D_0000635902,0,0.828143,1
D_0000636070,0,0.019098,0
D_0000636364,1,0.999940,1
D_0000636469,0,0.019577,0
D_0000636658,0,0.022884,0
D_0000637771,1,1.000000,1
D_0000638254,1,0.966538,1
D_0000638317,0,0.259313,1
D_0000638359,0,0.071792,0
D_0000639010,1,0.637751,1
D_0000639031,1,0.987661,1
D_0000639535,1,0.995782,1
D_0000640060,0,0.033910,0
D_0000640270,0,0.027261,0
D_0000640501,1,0.995100,1
D_0000640858,0,0.040644,0
D_0000641047,1,0.996418,1
D_0000641425,1,0.997840,1
D_0000641971,1,0.995370,1
D_0000641992,1,0.992360,1
D_0000642244,1,0.078204,0
D_0000642370,1,0.999603,1
D_0000642496,0,0.017845,0
D_0000642643,0,0.715299,1
D_0000643441,0,0.045351,0
D_0000643567,0,0.044951,0
D_0000643924,1,0.998280,1
D_0000644575,1,1.000000,1
D_0000644806,0,0.079278,0
D_0000644995,1,0.985008,1
D_0000645163,0,0.243191,1
D_0000645625,1,0.989363,1
D_0000646318,0,0.099502,0
D_0000646507,0,0.103461,0
D_0000646591,1,0.999930,1
D_0000646675,0,0.010711,0
D_0000647011,0,0.033045,0
D_0000647347,1,0.462004,1
D_0000648124,1,0.991892,1
D_0000648145,1,0.987643,1
D_0000648292,0,0.013229,0
D_0000648418,0,0.026149,0
D_0000648523,1,0.994961,1
D_0000648775,1,0.119967,0
D_0000648817,0,0.012920,0
D_0000648838,1,0.991688,1
D_0000649258,0,0.088886,0
D_0000649762,1,0.985445,1
D_0000650497,1,0.999987,1
D_0000650665,0,0.004303,0
D_0000650728,1,0.994670,1
D_0000651862,0,0.024866,0
D_0000652408,0,0.028167,0
D_0000652555,0,0.107033,0
D_0000653269,1,0.231938,1
D_0000653479,0,0.052370,0
D_0000653689,1,0.996604,1
D_0000653752,1,0.994775,1
D_0000653962,0,0.039821,0
D_0000655033,1,0.996418,1
D_0000655117,0,0.414267,1
D_0000655201,0,0.097966,0
D_0000656461,0,0.014609,0
D_0000656776,0,0.036114,0
D_0000657049,1,0.994483,1
D_0000657238,0,0.031660,0
D_0000657322,1,0.079603,0
D_0000657448,0,0.041330,0
D_0000657952,1,0.997493,1
D_0000658204,0,0.097150,0
D_0000658435,0,0.215310,1
D_0000658477,0,0.043912,0
D_0000658771,0,0.003782,0
D_0000659086,0,0.060590,0
D_0000659107,0,0.022602,0
D_0000659191,1,0.996038,1
D_0000659338,1,0.993110,1
D_0000659800,0,0.382475,1
D_0000659842,1,0.999948,1
D_0000660094,0,0.043022,0
D_0000660178,1,0.994739,1
D_0000660346,1,1.000000,1
D_0000660535,1,0.999723,1
D_0000660787,0,0.014492,0
D_0000660871,1,0.994585,1
D_0000660913,1,0.993131,1
D_0000660997,1,0.999960,1
D_0000661081,0,0.095817,0
D_0000661564,0,0.119167,0
D_0000661711,0,0.049801,0
D_0000661795,1,0.994129,1
D_0000662425,0,0.053080,0
D_0000662719,0,0.127826,0
D_0000662761,0,0.000478,0
D_0000662782,0,0.142166,0
D_0000662887,1,0.990865,1
D_0000662950,0,0.031443,0
D_0000663622,0,0.078086,0
D_0000663937,0,0.011893,0
D_0000664210,0,0.041606,0
D_0000664903,1,0.997171,1
D_0000665092,0,0.030846,0
D_0000665470,1,0.996861,1
D_0000665680,1,0.264663,1
D_0000666016,1,0.999074,1
D_0000666457,1,0.976858,1
D_0000666604,1,0.999948,1
D_0000667276,1,0.996012,1
D_0000667570,0,0.223596,1
D_0000667864,0,0.020073,0
D_0000668347,0,0.261598,1
D_0000668368,1,0.738376,1
D_0000668746,0,0.014394,0
D_0000668788,1,0.992252,1
D_0000668851,0,0.004517,0
D_0000669145,1,0.999627,1
D_0000669334,1,0.992097,1
D_0000669817,0,0.020456,0
D_0000670006,0,0.030884,0
D_0000670027,0,0.048734,0
D_0000670174,1,0.992256,1
D_0000670783,0,0.016445,0
D_0000670825,1,0.491299,1
D_0000671959,1,0.133320,0
D_0000673366,1,0.541712,1
D_0000673429,1,0.979650,1
D_0000673555,1,0.996698,1
D_0000674101,0,0.009917,0
D_0000674416,0,0.008661,0
D_0000674458,0,0.053078,0
D_0000674983,1,0.995163,1
D_0000675109,1,0.048510,0
D_0000675277,1,0.999527,1
D_0000675928,0,0.122770,0
D_0000676201,1,0.187634,0
D_0000676264,1,0.971682,1
D_0000676747,0,0.080937,0
D_0000677209,0,0.033046,0
D_0000677230,0,0.000721,0
D_0000677398,0,0.056699,0
D_0000677629,1,0.990589,1
D_0000677860,1,0.998921,1
D_0000677944,0,0.011012,0
D_0000678028,0,0.031035,0
D_0000678091,1,0.998417,1
D_0000678217,1,0.993848,1
D_0000678322,1,0.999063,1
D_0000678511,1,0.997262,1
D_0000679687,0,0.977783,1
D_0000679897,0,0.082308,0
D_0000679918,1,0.988138,1
D_0000680401,1,1.000000,1
D_0000680527,0,0.103343,0
D_0000681367,0,0.044106,0
D_0000681472,0,0.071835,0
D_0000681619,0,0.086212,0
D_0000682312,0,0.012036,0
D_0000682417,1,0.999944,1
D_0000682774,1,0.041955,0
D_0000682879,1,0.993085,1
D_0000682942,0,0.170636,0
D_0000683467,1,0.062333,0
D_0000683635,0,0.132160,0
D_0000683950,1,0.998929,1
D_0000684181,0,0.062750,0
D_0000685126,0,0.014656,0
D_0000685252,0,0.040312,0
D_0000685357,0,0.023447,0
D_0000685672,1,0.995576,1
D_0000685693,0,0.031622,0
D_0000686071,1,0.562167,1
D_0000686155,0,0.074289,0
D_0000686386,0,0.129126,0
D_0000687037,0,0.009869,0
D_0000687268,0,0.063170,0
D_0000687940,1,0.999999,1
D_0000687961,1,0.999346,1
D_0000688066,0,0.036406,0
D_0000688108,1,0.996374,1
D_0000688129,1,0.121779,0
D_0000688402,0,0.029265,0
D_0000688759,0,0.057975,0
D_0000689284,0,0.021056,0
D_0000689683,1,0.993477,1
D_0000690145,1,0.035163,0
D_0000690208,0,0.013753,0
D_0000690439,0,0.082252,0
D_0000690880,1,0.987618,1
D_0000691279,0,0.132644,0
D_0000691636,1,0.999600,1
D_0000691783,0,0.083472,0
D_0000692035,0,0.057810,0
D_0000692119,0,0.054694,0
D_0000692392,1,0.995089,1
D_0000692644,1,0.998463,1
D_0000692875,0,0.077967,0
D_0000693337,1,0.991015,1
D_0000693358,0,0.025395,0
D_0000693463,1,0.999318,1
D_0000693799,0,0.219343,1
D_0000694114,1,0.985451,1
D_0000694219,0,0.084810,0
D_0000694282,1,0.994705,1
D_0000694366,1,0.995594,1
D_0000694702,1,0.994767,1
D_0000694870,1,0.999999,1
D_0000694954,1,0.997711,1
D_0000695353,1,1.000000,1
D_0000696067,1,0.996467,1
D_0000696088,0,0.020148,0
D_0000696613,0,0.113460,0
D_0000696886,0,0.110523,0
D_0000697159,0,0.031672,0
D_0000697180,0,0.135153,0
D_0000697768,1,0.994727,1
D_0000697831,1,0.999203,1
D_0000698398,1,0.994516,1
D_0000698461,1,0.995488,1
D_0000698566,1,0.997214,1
D_0000698629,0,0.022383,0
D_0000698923,1,0.992889,1
D_0000699154,1,0.999708,1
D_0000699343,0,0.018753,0
D_0000699532,1,0.999237,1
D_0000699805,1,0.955814,1
D_0000699931,1,0.999967,1
D_0000699973,0,0.016677,0
D_0000700078,0,0.074086,0
D_0000700204,1,0.990516,1
D_0000700351,0,0.084006,0
D_0000700624,1,0.997935,1
D_0000700666,0,0.038604,0
D_0000700708,1,0.999764,1
D_0000701107,0,0.188601,1
D_0000701149,1,0.995199,1
D_0000701170,0,0.016545,0
D_0000701401,1,0.570570,1
D_0000701485,0,0.058898,0
D_0000701716,1,0.987664,1
D_0000701884,1,0.982688,1
D_0000702052,0,0.093572,0
D_0000702472,0,0.038901,0
D_0000702661,1,0.992583,1
D_0000703081,0,0.272865,1
D_0000703102,0,0.058811,0
D_0000703186,0,0.180580,0
D_0000703921,1,0.999897,1
D_0000704005,1,0.997495,1
D_0000704278,1,0.995712,1
D_0000704446,1,0.994207,1
D_0000704467,1,0.996645,1
D_0000704677,1,0.922642,1
D_0000704803,1,0.999991,1
D_0000705475,0,0.015487,0
D_0000705664,0,0.007058,0
D_0000705895,0,0.058152,0
D_0000706168,0,0.031343,0
D_0000706315,1,0.956363,1
D_0000706441,0,0.028495,0
D_0000706924,0,0.037570,0
D_0000707029,0,0.074734,0
D_0000707050,1,0.994712,1
D_0000707407,1,0.996518,1
D_0000707869,1,1.000000,1
D_0000707911,0,0.118039,0
D_0000708184,1,0.987926,1
D_0000708688,0,0.038993,0
D_0000708709,0,0.024205,0
D_0000709255,1,0.995808,1
D_0000709612,0,0.061121,0
D_0000709864,0,0.057526,0
D_0000709948,0,0.461244,1
D_0000710011,0,0.020955,0
D_0000710599,0,0.053610,0
D_0000710704,1,0.179598,0
D_0000711061,1,0.981918,1
D_0000711103,0,0.054196,0
D_0000712111,0,0.060043,0
D_0000712237,0,0.046158,0
D_0000712363,0,0.089457,0
D_0000712531,0,0.026831,0
D_0000713287,0,0.089646,0
D_0000713350,1,0.082784,0
D_0000714001,1,0.996681,1
D_0000714799,1,0.999452,1
D_0000715177,1,0.996944,1
D_0000715219,0,0.567232,1
D_0000715387,0,0.020154,0
D_0000715492,0,0.099816,0
D_0000715702,0,0.058077,0
D_0000715765,1,0.995270,1
D_0000715996,1,0.994253,1
D_0000716143,0,0.067991,0
D_0000716416,0,0.041621,0
D_0000717004,0,0.030472,0
D_0000717046,0,0.088938,0
D_0000717109,0,0.062424,0
D_0000717487,0,0.102155,0
D_0000717676,1,0.047799,0
D_0000718159,1,0.979028,1
D_0000718327,1,0.981807,1
D_0000718390,0,0.037289,0
D_0000718516,1,0.992122,1
D_0000718621,1,0.998088,1
D_0000719020,1,0.992115,1
D_0000719650,1,0.988511,1
D_0000719692,1,0.020898,0
D_0000720679,0,0.059502,0
D_0000720847,0,0.338299,1
D_0000720952,0,0.408574,1
D_0000721162,0,0.186943,0
D_0000722611,0,0.025235,0
D_0000722779,0,0.074693,0
D_0000723073,1,0.996825,1
D_0000723724,1,0.999925,1
D_0000723766,1,0.994381,1
D_0000723829,1,0.999432,1
D_0000723892,1,0.998582,1
D_0000724060,0,0.065371,0
D_0000724102,0,0.094850,0
D_0000724333,0,0.038548,0
D_0000724375,0,0.062161,0
D_0000724438,0,0.012859,0
D_0000724879,1,0.990192,1
D_0000726433,0,0.208460,1
D_0000726622,0,0.013135,0
D_0000726979,0,0.031884,0
D_0000727147,1,0.998753,1
D_0000727189,0,0.023747,0
D_0000727399,1,0.305475,1
D_0000727420,1,0.999954,1
D_0000727525,1,0.995900,1
D_0000727798,1,0.999928,1
D_0000728512,1,0.978224,1
D_0000728617,1,0.997345,1
D_0000728722,0,0.012039,0
D_0000729163,1,0.994999,1
D_0000729772,0,0.068260,0
D_0000729856,0,0.208916,1
D_0000729982,0,0.056749,0
D_0000730297,1,0.997067,1
D_0000730444,1,0.996852,1
D_0000731053,0,0.025309,0
D_0000731158,1,0.993526,1
D_0000732040,1,0.986852,1
D_0000732502,0,0.034790,0
D_0000732628,0,0.078314,0
D_0000732691,0,0.300677,1
D_0000733048,1,0.575923,1
D_0000733510,0,0.029577,0
D_0000733699,1,0.491789,1
D_0000734476,1,0.244588,1
D_0000734812,1,0.996401,1
D_0000734875,1,0.999549,1
D_0000735232,1,0.999990,1
D_0000735568,1,0.997887,1
D_0000735925,1,0.996557,1
D_0000736177,0,0.886680,1
D_0000736240,1,0.991311,1
D_0000736450,0,0.079253,0
D_0000736681,1,0.989759,1
D_0000736912,0,0.087760,0
D_0000736975,1,0.998988,1
D_0000737269,0,0.078427,0
D_0000737626,0,0.030936,0
D_0000737857,0,0.045971,0
D_0000737962,1,0.993168,1
D_0000738088,0,0.096832,0
D_0000738109,1,0.999692,1
D_0000738256,0,0.037901,0
D_0000739726,0,0.052216,0
D_0000739789,1,0.992347,1
D_0000739894,1,0.997924,1
D_0000740020,1,0.995647,1
D_0000740041,0,0.013274,0
D_0000741007,1,0.994792,1
D_0000741154,0,0.396444,1
D_0000742225,1,0.995966,1
D_0000742309,1,0.998861,1
D_0000742708,1,0.994092,1
D_0000742771,0,0.013288,0
D_0000742855,1,0.992898,1
D_0000744052,1,0.994562,1
D_0000744304,0,0.022903,0
D_0000744724,1,0.059175,0
D_0000744745,1,0.994636,1
D_0000744934,1,0.058277,0
D_0000744955,1,0.993628,1
D_0000744976,1,0.999809,1
D_0000745186,1,0.678182,1
D_0000745459,0,0.008182,0
D_0000745879,1,0.991290,1
D_0000745963,1,0.999912,1
D_0000746173,1,0.999998,1
D_0000746341,1,0.996319,1
D_0000746530,0,0.073783,0
D_0000747034,1,0.986687,1
D_0000747055,1,0.994465,1
D_0000747160,0,0.062914,0
D_0000747244,1,0.995646,1
D_0000747622,0,0.008405,0
D_0000747727,1,0.994770,1
D_0000747937,1,0.999997,1
D_0000749260,0,0.099335,0
D_0000749386,1,0.938651,1
D_0000749680,0,0.038935,0
D_0000749827,0,0.014782,0
D_0000750373,1,0.020370,0
D_0000751213,1,0.991450,1
D_0000751570,1,0.994434,1
D_0000751801,1,0.996627,1
D_0000751969,1,0.991392,1
D_0000752368,1,0.995900,1
D_0000752599,1,0.990317,1
D_0000752746,1,0.988325,1
D_0000752767,1,0.998163,1
D_0000753124,0,0.023368,0
D_0000753292,1,0.994208,1
D_0000753397,1,0.641351,1
D_0000753691,0,0.073965,0
D_0000753964,0,0.096584,0
D_0000754300,0,0.032674,0
D_0000754552,1,0.232999,1
D_0000754678,1,0.997269,1
D_0000754783,0,0.125645,0
D_0000754909,0,0.089361,0
D_0000755245,1,0.997806,1
D_0000755560,1,0.995274,1
D_0000755854,1,0.998350,1
D_0000755938,0,0.056936,0
D_0000755980,0,0.176117,0
D_0000756337,1,0.994693,1
D_0000756799,0,0.077249,0
D_0000757198,0,0.082234,0
D_0000757576,1,0.993792,1
D_0000758248,0,0.041919,0
D_0000758290,1,0.983862,1
D_0000758479,1,0.994363,1
D_0000758626,1,0.990720,1
D_0000758647,1,0.996022,1
D_0000758815,1,0.997124,1
D_0000758857,1,0.992214,1
D_0000759193,0,0.138324,0
D_0000759781,1,0.994712,1
D_0000760075,1,0.982745,1
D_0000760348,1,1.000000,1
D_0000760516,1,0.999577,1
D_0000760600,1,0.995725,1
D_0000761398,1,0.013708,0
D_0000761545,1,0.994400,1
D_0000761923,0,0.018388,0
D_0000762532,0,0.053128,0
D_0000762994,0,0.139616,0
D_0000763351,0,0.015743,0
D_0000763750,1,0.999560,1
D_0000764002,0,0.737630,1
D_0000764107,1,1.000000,1
D_0000764149,1,0.115928,0
D_0000764485,1,0.991631,1
D_0000765094,1,0.055439,0
D_0000765178,0,0.018434,0
D_0000765556,1,0.999778,1
D_0000765682,1,0.991707,1
D_0000765934,0,0.008373,0
D_0000765997,1,0.999908,1
D_0000766123,1,0.999688,1
D_0000766312,1,0.983228,1
D_0000766396,1,0.995265,1
D_0000766711,1,0.993909,1
D_0000766753,1,0.989389,1
D_0000767320,1,0.996479,1
D_0000767677,1,0.069618,0
D_0000767782,1,0.163288,0
D_0000767908,1,0.993234,1
D_0000768034,0,0.063268,0
D_0000768370,1,0.211631,1
D_0000768559,1,0.999997,1
D_0000768622,0,0.098563,0
D_0000768916,1,0.993960,1
D_0000768937,1,0.999330,1
D_0000768979,1,0.991627,1
D_0000769357,0,0.122488,0
D_0000769441,1,0.591698,1
D_0000769525,0,0.231430,1
D_0000769798,0,0.110686,0
D_0000770071,1,0.370443,1
D_0000770260,0,0.076106,0
D_0000770386,1,0.992500,1
D_0000770680,1,0.999999,1
D_0000770764,1,0.993866,1
D_0000770932,0,0.037111,0
D_0000771562,1,0.995869,1
D_0000771709,1,0.984977,1
D_0000771814,0,0.179694,0
D_0000771982,1,0.994331,1
D_0000772360,0,0.030219,0
D_0000772780,0,0.077422,0
D_0000772822,0,0.162635,0
D_0000772948,1,0.998556,1
D_0000773389,1,0.990998,1
D_0000773410,0,0.292583,1
D_0000773746,0,0.378164,1
D_0000774166,0,0.040723,0
D_0000774229,1,0.996186,1
D_0000774271,1,0.069480,0
D_0000774334,1,0.998161,1
D_0000774565,1,0.995700,1
D_0000774712,0,0.174011,0
D_0000774985,1,0.989399,1
D_0000775300,1,0.997577,1
D_0000775573,1,0.990864,1
D_0000775615,1,0.993912,1
D_0000775762,0,0.086504,0
D_0000775951,1,0.999613,1
D_0000776266,0,0.049631,0
D_0000777232,0,0.015815,0
D_0000777337,1,0.995717,1
D_0000777442,0,0.016343,0
D_0000777673,0,0.138834,0
D_0000777799,1,0.991694,1
D_0000778093,1,0.994825,1
D_0000779185,1,0.997244,1
D_0000779479,1,0.983893,1
D_0000779647,1,0.041691,0
D_0000779752,1,1.000000,1
D_0000779836,0,0.014718,0
D_0000779941,1,0.997910,1
D_0000780046,0,0.039162,0
D_0000780802,0,0.013001,0
D_0000780970,1,0.997764,1
D_0000781642,1,0.999811,1
D_0000782209,0,0.081495,0
D_0000782419,1,0.993276,1
D_0000782545,0,0.158661,0
D_0000782860,0,0.202389,1
D_0000783133,1,0.993274,1
D_0000783679,0,0.071700,0
D_0000783721,0,0.026869,0
D_0000783742,0,0.032611,0
D_0000783931,1,0.164263,0
D_0000784162,1,0.087447,0
D_0000784393,0,0.020519,0
D_0000785023,0,0.037742,0
D_0000785254,0,0.119610,0
D_0000785821,1,0.999645,1
D_0000785968,1,0.997522,1
D_0000786451,1,0.051161,0
D_0000786493,0,0.079871,0
D_0000787249,1,0.990072,1
D_0000787564,0,0.025160,0
D_0000788026,1,0.996068,1
D_0000788362,1,0.160906,0
D_0000789370,1,0.993587,1
D_0000789538,1,0.998270,1
D_0000790021,1,0.041511,0
D_0000790630,0,0.204640,1
D_0000790840,0,0.024550,0
D_0000791071,1,0.988342,1
D_0000791533,0,0.042551,0
D_0000791575,1,0.998131,1
D_0000791785,1,0.997208,1
D_0000792100,1,0.997576,1
D_0000792142,1,0.999791,1
D_0000792184,1,1.000000,1
D_0000792751,1,0.997996,1
D_0000793066,1,0.983604,1
D_0000793129,0,0.018056,0
D_0000793150,1,0.048670,0
D_0000793234,0,0.018847,0
D_0000793570,0,0.006183,0
D_0000794242,0,0.004640,0
D_0000794431,0,0.048230,0
D_0000794494,0,0.082266,0
D_0000794557,1,0.987099,1
D_0000794704,1,0.994118,1
D_0000794725,0,0.045455,0
D_0000794746,1,1.000000,1
D_0000794956,1,0.995650,1
D_0000794998,1,0.999984,1
D_0000795229,1,0.999794,1
D_0000795481,1,0.992149,1
D_0000796132,1,0.999985,1
D_0000796216,1,0.995874,1
D_0000796300,0,0.022653,0
D_0000796321,0,0.118154,0
D_0000796552,1,0.994131,1
D_0000796993,1,0.989403,1
D_0000797623,1,0.998918,1
D_0000797854,0,0.023312,0
D_0000797980,0,0.052780,0
D_0000798547,0,0.244475,1
D_0000798904,1,0.996862,1
D_0000798925,0,0.214823,1
D_0000799114,0,0.100291,0
D_0000799261,0,0.419763,1
D_0000799303,1,0.999682,1
D_0000799597,0,0.005007,0
D_0000799765,1,0.988841,1
D_0000799786,0,0.082143,0
D_0000800311,1,0.998307,1
D_0000800437,1,0.998716,1
D_0000800584,1,0.993006,1
D_0000800689,1,0.995578,1
D_0000800815,1,0.210441,1
D_0000800941,1,0.992676,1
D_0000801256,1,0.144834,0
D_0000801424,0,0.016409,0
D_0000801865,0,0.007219,0
D_0000802684,1,0.997484,1
D_0000803146,1,0.985964,1
D_0000803335,1,0.992289,1
D_0000803671,1,0.999956,1
D_0000803818,1,0.997228,1
D_0000804070,0,0.031270,0
D_0000804259,0,0.002271,0
D_0000804406,0,0.049592,0
D_0000804469,0,0.085160,0
D_0000804574,0,0.017253,0
D_0000804616,1,0.993141,1
D_0000804847,1,0.996014,1
D_0000804889,1,0.999361,1
D_0000805351,1,0.995154,1
D_0000805645,1,0.973046,1
D_0000805666,1,0.992936,1
D_0000805897,0,0.022253,0
D_0000806044,1,0.999471,1
D_0000806191,1,0.987631,1
D_0000806296,0,0.077890,0
D_0000806401,0,0.028311,0
D_0000806779,1,0.993625,1
D_0000806989,0,0.023416,0
D_0000807136,1,0.993731,1
D_0000807346,1,0.999955,1
D_0000807388,1,0.999315,1
D_0000807430,0,0.031837,0
D_0000807472,1,0.017530,0
D_0000807493,1,0.996568,1
D_0000807598,0,0.020901,0
D_0000807661,1,0.998960,1
D_0000807892,1,0.996528,1
D_0000808039,1,0.983699,1
D_0000808312,0,0.029003,0
D_0000808522,0,0.017064,0
D_0000808816,1,0.988003,1
D_0000808921,1,0.997336,1
D_0000809173,0,0.060028,0
D_0000809425,1,0.992637,1
D_0000809719,1,0.999931,1
D_0000809803,0,0.001791,0
D_0000810370,1,0.993485,1
D_0000810559,0,0.057667,0
D_0000810727,0,0.013834,0
D_0000810979,1,0.997716,1
D_0000811000,1,0.993293,1
D_0000811042,0,0.060745,0
D_0000811105,1,0.998273,1
D_0000811252,0,0.224569,1
D_0000811504,1,0.793009,1
D_0000811567,0,0.040799,0
D_0000811588,0,0.354159,1
D_0000811714,0,0.009321,0
D_0000812134,1,0.119932,0
D_0000812806,0,0.001102,0
D_0000812974,1,0.999795,1
D_0000813121,1,0.999998,1
D_0000813436,1,0.999845,1
D_0000813709,1,0.993996,1
D_0000814108,0,0.107204,0
D_0000814444,1,0.995838,1
D_0000814591,0,0.109278,0
D_0000814927,1,0.996763,1
D_0000815011,1,0.997241,1
D_0000815158,0,0.139089,0
D_0000815326,0,0.013645,0
D_0000815578,0,0.088667,0
D_0000815662,0,0.030718,0
D_0000815809,1,0.994639,1
D_0000816040,1,0.993991,1
D_0000816418,1,0.997182,1
D_0000816775,0,0.036683,0
D_0000816859,1,0.998559,1
D_0000817069,1,0.995419,1
D_0000817237,0,0.090731,0
D_0000818035,1,0.032224,0
D_0000818077,0,0.059823,0
D_0000818245,0,0.022248,0
D_0000818350,1,0.996541,1
D_0000819169,1,0.999210,1
D_0000819211,1,0.998474,1
D_0000819316,0,0.028642,0
D_0000819358,0,0.113544,0
D_0000819631,1,0.997677,1
D_0000820093,0,0.035191,0
D_0000820114,0,0.047713,0
D_0000821017,1,0.324532,1
D_0000821227,1,0.629539,1
D_0000821479,0,0.033790,0
D_0000821920,1,0.995693,1
D_0000821941,0,0.169479,0
D_0000822067,0,0.033465,0
D_0000822361,1,0.615785,1
D_0000822382,0,0.072324,0
D_0000822508,1,0.995228,1
D_0000823264,0,0.199999,1
D_0000823579,1,0.995871,1
D_0000823894,0,0.077570,0
D_0000824020,1,0.995314,1
D_0000824209,1,0.998217,1
D_0000824272,1,0.992432,1
D_0000824293,0,0.078207,0
D_0000824335,0,0.051581,0
D_0000824482,1,0.994645,1
D_0000825553,1,0.991511,1
D_0000825826,0,0.015800,0
D_0000826078,1,0.991319,1
D_0000826309,1,0.997832,1
D_0000827380,0,0.058862,0
D_0000827905,0,0.105832,0
D_0000828262,0,0.151394,0
D_0000828703,1,0.998084,1
D_0000828808,1,0.999901,1
D_0000828850,1,0.999722,1
D_0000829312,1,0.069377,0
D_0000829438,0,0.112223,0
D_0000829732,1,0.994383,1
D_0000829879,0,0.002982,0
D_0000830362,0,0.015795,0
D_0000830467,0,0.169287,0
D_0000830635,1,0.990780,1
D_0000830929,1,0.994130,1
D_0000830950,0,0.158317,0
D_0000831160,0,0.036429,0
D_0000831286,1,0.993853,1
D_0000831328,0,0.068256,0
D_0000831370,1,0.999994,1
D_0000831412,0,0.069292,0
D_0000831538,1,1.000000,1
D_0000832000,1,0.991703,1
D_0000832084,1,0.996280,1
D_0000832189,1,0.993618,1
D_0000833092,0,0.030410,0
D_0000833365,1,1.000000,1
D_0000833911,1,0.996267,1
D_0000834037,0,0.073774,0
D_0000834100,1,0.994814,1
D_0000834121,0,0.031080,0
D_0000834835,0,0.021281,0
D_0000835108,1,0.070073,0
D_0000835381,1,0.105250,0
D_0000835885,0,0.113072,0
D_0000835906,1,0.990862,1
D_0000836221,1,0.995051,1
D_0000836662,1,0.033635,0
D_0000836704,0,0.051597,0
D_0000836830,0,0.011137,0
D_0000837229,1,0.994423,1
D_0000837460,1,0.026158,0
D_0000837502,0,0.089454,0
D_0000837649,1,0.997664,1
D_0000837670,0,0.010423,0
D_0000837691,0,0.104924,0
D_0000838069,0,0.140123,0
D_0000838174,1,0.996531,1
D_0000839119,1,0.999950,1
D_0000839266,1,0.999997,1
D_0000839371,1,0.991398,1
D_0000839413,1,0.999725,1
D_0000839476,1,0.998503,1
D_0000840526,0,0.089155,0
D_0000840589,0,0.013905,0
D_0000840778,0,0.036092,0
D_0000841009,1,0.982150,1
D_0000841051,0,0.164827,0
D_0000841240,0,0.007429,0
D_0000841660,1,0.999986,1
D_0000841723,0,0.015714,0
D_0000842731,0,0.016796,0
D_0000843277,1,0.999158,1
D_0000843382,1,0.996355,1
D_0000843466,0,0.018402,0
D_0000844474,1,0.996787,1
D_0000844600,0,0.062426,0
D_0000844663,1,0.996575,1
D_0000844789,1,0.999510,1
D_0000844852,1,0.990729,1
D_0000844873,1,0.997746,1
D_0000844957,0,0.072042,0
D_0000845188,0,0.048757,0
D_0000845356,1,0.055544,0
D_0000845482,1,0.997494,1
D_0000845629,0,0.279317,1
D_0000845902,1,0.989769,1
D_0000846322,0,0.078968,0
D_0000846595,1,0.996290,1
D_0000846721,1,0.997222,1
D_0000846910,1,0.998827,1
D_0000847729,1,0.999904,1
D_0000848065,0,0.059251,0
D_0000848401,0,0.168818,0
D_0000848485,1,0.997161,1
D_0000848674,1,0.995444,1
D_0000848779,1,0.994162,1
D_0000849178,0,0.013995,0
D_0000849283,0,0.032688,0
D_0000849640,0,0.052625,0
D_0000850249,1,0.999992,1
D_0000850984,0,0.097881,0
D_0000851173,0,0.072090,0
D_0000851740,1,0.996146,1
D_0000852202,0,0.040540,0
D_0000852391,0,0.029394,0
D_0000852454,0,0.009898,0
D_0000852832,0,0.131212,0
D_0000852853,1,0.999487,1
D_0000852979,0,0.032710,0
D_0000853021,0,0.049908,0
D_0000853378,0,0.125704,0
D_0000853483,1,0.994007,1
D_0000853504,1,0.995842,1
D_0000853567,1,0.989216,1
D_0000854008,1,0.964227,1
D_0000854197,1,0.997152,1
D_0000854344,1,0.998134,1
D_0000854428,0,0.111182,0
D_0000854827,1,0.996931,1
D_0000854869,1,0.992998,1
D_0000855352,0,0.037732,0
D_0000855625,0,0.023044,0
D_0000855898,0,0.197737,1
D_0000855919,1,0.997317,1
D_0000856003,1,0.985721,1
D_0000856255,0,0.005954,0
D_0000856402,1,0.068497,0
D_0000856549,1,0.999758,1
D_0000856717,1,0.991170,1
D_0000856738,1,0.994902,1
D_0000857431,0,0.017650,0
D_0000858019,0,0.095063,0
D_0000858922,0,0.042985,0
D_0000859279,1,1.000000,1
D_0000859531,0,0.114866,0
D_0000859993,1,0.972255,1
D_0000860014,1,0.994625,1
D_0000860791,1,0.346830,1
D_0000860833,0,0.322516,1
D_0000861274,1,0.992997,1
D_0000861883,0,0.020555,0
D_0000862198,1,0.995214,1
D_0000862261,0,0.063277,0
D_0000862492,0,0.069101,0
D_0000862933,0,0.100014,0
D_0000862954,0,0.012092,0
D_0000863290,0,0.028123,0
D_0000863605,0,0.022618,0
D_0000864088,1,0.988936,1
D_0000864193,0,0.130757,0
D_0000864214,0,0.309266,1
D_0000864466,1,0.995500,1
D_0000864529,1,0.999990,1
D_0000864865,0,0.215508,1
D_0000865243,1,0.996012,1
D_0000865936,1,0.997782,1
D_0000866461,1,1.000000,1
D_0000866545,0,0.019643,0
D_0000866734,0,0.110885,0
D_0000866923,0,0.008356,0
D_0000867028,1,0.999662,1
D_0000867385,1,0.998295,1
D_0000867574,1,0.982907,1
D_0000867847,1,0.992997,1
D_0000867931,1,0.994679,1
D_0000868141,0,0.001940,0
D_0000868351,0,0.040090,0
D_0000868582,1,0.992134,1
D_0000868645,1,0.997291,1
D_0000868855,1,0.991094,1
D_0000869191,0,0.081415,0
D_0000869611,1,0.999908,1
D_0000869800,1,0.997325,1
D_0000869926,0,0.060096,0
D_0000870010,0,0.191262,1
D_0000870031,0,0.030370,0
D_0000870262,1,0.995742,1
D_0000870514,0,0.084204,0
D_0000870808,0,0.038031,0
D_0000871165,0,0.106567,0
D_0000871606,0,0.046756,0
D_0000871816,0,0.022881,0
D_0000871942,0,0.229422,1
D_0000873496,1,0.990500,1
D_0000873979,1,0.999356,1
D_0000874042,0,0.035208,0
D_0000874315,1,0.999516,1
D_0000874903,1,0.978876,1
D_0000875050,1,0.993968,1
D_0000875155,1,0.996139,1
D_0000875281,1,0.999996,1
D_0000875659,1,0.048761,0
D_0000875974,1,0.992453,1
D_0000876226,1,0.999660,1
D_0000876646,1,1.000000,1
D_0000876730,1,0.977412,1
D_0000876982,0,0.041216,0
D_0000877003,1,0.987059,1
D_0000877570,1,0.998291,1
D_0000878242,0,0.073901,0
D_0000879208,1,0.995856,1
D_0000879754,1,0.999497,1
D_0000880132,1,0.991216,1
D_0000880384,0,0.073397,0
D_0000880573,0,0.167600,0
D_0000880741,1,0.993288,1
D_0000881035,0,0.093240,0
D_0000882127,0,0.020539,0
D_0000882211,0,0.010993,0
D_0000882316,0,0.009743,0
D_0000882358,0,0.030027,0
D_0000882715,0,0.039279,0
D_0000884269,1,0.996299,1
D_0000884794,0,0.154368,0
D_0000885004,0,0.129245,0
D_0000885235,1,0.054489,0
D_0000885403,1,0.996526,1
D_0000885466,1,0.999014,1
D_0000886054,0,0.047618,0
D_0000886222,0,0.019351,0
D_0000886432,0,0.029118,0
D_0000886852,1,0.995393,1
D_0000887020,1,0.996165,1
D_0000887146,1,0.995243,1
D_0000887167,1,0.978599,1
D_0000887356,1,0.990765,1
D_0000887377,0,0.059718,0
D_0000887608,1,0.999999,1
D_0000887839,0,0.058299,0
D_0000888049,1,0.994335,1
D_0000888112,1,0.998650,1
D_0000888826,1,0.996358,1
D_0000889918,1,1.000000,1
D_0000890296,0,0.027216,0
D_0000890380,1,0.213514,1
D_0000890674,0,0.087062,0
D_0000890695,1,0.995353,1
D_0000890821,1,0.999541,1
D_0000890842,1,0.150414,0
D_0000891031,0,0.033221,0
D_0000891451,1,0.999845,1
D_0000891661,1,0.467243,1
D_0000891934,1,0.994606,1
D_0000892186,1,0.999939,1
D_0000892228,1,0.994335,1
D_0000892480,0,0.067629,0
D_0000892585,1,0.988700,1
D_0000893026,1,0.300496,1
D_0000893698,1,0.995223,1
D_0000893950,1,0.094091,0
D_0000894076,1,1.000000,1
D_0000894370,1,0.113570,0
D_0000895000,0,0.061515,0
D_0000895357,1,0.986759,1
D_0000895462,0,0.079867,0
D_0000895567,0,0.065684,0
D_0000896449,0,0.101171,0
D_0000896743,1,1.000000,1
D_0000896911,0,0.236620,1
D_0000897079,0,0.083465,0
D_0000897100,0,0.039847,0
D_0000897268,0,0.128696,0
D_0000897457,1,0.985046,1
D_0000897604,1,0.344647,1
D_0000897919,1,0.997410,1
D_0000897982,1,0.998395,1
D_0000898045,1,0.995650,1
D_0000898297,0,0.091271,0
D_0000899011,0,0.058631,0
D_0000899452,1,0.990346,1
D_0000899725,1,0.999881,1
D_0000900187,0,0.185519,0
D_0000900355,0,0.056845,0
D_0000900397,0,0.031781,0
D_0000900481,1,0.995791,1
D_0000901006,0,0.102443,0
D_0000901174,0,0.042312,0
D_0000901363,1,0.999863,1
D_0000901594,0,0.028289,0
D_0000901636,0,0.039542,0
D_0000901825,1,0.985016,1
D_0000901972,0,0.054611,0
D_0000902476,0,0.088271,0
D_0000902518,1,0.067081,0
D_0000902560,0,0.039030,0
D_0000902749,0,0.084276,0
D_0000903127,0,0.020247,0
D_0000903295,1,0.999456,1
D_0000903631,1,0.995506,1
D_0000903820,1,0.996989,1
D_0000903988,1,0.991001,1
D_0000904324,0,0.064391,0
D_0000904387,1,1.000000,1
D_0000904450,0,0.068741,0
D_0000904765,1,0.994365,1
D_0000905647,0,0.999824,1
D_0000906109,1,0.996944,1
D_0000906361,1,1.000000,1
D_0000906718,1,0.989288,1
D_0000906844,1,0.999968,1
D_0000907096,1,0.992892,1
D_0000907117,0,0.037694,0
D_0000907390,1,0.999977,1
D_0000907705,0,0.037451,0
D_0000908251,1,0.995146,1
D_0000908524,0,0.220248,1
D_0000908776,0,0.100441,0
D_0000909049,0,0.066664,0
D_0000909133,1,0.997937,1
D_0000909448,0,0.105247,0
D_0000909637,1,0.994359,1
D_0000910036,0,0.053905,0
D_0000910162,0,0.220673,1
D_0000910414,1,0.496024,1
D_0000910498,0,0.181172,0
D_0000910855,1,0.997660,1
D_0000910939,0,0.036569,0
D_0000911317,0,0.862487,1
D_0000912010,0,0.074353,0
D_0000912241,0,0.089045,0
D_0000912367,0,0.881690,1
D_0000912556,1,0.033786,0
D_0000912598,0,0.076872,0
D_0000912871,1,0.989862,1
D_0000912976,1,0.995336,1
D_0000913312,0,0.027107,0
D_0000913396,1,0.040077,0
D_0000913459,1,0.996916,1
D_0000913606,1,0.049979,0
D_0000913795,1,0.991580,1
D_0000913921,0,0.011755,0
D_0000914068,1,0.991669,1
D_0000914173,1,0.986144,1
D_0000914257,1,0.994955,1
D_0000915265,1,0.155366,0
D_0000915454,0,0.002924,0
D_0000915538,0,0.035723,0
D_0000915727,0,0.282186,1
D_0000916042,1,0.996686,1
D_0000916084,1,0.094285,0
D_0000916252,0,0.015837,0
D_0000917113,1,0.999998,1
D_0000917176,1,0.999955,1
D_0000917197,1,0.988146,1
D_0000917869,0,0.031476,0
D_0000917911,0,0.004994,0
D_0000918037,0,0.020931,0
D_0000918142,0,0.024941,0
D_0000918268,0,0.095993,0
D_0000918331,0,0.108231,0
D_0000918562,1,0.998360,1
D_0000918730,0,0.093661,0
D_0000918835,1,0.996972,1
D_0000919276,0,0.017978,0
D_0000919402,0,0.186169,0
D_0000919780,1,0.989596,1
D_0000920053,0,0.018422,0
D_0000920389,0,0.074819,0
D_0000920809,1,1.000000,1
D_0000920914,1,0.994015,1
D_0000921313,1,0.998885,1
D_0000921355,1,0.391089,1
D_0000921397,1,0.999639,1
D_0000921586,0,0.058058,0
D_0000921796,1,0.999834,1
D_0000922027,0,0.215714,1
D_0000922657,1,0.994991,1
D_0000922678,1,0.995432,1
D_0000922762,1,0.997096,1
D_0000922825,1,1.000000,1
D_0000923140,1,0.997848,1
D_0000923287,0,0.003219,0
D_0000923728,1,0.980090,1
D_0000923833,0,0.140404,0
D_0000924043,0,0.017669,0
D_0000924169,1,0.998256,1
D_0000924253,0,0.021379,0
D_0000924337,1,0.993580,1
D_0000924421,1,0.998805,1
D_0000924652,0,0.039243,0
D_0000924946,1,0.992580,1
D_0000925051,0,0.012494,0
D_0000925387,1,0.991161,1
D_0000925534,0,0.070521,0
D_0000926080,0,0.335973,1
D_0000926584,0,0.046797,0
D_0000926815,1,0.996035,1
D_0000926878,0,0.087546,0
D_0000927151,1,0.994216,1
D_0000927319,1,0.999510,1
D_0000927697,0,0.022360,0
D_0000927865,1,0.991873,1
D_0000928159,1,0.077889,0
D_0000928390,0,0.042494,0
D_0000928495,1,0.998448,1
D_0000929041,0,0.022294,0
D_0000929272,1,0.999999,1
D_0000929398,1,0.997868,1
D_0000929587,1,0.993815,1
D_0000929671,1,0.994673,1
D_0000929776,1,0.086169,0
D_0000930952,0,0.086215,0
D_0000930973,1,0.028693,0
D_0000931498,1,0.181411,0
D_0000931855,0,0.048648,0
D_0000931876,0,0.048916,0
D_0000932023,1,0.996836,1
D_0000932275,1,0.998837,1
D_0000932443,0,0.036505,0
D_0000933325,1,0.990081,1
D_0000934249,0,0.093311,0
D_0000934312,1,0.988260,1
D_0000934627,1,0.999351,1
D_0000934732,0,0.026733,0
D_0000934900,1,0.994828,1
D_0000935110,0,0.030123,0
D_0000935194,1,0.944399,1
D_0000935299,1,0.990799,1
D_0000935362,1,0.995142,1
D_0000935383,0,0.063790,0
D_0000935425,1,0.997090,1
D_0000935929,1,0.997956,1
D_0000935971,0,0.080926,0
D_0000936034,0,0.073205,0
D_0000936139,1,0.997075,1
D_0000936160,0,0.040071,0
D_0000936370,0,0.135909,0
D_0000936811,1,0.999535,1
D_0000936958,1,0.995863,1
D_0000937168,0,0.079804,0
D_0000937399,0,0.186173,0
D_0000937483,1,0.992516,1
D_0000937588,0,0.078364,0
D_0000938071,0,0.062832,0
D_0000938155,0,0.061656,0
D_0000938281,0,0.899927,1
D_0000938365,1,1.000000,1
D_0000938428,0,0.040908,0
D_0000938470,0,0.031906,0
D_0000938701,1,0.999999,1
D_0000938953,0,0.087098,0
D_0000939457,1,0.998580,1
D_0000939877,0,0.064529,0
D_0000939961,1,0.994996,1
D_0000940045,1,0.991077,1
D_0000940066,1,0.996197,1
D_0000940318,1,0.999992,1
D_0000940843,0,0.028701,0
D_0000940948,1,0.987826,1
D_0000941095,1,0.982328,1
D_0000941410,1,0.046872,0
D_0000941557,1,0.992417,1
D_0000941788,0,0.033322,0
D_0000942082,1,0.997789,1
D_0000942187,1,0.996919,1
D_0000942523,1,0.994995,1
D_0000942649,0,0.103413,0
D_0000943888,1,0.992225,1
D_0000943930,0,0.081194,0
D_0000944203,1,0.999998,1
D_0000944749,1,0.998910,1
D_0000944938,0,0.025659,0
D_0000944980,1,0.999995,1
D_0000945022,0,0.064272,0
D_0000946639,0,0.047309,0
D_0000946765,0,0.291319,1
D_0000946933,0,0.049617,0
D_0000947206,1,0.991984,1
D_0000947353,1,0.992730,1
D_0000947773,1,0.993952,1
D_0000948592,0,0.011813,0
D_0000948655,1,0.281441,1
D_0000949012,1,0.999998,1
D_0000949054,0,0.006983,0
D_0000949201,1,0.999743,1
D_0000949285,0,0.031381,0
D_0000949306,1,0.081516,0
D_0000949600,1,0.995880,1
D_0000949978,1,0.999931,1
D_0000950230,1,0.996930,1
D_0000950461,0,0.013931,0
D_0000950545,0,0.048469,0
D_0000950818,1,0.997332,1
D_0000951049,1,0.999997,1
D_0000951427,0,0.005384,0
D_0000951532,1,0.998764,1
D_0000951784,0,0.084958,0
D_0000951868,1,0.994230,1
D_0000952162,0,0.236922,1
D_0000953065,0,0.070795,0
D_0000953338,0,0.040287,0
D_0000954010,1,0.996374,1
D_0000954304,0,0.015515,0
D_0000955228,1,0.997837,1
D_0000955543,0,0.046517,0
D_0000955984,1,0.037964,0
D_0000957370,0,0.055453,0
D_0000957433,1,0.996799,1
D_0000957517,1,0.997939,1
D_0000957832,0,0.039183,0
D_0000958231,1,0.986116,1
D_0000958378,0,0.004197,0
D_0000958462,0,0.036301,0
D_0000959281,1,0.998285,1
D_0000959386,1,0.998952,1
D_0000960814,1,0.997373,1
D_0000961255,0,0.091973,0
D_0000961276,0,0.176577,0
D_0000961318,0,0.061384,0
D_0000962725,1,0.069694,0
D_0000962767,1,0.999678,1
D_0000963334,0,0.088256,0
D_0000963838,0,0.101593,0
D_0000963943,0,0.082757,0
D_0000964027,0,0.052005,0
D_0000964069,1,0.993858,1
D_0000964174,0,0.074394,0
D_0000964468,1,0.999931,1
D_0000964762,1,0.995750,1
D_0000965203,1,0.996199,1
D_0000965287,0,0.086417,0
D_0000965707,0,0.072675,0
D_0000965728,1,0.999828,1
D_0000966379,1,0.986989,1
D_0000966547,0,0.189724,1
D_0000966820,0,0.026697,0
D_0000966925,0,0.038432,0
D_0000966946,1,0.995614,1
D_0000967156,1,0.035594,0
D_0000967261,1,1.000000,1
D_0000967324,1,0.982612,1
D_0000967765,0,0.017441,0
D_0000968122,0,0.034992,0
D_0000968311,0,0.021274,0
D_0000968374,0,0.084223,0
D_0000969403,1,0.990548,1
D_0000969487,1,0.993483,1
D_0000969571,1,0.134367,0
D_0000969613,0,0.042145,0
D_0000969718,1,0.999390,1
D_0000969760,1,0.973890,1
D_0000970222,0,0.088321,0
D_0000970327,1,0.996210,1
D_0000970579,1,0.999999,1
D_0000970810,0,0.932400,1
D_0000971104,0,0.075004,0
D_0000971377,1,0.995324,1
D_0000971545,0,0.199932,1
D_0000971566,0,0.120901,0
D_0000971608,0,0.066941,0
D_0000971713,1,0.995597,1
D_0000972301,0,0.050469,0
D_0000973036,1,0.991476,1
D_0000973393,1,0.994743,1
D_0000973603,0,0.059324,0
D_0000973645,0,0.021134,0
D_0000974737,1,0.998274,1
D_0000975199,0,0.156376,0
D_0000975241,1,0.996821,1
D_0000975430,1,0.997460,1
D_0000975913,0,0.035929,0
D_0000976354,1,0.988256,1
D_0000976648,1,0.999867,1
D_0000977089,1,0.975180,1
D_0000977614,1,0.994412,1
D_0000977950,1,1.000000,1
D_0000978580,0,0.053607,0
D_0000978811,0,0.073810,0
D_0000979021,0,0.004224,0
D_0000980113,1,0.993942,1
D_0000980344,1,1.000000,1
D_0000980428,0,0.098067,0
D_0000980806,0,0.080971,0
D_0000981184,1,1.000000,1
D_0000981373,0,0.007836,0
D_0000981457,0,0.016553,0
D_0000982213,1,0.995532,1
D_0000982276,0,0.042258,0
D_0000982696,1,0.985153,1
D_0000982864,0,0.029150,0
D_0000984124,1,0.999068,1
D_0000984355,1,0.998029,1
D_0000984670,1,0.996174,1
D_0000985006,0,0.033291,0
D_0000985615,0,0.457022,1
D_0000985699,1,0.829367,1
D_0000987253,1,0.999856,1
D_0000987610,0,0.019129,0
D_0000987715,1,0.997342,1
D_0000988093,1,0.991178,1
D_0000988156,1,0.993436,1
D_0000988408,1,0.991307,1
D_0000989290,0,0.067526,0
D_0000989311,0,0.021871,0
D_0000989416,1,0.999537,1
D_0000989773,1,0.987324,1
D_0000990130,1,0.999992,1
D_0000990445,1,0.998467,1
D_0000991201,0,0.036988,0
D_0000991327,0,0.063344,0
D_0000991411,0,0.066580,0
D_0000991516,0,0.012847,0
D_0000991579,1,0.997501,1
D_0000991789,1,1.000000,1
D_0000992083,0,0.941962,1
D_0000992356,1,0.985438,1
D_0000992482,1,0.999384,1
D_0000992692,0,0.077160,0
D_0000992965,1,0.997244,1
D_0000993364,0,0.019606,0
D_0000993469,1,0.999485,1
D_0000993490,1,0.996486,1
D_0000993700,0,0.232051,1
D_0000993763,0,0.054564,0
D_0000994099,0,0.030483,0
D_0000994288,0,0.072974,0
D_0000995065,1,0.999951,1
D_0000995359,1,0.999996,1
D_0000995569,1,0.993875,1
D_0000995989,1,0.999981,1
D_0000996304,1,0.993741,1
D_0000996682,0,0.046298,0
D_0000997312,0,0.053608,0
D_0000997354,1,0.990023,1
D_0000997375,1,0.996653,1
D_0000997438,1,0.991570,1
D_0000997690,1,0.986677,1
D_0000998131,1,0.424875,1
D_0000998173,0,0.064402,0
D_0000998257,0,0.107267,0
D_0000998467,0,0.054472,0
D_0000998929,1,0.998212,1
D_0000998992,1,0.997376,1
D_0000999244,0,0.073103,0
D_0000999370,0,0.173196,0
D_0000999748,1,0.285543,1
D_0000999832,0,0.064997,0
D_0000999853,0,0.027216,0
D_0000999874,1,0.989231,1
D_0001000735,0,0.121361,0
D_0001000987,0,0.015059,0
D_0001001323,1,0.994169,1
D_0001001491,0,0.034812,0
D_0001001533,0,0.080713,0
D_0001001638,1,0.995770,1
D_0001001932,1,0.999910,1
D_0001002205,1,0.994913,1
D_0001002730,1,0.999076,1
D_0001002898,0,0.165565,0
D_0001003171,0,0.101286,0
D_0001003192,1,0.995929,1
D_0001003633,1,0.130738,0
D_0001003801,1,0.999761,1
D_0001005439,0,0.118098,0
D_0001005523,0,0.054942,0
D_0001005607,1,0.989674,1
D_0001005733,0,0.004684,0
D_0001005754,1,0.992031,1
D_0001006531,0,0.071488,0
D_0001007392,1,0.992953,1
D_0001007560,0,0.089053,0
D_0001007665,1,0.040539,0
D_0001007707,1,0.999934,1
D_0001007875,0,0.006891,0
D_0001008253,1,1.000000,1
D_0001008505,0,0.171511,0
D_0001010038,0,0.045928,0
D_0001010227,0,0.174108,0
D_0001010269,0,0.051169,0
D_0001010353,0,0.019622,0
D_0001010374,1,0.977192,1
D_0001010605,0,0.009609,0
D_0001010731,1,0.973493,1
D_0001010878,0,0.101303,0
D_0001011802,1,0.992330,1
D_0001011949,0,0.008810,0
D_0001012327,0,0.000568,0
D_0001012768,0,0.038864,0
D_0001012915,0,0.249888,1
D_0001012936,1,0.991598,1
D_0001012978,1,0.998254,1
D_0001013146,0,0.078745,0
D_0001013461,1,0.998278,1
D_0001013608,0,0.152322,0
D_0001014175,1,0.996828,1
D_0001014700,0,0.050335,0
D_0001014784,1,0.984032,1
D_0001015267,0,0.109436,0
D_0001015330,1,0.999990,1
D_0001015414,1,0.996275,1
D_0001015792,1,0.991659,1
D_0001016002,1,0.981198,1
D_0001017115,0,0.020294,0
D_0001017787,0,0.085456,0
D_0001017850,1,0.989920,1
D_0001017997,1,0.997879,1
D_0001018585,0,0.049327,0
D_0001018627,1,0.995150,1
D_0001018816,0,0.039694,0
D_0001019488,1,0.999988,1
D_0001019593,1,0.381135,1
D_0001019656,1,0.999763,1
D_0001019677,1,0.072257,0
D_0001020097,0,0.031076,0
D_0001020265,1,0.988997,1
D_0001020538,1,0.995853,1
D_0001020664,1,0.983432,1
D_0001020706,1,0.987468,1
D_0001020748,1,0.995486,1
D_0001020790,0,0.101763,0
D_0001021147,1,0.995538,1
D_0001021672,0,0.198986,1
D_0001021693,0,0.148824,0
D_0001022680,0,0.385503,1
D_0001023205,1,0.992105,1
D_0001023961,0,0.053133,0
D_0001023982,1,0.996853,1
D_0001024633,1,0.990943,1
D_0001024864,0,0.055712,0
D_0001024948,1,0.998268,1
D_0001025116,1,0.999999,1
D_0001025284,0,0.062343,0
D_0001025389,0,0.006655,0
D_0001025557,0,0.172450,0
D_0001025767,1,0.998313,1
D_0001025956,1,0.999999,1
D_0001026103,1,0.988226,1
D_0001026145,1,0.997744,1
D_0001026964,0,0.019637,0
D_0001027363,1,0.995070,1
D_0001027972,1,0.994438,1
D_0001028077,0,0.021359,0
D_0001028119,1,0.992315,1
D_0001028371,0,0.265864,1
D_0001028833,0,0.066979,0
D_0001028980,0,0.112417,0
D_0001029043,1,0.988685,1
D_0001029274,0,0.013245,0
D_0001029316,1,0.996168,1
D_0001029337,0,0.010429,0
D_0001029820,1,0.062566,0
D_0001030156,0,0.033515,0
D_0001030492,0,0.001014,0
D_0001030744,0,0.010414,0
D_0001031164,1,0.991286,1
D_0001031605,1,0.364410,1
D_0001031899,0,0.130948,0
D_0001031983,0,0.208902,1
D_0001032319,1,0.993807,1
D_0001032844,0,0.025362,0
D_0001032886,1,0.994836,1
D_0001033117,1,0.992403,1
D_0001033243,1,0.999516,1
D_0001033285,0,0.037313,0
D_0001033390,0,0.050945,0
D_0001034125,1,0.999990,1
D_0001034209,1,0.991711,1
D_0001034335,1,0.997847,1
D_0001034524,0,0.143291,0
D_0001034566,1,0.995319,1
D_0001034902,0,0.107759,0
D_0001035280,1,0.993583,1
D_0001035595,0,0.122117,0
D_0001035826,1,0.995536,1
D_0001035952,1,0.990613,1
D_0001036351,1,0.997179,1
D_0001036540,1,0.998187,1
D_0001036687,1,0.997762,1
D_0001036729,1,0.992361,1
D_0001036813,0,0.147614,0
D_0001037044,0,0.073253,0
D_0001037359,0,0.050997,0
D_0001037506,0,0.134862,0
D_0001037821,1,0.999955,1
D_0001038472,0,0.011110,0
D_0001038535,1,0.999912,1
D_0001038682,0,0.029440,0
D_0001039018,1,0.992946,1
D_0001039711,1,0.237441,1
D_0001039900,1,0.999998,1
D_0001040110,0,0.140542,0
D_0001040614,1,0.998952,1
D_0001041076,0,0.024913,0
D_0001041307,0,0.091400,0
D_0001041475,1,0.987074,1
D_0001041748,1,0.989431,1
D_0001041874,1,0.992856,1
D_0001042315,1,0.990103,1
D_0001042546,1,0.997655,1
D_0001042567,0,0.016616,0
D_0001042735,0,0.683767,1
D_0001043155,1,0.998150,1
D_0001044184,1,0.996802,1
D_0001044289,1,0.999912,1
D_0001044436,0,0.033757,0
D_0001044667,0,0.090255,0
D_0001045171,1,1.000000,1
D_0001045192,0,0.056935,0
D_0001045591,0,0.966473,1
D_0001045843,1,0.991991,1
D_0001046158,0,0.007117,0
D_0001046662,0,0.120033,0
D_0001047523,1,0.990317,1
D_0001047607,0,0.027843,0
D_0001047670,0,0.020473,0
D_0001047838,0,0.344103,1
D_0001047922,0,0.110449,0
D_0001048384,1,0.998719,1
D_0001049245,1,0.984853,1
D_0001049329,0,0.053558,0
D_0001050001,1,0.987737,1
D_0001050190,0,0.045548,0
D_0001050274,0,0.029210,0
D_0001050673,1,0.996856,1
D_0001050967,1,0.039245,0
D_0001051114,0,0.024622,0
D_0001051912,0,0.042282,0
D_0001052542,0,0.045142,0
D_0001052584,1,0.979492,1
D_0001052710,0,0.300697,1
D_0001053088,1,0.993861,1
D_0001053193,0,0.036785,0
D_0001053550,0,0.053843,0
D_0001053844,1,0.134209,0
D_0001054117,1,0.396182,1
D_0001054159,0,0.068353,0
D_0001054978,1,0.999959,1
D_0001055083,1,0.990930,1
D_0001055776,1,0.996769,1
D_0001056049,1,0.997189,1
D_0001056175,0,0.124160,0
D_0001056490,0,0.020826,0
D_0001056553,1,0.999950,1
D_0001057771,1,0.120781,0
D_0001057939,0,0.383866,1
D_0001058002,1,0.999983,1
D_0001058170,0,0.021120,0
D_0001058590,1,0.992138,1
D_0001058800,0,0.007603,0
D_0001059514,1,0.995640,1
D_0001059976,0,0.136186,0
D_0001060039,0,0.036350,0
D_0001060417,0,0.036889,0
D_0001060753,0,0.027648,0
D_0001061362,1,0.997449,1
D_0001061698,0,0.033551,0
D_0001061908,0,0.010675,0
D_0001062244,0,0.039071,0
D_0001062601,0,0.061516,0
D_0001063063,0,0.040874,0
D_0001063126,0,0.070558,0
D_0001063693,1,0.995559,1
D_0001063735,1,0.999997,1
D_0001064008,0,0.071854,0
D_0001064218,1,0.984458,1
D_0001064596,0,0.052123,0
D_0001064764,1,0.968062,1
D_0001064890,0,0.062021,0
D_0001065142,0,0.038095,0
D_0001065415,1,0.992671,1
D_0001065478,0,0.029079,0
D_0001065520,1,0.999954,1
D_0001065562,0,0.127153,0
D_0001065919,1,0.999996,1
D_0001066003,0,0.198057,1
D_0001066150,1,1.000000,1
D_0001067284,0,0.018307,0
D_0001067389,1,0.989671,1
D_0001067683,1,0.989758,1
D_0001067725,0,0.027610,0
D_0001068292,1,0.995146,1
D_0001068691,0,0.087738,0
D_0001069006,0,0.140195,0
D_0001069279,0,0.045666,0
D_0001070224,0,0.119066,0
D_0001070371,0,0.036839,0
D_0001070833,0,0.082871,0
D_0001071337,0,0.083264,0
D_0001071442,1,0.995043,1
D_0001071862,0,0.085989,0
D_0001072471,1,1.000000,1
D_0001072723,1,0.958683,1
D_0001073164,1,0.996956,1
D_0001073185,0,0.079713,0
D_0001073647,1,0.994126,1
D_0001074046,1,0.997840,1
D_0001074151,1,0.995233,1
D_0001074445,1,0.999740,1
D_0001074592,1,0.992374,1
D_0001074991,1,0.131835,0
D_0001075600,0,0.005029,0
D_0001075915,1,0.992778,1
D_0001076125,0,0.055728,0
D_0001076818,1,0.995683,1
D_0001076944,1,0.999920,1
D_0001077280,1,0.156679,0
D_0001077658,0,0.055553,0
D_0001078036,1,0.303884,1
D_0001078624,0,0.042871,0
D_0001079128,0,0.023414,0
D_0001080073,1,0.989687,1
D_0001080262,1,0.993528,1
D_0001080535,1,0.999933,1
D_0001080640,1,0.159709,0
D_0001081228,1,0.984606,1
D_0001081795,1,0.996197,1
D_0001082047,0,0.075843,0
D_0001082110,1,0.999859,1
D_0001082320,0,0.078041,0
D_0001082614,1,0.985255,1
D_0001082635,1,0.998359,1
D_0001082971,1,0.982742,1
D_0001082992,0,0.093451,0
D_0001084294,1,0.975525,1
D_0001084441,1,0.991931,1
D_0001085491,1,0.988405,1
D_0001086289,1,0.995716,1
D_0001086310,1,0.987870,1
D_0001086331,1,0.996036,1
D_0001086394,1,0.997678,1
D_0001086604,0,0.040271,0
D_0001087066,1,0.999991,1
D_0001087087,0,0.011952,0
D_0001087171,0,0.030423,0
D_0001088137,1,0.997508,1
D_0001088620,1,0.995460,1
D_0001088998,1,0.924193,1
D_0001089082,0,0.196199,1
D_0001089376,1,0.999496,1
D_0001089733,0,0.055811,0
D_0001089943,1,0.149762,0
D_0001089964,1,0.991103,1
D_0001090783,0,0.052449,0
D_0001091224,0,0.122811,0
D_0001091476,1,0.490609,1
D_0001091749,1,0.994311,1
D_0001091770,1,0.996663,1
D_0001091980,0,0.076930,0
D_0001092379,0,0.026327,0
D_0001092547,1,0.995010,1
D_0001092610,1,0.998903,1
D_0001092715,1,0.995469,1
D_0001093009,1,0.995798,1
D_0001093114,1,1.000000,1
D_0001093135,1,0.998805,1
D_0001093303,1,0.997024,1
D_0001093597,0,0.058779,0
D_0001094143,0,0.024891,0
D_0001094269,1,0.991825,1
D_0001094311,1,0.453124,1
D_0001094458,0,0.080833,0
D_0001094479,0,0.071940,0
D_0001094836,1,1.000000,1
D_0001095151,1,0.101352,0
D_0001095361,0,0.283412,1
D_0001096285,1,0.981150,1
D_0001096327,1,0.999979,1
D_0001096600,1,0.991433,1
D_0001096831,0,0.045434,0
D_0001096936,1,0.994504,1
D_0001097083,1,0.995629,1
D_0001097125,1,0.997677,1
D_0001097398,0,0.008206,0
D_0001097860,1,0.999892,1
D_0001097986,1,0.993668,1
D_0001098343,1,0.986281,1
D_0001099078,1,0.277133,1
D_0001099120,1,0.153255,0
D_0001099162,0,0.074077,0
D_0001099330,0,0.020440,0
D_0001100170,1,0.996434,1
D_0001100359,1,0.999980,1
D_0001100464,0,0.046705,0
D_0001101241,1,0.996041,1
D_0001101430,1,0.991997,1
D_0001101745,1,0.997530,1
D_0001102081,0,0.133988,0
D_0001102648,0,0.032666,0
D_0001102900,1,0.999990,1
D_0001103194,0,0.015187,0
D_0001104559,0,0.025655,0
D_0001105042,1,0.388740,1
D_0001105126,1,0.993577,1
D_0001105189,0,0.068737,0
D_0001105210,1,0.999998,1
D_0001105231,1,0.998352,1
D_0001105441,1,0.996841,1
D_0001105672,1,0.999995,1
D_0001106008,1,0.995953,1
D_0001106701,1,0.996125,1
D_0001107079,1,0.997728,1
D_0001107373,1,0.258321,1
D_0001108129,0,0.107720,0
D_0001108570,0,0.061897,0
D_0001108654,1,0.998040,1
D_0001108738,0,0.269537,1
D_0001109305,0,0.037322,0
D_0001109935,1,0.995938,1
D_0001109956,0,0.117499,0
D_0001110334,0,0.136148,0
D_0001111048,1,0.994272,1
D_0001111405,1,0.999440,1
D_0001111594,1,0.129010,0
D_0001111636,0,0.017148,0
D_0001111804,0,0.070641,0
D_0001111909,0,0.065436,0
D_0001112665,1,0.993944,1
D_0001112791,0,0.030976,0
D_0001112812,0,0.091696,0
D_0001113148,0,0.148976,0
D_0001113274,1,0.999977,1
D_0001113316,0,0.085904,0
D_0001113820,0,0.009992,0
D_0001114198,0,0.091874,0
D_0001114828,1,0.982499,1
D_0001114975,1,0.997398,1
D_0001115353,1,0.999942,1
D_0001115416,1,0.999951,1
D_0001115584,0,0.071438,0
D_0001115794,0,0.038548,0
D_0001115857,0,0.052568,0
D_0001116046,1,0.999265,1
D_0001116634,0,0.943682,1
D_0001116655,1,0.923608,1
D_0001116697,1,0.129816,0
D_0001116718,1,0.995856,1
D_0001116823,1,0.999903,1
D_0001116886,0,0.085708,0
D_0001116907,0,0.074711,0
D_0001117222,0,0.006255,0
D_0001117327,0,0.039311,0
D_0001117432,0,0.019174,0
D_0001117852,1,0.995019,1
D_0001117978,0,0.130288,0
D_0001118020,0,0.112502,0
D_0001118083,0,0.051133,0
D_0001118167,0,0.051334,0
D_0001118293,0,0.086914,0
D_0001118335,1,0.984451,1
D_0001118881,0,0.074569,0
D_0001119469,0,0.103281,0
D_0001119637,0,0.052954,0
D_0001119742,1,0.999904,1
D_0001120603,0,0.137334,0
D_0001121296,0,0.031655,0
D_0001121632,0,0.030150,0
D_0001121989,0,0.031299,0
D_0001122052,0,0.038727,0
D_0001122283,0,0.049628,0
D_0001122514,0,0.017736,0
D_0001122745,0,0.104488,0
D_0001123375,0,0.076069,0
D_0001123396,1,0.991884,1
D_0001123501,1,0.995048,1
D_0001123648,1,0.991576,1
D_0001124299,1,0.997440,1
D_0001125013,1,0.997554,1
D_0001125055,0,0.056194,0
D_0001125622,0,0.310878,1
D_0001125916,1,0.995358,1
D_0001126042,1,0.998578,1
D_0001126210,1,0.994810,1
D_0001126315,0,0.180570,0
D_0001126399,0,0.103068,0
D_0001127092,1,0.993041,1
D_0001127659,1,0.998145,1
D_0001127848,1,0.997815,1
D_0001128058,0,0.029653,0
D_0001128100,0,0.814511,1
D_0001128604,0,0.088382,0
D_0001128667,0,0.066132,0
D_0001128730,1,0.991467,1
D_0001128751,1,0.999653,1
D_0001129003,0,0.015658,0
D_0001129486,0,0.116575,0
D_0001129612,1,0.992677,1
D_0001129759,1,0.995065,1
D_0001130263,1,0.990425,1
D_0001130452,0,0.054130,0
D_0001130557,0,0.044141,0
D_0001130662,0,0.076569,0
D_0001131628,0,0.010823,0
D_0001131691,0,0.160427,0
D_0001131796,1,0.293283,1
D_0001132720,1,0.998897,1
D_0001132825,1,0.999480,1
D_0001133539,0,0.110840,0
D_0001133560,1,0.995767,1
D_0001133875,0,0.010989,0
D_0001133917,1,0.995870,1
D_0001134316,0,0.103586,0
D_0001134400,1,0.990580,1
D_0001134526,1,0.980035,1
D_0001134589,0,0.039279,0
D_0001134736,1,0.995711,1
D_0001134757,1,0.058872,0
D_0001135534,1,0.995133,1
D_0001136185,0,0.018716,0
D_0001136731,1,0.998195,1
D_0001136983,1,0.994497,1
D_0001137529,0,0.149450,0
D_0001137592,1,0.993883,1
D_0001138453,0,0.030898,0
D_0001138537,0,0.035528,0
D_0001139020,1,0.979750,1
D_0001139083,0,0.027961,0
D_0001139125,1,0.999998,1
D_0001139335,0,0.010088,0
D_0001139965,0,0.823285,1
D_0001140805,1,0.992403,1
D_0001141183,1,0.994683,1
D_0001141897,1,0.999779,1
D_0001142212,1,0.999996,1
D_0001142338,1,0.997186,1
D_0001142464,1,0.969216,1
D_0001142695,0,0.045959,0
D_0001142779,0,0.010242,0
D_0001142968,1,0.993113,1
D_0001143535,1,0.235612,1
D_0001143724,1,0.998166,1
D_0001143871,1,0.984226,1
D_0001144249,1,0.998478,1
D_0001144438,0,0.039117,0
D_0001144522,1,0.337640,1
D_0001144816,0,0.047308,0
D_0001145236,1,0.993032,1
D_0001145299,0,0.366625,1
D_0001145341,0,0.035494,0
D_0001145383,0,0.065854,0
D_0001145509,0,0.053841,0
D_0001145614,0,0.169106,0
D_0001145635,0,0.063887,0
D_0001146433,0,0.109421,0
D_0001146559,1,0.082915,0
D_0001146643,0,0.017853,0
D_0001146727,1,0.999475,1
D_0001147294,0,0.015711,0
D_0001147525,1,0.999897,1
D_0001147798,1,0.997781,1
D_0001148134,0,0.074269,0
D_0001148554,0,0.038717,0
D_0001148722,0,0.038728,0
D_0001149163,0,0.404069,1
D_0001149226,1,1.000000,1
D_0001149247,1,0.994431,1
D_0001149583,0,0.106346,0
D_0001150045,1,0.945972,1
D_0001150066,1,0.985235,1
D_0001150087,1,0.993263,1
D_0001150360,0,0.036349,0
D_0001150969,1,0.996791,1
D_0001151389,0,0.029086,0
D_0001151641,0,0.086684,0
D_0001151851,1,0.996412,1
D_0001152145,0,0.052300,0
D_0001152187,0,0.009214,0
D_0001152229,0,0.054906,0
D_0001152271,0,0.071432,0
D_0001152775,0,0.244418,1
D_0001153006,0,0.048452,0
D_0001153069,0,0.020918,0
D_0001153195,1,0.998126,1
D_0001153363,0,0.128960,0
D_0001153405,1,0.994961,1
D_0001153720,1,0.221497,1
D_0001153762,0,0.039320,0
D_0001153867,0,0.013056,0
D_0001153972,0,0.076850,0
D_0001154245,0,0.025170,0
D_0001155043,1,0.993537,1
D_0001156450,1,0.956243,1
D_0001156723,1,0.988539,1
D_0001156828,1,0.994602,1
D_0001156996,0,0.072925,0
D_0001157584,1,0.998828,1
D_0001157983,1,0.976218,1
D_0001158382,1,1.000000,1
D_0001158718,0,0.022629,0
D_0001158739,1,0.976191,1
D_0001158991,1,0.991396,1
D_0001159033,1,0.999648,1
D_0001159222,0,0.062750,0
D_0001159432,1,0.993181,1
D_0001159600,1,0.996668,1
D_0001160020,0,0.062580,0
D_0001160545,0,0.068653,0
D_0001160734,0,0.055984,0
D_0001161196,1,0.991401,1
D_0001161280,1,1.000000,1
D_0001161490,0,0.153415,0
D_0001161826,0,0.049441,0
D_0001161868,0,0.079713,0
D_0001162456,1,0.995922,1
D_0001163170,0,0.115556,0
D_0001163674,0,0.055771,0
D_0001163842,1,0.195165,1
D_0001164094,0,0.052847,0
D_0001164157,1,0.999253,1
D_0001164283,1,0.998502,1
D_0001164367,0,0.044777,0
D_0001164472,0,0.041467,0
D_0001164829,1,0.993450,1
D_0001164871,0,0.191834,1
D_0001165312,1,1.000000,1
D_0001165690,0,0.015062,0
D_0001165921,0,0.043488,0
D_0001166257,0,0.024021,0
D_0001166425,0,0.078171,0
D_0001167307,0,0.089464,0
D_0001167643,0,0.103640,0
D_0001167895,1,0.994726,1
D_0001168021,1,0.151820,0
D_0001168840,1,0.993900,1
D_0001168966,0,0.146519,0
D_0001169176,1,0.998738,1
D_0001169260,1,0.994415,1
D_0001169449,0,0.150618,0
D_0001169533,1,0.032833,0
D_0001169848,1,0.992399,1
D_0001170037,1,0.996606,1
D_0001170226,0,0.321259,1
D_0001170289,1,0.993626,1
D_0001170310,1,0.997175,1
D_0001170646,1,0.998725,1
D_0001170919,1,0.033003,0
D_0001171045,1,0.992072,1
D_0001171339,0,0.079136,0
D_0001171612,0,0.015451,0
D_0001171864,1,0.995607,1
D_0001172242,0,0.034447,0
D_0001173334,0,0.078553,0
D_0001173376,1,0.999995,1
D_0001173838,0,0.039155,0
D_0001174636,1,1.000000,1
D_0001174720,0,0.055784,0
D_0001175119,0,0.026606,0
D_0001175308,0,0.028087,0
D_0001175455,1,0.122494,0
D_0001175476,0,0.038461,0
D_0001176316,0,0.169853,0
D_0001177492,0,0.025749,0
D_0001178038,0,0.072097,0
D_0001178332,0,0.087852,0
D_0001179382,0,0.154992,0
D_0001179655,0,0.045286,0
D_0001180033,0,0.027596,0
D_0001180411,0,0.069140,0
D_0001180474,1,0.993487,1
D_0001180642,0,0.062040,0
D_0001180726,0,0.096015,0
D_0001181041,1,0.998006,1
D_0001181503,1,0.999061,1
D_0001181650,0,0.146763,0
D_0001181986,1,0.995260,1
D_0001182889,0,0.037333,0
D_0001183057,0,0.031815,0
D_0001183099,0,0.046569,0
D_0001183183,0,0.143699,0
D_0001183414,0,0.029369,0
D_0001183498,0,0.173468,0
D_0001184023,1,0.999999,1
D_0001184527,0,0.015050,0
D_0001184989,0,0.117090,0
D_0001185451,1,0.997913,1
D_0001185514,0,0.084138,0
D_0001185556,1,0.997454,1
D_0001185871,0,0.014492,0
D_0001186039,0,0.054619,0
D_0001186354,1,0.100441,0
D_0001186585,0,0.037573,0
D_0001187299,1,0.990757,1
D_0001187551,1,0.999762,1
D_0001188034,0,0.039340,0
D_0001188307,1,0.996608,1
D_0001188454,0,0.013623,0
D_0001188517,0,0.106199,0
D_0001188706,1,0.996520,1
D_0001188916,1,0.033665,0
D_0001188937,0,0.037762,0
D_0001189609,1,0.999995,1
D_0001189756,1,0.430859,1
D_0001189924,1,0.995770,1
D_0001190176,0,0.998760,1
D_0001190386,1,0.038612,0
D_0001190806,0,0.365159,1
D_0001191037,1,0.996315,1
D_0001191100,1,0.992159,1
D_0001191373,1,0.997940,1
D_0001191625,0,0.083343,0
D_0001191772,1,0.991555,1
D_0001191877,0,0.080583,0
D_0001192444,0,0.080826,0
D_0001192801,0,0.073100,0
D_0001193011,0,0.028904,0
D_0001193431,0,0.064422,0
D_0001193914,0,0.013816,0
D_0001194040,1,0.998242,1
D_0001194334,1,0.995093,1
D_0001194985,0,0.069485,0
D_0001195006,0,0.079117,0
D_0001195111,1,0.987281,1
D_0001195510,1,0.999999,1
D_0001195636,0,0.047681,0
D_0001195951,1,0.987119,1
D_0001196035,1,0.179959,0
D_0001196875,0,0.039224,0
D_0001198030,1,0.972552,1
D_0001198555,1,1.000000,1
D_0001198702,0,0.008067,0
D_0001198975,0,0.097420,0
D_0001199605,1,1.000000,1
D_0001199626,1,0.989201,1
D_0001199836,1,0.998424,1
D_0001199878,1,0.994199,1
D_0001200382,1,0.999850,1
D_0001200571,0,0.132016,0
D_0001200760,0,0.235013,1
D_0001200907,0,0.060861,0
D_0001201516,1,0.995000,1
D_0001201600,0,0.079477,0
D_0001201747,1,0.044218,0
D_0001201789,1,0.999972,1
D_0001201831,1,0.997741,1
D_0001201978,1,0.993755,1
D_0001202419,1,0.996684,1
D_0001202440,0,0.183101,0
D_0001202503,0,0.058804,0
D_0001202587,1,0.996278,1
D_0001202650,0,0.027144,0
D_0001202671,0,0.011423,0
D_0001202818,0,0.282924,1
D_0001202902,0,0.103298,0
D_0001203196,0,0.046818,0
D_0001203658,0,0.035359,0
D_0001203994,1,0.998320,1
D_0001204225,1,0.998956,1
D_0001204309,1,0.983712,1
D_0001204645,1,0.982263,1
D_0001205947,1,0.992829,1
D_0001206199,1,0.996362,1
D_0001206640,1,0.994439,1
D_0001207123,0,0.015389,0
D_0001207144,0,0.018995,0
D_0001207480,1,0.999756,1
D_0001207543,1,0.991996,1
D_0001207585,0,0.223851,1
D_0001207837,0,0.127937,0
D_0001207921,0,0.142996,0
D_0001208047,0,0.010380,0
D_0001208446,1,0.998906,1
D_0001208971,0,0.099436,0
D_0001209139,0,0.264740,1
D_0001209265,1,0.010075,0
D_0001209601,1,0.999832,1
D_0001209643,0,0.646400,1
D_0001209748,1,0.993739,1
D_0001210042,0,0.089003,0
D_0001210714,1,0.996634,1
D_0001210903,0,0.460135,1
D_0001211260,1,0.996096,1
D_0001211407,1,0.996351,1
D_0001211596,1,0.692715,1
D_0001211638,1,0.979302,1
D_0001211785,1,0.997255,1
D_0001212289,1,0.999994,1
D_0001212352,1,0.996537,1
D_0001212373,0,0.031854,0
D_0001212415,0,0.103338,0
D_0001212478,0,0.040397,0
D_0001212604,0,0.070127,0
D_0001212919,1,0.994433,1
D_0001213045,0,0.129269,0
D_0001213066,1,0.999985,1
D_0001213759,0,0.049050,0
D_0001213843,0,0.038571,0
D_0001213990,0,0.076683,0
D_0001214074,0,0.093198,0
D_0001214263,0,0.022656,0
D_0001214452,0,0.070748,0
D_0001215397,0,0.136421,0
D_0001215418,1,0.980946,1
D_0001215691,0,0.295989,1
D_0001215754,1,0.994118,1
D_0001215922,0,0.037224,0
D_0001216405,0,0.022129,0
D_0001216657,1,0.994970,1
D_0001216972,1,0.998307,1
D_0001217224,0,0.067052,0
D_0001217392,1,0.996358,1
D_0001217434,1,0.251139,1
D_0001217854,0,0.059440,0
D_0001217917,1,0.993894,1
D_0001218001,1,0.999900,1
D_0001218043,0,0.072696,0
D_0001218190,0,0.064971,0
D_0001218295,0,0.084253,0
D_0001218358,1,0.989778,1
D_0001218799,0,0.169110,0
D_0001219093,1,0.991808,1
D_0001219135,1,0.996138,1
D_0001219492,0,0.028084,0
D_0001219975,1,0.994413,1
D_0001220017,1,0.196748,1
D_0001220122,0,0.129922,0
D_0001220647,1,0.999999,1
D_0001220731,1,0.995301,1
D_0001220899,0,0.067761,0
D_0001221466,1,0.991292,1
D_0001221886,1,0.086573,0
D_0001221928,1,0.999963,1
D_0001222012,1,0.999321,1
D_0001222621,1,0.999787,1
D_0001222852,1,0.137921,0
D_0001222936,1,0.575311,1
D_0001223020,1,0.996567,1
D_0001223293,0,0.062711,0
D_0001223545,0,0.031821,0
D_0001223734,1,0.998628,1
D_0001224049,1,1.000000,1
D_0001224217,1,0.990897,1
D_0001224364,1,0.997329,1
D_0001224448,0,0.016347,0
D_0001224847,1,1.000000,1
D_0001224868,0,0.023829,0
D_0001224952,0,0.027587,0
D_0001224973,1,0.988109,1
D_0001225015,1,0.998029,1
D_0001225078,1,0.090355,0
D_0001225351,1,0.482917,1
D_0001225771,1,0.999995,1
D_0001226149,0,0.002284,0
D_0001227283,1,0.995924,1
D_0001227430,1,0.996879,1
D_0001227472,1,0.997094,1
D_0001227577,1,0.999997,1
D_0001228354,1,0.996124,1
D_0001228648,1,0.979523,1
D_0001229383,1,0.999990,1
D_0001229593,0,0.055947,0
D_0001230076,1,0.996751,1
D_0001230580,1,1.000000,1
D_0001230979,1,0.997051,1
D_0001231126,1,0.998102,1
D_0001231147,1,0.998712,1
D_0001231315,0,0.033215,0
D_0001231399,1,0.997845,1
D_0001231483,0,0.030570,0
D_0001232260,1,0.995513,1
D_0001232470,1,0.981401,1
D_0001232512,1,0.999697,1
D_0001232680,0,0.040605,0
D_0001232869,0,0.149220,0
D_0001233079,1,0.997861,1
D_0001233184,0,0.248226,1
D_0001233331,1,0.994469,1
D_0001233667,0,0.108670,0
D_0001233961,1,0.035072,0
D_0001234864,0,0.038194,0
D_0001235599,0,0.011421,0
D_0001235935,0,0.156938,0
D_0001236061,1,0.996672,1
D_0001236103,0,0.118822,0
D_0001236124,1,0.999657,1
D_0001236712,0,0.003893,0
D_0001236817,1,1.000000,1
D_0001237132,0,0.155412,0
D_0001237174,1,0.994757,1
D_0001237657,1,0.994101,1
D_0001237720,0,0.049050,0
D_0001237783,1,0.988908,1
D_0001237993,1,0.991564,1
D_0001238140,0,0.071180,0
D_0001238413,1,0.999997,1
D_0001238518,0,0.105455,0
D_0001238581,1,0.999013,1
D_0001238602,0,0.026445,0
D_0001238896,1,0.340257,1
D_0001238917,1,0.991064,1
D_0001238980,1,0.997046,1
D_0001239946,1,0.995120,1
D_0001240429,1,0.991932,1
D_0001240618,0,0.011053,0
D_0001241101,1,0.993423,1
D_0001241773,0,0.107718,0
D_0001242193,0,0.051195,0
D_0001242466,0,0.027734,0
D_0001242550,0,0.044665,0
D_0001242655,0,0.985615,1
D_0001243012,1,0.979159,1
D_0001243075,0,0.041591,0
D_0001243180,1,0.044117,0
D_0001243474,1,0.995451,1
D_0001243516,1,0.993161,1
D_0001243579,0,0.106574,0
D_0001243831,1,0.998633,1
D_0001244041,1,0.079520,0
D_0001244230,0,0.122276,0
D_0001244251,1,0.999477,1
D_0001244398,1,0.999106,1
D_0001244503,0,0.101627,0
D_0001244545,1,0.998593,1
D_0001244587,0,0.061519,0
D_0001245112,1,0.997055,1
D_0001245973,1,0.100197,0
D_0001246540,0,0.049023,0
D_0001246792,1,0.991859,1
D_0001247674,0,0.020424,0
D_0001247800,1,0.996623,1
D_0001248409,1,0.997597,1
D_0001248745,1,0.996684,1
D_0001248913,0,0.094289,0
D_0001249165,0,0.170446,0
D_0001249291,1,0.997847,1
D_0001249417,1,0.995385,1
D_0001249585,1,0.982358,1
D_0001249711,0,0.026150,0
D_0001249816,1,0.999980,1
D_0001250131,1,0.999079,1
D_0001250593,0,0.003127,0
D_0001250740,1,0.047810,0
D_0001251181,0,0.044778,0
D_0001252252,0,0.054299,0
D_0001252357,0,0.031632,0
D_0001252441,0,0.208836,1
D_0001252735,1,0.216936,1
D_0001252798,1,0.999602,1
D_0001253113,1,0.999448,1
D_0001253260,1,0.995672,1
D_0001253323,1,0.999484,1
D_0001253512,0,0.002991,0
D_0001253659,1,0.994986,1
D_0001253722,0,0.074769,0
D_0001254226,1,0.999921,1
D_0001254247,0,0.027377,0
D_0001255297,1,1.000000,1
D_0001255339,1,0.999886,1
D_0001255549,1,0.991557,1
D_0001255654,0,0.088926,0
D_0001255717,0,0.012758,0
D_0001255759,1,0.998020,1
D_0001255801,0,0.065484,0
D_0001256347,0,0.093171,0
D_0001256473,0,0.098436,0
D_0001256788,1,0.227410,1
D_0001256998,0,0.011377,0
D_0001257376,1,0.999895,1
D_0001257628,1,0.997200,1
D_0001257880,1,0.992593,1
D_0001258321,1,0.980371,1
D_0001258888,0,0.008136,0
D_0001259098,1,0.995438,1
D_0001259455,1,0.996223,1
D_0001260673,0,0.096541,0
D_0001261618,0,0.069391,0
D_0001262038,0,0.295541,1
D_0001262122,0,0.051674,0
D_0001262374,1,0.992139,1
D_0001262437,1,0.999909,1
D_0001262479,1,0.995549,1
D_0001262605,1,0.991298,1
D_0001262647,1,0.995212,1
D_0001262710,0,0.027217,0
D_0001263550,1,0.992351,1
D_0001263655,1,0.042895,0
D_0001263697,0,0.000024,0
D_0001263718,0,0.040410,0
D_0001263928,0,0.021511,0
D_0001264075,1,0.113886,0
D_0001264621,1,0.106498,0
D_0001264747,0,0.051166,0
D_0001264852,1,1.000000,1
D_0001264978,1,0.999990,1
D_0001265251,0,0.004334,0
D_0001265419,0,0.123159,0
D_0001265650,0,0.566436,1
D_0001266007,1,0.995104,1
D_0001266175,1,0.114978,0
D_0001266196,1,0.992091,1
D_0001266469,1,0.995440,1
D_0001267351,1,0.058389,0
D_0001267435,0,0.074869,0
D_0001267855,1,1.000000,1
D_0001268233,1,0.992537,1
D_0001268548,1,0.992136,1
D_0001268695,1,0.998413,1
D_0001269283,0,0.040440,0
D_0001269724,1,0.997193,1
D_0001269976,0,0.002324,0
D_0001270207,0,0.060195,0
D_0001270417,0,0.042737,0
D_0001270459,0,0.209058,1
D_0001271761,1,0.994765,1
D_0001272181,0,0.079743,0
D_0001272202,0,0.044269,0
D_0001272643,0,0.050978,0
D_0001273084,1,0.995643,1
D_0001273126,0,0.045923,0
D_0001273630,0,0.108398,0
D_0001273882,1,0.999292,1
D_0001273903,1,0.274031,1
D_0001274491,0,0.070896,0
D_0001274533,0,0.486929,1
D_0001275142,0,0.020219,0
D_0001275373,1,0.977788,1
D_0001275982,1,0.990383,1
D_0001276213,0,0.066479,0
D_0001276759,1,0.107226,0
D_0001276780,1,0.994656,1
D_0001277431,0,0.109973,0
D_0001278019,1,0.998957,1
D_0001278040,0,0.036692,0
D_0001278187,1,1.000000,1
D_0001278334,1,0.995570,1
D_0001278523,1,0.998323,1
D_0001279762,1,0.992747,1
D_0001279846,0,0.211311,1
D_0001280644,1,0.994817,1
D_0001280980,1,0.998475,1
D_0001281106,1,0.999974,1
D_0001281127,1,0.999956,1
D_0001281799,1,0.995749,1
D_0001282030,0,0.093535,0
D_0001282051,1,0.994387,1
D_0001282282,1,0.104718,0
D_0001282786,1,0.999582,1
D_0001283416,0,0.045470,0
D_0001283458,1,1.000000,1
D_0001283689,0,0.207497,1
D_0001283773,1,0.991197,1
D_0001284865,1,0.992558,1
D_0001284886,0,0.093752,0
D_0001285369,0,0.112624,0
D_0001286524,1,0.999985,1
D_0001286755,0,0.094512,0
D_0001286839,1,0.995175,1
D_0001286881,1,0.997241,1
D_0001286944,1,0.994629,1
D_0001287469,0,0.011161,0
D_0001288036,0,0.130831,0
D_0001289149,1,0.995238,1
D_0001289548,0,0.077630,0
D_0001289758,0,0.067640,0
D_0001290031,1,0.132848,0
D_0001290178,1,0.994118,1
D_0001290493,1,0.996821,1
D_0001290556,0,0.201432,1
D_0001290619,1,0.994232,1
D_0001291081,1,0.998492,1
D_0001291396,1,0.998620,1
D_0001291732,1,0.985430,1
D_0001292173,0,0.434317,1
D_0001292236,0,0.208460,1
D_0001292782,0,0.164118,0
D_0001292971,0,0.058946,0
D_0001293139,1,0.992120,1
D_0001293538,1,0.987119,1
D_0001294105,0,0.185174,0
D_0001294126,1,0.999425,1
D_0001294252,0,0.063061,0
D_0001294525,0,0.011752,0
D_0001294609,0,0.148963,0
D_0001294672,1,0.999527,1
D_0001294735,1,0.999618,1
D_0001295134,1,0.999840,1
D_0001295344,0,0.069573,0
D_0001295407,0,0.036645,0
D_0001295596,0,0.534117,1
D_0001295722,0,0.435774,1
D_0001295764,0,0.077764,0
D_0001296394,1,0.996369,1
D_0001296499,1,0.979772,1
D_0001296646,1,1.000000,1
D_0001296667,1,0.993339,1
D_0001296709,1,0.990475,1
D_0001297339,0,0.294676,1
D_0001297402,1,0.993614,1
D_0001297612,0,0.051340,0
D_0001297717,0,0.029325,0
D_0001297780,0,0.039294,0
D_0001298704,0,0.027230,0
D_0001298746,0,0.065817,0
D_0001298788,1,0.978082,1
D_0001298851,1,0.980636,1
D_0001299040,1,0.996233,1
D_0001299061,1,0.991158,1
D_0001299313,0,0.244076,1
D_0001299502,0,0.007850,0
D_0001299544,1,0.997098,1
D_0001300048,0,0.238583,1
D_0001301056,0,0.031499,0
D_0001301497,1,0.166706,0
D_0001302526,1,0.996591,1
D_0001302589,0,0.015233,0
D_0001302694,0,0.029708,0
D_0001302925,0,0.086775,0
D_0001303513,0,0.325826,1
D_0001304731,0,0.006251,0
D_0001305361,1,0.996016,1
D_0001305676,1,1.000000,1
D_0001305928,1,0.997890,1
D_0001306999,1,0.990825,1
D_0001307209,1,0.995774,1
D_0001307293,0,0.040409,0
D_0001307860,0,0.065805,0
D_0001307902,1,0.141076,0
D_0001308007,0,0.027358,0
D_0001308091,0,0.134174,0
D_0001308238,1,0.999048,1
D_0001309015,1,0.999477,1
D_0001309813,1,0.996921,1
D_0001310590,1,0.103754,0
D_0001310737,0,0.023444,0
D_0001310842,1,0.993255,1
D_0001310863,1,0.999985,1
D_0001311304,1,0.996390,1
D_0001311367,0,0.082726,0
D_0001311640,0,0.085734,0
D_0001311766,1,0.991226,1
D_0001312333,0,0.105306,0
D_0001312564,1,0.977938,1
D_0001312753,1,0.416203,1
D_0001312858,0,0.040699,0
D_0001313026,1,0.995656,1
D_0001313803,1,0.043094,0
D_0001313824,1,0.997354,1
D_0001314139,0,0.167697,0
D_0001314580,1,0.997412,1
D_0001315042,1,0.987078,1
D_0001315357,1,0.999862,1
D_0001315441,0,0.477236,1
D_0001315546,0,0.059300,0
D_0001315861,1,0.721131,1
D_0001316449,0,0.049370,0
D_0001316995,1,0.994072,1
D_0001317268,0,0.082840,0
D_0001317709,0,0.094630,0
D_0001317814,1,0.992259,1
D_0001317898,1,0.020784,0
D_0001318192,0,0.289085,1
D_0001318234,1,0.999747,1
D_0001318444,1,0.999929,1
D_0001318591,1,0.999968,1
D_0001319473,1,1.000000,1
D_0001319620,1,0.150837,0
D_0001320292,0,0.082950,0
D_0001320712,1,0.995368,1
D_0001320922,1,0.986537,1
D_0001321447,0,0.106703,0
D_0001321846,1,0.999561,1
D_0001322203,1,0.995103,1
D_0001322350,1,0.107965,0
D_0001322413,0,0.037555,0
D_0001323211,1,0.999952,1
D_0001323316,1,0.996337,1
D_0001323862,0,0.022704,0
D_0001324009,1,0.995654,1
D_0001324366,0,0.046178,0
D_0001324912,1,0.139781,0
D_0001325479,0,0.001118,0
D_0001325500,0,0.126460,0
D_0001325668,0,0.037749,0
D_0001325689,1,0.996509,1
D_0001325773,1,0.989066,1
D_0001326424,1,0.996734,1
D_0001326571,1,0.991347,1
D_0001326802,0,0.097808,0
D_0001326865,1,0.994660,1
D_0001327096,1,0.998862,1
D_0001328188,0,0.097821,0
D_0001328503,1,0.993895,1
D_0001328902,0,0.158387,0
D_0001328923,1,0.988726,1
D_0001329091,0,0.044531,0
D_0001329154,1,0.996952,1
D_0001329280,0,0.052198,0
D_0001329931,1,0.996226,1
D_0001330498,1,0.995775,1
D_0001330645,0,0.035384,0
D_0001330729,1,0.311463,1
D_0001330960,0,0.062322,0
D_0001331086,0,0.159802,0
D_0001331275,0,0.113460,0
D_0001331317,0,0.070697,0
D_0001331359,0,0.029751,0
D_0001331380,0,0.055395,0
D_0001331401,0,0.011333,0
D_0001331506,1,0.995084,1
D_0001331527,0,0.202299,1
D_0001331548,1,0.992139,1
D_0001331569,1,0.995328,1
D_0001332241,0,0.072649,0
D_0001332472,0,0.020703,0
D_0001333480,1,0.994956,1
D_0001333648,0,0.116770,0
D_0001333774,1,0.039207,0
D_0001334677,1,0.986248,1
D_0001335349,0,0.129357,0
D_0001335517,1,0.995858,1
D_0001335538,0,0.023656,0
D_0001335811,1,0.971051,1
D_0001335832,0,0.084125,0
D_0001336084,0,0.042313,0
D_0001336147,1,0.992643,1
D_0001336210,1,0.634979,1
D_0001336819,0,0.160488,0
D_0001337113,0,0.152380,0
D_0001337197,1,0.995353,1
D_0001337491,1,1.000000,1
D_0001338016,1,0.999825,1
D_0001338142,1,0.988823,1
D_0001338184,0,0.104337,0
D_0001338226,0,0.064169,0
D_0001338310,0,0.323019,1
D_0001338352,1,0.987586,1
D_0001338373,0,0.099708,0
D_0001338772,1,0.310403,1
D_0001338898,0,0.030914,0
D_0001338919,1,0.996841,1
D_0001339990,1,0.994502,1
D_0001340725,1,0.998071,1
D_0001340809,1,0.995244,1
D_0001341229,0,0.001117,0
D_0001341250,1,0.100657,0
D_0001341670,1,0.244772,1
D_0001341754,1,0.995401,1
D_0001342993,0,0.240399,1
D_0001343140,1,0.837845,1
D_0001343203,1,0.994275,1
D_0001344379,0,0.094034,0
D_0001344505,0,0.084158,0
D_0001345009,1,0.999649,1
D_0001345240,0,0.093893,0
D_0001345366,0,0.003468,0
D_0001345534,1,0.270832,1
D_0001345828,0,0.169705,0
D_0001346038,0,0.183799,0
D_0001346374,0,0.021481,0
D_0001346542,0,0.036957,0
D_0001346563,0,0.019000,0
D_0001346626,1,0.993799,1
D_0001346689,0,0.167212,0
D_0001347088,1,0.988046,1
D_0001347424,0,0.067200,0
D_0001347529,1,0.998378,1
D_0001347613,0,0.107853,0
D_0001348159,1,0.992079,1
D_0001348201,1,0.987997,1
D_0001348642,0,0.395714,1
D_0001348957,1,0.996354,1
D_0001349167,0,0.071590,0
D_0001349965,1,0.995356,1
D_0001350049,0,0.004848,0
D_0001350448,0,0.131652,0
D_0001351225,1,0.999459,1
D_0001351876,1,0.052201,0
D_0001352044,0,0.010728,0
D_0001352149,0,0.053459,0
D_0001352191,1,0.999982,1
D_0001352464,1,0.999934,1
D_0001352821,0,0.020560,0
D_0001353325,1,0.998358,1
D_0001353514,1,0.991000,1
D_0001354501,1,0.994823,1
D_0001355110,0,0.108362,0
D_0001355341,0,0.017408,0
D_0001356370,0,0.117293,0
D_0001356454,0,0.054294,0
D_0001356517,0,0.026627,0
D_0001356916,1,0.999966,1
D_0001357063,1,0.999990,1
D_0001357357,1,0.056879,0
D_0001357756,1,0.993195,1
D_0001358071,1,0.996414,1
D_0001358533,1,0.998638,1
D_0001359121,0,0.027170,0
D_0001359541,1,0.982642,1
D_0001359583,0,0.039245,0
D_0001359604,1,0.995902,1
D_0001359835,0,0.028051,0
D_0001361158,1,0.991804,1
D_0001361452,1,0.990474,1
D_0001361683,1,0.996316,1
D_0001361704,0,0.026854,0
D_0001361851,1,0.985281,1
D_0001362754,1,0.987522,1
D_0001364077,1,0.994282,1
D_0001364329,1,0.998381,1
D_0001364350,0,0.106532,0
D_0001364665,0,0.038168,0
D_0001365631,1,0.997860,1
D_0001366051,0,0.002821,0
D_0001366240,1,0.993568,1
D_0001366471,1,0.293000,1
D_0001366597,1,0.990100,1
D_0001366723,0,0.067169,0
D_0001366849,0,0.081770,0
D_0001367353,0,0.057548,0
D_0001367752,1,0.991452,1
D_0001367815,1,0.999981,1
D_0001368991,0,0.038336,0
D_0001369558,0,0.030804,0
D_0001369726,1,0.991084,1
D_0001369747,0,0.158455,0
D_0001370209,0,0.095569,0
D_0001370398,0,0.039008,0
D_0001370524,0,0.125383,0
D_0001370902,1,0.993908,1
D_0001371574,1,0.993415,1
D_0001371784,1,0.474167,1
D_0001371973,1,0.994781,1
D_0001372267,0,0.024483,0
D_0001372792,1,0.998987,1
D_0001373233,1,0.997671,1
D_0001373338,1,0.996756,1
D_0001373632,1,0.993761,1
D_0001373674,1,0.997164,1
D_0001373800,1,0.971075,1
D_0001374094,0,0.076971,0
D_0001374178,1,0.999627,1
D_0001374367,0,0.029823,0
D_0001374493,1,0.996248,1
D_0001374535,1,0.999674,1
D_0001375207,0,0.022387,0
D_0001375690,0,0.020987,0
D_0001376236,1,0.119564,0
D_0001376425,1,0.999998,1
D_0001376446,1,0.996760,1
D_0001376488,1,0.990421,1
D_0001376782,0,0.039051,0
D_0001376971,0,0.004851,0
D_0001377034,0,0.014874,0
D_0001377202,1,0.394018,1
D_0001377475,0,0.127660,0
D_0001377832,1,0.991822,1
D_0001377916,0,0.024466,0
D_0001377979,0,0.027174,0
D_0001378189,0,0.056888,0
D_0001378378,0,0.008442,0
D_0001379008,0,0.014207,0
D_0001379092,0,0.042604,0
D_0001379218,1,0.995079,1
D_0001379260,1,0.993953,1
D_0001379302,1,0.992295,1
D_0001379386,0,0.054599,0
D_0001379638,1,0.999995,1
D_0001380898,1,0.665028,1
D_0001380940,1,0.998453,1
D_0001381024,0,0.274098,1
D_0001381045,1,0.997263,1
D_0001381318,1,0.181351,0
D_0001382179,1,0.993378,1
D_0001382326,0,0.095321,0
D_0001382494,1,0.993235,1
D_0001382599,1,0.994657,1
D_0001382746,0,0.198266,1
D_0001383082,1,0.293111,1
D_0001383985,1,0.999613,1
D_0001384762,0,0.013382,0
D_0001384993,1,0.709295,1
D_0001385182,1,0.993735,1
D_0001385497,0,0.044571,0
D_0001385749,1,0.999955,1
D_0001386085,0,0.045201,0
D_0001386442,1,0.978667,1
D_0001386631,0,0.077239,0
D_0001387114,1,0.994486,1
D_0001387135,1,0.999329,1
D_0001388353,1,0.988499,1
D_0001388626,0,0.078645,0
D_0001388836,0,0.028827,0
D_0001389067,0,0.004872,0
D_0001389298,0,0.181603,0
D_0001389319,0,0.029984,0
D_0001389970,0,0.003788,0
D_0001390075,0,0.074225,0
D_0001390117,0,0.086684,0
D_0001390390,1,0.998533,1
D_0001390495,0,0.008963,0
D_0001390915,1,0.949208,1
D_0001390999,1,0.997474,1
D_0001391020,0,0.198093,1
D_0001391335,0,0.079994,0
D_0001392217,1,0.994635,1
D_0001392469,1,0.994922,1
D_0001392847,0,0.058399,0
D_0001393183,1,0.995212,1
D_0001393981,1,0.983559,1
D_0001394128,0,0.043294,0
D_0001394611,0,0.028317,0
D_0001394674,0,0.002104,0
D_0001395367,1,0.989860,1
D_0001395388,1,0.999938,1
D_0001396060,0,0.159537,0
D_0001396165,0,0.017056,0
D_0001396396,1,0.992004,1
D_0001396816,0,0.045786,0
D_0001397299,1,0.110646,0
D_0001397698,1,1.000000,1
D_0001397719,1,0.998095,1
D_0001397866,1,0.988195,1
D_0001398664,1,0.999844,1
D_0001398769,0,0.019190,0
D_0001398811,0,0.118207,0
D_0001398832,1,0.300307,1
D_0001398937,0,0.006523,0
D_0001399000,0,0.070982,0
D_0001399357,0,0.048884,0
D_0001399903,0,0.017510,0
D_0001400449,1,0.238126,1
D_0001400491,1,0.998841,1
D_0001400701,0,0.196348,1
D_0001400806,1,0.996624,1
D_0001401436,1,0.999898,1
D_0001401562,0,0.035138,0
D_0001401730,0,0.039250,0
D_0001402087,0,0.014592,0
D_0001402822,1,1.000000,1
D_0001402885,0,0.007809,0
D_0001402990,1,0.996658,1
D_0001403326,1,0.999941,1
D_0001404124,1,0.991984,1
D_0001404691,0,0.012285,0
D_0001405006,0,0.121801,0
D_0001405090,1,0.059758,0
D_0001406140,0,0.042896,0
D_0001406644,1,0.997813,1
D_0001406875,0,0.021531,0
D_0001407232,0,0.021744,0
D_0001407379,0,0.131287,0
D_0001407400,0,0.171339,0
D_0001407694,1,0.989289,1
D_0001407757,1,0.994411,1
D_0001407799,1,0.998969,1
D_0001407820,0,0.035816,0
D_0001408177,0,0.052496,0
D_0001408282,1,0.993237,1
D_0001408429,0,0.038941,0
D_0001409290,1,0.587702,1
D_0001409374,0,0.084558,0
D_0001409626,1,0.997589,1
D_0001409836,1,0.993684,1
D_0001409878,1,0.996102,1
D_0001410172,0,0.065146,0
D_0001410382,1,0.999521,1
D_0001410592,0,0.034837,0
D_0001410760,1,0.994954,1
D_0001411264,0,0.015131,0
D_0001411411,1,0.995265,1
D_0001411642,1,0.999622,1
D_0001411747,0,0.312632,1
D_0001411831,0,0.045210,0
D_0001412083,0,0.103884,0
D_0001412986,0,0.027160,0
D_0001413448,1,0.996691,1
D_0001413595,1,0.996459,1
D_0001414393,1,0.989719,1
D_0001414477,1,0.990963,1
D_0001414624,0,0.088720,0
D_0001414729,0,0.079888,0
D_0001415338,1,0.999478,1
D_0001415485,0,0.342052,1
D_0001415884,0,0.044109,0
D_0001415905,0,0.021782,0
D_0001415989,0,0.089210,0
D_0001416010,0,0.021819,0
D_0001416472,1,1.000000,1
D_0001416661,1,0.999168,1
D_0001417249,1,0.990596,1
D_0001417333,0,0.042634,0
D_0001417942,1,0.208375,1
D_0001417963,1,0.999790,1
D_0001418236,1,0.983730,1
D_0001419286,1,0.997474,1
D_0001420399,0,0.113881,0
D_0001420525,1,0.925952,1
D_0001420630,1,0.999916,1
D_0001421071,1,0.999969,1
D_0001421092,0,0.036633,0
D_0001421512,0,0.058960,0
D_0001421680,1,0.999975,1
D_0001421869,1,0.106635,0
D_0001421953,1,0.066100,0
D_0001422520,1,0.998864,1
D_0001422625,1,0.995558,1
D_0001422667,1,0.996643,1
D_0001423192,1,0.998446,1
D_0001423423,0,0.102711,0
D_0001423528,1,0.023154,0
D_0001423675,1,0.999998,1
D_0001423696,1,0.999832,1
D_0001423948,0,0.185662,0
D_0001423990,0,0.003395,0
D_0001424179,0,0.162611,0
D_0001425271,1,0.993913,1
D_0001425460,1,0.999646,1
D_0001426363,1,0.998243,1
D_0001426993,0,0.051621,0
D_0001427140,0,0.020871,0
D_0001427350,0,0.096103,0
D_0001427623,1,0.994888,1
D_0001427959,0,0.070270,0
D_0001428001,1,0.997114,1
D_0001428946,0,0.066920,0
D_0001429387,0,0.091244,0
D_0001429933,1,0.999827,1
D_0001430395,1,0.996220,1
D_0001430500,0,0.040909,0
D_0001430542,1,0.998873,1
D_0001430584,0,0.079437,0
D_0001430815,1,0.994360,1
D_0001430836,1,0.577249,1
D_0001431361,0,0.033202,0
D_0001431571,0,0.037295,0
D_0001431655,1,0.998256,1
D_0001431760,1,0.994799,1
D_0001431802,1,0.067881,0
D_0001432096,0,0.188356,1
D_0001433314,0,0.078087,0
D_0001433398,1,0.995514,1
D_0001433881,0,0.061891,0
D_0001434112,1,0.241171,1
D_0001434133,1,0.994235,1
D_0001434427,1,0.994683,1
D_0001434658,0,0.030972,0
D_0001435624,0,0.041116,0
D_0001435645,1,0.999304,1
D_0001435666,0,0.059886,0
D_0001435960,0,0.043342,0
D_0001435981,1,0.994425,1
D_0001436548,0,0.019239,0
D_0001436590,0,0.035014,0
D_0001436695,0,0.011110,0
D_0001436737,0,0.060700,0
D_0001436779,1,0.999920,1
D_0001436968,0,0.075820,0
D_0001437325,1,0.990394,1
D_0001438585,1,0.125214,0
D_0001438942,1,0.999941,1
D_0001438984,0,0.083937,0
D_0001439131,1,0.994384,1
D_0001439656,1,0.993154,1
D_0001439740,1,0.996213,1
D_0001439908,0,0.036330,0
D_0001441126,1,0.074660,0
D_0001441357,0,0.065867,0
D_0001441420,1,0.999569,1
D_0001441462,1,0.993691,1
D_0001441882,1,0.996189,1
D_0001442281,1,1.000000,1
D_0001442680,0,0.026342,0
D_0001443310,0,0.142924,0
D_0001443352,0,0.044019,0
D_0001443520,1,0.996159,1
D_0001443940,1,0.983170,1
D_0001444003,1,0.999768,1
D_0001444213,1,0.995946,1
D_0001444633,0,0.098361,0
D_0001444717,1,0.994368,1
D_0001445809,1,0.993965,1
D_0001446250,1,0.277236,1
D_0001446691,1,0.994772,1
D_0001446733,1,0.997587,1
D_0001446964,1,0.995715,1
D_0001447804,1,0.999586,1
D_0001447909,1,0.988908,1
D_0001448329,0,0.077823,0
D_0001449085,1,0.999999,1
D_0001449652,1,0.995957,1
D_0001450408,0,0.083653,0
D_0001450723,0,0.055506,0
D_0001451521,1,1.000000,1
D_0001451668,0,0.012820,0
D_0001452067,0,0.050704,0
D_0001452214,1,0.998802,1
D_0001452340,0,0.138387,0
D_0001453096,0,0.023635,0
D_0001453222,1,0.998171,1
D_0001453432,1,0.999941,1
D_0001453474,1,0.999997,1
D_0001453621,1,0.350068,1
D_0001453978,0,0.106306,0
D_0001454062,1,0.885222,1
D_0001454104,0,0.009220,0
D_0001454314,1,0.996839,1
D_0001454524,1,0.994279,1
D_0001454629,0,0.040296,0
D_0001455028,0,0.136823,0
D_0001455574,1,0.992885,1
D_0001455952,1,0.134813,0
D_0001456267,1,0.999790,1
D_0001456456,1,0.995369,1
D_0001456519,1,0.995718,1
D_0001456813,1,0.995153,1
D_0001456918,1,0.991111,1
D_0001457191,0,0.100850,0
D_0001457422,0,0.017727,0
D_0001457485,1,0.126025,0
D_0001457800,0,0.014717,0
D_0001457842,1,0.999353,1
D_0001458052,1,0.999964,1
D_0001458115,1,0.364121,1
D_0001458409,0,0.042415,0
D_0001458577,0,0.990941,1
D_0001459249,0,0.035544,0
D_0001459270,1,0.999833,1
D_0001459438,1,0.995998,1
D_0001459816,1,0.982576,1
D_0001459963,0,0.090066,0
D_0001460089,1,0.995412,1
D_0001460131,1,0.994088,1
D_0001461412,0,0.049511,0
D_0001461517,1,0.999421,1
D_0001461895,0,0.681623,1
D_0001462021,0,0.217765,1
D_0001462441,1,0.997666,1
D_0001462483,1,0.994248,1
D_0001462504,1,1.000000,1
D_0001462861,1,0.999999,1
D_0001462966,1,0.995956,1
D_0001463092,0,0.063915,0
D_0001463134,1,0.993113,1
D_0001463869,1,0.996031,1
D_0001463911,1,0.995818,1
D_0001464583,0,0.107952,0
D_0001464856,0,0.122534,0
D_0001465045,0,0.030474,0
D_0001465171,0,0.077125,0
D_0001465381,0,0.013055,0
D_0001465549,0,0.851562,1
D_0001465633,0,0.039098,0
D_0001466221,1,0.994315,1
D_0001466746,0,0.104783,0
D_0001466998,0,0.111672,0
D_0001467292,1,0.998966,1
D_0001467670,0,0.975489,1
D_0001468363,1,0.999924,1
D_0001468426,1,0.988030,1
D_0001468657,0,0.054662,0
D_0001468930,0,0.103845,0
D_0001469224,1,0.054113,0
D_0001469350,1,0.999439,1
D_0001469497,1,0.999181,1
D_0001469623,0,0.036583,0
D_0001469854,1,0.231371,1
D_0001470106,0,0.041673,0
D_0001470547,1,0.401119,1
D_0001471135,0,0.164211,0
D_0001471324,1,0.999995,1
D_0001471975,1,0.995092,1
D_0001472248,0,0.048273,0
D_0001472500,0,0.057348,0
D_0001472878,1,0.993261,1
D_0001472962,1,0.983891,1
D_0001473151,0,0.036063,0
D_0001473424,0,0.647159,1
D_0001473550,1,0.990941,1
D_0001474180,0,0.076640,0
D_0001474201,0,0.073875,0
D_0001474327,0,0.025315,0
D_0001474432,1,1.000000,1
D_0001474453,0,0.017562,0
D_0001474621,1,0.998972,1
D_0001474999,1,0.991377,1
D_0001475692,0,0.072568,0
D_0001475776,1,0.998283,1
D_0001475839,1,0.995351,1
D_0001476007,0,0.019831,0
D_0001476070,0,0.050651,0
D_0001476301,0,0.044554,0
D_0001477267,1,0.985266,1
D_0001477477,1,0.999351,1
D_0001477708,0,0.048754,0
D_0001477771,1,0.117006,0
D_0001478107,1,0.994079,1
D_0001478359,0,0.814844,1
D_0001479241,0,0.015574,0
D_0001479304,0,0.057843,0
D_0001479955,0,0.010810,0
D_0001480081,0,0.098204,0
D_0001480291,0,0.024563,0
D_0001480333,1,0.995080,1
D_0001480459,1,0.994796,1
D_0001480480,1,0.470352,1
D_0001480690,0,0.007792,0
D_0001480858,1,0.990805,1
D_0001481635,0,0.043438,0
D_0001482097,0,0.000505,0
D_0001482265,0,0.050135,0
D_0001482496,1,0.992871,1
D_0001482622,1,0.999997,1
D_0001482769,0,0.118599,0
D_0001482937,1,0.997680,1
D_0001482979,1,1.000000,1
D_0001483168,0,0.052545,0
D_0001483231,1,0.990983,1
D_0001483420,0,0.200910,1
D_0001483819,0,0.073208,0
D_0001484071,0,0.078859,0
D_0001484134,1,0.989316,1
D_0001484197,1,0.993505,1
D_0001484533,1,0.999944,1
D_0001484596,1,0.995671,1
D_0001484806,1,0.992505,1
D_0001485247,1,0.999585,1
D_0001486276,1,0.993572,1
D_0001486696,1,0.991946,1
D_0001486885,0,0.058749,0
D_0001487032,1,0.991107,1
D_0001487221,0,0.096086,0
D_0001487326,0,0.080261,0
D_0001487536,0,0.225900,1
D_0001487599,1,0.998755,1
D_0001487746,1,0.993765,1
D_0001487914,1,0.996829,1
D_0001488061,0,0.065908,0
D_0001488208,0,0.050776,0
D_0001488481,0,0.044272,0
D_0001489090,0,0.039666,0
D_0001489111,1,0.994406,1
D_0001489237,1,0.996277,1
D_0001489447,1,0.992043,1
D_0001489762,0,0.044002,0
D_0001489951,0,0.072164,0
D_0001490098,1,0.999997,1
D_0001490119,0,0.126954,0
D_0001490602,1,0.999859,1
D_0001491337,0,0.037758,0
D_0001491379,0,0.073696,0
D_0001491400,1,0.985121,1
D_0001491757,0,0.063511,0
D_0001492345,0,0.034136,0
D_0001493374,0,0.001930,0
D_0001493416,1,0.992578,1
D_0001493626,1,0.999999,1
D_0001493731,0,0.086590,0
D_0001494025,1,0.999998,1
D_0001494613,1,0.992728,1
D_0001494718,0,0.032969,0
D_0001494802,1,0.996828,1
D_0001494907,1,0.999731,1
D_0001495138,1,0.992859,1
D_0001495516,0,0.044275,0
D_0001495600,1,0.999998,1
D_0001496083,0,0.028542,0
D_0001496230,1,0.999978,1
D_0001496818,0,0.091924,0
D_0001497805,0,0.089622,0
D_0001498372,0,0.048814,0
D_0001498414,1,0.993930,1
D_0001498687,1,0.987540,1
D_0001498771,1,0.996856,1
D_0001498855,0,0.019279,0
D_0001498981,1,0.995821,1
D_0001499128,1,0.994385,1
D_0001499653,1,0.995407,1
D_0001499989,1,0.986416,1
D_0001500073,0,0.101158,0
D_0001500346,1,0.985381,1
D_0001500493,1,0.041360,0
D_0001500535,0,0.034023,0
D_0001500850,1,0.995457,1
D_0001501018,1,0.992750,1
D_0001501102,1,0.991364,1
D_0001501186,1,1.000000,1
D_0001501795,0,0.019986,0
D_0001502194,0,0.020433,0
D_0001502341,0,0.041307,0
D_0001503055,1,0.996556,1
D_0001503118,1,0.999972,1
D_0001503181,1,0.991393,1
D_0001503307,1,0.995759,1
D_0001503391,1,0.999874,1
D_0001503895,1,0.145124,0
D_0001504063,0,0.012555,0
D_0001504630,1,0.991668,1
D_0001505176,0,0.300875,1
D_0001505407,1,0.996207,1
D_0001505470,0,0.027525,0
D_0001505848,0,0.290115,1
D_0001506247,1,0.986165,1
D_0001506478,1,0.998103,1
D_0001506562,0,0.102529,0
D_0001506646,1,0.992190,1
D_0001506835,1,0.999953,1
D_0001506919,1,0.998885,1
D_0001506961,0,0.051947,0
D_0001507213,0,0.014532,0
D_0001507486,1,0.998850,1
D_0001507717,1,0.992234,1
D_0001507822,0,0.022449,0
D_0001508179,0,0.064631,0
D_0001508326,1,0.999059,1
D_0001508830,1,0.993520,1
D_0001509103,1,0.416444,1
D_0001509376,1,0.986566,1
D_0001509418,0,0.030625,0
D_0001509817,0,0.028378,0
D_0001510048,0,0.110404,0
D_0001510489,0,0.017913,0
D_0001510825,1,0.057530,0
D_0001510909,0,0.096086,0
D_0001511455,0,0.053968,0
D_0001511518,0,0.012359,0
D_0001512211,0,0.124441,0
D_0001512589,0,0.106120,0
D_0001512652,1,0.994189,1
D_0001513555,0,0.099814,0
D_0001513933,1,0.994425,1
D_0001514353,1,0.997118,1
D_0001514731,0,0.019841,0
D_0001515193,0,0.037566,0
D_0001515256,1,0.995920,1
D_0001515277,0,0.039911,0
D_0001515613,0,0.024157,0
D_0001515655,1,0.997600,1
D_0001515907,0,0.170250,0
D_0001515970,1,0.994465,1
D_0001516117,0,0.114689,0
D_0001516264,0,0.049199,0
D_0001516348,0,0.073300,0
D_0001516369,1,0.102111,0
D_0001516642,1,0.999987,1
D_0001516705,0,0.076459,0
D_0001516726,0,0.098259,0
D_0001517062,1,0.991602,1
D_0001517797,0,0.046188,0
D_0001518007,1,0.082299,0
D_0001518091,1,0.998251,1
D_0001518511,1,0.968700,1
D_0001518532,1,0.994186,1
D_0001519036,1,0.991147,1
D_0001519834,1,0.998237,1
D_0001519855,0,0.022796,0
D_0001519918,0,0.091697,0
D_0001520023,1,0.998610,1
D_0001520191,0,0.042803,0
D_0001520653,0,0.006024,0
D_0001520737,0,0.977156,1
D_0001520884,0,0.019698,0
D_0001521052,1,0.999943,1
D_0001521073,0,0.196043,1
D_0001521199,0,0.160408,0
D_0001521451,1,0.998949,1
D_0001522417,0,0.098530,0
D_0001522963,0,0.290963,1
D_0001523404,1,0.989465,1
D_0001523509,0,0.125992,0
D_0001523971,0,0.072016,0
D_0001524580,1,0.999684,1
D_0001524727,1,0.993323,1
D_0001524811,1,0.999476,1
D_0001524916,1,0.996111,1
D_0001525000,0,0.015639,0
D_0001525021,0,0.046809,0
D_0001525336,0,0.057911,0
D_0001525567,1,0.318355,1
D_0001525609,1,0.992088,1
D_0001526176,1,0.997456,1
D_0001526512,1,0.997262,1
D_0001527163,1,0.992922,1
D_0001527310,1,0.995728,1
D_0001527478,0,0.008375,0
D_0001527751,1,0.998718,1
D_0001528171,1,0.288238,1
D_0001528276,0,0.041261,0
D_0001528402,1,0.999725,1
D_0001528675,0,0.098218,0
D_0001528717,1,0.991105,1
D_0001529389,1,0.997352,1
D_0001529725,0,0.042548,0
D_0001529998,1,0.997988,1
D_0001530103,0,0.077844,0
D_0001530754,1,0.990447,1
D_0001530901,1,0.997484,1
D_0001531174,1,0.999990,1
D_0001531216,0,0.303334,1
D_0001531300,1,0.995532,1
D_0001531846,0,0.129765,0
D_0001532056,1,0.150338,0
D_0001532098,1,0.989535,1
D_0001532371,1,0.996706,1
D_0001532728,0,0.020138,0
D_0001532749,1,0.994923,1
D_0001532854,1,0.999955,1
D_0001532980,1,1.000000,1
D_0001533169,0,0.032076,0
D_0001533232,1,1.000000,1
D_0001533505,0,0.064855,0
D_0001533568,1,0.996000,1
D_0001534408,1,0.977824,1
D_0001534576,1,1.000000,1
D_0001534660,0,0.051848,0
D_0001535185,0,0.318328,1
D_0001535437,1,0.993282,1
D_0001535458,0,0.017094,0
D_0001535941,1,0.308450,1
D_0001538167,1,0.066740,0
D_0001538419,0,0.027132,0
D_0001538860,0,0.012517,0
D_0001538923,1,0.065786,0
D_0001539217,1,0.995183,1
D_0001539343,1,0.988072,1
D_0001539448,0,0.014968,0
D_0001539784,1,0.999986,1
D_0001540036,0,0.034393,0
D_0001540414,0,0.134984,0
D_0001540582,1,0.999441,1
D_0001541233,1,1.000000,1
D_0001541674,0,0.048295,0
D_0001541779,1,0.992052,1
D_0001541884,0,0.438653,1
D_0001542073,1,0.999270,1
D_0001542199,0,0.040522,0
D_0001542241,0,0.085716,0
D_0001542640,0,0.026689,0
D_0001542745,0,0.028504,0
D_0001543081,0,0.013643,0
D_0001543270,0,0.036176,0
D_0001543711,1,0.997890,1
D_0001543816,0,0.040720,0
D_0001544572,0,0.163669,0
D_0001545160,1,0.403533,1
D_0001545223,1,0.990590,1
D_0001545454,0,0.047139,0
D_0001545685,1,0.995682,1
D_0001545874,1,0.990067,1
D_0001545895,1,0.964764,1
D_0001546063,1,0.999998,1
D_0001546693,1,0.981896,1
D_0001546777,1,0.992006,1
D_0001546840,0,0.029487,0
D_0001547050,1,0.989639,1
D_0001547260,0,0.030234,0
D_0001547281,1,0.999509,1
D_0001547428,1,0.999998,1
D_0001547533,1,0.990991,1
D_0001548121,1,0.997678,1
D_0001548205,1,0.997871,1
D_0001548436,0,0.105307,0
D_0001548499,1,0.999354,1
D_0001548814,1,0.999988,1
D_0001549927,1,0.998181,1
D_0001550263,1,0.996376,1
D_0001550977,1,0.999905,1
D_0001551544,1,0.730536,1
D_0001551565,0,0.129584,0
D_0001551586,1,0.999281,1
D_0001551838,1,0.047534,0
D_0001551901,0,0.067986,0
D_0001551964,1,1.000000,1
D_0001552195,1,0.995928,1
D_0001552720,1,0.992942,1
D_0001552741,1,0.999371,1
D_0001552846,1,0.997111,1
D_0001552972,0,0.078203,0
D_0001553266,1,0.996303,1
D_0001553392,1,0.179318,0
D_0001553518,1,0.995816,1
D_0001553623,1,0.996462,1
D_0001554967,0,0.036177,0
D_0001554988,0,0.144922,0
D_0001555219,0,0.016181,0
D_0001555513,0,0.006704,0
D_0001555681,1,0.997670,1
D_0001556374,1,0.994472,1
D_0001557256,1,0.999797,1
D_0001557949,1,0.963260,1
D_0001558243,0,0.116518,0
D_0001559062,0,0.101758,0
D_0001559293,1,0.999511,1
D_0001560616,1,0.992328,1
D_0001560847,0,0.086325,0
D_0001561288,1,0.996266,1
D_0001561309,1,0.992805,1
D_0001561330,1,0.997647,1
D_0001561351,0,0.159202,0
D_0001561771,1,0.999038,1
D_0001562023,1,0.995488,1
D_0001562128,0,0.333339,1
D_0001562296,1,0.984198,1
D_0001562401,1,0.084567,0
D_0001562737,0,0.098696,0
D_0001563535,0,0.064858,0
D_0001563598,0,0.015006,0
D_0001563619,1,0.997601,1
D_0001563808,1,0.999102,1
D_0001564081,1,1.000000,1
D_0001564270,1,0.989861,1
D_0001564417,1,0.993960,1
D_0001565341,0,0.025476,0
D_0001565761,0,0.065887,0
D_0001565908,0,0.031769,0
D_0001566076,1,0.997530,1
D_0001566181,0,0.145113,0
D_0001567189,1,0.995545,1
D_0001567819,0,0.035861,0
D_0001568239,1,0.999925,1
D_0001568365,1,0.991301,1
D_0001568638,1,1.000000,1
D_0001568659,1,0.993567,1
D_0001568743,0,0.052312,0
D_0001568785,0,0.172744,0
D_0001568911,1,0.999470,1
D_0001569016,0,0.081549,0
D_0001569037,0,0.141040,0
D_0001569100,1,0.989223,1
D_0001569121,1,0.995551,1
D_0001569163,1,0.577253,1
D_0001569289,0,0.017177,0
D_0001569436,0,0.021252,0
D_0001569478,0,0.035088,0
D_0001569499,0,0.087817,0
D_0001570066,0,0.069633,0
D_0001570129,1,0.999975,1
D_0001570402,1,0.993222,1
D_0001570885,1,0.985212,1
D_0001571095,0,0.061732,0
D_0001571221,1,0.999963,1
D_0001571935,1,0.195260,1
D_0001572859,1,0.990543,1
D_0001572922,1,0.998060,1
D_0001573384,1,0.997220,1
D_0001573699,0,0.062043,0
D_0001573762,0,0.150775,0
D_0001573804,1,0.992280,1
D_0001573930,0,0.043932,0
D_0001574371,1,0.993790,1
D_0001575778,0,0.054166,0
D_0001575967,1,0.967471,1
D_0001576072,0,0.125137,0
D_0001576093,0,0.047388,0
D_0001576219,0,0.096424,0
D_0001576240,0,0.005840,0
D_0001576303,1,0.994327,1
D_0001576513,1,0.993600,1
D_0001576681,1,0.100385,0
D_0001576912,1,0.961192,1
D_0001576933,0,0.017049,0
D_0001577059,1,0.995777,1
D_0001577080,1,0.997758,1
D_0001577290,0,0.013446,0
D_0001577395,1,0.996664,1
D_0001577500,0,0.010009,0
D_0001577878,1,0.995360,1
D_0001577941,1,0.990394,1
D_0001578151,0,0.055951,0
D_0001578277,0,0.013458,0
D_0001578550,0,0.149493,0
D_0001578613,0,0.030027,0
D_0001578718,0,0.120476,0
D_0001579327,1,0.995296,1
D_0001579348,0,0.074667,0
D_0001579411,0,0.059572,0
D_0001579642,1,0.979056,1
D_0001579663,0,0.051611,0
D_0001580272,1,0.995344,1
D_0001580314,1,0.231327,1
D_0001580377,1,0.136651,0
D_0001580461,1,0.992168,1
D_0001580503,1,0.996974,1
D_0001580608,0,0.462270,1
D_0001580734,1,1.000000,1
D_0001581448,1,0.991521,1
D_0001581469,0,0.091270,0
D_0001581532,1,0.984798,1
D_0001581553,0,0.073483,0
D_0001581574,0,0.037182,0
D_0001582078,1,0.020875,0
D_0001582435,1,0.993977,1
D_0001582477,1,0.990353,1
D_0001583254,0,0.047050,0
D_0001583884,1,0.993881,1
D_0001583905,0,0.191202,1
D_0001584178,1,0.998433,1
D_0001584388,0,0.012904,0
D_0001584451,0,0.070204,0
D_0001584472,1,0.125333,0
D_0001584556,0,0.028139,0
D_0001584682,0,0.030062,0
D_0001584892,0,0.058157,0
D_0001585249,0,0.078148,0
D_0001585879,1,0.998224,1
D_0001586425,0,0.039629,0
D_0001586530,0,0.089920,0
D_0001586572,0,0.012208,0
D_0001586740,0,0.101329,0
D_0001586782,0,0.094176,0
D_0001587328,0,0.072937,0
D_0001587496,0,0.003834,0
D_0001587580,1,0.998522,1
D_0001587769,1,0.998089,1
D_0001587895,1,0.989577,1
D_0001588126,0,0.022295,0
D_0001588336,1,0.999971,1
D_0001588441,1,0.997044,1
D_0001588546,1,1.000000,1
D_0001588924,0,0.056778,0
D_0001589113,0,0.016432,0
D_0001589617,1,0.210134,1
D_0001589680,0,0.103011,0
D_0001590247,1,0.994899,1
D_0001590331,0,0.044844,0
D_0001590730,0,0.024293,0
D_0001591108,1,0.988525,1
D_0001591381,0,0.145933,0
D_0001591444,0,0.013966,0
D_0001592221,1,0.043199,0
D_0001592347,1,0.999995,1
D_0001592578,0,0.039181,0
D_0001593166,1,0.986923,1
D_0001593418,0,0.049360,0
D_0001593439,1,0.119179,0
D_0001593628,1,0.997813,1
D_0001593691,0,0.014970,0
D_0001594174,1,0.994819,1
D_0001594804,1,0.999259,1
D_0001595035,0,0.058559,0
D_0001595875,0,0.076989,0
D_0001596358,1,0.999929,1
D_0001596631,0,0.130325,0
D_0001597513,1,0.992456,1
D_0001597723,0,0.058126,0
D_0001598080,0,0.107203,0
D_0001598143,1,0.999991,1
D_0001598164,0,0.182634,0
D_0001598437,1,0.992735,1
D_0001598668,1,0.999999,1
D_0001598710,1,0.995554,1
D_0001598815,1,0.998659,1
D_0001598836,1,0.988715,1
D_0001598941,0,0.017217,0
D_0001599046,1,0.992457,1
D_0001599193,0,0.055842,0
D_0001599256,1,0.999326,1
D_0001599319,1,0.990329,1
D_0001599634,0,0.010421,0
D_0001600663,1,0.994658,1
D_0001600768,0,0.105436,0
D_0001601335,1,0.995500,1
D_0001601419,0,0.064196,0
D_0001601671,0,0.024593,0
D_0001601797,0,0.100471,0
D_0001602154,1,0.045851,0
D_0001603078,0,0.004585,0
D_0001603435,0,0.032850,0
D_0001603477,1,0.196899,1
D_0001603498,0,0.168805,0
D_0001603582,1,0.995666,1
D_0001603687,1,0.997731,1
D_0001604065,1,0.206261,1
D_0001604254,1,1.000000,1
D_0001604317,0,0.048840,0
D_0001604884,1,0.996695,1
D_0001604926,0,0.052843,0
D_0001605031,0,0.158842,0
D_0001605073,1,0.994052,1
D_0001605241,1,0.995497,1
D_0001606564,0,0.027749,0
D_0001606711,0,0.939678,1
D_0001606774,0,0.015025,0
D_0001607005,0,0.132335,0
D_0001607236,0,0.393081,1
D_0001607257,1,0.077659,0
D_0001607404,0,0.054698,0
D_0001607509,0,0.021554,0
D_0001608076,1,0.968604,1
D_0001608286,0,0.133269,0
D_0001608643,1,0.995804,1
D_0001608769,1,1.000000,1
D_0001608958,0,0.027815,0
D_0001609420,1,0.998062,1
D_0001610071,0,0.102708,0
D_0001610281,0,0.091698,0
D_0001610890,0,0.106401,0
D_0001611352,0,0.062634,0
D_0001611520,1,0.993913,1
D_0001612297,0,0.056252,0
D_0001612423,0,0.016886,0
D_0001613011,0,0.004464,0
D_0001613095,1,0.995298,1
D_0001613116,1,0.999148,1
D_0001614082,1,1.000000,1
D_0001614418,0,0.039612,0
D_0001614544,1,0.349003,1
D_0001614775,0,0.046906,0
D_0001614859,1,0.995324,1
D_0001614922,0,0.162224,0
D_0001615006,1,0.999740,1
D_0001615573,0,0.023178,0
D_0001615594,0,0.052571,0
D_0001615699,0,0.106578,0
D_0001615888,0,0.340608,1
D_0001615930,0,0.190527,1
D_0001616119,1,0.999260,1
D_0001616539,0,0.023434,0
D_0001616686,1,0.994017,1
D_0001616770,1,0.222254,1
D_0001617862,1,0.998408,1
D_0001617967,1,0.987773,1
D_0001618198,1,0.991195,1
D_0001618450,1,0.985322,1
D_0001618702,0,0.039470,0
D_0001618975,1,0.999911,1
D_0001618996,1,0.992945,1
D_0001619164,0,0.059903,0
D_0001619185,1,0.994135,1
D_0001619353,0,0.027540,0
D_0001619416,0,0.041536,0
D_0001620088,1,0.994594,1
D_0001620193,1,0.998349,1
D_0001620340,0,0.011348,0
D_0001620403,0,0.080750,0
D_0001620739,0,0.058229,0
D_0001620970,0,0.021378,0
D_0001621516,1,0.990950,1
D_0001621621,1,0.999923,1
D_0001621705,0,0.091901,0
D_0001621810,0,0.116781,0
D_0001621852,0,0.110644,0
D_0001622272,0,0.138741,0
D_0001622440,1,0.995210,1
D_0001622482,1,0.999183,1
D_0001622524,1,0.974957,1
D_0001622566,0,0.052669,0
D_0001622881,1,0.971704,1
D_0001623028,1,0.138049,0
D_0001623217,1,0.996447,1
D_0001623553,1,0.990047,1
D_0001624015,0,0.015750,0
D_0001624561,1,0.999591,1
D_0001624645,1,0.992706,1
D_0001624750,0,0.091875,0
D_0001625023,0,0.039170,0
D_0001625107,0,0.053929,0
D_0001625338,0,0.199593,1
D_0001625800,1,0.186653,0
D_0001625884,0,0.053819,0
D_0001625926,0,0.028288,0
D_0001626199,0,0.053868,0
D_0001626766,1,0.997643,1
D_0001627165,1,0.997849,1
D_0001627879,1,0.994160,1
D_0001628068,0,0.053292,0
D_0001628446,0,0.106171,0
D_0001628614,1,0.995326,1
D_0001628677,0,0.061472,0
D_0001628971,1,0.989170,1
D_0001629181,1,1.000000,1
D_0001629475,0,0.065568,0
D_0001629769,0,0.085050,0
D_0001629937,0,0.027173,0
D_0001630252,1,0.157966,0
D_0001630336,1,0.999957,1
D_0001630399,1,0.983186,1
D_0001630525,0,0.032707,0
D_0001630924,1,0.996586,1
D_0001631323,1,0.997768,1
D_0001631491,1,0.977442,1
D_0001631680,1,0.996324,1
D_0001631848,1,0.998106,1
D_0001632352,1,0.983651,1
D_0001632373,0,0.173564,0
D_0001632730,0,0.109717,0
D_0001632961,1,0.999718,1
D_0001633675,1,0.997936,1
D_0001634389,0,0.143189,0
D_0001635103,1,0.999262,1
D_0001635670,1,0.991713,1
D_0001635712,0,0.097201,0
D_0001635859,1,1.000000,1
D_0001636258,1,0.998908,1
D_0001636342,1,0.993996,1
D_0001636426,1,0.992790,1
D_0001636846,0,0.168773,0
D_0001637077,0,0.319424,1
D_0001637917,1,0.998362,1
D_0001638022,1,0.996491,1
D_0001638064,1,0.972750,1
D_0001638106,1,0.996217,1
D_0001638274,1,0.993712,1
D_0001638358,0,0.076396,0
D_0001638631,1,0.996151,1
D_0001638652,0,0.039070,0
D_0001639051,1,0.996108,1
D_0001639261,0,0.046640,0
D_0001639597,1,0.997030,1
D_0001639618,0,0.031277,0
D_0001639849,1,0.999963,1
D_0001640794,0,0.049554,0
D_0001640899,0,0.141868,0
D_0001640941,0,0.033823,0
D_0001640962,1,0.148145,0
D_0001641109,0,0.064098,0
D_0001641424,1,0.145521,0
D_0001641487,1,0.991749,1
D_0001641613,0,0.013698,0
D_0001641676,1,0.988771,1
D_0001641928,1,0.993824,1
D_0001642054,0,0.041931,0
D_0001642222,0,0.192538,1
D_0001642264,1,0.993002,1
D_0001642411,1,0.995626,1
D_0001642474,0,0.042624,0
D_0001642789,0,0.061739,0
D_0001644028,0,0.192835,1
D_0001644553,0,0.147487,0
D_0001644847,0,0.035292,0
D_0001644868,0,0.037608,0
D_0001645015,0,0.050616,0
D_0001645120,1,0.997897,1
D_0001645393,1,0.990209,1
D_0001645414,1,0.996965,1
D_0001646506,1,0.999825,1
D_0001646842,0,0.091302,0
D_0001646926,0,0.072387,0
D_0001646947,1,0.151022,0
D_0001647283,1,0.988619,1
D_0001647556,1,0.994810,1
D_0001647766,1,0.991386,1
D_0001648438,1,0.999127,1
D_0001649110,0,0.044678,0
D_0001649131,1,0.987718,1
D_0001649257,1,0.097144,0
D_0001649278,0,0.055939,0
D_0001649908,1,0.995168,1
D_0001650118,1,0.998645,1
D_0001650370,1,0.999868,1
D_0001650580,0,0.040489,0
D_0001650727,0,0.044737,0
D_0001650748,1,0.993316,1
D_0001651567,0,0.055188,0
D_0001652281,1,0.998295,1
D_0001652449,1,0.994577,1
D_0001652785,0,0.034410,0
D_0001653100,1,0.997284,1
D_0001653940,1,0.995232,1
D_0001654024,0,0.012371,0
D_0001654885,1,0.997407,1
D_0001655074,0,0.021278,0
D_0001655263,0,0.054626,0
D_0001656670,1,0.997601,1
D_0001657279,1,0.987602,1
D_0001657300,0,0.054435,0
D_0001657321,1,0.996089,1
D_0001657342,0,0.073520,0
D_0001657489,0,0.004483,0
D_0001657615,1,0.997457,1
D_0001658329,0,0.040712,0
D_0001658476,1,0.995052,1
D_0001658518,1,0.995845,1
D_0001658917,0,0.091024,0
D_0001658959,0,0.008753,0
D_0001659232,0,0.032262,0
D_0001659295,1,0.997252,1
D_0001659547,1,0.997507,1
D_0001659694,0,0.075085,0
D_0001660093,0,0.023078,0
D_0001660618,1,0.994761,1
D_0001660681,0,0.488262,1
D_0001661248,0,0.057228,0
D_0001661794,0,0.135698,0
D_0001662676,1,0.029902,0
D_0001662802,1,1.000000,1
D_0001662970,0,0.009904,0
D_0001663390,0,0.028334,0
D_0001663579,0,0.214609,1
D_0001663936,1,0.998323,1
D_0001664104,1,0.983615,1
D_0001664587,0,0.035162,0
D_0001665448,1,0.999912,1
D_0001665574,1,0.997631,1
D_0001665637,0,0.098105,0
D_0001665805,1,0.045846,0
D_0001666015,0,0.136096,0
D_0001666792,1,0.991047,1
D_0001666960,1,0.994139,1
D_0001667275,1,0.990233,1
D_0001667422,0,0.134066,0
D_0001667632,1,0.999996,1
D_0001668178,0,0.026234,0
D_0001668199,0,0.150086,0
D_0001668262,1,0.996629,1
D_0001668619,1,0.999936,1
D_0001668724,0,0.146884,0
D_0001669081,1,0.999822,1
D_0001669144,1,0.359395,1
D_0001669480,1,0.993193,1
D_0001670131,0,0.976290,1
D_0001670278,1,0.974714,1
D_0001670404,0,0.155529,0
D_0001670635,0,0.219016,1
D_0001671076,0,0.130422,0
D_0001671097,0,0.049755,0
D_0001671118,0,0.027864,0
D_0001671181,0,0.102748,0
D_0001671244,1,0.996682,1
D_0001671622,1,0.999908,1
D_0001672672,1,0.994984,1
D_0001672735,0,0.039278,0
D_0001673428,0,0.050783,0
D_0001673659,1,0.998115,1
D_0001673932,1,0.992537,1
D_0001674184,0,0.017838,0
D_0001674751,0,0.108351,0
D_0001674814,1,0.990801,1
D_0001675234,1,0.100510,0
D_0001675255,0,0.268050,1
D_0001675465,1,0.994542,1
D_0001675549,0,0.032688,0
D_0001675822,1,0.999949,1
D_0001676074,0,0.041356,0
D_0001676263,1,0.994939,1
D_0001676326,0,0.187803,0
D_0001676431,1,0.999095,1
D_0001676494,0,0.009891,0
D_0001676767,1,0.999966,1
D_0001677250,0,0.015753,0
D_0001677376,1,0.988444,1
D_0001677796,1,0.986319,1
D_0001678069,1,0.998653,1
D_0001678090,1,0.997114,1
D_0001678111,0,0.041366,0
D_0001678636,0,0.080624,0
D_0001679728,0,0.030174,0
D_0001680127,1,0.999797,1
D_0001680253,0,0.259191,1
D_0001680379,0,0.054333,0
D_0001680400,0,0.054408,0
D_0001680442,1,0.990417,1
D_0001680526,1,0.999996,1
D_0001680589,0,0.094633,0
D_0001680946,1,0.998049,1
D_0001681828,1,0.996216,1
D_0001681954,1,0.998088,1
D_0001682206,1,0.082949,0
D_0001682458,0,0.031722,0
D_0001682689,0,0.086128,0
D_0001683004,1,0.990643,1
D_0001683235,1,0.999994,1
D_0001683424,0,0.013339,0
D_0001683907,1,0.996132,1
D_0001684054,1,0.991832,1
D_0001684117,0,0.374849,1
D_0001684201,0,0.167798,0
D_0001684621,1,0.999312,1
D_0001684873,1,0.993432,1
D_0001686217,0,0.023327,0
D_0001686805,0,0.172536,0
D_0001686868,1,0.997181,1
D_0001686910,1,0.993123,1
D_0001687561,1,0.992245,1
D_0001688170,0,0.202333,1
D_0001688212,0,0.043012,0
D_0001688548,0,0.006976,0
D_0001688800,1,0.995772,1
D_0001688821,1,0.990373,1
D_0001688863,0,0.000003,0
D_0001688947,1,0.996809,1
D_0001689661,1,0.996727,1
D_0001689745,1,0.994874,1
D_0001690963,0,0.103847,0
D_0001691068,0,0.068809,0
D_0001691383,1,0.991221,1
D_0001691530,0,0.034188,0
D_0001692370,0,0.032607,0
D_0001692433,1,0.023793,0
D_0001692937,0,0.038042,0
D_0001692979,0,0.072193,0
D_0001693714,1,1.000000,1
D_0001693840,1,0.265907,1
D_0001693924,0,0.107809,0
D_0001693945,1,0.985050,1
D_0001694050,1,0.166267,0
D_0001694155,0,0.003000,0
D_0001694197,0,0.064751,0
D_0001695184,1,0.997714,1
D_0001695436,1,0.996338,1
D_0001695877,0,0.037969,0
D_0001696066,0,0.246617,1
D_0001696171,1,0.999915,1
D_0001696192,1,0.999989,1
D_0001696276,1,0.993487,1
D_0001696843,0,0.024624,0
D_0001697242,0,0.108717,0
D_0001697809,1,0.991934,1
D_0001698187,0,0.031043,0
D_0001698313,0,0.314555,1
D_0001698418,1,0.982571,1
D_0001699111,0,0.027370,0
D_0001699279,0,0.113816,0
D_0001699657,0,0.012469,0
D_0001699951,1,0.996106,1
D_0001700056,0,0.045082,0
D_0001700266,0,0.061133,0
D_0001700686,0,0.077286,0
D_0001700728,1,0.998127,1
D_0001700854,0,0.065715,0
D_0001701295,0,0.027014,0
D_0001701337,1,0.999624,1
D_0001701673,1,0.999938,1
D_0001701694,1,0.085442,0
D_0001701904,0,0.008763,0
D_0001702450,1,0.999820,1
D_0001702555,0,0.059047,0
D_0001702954,0,0.007595,0
D_0001703038,0,0.041144,0
D_0001703332,1,0.996980,1
D_0001703458,0,0.166612,0
D_0001703542,1,0.999751,1
D_0001703605,1,0.992109,1
D_0001703752,0,0.064588,0
D_0001703815,0,0.052188,0
D_0001703836,1,0.997866,1
D_0001703920,1,0.995780,1
D_0001704067,1,0.088344,0
D_0001704655,1,0.989360,1
D_0001704718,0,0.072634,0
D_0001704760,0,0.041959,0
D_0001704781,0,0.106975,0
D_0001705810,1,0.992664,1
D_0001706272,0,0.090934,0
D_0001706524,1,0.984124,1
D_0001706776,1,1.000000,1
D_0001706923,0,0.064386,0
D_0001707154,1,0.998861,1
D_0001708267,0,0.012837,0
D_0001708477,0,0.046923,0
D_0001708519,0,0.066082,0
D_0001708645,1,0.993064,1
D_0001709065,1,0.995765,1
D_0001709086,0,0.012015,0
D_0001709443,0,0.044935,0
D_0001709989,0,0.031199,0
D_0001710325,1,0.993740,1
D_0001710682,1,0.994656,1
D_0001711585,1,0.999829,1
D_0001711900,1,0.994185,1
D_0001711921,0,0.031481,0
D_0001712068,0,0.012790,0
D_0001712152,1,0.992609,1
D_0001712173,0,0.061848,0
D_0001712194,0,0.027368,0
D_0001712257,0,0.208190,1
D_0001712362,1,0.988226,1
D_0001712404,0,0.009643,0
D_0001713685,0,0.088749,0
D_0001713790,0,0.262394,1
D_0001713958,0,0.014520,0
D_0001713979,1,0.999993,1
D_0001714021,0,0.176706,0
D_0001714651,0,0.034603,0
D_0001714882,1,0.996473,1
D_0001714924,0,0.054056,0
D_0001714945,1,0.052847,0
D_0001715197,1,0.996185,1
D_0001716541,1,0.997105,1
D_0001716730,1,0.983015,1
D_0001716772,1,0.999875,1
D_0001717822,1,0.998561,1
D_0001717906,0,0.069022,0
D_0001717948,1,0.981679,1
D_0001718578,1,0.163303,0
D_0001718599,0,0.064471,0
D_0001718914,1,0.999999,1
D_0001719082,1,0.429630,1
D_0001719712,0,0.047963,0
D_0001719817,0,0.032321,0
D_0001719880,0,0.065242,0
D_0001720195,0,0.151785,0
D_0001720720,1,0.994512,1
D_0001720825,0,0.038273,0
D_0001721098,0,0.014605,0
D_0001721497,1,0.999454,1
D_0001721833,1,0.999954,1
D_0001721875,1,0.997527,1
D_0001722442,0,0.112690,0
D_0001722463,0,0.173962,0
D_0001722631,0,0.019531,0
D_0001722820,0,0.054756,0
D_0001722841,0,0.119940,0
D_0001723009,1,0.169680,0
D_0001723450,0,0.160475,0
D_0001723891,1,0.996045,1
D_0001723912,1,0.999985,1
D_0001724101,0,0.016293,0
D_0001724164,0,0.094575,0
D_0001724290,1,1.000000,1
D_0001725067,1,0.996235,1
D_0001725088,1,0.999617,1
D_0001725949,0,0.015007,0
D_0001726054,0,0.284789,1
D_0001726180,1,0.066704,0
D_0001726810,0,0.049316,0
D_0001726915,1,0.998299,1
D_0001727272,1,0.996443,1
D_0001727293,0,0.051256,0
D_0001727314,1,0.148521,0
D_0001727839,1,0.987584,1
D_0001728889,0,0.016697,0
D_0001729078,1,0.970862,1
D_0001729393,1,0.991501,1
D_0001729708,0,0.127869,0
D_0001729729,1,0.996731,1
D_0001729771,0,0.110043,0
D_0001730044,0,0.038348,0
D_0001730716,1,0.997848,1
D_0001732354,0,0.069094,0
D_0001732837,1,0.993689,1
D_0001733215,1,0.987632,1
D_0001733320,0,0.091294,0
D_0001733362,0,0.073849,0
D_0001733488,1,0.994984,1
D_0001733866,0,0.006240,0
D_0001733908,0,0.018469,0
D_0001734223,1,0.035203,0
D_0001734349,1,0.058527,0
D_0001734454,1,0.999800,1
D_0001734874,1,0.981143,1
D_0001735000,1,0.996142,1
D_0001735588,1,0.999354,1
D_0001735777,1,0.999948,1
D_0001735987,1,0.990870,1
D_0001736197,0,0.220435,1
D_0001736218,1,0.992737,1
D_0001736533,1,0.993695,1
D_0001736575,1,0.999922,1
D_0001736764,1,0.996847,1
D_0001736848,0,0.173948,0
D_0001737016,1,0.999915,1
D_0001737520,1,0.999743,1
D_0001737541,0,0.089506,0
D_0001737646,1,0.984538,1
D_0001737709,1,0.991881,1
D_0001738024,0,0.029792,0
D_0001738381,0,0.084233,0
D_0001738486,1,0.989435,1
D_0001738948,1,0.989341,1
D_0001739326,0,0.044898,0
D_0001739347,1,0.983187,1
D_0001740355,0,0.042215,0
D_0001740439,0,0.156972,0
D_0001740607,0,0.003832,0
D_0001741090,1,0.999930,1
D_0001741153,0,0.133175,0
D_0001741216,1,0.992170,1
D_0001741237,1,0.999365,1
D_0001741279,1,0.998239,1
D_0001741804,1,0.988497,1
D_0001742938,1,0.992309,1
D_0001743169,1,0.996058,1
D_0001743568,1,0.990851,1
D_0001743631,1,0.997998,1
D_0001744240,0,0.232179,1
D_0001744639,1,0.136685,0
D_0001744912,0,0.001596,0
D_0001745269,0,0.016190,0
D_0001745752,0,0.168538,0
D_0001745941,1,0.990218,1
D_0001746340,0,0.018883,0
D_0001746382,0,0.084222,0
D_0001746718,0,0.188220,1
D_0001747327,1,0.989774,1
D_0001747348,1,0.998664,1
D_0001747432,0,0.065518,0
D_0001748377,0,0.022201,0
D_0001748398,0,0.303335,1
D_0001748839,0,0.070340,0
D_0001749343,1,0.996880,1
D_0001749364,0,0.202760,1
D_0001749805,0,0.072060,0
D_0001749889,1,0.999852,1
D_0001750120,0,0.012912,0
D_0001750855,0,0.129635,0
D_0001751128,1,0.142447,0
D_0001751149,0,0.025482,0
D_0001751380,1,0.998070,1
D_0001751926,1,0.230180,1
D_0001751989,1,0.991901,1
D_0001752892,0,0.092550,0
D_0001753270,1,0.998259,1
D_0001754467,0,0.020335,0
D_0001754614,0,0.168309,0
D_0001755160,0,0.039357,0
D_0001755622,0,0.047285,0
D_0001755664,1,0.996723,1
D_0001755685,0,0.329958,1
D_0001755832,1,0.995619,1
D_0001756588,1,0.995668,1
D_0001756672,1,0.976243,1
D_0001757323,0,0.036339,0
D_0001757428,1,0.995615,1
D_0001758058,1,0.998076,1
D_0001758310,0,0.127875,0
D_0001758499,0,0.126204,0
D_0001758562,1,0.998380,1
D_0001758625,0,0.024364,0
D_0001758877,1,0.581948,1
D_0001759528,1,0.993216,1
D_0001759675,0,0.043530,0
D_0001759801,0,0.037502,0
D_0001760158,0,0.019297,0
D_0001760368,1,0.993638,1
D_0001761040,0,0.140327,0
D_0001761187,0,0.019944,0
D_0001762615,0,0.070973,0
D_0001762636,1,0.996488,1
D_0001763140,1,0.992628,1
D_0001763707,1,0.140432,0
D_0001763728,0,0.042195,0
D_0001763749,0,0.046402,0
D_0001763812,0,0.071300,0
D_0001764358,0,0.030137,0
D_0001764379,0,0.019443,0
D_0001764673,1,0.114342,0
D_0001765030,0,0.003987,0
D_0001765576,0,0.080865,0
D_0001765765,0,0.042126,0
D_0001765975,1,0.999934,1
D_0001766521,1,0.994280,1
D_0001766752,0,0.023673,0
D_0001766941,1,0.996239,1
D_0001767109,0,0.052786,0
D_0001767403,0,0.150941,0
D_0001767697,1,0.993511,1
D_0001768075,0,0.021012,0
D_0001768348,1,0.998038,1
D_0001768768,0,0.054012,0
D_0001768957,1,0.986387,1
D_0001769041,1,0.996421,1
D_0001769251,0,0.193102,1
D_0001769293,1,0.991946,1
D_0001769377,1,0.988878,1
D_0001770721,1,0.229086,1
D_0001770784,1,0.081952,0
D_0001770826,1,0.999999,1
D_0001770952,0,0.013992,0
D_0001771078,1,0.994465,1
D_0001771498,1,0.996328,1
D_0001771519,0,0.198053,1
D_0001771960,1,1.000000,1
D_0001772086,0,0.054584,0
D_0001772128,1,0.997639,1
D_0001772779,0,0.128539,0
D_0001773178,0,0.030430,0
D_0001773346,1,0.999475,1
D_0001773409,1,0.996116,1
D_0001773598,1,0.972072,1
D_0001773892,1,0.997409,1
D_0001774081,1,0.996757,1
D_0001774627,1,0.994591,1
D_0001774795,0,0.092961,0
D_0001774921,1,0.987154,1
D_0001775173,1,0.126776,0
D_0001775572,1,0.163821,0
D_0001776286,0,0.048045,0
D_0001776475,0,0.086160,0
D_0001776622,0,0.037069,0
D_0001776895,1,0.998873,1
D_0001776979,0,0.003762,0
D_0001777231,0,0.215508,1
D_0001777483,0,0.169881,0
D_0001777651,1,0.255744,1
D_0001777903,1,0.991220,1
D_0001778239,1,0.994163,1
D_0001778428,1,1.000000,1
D_0001778659,1,0.992894,1
D_0001778785,0,0.123748,0
D_0001778806,0,0.394773,1
D_0001778848,0,0.094868,0
D_0001778911,0,0.044258,0
D_0001779037,0,0.101638,0
D_0001779415,1,0.996373,1
D_0001779562,1,0.999710,1
D_0001779730,0,0.111695,0
D_0001781473,1,0.997814,1
D_0001781683,0,0.128692,0
D_0001781872,0,0.100452,0
D_0001782418,0,0.156585,0
D_0001783237,1,0.086560,0
D_0001783846,0,0.152583,0
D_0001784266,0,0.052712,0
D_0001784560,1,0.997065,1
D_0001784980,1,0.993112,1
D_0001785610,1,0.987403,1
D_0001786429,0,0.021086,0
D_0001786492,1,0.999985,1
D_0001786576,1,0.991069,1
D_0001786765,1,1.000000,1
D_0001786807,1,0.094049,0
D_0001787458,1,0.998292,1
D_0001787605,1,0.997431,1
D_0001787962,1,0.993689,1
D_0001788151,1,0.992010,1
D_0001788172,1,0.999999,1
D_0001788277,1,0.999959,1
D_0001788613,0,0.063506,0
D_0001788949,1,0.999888,1
D_0001788970,1,0.999985,1
D_0001789096,0,0.025689,0
D_0001789432,1,0.999695,1
D_0001789558,0,0.031480,0
D_0001789936,1,0.999641,1
D_0001791007,0,0.067036,0
D_0001791049,1,0.989329,1
D_0001791406,1,0.996967,1
D_0001791742,0,0.007189,0
D_0001792246,1,0.195410,1
D_0001792582,0,0.021161,0
D_0001793632,1,0.991075,1
D_0001794241,0,0.102545,0
D_0001794262,1,0.046693,0
D_0001794346,0,0.032049,0
D_0001794556,1,0.999977,1
D_0001795270,1,0.988067,1
D_0001795375,1,0.999239,1
D_0001795942,0,0.110133,0
D_0001795963,1,0.986274,1
D_0001796110,1,0.996195,1
D_0001796278,1,0.997783,1
D_0001796551,1,0.999958,1
D_0001796887,0,0.140079,0
D_0001797433,1,0.996180,1
D_0001797811,1,0.996219,1
D_0001799533,1,0.998908,1
D_0001799596,0,0.025391,0
D_0001800079,0,0.078203,0
D_0001800268,0,0.061375,0
D_0001800541,1,0.990314,1
D_0001801108,0,0.128125,0
D_0001801696,1,0.993729,1
D_0001801738,1,0.998547,1
D_0001801759,1,0.997791,1
D_0001802116,1,0.996014,1
D_0001802158,1,0.991877,1
D_0001802179,1,0.982552,1
D_0001802221,1,0.979640,1
D_0001802452,0,0.041531,0
D_0001803796,1,0.992631,1
D_0001803985,0,0.030954,0
D_0001804027,0,0.042078,0
D_0001804237,1,0.995355,1
D_0001804279,0,0.045172,0
D_0001804741,1,0.994159,1
D_0001804993,0,0.043400,0
D_0001805056,0,0.011687,0
D_0001805413,1,0.993815,1
D_0001805434,1,0.115621,0
D_0001805476,0,0.041669,0
D_0001805686,1,0.992993,1
D_0001806589,0,0.022776,0
D_0001806799,0,0.528107,1
D_0001806967,1,0.995699,1
D_0001807051,1,0.997712,1
D_0001807450,0,0.043152,0
D_0001807597,0,0.079934,0
D_0001807975,1,0.999962,1
D_0001808458,1,0.997136,1
D_0001808605,1,0.999917,1
D_0001808983,0,0.015964,0
D_0001809424,0,0.279391,1
D_0001809508,1,0.994185,1
D_0001809550,0,0.098144,0
D_0001809676,0,0.036950,0
D_0001809781,1,0.994517,1
D_0001810348,1,0.998423,1
D_0001810432,1,1.000000,1
D_0001810453,0,0.022132,0
D_0001810852,1,0.995762,1
D_0001811104,0,0.116527,0
D_0001811314,0,0.006820,0
D_0001811482,1,0.999389,1
D_0001811629,0,0.117333,0
D_0001811797,1,0.995110,1
D_0001811839,1,0.999944,1
D_0001812595,1,0.999977,1
D_0001812700,0,0.034818,0
D_0001813036,1,0.999966,1
D_0001813078,1,0.999758,1
D_0001813162,0,0.046592,0
D_0001814044,0,0.176227,0
D_0001814149,0,0.121913,0
D_0001814233,0,0.087603,0
D_0001814317,1,0.999833,1
D_0001814674,1,0.991238,1
D_0001814716,1,0.996218,1
D_0001814989,0,0.113471,0
D_0001815199,0,0.043454,0
D_0001815304,0,0.061228,0
D_0001815388,0,0.001715,0
D_0001815682,0,0.021402,0
D_0001815787,0,0.039561,0
D_0001815955,0,0.084844,0
D_0001816186,0,0.084899,0
D_0001816249,1,0.996382,1
D_0001817068,0,0.071952,0
D_0001817131,0,0.026714,0
D_0001817446,1,0.996629,1
D_0001818055,1,1.000000,1
D_0001818391,1,0.098506,0
D_0001818454,1,0.994108,1
D_0001818622,0,0.167952,0
D_0001820113,0,0.115917,0
D_0001820407,0,0.085764,0
D_0001820575,1,0.999502,1
D_0001820869,0,0.185888,0
D_0001821352,1,0.994721,1
D_0001822129,1,0.998194,1
D_0001822486,0,0.061829,0
D_0001823053,1,0.998396,1
D_0001823179,0,0.034325,0
D_0001823452,1,0.956118,1
D_0001823683,0,0.411139,1
D_0001824250,1,0.998793,1
D_0001824418,1,0.997841,1
D_0001824859,1,0.998462,1
D_0001825321,0,0.023681,0
D_0001825510,1,0.999993,1
D_0001825846,0,0.036006,0
D_0001826098,0,0.028113,0
D_0001826896,1,0.289519,1
D_0001827295,1,0.997691,1
D_0001827526,0,0.137337,0
D_0001827610,1,0.989211,1
D_0001828030,0,0.014794,0
D_0001828660,1,1.000000,1
D_0001828702,0,0.033556,0
D_0001829185,1,0.990839,1
D_0001829290,0,0.042903,0
D_0001830088,1,0.995208,1
D_0001830130,1,0.996946,1
D_0001830193,1,0.995031,1
D_0001830214,1,0.954645,1
D_0001830403,1,0.999011,1
D_0001830865,1,0.998945,1
D_0001830928,0,0.392036,1
D_0001831033,1,0.999997,1
D_0001831537,0,0.036222,0
D_0001831579,1,0.999854,1
D_0001831936,0,0.264482,1
D_0001832377,0,0.033245,0
D_0001832692,1,0.998311,1
D_0001833091,1,0.996531,1
D_0001833826,0,0.032247,0
D_0001834057,1,0.994027,1
D_0001834372,1,0.995342,1
D_0001834645,0,0.015350,0
D_0001834918,1,0.992651,1
D_0001834939,0,0.105990,0
D_0001835170,0,0.066589,0
D_0001835191,0,0.026115,0
D_0001836157,1,0.988347,1
D_0001836514,0,0.019808,0
D_0001836577,0,0.125244,0
D_0001836829,0,0.899803,1
D_0001837543,1,0.995124,1
D_0001837564,1,0.993532,1
D_0001838635,1,0.996548,1
D_0001838656,0,0.970598,1
D_0001838740,1,0.583880,1
D_0001839034,1,1.000000,1
D_0001839097,1,0.999249,1
D_0001839223,0,0.547522,1
D_0001839328,1,0.999787,1
D_0001839601,1,0.114476,0
D_0001839811,0,0.025481,0
D_0001840063,1,0.994396,1
D_0001840294,1,0.995402,1
D_0001840315,0,0.051687,0
D_0001840462,1,0.994578,1
D_0001840588,0,0.185472,0
D_0001840609,1,0.997385,1
D_0001840756,1,0.996128,1
D_0001840798,0,0.006492,0
D_0001841029,0,0.066156,0
D_0001841533,0,0.072246,0
D_0001841638,1,0.996280,1
D_0001842352,0,0.038304,0
D_0001842394,0,0.077837,0
D_0001842562,1,0.999938,1
D_0001842688,1,0.999534,1
D_0001842709,0,0.020624,0
D_0001842961,1,0.991971,1
D_0001843003,1,0.242019,1
D_0001843696,1,0.997584,1
D_0001843738,1,0.994100,1
D_0001843885,1,0.989112,1
D_0001844032,1,0.996443,1
D_0001844200,0,0.850210,1
D_0001844515,0,0.053220,0
D_0001844557,1,0.997122,1
D_0001844599,1,0.999967,1
D_0001845103,1,0.998697,1
D_0001845334,0,0.039865,0
D_0001845397,1,0.999893,1
D_0001845481,1,0.999868,1
D_0001845817,0,0.041136,0
D_0001846090,0,0.013308,0
D_0001846153,0,0.058264,0
D_0001846615,1,0.996691,1
D_0001847161,0,0.135332,0
D_0001847224,1,0.993143,1
D_0001847728,1,0.997762,1
D_0001848274,0,0.002731,0
D_0001848316,1,0.997297,1
D_0001848400,1,0.990352,1
D_0001849030,0,0.119745,0
D_0001849303,1,0.999994,1
D_0001849450,1,0.999696,1
D_0001849870,1,0.999998,1
D_0001850143,1,0.994541,1
D_0001850500,0,0.121027,0
D_0001850584,1,0.998744,1
D_0001851319,0,0.022556,0
D_0001851550,1,0.206817,1
D_0001851718,1,0.047715,0
D_0001851823,1,0.524206,1
D_0001851844,0,0.090283,0
D_0001851907,1,0.993718,1
D_0001852327,1,0.999817,1
D_0001852390,0,0.031637,0
D_0001852747,1,0.088448,0
D_0001853041,1,0.958575,1
D_0001853125,1,0.974077,1
D_0001853377,1,0.075098,0
D_0001853566,0,0.053369,0
D_0001853650,1,0.998233,1
D_0001853923,1,0.999955,1
D_0001854364,1,0.128363,0
D_0001854574,0,0.025315,0
D_0001854931,0,0.018535,0
D_0001855162,1,0.995420,1
D_0001855435,1,0.997368,1
D_0001855456,1,0.988287,1
D_0001855519,1,0.976812,1
D_0001855729,0,0.023842,0
D_0001855750,1,0.999649,1
D_0001856107,0,0.070483,0
D_0001856275,1,0.999295,1
D_0001856296,0,0.033047,0
D_0001856506,1,0.995889,1
D_0001856527,0,0.030152,0
D_0001857787,1,0.999937,1
D_0001858900,0,0.031203,0
D_0001858942,0,0.076649,0
D_0001859257,1,0.993615,1
D_0001859362,0,0.031623,0
D_0001859425,0,0.037155,0
D_0001859971,0,0.044449,0
D_0001860286,1,0.990109,1
D_0001861294,1,0.976421,1
D_0001861399,1,0.999438,1
D_0001861588,1,0.999963,1
D_0001861756,1,0.997725,1
D_0001862407,0,0.035468,0
D_0001862470,1,0.995935,1
D_0001862575,0,0.123932,0
D_0001862596,1,0.136435,0
D_0001862638,0,0.027788,0
D_0001862659,0,0.037952,0
D_0001863163,1,0.998634,1
D_0001863331,0,0.048744,0
D_0001863709,1,0.994874,1
D_0001864192,1,0.996997,1
D_0001864297,0,0.101347,0
D_0001864549,1,0.993107,1
D_0001864717,1,0.992515,1
D_0001864780,1,0.998142,1
D_0001864801,0,0.127685,0
D_0001864948,0,0.037197,0
D_0001865137,1,0.149335,0
D_0001865284,1,0.130312,0
D_0001865536,1,0.999997,1
D_0001865578,1,0.998267,1
D_0001865851,1,0.998415,1
D_0001866565,0,0.053522,0
D_0001867174,0,0.063232,0
D_0001867426,1,0.990712,1
D_0001867468,1,0.990898,1
D_0001867531,0,0.020310,0
D_0001867930,1,0.996507,1
D_0001868644,0,0.232118,1
D_0001868707,1,0.000581,0
D_0001869085,1,0.999796,1
D_0001869316,1,0.935937,1
D_0001869337,1,0.998680,1
D_0001869547,1,0.996399,1
D_0001869694,1,0.999345,1
D_0001870198,1,0.981086,1
D_0001870366,1,0.999253,1
D_0001870408,1,0.997729,1
D_0001870450,0,0.070892,0
D_0001870618,0,0.031804,0
D_0001870765,0,0.039276,0
D_0001870870,0,0.010928,0
D_0001870933,0,0.788109,1
D_0001871143,1,0.982685,1
D_0001871185,0,0.000785,0
D_0001871395,1,0.994903,1
D_0001871458,1,0.997145,1
D_0001871899,1,0.982724,1
D_0001872067,0,0.030049,0
D_0001872256,0,0.036601,0
D_0001872655,0,0.134491,0
D_0001872739,1,0.998267,1
D_0001873369,0,0.044546,0
D_0001873663,0,0.110941,0
D_0001873747,0,0.010910,0
D_0001874293,0,0.117988,0
D_0001874776,0,0.028593,0
D_0001875154,1,0.991165,1
D_0001875385,1,0.970235,1
D_0001875574,1,0.997602,1
D_0001875637,1,0.997987,1
D_0001875868,1,0.993120,1
D_0001876015,1,0.989278,1
D_0001876057,1,0.989787,1
D_0001876267,0,0.327303,1
D_0001876330,1,0.125061,0
D_0001876519,1,0.996010,1
D_0001876855,0,0.121111,0
D_0001877065,1,0.999382,1
D_0001877527,1,1.000000,1
D_0001877863,1,0.998444,1
D_0001878094,0,0.042649,0
D_0001878304,1,0.993164,1
D_0001878535,0,0.072954,0
D_0001878577,1,0.991628,1
D_0001878934,1,0.999999,1
D_0001879186,0,0.160312,0
D_0001879270,0,0.309983,1
D_0001879564,1,0.996761,1
D_0001880362,0,0.084405,0
D_0001881097,0,0.106929,0
D_0001881118,0,0.200722,1
D_0001881370,1,0.998103,1
D_0001881412,1,0.994365,1
D_0001881475,1,0.990863,1
D_0001881643,0,0.033497,0
D_0001881664,0,0.030101,0
D_0001882168,1,0.992999,1
D_0001882315,0,0.425976,1
D_0001882609,1,1.000000,1
D_0001882630,0,0.143794,0
D_0001882672,1,0.997546,1
D_0001883239,0,0.034610,0
D_0001883281,1,0.998493,1
D_0001883449,1,0.999998,1
D_0001883722,0,0.068691,0
D_0001883974,0,0.070018,0
D_0001884604,0,0.037237,0
D_0001884667,1,0.939110,1
D_0001884919,0,0.035165,0
D_0001885318,1,0.999995,1
D_0001885633,1,1.000000,1
D_0001885864,0,0.013559,0
D_0001886032,0,0.040915,0
D_0001887145,0,0.218742,1
D_0001887481,0,0.050254,0
D_0001887523,0,0.124943,0
D_0001887649,0,0.006489,0
D_0001887775,1,0.988426,1
D_0001887985,1,0.188741,1
D_0001888573,1,0.987786,1
D_0001888699,0,0.045450,0
D_0001888867,0,0.084040,0
D_0001889476,1,0.994646,1
D_0001889812,0,0.016992,0
D_0001889896,1,0.993158,1
D_0001890316,0,0.043303,0
D_0001890799,0,0.076049,0
D_0001891093,1,0.998798,1
D_0001891282,1,0.991787,1
D_0001891408,0,0.054384,0
D_0001891471,1,0.978625,1
D_0001891723,1,0.994451,1
D_0001891744,1,0.992340,1
D_0001891807,0,0.051485,0
D_0001891828,1,0.998386,1
D_0001892206,1,0.996516,1
D_0001892500,0,0.096602,0
D_0001892941,0,0.079668,0
D_0001892962,1,1.000000,1
D_0001893214,0,0.154085,0
D_0001893298,0,0.134668,0
D_0001893361,0,0.084788,0
D_0001893571,0,0.073728,0
D_0001893802,1,0.995780,1
D_0001894012,1,0.332260,1
D_0001894264,0,0.164089,0
D_0001894369,0,0.183933,0
D_0001894789,0,0.008092,0
D_0001894894,1,0.087463,0
D_0001895041,1,0.999400,1
D_0001895713,1,0.996371,1
D_0001895860,0,0.039203,0
D_0001895923,1,0.997787,1
D_0001896217,0,0.132487,0
D_0001897057,1,0.992230,1
D_0001897120,1,0.999736,1
D_0001897372,0,0.067439,0
D_0001897393,0,0.053148,0
D_0001897960,0,0.074581,0
D_0001898044,0,0.055997,0
D_0001898065,1,0.995952,1
D_0001898590,1,0.999958,1
D_0001898779,0,0.044748,0
D_0001898863,1,0.997027,1
D_0001899451,1,0.995901,1
D_0001899535,0,0.132675,0
D_0001899703,0,0.094310,0
D_0001899829,1,0.994266,1
D_0001899934,0,0.053708,0
D_0001900102,1,0.999363,1
D_0001900480,1,0.995979,1
D_0001900879,1,0.990586,1
D_0001900963,0,0.004002,0
D_0001901005,0,0.046448,0
D_0001901026,1,0.996233,1
D_0001901173,1,0.179291,0
D_0001901530,1,0.997356,1
D_0001901950,1,0.994746,1
D_0001902034,1,0.149528,0
D_0001902118,1,0.997923,1
D_0001902391,1,0.985689,1
D_0001902790,0,0.082109,0
D_0001903378,1,0.999584,1
D_0001903483,0,0.023415,0
D_0001903651,1,0.999720,1
D_0001903735,1,0.983404,1
D_0001904344,1,0.998631,1
D_0001904890,1,0.992529,1
D_0001905079,1,0.994918,1
D_0001905499,1,0.995101,1
D_0001905919,0,0.858121,1
D_0001905961,0,0.005161,0
D_0001906003,1,0.140943,0
D_0001906234,1,0.995435,1
D_0001906318,1,0.999999,1
D_0001906339,1,0.985540,1
D_0001906549,0,0.010296,0
D_0001906654,1,0.998556,1
D_0001907053,1,0.311619,1
D_0001907389,0,0.006720,0
D_0001907410,0,0.453984,1
D_0001907473,1,0.984356,1
D_0001907599,0,0.096966,0
D_0001907620,0,0.030289,0
D_0001907872,0,0.048097,0
D_0001909111,1,0.997986,1
D_0001909636,0,0.053579,0
D_0001909678,1,0.995075,1
D_0001909783,1,0.999310,1
D_0001910035,0,0.316679,1
D_0001910098,1,0.999597,1
D_0001910224,1,0.997012,1
D_0001910371,1,0.999998,1
D_0001910413,0,0.098519,0
D_0001910959,1,0.996963,1
D_0001911295,1,0.331178,1
D_0001911379,1,0.994109,1
D_0001911484,1,1.000000,1
D_0001912198,0,0.005525,0
D_0001912240,0,0.324275,1
D_0001912870,0,0.029771,0
D_0001913017,1,0.989100,1
D_0001913059,0,0.040990,0
D_0001913332,0,0.057337,0
D_0001913353,1,0.997928,1
D_0001913395,1,0.999072,1
D_0001913458,1,0.998287,1
D_0001913542,1,0.993234,1
D_0001915264,0,0.121586,0
D_0001915390,0,0.027291,0
D_0001915411,0,0.065820,0
D_0001916545,0,0.002106,0
D_0001917868,1,0.988170,1
D_0001917973,0,0.188609,1
D_0001918351,0,0.108098,0
D_0001918582,1,0.993045,1
D_0001918603,0,0.049405,0
D_0001918855,1,0.995729,1
D_0001918918,0,0.004118,0
D_0001918981,0,0.059993,0
D_0001919674,0,0.167502,0
D_0001919800,1,0.992927,1
D_0001920262,0,0.140157,0
D_0001920598,0,0.062752,0
D_0001920619,1,0.993128,1
D_0001921627,0,0.173378,0
D_0001922194,1,0.998980,1
D_0001922446,1,0.179094,0
D_0001922866,0,0.110045,0
D_0001923265,1,0.999251,1
D_0001923979,1,0.996729,1
D_0001924273,1,0.069395,0
D_0001924378,1,0.992715,1
D_0001924504,1,0.989923,1
D_0001925092,1,0.995035,1
D_0001925365,1,0.995351,1
D_0001925638,1,0.999992,1
D_0001925995,0,0.036987,0
D_0001926121,0,0.040294,0
D_0001926142,1,0.966113,1
D_0001926184,0,0.282473,1
D_0001926898,1,0.998387,1
D_0001927507,1,0.991543,1
D_0001927591,1,0.998985,1
D_0001928032,0,0.136169,0
D_0001928347,1,0.991439,1
D_0001928368,0,0.066539,0
D_0001928473,1,0.998485,1
D_0001928536,1,0.997101,1
D_0001929313,1,0.998171,1
D_0001929481,1,0.996063,1
D_0001929838,0,0.071753,0
D_0001929859,1,0.997394,1
D_0001930741,0,0.026889,0
D_0001930993,1,0.999712,1
D_0001931350,0,0.002609,0
D_0001931896,1,0.999995,1
D_0001931980,1,0.992805,1
D_0001932253,0,0.037526,0
D_0001932463,0,0.132124,0
D_0001933009,0,0.237574,1
D_0001933198,1,0.989724,1
D_0001933450,1,0.993264,1
D_0001933597,0,0.085197,0
D_0001933975,0,0.033683,0
D_0001934080,1,0.999756,1
D_0001934101,1,0.995949,1
D_0001935256,0,0.079286,0
D_0001935487,1,0.993701,1
D_0001935550,0,0.028728,0
D_0001935592,0,0.126897,0
D_0001936285,1,0.994008,1
D_0001936432,1,0.231021,1
D_0001936600,0,0.000949,0
D_0001936642,1,0.997957,1
D_0001937125,0,0.040506,0
D_0001937713,1,0.308693,1
D_0001938007,1,0.999985,1
D_0001938595,0,0.050559,0
D_0001938826,0,0.049660,0
D_0001939099,1,1.000000,1
D_0001939183,0,0.057844,0
D_0001940128,0,0.012133,0
D_0001940275,1,0.994620,1
D_0001940569,0,0.026120,0
D_0001941031,0,0.025443,0
D_0001941073,0,0.243795,1
D_0001941241,1,0.999744,1
D_0001941682,0,0.044247,0
D_0001941808,1,0.992683,1
D_0001941913,0,0.068979,0
D_0001941934,0,0.063208,0
D_0001942207,1,0.993341,1
D_0001942291,0,0.155468,0
D_0001942417,0,0.166535,0
D_0001942732,0,0.030343,0
D_0001942942,1,0.997771,1
D_0001943425,1,0.993685,1
D_0001943446,1,0.998311,1
D_0001943803,0,0.069017,0
D_0001944265,0,0.055462,0
D_0001944433,1,0.818124,1
D_0001944559,0,0.004817,0
D_0001945084,1,0.242499,1
D_0001945147,1,0.999990,1
D_0001945609,1,0.996294,1
D_0001945903,1,0.994908,1
D_0001946008,1,0.999644,1
D_0001946491,1,0.993619,1
D_0001946533,1,0.987445,1
D_0001946827,1,0.999353,1
D_0001946911,1,0.997444,1
D_0001947436,0,0.067298,0
D_0001947520,0,0.028407,0
D_0001947562,1,0.996677,1
D_0001947730,1,0.986849,1
D_0001948633,1,0.995897,1
D_0001948738,1,0.996582,1
D_0001949536,1,0.995092,1
D_0001950061,1,0.994982,1
D_0001950103,0,0.018649,0
D_0001950124,0,0.065776,0
D_0001951111,0,0.055884,0
D_0001951195,0,0.035599,0
D_0001951468,0,0.006886,0
D_0001951489,1,0.999279,1
D_0001952476,0,0.010531,0
D_0001952497,1,0.986480,1
D_0001952602,1,0.963357,1
D_0001953022,1,0.997376,1
D_0001953211,1,0.998468,1
D_0001953337,1,0.997037,1
D_0001953484,1,0.984366,1
D_0001953736,0,0.031778,0
D_0001953988,0,0.086177,0
D_0001954093,0,0.118572,0
D_0001954828,0,0.013028,0
D_0001955017,1,0.994789,1
D_0001955353,1,0.998999,1
D_0001955395,0,0.053166,0
D_0001955773,0,0.041185,0
D_0001956361,1,0.999920,1
D_0001957285,0,0.066410,0
D_0001957327,0,0.020849,0
D_0001958062,0,0.260186,1
D_0001958083,0,0.067107,0
D_0001958671,1,0.983677,1
D_0001959364,1,0.999329,1
D_0001959784,1,0.999573,1
D_0001959805,0,0.030643,0
D_0001959847,1,0.996188,1
D_0001960036,0,0.071095,0
D_0001960372,1,0.998960,1
D_0001960456,0,0.129052,0
D_0001960603,0,0.050856,0
D_0001960687,0,0.041661,0
D_0001960834,1,0.983068,1
D_0001961107,0,0.040941,0
D_0001961338,1,0.994470,1
D_0001961422,1,0.998799,1
D_0001961758,1,0.998201,1
D_0001962283,1,0.996486,1
D_0001962367,1,0.999497,1
D_0001962619,1,0.994299,1
D_0001962745,0,0.057530,0
D_0001962829,0,0.089077,0
D_0001962913,0,0.148103,0
D_0001962934,1,0.664719,1
D_0001962976,1,0.993526,1
D_0001963270,0,0.037264,0
D_0001963564,1,0.069311,0
D_0001963963,1,0.996768,1
D_0001964152,1,0.993102,1
D_0001964236,0,0.027561,0
D_0001964446,1,0.995045,1
D_0001965349,1,0.996382,1
D_0001965538,0,0.073276,0
D_0001966042,0,0.010938,0
D_0001966084,0,0.064519,0
D_0001966651,0,0.003048,0
D_0001966798,1,0.991665,1
D_0001967386,1,0.999958,1
D_0001967470,1,0.996258,1
D_0001967827,1,0.995813,1
D_0001968037,1,0.995908,1
D_0001968268,1,0.988729,1
D_0001968772,1,0.998552,1
D_0001968982,1,0.994316,1
D_0001969024,1,0.995088,1
D_0001969528,1,0.995246,1
D_0001970053,1,0.998417,1
D_0001970074,1,0.981304,1
D_0001970389,0,0.015608,0
D_0001970536,0,0.247930,1
D_0001970851,1,0.995520,1
D_0001970914,0,0.015858,0
D_0001971586,1,0.999148,1
D_0001972006,1,0.995669,1
D_0001972825,1,0.999996,1
D_0001973749,1,1.000000,1
D_0001973854,0,0.005579,0
D_0001974001,1,0.952886,1
D_0001975492,0,0.149578,0
D_0001975597,0,0.027720,0
D_0001975744,1,0.993769,1
D_0001976185,0,0.007966,0
D_0001978054,0,0.015809,0
D_0001978117,1,0.999998,1
D_0001978747,1,0.993993,1
D_0001978768,1,0.995554,1
D_0001978852,1,0.991044,1
D_0001978894,0,0.028051,0
D_0001979524,0,0.060016,0
D_0001980364,1,0.984335,1
D_0001980490,1,0.999790,1
D_0001980553,0,0.054253,0
D_0001980658,0,0.084096,0
D_0001980742,0,0.100897,0
D_0001981939,0,0.203128,1
D_0001982128,1,0.998164,1
D_0001982170,1,0.996377,1
D_0001982212,0,0.248909,1
D_0001982296,1,0.995753,1
D_0001982968,0,0.035523,0
D_0001982989,1,0.992173,1
D_0001983052,0,0.044921,0
D_0001983535,1,0.999456,1
D_0001984207,1,0.108674,0
D_0001984543,0,0.014191,0
D_0001984837,1,0.993618,1
D_0001984963,1,0.994059,1
D_0001984984,1,0.996936,1
D_0001985047,1,0.994606,1
D_0001985068,0,0.027884,0
D_0001985236,1,0.997885,1
D_0001985278,1,0.995432,1
D_0001985383,0,0.027134,0
D_0001985614,0,0.044044,0
D_0001985635,1,0.999165,1
D_0001986202,0,0.022920,0
D_0001986223,0,0.050512,0
D_0001986265,0,0.030283,0
D_0001986433,1,0.999547,1
D_0001986517,0,0.046291,0
D_0001987063,1,0.998300,1
D_0001987609,1,0.993437,1
D_0001988239,1,0.985352,1
D_0001988281,0,0.021991,0
D_0001988491,0,0.022084,0
D_0001988533,1,0.991105,1
D_0001988554,1,0.991116,1
D_0001988701,1,0.126621,0
D_0001989058,1,0.980754,1
D_0001989226,0,0.943463,1
D_0001989415,0,0.002146,0
D_0001990003,1,0.999998,1
D_0001990297,1,0.997218,1
D_0001990696,1,0.999202,1
D_0001990843,0,0.765848,1
D_0001990927,1,0.987394,1
D_0001991032,0,0.087429,0
D_0001991515,0,0.257965,1
D_0001991536,1,0.996349,1
D_0001992061,1,0.052824,0
D_0001992124,1,0.209724,1
D_0001992502,0,0.198511,1
D_0001992838,1,0.965148,1
D_0001992859,1,0.996665,1
D_0001993636,0,0.240613,1
D_0001994287,1,0.997961,1
D_0001994329,1,1.000000,1
D_0001994707,0,0.067213,0
D_0001994728,1,0.997127,1
D_0001994959,0,0.029632,0
D_0001995169,0,0.008349,0
D_0001995295,1,0.995304,1
D_0001995316,1,0.109231,0
D_0001995673,0,0.071759,0
D_0001995820,1,0.993392,1
D_0001996135,0,0.052620,0
D_0001996261,0,0.058281,0
D_0001996702,0,0.171459,0
D_0001997206,0,0.328664,1
D_0001997227,1,0.123262,0
D_0001997374,0,0.096256,0
D_0001997395,1,0.999927,1
D_0001997563,0,0.028383,0
D_0001997647,0,0.007790,0
D_0001997689,0,0.115308,0
D_0001997899,1,1.000000,1
D_0001998739,1,0.209281,1
D_0001998781,0,0.042032,0
D_0001998907,1,0.998516,1
D_0001999222,1,0.999997,1
D_0001999453,0,0.093272,0
D_0001999999,0,0.152390,0
D_0002000062,0,0.189400,1
D_0002000188,1,0.999540,1
D_0002000818,1,0.998908,1
D_0002001343,1,0.998042,1
D_0002002141,0,0.062748,0
D_0002002162,1,0.993347,1
D_0002002498,0,0.196492,1
D_0002002876,1,0.982568,1
D_0002002939,0,0.030011,0
D_0002003065,0,0.142133,0
D_0002003401,0,0.108317,0
D_0002003527,0,0.029980,0
D_0002003758,0,0.045317,0
D_0002003926,1,0.997396,1
D_0002004073,0,0.051438,0
D_0002004136,1,0.999700,1
D_0002004346,0,0.034621,0
D_0002004577,0,0.042192,0
D_0002004850,0,0.040155,0
D_0002004934,0,0.107465,0
D_0002005480,1,0.986978,1
D_0002006173,1,0.995963,1
D_0002006530,1,0.993658,1
D_0002006845,0,0.106524,0
D_0002006866,0,0.113886,0
D_0002006950,1,0.992172,1
D_0002007307,1,0.997400,1
D_0002007370,0,0.023712,0
D_0002007559,1,0.979365,1
D_0002007895,1,0.993280,1
D_0002007958,1,0.225727,1
D_0002008084,1,0.999692,1
D_0002008210,0,0.051936,0
D_0002008693,0,0.025372,0
D_0002008924,1,1.000000,1
D_0002009134,1,0.995945,1
D_0002009827,1,0.991474,1
D_0002010331,0,0.083626,0
D_0002010352,0,0.010924,0
D_0002010499,0,0.048265,0
D_0002011171,1,0.994258,1
D_0002011339,0,0.015374,0
D_0002011381,0,0.032229,0
D_0002011675,0,0.095455,0
D_0002011738,0,0.033024,0
D_0002011759,1,0.997392,1
D_0002012158,1,0.126365,0
D_0002012305,1,0.998537,1
D_0002012536,1,0.998509,1
D_0002012977,0,0.104046,0
D_0002013082,0,0.079430,0
D_0002013292,0,0.031726,0
D_0002013376,1,0.101293,0
D_0002013670,1,0.995515,1
D_0002013901,0,0.034188,0
D_0002014279,0,0.031221,0
D_0002014489,1,0.996987,1
D_0002014594,1,0.998435,1
D_0002014636,0,0.060970,0
D_0002015287,0,0.254221,1
D_0002015455,1,0.997380,1
D_0002016190,1,0.998347,1
D_0002016211,1,0.996983,1
D_0002016253,1,0.996221,1
D_0002016421,0,0.077882,0
D_0002016484,1,0.997120,1
D_0002016925,1,0.998906,1
D_0002017030,0,0.023799,0
D_0002017093,1,0.995911,1
D_0002017198,1,0.996854,1
D_0002017345,1,0.999984,1
D_0002017387,0,0.097960,0
D_0002017429,1,0.986285,1
D_0002017660,0,0.025726,0
D_0002017933,1,0.993098,1
D_0002017975,0,0.153453,0
D_0002018899,1,0.997693,1
D_0002019487,0,0.826595,1
D_0002019613,0,0.045762,0
D_0002019865,1,0.999999,1
D_0002020054,0,0.007678,0
D_0002020621,1,0.997369,1
D_0002020873,0,0.032820,0
D_0002021566,1,0.999939,1
D_0002021818,0,0.160956,0
D_0002021944,1,1.000000,1
D_0002022217,1,0.103242,0
D_0002022385,1,0.989734,1
D_0002022406,1,0.997610,1
D_0002022721,1,0.995283,1
D_0002022784,1,0.995177,1
D_0002022952,0,0.014616,0
D_0002023729,0,0.006962,0
D_0002023792,0,0.035835,0
D_0002024086,1,0.989684,1
D_0002024401,1,0.997045,1
D_0002026144,1,1.000000,1
D_0002026543,1,0.997534,1
D_0002026900,1,0.993771,1
D_0002027110,1,0.995304,1
D_0002027299,0,0.009393,0
D_0002027782,1,0.997732,1
D_0002028307,1,0.996592,1
D_0002028727,1,0.991876,1
D_0002029231,0,0.104991,0
D_0002029273,0,0.167761,0
D_0002029651,1,0.967573,1
D_0002029861,1,0.990262,1
D_0002029924,1,0.028665,0
D_0002030071,1,0.997666,1
D_0002030155,0,0.179471,0
D_0002030344,1,0.995331,1
D_0002030386,1,0.999970,1
D_0002030890,1,0.991988,1
D_0002031457,1,0.997785,1
D_0002031478,1,0.890048,1
D_0002032276,1,0.997898,1
D_0002032423,0,0.063436,0
D_0002032549,1,1.000000,1
D_0002033011,1,0.992391,1
D_0002033704,1,0.364428,1
D_0002033809,1,0.238649,1
D_0002034754,0,0.031625,0
D_0002034901,1,0.999829,1
D_0002035090,1,0.978586,1
D_0002035363,0,0.000769,0
D_0002035657,0,0.120901,0
D_0002035867,0,0.071229,0
D_0002035930,0,0.193965,1
D_0002036686,1,0.999979,1
D_0002037274,0,0.105064,0
D_0002037862,0,0.120448,0
D_0002038135,1,0.991503,1
D_0002038261,1,0.998145,1
D_0002038324,0,0.021500,0
D_0002038387,0,0.027165,0
D_0002038429,0,0.042638,0
D_0002038702,1,0.997316,1
D_0002039437,1,0.867563,1
D_0002039500,0,0.091332,0
D_0002040130,1,0.999948,1
D_0002041516,0,0.180967,0
D_0002041621,0,0.015858,0
D_0002041873,1,0.999904,1
D_0002041999,0,0.123779,0
D_0002042944,1,0.997226,1
D_0002043049,1,0.999812,1
D_0002043679,1,0.997099,1
D_0002044246,1,0.993861,1
D_0002044267,0,0.032921,0
D_0002044309,1,0.993323,1
D_0002044687,1,0.996650,1
D_0002045317,1,0.999596,1
D_0002045716,1,0.062234,0
D_0002046409,1,0.999832,1
D_0002046556,0,0.057822,0
D_0002046787,1,0.995390,1
D_0002046871,1,0.996959,1
D_0002046913,0,0.053518,0
D_0002046997,1,0.992180,1
D_0002047018,1,0.950657,1
D_0002047270,1,0.999999,1
D_0002047417,1,0.998878,1
D_0002047921,1,1.000000,1
D_0002048068,0,0.015078,0
D_0002048404,1,1.000000,1
D_0002048719,0,0.294829,1
D_0002048845,0,0.152606,0
D_0002048887,1,0.991829,1
D_0002050000,0,0.040501,0
D_0002050042,1,0.998987,1
D_0002050168,1,0.990262,1
D_0002050231,0,0.044441,0
D_0002050525,1,0.992097,1
D_0002050756,1,0.994776,1
D_0002051302,1,0.075540,0
D_0002052163,0,0.115874,0
D_0002052919,0,0.061360,0
D_0002053255,0,0.085625,0
D_0002053276,0,0.032247,0
D_0002053402,0,0.030189,0
D_0002053465,1,0.994374,1
D_0002053843,1,0.996969,1
D_0002053990,0,0.047070,0
D_0002054221,1,0.860256,1
D_0002054263,0,0.039263,0
D_0002054494,1,0.992122,1
D_0002055481,1,0.131095,0
D_0002055628,0,0.037121,0
D_0002055964,0,0.025425,0
D_0002056174,1,0.997375,1
D_0002056237,1,0.999974,1
D_0002056258,0,0.051373,0
D_0002056279,0,0.096953,0
D_0002056678,1,0.994096,1
D_0002056762,0,0.223887,1
D_0002057140,1,0.999969,1
D_0002057623,1,0.996567,1
D_0002058001,0,0.049891,0
D_0002058316,0,0.053718,0
D_0002059219,1,0.992928,1
D_0002059408,1,0.999472,1
D_0002059597,0,0.012245,0
D_0002059681,0,0.139439,0
D_0002060185,1,0.999934,1
D_0002060878,1,0.995350,1
D_0002061340,1,0.997398,1
D_0002061403,0,0.021404,0
D_0002061802,0,0.157212,0
D_0002062222,1,0.999607,1
D_0002063104,0,0.160183,0
D_0002063125,1,0.995039,1
D_0002063230,0,0.025789,0
D_0002063293,1,0.999970,1
D_0002063671,0,0.054580,0
D_0002063986,0,0.058113,0
D_0002064259,1,0.043957,0
D_0002064490,1,0.995311,1
D_0002064637,0,0.347922,1
D_0002064700,1,0.999993,1
D_0002064721,0,0.129158,0
D_0002064805,0,0.079830,0
D_0002064889,1,0.991675,1
D_0002066296,0,0.172035,0
D_0002067052,0,0.017677,0
D_0002067283,0,0.029818,0
D_0002067661,1,0.995720,1
D_0002068312,1,0.997378,1
D_0002068333,1,0.995703,1
D_0002068942,0,0.011059,0
D_0002069005,1,0.988901,1
D_0002069068,1,0.999999,1
D_0002069572,0,0.015490,0
D_0002070139,0,0.126669,0
D_0002070538,1,0.999999,1
D_0002070580,1,0.999896,1
D_0002070853,1,0.999892,1
D_0002071105,0,0.056269,0
D_0002071378,1,0.053347,0
D_0002071567,1,0.994080,1
D_0002072029,1,0.999482,1
D_0002072407,1,0.975361,1
D_0002072533,1,0.994967,1
D_0002073373,0,0.003149,0
D_0002073793,1,0.999481,1
D_0002074192,0,0.068013,0
D_0002074633,0,0.088727,0
D_0002074696,0,0.021494,0
D_0002075263,1,0.998866,1
D_0002075914,1,0.991818,1
D_0002076082,0,0.151332,0
D_0002076313,0,0.035275,0
D_0002076922,1,0.994052,1
D_0002077111,0,0.013859,0
D_0002077174,0,0.104172,0
D_0002077510,0,0.067518,0
D_0002077594,0,0.108944,0
D_0002078665,1,0.993767,1
D_0002078875,0,0.019938,0
D_0002078896,0,0.016121,0
D_0002079547,1,0.997975,1
D_0002079883,0,0.029399,0
D_0002080240,0,0.103091,0
D_0002080282,1,0.080966,0
D_0002080387,1,0.994136,1
D_0002080576,0,0.291007,1
D_0002080597,0,0.045292,0
D_0002080891,1,0.994400,1
D_0002080954,1,0.966321,1
D_0002081689,1,0.997567,1
D_0002082445,1,0.996281,1
D_0002082739,1,0.988813,1
D_0002083096,0,0.198951,1
D_0002083390,0,0.057557,0
D_0002083810,1,0.999995,1
D_0002084167,1,0.039832,0
D_0002084587,1,0.996036,1
D_0002084608,0,0.424506,1
D_0002085133,1,0.998725,1
D_0002085154,1,0.998328,1
D_0002085490,0,0.031507,0
D_0002085700,0,0.009335,0
D_0002085952,0,0.053409,0
D_0002085994,0,0.034563,0
D_0002086813,1,0.999719,1
D_0002087170,0,0.077005,0
D_0002087338,1,0.996681,1
D_0002087485,0,0.115574,0
D_0002087527,0,0.925377,1
D_0002087800,1,0.999983,1
D_0002087926,1,0.991920,1
D_0002088073,0,0.017598,0
D_0002088388,0,0.015205,0
D_0002088787,1,0.999546,1
D_0002089459,0,0.086536,0
D_0002090362,0,0.934626,1
D_0002090425,1,0.168963,0
D_0002090509,1,0.992900,1
D_0002090782,0,0.232228,1
D_0002090950,0,0.077763,0
D_0002090992,0,0.075368,0
D_0002091223,1,0.997298,1
D_0002091580,0,0.018249,0
D_0002091811,1,0.085724,0
D_0002092357,0,0.024858,0
D_0002092714,1,0.994344,1
D_0002092882,0,0.098340,0
D_0002093197,1,0.995454,1
D_0002093617,0,0.006041,0
D_0002093659,0,0.100001,0
D_0002093680,1,0.999932,1
D_0002094730,0,0.071921,0
D_0002094877,0,0.030055,0
D_0002095381,1,0.999371,1
D_0002095675,0,0.064089,0
D_0002095927,1,0.999996,1
D_0002096116,0,0.010552,0
D_0002096284,0,0.011900,0
D_0002096305,0,0.107012,0
D_0002096515,1,0.999950,1
D_0002096620,1,0.993026,1
D_0002097082,0,0.057181,0
D_0002097565,0,0.019503,0
D_0002097922,1,0.994683,1
D_0002098258,1,0.989972,1
D_0002098405,1,0.999999,1
D_0002098489,1,0.991898,1
D_0002098951,0,0.030219,0
D_0002099077,1,0.998386,1
D_0002099476,0,0.007153,0
D_0002099770,1,0.161345,0
D_0002099875,0,0.014374,0
D_0002099938,1,0.984850,1
D_0002100904,0,0.034952,0
D_0002101009,0,0.746182,1
D_0002101177,1,0.995680,1
D_0002101261,1,0.993949,1
D_0002101576,0,0.106969,0
D_0002101681,1,0.998548,1
D_0002102206,1,0.982104,1
D_0002102269,0,0.060437,0
D_0002102311,1,0.999326,1
D_0002102521,1,0.999969,1
D_0002102668,0,0.029409,0
D_0002103130,1,0.995178,1
D_0002103172,1,1.000000,1
D_0002103445,0,0.057111,0
D_0002103613,0,0.122333,0
D_0002103928,0,0.020309,0
D_0002104537,0,0.083855,0
D_0002104642,1,0.999337,1
D_0002104747,1,0.997492,1
D_0002104810,1,0.090842,0
D_0002105062,1,0.966707,1
D_0002105755,1,0.999866,1
D_0002105881,0,0.042345,0
D_0002106154,0,0.020759,0
D_0002106616,0,0.025094,0
D_0002107015,1,0.999845,1
D_0002107372,1,0.033965,0
D_0002107477,0,0.019134,0
D_0002107540,1,0.995818,1
D_0002107771,1,0.992612,1
D_0002108716,1,1.000000,1
D_0002109115,1,0.995762,1
D_0002109199,0,0.057548,0
D_0002109388,0,0.053104,0
D_0002109640,0,0.114808,0
D_0002110480,1,0.992045,1
D_0002111236,0,0.052870,0
D_0002111299,1,0.970536,1
D_0002112160,0,0.057289,0
D_0002112790,0,0.058632,0
D_0002113567,0,0.055074,0
D_0002113672,1,0.994719,1
D_0002113861,1,0.999338,1
D_0002114071,1,0.991276,1
D_0002114113,1,0.999986,1
D_0002114155,0,0.046237,0
D_0002114428,0,0.404115,1
D_0002114491,0,0.079321,0
D_0002114932,0,0.019371,0
D_0002115772,0,0.000050,0
D_0002115940,1,0.996589,1
D_0002116150,0,0.069273,0
D_0002116570,1,0.999055,1
D_0002116801,1,0.040551,0
D_0002117053,0,0.097989,0
D_0002117641,1,0.993642,1
D_0002117746,1,0.992174,1
D_0002118313,0,0.210685,1
D_0002119090,1,0.999951,1
D_0002119195,0,0.070218,0
D_0002119279,0,0.128112,0
D_0002119300,0,0.039480,0
D_0002119657,1,0.982059,1
D_0002119783,0,0.077878,0
D_0002120245,1,0.992679,1
D_0002120434,1,0.999860,1
D_0002120791,1,0.992112,1
D_0002121001,0,0.058531,0
D_0002121043,1,0.231515,1
D_0002121547,0,0.054141,0
D_0002121652,0,0.079113,0
D_0002121883,0,0.060445,0
D_0002121904,1,0.995342,1
D_0002121925,0,0.026289,0
D_0002121967,1,0.999971,1
D_0002122051,0,0.070568,0
D_0002122576,0,0.042514,0
D_0002122618,1,0.996157,1
D_0002122807,0,0.457477,1
D_0002123038,0,0.084214,0
D_0002123059,1,0.988249,1
D_0002123794,1,0.998293,1
D_0002123815,0,0.062404,0
D_0002123920,1,0.998164,1
D_0002123941,0,0.014429,0
D_0002124130,1,0.996014,1
D_0002124193,1,1.000000,1
D_0002124445,1,0.023906,0
D_0002124676,0,0.080207,0
D_0002124907,0,0.031104,0
D_0002126524,1,0.998965,1
D_0002126629,1,0.997982,1
D_0002127049,0,0.063521,0
D_0002127259,1,0.992921,1
D_0002127343,0,0.072537,0
D_0002127700,0,0.101019,0
D_0002127826,1,0.994405,1
D_0002127868,1,0.997165,1
D_0002127994,0,0.027737,0
D_0002128729,1,0.988527,1
D_0002128771,0,0.079343,0
D_0002128939,1,0.268733,1
D_0002129275,0,0.073632,0
D_0002129338,1,0.994012,1
D_0002129506,1,0.997077,1
D_0002129758,1,0.995129,1
D_0002129926,0,0.071342,0
D_0002130472,1,0.996880,1
D_0002130556,0,0.019102,0
D_0002130598,0,0.028292,0
D_0002130829,0,0.029897,0
D_0002130850,1,0.999688,1
D_0002130955,1,0.997652,1
D_0002131081,1,0.987608,1
D_0002131333,1,0.993320,1
D_0002131837,0,0.111905,0
D_0002132278,0,0.071452,0
D_0002132467,1,0.995486,1
D_0002132929,1,0.744212,1
D_0002132992,0,0.029951,0
D_0002133181,0,0.018459,0
D_0002133496,1,0.149556,0
D_0002134000,0,0.044216,0
D_0002134084,1,0.807752,1
D_0002134252,1,0.989262,1
D_0002134273,1,0.982400,1
D_0002134840,1,0.999667,1
D_0002134924,1,0.317500,1
D_0002135029,1,1.000000,1
D_0002135050,0,0.041564,0
D_0002135155,0,0.026961,0
D_0002135197,1,0.999204,1
D_0002135743,0,0.014818,0
D_0002135764,1,0.999989,1
D_0002136184,1,0.999857,1
D_0002136373,0,0.087253,0
D_0002137234,1,0.996190,1
D_0002137402,0,0.063123,0
D_0002137969,0,0.031209,0
D_0002138809,0,0.291266,1
D_0002139397,1,0.999973,1
D_0002139607,0,0.029438,0
D_0002139754,1,0.996521,1
D_0002140006,1,0.999073,1
D_0002140216,0,0.000008,0
D_0002140300,1,0.404448,1
D_0002140342,1,0.986268,1
D_0002140930,1,0.987478,1
D_0002141056,1,0.999726,1
D_0002141581,0,0.012093,0
D_0002141602,1,0.093322,0
D_0002142337,1,0.862534,1
D_0002142505,0,0.115658,0
D_0002142652,0,0.102505,0
D_0002142757,0,0.055793,0
D_0002143156,0,0.027742,0
D_0002143303,1,0.987977,1
D_0002143345,1,0.991864,1
D_0002143849,0,0.053080,0
D_0002144185,1,0.994974,1
D_0002144206,1,0.997044,1
D_0002144941,0,0.184779,0
D_0002144983,1,0.999347,1
D_0002145067,1,0.999984,1
D_0002145109,0,0.069893,0
D_0002145130,0,0.732726,1
D_0002145151,0,0.083880,0
D_0002146117,0,0.008571,0
D_0002146390,0,0.032481,0
D_0002146789,0,0.110015,0
D_0002146810,0,0.005261,0
D_0002146831,0,0.026151,0
D_0002146999,0,0.043100,0
D_0002147293,1,0.995883,1
D_0002147398,1,0.978778,1
D_0002148175,0,0.048217,0
D_0002148427,1,0.991759,1
D_0002148721,1,0.996421,1
D_0002149414,0,0.070235,0
D_0002149477,1,0.999380,1
D_0002149750,1,0.984614,1
D_0002150149,0,0.013848,0
D_0002150695,1,0.999933,1
D_0002150716,0,0.132388,0
D_0002150779,0,0.010067,0
D_0002151955,1,0.999881,1
D_0002152564,0,0.013593,0
D_0002152711,1,0.998268,1
D_0002152879,1,0.316900,1
D_0002153362,1,0.314278,1
D_0002153866,0,0.055706,0
D_0002154055,0,0.016184,0
D_0002154328,1,0.998169,1
D_0002154580,1,0.992952,1
D_0002154769,0,0.018244,0
D_0002154916,0,0.034916,0
D_0002154937,1,0.996381,1
D_0002155357,1,0.999583,1
D_0002156050,0,0.129198,0
D_0002156764,1,0.177651,0
D_0002156848,1,0.995265,1
D_0002157037,1,0.995760,1
D_0002157226,1,0.984291,1
D_0002157415,0,0.045028,0
D_0002157583,0,0.056186,0
D_0002157919,0,0.147045,0
D_0002157940,1,0.972129,1
D_0002158234,1,0.993667,1
D_0002158570,0,0.077444,0
D_0002158843,0,0.117466,0
D_0002159830,0,0.133738,0
D_0002160271,0,0.057742,0
D_0002161951,0,0.067767,0
D_0002162644,0,0.049263,0
D_0002163190,1,0.990068,1
D_0002163400,1,0.995265,1
D_0002163421,0,0.009650,0
D_0002163484,0,0.133193,0
D_0002163652,1,0.993398,1
D_0002164177,1,0.995535,1
D_0002164618,0,0.066705,0
D_0002165458,1,0.999753,1
D_0002165542,1,0.997260,1
D_0002165836,0,0.037865,0
D_0002166046,1,0.497474,1
D_0002166340,1,0.998764,1
D_0002166508,0,0.028192,0
D_0002166529,1,0.996340,1
D_0002166655,1,0.983445,1
D_0002166739,1,0.998953,1
D_0002167180,0,0.015646,0
D_0002167201,0,0.035396,0
D_0002168272,1,0.999956,1
D_0002169427,0,0.101354,0
D_0002169532,0,0.004952,0
D_0002169721,1,0.218273,1
D_0002169973,1,0.273341,1
D_0002170267,1,0.989013,1
D_0002170603,0,0.048568,0
D_0002170687,1,0.997142,1
D_0002170750,1,0.999999,1
D_0002170897,1,0.996396,1
D_0002171548,1,0.999777,1
D_0002172808,1,0.998400,1
D_0002172934,1,0.999971,1
D_0002174278,1,0.999985,1
D_0002175013,1,0.994818,1
D_0002175160,0,0.025025,0
D_0002175202,1,0.999831,1
D_0002175223,1,0.998682,1
D_0002175454,0,0.017259,0
D_0002175811,1,0.999994,1
D_0002175958,1,0.122910,0
D_0002176735,1,0.996543,1
D_0002176924,0,0.053997,0
D_0002177008,1,0.996913,1
D_0002177029,0,0.024266,0
D_0002177092,0,0.158443,0
D_0002177155,1,0.998215,1
D_0002177197,1,0.994249,1
D_0002177407,0,0.079349,0
D_0002177449,0,0.178396,0
D_0002177554,1,0.055729,0
D_0002177848,1,0.992657,1
D_0002177932,0,0.036579,0
D_0002178037,1,0.998725,1
D_0002178079,0,0.046320,0
D_0002178331,1,0.159233,0
D_0002178373,0,0.022034,0
D_0002178856,0,0.999994,1
D_0002179255,1,1.000000,1
D_0002179654,0,0.081548,0
D_0002179759,0,0.100942,0
D_0002180179,1,0.996811,1
D_0002180284,1,0.992063,1
D_0002180347,0,0.040734,0
D_0002180872,0,0.072902,0
D_0002181019,1,0.992811,1
D_0002181313,1,0.985325,1
D_0002182342,1,0.999997,1
D_0002182384,0,0.063934,0
D_0002182510,0,0.066759,0
D_0002182930,1,0.996066,1
D_0002183833,0,0.064965,0
D_0002184169,1,0.995166,1
D_0002185030,1,0.998403,1
D_0002185681,1,0.992451,1
D_0002185702,0,0.014405,0
D_0002185849,1,0.996897,1
D_0002186185,0,0.090152,0
D_0002186353,1,0.128317,0
D_0002186584,1,0.999963,1
D_0002186731,1,0.996488,1
D_0002187046,0,0.154044,0
D_0002188600,0,0.018256,0
D_0002188684,1,0.996806,1
D_0002188852,0,0.043013,0
D_0002188999,1,0.993822,1
D_0002189293,0,0.026528,0
D_0002189776,1,0.995053,1
D_0002189797,0,0.048026,0
D_0002189902,1,1.000000,1
D_0002190217,0,0.034015,0
D_0002190280,1,0.994282,1
D_0002190385,1,0.999995,1
D_0002190868,1,0.999399,1
D_0002190994,1,0.995779,1
D_0002191183,1,0.998516,1
D_0002191204,0,0.073188,0
D_0002191876,1,0.994252,1
D_0002191939,0,0.024007,0
D_0002191960,0,0.055424,0
D_0002192086,1,0.997010,1
D_0002192191,1,0.995973,1
D_0002192590,0,0.016780,0
D_0002193178,1,0.994147,1
D_0002193199,1,0.994001,1
D_0002193766,1,0.995467,1
D_0002193787,0,0.015620,0
D_0002194081,1,0.998899,1
D_0002194186,1,0.988782,1
D_0002194732,0,0.140379,0
D_0002194795,1,0.407850,1
D_0002194921,0,0.104387,0
D_0002195257,0,0.024471,0
D_0002195383,1,0.994414,1
D_0002195425,1,0.993188,1
D_0002195656,0,0.084427,0
D_0002196013,0,0.049392,0
D_0002196244,0,0.118842,0
D_0002196538,0,0.091246,0
D_0002197000,1,0.999748,1
D_0002197357,1,0.995330,1
D_0002197378,0,0.158442,0
D_0002197462,1,0.954470,1
D_0002197546,0,0.134328,0
D_0002197840,0,0.024050,0
D_0002198092,0,0.043867,0
D_0002198323,0,0.007261,0
D_0002198575,1,0.996614,1
D_0002198638,1,0.999821,1
D_0002199016,1,0.247495,1
D_0002199058,1,0.972940,1
D_0002199247,0,0.076873,0
D_0002199562,0,0.041906,0
D_0002199835,1,0.998933,1
D_0002199982,0,0.718234,1
D_0002200087,1,0.999913,1
D_0002200486,0,0.012427,0
D_0002200675,0,0.112294,0
D_0002200990,0,0.182754,0
D_0002201473,0,0.058965,0
D_0002201557,1,0.993376,1
D_0002201746,0,0.078857,0
D_0002201767,0,0.113608,0
D_0002202124,0,0.052521,0
D_0002202187,1,0.999984,1
D_0002202250,0,0.062620,0
D_0002202817,1,0.999765,1
D_0002203048,1,0.995961,1
D_0002204077,1,0.995545,1
D_0002204182,1,0.994717,1
D_0002204287,1,0.995628,1
D_0002204833,1,0.977708,1
D_0002204938,0,0.075842,0
D_0002205232,0,0.022288,0
D_0002205421,1,0.093398,0
D_0002206282,1,0.996518,1
D_0002206408,0,0.048017,0
D_0002206576,0,0.061566,0
D_0002206681,1,0.998879,1
D_0002207143,1,0.995966,1
D_0002207689,0,0.046634,0
D_0002207773,1,1.000000,1
D_0002209075,0,0.010151,0
D_0002209579,0,0.033902,0
D_0002209621,1,0.993841,1
D_0002210230,1,0.999915,1
D_0002210272,0,0.276323,1
D_0002211196,1,0.998014,1
D_0002211427,1,0.998364,1
D_0002211616,0,0.142562,0
D_0002211700,1,0.999101,1
D_0002212204,1,0.102893,0
D_0002212372,1,0.994799,1
D_0002213233,0,0.025954,0
D_0002213338,1,0.993965,1
D_0002213443,1,0.203818,1
D_0002213611,0,0.055122,0
D_0002214031,0,0.120340,0
D_0002214157,0,0.078161,0
D_0002214703,1,0.997744,1
D_0002215018,0,0.016748,0
D_0002215354,0,0.266394,1
D_0002215984,1,0.988597,1
D_0002216488,1,0.996057,1
D_0002216845,1,0.997751,1
D_0002217181,1,0.999568,1
D_0002217412,0,0.031262,0
D_0002217895,0,0.059552,0
D_0002218000,0,0.107598,0
D_0002218273,0,0.018612,0
D_0002218924,1,0.881207,1
D_0002219071,1,0.996518,1
D_0002219113,1,0.998951,1
D_0002219176,1,0.997355,1
D_0002220121,1,0.087684,0
D_0002220289,0,0.008153,0
D_0002220394,1,0.999996,1
D_0002220646,0,0.042286,0
D_0002220751,0,0.381100,1
D_0002221549,1,0.144666,0
D_0002222431,0,0.095491,0
D_0002222473,0,0.021910,0
D_0002223565,1,0.116563,0
D_0002224006,0,0.098500,0
D_0002224216,0,0.139629,0
D_0002224783,1,0.989082,1
D_0002225518,1,0.992700,1
D_0002225875,1,0.993560,1
D_0002225959,1,0.999986,1
D_0002226085,1,0.996902,1
D_0002226337,1,0.999993,1
D_0002226400,0,0.370128,1
D_0002226547,0,0.059388,0
D_0002227030,0,0.011052,0
D_0002227093,0,0.150037,0
D_0002227240,1,0.997467,1
D_0002227345,1,1.000000,1
D_0002227471,0,0.041409,0
D_0002227639,0,0.048533,0
D_0002228080,0,0.148400,0
D_0002228164,1,0.995616,1
D_0002228563,0,0.077170,0
D_0002228626,0,0.033656,0
D_0002228962,0,0.026002,0
D_0002229088,1,0.999949,1
D_0002229109,1,0.999957,1
D_0002229424,1,0.999998,1
D_0002230117,1,0.995125,1
D_0002230159,1,0.999568,1
D_0002230495,1,0.994206,1
D_0002230810,1,0.095486,0
D_0002230852,1,0.996986,1
D_0002230894,1,0.991473,1
D_0002230957,0,0.064386,0
D_0002231230,1,0.057620,0
D_0002231650,1,0.999842,1
D_0002231776,0,0.055582,0
D_0002232574,0,0.099326,0
D_0002233393,0,0.236717,1
D_0002233624,0,0.079363,0
D_0002233855,0,0.066019,0
D_0002234023,1,0.991937,1
D_0002234191,0,0.028734,0
D_0002234275,0,0.833759,1
D_0002234527,1,0.951019,1
D_0002234695,1,0.997383,1
D_0002234926,1,0.999679,1
D_0002235010,0,0.072466,0
D_0002235094,0,0.125414,0
D_0002235367,0,0.121868,0
D_0002235430,1,0.989338,1
D_0002236060,1,0.993080,1
D_0002236900,1,0.993132,1
D_0002237173,1,0.998891,1
D_0002237257,1,0.988012,1
D_0002237488,1,0.152579,0
D_0002238223,0,0.047585,0
D_0002238391,1,0.996655,1
D_0002238412,0,0.118858,0
D_0002238580,1,0.993236,1
D_0002238853,0,0.009096,0
D_0002239042,0,0.156579,0
D_0002239105,1,0.999841,1
D_0002239735,0,0.018398,0
D_0002240218,1,0.997008,1
D_0002241205,0,0.366834,1
D_0002241310,1,0.006087,0
D_0002242171,0,0.047819,0
D_0002242297,1,0.999991,1
D_0002242318,1,0.985198,1
D_0002242402,1,0.991312,1
D_0002242717,0,0.113870,0
D_0002242885,1,0.992632,1
D_0002243473,1,0.999452,1
D_0002244040,0,0.050292,0
D_0002244082,1,0.995317,1
D_0002244922,1,0.992727,1
D_0002245048,0,0.030741,0
D_0002245321,0,0.160832,0
D_0002245405,0,0.022456,0
D_0002245615,0,0.073049,0
D_0002246119,0,0.137780,0
D_0002246560,1,0.985678,1
D_0002246770,1,0.999374,1
D_0002247169,1,0.998647,1
D_0002247253,1,0.994604,1
D_0002247631,0,0.151227,0
D_0002248303,1,0.992953,1
D_0002248702,0,0.093550,0
D_0002248723,1,0.997416,1
D_0002249164,1,0.991944,1
D_0002249395,0,0.062618,0
D_0002249647,0,0.040656,0
D_0002249878,1,0.050461,0
D_0002250424,1,0.997869,1
D_0002250718,0,0.109571,0
D_0002251012,0,0.033745,0
D_0002251642,1,0.983275,1
D_0002252083,0,0.141555,0
D_0002252125,0,0.142035,0
D_0002252230,0,0.016055,0
D_0002253007,1,0.999977,1
D_0002253028,0,0.031590,0
D_0002253154,1,0.999399,1
D_0002253196,1,0.996282,1
D_0002253721,1,0.992741,1
D_0002253952,1,0.994085,1
D_0002254582,1,0.999669,1
D_0002254834,0,0.077798,0
D_0002254855,0,0.067502,0
D_0002255065,0,0.019774,0
D_0002255107,0,0.020199,0
D_0002255338,1,0.993675,1
D_0002255716,1,0.989835,1
D_0002255821,0,0.054403,0
D_0002256073,0,0.011948,0
D_0002256304,1,0.996556,1
D_0002256556,1,0.993208,1
D_0002256619,1,0.986394,1
D_0002256724,1,0.999030,1
D_0002256892,0,0.087474,0
D_0002257396,0,0.138001,0
D_0002257459,0,0.194378,1
D_0002257690,1,0.986796,1
D_0002258005,1,0.999607,1
D_0002258026,1,0.993253,1
D_0002258068,0,0.489612,1
D_0002258278,1,0.999597,1
D_0002258488,1,0.981731,1
D_0002258635,1,0.991264,1
D_0002259223,1,0.997080,1
D_0002259307,1,0.990352,1
D_0002259412,1,0.991288,1
D_0002259664,1,0.999995,1
D_0002260147,1,0.993218,1
D_0002260252,1,0.993387,1
D_0002260420,1,0.995363,1
D_0002260714,1,0.988056,1
D_0002260735,1,0.993830,1
D_0002261092,1,0.996957,1
D_0002261449,0,0.036914,0
D_0002261491,0,0.093644,0
D_0002261617,0,0.082523,0
D_0002261953,1,0.988544,1
D_0002261974,1,0.999633,1
D_0002262058,0,0.012576,0
D_0002262268,0,0.133042,0
D_0002262310,0,0.216561,1
D_0002262436,1,0.992726,1
D_0002262457,0,0.020653,0
D_0002262751,0,0.126312,0
D_0002263465,1,0.999974,1
D_0002263654,1,0.993117,1
D_0002263759,0,0.146894,0
D_0002263801,0,0.077407,0
D_0002263885,1,0.991612,1
D_0002264179,1,0.997921,1
D_0002264830,0,0.061179,0
D_0002265103,1,1.000000,1
D_0002265208,0,0.022475,0
D_0002265292,1,0.990587,1
D_0002265691,1,0.998885,1
D_0002266279,0,0.060745,0
D_0002267266,0,0.191466,1
D_0002267497,0,0.022591,0
D_0002267518,0,0.031428,0
D_0002267686,1,0.181303,0
D_0002268043,1,0.993190,1
D_0002268106,0,0.010179,0
D_0002268484,0,0.053461,0
D_0002268841,0,0.134655,0
D_0002269240,1,0.972458,1
D_0002269408,0,0.189960,1
D_0002269660,1,0.999975,1
D_0002271130,1,0.990999,1
D_0002271151,1,0.992164,1
D_0002271340,0,0.097926,0
D_0002271445,0,0.148231,0
D_0002271571,0,0.053700,0
D_0002271802,0,0.093200,0
D_0002271991,1,0.996113,1
D_0002272264,0,0.083269,0
D_0002272810,0,0.046209,0
D_0002272999,1,0.999800,1
D_0002273713,0,0.052747,0
D_0002273755,0,0.044862,0
D_0002273881,1,0.996558,1
D_0002273965,1,0.989823,1
D_0002274154,0,0.112267,0
D_0002274763,0,0.016180,0
D_0002275288,0,0.005709,0
D_0002275603,1,0.999997,1
D_0002275729,1,0.948536,1
D_0002276212,0,0.016918,0
D_0002276800,1,0.999706,1
D_0002277115,0,0.074328,0
D_0002277157,0,0.079810,0
D_0002277682,1,0.999889,1
D_0002277724,0,0.005844,0
D_0002278081,0,0.023679,0
D_0002278207,1,0.028697,0
D_0002278333,0,0.049522,0
D_0002278417,1,0.999100,1
D_0002278438,0,0.076807,0
D_0002278585,0,0.096092,0
D_0002278900,1,0.999887,1
D_0002279530,1,0.999951,1
D_0002279593,1,0.057123,0
D_0002279614,0,0.012305,0
D_0002279992,1,0.995900,1
D_0002280055,1,0.997202,1
D_0002280286,0,0.180962,0
D_0002280433,0,0.077313,0
D_0002280685,1,0.996291,1
D_0002280853,1,0.990357,1
D_0002280874,1,0.992342,1
D_0002280937,1,0.995807,1
D_0002281147,0,0.034901,0
D_0002281588,1,0.247210,1
D_0002281630,1,0.061150,0
D_0002281966,1,0.996963,1
D_0002282596,0,0.135081,0
D_0002282890,0,0.240438,1
D_0002283121,1,0.997148,1
D_0002283226,1,0.994350,1
D_0002283709,0,0.002700,0
D_0002284045,0,0.045370,0
D_0002284066,1,0.044374,0
D_0002284507,0,0.051096,0
D_0002284528,0,0.039971,0
D_0002284738,1,0.995994,1
D_0002284864,1,0.996434,1
D_0002284885,1,0.983089,1
D_0002285011,1,0.999853,1
D_0002285074,0,0.076410,0
D_0002285116,0,0.051479,0
D_0002285179,1,0.995681,1
D_0002285305,0,0.026965,0
D_0002285704,0,0.029997,0
D_0002285872,1,0.994842,1
D_0002286061,0,0.217087,1
D_0002286250,1,0.993598,1
D_0002286586,1,0.123420,0
D_0002287195,0,0.073535,0
D_0002287720,1,0.996903,1
D_0002287867,0,0.056327,0
D_0002288077,1,0.997055,1
D_0002288119,1,0.992132,1
D_0002288140,1,0.999624,1
D_0002289106,0,0.033720,0
D_0002289526,0,0.009997,0
D_0002289610,0,0.128175,0
D_0002290072,1,0.999930,1
D_0002290219,1,0.992198,1
D_0002290324,0,0.111356,0
D_0002290702,1,0.992537,1
D_0002291122,1,0.075346,0
D_0002291332,1,0.264649,1
D_0002291437,0,0.110475,0
D_0002291710,0,0.103652,0
D_0002291899,1,0.998361,1
D_0002292340,1,0.160384,0
D_0002292424,0,0.093070,0
D_0002292466,0,0.379913,1
D_0002292655,0,0.023918,0
D_0002293138,0,0.057210,0
D_0002293306,0,0.028470,0
D_0002293474,1,0.996473,1
D_0002293747,1,0.999159,1
D_0002294230,1,0.993430,1
D_0002294608,0,0.025393,0
D_0002295091,0,0.059397,0
D_0002295112,0,0.048756,0
D_0002295154,1,0.994590,1
D_0002295553,1,0.999874,1
D_0002295595,1,0.997808,1
D_0002295700,1,0.999978,1
D_0002295721,0,0.030594,0
D_0002295910,1,0.998397,1
D_0002296120,1,0.990651,1
D_0002296309,0,0.041201,0
D_0002296477,1,0.995917,1
D_0002296729,1,0.990670,1
D_0002296813,0,0.102745,0
D_0002297485,1,0.995935,1
D_0002297989,1,0.994468,1
D_0002298451,1,0.161076,0
D_0002298535,1,0.068125,0
D_0002298640,1,0.994302,1
D_0002298661,1,0.155065,0
D_0002298787,1,0.027070,0
D_0002299144,0,0.172454,0
D_0002299480,0,0.000863,0
D_0002299564,1,0.998097,1
D_0002299606,0,0.106309,0
D_0002299753,0,0.004761,0
D_0002299858,0,0.031358,0
D_0002300068,0,0.098314,0
D_0002300299,1,1.000000,1
D_0002300887,1,0.988280,1
D_0002301496,0,0.116215,0
D_0002301685,0,0.115891,0
D_0002302042,1,1.000000,1
D_0002302945,0,0.088526,0
D_0002303743,1,0.998766,1
D_0002303764,0,0.073238,0
D_0002303932,0,0.046440,0
D_0002303974,1,0.990586,1
D_0002304310,0,0.113038,0
D_0002304520,1,0.292284,1
D_0002304625,1,0.999585,1
D_0002304940,1,0.999997,1
D_0002305360,1,0.993569,1
D_0002306704,0,0.274141,1
D_0002307103,1,0.991542,1
D_0002307691,1,0.996090,1
D_0002307943,1,0.995940,1
D_0002308153,1,0.997067,1
D_0002308300,1,0.988494,1
D_0002308762,1,0.999309,1
D_0002309056,1,0.999997,1
D_0002309413,0,0.005380,0
D_0002310064,1,0.999999,1
D_0002310484,0,0.125140,0
D_0002311513,0,0.009876,0
D_0002311660,1,0.999259,1
D_0002311786,1,0.995573,1
D_0002311996,0,0.074461,0
D_0002312059,1,0.996503,1
D_0002312416,1,0.065309,0
D_0002312542,0,0.057655,0
D_0002312563,1,0.992748,1
D_0002312668,1,0.046023,0
D_0002312983,1,0.040716,0
D_0002313403,1,0.988909,1
D_0002313487,1,0.331572,1
D_0002313865,1,0.330434,1
D_0002313886,0,0.052529,0
D_0002314033,1,0.993898,1
D_0002314306,0,0.018506,0
D_0002315083,1,0.982180,1
D_0002315125,0,0.040619,0
D_0002315272,1,0.995950,1
D_0002315461,0,0.161908,0
D_0002315566,1,0.997272,1
D_0002315608,1,0.997310,1
D_0002315629,1,1.000000,1
D_0002316196,0,0.042821,0
D_0002316364,1,0.107846,0
D_0002316511,1,0.999845,1
D_0002316637,0,0.073106,0
D_0002317036,0,0.090358,0
D_0002317078,0,0.069827,0
D_0002317372,0,0.067737,0
D_0002317687,1,0.997862,1
D_0002317813,1,0.850693,1
D_0002317876,0,0.076625,0
D_0002318170,1,0.993179,1
D_0002318212,1,0.995048,1
D_0002318317,1,0.985716,1
D_0002318632,0,0.070550,0
D_0002319157,1,0.991183,1
D_0002319493,0,0.028855,0
D_0002319892,1,0.999895,1
D_0002320018,1,0.997419,1
D_0002320354,1,0.997582,1
D_0002320522,0,0.033973,0
D_0002320732,0,0.115749,0
D_0002321740,1,0.048053,0
D_0002321971,1,0.093513,0
D_0002322097,1,0.998485,1
D_0002322559,1,0.991898,1
D_0002322790,0,0.004217,0
D_0002322937,1,0.994295,1
D_0002323084,1,0.992260,1
D_0002323147,1,0.968671,1
D_0002323567,0,0.027711,0
D_0002323840,1,0.999983,1
D_0002324008,0,0.036954,0
D_0002324092,1,0.993959,1
D_0002324239,0,0.082500,0
D_0002324512,1,0.989102,1
D_0002324617,0,0.076615,0
D_0002324869,0,0.116713,0
D_0002324890,1,0.999369,1
D_0002324974,1,0.993002,1
D_0002325205,1,0.987618,1
D_0002325604,0,0.040989,0
D_0002325625,1,0.995227,1
D_0002326108,1,0.994611,1
D_0002326150,0,0.026823,0
D_0002326591,0,0.081052,0
D_0002326885,1,0.995640,1
D_0002326948,1,0.996078,1
D_0002327872,1,0.998870,1
D_0002329027,1,0.274152,1
D_0002330476,0,0.026115,0
D_0002330791,1,0.998202,1
D_0002330812,0,0.005802,0
D_0002330854,0,0.054480,0
D_0002331463,0,0.224839,1
D_0002331757,0,0.097835,0
D_0002332219,0,0.078033,0
D_0002332513,1,0.989682,1
D_0002333626,1,0.989617,1
D_0002333857,0,0.300875,1
D_0002333962,0,0.041721,0
D_0002334928,1,0.994720,1
D_0002334991,0,0.988161,1
D_0002335201,1,0.988522,1
D_0002335621,1,0.383040,1
D_0002335684,0,0.147042,0
D_0002335747,1,0.993437,1
D_0002336608,0,0.303596,1
D_0002336839,0,0.108394,0
D_0002337175,1,0.999071,1
D_0002337280,1,0.078039,0
D_0002337385,1,0.997199,1
D_0002337469,1,0.990516,1
D_0002337679,1,0.999959,1
D_0002337868,0,0.282746,1
D_0002338246,1,0.994115,1
D_0002338582,0,0.113219,0
D_0002339107,0,0.336129,1
D_0002339233,1,0.996734,1
D_0002339254,0,0.035109,0
D_0002340661,0,0.090154,0
D_0002340682,0,0.144023,0
D_0002340808,1,0.981490,1
D_0002340850,1,0.995615,1
D_0002340913,1,0.988670,1
D_0002340976,0,0.084451,0
D_0002341501,1,0.999482,1
D_0002341669,1,0.999107,1
D_0002342530,0,0.045397,0
D_0002342761,1,0.998860,1
D_0002343181,0,0.039884,0
D_0002343202,1,0.997686,1
D_0002343538,1,0.999710,1
D_0002343685,1,0.974011,1
D_0002343706,1,0.973118,1
D_0002344126,0,0.155852,0
D_0002344756,1,0.995888,1
D_0002345218,0,0.497153,1
D_0002345806,0,0.053819,0
D_0002346709,0,0.026370,0
D_0002347003,0,0.040469,0
D_0002347297,1,0.073061,0
D_0002347339,0,0.108683,0
D_0002348515,0,0.009858,0
D_0002348746,1,0.997832,1
D_0002348767,1,0.119049,0
D_0002349145,1,0.998987,1
D_0002349292,0,0.036157,0
D_0002349691,1,0.995187,1
D_0002349943,0,0.120588,0
D_0002350090,0,0.020144,0
D_0002350258,0,0.204108,1
D_0002350300,1,0.994926,1
D_0002350552,1,0.994553,1
D_0002350699,1,0.994669,1
D_0002350720,0,0.055532,0
D_0002350888,1,0.999978,1
D_0002351266,0,0.614620,1
D_0002351308,0,0.247214,1
D_0002351791,1,0.995115,1
D_0002351812,1,0.999558,1
D_0002351896,1,0.991282,1
D_0002352589,0,0.074689,0
D_0002352610,1,0.984911,1
D_0002353051,0,0.100056,0
D_0002353345,1,0.999701,1
D_0002353408,1,0.879910,1
D_0002353534,0,0.185590,0
D_0002354080,1,0.994311,1
D_0002354647,1,0.201776,1
D_0002354836,1,0.989002,1
D_0002354899,0,0.070512,0
D_0002355004,0,0.028418,0
D_0002355739,0,0.031484,0
D_0002356579,1,0.993358,1
D_0002356726,1,0.999281,1
D_0002356768,0,0.088559,0
D_0002356894,1,0.994408,1
D_0002357041,1,0.999656,1
D_0002357125,0,0.006329,0
D_0002357881,0,0.023187,0
D_0002358343,0,0.011305,0
D_0002358595,0,0.043837,0
D_0002358658,0,0.033884,0
D_0002358805,1,0.996102,1
D_0002358826,1,0.996271,1
D_0002359204,0,0.230046,1
D_0002360317,1,0.995939,1
D_0002360401,0,0.023932,0
D_0002360569,0,0.003420,0
D_0002360632,1,0.996662,1
D_0002361115,0,0.237958,1
D_0002362207,0,0.074367,0
D_0002362396,0,0.058619,0
D_0002362627,0,0.049080,0
D_0002363341,1,1.000000,1
D_0002363614,1,0.998648,1
D_0002363950,0,0.054939,0
D_0002364139,0,0.057119,0
D_0002364349,0,0.037520,0
D_0002364664,0,0.065980,0
D_0002364895,1,0.150707,0
D_0002365105,1,0.986165,1
D_0002365168,0,0.129859,0
D_0002365189,1,1.000000,1
D_0002365315,0,0.060751,0
D_0002365651,1,0.998233,1
D_0002366218,1,0.996362,1
D_0002366974,0,0.340837,1
D_0002367058,1,0.997151,1
D_0002367142,0,0.003044,0
D_0002368066,0,0.056330,0
D_0002368486,1,0.974889,1
D_0002368843,1,0.153006,0
D_0002369221,1,0.999991,1
D_0002369305,1,0.999493,1
D_0002369578,1,0.999220,1
D_0002369977,1,1.000000,1
D_0002370313,1,0.998210,1
D_0002370481,1,0.999999,1
D_0002370670,1,0.995269,1
D_0002370733,1,0.994523,1
D_0002370985,0,0.124984,0
D_0002371258,0,0.139047,0
D_0002371657,0,0.022385,0
D_0002371762,1,0.994782,1
D_0002372161,1,0.141468,0
D_0002372518,1,0.994657,1
D_0002372749,0,0.068996,0
D_0002373694,1,0.997273,1
D_0002373841,1,0.994137,1
D_0002374093,0,0.028666,0
D_0002374135,1,0.988521,1
D_0002374912,1,0.996571,1
D_0002374975,0,0.045549,0
D_0002375164,0,0.066305,0
D_0002376088,1,0.999842,1
D_0002376466,1,0.996406,1
D_0002376949,1,0.999997,1
D_0002377222,1,0.999889,1
D_0002377747,0,0.059340,0
D_0002377957,0,0.029109,0
D_0002377978,0,0.056003,0
D_0002378125,1,0.984998,1
D_0002378524,1,0.999957,1
D_0002378671,1,0.987660,1
D_0002379049,1,0.998302,1
D_0002379175,0,0.038815,0
D_0002379322,1,0.990272,1
D_0002380015,0,0.034015,0
D_0002380183,1,0.990107,1
D_0002380771,1,0.992554,1
D_0002381044,0,0.275365,1
D_0002381632,1,0.999843,1
D_0002381674,0,0.006266,0
D_0002382094,1,0.996476,1
D_0002382262,1,0.997134,1
D_0002383270,0,0.145057,0
D_0002383417,0,0.067160,0
D_0002383963,0,0.063726,0
D_0002384152,0,0.105124,0
D_0002384803,1,0.998752,1
D_0002385160,0,0.080668,0
D_0002386231,1,0.990539,1
D_0002386819,1,0.999388,1
D_0002387008,0,0.081206,0
D_0002387134,1,0.997858,1
D_0002387932,1,0.994386,1
D_0002389297,1,0.996367,1
D_0002389885,1,0.999906,1
D_0002389927,1,0.982243,1
D_0002390053,0,0.050774,0
D_0002390410,0,0.037468,0
D_0002390431,1,0.999997,1
D_0002390578,1,0.998635,1
D_0002390704,0,0.102632,0
D_0002390893,1,0.964039,1
D_0002391544,0,0.059215,0
D_0002391607,0,0.061290,0
D_0002392363,1,0.993375,1
D_0002392615,1,0.994570,1
D_0002392762,1,1.000000,1
D_0002393203,0,0.009197,0
D_0002393791,0,0.120723,0
D_0002394043,0,0.028367,0
D_0002394274,1,0.993079,1
D_0002394337,0,0.012931,0
D_0002394463,0,0.090542,0
D_0002394652,0,0.034887,0
D_0002394946,0,0.056524,0
D_0002395723,1,0.995244,1
D_0002395765,1,0.998656,1
D_0002396164,0,0.113975,0
D_0002396941,1,0.999774,1
D_0002397298,1,0.159261,0
D_0002397361,0,0.021838,0
D_0002397655,1,0.991405,1
D_0002397865,1,0.999631,1
D_0002398117,1,0.997831,1
D_0002398222,1,0.990057,1
D_0002398243,1,0.999516,1
D_0002398285,1,0.996132,1
D_0002398390,0,0.109105,0
D_0002398495,1,0.994676,1
D_0002398810,1,0.996573,1
D_0002398957,1,0.951415,1
D_0002399965,1,0.996817,1
D_0002400805,1,0.991992,1
D_0002400889,0,0.131857,0
D_0002401141,0,0.290252,1
D_0002401162,0,0.022356,0
D_0002401519,0,0.024341,0
D_0002401897,1,0.995358,1
D_0002401918,0,0.082467,0
D_0002402023,0,0.057187,0
D_0002402275,1,0.999879,1
D_0002402506,1,0.986564,1
D_0002403661,0,0.027978,0
D_0002403808,0,0.170885,0
D_0002403934,0,0.063028,0
D_0002404291,1,0.999998,1
D_0002404459,1,0.998283,1
D_0002404858,1,0.996867,1
D_0002405110,1,0.052454,0
D_0002405194,1,0.999905,1
D_0002405236,0,0.022310,0
D_0002405467,1,0.999414,1
D_0002405761,0,0.096762,0
D_0002405824,1,0.991734,1
D_0002406118,1,0.995778,1
D_0002406181,1,0.999966,1
D_0002406223,1,0.999989,1
D_0002406412,1,0.999333,1
D_0002406517,1,0.412912,1
D_0002406622,1,0.998238,1
D_0002406643,1,0.999980,1
D_0002406958,0,0.071629,0
D_0002407315,0,0.025027,0
D_0002407546,0,0.023046,0
D_0002407819,1,0.996471,1
D_0002407861,0,0.108930,0
D_0002407966,0,0.365079,1
D_0002409016,0,0.960711,1
D_0002409142,0,0.195581,1
D_0002409226,0,0.043435,0
D_0002409289,0,0.092600,0
D_0002409982,1,0.999236,1
D_0002410150,1,0.996030,1
D_0002410318,0,0.011895,0
D_0002410696,0,0.040643,0
D_0002411326,0,0.056568,0
D_0002411368,0,0.069596,0
D_0002411578,0,0.017469,0
D_0002411620,0,0.133995,0
D_0002411767,0,0.108006,0
D_0002412418,0,0.005778,0
D_0002413216,1,0.999153,1
D_0002413321,1,0.035216,0
D_0002413531,0,0.149688,0
D_0002413636,0,0.062127,0
D_0002413678,1,0.997957,1
D_0002413867,1,0.996343,1
D_0002414014,1,0.620571,1
D_0002414896,1,0.997451,1
D_0002414980,1,0.975798,1
D_0002415925,1,0.998874,1
D_0002415946,1,0.981292,1
D_0002416177,1,0.992732,1
D_0002416702,1,0.997048,1
D_0002417563,0,0.020679,0
D_0002417626,1,0.995336,1
D_0002417731,0,0.134772,0
D_0002417815,1,0.995567,1
D_0002417941,0,0.086967,0
D_0002418004,1,0.992301,1
D_0002418340,0,0.064208,0
D_0002418739,1,0.999997,1
D_0002418991,0,0.096366,0
D_0002419054,0,0.065738,0
D_0002419138,0,0.017161,0
D_0002419285,1,0.997640,1
D_0002419390,0,0.056326,0
D_0002420062,1,0.989326,1
D_0002422288,0,0.016521,0
D_0002422330,0,0.984934,1
D_0002422897,1,0.993415,1
D_0002423128,0,0.054986,0
D_0002423212,1,0.239117,1
D_0002423590,0,0.044625,0
D_0002423611,0,0.048080,0
D_0002423653,1,0.060970,0
D_0002423821,1,0.999912,1
D_0002423947,0,0.026453,0
D_0002424283,1,1.000000,1
D_0002424388,1,0.995902,1
D_0002424766,1,0.289342,1
D_0002424892,1,0.996021,1
D_0002424913,1,0.982758,1
D_0002425207,0,0.023081,0
D_0002425375,0,0.097197,0
D_0002425711,0,0.136441,0
D_0002426089,1,0.999997,1
D_0002426320,0,0.177676,0
D_0002426761,1,0.999615,1
D_0002427307,1,0.998217,1
D_0002427580,1,0.999969,1
D_0002427853,1,0.995331,1
D_0002428021,1,0.054448,0
D_0002428252,0,0.015450,0
D_0002428861,0,0.175954,0
D_0002429092,1,0.987058,1
D_0002429260,1,0.996365,1
D_0002429617,1,0.986238,1
D_0002429785,1,1.000000,1
D_0002429869,0,0.048631,0
D_0002430436,1,0.316451,1
D_0002430730,1,0.992913,1
D_0002430751,1,0.994753,1
D_0002431423,1,0.990139,1
D_0002431486,1,0.546487,1
D_0002431843,1,0.995722,1
D_0002432431,1,0.999879,1
D_0002432515,0,0.138200,0
D_0002433397,0,0.119295,0
D_0002433754,0,0.178262,0
D_0002433775,1,0.994702,1
D_0002433817,0,0.060551,0
D_0002433901,1,0.046002,0
D_0002433964,1,0.994606,1
D_0002434867,1,0.183460,0
D_0002435623,1,0.992957,1
D_0002435959,1,0.286554,1
D_0002436064,0,0.010296,0
D_0002436463,1,0.999980,1
D_0002436715,0,0.033109,0
D_0002437030,0,0.029851,0
D_0002437093,1,0.999104,1
D_0002437345,0,0.163967,0
D_0002437597,0,0.144534,0
D_0002437723,1,0.996596,1
D_0002437870,0,0.030175,0
D_0002437975,1,0.037902,0
D_0002438080,1,0.444616,1
D_0002438164,1,0.999498,1
D_0002438395,0,0.014867,0
D_0002438416,0,0.067885,0
D_0002438836,0,0.119939,0
D_0002438878,1,0.998139,1
D_0002439193,1,0.999837,1
D_0002439424,1,0.266135,1
D_0002439802,1,0.982533,1
D_0002439823,1,0.992067,1
D_0002440159,1,0.994768,1
D_0002440663,0,0.040903,0
D_0002440789,1,0.084269,0
D_0002440852,1,0.996469,1
D_0002441104,1,0.997969,1
D_0002441167,1,0.995893,1
D_0002441251,1,0.996155,1
D_0002441587,1,0.999782,1
D_0002441671,0,0.034979,0
D_0002442469,0,0.067742,0
D_0002442700,0,0.037882,0
D_0002442868,0,0.016747,0
D_0002443162,1,0.995499,1
D_0002443771,1,0.999943,1
D_0002443834,0,0.030129,0
D_0002443876,0,0.036846,0
D_0002444002,1,0.999385,1
D_0002444506,1,0.391120,1
D_0002444590,0,0.113794,0
D_0002445094,0,0.057266,0
D_0002445430,0,0.017769,0
D_0002446207,1,0.631096,1
D_0002446438,0,0.036112,0
D_0002446606,1,0.992770,1
D_0002447068,1,0.996724,1
D_0002447698,0,0.554623,1
D_0002448181,1,0.999897,1
D_0002448244,1,0.261989,1
D_0002448853,1,0.994602,1
D_0002449315,0,0.051204,0
D_0002449651,0,0.041698,0
D_0002449882,0,0.050553,0
D_0002450239,1,0.993528,1
D_0002450743,1,0.987776,1
D_0002451226,0,0.047520,0
D_0002451247,1,0.997031,1
D_0002451961,0,0.015532,0
D_0002452108,1,0.999951,1
D_0002452192,1,0.999049,1
D_0002452822,1,0.988243,1
D_0002453116,1,1.000000,1
D_0002453620,1,0.985957,1
D_0002453662,1,0.993538,1
D_0002453788,1,0.995696,1
D_0002453830,1,0.999093,1
D_0002453893,1,0.993211,1
D_0002453977,0,0.050429,0
D_0002454586,0,0.018535,0
D_0002454649,1,0.999985,1
D_0002454733,1,0.032807,0
D_0002455258,0,0.009885,0
D_0002455321,0,0.038429,0
D_0002455405,0,0.103264,0
D_0002455426,0,0.052566,0
D_0002456119,1,0.993844,1
D_0002456497,0,0.266253,1
D_0002456749,1,0.997267,1
D_0002456875,0,0.030570,0
D_0002457673,1,0.188412,1
D_0002458114,0,0.026279,0
D_0002458471,0,0.144491,0
D_0002458618,1,0.999265,1
D_0002458828,1,0.994460,1
D_0002459122,1,0.996168,1
D_0002459311,0,0.196937,1
D_0002460151,0,0.042174,0
D_0002460235,1,0.999974,1
D_0002460844,0,0.057445,0
D_0002460991,0,0.089232,0
D_0002461327,0,0.033480,0
D_0002461495,1,0.032554,0
D_0002461663,0,0.099587,0
D_0002462272,1,0.992702,1
D_0002462293,1,0.989586,1
D_0002463637,0,0.013650,0
D_0002463889,1,0.999970,1
D_0002463931,1,0.992477,1
D_0002464267,0,0.217029,1
D_0002464351,1,0.989220,1
D_0002464540,1,0.984725,1
D_0002464582,0,0.025457,0
D_0002464708,1,0.382093,1
D_0002464729,1,0.998078,1
D_0002465674,1,0.152526,0
D_0002465758,1,0.992069,1
D_0002465779,1,0.995985,1
D_0002465800,0,0.090594,0
D_0002465947,1,0.994842,1
D_0002466283,0,0.113623,0
D_0002466325,1,0.999974,1
D_0002466388,1,0.999997,1
D_0002466514,1,0.240838,1
D_0002466535,1,0.999917,1
D_0002466556,1,0.999403,1
D_0002466598,1,0.996961,1
D_0002466808,1,0.999969,1
D_0002466892,0,0.209628,1
D_0002466934,0,0.043954,0
D_0002467060,1,0.999398,1
D_0002467396,0,0.136895,0
D_0002467795,1,0.040807,0
D_0002468005,1,0.128810,0
D_0002468173,0,0.087139,0
D_0002468551,1,0.999327,1
D_0002468614,1,0.996847,1
D_0002468887,0,0.232726,1
D_0002469475,0,0.044720,0
D_0002469496,0,0.107870,0
D_0002469958,0,0.057370,0
D_0002470042,0,0.019610,0
D_0002470672,1,0.984520,1
D_0002471155,1,0.991513,1
D_0002471365,1,0.388206,1
D_0002471869,0,0.007656,0
D_0002472121,0,0.106980,0
D_0002472625,0,0.060353,0
D_0002473087,1,0.157379,0
D_0002473675,1,0.997258,1
D_0002473759,0,0.651008,1
D_0002473801,0,0.009040,0
D_0002474494,1,0.990284,1
D_0002474914,1,0.987110,1
D_0002475124,1,0.999397,1
D_0002475733,0,0.023649,0
D_0002476153,0,0.034721,0
D_0002476237,0,0.007230,0
D_0002476762,0,0.127442,0
D_0002477224,0,0.008762,0
D_0002477308,1,0.998573,1
D_0002477497,1,0.999729,1
D_0002477623,1,0.991059,1
D_0002477791,1,0.981955,1
D_0002478022,1,0.984792,1
D_0002479198,0,0.482700,1
D_0002479324,0,0.011111,0
D_0002479618,0,0.055881,0
D_0002479849,0,0.117912,0
D_0002480206,1,0.990472,1
D_0002480290,1,0.998319,1
D_0002480920,0,0.133059,0
D_0002481130,1,0.999911,1
D_0002481592,1,0.999131,1
D_0002481634,1,0.992547,1
D_0002481718,1,0.938376,1
D_0002482054,1,0.997644,1
D_0002482201,1,0.113720,0
D_0002482516,0,0.070574,0
D_0002482684,1,0.998129,1
D_0002482852,0,0.029874,0
D_0002482936,0,0.743612,1
D_0002483545,0,0.037337,0
D_0002483629,0,0.171042,0
D_0002483818,0,0.041990,0
D_0002484217,0,0.001203,0
D_0002484238,0,0.018158,0
D_0002484658,0,0.025029,0
D_0002484931,1,1.000000,1
D_0002485183,1,0.994392,1
D_0002485435,0,0.079430,0
D_0002485792,0,0.067056,0
D_0002485855,1,0.069938,0
D_0002486212,0,0.114175,0
D_0002487178,1,0.999955,1
D_0002487262,0,0.010216,0
D_0002487388,1,0.128601,0
D_0002487703,1,0.104664,0
D_0002488837,1,0.987548,1
D_0002489194,1,0.999412,1
D_0002489530,1,0.974587,1
D_0002489551,1,0.994827,1
D_0002489656,0,0.027352,0
D_0002490013,1,0.995548,1
D_0002490160,0,0.129524,0
D_0002490769,0,0.063125,0
D_0002491105,0,0.141761,0
D_0002491252,1,0.998309,1
D_0002491462,1,0.082933,0
D_0002491798,0,0.051231,0
D_0002492281,0,0.021291,0
D_0002492575,0,0.071263,0
D_0002492827,0,0.070824,0
D_0002492953,1,0.993556,1
D_0002493205,0,0.023098,0
D_0002493289,0,0.039075,0
D_0002493331,1,0.998164,1
D_0002494486,1,0.990872,1
D_0002494738,0,0.030533,0
D_0002494780,0,0.048526,0
D_0002495872,1,0.995477,1
D_0002496607,1,0.346159,1
D_0002496649,0,0.090949,0
D_0002496922,1,0.992022,1
D_0002498623,1,0.996383,1
D_0002498854,0,0.097872,0
D_0002499421,0,0.272968,1
D_0002499526,0,0.300843,1
D_0002499673,1,0.050998,0
D_0002499883,1,0.999681,1
D_0002500072,0,0.024353,0
D_0002500723,1,0.993697,1
D_0002500870,0,0.005615,0
D_0002500975,0,0.078626,0
D_0002501227,1,0.998232,1
D_0002501773,0,0.959595,1
D_0002502445,1,0.997731,1
D_0002502739,1,0.285303,1
D_0002502865,1,0.999982,1
D_0002503180,0,0.245493,1
D_0002503432,0,0.046659,0
D_0002503642,0,0.078062,0
D_0002503747,0,0.095348,0
D_0002503915,1,0.999334,1
D_0002504062,0,0.043752,0
D_0002504146,1,0.983920,1
D_0002504923,1,0.314786,1
D_0002504986,1,0.993810,1
D_0002505406,1,0.999999,1
D_0002505700,0,0.024356,0
D_0002505784,1,0.987660,1
D_0002506666,1,1.000000,1
D_0002506918,1,0.995952,1
D_0002507044,0,0.095096,0
D_0002507506,0,0.167160,0
D_0002507653,0,0.579601,1
D_0002507821,1,0.984768,1
D_0002507884,0,0.063058,0
D_0002507926,1,0.991075,1
D_0002508052,0,0.066357,0
D_0002508892,0,0.093256,0
D_0002509501,1,0.998531,1
D_0002509711,0,0.040327,0
D_0002510278,1,1.000000,1
D_0002510467,0,0.991076,1
D_0002510530,1,0.992603,1
D_0002510887,1,0.999750,1
D_0002511559,0,0.168413,0
D_0002511580,0,0.089767,0
D_0002511727,1,0.993063,1
D_0002511790,1,0.996074,1
D_0002511916,1,0.994288,1
D_0002512042,1,0.996667,1
D_0002512651,0,0.003716,0
D_0002512840,1,0.072848,0
D_0002512966,1,0.999997,1
D_0002513218,0,0.022913,0
D_0002513449,1,0.991475,1
D_0002513638,1,0.994197,1
D_0002513953,0,0.048144,0
D_0002513995,1,0.995746,1
D_0002514079,1,0.999364,1
D_0002514583,1,0.994045,1
D_0002514625,1,0.994770,1
D_0002515297,1,0.997119,1
D_0002515591,1,0.991704,1
D_0002516830,0,0.026246,0
D_0002516872,1,0.999962,1
D_0002516998,1,0.999904,1
D_0002517040,0,0.049386,0
D_0002517061,0,0.045915,0
D_0002517082,0,0.012821,0
D_0002517628,1,0.999134,1
D_0002517775,0,0.115782,0
D_0002518237,0,0.001044,0
D_0002519371,0,0.050071,0
D_0002519392,0,0.024493,0
D_0002519812,0,0.014791,0
D_0002520232,1,0.999089,1
D_0002520505,0,0.053676,0
D_0002521933,0,0.021300,0
D_0002522416,1,0.999909,1
D_0002522668,1,0.995442,1
D_0002522689,1,0.999931,1
D_0002522815,0,0.169314,0
D_0002522941,0,0.052215,0
D_0002522983,0,0.091748,0
D_0002523550,0,0.023533,0
D_0002523802,1,0.992940,1
D_0002525986,0,0.009417,0
D_0002526133,0,0.996121,1
D_0002526175,1,1.000000,1
D_0002526280,1,0.996834,1
D_0002526343,1,0.999338,1
D_0002526847,0,0.123749,0
D_0002527057,0,0.322658,1
D_0002528590,1,0.998532,1
D_0002528737,1,0.997370,1
D_0002529073,0,0.027501,0
D_0002529451,0,0.033026,0
D_0002529598,0,0.182381,0
D_0002529892,1,0.996344,1
D_0002530081,1,0.986998,1
D_0002530501,1,0.994954,1
D_0002530921,1,0.076921,0
D_0002531194,1,0.986891,1
D_0002531467,0,0.081982,0
D_0002531551,0,0.033397,0
D_0002531929,1,0.998113,1
D_0002532118,1,0.988647,1
D_0002532139,0,0.188973,1
D_0002532223,1,0.046815,0
D_0002532391,1,0.517667,1
D_0002533504,1,0.995287,1
D_0002533609,1,0.081404,0
D_0002533756,1,0.999654,1
D_0002533861,0,0.205782,1
D_0002534344,0,0.079048,0
D_0002535478,1,0.989953,1
D_0002535646,1,0.998821,1
D_0002535709,1,0.999994,1
D_0002536045,1,0.992332,1
D_0002536255,0,0.860829,1
D_0002536675,1,0.999930,1
D_0002536822,1,0.108864,0
D_0002538229,0,0.081233,0
D_0002538250,1,0.998270,1
D_0002538670,0,0.057744,0
D_0002538733,1,0.999645,1
D_0002538796,0,0.075420,0
D_0002539279,1,0.999084,1
D_0002539678,0,0.124694,0
D_0002539909,0,0.104920,0
D_0002539951,1,0.986997,1
D_0002540098,1,0.997040,1
D_0002540203,1,1.000000,1
D_0002540749,0,0.030194,0
D_0002541547,1,0.997545,1
D_0002542261,0,0.057315,0
D_0002542576,1,0.547486,1
D_0002542597,1,0.994606,1
D_0002542912,1,0.995065,1
D_0002543521,1,0.987546,1
D_0002543542,0,0.042891,0
D_0002543668,0,0.017796,0
D_0002543878,1,0.991454,1
D_0002544088,1,0.985076,1
D_0002544382,1,0.990382,1
D_0002545159,0,0.051698,0
D_0002545180,0,0.022061,0
D_0002545348,1,0.052424,0
D_0002545558,1,0.976676,1
D_0002545789,0,0.190323,1
D_0002545957,1,0.999999,1
D_0002546104,0,0.022157,0
D_0002546335,1,0.995953,1
D_0002546650,1,0.981824,1
D_0002546671,0,0.008795,0
D_0002546818,1,0.999956,1
D_0002546881,0,0.049391,0
D_0002547133,1,0.994094,1
D_0002547385,0,0.031415,0
D_0002547574,0,0.032757,0
D_0002547763,1,0.990023,1
D_0002548036,1,0.999675,1
D_0002548435,1,0.999329,1
D_0002549506,1,0.996397,1
D_0002549674,0,0.096471,0
D_0002549695,1,1.000000,1
D_0002549884,1,0.987264,1
D_0002550430,0,0.061143,0
D_0002550556,1,0.999072,1
D_0002550976,1,0.996698,1
D_0002551081,0,0.006635,0
D_0002551165,1,0.991030,1
D_0002551606,1,0.994785,1
D_0002551921,1,0.998784,1
D_0002552215,1,1.000000,1
D_0002552467,1,0.999155,1
D_0002552782,0,0.058011,0
D_0002553433,1,0.987711,1
D_0002553517,0,0.022332,0
D_0002553580,0,0.010871,0
D_0002553895,1,0.996620,1
D_0002553916,1,0.999998,1
D_0002554273,0,0.060177,0
D_0002554357,1,0.998501,1
D_0002554441,1,0.999982,1
D_0002554735,0,0.056086,0
D_0002554882,0,0.144176,0
D_0002554924,1,0.995002,1
D_0002555176,1,0.028816,0
D_0002556583,1,0.993555,1
D_0002557213,1,0.999280,1
D_0002557780,0,0.165582,0
D_0002557990,0,0.029661,0
D_0002558494,0,0.015988,0
D_0002558599,0,0.033664,0
D_0002558620,0,0.109680,0
D_0002558683,1,0.972319,1
D_0002559544,0,0.023373,0
D_0002560111,1,0.991625,1
D_0002560468,0,0.019234,0
D_0002560741,0,0.031446,0
D_0002562820,0,0.018911,0
D_0002563030,0,0.103772,0
D_0002563072,0,0.093740,0
D_0002563366,1,0.998678,1
D_0002563828,0,0.029998,0
D_0002564689,0,0.058733,0
D_0002564941,0,0.015045,0
D_0002565634,1,0.993571,1
D_0002565949,1,0.994631,1
D_0002566264,1,0.993872,1
D_0002567125,1,0.988501,1
D_0002567608,1,0.182157,0
D_0002567671,1,0.996063,1
D_0002568049,0,0.017845,0
D_0002568385,0,0.019437,0
D_0002568658,1,0.994222,1
D_0002569141,0,0.044180,0
D_0002569267,1,0.999630,1
D_0002569393,1,0.998635,1
D_0002569540,1,0.986811,1
D_0002569645,1,0.992947,1
D_0002569687,1,0.997993,1
D_0002570296,1,0.992491,1
D_0002570758,1,0.997054,1
D_0002570884,0,0.046049,0
D_0002571031,0,0.036165,0
D_0002572039,0,0.053021,0
D_0002572060,0,0.063489,0
D_0002572438,1,0.999898,1
D_0002572921,0,0.011289,0
D_0002573488,0,0.016800,0
D_0002573824,0,0.185014,0
D_0002574328,1,0.994302,1
D_0002574748,1,0.999919,1
D_0002574832,1,0.925744,1
D_0002575063,0,0.044517,0
D_0002575084,1,0.994255,1
D_0002575315,0,0.015931,0
D_0002575819,1,0.995623,1
D_0002576575,0,0.088215,0
D_0002576638,1,0.161036,0
D_0002577499,1,1.000000,1
D_0002577604,1,0.973771,1
D_0002578108,1,0.999071,1
D_0002578171,1,0.998924,1
D_0002578318,1,0.994238,1
D_0002578402,0,0.033888,0
D_0002578570,0,0.009861,0
D_0002578759,1,0.992975,1
D_0002579116,0,0.633610,1
D_0002579662,1,0.994133,1
D_0002580481,1,0.999553,1
D_0002580838,1,0.999988,1
D_0002580985,1,0.996115,1
D_0002581153,1,0.011279,0
D_0002581363,1,0.979345,1
D_0002581615,0,0.007411,0
D_0002581741,0,0.044685,0
D_0002583169,1,0.995333,1
D_0002583694,1,0.999209,1
D_0002583736,0,0.028876,0
D_0002584807,1,0.998632,1
D_0002584933,0,0.022112,0
D_0002584975,0,0.018788,0
D_0002585206,0,0.039307,0
D_0002585479,1,0.996329,1
D_0002585563,1,0.994986,1
D_0002585710,0,0.044859,0
D_0002586592,0,0.098373,0
D_0002586697,1,0.997059,1
D_0002587306,1,0.999994,1
D_0002587621,1,0.999317,1
D_0002587789,0,0.044040,0
D_0002587873,0,0.348115,1
D_0002588020,1,0.976881,1
D_0002588776,0,0.078598,0
D_0002589133,0,0.044847,0
D_0002589784,1,0.994400,1
D_0002590918,0,0.226872,1
D_0002591338,1,0.998699,1
D_0002591443,1,0.994961,1
D_0002591506,1,0.990510,1
D_0002591947,1,0.180547,0
D_0002591968,0,0.068006,0
D_0002592136,0,0.093272,0
D_0002592346,1,1.000000,1
D_0002592367,0,0.321064,1
D_0002592745,1,0.998949,1
D_0002592808,1,0.107565,0
D_0002592976,1,0.984277,1
D_0002593312,0,0.006543,0
D_0002593459,0,0.030986,0
D_0002593732,1,0.999268,1
D_0002593900,1,0.999814,1
D_0002594152,1,0.047242,0
D_0002594341,1,0.998779,1
D_0002594908,1,0.999996,1
D_0002595097,1,0.193787,1
D_0002595370,1,0.994110,1
D_0002596105,1,0.999140,1
D_0002597071,0,0.082435,0
D_0002597260,0,0.010879,0
D_0002598205,1,0.999300,1
D_0002598415,0,0.056525,0
D_0002598646,1,0.988979,1
D_0002598814,0,0.217735,1
D_0002598835,0,0.075936,0
D_0002599738,0,0.018611,0
D_0002599801,0,0.105185,0
D_0002599948,1,0.995136,1
D_0002600074,1,0.993022,1
D_0002600116,1,0.057051,0
D_0002600179,0,0.104436,0
D_0002600305,0,0.034246,0
D_0002600557,0,0.050543,0
D_0002600788,1,0.995153,1
D_0002600830,1,0.999793,1
D_0002601145,0,0.059987,0
D_0002601292,0,0.006800,0
D_0002602258,0,0.131263,0
D_0002602804,1,0.999920,1
D_0002603035,1,0.997674,1
D_0002603098,1,0.980703,1
D_0002603392,0,0.052515,0
D_0002604127,1,0.986417,1
D_0002604169,0,0.026971,0
D_0002604862,1,0.994505,1
D_0002604988,0,0.054886,0
D_0002605408,1,0.993168,1
D_0002605492,1,0.995018,1
D_0002605639,0,0.178883,0
D_0002605786,0,0.088962,0
D_0002605975,1,0.998875,1
D_0002606248,1,0.997631,1
D_0002606437,1,1.000000,1
D_0002606521,1,0.999311,1
D_0002606836,1,0.136695,0
D_0002606983,0,0.063579,0
D_0002607046,1,0.999987,1
D_0002607382,1,0.996914,1
D_0002607634,1,0.996519,1
D_0002607823,1,0.986608,1
D_0002607844,1,0.989211,1
D_0002608432,1,0.999990,1
D_0002608474,0,0.148493,0
D_0002608516,1,0.997592,1
D_0002608726,0,0.278321,1
D_0002609104,1,0.991330,1
D_0002609230,0,0.105725,0
D_0002609524,0,0.091453,0
D_0002609734,1,0.999998,1
D_0002610049,0,0.025255,0
D_0002610238,1,0.994140,1
D_0002610301,1,0.987484,1
D_0002610700,1,0.994717,1
D_0002611078,1,0.999848,1
D_0002611141,0,0.190740,1
D_0002611246,1,0.209465,1
D_0002611666,1,0.998340,1
D_0002612569,1,0.996760,1
D_0002613178,1,0.999170,1
D_0002613304,1,0.993383,1
D_0002613745,1,0.999938,1
D_0002613829,0,0.022599,0
D_0002613976,0,0.021499,0
D_0002614081,0,0.043596,0
D_0002614648,1,0.177312,0
D_0002614816,1,0.299897,1
D_0002615068,1,0.116520,0
D_0002615194,1,0.994139,1
D_0002615236,0,0.054122,0
D_0002615446,0,0.095485,0
D_0002615509,1,0.997739,1
D_0002616727,1,0.999332,1
D_0002616790,1,0.996381,1
D_0002616916,1,0.985769,1
D_0002617000,0,0.134791,0
D_0002617714,1,1.000000,1
D_0002618575,0,0.036774,0
D_0002618764,1,0.998154,1
D_0002618932,1,0.999204,1
D_0002619100,1,0.999998,1
D_0002619184,1,0.990945,1
D_0002619373,1,0.995839,1
D_0002619688,0,0.099082,0
D_0002619730,0,0.020713,0
D_0002619751,0,0.056538,0
D_0002620906,1,0.121055,0
D_0002620927,0,0.016052,0
D_0002621935,1,0.999536,1
D_0002622103,0,0.063459,0
D_0002622229,1,0.996002,1
D_0002622565,1,0.974136,1
D_0002623090,1,0.992105,1
D_0002623573,0,0.178001,0
D_0002623615,1,1.000000,1
D_0002624098,0,0.126059,0
D_0002624560,0,0.041799,0
D_0002624686,1,0.999995,1
D_0002624707,0,0.147630,0
D_0002624749,0,0.064117,0
D_0002624938,1,0.994305,1
D_0002624959,1,0.999993,1
D_0002625127,0,0.011998,0
D_0002625253,1,0.999988,1
D_0002625379,0,0.032206,0
D_0002626261,1,0.960951,1
D_0002626303,0,0.025662,0
D_0002626912,1,0.998062,1
D_0002627227,1,0.997922,1
D_0002627269,0,0.046505,0
D_0002627815,1,0.997312,1
D_0002627878,1,0.993656,1
D_0002628235,0,0.052634,0
D_0002628655,1,0.916091,1
D_0002630440,1,0.987662,1
D_0002630545,0,0.010079,0
D_0002630692,1,0.997923,1
D_0002632309,1,0.994782,1
D_0002632561,1,0.981170,1
D_0002632876,1,0.994395,1
D_0002633107,1,0.991346,1
D_0002633212,1,0.992159,1
D_0002633254,0,0.040725,0
D_0002633317,0,0.003665,0
D_0002633737,0,0.012297,0
D_0002634283,1,0.005506,0
D_0002634409,0,0.511994,1
D_0002635711,0,0.020428,0
D_0002635753,1,0.999349,1
D_0002636152,0,0.041084,0
D_0002636320,0,0.036207,0
D_0002636446,0,0.091616,0
D_0002636488,0,0.030572,0
D_0002636803,1,0.997946,1
D_0002637433,1,0.993281,1
D_0002637685,0,0.025682,0
D_0002637979,1,0.991703,1
D_0002638147,0,0.047820,0
D_0002638609,1,0.142517,0
D_0002638672,0,0.066906,0
D_0002638756,1,0.999945,1
D_0002639218,0,0.086020,0
D_0002639281,0,0.875837,1
D_0002639302,0,0.028715,0
D_0002639617,0,0.041933,0
D_0002639701,1,0.981022,1
D_0002639722,0,0.010794,0
D_0002640016,1,0.993592,1
D_0002640415,1,1.000000,1
D_0002640730,1,0.997332,1
D_0002640877,0,0.068659,0
D_0002640961,1,0.997922,1
D_0002640982,1,0.996642,1
D_0002641276,1,0.992381,1
D_0002641633,0,0.013135,0
D_0002641654,1,0.999537,1
D_0002641675,0,0.021636,0
D_0002641717,0,0.152210,0
D_0002641906,0,0.118621,0
D_0002642011,0,0.022768,0
D_0002642074,1,0.996113,1
D_0002642116,0,0.017407,0
D_0002642368,0,0.010157,0
D_0002642578,0,0.097278,0
D_0002643250,1,0.990300,1
D_0002643271,1,0.997687,1
D_0002643355,1,0.990787,1
D_0002643502,0,0.034343,0
D_0002644195,1,0.997735,1
D_0002644321,0,0.007366,0
D_0002644552,1,0.936237,1
D_0002644657,0,0.068444,0
D_0002646967,0,0.088457,0
D_0002647261,1,0.995452,1
D_0002648122,0,0.027547,0
D_0002648227,1,1.000000,1
D_0002648479,1,0.995759,1
D_0002649046,1,0.148758,0
D_0002649193,0,0.029703,0
D_0002649508,1,0.993351,1
D_0002649592,1,0.998576,1
D_0002650012,0,0.023564,0
D_0002650180,1,0.995364,1
D_0002650348,1,0.149087,0
D_0002650600,1,0.997620,1
D_0002650642,1,0.994949,1
D_0002651419,1,1.000000,1
D_0002651545,1,0.995416,1
D_0002651839,0,0.118862,0
D_0002652259,0,0.046763,0
D_0002652280,1,0.997231,1
D_0002652448,1,0.991395,1
D_0002652805,1,0.994574,1
D_0002652847,1,0.999102,1
D_0002653204,1,0.992206,1
D_0002653372,1,0.994269,1
D_0002653519,1,0.992469,1
D_0002653918,1,0.999995,1
D_0002654044,1,0.999551,1
D_0002654380,1,0.996152,1
D_0002654485,1,0.602080,1
D_0002654569,0,0.108118,0
D_0002655031,1,0.995926,1
D_0002655262,0,0.062613,0
D_0002655640,0,0.031808,0
D_0002655766,0,0.114548,0
D_0002656123,1,0.995153,1
D_0002656291,0,0.315786,1
D_0002656333,1,0.994393,1
D_0002656795,0,0.097456,0
D_0002656837,1,0.996571,1
D_0002657236,0,0.092840,0
D_0002657362,0,0.057765,0
D_0002657446,0,0.030788,0
D_0002657467,1,0.995166,1
D_0002657593,0,0.083262,0
D_0002657740,0,0.078884,0
D_0002657992,1,0.999594,1
D_0002659021,1,0.083297,0
D_0002659252,1,0.995814,1
D_0002659462,1,0.977607,1
D_0002659504,1,0.994851,1
D_0002660197,0,0.005951,0
D_0002660722,1,0.996933,1
D_0002660848,1,0.998368,1
D_0002661436,1,0.999957,1
D_0002661478,0,0.078118,0
D_0002661520,1,0.994247,1
D_0002661646,1,0.997163,1
D_0002661877,1,0.095640,0
D_0002662150,0,0.150690,0
D_0002662465,0,0.128638,0
D_0002662507,0,0.060475,0
D_0002662822,1,0.991669,1
D_0002662948,0,0.005256,0
D_0002663074,0,0.129349,0
D_0002663725,1,0.997698,1
D_0002663746,0,0.029488,0
D_0002663767,1,0.984263,1
D_0002664796,1,0.984592,1
D_0002664859,0,0.123442,0
D_0002665195,0,0.148605,0
D_0002665552,0,0.026959,0
D_0002666077,1,0.998135,1
D_0002666917,0,0.072673,0
D_0002667379,0,0.010244,0
D_0002667862,1,0.989633,1
D_0002668030,0,0.020403,0
D_0002668408,0,0.050485,0
D_0002668492,1,0.992022,1
D_0002668807,1,0.998548,1
D_0002669017,1,0.299946,1
D_0002669038,1,0.996321,1
D_0002669794,0,0.048786,0
D_0002669836,0,0.077033,0
D_0002670214,1,0.995714,1
D_0002670865,1,0.999979,1
D_0002670928,0,0.116729,0
D_0002671075,1,0.994384,1
D_0002671117,0,0.409657,1
D_0002671138,0,0.035064,0
D_0002671306,0,0.047515,0
D_0002671432,0,0.041491,0
D_0002671516,1,0.991357,1
D_0002671537,1,0.995147,1
D_0002671579,1,0.998010,1
D_0002671747,0,0.043320,0
D_0002671810,0,0.029510,0
D_0002672356,1,0.997586,1
D_0002672398,1,0.999833,1
D_0002672881,1,0.988903,1
D_0002673931,0,0.058045,0
D_0002674309,0,0.110217,0
D_0002674435,1,0.993126,1
D_0002674834,1,0.994430,1
D_0002675023,0,0.196994,1
D_0002675653,1,0.988421,1
D_0002675779,1,0.999462,1
D_0002676262,0,0.048343,0
D_0002676472,1,0.808123,1
D_0002676535,1,0.999744,1
D_0002676871,1,0.997716,1
D_0002677060,0,0.031734,0
D_0002677123,0,0.025774,0
D_0002677144,1,0.995188,1
D_0002677270,1,0.995296,1
D_0002677417,1,0.570086,1
D_0002678131,0,0.123106,0
D_0002678215,0,0.027461,0
D_0002678593,1,0.992688,1
D_0002678656,1,0.996762,1
D_0002678740,0,0.054654,0
D_0002679202,0,0.034887,0
D_0002679580,0,0.049774,0
D_0002679748,1,0.997652,1
D_0002679958,1,0.996925,1
D_0002680105,0,0.046151,0
D_0002680735,0,0.064622,0
D_0002680819,0,0.109592,0
D_0002680840,1,0.999176,1
D_0002680882,1,0.995462,1
D_0002681155,1,0.991041,1
D_0002681218,0,0.054855,0
D_0002681533,0,0.061569,0
D_0002682100,0,0.014917,0
D_0002682436,0,0.038429,0
D_0002682562,1,0.999997,1
D_0002682604,1,0.999480,1
D_0002683171,1,0.997049,1
D_0002683234,1,0.992855,1
D_0002683486,0,0.038179,0
D_0002684368,0,0.001195,0
D_0002684473,0,0.159316,0
D_0002684536,0,0.017070,0
D_0002684935,0,0.046682,0
D_0002685271,1,0.088888,0
D_0002685292,1,0.084245,0
D_0002685649,1,0.336430,1
D_0002686090,1,0.996898,1
D_0002686153,0,0.044058,0
D_0002686342,0,0.045471,0
D_0002686573,1,0.980308,1
D_0002686594,1,0.996943,1
D_0002686636,0,0.026188,0
D_0002687329,0,0.104541,0
D_0002687434,0,0.164184,0
D_0002688274,1,0.996970,1
D_0002688442,1,0.990497,1
D_0002688673,0,0.062293,0
D_0002688715,0,0.084860,0
D_0002688820,1,0.992860,1
D_0002688967,1,0.998690,1
D_0002689072,1,1.000000,1
D_0002689093,0,0.001092,0
D_0002689576,0,0.020618,0
D_0002689723,1,0.866269,1
D_0002689870,1,0.995122,1
D_0002689912,0,0.041129,0
D_0002689954,0,0.005554,0
D_0002689975,0,0.093306,0
D_0002690059,1,0.993581,1
D_0002690248,0,0.071318,0
D_0002690311,1,0.850215,1
D_0002690626,0,0.090135,0
D_0002690815,0,0.018774,0
D_0002691046,0,0.039265,0
D_0002691781,1,0.993267,1
D_0002692012,1,0.993919,1
D_0002692537,1,0.991709,1
D_0002692873,1,0.994336,1
D_0002692915,1,0.036758,0
D_0002693083,1,0.995738,1
D_0002693545,0,0.079341,0
D_0002693986,0,0.027006,0
D_0002694091,0,0.177456,0
D_0002694259,0,0.141876,0
D_0002694406,0,0.049911,0
D_0002694448,1,0.999826,1
D_0002694994,0,0.057156,0
D_0002695834,1,0.100371,0
D_0002695960,1,0.994981,1
D_0002696443,1,0.999980,1
D_0002696926,1,0.999989,1
D_0002697913,0,0.075376,0
D_0002698102,0,0.022419,0
D_0002698249,0,0.088919,0
D_0002698396,1,0.998462,1
D_0002698627,0,0.008246,0
D_0002698711,1,0.995935,1
D_0002698732,0,0.006519,0
D_0002698858,1,0.995812,1
D_0002699026,0,0.031066,0
D_0002699110,1,0.993543,1
D_0002699614,1,0.998520,1
D_0002700181,0,0.257336,1
D_0002700496,1,0.994169,1
D_0002700874,1,0.135438,0
D_0002701378,1,0.995152,1
D_0002701609,1,0.999918,1
D_0002701798,0,0.441480,1
D_0002701882,1,0.999493,1
D_0002703142,1,0.983810,1
D_0002703835,0,0.055632,0
D_0002703856,0,0.064662,0
D_0002704507,1,0.093791,0
D_0002705032,1,0.999607,1
D_0002705095,0,0.078489,0
D_0002705410,1,0.994154,1
D_0002705662,1,0.993964,1
D_0002706103,1,0.999828,1
D_0002706208,1,0.999993,1
D_0002706250,0,0.045200,0
D_0002706292,0,0.053635,0
D_0002706460,1,0.053113,0
D_0002706628,0,0.017190,0
D_0002706649,1,0.996458,1
D_0002706985,0,0.257554,1
D_0002707006,1,0.999977,1
D_0002708056,0,0.009556,0
D_0002708245,0,0.173721,0
D_0002708497,0,0.060885,0
D_0002708623,0,0.015403,0
D_0002708644,0,0.052951,0
D_0002709316,0,0.001990,0
D_0002709715,1,0.997725,1
D_0002709778,1,1.000000,1
D_0002709925,0,0.197880,1
D_0002710324,1,0.980926,1
D_0002711269,0,0.045565,0
D_0002711458,0,0.313862,1
D_0002711752,1,0.997274,1
D_0002712235,0,0.086179,0
D_0002712361,1,0.998069,1
D_0002712424,0,0.078370,0
D_0002712487,1,0.993569,1
D_0002712970,1,0.998289,1
D_0002713138,1,0.985578,1
D_0002713159,0,0.058004,0
D_0002713390,1,0.998241,1
D_0002713474,1,0.147926,0
D_0002713579,0,0.013052,0
D_0002714251,0,0.033913,0
D_0002714398,1,0.999339,1
D_0002714524,0,0.109790,0
D_0002715049,1,0.996278,1
D_0002715259,0,0.027466,0
D_0002715658,0,0.188118,1
D_0002715700,1,0.986144,1
D_0002716036,1,0.994842,1
D_0002716351,0,0.205316,1
D_0002716372,1,0.997890,1
D_0002716561,1,0.996342,1
D_0002716603,0,0.029241,0
D_0002716834,1,0.983234,1
D_0002717128,1,0.999964,1
D_0002717149,0,0.065551,0
D_0002717527,1,0.986383,1
D_0002717926,1,0.990694,1
D_0002718199,0,0.172953,0
D_0002718241,0,0.036911,0
D_0002718262,1,0.999935,1
D_0002718514,1,0.994264,1
D_0002718535,1,0.990423,1
D_0002718682,1,0.995501,1
D_0002718745,0,0.020649,0
D_0002718808,0,0.095610,0
D_0002718892,1,0.994955,1
D_0002718934,0,0.067903,0
D_0002719144,0,0.097670,0
D_0002719270,0,0.033151,0
D_0002719417,1,0.991138,1
D_0002719522,1,0.181351,0
D_0002719921,0,0.033699,0
D_0002720005,1,0.988972,1
D_0002720215,1,0.980214,1
D_0002720425,0,0.024203,0
D_0002720782,1,0.994885,1
D_0002720887,1,0.993690,1
D_0002720950,1,0.990725,1
D_0002721139,0,0.034955,0
D_0002721559,0,0.040234,0
D_0002721727,0,0.080767,0
D_0002721832,1,0.999993,1
D_0002721874,1,0.994272,1
D_0002722000,1,0.147443,0
D_0002722315,0,0.069604,0
D_0002722378,1,0.990798,1
D_0002722588,1,0.989712,1
D_0002722735,0,0.038203,0
D_0002723008,0,0.440950,1
D_0002723029,1,0.999999,1
D_0002723155,0,0.054655,0
D_0002723428,1,1.000000,1
D_0002723470,0,0.231724,1
D_0002723680,0,0.247529,1
D_0002724184,1,0.098011,0
D_0002724268,1,0.999276,1
D_0002724625,0,0.032933,0
D_0002725213,0,0.079176,0
D_0002725339,0,0.023622,0
D_0002725864,0,0.341985,1
D_0002726116,1,0.999847,1
D_0002726179,1,0.993110,1
D_0002726452,1,0.999707,1
D_0002727565,1,0.991067,1
D_0002728090,1,0.994201,1
D_0002728636,0,0.098266,0
D_0002728678,1,0.987579,1
D_0002728804,1,0.993243,1
D_0002729140,0,0.010929,0
D_0002729203,1,0.992682,1
D_0002729308,1,0.074329,0
D_0002730043,1,0.088904,0
D_0002730589,0,0.038614,0
D_0002730799,1,0.995779,1
D_0002731387,0,0.801769,1
D_0002731702,0,0.040827,0
D_0002731975,0,0.033845,0
D_0002732038,0,0.369541,1
D_0002732647,1,0.991458,1
D_0002732941,1,0.713408,1
D_0002733109,0,0.076939,0
D_0002733487,1,0.999471,1
D_0002733802,1,0.998290,1
D_0002733823,0,0.014172,0
D_0002734117,0,0.013626,0
D_0002734369,1,0.996870,1
D_0002734852,1,0.998958,1
D_0002735020,1,1.000000,1
D_0002735482,0,0.061509,0
D_0002735587,1,0.999239,1
D_0002735776,1,0.999868,1
D_0002735944,1,0.995123,1
D_0002737393,1,0.994124,1
D_0002737561,1,0.997033,1
D_0002737582,1,0.984965,1
D_0002738758,1,0.999667,1
D_0002738779,1,0.994593,1
D_0002738800,0,0.011175,0
D_0002739178,0,0.100335,0
D_0002739577,0,0.044238,0
D_0002740270,1,0.988271,1
D_0002740690,1,0.999100,1
D_0002741509,0,0.085592,0
D_0002741908,1,0.994869,1
D_0002741950,0,0.036521,0
D_0002742160,0,0.042143,0
D_0002742496,0,0.071238,0
D_0002742790,1,0.282247,1
D_0002742811,1,0.998508,1
D_0002743252,0,0.022600,0
D_0002743420,0,0.073026,0
D_0002743651,1,0.997231,1
D_0002743714,0,0.012804,0
D_0002743798,1,0.999281,1
D_0002744407,1,0.993806,1
D_0002744680,0,0.036797,0
D_0002744722,1,0.994825,1
D_0002744869,1,0.997547,1
D_0002746402,0,0.093812,0
D_0002746570,0,0.066951,0
D_0002746591,1,0.147414,0
D_0002746822,1,0.992505,1
D_0002747620,1,0.340450,1
D_0002747641,0,0.140233,0
D_0002748103,1,0.988234,1
D_0002748271,0,0.033268,0
D_0002748334,1,0.995480,1
D_0002748460,1,0.995659,1
D_0002748586,1,0.994979,1
D_0002748775,0,0.031661,0
D_0002749531,1,0.989349,1
D_0002749930,0,0.116187,0
D_0002750266,0,0.081591,0
D_0002750329,0,0.064386,0
D_0002750413,1,0.995425,1
D_0002751022,1,0.982063,1
D_0002751379,0,0.247570,1
D_0002751841,0,0.059284,0
D_0002752555,1,0.995969,1
D_0002752723,0,0.418923,1
D_0002752828,1,0.987161,1
D_0002753038,1,0.999610,1
D_0002753227,1,0.994454,1
D_0002753437,0,0.035762,0
D_0002753710,1,0.986263,1
D_0002753794,0,0.051403,0
D_0002754256,1,0.998003,1
D_0002754298,1,0.974757,1
D_0002754340,0,0.078028,0
D_0002754466,0,0.100288,0
D_0002755159,0,0.051947,0
D_0002755264,1,0.083833,0
D_0002755642,0,0.051899,0
D_0002755663,0,0.149162,0
D_0002756062,0,0.054493,0
D_0002756251,1,0.996921,1
D_0002756272,0,0.323780,1
D_0002757133,0,0.152821,0
D_0002757910,1,0.999945,1
D_0002758162,1,0.056498,0
D_0002758393,1,0.999997,1
D_0002758456,0,0.012471,0
D_0002758624,1,0.990739,1
D_0002758729,1,0.982038,1
D_0002758813,1,0.999768,1
D_0002758834,1,0.992640,1
D_0002759023,0,0.017449,0
D_0002759086,0,0.024945,0
D_0002759212,1,0.997224,1
D_0002759422,0,0.061486,0
D_0002760010,0,0.083101,0
D_0002760451,1,0.995573,1
D_0002760724,1,0.998222,1
D_0002761942,0,0.168553,0
D_0002762026,1,0.170391,0
D_0002762152,0,0.049673,0
D_0002762845,1,0.990671,1
D_0002762950,1,0.178483,0
D_0002763832,1,0.994346,1
D_0002765008,0,0.010560,0
D_0002765029,1,0.162856,0
D_0002765575,0,0.091811,0
D_0002766562,1,0.993265,1
D_0002766646,0,0.078536,0
D_0002766688,1,0.994237,1
D_0002767192,0,0.154784,0
D_0002767213,1,0.999975,1
D_0002767297,0,0.087776,0
D_0002767486,0,0.062970,0
D_0002767906,1,0.993036,1
D_0002768032,1,0.993914,1
D_0002768053,1,0.996645,1
D_0002768746,1,0.999985,1
D_0002769439,0,0.159114,0
D_0002769544,0,0.005567,0
D_0002770279,0,0.014649,0
D_0002770783,1,0.989823,1
D_0002770972,1,0.995499,1
D_0002771308,1,0.999979,1
D_0002771581,0,0.196355,1
D_0002771749,0,0.051954,0
D_0002772631,0,0.094503,0
D_0002772820,1,0.994713,1
D_0002772883,0,0.103950,0
D_0002772946,1,0.989488,1
D_0002773387,1,0.995002,1
D_0002773534,1,0.986731,1
D_0002773702,0,0.210533,1
D_0002773933,1,0.985507,1
D_0002774332,1,0.994445,1
D_0002774437,0,0.041509,0
D_0002774710,1,0.987901,1
D_0002775109,0,0.079533,0
D_0002775193,0,0.203568,1
D_0002775655,1,0.999870,1
D_0002776180,1,0.991934,1
D_0002776495,0,0.013153,0
D_0002776852,0,0.031833,0
D_0002776894,0,0.111238,0
D_0002777566,0,0.049688,0
D_0002777776,1,0.999808,1
D_0002778028,0,0.144155,0
D_0002778469,0,0.043004,0
D_0002778553,0,0.071076,0
D_0002778889,0,0.016985,0
D_0002779162,1,0.996635,1
D_0002779246,1,0.995447,1
D_0002779414,1,0.999981,1
D_0002779540,1,0.991396,1
D_0002779729,1,0.995999,1
D_0002779771,1,1.000000,1
D_0002780128,0,0.090653,0
D_0002780296,1,0.993547,1
D_0002780464,1,0.059273,0
D_0002780527,0,0.060960,0
D_0002780863,1,0.245081,1
D_0002780926,1,0.194148,1
D_0002781115,1,0.997526,1
D_0002781556,0,0.028338,0
D_0002781724,0,0.095071,0
D_0002782018,0,0.031522,0
D_0002782354,1,0.995112,1
D_0002782984,0,0.040204,0
D_0002783614,1,0.997035,1
D_0002783677,1,0.992720,1
D_0002783992,0,0.020279,0
D_0002784034,1,0.074350,0
D_0002784328,0,0.106075,0
D_0002784349,1,0.994700,1
D_0002784391,1,0.107593,0
D_0002784475,1,0.999987,1
D_0002784622,0,0.086965,0
D_0002784790,1,0.989432,1
D_0002784853,0,0.041257,0
D_0002785231,0,0.057687,0
D_0002785294,1,0.999298,1
D_0002785546,1,1.000000,1
D_0002786407,1,0.101616,0
D_0002787184,0,0.991223,1
D_0002788486,1,0.999929,1
D_0002788507,0,0.088124,0
D_0002788864,0,0.064488,0
D_0002789074,0,0.028735,0
D_0002789368,0,0.022272,0
D_0002789893,0,0.125999,0
D_0002790292,1,0.999961,1
D_0002790418,0,0.029638,0
D_0002790481,0,0.980769,1
D_0002790796,0,0.098084,0
D_0002790943,1,0.052427,0
D_0002791363,1,0.181851,0
D_0002791573,1,1.000000,1
D_0002791951,1,0.980271,1
D_0002792098,0,0.020664,0
D_0002792182,1,0.995818,1
D_0002792518,1,0.996875,1
D_0002792581,1,0.989191,1
D_0002792728,0,0.026338,0
D_0002793295,1,0.998880,1
D_0002794303,1,0.993959,1
D_0002794387,1,0.824530,1
D_0002794471,0,0.118580,0
D_0002794723,1,0.991845,1
D_0002795584,1,0.996877,1
D_0002795605,0,0.190133,1
D_0002796088,0,0.064459,0
D_0002796256,0,0.177246,0
D_0002796277,1,0.993988,1
D_0002796319,0,0.199368,1
D_0002796340,0,0.000640,0
D_0002796634,1,0.993632,1
D_0002797600,0,0.014364,0
D_0002797789,1,0.999641,1
D_0002798251,0,0.230691,1
D_0002798377,1,0.990543,1
D_0002798419,1,0.993951,1
D_0002798587,1,0.997313,1
D_0002798692,1,0.988007,1
D_0002798881,0,0.013635,0
D_0002799490,0,0.032333,0
D_0002799553,1,0.994406,1
D_0002799637,1,0.997917,1
D_0002799784,0,0.044331,0
D_0002799889,0,0.128284,0
D_0002800120,0,0.014828,0
D_0002800414,1,0.999926,1
D_0002800456,0,0.038824,0
D_0002801086,1,0.998513,1
D_0002801233,1,0.992509,1
D_0002801296,0,0.085419,0
D_0002801422,0,0.018878,0
D_0002801569,0,0.087975,0
D_0002801863,0,0.013676,0
D_0002802220,1,0.985717,1
D_0002802598,0,0.071906,0
D_0002802619,0,0.037250,0
D_0002803816,1,0.998715,1
D_0002804173,1,0.994034,1
D_0002804278,1,0.991757,1
D_0002804572,1,0.997192,1
D_0002804614,1,0.995518,1
D_0002804992,0,0.040517,0
D_0002805013,0,0.090151,0
D_0002805118,0,0.123653,0
D_0002805202,0,0.047276,0
D_0002805349,1,0.997173,1
D_0002805727,1,0.965349,1
D_0002806000,1,0.997298,1
D_0002806441,0,0.142389,0
D_0002807365,0,0.184357,0
D_0002807743,0,0.113661,0
D_0002808121,0,0.085645,0
D_0002809108,1,0.996032,1
D_0002809150,0,0.043620,0
D_0002809213,0,0.047012,0
D_0002809570,0,0.040078,0
D_0002810137,0,0.122938,0
D_0002810263,1,0.991637,1
D_0002810347,0,0.041796,0
D_0002810557,0,0.182349,0
D_0002810620,1,0.137679,0
D_0002810788,1,0.991349,1
D_0002810872,1,0.999349,1
D_0002811838,1,0.995423,1
D_0002812867,0,0.045275,0
D_0002813077,0,0.083659,0
D_0002813098,1,0.239754,1
D_0002813350,1,0.999839,1
D_0002813833,1,0.990257,1
D_0002813959,1,0.997675,1
D_0002814127,0,0.103408,0
D_0002814211,0,0.094900,0
D_0002814778,1,0.999528,1
D_0002815156,1,0.995177,1
D_0002815891,1,0.184070,0
D_0002816437,1,0.996411,1
D_0002816584,0,0.019923,0
D_0002816815,1,0.997239,1
D_0002817277,1,0.995318,1
D_0002818054,0,0.068829,0
D_0002818306,0,0.295950,1
D_0002818453,0,0.172493,0
D_0002818621,0,0.038505,0
D_0002818705,0,0.067142,0
D_0002818789,1,0.994470,1
D_0002818957,1,1.000000,1
D_0002819923,1,0.134024,0
D_0002820364,0,0.005084,0
D_0002820700,1,0.185064,0
D_0002821015,1,0.040724,0
D_0002821477,1,0.998045,1
D_0002821687,1,0.984115,1
D_0002821939,0,0.053863,0
D_0002822380,1,0.998196,1
D_0002822464,1,0.987703,1
D_0002823178,1,0.999223,1
D_0002823199,0,0.040411,0
D_0002823451,1,0.992782,1
D_0002823682,1,0.999975,1
D_0002823955,0,0.058382,0
D_0002824438,1,0.996194,1
D_0002824501,1,0.996867,1
D_0002824921,0,0.093562,0
D_0002825383,1,0.999922,1
D_0002825614,0,0.054229,0
D_0002825845,0,0.060434,0
D_0002825908,0,0.028749,0
D_0002826076,0,0.040295,0
D_0002826223,1,0.999977,1
D_0002826244,0,0.028198,0
D_0002826433,0,0.132539,0
D_0002826706,1,0.992340,1
D_0002826811,0,0.821651,1
D_0002826874,0,0.182306,0
D_0002827000,1,1.000000,1
D_0002827315,0,0.017684,0
D_0002827399,0,0.105775,0
D_0002827819,1,0.995864,1
D_0002828008,0,0.084230,0
D_0002828827,1,0.168700,0
D_0002829079,1,0.084187,0
D_0002829520,1,0.993967,1
D_0002829562,1,0.354607,1
D_0002829730,1,0.999459,1
D_0002829793,1,0.997865,1
D_0002829940,0,0.031306,0
D_0002830024,0,0.108627,0
D_0002831158,1,0.999938,1
D_0002831473,1,0.988733,1
D_0002831494,0,0.121739,0
D_0002831557,0,0.061431,0
D_0002831851,1,0.987384,1
D_0002832628,0,0.044223,0
D_0002832817,0,0.039523,0
D_0002833216,1,0.994586,1
D_0002833300,0,0.329451,1
D_0002834560,0,0.016792,0
D_0002834728,1,0.999840,1
D_0002834875,0,0.025790,0
D_0002835274,0,0.055647,0
D_0002835904,0,0.001019,0
D_0002836198,1,0.993391,1
D_0002836429,1,0.998473,1
D_0002837101,0,0.007447,0
D_0002837164,1,0.994852,1
D_0002837227,1,0.996347,1
D_0002837542,1,0.993845,1
D_0002837689,0,0.006131,0
D_0002838046,0,0.068371,0
D_0002838193,1,0.995080,1
D_0002838382,1,0.999434,1
D_0002838529,1,1.000000,1
D_0002839138,1,0.995974,1
D_0002839558,1,0.994471,1
D_0002839642,0,0.085644,0
D_0002839747,1,0.115986,0
D_0002840188,1,0.999929,1
D_0002840272,1,0.256478,1
D_0002840461,0,0.062008,0
D_0002840671,1,0.995955,1
D_0002840713,1,1.000000,1
D_0002840776,0,0.025462,0
D_0002840797,1,0.995096,1
D_0002841616,0,0.045084,0
D_0002841763,1,0.031053,0
D_0002842141,1,0.760817,1
D_0002843527,0,0.001527,0
D_0002843779,0,0.019343,0
D_0002844010,0,0.335202,1
D_0002844451,1,0.989678,1
D_0002844766,1,0.988174,1
D_0002844787,0,0.035755,0
D_0002844871,1,0.987849,1
D_0002845018,1,0.228102,1
D_0002845144,0,0.063441,0
D_0002845228,0,0.071531,0
D_0002845396,0,0.072567,0
D_0002845438,1,0.985738,1
D_0002846215,0,0.127540,0
D_0002846509,0,0.098192,0
D_0002846971,1,0.998627,1
D_0002847349,1,0.134621,0
D_0002847475,0,0.115205,0
D_0002847727,0,0.423082,1
D_0002848546,0,0.083923,0
D_0002848714,0,0.028708,0
D_0002850100,1,0.991239,1
D_0002850163,0,0.099276,0
D_0002850205,1,0.999587,1
D_0002850625,1,0.991767,1
D_0002850730,1,0.997976,1
D_0002851444,0,0.098190,0
D_0002851633,1,0.227659,1
D_0002851696,1,0.994957,1
D_0002853145,0,0.033582,0
D_0002853166,1,0.996246,1
D_0002853187,0,0.078598,0
D_0002853418,1,0.988404,1
D_0002853859,1,0.999929,1
D_0002853901,1,0.998187,1
D_0002854279,1,0.993938,1
D_0002854636,1,0.999915,1
D_0002855266,0,0.017782,0
D_0002855371,0,0.257348,1
D_0002855896,0,0.066062,0
D_0002856148,0,0.053143,0
D_0002856190,1,0.911603,1
D_0002856211,0,0.056229,0
D_0002856547,1,0.162275,0
D_0002856988,1,0.989271,1
D_0002857051,0,0.044720,0
D_0002857261,1,0.011573,0
D_0002857597,1,0.996091,1
D_0002857786,1,0.995755,1
D_0002858143,0,0.111936,0
D_0002858542,1,0.995021,1
D_0002859025,0,0.108825,0
D_0002859550,1,0.996134,1
D_0002859865,1,0.991310,1
D_0002859991,1,0.992472,1
D_0002860096,1,0.998311,1
D_0002860621,1,0.991706,1
D_0002860978,1,0.996430,1
D_0002861209,1,0.999904,1
D_0002861314,0,0.052098,0
D_0002861335,1,0.112276,0
D_0002861902,1,0.288879,1
D_0002862763,0,0.351069,1
D_0002863183,0,0.015949,0
D_0002863393,1,0.989881,1
D_0002863876,1,0.999911,1
D_0002863918,1,0.999057,1
D_0002864086,1,0.999041,1
D_0002864212,0,0.016449,0
D_0002864233,0,0.075264,0
D_0002864506,0,0.992421,1
D_0002865010,0,0.056434,0
D_0002865220,0,0.145172,0
D_0002865283,1,0.041647,0
D_0002865598,1,0.214000,1
D_0002866060,0,0.050594,0
D_0002866711,1,0.459205,1
D_0002866942,1,0.995020,1
D_0002867089,0,0.095713,0
D_0002867824,0,0.138931,0
D_0002867950,0,0.092785,0
D_0002868055,0,0.053918,0
D_0002868160,0,0.094472,0
D_0002868517,0,0.012040,0
D_0002868664,0,0.999988,1
D_0002868748,0,0.052748,0
D_0002868895,0,0.051019,0
D_0002869420,1,0.998260,1
D_0002870092,1,0.995069,1
D_0002870155,1,0.996143,1
D_0002870512,0,0.102589,0
D_0002870575,1,0.995755,1
D_0002870806,1,0.999459,1
D_0002870932,1,0.054889,0
D_0002871037,1,0.997501,1
D_0002871142,0,0.223901,1
D_0002871184,0,0.036248,0
D_0002871814,1,0.995903,1
D_0002871856,0,0.149119,0
D_0002872087,1,0.998491,1
D_0002872255,0,0.049347,0
D_0002872759,0,0.111518,0
D_0002873011,0,0.015086,0
D_0002873095,0,0.027462,0
D_0002873494,0,0.040115,0
D_0002874187,1,0.994956,1
D_0002874355,1,1.000000,1
D_0002874460,1,0.988103,1
D_0002874544,1,0.069525,0
D_0002874733,1,0.988554,1
D_0002874922,1,0.124611,0
D_0002875006,1,0.993118,1
D_0002875804,1,0.991702,1
D_0002875909,1,0.999981,1
D_0002876854,0,0.023528,0
D_0002877127,1,0.999529,1
D_0002877169,0,0.041793,0
D_0002877211,1,0.204037,1
D_0002877253,1,0.995221,1
D_0002877715,1,0.999989,1
D_0002878198,1,0.995153,1
D_0002878303,0,0.065860,0
D_0002878471,0,0.052390,0
D_0002878513,1,0.992177,1
D_0002878807,0,0.134499,0
D_0002879332,0,0.124496,0
D_0002879458,1,0.999765,1
D_0002879605,1,0.999998,1
D_0002879731,0,0.033099,0
D_0002881348,0,0.078865,0
D_0002881432,0,0.049515,0
D_0002881453,1,0.994437,1
D_0002881852,1,0.996045,1
D_0002881957,0,0.042585,0
D_0002882209,0,0.039148,0
D_0002882377,0,0.008496,0
D_0002882650,1,0.997945,1
D_0002882671,1,0.994137,1
D_0002883280,0,0.044214,0
D_0002883301,1,0.996563,1
D_0002884162,1,0.866959,1
D_0002884435,0,0.014322,0
D_0002884477,1,0.997490,1
D_0002885149,0,0.339215,1
D_0002885170,1,0.975793,1
D_0002885296,1,0.992283,1
D_0002885464,1,0.995462,1
D_0002885800,0,0.034668,0
D_0002886367,1,0.999663,1
D_0002886577,1,0.997688,1
D_0002886619,1,0.996448,1
D_0002887501,0,0.065354,0
D_0002887795,1,0.837864,1
D_0002888173,0,0.027705,0
D_0002888656,0,0.022065,0
D_0002888698,0,0.102694,0
D_0002888929,0,0.038282,0
D_0002889727,0,0.212874,1
D_0002889748,1,0.999986,1
D_0002889811,0,0.019996,0
D_0002889916,1,1.000000,1
D_0002890546,0,0.026714,0
D_0002890861,0,0.079001,0
D_0002890966,0,0.013591,0
D_0002890987,1,0.992729,1
D_0002891071,0,0.124529,0
D_0002891176,1,0.068658,0
D_0002891197,0,0.045342,0
D_0002891764,0,0.090941,0
D_0002892352,1,0.999452,1
D_0002893318,1,0.999324,1
D_0002893423,1,1.000000,1
D_0002893465,1,0.988276,1
D_0002893591,1,0.026148,0
D_0002893843,1,0.995309,1
D_0002894452,1,0.998235,1
D_0002894536,1,0.996348,1
D_0002895166,0,0.022459,0
D_0002895418,1,0.996124,1
D_0002895712,1,0.988892,1
D_0002896195,1,0.999281,1
D_0002896615,0,0.301510,1
D_0002896783,1,0.992277,1
D_0002896993,1,0.995192,1
D_0002897245,0,0.008862,0
D_0002897413,0,0.001486,0
D_0002897560,0,0.122437,0
D_0002897686,1,0.999995,1
D_0002897854,0,0.127523,0
D_0002897938,1,0.576431,1
D_0002898232,1,0.996642,1
D_0002898358,0,0.036784,0
D_0002898379,1,0.999994,1
D_0002898589,1,0.999925,1
D_0002898778,1,0.997301,1
D_0002899429,1,0.996909,1
D_0002899471,0,0.129778,0
D_0002899828,0,0.153454,0
D_0002900017,1,0.999655,1
D_0002900458,1,0.999820,1
D_0002901088,1,0.996055,1
D_0002901319,1,0.999684,1
D_0002901361,1,0.996204,1
D_0002901529,1,0.994587,1
D_0002902558,1,0.999999,1
D_0002902768,1,0.998889,1
D_0002903146,1,0.998544,1
D_0002903209,1,0.998401,1
D_0002903230,1,0.999900,1
D_0002903377,0,0.027405,0
D_0002903545,1,0.990252,1
D_0002903839,0,0.020433,0
D_0002904637,1,0.998430,1
D_0002904721,1,0.995269,1
D_0002904763,1,0.148410,0
D_0002905477,0,0.012450,0
D_0002905519,1,0.999230,1
D_0002906044,1,0.986150,1
D_0002906086,0,0.003478,0
D_0002906548,1,0.982327,1
D_0002906590,1,0.999997,1
D_0002906737,1,0.992115,1
D_0002906800,1,0.992770,1
D_0002907262,1,0.991561,1
D_0002907325,1,0.207245,1
D_0002907430,0,0.018127,0
D_0002907976,1,0.996715,1
D_0002908081,0,0.068845,0
D_0002908102,0,0.093250,0
D_0002908144,0,0.031455,0
D_0002908501,0,0.027754,0
D_0002908627,0,0.025773,0
D_0002908837,1,0.996189,1
D_0002909005,0,0.182103,0
D_0002909026,0,0.044412,0
D_0002910118,0,0.219161,1
D_0002910286,0,0.130962,0
D_0002910307,1,0.999996,1
D_0002910664,1,0.992252,1
D_0002911315,0,0.083161,0
D_0002911630,0,0.017613,0
D_0002911840,1,0.988708,1
D_0002911861,0,0.025135,0
D_0002912071,1,0.987609,1
D_0002912260,0,0.077624,0
D_0002912743,0,0.074155,0
D_0002912827,0,0.099907,0
D_0002913583,1,0.994149,1
D_0002913625,0,0.028823,0
D_0002913793,0,0.124771,0
D_0002913919,1,0.997231,1
D_0002914717,1,0.999980,1
D_0002914843,0,0.057466,0
D_0002915200,1,0.780225,1
D_0002915305,1,0.989568,1
D_0002915347,0,0.214117,1
D_0002915935,0,0.182253,0
D_0002916670,0,0.023699,0
D_0002917279,0,0.033811,0
D_0002917405,1,1.000000,1
D_0002917426,0,0.094024,0
D_0002917531,0,0.146059,0
D_0002918035,0,0.019230,0
D_0002918098,0,0.030234,0
D_0002918119,1,0.997299,1
D_0002918182,0,0.036974,0
D_0002918224,1,0.997869,1
D_0002918266,0,0.038046,0
D_0002918308,0,0.054552,0
D_0002919085,1,1.000000,1
D_0002919505,1,0.992679,1
D_0002919547,1,0.988269,1
D_0002919631,1,0.166689,0
D_0002920051,1,0.998721,1
D_0002920135,1,0.999008,1
D_0002920156,0,0.041902,0
D_0002920303,1,0.036231,0
D_0002920534,1,0.997460,1
D_0002920576,1,0.995981,1
D_0002920828,1,0.998044,1
D_0002921227,1,0.996207,1
D_0002921437,0,0.012368,0
D_0002921731,1,0.985593,1
D_0002921857,0,0.029308,0
D_0002921941,1,0.993106,1
D_0002922046,1,1.000000,1
D_0002922592,0,0.050266,0
D_0002922865,1,0.998087,1
D_0002922907,1,0.999994,1
D_0002923201,0,0.076146,0
D_0002923306,0,0.030800,0
D_0002923558,0,0.080440,0
D_0002923789,1,0.999126,1
D_0002924020,0,0.038924,0
D_0002924104,1,0.990362,1
D_0002924167,0,0.209545,1
D_0002924839,0,0.047543,0
D_0002925238,1,0.997554,1
D_0002925553,0,0.334231,1
D_0002925616,1,0.997393,1
D_0002925658,0,0.007335,0
D_0002925826,0,0.002802,0
D_0002925868,1,0.994866,1
D_0002925889,0,0.034738,0
D_0002925910,0,0.390111,1
D_0002926267,0,0.043727,0
D_0002926435,0,0.097293,0
D_0002926981,1,0.996324,1
D_0002927002,1,0.997890,1
D_0002927107,1,0.999968,1
D_0002927317,1,0.045040,0
D_0002927569,0,0.042928,0
D_0002927653,1,0.987335,1
D_0002927884,1,0.992568,1
D_0002928304,0,0.035702,0
D_0002928514,1,0.976039,1
D_0002928535,0,0.051656,0
D_0002928577,0,0.053653,0
D_0002928745,1,0.073990,0
D_0002929858,1,0.999725,1
D_0002929879,1,0.998213,1
D_0002930299,1,0.995910,1
D_0002930383,0,0.042318,0
D_0002930656,1,0.993805,1
D_0002930698,1,0.992112,1
D_0002930908,1,0.991895,1
D_0002930971,1,0.141468,0
D_0002931202,1,0.996200,1
D_0002931286,1,0.996452,1
D_0002931328,0,0.062652,0
D_0002931391,1,0.995059,1
D_0002931517,1,0.999685,1
D_0002931559,1,0.998846,1
D_0002933092,1,0.996518,1
D_0002933197,0,0.003326,0
D_0002933365,0,0.029265,0
D_0002933428,0,0.019451,0
D_0002934835,0,0.048341,0
D_0002934856,0,0.090335,0
D_0002935003,1,0.999997,1
D_0002935045,0,0.259690,1
D_0002935129,0,0.102410,0
D_0002935696,0,0.032707,0
D_0002935906,1,0.987423,1
D_0002935927,0,0.034942,0
D_0002936158,1,0.994626,1
D_0002936200,0,0.073359,0
D_0002936578,0,0.098102,0
D_0002936767,1,0.993643,1
D_0002936788,1,0.995123,1
D_0002936872,1,0.890044,1
D_0002937313,1,0.987623,1
D_0002937649,1,0.999885,1
D_0002937670,0,0.082612,0
D_0002937691,1,0.987891,1
D_0002937985,0,0.228405,1
D_0002938426,1,0.994132,1
D_0002938447,1,0.992257,1
D_0002938594,1,0.993554,1
D_0002938993,1,0.998366,1
D_0002939203,1,0.999837,1
D_0002939245,0,0.022507,0
D_0002939371,1,0.979644,1
D_0002939602,1,0.988372,1
D_0002939896,0,0.000658,0
D_0002939917,0,0.024503,0
D_0002940526,0,0.056167,0
D_0002940736,1,0.998204,1
D_0002940883,0,0.202839,1
D_0002941156,0,0.998503,1
D_0002941177,1,0.984897,1
D_0002941303,1,0.995319,1
D_0002941597,1,0.998985,1
D_0002941954,1,0.992183,1
D_0002942269,0,0.714998,1
D_0002942374,0,0.008445,0
D_0002942395,1,0.994268,1
D_0002942584,1,0.991890,1
D_0002942794,0,0.119817,0
D_0002943298,1,0.961838,1
D_0002943319,0,0.824176,1
D_0002943445,0,0.049095,0
D_0002943970,0,0.113140,0
D_0002944243,1,0.992673,1
D_0002944516,0,0.006294,0
D_0002944705,1,0.994622,1
D_0002944852,0,0.005669,0
D_0002944957,1,0.051672,0
D_0002945209,1,0.999942,1
D_0002945230,1,0.986350,1
D_0002945293,1,0.998369,1
D_0002945335,0,0.021847,0
D_0002945461,1,0.997628,1
D_0002945482,0,0.015890,0
D_0002945629,1,0.988857,1
D_0002945755,0,0.036106,0
D_0002945839,1,0.997633,1
D_0002946553,1,0.998263,1
D_0002946616,1,0.998092,1
D_0002946868,0,0.094110,0
D_0002948002,1,0.999859,1
D_0002948296,1,0.986229,1
D_0002948422,0,0.031230,0
D_0002948884,0,0.112825,0
D_0002948968,0,0.091948,0
D_0002949241,0,0.069271,0
D_0002949787,0,0.022871,0
D_0002949808,1,0.994014,1
D_0002950543,0,0.015483,0
D_0002950627,1,1.000000,1
D_0002950690,1,0.992874,1
D_0002950900,1,0.077228,0
D_0002951425,0,0.073722,0
D_0002951677,0,0.071312,0
D_0002951971,0,0.051710,0
D_0002952118,1,0.991315,1
D_0002952874,1,0.999573,1
D_0002953021,1,0.997453,1
D_0002953756,0,0.159199,0
D_0002953777,1,0.986619,1
D_0002954113,1,0.993898,1
D_0002954134,1,0.171210,0
D_0002954260,0,0.016638,0
D_0002954428,0,0.108476,0
D_0002954827,1,0.210709,1
D_0002955247,0,0.002915,0
D_0002955394,1,0.123090,0
D_0002955499,1,0.128138,0
D_0002955856,0,0.030884,0
D_0002956045,1,0.999967,1
D_0002956423,0,0.072246,0
D_0002956444,0,0.195551,1
D_0002956528,1,0.992189,1
D_0002957620,0,0.072042,0
D_0002957956,1,0.999539,1
D_0002957977,0,0.021030,0
D_0002958040,1,0.996747,1
D_0002958124,1,0.991595,1
D_0002958565,1,0.996816,1
D_0002958649,0,0.043488,0
D_0002958922,0,0.046663,0
D_0002959300,1,0.986600,1
T_0000000011,0,0.751299,1
T_0000000021,0,0.082770,0
T_0000000027,1,0.997323,1
T_0000000049,0,0.052440,0
T_0000000052,1,0.992790,1
T_0000000077,1,0.979244,1
T_0000000078,1,0.978806,1
T_0000000101,1,0.999959,1
T_0000000127,0,0.006831,0
T_0000000134,0,0.019429,0
T_0000000153,1,0.543489,1
T_0000000159,1,0.993100,1
T_0000000193,1,0.993263,1
T_0000000221,0,0.058270,0
T_0000000226,1,0.925822,1
T_0000000271,0,0.015970,0
T_0000000281,1,0.993629,1
T_0000000318,0,0.023671,0
T_0000000331,0,0.028966,0
T_0000000345,1,0.041572,0
T_0000000349,1,0.072001,0
T_0000000359,0,0.036748,0
T_0000000375,1,0.995793,1
T_0000000405,0,0.021660,0
T_0000000433,1,0.998987,1
T_0000000443,1,0.985333,1
T_0000000465,0,0.005170,0
T_0000000507,0,0.001446,0
T_0000000521,1,0.989104,1
T_0000000539,0,0.050003,0
T_0000000556,1,0.979672,1
T_0000000566,1,0.993678,1
T_0000000571,0,0.018949,0
T_0000000612,0,0.079606,0
T_0000000634,1,0.992435,1
T_0000000636,1,0.993281,1
T_0000000651,0,0.020444,0
T_0000000661,0,0.048522,0
T_0000000669,1,0.993062,1
T_0000000670,1,0.986982,1
T_0000000691,1,0.728915,1
T_0000000706,1,0.981405,1
T_0000000739,0,0.015675,0
T_0000000760,1,0.993144,1
T_0000000780,1,0.958092,1
T_0000000897,1,0.999151,1
T_0000000906,1,0.988362,1
T_0000000909,1,0.990737,1
T_0000000914,1,0.991370,1
T_0000000961,1,1.000000,1
T_0000001003,1,0.871229,1
T_0000001004,1,0.989226,1
T_0000001063,1,0.999989,1
T_0000001066,1,0.977547,1
T_0000001074,1,0.991989,1
T_0000001076,1,0.996357,1
T_0000001122,1,0.993761,1
T_0000001141,1,0.999226,1
T_0000001144,0,0.061266,0
T_0000001170,1,0.840217,1
T_0000001218,1,0.780315,1
T_0000001232,1,0.987241,1
T_0000001274,1,0.990318,1
T_0000001281,1,0.998551,1
T_0000001301,0,0.043185,0
T_0000001370,0,0.075448,0
T_0000001371,1,0.995581,1
T_0000001387,0,0.017679,0
T_0000001404,0,0.023148,0
T_0000001443,0,0.027349,0
T_0000001465,0,0.023432,0
T_0000001482,1,0.444003,1
T_0000001503,0,0.040901,0
T_0000001507,1,0.968683,1
T_0000001520,0,0.135526,0
T_0000001530,1,0.996940,1
T_0000001540,0,0.023256,0
T_0000001576,1,0.990268,1
T_0000001581,0,0.000859,0
T_0000001604,1,0.976529,1
T_0000001646,0,0.034915,0
T_0000001718,0,0.061639,0
T_0000001722,0,0.017309,0
T_0000001742,1,0.994146,1
T_0000001752,0,0.038989,0
T_0000001769,1,0.228076,1
T_0000001778,1,0.101859,0
T_0000001800,1,0.953057,1
T_0000001804,1,0.994260,1
T_0000001838,1,0.902737,1
T_0000001840,1,0.988681,1
T_0000001908,0,0.061479,0
T_0000001910,1,0.995628,1
T_0000001926,1,0.998869,1
T_0000001947,1,0.993868,1
T_0000001957,0,0.051271,0
T_0000001972,1,0.987530,1
T_0000001975,0,0.103419,0
T_0000001983,1,0.986008,1
T_0000002007,1,0.992613,1
T_0000002012,1,0.974696,1
T_0000002043,1,0.161268,0
T_0000002097,1,0.990602,1
T_0000002140,1,1.000000,1
T_0000002191,0,0.032768,0
T_0000002233,0,0.074947,0
T_0000002278,0,0.037898,0
T_0000002303,1,0.993520,1
T_0000002305,1,0.992836,1
T_0000002351,1,0.990378,1
T_0000002396,1,0.995919,1
T_0000002398,0,0.010489,0
T_0000002429,1,0.980915,1
T_0000002431,0,0.018970,0
T_0000002434,1,0.994368,1
T_0000002458,0,0.059053,0
T_0000002477,0,0.010096,0
T_0000002523,0,0.021459,0
T_0000002558,1,0.999932,1
T_0000002562,0,0.023485,0
T_0000002579,1,0.760136,1
T_0000002584,1,0.999994,1
T_0000002585,0,0.983755,1
T_0000002587,1,0.969826,1
T_0000002590,0,0.028944,0
T_0000002606,0,0.004532,0
T_0000002610,1,0.992662,1
T_0000002615,1,0.823758,1
T_0000002641,0,0.011739,0
T_0000002662,1,0.999919,1
T_0000002663,1,0.997912,1
T_0000002671,0,0.042711,0
T_0000002714,1,0.989608,1
T_0000002730,1,0.101312,0
T_0000002765,1,0.095069,0
T_0000002768,1,0.984202,1
T_0000002770,1,0.996062,1
T_0000002778,1,0.994145,1
T_0000002801,1,0.996525,1
T_0000002895,1,0.997905,1
T_0000002906,1,0.995214,1
T_0000002937,0,0.018571,0
T_0000002941,0,0.422069,1
T_0000002979,1,0.995964,1
T_0000002982,0,0.039043,0
T_0000003032,1,0.992096,1
T_0000003103,1,0.982991,1
T_0000003113,0,0.028900,0
T_0000003137,1,0.967427,1
T_0000003164,0,0.018072,0
T_0000003170,0,0.476699,1
T_0000003235,1,0.994627,1
T_0000003282,1,0.992954,1
T_0000003315,1,0.997694,1
T_0000003330,0,0.007228,0
T_0000003345,0,0.024387,0
T_0000003394,0,0.030677,0
T_0000003402,1,0.997746,1
T_0000003411,1,0.973738,1
T_0000003413,1,0.989918,1
T_0000003424,1,0.988929,1
T_0000003449,0,0.035800,0
T_0000003461,0,0.046058,0
T_0000003471,1,1.000000,1
T_0000003478,1,0.993434,1
T_0000003492,1,0.988475,1
T_0000003514,1,1.000000,1
T_0000003519,1,0.991012,1
T_0000003523,1,0.996744,1
T_0000003542,1,0.984723,1
T_0000003553,1,0.991885,1
T_0000003582,0,0.094869,0
T_0000003689,1,0.976051,1
T_0000003700,1,0.974295,1
T_0000003859,0,0.022297,0
T_0000003884,1,0.992544,1
T_0000003898,1,0.999752,1
T_0000003948,0,0.018445,0
T_0000004023,0,0.030498,0
T_0000004031,1,1.000000,1
T_0000004079,0,0.028083,0
T_0000004085,0,0.025001,0
T_0000004114,1,0.997691,1
T_0000004119,1,0.991707,1
T_0000004189,0,0.001850,0
T_0000004190,1,0.992895,1
T_0000004210,0,0.098421,0
T_0000004240,1,0.995262,1
T_0000004254,0,0.009093,0
T_0000004255,0,0.015127,0
T_0000004293,0,0.009524,0
T_0000004332,1,0.996308,1
T_0000004365,1,0.999997,1
T_0000004366,1,0.997373,1
T_0000004423,1,0.993801,1
T_0000004475,1,0.133060,0
T_0000004479,0,0.069174,0
T_0000004516,0,0.048581,0
T_0000004517,0,0.010552,0
T_0000004587,1,0.992693,1
T_0000004624,1,0.984700,1
T_0000004627,1,0.999112,1
T_0000004684,1,0.994235,1
T_0000004720,1,0.995872,1
T_0000004732,1,0.965170,1
T_0000004749,0,0.052108,0
T_0000004760,1,0.988628,1
T_0000004765,1,0.993055,1
T_0000004766,1,0.891867,1
T_0000004798,1,0.999746,1
T_0000004863,1,0.995363,1
T_0000004889,1,0.991985,1
T_0000004914,1,0.990079,1
T_0000004919,0,0.005317,0
T_0000004936,1,0.112319,0
T_0000004946,1,0.985295,1
T_0000005017,1,0.995795,1
T_0000005024,1,0.880633,1
T_0000005040,1,0.337774,1
T_0000005041,0,0.143315,0
T_0000005052,0,0.003226,0
T_0000005106,1,0.999992,1
T_0000005151,1,0.998412,1
T_0000005152,1,0.992713,1
T_0000005173,1,0.981194,1
T_0000005192,1,0.025554,0
T_0000005216,0,0.078962,0
T_0000005224,1,0.999913,1
T_0000005233,1,0.989925,1
T_0000005271,0,0.151289,0
T_0000005284,0,0.016568,0
T_0000005345,0,0.010094,0
T_0000005359,1,0.994971,1
T_0000005374,1,0.814429,1
T_0000005406,0,0.009113,0
T_0000005409,0,0.026337,0
T_0000005450,1,0.673470,1
T_0000005478,1,0.995564,1
T_0000005506,0,0.054833,0
T_0000005507,0,0.019033,0
T_0000005519,1,0.988388,1
T_0000005570,0,0.005780,0
T_0000005586,1,0.989507,1
T_0000005593,1,0.985919,1
T_0000005616,1,0.991284,1
T_0000005663,0,0.011648,0
T_0000005668,1,0.989291,1
T_0000005679,1,0.994910,1
T_0000005691,1,0.993061,1
T_0000005722,0,0.012201,0
T_0000005735,0,0.019525,0
T_0000005738,0,0.021370,0
T_0000005750,1,0.996288,1
T_0000005760,1,0.992825,1
T_0000005768,1,0.217092,1
T_0000005803,0,0.024149,0
T_0000005806,1,0.993566,1
T_0000005809,1,0.933516,1
T_0000005837,1,0.968717,1
T_0000005844,1,0.995199,1
T_0000005855,0,0.022552,0
T_0000005878,1,0.967626,1
T_0000005907,1,0.989776,1
T_0000005935,0,0.555632,1
T_0000005941,0,0.010368,0
T_0000005972,1,0.993011,1
T_0000005977,1,0.994831,1
T_0000006004,1,0.980347,1
T_0000006014,0,0.063156,0
T_0000006034,1,0.979084,1
T_0000006052,0,0.098779,0
T_0000006054,0,0.326368,1
T_0000006061,0,0.021327,0
T_0000006083,1,0.264490,1
T_0000006103,1,0.995133,1
T_0000006109,0,0.008695,0
T_0000006155,1,0.994575,1
T_0000006163,1,0.996619,1
T_0000006172,1,0.686480,1
T_0000006178,1,0.989088,1
T_0000006179,1,0.516876,1
T_0000006194,0,0.006509,0
T_0000006201,1,0.987838,1
T_0000006203,1,0.989378,1
T_0000006218,1,0.994129,1
T_0000006239,1,0.999996,1
T_0000006250,1,0.158013,0
T_0000006265,1,0.987074,1
T_0000006290,0,0.067268,0
T_0000006310,0,0.006673,0
T_0000006352,1,0.981918,1
T_0000006362,0,0.025490,0
T_0000006442,0,0.004260,0
T_0000006446,1,1.000000,1
T_0000006461,1,0.064179,0
T_0000006462,0,0.019696,0
T_0000006480,1,1.000000,1
T_0000006491,1,0.997416,1
T_0000006500,1,0.999849,1
T_0000006528,1,0.994453,1
T_0000006540,1,0.994634,1
T_0000006549,1,0.990214,1
T_0000006575,1,0.995647,1
T_0000006588,1,0.976543,1
T_0000006594,0,0.033858,0
T_0000006619,0,0.007044,0
T_0000006667,1,0.999554,1
T_0000006673,1,0.993841,1
T_0000006724,1,0.987189,1
T_0000006730,0,0.005645,0
T_0000006763,0,0.008044,0
T_0000006771,1,0.999929,1
T_0000006773,0,0.014329,0
T_0000006784,1,0.999829,1
T_0000006794,0,0.045148,0
T_0000006817,1,0.981228,1
T_0000006866,1,0.945329,1
T_0000006881,1,0.994992,1
T_0000006915,1,0.087122,0
T_0000006952,1,0.990661,1
T_0000006998,0,0.027053,0
T_0000007040,1,0.990936,1
T_0000007070,1,0.999356,1
T_0000007081,1,0.992545,1
T_0000007113,0,0.010468,0
T_0000007122,1,1.000000,1
T_0000007130,1,0.991031,1
T_0000007139,0,0.023044,0
T_0000007150,0,0.014625,0
T_0000007166,0,0.032888,0
T_0000007172,0,0.074618,0
T_0000007201,1,0.942181,1
T_0000007205,1,0.991949,1
T_0000007212,1,0.992904,1
T_0000007260,1,0.973369,1
T_0000007281,1,0.983204,1
T_0000007289,1,0.995765,1
T_0000007291,1,0.978766,1
T_0000007301,1,0.985835,1
T_0000007306,1,0.300381,1
T_0000007323,1,0.999963,1
T_0000007329,1,0.999611,1
T_0000007380,1,0.986989,1
T_0000007394,1,0.888754,1
T_0000007408,1,0.996579,1
T_0000007409,0,0.042711,0
T_0000007458,1,0.952336,1
T_0000007467,0,0.026811,0
T_0000007469,1,0.989106,1
T_0000007490,0,0.027754,0
T_0000007509,1,0.966514,1
T_0000007524,1,0.993620,1
T_0000007544,1,0.992646,1
T_0000007557,0,0.085619,0
T_0000007602,0,0.092066,0
T_0000007604,1,0.993148,1
T_0000007606,1,0.988939,1
T_0000007634,0,0.076613,0
T_0000007643,0,0.041338,0
T_0000007654,0,0.074251,0
T_0000007668,1,0.988163,1
T_0000007694,0,0.012612,0
T_0000007721,1,0.999874,1
T_0000007753,1,0.987198,1
T_0000007788,1,0.971769,1
T_0000007794,1,0.993272,1
T_0000007815,1,0.999362,1
T_0000007849,1,0.994553,1
T_0000007874,1,0.994930,1
T_0000007911,1,0.028372,0
T_0000007921,1,0.994837,1
T_0000007928,1,0.565454,1
T_0000007964,1,0.992345,1
T_0000007996,1,0.995620,1
T_0000008011,1,0.971731,1
T_0000008013,0,0.012113,0
T_0000008017,1,0.992942,1
T_0000008028,1,0.999992,1
T_0000008076,1,0.995784,1
T_0000008083,0,0.030177,0
T_0000008084,0,0.044290,0
T_0000008171,1,0.998013,1
T_0000008215,1,0.990369,1
T_0000008230,1,0.992257,1
T_0000008257,0,0.019985,0
T_0000008258,1,0.960383,1
T_0000008273,0,0.086093,0
T_0000008290,0,0.179506,0
T_0000008350,1,0.995093,1
T_0000008472,1,0.994541,1
T_0000008490,0,0.014276,0
T_0000008491,1,0.982195,1
T_0000008521,0,0.014050,0
T_0000008532,1,0.998272,1
T_0000008550,1,0.913052,1
T_0000008558,1,0.999997,1
T_0000008560,0,0.002528,0
T_0000008561,0,0.046766,0
T_0000008599,1,0.980824,1
T_0000008601,1,0.993246,1
T_0000008620,1,0.993671,1
T_0000008642,1,0.996523,1
T_0000008645,0,0.014048,0
T_0000008696,0,0.025506,0
T_0000008715,1,0.964059,1
T_0000008756,0,0.041569,0
T_0000008793,1,0.999933,1
T_0000008823,1,0.183997,0
T_0000008830,1,0.985286,1
T_0000008856,0,0.010629,0
T_0000008862,1,0.971313,1
T_0000008878,1,0.997501,1
T_0000008889,1,0.987440,1
T_0000008893,0,0.004498,0
T_0000008894,1,0.994114,1
T_0000008902,1,0.968064,1
T_0000008952,1,1.000000,1
T_0000008993,1,0.394099,1
T_0000009005,1,0.955029,1
T_0000009030,0,0.001539,0
T_0000009091,1,0.969877,1
T_0000009108,0,0.009933,0
T_0000009148,1,0.974004,1
T_0000009158,0,0.020586,0
T_0000009166,0,0.009443,0
T_0000009213,1,0.036879,0
T_0000009218,0,0.020970,0
T_0000009222,1,0.996804,1
T_0000009223,1,0.993386,1
T_0000009245,1,0.999990,1
T_0000009258,1,0.991854,1
T_0000009373,0,0.004798,0
T_0000009410,1,0.993526,1
T_0000009427,0,0.031844,0
T_0000009434,0,0.014760,0
T_0000009487,1,0.981026,1
T_0000009503,1,0.921665,1
T_0000009504,1,0.996400,1
T_0000009519,0,0.014560,0
T_0000009585,0,0.056425,0
T_0000009600,1,0.987984,1
T_0000009614,1,0.999995,1
T_0000009620,1,0.995620,1
T_0000009650,1,0.998506,1
T_0000009675,1,0.856037,1
T_0000009676,1,0.998165,1
T_0000009678,1,0.993364,1
T_0000009699,1,0.993365,1
T_0000009701,1,0.995886,1
T_0000009716,0,0.055027,0
T_0000009731,1,0.975456,1
T_0000009815,0,0.034443,0
T_0000009905,1,0.994790,1
T_0000009939,1,0.995921,1
T_0000009953,0,0.022612,0
T_0000009970,0,0.006817,0
T_0000010019,1,0.178481,0
T_0000010021,1,0.996670,1
T_0000010034,1,0.924679,1
T_0000010035,1,0.854471,1
T_0000010043,0,0.044469,0
T_0000010045,1,0.989685,1
T_0000010080,0,0.037216,0
T_0000010116,1,0.981659,1
T_0000010120,0,0.027353,0
T_0000010192,1,0.989983,1
T_0000010200,1,0.996876,1
T_0000010227,0,0.040428,0
T_0000010233,1,0.917162,1
T_0000010235,1,0.212464,1
T_0000010243,0,0.018302,0
T_0000010328,1,0.983997,1
T_0000010342,1,0.954830,1
T_0000010352,1,0.997834,1
T_0000010401,0,0.034707,0
T_0000010403,1,0.986720,1
T_0000010407,1,0.985961,1
T_0000010417,0,0.032132,0
T_0000010436,0,0.042934,0
T_0000010472,1,0.989347,1
T_0000010494,0,0.036330,0
T_0000010501,1,0.197348,1
T_0000010512,1,0.992346,1
T_0000010568,1,0.996181,1
T_0000010605,1,0.993802,1
T_0000010623,0,0.024275,0
T_0000010648,0,0.051432,0
T_0000010664,0,0.006259,0
T_0000010685,1,0.994960,1
T_0000010691,0,0.011425,0
T_0000010706,1,0.505980,1
T_0000010708,0,0.007344,0
T_0000010732,1,0.984556,1
T_0000010746,1,0.996409,1
T_0000010793,0,0.021023,0
T_0000010813,0,0.034077,0
T_0000010814,0,0.059010,0
T_0000010822,1,0.993380,1
T_0000010824,1,0.859222,1
T_0000010833,1,0.999601,1
T_0000010857,1,0.820642,1
T_0000010885,1,0.980070,1
T_0000010920,1,0.211860,1
T_0000010951,0,0.032945,0
T_0000010976,0,0.037258,0
T_0000010988,1,0.829180,1
T_0000010993,0,0.006092,0
T_0000011000,0,0.020893,0
T_0000011017,1,0.994438,1
T_0000011023,0,0.051662,0
T_0000011041,1,0.990118,1
T_0000011048,1,0.970667,1
T_0000011058,1,0.994795,1
T_0000011098,1,0.995700,1
T_0000011100,1,0.992062,1
T_0000011106,1,0.987860,1
T_0000011114,1,0.991542,1
T_0000011121,1,0.987390,1
T_0000011165,0,0.130640,0
T_0000011177,1,0.995138,1
T_0000011192,0,0.060169,0
T_0000011224,1,0.994925,1
T_0000011227,0,0.077922,0
T_0000011250,0,0.043344,0
T_0000011263,0,0.005386,0
T_0000011275,1,0.995375,1
T_0000011319,1,0.998162,1
T_0000011322,1,0.995069,1
T_0000011394,0,0.026777,0
T_0000011407,0,0.010584,0
T_0000011441,1,0.937987,1
T_0000011449,1,0.990812,1
T_0000011512,0,0.038559,0
T_0000011522,1,0.995710,1
T_0000011570,0,0.004314,0
T_0000011574,1,0.990084,1
T_0000011590,0,0.029558,0
T_0000011595,0,0.016107,0
T_0000011605,1,0.999383,1
T_0000011652,1,0.998485,1
T_0000011731,1,0.990146,1
T_0000011779,1,0.978763,1
T_0000011794,0,0.033499,0
T_0000011960,1,0.996145,1
T_0000011963,1,0.997387,1
T_0000011970,1,0.986113,1
T_0000011998,1,1.000000,1
T_0000011999,0,0.011496,0
T_0000012051,1,0.101857,0
T_0000012059,1,0.025424,0
T_0000012065,1,0.980943,1
T_0000012073,0,0.006517,0
T_0000012083,1,0.436369,1
T_0000012086,1,0.992393,1
T_0000012123,0,0.018469,0
T_0000012146,1,0.994387,1
T_0000012147,1,0.996009,1
T_0000012224,1,0.993680,1
T_0000012242,1,0.988149,1
T_0000012268,0,0.115900,0
T_0000012331,1,0.990101,1
T_0000012377,0,0.022088,0
T_0000012454,1,0.997128,1
T_0000012502,0,0.029876,0
T_0000012514,1,0.996608,1
T_0000012553,0,0.010033,0
T_0000012558,1,0.998150,1
T_0000012567,0,0.067931,0
T_0000012573,1,0.999930,1
T_0000012577,1,0.999059,1
T_0000012578,0,0.022305,0
T_0000012655,1,0.995415,1
T_0000012668,1,0.080610,0
T_0000012673,1,0.998342,1
T_0000012676,1,0.979935,1
T_0000012689,1,0.965258,1
T_0000012721,0,0.037341,0
T_0000012729,0,0.050410,0
T_0000012737,1,0.109534,0
T_0000012762,1,0.979516,1
T_0000012779,1,0.214505,1
T_0000012781,1,0.992565,1
T_0000012788,1,0.992255,1
T_0000012796,1,0.979397,1
T_0000012803,0,0.015139,0
T_0000012808,0,0.016971,0
T_0000012860,1,0.958702,1
T_0000012904,1,0.993688,1
T_0000012917,1,0.996157,1
T_0000012923,1,0.125480,0
T_0000012924,1,0.991472,1
T_0000012990,0,0.047621,0
T_0000013029,1,0.985609,1
T_0000013035,1,1.000000,1
T_0000013102,0,0.016846,0
T_0000013104,1,0.850474,1
T_0000013116,0,0.036495,0
T_0000013119,0,0.014505,0
T_0000013125,1,0.989751,1
T_0000013170,1,0.999319,1
T_0000013173,1,0.991919,1
T_0000013176,0,0.021202,0
T_0000013206,0,0.037347,0
T_0000013247,0,0.017849,0
T_0000013333,0,0.018772,0
T_0000013344,1,0.991894,1
T_0000013363,0,0.015226,0
T_0000013456,1,0.986944,1
T_0000013536,1,0.964754,1
T_0000013548,0,0.002747,0
T_0000013556,1,1.000000,1
T_0000013561,1,0.995547,1
T_0000013583,1,0.987941,1
T_0000013589,0,0.054521,0
T_0000013598,1,0.992698,1
T_0000013641,1,0.980726,1
T_0000013664,1,0.999925,1
T_0000013691,1,0.978270,1
T_0000013697,0,0.068553,0
T_0000013698,1,0.893188,1
T_0000013702,0,0.002238,0
T_0000013734,1,0.983026,1
T_0000013798,1,0.995637,1
T_0000013816,0,0.001880,0
T_0000013818,1,0.994156,1
T_0000013856,1,0.175209,0
T_0000013864,0,0.064506,0
T_0000013883,0,0.018949,0
T_0000013912,1,0.988027,1
T_0000013943,1,0.987096,1
T_0000013966,0,0.027735,0
T_0000013998,1,0.986553,1
T_0000014033,0,0.011348,0
T_0000014035,1,0.987900,1
T_0000014044,1,0.993597,1
T_0000014068,1,0.995090,1
T_0000014073,1,0.999813,1
T_0000014082,0,0.040042,0
T_0000014101,1,0.994327,1
T_0000014121,0,0.073122,0
T_0000014148,1,1.000000,1
T_0000014159,0,0.030840,0
T_0000014176,1,0.982208,1
T_0000014201,1,1.000000,1
T_0000014215,0,0.010826,0
T_0000014217,1,0.991780,1
T_0000014238,1,0.149099,0
T_0000014259,0,0.034167,0
T_0000014326,0,0.221027,1
T_0000014365,1,0.753518,1
T_0000014369,1,0.529436,1
T_0000014393,1,0.994749,1
T_0000014460,1,0.994191,1
T_0000014486,0,0.005181,0
T_0000014498,1,0.994957,1
T_0000014510,1,0.985961,1
T_0000014564,0,0.019485,0
T_0000014620,1,0.999999,1
T_0000014637,1,0.977562,1
T_0000014639,0,0.019685,0
T_0000014649,1,0.997570,1
T_0000014654,1,0.094251,0
T_0000014671,0,0.020833,0
T_0000014751,1,0.984605,1
T_0000014763,1,0.218889,1
T_0000014772,1,0.991505,1
T_0000014779,1,0.995754,1
T_0000014821,1,0.993649,1
T_0000014835,1,0.999791,1
T_0000014842,1,0.992909,1
T_0000014903,1,0.995494,1
T_0000014949,1,0.985851,1
T_0000014952,1,0.088447,0
T_0000014976,1,0.995535,1
T_0000015001,1,0.994179,1
T_0000015003,1,0.997858,1
T_0000015020,0,0.075036,0
T_0000015030,1,0.996989,1
T_0000015035,1,0.994483,1
T_0000015064,1,0.995311,1
T_0000015076,0,0.033920,0
T_0000015083,1,0.970447,1
T_0000015160,0,0.194216,1
T_0000015167,1,0.994162,1
T_0000015172,1,0.999992,1
T_0000015188,1,0.993695,1
T_0000015299,1,0.999862,1
T_0000015332,1,0.967184,1
T_0000015340,1,0.998767,1
T_0000015360,1,0.988885,1
T_0000015409,1,0.992429,1
T_0000015418,0,0.059383,0
T_0000015452,0,0.024206,0
T_0000015465,1,0.996374,1
T_0000015496,0,0.012520,0
T_0000015560,1,0.998437,1
T_0000015597,1,0.985995,1
T_0000015674,0,0.013022,0
T_0000015694,0,0.017082,0
T_0000015710,1,0.994171,1
T_0000015713,0,0.021323,0
T_0000015714,1,0.996661,1
T_0000015715,1,0.991643,1
T_0000015722,1,0.994176,1
T_0000015731,1,0.992788,1
T_0000015744,0,0.054731,0
T_0000015745,0,0.007266,0
T_0000015767,0,0.031891,0
T_0000015770,1,0.979607,1
T_0000015794,1,0.992484,1
T_0000015825,1,1.000000,1
T_0000015838,0,0.020946,0
T_0000015845,0,0.039341,0
T_0000015851,0,0.075294,0
T_0000015883,1,0.989487,1
T_0000015921,1,0.975827,1
T_0000015936,1,0.814851,1
T_0000015972,0,0.077240,0
T_0000015984,1,0.986192,1
T_0000015993,1,0.440669,1
T_0000015998,0,0.106043,0
T_0000016008,1,0.431673,1
T_0000016011,0,0.111781,0
T_0000016030,0,0.013069,0
T_0000016043,0,0.010869,0
T_0000016055,0,0.069769,0
T_0000016062,1,0.996191,1
T_0000016080,0,0.024178,0
T_0000016082,0,0.053765,0
T_0000016163,1,0.984631,1
T_0000016197,1,0.976079,1
T_0000016242,0,0.106240,0
T_0000016251,1,0.997592,1
T_0000016275,1,0.999989,1
T_0000016280,1,0.995269,1
T_0000016283,0,0.019823,0
T_0000016312,1,0.995326,1
T_0000016317,1,0.992414,1
T_0000016355,1,0.990990,1
T_0000016375,0,0.005250,0
T_0000016401,0,0.030882,0
T_0000016405,1,0.960040,1
T_0000016409,1,0.973546,1
T_0000016426,0,0.020232,0
T_0000016568,1,0.833995,1
T_0000016611,0,0.061207,0
T_0000016626,0,0.018559,0
T_0000016634,1,0.989909,1
T_0000016679,0,0.024326,0
T_0000016693,1,0.927689,1
T_0000016710,1,1.000000,1
T_0000016740,0,0.033174,0
T_0000016751,1,0.991163,1
T_0000016807,1,0.052734,0
T_0000016830,1,0.994812,1
T_0000016843,1,0.982730,1
T_0000016870,1,0.996680,1
T_0000016887,0,0.662307,1
T_0000016909,0,0.046185,0
T_0000016912,1,0.970621,1
T_0000016916,1,0.992320,1
T_0000016969,1,0.989209,1
T_0000016989,1,0.983976,1
T_0000017000,1,0.999999,1
T_0000017059,1,0.996603,1
T_0000017065,1,0.104812,0
T_0000017082,0,0.003415,0
T_0000017090,1,0.993412,1
T_0000017091,1,0.126695,0
T_0000017137,1,0.990214,1
T_0000017201,1,1.000000,1
T_0000017219,1,0.183976,0
T_0000017258,1,0.993082,1
T_0000017259,0,0.041005,0
T_0000017272,1,0.991666,1
T_0000017297,0,0.070704,0
T_0000017324,1,0.990194,1
T_0000017326,0,0.012335,0
T_0000017336,1,0.983936,1
T_0000017337,1,0.996875,1
T_0000017343,1,0.981543,1
T_0000017347,1,0.524724,1
T_0000017349,1,0.999971,1
T_0000017366,1,0.987426,1
T_0000017380,1,0.987630,1
T_0000017422,0,0.009821,0
T_0000017442,1,0.997321,1
T_0000017463,0,0.054253,0
T_0000017491,1,0.982730,1
T_0000017535,0,0.036996,0
T_0000017555,1,0.990041,1
T_0000017577,1,0.981425,1
T_0000017636,1,0.995135,1
T_0000017643,0,0.011214,0
T_0000017648,0,0.033000,0
T_0000017649,1,0.990529,1
T_0000017680,0,0.084829,0
T_0000017691,0,0.015075,0
T_0000017707,1,0.999993,1
T_0000017715,0,0.011941,0
T_0000017742,1,0.997290,1
T_0000017753,0,0.014407,0
T_0000017760,1,0.993316,1
T_0000017781,1,0.946557,1
T_0000017790,1,0.999898,1
T_0000017821,1,0.994061,1
T_0000017856,0,0.010214,0
T_0000017871,0,0.021270,0
T_0000017906,1,0.985898,1
T_0000017963,1,0.896693,1
T_0000017979,1,0.985408,1
T_0000018061,0,0.012852,0
T_0000018103,1,0.996059,1
T_0000018125,1,0.964184,1
T_0000018173,1,0.990663,1
T_0000018177,1,0.994182,1
T_0000018228,1,0.943186,1
T_0000018242,1,0.983776,1
T_0000018249,0,0.036721,0
T_0000018276,1,0.994476,1
T_0000018285,0,0.015587,0
T_0000018294,0,0.053698,0
T_0000018296,1,0.994952,1
T_0000018315,1,0.934980,1
T_0000018344,0,0.072899,0
T_0000018396,1,0.999705,1
T_0000018412,1,0.996784,1
T_0000018448,1,0.281664,1
T_0000018454,0,0.016154,0
T_0000018465,1,0.973759,1
T_0000018483,1,0.990919,1
T_0000018489,1,0.994065,1
T_0000018566,1,0.997156,1
T_0000018568,0,0.017870,0
T_0000018580,1,0.993177,1
T_0000018591,0,0.029981,0
T_0000018613,0,0.003588,0
T_0000018624,1,0.169115,0
T_0000018645,1,0.979641,1
T_0000018696,1,0.989242,1
T_0000018703,0,0.020690,0
T_0000018715,1,0.953409,1
T_0000018733,1,0.996825,1
T_0000018767,1,0.993621,1
T_0000018779,1,0.988378,1
T_0000018790,0,0.048683,0
T_0000018803,1,0.141583,0
T_0000018811,0,0.075026,0
T_0000018822,0,0.004167,0
T_0000018839,1,0.099334,0
T_0000018854,1,0.986406,1
T_0000018931,1,0.990748,1
T_0000018956,1,0.997752,1
T_0000019100,1,0.991501,1
T_0000019101,1,0.983464,1
T_0000019110,0,0.048932,0
T_0000019127,0,0.110944,0
T_0000019130,1,0.990059,1
T_0000019131,1,0.991215,1
T_0000019170,1,0.999957,1
T_0000019191,1,0.992051,1
T_0000019194,1,0.993748,1
T_0000019203,0,0.023019,0
T_0000019227,0,0.007085,0
T_0000019232,1,0.979183,1
T_0000019248,1,0.993597,1
T_0000019249,1,0.994679,1
T_0000019297,1,0.988367,1
T_0000019308,0,0.028933,0
T_0000019312,0,0.018388,0
T_0000019321,1,0.999373,1
T_0000019327,1,0.971193,1
T_0000019404,1,0.991768,1
T_0000019465,1,0.996379,1
T_0000019508,0,0.029770,0
T_0000019545,1,0.999699,1
T_0000019568,0,0.024664,0
T_0000019630,0,0.031495,0
T_0000019656,1,0.988744,1
T_0000019680,0,0.113691,0
T_0000019702,0,0.031809,0
T_0000019712,1,0.976744,1
T_0000019763,1,0.944182,1
T_0000019782,1,0.974841,1
T_0000019817,1,0.993097,1
T_0000019823,1,0.986960,1
T_0000019843,1,0.991532,1
T_0000019850,1,0.976838,1
T_0000019856,1,0.995686,1
T_0000019861,1,0.982744,1
T_0000019867,1,0.994932,1
T_0000019909,1,0.996129,1
T_0000019939,1,0.992813,1
T_0000019944,0,0.020583,0
T_0000019947,1,0.993184,1
T_0000019967,0,0.018308,0
T_0000019972,0,0.056913,0
T_0000020006,1,0.995346,1
T_0000020041,0,0.364448,1
T_0000020050,1,1.000000,1
T_0000020110,1,0.999999,1
T_0000020157,1,0.973790,1
T_0000020198,1,0.993704,1
T_0000020237,0,0.211906,1
T_0000020362,0,0.027862,0
T_0000020367,1,0.996199,1
T_0000020379,1,0.917190,1
T_0000020388,1,0.997005,1
T_0000020473,1,0.992167,1
T_0000020508,0,0.023429,0
T_0000020522,1,0.992434,1
T_0000020523,1,0.981561,1
T_0000020559,1,0.992310,1
T_0000020575,1,0.988508,1
T_0000020577,1,0.991720,1
T_0000020587,1,0.990718,1
T_0000020621,0,0.053146,0
T_0000020657,1,0.989049,1
T_0000020663,0,0.164775,0
T_0000020719,1,0.989421,1
T_0000020729,0,0.024624,0
T_0000020738,1,0.999278,1
T_0000020804,1,0.994746,1
T_0000020805,0,0.002961,0
T_0000020817,1,0.994632,1
T_0000020835,1,0.933873,1
T_0000020858,1,0.988373,1
T_0000020860,0,0.029519,0
T_0000020861,0,0.023197,0
T_0000020875,1,0.995262,1
T_0000020941,1,0.990281,1
T_0000020944,0,0.010759,0
T_0000020951,0,0.049074,0
T_0000020954,0,0.015025,0
T_0000021057,0,0.021095,0
T_0000021059,0,0.029701,0
T_0000021086,0,0.032827,0
T_0000021089,0,0.042004,0
T_0000021099,1,0.996531,1
T_0000021102,1,0.999998,1
T_0000021106,0,0.019399,0
T_0000021120,0,0.027475,0
T_0000021124,0,0.060562,0
T_0000021167,1,0.993629,1
T_0000021168,0,0.007550,0
T_0000021173,1,0.996142,1
T_0000021188,1,1.000000,1
T_0000021199,0,0.027566,0
T_0000021245,1,0.987260,1
T_0000021254,0,0.017782,0
T_0000021258,1,0.999005,1
T_0000021276,1,0.984775,1
T_0000021293,0,0.022542,0
T_0000021309,1,0.991186,1
T_0000021337,0,0.027662,0
T_0000021342,1,0.979774,1
T_0000021351,1,0.995960,1
T_0000021371,1,0.971497,1
T_0000021413,1,0.391444,1
T_0000021462,1,0.998168,1
T_0000021478,1,1.000000,1
T_0000021509,0,0.040642,0
T_0000021605,1,0.993281,1
T_0000021637,1,0.971141,1
T_0000021638,1,0.996822,1
T_0000021669,1,0.999773,1
T_0000021694,1,0.992732,1
T_0000021753,1,0.996113,1
T_0000021759,1,0.993184,1
T_0000021777,1,0.992227,1
T_0000021779,1,0.995643,1
T_0000021792,0,0.026294,0
T_0000021823,1,0.992258,1
T_0000021826,0,0.010379,0
T_0000021833,1,0.997155,1
T_0000021839,1,0.999990,1
T_0000021844,1,1.000000,1
T_0000021882,1,0.987430,1
T_0000021899,1,0.997808,1
T_0000021977,1,0.993509,1
T_0000021996,1,0.988510,1
T_0000022082,1,0.985595,1
T_0000022090,0,0.018414,0
T_0000022102,1,0.996583,1
T_0000022118,1,0.992494,1
T_0000022136,0,0.026652,0
T_0000022156,1,0.999196,1
T_0000022171,0,0.955451,1
T_0000022212,1,0.997938,1
T_0000022221,0,0.031272,0
T_0000022258,1,0.997605,1
T_0000022293,1,0.997849,1
T_0000022319,0,0.015701,0
T_0000022323,0,0.000494,0
T_0000022393,0,0.004107,0
T_0000022403,1,0.991673,1
T_0000022418,0,0.185053,0
T_0000022428,1,0.326933,1
T_0000022440,0,0.025918,0
T_0000022444,0,0.007997,0
T_0000022470,1,0.994705,1
T_0000022510,0,0.017020,0
T_0000022525,0,0.034718,0
T_0000022556,1,0.994473,1
T_0000022558,0,0.008633,0
T_0000022562,0,0.059785,0
T_0000022567,1,0.998343,1
T_0000022589,1,0.070542,0
T_0000022600,1,0.992976,1
T_0000022613,1,0.981218,1
T_0000022614,0,0.368096,1
T_0000022650,1,0.991395,1
T_0000022690,0,0.048233,0
T_0000022748,1,0.999689,1
T_0000022753,1,0.995724,1
T_0000022781,0,0.004625,0
T_0000022799,0,0.014483,0
T_0000022804,0,0.019453,0
T_0000022814,1,0.992907,1
T_0000022817,1,0.981280,1
T_0000022870,0,0.029700,0
T_0000022878,0,0.063037,0
T_0000022896,1,0.928627,1
T_0000022908,1,0.994263,1
T_0000022937,1,0.992123,1
T_0000022951,0,0.035711,0
T_0000022952,1,0.993442,1
T_0000023035,1,0.994954,1
T_0000023088,1,0.012124,0
T_0000023130,1,0.997853,1
T_0000023148,0,0.002515,0
T_0000023173,0,0.017662,0
T_0000023180,0,0.022296,0
T_0000023241,0,0.026116,0
T_0000023253,1,0.999671,1
T_0000023260,0,0.006952,0
T_0000023261,1,0.991799,1
T_0000023274,1,0.990848,1
T_0000023291,1,0.993830,1
T_0000023336,1,0.995735,1
T_0000023354,0,0.019556,0
T_0000023360,0,0.019347,0
T_0000023392,1,0.993785,1
T_0000023401,0,0.046550,0
T_0000023447,0,0.026032,0
T_0000023474,1,0.992715,1
T_0000023482,1,0.997647,1
T_0000023492,0,0.029720,0
T_0000023512,1,0.992916,1
T_0000023517,0,0.018099,0
T_0000023524,1,0.997570,1
T_0000023526,1,0.858431,1
T_0000023531,1,0.992169,1
T_0000023546,1,0.997922,1
T_0000023552,1,0.944049,1
T_0000023570,1,0.993682,1
T_0000023582,1,0.992350,1
T_0000023643,1,0.984616,1
T_0000023646,1,0.994203,1
T_0000023652,1,0.989962,1
T_0000023695,0,0.021743,0
T_0000023738,1,0.993678,1
T_0000023780,1,0.996026,1
T_0000023815,1,0.996171,1
T_0000023858,1,0.993350,1
T_0000023883,0,0.011310,0
T_0000023905,1,0.985995,1
T_0000023952,1,1.000000,1
T_0000023967,1,0.991477,1
T_0000023975,0,0.002997,0
T_0000023977,1,0.993656,1
T_0000024000,1,0.983805,1
T_0000024052,0,0.008313,0
T_0000024054,1,0.993226,1
T_0000024074,1,0.994374,1
T_0000024084,0,0.005008,0
T_0000024085,1,0.995429,1
T_0000024092,0,0.019859,0
T_0000024125,0,0.018206,0
T_0000024142,1,0.981673,1
T_0000024144,1,0.999987,1
T_0000024160,1,0.979714,1
T_0000024181,0,0.067151,0
T_0000024209,1,0.987411,1
T_0000024245,1,0.994828,1
T_0000024272,1,0.994721,1
T_0000024290,0,0.022103,0
T_0000024294,1,0.255371,1
T_0000024379,0,0.039074,0
T_0000024390,0,0.059674,0
T_0000024430,1,0.995794,1
T_0000024441,1,0.990805,1
T_0000024461,1,0.979228,1
T_0000024508,0,0.063489,0
T_0000024509,1,0.995518,1
T_0000024513,1,0.941534,1
T_0000024515,1,0.988713,1
T_0000024527,1,0.996559,1
T_0000024550,1,0.997218,1
T_0000024564,0,0.041418,0
T_0000024567,1,0.969987,1
T_0000024610,1,0.999999,1
T_0000024655,1,0.963408,1
T_0000024663,1,0.968296,1
T_0000024709,1,0.041507,0
T_0000024718,0,0.084604,0
T_0000024720,0,0.020338,0
T_0000024727,0,0.069648,0
T_0000024743,0,0.015184,0
T_0000024744,1,0.992988,1
T_0000024776,1,0.995401,1
T_0000024795,0,0.006606,0
T_0000024820,1,0.946977,1
T_0000024859,1,0.994923,1
T_0000024869,1,0.989988,1
T_0000024903,1,0.999120,1
T_0000024906,1,0.994476,1
T_0000024951,1,0.122837,0
T_0000024952,1,0.993077,1
T_0000024955,1,0.062032,0
T_0000024963,0,0.023300,0
T_0000024980,1,0.914181,1
T_0000024997,1,0.982467,1
T_0000025027,0,0.028869,0
T_0000025105,1,0.999391,1
T_0000025106,0,0.026224,0
T_0000025127,1,0.993068,1
T_0000025175,1,0.045948,0
T_0000025226,1,0.992782,1
T_0000025227,1,0.107192,0
T_0000025246,0,0.036487,0
T_0000025254,0,0.032167,0
T_0000025261,0,0.016385,0
T_0000025265,0,0.157888,0
T_0000025281,1,0.994633,1
T_0000025292,1,0.993568,1
T_0000025323,1,0.994815,1
T_0000025363,1,0.988650,1
T_0000025372,1,0.993168,1
T_0000025384,1,0.980694,1
T_0000025401,1,0.999903,1
T_0000025419,1,0.991152,1
T_0000025459,1,0.982033,1
T_0000025467,1,0.987723,1
T_0000025484,1,0.989346,1
T_0000025525,1,0.989894,1
T_0000025540,0,0.180640,0
T_0000025567,1,0.982808,1
T_0000025569,1,0.992359,1
T_0000025601,0,0.024799,0
T_0000025642,0,0.006018,0
T_0000025644,0,0.040836,0
T_0000025658,1,0.996629,1
T_0000025661,1,0.157147,0
T_0000025677,1,0.991220,1
T_0000025683,0,0.041018,0
T_0000025717,1,0.999987,1
T_0000025723,1,0.999678,1
T_0000025728,0,0.048794,0
T_0000025801,0,0.030200,0
T_0000025811,1,0.937734,1
T_0000025875,0,0.034220,0
T_0000025876,0,0.026677,0
T_0000025919,1,0.986078,1
T_0000025942,0,0.052555,0
T_0000025945,1,0.994649,1
T_0000025973,1,0.985643,1
T_0000025990,0,0.102572,0
T_0000025993,1,0.988657,1
T_0000025998,0,0.098487,0
T_0000026004,1,0.994711,1
T_0000026013,0,0.061020,0
T_0000026037,1,0.991510,1
T_0000026042,1,0.986282,1
T_0000026044,0,0.080225,0
T_0000026055,0,0.000717,0
T_0000026065,1,0.070842,0
T_0000026070,1,0.997032,1
T_0000026074,1,0.995003,1
T_0000026081,0,0.018200,0
T_0000026164,0,0.001626,0
T_0000026213,1,0.993866,1
T_0000026267,0,0.038086,0
T_0000026274,1,0.999514,1
T_0000026286,1,0.988558,1
T_0000026336,0,0.523366,1
T_0000026360,1,0.983730,1
T_0000026379,1,0.989396,1
T_0000026414,1,0.983679,1
T_0000026416,1,0.994229,1
T_0000026422,1,0.997045,1
T_0000026432,0,0.050100,0
T_0000026436,1,0.995817,1
T_0000026483,1,0.993653,1
T_0000026530,1,0.995527,1
T_0000026532,1,0.996551,1
T_0000026533,1,0.984400,1
T_0000026564,1,0.977752,1
T_0000026568,0,0.219216,1
T_0000026577,1,0.999161,1
T_0000026624,1,0.997107,1
T_0000026650,0,0.010000,0
T_0000026679,0,0.055162,0
T_0000026690,1,0.986436,1
T_0000026703,1,0.992633,1
T_0000026707,1,0.719795,1
T_0000026720,0,0.010598,0
T_0000026729,1,0.996114,1
T_0000026757,0,0.075200,0
T_0000026759,1,0.896667,1
T_0000026807,1,0.986520,1
T_0000026815,1,0.999988,1
T_0000026830,0,0.018151,0
T_0000026904,1,0.988403,1
T_0000026976,1,0.984337,1
T_0000027032,0,0.003594,0
T_0000027037,0,0.040915,0
T_0000027042,0,0.041333,0
T_0000027047,1,0.994750,1
T_0000027051,1,0.140817,0
T_0000027199,1,0.977955,1
T_0000027256,1,0.087749,0
T_0000027286,0,0.020740,0
T_0000027294,1,0.967299,1
T_0000027308,0,0.015673,0
T_0000027319,1,0.999999,1
T_0000027327,1,0.992977,1
T_0000027380,1,0.982506,1
T_0000027384,1,0.996439,1
T_0000027406,0,0.017040,0
T_0000027408,1,0.991169,1
T_0000027417,0,0.010560,0
T_0000027432,0,0.005178,0
T_0000027447,0,0.007945,0
T_0000027453,1,0.982433,1
T_0000027484,1,0.985110,1
T_0000027514,1,0.983508,1
T_0000027561,1,0.906333,1
T_0000027580,1,0.973680,1
T_0000027584,1,0.987691,1
T_0000027588,0,0.030386,0
T_0000027635,0,0.054119,0
T_0000027643,1,0.995086,1
T_0000027687,1,0.985610,1
T_0000027728,1,0.999985,1
T_0000027747,1,0.993966,1
T_0000027808,1,0.926481,1
T_0000027817,0,0.031725,0
T_0000027818,1,0.966430,1
T_0000027822,1,0.996911,1
T_0000027837,1,0.991698,1
T_0000027859,1,0.992096,1
T_0000027860,1,0.986259,1
T_0000027895,1,0.993513,1
T_0000027982,1,0.107638,0
T_0000027984,0,0.004051,0
T_0000028000,0,0.032397,0
T_0000028009,1,0.996949,1
T_0000028039,1,0.321889,1
T_0000028040,1,0.242298,1
T_0000028092,1,0.802478,1
T_0000028174,0,0.010764,0
T_0000028215,1,0.993481,1
T_0000028250,1,0.857817,1
T_0000028303,1,0.995368,1
T_0000028334,0,0.017248,0
T_0000028364,1,1.000000,1
T_0000028396,1,0.990684,1
T_0000028398,1,0.961855,1
T_0000028458,1,0.986957,1
T_0000028476,1,0.999010,1
T_0000028479,1,0.997829,1
T_0000028518,1,0.987877,1
T_0000028560,1,0.995188,1
T_0000028570,0,0.001235,0
T_0000028578,1,0.993532,1
T_0000028583,1,0.998198,1
T_0000028584,1,0.997380,1
T_0000028585,1,1.000000,1
T_0000028586,1,0.991304,1
T_0000028596,0,0.003984,0
T_0000028613,0,0.008465,0
T_0000028681,0,0.026872,0
T_0000028682,1,0.154867,0
T_0000028691,0,0.009148,0
T_0000028693,0,0.016248,0
T_0000028698,0,0.030318,0
T_0000028801,0,0.011267,0
T_0000028802,1,0.983927,1
T_0000028861,0,0.055484,0
T_0000028883,1,0.999190,1
T_0000028925,1,0.993792,1
T_0000028934,0,0.015543,0
T_0000028957,0,0.005966,0
T_0000028966,1,0.993758,1
T_0000028986,1,0.165060,0
T_0000029012,0,0.021526,0
T_0000029048,1,0.180469,0
T_0000029079,1,0.990527,1
T_0000029083,1,0.992096,1
T_0000029089,1,0.994507,1
T_0000029095,1,0.990723,1
T_0000029128,1,0.991173,1
T_0000029175,1,0.919032,1
T_0000029198,1,0.991293,1
T_0000029207,1,0.996729,1
T_0000029221,0,0.027531,0
T_0000029263,0,0.042227,0
T_0000029276,1,0.998212,1
T_0000029282,1,0.999982,1
T_0000029297,0,0.087245,0
T_0000029342,1,0.833053,1
T_0000029363,1,0.999993,1
T_0000029377,1,0.989868,1
T_0000029441,0,0.092996,0
T_0000029447,0,0.031324,0
T_0000029454,1,0.995557,1
T_0000029459,0,0.007418,0
T_0000029465,1,0.958700,1
T_0000029478,1,0.993554,1
T_0000029501,0,0.052660,0
T_0000029596,1,0.998813,1
T_0000029628,1,0.987675,1
T_0000029648,1,0.026566,0
T_0000029664,1,0.990291,1
T_0000029692,1,0.933307,1
T_0000029698,1,0.662628,1
T_0000029714,1,0.113537,0
T_0000029722,1,0.996064,1
T_0000029727,1,0.999009,1
T_0000029735,1,0.986675,1
T_0000029774,1,0.999998,1
T_0000029791,1,0.994696,1
T_0000029801,0,0.023673,0
T_0000029816,0,0.106753,0
T_0000029830,0,0.056789,0
T_0000029835,0,0.002068,0
T_0000029842,0,0.001688,0
T_0000029851,0,0.091474,0
T_0000029898,1,0.327286,1
T_0000029911,0,0.012404,0
T_0000029974,1,0.987145,1
T_0000029997,1,0.990352,1
T_0000030029,0,0.011712,0
T_0000030054,1,0.340317,1
T_0000030078,1,0.992025,1
T_0000030100,0,0.002746,0
T_0000030103,1,0.994709,1
T_0000030108,1,0.989742,1
T_0000030153,1,0.996172,1
T_0000030171,1,0.064483,0
T_0000030180,1,0.963101,1
T_0000030186,0,0.054781,0
T_0000030189,1,0.992494,1
T_0000030191,0,0.017156,0
T_0000030197,1,0.142786,0
T_0000030198,0,0.005002,0
T_0000030214,1,0.978885,1
T_0000030246,0,0.031087,0
T_0000030297,1,0.997506,1
T_0000030302,1,0.963263,1
T_0000030329,1,0.974505,1
T_0000030379,0,0.004946,0
T_0000030395,1,0.989611,1
T_0000030398,1,0.994642,1
T_0000030408,0,0.236406,1
T_0000030409,1,0.995540,1
T_0000030420,0,0.003772,0
T_0000030425,0,0.070123,0
T_0000030457,1,0.996171,1
T_0000030469,1,0.985890,1
T_0000030470,0,0.015839,0
T_0000030489,0,0.019883,0
T_0000030496,1,0.999975,1
T_0000030501,0,0.126206,0
T_0000030523,1,0.999632,1
T_0000030530,1,0.989638,1
T_0000030572,0,0.005951,0
T_0000030583,1,0.991144,1
T_0000030606,0,0.053601,0
T_0000030637,1,0.999411,1
T_0000030664,1,0.994560,1
T_0000030674,1,0.978950,1
T_0000030676,1,0.996249,1
T_0000030713,1,0.032201,0
T_0000030741,1,0.077211,0
T_0000030795,0,0.016268,0
T_0000030861,0,0.038319,0
T_0000030877,1,0.083849,0
T_0000030895,1,0.092516,0
T_0000030965,1,0.981400,1
T_0000030969,1,0.992201,1
T_0000031002,0,0.042692,0
T_0000031040,1,0.995781,1
T_0000031069,0,0.010216,0
T_0000031088,0,0.103898,0
T_0000031089,1,0.995888,1
T_0000031105,1,0.993349,1
T_0000031120,0,0.057759,0
T_0000031123,0,0.020460,0
T_0000031127,1,0.994083,1
T_0000031138,0,0.014713,0
T_0000031141,1,0.993926,1
T_0000031168,1,0.994749,1
T_0000031172,0,0.025190,0
T_0000031176,1,0.986701,1
T_0000031182,0,0.004463,0
T_0000031200,0,0.049759,0
T_0000031225,0,0.077132,0
T_0000031251,1,0.304600,1
T_0000031254,1,0.999649,1
T_0000031261,0,0.016205,0
T_0000031290,1,0.986422,1
T_0000031294,1,0.989166,1
T_0000031302,0,0.024732,0
T_0000031320,1,0.948440,1
T_0000031323,1,0.911052,1
T_0000031343,0,0.033794,0
T_0000031350,1,0.050802,0
T_0000031354,1,0.994128,1
T_0000031355,1,0.955439,1
T_0000031357,1,0.995663,1
T_0000031389,0,0.020056,0
T_0000031402,0,0.022531,0
T_0000031409,0,0.913248,1
T_0000031424,0,0.030032,0
T_0000031472,1,0.977076,1
T_0000031502,1,0.993268,1
T_0000031503,0,0.055778,0
T_0000031512,1,0.964750,1
T_0000031514,1,0.216437,1
T_0000031599,1,0.955822,1
T_0000031600,1,0.992012,1
T_0000031610,0,0.037891,0
T_0000031619,1,0.896033,1
T_0000031638,1,0.994686,1
T_0000031640,0,0.023362,0
T_0000031668,0,0.055434,0
T_0000031672,1,0.065726,0
T_0000031673,1,0.999153,1
T_0000031678,0,0.020298,0
T_0000031684,0,0.036616,0
T_0000031789,1,0.982588,1
T_0000031854,0,0.015339,0
T_0000031899,0,0.026691,0
T_0000031924,1,0.999516,1
T_0000031932,1,0.175996,0
T_0000031947,1,0.988818,1
T_0000031951,1,0.987384,1
T_0000031968,1,0.986922,1
T_0000031979,0,0.001992,0
T_0000031999,0,0.953932,1
T_0000032018,1,0.989400,1
T_0000032032,0,0.005690,0
T_0000032048,1,0.993988,1
T_0000032071,0,0.048183,0
T_0000032120,1,0.995121,1
T_0000032132,0,0.056159,0
T_0000032156,0,0.001121,0
T_0000032171,1,0.999952,1
T_0000032199,1,0.054681,0
T_0000032222,1,0.992445,1
T_0000032225,1,0.946603,1
T_0000032243,1,0.997793,1
T_0000032293,1,0.992124,1
T_0000032305,1,0.999853,1
T_0000032306,1,0.470250,1
T_0000032307,1,0.983909,1
T_0000032321,1,0.994404,1
T_0000032382,0,0.026913,0
T_0000032417,1,0.957491,1
T_0000032439,1,0.958760,1
T_0000032501,1,0.987094,1
T_0000032520,1,0.985437,1
T_0000032557,1,0.996273,1
T_0000032571,1,0.977735,1
T_0000032579,1,1.000000,1
T_0000032594,1,0.994465,1
T_0000032601,0,0.025003,0
T_0000032625,1,0.995574,1
T_0000032630,0,0.116412,0
T_0000032648,0,0.023514,0
T_0000032654,0,0.024983,0
T_0000032672,0,0.043465,0
T_0000032675,1,0.999224,1
T_0000032681,1,0.152003,0
T_0000032683,1,0.995567,1
T_0000032705,1,0.992570,1
T_0000032738,1,0.994242,1
T_0000032741,1,0.984930,1
T_0000032825,0,0.017744,0
T_0000032836,1,0.999948,1
T_0000032841,1,0.999983,1
T_0000032868,1,0.994761,1
T_0000032910,1,0.984908,1
T_0000032920,0,0.056281,0
T_0000032921,1,0.978181,1
T_0000032982,1,0.992438,1
T_0000032992,1,0.992591,1
T_0000032999,0,0.015652,0
T_0000033002,1,0.991198,1
T_0000033007,0,0.032887,0
T_0000033163,0,0.047598,0
T_0000033172,1,0.957136,1
T_0000033175,0,0.015267,0
T_0000033188,0,0.021856,0
T_0000033237,1,0.998439,1
T_0000033273,1,0.997570,1
T_0000033301,0,0.021507,0
T_0000033303,0,0.988417,1
T_0000033309,0,0.168006,0
T_0000033321,0,0.010134,0
T_0000033334,0,0.006599,0
T_0000033343,1,0.996554,1
T_0000033344,1,0.718044,1
T_0000033357,0,0.002467,0
T_0000033373,1,0.410099,1
T_0000033433,1,0.381863,1
T_0000033459,1,0.985034,1
T_0000033460,0,0.047847,0
T_0000033469,0,0.038071,0
T_0000033508,0,0.008862,0
T_0000033525,1,0.996404,1
T_0000033536,0,0.019175,0
T_0000033549,1,0.973223,1
T_0000033557,0,0.016560,0
T_0000033607,1,0.991890,1
T_0000033641,1,0.037132,0
T_0000033663,1,0.826997,1
T_0000033668,1,0.994710,1
T_0000033676,1,0.940975,1
T_0000033708,0,0.051590,0
T_0000033719,1,0.993200,1
T_0000033731,1,0.991791,1
T_0000033734,1,0.131272,0
T_0000033736,1,0.996049,1
T_0000033751,1,0.114879,0
T_0000033756,1,0.998373,1
T_0000033782,0,0.004696,0
T_0000033826,0,0.022020,0
T_0000033874,1,0.992281,1
T_0000033894,0,0.006099,0
T_0000033948,1,0.040944,0
T_0000033956,1,0.995542,1
T_0000033959,1,0.989161,1
T_0000033960,1,0.964938,1
T_0000033971,1,0.987231,1
T_0000033976,0,0.012460,0
T_0000033995,0,0.036389,0
T_0000034007,0,0.051158,0
T_0000034061,1,0.990801,1
T_0000034062,1,0.938187,1
T_0000034078,1,0.963110,1
T_0000034094,1,0.993094,1
T_0000034097,1,0.976832,1
T_0000034107,1,0.996241,1
T_0000034135,1,0.986501,1
T_0000034138,0,0.023820,0
T_0000034155,1,0.996010,1
T_0000034177,0,0.014098,0
T_0000034179,0,0.001340,0
T_0000034197,1,0.991520,1
T_0000034214,1,0.919468,1
T_0000034276,1,0.870419,1
T_0000034311,0,0.017213,0
T_0000034403,1,0.970106,1
T_0000034427,1,0.956240,1
T_0000034437,0,0.039366,0
T_0000034438,0,0.005280,0
T_0000034477,0,0.022271,0
T_0000034483,1,0.993362,1
T_0000034486,1,0.980129,1
T_0000034511,1,0.999670,1
T_0000034538,1,1.000000,1
T_0000034576,0,0.033771,0
T_0000034579,1,0.971699,1
T_0000034583,1,0.988538,1
T_0000034586,1,0.956636,1
T_0000034605,1,0.988721,1
T_0000034658,1,0.991443,1
T_0000034668,0,0.014772,0
T_0000034680,0,0.034412,0
T_0000034709,1,0.995279,1
T_0000034716,0,0.018415,0
T_0000034744,0,0.141652,0
T_0000034766,1,0.996673,1
T_0000034783,1,0.991751,1
T_0000034814,1,0.969852,1
T_0000034825,1,0.989227,1
T_0000034828,0,0.042931,0
T_0000034838,1,0.991492,1
T_0000034849,0,0.001967,0
T_0000034883,1,0.998164,1
T_0000034916,1,0.992412,1
T_0000034961,1,0.992761,1
T_0000034966,1,0.999647,1
T_0000034985,1,0.990822,1
T_0000035030,0,0.007468,0
T_0000035112,1,0.097103,0
T_0000035128,0,0.957411,1
T_0000035138,1,0.975004,1
T_0000035170,1,0.994237,1
T_0000035189,1,0.983755,1
T_0000035196,0,0.009115,0
T_0000035213,0,0.036277,0
T_0000035215,1,0.990645,1
T_0000035276,0,0.002379,0
T_0000035288,1,0.980336,1
T_0000035289,1,0.799521,1
T_0000035310,1,0.141937,0
T_0000035338,1,0.981361,1
T_0000035378,0,0.056650,0
T_0000035382,1,0.999434,1
T_0000035411,0,0.028034,0
T_0000035419,1,0.991447,1
T_0000035420,0,0.021955,0
T_0000035469,1,0.978551,1
T_0000035470,0,0.041954,0
T_0000035486,0,0.011344,0
T_0000035505,1,0.247066,1
T_0000035575,1,0.995400,1
T_0000035602,0,0.016241,0
T_0000035604,0,0.093966,0
T_0000035621,0,0.018078,0
T_0000035626,0,0.043329,0
T_0000035643,1,1.000000,1
T_0000035676,0,0.131475,0
T_0000035686,0,0.033925,0
T_0000035735,1,0.982718,1
T_0000035736,0,0.004543,0
T_0000035757,1,0.924426,1
T_0000035760,1,0.989706,1
T_0000035778,0,0.006555,0
T_0000035779,1,0.985321,1
T_0000035789,0,0.038485,0
T_0000035803,1,0.999550,1
T_0000035820,0,0.021081,0
T_0000035876,1,0.976134,1
T_0000035877,0,0.007438,0
T_0000035881,0,0.107157,0
T_0000035924,0,0.101413,0
T_0000035929,1,0.047113,0
T_0000035960,1,0.994171,1
T_0000035988,1,0.986090,1
T_0000036000,1,0.995673,1
T_0000036011,1,0.993544,1
T_0000036028,0,0.056585,0
T_0000036042,0,0.007284,0
T_0000036085,1,0.978081,1
T_0000036125,1,0.047595,0
T_0000036131,0,0.017904,0
T_0000036150,1,0.989255,1
T_0000036188,1,0.994579,1
T_0000036253,1,0.999786,1
T_0000036274,1,0.244187,1
T_0000036287,1,0.993009,1
T_0000036288,1,0.992633,1
T_0000036298,0,0.018316,0
T_0000036336,1,0.997817,1
T_0000036346,0,0.004943,0
T_0000036365,1,0.997783,1
T_0000036389,1,0.996441,1
T_0000036435,1,0.982482,1
T_0000036446,1,0.992980,1
T_0000036473,1,0.999813,1
T_0000036481,1,0.991366,1
T_0000036509,0,0.047413,0
T_0000036511,1,0.995395,1
T_0000036520,1,0.996606,1
T_0000036547,1,0.095610,0
T_0000036558,1,0.995628,1
T_0000036563,1,0.988734,1
T_0000036565,0,0.001830,0
T_0000036566,0,0.027504,0
T_0000036573,1,0.993139,1
T_0000036609,1,0.505941,1
T_0000036652,1,0.984379,1
T_0000036671,0,0.019221,0
T_0000036673,1,0.982527,1
T_0000036676,1,0.989082,1
T_0000036690,1,0.997946,1
T_0000036730,1,0.999811,1
T_0000036734,1,0.980631,1
T_0000036735,1,0.996064,1
T_0000036818,1,0.998639,1
T_0000036819,1,0.990744,1
T_0000036840,0,0.006961,0
T_0000036860,1,0.984140,1
T_0000036861,1,0.999821,1
T_0000036892,1,0.994208,1
T_0000036921,1,0.942015,1
T_0000036923,1,0.981086,1
T_0000036945,1,0.992635,1
T_0000036986,0,0.019043,0
T_0000036990,1,0.991009,1
T_0000036993,1,0.991086,1
T_0000036998,1,0.988129,1
T_0000037038,0,0.031020,0
T_0000037042,1,0.991259,1
T_0000037070,1,0.996968,1
T_0000037102,1,0.985649,1
T_0000037108,1,0.994857,1
T_0000037142,1,0.998709,1
T_0000037147,1,0.926962,1
T_0000037160,1,0.985365,1
T_0000037194,1,0.988168,1
T_0000037211,1,0.995181,1
T_0000037225,0,0.030924,0
T_0000037231,1,0.999671,1
T_0000037246,0,0.013650,0
T_0000037276,0,0.071879,0
T_0000037305,1,0.995355,1
T_0000037310,0,0.023237,0
T_0000037330,1,0.994933,1
T_0000037332,1,0.995105,1
T_0000037362,0,0.162302,0
T_0000037412,0,0.013376,0
T_0000037439,1,0.994162,1
T_0000037456,1,0.992289,1
T_0000037463,1,0.989811,1
T_0000037464,1,0.985233,1
T_0000037472,1,0.909776,1
T_0000037496,0,0.029292,0
T_0000037498,1,0.974946,1
T_0000037535,1,0.995176,1
T_0000037550,1,0.994338,1
T_0000037558,1,0.985809,1
T_0000037590,1,0.993207,1
T_0000037626,1,0.997022,1
T_0000037677,1,0.979806,1
T_0000037731,1,0.996415,1
T_0000037756,0,0.000364,0
T_0000037775,1,0.545150,1
T_0000037784,0,0.040939,0
T_0000037787,1,0.995350,1
T_0000037801,1,0.993235,1
T_0000037813,0,0.001892,0
T_0000037816,1,0.997870,1
T_0000037848,1,0.996890,1
T_0000037896,1,0.985509,1
T_0000037906,1,0.994583,1
T_0000037911,0,0.031227,0
T_0000037917,1,0.632896,1
T_0000037936,0,0.019475,0
T_0000037961,1,0.943936,1
T_0000037980,0,0.005897,0
T_0000037987,1,0.991058,1
T_0000037993,1,0.993556,1
T_0000038045,1,0.999687,1
T_0000038064,0,0.015441,0
T_0000038082,0,0.003837,0
T_0000038119,1,0.986873,1
T_0000038120,0,0.015314,0
T_0000038134,1,0.999953,1
T_0000038142,0,0.082467,0
T_0000038161,0,0.022515,0
T_0000038165,0,0.056568,0
T_0000038244,1,0.776221,1
T_0000038306,0,0.037300,0
T_0000038311,0,0.051195,0
T_0000038318,1,0.991870,1
T_0000038328,0,0.088363,0
T_0000038397,1,0.995019,1
T_0000038439,0,0.347397,1
T_0000038445,1,0.971607,1
T_0000038536,1,0.283391,1
T_0000038552,0,0.032482,0
T_0000038558,1,0.995052,1
T_0000038591,1,0.991105,1
T_0000038592,0,0.080465,0
T_0000038593,1,0.998045,1
T_0000038597,1,0.995494,1
T_0000038619,0,0.025908,0
T_0000038662,1,0.997377,1
T_0000038663,0,0.012398,0
T_0000038723,1,0.986531,1
T_0000038741,1,0.999968,1
T_0000038752,1,0.993095,1
T_0000038775,1,0.982929,1
T_0000038783,1,0.997665,1
T_0000038820,1,0.991979,1
T_0000038831,1,0.983527,1
T_0000038833,1,0.990122,1
T_0000038838,1,0.997898,1
T_0000038840,0,0.125101,0
T_0000038860,1,0.987076,1
T_0000038885,0,0.057487,0
T_0000038887,0,0.135236,0
T_0000038898,1,0.128360,0
T_0000038907,1,0.975047,1
T_0000038913,1,0.977592,1
T_0000038937,1,0.250533,1
T_0000039004,1,0.971258,1
T_0000039009,0,0.010086,0
T_0000039040,1,0.996216,1
T_0000039041,1,0.798266,1
T_0000039045,0,0.022598,0
T_0000039110,1,0.996142,1
T_0000039132,1,0.995984,1
T_0000039136,0,0.020394,0
T_0000039168,1,0.999559,1
T_0000039170,0,0.032142,0
T_0000039180,1,0.989719,1
T_0000039193,1,0.992826,1
T_0000039208,1,0.977938,1
T_0000039293,0,0.070511,0
T_0000039312,1,0.993166,1
T_0000039334,1,0.999997,1
T_0000039343,1,0.993911,1
T_0000039368,0,0.009852,0
T_0000039403,0,0.012623,0
T_0000039417,1,0.992060,1
T_0000039426,0,0.032707,0
T_0000039481,0,0.016770,0
T_0000039488,1,0.989016,1
T_0000039508,1,0.989107,1
T_0000039525,1,0.997800,1
T_0000039535,1,0.999991,1
T_0000039548,0,0.059685,0
T_0000039613,1,0.988369,1
T_0000039666,1,0.908556,1
T_0000039684,0,0.030712,0
T_0000039695,0,0.009034,0
T_0000039701,1,0.992448,1
T_0000039702,1,0.993165,1
T_0000039710,1,0.998593,1
T_0000039760,1,0.996301,1
T_0000039791,1,0.993065,1
T_0000039804,0,0.019883,0
T_0000039818,1,0.973827,1
T_0000039826,1,0.228338,1
T_0000039830,1,0.987128,1
T_0000039840,0,0.165221,0
T_0000039881,0,0.104704,0
T_0000039884,0,0.019683,0
T_0000039885,0,0.035059,0
T_0000039931,1,0.934762,1
T_0000039932,1,0.985456,1
T_0000039938,0,0.033365,0
T_0000039988,1,0.982396,1
T_0000039991,0,0.058604,0
T_0000040051,1,0.994320,1
T_0000040061,1,0.997269,1
T_0000040084,0,0.060479,0
T_0000040095,1,0.989640,1
T_0000040114,1,0.983286,1
T_0000040126,1,0.995862,1
T_0000040129,1,0.985304,1
T_0000040160,0,0.076804,0
T_0000040164,1,0.994061,1
T_0000040226,1,0.987091,1
T_0000040227,0,0.044901,0
T_0000040243,0,0.008526,0
T_0000040275,1,0.995614,1
T_0000040301,1,0.998333,1
T_0000040302,1,0.995070,1
T_0000040303,0,0.042367,0
T_0000040410,0,0.016651,0
T_0000040424,0,0.003505,0
T_0000040446,0,0.012192,0
T_0000040465,0,0.146479,0
T_0000040471,1,0.989779,1
T_0000040547,1,1.000000,1
T_0000040585,1,0.980497,1
T_0000040611,1,0.995581,1
T_0000040641,1,0.998761,1
T_0000040647,1,0.028275,0
T_0000040664,0,0.057454,0
T_0000040676,1,0.978371,1
T_0000040690,1,0.996417,1
T_0000040701,0,0.039504,0
T_0000040714,1,0.993628,1
T_0000040741,1,0.986258,1
T_0000040744,1,0.991063,1
T_0000040785,1,0.993290,1
T_0000040816,1,0.043333,0
T_0000040827,0,0.019484,0
T_0000040829,1,0.986594,1
T_0000040864,0,0.019574,0
T_0000040918,1,0.994411,1
T_0000040958,1,0.989694,1
T_0000041003,0,0.038793,0
T_0000041010,1,0.986880,1
T_0000041017,1,0.994907,1
T_0000041048,1,0.107602,0
T_0000041119,1,0.994506,1
T_0000041160,1,0.992024,1
T_0000041173,1,0.999367,1
T_0000041179,1,0.997141,1
T_0000041296,1,0.073775,0
T_0000041305,0,0.207114,1
T_0000041310,1,0.985080,1
T_0000041318,1,0.993172,1
T_0000041360,1,0.190491,1
T_0000041396,1,0.997230,1
T_0000041409,1,1.000000,1
T_0000041449,0,0.020978,0
T_0000041453,1,0.997945,1
T_0000041463,0,0.005689,0
T_0000041483,1,0.991626,1
T_0000041486,1,0.984906,1
T_0000041500,1,0.992321,1
T_0000041525,0,0.004396,0
T_0000041540,1,0.979207,1
T_0000041553,1,0.993170,1
T_0000041563,1,0.995247,1
T_0000041566,1,1.000000,1
T_0000041626,1,0.232304,1
T_0000041644,1,0.254642,1
T_0000041648,0,0.051075,0
T_0000041700,1,0.992784,1
T_0000041706,1,0.992204,1
T_0000041715,0,0.044637,0
T_0000041724,0,0.005652,0
T_0000041749,1,0.375466,1
T_0000041794,1,0.994646,1
T_0000041797,0,0.006297,0
T_0000041804,0,0.019766,0
T_0000041821,1,0.999694,1
T_0000041829,1,0.999944,1
T_0000041840,1,0.995322,1
T_0000041855,1,0.936776,1
T_0000041873,0,0.127796,0
T_0000041955,1,0.969857,1
T_0000041962,1,0.997220,1
T_0000041972,1,0.169615,0
T_0000042140,0,0.018899,0
T_0000042145,1,0.989840,1
T_0000042161,1,0.045170,0
T_0000042167,1,0.995493,1
T_0000042174,1,0.994079,1
T_0000042191,1,0.988946,1
T_0000042196,1,0.993886,1
T_0000042212,1,0.987669,1
T_0000042228,0,0.049637,0
T_0000042236,1,0.985881,1
T_0000042276,1,0.965113,1
T_0000042279,1,0.996305,1
T_0000042300,1,0.993375,1
T_0000042384,1,0.989002,1
T_0000042392,0,0.006155,0
T_0000042431,1,0.114794,0
T_0000042436,0,0.037653,0
T_0000042450,1,0.998940,1
T_0000042454,1,0.991244,1
T_0000042495,1,0.998218,1
T_0000042506,0,0.072678,0
T_0000042515,0,0.019151,0
T_0000042524,0,0.046674,0
T_0000042529,1,0.993210,1
T_0000042592,1,0.988860,1
T_0000042692,1,0.991996,1
T_0000042704,1,0.994421,1
T_0000042718,1,0.953552,1
T_0000042724,1,0.994880,1
T_0000042742,1,0.991648,1
T_0000042773,1,0.377072,1
T_0000042775,0,0.030720,0
T_0000042783,0,0.089842,0
T_0000042785,1,0.994589,1
T_0000042800,1,0.998323,1
T_0000042816,0,0.035492,0
T_0000042876,1,0.972177,1
T_0000042923,1,0.985441,1
T_0000042928,1,0.970680,1
T_0000042944,1,0.787281,1
T_0000042958,1,0.751715,1
T_0000042959,1,0.968437,1
T_0000042969,1,0.994461,1
T_0000042982,1,0.999997,1
T_0000042983,1,0.608540,1
T_0000043020,0,0.031091,0
T_0000043023,0,0.012474,0
T_0000043047,1,1.000000,1
T_0000043052,1,0.998679,1
T_0000043081,0,0.027258,0
T_0000043098,1,0.145037,0
T_0000043123,0,0.019352,0
T_0000043128,1,0.991794,1
T_0000043140,1,0.995615,1
T_0000043154,0,0.011489,0
T_0000043157,1,0.999998,1
T_0000043162,0,0.016959,0
T_0000043178,1,0.992692,1
T_0000043188,1,0.990072,1
T_0000043231,1,0.953531,1
T_0000043232,1,0.995191,1
T_0000043240,1,0.986901,1
T_0000043274,0,0.135131,0
T_0000043280,0,0.044102,0
T_0000043332,0,0.034061,0
T_0000043337,0,0.016822,0
T_0000043360,1,0.999921,1
T_0000043423,1,0.993261,1
T_0000043454,0,0.035373,0
T_0000043525,1,0.995661,1
T_0000043527,1,0.993108,1
T_0000043534,0,0.001694,0
T_0000043567,1,0.998807,1
T_0000043575,1,0.997003,1
T_0000043583,1,0.995374,1
T_0000043619,1,0.988718,1
T_0000043635,1,0.684730,1
T_0000043718,1,0.992432,1
T_0000043735,1,0.984460,1
T_0000043741,1,0.997394,1
T_0000043753,0,0.028083,0
T_0000043782,1,0.990165,1
T_0000043795,0,0.033790,0
T_0000043801,1,0.999179,1
T_0000043823,0,0.026924,0
T_0000043831,0,0.004971,0
T_0000043850,0,0.021793,0
T_0000043855,0,0.051275,0
T_0000043882,0,0.054222,0
T_0000043930,1,0.029460,0
T_0000043932,1,0.995001,1
T_0000043934,0,0.196488,1
T_0000043971,0,0.086737,0
T_0000043989,1,0.923983,1
T_0000044022,0,0.025452,0
T_0000044057,1,0.939915,1
T_0000044079,1,1.000000,1
T_0000044084,0,0.034086,0
T_0000044094,0,0.097002,0
T_0000044098,0,0.030348,0
T_0000044142,0,0.043798,0
T_0000044144,1,0.998893,1
T_0000044145,1,0.995383,1
T_0000044181,1,0.989847,1
T_0000044198,0,0.010499,0
T_0000044223,1,0.975914,1
T_0000044236,1,0.985353,1
T_0000044286,0,0.028014,0
T_0000044308,0,0.006388,0
T_0000044346,1,0.952245,1
T_0000044372,1,0.999995,1
T_0000044379,0,0.039971,0
T_0000044397,0,0.082929,0
T_0000044406,0,0.011888,0
T_0000044411,0,0.024948,0
T_0000044428,0,0.337469,1
T_0000044451,0,0.006150,0
T_0000044457,1,0.134296,0
T_0000044506,1,0.982043,1
T_0000044526,0,0.071857,0
T_0000044527,1,0.129639,0
T_0000044649,1,0.996987,1
T_0000044660,1,0.993378,1
T_0000044669,1,0.985282,1
T_0000044703,1,0.961637,1
T_0000044727,1,0.995151,1
T_0000044763,0,0.264632,1
T_0000044767,1,1.000000,1
T_0000044815,1,0.061605,0
T_0000044822,0,0.051664,0
T_0000044830,1,0.985745,1
T_0000044841,1,0.998743,1
T_0000044878,0,0.035564,0
T_0000044890,1,0.040758,0
T_0000044918,0,0.024547,0
T_0000044924,1,0.994664,1
T_0000044939,1,0.989463,1
T_0000044967,1,0.984635,1
T_0000045000,1,0.994715,1
T_0000045050,1,0.984472,1
T_0000045070,1,0.991918,1
T_0000045078,0,0.044215,0
T_0000045109,1,0.979572,1
T_0000045122,1,0.989467,1
T_0000045148,1,0.954506,1
T_0000045209,1,0.993947,1
T_0000045251,1,0.597627,1
T_0000045269,1,0.974410,1
T_0000045303,1,0.999549,1
T_0000045309,1,0.929014,1
T_0000045364,1,0.948350,1
T_0000045372,0,0.025482,0
T_0000045377,1,0.986403,1
T_0000045408,1,0.991470,1
T_0000045433,1,1.000000,1
T_0000045472,0,0.031742,0
T_0000045487,1,0.993338,1
T_0000045490,0,0.148354,0
T_0000045504,1,0.996755,1
T_0000045507,0,0.040702,0
T_0000045603,0,0.018990,0
T_0000045605,1,0.999948,1
T_0000045609,0,0.058228,0
T_0000045662,1,0.999825,1
T_0000045677,0,0.039203,0
T_0000045681,1,0.994222,1
T_0000045729,1,0.994328,1
T_0000045752,0,0.050867,0
T_0000045767,1,0.988562,1
T_0000045814,1,0.983345,1
T_0000045843,1,0.978082,1
T_0000045855,1,0.995870,1
T_0000045856,1,0.999999,1
T_0000045882,1,0.999987,1
T_0000045897,0,0.004584,0
T_0000045905,1,0.915564,1
T_0000045941,1,0.971232,1
T_0000045980,1,0.997102,1
T_0000045983,1,0.994428,1
T_0000046065,0,0.116498,0
T_0000046072,1,0.992975,1
T_0000046073,1,0.970710,1
T_0000046083,1,0.999015,1
T_0000046085,0,0.027101,0
T_0000046125,1,0.999992,1
T_0000046127,1,0.990937,1
T_0000046180,1,0.993317,1
T_0000046218,0,0.016235,0
T_0000046246,1,0.993157,1
T_0000046258,1,0.991772,1
T_0000046287,1,0.988861,1
T_0000046335,1,0.999969,1
T_0000046350,0,0.004328,0
T_0000046351,1,0.988151,1
T_0000046356,1,0.999840,1
T_0000046363,1,0.993753,1
T_0000046373,1,0.597203,1
T_0000046380,0,0.062131,0
T_0000046387,0,0.017512,0
T_0000046408,1,1.000000,1
T_0000046419,1,0.992721,1
T_0000046442,1,0.992636,1
T_0000046444,1,0.993025,1
T_0000046455,0,0.082644,0
T_0000046457,1,0.991153,1
T_0000046519,1,0.990642,1
T_0000046521,1,0.994269,1
T_0000046524,0,0.019844,0
T_0000046552,1,0.994006,1
T_0000046554,1,0.994398,1
T_0000046588,0,0.014308,0
T_0000046624,1,0.973017,1
T_0000046655,0,0.070600,0
T_0000046700,1,0.573139,1
T_0000046734,0,0.040297,0
T_0000046750,0,0.065758,0
T_0000046755,0,0.027511,0
T_0000046817,1,0.999678,1
T_0000046825,1,0.994098,1
T_0000046876,1,0.998650,1
T_0000046882,1,0.981327,1
T_0000046920,1,0.992845,1
T_0000046955,0,0.052401,0
T_0000046994,1,0.978520,1
T_0000046995,0,0.010366,0
T_0000047037,0,0.029254,0
T_0000047067,0,0.013717,0
T_0000047119,1,0.993554,1
T_0000047138,0,0.065232,0
T_0000047174,1,0.996090,1
T_0000047182,1,0.988393,1
T_0000047200,0,0.026438,0
T_0000047251,0,0.028144,0
T_0000047289,1,0.992718,1
T_0000047304,1,0.982994,1
T_0000047313,1,0.119800,0
T_0000047330,1,0.103854,0
T_0000047334,0,0.013901,0
T_0000047337,0,0.006210,0
T_0000047344,1,0.984288,1
T_0000047346,1,0.994128,1
T_0000047352,1,0.997441,1
T_0000047370,1,0.995024,1
T_0000047395,1,0.996100,1
T_0000047441,0,0.004848,0
T_0000047446,1,0.982789,1
T_0000047451,1,0.178517,0
T_0000047458,0,0.063424,0
T_0000047469,1,0.994502,1
T_0000047499,1,0.999301,1
T_0000047509,1,0.987424,1
T_0000047526,0,0.061329,0
T_0000047528,0,0.017309,0
T_0000047555,0,0.029943,0
T_0000047581,1,0.139455,0
T_0000047589,1,0.985772,1
T_0000047595,1,0.995270,1
T_0000047597,0,0.007776,0
T_0000047628,0,0.006204,0
T_0000047638,1,0.990076,1
T_0000047667,0,0.086531,0
T_0000047702,1,0.726205,1
T_0000047704,0,0.019626,0
T_0000047738,1,0.999711,1
T_0000047757,0,0.050108,0
T_0000047764,1,0.988235,1
T_0000047771,1,0.973219,1
T_0000047774,1,0.994644,1
T_0000047853,1,0.938448,1
T_0000047857,1,0.999964,1
T_0000047860,0,0.006042,0
T_0000047915,0,0.125457,0
T_0000047971,1,0.989606,1
T_0000047986,1,0.993838,1
T_0000047994,1,0.985678,1
T_0000048002,1,0.433854,1
T_0000048044,1,0.991268,1
T_0000048046,0,0.040148,0
T_0000048091,1,0.995235,1
T_0000048095,0,0.033504,0
T_0000048106,1,0.993845,1
T_0000048108,1,0.970210,1
T_0000048128,0,0.261018,1
T_0000048141,1,0.994777,1
T_0000048167,0,0.041509,0
T_0000048184,1,0.988711,1
T_0000048187,0,0.008174,0
T_0000048233,1,1.000000,1
T_0000048244,0,0.015582,0
T_0000048265,0,0.007111,0
T_0000048279,1,0.115208,0
T_0000048300,0,0.060540,0
T_0000048301,0,0.016553,0
T_0000048322,1,0.999852,1
T_0000048353,1,0.995137,1
T_0000048356,1,0.994674,1
T_0000048383,1,0.975734,1
T_0000048387,0,0.003707,0
T_0000048450,1,0.992490,1
T_0000048465,1,0.956431,1
T_0000048487,1,0.731971,1
T_0000048492,1,0.929327,1
T_0000048608,1,0.999837,1
T_0000048695,1,0.387981,1
T_0000048722,1,0.995362,1
T_0000048746,0,0.002081,0
T_0000048754,1,0.311623,1
T_0000048772,1,0.995909,1
T_0000048777,1,1.000000,1
T_0000048804,1,0.987299,1
T_0000048821,1,0.989719,1
T_0000048832,0,0.015790,0
T_0000048872,0,0.050718,0
T_0000048887,1,0.062573,0
T_0000048913,1,0.995672,1
T_0000048919,0,0.024661,0
T_0000048921,0,0.040528,0
T_0000048942,1,0.992178,1
T_0000048968,0,0.027256,0
T_0000048982,1,0.992009,1
T_0000049028,1,0.215438,1
T_0000049082,1,0.994980,1
T_0000049160,1,0.990540,1
T_0000049188,0,0.010956,0
T_0000049207,1,0.994013,1
T_0000049222,1,0.999970,1
T_0000049224,0,0.087221,0
T_0000049236,1,0.954597,1
T_0000049238,1,0.981135,1
T_0000049241,0,0.003756,0
T_0000049262,0,0.008466,0
T_0000049267,1,0.997291,1
T_0000049285,1,0.988534,1
T_0000049299,1,0.987209,1
T_0000049307,0,0.008125,0
T_0000049322,1,0.992907,1
T_0000049326,1,0.994927,1
T_0000049363,1,0.994655,1
T_0000049382,1,0.993392,1
T_0000049383,1,0.991689,1
T_0000049400,1,0.993296,1
T_0000049408,1,0.995477,1
T_0000049452,1,0.984191,1
T_0000049454,1,0.992589,1
T_0000049474,0,0.034587,0
T_0000049483,0,0.020220,0
T_0000049502,0,0.017725,0
T_0000049513,1,0.990442,1
T_0000049516,1,0.896756,1
T_0000049517,1,0.993416,1
T_0000049519,0,0.048927,0
T_0000049527,1,0.995438,1
T_0000049548,1,0.987679,1
T_0000049554,0,0.017084,0
T_0000049562,1,0.993284,1
T_0000049564,0,0.016762,0
T_0000049566,0,0.096559,0
T_0000049675,0,0.044000,0
T_0000049684,0,0.017143,0
T_0000049789,0,0.030890,0
T_0000049790,0,0.013475,0
T_0000049807,1,0.925575,1
T_0000049817,1,0.992675,1
T_0000049823,0,0.108867,0
T_0000049840,1,0.998308,1
T_0000049897,1,0.994283,1
T_0000049913,0,0.018721,0
T_0000049921,1,0.986636,1
T_0000049985,1,0.996594,1
T_0000050016,0,0.009122,0
T_0000050031,1,0.999960,1
T_0000050074,0,0.017091,0
T_0000050081,1,0.994781,1
T_0000050086,1,0.987423,1
T_0000050098,1,0.999999,1
T_0000050106,1,0.994852,1
T_0000050116,1,0.972658,1
T_0000050197,1,0.987211,1
T_0000050213,1,0.989534,1
T_0000050223,1,0.984885,1
T_0000050248,1,0.989670,1
T_0000050279,1,0.043226,0
T_0000050284,1,0.051223,0
T_0000050287,0,0.179979,0
T_0000050289,1,0.996547,1
T_0000050317,1,0.988716,1
T_0000050322,1,0.992683,1
T_0000050338,1,0.962357,1
T_0000050366,0,0.095788,0
T_0000050367,0,0.025366,0
T_0000050394,1,0.990794,1
T_0000050461,1,0.988985,1
T_0000050482,0,0.005429,0
T_0000050501,0,0.023741,0
T_0000050502,1,0.991140,1
T_0000050554,0,0.015194,0
T_0000050649,1,0.994689,1
T_0000050658,0,0.022186,0
T_0000050679,1,0.991673,1
T_0000050689,0,0.016414,0
T_0000050735,1,0.995080,1
T_0000050741,1,0.985863,1
T_0000050813,1,0.987123,1
T_0000050825,1,0.990347,1
T_0000050844,0,0.004304,0
T_0000050884,0,0.072654,0
T_0000050924,1,0.964250,1
T_0000050938,1,0.999994,1
T_0000050946,0,0.036428,0
T_0000050947,0,0.005499,0
T_0000051010,1,0.987128,1
T_0000051030,0,0.010596,0
T_0000051042,1,0.992792,1
T_0000051087,0,0.064400,0
T_0000051089,1,0.994333,1
T_0000051197,0,0.048909,0
T_0000051199,1,0.982774,1
T_0000051229,1,0.992133,1
T_0000051240,0,0.130108,0
T_0000051242,0,0.004111,0
T_0000051256,1,1.000000,1
T_0000051257,1,0.988367,1
T_0000051284,1,0.996790,1
T_0000051326,1,0.932288,1
T_0000051327,0,0.071312,0
T_0000051353,1,0.993540,1
T_0000051359,0,0.024239,0
T_0000051380,1,0.991047,1
T_0000051397,0,0.014540,0
T_0000051402,1,0.978117,1
T_0000051413,1,0.998002,1
T_0000051415,1,0.946324,1
T_0000051417,0,0.043131,0
T_0000051441,0,0.001962,0
T_0000051449,1,0.989425,1
T_0000051455,0,0.057829,0
T_0000051466,1,1.000000,1
T_0000051483,1,0.989844,1
T_0000051486,1,0.995032,1
T_0000051543,1,0.997250,1
T_0000051563,0,0.015512,0
T_0000051576,1,0.996876,1
T_0000051597,0,0.014112,0
T_0000051671,0,0.002385,0
T_0000051676,0,0.016691,0
T_0000051679,1,0.989587,1
T_0000051687,1,0.995997,1
T_0000051745,1,0.995133,1
T_0000051786,0,0.017501,0
T_0000051791,1,0.993161,1
T_0000051825,0,0.024807,0
T_0000051831,0,0.023194,0
T_0000051946,1,0.995004,1
T_0000051958,1,0.975798,1
T_0000051977,0,0.012596,0
T_0000051997,1,1.000000,1
T_0000052015,1,0.988214,1
T_0000052097,0,0.040095,0
T_0000052132,1,0.364432,1
T_0000052185,1,0.934566,1
T_0000052221,1,0.998007,1
T_0000052222,1,0.992283,1
T_0000052284,0,0.053153,0
T_0000052292,1,0.994694,1
T_0000052294,1,0.993247,1
T_0000052355,1,0.953247,1
T_0000052371,1,0.985154,1
T_0000052412,0,0.028113,0
T_0000052428,0,0.039713,0
T_0000052437,0,0.024352,0
T_0000052452,1,1.000000,1
T_0000052465,1,0.995953,1
T_0000052511,1,0.951550,1
T_0000052589,1,0.990391,1
T_0000052656,1,0.992872,1
T_0000052675,1,0.990098,1
T_0000052678,1,0.450584,1
T_0000052684,1,0.984574,1
T_0000052706,1,0.995180,1
T_0000052728,0,0.017054,0
T_0000052730,1,0.994114,1
T_0000052836,0,0.034924,0
T_0000052843,0,0.038193,0
T_0000052883,0,0.005562,0
T_0000052889,0,0.004888,0
T_0000052906,0,0.008900,0
T_0000052908,1,0.994765,1
T_0000052987,1,0.987966,1
T_0000053000,1,0.991230,1
T_0000053018,1,0.992647,1
T_0000053023,0,0.089050,0
T_0000053028,0,0.030149,0
T_0000053046,1,0.995118,1
T_0000053074,1,0.989673,1
T_0000053094,1,0.987626,1
T_0000053105,1,0.995469,1
T_0000053139,0,0.030685,0
T_0000053163,1,0.989774,1
T_0000053169,1,0.992100,1
T_0000053175,1,0.984348,1
T_0000053242,1,0.997765,1
T_0000053244,1,0.987732,1
T_0000053270,1,0.982490,1
T_0000053287,0,0.023631,0
T_0000053326,1,0.991772,1
T_0000053363,1,0.996596,1
T_0000053400,1,1.000000,1
T_0000053407,1,1.000000,1
T_0000053416,1,0.994515,1
T_0000053500,1,0.974398,1
T_0000053503,0,0.029067,0
T_0000053507,0,0.015468,0
T_0000053514,1,0.069325,0
T_0000053545,1,0.990448,1
T_0000053586,1,0.993734,1
T_0000053626,1,0.990641,1
T_0000053689,0,0.020182,0
T_0000053722,1,0.999644,1
T_0000053732,1,0.999991,1
T_0000053737,1,0.996771,1
T_0000053812,0,0.019712,0
T_0000053832,0,0.064523,0
T_0000053887,1,0.999933,1
T_0000053901,0,0.028472,0
T_0000053931,1,0.995912,1
T_0000053936,1,0.998713,1
T_0000053941,0,0.010122,0
T_0000053956,1,0.991363,1
T_0000053968,1,0.995446,1
T_0000053980,1,0.046794,0
T_0000053996,0,0.035109,0
T_0000053998,0,0.015940,0
T_0000054024,1,0.124626,0
T_0000054059,0,0.369956,1
T_0000054092,1,0.997371,1
T_0000054095,1,0.990556,1
T_0000054141,1,0.999892,1
T_0000054150,1,0.994433,1
T_0000054157,1,0.985663,1
T_0000054186,1,0.991757,1
T_0000054190,1,0.990979,1
T_0000054200,0,0.019452,0
T_0000054231,1,0.992509,1
T_0000054255,1,0.955138,1
T_0000054273,1,0.992946,1
T_0000054275,1,0.997890,1
T_0000054289,1,0.989133,1
T_0000054296,1,0.990701,1
T_0000054298,0,0.037777,0
T_0000054309,1,0.513855,1
T_0000054311,1,0.993908,1
T_0000054341,1,0.993295,1
T_0000054365,0,0.042252,0
T_0000054391,0,0.040740,0
T_0000054404,0,0.019445,0
T_0000054412,1,0.996680,1
T_0000054446,1,0.990140,1
T_0000054475,1,0.993089,1
T_0000054483,1,0.991220,1
T_0000054500,0,0.004471,0
T_0000054508,1,0.992417,1
T_0000054529,0,0.091648,0
T_0000054533,0,0.034337,0
T_0000054553,0,0.028062,0
T_0000054557,1,0.998782,1
T_0000054582,1,0.440659,1
T_0000054587,0,0.035687,0
T_0000054593,0,0.048027,0
T_0000054598,1,0.987635,1
T_0000054605,0,0.021430,0
T_0000054622,1,0.999655,1
T_0000054705,0,0.189294,1
T_0000054712,0,0.024554,0
T_0000054805,1,0.995155,1
T_0000054820,1,0.994227,1
T_0000054831,1,0.994489,1
T_0000054833,1,0.997535,1
T_0000054843,1,0.960690,1
T_0000054847,0,0.005598,0
T_0000054892,0,0.043781,0
T_0000054900,1,0.994934,1
T_0000054925,0,0.036915,0
T_0000054929,0,0.046014,0
T_0000054944,1,0.995485,1
T_0000054973,0,0.013094,0
T_0000054982,1,0.994843,1
T_0000054983,1,0.991171,1
T_0000054992,1,0.992713,1
T_0000055025,0,0.070025,0
T_0000055038,1,0.914353,1
T_0000055041,1,0.996363,1
T_0000055056,0,0.018629,0
T_0000055060,0,0.052868,0
T_0000055069,1,0.994962,1
T_0000055104,1,0.994835,1
T_0000055130,0,0.005567,0
T_0000055182,1,0.656442,1
T_0000055235,1,0.955115,1
T_0000055260,1,0.992044,1
T_0000055289,0,0.033895,0
T_0000055310,1,0.992900,1
T_0000055325,1,0.848792,1
T_0000055331,1,0.994043,1
T_0000055386,1,0.995985,1
T_0000055392,1,0.994263,1
T_0000055394,0,0.121808,0
T_0000055459,0,0.022488,0
T_0000055462,1,0.927317,1
T_0000055552,0,0.006272,0
T_0000055579,0,0.985258,1
T_0000055584,0,0.004476,0
T_0000055586,0,0.007888,0
T_0000055621,1,0.994879,1
T_0000055625,1,0.996278,1
T_0000055659,1,0.995656,1
T_0000055668,1,0.992631,1
T_0000055669,0,0.006588,0
T_0000055701,0,0.036220,0
T_0000055704,1,0.068313,0
T_0000055705,1,0.631500,1
T_0000055718,1,0.980059,1
T_0000055719,1,0.992350,1
T_0000055727,0,0.022368,0
T_0000055728,0,0.012167,0
T_0000055733,1,0.995022,1
T_0000055772,1,0.987535,1
T_0000055778,0,0.039797,0
T_0000055794,1,0.999235,1
T_0000055802,1,0.991327,1
T_0000055813,1,0.992852,1
T_0000055844,0,0.008383,0
T_0000055865,1,0.995973,1
T_0000055903,1,0.991255,1
T_0000055928,0,0.011329,0
T_0000055931,1,0.993519,1
T_0000055940,1,0.996206,1
T_0000055952,1,0.962079,1
T_0000055953,1,0.992916,1
T_0000055961,1,0.996054,1
T_0000055986,1,0.119942,0
T_0000055992,1,0.994275,1
T_0000056018,1,0.995442,1
T_0000056023,1,0.993882,1
T_0000056025,1,0.994694,1
T_0000056054,0,0.017715,0
T_0000056078,0,0.007983,0
T_0000056091,1,0.866851,1
T_0000056095,1,0.990528,1
T_0000056098,0,0.023686,0
T_0000056104,0,0.062507,0
T_0000056149,1,0.988487,1
T_0000056156,0,0.038335,0
T_0000056183,0,0.010372,0
T_0000056222,1,0.983040,1
T_0000056240,1,0.992421,1
T_0000056259,1,0.991497,1
T_0000056277,1,0.989398,1
T_0000056301,1,0.569773,1
T_0000056335,1,0.994208,1
T_0000056339,1,0.975305,1
T_0000056346,1,0.864403,1
T_0000056348,1,0.995493,1
T_0000056356,0,0.018390,0
T_0000056382,1,0.997469,1
T_0000056401,0,0.037216,0
T_0000056420,0,0.047180,0
T_0000056421,1,0.996511,1
T_0000056428,0,0.145894,0
T_0000056429,1,0.994357,1
T_0000056450,1,0.992981,1
T_0000056504,0,0.033483,0
T_0000056510,1,0.992270,1
T_0000056515,1,0.995376,1
T_0000056516,1,0.984004,1
T_0000056564,1,0.950750,1
T_0000056580,1,0.991321,1
T_0000056588,1,0.933278,1
T_0000056591,1,0.983856,1
T_0000056622,1,0.989728,1
T_0000056661,1,0.988972,1
T_0000056668,0,0.090042,0
T_0000056688,1,0.999875,1
T_0000056704,1,0.993294,1
T_0000056710,1,0.986389,1
T_0000056721,1,0.570438,1
T_0000056730,0,0.926587,1
T_0000056757,1,0.976016,1
T_0000056767,1,0.996554,1
T_0000056769,0,0.005749,0
T_0000056793,1,0.984237,1
T_0000056799,0,0.035364,0
T_0000056832,1,0.996631,1
T_0000056876,1,0.019227,0
T_0000056915,1,0.998981,1
T_0000056926,1,0.996535,1
T_0000056944,1,0.983945,1
T_0000056971,1,0.994240,1
T_0000057038,1,0.978189,1
T_0000057050,1,0.970459,1
T_0000057174,0,0.007893,0
T_0000057176,1,0.995011,1
T_0000057180,1,0.561761,1
T_0000057183,1,0.026587,0
T_0000057247,1,0.994316,1
T_0000057260,0,0.016072,0
T_0000057301,1,0.993854,1
T_0000057319,1,0.999995,1
T_0000057337,1,0.996695,1
T_0000057408,1,0.999805,1
T_0000057432,0,0.043598,0
T_0000057439,0,0.050269,0
T_0000057454,0,0.023974,0
T_0000057472,0,0.023008,0
T_0000057506,1,0.991232,1
T_0000057533,0,0.134769,0
T_0000057534,1,0.990326,1
T_0000057560,1,0.999997,1
T_0000057573,1,0.044030,0
T_0000057596,0,0.029058,0
T_0000057626,1,0.985334,1
T_0000057630,1,0.998933,1
T_0000057652,0,0.027442,0
T_0000057654,0,0.022422,0
T_0000057684,1,0.079301,0
T_0000057707,1,0.990864,1
T_0000057740,1,0.999978,1
T_0000057760,1,0.982448,1
T_0000057779,1,0.993077,1
T_0000057793,1,0.963421,1
T_0000057816,0,0.051330,0
T_0000057845,1,0.991760,1
T_0000057865,1,0.990089,1
T_0000057891,1,0.972811,1
T_0000057939,1,0.996478,1
T_0000057952,1,0.999996,1
T_0000057956,0,0.068086,0
T_0000057978,1,0.995368,1
T_0000057984,0,0.032834,0
T_0000058001,1,1.000000,1
T_0000058011,0,0.010469,0
T_0000058095,1,0.987810,1
T_0000058129,1,0.983286,1
T_0000058133,1,0.994910,1
T_0000058146,1,0.992859,1
T_0000058213,1,0.995844,1
T_0000058221,1,0.996388,1
T_0000058250,1,0.991469,1
T_0000058301,1,0.996531,1
T_0000058313,1,0.528946,1
T_0000058339,0,0.009082,0
T_0000058359,0,0.021442,0
T_0000058360,0,0.832250,1
T_0000058409,0,0.053495,0
T_0000058410,1,0.157434,0
T_0000058416,1,0.981625,1
T_0000058424,1,0.996623,1
T_0000058445,1,0.991163,1
T_0000058469,1,0.173517,0
T_0000058470,1,0.952499,1
T_0000058474,0,0.011554,0
T_0000058504,0,0.001204,0
T_0000058549,1,0.980449,1
T_0000058563,1,0.999587,1
T_0000058574,1,0.980398,1
T_0000058576,1,0.998498,1
T_0000058581,1,0.999967,1
T_0000058587,1,0.998106,1
T_0000058594,1,0.994603,1
T_0000058604,0,0.021302,0
T_0000058682,0,0.020758,0
T_0000058685,1,0.986484,1
T_0000058695,0,0.005871,0
T_0000058767,1,0.987910,1
T_0000058772,1,0.997352,1
T_0000058778,0,0.017702,0
T_0000058806,1,0.994345,1
T_0000058822,1,0.998131,1
T_0000058865,1,0.994745,1
T_0000058896,0,0.018820,0
T_0000058898,1,0.215819,1
T_0000058901,1,0.994439,1
T_0000058916,0,0.017480,0
T_0000058949,0,0.016509,0
T_0000058992,1,1.000000,1
T_0000059003,1,0.996919,1
T_0000059005,1,0.984552,1
T_0000059039,1,0.999996,1
T_0000059049,1,0.992030,1
T_0000059072,1,0.639914,1
T_0000059113,1,0.967837,1
T_0000059118,1,0.964707,1
T_0000059180,1,0.982219,1
T_0000059193,0,0.006224,0
T_0000059212,1,0.997117,1
T_0000059214,1,0.081566,0
T_0000059217,1,0.999348,1
T_0000059296,1,0.989620,1
T_0000059311,0,0.001290,0
T_0000059320,1,0.995680,1
T_0000059327,1,0.897768,1
T_0000059339,0,0.251650,1
T_0000059342,1,0.990555,1
T_0000059397,1,0.969649,1
T_0000059403,0,0.048526,0
T_0000059451,1,0.994857,1
T_0000059490,0,0.024286,0
T_0000059496,1,0.994781,1
T_0000059522,1,0.757625,1
T_0000059531,1,0.060575,0
T_0000059537,1,0.992078,1
T_0000059538,1,0.971453,1
T_0000059574,1,0.987279,1
T_0000059580,1,0.991730,1
T_0000059591,0,0.027441,0
T_0000059593,1,0.990958,1
T_0000059595,1,0.063317,0
T_0000059658,1,0.996426,1
T_0000059711,1,0.997671,1
T_0000059721,1,1.000000,1
T_0000059761,1,0.293033,1
T_0000059785,0,0.025475,0
T_0000059821,1,0.968597,1
T_0000059824,0,0.086601,0
T_0000059868,1,0.994661,1
T_0000059930,0,0.006455,0
T_0000059948,1,0.532532,1
T_0000059969,1,0.991312,1
T_0000060072,0,0.021085,0
T_0000060134,1,0.999787,1
T_0000060139,0,0.017178,0
T_0000060146,1,0.991053,1
T_0000060210,0,0.048055,0
T_0000060219,0,0.004049,0
T_0000060229,1,0.989102,1
T_0000060269,1,0.990156,1
T_0000060323,0,0.032867,0
T_0000060351,1,0.975610,1
T_0000060390,1,0.993689,1
T_0000060394,1,0.981092,1
T_0000060411,0,0.008620,0
T_0000060428,1,0.990125,1
T_0000060442,0,0.030843,0
T_0000060462,0,0.012224,0
T_0000060512,1,0.985536,1
T_0000060532,0,0.068983,0
T_0000060547,0,0.014397,0
T_0000060550,0,0.040989,0
T_0000060557,0,0.005262,0
T_0000060573,1,0.997062,1
T_0000060599,1,0.994165,1
T_0000060618,1,0.999117,1
T_0000060624,1,0.994011,1
T_0000060633,1,0.994727,1
T_0000060652,1,0.984403,1
T_0000060715,0,0.042556,0
T_0000060745,1,0.997219,1
T_0000060756,1,0.989995,1
T_0000060759,1,0.993886,1
T_0000060771,1,0.999990,1
T_0000060773,0,0.029137,0
T_0000060775,1,0.995513,1
T_0000060781,1,0.976303,1
T_0000060787,1,0.121125,0
T_0000060807,1,0.973481,1
T_0000060821,1,0.945516,1
T_0000060834,1,0.974424,1
T_0000060854,0,0.065974,0
T_0000060861,1,0.991345,1
T_0000060895,1,0.990052,1
T_0000060913,0,0.014132,0
T_0000060925,1,0.999968,1
T_0000060962,0,0.017533,0
T_0000060979,0,0.020794,0
T_0000061000,1,0.789589,1
T_0000061004,0,0.032888,0
T_0000061012,1,0.986093,1
T_0000061017,1,0.297828,1
T_0000061068,0,0.050746,0
T_0000061087,1,0.761948,1
T_0000061090,1,0.179032,0
T_0000061106,1,0.993998,1
T_0000061125,0,0.047855,0
T_0000061172,0,0.017898,0
T_0000061201,1,0.995127,1
T_0000061203,0,0.058074,0
T_0000061217,0,0.024656,0
T_0000061225,1,0.996061,1
T_0000061270,1,0.970609,1
T_0000061303,1,0.988354,1
T_0000061310,1,0.985314,1
T_0000061330,1,1.000000,1
T_0000061395,1,0.109884,0
T_0000061428,1,0.965408,1
T_0000061442,1,0.941431,1
T_0000061515,1,0.963283,1
T_0000061543,1,0.992553,1
T_0000061548,1,0.971706,1
T_0000061562,1,0.544716,1
T_0000061569,1,0.993938,1
T_0000061596,0,0.077635,0
T_0000061604,0,0.010478,0
T_0000061613,1,0.989963,1
T_0000061619,1,0.988898,1
T_0000061624,1,0.066262,0
T_0000061634,1,0.977352,1
T_0000061646,0,0.016300,0
T_0000061681,1,0.044183,0
T_0000061845,1,1.000000,1
T_0000061872,1,0.993866,1
T_0000061875,0,0.003290,0
T_0000061896,1,0.991079,1
T_0000061906,0,0.007429,0
T_0000061911,1,0.999995,1
T_0000061928,0,0.031783,0
T_0000061966,1,0.988312,1
T_0000062007,0,0.046048,0
T_0000062025,1,0.998619,1
T_0000062087,1,0.395937,1
T_0000062089,1,0.990457,1
T_0000062148,1,0.984052,1
T_0000062158,0,0.043229,0
T_0000062166,0,0.010073,0
T_0000062176,1,0.992860,1
T_0000062237,1,0.624015,1
T_0000062250,0,0.081550,0
T_0000062253,1,0.999276,1
T_0000062327,1,0.965064,1
T_0000062358,0,0.022415,0
T_0000062398,1,0.987836,1
T_0000062427,1,0.964610,1
T_0000062432,1,0.991369,1
T_0000062465,1,0.987480,1
T_0000062489,0,0.030150,0
T_0000062512,1,0.999824,1
T_0000062578,0,0.032758,0
T_0000062592,0,0.025923,0
T_0000062598,1,0.988369,1
T_0000062653,1,0.976555,1
T_0000062686,1,0.986387,1
T_0000062708,1,0.997294,1
T_0000062726,0,0.015899,0
T_0000062732,0,0.034950,0
T_0000062809,0,0.015337,0
T_0000062811,1,0.719696,1
T_0000062822,1,0.992505,1
T_0000062825,1,0.894348,1
T_0000062859,1,0.992586,1
T_0000062865,1,0.999917,1
T_0000062883,0,0.054166,0
T_0000062949,1,0.903266,1
T_0000062965,1,0.990421,1
T_0000062971,1,0.991414,1
T_0000062975,0,0.037468,0
T_0000062978,1,0.992795,1
T_0000063010,0,0.072352,0
T_0000063049,1,0.967596,1
T_0000063054,0,0.047654,0
T_0000063063,1,0.994389,1
T_0000063110,1,0.994345,1
T_0000063162,1,0.846747,1
T_0000063164,1,0.997088,1
T_0000063187,0,0.007680,0
T_0000063188,0,0.035134,0
T_0000063316,1,0.989201,1
T_0000063318,1,0.999868,1
T_0000063344,0,0.058298,0
T_0000063351,1,0.997022,1
T_0000063354,1,0.904889,1
T_0000063381,1,0.977466,1
T_0000063409,1,0.991060,1
T_0000063485,0,0.006234,0
T_0000063488,0,0.066413,0
T_0000063523,0,0.148690,0
T_0000063589,0,0.094777,0
T_0000063606,0,0.234504,1
T_0000063623,1,0.993528,1
T_0000063649,0,0.041199,0
T_0000063653,1,0.764739,1
T_0000063681,1,0.995344,1
T_0000063719,1,0.806643,1
T_0000063720,1,0.214040,1
T_0000063723,1,0.999998,1
T_0000063743,1,0.993409,1
T_0000063756,0,0.005828,0
T_0000063765,0,0.146238,0
T_0000063777,1,0.030679,0
T_0000063783,0,0.100047,0
T_0000063796,1,0.992244,1
T_0000063802,0,0.093653,0
T_0000063825,0,0.016987,0
T_0000063832,1,0.980799,1
T_0000063844,0,0.004132,0
T_0000063845,0,0.022025,0
T_0000063866,0,0.005692,0
T_0000063871,0,0.008533,0
T_0000063882,1,0.992143,1
T_0000063901,0,0.029560,0
T_0000063950,1,0.987942,1
T_0000063996,1,0.152158,0
T_0000064004,0,0.081580,0
T_0000064021,1,0.099475,0
T_0000064052,0,0.007200,0
T_0000064079,0,0.002291,0
T_0000064120,1,0.999165,1
T_0000064124,1,0.998439,1
T_0000064177,0,0.010883,0
T_0000064183,0,0.048704,0
T_0000064215,0,0.012138,0
T_0000064232,0,0.012066,0
T_0000064256,1,0.993992,1
T_0000064264,0,0.018600,0
T_0000064284,1,1.000000,1
T_0000064311,0,0.042608,0
T_0000064313,1,0.955132,1
T_0000064317,1,0.987041,1
T_0000064326,1,0.231052,1
T_0000064331,1,0.990047,1
T_0000064342,0,0.041146,0
T_0000064359,1,0.991357,1
T_0000064380,1,0.879183,1
T_0000064394,1,0.991315,1
T_0000064411,1,0.992642,1
T_0000064426,1,0.713903,1
T_0000064428,1,0.147437,0
T_0000064462,1,0.988561,1
T_0000064470,1,0.999994,1
T_0000064496,1,0.996042,1
T_0000064497,1,0.989354,1
T_0000064534,0,0.070749,0
T_0000064556,0,0.034489,0
T_0000064595,1,0.997877,1
T_0000064612,1,0.993990,1
T_0000064615,1,0.995919,1
T_0000064638,1,0.990950,1
T_0000064640,1,0.988805,1
T_0000064676,1,0.115891,0
T_0000064688,0,0.048750,0
T_0000064697,1,0.992284,1
T_0000064705,0,0.049079,0
T_0000064711,1,0.967346,1
T_0000064727,1,0.991659,1
T_0000064733,0,0.022712,0
T_0000064781,0,0.010983,0
T_0000064799,1,0.994813,1
T_0000064810,0,0.044399,0
T_0000064831,1,0.996788,1
T_0000064853,0,0.030337,0
T_0000064893,1,0.987689,1
T_0000064905,1,0.692932,1
T_0000064907,1,0.997917,1
T_0000064924,0,0.016857,0
T_0000064959,1,0.995197,1
T_0000064975,1,0.993505,1
T_0000064985,1,0.967830,1
T_0000064998,1,0.996450,1
T_0000065031,1,0.985473,1
T_0000065041,0,0.001546,0
T_0000065077,1,0.999999,1
T_0000065095,1,0.963770,1
T_0000065105,1,0.991556,1
T_0000065138,0,0.055001,0
T_0000065149,0,0.026638,0
T_0000065237,0,0.026794,0
T_0000065266,1,0.989572,1
T_0000065277,0,0.031837,0
T_0000065395,0,0.017801,0
T_0000065396,1,0.999972,1
T_0000065458,1,0.978387,1
T_0000065469,0,0.022008,0
T_0000065524,1,0.988581,1
T_0000065556,0,0.017318,0
T_0000065573,1,0.399268,1
T_0000065578,1,0.992666,1
T_0000065581,1,0.993277,1
T_0000065587,1,0.994222,1
T_0000065601,1,0.989321,1
T_0000065641,0,0.060018,0
T_0000065659,0,0.062106,0
T_0000065681,1,0.993961,1
T_0000065700,1,0.979732,1
T_0000065713,0,0.031569,0
T_0000065718,1,0.210384,1
T_0000065743,1,0.998952,1
T_0000065745,1,0.993963,1
T_0000065764,1,0.994083,1
T_0000065794,0,0.003347,0
T_0000065814,1,0.992384,1
T_0000065843,1,0.990267,1
T_0000065844,1,0.992860,1
T_0000065876,0,0.001852,0
T_0000065906,0,0.143108,0
T_0000065958,0,0.041118,0
T_0000065989,1,0.982048,1
T_0000065990,0,0.005851,0
T_0000065992,1,0.994878,1
T_0000066038,1,0.994326,1
T_0000066090,1,0.939909,1
T_0000066122,0,0.021047,0
T_0000066126,1,0.996207,1
T_0000066183,1,0.132432,0
T_0000066197,1,0.986646,1
T_0000066199,1,0.995933,1
T_0000066219,1,0.995593,1
T_0000066227,1,0.999969,1
T_0000066229,1,0.989538,1
T_0000066240,1,0.993029,1
T_0000066344,0,0.060807,0
T_0000066362,1,0.410352,1
T_0000066367,0,0.018914,0
T_0000066416,1,0.944603,1
T_0000066429,1,0.990603,1
T_0000066433,1,0.991574,1
T_0000066438,0,0.016037,0
T_0000066448,1,0.990128,1
T_0000066460,0,0.006990,0
T_0000066492,0,0.082690,0
T_0000066496,1,1.000000,1
T_0000066508,1,0.983350,1
T_0000066520,1,0.993326,1
T_0000066525,1,0.996921,1
T_0000066589,1,0.330013,1
T_0000066622,1,0.996535,1
T_0000066640,0,0.725165,1
T_0000066696,1,0.994637,1
T_0000066848,1,0.993007,1
T_0000066856,1,0.999884,1
T_0000066879,0,0.014204,0
T_0000066917,1,0.999948,1
T_0000066929,0,0.027216,0
T_0000066930,0,0.023875,0
T_0000066954,1,0.994194,1
T_0000066978,0,0.053230,0
T_0000066990,1,0.995901,1
T_0000067002,1,0.992610,1
T_0000067133,0,0.047080,0
T_0000067139,0,0.023688,0
T_0000067145,1,0.995430,1
T_0000067174,1,0.957084,1
T_0000067179,1,0.991379,1
T_0000067197,1,0.999998,1
T_0000067214,1,0.991501,1
T_0000067229,1,0.989550,1
T_0000067244,0,0.052398,0
T_0000067266,1,0.995293,1
T_0000067330,1,0.990708,1
T_0000067332,1,0.997749,1
T_0000067377,0,0.015694,0
T_0000067395,1,0.998909,1
T_0000067454,1,0.304224,1
T_0000067473,0,0.053485,0
T_0000067484,0,0.010351,0
T_0000067492,1,0.994461,1
T_0000067496,0,0.023198,0
T_0000067503,0,0.053011,0
T_0000067539,0,0.026774,0
T_0000067567,0,0.006932,0
T_0000067571,0,0.203836,1
T_0000067575,0,0.038858,0
T_0000067606,0,0.019347,0
T_0000067618,1,0.406524,1
T_0000067623,1,0.852831,1
T_0000067640,0,0.060266,0
T_0000067651,1,0.995870,1
T_0000067658,1,0.984584,1
T_0000067674,1,0.994086,1
T_0000067718,1,0.983068,1
T_0000067734,1,0.997076,1
T_0000067736,1,0.999401,1
T_0000067768,1,1.000000,1
T_0000067817,0,0.032585,0
T_0000067837,1,0.978375,1
T_0000067850,1,0.998860,1
T_0000067901,1,0.995351,1
T_0000067918,1,0.994833,1
T_0000067964,0,0.099770,0
T_0000067998,0,0.101959,0
T_0000068047,1,0.991320,1
T_0000068083,0,0.005605,0
T_0000068086,1,0.992839,1
T_0000068098,1,0.999594,1
T_0000068109,0,0.014171,0
T_0000068127,1,0.990473,1
T_0000068150,1,0.989392,1
T_0000068249,1,0.072142,0
T_0000068279,1,0.994744,1
T_0000068301,1,0.077660,0
T_0000068304,1,0.061306,0
T_0000068306,0,0.362684,1
T_0000068341,1,0.128298,0
T_0000068349,0,0.012378,0
T_0000068360,0,0.977655,1
T_0000068382,1,0.993740,1
T_0000068401,1,0.993204,1
T_0000068405,1,0.991549,1
T_0000068479,1,0.999931,1
T_0000068497,1,0.175841,0
T_0000068508,1,0.995039,1
T_0000068527,1,0.129432,0
T_0000068529,0,0.008039,0
T_0000068544,1,0.984978,1
T_0000068563,1,0.990200,1
T_0000068585,1,0.100818,0
T_0000068592,0,0.006676,0
T_0000068612,1,0.999998,1
T_0000068626,0,0.025116,0
T_0000068648,1,0.970725,1
T_0000068773,1,0.893514,1
T_0000068781,0,0.039517,0
T_0000068796,1,0.847824,1
T_0000068806,1,0.994215,1
T_0000068823,1,0.991965,1
T_0000068872,1,0.987690,1
T_0000068885,1,0.999993,1
T_0000068898,1,0.983954,1
T_0000068899,1,0.996501,1
T_0000068910,0,0.054386,0
T_0000068922,0,0.032314,0
T_0000068965,1,0.542545,1
T_0000068983,0,0.014028,0
T_0000069019,1,0.991796,1
T_0000069052,1,0.636809,1
T_0000069117,1,1.000000,1
T_0000069133,0,0.035313,0
T_0000069162,1,0.969336,1
T_0000069191,0,0.011938,0
T_0000069226,1,0.993695,1
T_0000069239,0,0.012496,0
T_0000069257,1,0.936750,1
T_0000069269,1,0.973414,1
T_0000069277,1,0.993271,1
T_0000069300,0,0.016822,0
T_0000069305,1,0.390703,1
T_0000069321,1,0.983335,1
T_0000069353,1,0.999679,1
T_0000069380,0,0.012664,0
T_0000069446,1,0.976942,1
T_0000069515,1,0.988381,1
T_0000069550,1,0.327212,1
T_0000069554,1,0.953232,1
T_0000069574,0,0.014564,0
T_0000069586,0,0.030479,0
T_0000069600,1,0.994753,1
T_0000069631,0,0.019871,0
T_0000069647,1,0.011614,0
T_0000069689,0,0.021904,0
T_0000069693,1,0.935951,1
T_0000069712,0,0.013469,0
T_0000069744,0,0.033790,0
T_0000069769,1,0.998596,1
T_0000069820,1,0.988410,1
T_0000069840,0,0.021413,0
T_0000069903,0,0.066194,0
T_0000069921,1,0.990124,1
T_0000069922,1,0.988442,1
T_0000069936,1,0.988219,1
T_0000069970,0,0.026822,0
T_0000069983,0,0.007413,0
T_0000070005,0,0.010426,0
T_0000070039,0,0.011325,0
T_0000070091,0,0.074593,0
T_0000070101,1,0.990971,1
T_0000070105,1,0.996223,1
T_0000070106,1,0.964138,1
T_0000070119,0,0.027185,0
T_0000070122,1,0.993811,1
T_0000070126,0,0.019252,0
T_0000070127,1,0.997306,1
T_0000070160,1,0.994754,1
T_0000070186,1,0.999997,1
T_0000070226,1,0.999861,1
T_0000070272,1,0.104092,0
T_0000070284,0,0.025869,0
T_0000070290,1,0.989010,1
T_0000070316,1,0.995428,1
T_0000070322,0,0.033694,0
T_0000070329,0,0.028894,0
T_0000070336,1,0.966450,1
T_0000070343,1,0.999016,1
T_0000070365,1,0.984972,1
T_0000070407,0,0.016851,0
T_0000070460,0,0.034260,0
T_0000070466,0,0.015709,0
T_0000070495,1,0.995107,1
T_0000070515,1,0.973201,1
T_0000070521,0,0.083962,0
T_0000070526,1,0.992604,1
T_0000070532,1,0.983086,1
T_0000070550,1,0.981319,1
T_0000070570,1,0.960000,1
T_0000070571,1,0.995811,1
T_0000070596,1,0.976436,1
T_0000070600,1,0.997578,1
T_0000070648,0,0.046240,0
T_0000070670,0,0.016670,0
T_0000070678,1,0.995955,1
T_0000070687,1,0.992919,1
T_0000070697,1,0.999946,1
T_0000070699,1,0.994017,1
T_0000070714,1,0.613141,1
T_0000070728,1,0.992301,1
T_0000070732,1,0.990067,1
T_0000070738,1,0.266036,1
T_0000070747,1,0.996298,1
T_0000070785,0,0.054252,0
T_0000070786,1,0.995167,1
T_0000070795,1,0.991742,1
T_0000070798,1,0.995623,1
T_0000070813,0,0.023971,0
T_0000070820,1,0.980659,1
T_0000070823,1,0.994544,1
T_0000070848,1,0.999966,1
T_0000070852,1,0.982778,1
T_0000070884,0,0.020835,0
T_0000070892,1,0.656386,1
T_0000070941,1,0.111418,0
T_0000070964,0,0.009523,0
T_0000071003,1,0.987442,1
T_0000071007,0,0.028637,0
T_0000071059,0,0.034161,0
T_0000071060,0,0.031662,0
T_0000071088,1,0.869489,1
T_0000071098,0,0.031726,0
T_0000071111,1,0.983026,1
T_0000071149,0,0.022869,0
T_0000071197,0,0.041463,0
T_0000071215,1,0.993303,1
T_0000071227,0,0.023362,0
T_0000071240,1,0.994451,1
T_0000071241,1,0.991140,1
T_0000071271,0,0.024342,0
T_0000071296,1,0.993563,1
T_0000071310,0,0.047729,0
T_0000071327,1,0.997639,1
T_0000071328,1,0.999824,1
T_0000071385,1,0.960275,1
T_0000071387,0,0.015550,0
T_0000071407,1,0.987513,1
T_0000071410,1,0.995764,1
T_0000071443,1,0.984568,1
T_0000071460,1,0.997842,1
T_0000071481,1,0.992661,1
T_0000071554,0,0.018626,0
T_0000071566,1,0.984520,1
T_0000071598,0,0.010528,0
T_0000071599,1,0.971042,1
T_0000071645,0,0.027441,0
T_0000071659,0,0.022918,0
T_0000071684,0,0.004809,0
T_0000071694,1,0.993077,1
T_0000071731,0,0.004323,0
T_0000071745,0,0.009051,0
T_0000071765,1,0.225066,1
T_0000071770,0,0.020949,0
T_0000071792,1,0.999990,1
T_0000071841,1,0.984544,1
T_0000071861,0,0.066585,0
T_0000071870,1,0.994003,1
T_0000071908,1,0.999999,1
T_0000071918,1,0.999911,1
T_0000071921,1,0.999973,1
T_0000071939,1,0.999898,1
T_0000071954,1,0.104446,0
T_0000071985,0,0.131758,0
T_0000072000,1,0.999885,1
T_0000072001,1,0.229902,1
T_0000072012,1,0.991430,1
T_0000072115,0,0.016302,0
T_0000072157,1,1.000000,1
T_0000072158,0,0.037069,0
T_0000072178,1,0.982520,1
T_0000072186,1,0.997149,1
T_0000072194,1,0.995031,1
T_0000072202,1,0.997975,1
T_0000072203,1,0.068815,0
T_0000072215,1,0.998557,1
T_0000072220,0,0.100634,0
T_0000072227,1,0.995566,1
T_0000072248,1,0.995940,1
T_0000072253,1,0.990581,1
T_0000072300,1,0.994789,1
T_0000072310,1,0.991447,1
T_0000072315,1,0.964527,1
T_0000072337,1,0.995966,1
T_0000072372,0,0.007251,0
T_0000072395,1,0.991738,1
T_0000072412,0,0.024160,0
T_0000072442,1,0.985667,1
T_0000072449,0,0.085259,0
T_0000072471,1,0.991939,1
T_0000072497,1,1.000000,1
T_0000072511,1,0.995178,1
T_0000072526,1,0.977395,1
T_0000072663,1,0.999995,1
T_0000072669,0,0.017985,0
T_0000072674,1,0.991039,1
T_0000072744,1,0.982911,1
T_0000072759,0,0.063703,0
T_0000072761,1,1.000000,1
T_0000072764,1,0.999700,1
T_0000072779,1,0.993220,1
T_0000072799,1,0.988765,1
T_0000072806,1,0.986118,1
T_0000072811,0,0.062859,0
T_0000072832,0,0.009717,0
T_0000072843,1,0.998698,1
T_0000072874,0,0.030372,0
T_0000072891,0,0.002263,0
T_0000072900,1,0.990021,1
T_0000072917,1,0.997186,1
T_0000072935,1,0.998559,1
T_0000072955,1,0.991355,1
T_0000072979,0,0.020744,0
T_0000072991,0,0.067520,0
T_0000073026,1,0.032513,0
T_0000073049,0,0.155160,0
T_0000073062,1,0.984974,1
T_0000073121,1,0.152578,0
T_0000073129,1,0.998308,1
T_0000073140,1,0.999341,1
T_0000073159,1,0.812542,1
T_0000073230,1,0.948953,1
T_0000073250,0,0.019533,0
T_0000073256,0,0.009783,0
T_0000073260,0,0.018165,0
T_0000073265,1,0.310100,1
T_0000073271,0,0.077760,0
T_0000073293,0,0.010642,0
T_0000073294,1,0.998303,1
T_0000073333,1,0.989574,1
T_0000073338,0,0.007431,0
T_0000073343,1,0.999283,1
T_0000073365,1,0.991194,1
T_0000073418,1,0.031389,0
T_0000073469,1,0.997262,1
T_0000073493,1,0.996515,1
T_0000073524,0,0.015072,0
T_0000073527,0,0.061165,0
T_0000073578,0,0.035481,0
T_0000073629,0,0.018931,0
T_0000073647,1,0.995689,1
T_0000073658,0,0.067941,0
T_0000073688,1,0.991896,1
T_0000073710,0,0.037816,0
T_0000073716,1,0.999906,1
T_0000073726,1,0.981578,1
T_0000073803,0,0.041964,0
T_0000073815,1,0.991611,1
T_0000073819,0,0.013786,0
T_0000073853,0,0.068941,0
T_0000073871,0,0.041129,0
T_0000073908,0,0.011508,0
T_0000073912,1,0.993870,1
T_0000073968,0,0.035351,0
T_0000074027,1,0.995606,1
T_0000074067,1,0.990196,1
T_0000074085,0,0.026267,0
T_0000074111,1,0.990431,1
T_0000074161,1,0.995309,1
T_0000074174,1,0.965325,1
T_0000074179,1,0.997656,1
T_0000074192,1,0.051664,0
T_0000074196,1,0.982301,1
T_0000074237,1,0.986654,1
T_0000074250,0,0.022608,0
T_0000074268,1,0.786269,1
T_0000074272,1,0.990413,1
T_0000074283,0,0.045233,0
T_0000074295,1,0.966464,1
T_0000074308,1,0.996386,1
T_0000074309,1,0.986219,1
T_0000074310,0,0.035046,0
T_0000074333,1,0.116232,0
T_0000074337,1,0.993229,1
T_0000074346,0,0.013775,0
T_0000074351,1,0.997074,1
T_0000074378,1,1.000000,1
T_0000074379,0,0.002221,0
T_0000074387,0,0.147140,0
T_0000074390,0,0.001848,0
T_0000074392,1,0.993539,1
T_0000074393,1,0.996664,1
T_0000074397,1,0.990848,1
T_0000074424,1,0.993883,1
T_0000074426,0,0.021464,0
T_0000074460,1,0.988884,1
T_0000074532,0,0.012629,0
T_0000074606,0,0.087199,0
T_0000074674,1,0.984994,1
T_0000074677,1,0.107479,0
T_0000074685,1,0.996669,1
T_0000074691,1,0.988529,1
T_0000074725,1,1.000000,1
T_0000074763,0,0.012753,0
T_0000074769,0,0.012808,0
T_0000074801,1,0.327945,1
T_0000074803,0,0.008739,0
T_0000074848,1,0.956815,1
T_0000074852,0,0.017793,0
T_0000074855,1,0.995122,1
T_0000074872,0,0.026059,0
T_0000074873,0,0.049441,0
T_0000074890,0,0.081002,0
T_0000074921,1,1.000000,1
T_0000074925,1,0.999440,1
T_0000074926,1,0.990092,1
T_0000074933,1,1.000000,1
T_0000074937,1,0.996991,1
T_0000074962,1,0.989994,1
T_0000075007,1,0.999993,1
T_0000075034,1,0.273773,1
T_0000075060,0,0.155292,0
T_0000075061,1,0.928576,1
T_0000075098,1,0.817392,1
T_0000075112,1,0.982534,1
T_0000075171,0,0.002664,0
T_0000075205,0,0.007435,0
T_0000075229,1,0.993994,1
T_0000075237,1,0.038721,0
T_0000075254,0,0.015620,0
T_0000075260,0,0.071393,0
T_0000075283,0,0.027839,0
T_0000075286,1,0.998563,1
T_0000075319,1,0.996053,1
T_0000075334,1,0.104705,0
T_0000075343,1,0.996637,1
T_0000075352,1,0.993719,1
T_0000075357,0,0.037877,0
T_0000075361,1,0.999999,1
T_0000075380,0,0.006512,0
T_0000075392,1,0.994743,1
T_0000075401,1,0.959549,1
T_0000075402,1,0.944608,1
T_0000075426,1,0.999999,1
T_0000075439,0,0.030857,0
T_0000075479,0,0.066993,0
T_0000075523,1,0.997080,1
T_0000075556,0,0.020470,0
T_0000075566,0,0.034033,0
T_0000075581,0,0.030509,0
T_0000075584,1,0.975063,1
T_0000075589,0,0.041237,0
T_0000075626,1,1.000000,1
T_0000075659,0,0.020912,0
T_0000075699,1,0.992708,1
T_0000075709,1,0.987528,1
T_0000075713,1,0.994199,1
T_0000075720,1,0.993923,1
T_0000075721,1,0.923610,1
T_0000075726,1,0.998850,1
T_0000075746,0,0.025727,0
T_0000075779,0,0.026363,0
T_0000075822,1,0.985740,1
T_0000075869,1,0.962474,1
T_0000075879,0,0.010445,0
T_0000075894,1,0.989373,1
T_0000075898,1,0.993557,1
T_0000075910,0,0.027096,0
T_0000076008,0,0.065898,0
T_0000076012,0,0.011962,0
T_0000076020,0,0.065709,0
T_0000076046,0,0.013566,0
T_0000076065,1,0.563624,1
T_0000076084,0,0.014350,0
T_0000076088,1,0.987426,1
T_0000076108,0,0.042836,0
T_0000076140,0,0.047748,0
T_0000076147,1,0.996113,1
T_0000076159,1,0.993265,1
T_0000076174,1,0.973793,1
T_0000076178,0,0.030120,0
T_0000076179,1,0.996068,1
T_0000076199,1,0.991800,1
T_0000076216,0,0.010895,0
T_0000076241,0,0.972702,1
T_0000076293,0,0.000312,0
T_0000076320,1,0.068444,0
T_0000076354,1,0.985068,1
T_0000076405,0,0.036997,0
T_0000076413,1,0.996510,1
T_0000076422,1,0.977353,1
T_0000076453,1,0.994314,1
T_0000076536,1,0.989788,1
T_0000076539,1,0.984664,1
T_0000076558,1,0.986842,1
T_0000076566,1,0.993057,1
T_0000076573,1,0.972716,1
T_0000076574,1,0.994487,1
T_0000076577,0,0.036540,0
T_0000076580,1,0.988580,1
T_0000076596,1,0.914536,1
T_0000076603,0,0.069801,0
T_0000076636,1,0.992014,1
T_0000076677,0,0.043120,0
T_0000076742,1,0.996597,1
T_0000076809,1,0.996383,1
T_0000076816,1,0.995678,1
T_0000076868,1,0.999614,1
T_0000076929,1,0.995591,1
T_0000077027,0,0.032312,0
T_0000077061,1,0.997199,1
T_0000077088,1,0.944170,1
T_0000077138,0,0.064196,0
T_0000077157,1,0.995205,1
T_0000077186,0,0.065886,0
T_0000077190,1,0.996893,1
T_0000077219,0,0.017341,0
T_0000077220,1,0.998877,1
T_0000077226,1,0.990381,1
T_0000077228,1,0.998495,1
T_0000077230,1,0.994164,1
T_0000077232,0,0.037962,0
T_0000077234,0,0.136845,0
T_0000077249,1,0.992793,1
T_0000077265,1,0.995710,1
T_0000077269,1,0.995887,1
T_0000077287,0,0.008329,0
T_0000077385,0,0.008085,0
T_0000077391,1,0.997004,1
T_0000077394,0,0.010666,0
T_0000077410,0,0.008885,0
T_0000077441,1,0.997322,1
T_0000077453,1,0.990208,1
T_0000077497,1,0.994974,1
T_0000077500,0,0.023850,0
T_0000077522,0,0.138756,0
T_0000077553,1,0.998082,1
T_0000077612,1,0.998486,1
T_0000077616,1,0.999802,1
T_0000077617,1,0.995892,1
T_0000077656,1,0.123823,0
T_0000077675,0,0.028411,0
T_0000077702,0,0.111763,0
T_0000077724,0,0.136062,0
T_0000077730,0,0.043428,0
T_0000077757,1,0.999999,1
T_0000077782,0,0.050158,0
T_0000077792,1,0.995557,1
T_0000077863,1,0.995894,1
T_0000077902,0,0.068641,0
T_0000077960,1,0.991009,1
T_0000077985,1,0.882303,1
T_0000077987,1,0.153075,0
T_0000078027,1,0.994209,1
T_0000078028,1,0.987289,1
T_0000078041,1,0.993531,1
T_0000078060,1,0.999206,1
T_0000078071,1,0.048910,0
T_0000078080,1,0.999931,1
T_0000078113,1,0.993491,1
T_0000078148,0,0.956721,1
T_0000078202,1,0.048220,0
T_0000078214,1,0.985170,1
T_0000078265,0,0.003793,0
T_0000078312,1,0.986894,1
T_0000078328,1,0.986783,1
T_0000078337,0,0.018547,0
T_0000078350,0,0.007582,0
T_0000078370,1,0.517868,1
T_0000078374,0,0.062891,0
T_0000078376,1,0.986092,1
T_0000078391,1,0.999822,1
T_0000078393,0,0.059146,0
T_0000078419,0,0.059485,0
T_0000078429,1,0.988852,1
T_0000078502,0,0.008642,0
T_0000078559,0,0.007202,0
T_0000078570,1,0.986154,1
T_0000078608,0,0.016489,0
T_0000078631,0,0.051563,0
T_0000078635,1,0.999993,1
T_0000078649,1,0.134019,0
T_0000078660,1,0.997672,1
T_0000078702,1,0.985777,1
T_0000078713,1,0.977586,1
T_0000078715,1,0.994697,1
T_0000078724,0,0.045448,0
T_0000078755,1,0.998061,1
T_0000078775,1,0.984120,1
T_0000078830,1,0.994357,1
T_0000078885,0,0.014384,0
T_0000078889,1,0.999970,1
T_0000078913,0,0.037724,0
T_0000078923,0,0.018719,0
T_0000079075,0,0.003501,0
T_0000079076,1,0.974580,1
T_0000079109,1,0.990986,1
T_0000079119,1,0.999955,1
T_0000079143,1,0.998883,1
T_0000079164,1,0.313936,1
T_0000079181,1,0.981444,1
T_0000079199,1,0.951308,1
T_0000079285,0,0.030773,0
T_0000079395,0,0.053126,0
T_0000079405,0,0.043613,0
T_0000079407,1,0.993733,1
T_0000079425,0,0.181986,0
T_0000079471,0,0.049548,0
T_0000079535,1,0.992626,1
T_0000079542,0,0.055323,0
T_0000079570,1,0.999521,1
T_0000079587,1,0.995515,1
T_0000079656,0,0.018445,0
T_0000079704,1,0.999916,1
T_0000079748,0,0.037904,0
T_0000079766,1,0.997420,1
T_0000079806,1,0.997038,1
T_0000079854,1,0.994943,1
T_0000079893,1,0.999977,1
T_0000079920,1,0.995482,1
T_0000079970,1,0.991727,1
T_0000079984,1,0.996869,1
T_0000080037,1,0.999999,1
T_0000080105,1,0.997379,1
T_0000080106,0,0.085517,0
T_0000080134,1,0.997742,1
T_0000080165,1,0.999999,1
T_0000080167,1,0.992857,1
T_0000080188,0,0.039747,0
T_0000080212,1,0.989764,1
T_0000080221,0,0.054905,0
T_0000080268,0,0.033366,0
T_0000080287,0,0.155574,0
T_0000080314,1,0.996403,1
T_0000080342,1,0.996191,1
T_0000080383,1,0.999978,1
T_0000080403,1,0.854572,1
T_0000080421,1,0.980813,1
T_0000080460,0,0.048194,0
T_0000080470,1,0.973924,1
T_0000080486,1,0.086560,0
T_0000080511,1,0.993646,1
T_0000080520,0,0.011640,0
T_0000080522,1,0.994144,1
T_0000080567,1,0.991713,1
T_0000080601,1,0.993584,1
T_0000080653,1,0.102885,0
T_0000080664,0,0.069900,0
T_0000080719,1,0.999835,1
T_0000080722,1,0.992344,1
T_0000080752,1,0.973608,1
T_0000080786,1,0.995369,1
T_0000080801,0,0.007511,0
T_0000080835,1,0.991600,1
T_0000080869,1,0.979959,1
T_0000080879,0,0.034763,0
T_0000080914,1,0.885693,1
T_0000080966,1,0.994901,1
T_0000080968,0,0.024062,0
T_0000080970,1,0.492179,1
T_0000080994,0,0.007875,0
T_0000081022,1,0.989666,1
T_0000081029,1,0.996633,1
T_0000081109,1,0.968176,1
T_0000081128,1,0.059020,0
T_0000081137,1,1.000000,1
T_0000081225,1,0.990032,1
T_0000081238,1,0.994768,1
T_0000081271,1,0.997942,1
T_0000081289,1,0.992497,1
T_0000081294,1,0.996461,1
T_0000081311,1,0.996961,1
T_0000081315,0,0.018112,0
T_0000081316,1,0.999305,1
T_0000081332,1,0.999412,1
T_0000081334,1,0.984927,1
T_0000081342,1,0.993750,1
T_0000081359,1,0.989686,1
T_0000081415,1,0.971764,1
T_0000081438,1,0.994254,1
T_0000081451,0,0.040466,0
T_0000081456,1,0.974069,1
T_0000081467,1,0.989739,1
T_0000081489,0,0.014316,0
T_0000081507,1,0.982967,1
T_0000081528,1,0.991184,1
T_0000081529,1,0.996090,1
T_0000081554,1,0.964105,1
T_0000081577,1,0.995143,1
T_0000081596,0,0.079691,0
T_0000081606,1,0.999984,1
T_0000081628,0,0.048571,0
T_0000081633,0,0.008588,0
T_0000081665,0,0.011329,0
T_0000081672,1,0.998931,1
T_0000081675,1,0.946267,1
T_0000081680,1,0.998038,1
T_0000081684,1,0.947066,1
T_0000081696,0,0.022611,0
T_0000081700,1,0.990574,1
T_0000081730,0,0.128412,0
T_0000081747,1,0.997094,1
T_0000081753,1,0.997712,1
T_0000081773,0,0.041879,0
T_0000081791,1,0.998998,1
T_0000081876,1,0.997797,1
T_0000081931,1,0.995109,1
T_0000081946,0,0.219520,1
T_0000081995,1,0.995847,1
T_0000081996,1,0.961927,1
T_0000082020,1,0.993840,1
T_0000082030,0,0.015200,0
T_0000082047,1,0.995098,1
T_0000082058,0,0.112490,0
T_0000082070,1,0.998504,1
T_0000082071,0,0.013638,0
T_0000082087,1,0.995107,1
T_0000082098,1,0.992694,1
T_0000082112,1,0.999829,1
T_0000082121,1,0.970203,1
T_0000082131,0,0.009133,0
T_0000082164,1,0.989711,1
T_0000082168,0,0.005837,0
T_0000082199,0,0.017479,0
T_0000082246,1,0.993104,1
T_0000082275,0,0.946974,1
T_0000082289,0,0.015189,0
T_0000082294,1,0.970549,1
T_0000082379,1,0.999685,1
T_0000082380,0,0.143582,0
T_0000082390,1,0.981418,1
T_0000082396,1,0.996171,1
T_0000082425,1,0.998562,1
T_0000082429,1,0.995086,1
T_0000082430,0,0.026734,0
T_0000082461,1,0.999492,1
T_0000082481,0,0.035459,0
T_0000082501,1,0.999484,1
T_0000082577,1,0.992280,1
T_0000082610,1,0.992340,1
T_0000082662,1,0.988654,1
T_0000082697,1,0.983597,1
T_0000082708,1,0.945151,1
T_0000082725,0,0.008837,0
T_0000082734,1,0.976865,1
T_0000082737,0,0.012164,0
T_0000082777,1,0.988667,1
T_0000082894,1,0.995716,1
T_0000082943,0,0.039577,0
T_0000082953,1,0.999654,1
T_0000082963,1,0.990844,1
T_0000083004,1,0.988449,1
T_0000083020,1,0.995377,1
T_0000083044,1,0.990824,1
T_0000083060,1,0.989404,1
T_0000083096,0,0.021074,0
T_0000083102,1,0.999620,1
T_0000083112,1,0.990533,1
T_0000083161,1,0.328767,1
T_0000083201,1,0.991159,1
T_0000083203,1,0.992647,1
T_0000083245,1,0.990191,1
T_0000083302,0,0.050015,0
T_0000083339,0,0.096769,0
T_0000083352,1,0.988048,1
T_0000083368,1,0.091759,0
T_0000083378,0,0.011865,0
T_0000083410,0,0.006600,0
T_0000083417,0,0.041871,0
T_0000083420,1,0.220602,1
T_0000083470,1,0.987928,1
T_0000083475,0,0.050799,0
T_0000083484,0,0.024134,0
T_0000083487,0,0.034595,0
T_0000083511,1,0.977338,1
T_0000083561,1,0.993871,1
T_0000083626,0,0.020357,0
T_0000083653,1,0.990049,1
T_0000083666,0,0.037646,0
T_0000083736,1,0.106045,0
T_0000083814,1,0.968996,1
T_0000083836,0,0.054265,0
T_0000083907,1,0.983337,1
T_0000083927,1,0.151048,0
T_0000083939,1,0.993594,1
T_0000083957,1,0.995955,1
T_0000083965,1,0.982471,1
T_0000083978,1,0.995044,1
T_0000083995,0,0.017476,0
T_0000084017,1,0.995976,1
T_0000084019,1,0.993586,1
T_0000084025,1,0.995926,1
T_0000084085,1,0.992998,1
T_0000084089,1,0.988334,1
T_0000084094,1,0.995717,1
T_0000084116,1,0.944653,1
T_0000084198,1,0.997478,1
T_0000084223,1,0.970577,1
T_0000084229,0,0.005635,0
T_0000084236,1,0.175052,0
T_0000084255,0,0.003240,0
T_0000084256,0,0.072063,0
T_0000084263,1,0.999099,1
T_0000084269,1,0.993042,1
T_0000084272,1,0.984580,1
T_0000084298,1,0.390527,1
T_0000084303,1,0.989021,1
T_0000084384,1,0.849253,1
T_0000084426,0,0.037531,0
T_0000084433,1,0.991946,1
T_0000084477,1,0.994882,1
T_0000084483,0,0.066292,0
T_0000084488,1,0.963930,1
T_0000084533,1,0.987914,1
T_0000084540,1,0.996413,1
T_0000084589,1,0.095771,0
T_0000084608,0,0.009703,0
T_0000084613,1,0.993776,1
T_0000084660,1,0.987231,1
T_0000084661,1,0.992314,1
T_0000084697,1,0.995272,1
T_0000084770,0,0.024671,0
T_0000084780,1,0.992203,1
T_0000084785,1,0.993012,1
T_0000084827,1,0.972200,1
T_0000084861,1,0.957113,1
T_0000084870,1,0.985738,1
T_0000084884,1,0.952579,1
T_0000084894,0,0.031030,0
T_0000084903,0,0.024822,0
T_0000084916,0,0.024428,0
T_0000084919,0,0.023416,0
T_0000084947,1,0.993400,1
T_0000084953,1,0.991844,1
T_0000084980,1,0.757663,1
T_0000084995,1,0.993359,1
T_0000085014,0,0.053393,0
T_0000085043,1,0.999752,1
T_0000085063,0,0.015831,0
T_0000085125,0,0.037813,0
T_0000085135,0,0.005472,0
T_0000085154,1,0.992717,1
T_0000085157,1,0.999514,1
T_0000085182,1,0.061516,0
T_0000085218,1,0.993524,1
T_0000085243,1,0.994778,1
T_0000085276,0,0.023504,0
T_0000085279,1,0.980742,1
T_0000085284,1,0.999222,1
T_0000085312,1,0.999966,1
T_0000085353,0,0.008207,0
T_0000085373,0,0.074535,0
T_0000085387,0,0.038432,0
T_0000085393,0,0.020122,0
T_0000085394,1,0.992648,1
T_0000085405,1,0.999998,1
T_0000085414,1,0.994337,1
T_0000085424,1,0.986497,1
T_0000085440,1,0.990355,1
T_0000085449,1,0.992899,1
T_0000085462,0,0.005633,0
T_0000085464,0,0.053595,0
T_0000085467,1,0.965856,1
T_0000085475,1,0.989798,1
T_0000085524,1,0.915326,1
T_0000085546,0,0.038841,0
T_0000085552,1,0.997109,1
T_0000085608,1,0.999956,1
T_0000085613,1,0.999995,1
T_0000085668,1,0.984480,1
T_0000085689,1,0.994359,1
T_0000085703,0,0.109346,0
T_0000085740,1,0.946931,1
T_0000085742,0,0.082948,0
T_0000085750,1,0.748436,1
T_0000085777,1,0.991903,1
T_0000085783,0,0.008820,0
T_0000085802,0,0.039312,0
T_0000085805,1,0.993620,1
T_0000085822,0,0.088573,0
T_0000085823,1,0.976294,1
T_0000085843,1,0.993467,1
T_0000085858,0,0.029482,0
T_0000085891,0,0.024603,0
T_0000085897,1,1.000000,1
T_0000085902,0,0.004296,0
T_0000085930,0,0.022755,0
T_0000085934,1,0.987827,1
T_0000085941,1,0.993205,1
T_0000085954,1,0.885110,1
T_0000085982,0,0.115456,0
T_0000086074,1,0.557351,1
T_0000086075,0,0.069896,0
T_0000086076,1,0.999669,1
T_0000086083,0,0.028551,0
T_0000086098,0,0.011139,0
T_0000086124,1,0.989633,1
T_0000086153,0,0.009710,0
T_0000086170,0,0.027831,0
T_0000086178,1,0.994319,1
T_0000086182,0,0.027690,0
T_0000086205,0,0.029987,0
T_0000086209,0,0.022871,0
T_0000086224,0,0.003350,0
T_0000086233,0,0.000591,0
T_0000086234,0,0.011736,0
T_0000086238,0,0.033560,0
T_0000086267,0,0.877756,1
T_0000086327,0,0.007669,0
T_0000086335,0,0.046773,0
T_0000086357,1,0.999878,1
T_0000086375,1,0.993721,1
T_0000086379,1,0.988696,1
T_0000086383,0,0.038915,0
T_0000086413,1,0.993345,1
T_0000086420,1,0.999056,1
T_0000086466,0,0.051113,0
T_0000086477,1,0.098793,0
T_0000086510,1,0.991323,1
T_0000086538,1,0.722566,1
T_0000086564,1,0.534809,1
T_0000086582,1,0.992075,1
T_0000086589,1,0.985030,1
T_0000086590,1,0.994312,1
T_0000086602,1,0.994586,1
T_0000086626,1,0.996302,1
T_0000086662,1,0.998723,1
T_0000086668,1,0.982029,1
T_0000086697,1,0.998453,1
T_0000086742,1,0.996062,1
T_0000086748,0,0.000834,0
T_0000086753,1,0.978003,1
T_0000086775,1,0.979465,1
T_0000086833,1,0.953101,1
T_0000086848,1,0.996813,1
T_0000086849,1,0.990173,1
T_0000086854,1,0.061409,0
T_0000086878,1,0.990540,1
T_0000086888,0,0.020464,0
T_0000086908,0,0.017899,0
T_0000086912,1,0.983890,1
T_0000086920,0,0.016783,0
T_0000086941,1,0.988614,1
T_0000086943,1,0.986988,1
T_0000086964,1,0.997122,1
T_0000086984,1,0.996578,1
T_0000086985,1,0.995600,1
T_0000087033,1,0.990235,1
T_0000087162,1,0.993322,1
T_0000087181,0,0.014347,0
T_0000087332,1,0.943315,1
T_0000087359,1,0.996046,1
T_0000087378,1,0.998535,1
T_0000087396,1,1.000000,1
T_0000087438,1,0.991062,1
T_0000087454,1,0.995960,1
T_0000087513,1,0.999832,1
T_0000087532,0,0.026319,0
T_0000087539,1,1.000000,1
T_0000087559,0,0.049451,0
T_0000087576,1,0.989730,1
T_0000087585,1,0.935438,1
T_0000087590,1,0.337085,1
T_0000087620,1,0.978465,1
T_0000087643,1,0.870316,1
T_0000087663,0,0.009730,0
T_0000087670,1,0.032917,0
T_0000087694,1,0.985780,1
T_0000087716,1,0.984444,1
T_0000087742,1,0.133830,0
T_0000087752,1,0.992704,1
T_0000087782,1,0.043772,0
T_0000087798,1,0.994142,1
T_0000087832,1,0.993138,1
T_0000087847,1,0.985991,1
T_0000087862,1,0.985683,1
T_0000087907,1,0.955012,1
T_0000087910,0,0.006924,0
T_0000087932,1,0.985721,1
T_0000087937,0,0.066608,0
T_0000087939,1,1.000000,1
T_0000087983,1,0.972618,1
T_0000087989,1,0.989440,1
T_0000087990,1,0.985235,1
T_0000088008,1,0.995939,1
T_0000088012,1,0.268326,1
T_0000088013,0,0.026775,0
T_0000088032,1,0.996430,1
T_0000088051,0,0.021601,0
T_0000088095,1,0.995252,1
T_0000088097,0,0.067245,0
T_0000088173,1,0.999993,1
T_0000088175,1,0.875698,1
T_0000088181,1,0.990577,1
T_0000088186,0,0.119492,0
T_0000088246,1,0.995050,1
T_0000088271,0,0.043404,0
T_0000088287,1,0.997546,1
T_0000088289,1,0.991526,1
T_0000088322,0,0.015721,0
T_0000088325,1,0.999203,1
T_0000088333,1,0.995826,1
T_0000088371,1,0.787802,1
T_0000088385,0,0.012434,0
T_0000088395,1,0.049295,0
T_0000088415,1,0.989950,1
T_0000088418,1,0.986005,1
T_0000088429,0,0.017207,0
T_0000088436,0,0.014572,0
T_0000088444,1,0.983169,1
T_0000088498,1,0.992921,1
T_0000088508,1,0.126261,0
T_0000088514,1,0.986970,1
T_0000088525,1,0.999999,1
T_0000088530,1,0.990893,1
T_0000088555,0,0.021915,0
T_0000088611,1,0.994412,1
T_0000088616,0,0.021374,0
T_0000088618,0,0.048897,0
T_0000088646,1,0.998343,1
T_0000088674,0,0.072860,0
T_0000088741,1,0.992228,1
T_0000088771,1,0.991166,1
T_0000088794,0,0.027480,0
T_0000088820,0,0.012004,0
T_0000088822,1,0.946700,1
T_0000088828,1,0.996025,1
T_0000088847,1,0.150460,0
T_0000088848,1,0.990764,1
T_0000088861,1,0.985203,1
T_0000088901,1,0.117508,0
T_0000088914,1,0.975967,1
T_0000088928,1,0.999240,1
T_0000088932,1,0.984047,1
T_0000088977,1,1.000000,1
T_0000088979,1,0.993800,1
T_0000088998,1,0.994056,1
T_0000089041,1,0.133281,0
T_0000089062,1,0.994575,1
T_0000089094,1,0.992684,1
T_0000089102,0,0.011363,0
T_0000089143,0,0.016156,0
T_0000089180,1,0.999280,1
T_0000089227,0,0.060993,0
T_0000089243,1,0.996393,1
T_0000089323,0,0.012133,0
T_0000089352,0,0.132126,0
T_0000089376,0,0.094906,0
T_0000089378,0,0.010985,0
T_0000089384,1,0.989818,1
T_0000089387,1,0.949108,1
T_0000089399,1,0.898790,1
T_0000089437,0,0.028887,0
T_0000089443,1,0.979322,1
T_0000089473,1,0.200027,1
T_0000089524,1,0.994302,1
T_0000089541,0,0.022907,0
T_0000089552,0,0.013633,0
T_0000089576,1,0.769899,1
T_0000089649,0,0.353224,1
T_0000089653,0,0.035513,0
T_0000089678,1,0.968740,1
T_0000089710,0,0.008207,0
T_0000089720,1,0.990948,1
T_0000089722,1,0.401660,1
T_0000089728,1,0.995632,1
T_0000089731,1,0.996315,1
T_0000089755,1,0.999954,1
T_0000089783,1,0.970563,1
T_0000089845,1,0.994760,1
T_0000089847,1,0.708794,1
T_0000089864,1,0.994179,1
T_0000089890,1,0.994107,1
T_0000089891,0,0.024629,0
T_0000089918,1,0.877845,1
T_0000089928,1,0.265256,1
T_0000089981,1,0.987100,1
T_0000090000,1,0.109669,0
T_0000090014,1,0.994423,1
T_0000090031,1,0.996648,1
T_0000090054,1,0.980204,1
T_0000090064,1,0.121816,0
T_0000090109,1,0.999692,1
T_0000090142,1,0.994153,1
T_0000090154,0,0.015709,0
T_0000090183,1,0.981016,1
T_0000090192,1,0.990716,1
T_0000090212,1,0.986253,1
T_0000090222,0,0.027357,0
T_0000090238,1,0.997179,1
T_0000090253,1,0.989549,1
T_0000090267,1,0.999621,1
T_0000090273,0,0.096837,0
T_0000090275,1,0.994399,1
T_0000090286,0,0.024407,0
T_0000090335,1,0.990310,1
T_0000090353,1,0.994625,1
T_0000090416,0,0.045710,0
T_0000090425,1,0.996259,1
T_0000090448,1,0.987466,1
T_0000090454,1,0.424685,1
T_0000090477,1,0.058455,0
T_0000090506,0,0.063844,0
T_0000090518,0,0.015960,0
T_0000090533,1,0.990772,1
T_0000090595,1,0.078995,0
T_0000090602,0,0.030031,0
T_0000090605,1,0.998742,1
T_0000090606,0,0.014750,0
T_0000090626,0,0.012708,0
T_0000090632,0,0.089522,0
T_0000090647,0,0.032286,0
T_0000090698,1,0.994706,1
T_0000090720,1,0.967537,1
T_0000090724,1,0.989073,1
T_0000090727,1,0.988796,1
T_0000090751,0,0.025300,0
T_0000090846,0,0.229603,1
T_0000090883,1,0.994630,1
T_0000090913,1,0.369658,1
T_0000090962,1,0.993515,1
T_0000090975,0,0.072804,0
T_0000091027,0,0.077315,0
T_0000091049,0,0.071957,0
T_0000091058,1,0.988496,1
T_0000091096,0,0.072567,0
T_0000091097,0,0.030612,0
T_0000091098,1,0.975235,1
T_0000091100,1,0.989054,1
T_0000091143,1,0.955906,1
T_0000091149,0,0.028189,0
T_0000091188,1,0.992205,1
T_0000091215,1,0.989566,1
T_0000091222,1,0.786461,1
T_0000091230,0,0.025294,0
T_0000091241,0,0.044013,0
T_0000091270,1,0.315726,1
T_0000091277,1,0.995158,1
T_0000091291,1,0.974785,1
T_0000091304,1,0.984318,1
T_0000091374,0,0.024254,0
T_0000091386,1,0.990826,1
T_0000091389,1,0.911005,1
T_0000091402,1,0.988777,1
T_0000091412,1,0.993552,1
T_0000091425,0,0.007527,0
T_0000091429,0,0.008850,0
T_0000091513,1,0.992325,1
T_0000091617,1,0.993658,1
T_0000091635,1,0.984792,1
T_0000091645,1,0.994123,1
T_0000091646,1,0.997668,1
T_0000091661,0,0.013986,0
T_0000091665,1,0.993967,1
T_0000091673,1,0.997214,1
T_0000091695,1,0.134598,0
T_0000091708,1,0.991415,1
T_0000091741,1,0.999661,1
T_0000091756,0,0.041728,0
T_0000091773,1,0.994821,1
T_0000091821,1,0.995562,1
T_0000091848,1,0.986884,1
T_0000091897,1,0.996500,1
T_0000091898,1,0.991769,1
T_0000091921,1,0.990068,1
T_0000091934,1,0.993581,1
T_0000092006,1,0.994314,1
T_0000092082,1,0.990303,1
T_0000092083,1,0.017592,0
T_0000092114,1,0.991172,1
T_0000092115,0,0.024771,0
T_0000092134,0,0.038069,0
T_0000092142,1,0.989994,1
T_0000092176,0,0.025993,0
T_0000092178,0,0.016639,0
T_0000092179,1,0.201486,1
T_0000092181,0,0.007160,0
T_0000092183,1,0.996654,1
T_0000092191,1,0.992907,1
T_0000092198,1,0.992033,1
T_0000092199,0,0.104695,0
T_0000092213,1,0.997703,1
T_0000092233,0,0.006308,0
T_0000092235,1,0.961565,1
T_0000092239,1,0.994082,1
T_0000092251,0,0.058048,0
T_0000092300,1,0.989984,1
T_0000092323,1,0.695686,1
T_0000092326,1,0.991640,1
T_0000092373,1,0.959326,1
T_0000092400,0,0.587092,1
T_0000092411,1,0.988279,1
T_0000092421,0,0.006470,0
T_0000092453,1,0.988825,1
T_0000092460,1,0.995420,1
T_0000092471,0,0.031821,0
T_0000092472,1,0.991779,1
T_0000092539,0,0.005340,0
T_0000092548,1,0.989868,1
T_0000092591,1,0.864617,1
T_0000092595,0,0.112581,0
T_0000092598,1,1.000000,1
T_0000092600,1,0.203340,1
T_0000092652,0,0.025010,0
T_0000092655,1,0.994775,1
T_0000092677,1,0.999283,1
T_0000092728,1,0.950597,1
T_0000092735,0,0.025166,0
T_0000092835,0,0.030844,0
T_0000092841,1,0.989350,1
T_0000092857,1,0.995463,1
T_0000092871,1,0.999838,1
T_0000092886,1,0.996589,1
T_0000092887,0,0.019955,0
T_0000092897,1,0.992317,1
T_0000092905,1,0.986073,1
T_0000092906,1,0.996424,1
T_0000092927,0,0.013246,0
T_0000092930,0,0.026841,0
T_0000092940,1,0.949802,1
T_0000092945,1,0.087934,0
T_0000092992,1,0.998430,1
T_0000093022,1,0.996265,1
T_0000093047,1,0.988897,1
T_0000093069,1,0.993458,1
T_0000093092,1,0.992613,1
T_0000093113,1,0.997844,1
T_0000093128,1,0.320944,1
T_0000093168,1,0.988599,1
T_0000093170,1,0.017096,0
T_0000093178,1,0.999994,1
T_0000093207,1,0.989908,1
T_0000093279,1,0.889486,1
T_0000093298,1,0.984414,1
T_0000093333,0,0.022034,0
T_0000093348,0,0.037243,0
T_0000093358,1,0.994138,1
T_0000093373,1,0.696585,1
T_0000093465,1,0.999659,1
T_0000093478,1,0.289764,1
T_0000093480,0,0.011584,0
T_0000093481,0,0.001820,0
T_0000093498,0,0.016518,0
T_0000093505,1,0.993612,1
T_0000093527,0,0.037978,0
T_0000093539,1,1.000000,1
T_0000093573,0,0.053543,0
T_0000093614,0,0.024631,0
T_0000093627,1,0.667837,1
T_0000093636,1,0.991993,1
T_0000093644,1,0.999368,1
T_0000093678,1,0.993058,1
T_0000093679,1,0.984979,1
T_0000093706,1,0.999982,1
T_0000093707,1,0.969406,1
T_0000093712,0,0.019305,0
T_0000093780,1,0.996143,1
T_0000093825,1,0.990454,1
T_0000093828,1,0.996235,1
T_0000093835,1,0.998704,1
T_0000093854,1,1.000000,1
T_0000093855,1,0.998077,1
T_0000093898,1,0.077411,0
T_0000093906,1,0.996157,1
T_0000093919,1,0.091009,0
T_0000093962,0,0.016663,0
T_0000094010,1,0.997002,1
T_0000094033,1,0.992541,1
T_0000094038,1,0.993793,1
T_0000094042,1,0.138061,0
T_0000094046,0,0.004627,0
T_0000094061,1,0.992764,1
T_0000094064,1,0.983929,1
T_0000094087,0,0.008101,0
T_0000094104,0,0.007088,0
T_0000094114,1,0.993362,1
T_0000094128,0,0.007722,0
T_0000094130,1,0.717602,1
T_0000094180,1,0.998874,1
T_0000094194,1,0.991026,1
T_0000094203,0,0.028996,0
T_0000094222,1,0.984907,1
T_0000094274,1,0.992642,1
T_0000094284,1,0.989148,1
T_0000094296,0,0.050100,0
T_0000094303,1,0.997701,1
T_0000094347,1,1.000000,1
T_0000094348,1,0.971004,1
T_0000094357,1,0.996813,1
T_0000094359,0,0.045876,0
T_0000094390,1,0.956463,1
T_0000094437,1,0.884283,1
T_0000094453,1,0.990586,1
T_0000094468,1,0.991566,1
T_0000094474,1,0.994795,1
T_0000094475,0,0.024169,0
T_0000094478,1,0.999977,1
T_0000094485,1,0.994927,1
T_0000094532,0,0.034042,0
T_0000094541,1,0.999992,1
T_0000094590,1,0.995076,1
T_0000094680,1,0.999855,1
T_0000094688,1,0.545059,1
T_0000094696,0,0.018193,0
T_0000094701,1,0.987530,1
T_0000094722,1,0.996863,1
T_0000094762,0,0.052581,0
T_0000094783,1,0.991459,1
T_0000094818,1,0.986426,1
T_0000094862,1,0.991310,1
T_0000094897,1,0.086570,0
T_0000094909,1,0.998103,1
T_0000094916,1,0.185944,0
T_0000094920,0,0.090051,0
T_0000094929,1,0.999882,1
T_0000094959,1,0.970819,1
T_0000094975,1,0.945248,1
T_0000095011,1,0.994499,1
T_0000095029,0,0.021757,0
T_0000095034,0,0.022232,0
T_0000095052,1,0.994496,1
T_0000095058,0,0.115423,0
T_0000095109,1,0.994285,1
T_0000095141,0,0.031943,0
T_0000095186,1,0.056890,0
T_0000095187,0,0.016334,0
T_0000095201,0,0.009305,0
T_0000095203,0,0.033011,0
T_0000095206,1,0.996136,1
T_0000095214,1,0.989852,1
T_0000095231,0,0.069258,0
T_0000095239,1,0.995653,1
T_0000095263,0,0.004184,0
T_0000095279,0,0.025302,0
T_0000095288,1,0.987458,1
T_0000095309,1,0.997723,1
T_0000095312,1,0.996212,1
T_0000095325,1,0.996160,1
T_0000095343,1,0.995112,1
T_0000095360,0,0.077918,0
T_0000095380,1,0.993619,1
T_0000095399,1,0.997901,1
T_0000095438,0,0.028900,0
T_0000095499,1,1.000000,1
T_0000095538,0,0.018065,0
T_0000095539,0,0.028910,0
T_0000095555,0,0.016418,0
T_0000095580,1,0.987671,1
T_0000095592,1,0.984458,1
T_0000095669,0,0.004287,0
T_0000095682,1,0.991669,1
T_0000095684,1,0.237655,1
T_0000095703,1,0.999997,1
T_0000095730,1,0.985549,1
T_0000095752,0,0.077903,0
T_0000095772,0,0.025618,0
T_0000095785,1,0.990778,1
T_0000095831,1,0.999933,1
T_0000095855,0,0.029648,0
T_0000095862,0,0.015267,0
T_0000095863,1,0.995873,1
T_0000095877,1,0.987543,1
T_0000095914,1,0.985790,1
T_0000095923,1,0.551919,1
T_0000095951,1,0.983461,1
T_0000095966,1,0.982603,1
T_0000095975,1,0.993769,1
T_0000095991,0,0.004197,0
T_0000096000,1,0.993558,1
T_0000096012,1,0.989386,1
T_0000096069,1,0.992612,1
T_0000096074,0,0.029302,0
T_0000096076,0,0.025200,0
T_0000096105,1,0.999842,1
T_0000096148,1,0.999932,1
T_0000096201,0,0.002522,0
T_0000096213,0,0.014308,0
T_0000096285,1,0.998424,1
T_0000096299,1,0.984234,1
T_0000096360,1,0.997067,1
T_0000096363,0,0.049515,0
T_0000096365,1,0.989598,1
T_0000096367,0,0.011856,0
T_0000096379,1,0.995723,1
T_0000096380,0,0.105482,0
T_0000096397,0,0.009491,0
T_0000096408,0,0.011181,0
T_0000096422,1,0.995819,1
T_0000096426,0,0.064938,0
T_0000096473,0,0.026293,0
T_0000096484,0,0.015316,0
T_0000096517,1,0.999140,1
T_0000096519,1,0.993579,1
T_0000096543,1,0.993220,1
T_0000096548,0,0.118097,0
T_0000096556,0,0.038324,0
T_0000096578,0,0.083480,0
T_0000096584,0,0.020975,0
T_0000096632,0,0.048471,0
T_0000096673,1,0.992742,1
T_0000096728,0,0.024602,0
T_0000096772,1,0.965654,1
T_0000096792,0,0.235719,1
T_0000096803,1,0.998109,1
T_0000096819,1,0.994906,1
T_0000096823,1,1.000000,1
T_0000096840,0,0.040950,0
T_0000096851,0,0.054393,0
T_0000096852,0,0.024171,0
T_0000096854,0,0.068705,0
T_0000096876,1,0.995859,1
T_0000096903,1,0.993968,1
T_0000096925,0,0.052540,0
T_0000096932,1,0.999961,1
T_0000096952,0,0.015593,0
T_0000096978,1,0.996100,1
T_0000096983,1,0.995996,1
T_0000096985,0,0.010120,0
T_0000097021,1,0.910678,1
T_0000097078,0,0.043511,0
T_0000097083,0,0.022828,0
T_0000097086,0,0.003758,0
T_0000097096,1,1.000000,1
T_0000097121,1,0.992037,1
T_0000097130,0,0.022311,0
T_0000097144,1,0.996119,1
T_0000097188,0,0.030678,0
T_0000097301,0,0.032819,0
T_0000097330,1,0.999389,1
T_0000097331,0,0.055836,0
T_0000097344,1,0.992567,1
T_0000097360,1,0.871636,1
T_0000097362,1,0.029173,0
T_0000097376,1,0.977963,1
T_0000097385,1,0.995896,1
T_0000097397,1,0.999999,1
T_0000097413,0,0.009425,0
T_0000097444,1,0.991590,1
T_0000097466,1,0.993646,1
T_0000097473,1,0.380967,1
T_0000097491,0,0.023255,0
T_0000097503,1,0.995670,1
T_0000097531,1,0.353286,1
T_0000097536,0,0.013540,0
T_0000097543,1,0.986278,1
T_0000097552,1,0.993246,1
T_0000097569,0,0.110074,0
T_0000097571,1,0.994611,1
T_0000097625,0,0.141547,0
T_0000097651,0,0.007260,0
T_0000097680,1,0.993038,1
T_0000097708,1,0.999993,1
T_0000097778,0,0.067866,0
T_0000097824,1,0.994961,1
T_0000097834,1,0.991204,1
T_0000097880,1,0.807769,1
T_0000097962,1,0.983723,1
T_0000098019,1,0.992350,1
T_0000098027,1,0.995497,1
T_0000098028,1,0.993866,1
T_0000098034,1,0.996652,1
T_0000098066,0,0.342166,1
T_0000098088,1,0.995462,1
T_0000098091,1,0.990940,1
T_0000098100,0,0.003191,0
T_0000098118,1,0.999634,1
T_0000098183,1,0.999814,1
T_0000098185,1,0.899008,1
T_0000098193,1,0.991082,1
T_0000098209,1,0.988260,1
T_0000098254,1,0.988131,1
T_0000098266,1,0.728597,1
T_0000098272,1,0.999787,1
T_0000098312,1,0.988572,1
T_0000098313,1,0.989674,1
T_0000098321,0,0.018027,0
T_0000098348,0,0.022949,0
T_0000098349,1,0.999979,1
T_0000098353,0,0.001031,0
T_0000098356,0,0.033804,0
T_0000098358,1,0.982121,1
T_0000098362,1,0.995609,1
T_0000098370,0,0.037482,0
T_0000098385,0,0.051657,0
T_0000098426,1,0.990739,1
T_0000098482,0,0.002857,0
T_0000098526,1,0.996023,1
T_0000098552,1,0.999762,1
T_0000098578,0,0.019165,0
T_0000098616,1,0.996774,1
T_0000098631,1,0.983083,1
T_0000098636,1,0.089983,0
T_0000098683,0,0.025264,0
T_0000098700,0,0.014172,0
T_0000098701,1,0.997361,1
T_0000098726,1,0.992983,1
T_0000098735,1,0.640471,1
T_0000098742,0,0.014840,0
T_0000098796,1,0.984114,1
T_0000098834,0,0.012672,0
T_0000098849,1,0.955470,1
T_0000098885,1,0.988845,1
T_0000098889,1,0.249901,1
T_0000098918,0,0.017154,0
T_0000098932,1,0.366740,1
T_0000099005,0,0.038328,0
T_0000099012,1,0.992106,1
T_0000099044,1,0.106652,0
T_0000099094,0,0.029536,0
T_0000099100,1,0.926375,1
T_0000099104,0,0.024246,0
T_0000099170,1,0.993281,1
T_0000099209,0,0.004465,0
T_0000099245,1,0.999750,1
T_0000099302,1,0.993910,1
T_0000099322,1,0.992513,1
T_0000099323,1,0.999892,1
T_0000099341,1,0.990708,1
T_0000099353,1,0.999651,1
T_0000099356,1,0.996537,1
T_0000099380,1,0.983871,1
T_0000099410,1,0.993590,1
T_0000099446,0,0.038803,0
T_0000099454,1,0.992058,1
T_0000099459,0,0.001312,0
T_0000099500,0,0.020981,0
T_0000099502,1,0.997624,1
T_0000099519,1,0.975098,1
T_0000099546,0,0.008712,0
T_0000099568,1,0.985193,1
T_0000099573,1,0.993327,1
T_0000099577,0,0.874730,1
T_0000099617,1,0.999361,1
T_0000099618,1,0.988192,1
T_0000099629,0,0.031052,0
T_0000099725,0,0.017850,0
T_0000099731,1,0.996144,1
T_0000099743,0,0.041118,0
T_0000099782,1,0.049792,0
T_0000099828,1,0.995877,1
T_0000099834,1,0.979084,1
T_0000099840,0,0.006791,0
T_0000099866,1,0.999952,1
T_0000099911,1,0.993723,1
T_0000099913,0,0.005920,0
T_0000099921,0,0.036166,0
T_0000099941,1,0.996500,1
T_0000099954,1,1.000000,1
T_0000099968,0,0.038199,0
T_0000100040,1,0.990181,1
T_0000100062,1,0.995417,1
T_0000100064,1,0.993908,1
T_0000100085,0,0.008301,0
T_0000100087,0,0.050914,0
T_0000100096,1,0.988450,1
T_0000100101,1,0.252421,1
T_0000100102,1,0.989585,1
T_0000100107,1,0.993110,1
T_0000100114,0,0.082600,0
T_0000100124,0,0.003201,0
T_0000100149,0,0.008710,0
T_0000100157,1,0.999942,1
T_0000100161,0,0.007772,0
T_0000100162,1,0.971650,1
T_0000100232,1,0.949707,1
T_0000100235,1,0.986383,1
T_0000100293,0,0.010646,0
T_0000100340,0,0.029643,0
T_0000100349,1,0.989666,1
T_0000100367,1,0.993980,1
T_0000100425,0,0.077918,0
T_0000100433,0,0.014310,0
T_0000100438,1,0.994253,1
T_0000100452,1,0.994851,1
T_0000100456,1,0.991004,1
T_0000100483,1,0.975566,1
T_0000100515,1,0.118367,0
T_0000100516,0,0.048809,0
T_0000100521,1,0.050125,0
T_0000100593,0,0.051263,0
T_0000100596,1,0.995505,1
T_0000100602,1,0.992681,1
T_0000100610,0,0.031745,0
T_0000100654,1,0.980910,1
T_0000100672,1,0.999953,1
T_0000100700,0,0.009401,0
T_0000100710,0,0.006337,0
T_0000100712,1,0.993959,1
T_0000100762,0,0.012762,0
T_0000100824,0,0.002401,0
T_0000100830,1,0.494649,1
T_0000100839,1,0.990395,1
T_0000100872,1,0.994652,1
T_0000100891,0,0.014343,0
T_0000100927,0,0.052060,0
T_0000100932,1,0.861981,1
T_0000100943,1,0.111975,0
T_0000100970,1,0.988446,1
T_0000100983,1,0.991244,1
T_0000101000,1,0.990991,1
T_0000101036,1,0.016808,0
T_0000101052,1,0.986659,1
T_0000101063,1,0.994171,1
T_0000101068,1,0.994776,1
T_0000101083,1,0.992156,1
T_0000101146,1,0.378091,1
T_0000101164,1,0.997350,1
T_0000101195,0,0.013177,0
T_0000101219,0,0.031462,0
T_0000101229,1,0.992878,1
T_0000101255,1,0.992740,1
T_0000101273,0,0.043224,0
T_0000101278,1,0.996048,1
T_0000101285,1,0.999987,1
T_0000101305,1,0.965837,1
T_0000101354,0,0.016747,0
T_0000101358,1,0.987045,1
T_0000101360,0,0.018498,0
T_0000101367,1,0.993151,1
T_0000101398,1,0.999956,1
T_0000101416,1,0.993435,1
T_0000101421,1,0.995539,1
T_0000101453,0,0.034025,0
T_0000101493,0,0.005487,0
T_0000101496,1,0.998932,1
T_0000101559,1,0.989285,1
T_0000101591,0,0.277889,1
T_0000101647,1,0.989145,1
T_0000101654,1,0.992905,1
T_0000101699,0,0.013518,0
T_0000101703,1,0.989919,1
T_0000101710,1,0.998015,1
T_0000101742,1,0.975009,1
T_0000101745,1,0.983397,1
T_0000101747,0,0.050298,0
T_0000101751,1,0.974232,1
T_0000101762,0,0.003792,0
T_0000101783,1,0.984571,1
T_0000101803,0,0.085807,0
T_0000101826,1,0.991445,1
T_0000101847,0,0.012795,0
T_0000101879,1,0.995907,1
T_0000101913,0,0.043478,0
T_0000101921,1,0.990132,1
T_0000101924,0,0.011884,0
T_0000101932,1,0.977582,1
T_0000102000,1,0.995748,1
T_0000102009,0,0.008025,0
T_0000102052,1,0.994724,1
T_0000102077,1,1.000000,1
T_0000102084,0,0.005576,0
T_0000102086,1,0.993926,1
T_0000102141,1,0.595698,1
T_0000102190,0,0.014436,0
T_0000102223,1,0.612865,1
T_0000102242,1,0.951449,1
T_0000102276,1,0.995012,1
T_0000102293,1,0.096909,0
T_0000102306,1,0.995516,1
T_0000102352,1,0.998976,1
T_0000102399,1,0.996788,1
T_0000102430,1,0.056890,0
T_0000102462,1,0.999251,1
T_0000102466,1,0.994842,1
T_0000102478,1,0.999014,1
T_0000102520,1,0.990209,1
T_0000102554,1,0.986279,1
T_0000102594,1,0.998460,1
T_0000102608,1,0.994523,1
T_0000102689,0,0.035062,0
T_0000102696,1,0.688714,1
T_0000102733,0,0.002992,0
T_0000102734,1,0.878270,1
T_0000102754,0,0.031314,0
T_0000102793,1,0.941611,1
T_0000102809,0,0.019043,0
T_0000102820,1,0.082045,0
T_0000102845,1,0.998968,1
T_0000102867,1,0.990357,1
T_0000102872,0,0.073514,0
T_0000102874,1,0.982165,1
T_0000102888,1,0.997927,1
T_0000102934,1,0.593294,1
T_0000103010,1,0.141453,0
T_0000103015,1,0.072168,0
T_0000103050,1,0.986707,1
T_0000103073,1,0.048045,0
T_0000103085,1,0.103351,0
T_0000103094,1,0.992451,1
T_0000103151,1,0.991142,1
T_0000103157,1,0.989592,1
T_0000103217,1,0.999601,1
T_0000103236,0,0.003076,0
T_0000103249,1,0.998612,1
T_0000103286,1,0.125221,0
T_0000103371,0,0.028136,0
T_0000103374,0,0.024145,0
T_0000103380,0,0.023095,0
T_0000103411,0,0.002942,0
T_0000103416,1,0.998009,1
T_0000103436,0,0.038733,0
T_0000103453,1,0.993352,1
T_0000103465,1,0.985053,1
T_0000103535,1,0.996556,1
T_0000103554,1,0.990516,1
T_0000103560,1,0.207297,1
T_0000103589,0,0.115589,0
T_0000103595,0,0.688140,1
T_0000103628,1,0.991178,1
T_0000103644,1,0.993065,1
T_0000103657,0,0.012072,0
T_0000103669,1,0.992808,1
T_0000103708,0,0.018664,0
T_0000103749,1,0.987250,1
T_0000103767,0,0.008820,0
T_0000103773,1,0.992528,1
T_0000103801,1,0.997404,1
T_0000103830,0,0.028226,0
T_0000103880,1,0.989456,1
T_0000103902,1,0.996418,1
T_0000103951,1,0.995105,1
T_0000103964,1,0.994189,1
T_0000103971,1,0.989790,1
T_0000103983,1,0.988237,1
T_0000104037,1,0.998972,1
T_0000104051,0,0.017652,0
T_0000104059,1,0.994642,1
T_0000104089,1,0.995062,1
T_0000104159,1,1.000000,1
T_0000104160,0,0.035835,0
T_0000104263,1,0.995624,1
T_0000104266,0,0.016940,0
T_0000104267,0,0.013794,0
T_0000104288,0,0.021507,0
T_0000104289,0,0.036128,0
T_0000104297,0,0.025641,0
T_0000104299,1,0.995780,1
T_0000104312,1,0.989063,1
T_0000104332,1,0.993147,1
T_0000104339,1,0.999579,1
T_0000104341,0,0.018766,0
T_0000104342,0,0.012634,0
T_0000104366,0,0.021750,0
T_0000104423,1,0.987299,1
T_0000104455,1,0.991286,1
T_0000104466,0,0.030137,0
T_0000104473,1,0.979098,1
T_0000104478,0,0.029391,0
T_0000104482,1,0.996480,1
T_0000104508,0,0.492039,1
T_0000104533,1,0.998175,1
T_0000104535,1,0.138135,0
T_0000104538,1,0.996944,1
T_0000104563,1,0.993314,1
T_0000104569,1,0.999459,1
T_0000104572,1,0.999884,1
T_0000104588,1,0.987225,1
T_0000104593,0,0.028771,0
T_0000104595,1,0.996334,1
T_0000104740,1,0.998523,1
T_0000104765,1,1.000000,1
T_0000104785,0,0.042109,0
T_0000104852,0,0.011263,0
T_0000104853,0,0.006300,0
T_0000104869,1,0.975191,1
T_0000104909,1,0.992072,1
T_0000104926,0,0.050447,0
T_0000104951,1,0.061515,0
T_0000104963,0,0.177789,0
T_0000104967,1,0.992971,1
T_0000104980,1,0.995358,1
T_0000104985,0,0.005221,0
T_0000104993,0,0.009068,0
T_0000105018,1,0.995045,1
T_0000105025,0,0.012453,0
T_0000105032,1,0.988898,1
T_0000105033,1,0.995223,1
T_0000105035,1,0.985528,1
T_0000105065,1,0.999477,1
T_0000105067,1,0.992372,1
T_0000105088,1,0.989079,1
T_0000105124,1,0.965146,1
T_0000105144,1,0.949170,1
T_0000105157,0,0.041627,0
T_0000105178,1,0.993068,1
T_0000105197,0,0.247175,1
T_0000105239,1,0.991036,1
T_0000105243,1,1.000000,1
T_0000105249,0,0.037218,0
T_0000105250,1,0.998127,1
T_0000105258,1,0.664725,1
T_0000105266,0,0.953427,1
T_0000105268,1,0.994120,1
T_0000105274,0,0.253324,1
T_0000105277,1,0.995394,1
T_0000105311,1,0.996698,1
T_0000105364,1,0.986733,1
T_0000105427,0,0.073726,0
T_0000105506,1,0.765613,1
T_0000105509,1,0.990199,1
T_0000105548,0,0.008302,0
T_0000105558,1,0.997274,1
T_0000105584,0,0.020009,0
T_0000105661,1,0.996164,1
T_0000105692,1,1.000000,1
T_0000105701,1,0.994505,1
T_0000105705,1,0.990538,1
T_0000105713,0,0.020514,0
T_0000105735,1,0.995724,1
T_0000105755,1,0.996302,1
T_0000105757,0,0.031393,0
T_0000105768,1,0.999986,1
T_0000105782,1,0.998306,1
T_0000105790,1,0.997056,1
T_0000105818,0,0.014660,0
T_0000105901,1,0.999220,1
T_0000105911,0,0.005192,0
T_0000105914,1,0.995086,1
T_0000105929,1,0.995215,1
T_0000105931,1,0.997886,1
T_0000105932,1,0.994470,1
T_0000105939,1,0.997256,1
T_0000105994,1,0.993074,1
T_0000106020,0,0.018858,0
T_0000106052,1,0.995667,1
T_0000106075,1,0.991954,1
T_0000106096,1,0.992361,1
T_0000106133,1,0.995294,1
T_0000106149,0,0.012392,0
T_0000106197,1,0.995835,1
T_0000106200,0,0.071467,0
T_0000106215,1,0.994997,1
T_0000106218,1,0.995914,1
T_0000106229,1,0.992892,1
T_0000106231,1,0.206972,1
T_0000106234,0,0.002977,0
T_0000106238,0,0.023606,0
T_0000106276,1,0.990114,1
T_0000106288,1,0.989147,1
T_0000106328,1,0.994419,1
T_0000106330,0,0.008686,0
T_0000106336,0,0.022364,0
T_0000106341,1,0.982788,1
T_0000106360,1,0.993505,1
T_0000106373,0,0.037525,0
T_0000106376,1,0.989481,1
T_0000106378,1,0.996771,1
T_0000106380,0,0.008944,0
T_0000106384,1,0.997033,1
T_0000106400,1,0.999995,1
T_0000106402,0,0.012691,0
T_0000106426,1,0.980289,1
T_0000106432,1,0.992205,1
T_0000106446,1,0.889726,1
T_0000106509,1,0.992436,1
T_0000106534,1,0.091279,0
T_0000106535,1,0.977543,1
T_0000106550,1,0.983259,1
T_0000106572,1,0.993715,1
T_0000106581,1,0.955513,1
T_0000106587,1,0.999981,1
T_0000106612,0,0.001123,0
T_0000106625,0,0.013001,0
T_0000106658,0,0.036379,0
T_0000106664,0,0.031693,0
T_0000106732,0,0.019729,0
T_0000106794,0,0.060729,0
T_0000106802,1,0.995970,1
T_0000106808,0,0.055577,0
T_0000106814,1,0.993553,1
T_0000106815,0,0.041033,0
T_0000106921,1,0.984367,1
T_0000106942,1,0.987719,1
T_0000106946,1,0.126602,0
T_0000106953,1,0.994356,1
T_0000106989,1,0.999717,1
T_0000107118,0,0.035538,0
T_0000107138,1,0.999994,1
T_0000107146,1,0.999937,1
T_0000107156,1,0.982617,1
T_0000107189,1,0.836958,1
T_0000107244,1,0.987991,1
T_0000107245,1,0.997264,1
T_0000107276,1,1.000000,1
T_0000107305,0,0.030957,0
T_0000107347,1,0.999937,1
T_0000107408,1,0.984986,1
T_0000107440,0,0.017349,0
T_0000107458,0,0.030728,0
T_0000107491,0,0.060210,0
T_0000107505,1,0.985527,1
T_0000107506,0,0.066970,0
T_0000107545,1,0.988956,1
T_0000107546,0,0.005035,0
T_0000107578,0,0.024805,0
T_0000107588,1,0.997442,1
T_0000107594,0,0.045030,0
T_0000107603,0,0.021762,0
T_0000107614,0,0.049723,0
T_0000107636,1,0.992956,1
T_0000107650,1,0.999372,1
T_0000107660,1,0.984470,1
T_0000107732,1,0.996270,1
T_0000107754,1,0.990067,1
T_0000107755,1,0.994641,1
T_0000107777,1,0.991760,1
T_0000107812,1,0.993951,1
T_0000107836,1,0.999999,1
T_0000107838,1,0.996233,1
T_0000107894,1,0.990832,1
T_0000107898,1,0.995247,1
T_0000107936,1,0.934175,1
T_0000107974,1,0.995861,1
T_0000108000,0,0.029293,0
T_0000108011,0,0.006739,0
T_0000108036,0,0.011760,0
T_0000108079,1,0.874596,1
T_0000108094,1,0.997538,1
T_0000108110,1,0.826163,1
T_0000108149,1,0.796285,1
T_0000108160,1,0.995981,1
T_0000108166,1,0.999813,1
T_0000108222,1,0.982143,1
T_0000108231,1,0.994038,1
T_0000108236,0,0.005001,0
T_0000108242,1,0.993875,1
T_0000108256,0,0.038364,0
T_0000108271,0,0.050595,0
T_0000108288,0,0.016137,0
T_0000108343,1,0.994756,1
T_0000108345,1,0.993175,1
T_0000108362,1,0.992664,1
T_0000108449,1,1.000000,1
T_0000108487,1,0.997155,1
T_0000108493,0,0.015885,0
T_0000108515,0,0.010007,0
T_0000108530,1,0.986032,1
T_0000108557,1,0.991492,1
T_0000108562,0,0.038671,0
T_0000108571,0,0.086983,0
T_0000108579,0,0.023268,0
T_0000108591,1,0.995557,1
T_0000108620,0,0.018155,0
T_0000108631,0,0.028856,0
T_0000108646,0,0.022088,0
T_0000108703,1,1.000000,1
T_0000108734,1,0.440784,1
T_0000108742,1,0.995269,1
T_0000108760,1,0.999892,1
T_0000108785,0,0.017944,0
T_0000108797,1,0.998249,1
T_0000108800,1,0.989218,1
T_0000108801,1,0.989525,1
T_0000108850,0,0.056056,0
T_0000108852,1,0.989918,1
T_0000108859,0,0.038566,0
T_0000108880,0,0.082640,0
T_0000108921,1,0.151435,0
T_0000108947,1,0.989050,1
T_0000109078,1,0.997587,1
T_0000109083,0,0.025123,0
T_0000109088,1,0.990365,1
T_0000109100,1,0.989065,1
T_0000109101,1,0.992244,1
T_0000109104,0,0.028324,0
T_0000109169,0,0.011477,0
T_0000109177,1,0.999002,1
T_0000109190,1,0.056688,0
T_0000109212,1,0.275027,1
T_0000109221,1,0.282246,1
T_0000109238,0,0.020245,0
T_0000109257,1,0.999995,1
T_0000109268,0,0.011985,0
T_0000109275,0,0.022794,0
T_0000109287,1,0.980299,1
T_0000109294,1,0.994660,1
T_0000109323,1,0.841543,1
T_0000109349,0,0.027221,0
T_0000109377,1,0.962129,1
T_0000109381,0,0.080540,0
T_0000109388,1,0.949794,1
T_0000109402,0,0.018086,0
T_0000109403,0,0.000967,0
T_0000109413,1,0.978782,1
T_0000109417,0,0.063091,0
T_0000109446,0,0.013270,0
T_0000109458,1,0.996414,1
T_0000109477,1,0.824372,1
T_0000109489,0,0.038679,0
T_0000109512,1,0.573235,1
T_0000109566,1,0.988386,1
T_0000109573,0,0.005008,0
T_0000109581,1,0.417236,1
T_0000109596,1,0.064708,0
T_0000109642,0,0.007200,0
T_0000109648,1,0.992969,1
T_0000109662,1,0.995268,1
T_0000109669,1,0.999999,1
T_0000109677,1,0.997138,1
T_0000109732,1,0.993987,1
T_0000109794,1,0.992494,1
T_0000109823,1,0.995574,1
T_0000109827,0,0.037638,0
T_0000109856,1,0.987902,1
T_0000109867,1,0.987431,1
T_0000109872,1,0.992135,1
T_0000109901,1,0.961443,1
T_0000109912,1,0.989384,1
T_0000109914,1,0.961088,1
T_0000109927,1,0.968076,1
T_0000109936,0,0.046892,0
T_0000109959,1,0.999399,1
T_0000110036,1,0.984850,1
T_0000110106,1,0.997774,1
T_0000110113,0,0.103090,0
T_0000110131,1,0.999904,1
T_0000110149,1,0.994362,1
T_0000110175,0,0.044939,0
T_0000110184,0,0.050062,0
T_0000110188,1,0.999995,1
T_0000110196,0,0.019289,0
T_0000110232,1,0.981708,1
T_0000110246,0,0.003340,0
T_0000110247,1,0.994307,1
T_0000110298,1,0.980378,1
T_0000110344,1,0.976646,1
T_0000110356,1,0.995958,1
T_0000110406,1,0.999989,1
T_0000110455,0,0.036691,0
T_0000110456,0,0.219247,1
T_0000110493,1,0.988876,1
T_0000110510,0,0.006776,0
T_0000110516,0,0.033180,0
T_0000110595,1,0.991180,1
T_0000110640,1,0.982804,1
T_0000110675,1,0.993834,1
T_0000110723,1,0.976698,1
T_0000110754,1,1.000000,1
T_0000110768,1,0.936752,1
T_0000110784,1,0.994006,1
T_0000110850,1,0.963573,1
T_0000110888,1,0.957378,1
T_0000110889,1,0.998373,1
T_0000110928,1,0.996209,1
T_0000110949,0,0.020054,0
T_0000110970,1,0.987416,1
T_0000110995,1,0.997198,1
T_0000111059,1,0.993082,1
T_0000111061,1,0.995407,1
T_0000111080,1,0.960412,1
T_0000111138,1,0.972373,1
T_0000111147,1,0.978215,1
T_0000111155,1,0.986147,1
T_0000111161,0,0.005790,0
T_0000111164,1,0.996076,1
T_0000111177,1,0.994699,1
T_0000111201,0,0.039864,0
T_0000111273,1,0.994779,1
T_0000111280,0,0.218734,1
T_0000111297,1,1.000000,1
T_0000111314,1,0.989442,1
T_0000111328,0,0.063369,0
T_0000111332,0,0.046302,0
T_0000111352,0,0.025658,0
T_0000111381,1,0.986739,1
T_0000111385,1,0.819351,1
T_0000111407,1,0.079983,0
T_0000111432,1,0.999917,1
T_0000111435,0,0.001381,0
T_0000111524,1,0.999999,1
T_0000111538,0,0.033966,0
T_0000111560,0,0.000987,0
T_0000111609,1,0.991923,1
T_0000111618,0,0.017339,0
T_0000111636,0,0.004172,0
T_0000111643,0,0.015199,0
T_0000111677,0,0.970355,1
T_0000111682,1,0.984138,1
T_0000111743,0,0.011558,0
T_0000111762,1,0.986384,1
T_0000111773,0,0.004402,0
T_0000111778,1,0.972533,1
T_0000111798,1,0.949062,1
T_0000111851,0,0.188057,1
T_0000111858,0,0.005621,0
T_0000111875,1,0.994914,1
T_0000111888,1,0.992672,1
T_0000111924,1,0.982310,1
T_0000111925,1,0.999988,1
T_0000111954,1,0.999855,1
T_0000111989,1,0.994729,1
T_0000112000,0,0.025582,0
T_0000112006,0,0.040244,0
T_0000112062,1,0.993465,1
T_0000112096,1,0.991736,1
T_0000112109,1,0.997582,1
T_0000112148,0,0.051109,0
T_0000112160,1,0.990491,1
T_0000112181,0,0.005082,0
T_0000112197,0,0.053211,0
T_0000112253,1,0.995547,1
T_0000112260,0,0.107795,0
T_0000112270,0,0.015627,0
T_0000112272,1,0.993550,1
T_0000112301,1,0.992586,1
T_0000112327,1,0.986895,1
T_0000112328,1,0.986602,1
T_0000112355,1,0.991902,1
T_0000112363,1,0.997542,1
T_0000112387,0,0.041609,0
T_0000112414,0,0.011520,0
T_0000112430,1,0.994144,1
T_0000112466,1,0.992711,1
T_0000112485,1,0.991590,1
T_0000112504,1,0.986573,1
T_0000112521,1,0.995809,1
T_0000112530,1,0.088009,0
T_0000112531,1,0.998148,1
T_0000112556,1,0.995026,1
T_0000112562,0,0.019810,0
T_0000112594,1,0.988362,1
T_0000112595,1,0.985455,1
T_0000112654,1,0.995338,1
T_0000112659,1,0.997045,1
T_0000112676,0,0.040876,0
T_0000112681,0,0.028336,0
T_0000112695,0,0.003430,0
T_0000112696,1,0.997431,1
T_0000112699,1,0.739653,1
T_0000112708,1,0.995633,1
T_0000112710,1,0.452966,1
T_0000112713,1,0.988935,1
T_0000112766,1,0.977408,1
T_0000112780,1,0.993452,1
T_0000112790,1,0.989407,1
T_0000112805,0,0.036647,0
T_0000112810,1,0.990490,1
T_0000112829,0,0.080603,0
T_0000112861,1,0.987623,1
T_0000112869,1,0.985232,1
T_0000112952,1,0.190725,1
T_0000112961,1,0.992617,1
T_0000112978,1,0.988722,1
T_0000112983,1,0.994785,1
T_0000113015,1,0.996152,1
T_0000113032,0,0.167756,0
T_0000113042,0,0.026306,0
T_0000113044,0,0.103126,0
T_0000113078,1,0.348589,1
T_0000113203,0,0.268224,1
T_0000113262,0,0.047428,0
T_0000113265,1,0.877067,1
T_0000113273,1,0.067501,0
T_0000113289,0,0.035486,0
T_0000113293,0,0.008717,0
T_0000113346,0,0.025469,0
T_0000113407,1,0.991458,1
T_0000113431,1,0.977923,1
T_0000113450,0,0.070209,0
T_0000113478,0,0.028222,0
T_0000113479,1,0.432510,1
T_0000113502,1,0.995629,1
T_0000113514,1,0.999652,1
T_0000113523,0,0.010340,0
T_0000113568,1,0.990459,1
T_0000113571,1,0.992348,1
T_0000113585,1,0.999945,1
T_0000113602,0,0.006484,0
T_0000113649,0,0.011045,0
T_0000113664,1,0.987813,1
T_0000113760,0,0.005954,0
T_0000113771,1,0.977191,1
T_0000113775,1,0.984494,1
T_0000113810,1,0.997728,1
T_0000113812,0,0.033242,0
T_0000113839,0,0.125053,0
T_0000113844,1,0.990031,1
T_0000113847,1,0.024900,0
T_0000113855,1,0.918521,1
T_0000113884,1,0.987622,1
T_0000113922,0,0.044693,0
T_0000114019,0,0.008498,0
T_0000114038,1,0.990785,1
T_0000114080,0,0.003675,0
T_0000114085,1,0.995381,1
T_0000114087,0,0.038073,0
T_0000114134,0,0.135229,0
T_0000114151,1,0.999943,1
T_0000114158,1,0.947844,1
T_0000114170,0,0.055789,0
T_0000114185,1,0.990865,1
T_0000114198,0,0.191356,1
T_0000114258,0,0.047138,0
T_0000114261,1,0.040402,0
T_0000114280,1,0.992569,1
T_0000114285,1,0.973797,1
T_0000114288,1,0.990996,1
T_0000114310,1,0.983952,1
T_0000114317,1,0.997314,1
T_0000114322,0,0.018614,0
T_0000114337,0,0.041608,0
T_0000114366,1,0.983908,1
T_0000114395,1,0.990328,1
T_0000114420,1,0.989935,1
T_0000114441,0,0.080413,0
T_0000114476,0,0.022836,0
T_0000114478,0,0.016721,0
T_0000114517,1,0.995610,1
T_0000114533,1,0.164173,0
T_0000114544,1,0.171835,0
T_0000114569,1,0.975838,1
T_0000114589,1,0.949390,1
T_0000114592,0,0.019686,0
T_0000114603,1,0.993437,1
T_0000114640,0,0.016514,0
T_0000114669,1,0.997331,1
T_0000114706,1,0.993220,1
T_0000114709,1,0.976873,1
T_0000114716,1,0.998739,1
T_0000114736,1,0.986699,1
T_0000114756,1,0.143196,0
T_0000114766,0,0.072196,0
T_0000114787,1,0.992442,1
T_0000114808,1,0.094553,0
T_0000114819,0,0.015795,0
T_0000114863,1,0.992991,1
T_0000114875,1,0.983329,1
T_0000114879,1,0.995005,1
T_0000114913,1,0.993451,1
T_0000114962,0,0.119914,0
T_0000114972,0,0.047076,0
T_0000114998,0,0.025596,0
T_0000115000,1,0.981115,1
T_0000115027,1,0.952312,1
T_0000115029,0,0.018491,0
T_0000115043,1,0.582952,1
T_0000115052,1,0.994308,1
T_0000115071,0,0.012108,0
T_0000115109,0,0.002366,0
T_0000115150,0,0.024287,0
T_0000115174,0,0.025971,0
T_0000115205,1,0.987943,1
T_0000115206,0,0.062314,0
T_0000115209,0,0.022311,0
T_0000115212,1,0.991862,1
T_0000115218,0,0.029829,0
T_0000115247,1,0.993425,1
T_0000115263,1,0.987903,1
T_0000115271,0,0.014401,0
T_0000115322,0,0.058790,0
T_0000115332,1,0.995817,1
T_0000115355,1,0.984732,1
T_0000115364,0,0.033954,0
T_0000115369,1,0.994895,1
T_0000115400,0,0.013725,0
T_0000115404,0,0.024547,0
T_0000115447,1,0.983014,1
T_0000115449,0,0.005976,0
T_0000115452,1,0.994123,1
T_0000115454,0,0.045687,0
T_0000115459,0,0.004635,0
T_0000115497,1,0.987826,1
T_0000115537,1,0.999871,1
T_0000115556,1,0.996538,1
T_0000115575,1,0.992788,1
T_0000115577,1,0.991156,1
T_0000115600,0,0.071740,0
T_0000115618,1,0.997626,1
T_0000115620,0,0.008304,0
T_0000115630,1,0.989410,1
T_0000115652,1,0.995239,1
T_0000115654,0,0.044875,0
T_0000115673,1,0.999839,1
T_0000115674,1,0.991196,1
T_0000115713,1,0.987750,1
T_0000115729,1,0.991257,1
T_0000115747,1,0.131027,0
T_0000115762,1,0.992742,1
T_0000115792,0,0.035068,0
T_0000115898,1,0.611587,1
T_0000115917,1,0.255022,1
T_0000115918,1,0.995784,1
T_0000115952,1,0.996549,1
T_0000115997,1,0.020511,0
T_0000116019,0,0.007117,0
T_0000116058,1,0.988433,1
T_0000116080,1,0.989215,1
T_0000116098,1,0.988711,1
T_0000116113,0,0.027331,0
T_0000116138,1,0.992943,1
T_0000116139,1,0.993040,1
T_0000116148,1,0.995102,1
T_0000116153,1,0.889698,1
T_0000116174,1,0.999923,1
T_0000116177,1,0.989851,1
T_0000116178,0,0.967661,1
T_0000116181,1,0.999976,1
T_0000116218,1,0.994188,1
T_0000116221,0,0.047141,0
T_0000116235,1,0.833042,1
T_0000116236,0,0.006617,0
T_0000116242,1,0.990290,1
T_0000116294,1,0.995595,1
T_0000116308,1,0.075618,0
T_0000116309,1,0.940331,1
T_0000116341,1,0.913182,1
T_0000116372,1,1.000000,1
T_0000116432,1,1.000000,1
T_0000116437,1,0.075132,0
T_0000116472,0,0.022719,0
T_0000116473,1,0.992123,1
T_0000116478,1,0.074599,0
T_0000116511,0,0.026793,0
T_0000116519,0,0.003722,0
T_0000116540,1,0.978394,1
T_0000116565,0,0.002522,0
T_0000116579,0,0.022710,0
T_0000116589,1,0.991918,1
T_0000116599,1,0.999985,1
T_0000116621,1,0.997424,1
T_0000116716,0,0.062061,0
T_0000116737,1,0.999984,1
T_0000116784,1,0.987445,1
T_0000116799,0,0.020298,0
T_0000116809,0,0.048399,0
T_0000116820,1,0.972220,1
T_0000116824,1,0.779799,1
T_0000116853,1,0.993557,1
T_0000116857,1,0.993686,1
T_0000116882,1,0.993521,1
T_0000116887,0,0.039401,0
T_0000116908,0,0.007734,0
T_0000116915,1,0.999687,1
T_0000116928,1,0.743357,1
T_0000116950,1,0.993491,1
T_0000116952,0,0.035622,0
T_0000116956,0,0.017980,0
T_0000116981,0,0.137583,0
T_0000117020,1,0.995184,1
T_0000117031,1,0.994665,1
T_0000117035,1,0.999177,1
T_0000117037,1,0.994631,1
T_0000117050,1,0.991237,1
T_0000117066,1,0.544528,1
T_0000117067,1,0.122246,0
T_0000117072,1,0.991298,1
T_0000117123,1,0.991323,1
T_0000117145,1,0.994485,1
T_0000117192,1,0.999990,1
T_0000117217,1,0.966727,1
T_0000117249,0,0.049572,0
T_0000117259,1,0.045013,0
T_0000117277,1,0.990223,1
T_0000117287,1,0.989013,1
T_0000117424,1,0.997713,1
T_0000117428,1,0.996329,1
T_0000117437,1,0.109943,0
T_0000117445,1,0.985713,1
T_0000117463,1,0.981141,1
T_0000117484,0,0.077419,0
T_0000117485,0,0.011454,0
T_0000117553,0,0.029009,0
T_0000117635,1,0.989631,1
T_0000117650,1,0.995460,1
T_0000117655,1,0.999265,1
T_0000117659,1,1.000000,1
T_0000117662,0,0.006829,0
T_0000117668,1,0.994445,1
T_0000117679,1,0.990089,1
T_0000117688,0,0.056389,0
T_0000117708,0,0.872159,1
T_0000117754,1,0.998731,1
T_0000117767,1,0.995191,1
T_0000117774,1,0.997294,1
T_0000117779,0,0.056541,0
T_0000117810,1,0.997632,1
T_0000117847,1,0.998550,1
T_0000117854,0,0.048688,0
T_0000117888,1,0.995909,1
T_0000117898,0,0.150085,0
T_0000117911,1,0.997101,1
T_0000117914,0,0.281725,1
T_0000117920,0,0.028026,0
T_0000117928,1,0.997278,1
T_0000117938,0,0.014612,0
T_0000117943,1,0.996705,1
T_0000118009,1,0.999856,1
T_0000118036,1,0.997351,1
T_0000118037,1,0.985162,1
T_0000118040,1,0.997120,1
T_0000118064,1,0.999343,1
T_0000118179,1,0.999968,1
T_0000118184,1,0.996491,1
T_0000118186,1,0.999862,1
T_0000118207,1,0.997596,1
T_0000118253,1,0.988113,1
T_0000118259,1,0.995539,1
T_0000118275,1,0.988256,1
T_0000118310,0,0.124070,0
T_0000118359,0,0.049485,0
T_0000118398,1,0.937144,1
T_0000118404,1,0.997449,1
T_0000118410,1,0.849430,1
T_0000118473,0,0.010682,0
T_0000118481,1,0.985209,1
T_0000118501,0,0.002186,0
T_0000118503,1,0.956227,1
T_0000118527,1,0.999999,1
T_0000118631,1,0.981444,1
T_0000118642,0,0.001435,0
T_0000118649,1,0.984478,1
T_0000118675,1,0.964940,1
T_0000118711,1,0.987639,1
T_0000118713,0,0.022947,0
T_0000118720,1,0.996588,1
T_0000118735,1,0.995946,1
T_0000118773,1,0.996964,1
T_0000118786,0,0.044425,0
T_0000118807,1,0.985555,1
T_0000118819,1,0.979125,1
T_0000118865,1,0.999996,1
T_0000118898,1,0.994091,1
T_0000118938,0,0.062020,0
T_0000118944,0,0.003173,0
T_0000119021,1,0.992914,1
T_0000119040,1,0.998686,1
T_0000119066,0,0.003874,0
T_0000119068,0,0.010801,0
T_0000119081,0,0.013458,0
T_0000119093,1,0.992630,1
T_0000119096,0,0.028517,0
T_0000119127,1,0.995090,1
T_0000119128,1,0.710129,1
T_0000119131,1,0.993640,1
T_0000119189,1,0.994796,1
T_0000119216,0,0.013633,0
T_0000119220,1,0.077086,0
T_0000119227,0,0.053388,0
T_0000119243,0,0.012147,0
T_0000119264,0,0.042532,0
T_0000119278,1,0.999125,1
T_0000119333,0,0.010489,0
T_0000119371,1,0.994029,1
T_0000119385,0,0.068850,0
T_0000119404,1,0.999985,1
T_0000119409,1,0.991469,1
T_0000119418,1,0.995841,1
T_0000119443,1,0.997189,1
T_0000119457,1,0.994604,1
T_0000119461,1,0.989307,1
T_0000119486,0,0.007127,0
T_0000119506,0,0.059949,0
T_0000119513,0,0.013113,0
T_0000119534,0,0.006500,0
T_0000119540,1,0.997924,1
T_0000119543,0,0.005985,0
T_0000119555,1,0.989819,1
T_0000119590,0,0.008087,0
T_0000119649,1,0.994338,1
T_0000119656,1,0.172552,0
T_0000119678,1,0.993175,1
T_0000119720,1,0.984078,1
T_0000119727,1,0.990627,1
T_0000119728,1,0.993865,1
T_0000119770,1,0.995332,1
T_0000119772,0,0.045741,0
T_0000119820,1,0.999801,1
T_0000119831,0,0.061026,0
T_0000119847,1,0.989363,1
T_0000119915,1,0.998051,1
T_0000119931,1,0.994150,1
T_0000119965,1,0.972872,1
T_0000119969,1,0.992496,1
T_0000119989,1,0.984583,1
T_0000119997,1,0.989336,1
T_0000120022,1,1.000000,1
T_0000120144,1,0.991591,1
T_0000120147,0,0.066724,0
T_0000120148,1,0.988379,1
T_0000120150,1,0.989791,1
T_0000120169,1,0.234118,1
T_0000120194,1,0.871709,1
T_0000120237,1,0.988540,1
T_0000120268,1,0.999753,1
T_0000120292,0,0.092844,0
T_0000120306,0,0.047800,0
T_0000120309,1,0.225383,1
T_0000120329,0,0.003827,0
T_0000120393,1,0.978445,1
T_0000120432,1,0.999987,1
T_0000120459,0,0.045530,0
T_0000120466,0,0.022805,0
T_0000120489,1,0.993761,1
T_0000120504,0,0.026992,0
T_0000120555,1,0.993890,1
T_0000120568,1,0.984885,1
T_0000120603,0,0.012721,0
T_0000120608,1,0.029090,0
T_0000120677,0,0.144184,0
T_0000120693,1,0.994453,1
T_0000120705,0,0.023886,0
T_0000120716,0,0.027154,0
T_0000120718,1,0.994719,1
T_0000120720,1,0.997311,1
T_0000120736,1,0.959189,1
T_0000120749,1,0.975067,1
T_0000120758,0,0.006050,0
T_0000120828,1,0.995985,1
T_0000120838,0,0.029421,0
T_0000120856,1,0.999962,1
T_0000120865,1,0.993845,1
T_0000120879,0,0.076458,0
T_0000120896,1,0.988524,1
T_0000120931,1,0.992734,1
T_0000120935,1,0.954428,1
T_0000120977,1,0.947996,1
T_0000120988,1,0.091411,0
T_0000121014,0,0.006836,0
T_0000121020,1,0.994825,1
T_0000121040,1,0.990288,1
T_0000121043,0,0.014784,0
T_0000121052,1,0.998629,1
T_0000121123,0,0.005637,0
T_0000121223,0,0.010302,0
T_0000121232,1,0.991990,1
T_0000121236,1,0.999971,1
T_0000121237,0,0.016419,0
T_0000121274,0,0.014203,0
T_0000121291,1,0.993952,1
T_0000121296,1,0.994069,1
T_0000121312,1,0.830966,1
T_0000121371,0,0.021146,0
T_0000121421,1,0.988489,1
T_0000121433,0,0.100734,0
T_0000121444,1,0.774890,1
T_0000121454,1,0.995238,1
T_0000121456,0,0.027868,0
T_0000121490,0,0.103577,0
T_0000121502,0,0.038929,0
T_0000121506,1,0.963309,1
T_0000121515,1,0.995236,1
T_0000121594,1,0.999979,1
T_0000121600,1,0.762513,1
T_0000121605,1,1.000000,1
T_0000121630,0,0.029105,0
T_0000121649,1,0.988447,1
T_0000121667,0,0.013181,0
T_0000121717,1,0.999992,1
T_0000121738,1,0.962408,1
T_0000121771,0,0.019416,0
T_0000121802,1,0.209047,1
T_0000121823,1,0.999671,1
T_0000121826,1,0.992603,1
T_0000121828,1,0.995691,1
T_0000121899,1,0.995764,1
T_0000121918,1,0.986065,1
T_0000121945,1,0.996204,1
T_0000121948,1,0.677456,1
T_0000121958,1,0.997043,1
T_0000121983,1,0.988001,1
T_0000121998,1,0.976935,1
T_0000122039,1,0.968881,1
T_0000122040,1,0.940952,1
T_0000122053,0,0.011621,0
T_0000122078,1,0.931467,1
T_0000122080,1,0.988644,1
T_0000122099,1,0.952812,1
T_0000122134,0,0.013708,0
T_0000122172,1,0.991404,1
T_0000122177,0,0.079187,0
T_0000122203,1,0.996561,1
T_0000122225,0,0.022292,0
T_0000122246,0,0.025087,0
T_0000122269,1,0.151538,0
T_0000122278,0,0.013706,0
T_0000122295,1,0.997275,1
T_0000122307,1,0.993926,1
T_0000122333,0,0.010117,0
T_0000122354,1,0.988153,1
T_0000122404,0,0.059752,0
T_0000122413,1,0.991878,1
T_0000122474,1,0.997556,1
T_0000122512,1,0.015560,0
T_0000122552,1,0.983002,1
T_0000122601,0,0.008706,0
T_0000122645,1,0.993472,1
T_0000122666,1,0.995180,1
T_0000122705,0,0.085359,0
T_0000122753,0,0.188046,1
T_0000122804,1,0.207794,1
T_0000122865,1,0.978781,1
T_0000122869,1,0.997064,1
T_0000122899,0,0.014672,0
T_0000122936,1,0.994491,1
T_0000122958,1,0.994390,1
T_0000122999,1,0.997613,1
T_0000123005,1,0.991182,1
T_0000123040,0,0.032599,0
T_0000123056,1,0.993575,1
T_0000123059,1,0.990931,1
T_0000123067,1,0.850180,1
T_0000123075,1,0.995742,1
T_0000123106,0,0.025839,0
T_0000123217,1,0.990922,1
T_0000123234,1,0.026009,0
T_0000123252,1,0.990653,1
T_0000123255,0,0.031540,0
T_0000123275,1,0.996498,1
T_0000123280,1,0.992582,1
T_0000123336,1,0.993228,1
T_0000123357,1,0.188680,1
T_0000123371,0,0.037925,0
T_0000123374,1,0.993837,1
T_0000123397,1,0.987907,1
T_0000123399,0,0.024931,0
T_0000123401,0,0.063132,0
T_0000123416,1,0.988229,1
T_0000123434,1,0.990577,1
T_0000123442,1,1.000000,1
T_0000123451,1,0.996248,1
T_0000123457,1,0.087465,0
T_0000123460,1,0.999363,1
T_0000123521,1,0.976620,1
T_0000123565,1,0.992279,1
T_0000123577,1,0.995583,1
T_0000123582,1,0.999947,1
T_0000123586,1,0.974131,1
T_0000123595,1,0.103043,0
T_0000123605,1,0.999999,1
T_0000123609,1,0.974045,1
T_0000123662,1,0.996219,1
T_0000123672,0,0.859859,1
T_0000123685,1,0.988875,1
T_0000123699,0,0.020394,0
T_0000123720,1,0.996865,1
T_0000123724,0,0.031243,0
T_0000123768,1,0.390443,1
T_0000123828,1,0.996903,1
T_0000123864,1,0.999628,1
T_0000123907,0,0.079100,0
T_0000123912,1,0.989550,1
T_0000123920,0,0.058248,0
T_0000123937,1,0.782816,1
T_0000123956,1,0.188725,1
T_0000123962,1,0.114036,0
T_0000123982,1,0.481643,1
T_0000123994,1,0.998667,1
T_0000124015,1,0.967720,1
T_0000124070,1,0.982608,1
T_0000124076,1,0.973295,1
T_0000124089,1,0.996786,1
T_0000124149,1,0.990631,1
T_0000124200,1,0.348650,1
T_0000124273,1,1.000000,1
T_0000124288,0,0.015989,0
T_0000124365,1,0.987769,1
T_0000124368,1,0.999297,1
T_0000124377,1,0.991677,1
T_0000124387,1,0.932496,1
T_0000124413,0,0.034235,0
T_0000124434,1,0.992813,1
T_0000124495,1,0.990519,1
T_0000124504,1,0.994535,1
T_0000124523,1,0.989762,1
T_0000124533,0,0.061911,0
T_0000124568,1,0.987881,1
T_0000124592,1,0.992832,1
T_0000124606,1,0.974133,1
T_0000124608,1,0.984258,1
T_0000124624,1,0.953629,1
T_0000124631,0,0.708973,1
T_0000124655,1,0.968040,1
T_0000124670,1,0.987934,1
T_0000124715,0,0.034778,0
T_0000124717,0,0.091564,0
T_0000124817,1,0.946239,1
T_0000124885,1,0.989866,1
T_0000124886,0,0.065133,0
T_0000124923,1,0.991166,1
T_0000124933,0,0.010146,0
T_0000124952,0,0.005651,0
T_0000124970,1,0.993904,1
T_0000124971,1,0.998918,1
T_0000125039,1,0.994357,1
T_0000125046,1,0.988079,1
T_0000125074,1,0.963634,1
T_0000125082,0,0.011081,0
T_0000125097,1,0.993945,1
T_0000125118,1,0.981438,1
T_0000125146,1,0.983796,1
T_0000125175,1,0.999996,1
T_0000125178,1,0.991334,1
T_0000125186,0,0.007511,0
T_0000125228,1,0.997938,1
T_0000125253,0,0.033381,0
T_0000125265,1,0.991847,1
T_0000125284,0,0.026213,0
T_0000125299,1,0.991860,1
T_0000125336,1,0.976012,1
T_0000125338,1,0.981387,1
T_0000125382,1,0.997092,1
T_0000125440,1,0.994210,1
T_0000125446,1,0.993657,1
T_0000125447,1,0.990465,1
T_0000125522,1,0.991553,1
T_0000125523,1,0.994768,1
T_0000125526,1,0.995843,1
T_0000125529,1,0.996892,1
T_0000125548,1,0.991991,1
T_0000125568,1,0.999503,1
T_0000125595,1,0.995936,1
T_0000125597,0,0.055004,0
T_0000125599,1,0.995421,1
T_0000125607,0,0.043959,0
T_0000125609,1,0.999631,1
T_0000125631,1,0.987944,1
T_0000125645,0,0.004634,0
T_0000125687,1,0.990552,1
T_0000125765,0,0.002385,0
T_0000125819,0,0.031016,0
T_0000125855,1,0.268672,1
T_0000125862,0,0.036240,0
T_0000125870,1,0.970171,1
T_0000125914,1,0.993003,1
T_0000125924,0,0.043958,0
T_0000125945,1,0.999995,1
T_0000125974,1,0.993809,1
T_0000126008,1,0.999988,1
T_0000126043,1,0.977591,1
T_0000126082,0,0.054136,0
T_0000126093,0,0.013415,0
T_0000126129,1,0.993853,1
T_0000126154,1,0.980103,1
T_0000126155,1,0.992714,1
T_0000126173,1,0.030888,0
T_0000126175,1,0.149087,0
T_0000126200,1,0.991967,1
T_0000126210,1,0.982502,1
T_0000126214,1,0.998918,1
T_0000126257,1,0.994876,1
T_0000126265,1,0.295438,1
T_0000126302,0,0.020740,0
T_0000126308,0,0.015379,0
T_0000126315,0,0.026769,0
T_0000126317,0,0.074412,0
T_0000126341,1,0.992964,1
T_0000126378,0,0.009643,0
T_0000126382,1,0.985375,1
T_0000126422,1,0.993327,1
T_0000126437,1,0.973824,1
T_0000126471,1,0.989156,1
T_0000126555,1,0.971658,1
T_0000126561,1,0.998326,1
T_0000126583,1,0.990017,1
T_0000126595,1,0.995547,1
T_0000126611,1,0.996478,1
T_0000126648,0,0.048481,0
T_0000126677,1,0.833989,1
T_0000126678,1,0.999117,1
T_0000126686,0,0.080451,0
T_0000126688,1,0.794923,1
T_0000126705,0,0.017259,0
T_0000126712,1,0.941435,1
T_0000126728,1,0.992626,1
T_0000126762,1,0.994663,1
T_0000126763,1,0.990998,1
T_0000126816,1,0.998916,1
T_0000126833,0,0.017045,0
T_0000126842,1,0.988145,1
T_0000126848,0,0.029578,0
T_0000126859,0,0.116905,0
T_0000126883,1,0.996307,1
T_0000126890,0,0.026550,0
T_0000126899,1,0.994869,1
T_0000126939,1,0.990027,1
T_0000126993,1,0.990645,1
T_0000127003,1,0.906233,1
T_0000127016,1,0.961492,1
T_0000127025,1,0.991764,1
T_0000127030,1,0.986317,1
T_0000127056,0,0.008914,0
T_0000127093,1,0.994161,1
T_0000127119,1,0.981858,1
T_0000127171,1,0.038223,0
T_0000127172,1,0.820857,1
T_0000127208,1,0.991891,1
T_0000127235,0,0.000436,0
T_0000127273,1,0.996164,1
T_0000127275,0,0.012923,0
T_0000127279,0,0.034502,0
T_0000127310,1,0.983738,1
T_0000127311,1,0.992021,1
T_0000127363,0,0.021246,0
T_0000127376,1,0.989875,1
T_0000127472,1,0.996881,1
T_0000127474,0,0.029744,0
T_0000127485,0,0.074843,0
T_0000127494,1,0.963376,1
T_0000127513,1,0.992692,1
T_0000127522,1,0.959991,1
T_0000127523,0,0.113162,0
T_0000127529,0,0.037021,0
T_0000127575,1,0.983214,1
T_0000127611,1,0.992777,1
T_0000127659,1,0.993940,1
T_0000127669,1,0.982563,1
T_0000127687,1,0.997540,1
T_0000127712,0,0.110925,0
T_0000127738,0,0.008330,0
T_0000127746,1,0.999029,1
T_0000127752,1,0.995243,1
T_0000127774,1,0.109054,0
T_0000127785,0,0.089176,0
T_0000127807,0,0.012023,0
T_0000127817,1,0.128455,0
T_0000127876,1,0.195294,1
T_0000127916,1,0.972619,1
T_0000127923,1,0.981918,1
T_0000128016,0,0.003280,0
T_0000128029,0,0.003321,0
T_0000128045,1,0.991460,1
T_0000128089,1,0.999395,1
T_0000128101,1,0.985956,1
T_0000128121,1,0.702782,1
T_0000128128,1,0.975985,1
T_0000128172,1,0.990826,1
T_0000128177,1,0.994709,1
T_0000128210,0,0.073806,0
T_0000128235,1,0.998734,1
T_0000128269,1,0.939673,1
T_0000128291,1,0.999988,1
T_0000128306,1,0.997487,1
T_0000128314,1,0.975947,1
T_0000128330,1,0.995051,1
T_0000128343,0,0.010975,0
T_0000128357,1,0.991193,1
T_0000128409,0,0.003914,0
T_0000128412,1,0.998955,1
T_0000128416,1,0.985164,1
T_0000128441,0,0.008055,0
T_0000128500,0,0.009446,0
T_0000128522,1,0.460808,1
T_0000128544,1,0.989849,1
T_0000128598,0,0.064822,0
T_0000128626,1,0.592813,1
T_0000128629,1,0.993022,1
T_0000128653,0,0.012137,0
T_0000128675,1,0.256497,1
T_0000128681,1,0.993370,1
T_0000128696,1,0.997795,1
T_0000128706,1,0.081607,0
T_0000128734,1,0.992118,1
T_0000128811,1,0.949959,1
T_0000128858,1,0.992048,1
T_0000128869,1,0.997231,1
T_0000128882,1,0.983276,1
T_0000128903,0,0.006378,0
T_0000128904,1,0.991402,1
T_0000128912,0,0.053443,0
T_0000128923,1,0.836844,1
T_0000128950,1,0.953330,1
T_0000128982,1,0.995027,1
T_0000128988,1,0.641706,1
T_0000128994,1,0.999923,1
T_0000129036,0,0.025974,0
T_0000129102,1,0.991387,1
T_0000129130,0,0.007611,0
T_0000129136,0,0.034822,0
T_0000129181,1,0.993046,1
T_0000129203,1,0.998550,1
T_0000129230,1,0.996446,1
T_0000129233,1,0.997153,1
T_0000129258,0,0.016278,0
T_0000129275,0,0.014968,0
T_0000129306,1,0.992289,1
T_0000129308,0,0.135856,0
T_0000129318,1,0.992993,1
T_0000129320,1,0.972292,1
T_0000129350,0,0.053091,0
T_0000129379,1,0.992969,1
T_0000129424,1,0.995345,1
T_0000129428,0,0.055720,0
T_0000129430,0,0.003813,0
T_0000129445,1,0.982794,1
T_0000129448,0,0.048036,0
T_0000129456,0,0.049393,0
T_0000129500,1,0.986563,1
T_0000129517,1,0.996249,1
T_0000129540,0,0.014201,0
T_0000129574,0,0.015959,0
T_0000129586,0,0.011644,0
T_0000129599,1,0.996321,1
T_0000129625,0,0.012312,0
T_0000129650,0,0.013861,0
T_0000129656,0,0.035604,0
T_0000129664,0,0.031995,0
T_0000129669,1,0.991697,1
T_0000129676,1,0.994523,1
T_0000129703,0,0.070216,0
T_0000129705,1,0.589926,1
T_0000129736,1,0.992570,1
T_0000129770,0,0.026350,0
T_0000129820,1,0.994064,1
T_0000129831,1,0.990984,1
T_0000129842,1,0.991911,1
T_0000129844,1,0.991568,1
T_0000129861,0,0.050733,0
T_0000129864,0,0.116550,0
T_0000129878,1,0.988909,1
T_0000129942,0,0.010688,0
T_0000129982,1,0.996242,1
T_0000129995,1,0.994127,1
T_0000130038,0,0.029659,0
T_0000130058,1,0.990054,1
T_0000130085,1,0.765065,1
T_0000130088,1,0.926788,1
T_0000130093,1,0.992229,1
T_0000130111,1,0.990365,1
T_0000130133,1,0.982198,1
T_0000130138,0,0.164453,0
T_0000130144,1,0.997058,1
T_0000130158,1,0.993652,1
T_0000130176,1,0.996060,1
T_0000130189,1,0.861286,1
T_0000130213,1,0.999994,1
T_0000130219,1,0.997857,1
T_0000130252,1,0.987981,1
T_0000130274,0,0.006419,0
T_0000130283,0,0.009826,0
T_0000130284,0,0.011028,0
T_0000130296,0,0.019221,0
T_0000130302,0,0.026381,0
T_0000130309,1,0.257631,1
T_0000130345,0,0.032474,0
T_0000130360,0,0.027829,0
T_0000130362,0,0.044265,0
T_0000130405,1,0.996001,1
T_0000130452,0,0.026265,0
T_0000130470,1,0.989428,1
T_0000130481,0,0.030237,0
T_0000130495,0,0.010921,0
T_0000130516,0,0.055293,0
T_0000130525,0,0.030108,0
T_0000130528,1,0.118824,0
T_0000130530,1,0.991086,1
T_0000130538,0,0.008566,0
T_0000130551,1,0.994937,1
T_0000130594,1,1.000000,1
T_0000130602,1,0.990485,1
T_0000130624,1,1.000000,1
T_0000130642,1,0.989357,1
T_0000130650,1,0.990637,1
T_0000130652,1,0.990236,1
T_0000130653,1,0.957838,1
T_0000130656,0,0.078181,0
T_0000130683,0,0.027400,0
T_0000130707,1,0.999028,1
T_0000130722,1,0.999049,1
T_0000130746,0,0.138848,0
T_0000130770,1,0.967931,1
T_0000130794,1,0.994309,1
T_0000130829,1,0.982817,1
T_0000130850,1,0.996145,1
T_0000130873,1,0.984451,1
T_0000130902,1,0.996612,1
T_0000130929,0,0.020293,0
T_0000130974,1,0.995960,1
T_0000131027,1,0.977693,1
T_0000131040,1,0.997111,1
T_0000131065,0,0.011957,0
T_0000131068,0,0.068906,0
T_0000131071,1,0.973189,1
T_0000131078,1,0.996130,1
T_0000131081,1,0.966060,1
T_0000131092,1,0.997684,1
T_0000131109,1,0.494037,1
T_0000131123,1,0.999927,1
T_0000131199,0,0.035203,0
T_0000131226,1,0.994758,1
T_0000131272,0,0.015730,0
T_0000131275,1,0.994351,1
T_0000131301,0,0.029311,0
T_0000131303,0,0.035015,0
T_0000131324,0,0.714185,1
T_0000131334,0,0.025487,0
T_0000131461,1,0.303776,1
T_0000131501,1,0.987920,1
T_0000131520,0,0.012200,0
T_0000131533,0,0.007998,0
T_0000131550,1,0.997046,1
T_0000131554,1,0.358418,1
T_0000131555,1,0.983450,1
T_0000131589,0,0.009753,0
T_0000131605,1,0.074024,0
T_0000131633,1,0.999940,1
T_0000131640,1,0.999917,1
T_0000131652,1,0.994537,1
T_0000131746,1,0.991848,1
T_0000131750,0,0.029945,0
T_0000131763,0,0.071620,0
T_0000131806,0,0.006249,0
T_0000131807,1,0.993948,1
T_0000131810,1,0.983488,1
T_0000131828,1,0.998034,1
T_0000131866,1,0.773393,1
T_0000131872,0,0.030976,0
T_0000131889,1,0.995275,1
T_0000131927,1,0.095447,0
T_0000131969,1,0.994198,1
T_0000131977,0,0.013977,0
T_0000132016,1,0.997555,1
T_0000132030,0,0.021585,0
T_0000132056,1,0.977801,1
T_0000132068,0,0.011813,0
T_0000132082,1,0.992730,1
T_0000132136,0,0.030147,0
T_0000132151,1,0.932296,1
T_0000132166,1,0.995223,1
T_0000132199,0,0.070885,0
T_0000132235,1,0.999523,1
T_0000132247,1,0.786165,1
T_0000132285,1,0.990706,1
T_0000132299,1,0.990765,1
T_0000132317,1,0.999950,1
T_0000132318,1,0.973677,1
T_0000132319,1,0.990422,1
T_0000132389,1,0.991769,1
T_0000132440,1,0.999687,1
T_0000132476,0,0.089742,0
T_0000132506,1,0.994626,1
T_0000132513,0,0.005372,0
T_0000132547,1,0.995260,1
T_0000132587,0,0.106406,0
T_0000132594,0,0.050486,0
T_0000132599,1,0.819629,1
T_0000132618,1,0.993053,1
T_0000132640,1,0.995756,1
T_0000132652,1,0.084431,0
T_0000132705,1,0.799501,1
T_0000132732,1,0.987409,1
T_0000132752,1,0.994560,1
T_0000132762,0,0.012125,0
T_0000132801,1,0.993948,1
T_0000132826,1,0.928504,1
T_0000132837,1,0.978711,1
T_0000132864,0,0.018759,0
T_0000132870,0,0.077158,0
T_0000132872,1,0.176821,0
T_0000132911,1,0.996170,1
T_0000132932,1,1.000000,1
T_0000132942,1,0.993729,1
T_0000132943,0,0.022936,0
T_0000133035,1,0.612610,1
T_0000133037,0,0.109139,0
T_0000133079,0,0.028559,0
T_0000133085,1,0.069853,0
T_0000133090,0,0.049010,0
T_0000133119,1,0.990885,1
T_0000133121,0,0.037454,0
T_0000133171,0,0.027550,0
T_0000133176,1,0.987207,1
T_0000133178,1,0.979319,1
T_0000133204,1,1.000000,1
T_0000133209,1,0.208486,1
T_0000133229,1,0.984777,1
T_0000133248,0,0.025492,0
T_0000133262,0,0.050350,0
T_0000133290,1,0.992144,1
T_0000133306,0,0.052645,0
T_0000133329,1,0.995861,1
T_0000133407,0,0.030226,0
T_0000133424,1,0.997433,1
T_0000133426,0,0.054544,0
T_0000133452,0,0.069001,0
T_0000133464,1,0.996187,1
T_0000133480,1,0.999225,1
T_0000133485,1,0.996666,1
T_0000133548,1,0.986225,1
T_0000133552,1,0.659968,1
T_0000133556,0,0.030835,0
T_0000133603,0,0.089561,0
T_0000133709,1,0.993333,1
T_0000133768,1,0.994793,1
T_0000133907,1,0.992016,1
T_0000133913,0,0.022082,0
T_0000133923,1,0.992464,1
T_0000133941,1,0.399254,1
T_0000133993,1,0.990072,1
T_0000133997,1,0.995293,1
T_0000134005,1,0.993982,1
T_0000134016,1,0.996951,1
T_0000134035,0,0.024133,0
T_0000134125,0,0.063469,0
T_0000134128,1,0.993277,1
T_0000134130,1,0.997677,1
T_0000134141,1,0.333627,1
T_0000134209,0,0.027696,0
T_0000134213,0,0.056676,0
T_0000134228,1,0.997180,1
T_0000134312,0,0.021336,0
T_0000134378,1,0.536226,1
T_0000134467,1,0.166294,0
T_0000134472,1,0.996685,1
T_0000134486,0,0.020462,0
T_0000134502,1,0.995814,1
T_0000134515,1,0.995078,1
T_0000134526,1,0.191576,1
T_0000134528,1,0.992551,1
T_0000134546,0,0.059808,0
T_0000134558,1,0.999361,1
T_0000134696,0,0.029766,0
T_0000134700,1,0.991750,1
T_0000134708,1,0.993040,1
T_0000134725,0,0.052058,0
T_0000134742,1,0.998871,1
T_0000134744,1,0.985019,1
T_0000134779,1,0.095021,0
T_0000134816,1,0.991226,1
T_0000134870,1,0.995573,1
T_0000134881,0,0.002733,0
T_0000134883,0,0.027898,0
T_0000134905,1,0.076766,0
T_0000134912,1,0.991424,1
T_0000134916,1,0.995842,1
T_0000134930,1,0.992553,1
T_0000134934,1,0.972656,1
T_0000134991,1,0.988069,1
T_0000135048,1,0.941475,1
T_0000135092,1,0.986593,1
T_0000135105,0,0.032238,0
T_0000135145,1,0.995140,1
T_0000135147,0,0.037549,0
T_0000135194,0,0.076917,0
T_0000135204,1,0.992726,1
T_0000135234,0,0.031706,0
T_0000135312,0,0.034103,0
T_0000135328,1,0.990299,1
T_0000135350,0,0.034476,0
T_0000135352,1,0.993154,1
T_0000135372,1,0.995672,1
T_0000135405,1,0.872209,1
T_0000135505,1,0.994648,1
T_0000135549,1,0.993712,1
T_0000135553,1,0.319751,1
T_0000135564,1,0.993692,1
T_0000135575,1,0.989135,1
T_0000135615,1,0.998602,1
T_0000135640,1,0.994446,1
T_0000135642,0,0.011399,0
T_0000135668,1,0.081994,0
T_0000135677,0,0.014806,0
T_0000135714,1,0.989777,1
T_0000135775,0,0.023811,0
T_0000135776,1,0.989431,1
T_0000135803,0,0.021132,0
T_0000135805,1,0.994745,1
T_0000135847,0,0.029325,0
T_0000135875,0,0.089174,0
T_0000135891,1,0.991785,1
T_0000135914,1,1.000000,1
T_0000135933,0,0.068398,0
T_0000135937,1,0.998511,1
T_0000136002,1,0.991336,1
T_0000136063,1,0.987533,1
T_0000136075,1,0.999883,1
T_0000136112,1,0.975283,1
T_0000136132,1,0.994148,1
T_0000136134,1,0.994454,1
T_0000136153,1,0.984783,1
T_0000136166,0,0.019356,0
T_0000136196,0,0.023115,0
T_0000136214,1,0.994591,1
T_0000136228,1,0.994905,1
T_0000136230,1,0.995567,1
T_0000136234,1,0.976003,1
T_0000136264,1,0.999599,1
T_0000136304,1,1.000000,1
T_0000136319,1,0.989048,1
T_0000136368,0,0.036310,0
T_0000136445,0,0.054498,0
T_0000136450,1,0.991050,1
T_0000136457,1,0.431293,1
T_0000136497,1,0.987076,1
T_0000136501,0,0.047434,0
T_0000136505,1,0.964846,1
T_0000136525,0,0.016584,0
T_0000136550,1,0.995722,1
T_0000136606,1,0.999999,1
T_0000136623,1,0.996727,1
T_0000136627,0,0.016425,0
T_0000136648,0,0.058283,0
T_0000136652,1,0.992305,1
T_0000136659,1,0.988775,1
T_0000136665,1,0.967496,1
T_0000136682,1,0.996818,1
T_0000136714,1,0.984923,1
T_0000136725,0,0.020638,0
T_0000136735,0,0.026338,0
T_0000136739,0,0.011305,0
T_0000136756,1,0.999997,1
T_0000136764,0,0.072338,0
T_0000136774,1,0.980639,1
T_0000136775,1,0.991532,1
T_0000136777,0,0.023098,0
T_0000136783,0,0.037739,0
T_0000136785,1,0.922252,1
T_0000136786,1,0.999946,1
T_0000136792,1,0.998587,1
T_0000136838,1,0.993448,1
T_0000136842,0,0.031475,0
T_0000136843,1,0.993276,1
T_0000136861,1,0.993670,1
T_0000136884,0,0.035425,0
T_0000136887,1,0.997296,1
T_0000136910,1,0.992088,1
T_0000136952,0,0.002002,0
T_0000136971,0,0.017839,0
T_0000136980,1,0.994462,1
T_0000136994,1,0.999993,1
T_0000137000,0,0.054036,0
T_0000137005,0,0.009057,0
T_0000137056,1,0.995140,1
T_0000137077,1,0.999301,1
T_0000137202,0,0.033062,0
T_0000137215,1,0.159096,0
T_0000137216,1,0.990821,1
T_0000137261,1,0.991709,1
T_0000137272,1,0.994238,1
T_0000137276,1,0.994266,1
T_0000137288,0,0.065801,0
T_0000137346,1,0.046020,0
T_0000137354,0,0.017776,0
T_0000137405,0,0.083394,0
T_0000137416,1,0.990408,1
T_0000137446,1,0.994924,1
T_0000137458,1,0.986874,1
T_0000137470,0,0.009404,0
T_0000137473,1,0.985907,1
T_0000137480,1,0.996412,1
T_0000137522,0,0.045358,0
T_0000137525,1,0.080670,0
T_0000137555,1,0.980377,1
T_0000137576,1,0.991102,1
T_0000137581,1,0.995734,1
T_0000137590,1,0.912929,1
T_0000137669,0,0.019312,0
T_0000137688,1,0.992563,1
T_0000137689,1,0.990500,1
T_0000137691,1,0.052467,0
T_0000137692,1,0.993098,1
T_0000137700,1,0.982289,1
T_0000137717,1,0.092202,0
T_0000137739,1,0.997829,1
T_0000137743,0,0.005980,0
T_0000137746,1,0.971496,1
T_0000137759,0,0.038043,0
T_0000137772,0,0.032520,0
T_0000137794,1,0.990448,1
T_0000137849,0,0.011658,0
T_0000137868,1,0.992655,1
T_0000137879,0,0.027601,0
T_0000137899,1,0.996230,1
T_0000137904,1,0.982120,1
T_0000137915,1,0.985196,1
T_0000137927,0,0.041066,0
T_0000137930,0,0.010365,0
T_0000137989,0,0.025632,0
T_0000137996,1,0.979681,1
T_0000138017,1,0.999592,1
T_0000138018,0,0.031724,0
T_0000138087,1,0.999173,1
T_0000138121,1,0.998634,1
T_0000138122,0,0.037429,0
T_0000138192,0,0.030802,0
T_0000138194,1,0.373319,1
T_0000138224,1,0.998720,1
T_0000138230,0,0.005270,0
T_0000138252,1,0.995256,1
T_0000138279,1,0.991094,1
T_0000138286,1,0.996767,1
T_0000138292,1,0.942595,1
T_0000138335,1,0.990244,1
T_0000138354,0,0.096990,0
T_0000138396,1,0.787234,1
T_0000138400,0,0.035807,0
T_0000138409,1,0.038874,0
T_0000138434,1,0.998503,1
T_0000138464,1,0.999545,1
T_0000138473,1,0.836731,1
T_0000138499,0,0.077234,0
T_0000138519,1,0.994730,1
T_0000138524,0,0.067814,0
T_0000138595,1,0.996454,1
T_0000138636,1,0.995187,1
T_0000138657,1,0.992007,1
T_0000138668,1,0.982597,1
T_0000138737,0,0.014469,0
T_0000138808,0,0.003654,0
T_0000138814,1,0.995030,1
T_0000138830,1,0.993902,1
T_0000138841,1,0.999945,1
T_0000138872,0,0.021044,0
T_0000138878,1,0.992627,1
T_0000138880,1,0.999981,1
T_0000138884,1,1.000000,1
T_0000138926,0,0.008953,0
T_0000138981,0,0.080931,0
T_0000139041,0,0.020353,0
T_0000139064,1,0.993167,1
T_0000139114,0,0.025081,0
T_0000139118,0,0.017294,0
T_0000139164,1,0.180559,0
T_0000139166,0,0.050153,0
T_0000139188,1,0.997128,1
T_0000139221,1,0.997332,1
T_0000139238,1,0.996418,1
T_0000139260,0,0.018456,0
T_0000139275,0,0.090209,0
T_0000139286,0,0.109150,0
T_0000139291,1,0.994991,1
T_0000139295,0,0.011226,0
T_0000139329,1,0.983716,1
T_0000139347,0,0.035338,0
T_0000139378,1,0.997311,1
T_0000139389,0,0.013514,0
T_0000139400,1,0.999782,1
T_0000139461,1,0.999976,1
T_0000139491,1,0.997476,1
T_0000139526,0,0.006934,0
T_0000139528,1,0.934644,1
T_0000139667,0,0.024503,0
T_0000139681,1,0.994750,1
T_0000139685,0,0.017362,0
T_0000139712,0,0.038059,0
T_0000139730,1,0.991188,1
T_0000139741,0,0.020920,0
T_0000139784,1,0.995634,1
T_0000139802,1,0.454269,1
T_0000139829,1,0.994708,1
T_0000139834,1,0.997664,1
T_0000139849,0,0.021131,0
T_0000139982,1,0.982788,1
T_0000139988,1,0.995374,1
T_0000139998,1,0.999029,1
T_0000140006,0,0.915540,1
T_0000140027,0,0.018974,0
T_0000140040,0,0.095223,0
T_0000140067,0,0.002624,0
T_0000140068,1,1.000000,1
T_0000140074,0,0.075753,0
T_0000140076,0,0.018247,0
T_0000140117,0,0.428268,1
T_0000140121,0,0.024200,0
T_0000140127,0,0.011867,0
T_0000140170,0,0.032940,0
T_0000140175,1,0.998306,1
T_0000140211,1,0.990362,1
T_0000140214,1,0.991888,1
T_0000140240,0,0.033944,0
T_0000140263,0,0.032316,0
T_0000140282,0,0.008939,0
T_0000140283,0,0.026780,0
T_0000140303,1,0.995038,1
T_0000140315,1,0.996408,1
T_0000140343,1,0.992264,1
T_0000140352,1,0.991672,1
T_0000140378,0,0.015348,0
T_0000140428,1,0.994701,1
T_0000140453,1,0.992375,1
T_0000140458,1,0.928094,1
T_0000140460,0,0.068409,0
T_0000140464,1,0.996814,1
T_0000140497,0,0.000864,0
T_0000140556,0,0.201767,1
T_0000140566,1,0.838499,1
T_0000140573,1,0.983833,1
T_0000140589,1,0.990268,1
T_0000140607,0,0.034078,0
T_0000140691,1,0.987937,1
T_0000140702,0,0.008182,0
T_0000140705,1,0.989785,1
T_0000140781,1,0.422603,1
T_0000140793,1,0.988067,1
T_0000140795,0,0.014420,0
T_0000140858,1,0.989090,1
T_0000140929,1,0.995001,1
T_0000140963,1,0.993643,1
T_0000140980,0,0.012832,0
T_0000141016,0,0.019615,0
T_0000141030,1,0.958344,1
T_0000141095,1,0.994421,1
T_0000141151,1,0.982689,1
T_0000141168,0,0.023669,0
T_0000141183,1,0.989928,1
T_0000141208,1,0.996336,1
T_0000141209,1,0.195721,1
T_0000141212,1,0.998292,1
T_0000141232,0,0.017115,0
T_0000141253,1,0.774163,1
T_0000141262,0,0.041420,0
T_0000141282,0,0.222708,1
T_0000141300,1,0.981126,1
T_0000141316,1,0.996645,1
T_0000141334,1,0.961190,1
T_0000141373,0,0.132814,0
T_0000141429,1,0.997141,1
T_0000141442,1,0.976957,1
T_0000141463,1,0.981117,1
T_0000141487,1,0.997933,1
T_0000141492,1,0.982266,1
T_0000141494,1,0.993471,1
T_0000141520,1,0.990957,1
T_0000141530,0,0.109577,0
T_0000141532,0,0.081510,0
T_0000141537,1,0.991271,1
T_0000141545,1,0.814018,1
T_0000141560,0,0.025067,0
T_0000141588,1,0.984574,1
T_0000141591,1,0.963509,1
T_0000141609,0,0.079696,0
T_0000141631,1,0.045593,0
T_0000141671,1,0.998908,1
T_0000141675,1,0.997880,1
T_0000141682,0,0.031629,0
T_0000141704,0,0.112783,0
T_0000141706,0,0.075353,0
T_0000141754,0,0.208406,1
T_0000141775,1,0.997484,1
T_0000141787,1,0.991694,1
T_0000141860,1,0.488722,1
T_0000141862,1,0.981547,1
T_0000141872,1,0.993171,1
T_0000141875,1,0.996566,1
T_0000141886,0,0.154662,0
T_0000141909,0,0.027735,0
T_0000141910,1,0.989978,1
T_0000141957,1,0.985590,1
T_0000141981,1,0.997952,1
T_0000142023,1,0.995279,1
T_0000142072,0,0.088424,0
T_0000142083,1,1.000000,1
T_0000142091,1,0.995948,1
T_0000142106,1,0.981405,1
T_0000142143,0,0.024875,0
T_0000142157,1,0.993928,1
T_0000142173,1,0.966708,1
T_0000142203,1,0.993147,1
T_0000142239,1,0.995001,1
T_0000142267,0,0.038107,0
T_0000142294,1,0.995217,1
T_0000142312,1,0.999995,1
T_0000142329,1,0.989153,1
T_0000142330,1,0.986040,1
T_0000142399,1,0.999759,1
T_0000142409,0,0.007136,0
T_0000142410,1,0.987734,1
T_0000142420,1,0.980699,1
T_0000142453,0,0.016137,0
T_0000142497,1,0.999923,1
T_0000142499,0,0.012931,0
T_0000142500,0,0.053731,0
T_0000142540,0,0.083746,0
T_0000142551,0,0.034903,0
T_0000142555,1,0.999977,1
T_0000142562,1,0.995507,1
T_0000142584,0,0.446126,1
T_0000142614,1,0.995643,1
T_0000142624,0,0.074764,0
T_0000142627,0,0.025808,0
T_0000142640,1,0.976607,1
T_0000142646,1,0.986943,1
T_0000142654,1,0.992285,1
T_0000142656,1,0.994538,1
T_0000142684,1,0.989016,1
T_0000142760,1,0.983972,1
T_0000142821,1,0.201423,1
T_0000142822,1,0.980817,1
T_0000142826,1,0.988460,1
T_0000142875,1,0.984665,1
T_0000142897,1,0.969822,1
T_0000142924,1,0.968830,1
T_0000142934,1,0.738553,1
T_0000142946,1,0.993850,1
T_0000142969,1,0.998351,1
T_0000142992,1,0.999999,1
T_0000143001,0,0.017687,0
T_0000143002,0,0.038061,0
T_0000143015,1,0.998695,1
T_0000143016,1,0.984987,1
T_0000143022,1,0.994477,1
T_0000143039,1,0.976552,1
T_0000143064,1,0.989294,1
T_0000143113,1,0.970899,1
T_0000143125,1,0.955826,1
T_0000143153,0,0.017252,0
T_0000143155,1,0.968968,1
T_0000143159,0,0.058306,0
T_0000143223,1,0.093975,0
T_0000143225,0,0.025178,0
T_0000143234,0,0.051078,0
T_0000143278,0,0.008661,0
T_0000143292,0,0.040276,0
T_0000143293,1,0.967737,1
T_0000143297,1,0.995417,1
T_0000143316,1,0.796011,1
T_0000143318,0,0.008061,0
T_0000143320,0,0.006284,0
T_0000143348,1,0.994260,1
T_0000143349,1,0.996587,1
T_0000143353,0,0.010495,0
T_0000143429,1,0.989216,1
T_0000143437,1,0.985847,1
T_0000143457,1,0.995172,1
T_0000143498,1,0.996076,1
T_0000143507,0,0.016937,0
T_0000143555,0,0.029357,0
T_0000143564,1,0.994989,1
T_0000143583,1,0.994817,1
T_0000143584,1,0.196151,1
T_0000143610,1,0.995227,1
T_0000143626,1,0.996774,1
T_0000143633,1,0.999151,1
T_0000143712,1,0.999281,1
T_0000143723,1,0.982381,1
T_0000143727,1,0.997134,1
T_0000143736,1,0.982442,1
T_0000143759,1,0.407933,1
T_0000143763,1,0.994599,1
T_0000143783,1,0.992543,1
T_0000143798,0,0.034385,0
T_0000143811,0,0.041215,0
T_0000143823,1,0.997536,1
T_0000143854,1,0.994963,1
T_0000143867,1,0.993128,1
T_0000143874,0,0.010208,0
T_0000143886,1,0.996400,1
T_0000143897,1,0.999909,1
T_0000143910,1,0.997029,1
T_0000143936,1,0.997979,1
T_0000143940,1,0.997597,1
T_0000143942,1,0.997514,1
T_0000143952,1,0.995631,1
T_0000143958,0,0.024028,0
T_0000144029,0,0.051036,0
T_0000144032,1,0.988135,1
T_0000144042,1,0.998983,1
T_0000144043,0,0.999998,1
T_0000144058,1,0.969365,1
T_0000144060,0,0.082601,0
T_0000144143,1,0.951525,1
T_0000144172,1,0.992603,1
T_0000144184,1,0.999999,1
T_0000144216,0,0.028644,0
T_0000144259,1,0.997840,1
T_0000144263,1,0.929920,1
T_0000144303,1,0.952416,1
T_0000144306,1,0.995778,1
T_0000144363,1,0.996698,1
T_0000144371,0,0.011708,0
T_0000144383,0,0.025444,0
T_0000144385,1,0.980861,1
T_0000144417,0,0.041784,0
T_0000144427,1,0.995999,1
T_0000144444,1,0.978196,1
T_0000144450,1,0.956295,1
T_0000144472,1,0.993811,1
T_0000144491,0,0.118272,0
T_0000144517,1,0.963331,1
T_0000144520,1,0.993109,1
T_0000144536,1,0.993248,1
T_0000144560,1,0.992027,1
T_0000144567,1,0.952806,1
T_0000144574,1,0.994125,1
T_0000144591,1,0.986561,1
T_0000144608,1,0.993982,1
T_0000144629,0,0.120921,0
T_0000144638,1,0.995141,1
T_0000144649,1,0.994133,1
T_0000144657,1,0.982234,1
T_0000144659,1,0.958370,1
T_0000144742,1,0.993055,1
T_0000144782,0,0.051437,0
T_0000144821,1,0.962104,1
T_0000144831,1,0.991824,1
T_0000144863,1,0.948166,1
T_0000144944,1,0.994662,1
T_0000144971,1,0.997335,1
T_0000145049,0,0.022985,0
T_0000145057,0,0.030579,0
T_0000145059,1,0.971599,1
T_0000145064,1,0.233287,1
T_0000145087,1,0.975156,1
T_0000145104,0,0.012520,0
T_0000145108,0,0.034512,0
T_0000145114,1,0.989339,1
T_0000145156,0,0.043891,0
T_0000145179,1,0.997780,1
T_0000145197,1,0.972995,1
T_0000145217,1,0.998178,1
T_0000145231,1,0.996295,1
T_0000145238,1,0.990497,1
T_0000145255,0,0.056723,0
T_0000145261,0,0.014690,0
T_0000145262,1,0.995804,1
T_0000145266,1,0.986123,1
T_0000145277,1,0.952310,1
T_0000145315,1,0.935605,1
T_0000145330,1,0.993888,1
T_0000145343,0,0.029450,0
T_0000145348,1,0.982935,1
T_0000145391,1,0.999152,1
T_0000145420,0,0.039627,0
T_0000145466,1,0.999998,1
T_0000145478,0,0.019104,0
T_0000145481,1,0.988997,1
T_0000145496,1,0.995007,1
T_0000145498,0,0.089335,0
T_0000145512,0,0.041318,0
T_0000145527,0,0.087532,0
T_0000145575,0,0.191068,1
T_0000145580,1,0.996923,1
T_0000145581,0,0.003880,0
T_0000145594,1,0.997465,1
T_0000145612,1,0.989595,1
T_0000145642,1,0.993128,1
T_0000145693,0,0.030644,0
T_0000145700,1,0.990596,1
T_0000145706,1,0.995411,1
T_0000145739,1,0.994909,1
T_0000145785,1,0.882734,1
T_0000145786,1,0.995865,1
T_0000145799,1,0.762151,1
T_0000145809,1,0.997073,1
T_0000145810,0,0.002056,0
T_0000145832,1,0.983035,1
T_0000145852,0,0.037790,0
T_0000145865,1,0.883863,1
T_0000145874,1,0.988983,1
T_0000145882,0,0.011999,0
T_0000145890,0,0.001251,0
T_0000145916,1,0.065224,0
T_0000145957,0,0.081026,0
T_0000146000,1,0.985265,1
T_0000146015,1,0.988176,1
T_0000146041,1,0.993590,1
T_0000146094,1,0.997227,1
T_0000146098,1,0.970002,1
T_0000146130,1,0.015569,0
T_0000146146,1,0.985128,1
T_0000146177,1,0.887691,1
T_0000146204,1,0.033517,0
T_0000146220,1,0.989294,1
T_0000146230,1,0.979555,1
T_0000146246,1,0.988721,1
T_0000146248,1,0.984458,1
T_0000146263,0,0.004051,0
T_0000146276,0,0.006716,0
T_0000146280,1,0.990495,1
T_0000146312,1,0.984442,1
T_0000146343,1,0.975874,1
T_0000146371,1,0.983680,1
T_0000146380,1,0.135281,0
T_0000146425,1,0.995273,1
T_0000146427,1,0.995318,1
T_0000146461,1,0.997532,1
T_0000146472,0,0.031194,0
T_0000146475,1,0.566408,1
T_0000146538,1,0.980638,1
T_0000146544,0,0.023922,0
T_0000146560,1,0.376193,1
T_0000146568,0,0.005086,0
T_0000146608,1,0.330703,1
T_0000146632,0,0.073906,0
T_0000146635,0,0.326793,1
T_0000146661,1,0.990771,1
T_0000146673,1,0.994622,1
T_0000146702,0,0.006093,0
T_0000146708,1,0.060697,0
T_0000146736,1,0.992557,1
T_0000146751,1,0.999862,1
T_0000146753,1,0.992564,1
T_0000146762,1,0.993683,1
T_0000146786,1,0.903546,1
T_0000146831,0,0.014379,0
T_0000146849,1,0.994226,1
T_0000146850,1,0.996006,1
T_0000146879,1,0.992915,1
T_0000146904,0,0.074993,0
T_0000146907,0,0.017426,0
T_0000146919,1,0.995573,1
T_0000146928,1,0.995663,1
T_0000146931,1,0.185491,0
T_0000146955,1,0.988150,1
T_0000146967,1,0.996766,1
T_0000147003,1,0.991977,1
T_0000147015,1,0.881550,1
T_0000147020,1,0.992581,1
T_0000147081,1,0.988980,1
T_0000147111,1,0.995844,1
T_0000147119,0,0.035251,0
T_0000147128,1,0.985218,1
T_0000147136,1,0.969970,1
T_0000147142,1,0.965653,1
T_0000147181,1,0.168043,0
T_0000147185,1,0.984929,1
T_0000147246,0,0.033019,0
T_0000147248,1,0.185657,0
T_0000147288,1,0.999906,1
T_0000147335,1,0.994188,1
T_0000147341,0,0.014749,0
T_0000147344,1,0.985316,1
T_0000147347,0,0.007280,0
T_0000147348,1,0.995573,1
T_0000147391,1,0.983277,1
T_0000147431,0,0.058607,0
T_0000147477,1,0.998195,1
T_0000147517,0,0.077165,0
T_0000147523,0,0.006896,0
T_0000147528,1,0.967344,1
T_0000147554,1,0.996582,1
T_0000147590,0,0.033298,0
T_0000147598,1,0.991883,1
T_0000147615,1,0.997358,1
T_0000147631,1,0.996511,1
T_0000147637,1,0.994764,1
T_0000147640,1,0.988613,1
T_0000147718,1,0.992682,1
T_0000147742,0,0.022307,0
T_0000147756,1,0.995158,1
T_0000147766,0,0.016529,0
T_0000147776,1,0.990841,1
T_0000147777,1,0.989079,1
T_0000147847,1,0.993778,1
T_0000147893,0,0.013945,0
T_0000147904,1,0.989641,1
T_0000147925,1,0.998086,1
T_0000147942,1,0.026129,0
T_0000147944,1,0.999998,1
T_0000147958,0,0.017450,0
T_0000148008,0,0.036391,0
T_0000148036,0,0.017989,0
T_0000148046,1,0.992537,1
T_0000148087,1,1.000000,1
T_0000148104,1,0.985780,1
T_0000148117,1,0.999997,1
T_0000148125,1,0.994657,1
T_0000148134,1,0.987202,1
T_0000148137,1,0.984048,1
T_0000148176,1,0.383168,1
T_0000148184,1,0.357942,1
T_0000148235,1,0.992200,1
T_0000148267,1,0.999869,1
T_0000148282,1,0.968805,1
T_0000148300,1,0.795653,1
T_0000148317,1,0.999453,1
T_0000148326,1,0.993285,1
T_0000148351,1,0.994400,1
T_0000148367,1,0.954857,1
T_0000148370,1,0.955641,1
T_0000148379,1,0.996479,1
T_0000148406,0,0.040595,0
T_0000148475,1,0.985071,1
T_0000148478,1,0.987660,1
T_0000148517,1,0.989471,1
T_0000148532,1,0.997023,1
T_0000148592,1,0.987873,1
T_0000148602,0,0.045933,0
T_0000148625,1,0.995914,1
T_0000148631,1,1.000000,1
T_0000148633,1,0.772135,1
T_0000148698,0,0.008709,0
T_0000148699,1,0.994522,1
T_0000148704,0,0.007283,0
T_0000148705,0,0.035233,0
T_0000148722,1,0.994770,1
T_0000148744,1,0.991550,1
T_0000148771,1,0.990733,1
T_0000148780,0,0.039503,0
T_0000148783,1,0.998581,1
T_0000148798,1,0.999810,1
T_0000148823,0,0.046107,0
T_0000148833,1,0.993594,1
T_0000148851,1,0.108975,0
T_0000148854,1,0.972014,1
T_0000148908,0,0.007753,0
T_0000148909,1,0.996016,1
T_0000148993,1,0.990339,1
T_0000149012,1,1.000000,1
T_0000149014,0,0.080326,0
T_0000149048,0,0.014487,0
T_0000149052,0,0.075052,0
T_0000149103,1,0.992487,1
T_0000149107,1,0.992629,1
T_0000149131,1,0.913955,1
T_0000149150,0,0.043988,0
T_0000149170,1,0.926636,1
T_0000149225,0,0.044811,0
T_0000149228,0,0.089303,0
T_0000149269,0,0.064185,0
T_0000149279,1,0.992684,1
T_0000149311,1,0.983992,1
T_0000149313,1,0.984454,1
T_0000149345,1,0.944710,1
T_0000149351,1,0.996250,1
T_0000149372,1,0.993192,1
T_0000149373,1,0.999850,1
T_0000149381,1,0.999611,1
T_0000149418,1,0.983656,1
T_0000149426,0,0.020194,0
T_0000149456,0,0.005454,0
T_0000149494,0,0.078687,0
T_0000149510,1,0.989454,1
T_0000149528,1,0.982919,1
T_0000149602,1,0.989760,1
T_0000149693,1,0.985112,1
T_0000149705,0,0.011617,0
T_0000149749,1,0.286744,1
T_0000149764,0,0.055615,0
T_0000149770,1,0.991257,1
T_0000149828,1,0.768867,1
T_0000149839,1,0.069594,0
T_0000149845,1,0.989333,1
T_0000149880,0,0.016605,0
T_0000149895,0,0.051043,0
T_0000149899,1,0.075802,0
T_0000149931,1,0.995228,1
T_0000149941,1,0.993337,1
T_0000149991,1,0.990131,1
T_0000150046,1,0.999427,1
T_0000150081,1,0.991340,1
T_0000150134,1,0.998015,1
T_0000150153,1,0.987579,1
T_0000150201,1,0.994001,1
T_0000150209,0,0.018544,0
T_0000150225,0,0.037924,0
T_0000150228,0,0.050414,0
T_0000150257,0,0.010606,0
T_0000150261,1,0.993382,1
T_0000150263,0,0.015582,0
T_0000150270,1,0.994901,1
T_0000150312,0,0.001641,0
T_0000150344,0,0.007285,0
T_0000150359,1,0.989081,1
T_0000150375,1,0.946058,1
T_0000150409,1,0.991468,1
T_0000150445,0,0.020939,0
T_0000150454,1,0.996414,1
T_0000150462,1,0.996885,1
T_0000150514,1,0.996708,1
T_0000150591,0,0.000919,0
T_0000150612,1,0.985129,1
T_0000150624,0,0.030280,0
T_0000150690,1,0.274510,1
T_0000150700,1,0.941289,1
T_0000150750,0,0.030140,0
T_0000150758,0,0.012702,0
T_0000150763,1,0.994108,1
T_0000150765,0,0.084524,0
T_0000150816,1,0.908024,1
T_0000150819,1,0.992696,1
T_0000150830,1,0.989205,1
T_0000150831,1,0.994123,1
T_0000150843,1,0.986824,1
T_0000150860,1,0.999794,1
T_0000150885,1,0.990562,1
T_0000150887,0,0.042212,0
T_0000150891,1,0.995980,1
T_0000150898,1,0.991522,1
T_0000150916,0,0.065993,0
T_0000150924,1,0.991415,1
T_0000151042,1,0.989560,1
T_0000151044,0,0.024369,0
T_0000151053,1,0.221577,1
T_0000151068,0,0.032359,0
T_0000151116,1,0.991418,1
T_0000151125,0,0.010255,0
T_0000151136,0,0.066691,0
T_0000151178,1,0.992635,1
T_0000151180,0,0.006868,0
T_0000151182,0,0.023002,0
T_0000151207,1,0.199163,1
T_0000151215,1,0.999966,1
T_0000151246,1,0.999992,1
T_0000151247,1,0.857559,1
T_0000151257,1,0.986406,1
T_0000151295,1,0.246422,1
T_0000151308,0,0.033225,0
T_0000151329,1,0.985554,1
T_0000151331,1,0.989834,1
T_0000151333,1,0.995074,1
T_0000151361,0,0.007020,0
T_0000151369,1,0.063851,0
T_0000151416,1,0.095034,0
T_0000151422,1,0.999610,1
T_0000151428,1,0.989569,1
T_0000151489,1,0.994934,1
T_0000151491,1,0.146153,0
T_0000151516,0,0.005722,0
T_0000151577,0,0.018940,0
T_0000151593,1,0.021355,0
T_0000151601,1,0.989849,1
T_0000151613,0,0.025636,0
T_0000151619,1,0.999947,1
T_0000151629,1,0.980171,1
T_0000151656,1,0.996982,1
T_0000151662,1,0.999317,1
T_0000151680,1,0.990793,1
T_0000151695,1,0.959203,1
T_0000151711,0,0.038429,0
T_0000151715,1,1.000000,1
T_0000151725,1,0.999998,1
T_0000151733,0,0.014853,0
T_0000151748,1,0.017357,0
T_0000151774,0,0.125614,0
T_0000151779,1,0.950964,1
T_0000151780,1,0.994214,1
T_0000151784,1,0.999998,1
T_0000151792,1,0.976213,1
T_0000151808,0,0.020257,0
T_0000151809,0,0.003581,0
T_0000151819,0,0.013849,0
T_0000151851,1,0.991404,1
T_0000151856,0,0.060487,0
T_0000151889,1,0.995713,1
T_0000151897,1,0.994628,1
T_0000151911,1,0.981252,1
T_0000151916,1,0.995326,1
T_0000151937,1,0.979829,1
T_0000151951,1,0.938893,1
T_0000151965,1,0.995092,1
T_0000151978,1,0.981079,1
T_0000152039,0,0.039363,0
T_0000152040,0,0.040798,0
T_0000152059,1,1.000000,1
T_0000152091,1,0.972275,1
T_0000152099,1,0.993845,1
T_0000152133,1,0.983869,1
T_0000152138,1,0.978484,1
T_0000152175,0,0.037414,0
T_0000152179,1,0.976140,1
T_0000152185,0,0.003755,0
T_0000152189,1,0.997991,1
T_0000152203,1,0.999831,1
T_0000152215,1,0.999978,1
T_0000152249,1,0.990942,1
T_0000152318,1,0.991933,1
T_0000152340,1,0.773005,1
T_0000152370,1,0.992678,1
T_0000152438,1,0.993036,1
T_0000152501,0,0.022031,0
T_0000152541,1,1.000000,1
T_0000152561,0,0.059282,0
T_0000152574,0,0.026402,0
T_0000152598,1,0.999892,1
T_0000152608,0,0.049551,0
T_0000152687,1,0.990501,1
T_0000152690,0,0.044524,0
T_0000152717,1,0.721404,1
T_0000152722,0,0.038186,0
T_0000152828,0,0.040219,0
T_0000152839,0,0.139326,0
T_0000152870,1,0.986657,1
T_0000152893,0,0.007520,0
T_0000152901,1,0.988380,1
T_0000152931,1,0.998722,1
T_0000152979,0,0.008807,0
T_0000153016,1,0.179924,0
T_0000153038,1,0.995412,1
T_0000153044,1,0.990601,1
T_0000153046,1,0.999999,1
T_0000153066,1,0.992518,1
T_0000153074,1,0.997769,1
T_0000153081,0,0.030269,0
T_0000153092,1,0.093210,0
T_0000153122,1,0.981331,1
T_0000153170,1,0.966822,1
T_0000153172,1,0.998332,1
T_0000153177,1,0.994823,1
T_0000153215,1,0.061740,0
T_0000153300,1,0.033942,0
T_0000153307,1,0.999998,1
T_0000153332,0,0.014689,0
T_0000153372,0,0.011532,0
T_0000153396,1,0.983395,1
T_0000153402,1,0.995898,1
T_0000153408,1,0.997078,1
T_0000153460,1,0.999840,1
T_0000153468,1,0.998620,1
T_0000153471,1,0.984007,1
T_0000153522,1,0.966706,1
T_0000153523,1,0.993453,1
T_0000153529,0,0.013797,0
T_0000153533,0,0.004322,0
T_0000153562,1,0.999237,1
T_0000153609,1,0.915994,1
T_0000153669,1,0.993856,1
T_0000153674,0,0.019602,0
T_0000153697,1,0.996287,1
T_0000153701,0,0.014102,0
T_0000153752,1,0.060280,0
T_0000153756,0,0.037802,0
T_0000153762,1,0.997323,1
T_0000153787,1,0.997184,1
T_0000153794,1,0.984936,1
T_0000153817,0,0.058616,0
T_0000153863,0,0.000297,0
T_0000153867,0,0.009133,0
T_0000153883,1,0.982769,1
T_0000153926,1,0.995949,1
T_0000153928,1,0.199734,1
T_0000153932,1,0.989756,1
T_0000153934,1,0.996042,1
T_0000153935,1,0.999987,1
T_0000153938,1,0.984366,1
T_0000153943,1,0.979699,1
T_0000153966,1,0.991263,1
T_0000154029,1,0.970759,1
T_0000154036,1,0.992938,1
T_0000154038,1,0.999880,1
T_0000154051,1,0.999979,1
T_0000154070,0,0.027834,0
T_0000154075,1,0.995874,1
T_0000154080,1,0.995166,1
T_0000154098,1,0.992955,1
T_0000154102,0,0.022036,0
T_0000154155,1,0.986594,1
T_0000154183,0,0.017133,0
T_0000154199,1,0.990933,1
T_0000154206,1,0.985359,1
T_0000154219,1,0.760455,1
T_0000154230,1,0.966753,1
T_0000154245,1,0.988681,1
T_0000154249,1,0.894197,1
T_0000154253,0,0.103465,0
T_0000154257,1,0.548204,1
T_0000154270,0,0.051440,0
T_0000154286,1,0.993097,1
T_0000154376,0,0.043546,0
T_0000154398,0,0.050134,0
T_0000154449,0,0.122585,0
T_0000154461,0,0.014135,0
T_0000154502,1,0.988211,1
T_0000154528,0,0.207822,1
T_0000154534,1,0.988858,1
T_0000154573,0,0.004233,0
T_0000154603,1,0.948566,1
T_0000154612,1,0.999260,1
T_0000154636,0,0.006785,0
T_0000154686,0,0.025437,0
T_0000154713,0,0.016771,0
T_0000154737,1,0.994756,1
T_0000154750,1,0.993676,1
T_0000154758,1,0.843562,1
T_0000154759,1,0.996191,1
T_0000154774,1,0.698984,1
T_0000154838,0,0.035467,0
T_0000154864,1,0.995985,1
T_0000154876,0,0.741946,1
T_0000155014,1,0.993611,1
T_0000155034,0,0.045355,0
T_0000155043,1,0.981647,1
T_0000155055,1,0.992917,1
T_0000155064,0,0.060520,0
T_0000155074,1,0.975308,1
T_0000155133,1,0.997145,1
T_0000155170,1,0.989841,1
T_0000155190,1,0.990821,1
T_0000155253,0,0.012934,0
T_0000155258,1,0.153586,0
T_0000155274,1,0.996190,1
T_0000155278,1,0.989341,1
T_0000155341,0,0.087949,0
T_0000155355,1,0.970823,1
T_0000155365,1,0.995149,1
T_0000155373,1,0.996620,1
T_0000155379,1,0.999997,1
T_0000155429,1,0.977219,1
T_0000155464,0,0.016498,0
T_0000155528,0,0.068083,0
T_0000155562,1,0.992672,1
T_0000155577,1,0.989516,1
T_0000155578,1,0.989300,1
T_0000155581,1,0.978238,1
T_0000155589,1,0.999225,1
T_0000155593,1,0.996852,1
T_0000155602,1,0.990609,1
T_0000155608,1,0.987622,1
T_0000155621,0,0.043114,0
T_0000155624,0,0.007367,0
T_0000155636,1,0.178013,0
T_0000155643,1,0.993470,1
T_0000155672,1,0.995459,1
T_0000155694,0,0.046022,0
T_0000155697,1,0.993707,1
T_0000155806,1,0.999134,1
T_0000155847,1,0.992829,1
T_0000155917,1,0.995471,1
T_0000155921,0,0.894767,1
T_0000155933,0,0.045281,0
T_0000155943,1,0.991320,1
T_0000156001,1,0.996437,1
T_0000156034,0,0.016239,0
T_0000156038,0,0.262355,1
T_0000156045,1,0.923455,1
T_0000156070,1,0.948184,1
T_0000156094,1,0.997672,1
T_0000156106,0,0.047059,0
T_0000156133,1,0.996104,1
T_0000156137,1,0.999858,1
T_0000156146,1,0.997920,1
T_0000156152,1,0.995399,1
T_0000156162,1,0.999177,1
T_0000156198,0,0.014969,0
T_0000156205,0,0.012300,0
T_0000156206,0,0.036579,0
T_0000156217,0,0.074426,0
T_0000156262,0,0.002923,0
T_0000156270,0,0.010507,0
T_0000156332,0,0.143104,0
T_0000156347,1,0.994755,1
T_0000156418,0,0.022381,0
T_0000156448,1,0.998287,1
T_0000156524,1,0.995233,1
T_0000156557,1,0.954556,1
T_0000156629,0,0.029879,0
T_0000156654,1,0.992112,1
T_0000156664,1,0.963755,1
T_0000156681,1,0.993481,1
T_0000156701,1,0.155542,0
T_0000156731,1,0.909577,1
T_0000156744,1,0.994715,1
T_0000156753,0,0.003489,0
T_0000156762,0,0.018428,0
T_0000156806,1,0.991484,1
T_0000156807,1,0.997694,1
T_0000156844,1,0.982111,1
T_0000156851,1,0.994161,1
T_0000156853,0,0.042757,0
T_0000156857,0,0.002127,0
T_0000156876,1,0.996051,1
T_0000156898,0,0.049827,0
T_0000156903,1,0.996145,1
T_0000156914,0,0.031848,0
T_0000156943,1,0.998545,1
T_0000156950,1,0.053969,0
T_0000156953,1,0.996607,1
T_0000156986,1,0.988654,1
T_0000156992,1,1.000000,1
T_0000156996,0,0.017323,0
T_0000157038,1,0.991071,1
T_0000157045,0,0.078379,0
T_0000157065,1,0.990667,1
T_0000157076,1,0.995647,1
T_0000157111,0,0.100992,0
T_0000157117,0,0.003724,0
T_0000157162,0,0.024563,0
T_0000157185,0,0.047971,0
T_0000157187,1,0.963769,1
T_0000157226,1,0.994955,1
T_0000157239,1,0.985859,1
T_0000157246,1,0.988125,1
T_0000157277,1,0.993514,1
T_0000157280,1,0.970848,1
T_0000157319,1,0.994580,1
T_0000157320,1,0.996201,1
T_0000157325,0,0.018451,0
T_0000157344,1,0.993459,1
T_0000157349,0,0.014605,0
T_0000157384,1,0.989993,1
T_0000157407,0,0.017119,0
T_0000157467,1,0.999924,1
T_0000157480,1,0.992004,1
T_0000157487,1,0.990707,1
T_0000157533,0,0.023264,0
T_0000157549,1,0.993314,1
T_0000157592,1,0.993999,1
T_0000157596,1,0.999106,1
T_0000157599,1,0.994048,1
T_0000157723,0,0.022707,0
T_0000157743,1,0.995842,1
T_0000157756,1,0.994946,1
T_0000157759,1,0.986514,1
T_0000157778,0,0.026648,0
T_0000157804,1,0.992753,1
T_0000157812,1,0.964115,1
T_0000157825,1,0.994478,1
T_0000157842,1,0.993199,1
T_0000157848,0,0.014287,0
T_0000157861,1,0.994330,1
T_0000157875,1,0.986846,1
T_0000157887,1,0.986330,1
T_0000157895,0,0.008570,0
T_0000157913,1,0.999594,1
T_0000157915,0,0.023500,0
T_0000157935,0,0.130881,0
T_0000157961,1,0.501954,1
T_0000157971,1,0.162903,0
T_0000158021,1,0.991840,1
T_0000158036,1,0.425675,1
T_0000158114,1,0.996524,1
T_0000158133,0,0.012191,0
T_0000158179,1,0.156886,0
T_0000158221,0,0.027313,0
T_0000158243,1,0.994424,1
T_0000158251,1,0.986302,1
T_0000158256,1,0.143403,0
T_0000158282,1,0.950025,1
T_0000158286,0,0.055347,0
T_0000158306,1,0.994931,1
T_0000158307,1,0.216045,1
T_0000158349,1,0.998611,1
T_0000158359,1,0.996650,1
T_0000158386,0,0.040626,0
T_0000158408,0,0.039448,0
T_0000158461,1,0.957773,1
T_0000158467,1,1.000000,1
T_0000158578,0,0.147141,0
T_0000158579,0,0.018889,0
T_0000158587,1,0.984752,1
T_0000158653,1,0.992243,1
T_0000158660,1,0.996187,1
T_0000158724,1,0.050008,0
T_0000158742,1,0.505144,1
T_0000158780,1,0.994851,1
T_0000158789,1,0.995018,1
T_0000158845,1,0.989894,1
T_0000158858,0,0.029483,0
T_0000158883,1,0.995587,1
T_0000158896,1,0.989947,1
T_0000158928,1,0.991581,1
T_0000158945,0,0.023098,0
T_0000158977,1,0.992473,1
T_0000158989,0,0.558648,1
T_0000159039,1,0.985579,1
T_0000159040,1,0.991709,1
T_0000159095,0,0.899682,1
T_0000159122,1,0.672012,1
T_0000159145,0,0.092709,0
T_0000159149,0,0.021080,0
T_0000159152,0,0.009163,0
T_0000159198,1,0.994587,1
T_0000159203,1,0.989140,1
T_0000159213,1,0.971891,1
T_0000159231,1,0.992967,1
T_0000159237,1,0.995266,1
T_0000159250,1,0.987260,1
T_0000159278,1,0.984033,1
T_0000159319,1,0.335618,1
T_0000159331,1,0.999893,1
T_0000159356,0,0.042297,0
T_0000159420,1,0.996659,1
T_0000159436,1,0.974043,1
T_0000159441,1,0.991404,1
T_0000159470,1,0.068408,0
T_0000159474,1,0.995311,1
T_0000159476,1,0.999699,1
T_0000159553,0,0.022336,0
T_0000159557,0,0.028281,0
T_0000159585,1,0.983819,1
T_0000159630,1,0.991433,1
T_0000159637,0,0.035880,0
T_0000159643,1,0.874153,1
T_0000159718,1,0.978947,1
T_0000159739,1,0.995048,1
T_0000159775,1,0.986611,1
T_0000159794,0,0.048131,0
T_0000159811,1,0.977412,1
T_0000159835,1,0.994994,1
T_0000159850,1,0.991628,1
T_0000159877,1,0.997595,1
T_0000159878,0,0.003783,0
T_0000159927,1,0.992915,1
T_0000159946,0,0.019845,0
T_0000159949,1,0.982726,1
T_0000159952,1,0.990124,1
T_0000159992,1,0.999201,1
T_0000160003,0,0.049098,0
T_0000160030,1,0.960111,1
T_0000160047,0,0.002331,0
T_0000160060,1,0.975387,1
T_0000160067,1,0.988194,1
T_0000160070,0,0.039273,0
T_0000160073,0,0.014009,0
T_0000160092,1,0.998068,1
T_0000160096,1,0.999949,1
T_0000160147,1,0.997618,1
T_0000160187,1,0.949333,1
T_0000160190,1,0.080181,0
T_0000160212,1,0.994760,1
T_0000160246,0,0.057407,0
T_0000160249,1,0.969866,1
T_0000160282,1,0.993806,1
T_0000160311,1,0.962056,1
T_0000160327,0,0.047119,0
T_0000160332,0,0.035452,0
T_0000160347,1,0.995021,1
T_0000160349,1,0.992296,1
T_0000160383,1,0.993657,1
T_0000160390,0,0.040217,0
T_0000160405,1,0.996557,1
T_0000160409,1,0.995024,1
T_0000160421,1,0.994180,1
T_0000160447,1,0.996316,1
T_0000160454,0,0.005988,0
T_0000160477,0,0.007218,0
T_0000160492,0,0.009752,0
T_0000160496,0,0.011940,0
T_0000160507,0,0.066850,0
T_0000160539,0,0.186479,0
T_0000160560,0,0.077177,0
T_0000160600,0,0.025932,0
T_0000160602,1,0.984006,1
T_0000160628,0,0.005489,0
T_0000160635,1,0.987643,1
T_0000160643,1,0.997701,1
T_0000160650,1,0.049105,0
T_0000160662,1,0.985625,1
T_0000160710,1,0.990455,1
T_0000160733,0,0.023440,0
T_0000160735,0,0.137772,0
T_0000160746,0,0.012292,0
T_0000160780,1,0.205540,1
T_0000160792,1,0.999993,1
T_0000160811,1,0.992471,1
T_0000160827,1,0.994686,1
T_0000160846,0,0.025740,0
T_0000160881,0,0.001673,0
T_0000160894,0,0.121680,0
T_0000160913,1,0.999996,1
T_0000160983,1,0.975832,1
T_0000160988,1,0.997714,1
T_0000161023,0,0.044075,0
T_0000161025,1,0.039632,0
T_0000161035,1,0.993721,1
T_0000161042,0,0.006998,0
T_0000161045,1,0.976530,1
T_0000161046,1,0.998941,1
T_0000161141,1,0.985337,1
T_0000161165,1,0.992764,1
T_0000161195,1,0.965838,1
T_0000161203,1,0.999987,1
T_0000161229,1,0.984976,1
T_0000161246,1,1.000000,1
T_0000161290,1,0.999373,1
T_0000161298,0,0.133539,0
T_0000161331,1,0.984078,1
T_0000161353,1,0.154374,0
T_0000161366,1,0.739103,1
T_0000161374,1,0.997056,1
T_0000161392,0,0.037583,0
T_0000161430,0,0.012922,0
T_0000161481,0,0.019156,0
T_0000161494,1,0.067913,0
T_0000161512,1,0.085394,0
T_0000161513,1,1.000000,1
T_0000161529,0,0.030656,0
T_0000161543,0,0.026311,0
T_0000161549,1,0.993406,1
T_0000161593,1,0.988960,1
T_0000161613,0,0.048135,0
T_0000161640,1,0.990299,1
T_0000161644,1,0.995327,1
T_0000161659,1,0.992747,1
T_0000161674,1,0.992298,1
T_0000161679,1,0.985781,1
T_0000161701,1,0.992710,1
T_0000161716,0,0.034886,0
T_0000161723,0,0.023553,0
T_0000161777,1,0.067005,0
T_0000161825,1,0.999928,1
T_0000161829,0,0.005794,0
T_0000161847,0,0.024950,0
T_0000161895,0,0.002138,0
T_0000161900,0,0.007278,0
T_0000161904,1,0.955404,1
T_0000161921,0,0.045940,0
T_0000161925,1,0.991068,1
T_0000161926,1,0.981756,1
T_0000161935,0,0.025267,0
T_0000161967,0,0.018763,0
T_0000161977,1,0.997894,1
T_0000161981,0,0.031851,0
T_0000161985,1,0.992969,1
T_0000161996,0,0.005139,0
T_0000161998,1,0.993417,1
T_0000162003,1,0.999026,1
T_0000162039,1,0.996657,1
T_0000162043,1,0.785149,1
T_0000162073,1,0.990059,1
T_0000162083,1,0.974510,1
T_0000162122,1,0.997496,1
T_0000162132,0,0.009227,0
T_0000162140,1,0.993898,1
T_0000162151,0,0.016061,0
T_0000162165,1,0.987713,1
T_0000162189,0,0.123050,0
T_0000162201,0,0.021487,0
T_0000162203,0,0.008819,0
T_0000162211,0,0.004805,0
T_0000162213,1,0.993035,1
T_0000162226,1,0.240830,1
T_0000162246,1,0.991526,1
T_0000162252,1,0.995416,1
T_0000162262,1,0.995478,1
T_0000162292,0,0.011072,0
T_0000162295,1,0.997253,1
T_0000162310,0,0.010656,0
T_0000162315,1,0.996853,1
T_0000162322,1,0.996270,1
T_0000162329,1,0.994016,1
T_0000162344,0,0.030474,0
T_0000162374,1,0.994920,1
T_0000162393,1,0.973394,1
T_0000162426,1,0.991974,1
T_0000162435,0,0.018367,0
T_0000162443,0,0.020206,0
T_0000162455,1,0.999250,1
T_0000162474,0,0.022943,0
T_0000162479,0,0.057928,0
T_0000162485,0,0.006655,0
T_0000162501,0,0.008175,0
T_0000162587,1,0.964623,1
T_0000162607,1,0.993727,1
T_0000162612,0,0.085550,0
T_0000162624,1,0.993748,1
T_0000162681,1,0.998581,1
T_0000162735,1,0.991874,1
T_0000162762,1,0.976207,1
T_0000162815,1,0.988160,1
T_0000162823,1,0.995105,1
T_0000162837,0,0.025200,0
T_0000162853,1,0.993605,1
T_0000162889,0,0.026687,0
T_0000162930,1,0.995136,1
T_0000162953,0,0.006099,0
T_0000162967,1,0.999729,1
T_0000162969,0,0.023325,0
T_0000162975,0,0.040202,0
T_0000162985,1,0.999711,1
T_0000162987,1,0.993725,1
T_0000162999,1,0.999988,1
T_0000163013,1,0.993217,1
T_0000163050,1,0.987828,1
T_0000163113,0,0.021911,0
T_0000163133,0,0.057915,0
T_0000163168,0,0.022952,0
T_0000163171,0,0.053348,0
T_0000163197,1,0.999909,1
T_0000163208,1,0.995297,1
T_0000163213,1,0.999020,1
T_0000163225,1,0.994046,1
T_0000163231,1,0.993257,1
T_0000163290,1,0.999819,1
T_0000163316,1,0.999926,1
T_0000163326,1,0.997670,1
T_0000163341,0,0.016193,0
T_0000163372,1,0.298672,1
T_0000163458,1,0.956205,1
T_0000163497,1,0.994325,1
T_0000163547,0,0.024875,0
T_0000163579,0,0.003650,0
T_0000163589,1,0.173589,0
T_0000163612,1,0.989938,1
T_0000163620,1,0.990173,1
T_0000163633,0,0.042262,0
T_0000163634,0,0.009307,0
T_0000163652,0,0.012722,0
T_0000163669,0,0.035961,0
T_0000163682,0,0.011665,0
T_0000163701,1,0.999951,1
T_0000163729,0,0.031448,0
T_0000163780,0,0.022004,0
T_0000163797,0,0.029791,0
T_0000163832,1,0.994221,1
T_0000163853,1,0.959880,1
T_0000163881,1,0.183433,0
T_0000163896,1,0.990618,1
T_0000163918,0,0.040479,0
T_0000163942,1,0.983545,1
T_0000163951,1,0.993380,1
T_0000163962,1,0.989493,1
T_0000164030,1,0.989409,1
T_0000164033,1,0.993885,1
T_0000164063,0,0.007080,0
T_0000164065,1,0.405112,1
T_0000164080,0,0.017739,0
T_0000164090,1,0.998777,1
T_0000164098,1,0.377171,1
T_0000164129,1,0.977869,1
T_0000164138,1,0.941676,1
T_0000164161,1,0.688706,1
T_0000164173,1,0.990064,1
T_0000164182,0,0.027555,0
T_0000164185,1,0.991963,1
T_0000164193,1,0.980049,1
T_0000164288,0,0.031475,0
T_0000164305,1,0.984524,1
T_0000164312,0,0.069835,0
T_0000164317,1,0.023924,0
T_0000164329,1,0.997857,1
T_0000164334,1,0.944793,1
T_0000164336,1,0.920651,1
T_0000164368,1,0.988395,1
T_0000164371,1,0.990623,1
T_0000164374,1,0.992952,1
T_0000164377,0,0.031953,0
T_0000164412,1,0.976654,1
T_0000164439,1,0.985775,1
T_0000164449,1,0.992191,1
T_0000164460,1,0.992109,1
T_0000164468,1,0.988040,1
T_0000164471,1,0.983739,1
T_0000164478,0,0.024029,0
T_0000164496,1,0.999999,1
T_0000164507,0,0.028635,0
T_0000164508,1,0.987068,1
T_0000164510,0,0.196331,1
T_0000164535,1,0.995008,1
T_0000164554,1,1.000000,1
T_0000164561,1,0.968430,1
T_0000164583,0,0.025804,0
T_0000164654,0,0.014240,0
T_0000164658,1,0.995819,1
T_0000164677,1,0.991129,1
T_0000164686,0,0.029014,0
T_0000164702,1,0.248218,1
T_0000164714,1,0.994558,1
T_0000164717,1,0.987723,1
T_0000164736,1,0.971729,1
T_0000164748,1,0.985759,1
T_0000164783,1,0.986930,1
T_0000164785,1,0.992142,1
T_0000164802,1,0.985045,1
T_0000164804,1,0.600123,1
T_0000164818,0,0.003682,0
T_0000164862,0,0.027508,0
T_0000164874,1,0.987434,1
T_0000164875,1,0.999996,1
T_0000164882,1,0.777101,1
T_0000164884,1,0.999993,1
T_0000164897,0,0.051308,0
T_0000164946,0,0.010793,0
T_0000164986,1,0.995845,1
T_0000165016,0,0.009425,0
T_0000165028,1,0.186212,0
T_0000165029,1,0.996148,1
T_0000165072,1,0.982122,1
T_0000165074,1,0.937929,1
T_0000165101,1,0.994652,1
T_0000165115,1,0.513660,1
T_0000165202,1,0.992190,1
T_0000165222,1,0.995465,1
T_0000165237,1,0.988354,1
T_0000165246,1,0.993309,1
T_0000165271,0,0.102160,0
T_0000165276,0,0.275954,1
T_0000165277,0,0.014909,0
T_0000165281,1,0.762611,1
T_0000165296,1,0.999949,1
T_0000165366,1,0.970423,1
T_0000165369,1,0.989638,1
T_0000165371,1,0.994832,1
T_0000165390,1,0.995068,1
T_0000165395,1,0.976417,1
T_0000165408,0,0.023243,0
T_0000165415,1,0.984187,1
T_0000165421,1,0.935474,1
T_0000165452,0,0.078628,0
T_0000165497,1,0.977470,1
T_0000165515,1,0.987289,1
T_0000165550,1,0.973185,1
T_0000165560,0,0.101363,0
T_0000165562,1,0.996640,1
T_0000165578,0,0.023968,0
T_0000165587,1,0.988848,1
T_0000165601,1,0.994806,1
T_0000165633,1,0.995320,1
T_0000165667,1,0.999293,1
T_0000165668,1,0.992648,1
T_0000165710,0,0.009052,0
T_0000165715,1,0.075988,0
T_0000165723,1,0.994725,1
T_0000165725,1,0.983731,1
T_0000165727,0,0.026647,0
T_0000165780,1,0.964016,1
T_0000165832,1,0.982749,1
T_0000165848,1,0.989774,1
T_0000165871,0,0.170930,0
T_0000165920,0,0.092777,0
T_0000165925,1,0.992771,1
T_0000165942,0,0.001564,0
T_0000165945,1,0.991976,1
T_0000165959,1,0.982616,1
T_0000165967,1,0.999598,1
T_0000165977,0,0.040099,0
T_0000166080,1,0.991932,1
T_0000166083,0,0.015999,0
T_0000166123,1,0.991610,1
T_0000166132,0,0.027068,0
T_0000166140,0,0.007533,0
T_0000166144,1,0.998350,1
T_0000166170,0,0.073347,0
T_0000166172,1,0.999110,1
T_0000166224,0,0.037683,0
T_0000166252,0,0.174255,0
T_0000166263,0,0.023223,0
T_0000166324,1,0.991485,1
T_0000166342,1,0.982199,1
T_0000166343,0,0.012584,0
T_0000166345,1,0.980516,1
T_0000166386,1,0.998990,1
T_0000166395,1,0.982049,1
T_0000166458,1,0.992318,1
T_0000166556,1,0.992767,1
T_0000166591,0,0.026107,0
T_0000166601,1,0.996661,1
T_0000166621,0,0.015061,0
T_0000166628,1,0.989424,1
T_0000166645,0,0.031529,0
T_0000166657,1,1.000000,1
T_0000166672,0,0.044196,0
T_0000166679,0,0.015105,0
T_0000166688,1,0.991948,1
T_0000166691,1,0.992928,1
T_0000166694,0,0.002850,0
T_0000166705,0,0.193288,1
T_0000166707,0,0.004208,0
T_0000166726,1,0.997353,1
T_0000166741,1,0.993603,1
T_0000166749,1,0.988041,1
T_0000166766,1,0.859690,1
T_0000166781,0,0.036964,0
T_0000166784,1,0.952488,1
T_0000166840,1,0.994056,1
T_0000166877,0,0.011037,0
T_0000166880,0,0.030983,0
T_0000166884,1,0.995081,1
T_0000166887,1,0.995273,1
T_0000166896,1,0.995378,1
T_0000166911,0,0.110991,0
T_0000166916,1,0.958133,1
T_0000166964,0,0.033745,0
T_0000167071,1,0.985367,1
T_0000167097,1,0.997119,1
T_0000167110,1,0.970964,1
T_0000167113,1,0.991055,1
T_0000167132,1,0.995567,1
T_0000167167,0,0.017202,0
T_0000167169,1,0.993921,1
T_0000167204,0,0.030052,0
T_0000167247,1,0.993527,1
T_0000167251,1,0.994977,1
T_0000167267,0,0.049347,0
T_0000167277,1,0.203181,1
T_0000167290,0,0.019555,0
T_0000167313,1,0.999755,1
T_0000167329,0,0.005983,0
T_0000167393,1,0.982511,1
T_0000167395,1,0.992574,1
T_0000167396,1,0.992168,1
T_0000167411,1,0.979417,1
T_0000167425,0,0.007710,0
T_0000167446,0,0.022722,0
T_0000167481,1,0.880285,1
T_0000167513,1,0.995255,1
T_0000167520,1,0.994888,1
T_0000167522,0,0.021493,0
T_0000167562,1,0.991989,1
T_0000167573,1,0.993791,1
T_0000167591,0,0.024525,0
T_0000167605,1,0.999479,1
T_0000167609,1,0.994124,1
T_0000167672,0,0.007134,0
T_0000167697,1,0.998603,1
T_0000167715,1,0.319673,1
T_0000167725,1,0.966059,1
T_0000167741,1,0.952545,1
T_0000167792,1,0.999979,1
T_0000167804,0,0.020502,0
T_0000167853,1,0.963678,1
T_0000167854,1,0.992462,1
T_0000167863,0,0.002147,0
T_0000167887,0,0.018938,0
T_0000167923,1,0.995351,1
T_0000167933,1,0.995906,1
T_0000167951,1,0.983455,1
T_0000167980,1,0.981837,1
T_0000167982,1,0.994876,1
T_0000167998,0,0.020144,0
T_0000168004,1,0.103153,0
T_0000168008,0,0.046183,0
T_0000168016,1,0.987200,1
T_0000168023,1,0.986531,1
T_0000168024,0,0.003485,0
T_0000168025,0,0.053018,0
T_0000168034,1,1.000000,1
T_0000168040,1,0.990225,1
T_0000168063,1,0.989141,1
T_0000168075,1,1.000000,1
T_0000168164,1,0.997271,1
T_0000168177,1,0.993621,1
T_0000168186,0,0.011179,0
T_0000168191,1,0.994678,1
T_0000168297,1,0.968157,1
T_0000168303,1,0.993754,1
T_0000168311,1,0.065953,0
T_0000168313,1,0.994603,1
T_0000168348,0,0.024855,0
T_0000168357,0,0.052962,0
T_0000168360,1,0.991876,1
T_0000168373,1,1.000000,1
T_0000168379,1,0.996612,1
T_0000168385,1,0.996903,1
T_0000168387,1,0.990391,1
T_0000168398,1,0.992146,1
T_0000168427,1,0.996329,1
T_0000168442,1,0.999982,1
T_0000168483,0,0.017226,0
T_0000168485,1,0.993952,1
T_0000168512,0,0.182160,0
T_0000168538,0,0.014057,0
T_0000168555,1,0.112978,0
T_0000168557,1,0.993913,1
T_0000168608,0,0.010307,0
T_0000168611,1,0.979688,1
T_0000168636,1,0.999804,1
T_0000168662,1,0.982843,1
T_0000168675,1,0.150236,0
T_0000168685,0,0.023269,0
T_0000168723,1,0.986683,1
T_0000168745,0,0.015143,0
T_0000168758,0,0.057619,0
T_0000168763,1,0.997755,1
T_0000168772,1,0.994032,1
T_0000168829,1,0.993986,1
T_0000168838,0,0.014897,0
T_0000168847,1,0.990763,1
T_0000168853,0,0.008452,0
T_0000168890,0,0.100641,0
T_0000168924,1,0.999040,1
T_0000168939,1,0.996483,1
T_0000168958,0,0.004761,0
T_0000168989,0,0.015120,0
T_0000168997,0,0.079544,0
T_0000169006,0,0.044939,0
T_0000169021,1,0.997458,1
T_0000169045,0,0.055274,0
T_0000169061,1,0.498820,1
T_0000169093,0,0.034147,0
T_0000169129,0,0.135379,0
T_0000169144,0,0.044618,0
T_0000169180,1,0.998355,1
T_0000169215,1,0.999745,1
T_0000169225,0,0.064693,0
T_0000169246,1,0.988192,1
T_0000169253,1,0.994925,1
T_0000169257,1,0.992772,1
T_0000169302,0,0.010440,0
T_0000169353,1,0.905818,1
T_0000169356,0,0.004122,0
T_0000169376,1,0.996629,1
T_0000169418,1,0.208805,1
T_0000169453,1,0.999439,1
T_0000169454,1,0.999990,1
T_0000169456,1,0.996759,1
T_0000169464,1,0.554915,1
T_0000169485,0,0.030274,0
T_0000169517,0,0.009772,0
T_0000169563,0,0.239646,1
T_0000169575,1,1.000000,1
T_0000169577,1,0.998800,1
T_0000169595,0,0.032744,0
T_0000169599,1,0.997057,1
T_0000169628,1,0.985589,1
T_0000169636,0,0.020239,0
T_0000169637,1,0.996300,1
T_0000169654,0,0.016612,0
T_0000169657,1,0.996406,1
T_0000169680,1,0.999999,1
T_0000169706,1,0.993767,1
T_0000169729,0,0.035522,0
T_0000169730,0,0.005963,0
T_0000169737,0,0.049630,0
T_0000169780,1,0.997702,1
T_0000169809,0,0.023950,0
T_0000169811,0,0.013320,0
T_0000169837,1,0.973825,1
T_0000169859,0,0.039112,0
T_0000169864,1,0.993963,1
T_0000169880,0,0.136877,0
T_0000169887,1,1.000000,1
T_0000169904,1,0.999996,1
T_0000169912,1,0.994852,1
T_0000169971,0,0.083062,0
T_0000169974,1,0.995849,1
T_0000169997,1,0.996240,1
T_0000170044,1,0.994560,1
T_0000170046,1,0.997925,1
T_0000170063,0,0.008050,0
T_0000170083,1,0.995083,1
T_0000170102,1,0.996850,1
T_0000170120,0,0.077522,0
T_0000170167,1,0.997203,1
T_0000170174,1,0.998730,1
T_0000170175,0,0.024289,0
T_0000170181,1,0.993998,1
T_0000170185,0,0.013713,0
T_0000170186,1,0.999065,1
T_0000170200,1,0.995368,1
T_0000170204,1,0.994279,1
T_0000170286,1,0.791923,1
T_0000170310,1,0.995386,1
T_0000170359,1,0.998115,1
T_0000170419,1,0.995439,1
T_0000170438,1,0.997249,1
T_0000170447,1,0.996984,1
T_0000170449,0,0.059103,0
T_0000170456,1,0.996534,1
T_0000170470,0,0.211432,1
T_0000170489,0,0.004383,0
T_0000170523,1,0.999999,1
T_0000170526,1,0.983400,1
T_0000170536,1,0.995840,1
T_0000170552,1,0.998735,1
T_0000170602,1,1.000000,1
T_0000170628,1,0.996364,1
T_0000170732,0,0.009018,0
T_0000170737,0,0.024732,0
T_0000170738,1,0.105697,0
T_0000170785,1,0.906549,1
T_0000170786,0,0.074882,0
T_0000170828,1,0.009877,0
T_0000170870,1,1.000000,1
T_0000170891,1,0.990789,1
T_0000170894,1,0.990864,1
T_0000170904,1,0.995190,1
T_0000170927,1,0.991984,1
T_0000170937,0,0.038118,0
T_0000170975,1,0.981197,1
T_0000170995,1,0.384158,1
T_0000171010,1,0.994695,1
T_0000171036,0,0.244264,1
T_0000171066,1,1.000000,1
T_0000171098,1,0.995350,1
T_0000171100,1,0.983340,1
T_0000171122,1,0.994722,1
T_0000171125,1,0.999170,1
T_0000171169,0,0.111480,0
T_0000171185,0,0.016738,0
T_0000171208,1,1.000000,1
T_0000171236,1,0.963533,1
T_0000171280,1,0.977396,1
T_0000171303,1,0.999950,1
T_0000171325,1,0.967706,1
T_0000171371,1,0.987917,1
T_0000171407,1,0.991772,1
T_0000171422,0,0.027668,0
T_0000171423,0,0.042484,0
T_0000171443,0,0.007131,0
T_0000171451,0,0.032217,0
T_0000171459,1,0.989423,1
T_0000171461,1,0.987527,1
T_0000171463,0,0.082663,0
T_0000171472,1,0.306237,1
T_0000171496,1,0.995048,1
T_0000171502,1,0.997542,1
T_0000171517,0,0.011379,0
T_0000171529,1,0.999515,1
T_0000171561,1,0.967650,1
T_0000171576,1,0.992650,1
T_0000171584,1,0.978204,1
T_0000171632,1,0.274201,1
T_0000171640,1,0.956981,1
T_0000171668,1,0.991522,1
T_0000171685,0,0.031464,0
T_0000171690,1,0.977817,1
T_0000171697,1,0.988806,1
T_0000171709,1,0.989858,1
T_0000171723,0,0.015019,0
T_0000171734,1,0.983220,1
T_0000171751,1,0.982002,1
T_0000171774,0,0.008180,0
T_0000171807,1,0.996871,1
T_0000171839,0,0.033179,0
T_0000171841,0,0.016668,0
T_0000171951,1,0.991772,1
T_0000172008,1,0.995912,1
T_0000172017,1,0.994623,1
T_0000172073,1,0.993211,1
T_0000172086,0,0.099201,0
T_0000172110,1,0.997031,1
T_0000172158,1,0.995291,1
T_0000172167,1,0.976447,1
T_0000172173,1,0.991848,1
T_0000172254,0,0.085503,0
T_0000172274,1,0.993651,1
T_0000172312,1,0.982675,1
T_0000172322,0,0.091120,0
T_0000172328,1,0.994873,1
T_0000172353,1,0.997463,1
T_0000172357,1,0.994981,1
T_0000172385,1,0.997171,1
T_0000172432,1,0.929551,1
T_0000172523,0,0.022477,0
T_0000172537,1,0.943531,1
T_0000172550,0,0.035214,0
T_0000172564,1,0.885161,1
T_0000172569,0,0.038508,0
T_0000172649,1,0.989832,1
T_0000172657,0,0.017558,0
T_0000172710,1,0.990164,1
T_0000172711,1,0.999599,1
T_0000172740,1,0.980227,1
T_0000172756,1,0.989151,1
T_0000172771,0,0.289457,1
T_0000172826,1,1.000000,1
T_0000172840,1,0.993143,1
T_0000172844,0,0.042527,0
T_0000172861,0,0.043472,0
T_0000172939,0,0.010333,0
T_0000172949,1,0.961526,1
T_0000172961,1,0.989207,1
T_0000172965,1,0.982368,1
T_0000172978,1,0.991193,1
T_0000173042,1,0.993616,1
T_0000173056,1,0.957194,1
T_0000173098,1,0.999383,1
T_0000173130,1,0.866902,1
T_0000173138,1,0.994791,1
T_0000173172,1,0.984763,1
T_0000173177,1,0.993157,1
T_0000173181,1,0.082604,0
T_0000173183,0,0.052843,0
T_0000173217,1,0.989360,1
T_0000173230,0,0.023686,0
T_0000173244,0,0.017165,0
T_0000173302,1,0.995161,1
T_0000173413,1,0.993688,1
T_0000173445,1,0.997560,1
T_0000173459,1,0.969019,1
T_0000173498,1,0.983456,1
T_0000173499,1,0.992956,1
T_0000173504,1,0.996012,1
T_0000173508,1,0.985910,1
T_0000173518,1,0.999897,1
T_0000173521,0,0.021493,0
T_0000173528,1,0.928443,1
T_0000173552,1,0.981361,1
T_0000173554,1,0.994677,1
T_0000173555,0,0.001682,0
T_0000173567,1,0.123000,0
T_0000173595,0,0.121435,0
T_0000173630,1,0.028774,0
T_0000173632,1,0.986216,1
T_0000173682,0,0.080574,0
T_0000173685,1,0.975789,1
T_0000173695,1,0.995028,1
T_0000173715,1,0.990321,1
T_0000173730,0,0.021654,0
T_0000173743,1,0.988281,1
T_0000173744,1,0.987029,1
T_0000173777,1,0.997640,1
T_0000173850,1,0.952427,1
T_0000173856,0,0.026821,0
T_0000173881,1,0.996923,1
T_0000173883,1,0.256645,1
T_0000173897,1,0.982314,1
T_0000173986,1,0.988575,1
T_0000173994,1,0.997688,1
T_0000174070,1,0.995476,1
T_0000174082,1,0.995591,1
T_0000174087,1,0.995023,1
T_0000174090,1,0.987701,1
T_0000174180,1,0.994240,1
T_0000174196,0,0.036376,0
T_0000174203,0,0.039411,0
T_0000174265,1,0.931956,1
T_0000174294,0,0.020509,0
T_0000174310,1,0.994299,1
T_0000174325,0,0.020487,0
T_0000174330,0,0.034673,0
T_0000174388,1,0.997110,1
T_0000174398,0,0.051411,0
T_0000174427,0,0.006721,0
T_0000174431,1,0.984746,1
T_0000174444,0,0.087205,0
T_0000174450,1,0.989916,1
T_0000174456,1,0.991452,1
T_0000174469,1,0.999966,1
T_0000174550,1,0.148703,0
T_0000174572,0,0.010632,0
T_0000174656,1,0.999998,1
T_0000174680,1,0.565408,1
T_0000174682,1,0.996935,1
T_0000174691,0,0.023703,0
T_0000174699,0,0.008183,0
T_0000174702,1,0.996626,1
T_0000174705,0,0.019530,0
T_0000174747,0,0.018923,0
T_0000174778,0,0.021639,0
T_0000174889,0,0.057383,0
T_0000174896,0,0.039237,0
T_0000174905,1,0.853621,1
T_0000174935,1,0.999724,1
T_0000174941,0,0.018283,0
T_0000174945,1,0.994946,1
T_0000174991,0,0.070328,0
T_0000175000,1,0.953838,1
T_0000175030,1,0.983548,1
T_0000175032,1,0.990113,1
T_0000175068,1,1.000000,1
T_0000175072,1,0.995660,1
T_0000175142,0,0.025471,0
T_0000175166,1,0.986283,1
T_0000175172,0,0.044882,0
T_0000175218,1,0.984486,1
T_0000175221,1,0.978052,1
T_0000175223,0,0.047936,0
T_0000175258,1,0.996287,1
T_0000175271,0,0.028311,0
T_0000175286,1,0.830618,1
T_0000175396,0,0.035775,0
T_0000175483,1,0.986495,1
T_0000175522,1,0.987472,1
T_0000175528,1,0.999951,1
T_0000175540,1,0.993958,1
T_0000175542,0,0.033871,0
T_0000175585,1,0.987816,1
T_0000175615,1,0.155173,0
T_0000175643,1,0.992352,1
T_0000175652,1,0.232978,1
T_0000175705,1,0.444452,1
T_0000175752,0,0.006927,0
T_0000175760,0,0.022262,0
T_0000175772,1,0.988196,1
T_0000175779,1,0.994387,1
T_0000175837,0,0.046130,0
T_0000175890,1,0.996088,1
T_0000175891,1,0.999591,1
T_0000175910,1,0.851514,1
T_0000175926,0,0.052338,0
T_0000175956,0,0.014628,0
T_0000175961,0,0.012458,0
T_0000175985,1,0.999946,1
T_0000175991,0,0.032665,0
T_0000176010,0,0.010316,0
T_0000176028,0,0.039608,0
T_0000176050,1,0.990604,1
T_0000176086,0,0.136823,0
T_0000176106,1,0.986104,1
T_0000176119,0,0.024316,0
T_0000176149,1,0.967100,1
T_0000176185,0,0.051867,0
T_0000176199,1,0.991962,1
T_0000176205,1,0.986839,1
T_0000176233,0,0.001914,0
T_0000176249,1,0.994986,1
T_0000176273,0,0.071970,0
T_0000176289,1,0.993379,1
T_0000176356,1,0.993480,1
T_0000176374,0,0.016200,0
T_0000176389,1,0.995669,1
T_0000176409,1,0.999783,1
T_0000176412,1,0.999995,1
T_0000176420,1,0.999922,1
T_0000176421,1,0.996291,1
T_0000176433,1,0.999959,1
T_0000176439,1,0.999734,1
T_0000176464,0,0.013066,0
T_0000176511,1,0.999994,1
T_0000176525,1,0.995646,1
T_0000176526,1,0.992683,1
T_0000176535,1,0.993776,1
T_0000176540,0,0.025109,0
T_0000176548,1,0.969974,1
T_0000176586,0,0.039264,0
T_0000176587,1,0.983292,1
T_0000176600,1,0.145313,0
T_0000176634,1,0.994114,1
T_0000176711,0,0.031897,0
T_0000176723,1,0.995226,1
T_0000176725,1,0.284018,1
T_0000176728,1,0.992135,1
T_0000176770,0,0.008976,0
T_0000176779,0,0.037430,0
T_0000176782,1,0.997288,1
T_0000176783,1,0.996170,1
T_0000176785,1,0.992753,1
T_0000176812,1,0.993915,1
T_0000176814,1,0.991797,1
T_0000176824,0,0.016937,0
T_0000176843,1,0.993269,1
T_0000176850,1,0.989769,1
T_0000176853,1,0.067763,0
T_0000176859,1,0.991358,1
T_0000176863,1,0.995164,1
T_0000176888,1,0.489479,1
T_0000176912,1,0.997031,1
T_0000176921,1,0.990831,1
T_0000176930,0,0.008023,0
T_0000176946,1,0.050021,0
T_0000176963,1,0.995382,1
T_0000176978,1,0.645984,1
T_0000177017,1,0.968366,1
T_0000177034,1,0.997891,1
T_0000177084,1,0.994595,1
T_0000177131,0,0.060943,0
T_0000177154,1,0.999662,1
T_0000177174,1,0.983587,1
T_0000177184,1,0.035116,0
T_0000177195,1,0.990658,1
T_0000177197,0,0.110110,0
T_0000177250,1,0.339735,1
T_0000177253,0,0.025722,0
T_0000177277,1,0.986687,1
T_0000177304,1,0.993475,1
T_0000177346,1,0.989999,1
T_0000177361,1,0.949898,1
T_0000177417,0,0.041869,0
T_0000177426,0,0.023665,0
T_0000177455,1,0.999966,1
T_0000177464,1,0.987713,1
T_0000177479,1,0.995999,1
T_0000177523,0,0.137650,0
T_0000177543,0,0.009875,0
T_0000177556,1,0.995737,1
T_0000177562,0,0.040423,0
T_0000177610,1,0.962950,1
T_0000177625,0,0.016067,0
T_0000177630,1,0.992696,1
T_0000177683,0,0.047189,0
T_0000177725,1,0.992894,1
T_0000177732,1,0.999408,1
T_0000177847,0,0.023175,0
T_0000177859,1,0.978259,1
T_0000177861,1,0.990250,1
T_0000177863,1,0.991394,1
T_0000177869,0,0.041328,0
T_0000177934,1,0.871691,1
T_0000177937,1,0.991435,1
T_0000177942,1,0.992821,1
T_0000177996,0,0.021317,0
T_0000178007,1,0.980209,1
T_0000178008,1,0.974499,1
T_0000178012,1,0.994962,1
T_0000178027,1,0.431381,1
T_0000178050,1,0.067139,0
T_0000178073,1,0.990017,1
T_0000178093,0,0.012393,0
T_0000178131,1,0.209756,1
T_0000178167,1,0.993214,1
T_0000178184,0,0.067403,0
T_0000178185,1,0.991049,1
T_0000178247,1,0.998688,1
T_0000178284,1,0.495208,1
T_0000178289,1,0.955689,1
T_0000178295,0,0.079865,0
T_0000178300,0,0.060341,0
T_0000178310,0,0.040222,0
T_0000178324,1,0.985973,1
T_0000178338,1,0.992902,1
T_0000178364,1,0.999636,1
T_0000178384,1,0.985208,1
T_0000178400,1,0.999908,1
T_0000178460,1,0.988884,1
T_0000178473,1,0.986918,1
T_0000178481,0,0.011558,0
T_0000178528,0,0.202909,1
T_0000178532,1,0.990638,1
T_0000178536,1,0.972915,1
T_0000178552,1,0.918504,1
T_0000178653,0,0.020743,0
T_0000178659,1,0.995979,1
T_0000178692,1,0.999976,1
T_0000178705,1,0.985766,1
T_0000178810,1,1.000000,1
T_0000178813,1,0.996062,1
T_0000178831,0,0.025519,0
T_0000178858,0,0.011882,0
T_0000178872,1,0.996078,1
T_0000178900,0,0.005754,0
T_0000178901,1,0.996350,1
T_0000178922,0,0.018292,0
T_0000178977,1,0.942816,1
T_0000179009,1,0.986976,1
T_0000179021,0,0.022456,0
T_0000179027,0,0.011155,0
T_0000179044,1,0.992527,1
T_0000179059,0,0.003519,0
T_0000179132,0,0.006334,0
T_0000179147,1,0.996883,1
T_0000179148,1,0.994138,1
T_0000179157,1,0.995920,1
T_0000179170,0,0.055795,0
T_0000179187,0,0.121588,0
T_0000179222,1,0.994095,1
T_0000179223,1,0.995649,1
T_0000179249,1,0.634902,1
T_0000179264,0,0.080949,0
T_0000179266,1,0.989934,1
T_0000179280,0,0.046223,0
T_0000179290,1,0.985309,1
T_0000179313,1,0.994800,1
T_0000179333,1,0.996129,1
T_0000179340,1,0.995760,1
T_0000179365,0,0.038417,0
T_0000179370,0,0.012205,0
T_0000179381,1,0.995730,1
T_0000179383,0,0.011179,0
T_0000179391,0,0.054147,0
T_0000179440,1,0.527580,1
T_0000179465,0,0.081887,0
T_0000179550,1,0.996288,1
T_0000179561,1,0.997972,1
T_0000179576,1,0.996544,1
T_0000179591,1,0.986663,1
T_0000179595,0,0.023608,0
T_0000179611,0,0.027852,0
T_0000179649,0,0.042281,0
T_0000179653,1,0.098543,0
T_0000179681,0,0.004164,0
T_0000179687,1,0.986728,1
T_0000179736,1,0.988436,1
T_0000179744,1,0.995229,1
T_0000179751,0,0.091024,0
T_0000179754,0,0.139463,0
T_0000179755,1,0.990057,1
T_0000179797,0,0.016495,0
T_0000179821,1,0.980383,1
T_0000179835,1,0.988188,1
T_0000179840,0,0.045919,0
T_0000179845,1,0.999984,1
T_0000179848,0,0.035021,0
T_0000179855,1,0.995199,1
T_0000179879,1,0.994525,1
T_0000179905,1,0.225524,1
T_0000179915,1,0.992961,1
T_0000179958,1,0.987196,1
T_0000180016,0,0.046342,0
T_0000180041,0,0.054245,0
T_0000180052,1,0.993386,1
T_0000180057,1,0.988821,1
T_0000180095,0,0.031852,0
T_0000180096,0,0.030937,0
T_0000180101,0,0.035474,0
T_0000180110,0,0.021761,0
T_0000180141,0,0.022321,0
T_0000180170,1,0.997589,1
T_0000180178,1,0.992815,1
T_0000180185,1,0.999842,1
T_0000180212,1,0.990946,1
T_0000180219,1,0.993043,1
T_0000180221,1,0.992662,1
T_0000180237,0,0.018985,0
T_0000180256,1,0.988564,1
T_0000180311,1,0.998951,1
T_0000180327,1,0.996761,1
T_0000180394,0,0.004593,0
T_0000180415,0,0.012893,0
T_0000180425,0,0.045838,0
T_0000180440,1,0.990612,1
T_0000180452,1,0.993550,1
T_0000180477,1,0.974578,1
T_0000180566,1,0.990573,1
T_0000180572,1,0.875484,1
T_0000180663,0,0.013056,0
T_0000180671,1,0.091773,0
T_0000180687,0,0.039425,0
T_0000180711,0,0.011470,0
T_0000180716,0,0.057988,0
T_0000180730,0,0.116587,0
T_0000180750,1,0.970347,1
T_0000180752,1,0.830827,1
T_0000180768,1,0.069759,0
T_0000180789,0,0.012194,0
T_0000180801,1,0.994862,1
T_0000180830,0,0.045360,0
T_0000180840,1,0.995119,1
T_0000180865,0,0.155401,0
T_0000180879,1,0.439314,1
T_0000180883,1,0.997658,1
T_0000180904,0,0.015998,0
T_0000180910,0,0.060217,0
T_0000180914,0,0.014552,0
T_0000180917,0,0.012642,0
T_0000180931,0,0.026014,0
T_0000180960,1,0.996262,1
T_0000180985,1,0.989774,1
T_0000181037,1,0.989980,1
T_0000181057,1,0.978050,1
T_0000181060,1,0.989475,1
T_0000181119,1,0.989559,1
T_0000181137,0,0.050737,0
T_0000181143,1,0.991061,1
T_0000181167,1,0.994756,1
T_0000181178,0,0.058948,0
T_0000181214,1,0.992765,1
T_0000181227,1,0.990694,1
T_0000181260,1,0.980289,1
T_0000181270,0,0.051510,0
T_0000181313,1,0.991614,1
T_0000181420,1,0.986205,1
T_0000181433,1,0.998586,1
T_0000181448,1,0.991653,1
T_0000181486,1,0.994138,1
T_0000181488,0,0.030558,0
T_0000181491,1,0.994925,1
T_0000181504,1,0.969989,1
T_0000181519,1,0.980039,1
T_0000181540,1,0.997462,1
T_0000181569,0,0.013010,0
T_0000181597,0,0.026728,0
T_0000181599,0,0.038618,0
T_0000181620,1,0.999619,1
T_0000181635,1,0.994862,1
T_0000181679,1,0.992513,1
T_0000181703,1,0.987806,1
T_0000181717,0,0.055029,0
T_0000181719,1,0.991018,1
T_0000181774,1,0.988229,1
T_0000181775,1,0.968621,1
T_0000181785,1,0.787499,1
T_0000181792,1,0.988759,1
T_0000181811,1,1.000000,1
T_0000181822,1,0.999971,1
T_0000181843,1,0.986500,1
T_0000181853,0,0.002264,0
T_0000181854,0,0.031525,0
T_0000181861,1,0.993544,1
T_0000181862,1,0.985247,1
T_0000181905,1,0.992878,1
T_0000181924,1,0.999411,1
T_0000181939,1,0.999173,1
T_0000181946,1,0.995482,1
T_0000181962,1,0.983607,1
T_0000181990,1,0.989825,1
T_0000181993,1,0.998163,1
T_0000182010,1,0.999289,1
T_0000182045,1,0.995980,1
T_0000182067,1,0.996260,1
T_0000182076,1,0.993678,1
T_0000182084,1,0.197696,1
T_0000182085,1,0.996921,1
T_0000182093,1,0.991934,1
T_0000182102,1,0.992306,1
T_0000182103,0,0.066404,0
T_0000182108,1,0.998594,1
T_0000182150,1,0.154208,0
T_0000182170,1,0.999884,1
T_0000182173,1,0.999651,1
T_0000182251,1,0.961422,1
T_0000182277,0,0.025530,0
T_0000182302,0,0.078816,0
T_0000182312,1,0.982054,1
T_0000182333,1,0.985179,1
T_0000182339,1,0.987330,1
