utterance_id,true_label,score,pred
D_0000000883,1,0.986911,1
D_0000001114,0,0.079617,0
D_0000001492,0,0.029160,0
D_0000001849,1,0.998777,1
D_0000001912,1,0.997665,1
D_0000002017,1,0.992350,1
D_0000002458,0,0.746596,1
D_0000002857,0,0.079200,0
D_0000003949,0,0.106303,0
D_0000004012,1,0.994685,1
D_0000004054,1,0.996659,1
D_0000004138,0,0.103112,0
D_0000004390,0,0.170030,0
D_0000004474,0,0.056353,0
D_0000005209,0,0.087203,0
D_0000005251,1,0.995206,1
D_0000005356,0,0.119343,0
D_0000005797,1,0.978057,1
D_0000007351,0,0.172892,0
D_0000007435,1,0.993394,1
D_0000007477,1,0.990204,1
D_0000007645,1,0.994444,1
D_0000007729,0,0.305511,1
D_0000008149,0,0.113943,0
D_0000008338,0,0.074439,0
D_0000008506,0,0.047211,0
D_0000009346,0,0.052661,0
D_0000009472,0,0.173785,0
D_0000010018,1,0.145122,0
D_0000010270,1,0.992473,1
D_0000010543,0,0.094482,0
D_0000011068,1,0.992188,1
D_0000011992,1,0.996770,1
D_0000012202,1,0.995552,1
D_0000012412,1,0.993242,1
D_0000013042,1,0.983335,1
D_0000013273,1,0.989907,1
D_0000013567,0,0.216688,0
D_0000014113,0,0.093860,0
D_0000014155,0,0.057836,0
D_0000014449,1,0.921178,1
D_0000014617,1,0.349459,1
D_0000015058,1,0.993587,1
D_0000015247,1,0.997338,1
D_0000015289,1,0.995549,1
D_0000016150,1,0.978720,1
D_0000016801,1,0.992200,1
D_0000016885,1,0.996696,1
D_0000017095,1,0.997259,1
D_0000017368,0,0.039661,0
D_0000017746,0,0.063092,0
D_0000017767,0,0.226501,0
D_0000017809,0,0.035106,0
D_0000018271,0,0.096482,0
D_0000018481,1,0.980472,1
D_0000018523,0,0.441083,1
D_0000018628,0,0.111111,0
D_0000018733,1,0.989467,1
D_0000019552,0,0.126064,0
D_0000020014,0,0.103163,0
D_0000020119,1,0.953082,1
D_0000020392,1,0.960346,1
D_0000020812,0,0.049713,0
D_0000021295,1,0.334006,1
D_0000021505,1,0.878697,1
D_0000021568,0,0.148258,0
D_0000021673,0,0.479338,1
D_0000022765,0,0.205193,0
D_0000022870,1,0.972085,1
D_0000023164,0,0.017850,0
D_0000023374,1,0.455981,1
D_0000024361,0,0.158968,0
D_0000024382,0,0.046953,0
D_0000024487,0,0.103283,0
D_0000024970,1,0.993100,1
D_0000025642,1,0.993301,1
D_0000025936,1,0.991576,1
D_0000026125,1,0.987193,1
D_0000026314,0,0.101877,0
D_0000026356,1,0.996444,1
D_0000026923,1,0.989701,1
D_0000027091,1,0.984880,1
D_0000027217,0,0.061785,0
D_0000028162,1,0.351757,1
D_0000028204,0,0.011606,0
D_0000028330,0,0.093539,0
D_0000028351,0,0.201400,0
D_0000028393,1,0.996092,1
D_0000028414,1,0.977939,1
D_0000028477,1,0.992271,1
D_0000028540,1,0.996171,1
D_0000028771,1,0.987056,1
D_0000029191,1,0.990226,1
D_0000029233,0,0.135213,0
D_0000029380,1,0.991575,1
D_0000029422,1,0.988474,1
D_0000029695,1,0.995789,1
D_0000029821,0,0.217089,0
D_0000029926,1,0.401321,1
D_0000030367,1,0.161965,0
D_0000030619,0,0.114573,0
D_0000030787,1,0.993178,1
D_0000031018,0,0.208405,0
D_0000031438,0,0.347573,1
D_0000031543,1,0.985361,1
D_0000032236,1,0.992288,1
D_0000032257,0,0.124443,0
D_0000032572,0,0.034645,0
D_0000032614,0,0.107894,0
D_0000032929,0,0.068513,0
D_0000033055,0,0.101401,0
D_0000033181,0,0.347643,1
D_0000033265,1,0.984926,1
D_0000033328,1,0.978106,1
D_0000033370,1,0.230446,0
D_0000033580,1,0.997829,1
D_0000033622,1,0.990093,1
D_0000034210,1,0.992744,1
D_0000034231,1,0.974357,1
D_0000034924,1,0.987379,1
D_0000035281,1,0.981662,1
D_0000035449,0,0.070632,0
D_0000035575,1,0.000696,0
D_0000036016,0,0.135593,0
D_0000036079,1,0.992975,1
D_0000036163,0,0.065079,0
D_0000036184,0,0.259690,1
D_0000036793,0,0.086951,0
D_0000037570,1,0.993023,1
D_0000037675,1,0.996068,1
D_0000037843,0,0.089988,0
D_0000038578,0,0.030665,0
D_0000038662,0,0.019964,0
D_0000038683,1,0.978269,1
D_0000038830,0,0.106079,0
D_0000039082,1,0.992289,1
D_0000039229,1,0.996975,1
D_0000040342,0,0.074212,0
D_0000040426,1,0.979525,1
D_0000040699,1,0.995852,1
D_0000040972,0,0.052430,0
D_0000041161,1,0.995673,1
D_0000041266,0,0.101694,0
D_0000042295,0,0.181154,0
D_0000042757,0,0.013269,0
D_0000042883,0,0.279328,1
D_0000043261,0,0.119573,0
D_0000043618,0,0.018256,0
D_0000043849,1,0.105936,0
D_0000044437,0,0.281770,1
D_0000044899,0,0.039467,0
D_0000044941,0,0.088652,0
D_0000044962,0,0.005091,0
D_0000045067,0,0.020433,0
D_0000045193,0,0.169230,0
D_0000045823,1,0.992048,1
D_0000045970,0,0.080471,0
D_0000046243,0,0.200210,0
D_0000046264,0,0.039078,0
D_0000046495,0,0.004706,0
D_0000046894,1,0.011491,0
D_0000047398,1,0.990938,1
D_0000047440,0,0.034341,0
D_0000047608,1,0.979986,1
D_0000047839,1,0.855813,1
D_0000048196,1,0.995110,1
D_0000048574,1,0.991515,1
D_0000048784,0,0.499065,1
D_0000048847,0,0.136919,0
D_0000049015,0,0.007354,0
D_0000049477,1,0.983180,1
D_0000049624,1,0.320440,1
D_0000049981,1,0.996676,1
D_0000050086,1,0.977651,1
D_0000050506,1,0.984759,1
D_0000050548,1,0.979283,1
D_0000050653,0,0.085251,0
D_0000050905,0,0.095469,0
D_0000051115,1,0.982441,1
D_0000051430,0,0.060509,0
D_0000051493,1,0.995567,1
D_0000051598,1,0.986510,1
D_0000052165,0,0.091421,0
D_0000052312,0,0.996509,1
D_0000052396,0,0.001232,0
D_0000052900,0,0.084259,0
D_0000054118,1,0.179349,0
D_0000054769,0,0.198081,0
D_0000055462,1,0.988326,1
D_0000055672,1,0.991989,1
D_0000055987,1,0.991025,1
D_0000056239,0,0.030285,0
D_0000056365,0,0.420234,1
D_0000056533,1,0.991409,1
D_0000056554,1,0.955734,1
D_0000056806,0,0.079094,0
D_0000056827,1,0.048964,0
D_0000057100,1,0.986320,1
D_0000057247,0,0.202162,0
D_0000057814,0,0.092166,0
D_0000057835,1,0.991020,1
D_0000058444,1,0.988173,1
D_0000058549,1,0.996796,1
D_0000058612,1,0.987381,1
D_0000058969,1,0.975223,1
D_0000059011,0,0.724266,1
D_0000059158,1,0.990525,1
D_0000059662,1,0.995630,1
D_0000059767,1,0.979043,1
D_0000060019,1,0.995215,1
D_0000060187,0,0.035145,0
D_0000060691,0,0.054613,0
D_0000060901,0,0.089937,0
D_0000061405,0,0.180925,0
D_0000061447,1,0.993711,1
D_0000061636,0,0.096763,0
D_0000061951,1,0.990996,1
D_0000062602,0,0.056851,0
D_0000062665,1,0.993390,1
D_0000062686,1,0.993073,1
D_0000062875,1,0.990300,1
D_0000063232,1,0.992724,1
D_0000063463,0,0.092961,0
D_0000063484,0,0.026100,0
D_0000063589,0,0.025222,0
D_0000063631,0,0.079510,0
D_0000063925,0,0.023884,0
D_0000064093,1,0.992717,1
D_0000064156,1,0.826914,1
D_0000064744,0,0.198338,0
D_0000064849,1,0.986694,1
D_0000064870,0,0.106288,0
D_0000065290,1,0.993229,1
D_0000065479,1,0.726119,1
D_0000065710,1,0.983437,1
D_0000065878,1,0.990833,1
D_0000066781,0,0.167268,0
D_0000067201,1,0.980102,1
D_0000067243,1,0.988371,1
D_0000067348,0,0.147487,0
D_0000067705,0,0.072408,0
D_0000067768,0,0.039734,0
D_0000068020,0,0.447010,1
D_0000068461,0,0.060814,0
D_0000068755,1,0.993375,1
D_0000069154,1,0.908911,1
D_0000069574,1,0.986826,1
D_0000069763,0,0.064036,0
D_0000069868,1,0.996906,1
D_0000069973,1,0.994681,1
D_0000070162,1,0.205665,0
D_0000070288,0,0.059758,0
D_0000070414,0,0.025338,0
D_0000070561,0,0.053627,0
D_0000070918,0,0.146809,0
D_0000071128,1,0.990636,1
D_0000071338,1,0.977458,1
D_0000071359,0,0.027527,0
D_0000071527,1,0.984729,1
D_0000071674,0,0.041501,0
D_0000072346,0,0.066578,0
D_0000073459,1,0.990092,1
D_0000073753,1,0.992930,1
D_0000075223,0,0.043271,0
D_0000075265,0,0.086032,0
D_0000075286,0,0.067725,0
D_0000075328,0,0.160254,0
D_0000075517,0,0.046947,0
D_0000075601,1,0.987484,1
D_0000077533,1,0.070375,0
D_0000077995,0,0.088672,0
D_0000078268,0,0.011521,0
D_0000078310,1,0.987034,1
D_0000078562,1,0.999117,1
D_0000078730,1,0.990543,1
D_0000078751,0,0.014098,0
D_0000079129,0,0.031945,0
D_0000079570,0,0.099025,0
D_0000080053,1,0.986414,1
D_0000080410,0,0.329213,1
D_0000081607,0,0.089126,0
D_0000082300,1,0.992935,1
D_0000082573,1,0.994797,1
D_0000082657,1,0.996723,1
D_0000082699,1,0.992502,1
D_0000082888,1,0.987412,1
D_0000082930,1,0.071739,0
D_0000083182,1,0.987516,1
D_0000083392,1,0.990828,1
D_0000083644,0,0.019269,0
D_0000083707,1,0.924006,1
D_0000083854,1,0.751860,1
D_0000084379,1,0.992826,1
D_0000084442,0,0.042274,0
D_0000084589,1,0.177179,0
D_0000084631,0,0.044666,0
D_0000084673,0,0.274733,1
D_0000084820,0,0.178262,0
D_0000084904,1,0.821128,1
D_0000084967,1,0.982366,1
D_0000085198,0,0.161308,0
D_0000085240,1,0.989512,1
D_0000085996,1,0.998011,1
D_0000086332,0,0.188880,0
D_0000087025,1,0.995253,1
D_0000087487,1,0.976210,1
D_0000087550,1,0.992129,1
D_0000087592,0,0.105307,0
D_0000088537,1,0.988621,1
D_0000089083,1,0.981693,1
D_0000089104,1,0.964350,1
D_0000089335,1,0.994817,1
D_0000089608,0,0.046944,0
D_0000089839,1,0.993261,1
D_0000090028,1,0.994517,1
D_0000090343,0,0.111640,0
D_0000090511,0,0.037869,0
D_0000090931,0,0.305132,1
D_0000091120,0,0.029786,0
D_0000091393,0,0.187774,0
D_0000091540,0,0.093919,0
D_0000091708,1,0.969965,1
D_0000091771,0,0.158928,0
D_0000091855,0,0.247871,1
D_0000092128,1,0.986937,1
D_0000092632,1,0.980043,1
D_0000092863,1,0.672619,1
D_0000093367,1,0.992100,1
D_0000093703,0,0.377610,1
D_0000093745,0,0.130415,0
D_0000093766,0,0.029831,0
D_0000094375,1,0.943701,1
D_0000094480,0,0.158151,0
D_0000094774,1,0.847537,1
D_0000095131,1,0.992274,1
D_0000095320,1,0.884981,1
D_0000095362,0,0.130997,0
D_0000095509,0,0.061425,0
D_0000095908,1,0.912193,1
D_0000096433,1,0.040262,0
D_0000096496,0,0.002570,0
D_0000097462,1,0.203829,0
D_0000097756,0,0.066134,0
D_0000098281,1,0.981881,1
D_0000098344,0,0.030801,0
D_0000098407,1,0.995594,1
D_0000098512,1,0.874055,1
D_0000098617,1,0.998700,1
D_0000098785,1,0.988631,1
D_0000098953,0,0.023523,0
D_0000099058,0,0.099240,0
D_0000099163,0,0.000000,0
D_0000099226,0,0.272632,1
D_0000099331,0,0.142629,0
D_0000099667,1,0.944743,1
D_0000099961,1,0.991429,1
D_0000100129,0,0.052626,0
D_0000100381,0,0.295609,1
D_0000101032,1,0.919425,1
D_0000101074,1,0.978798,1
D_0000101179,1,0.922160,1
D_0000101494,1,0.980821,1
D_0000101914,0,0.021444,0
D_0000103069,1,0.994018,1
D_0000103363,1,0.985937,1
D_0000103405,1,0.167116,0
D_0000103720,1,0.986487,1
D_0000104077,0,0.139971,0
D_0000104980,0,0.052208,0
D_0000105127,0,0.165774,0
D_0000105316,1,0.995112,1
D_0000105400,0,0.575093,1
D_0000105505,1,0.993282,1
D_0000105526,0,0.262408,1
D_0000105652,0,0.169229,0
D_0000105799,0,0.092899,0
D_0000106093,0,0.083515,0
D_0000106177,1,0.265585,1
D_0000106513,1,0.795065,1
D_0000106870,0,0.057408,0
D_0000106891,0,0.079933,0
D_0000107353,0,0.064976,0
D_0000108046,1,0.985550,1
D_0000108088,0,0.110138,0
D_0000108550,0,0.080645,0
D_0000108634,1,0.993814,1
D_0000109369,0,0.068123,0
D_0000109600,0,0.029119,0
D_0000109663,0,0.053755,0
D_0000109978,1,0.985209,1
D_0000110986,1,0.994843,1
D_0000111595,0,0.065942,0
D_0000111784,1,0.992791,1
D_0000111805,1,0.988727,1
D_0000111826,1,0.977315,1
D_0000112246,1,0.991765,1
D_0000112456,1,0.402642,1
D_0000112477,1,0.993932,1
D_0000112561,0,0.208966,0
D_0000112687,1,0.988291,1
D_0000113107,1,0.965328,1
D_0000113212,0,0.183689,0
D_0000113443,0,0.049765,0
D_0000113569,0,0.074426,0
D_0000114220,0,0.279287,1
D_0000114304,0,0.524592,1
D_0000115144,1,0.992021,1
D_0000115459,1,0.046407,0
D_0000115585,1,0.994028,1
D_0000115753,0,0.052662,0
D_0000116782,1,0.987313,1
D_0000116908,1,0.067567,0
D_0000117076,0,0.029734,0
D_0000117496,0,0.021389,0
D_0000117580,0,0.106428,0
D_0000117748,0,0.065245,0
D_0000117979,0,0.021557,0
D_0000118105,1,0.994546,1
D_0000118273,0,0.062548,0
D_0000118819,1,0.994877,1
D_0000118903,0,0.172305,0
D_0000119281,0,0.036596,0
D_0000119323,0,0.038856,0
D_0000119365,1,0.997006,1
D_0000119470,0,0.110494,0
D_0000120583,0,0.030747,0
D_0000121507,1,0.983812,1
D_0000122074,1,0.334333,1
D_0000122368,0,0.250890,1
D_0000122536,1,0.995734,1
D_0000122641,1,0.992962,1
D_0000123187,1,0.992607,1
D_0000123544,0,0.048172,0
D_0000123649,1,0.975899,1
D_0000123712,1,0.996870,1
D_0000124363,0,0.088699,0
D_0000124447,1,0.994623,1
D_0000125497,1,0.989732,1
D_0000125812,1,0.073949,0
D_0000126211,1,0.992951,1
D_0000126379,1,0.993123,1
D_0000126673,0,0.143568,0
D_0000127135,0,0.171696,0
D_0000128080,0,0.061425,0
D_0000128206,1,0.989806,1
D_0000128248,0,0.041856,0
D_0000128332,1,0.996860,1
D_0000128857,0,0.003798,0
D_0000128920,1,0.057549,0
D_0000129340,1,0.972718,1
D_0000129382,0,0.049240,0
D_0000129445,0,0.180473,0
D_0000130537,0,0.077236,0
D_0000131104,0,0.003012,0
D_0000131146,1,0.836987,1
D_0000131251,0,0.099772,0
D_0000131461,0,0.083230,0
D_0000131503,1,0.816582,1
D_0000131734,1,0.989395,1
D_0000132070,1,0.986535,1
D_0000132364,1,0.971449,1
D_0000133099,1,0.996531,1
D_0000133120,0,0.057647,0
D_0000133246,1,0.990630,1
D_0000133267,1,0.554685,1
D_0000133351,1,0.958162,1
D_0000133477,1,0.995599,1
D_0000133918,0,0.164864,0
D_0000134338,0,0.105588,0
D_0000134359,1,0.993466,1
D_0000134632,1,0.995185,1
D_0000134989,1,0.996816,1
D_0000135094,0,0.143944,0
D_0000135283,1,0.975329,1
D_0000135493,1,0.990292,1
D_0000135661,1,0.994102,1
D_0000135682,0,0.069969,0
D_0000135787,0,0.067951,0
D_0000136207,0,0.027432,0
D_0000136375,0,0.042066,0
D_0000136879,1,0.917319,1
D_0000136900,0,0.037639,0
D_0000137089,0,0.174175,0
D_0000137131,1,0.988325,1
D_0000137173,0,0.021334,0
D_0000137341,1,0.997831,1
D_0000137383,1,0.996898,1
D_0000137740,0,0.037712,0
D_0000137782,0,0.096699,0
D_0000137824,1,0.189179,0
D_0000137866,1,0.874441,1
D_0000138034,0,0.042414,0
D_0000138139,0,0.198655,0
D_0000139063,1,0.989864,1
D_0000139126,0,0.011345,0
D_0000139231,1,0.065644,0
D_0000139441,1,0.994786,1
D_0000139525,0,0.144281,0
D_0000139546,0,0.307991,1
D_0000139672,1,0.152561,0
D_0000139882,1,0.993878,1
D_0000139924,1,0.994289,1
D_0000141226,0,0.015635,0
D_0000141373,1,0.240018,0
D_0000142213,0,0.143804,0
D_0000142234,1,0.993484,1
D_0000142360,1,0.987587,1
D_0000142528,1,0.984124,1
D_0000142759,0,0.053381,0
D_0000143116,1,0.991122,1
D_0000143221,1,0.941630,1
D_0000143872,1,0.978271,1
D_0000144313,1,0.113108,0
D_0000144733,0,0.095589,0
D_0000145048,1,0.994590,1
D_0000145153,1,0.909999,1
D_0000145342,1,0.985222,1
D_0000145741,1,0.943975,1
D_0000145888,0,0.037825,0
D_0000146140,1,0.995420,1
D_0000147295,1,0.990111,1
D_0000148450,1,0.988131,1
D_0000149311,0,0.218202,0
D_0000149395,1,0.993078,1
D_0000149500,0,0.010492,0
D_0000149710,0,0.250420,1
D_0000149794,0,0.421997,1
D_0000150004,0,0.106994,0
D_0000150214,1,0.992570,1
D_0000151642,1,0.987869,1
D_0000151873,0,0.084602,0
D_0000152461,1,0.976366,1
D_0000152839,1,0.948970,1
D_0000152944,1,0.980404,1
D_0000152986,0,0.005032,0
D_0000153511,1,0.995667,1
D_0000153700,1,0.995366,1
D_0000154057,1,0.998195,1
D_0000154099,1,0.992510,1
D_0000155233,1,0.994106,1
D_0000156283,0,0.435345,1
D_0000156346,0,0.110636,0
D_0000156577,1,0.964035,1
D_0000156892,1,0.095698,0
D_0000156997,0,0.035449,0
D_0000157060,0,0.062203,0
D_0000157165,0,0.018029,0
D_0000157438,1,0.985607,1
D_0000157501,1,0.994847,1
D_0000157711,1,0.245752,1
D_0000157774,1,0.945075,1
D_0000158152,0,0.067709,0
D_0000158530,1,0.989699,1
D_0000158719,1,0.988330,1
D_0000159370,0,0.024958,0
D_0000159685,0,0.126646,0
D_0000160042,1,0.885679,1
D_0000160147,0,0.547853,1
D_0000160273,1,0.994669,1
D_0000160378,1,0.990697,1
D_0000161743,0,0.143861,0
D_0000162163,1,0.994976,1
D_0000162436,0,0.029895,0
D_0000162604,1,0.987665,1
D_0000162709,0,0.213933,0
D_0000163276,0,0.026543,0
D_0000163801,1,0.892863,1
D_0000164032,0,0.015110,0
D_0000164599,0,0.138669,0
D_0000165019,1,0.078168,0
D_0000165103,1,0.998134,1
D_0000165229,0,0.038643,0
D_0000166048,1,0.968491,1
D_0000166090,1,0.069552,0
D_0000166783,1,0.709361,1
D_0000167014,1,0.991686,1
D_0000167098,0,0.081195,0
D_0000167749,1,0.988553,1
D_0000167770,1,0.973315,1
D_0000167875,0,0.147488,0
D_0000168001,0,0.052427,0
D_0000168148,1,0.993336,1
D_0000168316,0,0.012599,0
D_0000168358,0,0.048906,0
D_0000168484,0,0.028346,0
D_0000168610,1,0.995016,1
D_0000169303,1,0.918697,1
D_0000169408,1,0.921774,1
D_0000169513,1,0.175457,0
D_0000169639,1,0.960389,1
D_0000170185,0,0.227380,0
D_0000170437,1,0.990821,1
D_0000170500,1,0.991878,1
D_0000170794,1,0.171676,0
D_0000171739,1,0.979159,1
D_0000172432,0,0.162531,0
D_0000173104,1,0.993106,1
D_0000173377,1,0.988433,1
D_0000173461,1,0.996479,1
D_0000173587,1,0.986374,1
D_0000174784,0,0.273011,1
D_0000174805,1,0.997843,1
D_0000174868,0,0.024714,0
D_0000174889,0,0.063008,0
D_0000175267,0,0.109982,0
D_0000175309,1,0.991019,1
D_0000175897,0,0.036480,0
D_0000175981,1,0.966033,1
D_0000176044,1,0.992874,1
D_0000176065,0,0.114395,0
D_0000176443,1,0.996025,1
D_0000176611,1,0.992984,1
D_0000176842,0,0.063513,0
D_0000177997,1,0.993360,1
D_0000178375,1,0.994242,1
D_0000178627,0,0.071733,0
D_0000179026,1,0.995166,1
D_0000179068,0,0.261233,1
D_0000179341,1,0.993293,1
D_0000179383,1,0.684853,1
D_0000179446,0,0.136526,0
D_0000179593,0,0.197560,0
D_0000179908,0,0.112821,0
D_0000180853,1,0.995113,1
D_0000181042,1,0.987105,1
D_0000181084,1,0.315874,1
D_0000181525,1,0.958461,1
D_0000181777,1,0.996140,1
D_0000181840,1,0.336886,1
D_0000182764,1,0.362218,1
D_0000183583,0,0.145101,0
D_0000183877,1,0.903878,1
D_0000184066,1,0.995540,1
D_0000184738,1,0.987486,1
D_0000184780,0,0.014470,0
D_0000184843,1,0.995133,1
D_0000185053,1,0.996515,1
D_0000185074,0,0.121315,0
D_0000185179,1,0.994018,1
D_0000185263,0,0.080991,0
D_0000185431,1,0.991155,1
D_0000185767,1,0.898407,1
D_0000186019,0,0.070084,0
D_0000186964,1,0.980009,1
D_0000186985,1,0.995370,1
D_0000187153,1,0.992361,1
D_0000187384,0,0.240276,0
D_0000187678,1,0.075743,0
D_0000188812,1,0.991099,1
D_0000188854,1,0.998200,1
D_0000189358,1,0.991887,1
D_0000189904,1,0.312306,1
D_0000190093,1,0.941607,1
D_0000190261,1,0.996461,1
D_0000190912,0,0.068850,0
D_0000191017,0,0.094738,0
D_0000191710,0,0.245041,0
D_0000192004,0,0.028162,0
D_0000192445,1,0.990908,1
D_0000193033,1,0.151405,0
D_0000193096,1,0.996566,1
D_0000193264,0,0.014668,0
D_0000193537,1,0.982474,1
D_0000193894,1,0.981844,1
D_0000193978,0,0.051697,0
D_0000194167,0,0.060736,0
D_0000194188,1,0.944076,1
D_0000194230,0,0.014427,0
D_0000194272,0,0.394156,1
D_0000194776,0,0.146170,0
D_0000194839,0,0.064165,0
D_0000194944,0,0.252364,1
D_0000195385,1,0.250755,1
D_0000195637,0,0.091443,0
D_0000196624,1,0.261017,1
D_0000196897,1,0.996306,1
D_0000196960,1,0.954504,1
D_0000196981,1,0.133687,0
D_0000197380,0,0.155938,0
D_0000197737,0,0.250108,1
D_0000197779,0,0.248914,1
D_0000198136,1,0.989687,1
D_0000198955,1,0.991486,1
D_0000198997,1,0.963675,1
D_0000199459,0,0.088981,0
D_0000199543,0,0.066229,0
D_0000199669,1,0.985887,1
D_0000199711,0,0.023872,0
D_0000199858,1,0.953634,1
D_0000200173,1,0.994840,1
D_0000200362,1,0.987818,1
D_0000200446,1,0.981676,1
D_0000201076,0,0.033885,0
D_0000201139,0,0.199384,0
D_0000201391,1,0.989417,1
D_0000201475,1,0.985896,1
D_0000201916,0,0.061499,0
D_0000201979,1,0.752960,1
D_0000202693,1,0.991181,1
D_0000202777,0,0.172191,0
D_0000202840,1,0.953817,1
D_0000202945,0,0.114119,0
D_0000203008,0,0.386843,1
D_0000203260,1,0.984389,1
D_0000203449,0,0.317099,1
D_0000204121,1,0.988248,1
D_0000204226,1,0.990443,1
D_0000204478,0,0.131948,0
D_0000204688,0,0.126358,0
D_0000204709,1,0.988407,1
D_0000205066,1,0.993457,1
D_0000205486,0,0.084514,0
D_0000205927,1,0.992961,1
D_0000206767,0,0.075727,0
D_0000208552,0,0.034005,0
D_0000208573,1,0.381213,1
D_0000208657,0,0.096962,0
D_0000208846,1,0.981310,1
D_0000208993,1,0.939668,1
D_0000209308,1,0.982567,1
D_0000209539,0,0.005631,0
D_0000209854,0,0.112585,0
D_0000210652,0,0.167484,0
D_0000211240,0,0.039160,0
D_0000211975,0,0.059232,0
D_0000212122,1,0.801552,1
D_0000212773,1,0.988909,1
D_0000213067,1,0.981649,1
D_0000213298,1,0.993265,1
D_0000213382,1,0.985663,1
D_0000213949,1,0.991183,1
D_0000215104,0,0.502877,1
D_0000215293,0,0.006363,0
D_0000215839,0,0.021573,0
D_0000216133,1,0.995928,1
D_0000216574,0,0.044000,0
D_0000216595,0,0.049527,0
D_0000216700,0,0.035769,0
D_0000216952,1,0.985611,1
D_0000217036,0,0.190636,0
D_0000217540,1,0.986842,1
D_0000217624,0,0.123797,0
D_0000217729,1,0.814091,1
D_0000217771,0,0.065889,0
D_0000217981,1,0.990013,1
D_0000218149,0,0.016929,0
D_0000218275,1,0.994844,1
D_0000218359,0,0.052600,0
D_0000218380,1,0.994776,1
D_0000218695,0,0.014883,0
D_0000218779,0,0.023983,0
D_0000218863,1,0.988376,1
D_0000219178,0,0.409611,1
D_0000219472,1,0.204555,0
D_0000219556,1,0.968932,1
D_0000219661,1,0.997052,1
D_0000220396,1,0.988490,1
D_0000220501,1,0.988876,1
D_0000221446,0,0.413754,1
D_0000221677,0,0.141013,0
D_0000221698,1,0.952232,1
D_0000221719,1,0.990963,1
D_0000221824,0,0.033878,0
D_0000222013,0,0.015295,0
D_0000222181,1,0.864987,1
D_0000222496,1,0.966462,1
D_0000223294,0,0.270645,1
D_0000223399,1,0.992908,1
D_0000223714,0,0.089461,0
D_0000223966,0,0.013552,0
D_0000224176,1,0.989339,1
D_0000224281,1,0.992777,1
D_0000224533,1,0.929905,1
D_0000224617,0,0.033811,0
D_0000224932,1,0.996415,1
D_0000225016,0,0.106290,0
D_0000225184,0,0.129550,0
D_0000225331,0,0.026424,0
D_0000225352,0,0.038621,0
D_0000225478,1,0.993872,1
D_0000225520,1,0.995836,1
D_0000225625,1,0.996737,1
D_0000225814,1,0.932412,1
D_0000225961,1,0.997609,1
D_0000226024,0,0.053385,0
D_0000226234,1,0.979648,1
D_0000226339,1,0.704829,1
D_0000226528,1,0.962811,1
D_0000226696,1,0.987732,1
D_0000226843,0,0.152808,0
D_0000226864,1,0.993767,1
D_0000227116,0,0.550315,1
D_0000227158,1,0.970947,1
D_0000228166,0,0.101106,0
D_0000228292,1,0.990537,1
D_0000228418,0,0.513131,1
D_0000228838,1,0.991315,1
D_0000229216,1,0.994721,1
D_0000231169,1,0.989310,1
D_0000231484,0,0.042203,0
D_0000232051,0,0.086574,0
D_0000232114,1,0.982236,1
D_0000232177,1,0.973648,1
D_0000232429,1,0.960754,1
D_0000232744,0,0.027258,0
D_0000232828,1,0.272240,1
D_0000233143,1,0.995678,1
D_0000233605,0,0.054852,0
D_0000233941,0,0.060930,0
D_0000234004,0,0.039463,0
D_0000234025,1,0.991335,1
D_0000234130,1,0.995296,1
D_0000234214,1,0.948666,1
D_0000234319,0,0.066068,0
D_0000234361,1,0.988096,1
D_0000234592,0,0.044934,0
D_0000234739,0,0.148971,0
D_0000234970,1,0.987300,1
D_0000235096,1,0.273056,1
D_0000235411,0,0.051046,0
D_0000235684,1,0.079355,0
D_0000235726,1,0.021701,0
D_0000235957,0,0.020798,0
D_0000236461,0,0.508587,1
D_0000236482,1,0.985463,1
D_0000236776,1,0.961125,1
D_0000236965,1,0.965999,1
D_0000237028,0,0.056225,0
D_0000237616,1,0.990705,1
D_0000238561,1,0.350832,1
D_0000238792,1,0.062805,0
D_0000238897,0,0.012840,0
D_0000239170,0,0.061604,0
D_0000239254,1,0.978084,1
D_0000239401,1,0.977312,1
D_0000239695,0,0.174119,0
D_0000239926,0,0.192305,0
D_0000240241,0,0.093969,0
D_0000240262,1,0.993888,1
D_0000240451,0,0.176842,0
D_0000240472,0,0.090790,0
D_0000240619,0,0.011256,0
D_0000241186,1,0.993839,1
D_0000241228,1,0.992062,1
D_0000241291,1,0.993226,1
D_0000241396,1,0.987001,1
D_0000241480,1,0.992427,1
D_0000241837,0,0.012759,0
D_0000242740,1,0.995566,1
D_0000242971,1,0.995129,1
D_0000243034,1,0.060312,0
D_0000243076,0,0.185646,0
D_0000243139,1,0.988141,1
D_0000243160,1,0.984067,1
D_0000243412,1,0.997035,1
D_0000243454,0,0.052442,0
D_0000243643,1,0.995869,1
D_0000244525,0,0.062178,0
D_0000244756,1,0.130888,0
D_0000244861,1,0.996629,1
D_0000244924,0,0.037850,0
D_0000244945,1,0.991394,1
D_0000245071,1,0.989272,1
D_0000245218,0,0.706072,1
D_0000245449,1,0.995308,1
D_0000245491,1,0.987010,1
D_0000245743,0,0.066349,0
D_0000245848,0,0.112091,0
D_0000246562,1,0.984475,1
D_0000247234,0,0.051131,0
D_0000247360,1,0.991156,1
D_0000248305,0,0.012682,0
D_0000248620,1,0.996441,1
D_0000248641,0,0.126816,0
D_0000248662,1,0.983337,1
D_0000248977,0,0.008491,0
D_0000249229,0,0.161611,0
D_0000249355,1,0.990975,1
D_0000249607,1,0.046259,0
D_0000249733,0,0.020630,0
D_0000249985,0,0.398144,1
D_0000250090,0,0.128700,0
D_0000250720,0,0.173001,0
D_0000251098,0,0.043168,0
D_0000252022,1,0.994742,1
D_0000252064,1,0.990912,1
D_0000252967,1,0.960158,1
D_0000253177,0,0.113768,0
D_0000253261,1,0.994535,1
D_0000253660,1,0.988115,1
D_0000253681,0,0.120237,0
D_0000253723,0,0.019943,0
D_0000254143,0,0.064380,0
D_0000254269,0,0.232646,0
D_0000254500,0,0.017296,0
D_0000254668,0,0.103486,0
D_0000255004,0,0.026635,0
D_0000255403,0,0.220294,0
D_0000255697,1,0.986906,1
D_0000256075,1,0.882083,1
D_0000256264,0,0.034431,0
D_0000256558,0,0.035310,0
D_0000256579,0,0.451747,1
D_0000256684,1,0.988856,1
D_0000256810,0,0.112325,0
D_0000256873,0,0.063343,0
D_0000258322,0,0.039001,0
D_0000258889,1,0.994008,1
D_0000259099,1,0.993241,1
D_0000259372,1,0.991810,1
D_0000259813,1,0.576370,1
D_0000260191,1,0.995172,1
D_0000260338,1,0.996513,1
D_0000260401,0,0.175824,0
D_0000261199,0,0.105075,0
D_0000261787,0,0.355349,1
D_0000261871,1,0.994255,1
D_0000262060,1,0.992201,1
D_0000262270,1,0.977255,1
D_0000262522,0,0.043089,0
D_0000262585,1,0.992861,1
D_0000262711,0,0.169735,0
D_0000262795,1,0.995440,1
D_0000262900,1,0.407367,1
D_0000262984,0,0.141851,0
D_0000263005,0,0.047100,0
D_0000263782,0,0.028615,0
D_0000264055,1,0.988555,1
D_0000264664,1,0.958500,1
D_0000264748,1,0.939393,1
D_0000264790,1,0.983721,1
D_0000265903,0,0.091537,0
D_0000266680,1,0.996225,1
D_0000266764,0,0.048274,0
D_0000267163,1,0.995368,1
D_0000267268,0,0.090000,0
D_0000267583,1,0.100587,0
D_0000267982,0,0.146632,0
D_0000268108,1,0.985275,1
D_0000268171,0,0.206378,0
D_0000269011,0,0.048649,0
D_0000269431,1,0.052487,0
D_0000269704,0,0.038467,0
D_0000269725,0,0.097235,0
D_0000269788,1,0.996331,1
D_0000269977,0,0.238873,0
D_0000270061,1,0.988265,1
D_0000270334,1,0.994505,1
D_0000270586,1,0.962140,1
D_0000270859,1,0.968529,1
D_0000270943,0,0.105735,0
D_0000271048,1,0.286700,1
D_0000271174,0,0.261418,1
D_0000271594,0,0.116019,0
D_0000271783,1,0.838128,1
D_0000272560,0,0.020258,0
D_0000272581,1,0.996570,1
D_0000272644,0,0.411318,1
D_0000273127,1,0.995790,1
D_0000273190,1,0.992096,1
D_0000273358,1,0.996297,1
D_0000273421,0,0.068995,0
D_0000273715,1,0.996444,1
D_0000273778,0,0.164971,0
D_0000273862,0,0.108392,0
D_0000273925,1,0.939815,1
D_0000274366,1,0.069329,0
D_0000274513,1,0.993425,1
D_0000274576,1,0.987412,1
D_0000274870,0,0.067021,0
D_0000274933,1,0.238455,0
D_0000275269,1,0.975269,1
D_0000275521,0,0.007200,0
D_0000275836,0,0.034571,0
D_0000275962,0,0.273528,1
D_0000276067,1,0.024348,0
D_0000276508,1,0.155459,0
D_0000276550,0,0.120156,0
D_0000276991,1,0.982881,1
D_0000277012,1,0.971336,1
D_0000277054,1,0.989077,1
D_0000277096,0,0.105328,0
D_0000277285,1,0.171278,0
D_0000277390,0,0.056137,0
D_0000277705,1,0.997021,1
D_0000277789,0,0.042504,0
D_0000278251,1,0.993529,1
D_0000278356,0,0.333357,1
D_0000278650,0,0.122256,0
D_0000278839,0,0.136705,0
D_0000278986,1,0.996732,1
D_0000279049,0,0.073584,0
D_0000279070,0,0.143891,0
D_0000279658,1,0.972405,1
D_0000280204,1,0.994307,1
D_0000280225,1,0.064587,0
D_0000280351,1,0.997054,1
D_0000280729,1,0.986828,1
D_0000281023,0,0.090990,0
D_0000281758,0,0.026264,0
D_0000282220,0,0.029171,0
D_0000282745,1,0.074040,0
D_0000282787,1,0.991007,1
D_0000282976,0,0.022248,0
D_0000283039,1,0.327677,1
D_0000283081,0,0.072164,0
D_0000283207,0,0.040444,0
D_0000283564,1,0.919887,1
D_0000283606,1,0.993581,1
D_0000283627,0,0.079263,0
D_0000284047,1,0.971386,1
D_0000284068,1,0.970766,1
D_0000284278,1,0.261561,1
D_0000284341,1,0.995488,1
D_0000284362,0,0.058904,0
D_0000284383,1,0.997774,1
D_0000284656,1,0.371257,1
D_0000285412,1,0.985865,1
D_0000285769,0,0.113557,0
D_0000285958,1,0.995516,1
D_0000286420,1,0.990239,1
D_0000287029,0,0.087158,0
D_0000287449,0,0.058343,0
D_0000287512,0,0.173365,0
D_0000288121,0,0.083632,0
D_0000288205,1,0.973752,1
D_0000288373,0,0.053278,0
D_0000288394,0,0.104852,0
D_0000288751,1,0.991152,1
D_0000288877,1,0.179575,0
D_0000289024,0,0.060239,0
D_0000289087,0,0.028558,0
D_0000289486,0,0.007494,0
D_0000289528,1,0.980242,1
D_0000289864,1,0.992941,1
D_0000290032,0,0.054858,0
D_0000291082,0,0.050902,0
D_0000291397,1,0.995670,1
D_0000291649,1,0.998223,1
D_0000293287,0,0.074704,0
D_0000293707,1,0.974980,1
D_0000294106,0,0.061336,0
D_0000294211,0,0.123188,0
D_0000294358,0,0.098612,0
D_0000294400,1,0.998443,1
D_0000295093,1,0.993755,1
D_0000295387,1,0.984105,1
D_0000295975,1,0.995311,1
D_0000296311,1,0.996418,1
D_0000296731,0,0.153626,0
D_0000296962,1,0.998987,1
D_0000297403,0,0.160211,0
D_0000297487,1,0.761696,1
D_0000297571,0,0.064056,0
D_0000297886,1,0.984390,1
D_0000297949,0,0.156614,0
D_0000298201,0,0.160982,0
D_0000298537,0,0.071418,0
D_0000298768,1,0.991658,1
D_0000299083,1,0.991310,1
D_0000299965,0,0.089679,0
D_0000300490,1,0.995040,1
D_0000301015,1,0.987933,1
D_0000301246,1,0.991382,1
D_0000301729,1,0.977387,1
D_0000301813,1,0.118971,0
D_0000302275,1,0.996759,1
D_0000302422,1,0.991727,1
D_0000302821,0,0.349428,1
D_0000302926,1,0.984386,1
D_0000302968,0,0.073490,0
D_0000303871,0,0.140549,0
D_0000304102,1,0.928706,1
D_0000304417,1,0.995310,1
D_0000304480,0,0.002256,0
D_0000304606,0,0.174532,0
D_0000304690,0,0.261797,1
D_0000304900,1,0.984842,1
D_0000304942,0,0.049208,0
D_0000305152,1,0.923243,1
D_0000305278,1,0.250788,1
D_0000305866,1,0.423021,1
D_0000306328,1,0.987167,1
D_0000306559,0,0.022247,0
D_0000307126,0,0.014001,0
D_0000307420,0,0.124274,0
D_0000307924,0,0.102654,0
D_0000308092,0,0.073653,0
D_0000308218,1,0.995521,1
D_0000308785,0,0.028841,0
D_0000308995,0,0.048843,0
D_0000309205,1,0.984579,1
D_0000309520,1,0.159261,0
D_0000309541,1,0.057761,0
D_0000309814,1,0.993434,1
D_0000310339,0,0.008003,0
D_0000310381,0,0.113400,0
D_0000310927,1,0.979544,1
D_0000311158,0,0.107027,0
D_0000311305,1,0.786478,1
D_0000311704,0,0.165506,0
D_0000311956,1,0.985071,1
D_0000312376,0,0.030882,0
D_0000312460,1,0.998403,1
D_0000312586,0,0.092224,0
D_0000312628,0,0.123403,0
D_0000312712,0,0.087674,0
D_0000312901,1,0.980322,1
D_0000312922,0,0.042501,0
D_0000313174,1,0.978666,1
D_0000313363,0,0.317558,1
D_0000313762,0,0.030710,0
D_0000314350,0,0.015357,0
D_0000314392,0,0.106115,0
D_0000314518,1,0.994155,1
D_0000314623,1,0.829870,1
D_0000315295,0,0.039814,0
D_0000315484,0,0.036991,0
D_0000315904,1,0.994992,1
D_0000316345,1,0.997275,1
D_0000316450,0,0.128509,0
D_0000316597,0,0.092535,0
D_0000316639,1,0.897817,1
D_0000316765,0,0.336248,1
D_0000317521,0,0.652982,1
D_0000317773,1,0.995978,1
D_0000318634,1,0.992649,1
D_0000319054,1,0.993101,1
D_0000319495,1,0.316503,1
D_0000320230,1,0.986335,1
D_0000320272,1,0.934670,1
D_0000320839,0,0.063871,0
D_0000321049,1,0.966840,1
D_0000321217,1,0.993364,1
D_0000321616,0,0.071009,0
D_0000321763,0,0.040115,0
D_0000321847,0,0.026872,0
D_0000322015,0,0.053029,0
D_0000323548,0,0.343053,1
D_0000323716,1,0.993882,1
D_0000324010,1,0.991750,1
D_0000324073,1,0.960659,1
D_0000325060,0,0.054895,0
D_0000325396,1,0.879147,1
D_0000326173,0,0.055649,0
D_0000326278,1,0.980140,1
D_0000326404,0,0.037300,0
D_0000326467,1,0.990930,1
D_0000326530,0,0.057343,0
D_0000327118,1,0.092809,0
D_0000327181,1,0.997329,1
D_0000327244,1,0.990508,1
D_0000327433,0,0.139839,0
D_0000327727,1,0.996911,1
D_0000328882,1,0.209327,0
D_0000329113,0,0.121399,0
D_0000329197,1,0.994315,1
D_0000329260,0,0.144636,0
D_0000330016,0,0.033477,0
D_0000330037,1,0.985667,1
D_0000330100,0,0.145410,0
D_0000330289,0,0.051272,0
D_0000330457,1,0.992824,1
D_0000330478,1,0.994263,1
D_0000330499,0,0.049323,0
D_0000330604,1,0.993119,1
D_0000330646,1,0.081262,0
D_0000330709,1,0.996048,1
D_0000330793,1,0.087751,0
D_0000331129,1,0.511706,1
D_0000331171,0,0.132505,0
D_0000331339,1,0.991954,1
D_0000331675,1,0.988628,1
D_0000331696,1,0.997478,1
D_0000332095,0,0.006256,0
D_0000332683,0,0.011269,0
D_0000332746,1,0.990399,1
D_0000333355,1,0.994482,1
D_0000333880,1,0.253979,1
D_0000334132,1,0.994924,1
D_0000334447,0,0.063999,0
D_0000334657,0,0.111916,0
D_0000334678,1,0.992213,1
D_0000335980,0,0.093814,0
D_0000336253,0,0.159102,0
D_0000336379,1,0.995539,1
D_0000336421,1,0.971248,1
D_0000336610,1,0.977339,1
D_0000336673,1,0.984960,1
D_0000336736,1,0.988944,1
D_0000336862,1,0.991171,1
D_0000337009,0,0.245967,1
D_0000337303,0,0.119613,0
D_0000337576,1,0.371045,1
D_0000338080,1,0.996492,1
D_0000338248,1,0.994406,1
D_0000338647,0,0.160126,0
D_0000338773,1,0.997300,1
D_0000338857,0,0.170286,0
D_0000339193,0,0.024690,0
D_0000339403,0,0.095092,0
D_0000339508,0,0.059959,0
D_0000339550,1,0.944821,1
D_0000339676,0,0.030726,0
D_0000339844,1,0.984256,1
D_0000340054,0,0.061163,0
D_0000340495,0,0.045820,0
D_0000340684,0,0.147905,0
D_0000340705,0,0.071892,0
D_0000340894,0,0.055287,0
D_0000340936,0,0.024380,0
D_0000341230,1,0.997017,1
D_0000341629,0,0.097040,0
D_0000342574,1,0.984889,1
D_0000342742,1,0.984989,1
D_0000343561,1,0.961656,1
D_0000344002,1,0.001102,0
D_0000344044,0,0.136987,0
D_0000344569,1,0.933209,1
D_0000344632,0,0.016002,0
D_0000345157,0,0.142886,0
D_0000345199,1,0.971292,1
D_0000345661,0,0.279637,1
D_0000345703,1,0.994548,1
D_0000346165,1,0.985372,1
D_0000346186,0,0.159162,0
D_0000346207,0,0.016702,0
D_0000346228,0,0.060038,0
D_0000346522,1,0.950384,1
D_0000346732,1,0.985254,1
D_0000346837,1,0.958482,1
D_0000346900,1,0.992890,1
D_0000346942,1,0.153529,0
D_0000347299,0,0.096345,0
D_0000347551,1,0.175261,0
D_0000347677,1,0.466174,1
D_0000348139,1,0.987123,1
D_0000348181,0,0.020979,0
D_0000348328,1,0.995010,1
D_0000348496,1,0.992404,1
D_0000349210,0,0.201861,0
D_0000349231,1,0.990875,1
D_0000350029,0,0.044906,0
D_0000350428,0,0.007165,0
D_0000350449,0,0.064396,0
D_0000350470,1,0.989108,1
D_0000350701,0,0.032323,0
D_0000350995,0,0.128488,0
D_0000351058,1,0.990173,1
D_0000351121,0,0.065741,0
D_0000351499,0,0.284700,1
D_0000352108,1,0.990845,1
D_0000352213,1,0.416698,1
D_0000352444,0,0.078436,0
D_0000352528,1,0.993820,1
D_0000352570,1,0.992117,1
D_0000352864,1,0.985527,1
D_0000352969,0,0.027117,0
D_0000353599,0,0.083408,0
D_0000354166,0,0.049360,0
D_0000354397,1,0.991778,1
D_0000354523,1,0.155812,0
D_0000354565,1,0.991669,1
D_0000354586,1,0.990158,1
D_0000354670,0,0.058461,0
D_0000354712,0,0.408055,1
D_0000355111,0,0.183930,0
D_0000355930,0,0.100591,0
D_0000356077,0,0.082444,0
D_0000356224,1,0.994422,1
D_0000356266,1,0.984458,1
D_0000356308,1,0.827202,1
D_0000356833,0,0.115759,0
D_0000357631,1,0.995544,1
D_0000357694,1,0.991902,1
D_0000358009,0,0.164972,0
D_0000359017,1,0.998561,1
D_0000359815,1,0.991565,1
D_0000359878,0,0.132050,0
D_0000360109,0,0.074557,0
D_0000360172,1,0.987906,1
D_0000360277,1,0.995886,1
D_0000360340,0,0.055951,0
D_0000360991,1,0.991171,1
D_0000361096,1,0.982091,1
D_0000361243,0,0.117888,0
D_0000361537,1,0.990075,1
D_0000361894,0,0.022426,0
D_0000362104,0,0.176326,0
D_0000362839,1,0.958425,1
D_0000363448,0,0.046193,0
D_0000363637,1,0.964174,1
D_0000364330,1,0.977070,1
D_0000365002,0,0.133178,0
D_0000365065,1,0.937117,1
D_0000366535,0,0.022890,0
D_0000367018,1,0.998572,1
D_0000367732,0,0.096946,0
D_0000368488,0,0.085891,0
D_0000369937,1,0.996691,1
D_0000370021,1,0.981627,1
D_0000370168,0,0.060940,0
D_0000370315,0,0.313776,1
D_0000370483,1,0.996018,1
D_0000370504,0,0.043131,0
D_0000371428,0,0.140477,0
D_0000371491,1,0.929739,1
D_0000371575,1,0.993041,1
D_0000371764,1,0.995557,1
D_0000372100,0,0.042598,0
D_0000372289,0,0.025798,0
D_0000372415,0,0.084330,0
D_0000372856,0,0.122354,0
D_0000373339,1,0.979969,1
D_0000373822,1,0.907532,1
D_0000373843,1,0.978092,1
D_0000374746,1,0.986521,1
D_0000375208,0,0.028764,0
D_0000375733,0,0.264308,1
D_0000375754,0,0.220742,0
D_0000376048,1,0.989677,1
D_0000376321,0,0.062948,0
D_0000376531,1,0.854489,1
D_0000376615,1,0.994340,1
D_0000378484,1,0.991635,1
D_0000378589,0,0.366428,1
D_0000378736,0,0.134307,0
D_0000378904,1,0.835978,1
D_0000379156,0,0.063250,0
D_0000379807,1,0.972325,1
D_0000380059,1,0.996827,1
D_0000380101,0,0.205798,0
D_0000380626,1,0.992003,1
D_0000380647,1,0.991157,1
D_0000380752,0,0.150069,0
D_0000380773,1,0.990813,1
D_0000382012,0,0.052273,0
D_0000382327,1,0.991139,1
D_0000382726,0,0.017283,0
D_0000382852,0,0.731175,1
D_0000383377,1,0.987938,1
D_0000383503,1,0.990329,1
D_0000383524,1,0.981733,1
D_0000383692,1,0.989009,1
D_0000383755,0,0.061458,0
D_0000383797,0,0.085940,0
D_0000383944,1,0.975918,1
D_0000383965,0,0.154649,0
D_0000384574,1,0.989551,1
D_0000385141,0,0.101039,0
D_0000386044,0,0.034939,0
D_0000386065,0,0.078415,0
D_0000386191,1,0.968086,1
D_0000386233,1,0.186269,0
D_0000386485,0,0.204455,0
D_0000387031,1,0.959484,1
D_0000387304,1,0.684830,1
D_0000387619,1,0.994426,1
D_0000387766,0,0.008089,0
D_0000387913,0,0.025698,0
D_0000387934,0,0.082735,0
D_0000388018,1,0.942907,1
D_0000388249,1,0.048474,0
D_0000388438,1,0.986461,1
D_0000388669,0,0.053113,0
D_0000388732,1,0.993574,1
D_0000388963,1,0.995112,1
D_0000389152,1,0.254258,1
D_0000389635,1,0.905393,1
D_0000389803,0,0.049884,0
D_0000389845,1,0.952078,1
D_0000389866,0,0.151061,0
D_0000390097,1,0.992950,1
D_0000392617,0,0.159191,0
D_0000393016,0,0.057859,0
D_0000393037,0,0.069965,0
D_0000393163,0,0.059463,0
D_0000393205,1,0.980946,1
D_0000393268,1,0.971291,1
D_0000393373,1,0.830545,1
D_0000393814,0,0.035048,0
D_0000394024,1,0.996530,1
D_0000394444,1,0.983979,1
D_0000394507,0,0.117191,0
D_0000394843,1,0.984045,1
D_0000394948,0,0.181750,0
D_0000395200,1,0.964987,1
D_0000396439,0,0.053434,0
D_0000396649,1,0.994641,1
D_0000396712,1,0.991684,1
D_0000397195,1,0.990348,1
D_0000397237,1,0.991814,1
D_0000397384,1,0.993909,1
D_0000397405,1,0.979370,1
D_0000397510,1,0.989085,1
D_0000397888,0,0.355912,1
D_0000398035,1,0.994435,1
D_0000398245,0,0.027392,0
D_0000398854,1,0.997128,1
D_0000399505,1,0.992407,1
D_0000399526,1,0.976541,1
D_0000399841,0,0.037756,0
D_0000400135,1,0.987115,1
D_0000400576,0,0.077433,0
D_0000401206,0,0.059536,0
D_0000401227,1,0.970291,1
D_0000401353,0,0.067227,0
D_0000402004,1,0.998584,1
D_0000402151,1,0.991607,1
D_0000402193,1,0.993022,1
D_0000402277,1,0.995566,1
D_0000403033,1,0.994999,1
D_0000403054,1,0.293558,1
D_0000403369,0,0.289534,1
D_0000403579,0,0.065059,0
D_0000404272,1,0.995968,1
D_0000404482,1,0.988334,1
D_0000405070,1,0.995474,1
D_0000405238,0,0.064899,0
D_0000405595,1,0.991962,1
D_0000406267,1,0.994413,1
D_0000407359,1,0.982082,1
D_0000407422,1,0.994835,1
D_0000407527,1,0.995895,1
D_0000408178,1,0.997863,1
D_0000408262,0,0.141419,0
D_0000408367,1,0.985788,1
D_0000408703,0,0.018942,0
D_0000409081,0,0.066726,0
D_0000409375,1,0.992671,1
D_0000409585,1,0.978474,1
D_0000410341,1,0.847936,1
D_0000410446,1,0.994707,1
D_0000410656,1,0.994594,1
D_0000411034,1,0.990426,1
D_0000411244,0,0.085994,0
D_0000411391,1,0.992111,1
D_0000411475,1,0.929532,1
D_0000411706,1,0.976511,1
D_0000411790,1,0.990394,1
D_0000411853,0,0.169390,0
D_0000412063,1,0.992862,1
D_0000412294,1,0.444455,1
D_0000412588,0,0.011807,0
D_0000412693,1,0.995003,1
D_0000412819,1,0.861110,1
D_0000412840,0,0.043276,0
D_0000412945,0,0.028881,0
D_0000413008,1,0.973093,1
D_0000413197,1,0.997588,1
D_0000414940,0,0.051855,0
D_0000415024,1,0.327568,1
D_0000415318,1,0.304010,1
D_0000415507,0,0.100109,0
D_0000415570,0,0.106059,0
D_0000415696,0,0.021614,0
D_0000415990,0,0.061645,0
D_0000416011,1,0.971932,1
D_0000416830,1,0.092487,0
D_0000417187,0,0.092719,0
D_0000417439,1,0.965960,1
D_0000417607,1,0.971424,1
D_0000418321,1,0.993949,1
D_0000419686,1,0.992766,1
D_0000420337,1,0.949835,1
D_0000420421,0,0.179122,0
D_0000420610,1,0.996654,1
D_0000421051,0,0.433947,1
D_0000421282,1,0.991544,1
D_0000422416,0,0.117039,0
D_0000422962,1,0.994763,1
D_0000423004,0,0.044669,0
D_0000423046,1,0.993835,1
D_0000423655,0,0.027254,0
D_0000423802,0,0.074223,0
D_0000424012,1,0.991937,1
D_0000424180,0,0.168047,0
D_0000424747,0,0.085551,0
D_0000425125,1,0.989646,1
D_0000425272,0,0.147339,0
D_0000425608,0,0.066026,0
D_0000425713,1,0.980841,1
D_0000425965,1,0.154495,0
D_0000426763,1,0.989934,1
D_0000428317,0,0.059777,0
D_0000428338,0,0.043488,0
D_0000428632,1,0.854416,1
D_0000428842,1,0.964471,1
D_0000428905,1,0.992370,1
D_0000429115,0,0.030959,0
D_0000429199,1,0.994721,1
D_0000429241,1,0.998099,1
D_0000429514,1,0.983466,1
D_0000429535,1,0.989382,1
D_0000429577,1,0.988332,1
D_0000429598,1,0.992427,1
D_0000429934,1,0.992455,1
D_0000430396,0,0.163478,0
D_0000430480,0,0.015960,0
D_0000431425,1,0.988775,1
D_0000431530,1,0.989576,1
D_0000431551,1,0.987192,1
D_0000432013,1,0.993729,1
D_0000432286,1,0.983282,1
D_0000432559,0,0.082670,0
D_0000432895,0,0.134941,0
D_0000433042,1,0.964555,1
D_0000433168,1,0.998959,1
D_0000433357,1,0.994575,1
D_0000433588,1,0.982246,1
D_0000433714,1,0.992005,1
D_0000433798,0,0.020347,0
D_0000434071,1,0.991094,1
D_0000434218,1,0.189535,0
D_0000435268,0,0.023511,0
D_0000435583,1,0.960678,1
D_0000435898,1,0.996770,1
D_0000436129,0,0.134788,0
D_0000436738,1,0.989488,1
D_0000437179,1,0.225739,0
D_0000437242,0,0.067890,0
D_0000437704,0,0.026070,0
D_0000437851,1,0.989757,1
D_0000437893,0,0.154363,0
D_0000437977,0,0.124342,0
D_0000439888,1,0.986322,1
D_0000439909,0,0.033991,0
D_0000440035,1,0.996559,1
D_0000440287,1,0.995101,1
D_0000440476,1,0.991201,1
D_0000441022,1,0.991397,1
D_0000441064,1,0.996286,1
D_0000441085,1,0.992765,1
D_0000441442,0,0.126580,0
D_0000442429,0,0.084620,0
D_0000442492,1,0.991960,1
D_0000442534,0,0.064798,0
D_0000442618,0,0.181759,0
D_0000443101,1,0.968534,1
D_0000443122,1,0.987850,1
D_0000443353,0,0.076423,0
D_0000443542,0,0.054408,0
D_0000443626,1,0.994663,1
D_0000443773,1,0.399447,1
D_0000444130,0,0.333928,1
D_0000444718,1,0.975161,1
D_0000444823,0,0.016042,0
D_0000444928,1,0.987045,1
D_0000444991,1,0.993724,1
D_0000445075,1,0.513131,1
D_0000445474,0,0.046567,0
D_0000445894,1,0.988098,1
D_0000445915,0,0.004177,0
D_0000446503,0,0.029074,0
D_0000446566,1,0.991297,1
D_0000446902,0,0.060777,0
D_0000447196,1,0.990630,1
D_0000447427,0,0.029622,0
D_0000447721,0,0.069574,0
D_0000448078,0,0.142846,0
D_0000449212,1,0.993956,1
D_0000449254,0,0.044064,0
D_0000449611,1,0.997241,1
D_0000449905,1,0.182585,0
D_0000450325,0,0.038449,0
D_0000450997,1,0.902435,1
D_0000451144,0,0.100494,0
D_0000451438,1,0.995212,1
D_0000451606,0,0.033293,0
D_0000451942,1,0.997154,1
D_0000451984,1,0.981905,1
D_0000452194,0,0.280322,1
D_0000452299,1,0.991579,1
D_0000452509,1,0.217737,0
D_0000452740,1,0.978302,1
D_0000453097,0,0.053678,0
D_0000453328,0,0.100838,0
D_0000453349,0,0.097415,0
D_0000453370,1,0.016124,0
D_0000453664,1,0.804237,1
D_0000453979,1,0.135054,0
D_0000454189,1,0.135049,0
D_0000454294,0,0.061439,0
D_0000454420,0,0.099115,0
D_0000454462,1,0.991146,1
D_0000454504,1,0.973971,1
D_0000454756,0,0.075576,0
D_0000454903,0,0.079784,0
D_0000455869,1,0.988946,1
D_0000455890,0,0.117863,0
D_0000456037,0,0.116703,0
D_0000456079,1,0.997243,1
D_0000456163,1,0.194537,0
D_0000456226,1,0.071294,0
D_0000456457,1,0.995445,1
D_0000456688,0,0.024283,0
D_0000456709,0,0.110134,0
D_0000456730,0,0.181916,0
D_0000456940,1,0.991307,1
D_0000457087,0,0.184381,0
D_0000457360,1,0.995478,1
D_0000457696,0,0.032025,0
D_0000457864,1,0.964001,1
D_0000458704,0,0.191595,0
D_0000458767,1,0.990848,1
D_0000458809,1,0.990776,1
D_0000459082,0,0.386747,1
D_0000459376,0,0.059219,0
D_0000459607,1,0.747125,1
D_0000459775,1,0.689022,1
D_0000459859,1,0.995248,1
D_0000460069,0,0.164731,0
D_0000460174,0,0.409599,1
D_0000460216,0,0.050929,0
D_0000460594,0,0.064460,0
D_0000461119,1,0.978133,1
D_0000461434,1,0.983617,1
D_0000462211,1,0.986742,1
D_0000462295,0,0.225863,0
D_0000462316,0,0.172732,0
D_0000462463,0,0.021696,0
D_0000462715,0,0.054399,0
D_0000462925,0,0.281373,1
D_0000462988,0,0.048411,0
D_0000463534,1,0.293885,1
D_0000464479,0,0.016754,0
D_0000464584,1,0.986652,1
D_0000464689,1,0.991387,1
D_0000464815,0,0.012464,0
D_0000465445,0,0.062119,0
D_0000466012,0,0.026791,0
D_0000466264,0,0.072432,0
D_0000466873,0,0.091866,0
D_0000466978,0,0.026575,0
D_0000467734,1,0.973603,1
D_0000468196,1,0.979202,1
D_0000468805,1,0.995957,1
D_0000470044,0,0.234306,0
D_0000470401,1,0.991201,1
D_0000470716,1,0.987232,1
D_0000470926,0,0.034172,0
D_0000471157,1,0.986441,1
D_0000471199,0,0.099253,0
D_0000471367,1,0.991810,1
D_0000471619,1,0.999073,1
D_0000471682,0,0.105570,0
D_0000472207,1,0.993132,1
D_0000472522,1,0.967959,1
D_0000473026,1,0.989711,1
D_0000473824,1,0.379951,1
D_0000473971,0,0.161165,0
D_0000474013,1,0.963703,1
D_0000474265,1,0.947209,1
D_0000474622,1,0.992673,1
D_0000475063,1,0.991145,1
D_0000475126,1,0.840623,1
D_0000475147,1,0.927505,1
D_0000475294,1,0.983679,1
D_0000475336,1,0.995855,1
D_0000475441,1,0.994997,1
D_0000475630,1,0.998105,1
D_0000475819,0,0.043128,0
D_0000475882,0,0.078745,0
D_0000476785,1,0.995249,1
D_0000476869,1,0.966080,1
D_0000477016,0,0.271245,1
D_0000477100,1,0.966308,1
D_0000477457,1,0.202874,0
D_0000477793,0,0.198891,0
D_0000477856,1,0.993420,1
D_0000478402,0,0.056306,0
D_0000478507,0,0.118243,0
D_0000478549,1,0.984949,1
D_0000478612,0,0.321937,1
D_0000478675,1,0.988832,1
D_0000478738,0,0.119782,0
D_0000478822,1,0.993455,1
D_0000478885,0,0.196881,0
D_0000478906,0,0.018160,0
D_0000479011,1,0.989626,1
D_0000479347,1,0.995533,1
D_0000479452,1,0.075009,0
D_0000480019,0,0.025516,0
D_0000480523,1,0.897491,1
D_0000481132,0,0.114440,0
D_0000481468,0,0.103436,0
D_0000481573,1,0.989694,1
D_0000481972,1,0.996587,1
D_0000482287,1,0.985405,1
D_0000482560,1,0.992662,1
D_0000482980,1,0.912570,1
D_0000483001,1,0.998148,1
D_0000483106,0,0.174815,0
D_0000483211,1,0.924100,1
D_0000483274,1,0.997976,1
D_0000483484,1,0.991853,1
D_0000483757,1,0.997213,1
D_0000483799,0,0.027026,0
D_0000484072,0,0.048781,0
D_0000484324,1,0.989094,1
D_0000485311,0,0.030186,0
D_0000485542,1,0.992634,1
D_0000485836,0,0.237981,0
D_0000486277,1,0.312180,1
D_0000486445,1,0.795268,1
D_0000486613,1,0.212206,0
D_0000487033,1,0.987893,1
D_0000487117,1,0.995727,1
D_0000487180,0,0.085911,0
D_0000487495,0,0.031476,0
D_0000487642,1,0.990960,1
D_0000487852,0,0.067330,0
D_0000488356,0,0.132087,0
D_0000488482,1,0.992811,1
D_0000488629,0,0.012838,0
D_0000489028,1,0.993369,1
D_0000489154,1,0.993923,1
D_0000489175,0,0.044394,0
D_0000489763,0,0.050393,0
D_0000489784,1,0.988867,1
D_0000490351,0,0.068914,0
D_0000490435,1,0.998000,1
D_0000490456,0,0.083973,0
D_0000490645,0,0.049816,0
D_0000490687,0,0.108903,0
D_0000490771,0,0.000728,0
D_0000490960,1,0.675323,1
D_0000491170,0,0.143617,0
D_0000491191,0,0.289103,1
D_0000491212,1,0.929840,1
D_0000491485,0,0.111998,0
D_0000491737,1,0.221303,0
D_0000491989,0,0.153194,0
D_0000492178,1,0.997838,1
D_0000492577,0,0.027024,0
D_0000493522,1,0.988681,1
D_0000493627,1,0.985644,1
D_0000493669,0,0.235988,0
D_0000493858,1,0.997956,1
D_0000494068,1,0.990260,1
D_0000494299,1,0.987310,1
D_0000495181,0,0.125512,0
D_0000495286,1,0.998048,1
D_0000495412,1,0.993844,1
D_0000495454,0,0.305382,1
D_0000495874,1,0.233375,0
D_0000495937,1,0.992679,1
D_0000495958,1,0.991345,1
D_0000496315,1,0.959847,1
D_0000496399,0,0.050627,0
D_0000496756,1,0.989350,1
D_0000497512,1,0.399141,1
D_0000497659,0,0.080353,0
D_0000498058,1,0.989130,1
D_0000498205,1,0.991225,1
D_0000498268,1,0.987793,1
D_0000498289,0,0.134329,0
D_0000498310,1,0.045569,0
D_0000498961,1,0.986831,1
D_0000499087,0,0.069030,0
D_0000499276,0,0.181777,0
D_0000499549,0,0.012200,0
D_0000499801,0,0.118716,0
D_0000500179,1,0.411669,1
D_0000500431,1,0.778622,1
D_0000501229,0,0.217511,0
D_0000501586,0,0.102277,0
D_0000501880,1,0.525917,1
D_0000502615,1,0.987256,1
D_0000502657,1,0.960282,1
D_0000503161,0,0.432711,1
D_0000503224,0,0.041762,0
D_0000503560,0,0.059029,0
D_0000503581,0,0.099293,0
D_0000503812,0,0.314209,1
D_0000503896,0,0.162288,0
D_0000504001,0,0.074238,0
D_0000504211,1,0.996694,1
D_0000504421,1,0.992276,1
D_0000504799,1,0.992183,1
D_0000505597,1,0.986328,1
D_0000505996,0,0.092820,0
D_0000506227,0,0.035752,0
D_0000506563,0,0.294026,1
D_0000506794,0,0.113413,0
D_0000507130,1,0.996666,1
D_0000507277,1,0.971535,1
D_0000508054,1,0.986652,1
D_0000508558,0,0.111803,0
D_0000509062,1,0.990473,1
D_0000509083,1,0.921513,1
D_0000509104,1,0.511440,1
D_0000509776,0,0.086514,0
D_0000509797,1,0.979467,1
D_0000510133,0,0.024752,0
D_0000510154,1,0.962435,1
D_0000510175,1,0.116019,0
D_0000510574,1,0.989796,1
D_0000510763,1,0.898068,1
D_0000510910,0,0.015495,0
D_0000511162,0,0.070535,0
D_0000511183,0,0.031015,0
D_0000511393,0,0.067521,0
D_0000511414,0,0.013930,0
D_0000511498,1,0.995647,1
D_0000511708,1,0.997197,1
D_0000512569,1,0.981429,1
D_0000513493,0,0.091679,0
D_0000513913,1,0.951287,1
D_0000514165,0,0.221850,0
D_0000514249,1,0.992720,1
D_0000514291,1,0.991990,1
D_0000514312,1,0.994365,1
D_0000514417,1,0.898804,1
D_0000514669,0,0.073695,0
D_0000514732,1,0.993759,1
D_0000514942,0,0.028751,0
D_0000515068,1,0.990489,1
D_0000515341,1,0.993641,1
D_0000515467,0,0.587149,1
D_0000515572,0,0.025933,0
D_0000515887,1,0.992485,1
D_0000516244,1,0.995915,1
D_0000516685,1,0.988241,1
D_0000516937,1,0.991875,1
D_0000517336,0,0.087664,0
D_0000518071,1,0.212502,0
D_0000518197,0,0.149225,0
D_0000518554,1,0.991854,1
D_0000518638,0,0.033775,0
D_0000519457,0,0.326498,1
D_0000519499,0,0.080883,0
D_0000519625,1,0.982553,1
D_0000519751,1,0.998498,1
D_0000520192,0,0.106073,0
D_0000520507,1,0.992853,1
D_0000520822,1,0.320107,1
D_0000520885,0,0.042420,0
D_0000521557,1,0.988057,1
D_0000521914,0,0.050229,0
D_0000522187,1,0.978078,1
D_0000522250,0,0.058091,0
D_0000522292,0,0.100482,0
D_0000522397,0,0.035934,0
D_0000522628,1,0.985423,1
D_0000522796,0,0.114271,0
D_0000523405,1,0.990411,1
D_0000523426,1,0.973675,1
D_0000523468,1,0.984404,1
D_0000523846,0,0.033762,0
D_0000523972,1,0.995645,1
D_0000524707,1,0.992190,1
D_0000524875,1,0.995805,1
D_0000525652,1,0.995416,1
D_0000525841,0,0.129528,0
D_0000526009,0,0.064850,0
D_0000526135,1,0.992177,1
D_0000526639,0,0.021383,0
D_0000526723,1,0.993737,1
D_0000526744,1,0.995099,1
D_0000526786,1,0.997671,1
D_0000527206,0,0.243203,0
D_0000527647,0,0.071872,0
D_0000527794,0,0.055638,0
D_0000528130,1,0.462433,1
D_0000528235,0,0.009939,0
D_0000529201,0,0.033689,0
D_0000529516,0,0.310338,1
D_0000529621,0,0.041449,0
D_0000529957,1,0.993109,1
D_0000530188,0,0.083047,0
D_0000530209,0,0.234126,0
D_0000530818,0,0.303904,1
D_0000531007,0,0.029787,0
D_0000531196,1,0.990195,1
D_0000531448,1,0.205755,0
D_0000531490,1,0.994615,1
D_0000531532,0,0.032168,0
D_0000532435,0,0.028006,0
D_0000533107,0,0.054549,0
D_0000534178,0,0.071214,0
D_0000534283,0,0.051356,0
D_0000534346,1,0.996194,1
D_0000534409,1,0.181524,0
D_0000534661,0,0.083171,0
D_0000534808,1,0.990968,1
D_0000534997,0,0.054592,0
D_0000535081,1,0.970826,1
D_0000535522,1,0.351474,1
D_0000535585,0,0.140560,0
D_0000535858,0,0.060421,0
D_0000535921,1,0.891121,1
D_0000536089,0,0.211397,0
D_0000536131,1,0.970373,1
D_0000536152,1,0.736900,1
D_0000536236,1,0.972481,1
D_0000536488,0,0.075625,0
D_0000537160,0,0.029738,0
D_0000537412,1,0.988676,1
D_0000537811,1,0.126635,0
D_0000538126,1,0.996928,1
D_0000538294,1,0.983135,1
D_0000538420,1,0.994774,1
D_0000538504,0,0.165069,0
D_0000538546,0,0.048304,0
D_0000538609,1,0.998204,1
D_0000538903,0,0.038792,0
D_0000539218,0,0.104388,0
D_0000539302,0,0.084806,0
D_0000539470,1,0.985109,1
D_0000539512,0,0.129499,0
D_0000539785,0,0.090197,0
D_0000540142,0,0.071424,0
D_0000540415,1,0.987534,1
D_0000540457,0,0.081659,0
D_0000541087,0,0.034774,0
D_0000541696,0,0.007090,0
D_0000541801,1,0.997581,1
D_0000541843,1,0.990723,1
D_0000542158,0,0.326384,1
D_0000542200,1,0.984849,1
D_0000542263,0,0.086031,0
D_0000542347,0,0.081240,0
D_0000542515,0,0.019181,0
D_0000542914,0,0.040623,0
D_0000542956,1,0.990070,1
D_0000543187,1,0.998181,1
D_0000543376,1,0.006626,0
D_0000543712,0,0.083517,0
D_0000544657,1,0.991558,1
D_0000544993,1,0.993572,1
D_0000545560,0,0.046038,0
D_0000545812,1,0.995336,1
D_0000546022,0,0.221236,0
D_0000546085,1,0.982451,1
D_0000546631,1,0.987847,1
D_0000546673,1,0.983148,1
D_0000547114,0,0.069930,0
D_0000547198,1,0.985861,1
D_0000547219,1,0.996873,1
D_0000548059,1,0.698414,1
D_0000548122,0,0.008715,0
D_0000548164,1,0.993257,1
D_0000548269,1,0.254698,1
D_0000548479,1,0.992489,1
D_0000548752,0,0.056465,0
D_0000548878,1,0.990921,1
D_0000549508,0,0.117643,0
D_0000550642,0,0.136509,0
D_0000551041,0,0.074295,0
D_0000551188,0,0.252654,1
D_0000551461,1,0.992135,1
D_0000551797,1,0.984869,1
D_0000552280,0,0.040023,0
D_0000552469,0,0.116784,0
D_0000552868,1,0.976835,1
D_0000553204,1,0.987602,1
D_0000553288,0,0.012374,0
D_0000553582,0,0.042924,0
D_0000553603,1,0.801484,1
D_0000553645,0,0.092660,0
D_0000553771,1,0.986685,1
D_0000553918,1,0.326141,1
D_0000554044,0,0.108562,0
D_0000554233,1,0.993547,1
D_0000554296,1,0.976093,1
D_0000554485,0,0.079182,0
D_0000554674,0,0.439877,1
D_0000555094,1,0.955796,1
D_0000555262,0,0.187465,0
D_0000555430,1,0.997049,1
D_0000555556,1,0.994194,1
D_0000555577,1,0.977259,1
D_0000555724,1,0.987829,1
D_0000556522,1,0.987298,1
D_0000556753,1,0.991302,1
D_0000556984,0,0.109509,0
D_0000557383,1,0.980720,1
D_0000558664,1,0.856534,1
D_0000559168,0,0.061909,0
D_0000559945,1,0.974943,1
D_0000560071,1,0.996096,1
D_0000560281,1,0.987070,1
D_0000560386,0,0.139074,0
D_0000560491,1,0.991868,1
D_0000560743,1,0.995992,1
D_0000561058,0,0.037279,0
D_0000561352,1,0.955644,1
D_0000561562,0,0.642648,1
D_0000561604,0,0.005479,0
D_0000561877,0,0.372618,1
D_0000562297,1,0.967805,1
D_0000562360,1,0.992215,1
D_0000562675,1,0.995383,1
D_0000562906,1,0.991978,1
D_0000563137,0,0.013449,0
D_0000563263,1,0.982492,1
D_0000563284,0,0.082146,0
D_0000563389,1,0.984039,1
D_0000563494,0,0.047689,0
D_0000564418,1,0.878434,1
D_0000564544,1,0.994026,1
D_0000564922,0,0.041061,0
D_0000565279,0,0.165852,0
D_0000565552,0,0.035673,0
D_0000565930,0,0.064230,0
D_0000566287,0,0.256479,1
D_0000566749,1,0.095595,0
D_0000567001,1,0.997202,1
D_0000567211,0,0.162571,0
D_0000567547,1,0.972061,1
D_0000567778,1,0.989539,1
D_0000568135,1,0.990697,1
D_0000568576,0,0.031865,0
D_0000568681,0,0.341841,1
D_0000568891,0,0.105313,0
D_0000568975,1,0.981518,1
D_0000569248,1,0.989409,1
D_0000569731,1,0.994531,1
D_0000570025,1,0.953524,1
D_0000570298,0,0.062652,0
D_0000570718,1,0.978962,1
D_0000571222,0,0.091521,0
D_0000571663,0,0.169200,0
D_0000572566,1,0.986272,1
D_0000572818,0,0.032698,0
D_0000573196,0,0.069793,0
D_0000574498,1,0.991643,1
D_0000574603,1,0.991218,1
D_0000575359,0,0.084348,0
D_0000575527,0,0.077006,0
D_0000575695,1,0.437094,1
D_0000575716,1,0.954652,1
D_0000575863,1,0.992629,1
D_0000576010,0,0.000440,0
D_0000576325,0,0.047112,0
D_0000576787,1,0.980377,1
D_0000576850,1,0.995328,1
D_0000577039,0,0.045241,0
D_0000577123,1,0.185196,0
D_0000577186,0,0.066229,0
D_0000577228,1,0.993840,1
D_0000577648,0,0.109546,0
D_0000578005,0,0.291374,1
D_0000578425,0,0.018240,0
D_0000578950,1,0.994808,1
D_0000579307,1,0.034811,0
D_0000579727,0,0.065791,0
D_0000580252,1,0.991066,1
D_0000580588,0,0.156825,0
D_0000580777,0,0.137131,0
D_0000580840,1,0.969858,1
D_0000581071,0,0.195649,0
D_0000581344,1,0.994060,1
D_0000581386,1,0.994281,1
D_0000581428,1,0.308775,1
D_0000581617,0,0.031113,0
D_0000582331,0,0.102342,0
D_0000582709,1,0.972182,1
D_0000583549,1,0.991087,1
D_0000584326,0,0.043197,0
D_0000584452,1,0.994413,1
D_0000584599,1,0.981861,1
D_0000584788,1,0.993390,1
D_0000585166,1,0.993138,1
D_0000585187,0,0.052437,0
D_0000586006,0,0.048915,0
D_0000586090,1,0.951246,1
D_0000586216,1,0.995490,1
D_0000586258,1,0.987669,1
D_0000586405,0,0.168255,0
D_0000586762,1,0.994004,1
D_0000587455,1,0.993830,1
D_0000588064,0,0.055406,0
D_0000588295,0,0.014168,0
D_0000588526,0,0.026233,0
D_0000589408,0,0.026623,0
D_0000589765,1,0.989355,1
D_0000589807,1,0.985569,1
D_0000590164,0,0.110818,0
D_0000590353,1,0.990738,1
D_0000590416,1,0.954361,1
D_0000591235,1,0.993607,1
D_0000591634,1,0.972961,1
D_0000591886,0,0.047880,0
D_0000592201,1,0.972223,1
D_0000592432,1,0.971977,1
D_0000592495,1,0.992068,1
D_0000592999,1,0.990149,1
D_0000593041,1,0.990194,1
D_0000593335,0,0.167146,0
D_0000593440,1,0.995330,1
D_0000593482,1,0.995767,1
D_0000593755,0,0.103990,0
D_0000593902,0,0.094075,0
D_0000594196,0,0.112267,0
D_0000594217,1,0.994764,1
D_0000594238,0,0.160293,0
D_0000594343,1,0.918281,1
D_0000594763,0,0.066761,0
D_0000595078,0,0.202862,0
D_0000596401,1,0.994405,1
D_0000597031,0,0.111687,0
D_0000598711,0,0.037034,0
D_0000598816,0,0.032502,0
D_0000599152,1,0.975476,1
D_0000599278,1,0.996138,1
D_0000599299,1,0.996316,1
D_0000599467,0,0.145963,0
D_0000599614,0,0.078349,0
D_0000600118,1,0.989115,1
D_0000600769,1,0.873154,1
D_0000600790,1,0.999542,1
D_0000600811,1,0.990347,1
D_0000600874,0,0.035016,0
D_0000600937,1,0.979222,1
D_0000601147,1,0.842400,1
D_0000601294,0,0.208173,0
D_0000601357,1,0.995011,1
D_0000601966,1,0.990527,1
D_0000602155,0,0.184482,0
D_0000602197,0,0.105519,0
D_0000603163,0,0.053886,0
D_0000603331,0,0.192845,0
D_0000603394,1,0.994457,1
D_0000604045,0,0.126689,0
D_0000604213,1,0.172536,0
D_0000604528,1,0.033691,0
D_0000604696,1,0.995318,1
D_0000604780,1,0.985373,1
D_0000605116,0,0.092805,0
D_0000605347,0,0.100589,0
D_0000605389,1,0.993828,1
D_0000605557,0,0.096369,0
D_0000605725,1,0.498885,1
D_0000605872,0,0.025877,0
D_0000606166,1,0.992902,1
D_0000606754,1,0.543257,1
D_0000607468,1,0.209502,0
D_0000607636,1,0.996110,1
D_0000607657,1,0.164023,0
D_0000607783,0,0.106019,0
D_0000608119,0,0.052827,0
D_0000608497,0,0.038756,0
D_0000608539,0,0.100537,0
D_0000609001,1,0.995085,1
D_0000609295,0,0.169009,0
D_0000609568,1,0.172595,0
D_0000609589,1,0.934143,1
D_0000609820,0,0.112759,0
D_0000609925,1,0.988824,1
D_0000610912,0,0.043417,0
D_0000611185,1,0.989298,1
D_0000611458,0,0.088555,0
D_0000611500,1,0.993311,1
D_0000611920,0,0.125593,0
D_0000612739,1,0.966261,1
D_0000613369,1,0.964109,1
D_0000613936,1,0.103946,0
D_0000614041,0,0.082286,0
D_0000614503,0,0.046694,0
D_0000614566,0,0.144064,0
D_0000614650,0,0.048649,0
D_0000614797,0,0.085138,0
D_0000615259,1,0.979596,1
D_0000615742,1,0.982754,1
D_0000616288,1,0.968426,1
D_0000616351,1,0.968446,1
D_0000616540,0,0.315008,1
D_0000616603,0,0.021279,0
D_0000616624,0,0.029416,0
D_0000616918,0,0.017243,0
D_0000617401,0,0.062041,0
D_0000617653,0,0.125231,0
D_0000617905,1,0.994255,1
D_0000618199,1,0.934799,1
D_0000618346,1,0.945431,1
D_0000618619,0,0.049200,0
D_0000619354,1,0.986245,1
D_0000619900,0,0.039747,0
D_0000620131,0,0.023178,0
D_0000620257,0,0.109032,0
D_0000620992,1,0.994293,1
D_0000621034,0,0.081929,0
D_0000621076,0,0.129612,0
D_0000621307,1,0.427181,1
D_0000621664,1,0.984451,1
D_0000622315,1,0.978094,1
D_0000622462,0,0.048801,0
D_0000622840,0,0.037431,0
D_0000622903,0,0.346781,1
D_0000623134,0,0.050314,0
D_0000623302,1,0.993326,1
D_0000623470,0,0.055372,0
D_0000624646,0,0.142747,0
D_0000625402,0,0.074883,0
D_0000625780,0,0.071397,0
D_0000626011,1,0.879502,1
D_0000626200,0,0.055254,0
D_0000626221,1,0.990965,1
D_0000626935,1,0.969699,1
D_0000627418,1,0.993623,1
D_0000627733,0,0.099282,0
D_0000627901,1,0.908013,1
D_0000628132,1,0.976646,1
D_0000628825,1,0.868525,1
D_0000628972,0,0.215113,0
D_0000629203,1,0.980684,1
D_0000629287,0,0.100650,0
D_0000629371,0,0.005324,0
D_0000629665,1,0.991051,1
D_0000630043,1,0.991176,1
D_0000630211,1,0.866764,1
D_0000630316,0,0.043212,0
D_0000630904,1,0.992752,1
D_0000631366,0,0.043924,0
D_0000631576,0,0.080740,0
D_0000631702,1,0.084842,0
D_0000631765,1,0.992536,1
D_0000632626,1,0.995272,1
D_0000633214,0,0.140437,0
D_0000633361,0,0.023631,0
D_0000633676,1,0.991829,1
D_0000633928,0,0.084234,0
D_0000634075,1,0.997601,1
D_0000634138,1,0.092343,0
D_0000634747,0,0.041975,0
D_0000635650,1,0.995940,1
D_0000635881,1,0.972045,1
D_0000635902,0,0.512611,1
D_0000636070,0,0.042242,0
D_0000636364,1,0.990770,1
D_0000636469,0,0.027823,0
D_0000636658,0,0.021576,0
D_0000637771,1,0.993984,1
D_0000638254,1,0.910455,1
D_0000638317,0,0.123935,0
D_0000638359,0,0.181000,0
D_0000639010,1,0.934533,1
D_0000639031,1,0.987700,1
D_0000639535,1,0.992531,1
D_0000640060,0,0.024948,0
D_0000640270,0,0.052478,0
D_0000640501,1,0.986734,1
D_0000640858,0,0.030452,0
D_0000641047,1,0.995089,1
D_0000641425,1,0.995360,1
D_0000641971,1,0.985993,1
D_0000641992,1,0.948701,1
D_0000642244,1,0.293490,1
D_0000642370,1,0.990842,1
D_0000642496,0,0.017285,0
D_0000642643,0,0.063618,0
D_0000643441,0,0.160255,0
D_0000643567,0,0.146154,0
D_0000643924,1,0.995427,1
D_0000644575,1,0.997498,1
D_0000644806,0,0.060842,0
D_0000644995,1,0.921655,1
D_0000645163,0,0.071929,0
D_0000645625,1,0.977119,1
D_0000646318,0,0.108993,0
D_0000646507,0,0.054170,0
D_0000646591,1,0.995798,1
D_0000646675,0,0.069921,0
D_0000647011,0,0.043266,0
D_0000647347,1,0.476912,1
D_0000648124,1,0.884222,1
D_0000648145,1,0.994101,1
D_0000648292,0,0.022068,0
D_0000648418,0,0.093623,0
D_0000648523,1,0.993130,1
D_0000648775,1,0.178858,0
D_0000648817,0,0.010205,0
D_0000648838,1,0.732536,1
D_0000649258,0,0.180020,0
D_0000649762,1,0.958765,1
D_0000650497,1,0.991658,1
D_0000650665,0,0.013870,0
D_0000650728,1,0.990441,1
D_0000651862,0,0.117578,0
D_0000652408,0,0.064825,0
D_0000652555,0,0.202453,0
D_0000653269,1,0.270445,1
D_0000653479,0,0.067019,0
D_0000653689,1,0.991710,1
D_0000653752,1,0.993664,1
D_0000653962,0,0.051883,0
D_0000655033,1,0.990100,1
D_0000655117,0,0.341197,1
D_0000655201,0,0.336462,1
D_0000656461,0,0.041027,0
D_0000656776,0,0.066088,0
D_0000657049,1,0.982909,1
D_0000657238,0,0.060115,0
D_0000657322,1,0.072865,0
D_0000657448,0,0.053107,0
D_0000657952,1,0.989712,1
D_0000658204,0,0.227386,0
D_0000658435,0,0.244143,0
D_0000658477,0,0.018580,0
D_0000658771,0,0.016685,0
D_0000659086,0,0.155249,0
D_0000659107,0,0.066770,0
D_0000659191,1,0.983129,1
D_0000659338,1,0.985476,1
D_0000659800,0,0.383113,1
D_0000659842,1,0.996962,1
D_0000660094,0,0.097294,0
D_0000660178,1,0.991491,1
D_0000660346,1,0.997119,1
D_0000660535,1,0.996328,1
D_0000660787,0,0.034535,0
D_0000660871,1,0.983459,1
D_0000660913,1,0.992927,1
D_0000660997,1,0.990092,1
D_0000661081,0,0.128731,0
D_0000661564,0,0.277334,1
D_0000661711,0,0.043641,0
D_0000661795,1,0.924451,1
D_0000662425,0,0.063907,0
D_0000662719,0,0.167832,0
D_0000662761,0,0.003178,0
D_0000662782,0,0.093857,0
D_0000662887,1,0.988315,1
D_0000662950,0,0.022563,0
D_0000663622,0,0.164262,0
D_0000663937,0,0.012563,0
D_0000664210,0,0.060939,0
D_0000664903,1,0.988981,1
D_0000665092,0,0.102574,0
D_0000665470,1,0.983699,1
D_0000665680,1,0.381705,1
D_0000666016,1,0.981294,1
D_0000666457,1,0.952993,1
D_0000666604,1,0.977689,1
D_0000667276,1,0.988661,1
D_0000667570,0,0.078462,0
D_0000667864,0,0.064198,0
D_0000668347,0,0.372240,1
D_0000668368,1,0.513031,1
D_0000668746,0,0.027973,0
D_0000668788,1,0.987846,1
D_0000668851,0,0.013213,0
D_0000669145,1,0.987385,1
D_0000669334,1,0.987023,1
D_0000669817,0,0.022715,0
D_0000670006,0,0.028202,0
D_0000670027,0,0.077804,0
D_0000670174,1,0.991597,1
D_0000670783,0,0.011012,0
D_0000670825,1,0.507204,1
D_0000671959,1,0.246169,1
D_0000673366,1,0.452524,1
D_0000673429,1,0.508231,1
D_0000673555,1,0.982318,1
D_0000674101,0,0.015896,0
D_0000674416,0,0.011338,0
D_0000674458,0,0.166766,0
D_0000674983,1,0.989929,1
D_0000675109,1,0.048768,0
D_0000675277,1,0.996441,1
D_0000675928,0,0.062343,0
D_0000676201,1,0.304995,1
D_0000676264,1,0.966207,1
D_0000676747,0,0.149410,0
D_0000677209,0,0.138191,0
D_0000677230,0,0.003674,0
D_0000677398,0,0.089021,0
D_0000677629,1,0.979197,1
D_0000677860,1,0.995081,1
D_0000677944,0,0.016304,0
D_0000678028,0,0.084601,0
D_0000678091,1,0.994447,1
D_0000678217,1,0.994631,1
D_0000678322,1,0.996949,1
D_0000678511,1,0.942755,1
D_0000679687,0,0.970607,1
D_0000679897,0,0.099024,0
D_0000679918,1,0.980340,1
D_0000680401,1,0.968651,1
D_0000680527,0,0.102805,0
D_0000681367,0,0.054202,0
D_0000681472,0,0.065026,0
D_0000681619,0,0.122056,0
D_0000682312,0,0.049643,0
D_0000682417,1,0.995617,1
D_0000682774,1,0.060503,0
D_0000682879,1,0.981483,1
D_0000682942,0,0.060343,0
D_0000683467,1,0.053619,0
D_0000683635,0,0.228359,0
D_0000683950,1,0.992805,1
D_0000684181,0,0.015616,0
D_0000685126,0,0.025256,0
D_0000685252,0,0.030572,0
D_0000685357,0,0.085839,0
D_0000685672,1,0.995527,1
D_0000685693,0,0.105120,0
D_0000686071,1,0.269347,1
D_0000686155,0,0.091429,0
D_0000686386,0,0.240338,0
D_0000687037,0,0.036548,0
D_0000687268,0,0.105945,0
D_0000687940,1,0.992878,1
D_0000687961,1,0.994057,1
D_0000688066,0,0.077226,0
D_0000688108,1,0.994115,1
D_0000688129,1,0.133505,0
D_0000688402,0,0.054461,0
D_0000688759,0,0.270124,1
D_0000689284,0,0.036769,0
D_0000689683,1,0.989541,1
D_0000690145,1,0.017464,0
D_0000690208,0,0.054863,0
D_0000690439,0,0.179171,0
D_0000690880,1,0.986050,1
D_0000691279,0,0.191221,0
D_0000691636,1,0.996563,1
D_0000691783,0,0.082187,0
D_0000692035,0,0.117845,0
D_0000692119,0,0.104556,0
D_0000692392,1,0.987041,1
D_0000692644,1,0.995373,1
D_0000692875,0,0.134965,0
D_0000693337,1,0.990219,1
D_0000693358,0,0.066728,0
D_0000693463,1,0.995887,1
D_0000693799,0,0.112624,0
D_0000694114,1,0.905971,1
D_0000694219,0,0.064304,0
D_0000694282,1,0.992768,1
D_0000694366,1,0.993493,1
D_0000694702,1,0.990562,1
D_0000694870,1,0.997646,1
D_0000694954,1,0.998220,1
D_0000695353,1,0.994717,1
D_0000696067,1,0.992286,1
D_0000696088,0,0.024236,0
D_0000696613,0,0.070894,0
D_0000696886,0,0.086534,0
D_0000697159,0,0.023091,0
D_0000697180,0,0.127869,0
D_0000697768,1,0.981412,1
D_0000697831,1,0.987564,1
D_0000698398,1,0.984220,1
D_0000698461,1,0.982874,1
D_0000698566,1,0.988953,1
D_0000698629,0,0.075652,0
D_0000698923,1,0.925618,1
D_0000699154,1,0.994343,1
D_0000699343,0,0.104224,0
D_0000699532,1,0.991888,1
D_0000699805,1,0.998668,1
D_0000699931,1,0.993743,1
D_0000699973,0,0.020589,0
D_0000700078,0,0.124128,0
D_0000700204,1,0.985162,1
D_0000700351,0,0.222556,0
D_0000700624,1,0.996301,1
D_0000700666,0,0.051151,0
D_0000700708,1,0.995301,1
D_0000701107,0,0.141676,0
D_0000701149,1,0.987000,1
D_0000701170,0,0.022967,0
D_0000701401,1,0.511093,1
D_0000701485,0,0.096297,0
D_0000701716,1,0.907114,1
D_0000701884,1,0.531889,1
D_0000702052,0,0.128279,0
D_0000702472,0,0.053508,0
D_0000702661,1,0.988746,1
D_0000703081,0,0.260354,1
D_0000703102,0,0.149805,0
D_0000703186,0,0.117844,0
D_0000703921,1,0.997716,1
D_0000704005,1,0.995960,1
D_0000704278,1,0.985022,1
D_0000704446,1,0.982920,1
D_0000704467,1,0.989545,1
D_0000704677,1,0.568086,1
D_0000704803,1,0.988823,1
D_0000705475,0,0.027046,0
D_0000705664,0,0.017204,0
D_0000705895,0,0.057698,0
D_0000706168,0,0.135288,0
D_0000706315,1,0.895130,1
D_0000706441,0,0.120414,0
D_0000706924,0,0.036451,0
D_0000707029,0,0.283764,1
D_0000707050,1,0.984400,1
D_0000707407,1,0.991968,1
D_0000707869,1,0.988428,1
D_0000707911,0,0.071115,0
D_0000708184,1,0.816091,1
D_0000708688,0,0.023931,0
D_0000708709,0,0.019806,0
D_0000709255,1,0.992721,1
D_0000709612,0,0.059074,0
D_0000709864,0,0.211449,0
D_0000709948,0,0.344819,1
D_0000710011,0,0.055362,0
D_0000710599,0,0.172666,0
D_0000710704,1,0.103335,0
D_0000711061,1,0.989705,1
D_0000711103,0,0.096505,0
D_0000712111,0,0.139739,0
D_0000712237,0,0.078054,0
D_0000712363,0,0.133568,0
D_0000712531,0,0.026944,0
D_0000713287,0,0.043412,0
D_0000713350,1,0.249273,1
D_0000714001,1,0.987193,1
D_0000714799,1,0.994675,1
D_0000715177,1,0.994430,1
D_0000715219,0,0.611827,1
D_0000715387,0,0.026478,0
D_0000715492,0,0.147167,0
D_0000715702,0,0.046543,0
D_0000715765,1,0.995631,1
D_0000715996,1,0.974875,1
D_0000716143,0,0.042789,0
D_0000716416,0,0.151426,0
D_0000717004,0,0.065202,0
D_0000717046,0,0.072765,0
D_0000717109,0,0.097815,0
D_0000717487,0,0.196314,0
D_0000717676,1,0.129166,0
D_0000718159,1,0.970965,1
D_0000718327,1,0.952723,1
D_0000718390,0,0.116291,0
D_0000718516,1,0.990617,1
D_0000718621,1,0.993155,1
D_0000719020,1,0.973725,1
D_0000719650,1,0.963974,1
D_0000719692,1,0.049100,0
D_0000720679,0,0.112873,0
D_0000720847,0,0.196832,0
D_0000720952,0,0.385882,1
D_0000721162,0,0.122166,0
D_0000722611,0,0.015957,0
D_0000722779,0,0.124858,0
D_0000723073,1,0.997478,1
D_0000723724,1,0.995353,1
D_0000723766,1,0.991014,1
D_0000723829,1,0.995507,1
D_0000723892,1,0.987633,1
D_0000724060,0,0.069473,0
D_0000724102,0,0.059610,0
D_0000724333,0,0.087496,0
D_0000724375,0,0.017017,0
D_0000724438,0,0.035514,0
D_0000724879,1,0.989187,1
D_0000726433,0,0.141795,0
D_0000726622,0,0.018552,0
D_0000726979,0,0.036168,0
D_0000727147,1,0.996245,1
D_0000727189,0,0.166078,0
D_0000727399,1,0.767539,1
D_0000727420,1,0.975335,1
D_0000727525,1,0.987025,1
D_0000727798,1,0.997804,1
D_0000728512,1,0.972678,1
D_0000728617,1,0.997446,1
D_0000728722,0,0.012004,0
D_0000729163,1,0.982144,1
D_0000729772,0,0.073325,0
D_0000729856,0,0.392691,1
D_0000729982,0,0.171068,0
D_0000730297,1,0.953494,1
D_0000730444,1,0.986695,1
D_0000731053,0,0.073899,0
D_0000731158,1,0.987255,1
D_0000732040,1,0.981497,1
D_0000732502,0,0.027154,0
D_0000732628,0,0.061708,0
D_0000732691,0,0.000352,0
D_0000733048,1,0.476947,1
D_0000733510,0,0.045347,0
D_0000733699,1,0.496954,1
D_0000734476,1,0.291123,1
D_0000734812,1,0.994346,1
D_0000734875,1,0.995440,1
D_0000735232,1,0.990018,1
D_0000735568,1,0.987111,1
D_0000735925,1,0.987650,1
D_0000736177,0,0.824092,1
D_0000736240,1,0.983511,1
D_0000736450,0,0.112321,0
D_0000736681,1,0.972175,1
D_0000736912,0,0.046303,0
D_0000736975,1,0.987871,1
D_0000737269,0,0.053749,0
D_0000737626,0,0.018721,0
D_0000737857,0,0.149321,0
D_0000737962,1,0.984365,1
D_0000738088,0,0.060433,0
D_0000738109,1,0.994120,1
D_0000738256,0,0.039667,0
D_0000739726,0,0.029073,0
D_0000739789,1,0.989657,1
D_0000739894,1,0.989990,1
D_0000740020,1,0.996422,1
D_0000740041,0,0.013097,0
D_0000741007,1,0.963594,1
D_0000741154,0,0.378202,1
D_0000742225,1,0.981914,1
D_0000742309,1,0.996576,1
D_0000742708,1,0.880029,1
D_0000742771,0,0.022285,0
D_0000742855,1,0.992876,1
D_0000744052,1,0.982683,1
D_0000744304,0,0.020590,0
D_0000744724,1,0.162148,0
D_0000744745,1,0.986628,1
D_0000744934,1,0.289282,1
D_0000744955,1,0.983094,1
D_0000744976,1,0.991823,1
D_0000745186,1,0.770126,1
D_0000745459,0,0.004912,0
D_0000745879,1,0.987480,1
D_0000745963,1,0.994826,1
D_0000746173,1,0.989264,1
D_0000746341,1,0.994600,1
D_0000746530,0,0.040083,0
D_0000747034,1,0.992144,1
D_0000747055,1,0.986187,1
D_0000747160,0,0.026966,0
D_0000747244,1,0.996972,1
D_0000747622,0,0.074944,0
D_0000747727,1,0.963847,1
D_0000747937,1,0.996720,1
D_0000749260,0,0.095992,0
D_0000749386,1,0.884056,1
D_0000749680,0,0.030284,0
D_0000749827,0,0.048051,0
D_0000750373,1,0.025938,0
D_0000751213,1,0.834068,1
D_0000751570,1,0.975020,1
D_0000751801,1,0.995108,1
D_0000751969,1,0.979338,1
D_0000752368,1,0.985583,1
D_0000752599,1,0.989902,1
D_0000752746,1,0.978522,1
D_0000752767,1,0.994384,1
D_0000753124,0,0.092453,0
D_0000753292,1,0.990074,1
D_0000753397,1,0.510604,1
D_0000753691,0,0.057986,0
D_0000753964,0,0.123573,0
D_0000754300,0,0.040332,0
D_0000754552,1,0.148831,0
D_0000754678,1,0.964860,1
D_0000754783,0,0.135050,0
D_0000754909,0,0.110512,0
D_0000755245,1,0.983517,1
D_0000755560,1,0.984370,1
D_0000755854,1,0.995717,1
D_0000755938,0,0.064965,0
D_0000755980,0,0.070727,0
D_0000756337,1,0.980720,1
D_0000756799,0,0.046713,0
D_0000757198,0,0.032992,0
D_0000757576,1,0.974677,1
D_0000758248,0,0.039275,0
D_0000758290,1,0.918649,1
D_0000758479,1,0.979771,1
D_0000758626,1,0.975115,1
D_0000758647,1,0.983051,1
D_0000758815,1,0.996024,1
D_0000758857,1,0.977855,1
D_0000759193,0,0.190403,0
D_0000759781,1,0.983688,1
D_0000760075,1,0.981354,1
D_0000760348,1,0.991050,1
D_0000760516,1,0.998414,1
D_0000760600,1,0.982892,1
D_0000761398,1,0.023135,0
D_0000761545,1,0.986829,1
D_0000761923,0,0.082086,0
D_0000762532,0,0.219452,0
D_0000762994,0,0.169983,0
D_0000763351,0,0.072420,0
D_0000763750,1,0.996350,1
D_0000764002,0,0.485329,1
D_0000764107,1,0.993600,1
D_0000764149,1,0.081324,0
D_0000764485,1,0.978523,1
D_0000765094,1,0.047019,0
D_0000765178,0,0.011462,0
D_0000765556,1,0.989843,1
D_0000765682,1,0.989730,1
D_0000765934,0,0.018921,0
D_0000765997,1,0.991092,1
D_0000766123,1,0.990124,1
D_0000766312,1,0.925387,1
D_0000766396,1,0.993640,1
D_0000766711,1,0.981861,1
D_0000766753,1,0.965185,1
D_0000767320,1,0.993007,1
D_0000767677,1,0.088552,0
D_0000767782,1,0.149490,0
D_0000767908,1,0.991223,1
D_0000768034,0,0.070770,0
D_0000768370,1,0.254317,1
D_0000768559,1,0.991952,1
D_0000768622,0,0.100950,0
D_0000768916,1,0.997066,1
D_0000768937,1,0.994722,1
D_0000768979,1,0.981152,1
D_0000769357,0,0.163044,0
D_0000769441,1,0.096530,0
D_0000769525,0,0.386897,1
D_0000769798,0,0.085146,0
D_0000770071,1,0.513131,1
D_0000770260,0,0.055936,0
D_0000770386,1,0.980235,1
D_0000770680,1,0.996668,1
D_0000770764,1,0.991270,1
D_0000770932,0,0.212473,0
D_0000771562,1,0.983310,1
D_0000771709,1,0.737689,1
D_0000771814,0,0.097700,0
D_0000771982,1,0.987047,1
D_0000772360,0,0.013103,0
D_0000772780,0,0.099388,0
D_0000772822,0,0.350954,1
D_0000772948,1,0.989170,1
D_0000773389,1,0.836056,1
D_0000773410,0,0.290862,1
D_0000773746,0,0.146860,0
D_0000774166,0,0.277106,1
D_0000774229,1,0.980036,1
D_0000774271,1,0.242243,0
D_0000774334,1,0.996228,1
D_0000774565,1,0.994690,1
D_0000774712,0,0.199018,0
D_0000774985,1,0.992942,1
D_0000775300,1,0.934136,1
D_0000775573,1,0.929470,1
D_0000775615,1,0.936982,1
D_0000775762,0,0.071829,0
D_0000775951,1,0.993986,1
D_0000776266,0,0.050312,0
D_0000777232,0,0.032621,0
D_0000777337,1,0.979861,1
D_0000777442,0,0.049049,0
D_0000777673,0,0.070293,0
D_0000777799,1,0.987429,1
D_0000778093,1,0.993419,1
D_0000779185,1,0.993169,1
D_0000779479,1,0.973262,1
D_0000779647,1,0.037575,0
D_0000779752,1,0.993473,1
D_0000779836,0,0.028882,0
D_0000779941,1,0.994527,1
D_0000780046,0,0.036427,0
D_0000780802,0,0.044295,0
D_0000780970,1,0.996138,1
D_0000781642,1,0.995165,1
D_0000782209,0,0.092972,0
D_0000782419,1,0.988409,1
D_0000782545,0,0.250777,1
D_0000782860,0,0.339676,1
D_0000783133,1,0.986480,1
D_0000783679,0,0.099314,0
D_0000783721,0,0.005277,0
D_0000783742,0,0.051510,0
D_0000783931,1,0.168252,0
D_0000784162,1,0.011173,0
D_0000784393,0,0.044938,0
D_0000785023,0,0.108999,0
D_0000785254,0,0.094435,0
D_0000785821,1,0.993913,1
D_0000785968,1,0.988222,1
D_0000786451,1,0.055733,0
D_0000786493,0,0.071545,0
D_0000787249,1,0.982560,1
D_0000787564,0,0.058422,0
D_0000788026,1,0.985261,1
D_0000788362,1,0.168809,0
D_0000789370,1,0.991710,1
D_0000789538,1,0.981915,1
D_0000790021,1,0.079308,0
D_0000790630,0,0.189799,0
D_0000790840,0,0.026650,0
D_0000791071,1,0.953153,1
D_0000791533,0,0.111908,0
D_0000791575,1,0.994914,1
D_0000791785,1,0.995755,1
D_0000792100,1,0.994714,1
D_0000792142,1,0.992871,1
D_0000792184,1,0.997407,1
D_0000792751,1,0.991732,1
D_0000793066,1,0.977741,1
D_0000793129,0,0.051761,0
D_0000793150,1,0.108958,0
D_0000793234,0,0.023724,0
D_0000793570,0,0.008700,0
D_0000794242,0,0.031127,0
D_0000794431,0,0.050501,0
D_0000794494,0,0.089825,0
D_0000794557,1,0.816945,1
D_0000794704,1,0.985318,1
D_0000794725,0,0.062658,0
D_0000794746,1,0.996908,1
D_0000794956,1,0.976444,1
D_0000794998,1,0.991283,1
D_0000795229,1,0.999106,1
D_0000795481,1,0.992597,1
D_0000796132,1,0.989548,1
D_0000796216,1,0.981597,1
D_0000796300,0,0.054068,0
D_0000796321,0,0.238911,0
D_0000796552,1,0.995175,1
D_0000796993,1,0.990272,1
D_0000797623,1,0.993446,1
D_0000797854,0,0.071683,0
D_0000797980,0,0.093422,0
D_0000798547,0,0.411699,1
D_0000798904,1,0.992330,1
D_0000798925,0,0.132631,0
D_0000799114,0,0.459393,1
D_0000799261,0,0.168120,0
D_0000799303,1,0.993639,1
D_0000799597,0,0.020532,0
D_0000799765,1,0.963725,1
D_0000799786,0,0.127098,0
D_0000800311,1,0.983479,1
D_0000800437,1,0.993897,1
D_0000800584,1,0.995284,1
D_0000800689,1,0.993471,1
D_0000800815,1,0.171487,0
D_0000800941,1,0.983683,1
D_0000801256,1,0.248368,1
D_0000801424,0,0.018548,0
D_0000801865,0,0.025103,0
D_0000802684,1,0.988142,1
D_0000803146,1,0.963336,1
D_0000803335,1,0.946038,1
D_0000803671,1,0.995296,1
D_0000803818,1,0.988273,1
D_0000804070,0,0.037096,0
D_0000804259,0,0.014008,0
D_0000804406,0,0.080944,0
D_0000804469,0,0.142320,0
D_0000804574,0,0.025502,0
D_0000804616,1,0.992840,1
D_0000804847,1,0.993173,1
D_0000804889,1,0.995310,1
D_0000805351,1,0.965759,1
D_0000805645,1,0.168128,0
D_0000805666,1,0.994034,1
D_0000805897,0,0.040734,0
D_0000806044,1,0.997721,1
D_0000806191,1,0.823482,1
D_0000806296,0,0.234750,0
D_0000806401,0,0.020257,0
D_0000806779,1,0.994765,1
D_0000806989,0,0.053854,0
D_0000807136,1,0.989068,1
D_0000807346,1,0.988621,1
D_0000807388,1,0.996819,1
D_0000807430,0,0.054410,0
D_0000807472,1,0.048920,0
D_0000807493,1,0.972450,1
D_0000807598,0,0.015095,0
D_0000807661,1,0.995004,1
D_0000807892,1,0.994021,1
D_0000808039,1,0.974438,1
D_0000808312,0,0.052736,0
D_0000808522,0,0.012981,0
D_0000808816,1,0.829287,1
D_0000808921,1,0.987422,1
D_0000809173,0,0.079212,0
D_0000809425,1,0.909326,1
D_0000809719,1,0.994721,1
D_0000809803,0,0.002183,0
D_0000810370,1,0.995447,1
D_0000810559,0,0.081539,0
D_0000810727,0,0.066953,0
D_0000810979,1,0.993799,1
D_0000811000,1,0.994089,1
D_0000811042,0,0.030650,0
D_0000811105,1,0.991004,1
D_0000811252,0,0.079433,0
D_0000811504,1,0.616947,1
D_0000811567,0,0.023836,0
D_0000811588,0,0.324987,1
D_0000811714,0,0.046216,0
D_0000812134,1,0.395475,1
D_0000812806,0,0.012599,0
D_0000812974,1,0.991113,1
D_0000813121,1,0.997588,1
D_0000813436,1,0.996130,1
D_0000813709,1,0.988027,1
D_0000814108,0,0.098391,0
D_0000814444,1,0.979957,1
D_0000814591,0,0.099485,0
D_0000814927,1,0.982768,1
D_0000815011,1,0.988231,1
D_0000815158,0,0.222214,0
D_0000815326,0,0.017990,0
D_0000815578,0,0.120877,0
D_0000815662,0,0.009753,0
D_0000815809,1,0.987262,1
D_0000816040,1,0.991843,1
D_0000816418,1,0.997113,1
D_0000816775,0,0.071948,0
D_0000816859,1,0.988609,1
D_0000817069,1,0.982295,1
D_0000817237,0,0.111866,0
D_0000818035,1,0.113919,0
D_0000818077,0,0.194692,0
D_0000818245,0,0.020090,0
D_0000818350,1,0.986818,1
D_0000819169,1,0.983949,1
D_0000819211,1,0.988132,1
D_0000819316,0,0.043427,0
D_0000819358,0,0.183899,0
D_0000819631,1,0.989752,1
D_0000820093,0,0.027100,0
D_0000820114,0,0.013306,0
D_0000821017,1,0.446780,1
D_0000821227,1,0.103480,0
D_0000821479,0,0.067299,0
D_0000821920,1,0.993913,1
D_0000821941,0,0.244806,0
D_0000822067,0,0.033158,0
D_0000822361,1,0.723711,1
D_0000822382,0,0.148170,0
D_0000822508,1,0.991251,1
D_0000823264,0,0.294602,1
D_0000823579,1,0.996058,1
D_0000823894,0,0.091795,0
D_0000824020,1,0.933714,1
D_0000824209,1,0.991936,1
D_0000824272,1,0.992596,1
D_0000824293,0,0.586665,1
D_0000824335,0,0.149132,0
D_0000824482,1,0.952390,1
D_0000825553,1,0.991750,1
D_0000825826,0,0.030286,0
D_0000826078,1,0.977189,1
D_0000826309,1,0.991532,1
D_0000827380,0,0.132367,0
D_0000827905,0,0.134706,0
D_0000828262,0,0.224759,0
D_0000828703,1,0.990565,1
D_0000828808,1,0.988514,1
D_0000828850,1,0.992662,1
D_0000829312,1,0.124157,0
D_0000829438,0,0.032235,0
D_0000829732,1,0.986398,1
D_0000829879,0,0.008390,0
D_0000830362,0,0.027642,0
D_0000830467,0,0.117375,0
D_0000830635,1,0.950976,1
D_0000830929,1,0.994544,1
D_0000830950,0,0.125407,0
D_0000831160,0,0.190305,0
D_0000831286,1,0.983764,1
D_0000831328,0,0.155277,0
D_0000831370,1,0.997683,1
D_0000831412,0,0.277609,1
D_0000831538,1,0.994960,1
D_0000832000,1,0.965652,1
D_0000832084,1,0.987194,1
D_0000832189,1,0.989129,1
D_0000833092,0,0.014244,0
D_0000833365,1,0.994518,1
D_0000833911,1,0.986759,1
D_0000834037,0,0.258456,1
D_0000834100,1,0.873735,1
D_0000834121,0,0.086242,0
D_0000834835,0,0.035158,0
D_0000835108,1,0.063869,0
D_0000835381,1,0.236617,0
D_0000835885,0,0.337722,1
D_0000835906,1,0.963691,1
D_0000836221,1,0.952403,1
D_0000836662,1,0.069530,0
D_0000836704,0,0.114387,0
D_0000836830,0,0.019077,0
D_0000837229,1,0.994647,1
D_0000837460,1,0.032269,0
D_0000837502,0,0.179443,0
D_0000837649,1,0.995363,1
D_0000837670,0,0.036444,0
D_0000837691,0,0.158832,0
D_0000838069,0,0.256921,1
D_0000838174,1,0.933979,1
D_0000839119,1,0.994790,1
D_0000839266,1,0.997181,1
D_0000839371,1,0.966802,1
D_0000839413,1,0.997502,1
D_0000839476,1,0.985033,1
D_0000840526,0,0.088923,0
D_0000840589,0,0.095331,0
D_0000840778,0,0.071953,0
D_0000841009,1,0.884303,1
D_0000841051,0,0.190377,0
D_0000841240,0,0.026146,0
D_0000841660,1,0.996942,1
D_0000841723,0,0.062052,0
D_0000842731,0,0.050865,0
D_0000843277,1,0.995692,1
D_0000843382,1,0.993021,1
D_0000843466,0,0.044568,0
D_0000844474,1,0.985034,1
D_0000844600,0,0.103539,0
D_0000844663,1,0.989685,1
D_0000844789,1,0.989069,1
D_0000844852,1,0.986883,1
D_0000844873,1,0.993471,1
D_0000844957,0,0.093249,0
D_0000845188,0,0.200485,0
D_0000845356,1,0.192613,0
D_0000845482,1,0.995592,1
D_0000845629,0,0.321228,1
D_0000845902,1,0.922438,1
D_0000846322,0,0.063626,0
D_0000846595,1,0.991080,1
D_0000846721,1,0.996290,1
D_0000846910,1,0.991643,1
D_0000847729,1,0.974626,1
D_0000848065,0,0.144511,0
D_0000848401,0,0.413258,1
D_0000848485,1,0.986808,1
D_0000848674,1,0.989589,1
D_0000848779,1,0.984001,1
D_0000849178,0,0.055506,0
D_0000849283,0,0.045217,0
D_0000849640,0,0.206460,0
D_0000850249,1,0.991348,1
D_0000850984,0,0.413581,1
D_0000851173,0,0.181139,0
D_0000851740,1,0.981047,1
D_0000852202,0,0.035945,0
D_0000852391,0,0.050937,0
D_0000852454,0,0.020682,0
D_0000852832,0,0.119113,0
D_0000852853,1,0.994799,1
D_0000852979,0,0.075186,0
D_0000853021,0,0.076966,0
D_0000853378,0,0.143211,0
D_0000853483,1,0.962659,1
D_0000853504,1,0.995148,1
D_0000853567,1,0.990436,1
D_0000854008,1,0.772423,1
D_0000854197,1,0.994837,1
D_0000854344,1,0.992869,1
D_0000854428,0,0.172007,0
D_0000854827,1,0.989323,1
D_0000854869,1,0.991008,1
D_0000855352,0,0.014498,0
D_0000855625,0,0.024219,0
D_0000855898,0,0.260469,1
D_0000855919,1,0.989886,1
D_0000856003,1,0.927406,1
D_0000856255,0,0.030922,0
D_0000856402,1,0.430069,1
D_0000856549,1,0.998111,1
D_0000856717,1,0.975061,1
D_0000856738,1,0.968573,1
D_0000857431,0,0.023447,0
D_0000858019,0,0.121401,0
D_0000858922,0,0.159481,0
D_0000859279,1,0.985549,1
D_0000859531,0,0.136878,0
D_0000859993,1,0.750120,1
D_0000860014,1,0.993923,1
D_0000860791,1,0.304703,1
D_0000860833,0,0.309048,1
D_0000861274,1,0.994929,1
D_0000861883,0,0.094498,0
D_0000862198,1,0.995502,1
D_0000862261,0,0.017679,0
D_0000862492,0,0.239814,0
D_0000862933,0,0.224268,0
D_0000862954,0,0.029154,0
D_0000863290,0,0.021862,0
D_0000863605,0,0.052081,0
D_0000864088,1,0.988531,1
D_0000864193,0,0.089562,0
D_0000864214,0,0.221124,0
D_0000864466,1,0.988036,1
D_0000864529,1,0.996870,1
D_0000864865,0,0.342108,1
D_0000865243,1,0.963297,1
D_0000865936,1,0.992746,1
D_0000866461,1,0.996876,1
D_0000866545,0,0.034005,0
D_0000866734,0,0.154939,0
D_0000866923,0,0.019896,0
D_0000867028,1,0.991373,1
D_0000867385,1,0.993284,1
D_0000867574,1,0.894937,1
D_0000867847,1,0.989633,1
D_0000867931,1,0.980055,1
D_0000868141,0,0.023051,0
D_0000868351,0,0.047896,0
D_0000868582,1,0.988068,1
D_0000868645,1,0.985925,1
D_0000868855,1,0.979896,1
D_0000869191,0,0.200212,0
D_0000869611,1,0.993195,1
D_0000869800,1,0.992310,1
D_0000869926,0,0.109105,0
D_0000870010,0,0.263029,1
D_0000870031,0,0.060520,0
D_0000870262,1,0.988558,1
D_0000870514,0,0.056186,0
D_0000870808,0,0.047012,0
D_0000871165,0,0.154705,0
D_0000871606,0,0.062736,0
D_0000871816,0,0.031877,0
D_0000871942,0,0.153550,0
D_0000873496,1,0.988281,1
D_0000873979,1,0.994061,1
D_0000874042,0,0.129397,0
D_0000874315,1,0.991255,1
D_0000874903,1,0.980765,1
D_0000875050,1,0.989438,1
D_0000875155,1,0.986625,1
D_0000875281,1,0.998896,1
D_0000875659,1,0.060810,0
D_0000875974,1,0.988164,1
D_0000876226,1,0.992626,1
D_0000876646,1,0.976834,1
D_0000876730,1,0.842829,1
D_0000876982,0,0.037933,0
D_0000877003,1,0.970571,1
D_0000877570,1,0.994235,1
D_0000878242,0,0.077390,0
D_0000879208,1,0.990682,1
D_0000879754,1,0.989267,1
D_0000880132,1,0.986926,1
D_0000880384,0,0.130285,0
D_0000880573,0,0.187848,0
D_0000880741,1,0.984409,1
D_0000881035,0,0.088051,0
D_0000882127,0,0.045630,0
D_0000882211,0,0.004453,0
D_0000882316,0,0.038017,0
D_0000882358,0,0.035108,0
D_0000882715,0,0.125858,0
D_0000884269,1,0.990081,1
D_0000884794,0,0.052390,0
D_0000885004,0,0.116158,0
D_0000885235,1,0.104463,0
D_0000885403,1,0.981804,1
D_0000885466,1,0.993686,1
D_0000886054,0,0.152574,0
D_0000886222,0,0.013175,0
D_0000886432,0,0.073650,0
D_0000886852,1,0.988320,1
D_0000887020,1,0.993029,1
D_0000887146,1,0.972056,1
D_0000887167,1,0.983179,1
D_0000887356,1,0.965197,1
D_0000887377,0,0.260750,1
D_0000887608,1,0.993174,1
D_0000887839,0,0.154085,0
D_0000888049,1,0.990305,1
D_0000888112,1,0.988273,1
D_0000888826,1,0.947873,1
D_0000889918,1,0.993435,1
D_0000890296,0,0.060012,0
D_0000890380,1,0.218996,0
D_0000890674,0,0.076956,0
D_0000890695,1,0.956327,1
D_0000890821,1,0.985155,1
D_0000890842,1,0.148961,0
D_0000891031,0,0.032283,0
D_0000891451,1,0.998201,1
D_0000891661,1,0.904260,1
D_0000891934,1,0.990002,1
D_0000892186,1,0.992513,1
D_0000892228,1,0.988669,1
D_0000892480,0,0.086952,0
D_0000892585,1,0.987164,1
D_0000893026,1,0.122152,0
D_0000893698,1,0.993192,1
D_0000893950,1,0.214451,0
D_0000894076,1,0.984409,1
D_0000894370,1,0.210230,0
D_0000895000,0,0.102129,0
D_0000895357,1,0.993184,1
D_0000895462,0,0.131105,0
D_0000895567,0,0.092842,0
D_0000896449,0,0.169120,0
D_0000896743,1,0.993162,1
D_0000896911,0,0.202066,0
D_0000897079,0,0.084607,0
D_0000897100,0,0.030969,0
D_0000897268,0,0.049379,0
D_0000897457,1,0.990317,1
D_0000897604,1,0.114936,0
D_0000897919,1,0.991233,1
D_0000897982,1,0.991336,1
D_0000898045,1,0.994336,1
D_0000898297,0,0.152547,0
D_0000899011,0,0.060640,0
D_0000899452,1,0.928311,1
D_0000899725,1,0.996582,1
D_0000900187,0,0.116572,0
D_0000900355,0,0.043836,0
D_0000900397,0,0.030052,0
D_0000900481,1,0.984463,1
D_0000901006,0,0.105776,0
D_0000901174,0,0.196880,0
D_0000901363,1,0.995719,1
D_0000901594,0,0.079150,0
D_0000901636,0,0.101208,0
D_0000901825,1,0.936747,1
D_0000901972,0,0.053866,0
D_0000902476,0,0.076072,0
D_0000902518,1,0.062913,0
D_0000902560,0,0.134698,0
D_0000902749,0,0.024489,0
D_0000903127,0,0.032227,0
D_0000903295,1,0.989517,1
D_0000903631,1,0.993097,1
D_0000903820,1,0.993901,1
D_0000903988,1,0.991866,1
D_0000904324,0,0.158078,0
D_0000904387,1,0.987361,1
D_0000904450,0,0.063610,0
D_0000904765,1,0.990209,1
D_0000905647,0,0.000017,0
D_0000906109,1,0.993688,1
D_0000906361,1,0.997964,1
D_0000906718,1,0.955393,1
D_0000906844,1,0.994537,1
D_0000907096,1,0.990159,1
D_0000907117,0,0.109224,0
D_0000907390,1,0.993801,1
D_0000907705,0,0.018030,0
D_0000908251,1,0.982281,1
D_0000908524,0,0.193426,0
D_0000908776,0,0.086016,0
D_0000909049,0,0.139694,0
D_0000909133,1,0.993641,1
D_0000909448,0,0.107882,0
D_0000909637,1,0.990459,1
D_0000910036,0,0.079333,0
D_0000910162,0,0.215301,0
D_0000910414,1,0.508916,1
D_0000910498,0,0.104205,0
D_0000910855,1,0.996386,1
D_0000910939,0,0.030055,0
D_0000911317,0,0.102421,0
D_0000912010,0,0.021102,0
D_0000912241,0,0.119630,0
D_0000912367,0,0.308419,1
D_0000912556,1,0.125032,0
D_0000912598,0,0.055858,0
D_0000912871,1,0.989840,1
D_0000912976,1,0.994995,1
D_0000913312,0,0.042701,0
D_0000913396,1,0.033246,0
D_0000913459,1,0.992988,1
D_0000913606,1,0.080198,0
D_0000913795,1,0.997711,1
D_0000913921,0,0.019761,0
D_0000914068,1,0.929991,1
D_0000914173,1,0.939633,1
D_0000914257,1,0.993723,1
D_0000915265,1,0.271500,1
D_0000915454,0,0.013704,0
D_0000915538,0,0.089762,0
D_0000915727,0,0.194060,0
D_0000916042,1,0.980682,1
D_0000916084,1,0.377308,1
D_0000916252,0,0.023158,0
D_0000917113,1,0.996609,1
D_0000917176,1,0.995357,1
D_0000917197,1,0.979826,1
D_0000917869,0,0.073684,0
D_0000917911,0,0.010014,0
D_0000918037,0,0.023337,0
D_0000918142,0,0.007544,0
D_0000918268,0,0.092449,0
D_0000918331,0,0.216159,0
D_0000918562,1,0.994224,1
D_0000918730,0,0.465093,1
D_0000918835,1,0.993118,1
D_0000919276,0,0.019464,0
D_0000919402,0,0.590334,1
D_0000919780,1,0.946899,1
D_0000920053,0,0.012512,0
D_0000920389,0,0.075729,0
D_0000920809,1,0.989692,1
D_0000920914,1,0.990554,1
D_0000921313,1,0.992566,1
D_0000921355,1,0.226005,0
D_0000921397,1,0.996776,1
D_0000921586,0,0.172713,0
D_0000921796,1,0.995570,1
D_0000922027,0,0.244872,0
D_0000922657,1,0.991600,1
D_0000922678,1,0.986053,1
D_0000922762,1,0.993922,1
D_0000922825,1,0.990570,1
D_0000923140,1,0.994114,1
D_0000923287,0,0.051868,0
D_0000923728,1,0.953312,1
D_0000923833,0,0.230363,0
D_0000924043,0,0.034364,0
D_0000924169,1,0.995785,1
D_0000924253,0,0.049077,0
D_0000924337,1,0.994863,1
D_0000924421,1,0.993192,1
D_0000924652,0,0.067141,0
D_0000924946,1,0.974831,1
D_0000925051,0,0.024994,0
D_0000925387,1,0.902738,1
D_0000925534,0,0.359421,1
D_0000926080,0,0.336107,1
D_0000926584,0,0.046763,0
D_0000926815,1,0.996417,1
D_0000926878,0,0.058361,0
D_0000927151,1,0.962600,1
D_0000927319,1,0.974422,1
D_0000927697,0,0.009536,0
D_0000927865,1,0.958530,1
D_0000928159,1,0.391941,1
D_0000928390,0,0.052681,0
D_0000928495,1,0.992155,1
D_0000929041,0,0.102981,0
D_0000929272,1,0.998645,1
D_0000929398,1,0.986767,1
D_0000929587,1,0.988294,1
D_0000929671,1,0.995429,1
D_0000929776,1,0.186005,0
D_0000930952,0,0.097529,0
D_0000930973,1,0.056169,0
D_0000931498,1,0.173861,0
D_0000931855,0,0.127305,0
D_0000931876,0,0.097287,0
D_0000932023,1,0.992051,1
D_0000932275,1,0.997724,1
D_0000932443,0,0.059509,0
D_0000933325,1,0.971661,1
D_0000934249,0,0.124689,0
D_0000934312,1,0.975510,1
D_0000934627,1,0.986845,1
D_0000934732,0,0.047702,0
D_0000934900,1,0.983013,1
D_0000935110,0,0.053241,0
D_0000935194,1,0.121572,0
D_0000935299,1,0.988081,1
D_0000935362,1,0.971154,1
D_0000935383,0,0.077904,0
D_0000935425,1,0.993907,1
D_0000935929,1,0.995174,1
D_0000935971,0,0.285608,1
D_0000936034,0,0.194384,0
D_0000936139,1,0.986837,1
D_0000936160,0,0.109786,0
D_0000936370,0,0.188801,0
D_0000936811,1,0.995360,1
D_0000936958,1,0.975144,1
D_0000937168,0,0.059821,0
D_0000937399,0,0.147347,0
D_0000937483,1,0.987118,1
D_0000937588,0,0.055533,0
D_0000938071,0,0.138056,0
D_0000938155,0,0.114619,0
D_0000938281,0,0.538670,1
D_0000938365,1,0.999062,1
D_0000938428,0,0.109192,0
D_0000938470,0,0.051186,0
D_0000938701,1,0.995941,1
D_0000938953,0,0.228952,0
D_0000939457,1,0.988632,1
D_0000939877,0,0.124212,0
D_0000939961,1,0.989724,1
D_0000940045,1,0.990014,1
D_0000940066,1,0.995031,1
D_0000940318,1,0.995728,1
D_0000940843,0,0.028248,0
D_0000940948,1,0.990551,1
D_0000941095,1,0.992706,1
D_0000941410,1,0.051610,0
D_0000941557,1,0.977936,1
D_0000941788,0,0.042247,0
D_0000942082,1,0.992732,1
D_0000942187,1,0.994263,1
D_0000942523,1,0.988794,1
D_0000942649,0,0.101857,0
D_0000943888,1,0.984903,1
D_0000943930,0,0.134896,0
D_0000944203,1,0.998545,1
D_0000944749,1,0.993897,1
D_0000944938,0,0.044715,0
D_0000944980,1,0.992543,1
D_0000945022,0,0.125174,0
D_0000946639,0,0.024187,0
D_0000946765,0,0.325705,1
D_0000946933,0,0.090601,0
D_0000947206,1,0.436740,1
D_0000947353,1,0.988763,1
D_0000947773,1,0.992030,1
D_0000948592,0,0.039658,0
D_0000948655,1,0.301319,1
D_0000949012,1,0.997687,1
D_0000949054,0,0.018108,0
D_0000949201,1,0.997652,1
D_0000949285,0,0.049612,0
D_0000949306,1,0.096254,0
D_0000949600,1,0.991651,1
D_0000949978,1,0.996053,1
D_0000950230,1,0.989049,1
D_0000950461,0,0.041522,0
D_0000950545,0,0.125384,0
D_0000950818,1,0.994572,1
D_0000951049,1,0.995897,1
D_0000951427,0,0.019780,0
D_0000951532,1,0.995115,1
D_0000951784,0,0.035266,0
D_0000951868,1,0.895108,1
D_0000952162,0,0.097735,0
D_0000953065,0,0.032356,0
D_0000953338,0,0.204433,0
D_0000954010,1,0.992809,1
D_0000954304,0,0.021300,0
D_0000955228,1,0.981968,1
D_0000955543,0,0.013428,0
D_0000955984,1,0.203518,0
D_0000957370,0,0.117665,0
D_0000957433,1,0.993982,1
D_0000957517,1,0.993742,1
D_0000957832,0,0.028730,0
D_0000958231,1,0.981145,1
D_0000958378,0,0.005843,0
D_0000958462,0,0.053753,0
D_0000959281,1,0.993440,1
D_0000959386,1,0.990440,1
D_0000960814,1,0.975427,1
D_0000961255,0,0.078201,0
D_0000961276,0,0.229134,0
D_0000961318,0,0.064846,0
D_0000962725,1,0.104964,0
D_0000962767,1,0.992404,1
D_0000963334,0,0.062106,0
D_0000963838,0,0.139653,0
D_0000963943,0,0.223430,0
D_0000964027,0,0.121151,0
D_0000964069,1,0.976080,1
D_0000964174,0,0.129663,0
D_0000964468,1,0.996486,1
D_0000964762,1,0.990500,1
D_0000965203,1,0.988076,1
D_0000965287,0,0.253815,1
D_0000965707,0,0.117421,0
D_0000965728,1,0.984242,1
D_0000966379,1,0.988484,1
D_0000966547,0,0.461099,1
D_0000966820,0,0.028850,0
D_0000966925,0,0.053860,0
D_0000966946,1,0.989175,1
D_0000967156,1,0.134416,0
D_0000967261,1,0.996929,1
D_0000967324,1,0.763932,1
D_0000967765,0,0.089852,0
D_0000968122,0,0.021818,0
D_0000968311,0,0.028543,0
D_0000968374,0,0.186884,0
D_0000969403,1,0.980570,1
D_0000969487,1,0.991730,1
D_0000969571,1,0.321711,1
D_0000969613,0,0.093723,0
D_0000969718,1,0.991598,1
D_0000969760,1,0.934220,1
D_0000970222,0,0.149968,0
D_0000970327,1,0.993215,1
D_0000970579,1,0.982863,1
D_0000970810,0,0.115407,0
D_0000971104,0,0.025596,0
D_0000971377,1,0.987791,1
D_0000971545,0,0.458102,1
D_0000971566,0,0.087288,0
D_0000971608,0,0.156322,0
D_0000971713,1,0.995683,1
D_0000972301,0,0.034562,0
D_0000973036,1,0.985879,1
D_0000973393,1,0.984858,1
D_0000973603,0,0.040516,0
D_0000973645,0,0.011506,0
D_0000974737,1,0.993533,1
D_0000975199,0,0.294966,1
D_0000975241,1,0.986335,1
D_0000975430,1,0.997745,1
D_0000975913,0,0.036027,0
D_0000976354,1,0.993000,1
D_0000976648,1,0.997581,1
D_0000977089,1,0.609400,1
D_0000977614,1,0.993158,1
D_0000977950,1,0.993668,1
D_0000978580,0,0.141295,0
D_0000978811,0,0.058422,0
D_0000979021,0,0.050866,0
D_0000980113,1,0.964868,1
D_0000980344,1,0.986672,1
D_0000980428,0,0.201868,0
D_0000980806,0,0.122902,0
D_0000981184,1,0.993199,1
D_0000981373,0,0.008022,0
D_0000981457,0,0.066853,0
D_0000982213,1,0.989899,1
D_0000982276,0,0.006551,0
D_0000982696,1,0.929926,1
D_0000982864,0,0.017495,0
D_0000984124,1,0.991726,1
D_0000984355,1,0.995035,1
D_0000984670,1,0.986679,1
D_0000985006,0,0.059403,0
D_0000985615,0,0.299785,1
D_0000985699,1,0.615350,1
D_0000987253,1,0.976066,1
D_0000987610,0,0.109039,0
D_0000987715,1,0.990036,1
D_0000988093,1,0.984032,1
D_0000988156,1,0.978797,1
D_0000988408,1,0.979251,1
D_0000989290,0,0.086076,0
D_0000989311,0,0.023815,0
D_0000989416,1,0.995598,1
D_0000989773,1,0.980052,1
D_0000990130,1,0.995386,1
D_0000990445,1,0.993357,1
D_0000991201,0,0.028754,0
D_0000991327,0,0.080773,0
D_0000991411,0,0.060438,0
D_0000991516,0,0.067407,0
D_0000991579,1,0.995883,1
D_0000991789,1,0.995803,1
D_0000992083,0,0.000381,0
D_0000992356,1,0.982770,1
D_0000992482,1,0.988630,1
D_0000992692,0,0.086497,0
D_0000992965,1,0.996886,1
D_0000993364,0,0.026497,0
D_0000993469,1,0.993745,1
D_0000993490,1,0.990749,1
D_0000993700,0,0.308552,1
D_0000993763,0,0.111526,0
D_0000994099,0,0.073891,0
D_0000994288,0,0.252993,1
D_0000995065,1,0.993961,1
D_0000995359,1,0.997843,1
D_0000995569,1,0.992189,1
D_0000995989,1,0.991736,1
D_0000996304,1,0.981322,1
D_0000996682,0,0.077373,0
D_0000997312,0,0.077246,0
D_0000997354,1,0.949482,1
D_0000997375,1,0.986748,1
D_0000997438,1,0.963882,1
D_0000997690,1,0.939704,1
D_0000998131,1,0.370731,1
D_0000998173,0,0.063054,0
D_0000998257,0,0.113109,0
D_0000998467,0,0.108729,0
D_0000998929,1,0.989603,1
D_0000998992,1,0.987453,1
D_0000999244,0,0.110892,0
D_0000999370,0,0.475432,1
D_0000999748,1,0.451942,1
D_0000999832,0,0.265721,1
D_0000999853,0,0.018170,0
D_0000999874,1,0.989304,1
D_0001000735,0,0.166505,0
D_0001000987,0,0.009633,0
D_0001001323,1,0.984735,1
D_0001001491,0,0.073663,0
D_0001001533,0,0.116907,0
D_0001001638,1,0.988519,1
D_0001001932,1,0.901499,1
D_0001002205,1,0.979860,1
D_0001002730,1,0.997365,1
D_0001002898,0,0.384150,1
D_0001003171,0,0.164663,0
D_0001003192,1,0.981216,1
D_0001003633,1,0.129750,0
D_0001003801,1,0.997042,1
D_0001005439,0,0.695943,1
D_0001005523,0,0.173289,0
D_0001005607,1,0.948749,1
D_0001005733,0,0.004591,0
D_0001005754,1,0.981403,1
D_0001006531,0,0.132104,0
D_0001007392,1,0.988219,1
D_0001007560,0,0.158906,0
D_0001007665,1,0.032077,0
D_0001007707,1,0.992497,1
D_0001007875,0,0.006300,0
D_0001008253,1,0.990942,1
D_0001008505,0,0.078895,0
D_0001010038,0,0.015121,0
D_0001010227,0,0.103251,0
D_0001010269,0,0.186113,0
D_0001010353,0,0.059777,0
D_0001010374,1,0.868883,1
D_0001010605,0,0.016211,0
D_0001010731,1,0.949952,1
D_0001010878,0,0.099170,0
D_0001011802,1,0.938556,1
D_0001011949,0,0.008680,0
D_0001012327,0,0.000356,0
D_0001012768,0,0.067447,0
D_0001012915,0,0.171429,0
D_0001012936,1,0.983653,1
D_0001012978,1,0.994732,1
D_0001013146,0,0.148112,0
D_0001013461,1,0.995600,1
D_0001013608,0,0.643947,1
D_0001014175,1,0.988685,1
D_0001014700,0,0.058436,0
D_0001014784,1,0.901693,1
D_0001015267,0,0.278449,1
D_0001015330,1,0.994680,1
D_0001015414,1,0.994841,1
D_0001015792,1,0.583136,1
D_0001016002,1,0.993052,1
D_0001017115,0,0.081577,0
D_0001017787,0,0.111552,0
D_0001017850,1,0.959722,1
D_0001017997,1,0.995501,1
D_0001018585,0,0.179007,0
D_0001018627,1,0.974726,1
D_0001018816,0,0.129775,0
D_0001019488,1,0.992444,1
D_0001019593,1,0.262425,1
D_0001019656,1,0.987698,1
D_0001019677,1,0.025824,0
D_0001020097,0,0.057882,0
D_0001020265,1,0.961385,1
D_0001020538,1,0.989995,1
D_0001020664,1,0.751054,1
D_0001020706,1,0.908938,1
D_0001020748,1,0.988600,1
D_0001020790,0,0.312010,1
D_0001021147,1,0.987285,1
D_0001021672,0,0.115755,0
D_0001021693,0,0.327995,1
D_0001022680,0,0.318822,1
D_0001023205,1,0.945421,1
D_0001023961,0,0.020301,0
D_0001023982,1,0.990766,1
D_0001024633,1,0.974896,1
D_0001024864,0,0.055886,0
D_0001024948,1,0.994630,1
D_0001025116,1,0.995467,1
D_0001025284,0,0.051394,0
D_0001025389,0,0.036484,0
D_0001025557,0,0.359319,1
D_0001025767,1,0.992227,1
D_0001025956,1,0.992444,1
D_0001026103,1,0.986100,1
D_0001026145,1,0.996589,1
D_0001026964,0,0.037593,0
D_0001027363,1,0.992374,1
D_0001027972,1,0.986079,1
D_0001028077,0,0.043186,0
D_0001028119,1,0.988675,1
D_0001028371,0,0.186897,0
D_0001028833,0,0.092526,0
D_0001028980,0,0.157529,0
D_0001029043,1,0.978863,1
D_0001029274,0,0.045204,0
D_0001029316,1,0.984548,1
D_0001029337,0,0.070864,0
D_0001029820,1,0.103281,0
D_0001030156,0,0.012860,0
D_0001030492,0,0.004520,0
D_0001030744,0,0.018500,0
D_0001031164,1,0.977593,1
D_0001031605,1,0.511037,1
D_0001031899,0,0.170150,0
D_0001031983,0,0.149564,0
D_0001032319,1,0.985198,1
D_0001032844,0,0.051048,0
D_0001032886,1,0.984753,1
D_0001033117,1,0.965866,1
D_0001033243,1,0.997250,1
D_0001033285,0,0.035308,0
D_0001033390,0,0.066625,0
D_0001034125,1,0.996792,1
D_0001034209,1,0.985385,1
D_0001034335,1,0.995304,1
D_0001034524,0,0.112680,0
D_0001034566,1,0.994855,1
D_0001034902,0,0.073796,0
D_0001035280,1,0.986452,1
D_0001035595,0,0.252256,1
D_0001035826,1,0.984093,1
D_0001035952,1,0.987537,1
D_0001036351,1,0.992297,1
D_0001036540,1,0.998044,1
D_0001036687,1,0.992681,1
D_0001036729,1,0.971532,1
D_0001036813,0,0.273975,1
D_0001037044,0,0.179759,0
D_0001037359,0,0.100852,0
D_0001037506,0,0.322380,1
D_0001037821,1,0.993530,1
D_0001038472,0,0.014599,0
D_0001038535,1,0.998618,1
D_0001038682,0,0.125768,0
D_0001039018,1,0.985277,1
D_0001039711,1,0.274116,1
D_0001039900,1,0.996215,1
D_0001040110,0,0.121470,0
D_0001040614,1,0.983665,1
D_0001041076,0,0.032055,0
D_0001041307,0,0.071622,0
D_0001041475,1,0.956895,1
D_0001041748,1,0.987165,1
D_0001041874,1,0.879898,1
D_0001042315,1,0.935985,1
D_0001042546,1,0.992524,1
D_0001042567,0,0.020489,0
D_0001042735,0,0.567305,1
D_0001043155,1,0.998371,1
D_0001044184,1,0.987686,1
D_0001044289,1,0.992186,1
D_0001044436,0,0.004005,0
D_0001044667,0,0.339750,1
D_0001045171,1,0.992174,1
D_0001045192,0,0.084704,0
D_0001045591,0,0.222590,0
D_0001045843,1,0.988645,1
D_0001046158,0,0.011863,0
D_0001046662,0,0.092416,0
D_0001047523,1,0.998114,1
D_0001047607,0,0.088384,0
D_0001047670,0,0.065191,0
D_0001047838,0,0.258427,1
D_0001047922,0,0.358648,1
D_0001048384,1,0.989612,1
D_0001049245,1,0.887756,1
D_0001049329,0,0.193919,0
D_0001050001,1,0.989344,1
D_0001050190,0,0.086417,0
D_0001050274,0,0.061149,0
D_0001050673,1,0.990483,1
D_0001050967,1,0.039111,0
D_0001051114,0,0.073349,0
D_0001051912,0,0.224473,0
D_0001052542,0,0.211053,0
D_0001052584,1,0.935822,1
D_0001052710,0,0.492431,1
D_0001053088,1,0.983973,1
D_0001053193,0,0.024102,0
D_0001053550,0,0.110978,0
D_0001053844,1,0.163019,0
D_0001054117,1,0.368446,1
D_0001054159,0,0.102425,0
D_0001054978,1,0.988622,1
D_0001055083,1,0.989195,1
D_0001055776,1,0.983736,1
D_0001056049,1,0.992035,1
D_0001056175,0,0.362711,1
D_0001056490,0,0.079829,0
D_0001056553,1,0.995702,1
D_0001057771,1,0.158960,0
D_0001057939,0,0.336116,1
D_0001058002,1,0.980093,1
D_0001058170,0,0.027142,0
D_0001058590,1,0.969667,1
D_0001058800,0,0.140564,0
D_0001059514,1,0.963359,1
D_0001059976,0,0.167337,0
D_0001060039,0,0.099501,0
D_0001060417,0,0.050762,0
D_0001060753,0,0.096411,0
D_0001061362,1,0.987762,1
D_0001061698,0,0.040389,0
D_0001061908,0,0.047426,0
D_0001062244,0,0.331036,1
D_0001062601,0,0.049959,0
D_0001063063,0,0.039739,0
D_0001063126,0,0.125394,0
D_0001063693,1,0.994316,1
D_0001063735,1,0.994080,1
D_0001064008,0,0.040390,0
D_0001064218,1,0.969119,1
D_0001064596,0,0.076239,0
D_0001064764,1,0.978393,1
D_0001064890,0,0.148567,0
D_0001065142,0,0.054229,0
D_0001065415,1,0.979127,1
D_0001065478,0,0.035536,0
D_0001065520,1,0.995915,1
D_0001065562,0,0.047035,0
D_0001065919,1,0.993765,1
D_0001066003,0,0.266722,1
D_0001066150,1,0.997183,1
D_0001067284,0,0.028426,0
D_0001067389,1,0.995001,1
D_0001067683,1,0.980095,1
D_0001067725,0,0.070633,0
D_0001068292,1,0.992067,1
D_0001068691,0,0.107621,0
D_0001069006,0,0.272967,1
D_0001069279,0,0.029714,0
D_0001070224,0,0.121010,0
D_0001070371,0,0.062367,0
D_0001070833,0,0.168810,0
D_0001071337,0,0.296665,1
D_0001071442,1,0.998404,1
D_0001071862,0,0.134519,0
D_0001072471,1,0.990336,1
D_0001072723,1,0.923576,1
D_0001073164,1,0.977221,1
D_0001073185,0,0.083120,0
D_0001073647,1,0.984070,1
D_0001074046,1,0.995101,1
D_0001074151,1,0.991174,1
D_0001074445,1,0.997911,1
D_0001074592,1,0.979713,1
D_0001074991,1,0.119444,0
D_0001075600,0,0.008732,0
D_0001075915,1,0.983907,1
D_0001076125,0,0.130813,0
D_0001076818,1,0.991506,1
D_0001076944,1,0.998564,1
D_0001077280,1,0.056452,0
D_0001077658,0,0.062226,0
D_0001078036,1,0.087448,0
D_0001078624,0,0.069612,0
D_0001079128,0,0.037764,0
D_0001080073,1,0.971702,1
D_0001080262,1,0.981852,1
D_0001080535,1,0.993976,1
D_0001080640,1,0.084114,0
D_0001081228,1,0.985836,1
D_0001081795,1,0.993119,1
D_0001082047,0,0.074466,0
D_0001082110,1,0.990650,1
D_0001082320,0,0.115907,0
D_0001082614,1,0.971267,1
D_0001082635,1,0.996062,1
D_0001082971,1,0.872418,1
D_0001082992,0,0.077849,0
D_0001084294,1,0.973361,1
D_0001084441,1,0.981241,1
D_0001085491,1,0.983263,1
D_0001086289,1,0.987501,1
D_0001086310,1,0.888359,1
D_0001086331,1,0.993812,1
D_0001086394,1,0.995062,1
D_0001086604,0,0.455787,1
D_0001087066,1,0.995014,1
D_0001087087,0,0.122636,0
D_0001087171,0,0.028131,0
D_0001088137,1,0.997705,1
D_0001088620,1,0.955256,1
D_0001088998,1,0.941631,1
D_0001089082,0,0.215569,0
D_0001089376,1,0.993342,1
D_0001089733,0,0.105549,0
D_0001089943,1,0.189368,0
D_0001089964,1,0.993397,1
D_0001090783,0,0.043877,0
D_0001091224,0,0.126578,0
D_0001091476,1,0.239647,0
D_0001091749,1,0.980200,1
D_0001091770,1,0.990529,1
D_0001091980,0,0.128417,0
D_0001092379,0,0.079730,0
D_0001092547,1,0.995450,1
D_0001092610,1,0.995251,1
D_0001092715,1,0.997112,1
D_0001093009,1,0.986108,1
D_0001093114,1,0.997332,1
D_0001093135,1,0.998283,1
D_0001093303,1,0.995893,1
D_0001093597,0,0.163964,0
D_0001094143,0,0.069953,0
D_0001094269,1,0.988133,1
D_0001094311,1,0.494759,1
D_0001094458,0,0.138134,0
D_0001094479,0,0.056605,0
D_0001094836,1,0.994121,1
D_0001095151,1,0.279170,1
D_0001095361,0,0.414905,1
D_0001096285,1,0.980269,1
D_0001096327,1,0.963532,1
D_0001096600,1,0.995258,1
D_0001096831,0,0.075960,0
D_0001096936,1,0.989072,1
D_0001097083,1,0.996779,1
D_0001097125,1,0.953192,1
D_0001097398,0,0.035840,0
D_0001097860,1,0.987517,1
D_0001097986,1,0.988226,1
D_0001098343,1,0.927771,1
D_0001099078,1,0.267778,1
D_0001099120,1,0.207959,0
D_0001099162,0,0.257799,1
D_0001099330,0,0.085741,0
D_0001100170,1,0.992252,1
D_0001100359,1,0.994891,1
D_0001100464,0,0.087238,0
D_0001101241,1,0.996721,1
D_0001101430,1,0.947931,1
D_0001101745,1,0.987771,1
D_0001102081,0,0.126438,0
D_0001102648,0,0.063596,0
D_0001102900,1,0.997155,1
D_0001103194,0,0.006393,0
D_0001104559,0,0.046436,0
D_0001105042,1,0.171317,0
D_0001105126,1,0.985920,1
D_0001105189,0,0.137980,0
D_0001105210,1,0.997287,1
D_0001105231,1,0.986993,1
D_0001105441,1,0.993719,1
D_0001105672,1,0.991284,1
D_0001106008,1,0.991623,1
D_0001106701,1,0.984818,1
D_0001107079,1,0.993639,1
D_0001107373,1,0.162539,0
D_0001108129,0,0.088478,0
D_0001108570,0,0.026737,0
D_0001108654,1,0.993265,1
D_0001108738,0,0.172165,0
D_0001109305,0,0.050157,0
D_0001109935,1,0.996064,1
D_0001109956,0,0.238541,0
D_0001110334,0,0.216017,0
D_0001111048,1,0.994752,1
D_0001111405,1,0.994396,1
D_0001111594,1,0.098818,0
D_0001111636,0,0.040468,0
D_0001111804,0,0.063687,0
D_0001111909,0,0.098903,0
D_0001112665,1,0.954396,1
D_0001112791,0,0.034781,0
D_0001112812,0,0.104792,0
D_0001113148,0,0.311899,1
D_0001113274,1,0.997558,1
D_0001113316,0,0.135067,0
D_0001113820,0,0.018494,0
D_0001114198,0,0.187991,0
D_0001114828,1,0.923601,1
D_0001114975,1,0.994625,1
D_0001115353,1,0.996008,1
D_0001115416,1,0.998135,1
D_0001115584,0,0.054913,0
D_0001115794,0,0.086339,0
D_0001115857,0,0.046817,0
D_0001116046,1,0.994917,1
D_0001116634,0,0.015314,0
D_0001116655,1,0.513131,1
D_0001116697,1,0.112148,0
D_0001116718,1,0.986453,1
D_0001116823,1,0.997997,1
D_0001116886,0,0.069688,0
D_0001116907,0,0.088082,0
D_0001117222,0,0.030990,0
D_0001117327,0,0.120820,0
D_0001117432,0,0.046981,0
D_0001117852,1,0.986778,1
D_0001117978,0,0.252465,1
D_0001118020,0,0.236906,0
D_0001118083,0,0.156633,0
D_0001118167,0,0.017743,0
D_0001118293,0,0.222795,0
D_0001118335,1,0.980597,1
D_0001118881,0,0.149908,0
D_0001119469,0,0.064756,0
D_0001119637,0,0.076666,0
D_0001119742,1,0.998035,1
D_0001120603,0,0.571038,1
D_0001121296,0,0.022824,0
D_0001121632,0,0.099995,0
D_0001121989,0,0.031913,0
D_0001122052,0,0.010171,0
D_0001122283,0,0.105244,0
D_0001122514,0,0.069093,0
D_0001122745,0,0.075918,0
D_0001123375,0,0.148052,0
D_0001123396,1,0.990133,1
D_0001123501,1,0.971150,1
D_0001123648,1,0.952320,1
D_0001124299,1,0.994282,1
D_0001125013,1,0.996826,1
D_0001125055,0,0.051931,0
D_0001125622,0,0.309924,1
D_0001125916,1,0.989028,1
D_0001126042,1,0.995947,1
D_0001126210,1,0.991901,1
D_0001126315,0,0.223893,0
D_0001126399,0,0.350622,1
D_0001127092,1,0.974642,1
D_0001127659,1,0.985021,1
D_0001127848,1,0.990430,1
D_0001128058,0,0.031828,0
D_0001128100,0,0.084993,0
D_0001128604,0,0.053343,0
D_0001128667,0,0.061257,0
D_0001128730,1,0.983932,1
D_0001128751,1,0.996252,1
D_0001129003,0,0.088841,0
D_0001129486,0,0.043919,0
D_0001129612,1,0.989788,1
D_0001129759,1,0.991307,1
D_0001130263,1,0.968812,1
D_0001130452,0,0.068738,0
D_0001130557,0,0.036182,0
D_0001130662,0,0.197443,0
D_0001131628,0,0.047080,0
D_0001131691,0,0.330692,1
D_0001131796,1,0.450262,1
D_0001132720,1,0.993502,1
D_0001132825,1,0.995708,1
D_0001133539,0,0.097026,0
D_0001133560,1,0.988981,1
D_0001133875,0,0.021392,0
D_0001133917,1,0.988523,1
D_0001134316,0,0.100603,0
D_0001134400,1,0.975019,1
D_0001134526,1,0.970678,1
D_0001134589,0,0.042196,0
D_0001134736,1,0.979692,1
D_0001134757,1,0.119263,0
D_0001135534,1,0.994571,1
D_0001136185,0,0.021188,0
D_0001136731,1,0.989318,1
D_0001136983,1,0.988051,1
D_0001137529,0,0.286880,1
D_0001137592,1,0.984738,1
D_0001138453,0,0.053038,0
D_0001138537,0,0.018563,0
D_0001139020,1,0.901993,1
D_0001139083,0,0.019567,0
D_0001139125,1,0.997609,1
D_0001139335,0,0.019755,0
D_0001139965,0,0.000100,0
D_0001140805,1,0.996519,1
D_0001141183,1,0.974047,1
D_0001141897,1,0.995320,1
D_0001142212,1,0.995935,1
D_0001142338,1,0.986864,1
D_0001142464,1,0.975136,1
D_0001142695,0,0.133217,0
D_0001142779,0,0.009213,0
D_0001142968,1,0.992346,1
D_0001143535,1,0.468810,1
D_0001143724,1,0.996086,1
D_0001143871,1,0.910675,1
D_0001144249,1,0.997413,1
D_0001144438,0,0.025291,0
D_0001144522,1,0.448550,1
D_0001144816,0,0.166673,0
D_0001145236,1,0.980934,1
D_0001145299,0,0.380478,1
D_0001145341,0,0.063418,0
D_0001145383,0,0.054150,0
D_0001145509,0,0.072780,0
D_0001145614,0,0.060723,0
D_0001145635,0,0.066916,0
D_0001146433,0,0.260398,1
D_0001146559,1,0.127098,0
D_0001146643,0,0.052295,0
D_0001146727,1,0.990017,1
D_0001147294,0,0.063210,0
D_0001147525,1,0.995568,1
D_0001147798,1,0.988520,1
D_0001148134,0,0.210698,0
D_0001148554,0,0.031751,0
D_0001148722,0,0.109116,0
D_0001149163,0,0.194044,0
D_0001149226,1,0.988783,1
D_0001149247,1,0.992341,1
D_0001149583,0,0.108276,0
D_0001150045,1,0.828013,1
D_0001150066,1,0.990330,1
D_0001150087,1,0.978319,1
D_0001150360,0,0.043519,0
D_0001150969,1,0.991907,1
D_0001151389,0,0.070427,0
D_0001151641,0,0.070910,0
D_0001151851,1,0.984153,1
D_0001152145,0,0.193379,0
D_0001152187,0,0.014819,0
D_0001152229,0,0.041710,0
D_0001152271,0,0.043249,0
D_0001152775,0,0.644234,1
D_0001153006,0,0.113783,0
D_0001153069,0,0.057816,0
D_0001153195,1,0.995679,1
D_0001153363,0,0.059420,0
D_0001153405,1,0.988867,1
D_0001153720,1,0.114327,0
D_0001153762,0,0.070902,0
D_0001153867,0,0.019419,0
D_0001153972,0,0.073366,0
D_0001154245,0,0.061626,0
D_0001155043,1,0.987086,1
D_0001156450,1,0.510916,1
D_0001156723,1,0.872625,1
D_0001156828,1,0.981360,1
D_0001156996,0,0.060929,0
D_0001157584,1,0.995077,1
D_0001157983,1,0.335465,1
D_0001158382,1,0.995333,1
D_0001158718,0,0.053908,0
D_0001158739,1,0.834527,1
D_0001158991,1,0.991630,1
D_0001159033,1,0.994701,1
D_0001159222,0,0.088368,0
D_0001159432,1,0.983113,1
D_0001159600,1,0.997049,1
D_0001160020,0,0.105962,0
D_0001160545,0,0.118856,0
D_0001160734,0,0.029098,0
D_0001161196,1,0.640150,1
D_0001161280,1,0.997387,1
D_0001161490,0,0.235700,0
D_0001161826,0,0.046271,0
D_0001161868,0,0.017161,0
D_0001162456,1,0.992347,1
D_0001163170,0,0.149742,0
D_0001163674,0,0.052660,0
D_0001163842,1,0.333108,1
D_0001164094,0,0.048345,0
D_0001164157,1,0.995721,1
D_0001164283,1,0.997648,1
D_0001164367,0,0.053438,0
D_0001164472,0,0.086584,0
D_0001164829,1,0.972281,1
D_0001164871,0,0.261381,1
D_0001165312,1,0.996380,1
D_0001165690,0,0.104034,0
D_0001165921,0,0.059132,0
D_0001166257,0,0.066310,0
D_0001166425,0,0.097670,0
D_0001167307,0,0.164638,0
D_0001167643,0,0.249550,1
D_0001167895,1,0.960711,1
D_0001168021,1,0.170866,0
D_0001168840,1,0.990357,1
D_0001168966,0,0.049150,0
D_0001169176,1,0.987008,1
D_0001169260,1,0.986609,1
D_0001169449,0,0.124261,0
D_0001169533,1,0.127593,0
D_0001169848,1,0.991504,1
D_0001170037,1,0.991875,1
D_0001170226,0,0.222984,0
D_0001170289,1,0.986138,1
D_0001170310,1,0.995827,1
D_0001170646,1,0.988490,1
D_0001170919,1,0.032793,0
D_0001171045,1,0.951783,1
D_0001171339,0,0.055934,0
D_0001171612,0,0.016168,0
D_0001171864,1,0.987138,1
D_0001172242,0,0.070803,0
D_0001173334,0,0.165797,0
D_0001173376,1,0.991641,1
D_0001173838,0,0.028611,0
D_0001174636,1,0.996096,1
D_0001174720,0,0.051964,0
D_0001175119,0,0.180773,0
D_0001175308,0,0.046413,0
D_0001175455,1,0.175401,0
D_0001175476,0,0.162432,0
D_0001176316,0,0.147028,0
D_0001177492,0,0.048679,0
D_0001178038,0,0.037846,0
D_0001178332,0,0.093707,0
D_0001179382,0,0.136412,0
D_0001179655,0,0.099149,0
D_0001180033,0,0.059333,0
D_0001180411,0,0.024247,0
D_0001180474,1,0.981659,1
D_0001180642,0,0.041964,0
D_0001180726,0,0.107451,0
D_0001181041,1,0.991039,1
D_0001181503,1,0.990930,1
D_0001181650,0,0.185309,0
D_0001181986,1,0.984501,1
D_0001182889,0,0.022940,0
D_0001183057,0,0.148710,0
D_0001183099,0,0.058346,0
D_0001183183,0,0.143026,0
D_0001183414,0,0.065511,0
D_0001183498,0,0.190544,0
D_0001184023,1,0.998243,1
D_0001184527,0,0.020371,0
D_0001184989,0,0.220802,0
D_0001185451,1,0.996394,1
D_0001185514,0,0.041470,0
D_0001185556,1,0.991709,1
D_0001185871,0,0.014728,0
D_0001186039,0,0.097180,0
D_0001186354,1,0.317313,1
D_0001186585,0,0.298754,1
D_0001187299,1,0.964575,1
D_0001187551,1,0.997607,1
D_0001188034,0,0.044978,0
D_0001188307,1,0.998782,1
D_0001188454,0,0.033613,0
D_0001188517,0,0.111166,0
D_0001188706,1,0.991600,1
D_0001188916,1,0.099868,0
D_0001188937,0,0.141654,0
D_0001189609,1,0.976125,1
D_0001189756,1,0.693653,1
D_0001189924,1,0.993645,1
D_0001190176,0,0.989940,1
D_0001190386,1,0.221203,0
D_0001190806,0,0.244771,0
D_0001191037,1,0.993833,1
D_0001191100,1,0.972950,1
D_0001191373,1,0.986126,1
D_0001191625,0,0.083946,0
D_0001191772,1,0.972379,1
D_0001191877,0,0.249660,1
D_0001192444,0,0.156301,0
D_0001192801,0,0.189799,0
D_0001193011,0,0.062422,0
D_0001193431,0,0.068404,0
D_0001193914,0,0.079432,0
D_0001194040,1,0.578177,1
D_0001194334,1,0.991605,1
D_0001194985,0,0.055035,0
D_0001195006,0,0.080090,0
D_0001195111,1,0.977045,1
D_0001195510,1,0.992556,1
D_0001195636,0,0.093759,0
D_0001195951,1,0.980535,1
D_0001196035,1,0.038461,0
D_0001196875,0,0.026887,0
D_0001198030,1,0.958018,1
D_0001198555,1,0.993787,1
D_0001198702,0,0.026930,0
D_0001198975,0,0.151029,0
D_0001199605,1,0.994854,1
D_0001199626,1,0.981934,1
D_0001199836,1,0.995625,1
D_0001199878,1,0.973785,1
D_0001200382,1,0.997143,1
D_0001200571,0,0.164960,0
D_0001200760,0,0.215839,0
D_0001200907,0,0.116449,0
D_0001201516,1,0.969904,1
D_0001201600,0,0.060166,0
D_0001201747,1,0.081969,0
D_0001201789,1,0.992994,1
D_0001201831,1,0.984352,1
D_0001201978,1,0.982153,1
D_0001202419,1,0.991482,1
D_0001202440,0,0.156161,0
D_0001202503,0,0.080508,0
D_0001202587,1,0.990385,1
D_0001202650,0,0.019962,0
D_0001202671,0,0.039434,0
D_0001202818,0,0.434003,1
D_0001202902,0,0.072086,0
D_0001203196,0,0.094265,0
D_0001203658,0,0.062591,0
D_0001203994,1,0.998056,1
D_0001204225,1,0.980697,1
D_0001204309,1,0.952209,1
D_0001204645,1,0.917747,1
D_0001205947,1,0.985904,1
D_0001206199,1,0.993519,1
D_0001206640,1,0.975146,1
D_0001207123,0,0.111873,0
D_0001207144,0,0.065721,0
D_0001207480,1,0.997875,1
D_0001207543,1,0.921100,1
D_0001207585,0,0.115270,0
D_0001207837,0,0.203823,0
D_0001207921,0,0.336233,1
D_0001208047,0,0.041951,0
D_0001208446,1,0.992724,1
D_0001208971,0,0.125508,0
D_0001209139,0,0.168441,0
D_0001209265,1,0.048072,0
D_0001209601,1,0.995093,1
D_0001209643,0,0.303742,1
D_0001209748,1,0.959872,1
D_0001210042,0,0.270536,1
D_0001210714,1,0.991362,1
D_0001210903,0,0.028589,0
D_0001211260,1,0.994691,1
D_0001211407,1,0.995522,1
D_0001211596,1,0.457207,1
D_0001211638,1,0.844150,1
D_0001211785,1,0.990790,1
D_0001212289,1,0.996850,1
D_0001212352,1,0.989752,1
D_0001212373,0,0.036625,0
D_0001212415,0,0.102550,0
D_0001212478,0,0.023827,0
D_0001212604,0,0.157444,0
D_0001212919,1,0.992376,1
D_0001213045,0,0.212516,0
D_0001213066,1,0.995982,1
D_0001213759,0,0.227268,0
D_0001213843,0,0.047929,0
D_0001213990,0,0.131897,0
D_0001214074,0,0.190125,0
D_0001214263,0,0.026112,0
D_0001214452,0,0.104847,0
D_0001215397,0,0.386605,1
D_0001215418,1,0.968157,1
D_0001215691,0,0.442167,1
D_0001215754,1,0.981170,1
D_0001215922,0,0.152909,0
D_0001216405,0,0.091468,0
D_0001216657,1,0.988243,1
D_0001216972,1,0.989293,1
D_0001217224,0,0.077071,0
D_0001217392,1,0.993229,1
D_0001217434,1,0.302527,1
D_0001217854,0,0.047574,0
D_0001217917,1,0.982869,1
D_0001218001,1,0.998666,1
D_0001218043,0,0.151850,0
D_0001218190,0,0.093891,0
D_0001218295,0,0.071182,0
D_0001218358,1,0.982230,1
D_0001218799,0,0.047238,0
D_0001219093,1,0.984484,1
D_0001219135,1,0.990986,1
D_0001219492,0,0.039572,0
D_0001219975,1,0.988884,1
D_0001220017,1,0.196942,0
D_0001220122,0,0.227997,0
D_0001220647,1,0.997831,1
D_0001220731,1,0.986937,1
D_0001220899,0,0.075668,0
D_0001221466,1,0.988376,1
D_0001221886,1,0.148657,0
D_0001221928,1,0.995119,1
D_0001222012,1,0.996211,1
D_0001222621,1,0.998688,1
D_0001222852,1,0.174100,0
D_0001222936,1,0.432924,1
D_0001223020,1,0.993623,1
D_0001223293,0,0.040579,0
D_0001223545,0,0.049975,0
D_0001223734,1,0.997715,1
D_0001224049,1,0.988722,1
D_0001224217,1,0.963374,1
D_0001224364,1,0.990905,1
D_0001224448,0,0.029039,0
D_0001224847,1,0.995310,1
D_0001224868,0,0.045109,0
D_0001224952,0,0.067138,0
D_0001224973,1,0.992209,1
D_0001225015,1,0.990694,1
D_0001225078,1,0.116058,0
D_0001225351,1,0.355562,1
D_0001225771,1,0.997423,1
D_0001226149,0,0.030220,0
D_0001227283,1,0.949171,1
D_0001227430,1,0.993529,1
D_0001227472,1,0.985073,1
D_0001227577,1,0.997655,1
D_0001228354,1,0.989899,1
D_0001228648,1,0.973146,1
D_0001229383,1,0.991482,1
D_0001229593,0,0.081860,0
D_0001230076,1,0.994276,1
D_0001230580,1,0.997857,1
D_0001230979,1,0.972334,1
D_0001231126,1,0.992268,1
D_0001231147,1,0.996116,1
D_0001231315,0,0.079817,0
D_0001231399,1,0.995218,1
D_0001231483,0,0.048221,0
D_0001232260,1,0.993276,1
D_0001232470,1,0.932131,1
D_0001232512,1,0.992654,1
D_0001232680,0,0.112354,0
D_0001232869,0,0.309040,1
D_0001233079,1,0.995291,1
D_0001233184,0,0.293338,1
D_0001233331,1,0.982043,1
D_0001233667,0,0.094813,0
D_0001233961,1,0.043018,0
D_0001234864,0,0.083020,0
D_0001235599,0,0.015542,0
D_0001235935,0,0.312707,1
D_0001236061,1,0.987839,1
D_0001236103,0,0.120856,0
D_0001236124,1,0.987901,1
D_0001236712,0,0.017114,0
D_0001236817,1,0.996379,1
D_0001237132,0,0.096327,0
D_0001237174,1,0.981722,1
D_0001237657,1,0.962538,1
D_0001237720,0,0.107377,0
D_0001237783,1,0.988359,1
D_0001237993,1,0.946634,1
D_0001238140,0,0.225860,0
D_0001238413,1,0.991197,1
D_0001238518,0,0.176126,0
D_0001238581,1,0.996598,1
D_0001238602,0,0.034351,0
D_0001238896,1,0.416387,1
D_0001238917,1,0.753368,1
D_0001238980,1,0.989438,1
D_0001239946,1,0.985921,1
D_0001240429,1,0.992498,1
D_0001240618,0,0.020919,0
D_0001241101,1,0.977961,1
D_0001241773,0,0.054612,0
D_0001242193,0,0.050263,0
D_0001242466,0,0.224342,0
D_0001242550,0,0.077194,0
D_0001242655,0,0.413136,1
D_0001243012,1,0.985407,1
D_0001243075,0,0.041347,0
D_0001243180,1,0.151053,0
D_0001243474,1,0.997000,1
D_0001243516,1,0.994052,1
D_0001243579,0,0.049124,0
D_0001243831,1,0.992857,1
D_0001244041,1,0.101597,0
D_0001244230,0,0.147819,0
D_0001244251,1,0.992363,1
D_0001244398,1,0.997432,1
D_0001244503,0,0.164646,0
D_0001244545,1,0.997701,1
D_0001244587,0,0.127771,0
D_0001245112,1,0.992400,1
D_0001245973,1,0.176107,0
D_0001246540,0,0.213646,0
D_0001246792,1,0.974915,1
D_0001247674,0,0.041094,0
D_0001247800,1,0.994688,1
D_0001248409,1,0.995382,1
D_0001248745,1,0.993780,1
D_0001248913,0,0.139185,0
D_0001249165,0,0.184786,0
D_0001249291,1,0.991595,1
D_0001249417,1,0.990262,1
D_0001249585,1,0.545735,1
D_0001249711,0,0.087640,0
D_0001249816,1,0.995622,1
D_0001250131,1,0.991566,1
D_0001250593,0,0.018384,0
D_0001250740,1,0.105147,0
D_0001251181,0,0.116739,0
D_0001252252,0,0.062438,0
D_0001252357,0,0.142140,0
D_0001252441,0,0.193658,0
D_0001252735,1,0.230200,0
D_0001252798,1,0.991721,1
D_0001253113,1,0.994132,1
D_0001253260,1,0.989424,1
D_0001253323,1,0.992042,1
D_0001253512,0,0.020131,0
D_0001253659,1,0.981717,1
D_0001253722,0,0.079490,0
D_0001254226,1,0.993087,1
D_0001254247,0,0.014729,0
D_0001255297,1,0.993271,1
D_0001255339,1,0.993344,1
D_0001255549,1,0.984459,1
D_0001255654,0,0.221691,0
D_0001255717,0,0.020998,0
D_0001255759,1,0.997178,1
D_0001255801,0,0.110923,0
D_0001256347,0,0.165852,0
D_0001256473,0,0.144196,0
D_0001256788,1,0.294156,1
D_0001256998,0,0.002751,0
D_0001257376,1,0.996551,1
D_0001257628,1,0.994413,1
D_0001257880,1,0.934245,1
D_0001258321,1,0.835945,1
D_0001258888,0,0.020049,0
D_0001259098,1,0.992971,1
D_0001259455,1,0.991783,1
D_0001260673,0,0.099046,0
D_0001261618,0,0.240800,0
D_0001262038,0,0.461068,1
D_0001262122,0,0.149883,0
D_0001262374,1,0.877023,1
D_0001262437,1,0.996330,1
D_0001262479,1,0.988536,1
D_0001262605,1,0.973193,1
D_0001262647,1,0.988876,1
D_0001262710,0,0.021723,0
D_0001263550,1,0.991986,1
D_0001263655,1,0.041768,0
D_0001263697,0,0.000078,0
D_0001263718,0,0.195150,0
D_0001263928,0,0.094208,0
D_0001264075,1,0.203048,0
D_0001264621,1,0.136322,0
D_0001264747,0,0.032134,0
D_0001264852,1,0.997466,1
D_0001264978,1,0.994520,1
D_0001265251,0,0.003604,0
D_0001265419,0,0.081808,0
D_0001265650,0,0.617455,1
D_0001266007,1,0.994725,1
D_0001266175,1,0.147632,0
D_0001266196,1,0.994222,1
D_0001266469,1,0.967308,1
D_0001267351,1,0.132749,0
D_0001267435,0,0.079091,0
D_0001267855,1,0.986209,1
D_0001268233,1,0.971734,1
D_0001268548,1,0.987857,1
D_0001268695,1,0.994467,1
D_0001269283,0,0.037515,0
D_0001269724,1,0.995801,1
D_0001269976,0,0.021627,0
D_0001270207,0,0.554534,1
D_0001270417,0,0.064903,0
D_0001270459,0,0.188225,0
D_0001271761,1,0.981897,1
D_0001272181,0,0.039093,0
D_0001272202,0,0.018066,0
D_0001272643,0,0.157483,0
D_0001273084,1,0.992505,1
D_0001273126,0,0.077014,0
D_0001273630,0,0.039141,0
D_0001273882,1,0.992369,1
D_0001273903,1,0.467503,1
D_0001274491,0,0.064712,0
D_0001274533,0,0.371859,1
D_0001275142,0,0.025984,0
D_0001275373,1,0.578247,1
D_0001275982,1,0.992102,1
D_0001276213,0,0.122507,0
D_0001276759,1,0.057647,0
D_0001276780,1,0.977180,1
D_0001277431,0,0.236611,0
D_0001278019,1,0.987632,1
D_0001278040,0,0.027759,0
D_0001278187,1,0.983649,1
D_0001278334,1,0.973343,1
D_0001278523,1,0.991464,1
D_0001279762,1,0.944281,1
D_0001279846,0,0.224939,0
D_0001280644,1,0.983691,1
D_0001280980,1,0.988611,1
D_0001281106,1,0.987415,1
D_0001281127,1,0.986676,1
D_0001281799,1,0.987588,1
D_0001282030,0,0.080412,0
D_0001282051,1,0.993715,1
D_0001282282,1,0.238790,0
D_0001282786,1,0.992382,1
D_0001283416,0,0.045774,0
D_0001283458,1,0.985733,1
D_0001283689,0,0.490473,1
D_0001283773,1,0.992349,1
D_0001284865,1,0.991944,1
D_0001284886,0,0.237711,0
D_0001285369,0,0.177210,0
D_0001286524,1,0.998374,1
D_0001286755,0,0.132127,0
D_0001286839,1,0.991147,1
D_0001286881,1,0.980503,1
D_0001286944,1,0.992662,1
D_0001287469,0,0.000877,0
D_0001288036,0,0.343423,1
D_0001289149,1,0.988862,1
D_0001289548,0,0.079721,0
D_0001289758,0,0.142131,0
D_0001290031,1,0.159486,0
D_0001290178,1,0.984077,1
D_0001290493,1,0.993620,1
D_0001290556,0,0.289543,1
D_0001290619,1,0.990758,1
D_0001291081,1,0.991621,1
D_0001291396,1,0.996100,1
D_0001291732,1,0.862604,1
D_0001292173,0,0.437046,1
D_0001292236,0,0.508376,1
D_0001292782,0,0.160172,0
D_0001292971,0,0.096775,0
D_0001293139,1,0.983543,1
D_0001293538,1,0.955287,1
D_0001294105,0,0.276208,1
D_0001294126,1,0.993616,1
D_0001294252,0,0.325273,1
D_0001294525,0,0.030067,0
D_0001294609,0,0.120191,0
D_0001294672,1,0.995444,1
D_0001294735,1,0.996896,1
D_0001295134,1,0.985443,1
D_0001295344,0,0.059394,0
D_0001295407,0,0.116889,0
D_0001295596,0,0.439602,1
D_0001295722,0,0.217249,0
D_0001295764,0,0.179757,0
D_0001296394,1,0.987032,1
D_0001296499,1,0.972309,1
D_0001296646,1,0.994349,1
D_0001296667,1,0.990686,1
D_0001296709,1,0.991867,1
D_0001297339,0,0.294778,1
D_0001297402,1,0.991223,1
D_0001297612,0,0.073110,0
D_0001297717,0,0.017706,0
D_0001297780,0,0.138981,0
D_0001298704,0,0.081877,0
D_0001298746,0,0.055859,0
D_0001298788,1,0.986599,1
D_0001298851,1,0.976366,1
D_0001299040,1,0.982371,1
D_0001299061,1,0.992788,1
D_0001299313,0,0.324929,1
D_0001299502,0,0.018474,0
D_0001299544,1,0.991831,1
D_0001300048,0,0.304884,1
D_0001301056,0,0.100945,0
D_0001301497,1,0.177844,0
D_0001302526,1,0.989054,1
D_0001302589,0,0.096094,0
D_0001302694,0,0.065748,0
D_0001302925,0,0.109012,0
D_0001303513,0,0.215657,0
D_0001304731,0,0.011136,0
D_0001305361,1,0.977093,1
D_0001305676,1,0.994452,1
D_0001305928,1,0.998019,1
D_0001306999,1,0.971840,1
D_0001307209,1,0.989432,1
D_0001307293,0,0.261092,1
D_0001307860,0,0.239300,0
D_0001307902,1,0.265415,1
D_0001308007,0,0.049814,0
D_0001308091,0,0.077005,0
D_0001308238,1,0.990305,1
D_0001309015,1,0.997704,1
D_0001309813,1,0.997250,1
D_0001310590,1,0.110091,0
D_0001310737,0,0.056688,0
D_0001310842,1,0.992983,1
D_0001310863,1,0.993825,1
D_0001311304,1,0.992355,1
D_0001311367,0,0.116018,0
D_0001311640,0,0.080040,0
D_0001311766,1,0.985964,1
D_0001312333,0,0.080541,0
D_0001312564,1,0.808476,1
D_0001312753,1,0.420106,1
D_0001312858,0,0.025936,0
D_0001313026,1,0.985172,1
D_0001313803,1,0.097421,0
D_0001313824,1,0.995412,1
D_0001314139,0,0.074304,0
D_0001314580,1,0.996414,1
D_0001315042,1,0.976524,1
D_0001315357,1,0.996130,1
D_0001315441,0,0.457655,1
D_0001315546,0,0.035143,0
D_0001315861,1,0.266078,1
D_0001316449,0,0.065046,0
D_0001316995,1,0.994788,1
D_0001317268,0,0.084917,0
D_0001317709,0,0.221085,0
D_0001317814,1,0.973636,1
D_0001317898,1,0.089142,0
D_0001318192,0,0.446684,1
D_0001318234,1,0.985475,1
D_0001318444,1,0.997085,1
D_0001318591,1,0.996981,1
D_0001319473,1,0.997345,1
D_0001319620,1,0.144074,0
D_0001320292,0,0.143553,0
D_0001320712,1,0.993739,1
D_0001320922,1,0.960002,1
D_0001321447,0,0.163459,0
D_0001321846,1,0.987949,1
D_0001322203,1,0.993509,1
D_0001322350,1,0.192701,0
D_0001322413,0,0.063943,0
D_0001323211,1,0.991623,1
D_0001323316,1,0.992269,1
D_0001323862,0,0.014958,0
D_0001324009,1,0.990196,1
D_0001324366,0,0.047723,0
D_0001324912,1,0.183910,0
D_0001325479,0,0.008585,0
D_0001325500,0,0.050844,0
D_0001325668,0,0.156701,0
D_0001325689,1,0.992207,1
D_0001325773,1,0.982618,1
D_0001326424,1,0.993602,1
D_0001326571,1,0.989417,1
D_0001326802,0,0.204843,0
D_0001326865,1,0.991562,1
D_0001327096,1,0.994894,1
D_0001328188,0,0.063171,0
D_0001328503,1,0.987187,1
D_0001328902,0,0.272294,1
D_0001328923,1,0.976609,1
D_0001329091,0,0.039646,0
D_0001329154,1,0.984903,1
D_0001329280,0,0.048545,0
D_0001329931,1,0.987693,1
D_0001330498,1,0.988805,1
D_0001330645,0,0.096282,0
D_0001330729,1,0.459345,1
D_0001330960,0,0.293497,1
D_0001331086,0,0.607740,1
D_0001331275,0,0.206774,0
D_0001331317,0,0.262137,1
D_0001331359,0,0.084630,0
D_0001331380,0,0.050669,0
D_0001331401,0,0.011212,0
D_0001331506,1,0.988444,1
D_0001331527,0,0.150404,0
D_0001331548,1,0.969843,1
D_0001331569,1,0.981482,1
D_0001332241,0,0.042310,0
D_0001332472,0,0.085203,0
D_0001333480,1,0.990083,1
D_0001333648,0,0.206500,0
D_0001333774,1,0.154701,0
D_0001334677,1,0.965534,1
D_0001335349,0,0.200581,0
D_0001335517,1,0.991466,1
D_0001335538,0,0.260082,1
D_0001335811,1,0.981557,1
D_0001335832,0,0.172115,0
D_0001336084,0,0.055395,0
D_0001336147,1,0.980762,1
D_0001336210,1,0.369633,1
D_0001336819,0,0.178265,0
D_0001337113,0,0.285443,1
D_0001337197,1,0.995219,1
D_0001337491,1,0.992281,1
D_0001338016,1,0.995699,1
D_0001338142,1,0.979984,1
D_0001338184,0,0.058501,0
D_0001338226,0,0.049917,0
D_0001338310,0,0.199103,0
D_0001338352,1,0.824607,1
D_0001338373,0,0.202376,0
D_0001338772,1,0.268671,1
D_0001338898,0,0.082403,0
D_0001338919,1,0.991978,1
D_0001339990,1,0.975841,1
D_0001340725,1,0.993438,1
D_0001340809,1,0.991625,1
D_0001341229,0,0.008650,0
D_0001341250,1,0.100310,0
D_0001341670,1,0.066339,0
D_0001341754,1,0.984302,1
D_0001342993,0,0.050007,0
D_0001343140,1,0.746293,1
D_0001343203,1,0.993854,1
D_0001344379,0,0.062586,0
D_0001344505,0,0.167445,0
D_0001345009,1,0.997544,1
D_0001345240,0,0.029475,0
D_0001345366,0,0.002791,0
D_0001345534,1,0.354667,1
D_0001345828,0,0.384990,1
D_0001346038,0,0.122325,0
D_0001346374,0,0.015648,0
D_0001346542,0,0.101348,0
D_0001346563,0,0.118974,0
D_0001346626,1,0.994292,1
D_0001346689,0,0.217046,0
D_0001347088,1,0.987851,1
D_0001347424,0,0.088132,0
D_0001347529,1,0.994957,1
D_0001347613,0,0.096426,0
D_0001348159,1,0.991490,1
D_0001348201,1,0.984803,1
D_0001348642,0,0.224713,0
D_0001348957,1,0.992426,1
D_0001349167,0,0.122288,0
D_0001349965,1,0.992810,1
D_0001350049,0,0.043166,0
D_0001350448,0,0.290586,1
D_0001351225,1,0.990036,1
D_0001351876,1,0.065209,0
D_0001352044,0,0.301532,1
D_0001352149,0,0.067417,0
D_0001352191,1,0.998014,1
D_0001352464,1,0.995254,1
D_0001352821,0,0.032012,0
D_0001353325,1,0.990998,1
D_0001353514,1,0.980327,1
D_0001354501,1,0.985876,1
D_0001355110,0,0.091084,0
D_0001355341,0,0.041044,0
D_0001356370,0,0.103139,0
D_0001356454,0,0.080759,0
D_0001356517,0,0.094278,0
D_0001356916,1,0.986535,1
D_0001357063,1,0.994661,1
D_0001357357,1,0.178127,0
D_0001357756,1,0.808809,1
D_0001358071,1,0.993858,1
D_0001358533,1,0.992214,1
D_0001359121,0,0.037149,0
D_0001359541,1,0.588014,1
D_0001359583,0,0.078397,0
D_0001359604,1,0.948608,1
D_0001359835,0,0.104743,0
D_0001361158,1,0.984081,1
D_0001361452,1,0.975873,1
D_0001361683,1,0.992382,1
D_0001361704,0,0.076643,0
D_0001361851,1,0.985341,1
D_0001362754,1,0.986255,1
D_0001364077,1,0.973443,1
D_0001364329,1,0.995985,1
D_0001364350,0,0.102863,0
D_0001364665,0,0.131411,0
D_0001365631,1,0.988568,1
D_0001366051,0,0.019639,0
D_0001366240,1,0.977345,1
D_0001366471,1,0.342438,1
D_0001366597,1,0.996835,1
D_0001366723,0,0.118695,0
D_0001366849,0,0.149899,0
D_0001367353,0,0.154528,0
D_0001367752,1,0.993180,1
D_0001367815,1,0.992141,1
D_0001368991,0,0.023413,0
D_0001369558,0,0.035129,0
D_0001369726,1,0.974690,1
D_0001369747,0,0.020436,0
D_0001370209,0,0.281425,1
D_0001370398,0,0.028187,0
D_0001370524,0,0.186493,0
D_0001370902,1,0.995244,1
D_0001371574,1,0.996281,1
D_0001371784,1,0.392007,1
D_0001371973,1,0.993085,1
D_0001372267,0,0.053875,0
D_0001372792,1,0.996234,1
D_0001373233,1,0.990446,1
D_0001373338,1,0.991677,1
D_0001373632,1,0.978500,1
D_0001373674,1,0.998312,1
D_0001373800,1,0.516787,1
D_0001374094,0,0.122323,0
D_0001374178,1,0.993884,1
D_0001374367,0,0.049742,0
D_0001374493,1,0.999257,1
D_0001374535,1,0.993836,1
D_0001375207,0,0.063698,0
D_0001375690,0,0.040554,0
D_0001376236,1,0.074275,0
D_0001376425,1,0.998528,1
D_0001376446,1,0.991514,1
D_0001376488,1,0.973440,1
D_0001376782,0,0.028116,0
D_0001376971,0,0.011271,0
D_0001377034,0,0.026907,0
D_0001377202,1,0.359530,1
D_0001377475,0,0.135172,0
D_0001377832,1,0.990116,1
D_0001377916,0,0.137197,0
D_0001377979,0,0.079039,0
D_0001378189,0,0.217115,0
D_0001378378,0,0.014154,0
D_0001379008,0,0.061331,0
D_0001379092,0,0.056116,0
D_0001379218,1,0.978614,1
D_0001379260,1,0.934925,1
D_0001379302,1,0.977869,1
D_0001379386,0,0.141509,0
D_0001379638,1,0.996659,1
D_0001380898,1,0.975416,1
D_0001380940,1,0.993216,1
D_0001381024,0,0.120073,0
D_0001381045,1,0.994817,1
D_0001381318,1,0.341509,1
D_0001382179,1,0.946944,1
D_0001382326,0,0.352170,1
D_0001382494,1,0.993281,1
D_0001382599,1,0.939544,1
D_0001382746,0,0.176450,0
D_0001383082,1,0.208860,0
D_0001383985,1,0.996009,1
D_0001384762,0,0.012156,0
D_0001384993,1,0.351907,1
D_0001385182,1,0.964162,1
D_0001385497,0,0.033912,0
D_0001385749,1,0.996795,1
D_0001386085,0,0.012752,0
D_0001386442,1,0.876230,1
D_0001386631,0,0.215845,0
D_0001387114,1,0.974351,1
D_0001387135,1,0.989141,1
D_0001388353,1,0.996565,1
D_0001388626,0,0.236352,0
D_0001388836,0,0.042132,0
D_0001389067,0,0.026179,0
D_0001389298,0,0.247887,1
D_0001389319,0,0.083418,0
D_0001389970,0,0.022276,0
D_0001390075,0,0.087859,0
D_0001390117,0,0.062418,0
D_0001390390,1,0.993341,1
D_0001390495,0,0.022250,0
D_0001390915,1,0.991686,1
D_0001390999,1,0.995520,1
D_0001391020,0,0.465116,1
D_0001391335,0,0.112568,0
D_0001392217,1,0.990052,1
D_0001392469,1,0.967710,1
D_0001392847,0,0.042908,0
D_0001393183,1,0.996463,1
D_0001393981,1,0.955612,1
D_0001394128,0,0.021022,0
D_0001394611,0,0.122587,0
D_0001394674,0,0.003967,0
D_0001395367,1,0.981810,1
D_0001395388,1,0.992485,1
D_0001396060,0,0.472038,1
D_0001396165,0,0.025891,0
D_0001396396,1,0.983845,1
D_0001396816,0,0.039466,0
D_0001397299,1,0.136414,0
D_0001397698,1,0.997448,1
D_0001397719,1,0.992097,1
D_0001397866,1,0.989832,1
D_0001398664,1,0.993631,1
D_0001398769,0,0.035459,0
D_0001398811,0,0.276262,1
D_0001398832,1,0.428610,1
D_0001398937,0,0.011048,0
D_0001399000,0,0.073142,0
D_0001399357,0,0.134511,0
D_0001399903,0,0.031066,0
D_0001400449,1,0.325446,1
D_0001400491,1,0.995479,1
D_0001400701,0,0.127422,0
D_0001400806,1,0.992254,1
D_0001401436,1,0.991635,1
D_0001401562,0,0.310074,1
D_0001401730,0,0.083133,0
D_0001402087,0,0.010293,0
D_0001402822,1,0.995919,1
D_0001402885,0,0.052110,0
D_0001402990,1,0.983784,1
D_0001403326,1,0.996433,1
D_0001404124,1,0.975807,1
D_0001404691,0,0.028824,0
D_0001405006,0,0.163331,0
D_0001405090,1,0.132513,0
D_0001406140,0,0.057229,0
D_0001406644,1,0.991119,1
D_0001406875,0,0.055211,0
D_0001407232,0,0.030232,0
D_0001407379,0,0.205620,0
D_0001407400,0,0.350928,1
D_0001407694,1,0.969618,1
D_0001407757,1,0.935491,1
D_0001407799,1,0.995169,1
D_0001407820,0,0.080261,0
D_0001408177,0,0.034493,0
D_0001408282,1,0.993328,1
D_0001408429,0,0.062076,0
D_0001409290,1,0.449404,1
D_0001409374,0,0.140259,0
D_0001409626,1,0.988478,1
D_0001409836,1,0.981834,1
D_0001409878,1,0.995403,1
D_0001410172,0,0.059224,0
D_0001410382,1,0.994785,1
D_0001410592,0,0.046952,0
D_0001410760,1,0.992282,1
D_0001411264,0,0.026772,0
D_0001411411,1,0.984806,1
D_0001411642,1,0.992309,1
D_0001411747,0,0.212324,0
D_0001411831,0,0.108437,0
D_0001412083,0,0.341399,1
D_0001412986,0,0.045140,0
D_0001413448,1,0.996654,1
D_0001413595,1,0.981453,1
D_0001414393,1,0.989539,1
D_0001414477,1,0.958047,1
D_0001414624,0,0.198796,0
D_0001414729,0,0.043912,0
D_0001415338,1,0.994784,1
D_0001415485,0,0.510542,1
D_0001415884,0,0.049238,0
D_0001415905,0,0.187357,0
D_0001415989,0,0.094422,0
D_0001416010,0,0.033052,0
D_0001416472,1,0.997954,1
D_0001416661,1,0.994294,1
D_0001417249,1,0.984642,1
D_0001417333,0,0.203697,0
D_0001417942,1,0.222265,0
D_0001417963,1,0.994595,1
D_0001418236,1,0.949475,1
D_0001419286,1,0.995502,1
D_0001420399,0,0.047946,0
D_0001420525,1,0.489628,1
D_0001420630,1,0.993596,1
D_0001421071,1,0.991951,1
D_0001421092,0,0.020853,0
D_0001421512,0,0.094075,0
D_0001421680,1,0.992705,1
D_0001421869,1,0.085216,0
D_0001421953,1,0.021182,0
D_0001422520,1,0.990128,1
D_0001422625,1,0.992179,1
D_0001422667,1,0.993394,1
D_0001423192,1,0.995375,1
D_0001423423,0,0.162852,0
D_0001423528,1,0.076009,0
D_0001423675,1,0.987465,1
D_0001423696,1,0.994631,1
D_0001423948,0,0.172988,0
D_0001423990,0,0.010857,0
D_0001424179,0,0.167950,0
D_0001425271,1,0.992188,1
D_0001425460,1,0.995577,1
D_0001426363,1,0.995815,1
D_0001426993,0,0.202727,0
D_0001427140,0,0.060077,0
D_0001427350,0,0.057460,0
D_0001427623,1,0.991109,1
D_0001427959,0,0.117487,0
D_0001428001,1,0.995375,1
D_0001428946,0,0.081100,0
D_0001429387,0,0.041263,0
D_0001429933,1,0.995362,1
D_0001430395,1,0.995876,1
D_0001430500,0,0.066536,0
D_0001430542,1,0.996993,1
D_0001430584,0,0.026338,0
D_0001430815,1,0.884997,1
D_0001430836,1,0.415580,1
D_0001431361,0,0.095352,0
D_0001431571,0,0.123161,0
D_0001431655,1,0.994726,1
D_0001431760,1,0.991730,1
D_0001431802,1,0.067350,0
D_0001432096,0,0.026110,0
D_0001433314,0,0.144103,0
D_0001433398,1,0.990193,1
D_0001433881,0,0.061857,0
D_0001434112,1,0.308356,1
D_0001434133,1,0.980897,1
D_0001434427,1,0.990413,1
D_0001434658,0,0.047953,0
D_0001435624,0,0.031371,0
D_0001435645,1,0.988579,1
D_0001435666,0,0.087114,0
D_0001435960,0,0.036601,0
D_0001435981,1,0.995416,1
D_0001436548,0,0.033053,0
D_0001436590,0,0.024991,0
D_0001436695,0,0.019959,0
D_0001436737,0,0.153711,0
D_0001436779,1,0.990196,1
D_0001436968,0,0.070647,0
D_0001437325,1,0.968422,1
D_0001438585,1,0.187868,0
D_0001438942,1,0.989546,1
D_0001438984,0,0.231329,0
D_0001439131,1,0.960852,1
D_0001439656,1,0.967998,1
D_0001439740,1,0.978155,1
D_0001439908,0,0.060170,0
D_0001441126,1,0.112613,0
D_0001441357,0,0.057344,0
D_0001441420,1,0.992707,1
D_0001441462,1,0.986040,1
D_0001441882,1,0.995458,1
D_0001442281,1,0.994201,1
D_0001442680,0,0.009972,0
D_0001443310,0,0.109767,0
D_0001443352,0,0.085892,0
D_0001443520,1,0.995570,1
D_0001443940,1,0.955539,1
D_0001444003,1,0.991819,1
D_0001444213,1,0.984876,1
D_0001444633,0,0.069791,0
D_0001444717,1,0.851212,1
D_0001445809,1,0.973015,1
D_0001446250,1,0.215504,0
D_0001446691,1,0.993414,1
D_0001446733,1,0.994494,1
D_0001446964,1,0.989695,1
D_0001447804,1,0.992812,1
D_0001447909,1,0.862661,1
D_0001448329,0,0.232621,0
D_0001449085,1,0.979731,1
D_0001449652,1,0.993756,1
D_0001450408,0,0.084831,0
D_0001450723,0,0.095095,0
D_0001451521,1,0.975403,1
D_0001451668,0,0.042643,0
D_0001452067,0,0.025506,0
D_0001452214,1,0.995647,1
D_0001452340,0,0.292847,1
D_0001453096,0,0.013078,0
D_0001453222,1,0.984100,1
D_0001453432,1,0.995636,1
D_0001453474,1,0.990993,1
D_0001453621,1,0.233065,0
D_0001453978,0,0.203293,0
D_0001454062,1,0.907930,1
D_0001454104,0,0.013696,0
D_0001454314,1,0.994061,1
D_0001454524,1,0.959703,1
D_0001454629,0,0.105291,0
D_0001455028,0,0.122207,0
D_0001455574,1,0.990271,1
D_0001455952,1,0.525794,1
D_0001456267,1,0.982011,1
D_0001456456,1,0.984945,1
D_0001456519,1,0.985905,1
D_0001456813,1,0.978218,1
D_0001456918,1,0.984851,1
D_0001457191,0,0.037452,0
D_0001457422,0,0.009799,0
D_0001457485,1,0.233054,0
D_0001457800,0,0.182699,0
D_0001457842,1,0.992789,1
D_0001458052,1,0.997121,1
D_0001458115,1,0.403725,1
D_0001458409,0,0.243669,0
D_0001458577,0,0.781493,1
D_0001459249,0,0.031691,0
D_0001459270,1,0.993157,1
D_0001459438,1,0.996071,1
D_0001459816,1,0.987161,1
D_0001459963,0,0.178013,0
D_0001460089,1,0.960890,1
D_0001460131,1,0.766060,1
D_0001461412,0,0.067823,0
D_0001461517,1,0.991736,1
D_0001461895,0,0.638504,1
D_0001462021,0,0.112183,0
D_0001462441,1,0.994593,1
D_0001462483,1,0.994785,1
D_0001462504,1,0.997251,1
D_0001462861,1,0.998260,1
D_0001462966,1,0.990848,1
D_0001463092,0,0.083164,0
D_0001463134,1,0.984048,1
D_0001463869,1,0.987483,1
D_0001463911,1,0.991428,1
D_0001464583,0,0.070046,0
D_0001464856,0,0.158181,0
D_0001465045,0,0.039645,0
D_0001465171,0,0.082439,0
D_0001465381,0,0.021844,0
D_0001465549,0,0.126197,0
D_0001465633,0,0.143246,0
D_0001466221,1,0.987904,1
D_0001466746,0,0.277776,1
D_0001466998,0,0.140144,0
D_0001467292,1,0.998197,1
D_0001467670,0,0.319512,1
D_0001468363,1,0.995656,1
D_0001468426,1,0.987528,1
D_0001468657,0,0.030035,0
D_0001468930,0,0.226619,0
D_0001469224,1,0.097939,0
D_0001469350,1,0.994802,1
D_0001469497,1,0.990101,1
D_0001469623,0,0.175996,0
D_0001469854,1,0.240791,0
D_0001470106,0,0.135133,0
D_0001470547,1,0.476464,1
D_0001471135,0,0.208842,0
D_0001471324,1,0.989514,1
D_0001471975,1,0.992259,1
D_0001472248,0,0.104204,0
D_0001472500,0,0.380245,1
D_0001472878,1,0.981983,1
D_0001472962,1,0.927684,1
D_0001473151,0,0.096140,0
D_0001473424,0,0.207919,0
D_0001473550,1,0.979008,1
D_0001474180,0,0.164339,0
D_0001474201,0,0.044954,0
D_0001474327,0,0.031357,0
D_0001474432,1,0.993963,1
D_0001474453,0,0.021361,0
D_0001474621,1,0.993981,1
D_0001474999,1,0.983122,1
D_0001475692,0,0.081960,0
D_0001475776,1,0.987200,1
D_0001475839,1,0.993315,1
D_0001476007,0,0.030828,0
D_0001476070,0,0.026972,0
D_0001476301,0,0.038782,0
D_0001477267,1,0.968403,1
D_0001477477,1,0.994960,1
D_0001477708,0,0.167836,0
D_0001477771,1,0.084360,0
D_0001478107,1,0.995236,1
D_0001478359,0,0.854065,1
D_0001479241,0,0.038509,0
D_0001479304,0,0.034951,0
D_0001479955,0,0.039564,0
D_0001480081,0,0.086624,0
D_0001480291,0,0.066302,0
D_0001480333,1,0.981043,1
D_0001480459,1,0.980051,1
D_0001480480,1,0.759734,1
D_0001480690,0,0.021154,0
D_0001480858,1,0.957054,1
D_0001481635,0,0.192704,0
D_0001482097,0,0.001978,0
D_0001482265,0,0.050803,0
D_0001482496,1,0.963049,1
D_0001482622,1,0.965511,1
D_0001482769,0,0.047698,0
D_0001482937,1,0.996463,1
D_0001482979,1,0.999120,1
D_0001483168,0,0.036976,0
D_0001483231,1,0.976481,1
D_0001483420,0,0.130344,0
D_0001483819,0,0.174269,0
D_0001484071,0,0.096459,0
D_0001484134,1,0.986813,1
D_0001484197,1,0.989254,1
D_0001484533,1,0.896587,1
D_0001484596,1,0.989007,1
D_0001484806,1,0.964712,1
D_0001485247,1,0.996529,1
D_0001486276,1,0.981346,1
D_0001486696,1,0.964791,1
D_0001486885,0,0.113793,0
D_0001487032,1,0.987710,1
D_0001487221,0,0.162415,0
D_0001487326,0,0.092700,0
D_0001487536,0,0.142689,0
D_0001487599,1,0.991621,1
D_0001487746,1,0.926830,1
D_0001487914,1,0.977927,1
D_0001488061,0,0.061505,0
D_0001488208,0,0.043769,0
D_0001488481,0,0.065744,0
D_0001489090,0,0.019551,0
D_0001489111,1,0.988269,1
D_0001489237,1,0.991266,1
D_0001489447,1,0.993739,1
D_0001489762,0,0.248467,1
D_0001489951,0,0.216850,0
D_0001490098,1,0.998424,1
D_0001490119,0,0.044236,0
D_0001490602,1,0.995765,1
D_0001491337,0,0.231106,0
D_0001491379,0,0.062049,0
D_0001491400,1,0.971907,1
D_0001491757,0,0.267055,1
D_0001492345,0,0.119391,0
D_0001493374,0,0.003592,0
D_0001493416,1,0.965216,1
D_0001493626,1,0.999054,1
D_0001493731,0,0.098968,0
D_0001494025,1,0.993808,1
D_0001494613,1,0.985581,1
D_0001494718,0,0.051022,0
D_0001494802,1,0.994364,1
D_0001494907,1,0.993258,1
D_0001495138,1,0.971027,1
D_0001495516,0,0.038681,0
D_0001495600,1,0.996182,1
D_0001496083,0,0.059567,0
D_0001496230,1,0.996533,1
D_0001496818,0,0.094130,0
D_0001497805,0,0.174572,0
D_0001498372,0,0.081838,0
D_0001498414,1,0.987568,1
D_0001498687,1,0.992393,1
D_0001498771,1,0.992400,1
D_0001498855,0,0.037424,0
D_0001498981,1,0.992317,1
D_0001499128,1,0.994103,1
D_0001499653,1,0.990491,1
D_0001499989,1,0.992925,1
D_0001500073,0,0.051511,0
D_0001500346,1,0.984332,1
D_0001500493,1,0.078825,0
D_0001500535,0,0.019340,0
D_0001500850,1,0.994486,1
D_0001501018,1,0.987914,1
D_0001501102,1,0.908859,1
D_0001501186,1,0.991717,1
D_0001501795,0,0.035859,0
D_0001502194,0,0.042492,0
D_0001502341,0,0.031611,0
D_0001503055,1,0.995912,1
D_0001503118,1,0.997020,1
D_0001503181,1,0.951173,1
D_0001503307,1,0.990764,1
D_0001503391,1,0.995026,1
D_0001503895,1,0.306484,1
D_0001504063,0,0.021988,0
D_0001504630,1,0.987668,1
D_0001505176,0,0.449683,1
D_0001505407,1,0.995518,1
D_0001505470,0,0.009827,0
D_0001505848,0,0.259976,1
D_0001506247,1,0.898013,1
D_0001506478,1,0.994739,1
D_0001506562,0,0.219446,0
D_0001506646,1,0.986135,1
D_0001506835,1,0.992376,1
D_0001506919,1,0.993586,1
D_0001506961,0,0.165035,0
D_0001507213,0,0.011050,0
D_0001507486,1,0.994770,1
D_0001507717,1,0.948716,1
D_0001507822,0,0.048141,0
D_0001508179,0,0.370027,1
D_0001508326,1,0.992954,1
D_0001508830,1,0.990733,1
D_0001509103,1,0.459318,1
D_0001509376,1,0.884892,1
D_0001509418,0,0.034804,0
D_0001509817,0,0.039344,0
D_0001510048,0,0.190367,0
D_0001510489,0,0.040585,0
D_0001510825,1,0.094007,0
D_0001510909,0,0.116183,0
D_0001511455,0,0.145082,0
D_0001511518,0,0.033236,0
D_0001512211,0,0.112104,0
D_0001512589,0,0.169860,0
D_0001512652,1,0.997825,1
D_0001513555,0,0.258763,1
D_0001513933,1,0.918497,1
D_0001514353,1,0.994510,1
D_0001514731,0,0.056570,0
D_0001515193,0,0.196983,0
D_0001515256,1,0.990319,1
D_0001515277,0,0.210797,0
D_0001515613,0,0.102183,0
D_0001515655,1,0.991243,1
D_0001515907,0,0.270555,1
D_0001515970,1,0.990991,1
D_0001516117,0,0.169037,0
D_0001516264,0,0.094156,0
D_0001516348,0,0.101159,0
D_0001516369,1,0.129657,0
D_0001516642,1,0.996033,1
D_0001516705,0,0.078408,0
D_0001516726,0,0.124753,0
D_0001517062,1,0.992373,1
D_0001517797,0,0.102512,0
D_0001518007,1,0.065515,0
D_0001518091,1,0.997566,1
D_0001518511,1,0.773612,1
D_0001518532,1,0.990609,1
D_0001519036,1,0.979260,1
D_0001519834,1,0.999299,1
D_0001519855,0,0.035534,0
D_0001519918,0,0.443220,1
D_0001520023,1,0.995224,1
D_0001520191,0,0.226672,0
D_0001520653,0,0.017611,0
D_0001520737,0,0.102959,0
D_0001520884,0,0.049520,0
D_0001521052,1,0.992974,1
D_0001521073,0,0.176069,0
D_0001521199,0,0.118933,0
D_0001521451,1,0.997151,1
D_0001522417,0,0.132307,0
D_0001522963,0,0.260541,1
D_0001523404,1,0.907948,1
D_0001523509,0,0.241568,0
D_0001523971,0,0.089666,0
D_0001524580,1,0.974702,1
D_0001524727,1,0.983898,1
D_0001524811,1,0.991651,1
D_0001524916,1,0.988840,1
D_0001525000,0,0.019836,0
D_0001525021,0,0.169013,0
D_0001525336,0,0.046597,0
D_0001525567,1,0.358828,1
D_0001525609,1,0.991539,1
D_0001526176,1,0.984671,1
D_0001526512,1,0.995028,1
D_0001527163,1,0.987838,1
D_0001527310,1,0.972423,1
D_0001527478,0,0.038117,0
D_0001527751,1,0.989163,1
D_0001528171,1,0.231391,0
D_0001528276,0,0.135184,0
D_0001528402,1,0.994690,1
D_0001528675,0,0.093486,0
D_0001528717,1,0.980972,1
D_0001529389,1,0.977644,1
D_0001529725,0,0.063587,0
D_0001529998,1,0.991834,1
D_0001530103,0,0.024184,0
D_0001530754,1,0.980180,1
D_0001530901,1,0.994012,1
D_0001531174,1,0.974401,1
D_0001531216,0,0.155165,0
D_0001531300,1,0.987016,1
D_0001531846,0,0.160539,0
D_0001532056,1,0.108903,0
D_0001532098,1,0.969972,1
D_0001532371,1,0.995601,1
D_0001532728,0,0.018903,0
D_0001532749,1,0.988423,1
D_0001532854,1,0.997181,1
D_0001532980,1,0.998048,1
D_0001533169,0,0.054343,0
D_0001533232,1,0.997186,1
D_0001533505,0,0.134765,0
D_0001533568,1,0.994426,1
D_0001534408,1,0.960373,1
D_0001534576,1,0.997235,1
D_0001534660,0,0.144261,0
D_0001535185,0,0.288691,1
D_0001535437,1,0.939104,1
D_0001535458,0,0.024430,0
D_0001535941,1,0.479028,1
D_0001538167,1,0.195631,0
D_0001538419,0,0.245783,1
D_0001538860,0,0.019360,0
D_0001538923,1,0.045369,0
D_0001539217,1,0.990282,1
D_0001539343,1,0.935095,1
D_0001539448,0,0.037568,0
D_0001539784,1,0.994595,1
D_0001540036,0,0.070888,0
D_0001540414,0,0.228016,0
D_0001540582,1,0.994349,1
D_0001541233,1,0.993545,1
D_0001541674,0,0.248880,1
D_0001541779,1,0.993675,1
D_0001541884,0,0.059046,0
D_0001542073,1,0.992361,1
D_0001542199,0,0.085031,0
D_0001542241,0,0.089541,0
D_0001542640,0,0.048514,0
D_0001542745,0,0.039741,0
D_0001543081,0,0.084816,0
D_0001543270,0,0.088232,0
D_0001543711,1,0.987557,1
D_0001543816,0,0.127927,0
D_0001544572,0,0.147853,0
D_0001545160,1,0.502634,1
D_0001545223,1,0.975714,1
D_0001545454,0,0.192345,0
D_0001545685,1,0.991590,1
D_0001545874,1,0.967520,1
D_0001545895,1,0.809384,1
D_0001546063,1,0.994484,1
D_0001546693,1,0.959599,1
D_0001546777,1,0.980176,1
D_0001546840,0,0.066658,0
D_0001547050,1,0.977893,1
D_0001547260,0,0.075242,0
D_0001547281,1,0.994427,1
D_0001547428,1,0.990584,1
D_0001547533,1,0.988491,1
D_0001548121,1,0.990301,1
D_0001548205,1,0.994279,1
D_0001548436,0,0.217841,0
D_0001548499,1,0.993620,1
D_0001548814,1,0.997437,1
D_0001549927,1,0.995283,1
D_0001550263,1,0.992657,1
D_0001550977,1,0.996712,1
D_0001551544,1,0.474355,1
D_0001551565,0,0.493560,1
D_0001551586,1,0.996206,1
D_0001551838,1,0.029724,0
D_0001551901,0,0.053057,0
D_0001551964,1,0.996252,1
D_0001552195,1,0.981005,1
D_0001552720,1,0.967041,1
D_0001552741,1,0.976902,1
D_0001552846,1,0.992629,1
D_0001552972,0,0.162348,0
D_0001553266,1,0.984778,1
D_0001553392,1,0.153042,0
D_0001553518,1,0.987624,1
D_0001553623,1,0.995093,1
D_0001554967,0,0.012285,0
D_0001554988,0,0.295018,1
D_0001555219,0,0.034871,0
D_0001555513,0,0.026442,0
D_0001555681,1,0.991531,1
D_0001556374,1,0.991919,1
D_0001557256,1,0.994613,1
D_0001557949,1,0.983474,1
D_0001558243,0,0.071014,0
D_0001559062,0,0.090672,0
D_0001559293,1,0.986553,1
D_0001560616,1,0.952563,1
D_0001560847,0,0.159543,0
D_0001561288,1,0.995805,1
D_0001561309,1,0.970020,1
D_0001561330,1,0.987919,1
D_0001561351,0,0.266869,1
D_0001561771,1,0.995732,1
D_0001562023,1,0.981162,1
D_0001562128,0,0.440772,1
D_0001562296,1,0.971098,1
D_0001562401,1,0.156292,0
D_0001562737,0,0.093172,0
D_0001563535,0,0.274326,1
D_0001563598,0,0.252007,1
D_0001563619,1,0.996160,1
D_0001563808,1,0.998281,1
D_0001564081,1,0.991542,1
D_0001564270,1,0.970839,1
D_0001564417,1,0.982973,1
D_0001565341,0,0.017459,0
D_0001565761,0,0.038468,0
D_0001565908,0,0.024302,0
D_0001566076,1,0.973849,1
D_0001566181,0,0.129101,0
D_0001567189,1,0.996868,1
D_0001567819,0,0.073938,0
D_0001568239,1,0.978752,1
D_0001568365,1,0.976556,1
D_0001568638,1,0.989173,1
D_0001568659,1,0.989249,1
D_0001568743,0,0.077986,0
D_0001568785,0,0.270399,1
D_0001568911,1,0.995230,1
D_0001569016,0,0.059922,0
D_0001569037,0,0.051393,0
D_0001569100,1,0.931284,1
D_0001569121,1,0.982750,1
D_0001569163,1,0.836079,1
D_0001569289,0,0.022569,0
D_0001569436,0,0.071340,0
D_0001569478,0,0.107666,0
D_0001569499,0,0.116217,0
D_0001570066,0,0.086015,0
D_0001570129,1,0.995041,1
D_0001570402,1,0.985318,1
D_0001570885,1,0.978130,1
D_0001571095,0,0.082341,0
D_0001571221,1,0.991473,1
D_0001571935,1,0.280223,1
D_0001572859,1,0.987806,1
D_0001572922,1,0.995454,1
D_0001573384,1,0.989320,1
D_0001573699,0,0.119383,0
D_0001573762,0,0.136356,0
D_0001573804,1,0.924340,1
D_0001573930,0,0.111128,0
D_0001574371,1,0.986161,1
D_0001575778,0,0.030916,0
D_0001575967,1,0.756777,1
D_0001576072,0,0.102048,0
D_0001576093,0,0.148177,0
D_0001576219,0,0.099313,0
D_0001576240,0,0.011727,0
D_0001576303,1,0.985453,1
D_0001576513,1,0.990592,1
D_0001576681,1,0.082119,0
D_0001576912,1,0.514328,1
D_0001576933,0,0.016240,0
D_0001577059,1,0.995444,1
D_0001577080,1,0.996691,1
D_0001577290,0,0.048531,0
D_0001577395,1,0.994491,1
D_0001577500,0,0.015269,0
D_0001577878,1,0.983102,1
D_0001577941,1,0.979342,1
D_0001578151,0,0.132243,0
D_0001578277,0,0.051757,0
D_0001578550,0,0.125284,0
D_0001578613,0,0.044899,0
D_0001578718,0,0.069947,0
D_0001579327,1,0.987975,1
D_0001579348,0,0.116121,0
D_0001579411,0,0.155204,0
D_0001579642,1,0.976789,1
D_0001579663,0,0.061073,0
D_0001580272,1,0.994756,1
D_0001580314,1,0.292757,1
D_0001580377,1,0.227642,0
D_0001580461,1,0.992701,1
D_0001580503,1,0.992924,1
D_0001580608,0,0.624409,1
D_0001580734,1,0.991419,1
D_0001581448,1,0.988064,1
D_0001581469,0,0.132819,0
D_0001581532,1,0.908273,1
D_0001581553,0,0.159321,0
D_0001581574,0,0.043095,0
D_0001582078,1,0.098140,0
D_0001582435,1,0.991933,1
D_0001582477,1,0.988324,1
D_0001583254,0,0.096832,0
D_0001583884,1,0.998296,1
D_0001583905,0,0.140733,0
D_0001584178,1,0.992224,1
D_0001584388,0,0.034324,0
D_0001584451,0,0.084868,0
D_0001584472,1,0.151885,0
D_0001584556,0,0.063625,0
D_0001584682,0,0.075758,0
D_0001584892,0,0.120218,0
D_0001585249,0,0.094534,0
D_0001585879,1,0.989497,1
D_0001586425,0,0.063226,0
D_0001586530,0,0.077229,0
D_0001586572,0,0.041401,0
D_0001586740,0,0.214920,0
D_0001586782,0,0.284370,1
D_0001587328,0,0.187345,0
D_0001587496,0,0.015479,0
D_0001587580,1,0.992913,1
D_0001587769,1,0.993930,1
D_0001587895,1,0.889726,1
D_0001588126,0,0.078957,0
D_0001588336,1,0.996161,1
D_0001588441,1,0.994009,1
D_0001588546,1,0.996085,1
D_0001588924,0,0.122161,0
D_0001589113,0,0.123172,0
D_0001589617,1,0.302643,1
D_0001589680,0,0.080861,0
D_0001590247,1,0.983022,1
D_0001590331,0,0.204148,0
D_0001590730,0,0.069923,0
D_0001591108,1,0.900353,1
D_0001591381,0,0.140448,0
D_0001591444,0,0.050707,0
D_0001592221,1,0.067456,0
D_0001592347,1,0.995562,1
D_0001592578,0,0.066447,0
D_0001593166,1,0.981606,1
D_0001593418,0,0.074682,0
D_0001593439,1,0.079573,0
D_0001593628,1,0.986520,1
D_0001593691,0,0.021191,0
D_0001594174,1,0.992673,1
D_0001594804,1,0.989145,1
D_0001595035,0,0.148325,0
D_0001595875,0,0.272522,1
D_0001596358,1,0.992759,1
D_0001596631,0,0.110241,0
D_0001597513,1,0.985346,1
D_0001597723,0,0.038023,0
D_0001598080,0,0.137309,0
D_0001598143,1,0.992738,1
D_0001598164,0,0.216892,0
D_0001598437,1,0.954000,1
D_0001598668,1,0.996469,1
D_0001598710,1,0.989204,1
D_0001598815,1,0.997557,1
D_0001598836,1,0.992518,1
D_0001598941,0,0.056102,0
D_0001599046,1,0.990937,1
D_0001599193,0,0.039260,0
D_0001599256,1,0.993095,1
D_0001599319,1,0.942301,1
D_0001599634,0,0.015547,0
D_0001600663,1,0.971253,1
D_0001600768,0,0.056396,0
D_0001601335,1,0.976230,1
D_0001601419,0,0.050646,0
D_0001601671,0,0.019747,0
D_0001601797,0,0.181609,0
D_0001602154,1,0.105932,0
D_0001603078,0,0.011110,0
D_0001603435,0,0.084730,0
D_0001603477,1,0.138504,0
D_0001603498,0,0.189621,0
D_0001603582,1,0.729701,1
D_0001603687,1,0.991561,1
D_0001604065,1,0.280627,1
D_0001604254,1,0.997499,1
D_0001604317,0,0.087076,0
D_0001604884,1,0.991877,1
D_0001604926,0,0.728642,1
D_0001605031,0,0.310534,1
D_0001605073,1,0.993023,1
D_0001605241,1,0.913835,1
D_0001606564,0,0.087758,0
D_0001606711,0,0.277151,1
D_0001606774,0,0.030965,0
D_0001607005,0,0.092106,0
D_0001607236,0,0.598208,1
D_0001607257,1,0.124890,0
D_0001607404,0,0.075670,0
D_0001607509,0,0.028213,0
D_0001608076,1,0.946355,1
D_0001608286,0,0.179769,0
D_0001608643,1,0.991117,1
D_0001608769,1,0.994353,1
D_0001608958,0,0.054288,0
D_0001609420,1,0.994671,1
D_0001610071,0,0.141861,0
D_0001610281,0,0.052412,0
D_0001610890,0,0.117888,0
D_0001611352,0,0.111576,0
D_0001611520,1,0.993686,1
D_0001612297,0,0.155387,0
D_0001612423,0,0.015010,0
D_0001613011,0,0.078132,0
D_0001613095,1,0.992835,1
D_0001613116,1,0.995499,1
D_0001614082,1,0.995754,1
D_0001614418,0,0.121793,0
D_0001614544,1,0.302294,1
D_0001614775,0,0.082809,0
D_0001614859,1,0.992230,1
D_0001614922,0,0.052190,0
D_0001615006,1,0.994723,1
D_0001615573,0,0.046209,0
D_0001615594,0,0.057570,0
D_0001615699,0,0.136526,0
D_0001615888,0,0.346400,1
D_0001615930,0,0.204008,0
D_0001616119,1,0.994679,1
D_0001616539,0,0.057267,0
D_0001616686,1,0.992226,1
D_0001616770,1,0.168711,0
D_0001617862,1,0.992857,1
D_0001617967,1,0.851570,1
D_0001618198,1,0.978506,1
D_0001618450,1,0.987431,1
D_0001618702,0,0.056839,0
D_0001618975,1,0.993404,1
D_0001618996,1,0.968275,1
D_0001619164,0,0.068825,0
D_0001619185,1,0.957373,1
D_0001619353,0,0.079985,0
D_0001619416,0,0.108880,0
D_0001620088,1,0.995105,1
D_0001620193,1,0.994346,1
D_0001620340,0,0.023769,0
D_0001620403,0,0.070661,0
D_0001620739,0,0.183121,0
D_0001620970,0,0.028252,0
D_0001621516,1,0.978645,1
D_0001621621,1,0.997119,1
D_0001621705,0,0.117422,0
D_0001621810,0,0.136039,0
D_0001621852,0,0.089296,0
D_0001622272,0,0.080273,0
D_0001622440,1,0.980979,1
D_0001622482,1,0.994177,1
D_0001622524,1,0.948862,1
D_0001622566,0,0.065044,0
D_0001622881,1,0.960669,1
D_0001623028,1,0.215116,0
D_0001623217,1,0.980474,1
D_0001623553,1,0.977985,1
D_0001624015,0,0.047407,0
D_0001624561,1,0.995143,1
D_0001624645,1,0.994087,1
D_0001624750,0,0.206441,0
D_0001625023,0,0.140534,0
D_0001625107,0,0.241827,0
D_0001625338,0,0.117145,0
D_0001625800,1,0.356329,1
D_0001625884,0,0.061435,0
D_0001625926,0,0.056747,0
D_0001626199,0,0.113005,0
D_0001626766,1,0.979331,1
D_0001627165,1,0.989598,1
D_0001627879,1,0.952726,1
D_0001628068,0,0.089712,0
D_0001628446,0,0.103355,0
D_0001628614,1,0.990872,1
D_0001628677,0,0.090956,0
D_0001628971,1,0.984313,1
D_0001629181,1,0.993575,1
D_0001629475,0,0.135329,0
D_0001629769,0,0.097096,0
D_0001629937,0,0.069120,0
D_0001630252,1,0.157640,0
D_0001630336,1,0.987649,1
D_0001630399,1,0.990026,1
D_0001630525,0,0.034696,0
D_0001630924,1,0.993975,1
D_0001631323,1,0.993857,1
D_0001631491,1,0.931325,1
D_0001631680,1,0.983171,1
D_0001631848,1,0.988010,1
D_0001632352,1,0.892506,1
D_0001632373,0,0.151094,0
D_0001632730,0,0.055955,0
D_0001632961,1,0.995845,1
D_0001633675,1,0.993388,1
D_0001634389,0,0.165432,0
D_0001635103,1,0.997245,1
D_0001635670,1,0.825069,1
D_0001635712,0,0.091148,0
D_0001635859,1,0.995219,1
D_0001636258,1,0.989797,1
D_0001636342,1,0.963658,1
D_0001636426,1,0.973742,1
D_0001636846,0,0.178675,0
D_0001637077,0,0.230437,0
D_0001637917,1,0.995137,1
D_0001638022,1,0.995441,1
D_0001638064,1,0.938000,1
D_0001638106,1,0.993645,1
D_0001638274,1,0.993753,1
D_0001638358,0,0.078956,0
D_0001638631,1,0.982666,1
D_0001638652,0,0.056336,0
D_0001639051,1,0.991005,1
D_0001639261,0,0.020463,0
D_0001639597,1,0.975429,1
D_0001639618,0,0.075434,0
D_0001639849,1,0.997095,1
D_0001640794,0,0.162017,0
D_0001640899,0,0.099753,0
D_0001640941,0,0.062665,0
D_0001640962,1,0.194892,0
D_0001641109,0,0.067233,0
D_0001641424,1,0.113916,0
D_0001641487,1,0.982578,1
D_0001641613,0,0.087692,0
D_0001641676,1,0.989956,1
D_0001641928,1,0.986307,1
D_0001642054,0,0.099065,0
D_0001642222,0,0.405454,1
D_0001642264,1,0.990536,1
D_0001642411,1,0.992133,1
D_0001642474,0,0.056543,0
D_0001642789,0,0.138805,0
D_0001644028,0,0.220192,0
D_0001644553,0,0.364835,1
D_0001644847,0,0.043584,0
D_0001644868,0,0.135004,0
D_0001645015,0,0.069814,0
D_0001645120,1,0.996372,1
D_0001645393,1,0.969270,1
D_0001645414,1,0.995825,1
D_0001646506,1,0.996858,1
D_0001646842,0,0.064770,0
D_0001646926,0,0.116319,0
D_0001646947,1,0.080546,0
D_0001647283,1,0.986876,1
D_0001647556,1,0.996337,1
D_0001647766,1,0.973815,1
D_0001648438,1,0.995722,1
D_0001649110,0,0.045192,0
D_0001649131,1,0.987138,1
D_0001649257,1,0.251688,1
D_0001649278,0,0.077646,0
D_0001649908,1,0.989511,1
D_0001650118,1,0.988628,1
D_0001650370,1,0.998297,1
D_0001650580,0,0.042620,0
D_0001650727,0,0.056409,0
D_0001650748,1,0.988450,1
D_0001651567,0,0.188737,0
D_0001652281,1,0.985829,1
D_0001652449,1,0.987319,1
D_0001652785,0,0.078537,0
D_0001653100,1,0.996490,1
D_0001653940,1,0.989226,1
D_0001654024,0,0.012717,0
D_0001654885,1,0.998521,1
D_0001655074,0,0.009613,0
D_0001655263,0,0.053987,0
D_0001656670,1,0.977836,1
D_0001657279,1,0.974051,1
D_0001657300,0,0.094811,0
D_0001657321,1,0.995651,1
D_0001657342,0,0.166432,0
D_0001657489,0,0.007462,0
D_0001657615,1,0.997773,1
D_0001658329,0,0.033752,0
D_0001658476,1,0.988886,1
D_0001658518,1,0.990250,1
D_0001658917,0,0.131693,0
D_0001658959,0,0.038734,0
D_0001659232,0,0.052990,0
D_0001659295,1,0.988623,1
D_0001659547,1,0.992196,1
D_0001659694,0,0.189130,0
D_0001660093,0,0.075927,0
D_0001660618,1,0.988154,1
D_0001660681,0,0.000088,0
D_0001661248,0,0.095110,0
D_0001661794,0,0.098707,0
D_0001662676,1,0.029084,0
D_0001662802,1,0.995894,1
D_0001662970,0,0.046503,0
D_0001663390,0,0.150744,0
D_0001663579,0,0.243947,0
D_0001663936,1,0.983640,1
D_0001664104,1,0.867276,1
D_0001664587,0,0.133251,0
D_0001665448,1,0.994475,1
D_0001665574,1,0.990604,1
D_0001665637,0,0.193357,0
D_0001665805,1,0.046691,0
D_0001666015,0,0.271680,1
D_0001666792,1,0.989909,1
D_0001666960,1,0.989962,1
D_0001667275,1,0.982281,1
D_0001667422,0,0.304112,1
D_0001667632,1,0.998711,1
D_0001668178,0,0.055665,0
D_0001668199,0,0.219589,0
D_0001668262,1,0.996000,1
D_0001668619,1,0.993284,1
D_0001668724,0,0.284267,1
D_0001669081,1,0.997581,1
D_0001669144,1,0.287405,1
D_0001669480,1,0.969261,1
D_0001670131,0,0.608209,1
D_0001670278,1,0.836813,1
D_0001670404,0,0.458196,1
D_0001670635,0,0.320672,1
D_0001671076,0,0.205529,0
D_0001671097,0,0.066105,0
D_0001671118,0,0.042036,0
D_0001671181,0,0.119113,0
D_0001671244,1,0.995649,1
D_0001671622,1,0.990860,1
D_0001672672,1,0.984784,1
D_0001672735,0,0.120476,0
D_0001673428,0,0.104385,0
D_0001673659,1,0.957176,1
D_0001673932,1,0.982612,1
D_0001674184,0,0.017773,0
D_0001674751,0,0.097149,0
D_0001674814,1,0.983760,1
D_0001675234,1,0.070206,0
D_0001675255,0,0.663535,1
D_0001675465,1,0.987151,1
D_0001675549,0,0.122460,0
D_0001675822,1,0.996334,1
D_0001676074,0,0.060811,0
D_0001676263,1,0.987971,1
D_0001676326,0,0.145848,0
D_0001676431,1,0.993749,1
D_0001676494,0,0.021127,0
D_0001676767,1,0.995420,1
D_0001677250,0,0.018548,0
D_0001677376,1,0.983363,1
D_0001677796,1,0.981588,1
D_0001678069,1,0.993932,1
D_0001678090,1,0.992456,1
D_0001678111,0,0.055473,0
D_0001678636,0,0.105977,0
D_0001679728,0,0.043706,0
D_0001680127,1,0.996305,1
D_0001680253,0,0.131782,0
D_0001680379,0,0.051189,0
D_0001680400,0,0.095270,0
D_0001680442,1,0.954644,1
D_0001680526,1,0.992358,1
D_0001680589,0,0.256348,1
D_0001680946,1,0.988672,1
D_0001681828,1,0.987668,1
D_0001681954,1,0.996327,1
D_0001682206,1,0.212885,0
D_0001682458,0,0.115052,0
D_0001682689,0,0.051712,0
D_0001683004,1,0.993095,1
D_0001683235,1,0.993614,1
D_0001683424,0,0.013760,0
D_0001683907,1,0.988892,1
D_0001684054,1,0.990889,1
D_0001684117,0,0.120615,0
D_0001684201,0,0.192659,0
D_0001684621,1,0.898173,1
D_0001684873,1,0.992019,1
D_0001686217,0,0.053649,0
D_0001686805,0,0.090665,0
D_0001686868,1,0.992774,1
D_0001686910,1,0.965669,1
D_0001687561,1,0.920115,1
D_0001688170,0,0.119716,0
D_0001688212,0,0.036808,0
D_0001688548,0,0.012416,0
D_0001688800,1,0.997286,1
D_0001688821,1,0.986403,1
D_0001688863,0,0.000002,0
D_0001688947,1,0.991051,1
D_0001689661,1,0.994457,1
D_0001689745,1,0.986074,1
D_0001690963,0,0.121346,0
D_0001691068,0,0.092903,0
D_0001691383,1,0.918739,1
D_0001691530,0,0.012652,0
D_0001692370,0,0.127385,0
D_0001692433,1,0.052545,0
D_0001692937,0,0.077596,0
D_0001692979,0,0.085805,0
D_0001693714,1,0.994327,1
D_0001693840,1,0.249646,1
D_0001693924,0,0.281195,1
D_0001693945,1,0.956349,1
D_0001694050,1,0.379167,1
D_0001694155,0,0.031253,0
D_0001694197,0,0.299636,1
D_0001695184,1,0.989344,1
D_0001695436,1,0.971473,1
D_0001695877,0,0.182950,0
D_0001696066,0,0.065894,0
D_0001696171,1,0.994300,1
D_0001696192,1,0.994940,1
D_0001696276,1,0.995418,1
D_0001696843,0,0.057213,0
D_0001697242,0,0.308136,1
D_0001697809,1,0.992173,1
D_0001698187,0,0.050128,0
D_0001698313,0,0.019392,0
D_0001698418,1,0.960893,1
D_0001699111,0,0.024264,0
D_0001699279,0,0.160605,0
D_0001699657,0,0.009618,0
D_0001699951,1,0.988862,1
D_0001700056,0,0.079026,0
D_0001700266,0,0.097393,0
D_0001700686,0,0.047267,0
D_0001700728,1,0.994045,1
D_0001700854,0,0.109394,0
D_0001701295,0,0.014803,0
D_0001701337,1,0.994121,1
D_0001701673,1,0.995899,1
D_0001701694,1,0.286260,1
D_0001701904,0,0.027902,0
D_0001702450,1,0.998505,1
D_0001702555,0,0.067795,0
D_0001702954,0,0.006147,0
D_0001703038,0,0.048331,0
D_0001703332,1,0.992638,1
D_0001703458,0,0.142622,0
D_0001703542,1,0.996602,1
D_0001703605,1,0.988913,1
D_0001703752,0,0.144812,0
D_0001703815,0,0.049453,0
D_0001703836,1,0.996964,1
D_0001703920,1,0.993807,1
D_0001704067,1,0.071900,0
D_0001704655,1,0.977370,1
D_0001704718,0,0.121722,0
D_0001704760,0,0.133350,0
D_0001704781,0,0.126613,0
D_0001705810,1,0.991045,1
D_0001706272,0,0.114862,0
D_0001706524,1,0.955256,1
D_0001706776,1,0.994159,1
D_0001706923,0,0.198073,0
D_0001707154,1,0.993470,1
D_0001708267,0,0.047298,0
D_0001708477,0,0.058188,0
D_0001708519,0,0.076856,0
D_0001708645,1,0.986953,1
D_0001709065,1,0.962278,1
D_0001709086,0,0.008046,0
D_0001709443,0,0.077153,0
D_0001709989,0,0.045715,0
D_0001710325,1,0.964785,1
D_0001710682,1,0.994461,1
D_0001711585,1,0.994798,1
D_0001711900,1,0.990568,1
D_0001711921,0,0.054331,0
D_0001712068,0,0.011193,0
D_0001712152,1,0.978771,1
D_0001712173,0,0.108759,0
D_0001712194,0,0.054648,0
D_0001712257,0,0.268476,1
D_0001712362,1,0.988222,1
D_0001712404,0,0.004184,0
D_0001713685,0,0.061413,0
D_0001713790,0,0.005414,0
D_0001713958,0,0.010841,0
D_0001713979,1,0.997470,1
D_0001714021,0,0.267796,1
D_0001714651,0,0.072912,0
D_0001714882,1,0.991777,1
D_0001714924,0,0.071640,0
D_0001714945,1,0.106997,0
D_0001715197,1,0.994698,1
D_0001716541,1,0.989794,1
D_0001716730,1,0.916529,1
D_0001716772,1,0.994245,1
D_0001717822,1,0.988891,1
D_0001717906,0,0.150084,0
D_0001717948,1,0.929442,1
D_0001718578,1,0.279379,1
D_0001718599,0,0.186457,0
D_0001718914,1,0.989538,1
D_0001719082,1,0.498182,1
D_0001719712,0,0.006833,0
D_0001719817,0,0.069989,0
D_0001719880,0,0.053149,0
D_0001720195,0,0.195671,0
D_0001720720,1,0.991368,1
D_0001720825,0,0.047359,0
D_0001721098,0,0.014161,0
D_0001721497,1,0.990286,1
D_0001721833,1,0.990046,1
D_0001721875,1,0.994866,1
D_0001722442,0,0.149288,0
D_0001722463,0,0.270094,1
D_0001722631,0,0.024423,0
D_0001722820,0,0.126382,0
D_0001722841,0,0.202181,0
D_0001723009,1,0.265819,1
D_0001723450,0,0.379558,1
D_0001723891,1,0.992328,1
D_0001723912,1,0.995926,1
D_0001724101,0,0.046733,0
D_0001724164,0,0.098821,0
D_0001724290,1,0.983475,1
D_0001725067,1,0.987666,1
D_0001725088,1,0.993443,1
D_0001725949,0,0.072951,0
D_0001726054,0,0.411562,1
D_0001726180,1,0.089687,0
D_0001726810,0,0.103587,0
D_0001726915,1,0.995028,1
D_0001727272,1,0.994445,1
D_0001727293,0,0.084188,0
D_0001727314,1,0.129962,0
D_0001727839,1,0.979114,1
D_0001728889,0,0.031582,0
D_0001729078,1,0.681772,1
D_0001729393,1,0.972151,1
D_0001729708,0,0.088259,0
D_0001729729,1,0.993292,1
D_0001729771,0,0.112004,0
D_0001730044,0,0.151605,0
D_0001730716,1,0.994220,1
D_0001732354,0,0.111881,0
D_0001732837,1,0.990910,1
D_0001733215,1,0.674813,1
D_0001733320,0,0.266334,1
D_0001733362,0,0.095019,0
D_0001733488,1,0.986840,1
D_0001733866,0,0.014540,0
D_0001733908,0,0.038669,0
D_0001734223,1,0.094616,0
D_0001734349,1,0.264888,1
D_0001734454,1,0.991173,1
D_0001734874,1,0.954372,1
D_0001735000,1,0.991025,1
D_0001735588,1,0.988791,1
D_0001735777,1,0.992134,1
D_0001735987,1,0.961552,1
D_0001736197,0,0.475098,1
D_0001736218,1,0.966334,1
D_0001736533,1,0.985439,1
D_0001736575,1,0.995503,1
D_0001736764,1,0.982885,1
D_0001736848,0,0.159200,0
D_0001737016,1,0.993327,1
D_0001737520,1,0.982594,1
D_0001737541,0,0.103569,0
D_0001737646,1,0.942685,1
D_0001737709,1,0.938456,1
D_0001738024,0,0.025750,0
D_0001738381,0,0.129949,0
D_0001738486,1,0.673891,1
D_0001738948,1,0.970689,1
D_0001739326,0,0.159232,0
D_0001739347,1,0.966692,1
D_0001740355,0,0.310403,1
D_0001740439,0,0.187980,0
D_0001740607,0,0.005798,0
D_0001741090,1,0.992554,1
D_0001741153,0,0.103427,0
D_0001741216,1,0.979702,1
D_0001741237,1,0.994515,1
D_0001741279,1,0.993469,1
D_0001741804,1,0.977419,1
D_0001742938,1,0.980069,1
D_0001743169,1,0.984607,1
D_0001743568,1,0.952168,1
D_0001743631,1,0.995874,1
D_0001744240,0,0.234539,0
D_0001744639,1,0.210081,0
D_0001744912,0,0.004274,0
D_0001745269,0,0.038706,0
D_0001745752,0,0.128141,0
D_0001745941,1,0.980800,1
D_0001746340,0,0.020752,0
D_0001746382,0,0.085736,0
D_0001746718,0,0.076730,0
D_0001747327,1,0.983795,1
D_0001747348,1,0.995297,1
D_0001747432,0,0.040214,0
D_0001748377,0,0.011146,0
D_0001748398,0,0.338179,1
D_0001748839,0,0.192150,0
D_0001749343,1,0.991661,1
D_0001749364,0,0.146015,0
D_0001749805,0,0.086078,0
D_0001749889,1,0.995847,1
D_0001750120,0,0.003748,0
D_0001750855,0,0.140224,0
D_0001751128,1,0.097489,0
D_0001751149,0,0.067617,0
D_0001751380,1,0.995499,1
D_0001751926,1,0.830813,1
D_0001751989,1,0.994165,1
D_0001752892,0,0.170534,0
D_0001753270,1,0.990223,1
D_0001754467,0,0.093729,0
D_0001754614,0,0.155537,0
D_0001755160,0,0.125538,0
D_0001755622,0,0.096633,0
D_0001755664,1,0.986447,1
D_0001755685,0,0.228751,0
D_0001755832,1,0.992312,1
D_0001756588,1,0.978007,1
D_0001756672,1,0.885507,1
D_0001757323,0,0.015853,0
D_0001757428,1,0.986773,1
D_0001758058,1,0.991215,1
D_0001758310,0,0.147631,0
D_0001758499,0,0.146499,0
D_0001758562,1,0.995934,1
D_0001758625,0,0.018787,0
D_0001758877,1,0.303415,1
D_0001759528,1,0.980863,1
D_0001759675,0,0.128893,0
D_0001759801,0,0.032656,0
D_0001760158,0,0.050974,0
D_0001760368,1,0.989905,1
D_0001761040,0,0.182231,0
D_0001761187,0,0.025531,0
D_0001762615,0,0.071304,0
D_0001762636,1,0.998088,1
D_0001763140,1,0.988504,1
D_0001763707,1,0.222924,0
D_0001763728,0,0.076324,0
D_0001763749,0,0.139670,0
D_0001763812,0,0.194461,0
D_0001764358,0,0.024152,0
D_0001764379,0,0.095592,0
D_0001764673,1,0.355253,1
D_0001765030,0,0.002995,0
D_0001765576,0,0.179590,0
D_0001765765,0,0.056875,0
D_0001765975,1,0.985335,1
D_0001766521,1,0.992869,1
D_0001766752,0,0.029910,0
D_0001766941,1,0.987283,1
D_0001767109,0,0.141373,0
D_0001767403,0,0.169137,0
D_0001767697,1,0.991024,1
D_0001768075,0,0.040777,0
D_0001768348,1,0.990330,1
D_0001768768,0,0.315243,1
D_0001768957,1,0.930321,1
D_0001769041,1,0.985335,1
D_0001769251,0,0.240080,0
D_0001769293,1,0.983452,1
D_0001769377,1,0.982951,1
D_0001770721,1,0.241895,0
D_0001770784,1,0.074297,0
D_0001770826,1,0.996341,1
D_0001770952,0,0.015353,0
D_0001771078,1,0.995208,1
D_0001771498,1,0.988259,1
D_0001771519,0,0.342808,1
D_0001771960,1,0.998197,1
D_0001772086,0,0.057144,0
D_0001772128,1,0.994828,1
D_0001772779,0,0.254974,1
D_0001773178,0,0.017822,0
D_0001773346,1,0.993876,1
D_0001773409,1,0.995799,1
D_0001773598,1,0.673802,1
D_0001773892,1,0.996513,1
D_0001774081,1,0.994208,1
D_0001774627,1,0.984057,1
D_0001774795,0,0.075180,0
D_0001774921,1,0.986526,1
D_0001775173,1,0.161121,0
D_0001775572,1,0.314005,1
D_0001776286,0,0.100935,0
D_0001776475,0,0.109815,0
D_0001776622,0,0.126853,0
D_0001776895,1,0.995738,1
D_0001776979,0,0.006140,0
D_0001777231,0,0.531394,1
D_0001777483,0,0.352867,1
D_0001777651,1,0.288048,1
D_0001777903,1,0.982992,1
D_0001778239,1,0.981137,1
D_0001778428,1,0.996154,1
D_0001778659,1,0.988017,1
D_0001778785,0,0.091252,0
D_0001778806,0,0.199608,0
D_0001778848,0,0.150024,0
D_0001778911,0,0.214810,0
D_0001779037,0,0.043239,0
D_0001779415,1,0.985751,1
D_0001779562,1,0.994239,1
D_0001779730,0,0.016373,0
D_0001781473,1,0.992326,1
D_0001781683,0,0.052379,0
D_0001781872,0,0.055013,0
D_0001782418,0,0.210364,0
D_0001783237,1,0.100851,0
D_0001783846,0,0.290662,1
D_0001784266,0,0.109041,0
D_0001784560,1,0.992054,1
D_0001784980,1,0.946714,1
D_0001785610,1,0.974383,1
D_0001786429,0,0.012030,0
D_0001786492,1,0.997513,1
D_0001786576,1,0.924172,1
D_0001786765,1,0.993316,1
D_0001786807,1,0.112977,0
D_0001787458,1,0.993621,1
D_0001787605,1,0.992818,1
D_0001787962,1,0.992338,1
D_0001788151,1,0.971873,1
D_0001788172,1,0.988512,1
D_0001788277,1,0.996935,1
D_0001788613,0,0.069128,0
D_0001788949,1,0.997433,1
D_0001788970,1,0.997444,1
D_0001789096,0,0.083859,0
D_0001789432,1,0.989156,1
D_0001789558,0,0.062807,0
D_0001789936,1,0.972354,1
D_0001791007,0,0.129145,0
D_0001791049,1,0.972633,1
D_0001791406,1,0.985290,1
D_0001791742,0,0.041563,0
D_0001792246,1,0.156293,0
D_0001792582,0,0.051123,0
D_0001793632,1,0.983000,1
D_0001794241,0,0.128692,0
D_0001794262,1,0.135243,0
D_0001794346,0,0.038978,0
D_0001794556,1,0.997488,1
D_0001795270,1,0.984855,1
D_0001795375,1,0.992914,1
D_0001795942,0,0.158189,0
D_0001795963,1,0.982684,1
D_0001796110,1,0.992612,1
D_0001796278,1,0.985101,1
D_0001796551,1,0.995869,1
D_0001796887,0,0.134580,0
D_0001797433,1,0.993131,1
D_0001797811,1,0.973052,1
D_0001799533,1,0.995767,1
D_0001799596,0,0.062729,0
D_0001800079,0,0.136669,0
D_0001800268,0,0.129816,0
D_0001800541,1,0.990165,1
D_0001801108,0,0.080139,0
D_0001801696,1,0.988308,1
D_0001801738,1,0.995430,1
D_0001801759,1,0.995944,1
D_0001802116,1,0.992793,1
D_0001802158,1,0.960972,1
D_0001802179,1,0.971681,1
D_0001802221,1,0.959575,1
D_0001802452,0,0.105968,0
D_0001803796,1,0.974592,1
D_0001803985,0,0.072679,0
D_0001804027,0,0.049619,0
D_0001804237,1,0.988541,1
D_0001804279,0,0.069281,0
D_0001804741,1,0.990493,1
D_0001804993,0,0.061042,0
D_0001805056,0,0.041290,0
D_0001805413,1,0.938144,1
D_0001805434,1,0.080779,0
D_0001805476,0,0.072739,0
D_0001805686,1,0.966918,1
D_0001806589,0,0.021061,0
D_0001806799,0,0.398741,1
D_0001806967,1,0.981533,1
D_0001807051,1,0.883184,1
D_0001807450,0,0.028989,0
D_0001807597,0,0.174205,0
D_0001807975,1,0.994219,1
D_0001808458,1,0.994501,1
D_0001808605,1,0.988516,1
D_0001808983,0,0.064846,0
D_0001809424,0,0.188336,0
D_0001809508,1,0.963063,1
D_0001809550,0,0.100843,0
D_0001809676,0,0.055108,0
D_0001809781,1,0.994075,1
D_0001810348,1,0.989966,1
D_0001810432,1,0.996456,1
D_0001810453,0,0.090417,0
D_0001810852,1,0.990768,1
D_0001811104,0,0.081893,0
D_0001811314,0,0.058939,0
D_0001811482,1,0.997227,1
D_0001811629,0,0.515294,1
D_0001811797,1,0.989879,1
D_0001811839,1,0.997117,1
D_0001812595,1,0.996995,1
D_0001812700,0,0.045021,0
D_0001813036,1,0.995647,1
D_0001813078,1,0.991048,1
D_0001813162,0,0.052241,0
D_0001814044,0,0.131580,0
D_0001814149,0,0.067274,0
D_0001814233,0,0.041817,0
D_0001814317,1,0.992096,1
D_0001814674,1,0.982390,1
D_0001814716,1,0.985871,1
D_0001814989,0,0.073141,0
D_0001815199,0,0.297287,1
D_0001815304,0,0.073076,0
D_0001815388,0,0.002129,0
D_0001815682,0,0.112563,0
D_0001815787,0,0.060564,0
D_0001815955,0,0.093576,0
D_0001816186,0,0.223149,0
D_0001816249,1,0.992206,1
D_0001817068,0,0.129577,0
D_0001817131,0,0.027530,0
D_0001817446,1,0.992273,1
D_0001818055,1,0.997422,1
D_0001818391,1,0.249181,1
D_0001818454,1,0.946044,1
D_0001818622,0,0.231429,0
D_0001820113,0,0.038640,0
D_0001820407,0,0.279805,1
D_0001820575,1,0.989894,1
D_0001820869,0,0.194134,0
D_0001821352,1,0.996093,1
D_0001822129,1,0.993115,1
D_0001822486,0,0.077897,0
D_0001823053,1,0.996730,1
D_0001823179,0,0.109343,0
D_0001823452,1,0.923734,1
D_0001823683,0,0.299733,1
D_0001824250,1,0.995211,1
D_0001824418,1,0.990121,1
D_0001824859,1,0.994851,1
D_0001825321,0,0.025049,0
D_0001825510,1,0.994824,1
D_0001825846,0,0.077292,0
D_0001826098,0,0.021029,0
D_0001826896,1,0.279573,1
D_0001827295,1,0.993219,1
D_0001827526,0,0.302343,1
D_0001827610,1,0.990547,1
D_0001828030,0,0.083608,0
D_0001828660,1,0.994802,1
D_0001828702,0,0.033896,0
D_0001829185,1,0.986414,1
D_0001829290,0,0.184001,0
D_0001830088,1,0.993814,1
D_0001830130,1,0.993212,1
D_0001830193,1,0.990577,1
D_0001830214,1,0.510113,1
D_0001830403,1,0.997324,1
D_0001830865,1,0.996016,1
D_0001830928,0,0.332141,1
D_0001831033,1,0.996024,1
D_0001831537,0,0.110724,0
D_0001831579,1,0.996945,1
D_0001831936,0,0.468050,1
D_0001832377,0,0.130061,0
D_0001832692,1,0.989986,1
D_0001833091,1,0.990236,1
D_0001833826,0,0.069495,0
D_0001834057,1,0.990389,1
D_0001834372,1,0.995990,1
D_0001834645,0,0.094441,0
D_0001834918,1,0.994168,1
D_0001834939,0,0.183394,0
D_0001835170,0,0.068301,0
D_0001835191,0,0.163911,0
D_0001836157,1,0.961967,1
D_0001836514,0,0.035244,0
D_0001836577,0,0.431178,1
D_0001836829,0,0.054609,0
D_0001837543,1,0.986385,1
D_0001837564,1,0.994923,1
D_0001838635,1,0.994390,1
D_0001838656,0,0.002628,0
D_0001838740,1,0.419966,1
D_0001839034,1,0.997619,1
D_0001839097,1,0.995847,1
D_0001839223,0,0.302639,1
D_0001839328,1,0.996439,1
D_0001839601,1,0.206687,0
D_0001839811,0,0.054691,0
D_0001840063,1,0.970144,1
D_0001840294,1,0.990896,1
D_0001840315,0,0.064575,0
D_0001840462,1,0.985403,1
D_0001840588,0,0.095807,0
D_0001840609,1,0.993610,1
D_0001840756,1,0.986878,1
D_0001840798,0,0.042672,0
D_0001841029,0,0.152711,0
D_0001841533,0,0.087862,0
D_0001841638,1,0.991276,1
D_0001842352,0,0.056254,0
D_0001842394,0,0.034194,0
D_0001842562,1,0.996871,1
D_0001842688,1,0.998424,1
D_0001842709,0,0.020768,0
D_0001842961,1,0.988915,1
D_0001843003,1,0.124497,0
D_0001843696,1,0.991483,1
D_0001843738,1,0.985109,1
D_0001843885,1,0.957266,1
D_0001844032,1,0.973190,1
D_0001844200,0,0.012533,0
D_0001844515,0,0.065736,0
D_0001844557,1,0.992841,1
D_0001844599,1,0.994089,1
D_0001845103,1,0.994551,1
D_0001845334,0,0.080763,0
D_0001845397,1,0.993701,1
D_0001845481,1,0.996823,1
D_0001845817,0,0.051024,0
D_0001846090,0,0.086916,0
D_0001846153,0,0.042325,0
D_0001846615,1,0.992508,1
D_0001847161,0,0.572988,1
D_0001847224,1,0.981198,1
D_0001847728,1,0.988728,1
D_0001848274,0,0.007759,0
D_0001848316,1,0.983774,1
D_0001848400,1,0.961769,1
D_0001849030,0,0.116703,0
D_0001849303,1,0.996547,1
D_0001849450,1,0.993973,1
D_0001849870,1,0.992536,1
D_0001850143,1,0.995722,1
D_0001850500,0,0.244240,0
D_0001850584,1,0.993416,1
D_0001851319,0,0.078333,0
D_0001851550,1,0.427856,1
D_0001851718,1,0.041269,0
D_0001851823,1,0.810201,1
D_0001851844,0,0.156370,0
D_0001851907,1,0.991086,1
D_0001852327,1,0.995142,1
D_0001852390,0,0.056359,0
D_0001852747,1,0.097161,0
D_0001853041,1,0.500048,1
D_0001853125,1,0.660807,1
D_0001853377,1,0.098830,0
D_0001853566,0,0.071812,0
D_0001853650,1,0.991173,1
D_0001853923,1,0.994756,1
D_0001854364,1,0.289419,1
D_0001854574,0,0.092529,0
D_0001854931,0,0.027631,0
D_0001855162,1,0.989726,1
D_0001855435,1,0.994668,1
D_0001855456,1,0.964846,1
D_0001855519,1,0.774552,1
D_0001855729,0,0.058520,0
D_0001855750,1,0.995802,1
D_0001856107,0,0.165427,0
D_0001856275,1,0.992796,1
D_0001856296,0,0.103560,0
D_0001856506,1,0.992116,1
D_0001856527,0,0.017259,0
D_0001857787,1,0.996726,1
D_0001858900,0,0.036665,0
D_0001858942,0,0.120610,0
D_0001859257,1,0.981236,1
D_0001859362,0,0.035200,0
D_0001859425,0,0.052883,0
D_0001859971,0,0.058724,0
D_0001860286,1,0.946656,1
D_0001861294,1,0.389740,1
D_0001861399,1,0.997550,1
D_0001861588,1,0.996681,1
D_0001861756,1,0.991476,1
D_0001862407,0,0.060458,0
D_0001862470,1,0.987043,1
D_0001862575,0,0.243925,0
D_0001862596,1,0.191799,0
D_0001862638,0,0.044787,0
D_0001862659,0,0.117270,0
D_0001863163,1,0.990051,1
D_0001863331,0,0.048904,0
D_0001863709,1,0.993282,1
D_0001864192,1,0.989366,1
D_0001864297,0,0.168787,0
D_0001864549,1,0.886274,1
D_0001864717,1,0.991338,1
D_0001864780,1,0.992844,1
D_0001864801,0,0.063486,0
D_0001864948,0,0.029920,0
D_0001865137,1,0.451107,1
D_0001865284,1,0.589420,1
D_0001865536,1,0.998035,1
D_0001865578,1,0.983075,1
D_0001865851,1,0.996587,1
D_0001866565,0,0.048295,0
D_0001867174,0,0.047549,0
D_0001867426,1,0.968715,1
D_0001867468,1,0.982767,1
D_0001867531,0,0.019027,0
D_0001867930,1,0.985538,1
D_0001868644,0,0.233640,0
D_0001868707,1,0.007352,0
D_0001869085,1,0.993488,1
D_0001869316,1,0.385423,1
D_0001869337,1,0.989021,1
D_0001869547,1,0.997111,1
D_0001869694,1,0.981843,1
D_0001870198,1,0.246403,1
D_0001870366,1,0.964266,1
D_0001870408,1,0.997762,1
D_0001870450,0,0.029012,0
D_0001870618,0,0.047416,0
D_0001870765,0,0.124577,0
D_0001870870,0,0.013508,0
D_0001870933,0,0.657830,1
D_0001871143,1,0.939620,1
D_0001871185,0,0.013274,0
D_0001871395,1,0.990731,1
D_0001871458,1,0.972037,1
D_0001871899,1,0.956581,1
D_0001872067,0,0.032178,0
D_0001872256,0,0.082274,0
D_0001872655,0,0.140681,0
D_0001872739,1,0.992177,1
D_0001873369,0,0.050726,0
D_0001873663,0,0.107985,0
D_0001873747,0,0.049618,0
D_0001874293,0,0.145328,0
D_0001874776,0,0.031017,0
D_0001875154,1,0.981929,1
D_0001875385,1,0.971868,1
D_0001875574,1,0.995537,1
D_0001875637,1,0.990630,1
D_0001875868,1,0.983415,1
D_0001876015,1,0.971847,1
D_0001876057,1,0.973624,1
D_0001876267,0,0.367831,1
D_0001876330,1,0.432279,1
D_0001876519,1,0.992328,1
D_0001876855,0,0.083885,0
D_0001877065,1,0.992830,1
D_0001877527,1,0.993324,1
D_0001877863,1,0.997185,1
D_0001878094,0,0.034903,0
D_0001878304,1,0.988182,1
D_0001878535,0,0.140890,0
D_0001878577,1,0.990181,1
D_0001878934,1,0.970629,1
D_0001879186,0,0.259156,1
D_0001879270,0,0.682651,1
D_0001879564,1,0.988497,1
D_0001880362,0,0.110766,0
D_0001881097,0,0.149137,0
D_0001881118,0,0.125552,0
D_0001881370,1,0.993223,1
D_0001881412,1,0.992538,1
D_0001881475,1,0.972554,1
D_0001881643,0,0.071124,0
D_0001881664,0,0.051574,0
D_0001882168,1,0.994174,1
D_0001882315,0,0.164180,0
D_0001882609,1,0.994406,1
D_0001882630,0,0.087170,0
D_0001882672,1,0.994925,1
D_0001883239,0,0.037742,0
D_0001883281,1,0.995364,1
D_0001883449,1,0.994669,1
D_0001883722,0,0.162697,0
D_0001883974,0,0.226817,0
D_0001884604,0,0.056851,0
D_0001884667,1,0.513131,1
D_0001884919,0,0.038202,0
D_0001885318,1,0.993705,1
D_0001885633,1,0.990938,1
D_0001885864,0,0.015052,0
D_0001886032,0,0.081802,0
D_0001887145,0,0.392378,1
D_0001887481,0,0.091907,0
D_0001887523,0,0.090908,0
D_0001887649,0,0.026344,0
D_0001887775,1,0.984012,1
D_0001887985,1,0.084299,0
D_0001888573,1,0.961107,1
D_0001888699,0,0.097075,0
D_0001888867,0,0.051529,0
D_0001889476,1,0.991748,1
D_0001889812,0,0.028812,0
D_0001889896,1,0.995992,1
D_0001890316,0,0.050956,0
D_0001890799,0,0.180816,0
D_0001891093,1,0.989662,1
D_0001891282,1,0.987683,1
D_0001891408,0,0.083334,0
D_0001891471,1,0.969709,1
D_0001891723,1,0.989433,1
D_0001891744,1,0.978298,1
D_0001891807,0,0.021539,0
D_0001891828,1,0.994999,1
D_0001892206,1,0.992396,1
D_0001892500,0,0.075054,0
D_0001892941,0,0.051105,0
D_0001892962,1,0.995242,1
D_0001893214,0,0.131904,0
D_0001893298,0,0.110411,0
D_0001893361,0,0.105759,0
D_0001893571,0,0.071526,0
D_0001893802,1,0.995178,1
D_0001894012,1,0.430946,1
D_0001894264,0,0.466892,1
D_0001894369,0,0.228095,0
D_0001894789,0,0.024615,0
D_0001894894,1,0.353700,1
D_0001895041,1,0.997418,1
D_0001895713,1,0.973152,1
D_0001895860,0,0.074572,0
D_0001895923,1,0.995380,1
D_0001896217,0,0.045461,0
D_0001897057,1,0.987078,1
D_0001897120,1,0.997510,1
D_0001897372,0,0.041214,0
D_0001897393,0,0.177647,0
D_0001897960,0,0.132391,0
D_0001898044,0,0.103359,0
D_0001898065,1,0.989906,1
D_0001898590,1,0.997036,1
D_0001898779,0,0.023152,0
D_0001898863,1,0.993442,1
D_0001899451,1,0.996206,1
D_0001899535,0,0.286792,1
D_0001899703,0,0.291756,1
D_0001899829,1,0.956411,1
D_0001899934,0,0.097381,0
D_0001900102,1,0.996036,1
D_0001900480,1,0.985177,1
D_0001900879,1,0.985075,1
D_0001900963,0,0.004990,0
D_0001901005,0,0.100117,0
D_0001901026,1,0.986259,1
D_0001901173,1,0.216910,0
D_0001901530,1,0.988047,1
D_0001901950,1,0.979444,1
D_0001902034,1,0.085994,0
D_0001902118,1,0.980386,1
D_0001902391,1,0.961214,1
D_0001902790,0,0.115524,0
D_0001903378,1,0.997189,1
D_0001903483,0,0.083984,0
D_0001903651,1,0.997997,1
D_0001903735,1,0.953140,1
D_0001904344,1,0.997202,1
D_0001904890,1,0.982806,1
D_0001905079,1,0.950372,1
D_0001905499,1,0.986230,1
D_0001905919,0,0.903056,1
D_0001905961,0,0.076092,0
D_0001906003,1,0.095102,0
D_0001906234,1,0.991336,1
D_0001906318,1,0.978828,1
D_0001906339,1,0.938068,1
D_0001906549,0,0.037743,0
D_0001906654,1,0.993042,1
D_0001907053,1,0.311070,1
D_0001907389,0,0.004394,0
D_0001907410,0,0.374031,1
D_0001907473,1,0.999410,1
D_0001907599,0,0.126688,0
D_0001907620,0,0.030202,0
D_0001907872,0,0.203537,0
D_0001909111,1,0.988617,1
D_0001909636,0,0.125240,0
D_0001909678,1,0.991051,1
D_0001909783,1,0.992366,1
D_0001910035,0,0.482777,1
D_0001910098,1,0.994263,1
D_0001910224,1,0.993875,1
D_0001910371,1,0.997768,1
D_0001910413,0,0.042558,0
D_0001910959,1,0.986048,1
D_0001911295,1,0.258823,1
D_0001911379,1,0.919214,1
D_0001911484,1,0.970504,1
D_0001912198,0,0.021279,0
D_0001912240,0,0.513131,1
D_0001912870,0,0.081156,0
D_0001913017,1,0.986340,1
D_0001913059,0,0.108765,0
D_0001913332,0,0.066139,0
D_0001913353,1,0.979452,1
D_0001913395,1,0.993860,1
D_0001913458,1,0.990979,1
D_0001913542,1,0.978302,1
D_0001915264,0,0.114892,0
D_0001915390,0,0.074081,0
D_0001915411,0,0.152462,0
D_0001916545,0,0.015601,0
D_0001917868,1,0.848135,1
D_0001917973,0,0.237789,0
D_0001918351,0,0.168020,0
D_0001918582,1,0.991469,1
D_0001918603,0,0.037268,0
D_0001918855,1,0.980655,1
D_0001918918,0,0.006428,0
D_0001918981,0,0.148902,0
D_0001919674,0,0.254610,1
D_0001919800,1,0.968587,1
D_0001920262,0,0.149028,0
D_0001920598,0,0.056118,0
D_0001920619,1,0.990049,1
D_0001921627,0,0.143539,0
D_0001922194,1,0.995550,1
D_0001922446,1,0.257391,1
D_0001922866,0,0.137254,0
D_0001923265,1,0.995591,1
D_0001923979,1,0.984093,1
D_0001924273,1,0.123868,0
D_0001924378,1,0.991530,1
D_0001924504,1,0.955996,1
D_0001925092,1,0.997163,1
D_0001925365,1,0.954785,1
D_0001925638,1,0.997035,1
D_0001925995,0,0.072198,0
D_0001926121,0,0.136543,0
D_0001926142,1,0.981016,1
D_0001926184,0,0.206021,0
D_0001926898,1,0.985328,1
D_0001927507,1,0.757121,1
D_0001927591,1,0.992804,1
D_0001928032,0,0.149643,0
D_0001928347,1,0.974613,1
D_0001928368,0,0.137573,0
D_0001928473,1,0.991710,1
D_0001928536,1,0.990954,1
D_0001929313,1,0.994208,1
D_0001929481,1,0.990651,1
D_0001929838,0,0.126020,0
D_0001929859,1,0.994123,1
D_0001930741,0,0.020760,0
D_0001930993,1,0.988943,1
D_0001931350,0,0.013230,0
D_0001931896,1,0.992675,1
D_0001931980,1,0.980733,1
D_0001932253,0,0.032120,0
D_0001932463,0,0.066313,0
D_0001933009,0,0.000118,0
D_0001933198,1,0.981353,1
D_0001933450,1,0.990330,1
D_0001933597,0,0.092791,0
D_0001933975,0,0.015550,0
D_0001934080,1,0.994872,1
D_0001934101,1,0.995963,1
D_0001935256,0,0.144893,0
D_0001935487,1,0.960027,1
D_0001935550,0,0.035722,0
D_0001935592,0,0.136114,0
D_0001936285,1,0.995415,1
D_0001936432,1,0.626144,1
D_0001936600,0,0.003279,0
D_0001936642,1,0.988610,1
D_0001937125,0,0.061136,0
D_0001937713,1,0.417961,1
D_0001938007,1,0.984634,1
D_0001938595,0,0.068421,0
D_0001938826,0,0.044886,0
D_0001939099,1,0.998500,1
D_0001939183,0,0.100661,0
D_0001940128,0,0.004129,0
D_0001940275,1,0.986007,1
D_0001940569,0,0.119559,0
D_0001941031,0,0.021047,0
D_0001941073,0,0.204175,0
D_0001941241,1,0.994354,1
D_0001941682,0,0.140702,0
D_0001941808,1,0.982722,1
D_0001941913,0,0.064520,0
D_0001941934,0,0.094824,0
D_0001942207,1,0.994823,1
D_0001942291,0,0.164303,0
D_0001942417,0,0.224881,0
D_0001942732,0,0.058385,0
D_0001942942,1,0.987954,1
D_0001943425,1,0.993091,1
D_0001943446,1,0.985835,1
D_0001943803,0,0.047995,0
D_0001944265,0,0.044934,0
D_0001944433,1,0.489198,1
D_0001944559,0,0.013388,0
D_0001945084,1,0.262417,1
D_0001945147,1,0.987093,1
D_0001945609,1,0.994003,1
D_0001945903,1,0.992642,1
D_0001946008,1,0.995832,1
D_0001946491,1,0.989918,1
D_0001946533,1,0.991485,1
D_0001946827,1,0.994769,1
D_0001946911,1,0.991741,1
D_0001947436,0,0.057449,0
D_0001947520,0,0.022520,0
D_0001947562,1,0.993850,1
D_0001947730,1,0.985350,1
D_0001948633,1,0.987368,1
D_0001948738,1,0.992694,1
D_0001949536,1,0.949404,1
D_0001950061,1,0.996209,1
D_0001950103,0,0.048351,0
D_0001950124,0,0.045668,0
D_0001951111,0,0.049792,0
D_0001951195,0,0.053732,0
D_0001951468,0,0.035831,0
D_0001951489,1,0.993717,1
D_0001952476,0,0.032587,0
D_0001952497,1,0.952249,1
D_0001952602,1,0.994854,1
D_0001953022,1,0.989997,1
D_0001953211,1,0.988372,1
D_0001953337,1,0.997448,1
D_0001953484,1,0.677893,1
D_0001953736,0,0.071834,0
D_0001953988,0,0.086760,0
D_0001954093,0,0.194510,0
D_0001954828,0,0.009784,0
D_0001955017,1,0.635192,1
D_0001955353,1,0.994477,1
D_0001955395,0,0.365778,1
D_0001955773,0,0.082267,0
D_0001956361,1,0.993795,1
D_0001957285,0,0.104416,0
D_0001957327,0,0.071584,0
D_0001958062,0,0.615920,1
D_0001958083,0,0.056377,0
D_0001958671,1,0.674370,1
D_0001959364,1,0.992622,1
D_0001959784,1,0.995580,1
D_0001959805,0,0.040152,0
D_0001959847,1,0.979948,1
D_0001960036,0,0.091124,0
D_0001960372,1,0.993760,1
D_0001960456,0,0.112880,0
D_0001960603,0,0.100117,0
D_0001960687,0,0.055249,0
D_0001960834,1,0.940278,1
D_0001961107,0,0.087497,0
D_0001961338,1,0.992865,1
D_0001961422,1,0.986837,1
D_0001961758,1,0.996587,1
D_0001962283,1,0.989453,1
D_0001962367,1,0.996277,1
D_0001962619,1,0.992663,1
D_0001962745,0,0.067439,0
D_0001962829,0,0.095795,0
D_0001962913,0,0.144582,0
D_0001962934,1,0.512404,1
D_0001962976,1,0.978880,1
D_0001963270,0,0.068941,0
D_0001963564,1,0.142887,0
D_0001963963,1,0.990184,1
D_0001964152,1,0.961074,1
D_0001964236,0,0.055729,0
D_0001964446,1,0.988906,1
D_0001965349,1,0.993283,1
D_0001965538,0,0.039556,0
D_0001966042,0,0.066354,0
D_0001966084,0,0.048339,0
D_0001966651,0,0.032787,0
D_0001966798,1,0.978292,1
D_0001967386,1,0.991409,1
D_0001967470,1,0.993741,1
D_0001967827,1,0.970521,1
D_0001968037,1,0.989570,1
D_0001968268,1,0.977963,1
D_0001968772,1,0.995103,1
D_0001968982,1,0.995217,1
D_0001969024,1,0.976260,1
D_0001969528,1,0.992841,1
D_0001970053,1,0.995674,1
D_0001970074,1,0.976430,1
D_0001970389,0,0.047461,0
D_0001970536,0,0.276299,1
D_0001970851,1,0.989238,1
D_0001970914,0,0.011102,0
D_0001971586,1,0.994065,1
D_0001972006,1,0.991295,1
D_0001972825,1,0.995069,1
D_0001973749,1,0.968300,1
D_0001973854,0,0.084381,0
D_0001974001,1,0.789343,1
D_0001975492,0,0.289374,1
D_0001975597,0,0.056478,0
D_0001975744,1,0.992877,1
D_0001976185,0,0.063834,0
D_0001978054,0,0.027340,0
D_0001978117,1,0.995840,1
D_0001978747,1,0.993715,1
D_0001978768,1,0.993516,1
D_0001978852,1,0.986445,1
D_0001978894,0,0.068311,0
D_0001979524,0,0.098624,0
D_0001980364,1,0.909013,1
D_0001980490,1,0.997149,1
D_0001980553,0,0.040221,0
D_0001980658,0,0.400211,1
D_0001980742,0,0.039027,0
D_0001981939,0,0.317049,1
D_0001982128,1,0.984260,1
D_0001982170,1,0.985067,1
D_0001982212,0,0.175733,0
D_0001982296,1,0.991929,1
D_0001982968,0,0.029320,0
D_0001982989,1,0.950081,1
D_0001983052,0,0.034718,0
D_0001983535,1,0.990980,1
D_0001984207,1,0.389500,1
D_0001984543,0,0.011928,0
D_0001984837,1,0.992701,1
D_0001984963,1,0.979382,1
D_0001984984,1,0.990105,1
D_0001985047,1,0.986686,1
D_0001985068,0,0.043242,0
D_0001985236,1,0.989560,1
D_0001985278,1,0.988120,1
D_0001985383,0,0.029526,0
D_0001985614,0,0.036605,0
D_0001985635,1,0.987144,1
D_0001986202,0,0.064686,0
D_0001986223,0,0.036574,0
D_0001986265,0,0.086951,0
D_0001986433,1,0.992647,1
D_0001986517,0,0.027589,0
D_0001987063,1,0.989875,1
D_0001987609,1,0.698383,1
D_0001988239,1,0.966526,1
D_0001988281,0,0.041156,0
D_0001988491,0,0.071451,0
D_0001988533,1,0.933378,1
D_0001988554,1,0.852722,1
D_0001988701,1,0.458443,1
D_0001989058,1,0.957391,1
D_0001989226,0,0.014507,0
D_0001989415,0,0.004131,0
D_0001990003,1,0.998142,1
D_0001990297,1,0.992121,1
D_0001990696,1,0.994422,1
D_0001990843,0,0.207190,0
D_0001990927,1,0.984338,1
D_0001991032,0,0.031693,0
D_0001991515,0,0.221405,0
D_0001991536,1,0.990101,1
D_0001992061,1,0.099416,0
D_0001992124,1,0.150409,0
D_0001992502,0,0.323406,1
D_0001992838,1,0.617505,1
D_0001992859,1,0.965638,1
D_0001993636,0,0.390489,1
D_0001994287,1,0.987941,1
D_0001994329,1,0.985085,1
D_0001994707,0,0.101619,0
D_0001994728,1,0.994457,1
D_0001994959,0,0.032520,0
D_0001995169,0,0.020638,0
D_0001995295,1,0.990830,1
D_0001995316,1,0.101328,0
D_0001995673,0,0.164787,0
D_0001995820,1,0.994768,1
D_0001996135,0,0.064785,0
D_0001996261,0,0.189808,0
D_0001996702,0,0.121783,0
D_0001997206,0,0.424905,1
D_0001997227,1,0.143385,0
D_0001997374,0,0.051873,0
D_0001997395,1,0.991147,1
D_0001997563,0,0.062898,0
D_0001997647,0,0.020150,0
D_0001997689,0,0.066250,0
D_0001997899,1,0.997821,1
D_0001998739,1,0.123985,0
D_0001998781,0,0.015450,0
D_0001998907,1,0.980065,1
D_0001999222,1,0.992385,1
D_0001999453,0,0.106499,0
D_0001999999,0,0.237626,0
D_0002000062,0,0.235069,0
D_0002000188,1,0.996249,1
D_0002000818,1,0.994352,1
D_0002001343,1,0.995675,1
D_0002002141,0,0.079773,0
D_0002002162,1,0.987608,1
D_0002002498,0,0.130830,0
D_0002002876,1,0.846093,1
D_0002002939,0,0.038105,0
D_0002003065,0,0.091001,0
D_0002003401,0,0.108892,0
D_0002003527,0,0.038973,0
D_0002003758,0,0.059905,0
D_0002003926,1,0.993718,1
D_0002004073,0,0.039453,0
D_0002004136,1,0.991726,1
D_0002004346,0,0.093056,0
D_0002004577,0,0.208265,0
D_0002004850,0,0.128813,0
D_0002004934,0,0.155318,0
D_0002005480,1,0.973269,1
D_0002006173,1,0.995455,1
D_0002006530,1,0.982395,1
D_0002006845,0,0.084590,0
D_0002006866,0,0.101836,0
D_0002006950,1,0.992349,1
D_0002007307,1,0.995957,1
D_0002007370,0,0.044153,0
D_0002007559,1,0.930367,1
D_0002007895,1,0.970859,1
D_0002007958,1,0.214463,0
D_0002008084,1,0.996081,1
D_0002008210,0,0.076274,0
D_0002008693,0,0.033858,0
D_0002008924,1,0.993347,1
D_0002009134,1,0.993752,1
D_0002009827,1,0.980880,1
D_0002010331,0,0.217072,0
D_0002010352,0,0.065983,0
D_0002010499,0,0.066779,0
D_0002011171,1,0.988937,1
D_0002011339,0,0.032418,0
D_0002011381,0,0.031035,0
D_0002011675,0,0.185782,0
D_0002011738,0,0.044170,0
D_0002011759,1,0.986949,1
D_0002012158,1,0.112644,0
D_0002012305,1,0.993644,1
D_0002012536,1,0.992775,1
D_0002012977,0,0.104918,0
D_0002013082,0,0.075207,0
D_0002013292,0,0.089785,0
D_0002013376,1,0.763639,1
D_0002013670,1,0.984327,1
D_0002013901,0,0.049709,0
D_0002014279,0,0.088542,0
D_0002014489,1,0.978199,1
D_0002014594,1,0.988843,1
D_0002014636,0,0.052324,0
D_0002015287,0,0.063511,0
D_0002015455,1,0.982049,1
D_0002016190,1,0.993272,1
D_0002016211,1,0.989936,1
D_0002016253,1,0.971589,1
D_0002016421,0,0.125628,0
D_0002016484,1,0.993272,1
D_0002016925,1,0.990309,1
D_0002017030,0,0.120889,0
D_0002017093,1,0.988033,1
D_0002017198,1,0.985216,1
D_0002017345,1,0.995943,1
D_0002017387,0,0.045512,0
D_0002017429,1,0.957078,1
D_0002017660,0,0.040656,0
D_0002017933,1,0.994356,1
D_0002017975,0,0.295935,1
D_0002018899,1,0.988555,1
D_0002019487,0,0.273762,1
D_0002019613,0,0.115350,0
D_0002019865,1,0.997347,1
D_0002020054,0,0.018446,0
D_0002020621,1,0.995331,1
D_0002020873,0,0.012396,0
D_0002021566,1,0.997459,1
D_0002021818,0,0.046428,0
D_0002021944,1,0.997844,1
D_0002022217,1,0.087720,0
D_0002022385,1,0.936347,1
D_0002022406,1,0.994406,1
D_0002022721,1,0.980624,1
D_0002022784,1,0.980870,1
D_0002022952,0,0.036617,0
D_0002023729,0,0.066088,0
D_0002023792,0,0.035791,0
D_0002024086,1,0.967123,1
D_0002024401,1,0.989747,1
D_0002026144,1,0.996577,1
D_0002026543,1,0.994649,1
D_0002026900,1,0.990220,1
D_0002027110,1,0.990211,1
D_0002027299,0,0.017133,0
D_0002027782,1,0.996515,1
D_0002028307,1,0.997325,1
D_0002028727,1,0.992873,1
D_0002029231,0,0.055399,0
D_0002029273,0,0.076515,0
D_0002029651,1,0.924049,1
D_0002029861,1,0.953634,1
D_0002029924,1,0.037104,0
D_0002030071,1,0.993716,1
D_0002030155,0,0.427807,1
D_0002030344,1,0.994631,1
D_0002030386,1,0.986452,1
D_0002030890,1,0.942710,1
D_0002031457,1,0.995820,1
D_0002031478,1,0.902756,1
D_0002032276,1,0.992884,1
D_0002032423,0,0.134721,0
D_0002032549,1,0.994682,1
D_0002033011,1,0.969308,1
D_0002033704,1,0.418090,1
D_0002033809,1,0.099973,0
D_0002034754,0,0.068615,0
D_0002034901,1,0.994742,1
D_0002035090,1,0.810374,1
D_0002035363,0,0.001757,0
D_0002035657,0,0.194025,0
D_0002035867,0,0.158599,0
D_0002035930,0,0.204325,0
D_0002036686,1,0.993659,1
D_0002037274,0,0.094690,0
D_0002037862,0,0.258520,1
D_0002038135,1,0.967928,1
D_0002038261,1,0.992788,1
D_0002038324,0,0.033623,0
D_0002038387,0,0.109854,0
D_0002038429,0,0.032952,0
D_0002038702,1,0.996683,1
D_0002039437,1,0.927468,1
D_0002039500,0,0.237603,0
D_0002040130,1,0.997396,1
D_0002041516,0,0.149616,0
D_0002041621,0,0.007091,0
D_0002041873,1,0.992031,1
D_0002041999,0,0.339173,1
D_0002042944,1,0.996167,1
D_0002043049,1,0.992035,1
D_0002043679,1,0.995929,1
D_0002044246,1,0.983851,1
D_0002044267,0,0.101597,0
D_0002044309,1,0.971454,1
D_0002044687,1,0.992103,1
D_0002045317,1,0.991498,1
D_0002045716,1,0.080855,0
D_0002046409,1,0.995328,1
D_0002046556,0,0.088054,0
D_0002046787,1,0.986200,1
D_0002046871,1,0.980331,1
D_0002046913,0,0.127130,0
D_0002046997,1,0.908353,1
D_0002047018,1,0.955586,1
D_0002047270,1,0.992463,1
D_0002047417,1,0.993676,1
D_0002047921,1,0.997350,1
D_0002048068,0,0.026763,0
D_0002048404,1,0.995430,1
D_0002048719,0,0.248102,1
D_0002048845,0,0.148170,0
D_0002048887,1,0.874695,1
D_0002050000,0,0.037258,0
D_0002050042,1,0.991275,1
D_0002050168,1,0.968749,1
D_0002050231,0,0.192295,0
D_0002050525,1,0.994624,1
D_0002050756,1,0.994572,1
D_0002051302,1,0.096047,0
D_0002052163,0,0.155233,0
D_0002052919,0,0.050209,0
D_0002053255,0,0.267872,1
D_0002053276,0,0.045170,0
D_0002053402,0,0.055859,0
D_0002053465,1,0.968046,1
D_0002053843,1,0.996132,1
D_0002053990,0,0.034004,0
D_0002054221,1,0.572458,1
D_0002054263,0,0.149537,0
D_0002054494,1,0.981250,1
D_0002055481,1,0.206007,0
D_0002055628,0,0.082979,0
D_0002055964,0,0.036182,0
D_0002056174,1,0.995599,1
D_0002056237,1,0.996647,1
D_0002056258,0,0.031340,0
D_0002056279,0,0.152391,0
D_0002056678,1,0.984350,1
D_0002056762,0,0.200382,0
D_0002057140,1,0.996912,1
D_0002057623,1,0.995839,1
D_0002058001,0,0.103690,0
D_0002058316,0,0.061270,0
D_0002059219,1,0.994603,1
D_0002059408,1,0.994669,1
D_0002059597,0,0.007684,0
D_0002059681,0,0.194460,0
D_0002060185,1,0.993034,1
D_0002060878,1,0.986221,1
D_0002061340,1,0.994663,1
D_0002061403,0,0.042885,0
D_0002061802,0,0.142117,0
D_0002062222,1,0.988835,1
D_0002063104,0,0.150344,0
D_0002063125,1,0.991551,1
D_0002063230,0,0.138971,0
D_0002063293,1,0.995380,1
D_0002063671,0,0.039678,0
D_0002063986,0,0.040396,0
D_0002064259,1,0.081372,0
D_0002064490,1,0.989506,1
D_0002064637,0,0.129074,0
D_0002064700,1,0.992569,1
D_0002064721,0,0.039599,0
D_0002064805,0,0.202839,0
D_0002064889,1,0.954593,1
D_0002066296,0,0.090325,0
D_0002067052,0,0.005213,0
D_0002067283,0,0.088905,0
D_0002067661,1,0.993507,1
D_0002068312,1,0.993080,1
D_0002068333,1,0.995109,1
D_0002068942,0,0.017013,0
D_0002069005,1,0.984516,1
D_0002069068,1,0.994856,1
D_0002069572,0,0.040437,0
D_0002070139,0,0.240778,0
D_0002070538,1,0.993378,1
D_0002070580,1,0.989823,1
D_0002070853,1,0.997187,1
D_0002071105,0,0.066824,0
D_0002071378,1,0.222922,0
D_0002071567,1,0.991446,1
D_0002072029,1,0.995608,1
D_0002072407,1,0.953165,1
D_0002072533,1,0.990919,1
D_0002073373,0,0.012756,0
D_0002073793,1,0.995809,1
D_0002074192,0,0.049910,0
D_0002074633,0,0.115554,0
D_0002074696,0,0.029553,0
D_0002075263,1,0.993076,1
D_0002075914,1,0.993256,1
D_0002076082,0,0.303660,1
D_0002076313,0,0.199489,0
D_0002076922,1,0.990944,1
D_0002077111,0,0.044807,0
D_0002077174,0,0.196421,0
D_0002077510,0,0.094317,0
D_0002077594,0,0.029824,0
D_0002078665,1,0.989935,1
D_0002078875,0,0.058815,0
D_0002078896,0,0.015071,0
D_0002079547,1,0.997384,1
D_0002079883,0,0.021432,0
D_0002080240,0,0.276414,1
D_0002080282,1,0.135850,0
D_0002080387,1,0.994933,1
D_0002080576,0,0.225470,0
D_0002080597,0,0.114288,0
D_0002080891,1,0.994987,1
D_0002080954,1,0.982514,1
D_0002081689,1,0.979644,1
D_0002082445,1,0.990712,1
D_0002082739,1,0.983978,1
D_0002083096,0,0.187539,0
D_0002083390,0,0.090338,0
D_0002083810,1,0.996262,1
D_0002084167,1,0.077038,0
D_0002084587,1,0.991916,1
D_0002084608,0,0.510498,1
D_0002085133,1,0.992132,1
D_0002085154,1,0.995748,1
D_0002085490,0,0.054564,0
D_0002085700,0,0.006319,0
D_0002085952,0,0.142642,0
D_0002085994,0,0.084575,0
D_0002086813,1,0.992197,1
D_0002087170,0,0.036998,0
D_0002087338,1,0.991520,1
D_0002087485,0,0.094884,0
D_0002087527,0,0.376547,1
D_0002087800,1,0.996414,1
D_0002087926,1,0.979760,1
D_0002088073,0,0.090143,0
D_0002088388,0,0.011753,0
D_0002088787,1,0.994787,1
D_0002089459,0,0.124860,0
D_0002090362,0,0.392089,1
D_0002090425,1,0.330347,1
D_0002090509,1,0.988555,1
D_0002090782,0,0.318840,1
D_0002090950,0,0.100384,0
D_0002090992,0,0.111745,0
D_0002091223,1,0.993377,1
D_0002091580,0,0.048507,0
D_0002091811,1,0.113695,0
D_0002092357,0,0.043501,0
D_0002092714,1,0.950137,1
D_0002092882,0,0.200136,0
D_0002093197,1,0.996597,1
D_0002093617,0,0.004395,0
D_0002093659,0,0.090528,0
D_0002093680,1,0.995773,1
D_0002094730,0,0.047387,0
D_0002094877,0,0.060858,0
D_0002095381,1,0.994072,1
D_0002095675,0,0.052848,0
D_0002095927,1,0.995324,1
D_0002096116,0,0.011211,0
D_0002096284,0,0.030837,0
D_0002096305,0,0.066416,0
D_0002096515,1,0.994985,1
D_0002096620,1,0.994429,1
D_0002097082,0,0.044048,0
D_0002097565,0,0.265792,1
D_0002097922,1,0.988926,1
D_0002098258,1,0.912278,1
D_0002098405,1,0.997606,1
D_0002098489,1,0.987858,1
D_0002098951,0,0.032743,0
D_0002099077,1,0.993410,1
D_0002099476,0,0.034684,0
D_0002099770,1,0.175526,0
D_0002099875,0,0.049240,0
D_0002099938,1,0.964084,1
D_0002100904,0,0.042095,0
D_0002101009,0,0.800369,1
D_0002101177,1,0.993997,1
D_0002101261,1,0.981314,1
D_0002101576,0,0.080230,0
D_0002101681,1,0.996094,1
D_0002102206,1,0.948125,1
D_0002102269,0,0.109850,0
D_0002102311,1,0.987033,1
D_0002102521,1,0.997977,1
D_0002102668,0,0.023364,0
D_0002103130,1,0.987849,1
D_0002103172,1,0.971203,1
D_0002103445,0,0.056869,0
D_0002103613,0,0.120613,0
D_0002103928,0,0.115264,0
D_0002104537,0,0.094977,0
D_0002104642,1,0.996530,1
D_0002104747,1,0.978182,1
D_0002104810,1,0.236113,0
D_0002105062,1,0.864890,1
D_0002105755,1,0.994876,1
D_0002105881,0,0.053181,0
D_0002106154,0,0.000616,0
D_0002106616,0,0.114950,0
D_0002107015,1,0.996011,1
D_0002107372,1,0.023793,0
D_0002107477,0,0.034764,0
D_0002107540,1,0.985780,1
D_0002107771,1,0.975630,1
D_0002108716,1,0.997433,1
D_0002109115,1,0.982962,1
D_0002109199,0,0.109073,0
D_0002109388,0,0.103913,0
D_0002109640,0,0.018959,0
D_0002110480,1,0.949574,1
D_0002111236,0,0.069896,0
D_0002111299,1,0.803364,1
D_0002112160,0,0.043931,0
D_0002112790,0,0.046455,0
D_0002113567,0,0.149591,0
D_0002113672,1,0.931402,1
D_0002113861,1,0.995249,1
D_0002114071,1,0.957858,1
D_0002114113,1,0.997077,1
D_0002114155,0,0.061234,0
D_0002114428,0,0.429754,1
D_0002114491,0,0.071051,0
D_0002114932,0,0.031790,0
D_0002115772,0,0.000227,0
D_0002115940,1,0.995466,1
D_0002116150,0,0.089805,0
D_0002116570,1,0.993170,1
D_0002116801,1,0.059832,0
D_0002117053,0,0.259728,1
D_0002117641,1,0.985813,1
D_0002117746,1,0.987992,1
D_0002118313,0,0.149713,0
D_0002119090,1,0.992376,1
D_0002119195,0,0.171852,0
D_0002119279,0,0.138561,0
D_0002119300,0,0.063256,0
D_0002119657,1,0.965783,1
D_0002119783,0,0.351248,1
D_0002120245,1,0.944770,1
D_0002120434,1,0.994045,1
D_0002120791,1,0.908378,1
D_0002121001,0,0.073220,0
D_0002121043,1,0.443295,1
D_0002121547,0,0.025793,0
D_0002121652,0,0.074404,0
D_0002121883,0,0.077573,0
D_0002121904,1,0.981350,1
D_0002121925,0,0.098038,0
D_0002121967,1,0.995496,1
D_0002122051,0,0.105263,0
D_0002122576,0,0.026319,0
D_0002122618,1,0.991531,1
D_0002122807,0,0.296547,1
D_0002123038,0,0.039299,0
D_0002123059,1,0.730556,1
D_0002123794,1,0.986393,1
D_0002123815,0,0.102521,0
D_0002123920,1,0.996038,1
D_0002123941,0,0.022083,0
D_0002124130,1,0.987084,1
D_0002124193,1,0.996055,1
D_0002124445,1,0.072057,0
D_0002124676,0,0.221020,0
D_0002124907,0,0.229921,0
D_0002126524,1,0.994861,1
D_0002126629,1,0.992690,1
D_0002127049,0,0.158508,0
D_0002127259,1,0.970197,1
D_0002127343,0,0.031971,0
D_0002127700,0,0.097407,0
D_0002127826,1,0.992198,1
D_0002127868,1,0.995631,1
D_0002127994,0,0.121086,0
D_0002128729,1,0.958653,1
D_0002128771,0,0.328226,1
D_0002128939,1,0.229934,0
D_0002129275,0,0.094764,0
D_0002129338,1,0.986270,1
D_0002129506,1,0.997501,1
D_0002129758,1,0.977241,1
D_0002129926,0,0.048713,0
D_0002130472,1,0.986945,1
D_0002130556,0,0.020657,0
D_0002130598,0,0.023768,0
D_0002130829,0,0.041719,0
D_0002130850,1,0.997626,1
D_0002130955,1,0.994153,1
D_0002131081,1,0.972021,1
D_0002131333,1,0.965251,1
D_0002131837,0,0.092314,0
D_0002132278,0,0.037696,0
D_0002132467,1,0.803860,1
D_0002132929,1,0.507661,1
D_0002132992,0,0.051804,0
D_0002133181,0,0.049493,0
D_0002133496,1,0.339844,1
D_0002134000,0,0.031955,0
D_0002134084,1,0.898969,1
D_0002134252,1,0.998127,1
D_0002134273,1,0.838408,1
D_0002134840,1,0.992070,1
D_0002134924,1,0.402417,1
D_0002135029,1,0.990241,1
D_0002135050,0,0.032209,0
D_0002135155,0,0.089678,0
D_0002135197,1,0.990271,1
D_0002135743,0,0.029487,0
D_0002135764,1,0.995275,1
D_0002136184,1,0.979572,1
D_0002136373,0,0.120381,0
D_0002137234,1,0.993910,1
D_0002137402,0,0.155326,0
D_0002137969,0,0.020900,0
D_0002138809,0,0.281130,1
D_0002139397,1,0.969510,1
D_0002139607,0,0.061928,0
D_0002139754,1,0.991503,1
D_0002140006,1,0.995494,1
D_0002140216,0,0.000015,0
D_0002140300,1,0.338888,1
D_0002140342,1,0.857883,1
D_0002140930,1,0.886696,1
D_0002141056,1,0.980460,1
D_0002141581,0,0.152278,0
D_0002141602,1,0.036657,0
D_0002142337,1,0.735209,1
D_0002142505,0,0.331895,1
D_0002142652,0,0.106692,0
D_0002142757,0,0.057408,0
D_0002143156,0,0.027067,0
D_0002143303,1,0.874050,1
D_0002143345,1,0.986961,1
D_0002143849,0,0.170170,0
D_0002144185,1,0.984339,1
D_0002144206,1,0.983577,1
D_0002144941,0,0.113651,0
D_0002144983,1,0.996116,1
D_0002145067,1,0.997017,1
D_0002145109,0,0.048233,0
D_0002145130,0,0.472562,1
D_0002145151,0,0.064413,0
D_0002146117,0,0.036044,0
D_0002146390,0,0.073911,0
D_0002146789,0,0.078676,0
D_0002146810,0,0.008071,0
D_0002146831,0,0.023663,0
D_0002146999,0,0.087913,0
D_0002147293,1,0.962628,1
D_0002147398,1,0.701867,1
D_0002148175,0,0.060530,0
D_0002148427,1,0.990123,1
D_0002148721,1,0.996276,1
D_0002149414,0,0.037610,0
D_0002149477,1,0.995267,1
D_0002149750,1,0.966917,1
D_0002150149,0,0.014378,0
D_0002150695,1,0.989698,1
D_0002150716,0,0.114819,0
D_0002150779,0,0.030260,0
D_0002151955,1,0.995981,1
D_0002152564,0,0.048373,0
D_0002152711,1,0.984515,1
D_0002152879,1,0.187003,0
D_0002153362,1,0.234208,0
D_0002153866,0,0.051352,0
D_0002154055,0,0.048738,0
D_0002154328,1,0.991668,1
D_0002154580,1,0.977825,1
D_0002154769,0,0.026111,0
D_0002154916,0,0.075276,0
D_0002154937,1,0.990985,1
D_0002155357,1,0.997326,1
D_0002156050,0,0.190704,0
D_0002156764,1,0.427760,1
D_0002156848,1,0.994106,1
D_0002157037,1,0.992186,1
D_0002157226,1,0.936631,1
D_0002157415,0,0.072973,0
D_0002157583,0,0.168899,0
D_0002157919,0,0.142813,0
D_0002157940,1,0.954032,1
D_0002158234,1,0.990035,1
D_0002158570,0,0.102073,0
D_0002158843,0,0.062004,0
D_0002159830,0,0.265375,1
D_0002160271,0,0.068286,0
D_0002161951,0,0.032511,0
D_0002162644,0,0.095454,0
D_0002163190,1,0.989423,1
D_0002163400,1,0.994534,1
D_0002163421,0,0.015872,0
D_0002163484,0,0.176528,0
D_0002163652,1,0.986049,1
D_0002164177,1,0.996918,1
D_0002164618,0,0.110365,0
D_0002165458,1,0.995360,1
D_0002165542,1,0.980904,1
D_0002165836,0,0.102204,0
D_0002166046,1,0.508743,1
D_0002166340,1,0.994105,1
D_0002166508,0,0.019370,0
D_0002166529,1,0.985695,1
D_0002166655,1,0.984977,1
D_0002166739,1,0.995137,1
D_0002167180,0,0.042353,0
D_0002167201,0,0.027264,0
D_0002168272,1,0.979430,1
D_0002169427,0,0.123771,0
D_0002169532,0,0.009859,0
D_0002169721,1,0.395034,1
D_0002169973,1,0.313034,1
D_0002170267,1,0.961720,1
D_0002170603,0,0.050836,0
D_0002170687,1,0.988988,1
D_0002170750,1,0.996321,1
D_0002170897,1,0.987983,1
D_0002171548,1,0.997089,1
D_0002172808,1,0.995329,1
D_0002172934,1,0.993563,1
D_0002174278,1,0.987361,1
D_0002175013,1,0.962929,1
D_0002175160,0,0.042220,0
D_0002175202,1,0.986372,1
D_0002175223,1,0.995801,1
D_0002175454,0,0.049474,0
D_0002175811,1,0.996031,1
D_0002175958,1,0.120852,0
D_0002176735,1,0.994323,1
D_0002176924,0,0.047970,0
D_0002177008,1,0.997123,1
D_0002177029,0,0.051328,0
D_0002177092,0,0.262708,1
D_0002177155,1,0.997696,1
D_0002177197,1,0.996665,1
D_0002177407,0,0.043829,0
D_0002177449,0,0.280945,1
D_0002177554,1,0.084718,0
D_0002177848,1,0.985614,1
D_0002177932,0,0.060530,0
D_0002178037,1,0.994048,1
D_0002178079,0,0.195894,0
D_0002178331,1,0.302426,1
D_0002178373,0,0.011202,0
D_0002178856,0,0.000141,0
D_0002179255,1,0.992021,1
D_0002179654,0,0.147126,0
D_0002179759,0,0.079007,0
D_0002180179,1,0.995408,1
D_0002180284,1,0.990633,1
D_0002180347,0,0.056853,0
D_0002180872,0,0.051217,0
D_0002181019,1,0.995245,1
D_0002181313,1,0.983835,1
D_0002182342,1,0.997778,1
D_0002182384,0,0.190158,0
D_0002182510,0,0.074902,0
D_0002182930,1,0.987224,1
D_0002183833,0,0.115392,0
D_0002184169,1,0.994233,1
D_0002185030,1,0.997704,1
D_0002185681,1,0.990728,1
D_0002185702,0,0.005163,0
D_0002185849,1,0.958461,1
D_0002186185,0,0.152187,0
D_0002186353,1,0.131609,0
D_0002186584,1,0.974265,1
D_0002186731,1,0.982178,1
D_0002187046,0,0.203496,0
D_0002188600,0,0.047778,0
D_0002188684,1,0.978958,1
D_0002188852,0,0.191509,0
D_0002188999,1,0.964723,1
D_0002189293,0,0.047701,0
D_0002189776,1,0.914217,1
D_0002189797,0,0.076378,0
D_0002189902,1,0.995560,1
D_0002190217,0,0.069717,0
D_0002190280,1,0.995136,1
D_0002190385,1,0.994843,1
D_0002190868,1,0.992761,1
D_0002190994,1,0.991242,1
D_0002191183,1,0.995673,1
D_0002191204,0,0.050878,0
D_0002191876,1,0.960436,1
D_0002191939,0,0.012392,0
D_0002191960,0,0.017355,0
D_0002192086,1,0.978637,1
D_0002192191,1,0.992258,1
D_0002192590,0,0.045893,0
D_0002193178,1,0.990692,1
D_0002193199,1,0.983682,1
D_0002193766,1,0.996975,1
D_0002193787,0,0.016454,0
D_0002194081,1,0.989663,1
D_0002194186,1,0.936412,1
D_0002194732,0,0.342391,1
D_0002194795,1,0.401382,1
D_0002194921,0,0.153127,0
D_0002195257,0,0.223150,0
D_0002195383,1,0.981452,1
D_0002195425,1,0.977789,1
D_0002195656,0,0.135252,0
D_0002196013,0,0.077136,0
D_0002196244,0,0.244209,0
D_0002196538,0,0.152065,0
D_0002197000,1,0.995188,1
D_0002197357,1,0.984141,1
D_0002197378,0,0.138242,0
D_0002197462,1,0.767766,1
D_0002197546,0,0.097425,0
D_0002197840,0,0.017771,0
D_0002198092,0,0.104434,0
D_0002198323,0,0.064688,0
D_0002198575,1,0.989925,1
D_0002198638,1,0.992070,1
D_0002199016,1,0.155577,0
D_0002199058,1,0.913612,1
D_0002199247,0,0.340937,1
D_0002199562,0,0.084927,0
D_0002199835,1,0.983391,1
D_0002199982,0,0.322713,1
D_0002200087,1,0.997788,1
D_0002200486,0,0.043695,0
D_0002200675,0,0.309613,1
D_0002200990,0,0.488776,1
D_0002201473,0,0.140228,0
D_0002201557,1,0.988898,1
D_0002201746,0,0.027640,0
D_0002201767,0,0.186159,0
D_0002202124,0,0.097778,0
D_0002202187,1,0.997870,1
D_0002202250,0,0.068288,0
D_0002202817,1,0.993290,1
D_0002203048,1,0.990728,1
D_0002204077,1,0.995055,1
D_0002204182,1,0.932809,1
D_0002204287,1,0.987407,1
D_0002204833,1,0.912810,1
D_0002204938,0,0.083776,0
D_0002205232,0,0.072409,0
D_0002205421,1,0.173180,0
D_0002206282,1,0.988320,1
D_0002206408,0,0.048668,0
D_0002206576,0,0.040802,0
D_0002206681,1,0.996462,1
D_0002207143,1,0.987925,1
D_0002207689,0,0.057178,0
D_0002207773,1,0.997493,1
D_0002209075,0,0.006251,0
D_0002209579,0,0.083427,0
D_0002209621,1,0.988131,1
D_0002210230,1,0.993121,1
D_0002210272,0,0.378431,1
D_0002211196,1,0.998655,1
D_0002211427,1,0.997734,1
D_0002211616,0,0.078529,0
D_0002211700,1,0.994125,1
D_0002212204,1,0.259951,1
D_0002212372,1,0.978196,1
D_0002213233,0,0.008222,0
D_0002213338,1,0.984011,1
D_0002213443,1,0.141408,0
D_0002213611,0,0.098521,0
D_0002214031,0,0.088414,0
D_0002214157,0,0.297589,1
D_0002214703,1,0.990649,1
D_0002215018,0,0.137612,0
D_0002215354,0,0.143293,0
D_0002215984,1,0.966913,1
D_0002216488,1,0.991190,1
D_0002216845,1,0.990310,1
D_0002217181,1,0.996430,1
D_0002217412,0,0.066459,0
D_0002217895,0,0.260865,1
D_0002218000,0,0.073643,0
D_0002218273,0,0.012097,0
D_0002218924,1,0.848149,1
D_0002219071,1,0.912796,1
D_0002219113,1,0.995307,1
D_0002219176,1,0.970025,1
D_0002220121,1,0.140160,0
D_0002220289,0,0.131339,0
D_0002220394,1,0.991440,1
D_0002220646,0,0.103973,0
D_0002220751,0,0.512637,1
D_0002221549,1,0.157285,0
D_0002222431,0,0.117245,0
D_0002222473,0,0.021527,0
D_0002223565,1,0.302425,1
D_0002224006,0,0.183689,0
D_0002224216,0,0.267449,1
D_0002224783,1,0.990876,1
D_0002225518,1,0.983021,1
D_0002225875,1,0.987579,1
D_0002225959,1,0.992017,1
D_0002226085,1,0.903714,1
D_0002226337,1,0.987525,1
D_0002226400,0,0.303511,1
D_0002226547,0,0.201470,0
D_0002227030,0,0.001090,0
D_0002227093,0,0.094313,0
D_0002227240,1,0.978449,1
D_0002227345,1,0.986235,1
D_0002227471,0,0.095687,0
D_0002227639,0,0.131772,0
D_0002228080,0,0.197115,0
D_0002228164,1,0.990334,1
D_0002228563,0,0.099414,0
D_0002228626,0,0.076520,0
D_0002228962,0,0.018997,0
D_0002229088,1,0.988824,1
D_0002229109,1,0.997665,1
D_0002229424,1,0.992346,1
D_0002230117,1,0.946901,1
D_0002230159,1,0.996084,1
D_0002230495,1,0.981706,1
D_0002230810,1,0.121086,0
D_0002230852,1,0.976180,1
D_0002230894,1,0.986284,1
D_0002230957,0,0.099660,0
D_0002231230,1,0.086202,0
D_0002231650,1,0.960313,1
D_0002231776,0,0.148293,0
D_0002232574,0,0.049075,0
D_0002233393,0,0.479046,1
D_0002233624,0,0.115127,0
D_0002233855,0,0.097296,0
D_0002234023,1,0.975212,1
D_0002234191,0,0.070961,0
D_0002234275,0,0.794204,1
D_0002234527,1,0.967701,1
D_0002234695,1,0.995966,1
D_0002234926,1,0.997701,1
D_0002235010,0,0.046475,0
D_0002235094,0,0.178277,0
D_0002235367,0,0.151635,0
D_0002235430,1,0.957773,1
D_0002236060,1,0.991258,1
D_0002236900,1,0.992721,1
D_0002237173,1,0.992321,1
D_0002237257,1,0.943374,1
D_0002237488,1,0.538296,1
D_0002238223,0,0.060799,0
D_0002238391,1,0.995189,1
D_0002238412,0,0.081653,0
D_0002238580,1,0.988107,1
D_0002238853,0,0.012972,0
D_0002239042,0,0.058516,0
D_0002239105,1,0.993665,1
D_0002239735,0,0.002663,0
D_0002240218,1,0.978954,1
D_0002241205,0,0.438542,1
D_0002241310,1,0.097130,0
D_0002242171,0,0.087678,0
D_0002242297,1,0.997624,1
D_0002242318,1,0.745129,1
D_0002242402,1,0.983752,1
D_0002242717,0,0.085589,0
D_0002242885,1,0.971188,1
D_0002243473,1,0.956830,1
D_0002244040,0,0.049157,0
D_0002244082,1,0.994476,1
D_0002244922,1,0.935888,1
D_0002245048,0,0.205886,0
D_0002245321,0,0.276105,1
D_0002245405,0,0.023835,0
D_0002245615,0,0.143228,0
D_0002246119,0,0.160551,0
D_0002246560,1,0.991510,1
D_0002246770,1,0.995706,1
D_0002247169,1,0.991582,1
D_0002247253,1,0.977552,1
D_0002247631,0,0.194985,0
D_0002248303,1,0.992829,1
D_0002248702,0,0.235017,0
D_0002248723,1,0.995939,1
D_0002249164,1,0.981981,1
D_0002249395,0,0.178197,0
D_0002249647,0,0.053287,0
D_0002249878,1,0.079059,0
D_0002250424,1,0.993936,1
D_0002250718,0,0.098255,0
D_0002251012,0,0.076124,0
D_0002251642,1,0.974676,1
D_0002252083,0,0.256233,1
D_0002252125,0,0.327925,1
D_0002252230,0,0.017208,0
D_0002253007,1,0.997377,1
D_0002253028,0,0.050628,0
D_0002253154,1,0.986884,1
D_0002253196,1,0.995487,1
D_0002253721,1,0.939113,1
D_0002253952,1,0.988536,1
D_0002254582,1,0.996375,1
D_0002254834,0,0.181886,0
D_0002254855,0,0.134527,0
D_0002255065,0,0.116018,0
D_0002255107,0,0.041107,0
D_0002255338,1,0.987771,1
D_0002255716,1,0.992276,1
D_0002255821,0,0.038628,0
D_0002256073,0,0.023547,0
D_0002256304,1,0.987957,1
D_0002256556,1,0.801808,1
D_0002256619,1,0.954235,1
D_0002256724,1,0.990054,1
D_0002256892,0,0.334055,1
D_0002257396,0,0.110726,0
D_0002257459,0,0.283373,1
D_0002257690,1,0.988697,1
D_0002258005,1,0.989721,1
D_0002258026,1,0.985517,1
D_0002258068,0,0.311168,1
D_0002258278,1,0.996134,1
D_0002258488,1,0.991806,1
D_0002258635,1,0.975629,1
D_0002259223,1,0.995828,1
D_0002259307,1,0.976218,1
D_0002259412,1,0.903368,1
D_0002259664,1,0.993697,1
D_0002260147,1,0.994297,1
D_0002260252,1,0.986999,1
D_0002260420,1,0.996366,1
D_0002260714,1,0.986759,1
D_0002260735,1,0.989040,1
D_0002261092,1,0.997664,1
D_0002261449,0,0.116610,0
D_0002261491,0,0.052509,0
D_0002261617,0,0.083212,0
D_0002261953,1,0.972623,1
D_0002261974,1,0.992312,1
D_0002262058,0,0.036064,0
D_0002262268,0,0.297852,1
D_0002262310,0,0.174171,0
D_0002262436,1,0.992596,1
D_0002262457,0,0.016076,0
D_0002262751,0,0.240382,0
D_0002263465,1,0.995587,1
D_0002263654,1,0.980413,1
D_0002263759,0,0.073304,0
D_0002263801,0,0.074529,0
D_0002263885,1,0.974806,1
D_0002264179,1,0.989586,1
D_0002264830,0,0.114268,0
D_0002265103,1,0.989153,1
D_0002265208,0,0.018137,0
D_0002265292,1,0.988130,1
D_0002265691,1,0.995351,1
D_0002266279,0,0.087107,0
D_0002267266,0,0.302310,1
D_0002267497,0,0.013466,0
D_0002267518,0,0.016572,0
D_0002267686,1,0.034949,0
D_0002268043,1,0.990834,1
D_0002268106,0,0.023167,0
D_0002268484,0,0.087306,0
D_0002268841,0,0.077187,0
D_0002269240,1,0.839700,1
D_0002269408,0,0.401881,1
D_0002269660,1,0.996522,1
D_0002271130,1,0.882650,1
D_0002271151,1,0.976805,1
D_0002271340,0,0.184029,0
D_0002271445,0,0.064665,0
D_0002271571,0,0.094313,0
D_0002271802,0,0.102450,0
D_0002271991,1,0.993002,1
D_0002272264,0,0.143051,0
D_0002272810,0,0.148359,0
D_0002272999,1,0.997320,1
D_0002273713,0,0.036624,0
D_0002273755,0,0.056853,0
D_0002273881,1,0.989720,1
D_0002273965,1,0.566474,1
D_0002274154,0,0.089806,0
D_0002274763,0,0.012469,0
D_0002275288,0,0.044591,0
D_0002275603,1,0.996665,1
D_0002275729,1,0.828588,1
D_0002276212,0,0.024700,0
D_0002276800,1,0.995483,1
D_0002277115,0,0.079097,0
D_0002277157,0,0.149252,0
D_0002277682,1,0.992339,1
D_0002277724,0,0.042719,0
D_0002278081,0,0.050729,0
D_0002278207,1,0.026189,0
D_0002278333,0,0.135523,0
D_0002278417,1,0.996581,1
D_0002278438,0,0.132452,0
D_0002278585,0,0.040379,0
D_0002278900,1,0.997943,1
D_0002279530,1,0.995251,1
D_0002279593,1,0.087803,0
D_0002279614,0,0.017176,0
D_0002279992,1,0.987547,1
D_0002280055,1,0.991946,1
D_0002280286,0,0.101176,0
D_0002280433,0,0.129273,0
D_0002280685,1,0.989789,1
D_0002280853,1,0.958057,1
D_0002280874,1,0.979814,1
D_0002280937,1,0.984750,1
D_0002281147,0,0.031719,0
D_0002281588,1,0.251319,1
D_0002281630,1,0.222767,0
D_0002281966,1,0.995435,1
D_0002282596,0,0.359067,1
D_0002282890,0,0.139880,0
D_0002283121,1,0.995628,1
D_0002283226,1,0.987984,1
D_0002283709,0,0.005145,0
D_0002284045,0,0.076962,0
D_0002284066,1,0.071539,0
D_0002284507,0,0.119909,0
D_0002284528,0,0.055387,0
D_0002284738,1,0.985600,1
D_0002284864,1,0.981341,1
D_0002284885,1,0.855160,1
D_0002285011,1,0.986594,1
D_0002285074,0,0.102330,0
D_0002285116,0,0.054091,0
D_0002285179,1,0.987301,1
D_0002285305,0,0.095720,0
D_0002285704,0,0.165421,0
D_0002285872,1,0.995069,1
D_0002286061,0,0.388855,1
D_0002286250,1,0.992990,1
D_0002286586,1,0.222557,0
D_0002287195,0,0.098042,0
D_0002287720,1,0.995512,1
D_0002287867,0,0.049203,0
D_0002288077,1,0.994959,1
D_0002288119,1,0.985595,1
D_0002288140,1,0.995750,1
D_0002289106,0,0.059300,0
D_0002289526,0,0.045858,0
D_0002289610,0,0.248459,1
D_0002290072,1,0.996591,1
D_0002290219,1,0.992835,1
D_0002290324,0,0.196462,0
D_0002290702,1,0.988809,1
D_0002291122,1,0.189137,0
D_0002291332,1,0.278564,1
D_0002291437,0,0.072176,0
D_0002291710,0,0.150330,0
D_0002291899,1,0.996120,1
D_0002292340,1,0.214812,0
D_0002292424,0,0.121476,0
D_0002292466,0,0.365561,1
D_0002292655,0,0.027980,0
D_0002293138,0,0.052003,0
D_0002293306,0,0.029859,0
D_0002293474,1,0.992551,1
D_0002293747,1,0.996988,1
D_0002294230,1,0.987784,1
D_0002294608,0,0.119548,0
D_0002295091,0,0.059058,0
D_0002295112,0,0.038593,0
D_0002295154,1,0.980038,1
D_0002295553,1,0.997741,1
D_0002295595,1,0.994899,1
D_0002295700,1,0.996510,1
D_0002295721,0,0.048438,0
D_0002295910,1,0.996730,1
D_0002296120,1,0.955231,1
D_0002296309,0,0.078815,0
D_0002296477,1,0.998058,1
D_0002296729,1,0.985198,1
D_0002296813,0,0.147464,0
D_0002297485,1,0.975063,1
D_0002297989,1,0.992651,1
D_0002298451,1,0.467003,1
D_0002298535,1,0.253630,1
D_0002298640,1,0.958303,1
D_0002298661,1,0.149805,0
D_0002298787,1,0.037775,0
D_0002299144,0,0.346905,1
D_0002299480,0,0.000281,0
D_0002299564,1,0.994047,1
D_0002299606,0,0.081666,0
D_0002299753,0,0.007305,0
D_0002299858,0,0.065766,0
D_0002300068,0,0.071610,0
D_0002300299,1,0.997736,1
D_0002300887,1,0.992093,1
D_0002301496,0,0.038547,0
D_0002301685,0,0.139218,0
D_0002302042,1,0.997932,1
D_0002302945,0,0.054499,0
D_0002303743,1,0.988262,1
D_0002303764,0,0.145945,0
D_0002303932,0,0.057351,0
D_0002303974,1,0.957449,1
D_0002304310,0,0.089943,0
D_0002304520,1,0.344190,1
D_0002304625,1,0.971504,1
D_0002304940,1,0.989851,1
D_0002305360,1,0.985156,1
D_0002306704,0,0.303006,1
D_0002307103,1,0.995324,1
D_0002307691,1,0.988932,1
D_0002307943,1,0.991343,1
D_0002308153,1,0.977488,1
D_0002308300,1,0.971571,1
D_0002308762,1,0.990465,1
D_0002309056,1,0.984582,1
D_0002309413,0,0.010621,0
D_0002310064,1,0.993051,1
D_0002310484,0,0.168946,0
D_0002311513,0,0.042335,0
D_0002311660,1,0.994325,1
D_0002311786,1,0.990463,1
D_0002311996,0,0.096991,0
D_0002312059,1,0.987732,1
D_0002312416,1,0.083472,0
D_0002312542,0,0.142116,0
D_0002312563,1,0.972909,1
D_0002312668,1,0.080779,0
D_0002312983,1,0.075601,0
D_0002313403,1,0.796845,1
D_0002313487,1,0.358617,1
D_0002313865,1,0.314630,1
D_0002313886,0,0.096098,0
D_0002314033,1,0.992519,1
D_0002314306,0,0.036684,0
D_0002315083,1,0.980657,1
D_0002315125,0,0.050586,0
D_0002315272,1,0.996909,1
D_0002315461,0,0.151098,0
D_0002315566,1,0.995529,1
D_0002315608,1,0.992760,1
D_0002315629,1,0.998493,1
D_0002316196,0,0.038647,0
D_0002316364,1,0.146805,0
D_0002316511,1,0.990701,1
D_0002316637,0,0.090876,0
D_0002317036,0,0.177452,0
D_0002317078,0,0.112966,0
D_0002317372,0,0.099869,0
D_0002317687,1,0.995037,1
D_0002317813,1,0.561416,1
D_0002317876,0,0.061406,0
D_0002318170,1,0.959093,1
D_0002318212,1,0.989721,1
D_0002318317,1,0.559769,1
D_0002318632,0,0.060273,0
D_0002319157,1,0.933719,1
D_0002319493,0,0.034229,0
D_0002319892,1,0.996894,1
D_0002320018,1,0.989156,1
D_0002320354,1,0.987155,1
D_0002320522,0,0.026521,0
D_0002320732,0,0.140991,0
D_0002321740,1,0.116434,0
D_0002321971,1,0.242036,0
D_0002322097,1,0.993497,1
D_0002322559,1,0.976257,1
D_0002322790,0,0.022603,0
D_0002322937,1,0.937346,1
D_0002323084,1,0.986661,1
D_0002323147,1,0.704863,1
D_0002323567,0,0.032427,0
D_0002323840,1,0.985002,1
D_0002324008,0,0.052717,0
D_0002324092,1,0.992099,1
D_0002324239,0,0.144314,0
D_0002324512,1,0.978009,1
D_0002324617,0,0.142134,0
D_0002324869,0,0.131264,0
D_0002324890,1,0.994758,1
D_0002324974,1,0.988692,1
D_0002325205,1,0.948243,1
D_0002325604,0,0.038291,0
D_0002325625,1,0.988571,1
D_0002326108,1,0.991307,1
D_0002326150,0,0.028103,0
D_0002326591,0,0.134978,0
D_0002326885,1,0.970806,1
D_0002326948,1,0.970381,1
D_0002327872,1,0.979052,1
D_0002329027,1,0.255155,1
D_0002330476,0,0.147557,0
D_0002330791,1,0.994864,1
D_0002330812,0,0.012641,0
D_0002330854,0,0.038149,0
D_0002331463,0,0.116921,0
D_0002331757,0,0.144192,0
D_0002332219,0,0.110576,0
D_0002332513,1,0.947063,1
D_0002333626,1,0.993746,1
D_0002333857,0,0.335629,1
D_0002333962,0,0.141980,0
D_0002334928,1,0.994845,1
D_0002334991,0,0.546336,1
D_0002335201,1,0.587545,1
D_0002335621,1,0.510102,1
D_0002335684,0,0.268238,1
D_0002335747,1,0.987599,1
D_0002336608,0,0.378879,1
D_0002336839,0,0.104342,0
D_0002337175,1,0.988562,1
D_0002337280,1,0.115602,0
D_0002337385,1,0.994876,1
D_0002337469,1,0.984275,1
D_0002337679,1,0.995995,1
D_0002337868,0,0.286842,1
D_0002338246,1,0.992051,1
D_0002338582,0,0.100083,0
D_0002339107,0,0.320234,1
D_0002339233,1,0.983321,1
D_0002339254,0,0.194565,0
D_0002340661,0,0.219751,0
D_0002340682,0,0.747279,1
D_0002340808,1,0.868166,1
D_0002340850,1,0.986837,1
D_0002340913,1,0.987607,1
D_0002340976,0,0.049103,0
D_0002341501,1,0.992535,1
D_0002341669,1,0.996965,1
D_0002342530,0,0.184070,0
D_0002342761,1,0.982518,1
D_0002343181,0,0.118980,0
D_0002343202,1,0.996714,1
D_0002343538,1,0.994585,1
D_0002343685,1,0.988009,1
D_0002343706,1,0.971640,1
D_0002344126,0,0.179124,0
D_0002344756,1,0.995247,1
D_0002345218,0,0.286114,1
D_0002345806,0,0.091391,0
D_0002346709,0,0.084570,0
D_0002347003,0,0.091514,0
D_0002347297,1,0.116878,0
D_0002347339,0,0.113665,0
D_0002348515,0,0.014152,0
D_0002348746,1,0.992097,1
D_0002348767,1,0.140798,0
D_0002349145,1,0.990652,1
D_0002349292,0,0.111686,0
D_0002349691,1,0.970282,1
D_0002349943,0,0.171033,0
D_0002350090,0,0.112818,0
D_0002350258,0,0.137573,0
D_0002350300,1,0.991021,1
D_0002350552,1,0.989931,1
D_0002350699,1,0.992885,1
D_0002350720,0,0.174299,0
D_0002350888,1,0.991656,1
D_0002351266,0,0.124866,0
D_0002351308,0,0.462666,1
D_0002351791,1,0.989295,1
D_0002351812,1,0.991310,1
D_0002351896,1,0.955714,1
D_0002352589,0,0.138174,0
D_0002352610,1,0.968081,1
D_0002353051,0,0.179973,0
D_0002353345,1,0.973293,1
D_0002353408,1,0.902080,1
D_0002353534,0,0.262219,1
D_0002354080,1,0.992832,1
D_0002354647,1,0.185387,0
D_0002354836,1,0.994544,1
D_0002354899,0,0.061006,0
D_0002355004,0,0.001211,0
D_0002355739,0,0.044219,0
D_0002356579,1,0.951319,1
D_0002356726,1,0.987996,1
D_0002356768,0,0.066490,0
D_0002356894,1,0.984749,1
D_0002357041,1,0.994552,1
D_0002357125,0,0.007220,0
D_0002357881,0,0.116814,0
D_0002358343,0,0.030538,0
D_0002358595,0,0.195298,0
D_0002358658,0,0.060055,0
D_0002358805,1,0.985145,1
D_0002358826,1,0.994978,1
D_0002359204,0,0.069510,0
D_0002360317,1,0.989872,1
D_0002360401,0,0.033407,0
D_0002360569,0,0.014214,0
D_0002360632,1,0.986922,1
D_0002361115,0,0.075835,0
D_0002362207,0,0.109851,0
D_0002362396,0,0.056863,0
D_0002362627,0,0.047371,0
D_0002363341,1,0.995733,1
D_0002363614,1,0.962660,1
D_0002363950,0,0.157575,0
D_0002364139,0,0.148043,0
D_0002364349,0,0.074774,0
D_0002364664,0,0.112528,0
D_0002364895,1,0.206342,0
D_0002365105,1,0.903506,1
D_0002365168,0,0.096744,0
D_0002365189,1,0.995818,1
D_0002365315,0,0.087263,0
D_0002365651,1,0.992631,1
D_0002366218,1,0.994907,1
D_0002366974,0,0.342684,1
D_0002367058,1,0.978225,1
D_0002367142,0,0.009078,0
D_0002368066,0,0.150158,0
D_0002368486,1,0.863186,1
D_0002368843,1,0.207415,0
D_0002369221,1,0.994694,1
D_0002369305,1,0.991299,1
D_0002369578,1,0.990830,1
D_0002369977,1,0.994482,1
D_0002370313,1,0.994726,1
D_0002370481,1,0.995417,1
D_0002370670,1,0.990879,1
D_0002370733,1,0.991457,1
D_0002370985,0,0.094414,0
D_0002371258,0,0.167117,0
D_0002371657,0,0.058928,0
D_0002371762,1,0.989831,1
D_0002372161,1,0.314166,1
D_0002372518,1,0.988884,1
D_0002372749,0,0.403540,1
D_0002373694,1,0.996396,1
D_0002373841,1,0.994222,1
D_0002374093,0,0.071535,0
D_0002374135,1,0.982393,1
D_0002374912,1,0.989309,1
D_0002374975,0,0.046550,0
D_0002375164,0,0.097904,0
D_0002376088,1,0.989345,1
D_0002376466,1,0.995249,1
D_0002376949,1,0.997471,1
D_0002377222,1,0.990373,1
D_0002377747,0,0.118059,0
D_0002377957,0,0.040633,0
D_0002377978,0,0.095922,0
D_0002378125,1,0.985029,1
D_0002378524,1,0.998809,1
D_0002378671,1,0.977284,1
D_0002379049,1,0.989595,1
D_0002379175,0,0.048103,0
D_0002379322,1,0.979647,1
D_0002380015,0,0.145960,0
D_0002380183,1,0.961228,1
D_0002380771,1,0.978506,1
D_0002381044,0,0.358217,1
D_0002381632,1,0.988750,1
D_0002381674,0,0.005897,0
D_0002382094,1,0.988082,1
D_0002382262,1,0.992396,1
D_0002383270,0,0.230691,0
D_0002383417,0,0.129155,0
D_0002383963,0,0.085644,0
D_0002384152,0,0.151199,0
D_0002384803,1,0.991092,1
D_0002385160,0,0.109738,0
D_0002386231,1,0.923705,1
D_0002386819,1,0.994453,1
D_0002387008,0,0.156146,0
D_0002387134,1,0.997053,1
D_0002387932,1,0.990405,1
D_0002389297,1,0.991683,1
D_0002389885,1,0.994779,1
D_0002389927,1,0.987046,1
D_0002390053,0,0.129081,0
D_0002390410,0,0.089322,0
D_0002390431,1,0.962804,1
D_0002390578,1,0.982726,1
D_0002390704,0,0.061482,0
D_0002390893,1,0.745010,1
D_0002391544,0,0.097273,0
D_0002391607,0,0.070084,0
D_0002392363,1,0.979076,1
D_0002392615,1,0.992302,1
D_0002392762,1,0.989853,1
D_0002393203,0,0.017003,0
D_0002393791,0,0.079889,0
D_0002394043,0,0.168972,0
D_0002394274,1,0.974413,1
D_0002394337,0,0.013007,0
D_0002394463,0,0.274002,1
D_0002394652,0,0.040007,0
D_0002394946,0,0.108642,0
D_0002395723,1,0.985572,1
D_0002395765,1,0.994048,1
D_0002396164,0,0.459397,1
D_0002396941,1,0.989962,1
D_0002397298,1,0.222799,0
D_0002397361,0,0.022189,0
D_0002397655,1,0.994756,1
D_0002397865,1,0.986600,1
D_0002398117,1,0.995251,1
D_0002398222,1,0.983775,1
D_0002398243,1,0.995636,1
D_0002398285,1,0.966685,1
D_0002398390,0,0.015497,0
D_0002398495,1,0.991277,1
D_0002398810,1,0.990084,1
D_0002398957,1,0.218813,0
D_0002399965,1,0.980476,1
D_0002400805,1,0.930575,1
D_0002400889,0,0.149911,0
D_0002401141,0,0.272848,1
D_0002401162,0,0.042295,0
D_0002401519,0,0.045655,0
D_0002401897,1,0.997908,1
D_0002401918,0,0.070358,0
D_0002402023,0,0.041122,0
D_0002402275,1,0.997367,1
D_0002402506,1,0.967631,1
D_0002403661,0,0.023607,0
D_0002403808,0,0.326809,1
D_0002403934,0,0.384173,1
D_0002404291,1,0.997821,1
D_0002404459,1,0.992302,1
D_0002404858,1,0.994389,1
D_0002405110,1,0.094253,0
D_0002405194,1,0.994309,1
D_0002405236,0,0.020173,0
D_0002405467,1,0.991267,1
D_0002405761,0,0.237103,0
D_0002405824,1,0.957720,1
D_0002406118,1,0.991612,1
D_0002406181,1,0.997491,1
D_0002406223,1,0.995152,1
D_0002406412,1,0.996972,1
D_0002406517,1,0.484125,1
D_0002406622,1,0.995109,1
D_0002406643,1,0.997059,1
D_0002406958,0,0.065207,0
D_0002407315,0,0.035537,0
D_0002407546,0,0.094017,0
D_0002407819,1,0.993701,1
D_0002407861,0,0.154616,0
D_0002407966,0,0.461734,1
D_0002409016,0,0.985877,1
D_0002409142,0,0.507138,1
D_0002409226,0,0.099036,0
D_0002409289,0,0.118380,0
D_0002409982,1,0.996728,1
D_0002410150,1,0.957532,1
D_0002410318,0,0.014193,0
D_0002410696,0,0.031944,0
D_0002411326,0,0.089844,0
D_0002411368,0,0.134323,0
D_0002411578,0,0.052421,0
D_0002411620,0,0.057728,0
D_0002411767,0,0.135200,0
D_0002412418,0,0.004493,0
D_0002413216,1,0.996051,1
D_0002413321,1,0.045743,0
D_0002413531,0,0.377275,1
D_0002413636,0,0.086448,0
D_0002413678,1,0.992039,1
D_0002413867,1,0.941165,1
D_0002414014,1,0.513131,1
D_0002414896,1,0.951276,1
D_0002414980,1,0.924284,1
D_0002415925,1,0.992560,1
D_0002415946,1,0.963637,1
D_0002416177,1,0.979634,1
D_0002416702,1,0.996331,1
D_0002417563,0,0.049199,0
D_0002417626,1,0.942049,1
D_0002417731,0,0.190573,0
D_0002417815,1,0.991235,1
D_0002417941,0,0.103119,0
D_0002418004,1,0.973091,1
D_0002418340,0,0.245103,0
D_0002418739,1,0.992675,1
D_0002418991,0,0.081428,0
D_0002419054,0,0.269020,1
D_0002419138,0,0.020265,0
D_0002419285,1,0.996267,1
D_0002419390,0,0.047762,0
D_0002420062,1,0.996601,1
D_0002422288,0,0.107499,0
D_0002422330,0,0.878076,1
D_0002422897,1,0.992574,1
D_0002423128,0,0.124370,0
D_0002423212,1,0.424222,1
D_0002423590,0,0.000822,0
D_0002423611,0,0.121816,0
D_0002423653,1,0.103159,0
D_0002423821,1,0.996140,1
D_0002423947,0,0.012791,0
D_0002424283,1,0.997514,1
D_0002424388,1,0.995229,1
D_0002424766,1,0.290471,1
D_0002424892,1,0.979534,1
D_0002424913,1,0.956662,1
D_0002425207,0,0.010943,0
D_0002425375,0,0.191479,0
D_0002425711,0,0.109814,0
D_0002426089,1,0.997878,1
D_0002426320,0,0.052637,0
D_0002426761,1,0.997405,1
D_0002427307,1,0.993518,1
D_0002427580,1,0.988152,1
D_0002427853,1,0.983664,1
D_0002428021,1,0.038107,0
D_0002428252,0,0.009917,0
D_0002428861,0,0.316982,1
D_0002429092,1,0.967868,1
D_0002429260,1,0.936862,1
D_0002429617,1,0.982223,1
D_0002429785,1,0.987169,1
D_0002429869,0,0.133585,0
D_0002430436,1,0.327449,1
D_0002430730,1,0.866738,1
D_0002430751,1,0.985033,1
D_0002431423,1,0.939715,1
D_0002431486,1,0.440673,1
D_0002431843,1,0.986506,1
D_0002432431,1,0.991067,1
D_0002432515,0,0.088018,0
D_0002433397,0,0.218457,0
D_0002433754,0,0.235517,0
D_0002433775,1,0.994411,1
D_0002433817,0,0.022294,0
D_0002433901,1,0.037114,0
D_0002433964,1,0.996105,1
D_0002434867,1,0.127696,0
D_0002435623,1,0.987612,1
D_0002435959,1,0.304037,1
D_0002436064,0,0.098896,0
D_0002436463,1,0.993406,1
D_0002436715,0,0.027806,0
D_0002437030,0,0.089177,0
D_0002437093,1,0.995242,1
D_0002437345,0,0.098808,0
D_0002437597,0,0.127947,0
D_0002437723,1,0.990511,1
D_0002437870,0,0.073257,0
D_0002437975,1,0.301863,1
D_0002438080,1,0.504142,1
D_0002438164,1,0.993203,1
D_0002438395,0,0.024670,0
D_0002438416,0,0.151302,0
D_0002438836,0,0.225486,0
D_0002438878,1,0.984166,1
D_0002439193,1,0.989235,1
D_0002439424,1,0.174848,0
D_0002439802,1,0.992441,1
D_0002439823,1,0.996063,1
D_0002440159,1,0.992843,1
D_0002440663,0,0.089694,0
D_0002440789,1,0.185648,0
D_0002440852,1,0.989257,1
D_0002441104,1,0.997274,1
D_0002441167,1,0.994002,1
D_0002441251,1,0.996259,1
D_0002441587,1,0.991406,1
D_0002441671,0,0.058907,0
D_0002442469,0,0.317834,1
D_0002442700,0,0.093049,0
D_0002442868,0,0.011630,0
D_0002443162,1,0.990738,1
D_0002443771,1,0.996245,1
D_0002443834,0,0.026155,0
D_0002443876,0,0.133650,0
D_0002444002,1,0.996725,1
D_0002444506,1,0.298061,1
D_0002444590,0,0.107494,0
D_0002445094,0,0.042690,0
D_0002445430,0,0.020563,0
D_0002446207,1,0.502122,1
D_0002446438,0,0.177878,0
D_0002446606,1,0.991809,1
D_0002447068,1,0.985281,1
D_0002447698,0,0.351904,1
D_0002448181,1,0.995712,1
D_0002448244,1,0.114003,0
D_0002448853,1,0.995158,1
D_0002449315,0,0.170022,0
D_0002449651,0,0.016147,0
D_0002449882,0,0.077436,0
D_0002450239,1,0.995134,1
D_0002450743,1,0.980100,1
D_0002451226,0,0.559033,1
D_0002451247,1,0.868653,1
D_0002451961,0,0.013775,0
D_0002452108,1,0.995110,1
D_0002452192,1,0.955400,1
D_0002452822,1,0.968890,1
D_0002453116,1,0.993800,1
D_0002453620,1,0.983672,1
D_0002453662,1,0.923257,1
D_0002453788,1,0.995216,1
D_0002453830,1,0.994202,1
D_0002453893,1,0.997068,1
D_0002453977,0,0.134959,0
D_0002454586,0,0.015235,0
D_0002454649,1,0.996377,1
D_0002454733,1,0.128502,0
D_0002455258,0,0.042750,0
D_0002455321,0,0.125865,0
D_0002455405,0,0.175248,0
D_0002455426,0,0.184950,0
D_0002456119,1,0.979356,1
D_0002456497,0,0.311669,1
D_0002456749,1,0.994541,1
D_0002456875,0,0.001975,0
D_0002457673,1,0.225517,0
D_0002458114,0,0.061434,0
D_0002458471,0,0.195157,0
D_0002458618,1,0.994302,1
D_0002458828,1,0.990844,1
D_0002459122,1,0.997229,1
D_0002459311,0,0.246656,1
D_0002460151,0,0.120147,0
D_0002460235,1,0.995969,1
D_0002460844,0,0.027513,0
D_0002460991,0,0.122784,0
D_0002461327,0,0.025009,0
D_0002461495,1,0.065161,0
D_0002461663,0,0.071871,0
D_0002462272,1,0.986947,1
D_0002462293,1,0.852813,1
D_0002463637,0,0.062061,0
D_0002463889,1,0.996703,1
D_0002463931,1,0.957891,1
D_0002464267,0,0.377635,1
D_0002464351,1,0.966173,1
D_0002464540,1,0.995408,1
D_0002464582,0,0.047874,0
D_0002464708,1,0.437058,1
D_0002464729,1,0.994017,1
D_0002465674,1,0.083547,0
D_0002465758,1,0.970143,1
D_0002465779,1,0.992037,1
D_0002465800,0,0.164984,0
D_0002465947,1,0.989346,1
D_0002466283,0,0.276832,1
D_0002466325,1,0.996885,1
D_0002466388,1,0.992230,1
D_0002466514,1,0.107662,0
D_0002466535,1,0.994276,1
D_0002466556,1,0.979793,1
D_0002466598,1,0.995714,1
D_0002466808,1,0.991603,1
D_0002466892,0,0.513131,1
D_0002466934,0,0.132384,0
D_0002467060,1,0.991001,1
D_0002467396,0,0.051182,0
D_0002467795,1,0.059101,0
D_0002468005,1,0.167457,0
D_0002468173,0,0.225415,0
D_0002468551,1,0.995433,1
D_0002468614,1,0.989140,1
D_0002468887,0,0.260284,1
D_0002469475,0,0.141227,0
D_0002469496,0,0.086304,0
D_0002469958,0,0.125297,0
D_0002470042,0,0.044390,0
D_0002470672,1,0.970015,1
D_0002471155,1,0.946497,1
D_0002471365,1,0.236945,0
D_0002471869,0,0.017663,0
D_0002472121,0,0.207605,0
D_0002472625,0,0.100735,0
D_0002473087,1,0.083222,0
D_0002473675,1,0.995583,1
D_0002473759,0,0.721216,1
D_0002473801,0,0.042823,0
D_0002474494,1,0.986596,1
D_0002474914,1,0.980040,1
D_0002475124,1,0.986084,1
D_0002475733,0,0.090572,0
D_0002476153,0,0.031547,0
D_0002476237,0,0.017977,0
D_0002476762,0,0.128289,0
D_0002477224,0,0.009848,0
D_0002477308,1,0.986971,1
D_0002477497,1,0.984760,1
D_0002477623,1,0.991866,1
D_0002477791,1,0.921313,1
D_0002478022,1,0.993444,1
D_0002479198,0,0.431398,1
D_0002479324,0,0.014943,0
D_0002479618,0,0.034694,0
D_0002479849,0,0.340537,1
D_0002480206,1,0.963177,1
D_0002480290,1,0.990257,1
D_0002480920,0,0.088555,0
D_0002481130,1,0.997622,1
D_0002481592,1,0.993970,1
D_0002481634,1,0.989597,1
D_0002481718,1,0.781341,1
D_0002482054,1,0.994619,1
D_0002482201,1,0.142698,0
D_0002482516,0,0.095169,0
D_0002482684,1,0.988585,1
D_0002482852,0,0.069576,0
D_0002482936,0,0.000000,0
D_0002483545,0,0.077310,0
D_0002483629,0,0.077185,0
D_0002483818,0,0.031375,0
D_0002484217,0,0.008672,0
D_0002484238,0,0.005953,0
D_0002484658,0,0.095040,0
D_0002484931,1,0.996545,1
D_0002485183,1,0.985313,1
D_0002485435,0,0.334067,1
D_0002485792,0,0.131931,0
D_0002485855,1,0.038206,0
D_0002486212,0,0.063725,0
D_0002487178,1,0.991695,1
D_0002487262,0,0.024385,0
D_0002487388,1,0.326449,1
D_0002487703,1,0.119628,0
D_0002488837,1,0.916099,1
D_0002489194,1,0.997616,1
D_0002489530,1,0.980021,1
D_0002489551,1,0.985770,1
D_0002489656,0,0.046996,0
D_0002490013,1,0.993618,1
D_0002490160,0,0.022106,0
D_0002490769,0,0.028887,0
D_0002491105,0,0.134512,0
D_0002491252,1,0.985659,1
D_0002491462,1,0.150894,0
D_0002491798,0,0.053209,0
D_0002492281,0,0.049590,0
D_0002492575,0,0.098138,0
D_0002492827,0,0.304860,1
D_0002492953,1,0.976467,1
D_0002493205,0,0.006035,0
D_0002493289,0,0.026699,0
D_0002493331,1,0.994995,1
D_0002494486,1,0.801867,1
D_0002494738,0,0.016359,0
D_0002494780,0,0.129455,0
D_0002495872,1,0.995072,1
D_0002496607,1,0.171552,0
D_0002496649,0,0.115497,0
D_0002496922,1,0.976747,1
D_0002498623,1,0.983723,1
D_0002498854,0,0.282434,1
D_0002499421,0,0.392158,1
D_0002499526,0,0.286317,1
D_0002499673,1,0.171496,0
D_0002499883,1,0.996274,1
D_0002500072,0,0.026294,0
D_0002500723,1,0.994317,1
D_0002500870,0,0.026149,0
D_0002500975,0,0.168422,0
D_0002501227,1,0.992364,1
D_0002501773,0,0.330885,1
D_0002502445,1,0.995624,1
D_0002502739,1,0.352817,1
D_0002502865,1,0.996443,1
D_0002503180,0,0.201820,0
D_0002503432,0,0.011716,0
D_0002503642,0,0.148421,0
D_0002503747,0,0.084520,0
D_0002503915,1,0.984342,1
D_0002504062,0,0.019988,0
D_0002504146,1,0.982037,1
D_0002504923,1,0.275340,1
D_0002504986,1,0.988513,1
D_0002505406,1,0.981203,1
D_0002505700,0,0.043749,0
D_0002505784,1,0.970833,1
D_0002506666,1,0.995195,1
D_0002506918,1,0.990384,1
D_0002507044,0,0.063792,0
D_0002507506,0,0.148514,0
D_0002507653,0,0.430892,1
D_0002507821,1,0.924725,1
D_0002507884,0,0.068820,0
D_0002507926,1,0.986554,1
D_0002508052,0,0.070405,0
D_0002508892,0,0.347498,1
D_0002509501,1,0.985720,1
D_0002509711,0,0.074880,0
D_0002510278,1,0.985115,1
D_0002510467,0,0.945706,1
D_0002510530,1,0.948743,1
D_0002510887,1,0.998258,1
D_0002511559,0,0.472898,1
D_0002511580,0,0.144962,0
D_0002511727,1,0.975604,1
D_0002511790,1,0.995902,1
D_0002511916,1,0.991671,1
D_0002512042,1,0.996585,1
D_0002512651,0,0.002993,0
D_0002512840,1,0.130150,0
D_0002512966,1,0.987543,1
D_0002513218,0,0.049791,0
D_0002513449,1,0.967963,1
D_0002513638,1,0.985679,1
D_0002513953,0,0.081153,0
D_0002513995,1,0.993894,1
D_0002514079,1,0.997943,1
D_0002514583,1,0.990017,1
D_0002514625,1,0.976908,1
D_0002515297,1,0.996829,1
D_0002515591,1,0.942299,1
D_0002516830,0,0.042219,0
D_0002516872,1,0.997879,1
D_0002516998,1,0.995772,1
D_0002517040,0,0.039379,0
D_0002517061,0,0.050935,0
D_0002517082,0,0.061855,0
D_0002517628,1,0.994475,1
D_0002517775,0,0.190780,0
D_0002518237,0,0.000594,0
D_0002519371,0,0.048501,0
D_0002519392,0,0.017731,0
D_0002519812,0,0.011229,0
D_0002520232,1,0.997494,1
D_0002520505,0,0.075252,0
D_0002521933,0,0.105711,0
D_0002522416,1,0.993306,1
D_0002522668,1,0.994899,1
D_0002522689,1,0.997199,1
D_0002522815,0,0.187640,0
D_0002522941,0,0.230636,0
D_0002522983,0,0.024688,0
D_0002523550,0,0.009631,0
D_0002523802,1,0.993142,1
D_0002525986,0,0.004829,0
D_0002526133,0,0.633114,1
D_0002526175,1,0.996318,1
D_0002526280,1,0.992690,1
D_0002526343,1,0.987440,1
D_0002526847,0,0.187373,0
D_0002527057,0,0.207922,0
D_0002528590,1,0.996133,1
D_0002528737,1,0.981077,1
D_0002529073,0,0.102359,0
D_0002529451,0,0.029812,0
D_0002529598,0,0.190715,0
D_0002529892,1,0.991627,1
D_0002530081,1,0.986388,1
D_0002530501,1,0.989555,1
D_0002530921,1,0.112806,0
D_0002531194,1,0.968636,1
D_0002531467,0,0.085462,0
D_0002531551,0,0.050827,0
D_0002531929,1,0.993036,1
D_0002532118,1,0.981537,1
D_0002532139,0,0.347765,1
D_0002532223,1,0.233237,0
D_0002532391,1,0.512102,1
D_0002533504,1,0.988736,1
D_0002533609,1,0.067435,0
D_0002533756,1,0.993417,1
D_0002533861,0,0.145231,0
D_0002534344,0,0.117515,0
D_0002535478,1,0.891719,1
D_0002535646,1,0.995516,1
D_0002535709,1,0.997810,1
D_0002536045,1,0.969121,1
D_0002536255,0,0.767565,1
D_0002536675,1,0.994216,1
D_0002536822,1,0.196811,0
D_0002538229,0,0.348650,1
D_0002538250,1,0.992387,1
D_0002538670,0,0.125677,0
D_0002538733,1,0.991726,1
D_0002538796,0,0.137601,0
D_0002539279,1,0.992030,1
D_0002539678,0,0.169256,0
D_0002539909,0,0.095092,0
D_0002539951,1,0.988304,1
D_0002540098,1,0.985968,1
D_0002540203,1,0.994759,1
D_0002540749,0,0.116927,0
D_0002541547,1,0.987007,1
D_0002542261,0,0.057377,0
D_0002542576,1,0.434191,1
D_0002542597,1,0.983002,1
D_0002542912,1,0.994291,1
D_0002543521,1,0.952404,1
D_0002543542,0,0.062233,0
D_0002543668,0,0.056175,0
D_0002543878,1,0.989604,1
D_0002544088,1,0.988106,1
D_0002544382,1,0.960389,1
D_0002545159,0,0.067885,0
D_0002545180,0,0.096143,0
D_0002545348,1,0.081448,0
D_0002545558,1,0.919551,1
D_0002545789,0,0.181255,0
D_0002545957,1,0.997857,1
D_0002546104,0,0.049934,0
D_0002546335,1,0.988573,1
D_0002546650,1,0.947044,1
D_0002546671,0,0.021030,0
D_0002546818,1,0.986006,1
D_0002546881,0,0.175542,0
D_0002547133,1,0.994001,1
D_0002547385,0,0.038694,0
D_0002547574,0,0.065899,0
D_0002547763,1,0.985545,1
D_0002548036,1,0.992861,1
D_0002548435,1,0.992588,1
D_0002549506,1,0.991527,1
D_0002549674,0,0.202719,0
D_0002549695,1,0.998778,1
D_0002549884,1,0.979869,1
D_0002550430,0,0.119097,0
D_0002550556,1,0.994670,1
D_0002550976,1,0.988118,1
D_0002551081,0,0.017082,0
D_0002551165,1,0.986925,1
D_0002551606,1,0.985110,1
D_0002551921,1,0.992690,1
D_0002552215,1,0.997194,1
D_0002552467,1,0.997325,1
D_0002552782,0,0.101415,0
D_0002553433,1,0.984140,1
D_0002553517,0,0.083758,0
D_0002553580,0,0.038463,0
D_0002553895,1,0.058550,0
D_0002553916,1,0.996874,1
D_0002554273,0,0.123555,0
D_0002554357,1,0.998256,1
D_0002554441,1,0.993897,1
D_0002554735,0,0.062184,0
D_0002554882,0,0.150612,0
D_0002554924,1,0.988962,1
D_0002555176,1,0.034512,0
D_0002556583,1,0.987939,1
D_0002557213,1,0.995693,1
D_0002557780,0,0.151071,0
D_0002557990,0,0.012449,0
D_0002558494,0,0.017747,0
D_0002558599,0,0.051999,0
D_0002558620,0,0.031389,0
D_0002558683,1,0.465403,1
D_0002559544,0,0.040190,0
D_0002560111,1,0.869427,1
D_0002560468,0,0.187812,0
D_0002560741,0,0.038252,0
D_0002562820,0,0.049213,0
D_0002563030,0,0.133441,0
D_0002563072,0,0.195529,0
D_0002563366,1,0.996549,1
D_0002563828,0,0.054509,0
D_0002564689,0,0.105223,0
D_0002564941,0,0.016818,0
D_0002565634,1,0.992334,1
D_0002565949,1,0.987663,1
D_0002566264,1,0.989680,1
D_0002567125,1,0.924917,1
D_0002567608,1,0.265502,1
D_0002567671,1,0.995470,1
D_0002568049,0,0.095758,0
D_0002568385,0,0.009050,0
D_0002568658,1,0.975025,1
D_0002569141,0,0.049468,0
D_0002569267,1,0.993805,1
D_0002569393,1,0.995271,1
D_0002569540,1,0.972898,1
D_0002569645,1,0.960520,1
D_0002569687,1,0.996403,1
D_0002570296,1,0.996018,1
D_0002570758,1,0.964837,1
D_0002570884,0,0.137506,0
D_0002571031,0,0.106218,0
D_0002572039,0,0.065459,0
D_0002572060,0,0.061489,0
D_0002572438,1,0.995514,1
D_0002572921,0,0.071369,0
D_0002573488,0,0.027028,0
D_0002573824,0,0.149789,0
D_0002574328,1,0.985147,1
D_0002574748,1,0.987562,1
D_0002574832,1,0.513131,1
D_0002575063,0,0.020774,0
D_0002575084,1,0.993590,1
D_0002575315,0,0.028998,0
D_0002575819,1,0.976058,1
D_0002576575,0,0.092050,0
D_0002576638,1,0.186928,0
D_0002577499,1,0.997408,1
D_0002577604,1,0.826509,1
D_0002578108,1,0.992583,1
D_0002578171,1,0.995140,1
D_0002578318,1,0.979681,1
D_0002578402,0,0.040885,0
D_0002578570,0,0.036643,0
D_0002578759,1,0.991550,1
D_0002579116,0,0.618638,1
D_0002579662,1,0.992155,1
D_0002580481,1,0.996246,1
D_0002580838,1,0.989170,1
D_0002580985,1,0.989356,1
D_0002581153,1,0.044688,0
D_0002581363,1,0.956259,1
D_0002581615,0,0.012436,0
D_0002581741,0,0.049792,0
D_0002583169,1,0.993401,1
D_0002583694,1,0.995094,1
D_0002583736,0,0.280401,1
D_0002584807,1,0.992995,1
D_0002584933,0,0.055509,0
D_0002584975,0,0.035771,0
D_0002585206,0,0.066395,0
D_0002585479,1,0.994422,1
D_0002585563,1,0.980860,1
D_0002585710,0,0.064476,0
D_0002586592,0,0.181122,0
D_0002586697,1,0.993768,1
D_0002587306,1,0.995843,1
D_0002587621,1,0.981801,1
D_0002587789,0,0.079745,0
D_0002587873,0,0.236838,0
D_0002588020,1,0.985439,1
D_0002588776,0,0.257041,1
D_0002589133,0,0.033184,0
D_0002589784,1,0.989435,1
D_0002590918,0,0.134961,0
D_0002591338,1,0.992527,1
D_0002591443,1,0.990623,1
D_0002591506,1,0.964874,1
D_0002591947,1,0.142768,0
D_0002591968,0,0.103654,0
D_0002592136,0,0.167244,0
D_0002592346,1,0.993834,1
D_0002592367,0,0.137369,0
D_0002592745,1,0.995244,1
D_0002592808,1,0.107637,0
D_0002592976,1,0.850766,1
D_0002593312,0,0.046244,0
D_0002593459,0,0.035718,0
D_0002593732,1,0.994757,1
D_0002593900,1,0.995805,1
D_0002594152,1,0.015173,0
D_0002594341,1,0.984650,1
D_0002594908,1,0.992240,1
D_0002595097,1,0.224047,0
D_0002595370,1,0.991826,1
D_0002596105,1,0.996243,1
D_0002597071,0,0.183916,0
D_0002597260,0,0.023558,0
D_0002598205,1,0.998123,1
D_0002598415,0,0.124791,0
D_0002598646,1,0.971621,1
D_0002598814,0,0.179680,0
D_0002598835,0,0.080577,0
D_0002599738,0,0.013721,0
D_0002599801,0,0.169822,0
D_0002599948,1,0.992495,1
D_0002600074,1,0.976782,1
D_0002600116,1,0.146817,0
D_0002600179,0,0.141284,0
D_0002600305,0,0.107650,0
D_0002600557,0,0.080581,0
D_0002600788,1,0.978952,1
D_0002600830,1,0.995242,1
D_0002601145,0,0.125285,0
D_0002601292,0,0.035482,0
D_0002602258,0,0.266643,1
D_0002602804,1,0.998111,1
D_0002603035,1,0.995836,1
D_0002603098,1,0.896427,1
D_0002603392,0,0.106543,0
D_0002604127,1,0.933766,1
D_0002604169,0,0.172589,0
D_0002604862,1,0.994317,1
D_0002604988,0,0.232894,0
D_0002605408,1,0.950668,1
D_0002605492,1,0.956551,1
D_0002605639,0,0.151609,0
D_0002605786,0,0.105542,0
D_0002605975,1,0.993266,1
D_0002606248,1,0.992867,1
D_0002606437,1,0.994040,1
D_0002606521,1,0.975529,1
D_0002606836,1,0.200353,0
D_0002606983,0,0.221837,0
D_0002607046,1,0.990101,1
D_0002607382,1,0.992236,1
D_0002607634,1,0.997705,1
D_0002607823,1,0.983229,1
D_0002607844,1,0.961948,1
D_0002608432,1,0.993387,1
D_0002608474,0,0.239509,0
D_0002608516,1,0.996535,1
D_0002608726,0,0.421179,1
D_0002609104,1,0.982618,1
D_0002609230,0,0.137028,0
D_0002609524,0,0.056171,0
D_0002609734,1,0.996706,1
D_0002610049,0,0.032011,0
D_0002610238,1,0.985929,1
D_0002610301,1,0.980604,1
D_0002610700,1,0.982013,1
D_0002611078,1,0.993797,1
D_0002611141,0,0.399677,1
D_0002611246,1,0.099425,0
D_0002611666,1,0.977394,1
D_0002612569,1,0.996776,1
D_0002613178,1,0.991900,1
D_0002613304,1,0.982424,1
D_0002613745,1,0.998653,1
D_0002613829,0,0.043051,0
D_0002613976,0,0.039102,0
D_0002614081,0,0.042887,0
D_0002614648,1,0.414461,1
D_0002614816,1,0.345819,1
D_0002615068,1,0.290201,1
D_0002615194,1,0.985542,1
D_0002615236,0,0.171803,0
D_0002615446,0,0.046134,0
D_0002615509,1,0.988300,1
D_0002616727,1,0.994676,1
D_0002616790,1,0.992249,1
D_0002616916,1,0.954585,1
D_0002617000,0,0.148486,0
D_0002617714,1,0.983199,1
D_0002618575,0,0.022064,0
D_0002618764,1,0.999030,1
D_0002618932,1,0.989277,1
D_0002619100,1,0.992753,1
D_0002619184,1,0.968997,1
D_0002619373,1,0.985116,1
D_0002619688,0,0.119128,0
D_0002619730,0,0.058352,0
D_0002619751,0,0.046830,0
D_0002620906,1,0.219180,0
D_0002620927,0,0.014873,0
D_0002621935,1,0.996912,1
D_0002622103,0,0.130868,0
D_0002622229,1,0.024963,0
D_0002622565,1,0.817185,1
D_0002623090,1,0.985233,1
D_0002623573,0,0.372074,1
D_0002623615,1,0.994640,1
D_0002624098,0,0.278354,1
D_0002624560,0,0.039530,0
D_0002624686,1,0.991451,1
D_0002624707,0,0.117974,0
D_0002624749,0,0.088727,0
D_0002624938,1,0.970548,1
D_0002624959,1,0.994237,1
D_0002625127,0,0.012629,0
D_0002625253,1,0.999140,1
D_0002625379,0,0.039875,0
D_0002626261,1,0.935354,1
D_0002626303,0,0.075777,0
D_0002626912,1,0.993701,1
D_0002627227,1,0.994084,1
D_0002627269,0,0.314229,1
D_0002627815,1,0.990840,1
D_0002627878,1,0.986117,1
D_0002628235,0,0.090926,0
D_0002628655,1,0.670159,1
D_0002630440,1,0.951069,1
D_0002630545,0,0.027297,0
D_0002630692,1,0.993013,1
D_0002632309,1,0.983764,1
D_0002632561,1,0.954617,1
D_0002632876,1,0.969173,1
D_0002633107,1,0.983629,1
D_0002633212,1,0.968956,1
D_0002633254,0,0.092392,0
D_0002633317,0,0.029699,0
D_0002633737,0,0.005920,0
D_0002634283,1,0.027932,0
D_0002634409,0,0.307393,1
D_0002635711,0,0.079465,0
D_0002635753,1,0.972190,1
D_0002636152,0,0.241349,0
D_0002636320,0,0.049105,0
D_0002636446,0,0.066248,0
D_0002636488,0,0.074817,0
D_0002636803,1,0.994857,1
D_0002637433,1,0.994718,1
D_0002637685,0,0.051756,0
D_0002637979,1,0.975990,1
D_0002638147,0,0.061097,0
D_0002638609,1,0.161789,0
D_0002638672,0,0.099672,0
D_0002638756,1,0.993428,1
D_0002639218,0,0.180401,0
D_0002639281,0,0.041486,0
D_0002639302,0,0.079431,0
D_0002639617,0,0.042086,0
D_0002639701,1,0.989802,1
D_0002639722,0,0.064335,0
D_0002640016,1,0.986661,1
D_0002640415,1,0.992570,1
D_0002640730,1,0.996375,1
D_0002640877,0,0.068022,0
D_0002640961,1,0.984206,1
D_0002640982,1,0.993462,1
D_0002641276,1,0.992046,1
D_0002641633,0,0.016732,0
D_0002641654,1,0.993411,1
D_0002641675,0,0.027116,0
D_0002641717,0,0.072778,0
D_0002641906,0,0.084827,0
D_0002642011,0,0.052524,0
D_0002642074,1,0.989130,1
D_0002642116,0,0.062055,0
D_0002642368,0,0.005167,0
D_0002642578,0,0.147875,0
D_0002643250,1,0.866942,1
D_0002643271,1,0.996312,1
D_0002643355,1,0.996309,1
D_0002643502,0,0.025474,0
D_0002644195,1,0.991062,1
D_0002644321,0,0.043768,0
D_0002644552,1,0.717635,1
D_0002644657,0,0.091744,0
D_0002646967,0,0.035262,0
D_0002647261,1,0.980418,1
D_0002648122,0,0.045630,0
D_0002648227,1,0.984815,1
D_0002648479,1,0.975024,1
D_0002649046,1,0.111832,0
D_0002649193,0,0.047745,0
D_0002649508,1,0.996120,1
D_0002649592,1,0.996994,1
D_0002650012,0,0.147843,0
D_0002650180,1,0.983753,1
D_0002650348,1,0.227936,0
D_0002650600,1,0.992176,1
D_0002650642,1,0.980219,1
D_0002651419,1,0.995772,1
D_0002651545,1,0.986580,1
D_0002651839,0,0.168268,0
D_0002652259,0,0.053151,0
D_0002652280,1,0.996344,1
D_0002652448,1,0.993803,1
D_0002652805,1,0.988289,1
D_0002652847,1,0.991856,1
D_0002653204,1,0.978768,1
D_0002653372,1,0.989413,1
D_0002653519,1,0.943586,1
D_0002653918,1,0.956890,1
D_0002654044,1,0.941369,1
D_0002654380,1,0.988800,1
D_0002654485,1,0.498103,1
D_0002654569,0,0.208444,0
D_0002655031,1,0.995015,1
D_0002655262,0,0.043522,0
D_0002655640,0,0.249695,1
D_0002655766,0,0.039677,0
D_0002656123,1,0.989958,1
D_0002656291,0,0.152310,0
D_0002656333,1,0.989488,1
D_0002656795,0,0.069343,0
D_0002656837,1,0.983467,1
D_0002657236,0,0.083459,0
D_0002657362,0,0.145334,0
D_0002657446,0,0.021254,0
D_0002657467,1,0.976431,1
D_0002657593,0,0.083809,0
D_0002657740,0,0.200754,0
D_0002657992,1,0.997957,1
D_0002659021,1,0.093712,0
D_0002659252,1,0.976866,1
D_0002659462,1,0.828682,1
D_0002659504,1,0.993485,1
D_0002660197,0,0.007057,0
D_0002660722,1,0.898584,1
D_0002660848,1,0.991862,1
D_0002661436,1,0.994720,1
D_0002661478,0,0.204007,0
D_0002661520,1,0.987591,1
D_0002661646,1,0.997099,1
D_0002661877,1,0.129835,0
D_0002662150,0,0.110404,0
D_0002662465,0,0.066078,0
D_0002662507,0,0.021353,0
D_0002662822,1,0.923038,1
D_0002662948,0,0.040125,0
D_0002663074,0,0.103744,0
D_0002663725,1,0.980476,1
D_0002663746,0,0.016539,0
D_0002663767,1,0.965476,1
D_0002664796,1,0.930196,1
D_0002664859,0,0.047078,0
D_0002665195,0,0.145358,0
D_0002665552,0,0.057971,0
D_0002666077,1,0.995003,1
D_0002666917,0,0.069827,0
D_0002667379,0,0.019099,0
D_0002667862,1,0.989961,1
D_0002668030,0,0.035764,0
D_0002668408,0,0.049650,0
D_0002668492,1,0.995852,1
D_0002668807,1,0.997540,1
D_0002669017,1,0.406067,1
D_0002669038,1,0.981506,1
D_0002669794,0,0.061841,0
D_0002669836,0,0.075375,0
D_0002670214,1,0.982278,1
D_0002670865,1,0.997320,1
D_0002670928,0,0.143055,0
D_0002671075,1,0.987681,1
D_0002671117,0,0.483272,1
D_0002671138,0,0.054996,0
D_0002671306,0,0.070815,0
D_0002671432,0,0.033907,0
D_0002671516,1,0.956573,1
D_0002671537,1,0.987533,1
D_0002671579,1,0.993551,1
D_0002671747,0,0.101144,0
D_0002671810,0,0.035396,0
D_0002672356,1,0.990344,1
D_0002672398,1,0.997765,1
D_0002672881,1,0.899550,1
D_0002673931,0,0.051370,0
D_0002674309,0,0.280593,1
D_0002674435,1,0.981265,1
D_0002674834,1,0.979143,1
D_0002675023,0,0.220267,0
D_0002675653,1,0.995273,1
D_0002675779,1,0.995128,1
D_0002676262,0,0.034288,0
D_0002676472,1,0.092282,0
D_0002676535,1,0.992842,1
D_0002676871,1,0.986666,1
D_0002677060,0,0.068080,0
D_0002677123,0,0.012080,0
D_0002677144,1,0.776911,1
D_0002677270,1,0.995836,1
D_0002677417,1,0.508018,1
D_0002678131,0,0.109233,0
D_0002678215,0,0.033545,0
D_0002678593,1,0.990040,1
D_0002678656,1,0.997954,1
D_0002678740,0,0.021347,0
D_0002679202,0,0.056593,0
D_0002679580,0,0.036299,0
D_0002679748,1,0.997471,1
D_0002679958,1,0.969229,1
D_0002680105,0,0.214536,0
D_0002680735,0,0.168311,0
D_0002680819,0,0.228174,0
D_0002680840,1,0.998395,1
D_0002680882,1,0.993654,1
D_0002681155,1,0.990288,1
D_0002681218,0,0.024411,0
D_0002681533,0,0.208090,0
D_0002682100,0,0.028092,0
D_0002682436,0,0.055942,0
D_0002682562,1,0.997439,1
D_0002682604,1,0.993618,1
D_0002683171,1,0.997855,1
D_0002683234,1,0.989346,1
D_0002683486,0,0.080083,0
D_0002684368,0,0.012144,0
D_0002684473,0,0.207243,0
D_0002684536,0,0.027229,0
D_0002684935,0,0.060563,0
D_0002685271,1,0.178169,0
D_0002685292,1,0.198571,0
D_0002685649,1,0.255250,1
D_0002686090,1,0.991523,1
D_0002686153,0,0.041447,0
D_0002686342,0,0.046959,0
D_0002686573,1,0.960828,1
D_0002686594,1,0.983773,1
D_0002686636,0,0.052992,0
D_0002687329,0,0.084792,0
D_0002687434,0,0.699217,1
D_0002688274,1,0.988082,1
D_0002688442,1,0.980435,1
D_0002688673,0,0.080785,0
D_0002688715,0,0.215113,0
D_0002688820,1,0.994237,1
D_0002688967,1,0.993006,1
D_0002689072,1,0.988851,1
D_0002689093,0,0.006621,0
D_0002689576,0,0.036791,0
D_0002689723,1,0.596695,1
D_0002689870,1,0.987198,1
D_0002689912,0,0.355352,1
D_0002689954,0,0.011697,0
D_0002689975,0,0.270185,1
D_0002690059,1,0.989917,1
D_0002690248,0,0.041875,0
D_0002690311,1,0.301749,1
D_0002690626,0,0.192327,0
D_0002690815,0,0.016943,0
D_0002691046,0,0.061185,0
D_0002691781,1,0.987558,1
D_0002692012,1,0.988849,1
D_0002692537,1,0.938193,1
D_0002692873,1,0.992963,1
D_0002692915,1,0.074072,0
D_0002693083,1,0.994487,1
D_0002693545,0,0.132360,0
D_0002693986,0,0.016039,0
D_0002694091,0,0.294496,1
D_0002694259,0,0.151872,0
D_0002694406,0,0.127754,0
D_0002694448,1,0.997619,1
D_0002694994,0,0.156531,0
D_0002695834,1,0.147049,0
D_0002695960,1,0.987700,1
D_0002696443,1,0.994347,1
D_0002696926,1,0.994445,1
D_0002697913,0,0.092714,0
D_0002698102,0,0.079589,0
D_0002698249,0,0.088624,0
D_0002698396,1,0.993797,1
D_0002698627,0,0.017064,0
D_0002698711,1,0.995607,1
D_0002698732,0,0.009247,0
D_0002698858,1,0.995030,1
D_0002699026,0,0.162001,0
D_0002699110,1,0.988231,1
D_0002699614,1,0.990485,1
D_0002700181,0,0.390886,1
D_0002700496,1,0.990147,1
D_0002700874,1,0.485589,1
D_0002701378,1,0.992268,1
D_0002701609,1,0.993286,1
D_0002701798,0,0.284282,1
D_0002701882,1,0.996612,1
D_0002703142,1,0.980500,1
D_0002703835,0,0.115884,0
D_0002703856,0,0.197864,0
D_0002704507,1,0.141298,0
D_0002705032,1,0.989941,1
D_0002705095,0,0.098532,0
D_0002705410,1,0.975931,1
D_0002705662,1,0.960844,1
D_0002706103,1,0.986782,1
D_0002706208,1,0.982847,1
D_0002706250,0,0.063265,0
D_0002706292,0,0.086058,0
D_0002706460,1,0.134282,0
D_0002706628,0,0.023969,0
D_0002706649,1,0.985385,1
D_0002706985,0,0.266725,1
D_0002707006,1,0.997632,1
D_0002708056,0,0.007869,0
D_0002708245,0,0.094268,0
D_0002708497,0,0.066305,0
D_0002708623,0,0.017150,0
D_0002708644,0,0.051247,0
D_0002709316,0,0.011467,0
D_0002709715,1,0.986886,1
D_0002709778,1,0.996169,1
D_0002709925,0,0.210685,0
D_0002710324,1,0.829653,1
D_0002711269,0,0.089003,0
D_0002711458,0,0.385933,1
D_0002711752,1,0.990699,1
D_0002712235,0,0.202327,0
D_0002712361,1,0.981472,1
D_0002712424,0,0.135225,0
D_0002712487,1,0.986426,1
D_0002712970,1,0.996919,1
D_0002713138,1,0.983868,1
D_0002713159,0,0.124196,0
D_0002713390,1,0.992968,1
D_0002713474,1,0.406276,1
D_0002713579,0,0.020430,0
D_0002714251,0,0.013200,0
D_0002714398,1,0.841385,1
D_0002714524,0,0.053817,0
D_0002715049,1,0.986226,1
D_0002715259,0,0.072743,0
D_0002715658,0,0.167035,0
D_0002715700,1,0.973012,1
D_0002716036,1,0.991145,1
D_0002716351,0,0.260700,1
D_0002716372,1,0.994958,1
D_0002716561,1,0.992732,1
D_0002716603,0,0.014140,0
D_0002716834,1,0.560042,1
D_0002717128,1,0.981196,1
D_0002717149,0,0.094460,0
D_0002717527,1,0.926449,1
D_0002717926,1,0.986777,1
D_0002718199,0,0.148205,0
D_0002718241,0,0.022295,0
D_0002718262,1,0.992737,1
D_0002718514,1,0.990940,1
D_0002718535,1,0.988766,1
D_0002718682,1,0.981840,1
D_0002718745,0,0.023263,0
D_0002718808,0,0.109030,0
D_0002718892,1,0.994531,1
D_0002718934,0,0.081404,0
D_0002719144,0,0.247311,1
D_0002719270,0,0.051921,0
D_0002719417,1,0.910053,1
D_0002719522,1,0.925740,1
D_0002719921,0,0.002671,0
D_0002720005,1,0.919101,1
D_0002720215,1,0.658962,1
D_0002720425,0,0.089800,0
D_0002720782,1,0.994096,1
D_0002720887,1,0.993795,1
D_0002720950,1,0.935602,1
D_0002721139,0,0.035025,0
D_0002721559,0,0.025308,0
D_0002721727,0,0.153413,0
D_0002721832,1,0.994037,1
D_0002721874,1,0.992728,1
D_0002722000,1,0.188144,0
D_0002722315,0,0.130181,0
D_0002722378,1,0.986822,1
D_0002722588,1,0.979569,1
D_0002722735,0,0.067041,0
D_0002723008,0,0.415499,1
D_0002723029,1,0.995034,1
D_0002723155,0,0.180179,0
D_0002723428,1,0.995589,1
D_0002723470,0,0.327051,1
D_0002723680,0,0.153941,0
D_0002724184,1,0.083055,0
D_0002724268,1,0.992351,1
D_0002724625,0,0.127975,0
D_0002725213,0,0.025679,0
D_0002725339,0,0.027045,0
D_0002725864,0,0.246868,1
D_0002726116,1,0.998155,1
D_0002726179,1,0.982864,1
D_0002726452,1,0.996710,1
D_0002727565,1,0.992473,1
D_0002728090,1,0.986877,1
D_0002728636,0,0.178847,0
D_0002728678,1,0.932690,1
D_0002728804,1,0.987775,1
D_0002729140,0,0.032404,0
D_0002729203,1,0.969504,1
D_0002729308,1,0.116077,0
D_0002730043,1,0.136703,0
D_0002730589,0,0.139177,0
D_0002730799,1,0.962396,1
D_0002731387,0,0.409312,1
D_0002731702,0,0.037429,0
D_0002731975,0,0.129860,0
D_0002732038,0,0.099090,0
D_0002732647,1,0.886487,1
D_0002732941,1,0.256575,1
D_0002733109,0,0.136231,0
D_0002733487,1,0.993027,1
D_0002733802,1,0.979737,1
D_0002733823,0,0.012258,0
D_0002734117,0,0.018231,0
D_0002734369,1,0.979558,1
D_0002734852,1,0.994245,1
D_0002735020,1,0.995141,1
D_0002735482,0,0.131558,0
D_0002735587,1,0.993618,1
D_0002735776,1,0.987097,1
D_0002735944,1,0.993269,1
D_0002737393,1,0.983089,1
D_0002737561,1,0.948121,1
D_0002737582,1,0.716543,1
D_0002738758,1,0.995238,1
D_0002738779,1,0.982348,1
D_0002738800,0,0.040449,0
D_0002739178,0,0.213063,0
D_0002739577,0,0.187711,0
D_0002740270,1,0.955078,1
D_0002740690,1,0.994306,1
D_0002741509,0,0.181560,0
D_0002741908,1,0.991829,1
D_0002741950,0,0.074966,0
D_0002742160,0,0.041058,0
D_0002742496,0,0.121188,0
D_0002742790,1,0.224059,0
D_0002742811,1,0.996418,1
D_0002743252,0,0.015733,0
D_0002743420,0,0.283494,1
D_0002743651,1,0.991336,1
D_0002743714,0,0.043928,0
D_0002743798,1,0.990394,1
D_0002744407,1,0.990532,1
D_0002744680,0,0.058547,0
D_0002744722,1,0.997956,1
D_0002744869,1,0.981809,1
D_0002746402,0,0.048853,0
D_0002746570,0,0.015810,0
D_0002746591,1,0.180930,0
D_0002746822,1,0.993691,1
D_0002747620,1,0.312306,1
D_0002747641,0,0.085654,0
D_0002748103,1,0.846118,1
D_0002748271,0,0.025204,0
D_0002748334,1,0.995396,1
D_0002748460,1,0.990600,1
D_0002748586,1,0.991416,1
D_0002748775,0,0.024872,0
D_0002749531,1,0.744184,1
D_0002749930,0,0.056702,0
D_0002750266,0,0.235328,0
D_0002750329,0,0.067356,0
D_0002750413,1,0.980040,1
D_0002751022,1,0.985971,1
D_0002751379,0,0.146749,0
D_0002751841,0,0.020663,0
D_0002752555,1,0.992851,1
D_0002752723,0,0.295066,1
D_0002752828,1,0.960632,1
D_0002753038,1,0.992513,1
D_0002753227,1,0.963105,1
D_0002753437,0,0.043761,0
D_0002753710,1,0.909652,1
D_0002753794,0,0.121140,0
D_0002754256,1,0.994549,1
D_0002754298,1,0.942992,1
D_0002754340,0,0.071209,0
D_0002754466,0,0.159142,0
D_0002755159,0,0.211983,0
D_0002755264,1,0.204013,0
D_0002755642,0,0.037026,0
D_0002755663,0,0.103254,0
D_0002756062,0,0.025394,0
D_0002756251,1,0.993403,1
D_0002756272,0,0.367371,1
D_0002757133,0,0.125971,0
D_0002757910,1,0.992686,1
D_0002758162,1,0.212855,0
D_0002758393,1,0.983634,1
D_0002758456,0,0.056429,0
D_0002758624,1,0.970841,1
D_0002758729,1,0.974168,1
D_0002758813,1,0.996616,1
D_0002758834,1,0.985315,1
D_0002759023,0,0.014033,0
D_0002759086,0,0.061388,0
D_0002759212,1,0.994912,1
D_0002759422,0,0.124374,0
D_0002760010,0,0.309412,1
D_0002760451,1,0.835083,1
D_0002760724,1,0.992605,1
D_0002761942,0,0.106931,0
D_0002762026,1,0.226454,0
D_0002762152,0,0.011180,0
D_0002762845,1,0.985937,1
D_0002762950,1,0.199230,0
D_0002763832,1,0.991018,1
D_0002765008,0,0.026774,0
D_0002765029,1,0.259700,1
D_0002765575,0,0.071718,0
D_0002766562,1,0.983765,1
D_0002766646,0,0.310963,1
D_0002766688,1,0.990765,1
D_0002767192,0,0.064595,0
D_0002767213,1,0.993091,1
D_0002767297,0,0.175140,0
D_0002767486,0,0.099346,0
D_0002767906,1,0.993621,1
D_0002768032,1,0.688816,1
D_0002768053,1,0.987793,1
D_0002768746,1,0.996271,1
D_0002769439,0,0.322857,1
D_0002769544,0,0.022840,0
D_0002770279,0,0.084249,0
D_0002770783,1,0.969663,1
D_0002770972,1,0.928808,1
D_0002771308,1,0.996097,1
D_0002771581,0,0.234436,0
D_0002771749,0,0.061752,0
D_0002772631,0,0.133178,0
D_0002772820,1,0.987121,1
D_0002772883,0,0.118841,0
D_0002772946,1,0.992411,1
D_0002773387,1,0.993568,1
D_0002773534,1,0.973303,1
D_0002773702,0,0.239612,0
D_0002773933,1,0.948599,1
D_0002774332,1,0.993350,1
D_0002774437,0,0.085602,0
D_0002774710,1,0.940910,1
D_0002775109,0,0.134901,0
D_0002775193,0,0.378454,1
D_0002775655,1,0.993286,1
D_0002776180,1,0.988027,1
D_0002776495,0,0.077434,0
D_0002776852,0,0.031183,0
D_0002776894,0,0.243193,0
D_0002777566,0,0.022691,0
D_0002777776,1,0.987009,1
D_0002778028,0,0.086063,0
D_0002778469,0,0.238658,0
D_0002778553,0,0.116085,0
D_0002778889,0,0.010717,0
D_0002779162,1,0.991806,1
D_0002779246,1,0.990398,1
D_0002779414,1,0.973718,1
D_0002779540,1,0.988469,1
D_0002779729,1,0.986378,1
D_0002779771,1,0.997039,1
D_0002780128,0,0.152663,0
D_0002780296,1,0.977547,1
D_0002780464,1,0.228504,0
D_0002780527,0,0.066282,0
D_0002780863,1,0.198092,0
D_0002780926,1,0.239236,0
D_0002781115,1,0.986840,1
D_0002781556,0,0.115975,0
D_0002781724,0,0.046419,0
D_0002782018,0,0.019902,0
D_0002782354,1,0.989918,1
D_0002782984,0,0.081613,0
D_0002783614,1,0.985835,1
D_0002783677,1,0.975541,1
D_0002783992,0,0.107175,0
D_0002784034,1,0.095564,0
D_0002784328,0,0.108611,0
D_0002784349,1,0.964547,1
D_0002784391,1,0.083859,0
D_0002784475,1,0.992682,1
D_0002784622,0,0.367967,1
D_0002784790,1,0.962535,1
D_0002784853,0,0.124558,0
D_0002785231,0,0.116960,0
D_0002785294,1,0.992628,1
D_0002785546,1,0.994130,1
D_0002786407,1,0.198459,0
D_0002787184,0,0.981851,1
D_0002788486,1,0.992831,1
D_0002788507,0,0.111401,0
D_0002788864,0,0.051647,0
D_0002789074,0,0.045750,0
D_0002789368,0,0.034930,0
D_0002789893,0,0.181428,0
D_0002790292,1,0.991479,1
D_0002790418,0,0.131824,0
D_0002790481,0,0.859352,1
D_0002790796,0,0.074421,0
D_0002790943,1,0.065029,0
D_0002791363,1,0.043282,0
D_0002791573,1,0.998107,1
D_0002791951,1,0.974742,1
D_0002792098,0,0.019455,0
D_0002792182,1,0.993169,1
D_0002792518,1,0.991351,1
D_0002792581,1,0.975357,1
D_0002792728,0,0.217008,0
D_0002793295,1,0.986950,1
D_0002794303,1,0.992656,1
D_0002794387,1,0.652364,1
D_0002794471,0,0.155391,0
D_0002794723,1,0.881554,1
D_0002795584,1,0.988052,1
D_0002795605,0,0.111148,0
D_0002796088,0,0.116609,0
D_0002796256,0,0.161644,0
D_0002796277,1,0.997888,1
D_0002796319,0,0.338960,1
D_0002796340,0,0.003772,0
D_0002796634,1,0.985247,1
D_0002797600,0,0.021071,0
D_0002797789,1,0.993042,1
D_0002798251,0,0.433991,1
D_0002798377,1,0.995014,1
D_0002798419,1,0.992982,1
D_0002798587,1,0.977233,1
D_0002798692,1,0.991946,1
D_0002798881,0,0.064590,0
D_0002799490,0,0.107276,0
D_0002799553,1,0.973011,1
D_0002799637,1,0.993782,1
D_0002799784,0,0.160844,0
D_0002799889,0,0.233664,0
D_0002800120,0,0.043655,0
D_0002800414,1,0.993543,1
D_0002800456,0,0.062117,0
D_0002801086,1,0.991857,1
D_0002801233,1,0.984688,1
D_0002801296,0,0.057070,0
D_0002801422,0,0.043915,0
D_0002801569,0,0.091671,0
D_0002801863,0,0.028744,0
D_0002802220,1,0.977166,1
D_0002802598,0,0.042430,0
D_0002802619,0,0.045756,0
D_0002803816,1,0.989807,1
D_0002804173,1,0.986122,1
D_0002804278,1,0.980972,1
D_0002804572,1,0.989465,1
D_0002804614,1,0.993349,1
D_0002804992,0,0.011892,0
D_0002805013,0,0.137570,0
D_0002805118,0,0.171104,0
D_0002805202,0,0.067510,0
D_0002805349,1,0.991187,1
D_0002805727,1,0.537906,1
D_0002806000,1,0.985855,1
D_0002806441,0,0.092735,0
D_0002807365,0,0.181845,0
D_0002807743,0,0.072274,0
D_0002808121,0,0.079052,0
D_0002809108,1,0.982459,1
D_0002809150,0,0.039146,0
D_0002809213,0,0.088300,0
D_0002809570,0,0.300114,1
D_0002810137,0,0.150045,0
D_0002810263,1,0.986267,1
D_0002810347,0,0.079470,0
D_0002810557,0,0.329731,1
D_0002810620,1,0.221608,0
D_0002810788,1,0.982785,1
D_0002810872,1,0.996908,1
D_0002811838,1,0.986196,1
D_0002812867,0,0.092534,0
D_0002813077,0,0.192167,0
D_0002813098,1,0.143562,0
D_0002813350,1,0.995373,1
D_0002813833,1,0.978226,1
D_0002813959,1,0.979305,1
D_0002814127,0,0.224597,0
D_0002814211,0,0.170869,0
D_0002814778,1,0.985706,1
D_0002815156,1,0.942658,1
D_0002815891,1,0.224021,0
D_0002816437,1,0.976799,1
D_0002816584,0,0.090625,0
D_0002816815,1,0.996234,1
D_0002817277,1,0.973103,1
D_0002818054,0,0.059673,0
D_0002818306,0,0.408725,1
D_0002818453,0,0.652647,1
D_0002818621,0,0.070090,0
D_0002818705,0,0.056427,0
D_0002818789,1,0.980659,1
D_0002818957,1,0.997998,1
D_0002819923,1,0.211131,0
D_0002820364,0,0.060874,0
D_0002820700,1,0.219381,0
D_0002821015,1,0.116748,0
D_0002821477,1,0.991255,1
D_0002821687,1,0.981132,1
D_0002821939,0,0.060049,0
D_0002822380,1,0.985255,1
D_0002822464,1,0.996563,1
D_0002823178,1,0.991311,1
D_0002823199,0,0.045739,0
D_0002823451,1,0.995117,1
D_0002823682,1,0.984188,1
D_0002823955,0,0.081235,0
D_0002824438,1,0.993907,1
D_0002824501,1,0.995220,1
D_0002824921,0,0.155235,0
D_0002825383,1,0.994164,1
D_0002825614,0,0.103743,0
D_0002825845,0,0.035637,0
D_0002825908,0,0.029192,0
D_0002826076,0,0.111362,0
D_0002826223,1,0.995985,1
D_0002826244,0,0.068618,0
D_0002826433,0,0.252260,1
D_0002826706,1,0.935697,1
D_0002826811,0,0.799912,1
D_0002826874,0,0.408248,1
D_0002827000,1,0.996108,1
D_0002827315,0,0.052285,0
D_0002827399,0,0.114217,0
D_0002827819,1,0.990843,1
D_0002828008,0,0.090339,0
D_0002828827,1,0.298386,1
D_0002829079,1,0.070818,0
D_0002829520,1,0.981314,1
D_0002829562,1,0.487660,1
D_0002829730,1,0.995390,1
D_0002829793,1,0.997262,1
D_0002829940,0,0.051027,0
D_0002830024,0,0.109666,0
D_0002831158,1,0.995544,1
D_0002831473,1,0.979386,1
D_0002831494,0,0.197932,0
D_0002831557,0,0.078829,0
D_0002831851,1,0.946432,1
D_0002832628,0,0.090887,0
D_0002832817,0,0.070911,0
D_0002833216,1,0.955016,1
D_0002833300,0,0.289982,1
D_0002834560,0,0.024319,0
D_0002834728,1,0.990049,1
D_0002834875,0,0.007870,0
D_0002835274,0,0.119424,0
D_0002835904,0,0.007024,0
D_0002836198,1,0.987876,1
D_0002836429,1,0.994513,1
D_0002837101,0,0.083416,0
D_0002837164,1,0.995137,1
D_0002837227,1,0.995339,1
D_0002837542,1,0.988110,1
D_0002837689,0,0.021762,0
D_0002838046,0,0.112406,0
D_0002838193,1,0.992545,1
D_0002838382,1,0.977815,1
D_0002838529,1,0.995389,1
D_0002839138,1,0.996789,1
D_0002839558,1,0.687673,1
D_0002839642,0,0.035910,0
D_0002839747,1,0.237938,0
D_0002840188,1,0.989090,1
D_0002840272,1,0.274500,1
D_0002840461,0,0.135077,0
D_0002840671,1,0.991080,1
D_0002840713,1,0.995244,1
D_0002840776,0,0.022204,0
D_0002840797,1,0.997738,1
D_0002841616,0,0.042531,0
D_0002841763,1,0.059222,0
D_0002842141,1,0.950212,1
D_0002843527,0,0.002127,0
D_0002843779,0,0.039926,0
D_0002844010,0,0.569157,1
D_0002844451,1,0.982326,1
D_0002844766,1,0.950179,1
D_0002844787,0,0.032125,0
D_0002844871,1,0.910189,1
D_0002845018,1,0.352876,1
D_0002845144,0,0.070774,0
D_0002845228,0,0.041670,0
D_0002845396,0,0.030751,0
D_0002845438,1,0.968558,1
D_0002846215,0,0.102172,0
D_0002846509,0,0.136277,0
D_0002846971,1,0.996324,1
D_0002847349,1,0.247942,1
D_0002847475,0,0.156746,0
D_0002847727,0,0.473405,1
D_0002848546,0,0.081206,0
D_0002848714,0,0.111506,0
D_0002850100,1,0.991831,1
D_0002850163,0,0.129765,0
D_0002850205,1,0.997702,1
D_0002850625,1,0.982594,1
D_0002850730,1,0.993317,1
D_0002851444,0,0.080320,0
D_0002851633,1,0.352047,1
D_0002851696,1,0.991725,1
D_0002853145,0,0.045726,0
D_0002853166,1,0.991148,1
D_0002853187,0,0.140287,0
D_0002853418,1,0.972989,1
D_0002853859,1,0.995763,1
D_0002853901,1,0.995742,1
D_0002854279,1,0.991852,1
D_0002854636,1,0.995352,1
D_0002855266,0,0.015104,0
D_0002855371,0,0.235459,0
D_0002855896,0,0.104698,0
D_0002856148,0,0.001495,0
D_0002856190,1,0.978593,1
D_0002856211,0,0.053104,0
D_0002856547,1,0.320115,1
D_0002856988,1,0.933723,1
D_0002857051,0,0.223462,0
D_0002857261,1,0.033857,0
D_0002857597,1,0.960287,1
D_0002857786,1,0.966386,1
D_0002858143,0,0.096563,0
D_0002858542,1,0.994709,1
D_0002859025,0,0.085919,0
D_0002859550,1,0.982514,1
D_0002859865,1,0.978816,1
D_0002859991,1,0.990092,1
D_0002860096,1,0.993970,1
D_0002860621,1,0.994238,1
D_0002860978,1,0.985955,1
D_0002861209,1,0.993887,1
D_0002861314,0,0.200766,0
D_0002861335,1,0.061781,0
D_0002861902,1,0.394024,1
D_0002862763,0,0.219577,0
D_0002863183,0,0.108950,0
D_0002863393,1,0.971383,1
D_0002863876,1,0.992779,1
D_0002863918,1,0.991480,1
D_0002864086,1,0.990207,1
D_0002864212,0,0.034622,0
D_0002864233,0,0.076864,0
D_0002864506,0,0.000181,0
D_0002865010,0,0.093902,0
D_0002865220,0,0.202497,0
D_0002865283,1,0.147480,0
D_0002865598,1,0.251364,1
D_0002866060,0,0.069968,0
D_0002866711,1,0.381014,1
D_0002866942,1,0.946810,1
D_0002867089,0,0.138458,0
D_0002867824,0,0.118788,0
D_0002867950,0,0.073092,0
D_0002868055,0,0.068838,0
D_0002868160,0,0.146168,0
D_0002868517,0,0.012269,0
D_0002868664,0,0.000112,0
D_0002868748,0,0.175370,0
D_0002868895,0,0.062383,0
D_0002869420,1,0.996614,1
D_0002870092,1,0.990045,1
D_0002870155,1,0.953949,1
D_0002870512,0,0.115477,0
D_0002870575,1,0.996162,1
D_0002870806,1,0.997080,1
D_0002870932,1,0.063934,0
D_0002871037,1,0.981664,1
D_0002871142,0,0.172565,0
D_0002871184,0,0.025979,0
D_0002871814,1,0.983134,1
D_0002871856,0,0.139510,0
D_0002872087,1,0.992858,1
D_0002872255,0,0.110286,0
D_0002872759,0,0.147143,0
D_0002873011,0,0.052600,0
D_0002873095,0,0.250697,1
D_0002873494,0,0.117829,0
D_0002874187,1,0.989509,1
D_0002874355,1,0.994170,1
D_0002874460,1,0.977401,1
D_0002874544,1,0.059101,0
D_0002874733,1,0.582871,1
D_0002874922,1,0.114127,0
D_0002875006,1,0.985612,1
D_0002875804,1,0.989308,1
D_0002875909,1,0.996769,1
D_0002876854,0,0.152012,0
D_0002877127,1,0.997239,1
D_0002877169,0,0.069124,0
D_0002877211,1,0.075483,0
D_0002877253,1,0.994596,1
D_0002877715,1,0.998251,1
D_0002878198,1,0.995664,1
D_0002878303,0,0.422415,1
D_0002878471,0,0.020940,0
D_0002878513,1,0.972860,1
D_0002878807,0,0.159467,0
D_0002879332,0,0.046897,0
D_0002879458,1,0.998175,1
D_0002879605,1,0.995392,1
D_0002879731,0,0.041973,0
D_0002881348,0,0.173848,0
D_0002881432,0,0.063499,0
D_0002881453,1,0.996033,1
D_0002881852,1,0.996286,1
D_0002881957,0,0.089515,0
D_0002882209,0,0.021292,0
D_0002882377,0,0.013785,0
D_0002882650,1,0.996257,1
D_0002882671,1,0.992280,1
D_0002883280,0,0.124305,0
D_0002883301,1,0.996434,1
D_0002884162,1,0.854086,1
D_0002884435,0,0.051774,0
D_0002884477,1,0.964580,1
D_0002885149,0,0.295329,1
D_0002885170,1,0.972786,1
D_0002885296,1,0.994875,1
D_0002885464,1,0.992339,1
D_0002885800,0,0.086113,0
D_0002886367,1,0.995255,1
D_0002886577,1,0.992808,1
D_0002886619,1,0.992140,1
D_0002887501,0,0.081143,0
D_0002887795,1,0.507512,1
D_0002888173,0,0.023804,0
D_0002888656,0,0.057337,0
D_0002888698,0,0.059746,0
D_0002888929,0,0.084708,0
D_0002889727,0,0.334250,1
D_0002889748,1,0.994291,1
D_0002889811,0,0.043256,0
D_0002889916,1,0.997342,1
D_0002890546,0,0.020889,0
D_0002890861,0,0.265792,1
D_0002890966,0,0.013745,0
D_0002890987,1,0.987608,1
D_0002891071,0,0.239262,0
D_0002891176,1,0.141035,0
D_0002891197,0,0.158578,0
D_0002891764,0,0.053794,0
D_0002892352,1,0.993796,1
D_0002893318,1,0.995852,1
D_0002893423,1,0.998920,1
D_0002893465,1,0.966893,1
D_0002893591,1,0.120183,0
D_0002893843,1,0.993041,1
D_0002894452,1,0.996619,1
D_0002894536,1,0.990337,1
D_0002895166,0,0.041224,0
D_0002895418,1,0.996740,1
D_0002895712,1,0.960242,1
D_0002896195,1,0.976246,1
D_0002896615,0,0.327093,1
D_0002896783,1,0.983744,1
D_0002896993,1,0.983300,1
D_0002897245,0,0.057127,0
D_0002897413,0,0.005559,0
D_0002897560,0,0.240432,0
D_0002897686,1,0.997486,1
D_0002897854,0,0.204403,0
D_0002897938,1,0.512312,1
D_0002898232,1,0.985921,1
D_0002898358,0,0.105941,0
D_0002898379,1,0.980615,1
D_0002898589,1,0.986727,1
D_0002898778,1,0.992015,1
D_0002899429,1,0.992124,1
D_0002899471,0,0.238602,0
D_0002899828,0,0.120661,0
D_0002900017,1,0.995355,1
D_0002900458,1,0.985238,1
D_0002901088,1,0.975586,1
D_0002901319,1,0.990392,1
D_0002901361,1,0.973230,1
D_0002901529,1,0.983748,1
D_0002902558,1,0.993105,1
D_0002902768,1,0.987748,1
D_0002903146,1,0.997165,1
D_0002903209,1,0.992514,1
D_0002903230,1,0.996121,1
D_0002903377,0,0.089309,0
D_0002903545,1,0.921242,1
D_0002903839,0,0.075358,0
D_0002904637,1,0.987047,1
D_0002904721,1,0.965382,1
D_0002904763,1,0.314721,1
D_0002905477,0,0.064761,0
D_0002905519,1,0.983274,1
D_0002906044,1,0.986944,1
D_0002906086,0,0.019516,0
D_0002906548,1,0.978424,1
D_0002906590,1,0.990881,1
D_0002906737,1,0.982275,1
D_0002906800,1,0.990959,1
D_0002907262,1,0.942617,1
D_0002907325,1,0.239823,0
D_0002907430,0,0.101193,0
D_0002907976,1,0.991422,1
D_0002908081,0,0.252386,1
D_0002908102,0,0.109917,0
D_0002908144,0,0.148140,0
D_0002908501,0,0.039460,0
D_0002908627,0,0.042478,0
D_0002908837,1,0.990551,1
D_0002909005,0,0.227349,0
D_0002909026,0,0.146148,0
D_0002910118,0,0.251765,1
D_0002910286,0,0.203000,0
D_0002910307,1,0.997452,1
D_0002910664,1,0.983354,1
D_0002911315,0,0.057820,0
D_0002911630,0,0.031044,0
D_0002911840,1,0.980468,1
D_0002911861,0,0.080729,0
D_0002912071,1,0.921239,1
D_0002912260,0,0.043745,0
D_0002912743,0,0.085205,0
D_0002912827,0,0.322785,1
D_0002913583,1,0.993938,1
D_0002913625,0,0.040221,0
D_0002913793,0,0.178129,0
D_0002913919,1,0.980786,1
D_0002914717,1,0.995531,1
D_0002914843,0,0.181332,0
D_0002915200,1,0.349820,1
D_0002915305,1,0.932394,1
D_0002915347,0,0.094438,0
D_0002915935,0,0.211661,0
D_0002916670,0,0.040077,0
D_0002917279,0,0.095174,0
D_0002917405,1,0.995171,1
D_0002917426,0,0.114194,0
D_0002917531,0,0.056284,0
D_0002918035,0,0.067644,0
D_0002918098,0,0.036699,0
D_0002918119,1,0.985443,1
D_0002918182,0,0.055717,0
D_0002918224,1,0.989050,1
D_0002918266,0,0.069634,0
D_0002918308,0,0.064256,0
D_0002919085,1,0.993807,1
D_0002919505,1,0.992448,1
D_0002919547,1,0.983687,1
D_0002919631,1,0.343838,1
D_0002920051,1,0.996519,1
D_0002920135,1,0.990179,1
D_0002920156,0,0.047240,0
D_0002920303,1,0.073297,0
D_0002920534,1,0.996709,1
D_0002920576,1,0.988949,1
D_0002920828,1,0.969058,1
D_0002921227,1,0.990505,1
D_0002921437,0,0.023714,0
D_0002921731,1,0.749995,1
D_0002921857,0,0.034111,0
D_0002921941,1,0.993519,1
D_0002922046,1,0.994062,1
D_0002922592,0,0.079342,0
D_0002922865,1,0.996511,1
D_0002922907,1,0.995768,1
D_0002923201,0,0.132145,0
D_0002923306,0,0.063723,0
D_0002923558,0,0.034018,0
D_0002923789,1,0.993217,1
D_0002924020,0,0.036242,0
D_0002924104,1,0.988641,1
D_0002924167,0,0.192791,0
D_0002924839,0,0.036914,0
D_0002925238,1,0.989583,1
D_0002925553,0,0.087099,0
D_0002925616,1,0.991807,1
D_0002925658,0,0.044432,0
D_0002925826,0,0.022417,0
D_0002925868,1,0.989044,1
D_0002925889,0,0.047316,0
D_0002925910,0,0.293119,1
D_0002926267,0,0.053794,0
D_0002926435,0,0.162718,0
D_0002926981,1,0.929401,1
D_0002927002,1,0.990282,1
D_0002927107,1,0.993334,1
D_0002927317,1,0.064039,0
D_0002927569,0,0.100459,0
D_0002927653,1,0.972206,1
D_0002927884,1,0.995762,1
D_0002928304,0,0.032013,0
D_0002928514,1,0.966234,1
D_0002928535,0,0.022685,0
D_0002928577,0,0.063481,0
D_0002928745,1,0.123968,0
D_0002929858,1,0.830971,1
D_0002929879,1,0.986734,1
D_0002930299,1,0.986573,1
D_0002930383,0,0.036659,0
D_0002930656,1,0.988077,1
D_0002930698,1,0.996374,1
D_0002930908,1,0.953879,1
D_0002930971,1,0.498452,1
D_0002931202,1,0.990503,1
D_0002931286,1,0.988571,1
D_0002931328,0,0.104435,0
D_0002931391,1,0.991925,1
D_0002931517,1,0.996063,1
D_0002931559,1,0.994110,1
D_0002933092,1,0.989840,1
D_0002933197,0,0.005157,0
D_0002933365,0,0.051319,0
D_0002933428,0,0.060963,0
D_0002934835,0,0.058401,0
D_0002934856,0,0.057270,0
D_0002935003,1,0.988659,1
D_0002935045,0,0.500901,1
D_0002935129,0,0.408583,1
D_0002935696,0,0.038221,0
D_0002935906,1,0.960988,1
D_0002935927,0,0.076789,0
D_0002936158,1,0.991673,1
D_0002936200,0,0.105012,0
D_0002936578,0,0.255043,1
D_0002936767,1,0.952612,1
D_0002936788,1,0.983438,1
D_0002936872,1,0.480558,1
D_0002937313,1,0.942804,1
D_0002937649,1,0.976740,1
D_0002937670,0,0.147242,0
D_0002937691,1,0.993832,1
D_0002937985,0,0.218114,0
D_0002938426,1,0.971396,1
D_0002938447,1,0.957735,1
D_0002938594,1,0.992848,1
D_0002938993,1,0.994686,1
D_0002939203,1,0.996457,1
D_0002939245,0,0.011668,0
D_0002939371,1,0.821494,1
D_0002939602,1,0.976035,1
D_0002939896,0,0.002506,0
D_0002939917,0,0.089015,0
D_0002940526,0,0.097660,0
D_0002940736,1,0.983768,1
D_0002940883,0,0.099810,0
D_0002941156,0,0.997321,1
D_0002941177,1,0.931082,1
D_0002941303,1,0.995114,1
D_0002941597,1,0.994464,1
D_0002941954,1,0.563730,1
D_0002942269,0,0.188284,0
D_0002942374,0,0.018731,0
D_0002942395,1,0.406741,1
D_0002942584,1,0.991692,1
D_0002942794,0,0.076114,0
D_0002943298,1,0.570796,1
D_0002943319,0,0.240261,0
D_0002943445,0,0.044823,0
D_0002943970,0,0.063614,0
D_0002944243,1,0.986674,1
D_0002944516,0,0.007722,0
D_0002944705,1,0.980922,1
D_0002944852,0,0.004686,0
D_0002944957,1,0.238491,0
D_0002945209,1,0.995811,1
D_0002945230,1,0.992085,1
D_0002945293,1,0.994227,1
D_0002945335,0,0.019479,0
D_0002945461,1,0.997785,1
D_0002945482,0,0.034961,0
D_0002945629,1,0.894191,1
D_0002945755,0,0.132225,0
D_0002945839,1,0.988274,1
D_0002946553,1,0.992974,1
D_0002946616,1,0.995198,1
D_0002946868,0,0.136514,0
D_0002948002,1,0.991386,1
D_0002948296,1,0.884333,1
D_0002948422,0,0.029095,0
D_0002948884,0,0.107801,0
D_0002948968,0,0.270294,1
D_0002949241,0,0.051512,0
D_0002949787,0,0.047466,0
D_0002949808,1,0.993734,1
D_0002950543,0,0.117674,0
D_0002950627,1,0.997372,1
D_0002950690,1,0.980294,1
D_0002950900,1,0.077099,0
D_0002951425,0,0.130428,0
D_0002951677,0,0.021741,0
D_0002951971,0,0.035867,0
D_0002952118,1,0.993534,1
D_0002952874,1,0.995704,1
D_0002953021,1,0.994160,1
D_0002953756,0,0.274278,1
D_0002953777,1,0.970734,1
D_0002954113,1,0.990561,1
D_0002954134,1,0.512112,1
D_0002954260,0,0.077007,0
D_0002954428,0,0.110882,0
D_0002954827,1,0.342689,1
D_0002955247,0,0.004986,0
D_0002955394,1,0.107058,0
D_0002955499,1,0.104663,0
D_0002955856,0,0.079226,0
D_0002956045,1,0.991143,1
D_0002956423,0,0.215643,0
D_0002956444,0,0.164748,0
D_0002956528,1,0.976442,1
D_0002957620,0,0.152479,0
D_0002957956,1,0.995555,1
D_0002957977,0,0.413875,1
D_0002958040,1,0.982263,1
D_0002958124,1,0.930088,1
D_0002958565,1,0.977716,1
D_0002958649,0,0.024632,0
D_0002958922,0,0.100982,0
D_0002959300,1,0.980035,1
T_0000000011,0,0.771608,1
T_0000000021,0,0.193711,0
T_0000000027,1,0.991612,1
T_0000000049,0,0.030914,0
T_0000000052,1,0.992527,1
T_0000000077,1,0.369459,1
T_0000000078,1,0.556819,1
T_0000000101,1,0.999007,1
T_0000000127,0,0.016821,0
T_0000000134,0,0.089894,0
T_0000000153,1,0.736232,1
T_0000000159,1,0.994628,1
T_0000000193,1,0.948291,1
T_0000000221,0,0.044676,0
T_0000000226,1,0.753614,1
T_0000000271,0,0.021619,0
T_0000000281,1,0.995874,1
T_0000000318,0,0.046376,0
T_0000000331,0,0.084997,0
T_0000000345,1,0.112399,0
T_0000000349,1,0.178500,0
T_0000000359,0,0.087549,0
T_0000000375,1,0.957802,1
T_0000000405,0,0.014630,0
T_0000000433,1,0.998083,1
T_0000000443,1,0.986579,1
T_0000000465,0,0.018314,0
T_0000000507,0,0.009370,0
T_0000000521,1,0.951668,1
T_0000000539,0,0.085840,0
T_0000000556,1,0.414524,1
T_0000000566,1,0.972702,1
T_0000000571,0,0.040713,0
T_0000000612,0,0.057689,0
T_0000000634,1,0.643351,1
T_0000000636,1,0.989191,1
T_0000000651,0,0.041450,0
T_0000000661,0,0.088371,0
T_0000000669,1,0.988316,1
T_0000000670,1,0.984563,1
T_0000000691,1,0.793024,1
T_0000000706,1,0.960962,1
T_0000000739,0,0.061183,0
T_0000000760,1,0.959624,1
T_0000000780,1,0.763553,1
T_0000000897,1,0.998797,1
T_0000000906,1,0.956176,1
T_0000000909,1,0.945354,1
T_0000000914,1,0.990233,1
T_0000000961,1,0.998888,1
T_0000001003,1,0.427960,1
T_0000001004,1,0.971572,1
T_0000001063,1,0.998647,1
T_0000001066,1,0.723610,1
T_0000001074,1,0.993428,1
T_0000001076,1,0.994050,1
T_0000001122,1,0.981733,1
T_0000001141,1,0.997280,1
T_0000001144,0,0.067010,0
T_0000001170,1,0.139622,0
T_0000001218,1,0.191804,0
T_0000001232,1,0.832868,1
T_0000001274,1,0.983568,1
T_0000001281,1,0.993164,1
T_0000001301,0,0.068031,0
T_0000001370,0,0.020292,0
T_0000001371,1,0.985381,1
T_0000001387,0,0.038331,0
T_0000001404,0,0.108729,0
T_0000001443,0,0.013699,0
T_0000001465,0,0.030734,0
T_0000001482,1,0.361610,1
T_0000001503,0,0.025482,0
T_0000001507,1,0.934582,1
T_0000001520,0,0.026907,0
T_0000001530,1,0.988666,1
T_0000001540,0,0.030071,0
T_0000001576,1,0.916958,1
T_0000001581,0,0.003248,0
T_0000001604,1,0.533526,1
T_0000001646,0,0.075485,0
T_0000001718,0,0.147138,0
T_0000001722,0,0.019203,0
T_0000001742,1,0.889776,1
T_0000001752,0,0.060322,0
T_0000001769,1,0.467532,1
T_0000001778,1,0.079902,0
T_0000001800,1,0.926024,1
T_0000001804,1,0.983739,1
T_0000001838,1,0.275332,1
T_0000001840,1,0.979379,1
T_0000001908,0,0.084688,0
T_0000001910,1,0.979512,1
T_0000001926,1,0.994125,1
T_0000001947,1,0.988437,1
T_0000001957,0,0.087510,0
T_0000001972,1,0.941015,1
T_0000001975,0,0.058493,0
T_0000001983,1,0.876894,1
T_0000002007,1,0.991985,1
T_0000002012,1,0.358715,1
T_0000002043,1,0.556085,1
T_0000002097,1,0.912227,1
T_0000002140,1,0.999150,1
T_0000002191,0,0.087389,0
T_0000002233,0,0.123629,0
T_0000002278,0,0.157440,0
T_0000002303,1,0.988231,1
T_0000002305,1,0.954221,1
T_0000002351,1,0.882832,1
T_0000002396,1,0.990650,1
T_0000002398,0,0.016349,0
T_0000002429,1,0.878214,1
T_0000002431,0,0.075863,0
T_0000002434,1,0.983287,1
T_0000002458,0,0.041870,0
T_0000002477,0,0.067629,0
T_0000002523,0,0.037001,0
T_0000002558,1,0.998795,1
T_0000002562,0,0.040090,0
T_0000002579,1,0.099224,0
T_0000002584,1,0.999100,1
T_0000002585,0,0.909042,1
T_0000002587,1,0.968720,1
T_0000002590,0,0.057130,0
T_0000002606,0,0.016983,0
T_0000002610,1,0.964634,1
T_0000002615,1,0.457604,1
T_0000002641,0,0.012953,0
T_0000002662,1,0.997923,1
T_0000002663,1,0.993952,1
T_0000002671,0,0.067758,0
T_0000002714,1,0.973559,1
T_0000002730,1,0.119745,0
T_0000002765,1,0.232434,0
T_0000002768,1,0.934002,1
T_0000002770,1,0.985249,1
T_0000002778,1,0.981900,1
T_0000002801,1,0.992212,1
T_0000002895,1,0.992728,1
T_0000002906,1,0.956875,1
T_0000002937,0,0.033645,0
T_0000002941,0,0.169868,0
T_0000002979,1,0.988888,1
T_0000002982,0,0.042052,0
T_0000003032,1,0.976351,1
T_0000003103,1,0.965341,1
T_0000003113,0,0.041023,0
T_0000003137,1,0.803036,1
T_0000003164,0,0.101526,0
T_0000003170,0,0.145253,0
T_0000003235,1,0.993454,1
T_0000003282,1,0.987450,1
T_0000003315,1,0.986377,1
T_0000003330,0,0.015895,0
T_0000003345,0,0.115846,0
T_0000003394,0,0.031672,0
T_0000003402,1,0.997311,1
T_0000003411,1,0.900906,1
T_0000003413,1,0.976265,1
T_0000003424,1,0.995012,1
T_0000003449,0,0.058771,0
T_0000003461,0,0.145456,0
T_0000003471,1,0.998994,1
T_0000003478,1,0.993827,1
T_0000003492,1,0.967536,1
T_0000003514,1,0.998866,1
T_0000003519,1,0.898198,1
T_0000003523,1,0.993123,1
T_0000003542,1,0.981799,1
T_0000003553,1,0.484326,1
T_0000003582,0,0.129360,0
T_0000003689,1,0.529045,1
T_0000003700,1,0.938712,1
T_0000003859,0,0.018689,0
T_0000003884,1,0.911739,1
T_0000003898,1,0.993913,1
T_0000003948,0,0.014177,0
T_0000004023,0,0.048356,0
T_0000004031,1,0.998415,1
T_0000004079,0,0.103790,0
T_0000004085,0,0.063039,0
T_0000004114,1,0.960482,1
T_0000004119,1,0.965702,1
T_0000004189,0,0.043454,0
T_0000004190,1,0.983707,1
T_0000004210,0,0.103110,0
T_0000004240,1,0.991132,1
T_0000004254,0,0.012961,0
T_0000004255,0,0.048209,0
T_0000004293,0,0.018332,0
T_0000004332,1,0.977962,1
T_0000004365,1,0.998361,1
T_0000004366,1,0.985517,1
T_0000004423,1,0.993382,1
T_0000004475,1,0.055653,0
T_0000004479,0,0.071523,0
T_0000004516,0,0.109246,0
T_0000004517,0,0.033789,0
T_0000004587,1,0.987706,1
T_0000004624,1,0.557565,1
T_0000004627,1,0.993088,1
T_0000004684,1,0.994430,1
T_0000004720,1,0.992095,1
T_0000004732,1,0.699125,1
T_0000004749,0,0.123339,0
T_0000004760,1,0.970622,1
T_0000004765,1,0.983477,1
T_0000004766,1,0.198103,0
T_0000004798,1,0.996587,1
T_0000004863,1,0.989495,1
T_0000004889,1,0.981799,1
T_0000004914,1,0.607816,1
T_0000004919,0,0.006091,0
T_0000004936,1,0.415686,1
T_0000004946,1,0.987985,1
T_0000005017,1,0.995270,1
T_0000005024,1,0.830012,1
T_0000005040,1,0.177854,0
T_0000005041,0,0.100988,0
T_0000005052,0,0.017608,0
T_0000005106,1,0.999410,1
T_0000005151,1,0.993956,1
T_0000005152,1,0.992399,1
T_0000005173,1,0.978292,1
T_0000005192,1,0.056364,0
T_0000005216,0,0.126665,0
T_0000005224,1,0.996378,1
T_0000005233,1,0.979407,1
T_0000005271,0,0.127236,0
T_0000005284,0,0.041574,0
T_0000005345,0,0.032807,0
T_0000005359,1,0.991926,1
T_0000005374,1,0.889846,1
T_0000005406,0,0.008107,0
T_0000005409,0,0.054787,0
T_0000005450,1,0.588933,1
T_0000005478,1,0.976992,1
T_0000005506,0,0.032704,0
T_0000005507,0,0.017277,0
T_0000005519,1,0.992832,1
T_0000005570,0,0.017179,0
T_0000005586,1,0.991281,1
T_0000005593,1,0.820780,1
T_0000005616,1,0.977389,1
T_0000005663,0,0.022180,0
T_0000005668,1,0.986246,1
T_0000005679,1,0.994284,1
T_0000005691,1,0.993975,1
T_0000005722,0,0.013791,0
T_0000005735,0,0.034096,0
T_0000005738,0,0.151128,0
T_0000005750,1,0.993827,1
T_0000005760,1,0.990529,1
T_0000005768,1,0.073260,0
T_0000005803,0,0.030821,0
T_0000005806,1,0.988839,1
T_0000005809,1,0.947245,1
T_0000005837,1,0.721554,1
T_0000005844,1,0.981698,1
T_0000005855,0,0.108829,0
T_0000005878,1,0.770050,1
T_0000005907,1,0.980672,1
T_0000005935,0,0.098965,0
T_0000005941,0,0.035033,0
T_0000005972,1,0.971967,1
T_0000005977,1,0.978571,1
T_0000006004,1,0.816284,1
T_0000006014,0,0.157055,0
T_0000006034,1,0.986702,1
T_0000006052,0,0.110593,0
T_0000006054,0,0.328270,1
T_0000006061,0,0.014012,0
T_0000006083,1,0.381813,1
T_0000006103,1,0.988709,1
T_0000006109,0,0.040650,0
T_0000006155,1,0.991927,1
T_0000006163,1,0.995313,1
T_0000006172,1,0.300042,1
T_0000006178,1,0.939657,1
T_0000006179,1,0.112615,0
T_0000006194,0,0.010831,0
T_0000006201,1,0.824690,1
T_0000006203,1,0.955312,1
T_0000006218,1,0.979154,1
T_0000006239,1,0.996291,1
T_0000006250,1,0.584122,1
T_0000006265,1,0.859221,1
T_0000006290,0,0.043731,0
T_0000006310,0,0.053887,0
T_0000006352,1,0.835288,1
T_0000006362,0,0.057609,0
T_0000006442,0,0.007282,0
T_0000006446,1,0.999241,1
T_0000006461,1,0.069909,0
T_0000006462,0,0.036771,0
T_0000006480,1,0.998948,1
T_0000006491,1,0.995041,1
T_0000006500,1,0.992667,1
T_0000006528,1,0.993776,1
T_0000006540,1,0.987660,1
T_0000006549,1,0.988522,1
T_0000006575,1,0.989154,1
T_0000006588,1,0.544302,1
T_0000006594,0,0.040156,0
T_0000006619,0,0.027913,0
T_0000006667,1,0.998344,1
T_0000006673,1,0.986980,1
T_0000006724,1,0.868230,1
T_0000006730,0,0.024653,0
T_0000006763,0,0.037393,0
T_0000006771,1,0.998315,1
T_0000006773,0,0.024572,0
T_0000006784,1,0.998725,1
T_0000006794,0,0.065160,0
T_0000006817,1,0.906433,1
T_0000006866,1,0.954575,1
T_0000006881,1,0.994059,1
T_0000006915,1,0.095335,0
T_0000006952,1,0.296591,1
T_0000006998,0,0.041103,0
T_0000007040,1,0.948935,1
T_0000007070,1,0.998738,1
T_0000007081,1,0.966085,1
T_0000007113,0,0.007657,0
T_0000007122,1,0.998856,1
T_0000007130,1,0.987032,1
T_0000007139,0,0.012976,0
T_0000007150,0,0.050692,0
T_0000007166,0,0.081191,0
T_0000007172,0,0.089883,0
T_0000007201,1,0.061655,0
T_0000007205,1,0.450225,1
T_0000007212,1,0.981573,1
T_0000007260,1,0.884645,1
T_0000007281,1,0.958944,1
T_0000007289,1,0.974568,1
T_0000007291,1,0.758053,1
T_0000007301,1,0.767301,1
T_0000007306,1,0.403160,1
T_0000007323,1,0.997163,1
T_0000007329,1,0.997421,1
T_0000007380,1,0.987722,1
T_0000007394,1,0.898207,1
T_0000007408,1,0.991358,1
T_0000007409,0,0.111735,0
T_0000007458,1,0.847671,1
T_0000007467,0,0.029832,0
T_0000007469,1,0.966939,1
T_0000007490,0,0.027181,0
T_0000007509,1,0.713202,1
T_0000007524,1,0.970714,1
T_0000007544,1,0.925323,1
T_0000007557,0,0.135897,0
T_0000007602,0,0.114795,0
T_0000007604,1,0.984913,1
T_0000007606,1,0.972315,1
T_0000007634,0,0.050877,0
T_0000007643,0,0.082872,0
T_0000007654,0,0.055627,0
T_0000007668,1,0.781370,1
T_0000007694,0,0.114145,0
T_0000007721,1,0.998925,1
T_0000007753,1,0.984873,1
T_0000007788,1,0.638322,1
T_0000007794,1,0.834883,1
T_0000007815,1,0.994743,1
T_0000007849,1,0.991021,1
T_0000007874,1,0.996551,1
T_0000007911,1,0.060641,0
T_0000007921,1,0.992981,1
T_0000007928,1,0.482228,1
T_0000007964,1,0.987973,1
T_0000007996,1,0.989599,1
T_0000008011,1,0.744519,1
T_0000008013,0,0.016721,0
T_0000008017,1,0.955288,1
T_0000008028,1,0.997174,1
T_0000008076,1,0.995900,1
T_0000008083,0,0.087659,0
T_0000008084,0,0.027835,0
T_0000008171,1,0.994019,1
T_0000008215,1,0.928211,1
T_0000008230,1,0.961818,1
T_0000008257,0,0.014691,0
T_0000008258,1,0.842907,1
T_0000008273,0,0.117424,0
T_0000008290,0,0.058913,0
T_0000008350,1,0.993301,1
T_0000008472,1,0.995633,1
T_0000008490,0,0.041385,0
T_0000008491,1,0.866197,1
T_0000008521,0,0.139715,0
T_0000008532,1,0.992767,1
T_0000008550,1,0.282644,1
T_0000008558,1,0.997476,1
T_0000008560,0,0.002007,0
T_0000008561,0,0.247363,1
T_0000008599,1,0.984253,1
T_0000008601,1,0.968323,1
T_0000008620,1,0.995991,1
T_0000008642,1,0.997473,1
T_0000008645,0,0.034544,0
T_0000008696,0,0.019015,0
T_0000008715,1,0.530115,1
T_0000008756,0,0.038552,0
T_0000008793,1,0.997075,1
T_0000008823,1,0.256817,1
T_0000008830,1,0.863826,1
T_0000008856,0,0.002850,0
T_0000008862,1,0.713429,1
T_0000008878,1,0.996576,1
T_0000008889,1,0.945133,1
T_0000008893,0,0.018060,0
T_0000008894,1,0.995557,1
T_0000008902,1,0.616612,1
T_0000008952,1,0.999129,1
T_0000008993,1,0.459304,1
T_0000009005,1,0.448365,1
T_0000009030,0,0.015420,0
T_0000009091,1,0.479614,1
T_0000009108,0,0.023633,0
T_0000009148,1,0.964603,1
T_0000009158,0,0.050998,0
T_0000009166,0,0.038854,0
T_0000009213,1,0.091618,0
T_0000009218,0,0.012254,0
T_0000009222,1,0.995618,1
T_0000009223,1,0.981807,1
T_0000009245,1,0.997354,1
T_0000009258,1,0.974443,1
T_0000009373,0,0.006139,0
T_0000009410,1,0.973265,1
T_0000009427,0,0.051561,0
T_0000009434,0,0.060761,0
T_0000009487,1,0.984882,1
T_0000009503,1,0.498088,1
T_0000009504,1,0.989087,1
T_0000009519,0,0.023994,0
T_0000009585,0,0.043028,0
T_0000009600,1,0.981666,1
T_0000009614,1,0.998413,1
T_0000009620,1,0.994496,1
T_0000009650,1,0.994986,1
T_0000009675,1,0.656703,1
T_0000009676,1,0.998798,1
T_0000009678,1,0.980920,1
T_0000009699,1,0.968137,1
T_0000009701,1,0.994890,1
T_0000009716,0,0.037074,0
T_0000009731,1,0.974876,1
T_0000009815,0,0.131187,0
T_0000009905,1,0.996688,1
T_0000009939,1,0.994843,1
T_0000009953,0,0.105508,0
T_0000009970,0,0.020982,0
T_0000010019,1,0.216891,0
T_0000010021,1,0.973549,1
T_0000010034,1,0.779758,1
T_0000010035,1,0.337990,1
T_0000010043,0,0.082227,0
T_0000010045,1,0.950549,1
T_0000010080,0,0.139754,0
T_0000010116,1,0.877528,1
T_0000010120,0,0.030901,0
T_0000010192,1,0.781591,1
T_0000010200,1,0.989527,1
T_0000010227,0,0.110013,0
T_0000010233,1,0.580417,1
T_0000010235,1,0.622273,1
T_0000010243,0,0.093254,0
T_0000010328,1,0.765016,1
T_0000010342,1,0.141320,0
T_0000010352,1,0.995480,1
T_0000010401,0,0.154039,0
T_0000010403,1,0.991506,1
T_0000010407,1,0.781713,1
T_0000010417,0,0.055737,0
T_0000010436,0,0.185622,0
T_0000010472,1,0.982224,1
T_0000010494,0,0.074148,0
T_0000010501,1,0.076195,0
T_0000010512,1,0.970630,1
T_0000010568,1,0.994449,1
T_0000010605,1,0.967534,1
T_0000010623,0,0.027982,0
T_0000010648,0,0.150013,0
T_0000010664,0,0.017009,0
T_0000010685,1,0.988577,1
T_0000010691,0,0.067323,0
T_0000010706,1,0.606087,1
T_0000010708,0,0.008766,0
T_0000010732,1,0.858884,1
T_0000010746,1,0.986045,1
T_0000010793,0,0.044814,0
T_0000010813,0,0.042927,0
T_0000010814,0,0.050373,0
T_0000010822,1,0.983372,1
T_0000010824,1,0.681636,1
T_0000010833,1,0.992355,1
T_0000010857,1,0.103487,0
T_0000010885,1,0.929389,1
T_0000010920,1,0.445413,1
T_0000010951,0,0.022591,0
T_0000010976,0,0.126641,0
T_0000010988,1,0.151331,0
T_0000010993,0,0.014773,0
T_0000011000,0,0.019718,0
T_0000011017,1,0.993958,1
T_0000011023,0,0.083901,0
T_0000011041,1,0.980239,1
T_0000011048,1,0.953073,1
T_0000011058,1,0.971515,1
T_0000011098,1,0.980391,1
T_0000011100,1,0.987791,1
T_0000011106,1,0.979660,1
T_0000011114,1,0.983509,1
T_0000011121,1,0.973351,1
T_0000011165,0,0.149793,0
T_0000011177,1,0.990134,1
T_0000011192,0,0.057673,0
T_0000011224,1,0.989615,1
T_0000011227,0,0.036882,0
T_0000011250,0,0.052410,0
T_0000011263,0,0.013470,0
T_0000011275,1,0.983323,1
T_0000011319,1,0.992438,1
T_0000011322,1,0.988054,1
T_0000011394,0,0.112186,0
T_0000011407,0,0.026414,0
T_0000011441,1,0.834221,1
T_0000011449,1,0.994849,1
T_0000011512,0,0.074121,0
T_0000011522,1,0.989226,1
T_0000011570,0,0.008349,0
T_0000011574,1,0.717514,1
T_0000011590,0,0.161199,0
T_0000011595,0,0.050072,0
T_0000011605,1,0.994378,1
T_0000011652,1,0.996222,1
T_0000011731,1,0.993765,1
T_0000011779,1,0.849108,1
T_0000011794,0,0.160373,0
T_0000011960,1,0.978433,1
T_0000011963,1,0.996737,1
T_0000011970,1,0.809213,1
T_0000011998,1,0.999431,1
T_0000011999,0,0.028632,0
T_0000012051,1,0.096469,0
T_0000012059,1,0.023718,0
T_0000012065,1,0.712290,1
T_0000012073,0,0.010991,0
T_0000012083,1,0.095949,0
T_0000012086,1,0.770834,1
T_0000012123,0,0.081070,0
T_0000012146,1,0.993018,1
T_0000012147,1,0.988711,1
T_0000012224,1,0.965278,1
T_0000012242,1,0.976551,1
T_0000012268,0,0.047968,0
T_0000012331,1,0.995414,1
T_0000012377,0,0.030439,0
T_0000012454,1,0.994772,1
T_0000012502,0,0.049621,0
T_0000012514,1,0.987788,1
T_0000012553,0,0.014808,0
T_0000012558,1,0.992520,1
T_0000012567,0,0.050113,0
T_0000012573,1,0.998803,1
T_0000012577,1,0.994991,1
T_0000012578,0,0.060800,0
T_0000012655,1,0.989933,1
T_0000012668,1,0.059406,0
T_0000012673,1,0.997481,1
T_0000012676,1,0.846118,1
T_0000012689,1,0.807611,1
T_0000012721,0,0.106306,0
T_0000012729,0,0.176455,0
T_0000012737,1,0.346762,1
T_0000012762,1,0.959622,1
T_0000012779,1,0.758970,1
T_0000012781,1,0.992927,1
T_0000012788,1,0.988094,1
T_0000012796,1,0.896554,1
T_0000012803,0,0.032897,0
T_0000012808,0,0.071795,0
T_0000012860,1,0.222723,0
T_0000012904,1,0.990604,1
T_0000012917,1,0.991814,1
T_0000012923,1,0.098854,0
T_0000012924,1,0.990278,1
T_0000012990,0,0.104908,0
T_0000013029,1,0.922042,1
T_0000013035,1,0.997870,1
T_0000013102,0,0.054272,0
T_0000013104,1,0.972584,1
T_0000013116,0,0.103202,0
T_0000013119,0,0.018942,0
T_0000013125,1,0.985208,1
T_0000013170,1,0.996577,1
T_0000013173,1,0.989709,1
T_0000013176,0,0.113881,0
T_0000013206,0,0.025127,0
T_0000013247,0,0.024519,0
T_0000013333,0,0.065955,0
T_0000013344,1,0.990459,1
T_0000013363,0,0.015603,0
T_0000013456,1,0.975422,1
T_0000013536,1,0.789536,1
T_0000013548,0,0.009451,0
T_0000013556,1,0.999125,1
T_0000013561,1,0.935126,1
T_0000013583,1,0.956390,1
T_0000013589,0,0.059638,0
T_0000013598,1,0.988532,1
T_0000013641,1,0.944799,1
T_0000013664,1,0.995959,1
T_0000013691,1,0.943533,1
T_0000013697,0,0.119837,0
T_0000013698,1,0.897631,1
T_0000013702,0,0.012985,0
T_0000013734,1,0.980888,1
T_0000013798,1,0.995908,1
T_0000013816,0,0.007116,0
T_0000013818,1,0.963139,1
T_0000013856,1,0.306888,1
T_0000013864,0,0.044903,0
T_0000013883,0,0.016750,0
T_0000013912,1,0.902768,1
T_0000013943,1,0.957229,1
T_0000013966,0,0.157245,0
T_0000013998,1,0.949962,1
T_0000014033,0,0.039187,0
T_0000014035,1,0.971466,1
T_0000014044,1,0.993412,1
T_0000014068,1,0.988265,1
T_0000014073,1,0.996642,1
T_0000014082,0,0.033406,0
T_0000014101,1,0.990850,1
T_0000014121,0,0.197121,0
T_0000014148,1,0.999526,1
T_0000014159,0,0.043770,0
T_0000014176,1,0.907242,1
T_0000014201,1,0.998997,1
T_0000014215,0,0.018306,0
T_0000014217,1,0.992934,1
T_0000014238,1,0.134504,0
T_0000014259,0,0.063753,0
T_0000014326,0,0.329823,1
T_0000014365,1,0.294517,1
T_0000014369,1,0.474869,1
T_0000014393,1,0.982570,1
T_0000014460,1,0.990129,1
T_0000014486,0,0.013773,0
T_0000014498,1,0.990361,1
T_0000014510,1,0.985660,1
T_0000014564,0,0.087421,0
T_0000014620,1,0.996753,1
T_0000014637,1,0.973019,1
T_0000014639,0,0.094304,0
T_0000014649,1,0.991069,1
T_0000014654,1,0.193411,0
T_0000014671,0,0.034221,0
T_0000014751,1,0.941996,1
T_0000014763,1,0.577123,1
T_0000014772,1,0.986097,1
T_0000014779,1,0.761838,1
T_0000014821,1,0.986587,1
T_0000014835,1,0.996486,1
T_0000014842,1,0.993447,1
T_0000014903,1,0.993093,1
T_0000014949,1,0.985369,1
T_0000014952,1,0.084888,0
T_0000014976,1,0.992500,1
T_0000015001,1,0.994517,1
T_0000015003,1,0.993931,1
T_0000015020,0,0.043232,0
T_0000015030,1,0.996287,1
T_0000015035,1,0.988010,1
T_0000015064,1,0.983027,1
T_0000015076,0,0.094057,0
T_0000015083,1,0.983850,1
T_0000015160,0,0.253661,1
T_0000015167,1,0.987632,1
T_0000015172,1,0.997153,1
T_0000015188,1,0.988368,1
T_0000015299,1,0.998924,1
T_0000015332,1,0.953803,1
T_0000015340,1,0.997669,1
T_0000015360,1,0.961573,1
T_0000015409,1,0.993967,1
T_0000015418,0,0.094878,0
T_0000015452,0,0.068681,0
T_0000015465,1,0.983485,1
T_0000015496,0,0.093613,0
T_0000015560,1,0.996711,1
T_0000015597,1,0.568612,1
T_0000015674,0,0.033366,0
T_0000015694,0,0.042633,0
T_0000015710,1,0.989554,1
T_0000015713,0,0.062240,0
T_0000015714,1,0.989659,1
T_0000015715,1,0.981501,1
T_0000015722,1,0.976253,1
T_0000015731,1,0.983282,1
T_0000015744,0,0.107454,0
T_0000015745,0,0.025570,0
T_0000015767,0,0.038691,0
T_0000015770,1,0.964943,1
T_0000015794,1,0.992102,1
T_0000015825,1,0.997585,1
T_0000015838,0,0.045132,0
T_0000015845,0,0.229795,0
T_0000015851,0,0.084135,0
T_0000015883,1,0.785109,1
T_0000015921,1,0.706719,1
T_0000015936,1,0.100005,0
T_0000015972,0,0.058828,0
T_0000015984,1,0.935725,1
T_0000015993,1,0.546733,1
T_0000015998,0,0.175091,0
T_0000016008,1,0.102424,0
T_0000016011,0,0.073192,0
T_0000016030,0,0.013234,0
T_0000016043,0,0.017911,0
T_0000016055,0,0.110408,0
T_0000016062,1,0.990005,1
T_0000016080,0,0.053733,0
T_0000016082,0,0.032617,0
T_0000016163,1,0.773001,1
T_0000016197,1,0.919063,1
T_0000016242,0,0.043340,0
T_0000016251,1,0.985603,1
T_0000016275,1,0.997648,1
T_0000016280,1,0.987343,1
T_0000016283,0,0.032044,0
T_0000016312,1,0.995540,1
T_0000016317,1,0.988939,1
T_0000016355,1,0.962925,1
T_0000016375,0,0.015383,0
T_0000016401,0,0.028105,0
T_0000016405,1,0.747556,1
T_0000016409,1,0.965971,1
T_0000016426,0,0.032754,0
T_0000016568,1,0.681130,1
T_0000016611,0,0.115441,0
T_0000016626,0,0.009121,0
T_0000016634,1,0.970827,1
T_0000016679,0,0.058079,0
T_0000016693,1,0.942794,1
T_0000016710,1,0.998275,1
T_0000016740,0,0.101017,0
T_0000016751,1,0.892861,1
T_0000016807,1,0.076499,0
T_0000016830,1,0.980652,1
T_0000016843,1,0.812025,1
T_0000016870,1,0.975489,1
T_0000016887,0,0.640237,1
T_0000016909,0,0.047089,0
T_0000016912,1,0.975554,1
T_0000016916,1,0.922913,1
T_0000016969,1,0.946128,1
T_0000016989,1,0.978634,1
T_0000017000,1,0.999216,1
T_0000017059,1,0.992473,1
T_0000017065,1,0.215025,0
T_0000017082,0,0.007538,0
T_0000017090,1,0.984334,1
T_0000017091,1,0.197765,0
T_0000017137,1,0.988920,1
T_0000017201,1,0.999378,1
T_0000017219,1,0.048082,0
T_0000017258,1,0.989052,1
T_0000017259,0,0.073191,0
T_0000017272,1,0.729772,1
T_0000017297,0,0.037668,0
T_0000017324,1,0.987196,1
T_0000017326,0,0.026770,0
T_0000017336,1,0.989776,1
T_0000017337,1,0.992092,1
T_0000017343,1,0.962966,1
T_0000017347,1,0.954651,1
T_0000017349,1,0.998067,1
T_0000017366,1,0.553414,1
T_0000017380,1,0.923810,1
T_0000017422,0,0.053372,0
T_0000017442,1,0.986386,1
T_0000017463,0,0.043412,0
T_0000017491,1,0.969759,1
T_0000017535,0,0.186580,0
T_0000017555,1,0.875187,1
T_0000017577,1,0.685319,1
T_0000017636,1,0.996755,1
T_0000017643,0,0.053632,0
T_0000017648,0,0.152256,0
T_0000017649,1,0.807896,1
T_0000017680,0,0.111238,0
T_0000017691,0,0.023122,0
T_0000017707,1,0.999224,1
T_0000017715,0,0.013035,0
T_0000017742,1,0.993072,1
T_0000017753,0,0.029196,0
T_0000017760,1,0.633801,1
T_0000017781,1,0.347820,1
T_0000017790,1,0.999363,1
T_0000017821,1,0.986360,1
T_0000017856,0,0.008418,0
T_0000017871,0,0.024639,0
T_0000017906,1,0.822242,1
T_0000017963,1,0.301988,1
T_0000017979,1,0.932966,1
T_0000018061,0,0.015435,0
T_0000018103,1,0.996631,1
T_0000018125,1,0.715547,1
T_0000018173,1,0.878308,1
T_0000018177,1,0.991092,1
T_0000018228,1,0.799901,1
T_0000018242,1,0.727454,1
T_0000018249,0,0.121825,0
T_0000018276,1,0.996635,1
T_0000018285,0,0.022199,0
T_0000018294,0,0.016699,0
T_0000018296,1,0.979384,1
T_0000018315,1,0.851125,1
T_0000018344,0,0.165271,0
T_0000018396,1,0.991211,1
T_0000018412,1,0.990875,1
T_0000018448,1,0.640349,1
T_0000018454,0,0.081619,0
T_0000018465,1,0.967408,1
T_0000018483,1,0.992918,1
T_0000018489,1,0.994543,1
T_0000018566,1,0.995842,1
T_0000018568,0,0.073539,0
T_0000018580,1,0.967474,1
T_0000018591,0,0.034837,0
T_0000018613,0,0.032451,0
T_0000018624,1,0.368323,1
T_0000018645,1,0.762392,1
T_0000018696,1,0.951371,1
T_0000018703,0,0.063990,0
T_0000018715,1,0.940374,1
T_0000018733,1,0.995460,1
T_0000018767,1,0.991881,1
T_0000018779,1,0.888475,1
T_0000018790,0,0.067119,0
T_0000018803,1,0.118887,0
T_0000018811,0,0.116956,0
T_0000018822,0,0.005462,0
T_0000018839,1,0.136488,0
T_0000018854,1,0.881291,1
T_0000018931,1,0.976614,1
T_0000018956,1,0.995255,1
T_0000019100,1,0.971698,1
T_0000019101,1,0.779112,1
T_0000019110,0,0.035340,0
T_0000019127,0,0.111117,0
T_0000019130,1,0.972435,1
T_0000019131,1,0.988304,1
T_0000019170,1,0.998536,1
T_0000019191,1,0.853156,1
T_0000019194,1,0.990314,1
T_0000019203,0,0.137184,0
T_0000019227,0,0.061836,0
T_0000019232,1,0.968597,1
T_0000019248,1,0.994692,1
T_0000019249,1,0.987407,1
T_0000019297,1,0.984870,1
T_0000019308,0,0.055020,0
T_0000019312,0,0.048963,0
T_0000019321,1,0.994314,1
T_0000019327,1,0.772189,1
T_0000019404,1,0.963000,1
T_0000019465,1,0.962831,1
T_0000019508,0,0.040086,0
T_0000019545,1,0.996036,1
T_0000019568,0,0.052693,0
T_0000019630,0,0.051702,0
T_0000019656,1,0.963574,1
T_0000019680,0,0.154370,0
T_0000019702,0,0.085118,0
T_0000019712,1,0.955119,1
T_0000019763,1,0.908622,1
T_0000019782,1,0.884004,1
T_0000019817,1,0.988889,1
T_0000019823,1,0.972367,1
T_0000019843,1,0.985365,1
T_0000019850,1,0.614513,1
T_0000019856,1,0.981828,1
T_0000019861,1,0.755193,1
T_0000019867,1,0.988368,1
T_0000019909,1,0.991595,1
T_0000019939,1,0.991451,1
T_0000019944,0,0.016973,0
T_0000019947,1,0.991422,1
T_0000019967,0,0.076990,0
T_0000019972,0,0.059215,0
T_0000020006,1,0.988865,1
T_0000020041,0,0.338432,1
T_0000020050,1,0.998223,1
T_0000020110,1,0.998159,1
T_0000020157,1,0.864905,1
T_0000020198,1,0.991079,1
T_0000020237,0,0.311247,1
T_0000020362,0,0.029866,0
T_0000020367,1,0.996829,1
T_0000020379,1,0.390345,1
T_0000020388,1,0.918305,1
T_0000020473,1,0.973766,1
T_0000020508,0,0.070947,0
T_0000020522,1,0.985200,1
T_0000020523,1,0.751234,1
T_0000020559,1,0.985579,1
T_0000020575,1,0.960635,1
T_0000020577,1,0.988100,1
T_0000020587,1,0.979558,1
T_0000020621,0,0.042941,0
T_0000020657,1,0.971626,1
T_0000020663,0,0.124916,0
T_0000020719,1,0.990389,1
T_0000020729,0,0.034794,0
T_0000020738,1,0.997008,1
T_0000020804,1,0.991148,1
T_0000020805,0,0.016594,0
T_0000020817,1,0.989193,1
T_0000020835,1,0.785994,1
T_0000020858,1,0.964613,1
T_0000020860,0,0.011692,0
T_0000020861,0,0.041856,0
T_0000020875,1,0.991954,1
T_0000020941,1,0.988531,1
T_0000020944,0,0.062173,0
T_0000020951,0,0.093259,0
T_0000020954,0,0.022891,0
T_0000021057,0,0.038872,0
T_0000021059,0,0.024814,0
T_0000021086,0,0.066906,0
T_0000021089,0,0.064669,0
T_0000021099,1,0.989223,1
T_0000021102,1,0.995771,1
T_0000021106,0,0.057284,0
T_0000021120,0,0.038411,0
T_0000021124,0,0.021857,0
T_0000021167,1,0.985864,1
T_0000021168,0,0.003982,0
T_0000021173,1,0.992171,1
T_0000021188,1,0.998526,1
T_0000021199,0,0.070337,0
T_0000021245,1,0.936190,1
T_0000021254,0,0.033414,0
T_0000021258,1,0.993322,1
T_0000021276,1,0.975082,1
T_0000021293,0,0.004901,0
T_0000021309,1,0.986784,1
T_0000021337,0,0.015232,0
T_0000021342,1,0.861895,1
T_0000021351,1,0.983247,1
T_0000021371,1,0.432311,1
T_0000021413,1,0.528606,1
T_0000021462,1,0.997369,1
T_0000021478,1,0.999525,1
T_0000021509,0,0.058345,0
T_0000021605,1,0.992245,1
T_0000021637,1,0.864172,1
T_0000021638,1,0.994802,1
T_0000021669,1,0.996787,1
T_0000021694,1,0.981478,1
T_0000021753,1,0.992108,1
T_0000021759,1,0.986451,1
T_0000021777,1,0.990592,1
T_0000021779,1,0.987362,1
T_0000021792,0,0.054292,0
T_0000021823,1,0.992641,1
T_0000021826,0,0.039555,0
T_0000021833,1,0.990161,1
T_0000021839,1,0.999237,1
T_0000021844,1,0.999003,1
T_0000021882,1,0.752794,1
T_0000021899,1,0.992464,1
T_0000021977,1,0.974237,1
T_0000021996,1,0.961492,1
T_0000022082,1,0.953299,1
T_0000022090,0,0.019700,0
T_0000022102,1,0.985629,1
T_0000022118,1,0.990172,1
T_0000022136,0,0.042706,0
T_0000022156,1,0.996458,1
T_0000022171,0,0.902085,1
T_0000022212,1,0.998103,1
T_0000022221,0,0.047859,0
T_0000022258,1,0.996051,1
T_0000022293,1,0.993881,1
T_0000022319,0,0.059915,0
T_0000022323,0,0.003153,0
T_0000022393,0,0.022750,0
T_0000022403,1,0.980069,1
T_0000022418,0,0.060063,0
T_0000022428,1,0.314913,1
T_0000022440,0,0.085656,0
T_0000022444,0,0.128500,0
T_0000022470,1,0.994780,1
T_0000022510,0,0.015241,0
T_0000022525,0,0.080824,0
T_0000022556,1,0.993858,1
T_0000022558,0,0.017759,0
T_0000022562,0,0.059509,0
T_0000022567,1,0.996815,1
T_0000022589,1,0.035043,0
T_0000022600,1,0.989114,1
T_0000022613,1,0.908784,1
T_0000022614,0,0.210961,0
T_0000022650,1,0.203851,0
T_0000022690,0,0.095316,0
T_0000022748,1,0.997086,1
T_0000022753,1,0.985708,1
T_0000022781,0,0.008562,0
T_0000022799,0,0.028099,0
T_0000022804,0,0.019001,0
T_0000022814,1,0.977361,1
T_0000022817,1,0.908745,1
T_0000022870,0,0.121142,0
T_0000022878,0,0.059552,0
T_0000022896,1,0.551543,1
T_0000022908,1,0.985997,1
T_0000022937,1,0.988947,1
T_0000022951,0,0.086979,0
T_0000022952,1,0.987215,1
T_0000023035,1,0.986606,1
T_0000023088,1,0.039799,0
T_0000023130,1,0.989758,1
T_0000023148,0,0.006143,0
T_0000023173,0,0.052981,0
T_0000023180,0,0.035995,0
T_0000023241,0,0.104224,0
T_0000023253,1,0.997011,1
T_0000023260,0,0.013087,0
T_0000023261,1,0.937798,1
T_0000023274,1,0.976556,1
T_0000023291,1,0.993407,1
T_0000023336,1,0.989632,1
T_0000023354,0,0.079713,0
T_0000023360,0,0.077689,0
T_0000023392,1,0.990799,1
T_0000023401,0,0.040157,0
T_0000023447,0,0.064476,0
T_0000023474,1,0.995267,1
T_0000023482,1,0.994075,1
T_0000023492,0,0.082705,0
T_0000023512,1,0.972889,1
T_0000023517,0,0.038661,0
T_0000023524,1,0.990837,1
T_0000023526,1,0.095173,0
T_0000023531,1,0.967602,1
T_0000023546,1,0.994347,1
T_0000023552,1,0.361017,1
T_0000023570,1,0.991381,1
T_0000023582,1,0.983668,1
T_0000023643,1,0.981769,1
T_0000023646,1,0.987435,1
T_0000023652,1,0.972837,1
T_0000023695,0,0.060929,0
T_0000023738,1,0.983737,1
T_0000023780,1,0.996560,1
T_0000023815,1,0.989594,1
T_0000023858,1,0.979354,1
T_0000023883,0,0.025603,0
T_0000023905,1,0.926553,1
T_0000023952,1,0.998705,1
T_0000023967,1,0.856398,1
T_0000023975,0,0.011619,0
T_0000023977,1,0.990523,1
T_0000024000,1,0.915550,1
T_0000024052,0,0.013139,0
T_0000024054,1,0.985116,1
T_0000024074,1,0.989923,1
T_0000024084,0,0.032517,0
T_0000024085,1,0.994570,1
T_0000024092,0,0.017109,0
T_0000024125,0,0.043567,0
T_0000024142,1,0.753966,1
T_0000024144,1,0.997948,1
T_0000024160,1,0.822885,1
T_0000024181,0,0.033661,0
T_0000024209,1,0.862594,1
T_0000024245,1,0.992811,1
T_0000024272,1,0.994480,1
T_0000024290,0,0.136116,0
T_0000024294,1,0.344978,1
T_0000024379,0,0.021114,0
T_0000024390,0,0.074392,0
T_0000024430,1,0.882762,1
T_0000024441,1,0.987201,1
T_0000024461,1,0.973041,1
T_0000024508,0,0.072921,0
T_0000024509,1,0.990039,1
T_0000024513,1,0.794438,1
T_0000024515,1,0.985387,1
T_0000024527,1,0.996034,1
T_0000024550,1,0.991910,1
T_0000024564,0,0.282589,1
T_0000024567,1,0.765818,1
T_0000024610,1,0.998684,1
T_0000024655,1,0.792786,1
T_0000024663,1,0.587193,1
T_0000024709,1,0.063697,0
T_0000024718,0,0.255525,1
T_0000024720,0,0.027173,0
T_0000024727,0,0.071988,0
T_0000024743,0,0.036555,0
T_0000024744,1,0.986700,1
T_0000024776,1,0.987464,1
T_0000024795,0,0.004671,0
T_0000024820,1,0.439293,1
T_0000024859,1,0.991858,1
T_0000024869,1,0.955457,1
T_0000024903,1,0.997355,1
T_0000024906,1,0.996443,1
T_0000024951,1,0.079993,0
T_0000024952,1,0.991200,1
T_0000024955,1,0.099836,0
T_0000024963,0,0.062353,0
T_0000024980,1,0.911051,1
T_0000024997,1,0.433412,1
T_0000025027,0,0.022564,0
T_0000025105,1,0.996663,1
T_0000025106,0,0.055241,0
T_0000025127,1,0.891178,1
T_0000025175,1,0.112597,0
T_0000025226,1,0.986745,1
T_0000025227,1,0.137024,0
T_0000025246,0,0.035305,0
T_0000025254,0,0.110809,0
T_0000025261,0,0.060086,0
T_0000025265,0,0.209695,0
T_0000025281,1,0.928049,1
T_0000025292,1,0.911922,1
T_0000025323,1,0.863486,1
T_0000025363,1,0.942065,1
T_0000025372,1,0.991109,1
T_0000025384,1,0.790807,1
T_0000025401,1,0.996850,1
T_0000025419,1,0.993182,1
T_0000025459,1,0.839058,1
T_0000025467,1,0.987962,1
T_0000025484,1,0.986192,1
T_0000025525,1,0.982925,1
T_0000025540,0,0.149772,0
T_0000025567,1,0.937644,1
T_0000025569,1,0.994230,1
T_0000025601,0,0.029586,0
T_0000025642,0,0.033961,0
T_0000025644,0,0.127402,0
T_0000025658,1,0.982872,1
T_0000025661,1,0.069231,0
T_0000025677,1,0.992876,1
T_0000025683,0,0.035100,0
T_0000025717,1,0.997906,1
T_0000025723,1,0.994715,1
T_0000025728,0,0.165775,0
T_0000025801,0,0.064873,0
T_0000025811,1,0.940278,1
T_0000025875,0,0.078378,0
T_0000025876,0,0.046474,0
T_0000025919,1,0.974746,1
T_0000025942,0,0.112706,0
T_0000025945,1,0.966548,1
T_0000025973,1,0.965466,1
T_0000025990,0,0.093348,0
T_0000025993,1,0.900845,1
T_0000025998,0,0.073665,0
T_0000026004,1,0.990060,1
T_0000026013,0,0.076986,0
T_0000026037,1,0.876955,1
T_0000026042,1,0.940661,1
T_0000026044,0,0.056561,0
T_0000026055,0,0.005424,0
T_0000026065,1,0.095604,0
T_0000026070,1,0.993989,1
T_0000026074,1,0.993410,1
T_0000026081,0,0.147233,0
T_0000026164,0,0.009050,0
T_0000026213,1,0.994807,1
T_0000026267,0,0.127557,0
T_0000026274,1,0.997867,1
T_0000026286,1,0.904402,1
T_0000026336,0,0.164060,0
T_0000026360,1,0.986098,1
T_0000026379,1,0.982747,1
T_0000026414,1,0.991377,1
T_0000026416,1,0.959943,1
T_0000026422,1,0.995160,1
T_0000026432,0,0.031884,0
T_0000026436,1,0.993584,1
T_0000026483,1,0.977376,1
T_0000026530,1,0.992228,1
T_0000026532,1,0.986707,1
T_0000026533,1,0.978457,1
T_0000026564,1,0.791960,1
T_0000026568,0,0.227143,0
T_0000026577,1,0.994576,1
T_0000026624,1,0.991267,1
T_0000026650,0,0.011604,0
T_0000026679,0,0.191782,0
T_0000026690,1,0.929400,1
T_0000026703,1,0.986019,1
T_0000026707,1,0.844218,1
T_0000026720,0,0.084742,0
T_0000026729,1,0.995043,1
T_0000026757,0,0.239937,0
T_0000026759,1,0.932282,1
T_0000026807,1,0.916202,1
T_0000026815,1,0.997528,1
T_0000026830,0,0.042006,0
T_0000026904,1,0.988955,1
T_0000026976,1,0.932055,1
T_0000027032,0,0.023892,0
T_0000027037,0,0.101317,0
T_0000027042,0,0.121476,0
T_0000027047,1,0.908371,1
T_0000027051,1,0.468255,1
T_0000027199,1,0.764220,1
T_0000027256,1,0.040190,0
T_0000027286,0,0.088273,0
T_0000027294,1,0.946739,1
T_0000027308,0,0.056304,0
T_0000027319,1,0.999077,1
T_0000027327,1,0.992295,1
T_0000027380,1,0.848664,1
T_0000027384,1,0.983525,1
T_0000027406,0,0.057949,0
T_0000027408,1,0.854950,1
T_0000027417,0,0.018019,0
T_0000027432,0,0.010568,0
T_0000027447,0,0.011591,0
T_0000027453,1,0.859894,1
T_0000027484,1,0.981432,1
T_0000027514,1,0.977629,1
T_0000027561,1,0.904201,1
T_0000027580,1,0.821533,1
T_0000027584,1,0.900740,1
T_0000027588,0,0.038887,0
T_0000027635,0,0.052530,0
T_0000027643,1,0.989567,1
T_0000027687,1,0.976753,1
T_0000027728,1,0.995205,1
T_0000027747,1,0.986323,1
T_0000027808,1,0.339517,1
T_0000027817,0,0.059254,0
T_0000027818,1,0.944646,1
T_0000027822,1,0.950764,1
T_0000027837,1,0.940421,1
T_0000027859,1,0.968108,1
T_0000027860,1,0.836834,1
T_0000027895,1,0.954446,1
T_0000027982,1,0.077003,0
T_0000027984,0,0.026210,0
T_0000028000,0,0.075680,0
T_0000028009,1,0.974364,1
T_0000028039,1,0.248382,1
T_0000028040,1,0.404472,1
T_0000028092,1,0.873221,1
T_0000028174,0,0.006600,0
T_0000028215,1,0.986993,1
T_0000028250,1,0.858898,1
T_0000028303,1,0.996879,1
T_0000028334,0,0.045258,0
T_0000028364,1,0.999344,1
T_0000028396,1,0.485222,1
T_0000028398,1,0.919512,1
T_0000028458,1,0.916463,1
T_0000028476,1,0.998279,1
T_0000028479,1,0.995318,1
T_0000028518,1,0.978997,1
T_0000028560,1,0.995922,1
T_0000028570,0,0.022332,0
T_0000028578,1,0.987675,1
T_0000028583,1,0.993523,1
T_0000028584,1,0.987288,1
T_0000028585,1,0.999201,1
T_0000028586,1,0.900433,1
T_0000028596,0,0.028726,0
T_0000028613,0,0.009031,0
T_0000028681,0,0.036027,0
T_0000028682,1,0.086179,0
T_0000028691,0,0.015801,0
T_0000028693,0,0.043990,0
T_0000028698,0,0.026105,0
T_0000028801,0,0.024015,0
T_0000028802,1,0.977845,1
T_0000028861,0,0.257518,1
T_0000028883,1,0.998305,1
T_0000028925,1,0.993038,1
T_0000028934,0,0.024724,0
T_0000028957,0,0.041589,0
T_0000028966,1,0.965706,1
T_0000028986,1,0.117674,0
T_0000029012,0,0.136717,0
T_0000029048,1,0.123855,0
T_0000029079,1,0.975070,1
T_0000029083,1,0.991678,1
T_0000029089,1,0.975689,1
T_0000029095,1,0.991521,1
T_0000029128,1,0.966080,1
T_0000029175,1,0.134177,0
T_0000029198,1,0.997055,1
T_0000029207,1,0.992228,1
T_0000029221,0,0.080237,0
T_0000029263,0,0.078650,0
T_0000029276,1,0.993975,1
T_0000029282,1,0.995938,1
T_0000029297,0,0.136932,0
T_0000029342,1,0.572728,1
T_0000029363,1,0.997530,1
T_0000029377,1,0.960225,1
T_0000029441,0,0.079058,0
T_0000029447,0,0.024794,0
T_0000029454,1,0.981035,1
T_0000029459,0,0.027857,0
T_0000029465,1,0.526768,1
T_0000029478,1,0.993492,1
T_0000029501,0,0.057544,0
T_0000029596,1,0.989761,1
T_0000029628,1,0.940385,1
T_0000029648,1,0.039961,0
T_0000029664,1,0.980457,1
T_0000029692,1,0.598118,1
T_0000029698,1,0.572981,1
T_0000029714,1,0.057583,0
T_0000029722,1,0.995547,1
T_0000029727,1,0.993082,1
T_0000029735,1,0.472939,1
T_0000029774,1,0.992158,1
T_0000029791,1,0.996845,1
T_0000029801,0,0.057470,0
T_0000029816,0,0.089835,0
T_0000029830,0,0.035691,0
T_0000029835,0,0.016051,0
T_0000029842,0,0.006160,0
T_0000029851,0,0.146306,0
T_0000029898,1,0.585666,1
T_0000029911,0,0.016870,0
T_0000029974,1,0.885400,1
T_0000029997,1,0.740452,1
T_0000030029,0,0.021411,0
T_0000030054,1,0.156476,0
T_0000030078,1,0.861201,1
T_0000030100,0,0.014916,0
T_0000030103,1,0.988920,1
T_0000030108,1,0.983735,1
T_0000030153,1,0.997026,1
T_0000030171,1,0.126141,0
T_0000030180,1,0.894403,1
T_0000030186,0,0.065802,0
T_0000030189,1,0.766993,1
T_0000030191,0,0.038698,0
T_0000030197,1,0.224686,0
T_0000030198,0,0.019371,0
T_0000030214,1,0.860371,1
T_0000030246,0,0.033200,0
T_0000030297,1,0.993284,1
T_0000030302,1,0.799972,1
T_0000030329,1,0.900440,1
T_0000030379,0,0.038542,0
T_0000030395,1,0.990547,1
T_0000030398,1,0.995983,1
T_0000030408,0,0.327581,1
T_0000030409,1,0.991113,1
T_0000030420,0,0.000724,0
T_0000030425,0,0.091443,0
T_0000030457,1,0.994827,1
T_0000030469,1,0.958112,1
T_0000030470,0,0.041063,0
T_0000030489,0,0.067277,0
T_0000030496,1,0.996950,1
T_0000030501,0,0.362913,1
T_0000030523,1,0.996686,1
T_0000030530,1,0.983624,1
T_0000030572,0,0.012799,0
T_0000030583,1,0.988875,1
T_0000030606,0,0.127048,0
T_0000030637,1,0.994778,1
T_0000030664,1,0.959673,1
T_0000030674,1,0.943066,1
T_0000030676,1,0.980520,1
T_0000030713,1,0.058410,0
T_0000030741,1,0.070389,0
T_0000030795,0,0.020773,0
T_0000030861,0,0.065928,0
T_0000030877,1,0.248203,1
T_0000030895,1,0.274044,1
T_0000030965,1,0.525917,1
T_0000030969,1,0.964147,1
T_0000031002,0,0.130573,0
T_0000031040,1,0.993677,1
T_0000031069,0,0.012692,0
T_0000031088,0,0.039239,0
T_0000031089,1,0.965023,1
T_0000031105,1,0.989421,1
T_0000031120,0,0.063684,0
T_0000031123,0,0.027340,0
T_0000031127,1,0.988529,1
T_0000031138,0,0.066066,0
T_0000031141,1,0.807187,1
T_0000031168,1,0.981666,1
T_0000031172,0,0.041168,0
T_0000031176,1,0.984325,1
T_0000031182,0,0.023274,0
T_0000031200,0,0.055492,0
T_0000031225,0,0.143001,0
T_0000031251,1,0.030728,0
T_0000031254,1,0.995913,1
T_0000031261,0,0.046902,0
T_0000031290,1,0.981749,1
T_0000031294,1,0.932735,1
T_0000031302,0,0.066209,0
T_0000031320,1,0.451240,1
T_0000031323,1,0.955404,1
T_0000031343,0,0.063077,0
T_0000031350,1,0.215417,0
T_0000031354,1,0.992190,1
T_0000031355,1,0.711095,1
T_0000031357,1,0.976173,1
T_0000031389,0,0.024192,0
T_0000031402,0,0.019403,0
T_0000031409,0,0.418457,1
T_0000031424,0,0.046852,0
T_0000031472,1,0.882038,1
T_0000031502,1,0.985205,1
T_0000031503,0,0.050607,0
T_0000031512,1,0.084975,0
T_0000031514,1,0.761894,1
T_0000031599,1,0.216480,0
T_0000031600,1,0.995032,1
T_0000031610,0,0.042163,0
T_0000031619,1,0.853749,1
T_0000031638,1,0.983534,1
T_0000031640,0,0.029809,0
T_0000031668,0,0.045327,0
T_0000031672,1,0.102897,0
T_0000031673,1,0.997257,1
T_0000031678,0,0.046984,0
T_0000031684,0,0.100099,0
T_0000031789,1,0.671554,1
T_0000031854,0,0.042996,0
T_0000031899,0,0.040046,0
T_0000031924,1,0.987127,1
T_0000031932,1,0.176232,0
T_0000031947,1,0.971566,1
T_0000031951,1,0.980685,1
T_0000031968,1,0.909087,1
T_0000031979,0,0.005928,0
T_0000031999,0,0.538733,1
T_0000032018,1,0.987581,1
T_0000032032,0,0.058146,0
T_0000032048,1,0.982001,1
T_0000032071,0,0.029907,0
T_0000032120,1,0.992806,1
T_0000032132,0,0.119931,0
T_0000032156,0,0.013606,0
T_0000032171,1,0.990980,1
T_0000032199,1,0.228048,0
T_0000032222,1,0.993360,1
T_0000032225,1,0.613487,1
T_0000032243,1,0.996149,1
T_0000032293,1,0.975610,1
T_0000032305,1,0.999332,1
T_0000032306,1,0.632509,1
T_0000032307,1,0.947223,1
T_0000032321,1,0.991253,1
T_0000032382,0,0.062874,0
T_0000032417,1,0.737883,1
T_0000032439,1,0.420535,1
T_0000032501,1,0.967838,1
T_0000032520,1,0.760994,1
T_0000032557,1,0.998272,1
T_0000032571,1,0.555078,1
T_0000032579,1,0.999577,1
T_0000032594,1,0.985732,1
T_0000032601,0,0.047171,0
T_0000032625,1,0.978199,1
T_0000032630,0,0.152590,0
T_0000032648,0,0.052271,0
T_0000032654,0,0.064894,0
T_0000032672,0,0.055908,0
T_0000032675,1,0.997404,1
T_0000032681,1,0.784042,1
T_0000032683,1,0.991463,1
T_0000032705,1,0.990688,1
T_0000032738,1,0.986818,1
T_0000032741,1,0.947519,1
T_0000032825,0,0.022205,0
T_0000032836,1,0.996851,1
T_0000032841,1,0.997980,1
T_0000032868,1,0.982282,1
T_0000032910,1,0.941272,1
T_0000032920,0,0.059051,0
T_0000032921,1,0.979503,1
T_0000032982,1,0.960986,1
T_0000032992,1,0.959600,1
T_0000032999,0,0.024476,0
T_0000033002,1,0.925976,1
T_0000033007,0,0.046324,0
T_0000033163,0,0.029777,0
T_0000033172,1,0.050327,0
T_0000033175,0,0.043016,0
T_0000033188,0,0.084615,0
T_0000033237,1,0.990498,1
T_0000033273,1,0.994344,1
T_0000033301,0,0.054472,0
T_0000033303,0,0.724267,1
T_0000033309,0,0.051236,0
T_0000033321,0,0.060332,0
T_0000033334,0,0.025628,0
T_0000033343,1,0.992460,1
T_0000033344,1,0.601753,1
T_0000033357,0,0.005761,0
T_0000033373,1,0.820530,1
T_0000033433,1,0.092600,0
T_0000033459,1,0.915361,1
T_0000033460,0,0.101986,0
T_0000033469,0,0.051879,0
T_0000033508,0,0.048490,0
T_0000033525,1,0.993121,1
T_0000033536,0,0.042825,0
T_0000033549,1,0.965694,1
T_0000033557,0,0.052265,0
T_0000033607,1,0.968690,1
T_0000033641,1,0.036550,0
T_0000033663,1,0.117106,0
T_0000033668,1,0.993353,1
T_0000033676,1,0.945846,1
T_0000033708,0,0.150416,0
T_0000033719,1,0.992004,1
T_0000033731,1,0.940344,1
T_0000033734,1,0.559643,1
T_0000033736,1,0.994172,1
T_0000033751,1,0.104218,0
T_0000033756,1,0.997115,1
T_0000033782,0,0.035715,0
T_0000033826,0,0.113082,0
T_0000033874,1,0.971041,1
T_0000033894,0,0.040708,0
T_0000033948,1,0.125759,0
T_0000033956,1,0.990023,1
T_0000033959,1,0.617395,1
T_0000033960,1,0.843363,1
T_0000033971,1,0.947070,1
T_0000033976,0,0.016691,0
T_0000033995,0,0.064306,0
T_0000034007,0,0.172680,0
T_0000034061,1,0.968650,1
T_0000034062,1,0.320586,1
T_0000034078,1,0.738773,1
T_0000034094,1,0.990643,1
T_0000034097,1,0.981787,1
T_0000034107,1,0.981681,1
T_0000034135,1,0.969891,1
T_0000034138,0,0.048946,0
T_0000034155,1,0.988353,1
T_0000034177,0,0.010914,0
T_0000034179,0,0.007898,0
T_0000034197,1,0.979282,1
T_0000034214,1,0.950228,1
T_0000034276,1,0.535177,1
T_0000034311,0,0.052050,0
T_0000034403,1,0.175791,0
T_0000034427,1,0.269904,1
T_0000034437,0,0.206485,0
T_0000034438,0,0.025056,0
T_0000034477,0,0.081692,0
T_0000034483,1,0.978519,1
T_0000034486,1,0.987971,1
T_0000034511,1,0.997014,1
T_0000034538,1,0.999363,1
T_0000034576,0,0.017958,0
T_0000034579,1,0.874121,1
T_0000034583,1,0.963449,1
T_0000034586,1,0.554771,1
T_0000034605,1,0.143102,0
T_0000034658,1,0.976088,1
T_0000034668,0,0.042845,0
T_0000034680,0,0.086854,0
T_0000034709,1,0.996803,1
T_0000034716,0,0.064484,0
T_0000034744,0,0.127995,0
T_0000034766,1,0.992408,1
T_0000034783,1,0.857155,1
T_0000034814,1,0.812345,1
T_0000034825,1,0.987181,1
T_0000034828,0,0.097175,0
T_0000034838,1,0.989627,1
T_0000034849,0,0.020899,0
T_0000034883,1,0.995236,1
T_0000034916,1,0.992406,1
T_0000034961,1,0.992265,1
T_0000034966,1,0.998431,1
T_0000034985,1,0.860090,1
T_0000035030,0,0.009300,0
T_0000035112,1,0.163447,0
T_0000035128,0,0.849328,1
T_0000035138,1,0.983360,1
T_0000035170,1,0.989361,1
T_0000035189,1,0.905932,1
T_0000035196,0,0.015176,0
T_0000035213,0,0.070777,0
T_0000035215,1,0.976791,1
T_0000035276,0,0.010354,0
T_0000035288,1,0.889164,1
T_0000035289,1,0.193067,0
T_0000035310,1,0.181412,0
T_0000035338,1,0.781772,1
T_0000035378,0,0.117913,0
T_0000035382,1,0.993993,1
T_0000035411,0,0.060385,0
T_0000035419,1,0.924579,1
T_0000035420,0,0.072291,0
T_0000035469,1,0.742791,1
T_0000035470,0,0.017931,0
T_0000035486,0,0.020583,0
T_0000035505,1,0.483922,1
T_0000035575,1,0.992334,1
T_0000035602,0,0.054642,0
T_0000035604,0,0.162323,0
T_0000035621,0,0.035740,0
T_0000035626,0,0.033199,0
T_0000035643,1,0.999324,1
T_0000035676,0,0.101960,0
T_0000035686,0,0.068064,0
T_0000035735,1,0.976534,1
T_0000035736,0,0.015050,0
T_0000035757,1,0.233259,0
T_0000035760,1,0.975479,1
T_0000035778,0,0.039191,0
T_0000035779,1,0.913008,1
T_0000035789,0,0.269958,1
T_0000035803,1,0.998813,1
T_0000035820,0,0.032535,0
T_0000035876,1,0.977132,1
T_0000035877,0,0.021374,0
T_0000035881,0,0.191449,0
T_0000035924,0,0.389470,1
T_0000035929,1,0.071767,0
T_0000035960,1,0.808545,1
T_0000035988,1,0.960159,1
T_0000036000,1,0.991607,1
T_0000036011,1,0.983539,1
T_0000036028,0,0.066295,0
T_0000036042,0,0.018050,0
T_0000036085,1,0.285243,1
T_0000036125,1,0.092335,0
T_0000036131,0,0.105361,0
T_0000036150,1,0.939303,1
T_0000036188,1,0.969642,1
T_0000036253,1,0.998501,1
T_0000036274,1,0.393487,1
T_0000036287,1,0.994875,1
T_0000036288,1,0.995759,1
T_0000036298,0,0.054863,0
T_0000036336,1,0.995263,1
T_0000036346,0,0.093387,0
T_0000036365,1,0.982203,1
T_0000036389,1,0.985797,1
T_0000036435,1,0.518525,1
T_0000036446,1,0.969669,1
T_0000036473,1,0.995110,1
T_0000036481,1,0.988919,1
T_0000036509,0,0.166552,0
T_0000036511,1,0.997570,1
T_0000036520,1,0.986000,1
T_0000036547,1,0.076392,0
T_0000036558,1,0.987406,1
T_0000036563,1,0.922651,1
T_0000036565,0,0.008516,0
T_0000036566,0,0.047505,0
T_0000036573,1,0.992837,1
T_0000036609,1,0.394143,1
T_0000036652,1,0.952568,1
T_0000036671,0,0.032265,0
T_0000036673,1,0.936763,1
T_0000036676,1,0.861233,1
T_0000036690,1,0.993941,1
T_0000036730,1,0.998501,1
T_0000036734,1,0.891013,1
T_0000036735,1,0.997320,1
T_0000036818,1,0.995920,1
T_0000036819,1,0.991632,1
T_0000036840,0,0.028048,0
T_0000036860,1,0.992682,1
T_0000036861,1,0.996678,1
T_0000036892,1,0.962937,1
T_0000036921,1,0.586744,1
T_0000036923,1,0.939428,1
T_0000036945,1,0.985539,1
T_0000036986,0,0.095400,0
T_0000036990,1,0.959030,1
T_0000036993,1,0.985631,1
T_0000036998,1,0.909714,1
T_0000037038,0,0.046204,0
T_0000037042,1,0.989280,1
T_0000037070,1,0.994421,1
T_0000037102,1,0.980788,1
T_0000037108,1,0.948982,1
T_0000037142,1,0.998436,1
T_0000037147,1,0.602874,1
T_0000037160,1,0.926111,1
T_0000037194,1,0.990085,1
T_0000037211,1,0.987396,1
T_0000037225,0,0.026434,0
T_0000037231,1,0.993792,1
T_0000037246,0,0.030682,0
T_0000037276,0,0.026716,0
T_0000037305,1,0.985409,1
T_0000037310,0,0.012800,0
T_0000037330,1,0.971537,1
T_0000037332,1,0.984755,1
T_0000037362,0,0.130956,0
T_0000037412,0,0.057858,0
T_0000037439,1,0.975529,1
T_0000037456,1,0.974543,1
T_0000037463,1,0.988081,1
T_0000037464,1,0.858545,1
T_0000037472,1,0.286996,1
T_0000037496,0,0.046196,0
T_0000037498,1,0.964870,1
T_0000037535,1,0.993985,1
T_0000037550,1,0.948811,1
T_0000037558,1,0.965503,1
T_0000037590,1,0.964940,1
T_0000037626,1,0.988974,1
T_0000037677,1,0.532160,1
T_0000037731,1,0.974038,1
T_0000037756,0,0.004526,0
T_0000037775,1,0.704681,1
T_0000037784,0,0.037584,0
T_0000037787,1,0.982487,1
T_0000037801,1,0.995650,1
T_0000037813,0,0.005243,0
T_0000037816,1,0.994832,1
T_0000037848,1,0.985743,1
T_0000037896,1,0.989441,1
T_0000037906,1,0.991450,1
T_0000037911,0,0.084781,0
T_0000037917,1,0.620990,1
T_0000037936,0,0.019870,0
T_0000037961,1,0.897002,1
T_0000037980,0,0.034528,0
T_0000037987,1,0.977683,1
T_0000037993,1,0.991543,1
T_0000038045,1,0.994471,1
T_0000038064,0,0.035797,0
T_0000038082,0,0.016640,0
T_0000038119,1,0.938905,1
T_0000038120,0,0.029059,0
T_0000038134,1,0.998224,1
T_0000038142,0,0.101790,0
T_0000038161,0,0.084594,0
T_0000038165,0,0.068677,0
T_0000038244,1,0.139376,0
T_0000038306,0,0.047109,0
T_0000038311,0,0.075270,0
T_0000038318,1,0.990999,1
T_0000038328,0,0.173797,0
T_0000038397,1,0.995488,1
T_0000038439,0,0.198120,0
T_0000038445,1,0.833304,1
T_0000038536,1,0.434552,1
T_0000038552,0,0.091187,0
T_0000038558,1,0.990586,1
T_0000038591,1,0.959775,1
T_0000038592,0,0.061573,0
T_0000038593,1,0.996069,1
T_0000038597,1,0.967410,1
T_0000038619,0,0.043476,0
T_0000038662,1,0.948767,1
T_0000038663,0,0.012213,0
T_0000038723,1,0.925596,1
T_0000038741,1,0.998903,1
T_0000038752,1,0.991605,1
T_0000038775,1,0.576581,1
T_0000038783,1,0.996587,1
T_0000038820,1,0.968911,1
T_0000038831,1,0.739649,1
T_0000038833,1,0.973087,1
T_0000038838,1,0.996142,1
T_0000038840,0,0.082108,0
T_0000038860,1,0.979757,1
T_0000038885,0,0.049512,0
T_0000038887,0,0.149319,0
T_0000038898,1,0.483108,1
T_0000038907,1,0.754109,1
T_0000038913,1,0.921833,1
T_0000038937,1,0.146775,0
T_0000039004,1,0.711652,1
T_0000039009,0,0.097287,0
T_0000039040,1,0.997881,1
T_0000039041,1,0.876606,1
T_0000039045,0,0.015446,0
T_0000039110,1,0.915079,1
T_0000039132,1,0.940158,1
T_0000039136,0,0.049137,0
T_0000039168,1,0.994882,1
T_0000039170,0,0.028687,0
T_0000039180,1,0.992783,1
T_0000039193,1,0.957480,1
T_0000039208,1,0.922615,1
T_0000039293,0,0.104511,0
T_0000039312,1,0.983958,1
T_0000039334,1,0.996673,1
T_0000039343,1,0.993657,1
T_0000039368,0,0.030352,0
T_0000039403,0,0.048931,0
T_0000039417,1,0.977690,1
T_0000039426,0,0.230322,0
T_0000039481,0,0.092284,0
T_0000039488,1,0.969763,1
T_0000039508,1,0.970771,1
T_0000039525,1,0.993731,1
T_0000039535,1,0.998885,1
T_0000039548,0,0.136707,0
T_0000039613,1,0.898115,1
T_0000039666,1,0.413739,1
T_0000039684,0,0.146848,0
T_0000039695,0,0.040406,0
T_0000039701,1,0.951111,1
T_0000039702,1,0.988899,1
T_0000039710,1,0.995593,1
T_0000039760,1,0.992502,1
T_0000039791,1,0.989757,1
T_0000039804,0,0.052309,0
T_0000039818,1,0.952157,1
T_0000039826,1,0.910128,1
T_0000039830,1,0.950156,1
T_0000039840,0,0.254585,1
T_0000039881,0,0.059702,0
T_0000039884,0,0.013102,0
T_0000039885,0,0.052089,0
T_0000039931,1,0.747966,1
T_0000039932,1,0.790918,1
T_0000039938,0,0.095790,0
T_0000039988,1,0.948450,1
T_0000039991,0,0.088413,0
T_0000040051,1,0.991330,1
T_0000040061,1,0.995274,1
T_0000040084,0,0.091773,0
T_0000040095,1,0.858253,1
T_0000040114,1,0.971079,1
T_0000040126,1,0.987675,1
T_0000040129,1,0.961208,1
T_0000040160,0,0.052475,0
T_0000040164,1,0.994410,1
T_0000040226,1,0.825316,1
T_0000040227,0,0.092857,0
T_0000040243,0,0.018840,0
T_0000040275,1,0.993198,1
T_0000040301,1,0.991882,1
T_0000040302,1,0.995663,1
T_0000040303,0,0.146116,0
T_0000040410,0,0.035309,0
T_0000040424,0,0.023565,0
T_0000040446,0,0.064402,0
T_0000040465,0,0.100425,0
T_0000040471,1,0.951706,1
T_0000040547,1,0.999662,1
T_0000040585,1,0.268493,1
T_0000040611,1,0.981281,1
T_0000040641,1,0.993616,1
T_0000040647,1,0.087826,0
T_0000040664,0,0.073271,0
T_0000040676,1,0.811835,1
T_0000040690,1,0.985289,1
T_0000040701,0,0.048341,0
T_0000040714,1,0.959893,1
T_0000040741,1,0.827721,1
T_0000040744,1,0.992610,1
T_0000040785,1,0.979757,1
T_0000040816,1,0.164789,0
T_0000040827,0,0.083157,0
T_0000040829,1,0.985912,1
T_0000040864,0,0.062074,0
T_0000040918,1,0.993692,1
T_0000040958,1,0.983874,1
T_0000041003,0,0.080704,0
T_0000041010,1,0.964568,1
T_0000041017,1,0.897614,1
T_0000041048,1,0.158645,0
T_0000041119,1,0.986421,1
T_0000041160,1,0.945892,1
T_0000041173,1,0.998236,1
T_0000041179,1,0.990012,1
T_0000041296,1,0.096142,0
T_0000041305,0,0.140486,0
T_0000041310,1,0.936299,1
T_0000041318,1,0.994441,1
T_0000041360,1,0.402322,1
T_0000041396,1,0.971597,1
T_0000041409,1,0.999383,1
T_0000041449,0,0.115025,0
T_0000041453,1,0.995730,1
T_0000041463,0,0.014816,0
T_0000041483,1,0.988265,1
T_0000041486,1,0.835129,1
T_0000041500,1,0.989985,1
T_0000041525,0,0.009995,0
T_0000041540,1,0.985749,1
T_0000041553,1,0.970544,1
T_0000041563,1,0.866610,1
T_0000041566,1,0.998644,1
T_0000041626,1,0.395381,1
T_0000041644,1,0.085271,0
T_0000041648,0,0.088408,0
T_0000041700,1,0.929510,1
T_0000041706,1,0.994041,1
T_0000041715,0,0.076388,0
T_0000041724,0,0.014345,0
T_0000041749,1,0.412892,1
T_0000041794,1,0.852263,1
T_0000041797,0,0.017316,0
T_0000041804,0,0.117789,0
T_0000041821,1,0.998231,1
T_0000041829,1,0.997222,1
T_0000041840,1,0.967375,1
T_0000041855,1,0.579503,1
T_0000041873,0,0.219857,0
T_0000041955,1,0.816682,1
T_0000041962,1,0.980736,1
T_0000041972,1,0.849613,1
T_0000042140,0,0.020233,0
T_0000042145,1,0.922575,1
T_0000042161,1,0.132603,0
T_0000042167,1,0.975520,1
T_0000042174,1,0.990186,1
T_0000042191,1,0.987897,1
T_0000042196,1,0.872597,1
T_0000042212,1,0.983039,1
T_0000042228,0,0.079864,0
T_0000042236,1,0.984870,1
T_0000042276,1,0.594558,1
T_0000042279,1,0.980141,1
T_0000042300,1,0.994611,1
T_0000042384,1,0.985112,1
T_0000042392,0,0.027555,0
T_0000042431,1,0.257631,1
T_0000042436,0,0.043914,0
T_0000042450,1,0.997625,1
T_0000042454,1,0.974687,1
T_0000042495,1,0.997213,1
T_0000042506,0,0.067463,0
T_0000042515,0,0.029268,0
T_0000042524,0,0.069725,0
T_0000042529,1,0.835039,1
T_0000042592,1,0.868336,1
T_0000042692,1,0.981379,1
T_0000042704,1,0.958568,1
T_0000042718,1,0.924819,1
T_0000042724,1,0.983073,1
T_0000042742,1,0.987691,1
T_0000042773,1,0.257787,1
T_0000042775,0,0.027273,0
T_0000042783,0,0.043013,0
T_0000042785,1,0.988620,1
T_0000042800,1,0.993838,1
T_0000042816,0,0.071832,0
T_0000042876,1,0.737990,1
T_0000042923,1,0.865352,1
T_0000042928,1,0.960364,1
T_0000042944,1,0.708701,1
T_0000042958,1,0.243419,0
T_0000042959,1,0.864066,1
T_0000042969,1,0.994209,1
T_0000042982,1,0.997117,1
T_0000042983,1,0.852144,1
T_0000043020,0,0.089236,0
T_0000043023,0,0.010993,0
T_0000043047,1,0.996326,1
T_0000043052,1,0.995958,1
T_0000043081,0,0.083702,0
T_0000043098,1,0.240529,0
T_0000043123,0,0.047692,0
T_0000043128,1,0.978802,1
T_0000043140,1,0.992105,1
T_0000043154,0,0.039829,0
T_0000043157,1,0.998793,1
T_0000043162,0,0.031693,0
T_0000043178,1,0.838801,1
T_0000043188,1,0.985793,1
T_0000043231,1,0.430889,1
T_0000043232,1,0.991793,1
T_0000043240,1,0.986455,1
T_0000043274,0,0.070596,0
T_0000043280,0,0.101255,0
T_0000043332,0,0.029527,0
T_0000043337,0,0.010844,0
T_0000043360,1,0.990199,1
T_0000043423,1,0.985683,1
T_0000043454,0,0.065219,0
T_0000043525,1,0.991852,1
T_0000043527,1,0.989640,1
T_0000043534,0,0.005004,0
T_0000043567,1,0.994122,1
T_0000043575,1,0.997537,1
T_0000043583,1,0.983124,1
T_0000043619,1,0.976860,1
T_0000043635,1,0.559717,1
T_0000043718,1,0.987107,1
T_0000043735,1,0.947417,1
T_0000043741,1,0.994449,1
T_0000043753,0,0.023297,0
T_0000043782,1,0.957505,1
T_0000043795,0,0.070524,0
T_0000043801,1,0.991427,1
T_0000043823,0,0.057022,0
T_0000043831,0,0.012284,0
T_0000043850,0,0.059149,0
T_0000043855,0,0.041922,0
T_0000043882,0,0.061228,0
T_0000043930,1,0.069411,0
T_0000043932,1,0.958832,1
T_0000043934,0,0.091104,0
T_0000043971,0,0.258065,1
T_0000043989,1,0.422053,1
T_0000044022,0,0.038356,0
T_0000044057,1,0.618928,1
T_0000044079,1,0.999071,1
T_0000044084,0,0.067935,0
T_0000044094,0,0.062762,0
T_0000044098,0,0.081724,0
T_0000044142,0,0.087535,0
T_0000044144,1,0.988239,1
T_0000044145,1,0.968836,1
T_0000044181,1,0.968668,1
T_0000044198,0,0.003661,0
T_0000044223,1,0.680700,1
T_0000044236,1,0.985284,1
T_0000044286,0,0.109150,0
T_0000044308,0,0.011388,0
T_0000044346,1,0.555078,1
T_0000044372,1,0.999148,1
T_0000044379,0,0.068240,0
T_0000044397,0,0.094396,0
T_0000044406,0,0.030570,0
T_0000044411,0,0.050032,0
T_0000044428,0,0.115284,0
T_0000044451,0,0.021526,0
T_0000044457,1,0.131008,0
T_0000044506,1,0.948517,1
T_0000044526,0,0.114630,0
T_0000044527,1,0.179756,0
T_0000044649,1,0.996170,1
T_0000044660,1,0.970784,1
T_0000044669,1,0.824240,1
T_0000044703,1,0.592536,1
T_0000044727,1,0.995829,1
T_0000044763,0,0.331079,1
T_0000044767,1,0.999420,1
T_0000044815,1,0.123694,0
T_0000044822,0,0.054740,0
T_0000044830,1,0.940458,1
T_0000044841,1,0.996744,1
T_0000044878,0,0.074042,0
T_0000044890,1,0.062733,0
T_0000044918,0,0.060691,0
T_0000044924,1,0.995447,1
T_0000044939,1,0.977901,1
T_0000044967,1,0.942657,1
T_0000045000,1,0.982764,1
T_0000045050,1,0.989366,1
T_0000045070,1,0.958264,1
T_0000045078,0,0.171342,0
T_0000045109,1,0.866222,1
T_0000045122,1,0.960537,1
T_0000045148,1,0.506086,1
T_0000045209,1,0.896989,1
T_0000045251,1,0.429583,1
T_0000045269,1,0.979820,1
T_0000045303,1,0.992471,1
T_0000045309,1,0.826910,1
T_0000045364,1,0.912817,1
T_0000045372,0,0.115914,0
T_0000045377,1,0.960903,1
T_0000045408,1,0.988852,1
T_0000045433,1,0.999326,1
T_0000045472,0,0.075876,0
T_0000045487,1,0.994306,1
T_0000045490,0,0.184158,0
T_0000045504,1,0.993743,1
T_0000045507,0,0.033906,0
T_0000045603,0,0.030362,0
T_0000045605,1,0.997507,1
T_0000045609,0,0.058893,0
T_0000045662,1,0.996125,1
T_0000045677,0,0.049976,0
T_0000045681,1,0.985223,1
T_0000045729,1,0.946539,1
T_0000045752,0,0.229758,0
T_0000045767,1,0.885191,1
T_0000045814,1,0.972949,1
T_0000045843,1,0.625194,1
T_0000045855,1,0.991848,1
T_0000045856,1,0.998857,1
T_0000045882,1,0.997290,1
T_0000045897,0,0.020245,0
T_0000045905,1,0.149034,0
T_0000045941,1,0.745580,1
T_0000045980,1,0.989391,1
T_0000045983,1,0.835172,1
T_0000046065,0,0.128145,0
T_0000046072,1,0.986262,1
T_0000046073,1,0.654309,1
T_0000046083,1,0.998007,1
T_0000046085,0,0.054054,0
T_0000046125,1,0.996795,1
T_0000046127,1,0.924147,1
T_0000046180,1,0.984449,1
T_0000046218,0,0.017800,0
T_0000046246,1,0.791133,1
T_0000046258,1,0.992427,1
T_0000046287,1,0.983600,1
T_0000046335,1,0.997440,1
T_0000046350,0,0.009472,0
T_0000046351,1,0.982730,1
T_0000046356,1,0.998132,1
T_0000046363,1,0.961995,1
T_0000046373,1,0.846122,1
T_0000046380,0,0.165294,0
T_0000046387,0,0.053294,0
T_0000046408,1,0.999473,1
T_0000046419,1,0.979635,1
T_0000046442,1,0.989565,1
T_0000046444,1,0.938322,1
T_0000046455,0,0.093415,0
T_0000046457,1,0.970408,1
T_0000046519,1,0.938675,1
T_0000046521,1,0.987361,1
T_0000046524,0,0.051453,0
T_0000046552,1,0.991711,1
T_0000046554,1,0.982932,1
T_0000046588,0,0.046849,0
T_0000046624,1,0.881021,1
T_0000046655,0,0.136935,0
T_0000046700,1,0.457593,1
T_0000046734,0,0.052814,0
T_0000046750,0,0.034869,0
T_0000046755,0,0.043834,0
T_0000046817,1,0.995843,1
T_0000046825,1,0.993793,1
T_0000046876,1,0.993843,1
T_0000046882,1,0.878203,1
T_0000046920,1,0.977863,1
T_0000046955,0,0.073395,0
T_0000046994,1,0.944676,1
T_0000046995,0,0.036745,0
T_0000047037,0,0.049999,0
T_0000047067,0,0.040051,0
T_0000047119,1,0.976356,1
T_0000047138,0,0.152029,0
T_0000047174,1,0.994102,1
T_0000047182,1,0.968433,1
T_0000047200,0,0.094786,0
T_0000047251,0,0.052553,0
T_0000047289,1,0.996583,1
T_0000047304,1,0.646107,1
T_0000047313,1,0.268319,1
T_0000047330,1,0.037535,0
T_0000047334,0,0.027968,0
T_0000047337,0,0.020037,0
T_0000047344,1,0.974148,1
T_0000047346,1,0.987622,1
T_0000047352,1,0.995522,1
T_0000047370,1,0.994595,1
T_0000047395,1,0.990646,1
T_0000047441,0,0.021030,0
T_0000047446,1,0.957804,1
T_0000047451,1,0.104460,0
T_0000047458,0,0.099811,0
T_0000047469,1,0.981448,1
T_0000047499,1,0.991507,1
T_0000047509,1,0.968325,1
T_0000047526,0,0.150854,0
T_0000047528,0,0.026032,0
T_0000047555,0,0.046306,0
T_0000047581,1,0.066829,0
T_0000047589,1,0.843737,1
T_0000047595,1,0.991158,1
T_0000047597,0,0.006982,0
T_0000047628,0,0.012164,0
T_0000047638,1,0.992113,1
T_0000047667,0,0.123161,0
T_0000047702,1,0.672465,1
T_0000047704,0,0.033662,0
T_0000047738,1,0.996548,1
T_0000047757,0,0.044359,0
T_0000047764,1,0.984253,1
T_0000047771,1,0.976013,1
T_0000047774,1,0.996649,1
T_0000047853,1,0.120196,0
T_0000047857,1,0.997591,1
T_0000047860,0,0.010427,0
T_0000047915,0,0.078662,0
T_0000047971,1,0.970597,1
T_0000047986,1,0.992035,1
T_0000047994,1,0.967092,1
T_0000048002,1,0.443060,1
T_0000048044,1,0.980970,1
T_0000048046,0,0.050642,0
T_0000048091,1,0.957700,1
T_0000048095,0,0.025455,0
T_0000048106,1,0.990179,1
T_0000048108,1,0.753115,1
T_0000048128,0,0.206964,0
T_0000048141,1,0.993530,1
T_0000048167,0,0.057307,0
T_0000048184,1,0.687464,1
T_0000048187,0,0.013757,0
T_0000048233,1,0.998566,1
T_0000048244,0,0.069465,0
T_0000048265,0,0.033247,0
T_0000048279,1,0.287576,1
T_0000048300,0,0.098307,0
T_0000048301,0,0.067929,0
T_0000048322,1,0.998573,1
T_0000048353,1,0.990759,1
T_0000048356,1,0.988451,1
T_0000048383,1,0.918510,1
T_0000048387,0,0.009322,0
T_0000048450,1,0.946694,1
T_0000048465,1,0.038606,0
T_0000048487,1,0.778735,1
T_0000048492,1,0.119218,0
T_0000048608,1,0.994479,1
T_0000048695,1,0.484666,1
T_0000048722,1,0.994716,1
T_0000048746,0,0.015667,0
T_0000048754,1,0.447297,1
T_0000048772,1,0.986286,1
T_0000048777,1,0.998893,1
T_0000048804,1,0.904064,1
T_0000048821,1,0.714536,1
T_0000048832,0,0.023971,0
T_0000048872,0,0.045236,0
T_0000048887,1,0.112671,0
T_0000048913,1,0.988595,1
T_0000048919,0,0.016412,0
T_0000048921,0,0.056640,0
T_0000048942,1,0.961454,1
T_0000048968,0,0.066680,0
T_0000048982,1,0.966389,1
T_0000049028,1,0.065109,0
T_0000049082,1,0.992594,1
T_0000049160,1,0.991751,1
T_0000049188,0,0.039010,0
T_0000049207,1,0.984841,1
T_0000049222,1,0.997707,1
T_0000049224,0,0.040945,0
T_0000049236,1,0.871259,1
T_0000049238,1,0.614883,1
T_0000049241,0,0.025690,0
T_0000049262,0,0.030968,0
T_0000049267,1,0.996272,1
T_0000049285,1,0.991106,1
T_0000049299,1,0.989614,1
T_0000049307,0,0.011996,0
T_0000049322,1,0.979690,1
T_0000049326,1,0.977379,1
T_0000049363,1,0.993375,1
T_0000049382,1,0.991089,1
T_0000049383,1,0.896843,1
T_0000049400,1,0.987053,1
T_0000049408,1,0.991513,1
T_0000049452,1,0.794659,1
T_0000049454,1,0.985590,1
T_0000049474,0,0.051948,0
T_0000049483,0,0.101522,0
T_0000049502,0,0.032731,0
T_0000049513,1,0.909613,1
T_0000049516,1,0.375213,1
T_0000049517,1,0.981050,1
T_0000049519,0,0.072475,0
T_0000049527,1,0.977422,1
T_0000049548,1,0.980383,1
T_0000049554,0,0.097326,0
T_0000049562,1,0.986629,1
T_0000049564,0,0.083738,0
T_0000049566,0,0.117455,0
T_0000049675,0,0.106166,0
T_0000049684,0,0.053181,0
T_0000049789,0,0.043875,0
T_0000049790,0,0.008392,0
T_0000049807,1,0.826706,1
T_0000049817,1,0.987604,1
T_0000049823,0,0.090327,0
T_0000049840,1,0.996094,1
T_0000049897,1,0.990826,1
T_0000049913,0,0.084114,0
T_0000049921,1,0.757841,1
T_0000049985,1,0.979380,1
T_0000050016,0,0.018877,0
T_0000050031,1,0.996865,1
T_0000050074,0,0.025223,0
T_0000050081,1,0.987088,1
T_0000050086,1,0.955832,1
T_0000050098,1,0.999033,1
T_0000050106,1,0.940693,1
T_0000050116,1,0.860732,1
T_0000050197,1,0.978287,1
T_0000050213,1,0.968102,1
T_0000050223,1,0.761922,1
T_0000050248,1,0.930839,1
T_0000050279,1,0.051821,0
T_0000050284,1,0.122353,0
T_0000050287,0,0.306087,1
T_0000050289,1,0.974705,1
T_0000050317,1,0.988902,1
T_0000050322,1,0.991139,1
T_0000050338,1,0.938134,1
T_0000050366,0,0.058035,0
T_0000050367,0,0.029482,0
T_0000050394,1,0.951119,1
T_0000050461,1,0.965689,1
T_0000050482,0,0.001014,0
T_0000050501,0,0.070900,0
T_0000050502,1,0.960555,1
T_0000050554,0,0.026570,0
T_0000050649,1,0.990115,1
T_0000050658,0,0.012569,0
T_0000050679,1,0.981517,1
T_0000050689,0,0.051357,0
T_0000050735,1,0.987201,1
T_0000050741,1,0.943654,1
T_0000050813,1,0.936642,1
T_0000050825,1,0.866534,1
T_0000050844,0,0.032543,0
T_0000050884,0,0.296866,1
T_0000050924,1,0.902189,1
T_0000050938,1,0.999137,1
T_0000050946,0,0.091241,0
T_0000050947,0,0.066384,0
T_0000051010,1,0.860991,1
T_0000051030,0,0.054408,0
T_0000051042,1,0.990258,1
T_0000051087,0,0.190260,0
T_0000051089,1,0.929517,1
T_0000051197,0,0.070598,0
T_0000051199,1,0.986239,1
T_0000051229,1,0.994817,1
T_0000051240,0,0.335988,1
T_0000051242,0,0.023647,0
T_0000051256,1,0.997991,1
T_0000051257,1,0.512367,1
T_0000051284,1,0.993967,1
T_0000051326,1,0.844910,1
T_0000051327,0,0.143038,0
T_0000051353,1,0.984323,1
T_0000051359,0,0.026703,0
T_0000051380,1,0.995332,1
T_0000051397,0,0.026462,0
T_0000051402,1,0.965468,1
T_0000051413,1,0.997368,1
T_0000051415,1,0.805179,1
T_0000051417,0,0.065071,0
T_0000051441,0,0.023640,0
T_0000051449,1,0.988208,1
T_0000051455,0,0.124016,0
T_0000051466,1,0.999277,1
T_0000051483,1,0.940475,1
T_0000051486,1,0.977755,1
T_0000051543,1,0.996090,1
T_0000051563,0,0.033152,0
T_0000051576,1,0.985203,1
T_0000051597,0,0.012432,0
T_0000051671,0,0.002210,0
T_0000051676,0,0.023580,0
T_0000051679,1,0.986224,1
T_0000051687,1,0.984203,1
T_0000051745,1,0.993645,1
T_0000051786,0,0.059223,0
T_0000051791,1,0.979749,1
T_0000051825,0,0.030882,0
T_0000051831,0,0.107330,0
T_0000051946,1,0.993431,1
T_0000051958,1,0.635964,1
T_0000051977,0,0.071023,0
T_0000051997,1,0.998193,1
T_0000052015,1,0.695038,1
T_0000052097,0,0.050391,0
T_0000052132,1,0.111615,0
T_0000052185,1,0.379718,1
T_0000052221,1,0.992380,1
T_0000052222,1,0.976461,1
T_0000052284,0,0.077797,0
T_0000052292,1,0.991704,1
T_0000052294,1,0.985119,1
T_0000052355,1,0.905798,1
T_0000052371,1,0.845528,1
T_0000052412,0,0.025344,0
T_0000052428,0,0.122452,0
T_0000052437,0,0.020703,0
T_0000052452,1,0.999015,1
T_0000052465,1,0.989457,1
T_0000052511,1,0.954948,1
T_0000052589,1,0.969909,1
T_0000052656,1,0.986919,1
T_0000052675,1,0.893245,1
T_0000052678,1,0.204863,0
T_0000052684,1,0.954008,1
T_0000052706,1,0.994056,1
T_0000052728,0,0.083986,0
T_0000052730,1,0.988995,1
T_0000052836,0,0.141802,0
T_0000052843,0,0.060711,0
T_0000052883,0,0.017252,0
T_0000052889,0,0.007062,0
T_0000052906,0,0.021964,0
T_0000052908,1,0.987395,1
T_0000052987,1,0.978729,1
T_0000053000,1,0.989050,1
T_0000053018,1,0.967783,1
T_0000053023,0,0.083833,0
T_0000053028,0,0.072028,0
T_0000053046,1,0.990993,1
T_0000053074,1,0.968040,1
T_0000053094,1,0.947610,1
T_0000053105,1,0.994897,1
T_0000053139,0,0.059792,0
T_0000053163,1,0.982759,1
T_0000053169,1,0.984329,1
T_0000053175,1,0.926708,1
T_0000053242,1,0.990016,1
T_0000053244,1,0.947466,1
T_0000053270,1,0.965764,1
T_0000053287,0,0.015708,0
T_0000053326,1,0.951781,1
T_0000053363,1,0.986920,1
T_0000053400,1,0.999008,1
T_0000053407,1,0.998843,1
T_0000053416,1,0.986884,1
T_0000053500,1,0.966037,1
T_0000053503,0,0.093763,0
T_0000053507,0,0.036625,0
T_0000053514,1,0.071325,0
T_0000053545,1,0.990822,1
T_0000053586,1,0.993057,1
T_0000053626,1,0.980972,1
T_0000053689,0,0.019231,0
T_0000053722,1,0.998299,1
T_0000053732,1,0.998964,1
T_0000053737,1,0.994363,1
T_0000053812,0,0.107585,0
T_0000053832,0,0.083460,0
T_0000053887,1,0.998236,1
T_0000053901,0,0.058016,0
T_0000053931,1,0.996831,1
T_0000053936,1,0.996761,1
T_0000053941,0,0.024891,0
T_0000053956,1,0.977093,1
T_0000053968,1,0.855835,1
T_0000053980,1,0.086145,0
T_0000053996,0,0.060148,0
T_0000053998,0,0.047771,0
T_0000054024,1,0.081820,0
T_0000054059,0,0.528958,1
T_0000054092,1,0.994833,1
T_0000054095,1,0.971213,1
T_0000054141,1,0.996393,1
T_0000054150,1,0.995995,1
T_0000054157,1,0.944675,1
T_0000054186,1,0.992993,1
T_0000054190,1,0.980999,1
T_0000054200,0,0.025683,0
T_0000054231,1,0.957578,1
T_0000054255,1,0.868817,1
T_0000054273,1,0.982608,1
T_0000054275,1,0.995737,1
T_0000054289,1,0.916094,1
T_0000054296,1,0.968767,1
T_0000054298,0,0.057463,0
T_0000054309,1,0.119899,0
T_0000054311,1,0.994265,1
T_0000054341,1,0.988247,1
T_0000054365,0,0.073838,0
T_0000054391,0,0.105567,0
T_0000054404,0,0.051549,0
T_0000054412,1,0.996407,1
T_0000054446,1,0.945662,1
T_0000054475,1,0.993166,1
T_0000054483,1,0.978522,1
T_0000054500,0,0.034401,0
T_0000054508,1,0.982156,1
T_0000054529,0,0.185445,0
T_0000054533,0,0.031045,0
T_0000054553,0,0.064950,0
T_0000054557,1,0.993167,1
T_0000054582,1,0.582901,1
T_0000054587,0,0.153141,0
T_0000054593,0,0.143138,0
T_0000054598,1,0.969004,1
T_0000054605,0,0.044468,0
T_0000054622,1,0.994511,1
T_0000054705,0,0.366062,1
T_0000054712,0,0.053655,0
T_0000054805,1,0.981266,1
T_0000054820,1,0.992841,1
T_0000054831,1,0.990006,1
T_0000054833,1,0.978541,1
T_0000054843,1,0.886808,1
T_0000054847,0,0.027519,0
T_0000054892,0,0.049437,0
T_0000054900,1,0.994878,1
T_0000054925,0,0.075882,0
T_0000054929,0,0.037538,0
T_0000054944,1,0.982513,1
T_0000054973,0,0.030774,0
T_0000054982,1,0.981187,1
T_0000054983,1,0.899867,1
T_0000054992,1,0.986352,1
T_0000055025,0,0.041431,0
T_0000055038,1,0.118881,0
T_0000055041,1,0.995763,1
T_0000055056,0,0.025243,0
T_0000055060,0,0.052351,0
T_0000055069,1,0.984881,1
T_0000055104,1,0.990030,1
T_0000055130,0,0.019999,0
T_0000055182,1,0.718446,1
T_0000055235,1,0.898299,1
T_0000055260,1,0.988482,1
T_0000055289,0,0.045957,0
T_0000055310,1,0.965963,1
T_0000055325,1,0.112126,0
T_0000055331,1,0.993648,1
T_0000055386,1,0.996637,1
T_0000055392,1,0.981919,1
T_0000055394,0,0.287793,1
T_0000055459,0,0.021281,0
T_0000055462,1,0.085583,0
T_0000055552,0,0.013440,0
T_0000055579,0,0.843299,1
T_0000055584,0,0.014631,0
T_0000055586,0,0.043824,0
T_0000055621,1,0.991257,1
T_0000055625,1,0.991515,1
T_0000055659,1,0.991324,1
T_0000055668,1,0.992692,1
T_0000055669,0,0.011806,0
T_0000055701,0,0.045378,0
T_0000055704,1,0.226291,0
T_0000055705,1,0.661785,1
T_0000055718,1,0.923922,1
T_0000055719,1,0.988138,1
T_0000055727,0,0.021324,0
T_0000055728,0,0.025944,0
T_0000055733,1,0.985202,1
T_0000055772,1,0.957564,1
T_0000055778,0,0.067147,0
T_0000055794,1,0.996063,1
T_0000055802,1,0.972349,1
T_0000055813,1,0.990422,1
T_0000055844,0,0.016622,0
T_0000055865,1,0.987874,1
T_0000055903,1,0.980359,1
T_0000055928,0,0.024299,0
T_0000055931,1,0.986883,1
T_0000055940,1,0.987907,1
T_0000055952,1,0.812701,1
T_0000055953,1,0.980172,1
T_0000055961,1,0.979165,1
T_0000055986,1,0.203795,0
T_0000055992,1,0.986410,1
T_0000056018,1,0.990373,1
T_0000056023,1,0.978979,1
T_0000056025,1,0.992797,1
T_0000056054,0,0.061336,0
T_0000056078,0,0.024067,0
T_0000056091,1,0.371274,1
T_0000056095,1,0.772237,1
T_0000056098,0,0.038375,0
T_0000056104,0,0.012441,0
T_0000056149,1,0.988504,1
T_0000056156,0,0.065483,0
T_0000056183,0,0.080255,0
T_0000056222,1,0.593738,1
T_0000056240,1,0.982832,1
T_0000056259,1,0.986989,1
T_0000056277,1,0.949595,1
T_0000056301,1,0.805144,1
T_0000056335,1,0.939775,1
T_0000056339,1,0.965176,1
T_0000056346,1,0.265711,1
T_0000056348,1,0.994900,1
T_0000056356,0,0.018748,0
T_0000056382,1,0.997638,1
T_0000056401,0,0.049295,0
T_0000056420,0,0.131786,0
T_0000056421,1,0.997333,1
T_0000056428,0,0.233114,0
T_0000056429,1,0.993725,1
T_0000056450,1,0.622129,1
T_0000056504,0,0.060215,0
T_0000056510,1,0.961518,1
T_0000056515,1,0.996118,1
T_0000056516,1,0.940811,1
T_0000056564,1,0.956430,1
T_0000056580,1,0.991249,1
T_0000056588,1,0.817648,1
T_0000056591,1,0.929407,1
T_0000056622,1,0.975076,1
T_0000056661,1,0.991480,1
T_0000056668,0,0.176798,0
T_0000056688,1,0.996675,1
T_0000056704,1,0.989106,1
T_0000056710,1,0.525635,1
T_0000056721,1,0.305882,1
T_0000056730,0,0.429366,1
T_0000056757,1,0.959173,1
T_0000056767,1,0.991649,1
T_0000056769,0,0.029859,0
T_0000056793,1,0.986126,1
T_0000056799,0,0.043160,0
T_0000056832,1,0.988661,1
T_0000056876,1,0.060789,0
T_0000056915,1,0.986276,1
T_0000056926,1,0.995833,1
T_0000056944,1,0.805623,1
T_0000056971,1,0.961374,1
T_0000057038,1,0.931165,1
T_0000057050,1,0.693601,1
T_0000057174,0,0.038987,0
T_0000057176,1,0.988968,1
T_0000057180,1,0.261498,1
T_0000057183,1,0.047704,0
T_0000057247,1,0.990111,1
T_0000057260,0,0.034988,0
T_0000057301,1,0.990371,1
T_0000057319,1,0.997711,1
T_0000057337,1,0.993255,1
T_0000057408,1,0.995596,1
T_0000057432,0,0.057555,0
T_0000057439,0,0.249603,1
T_0000057454,0,0.050450,0
T_0000057472,0,0.017579,0
T_0000057506,1,0.977980,1
T_0000057533,0,0.112055,0
T_0000057534,1,0.990972,1
T_0000057560,1,0.997568,1
T_0000057573,1,0.033992,0
T_0000057596,0,0.063263,0
T_0000057626,1,0.940974,1
T_0000057630,1,0.996059,1
T_0000057652,0,0.073528,0
T_0000057654,0,0.014376,0
T_0000057684,1,0.031372,0
T_0000057707,1,0.963004,1
T_0000057740,1,0.999276,1
T_0000057760,1,0.626073,1
T_0000057779,1,0.981505,1
T_0000057793,1,0.711440,1
T_0000057816,0,0.018799,0
T_0000057845,1,0.987812,1
T_0000057865,1,0.982501,1
T_0000057891,1,0.884436,1
T_0000057939,1,0.997175,1
T_0000057952,1,0.997790,1
T_0000057956,0,0.049389,0
T_0000057978,1,0.986825,1
T_0000057984,0,0.048426,0
T_0000058001,1,0.998974,1
T_0000058011,0,0.012093,0
T_0000058095,1,0.889532,1
T_0000058129,1,0.945798,1
T_0000058133,1,0.988350,1
T_0000058146,1,0.983869,1
T_0000058213,1,0.992762,1
T_0000058221,1,0.996968,1
T_0000058250,1,0.978638,1
T_0000058301,1,0.990031,1
T_0000058313,1,0.133153,0
T_0000058339,0,0.018054,0
T_0000058359,0,0.095534,0
T_0000058360,0,0.302135,1
T_0000058409,0,0.058941,0
T_0000058410,1,0.135311,0
T_0000058416,1,0.984644,1
T_0000058424,1,0.995288,1
T_0000058445,1,0.949788,1
T_0000058469,1,0.090347,0
T_0000058470,1,0.813890,1
T_0000058474,0,0.007408,0
T_0000058504,0,0.008495,0
T_0000058549,1,0.787594,1
T_0000058563,1,0.997869,1
T_0000058574,1,0.955661,1
T_0000058576,1,0.994489,1
T_0000058581,1,0.999564,1
T_0000058587,1,0.990760,1
T_0000058594,1,0.996127,1
T_0000058604,0,0.069640,0
T_0000058682,0,0.069144,0
T_0000058685,1,0.986108,1
T_0000058695,0,0.012964,0
T_0000058767,1,0.944591,1
T_0000058772,1,0.989217,1
T_0000058778,0,0.084991,0
T_0000058806,1,0.996213,1
T_0000058822,1,0.996181,1
T_0000058865,1,0.970340,1
T_0000058896,0,0.063377,0
T_0000058898,1,0.379559,1
T_0000058901,1,0.995293,1
T_0000058916,0,0.052946,0
T_0000058949,0,0.040894,0
T_0000058992,1,0.999066,1
T_0000059003,1,0.991187,1
T_0000059005,1,0.677433,1
T_0000059039,1,0.998330,1
T_0000059049,1,0.990944,1
T_0000059072,1,0.781237,1
T_0000059113,1,0.778693,1
T_0000059118,1,0.660740,1
T_0000059180,1,0.895500,1
T_0000059193,0,0.012781,0
T_0000059212,1,0.989993,1
T_0000059214,1,0.277456,1
T_0000059217,1,0.998638,1
T_0000059296,1,0.965370,1
T_0000059311,0,0.015958,0
T_0000059320,1,0.988089,1
T_0000059327,1,0.889756,1
T_0000059339,0,0.095679,0
T_0000059342,1,0.982188,1
T_0000059397,1,0.660426,1
T_0000059403,0,0.160023,0
T_0000059451,1,0.980021,1
T_0000059490,0,0.023636,0
T_0000059496,1,0.990187,1
T_0000059522,1,0.884952,1
T_0000059531,1,0.037293,0
T_0000059537,1,0.975827,1
T_0000059538,1,0.896017,1
T_0000059574,1,0.975645,1
T_0000059580,1,0.964322,1
T_0000059591,0,0.176038,0
T_0000059593,1,0.992860,1
T_0000059595,1,0.124109,0
T_0000059658,1,0.991219,1
T_0000059711,1,0.994244,1
T_0000059721,1,0.998771,1
T_0000059761,1,0.192643,0
T_0000059785,0,0.058211,0
T_0000059821,1,0.905262,1
T_0000059824,0,0.071900,0
T_0000059868,1,0.986708,1
T_0000059930,0,0.021908,0
T_0000059948,1,0.371802,1
T_0000059969,1,0.957542,1
T_0000060072,0,0.018296,0
T_0000060134,1,0.998021,1
T_0000060139,0,0.031710,0
T_0000060146,1,0.973885,1
T_0000060210,0,0.041418,0
T_0000060219,0,0.032695,0
T_0000060229,1,0.963610,1
T_0000060269,1,0.956208,1
T_0000060323,0,0.065962,0
T_0000060351,1,0.794562,1
T_0000060390,1,0.987509,1
T_0000060394,1,0.888481,1
T_0000060411,0,0.022700,0
T_0000060428,1,0.970635,1
T_0000060442,0,0.074598,0
T_0000060462,0,0.013628,0
T_0000060512,1,0.942366,1
T_0000060532,0,0.350284,1
T_0000060547,0,0.032696,0
T_0000060550,0,0.049225,0
T_0000060557,0,0.032876,0
T_0000060573,1,0.995972,1
T_0000060599,1,0.983735,1
T_0000060618,1,0.990893,1
T_0000060624,1,0.987768,1
T_0000060633,1,0.993649,1
T_0000060652,1,0.932481,1
T_0000060715,0,0.046404,0
T_0000060745,1,0.996598,1
T_0000060756,1,0.976776,1
T_0000060759,1,0.993593,1
T_0000060771,1,0.998202,1
T_0000060773,0,0.019535,0
T_0000060775,1,0.914400,1
T_0000060781,1,0.983887,1
T_0000060787,1,0.062310,0
T_0000060807,1,0.958827,1
T_0000060821,1,0.921195,1
T_0000060834,1,0.674221,1
T_0000060854,0,0.089771,0
T_0000060861,1,0.989282,1
T_0000060895,1,0.975426,1
T_0000060913,0,0.113119,0
T_0000060925,1,0.996841,1
T_0000060962,0,0.050984,0
T_0000060979,0,0.021400,0
T_0000061000,1,0.610835,1
T_0000061004,0,0.152601,0
T_0000061012,1,0.569199,1
T_0000061017,1,0.544449,1
T_0000061068,0,0.138010,0
T_0000061087,1,0.216889,0
T_0000061090,1,0.305591,1
T_0000061106,1,0.989163,1
T_0000061125,0,0.118166,0
T_0000061172,0,0.064151,0
T_0000061201,1,0.989466,1
T_0000061203,0,0.135496,0
T_0000061217,0,0.054458,0
T_0000061225,1,0.994030,1
T_0000061270,1,0.828409,1
T_0000061303,1,0.951118,1
T_0000061310,1,0.956934,1
T_0000061330,1,0.999590,1
T_0000061395,1,0.188714,0
T_0000061428,1,0.178196,0
T_0000061442,1,0.745834,1
T_0000061515,1,0.304116,1
T_0000061543,1,0.991978,1
T_0000061548,1,0.861076,1
T_0000061562,1,0.794972,1
T_0000061569,1,0.698703,1
T_0000061596,0,0.090453,0
T_0000061604,0,0.033296,0
T_0000061613,1,0.977557,1
T_0000061619,1,0.991217,1
T_0000061624,1,0.124167,0
T_0000061634,1,0.832671,1
T_0000061646,0,0.013037,0
T_0000061681,1,0.062074,0
T_0000061845,1,0.999174,1
T_0000061872,1,0.983601,1
T_0000061875,0,0.008524,0
T_0000061896,1,0.992198,1
T_0000061906,0,0.041463,0
T_0000061911,1,0.998228,1
T_0000061928,0,0.087287,0
T_0000061966,1,0.985360,1
T_0000062007,0,0.051528,0
T_0000062025,1,0.998048,1
T_0000062087,1,0.079945,0
T_0000062089,1,0.973441,1
T_0000062148,1,0.830196,1
T_0000062158,0,0.160354,0
T_0000062166,0,0.010968,0
T_0000062176,1,0.996909,1
T_0000062237,1,0.110885,0
T_0000062250,0,0.047856,0
T_0000062253,1,0.998147,1
T_0000062327,1,0.966715,1
T_0000062358,0,0.064969,0
T_0000062398,1,0.952771,1
T_0000062427,1,0.249334,1
T_0000062432,1,0.995373,1
T_0000062465,1,0.884703,1
T_0000062489,0,0.041210,0
T_0000062512,1,0.998381,1
T_0000062578,0,0.041069,0
T_0000062592,0,0.066272,0
T_0000062598,1,0.858573,1
T_0000062653,1,0.589841,1
T_0000062686,1,0.689697,1
T_0000062708,1,0.992895,1
T_0000062726,0,0.013582,0
T_0000062732,0,0.040926,0
T_0000062809,0,0.021194,0
T_0000062811,1,0.839261,1
T_0000062822,1,0.992512,1
T_0000062825,1,0.261150,1
T_0000062859,1,0.977095,1
T_0000062865,1,0.996753,1
T_0000062883,0,0.162166,0
T_0000062949,1,0.402170,1
T_0000062965,1,0.933907,1
T_0000062971,1,0.979318,1
T_0000062975,0,0.015233,0
T_0000062978,1,0.920138,1
T_0000063010,0,0.241538,0
T_0000063049,1,0.944291,1
T_0000063054,0,0.055183,0
T_0000063063,1,0.980323,1
T_0000063110,1,0.993746,1
T_0000063162,1,0.347040,1
T_0000063164,1,0.993577,1
T_0000063187,0,0.016593,0
T_0000063188,0,0.055812,0
T_0000063316,1,0.776995,1
T_0000063318,1,0.997740,1
T_0000063344,0,0.090309,0
T_0000063351,1,0.996092,1
T_0000063354,1,0.509684,1
T_0000063381,1,0.834759,1
T_0000063409,1,0.976670,1
T_0000063485,0,0.019295,0
T_0000063488,0,0.079523,0
T_0000063523,0,0.126251,0
T_0000063589,0,0.084850,0
T_0000063606,0,0.120459,0
T_0000063623,1,0.987091,1
T_0000063649,0,0.073829,0
T_0000063653,1,0.101015,0
T_0000063681,1,0.991039,1
T_0000063719,1,0.240668,0
T_0000063720,1,0.404858,1
T_0000063723,1,0.993793,1
T_0000063743,1,0.934156,1
T_0000063756,0,0.009684,0
T_0000063765,0,0.193358,0
T_0000063777,1,0.061484,0
T_0000063783,0,0.122389,0
T_0000063796,1,0.993422,1
T_0000063802,0,0.069806,0
T_0000063825,0,0.044626,0
T_0000063832,1,0.885970,1
T_0000063844,0,0.003071,0
T_0000063845,0,0.021827,0
T_0000063866,0,0.014820,0
T_0000063871,0,0.021309,0
T_0000063882,1,0.990153,1
T_0000063901,0,0.039637,0
T_0000063950,1,0.889148,1
T_0000063996,1,0.059015,0
T_0000064004,0,0.149625,0
T_0000064021,1,0.053678,0
T_0000064052,0,0.091964,0
T_0000064079,0,0.025294,0
T_0000064120,1,0.996670,1
T_0000064124,1,0.995953,1
T_0000064177,0,0.096545,0
T_0000064183,0,0.067712,0
T_0000064215,0,0.011130,0
T_0000064232,0,0.012712,0
T_0000064256,1,0.987264,1
T_0000064264,0,0.026635,0
T_0000064284,1,0.999262,1
T_0000064311,0,0.053853,0
T_0000064313,1,0.234410,0
T_0000064317,1,0.948268,1
T_0000064326,1,0.313281,1
T_0000064331,1,0.948376,1
T_0000064342,0,0.096236,0
T_0000064359,1,0.989665,1
T_0000064380,1,0.713976,1
T_0000064394,1,0.986148,1
T_0000064411,1,0.989030,1
T_0000064426,1,0.074896,0
T_0000064428,1,0.063239,0
T_0000064462,1,0.988847,1
T_0000064470,1,0.998153,1
T_0000064496,1,0.980722,1
T_0000064497,1,0.963938,1
T_0000064534,0,0.152263,0
T_0000064556,0,0.141409,0
T_0000064595,1,0.975235,1
T_0000064612,1,0.991431,1
T_0000064615,1,0.993372,1
T_0000064638,1,0.778734,1
T_0000064640,1,0.903269,1
T_0000064676,1,0.150052,0
T_0000064688,0,0.088139,0
T_0000064697,1,0.957650,1
T_0000064705,0,0.077439,0
T_0000064711,1,0.648707,1
T_0000064727,1,0.993030,1
T_0000064733,0,0.194172,0
T_0000064781,0,0.012189,0
T_0000064799,1,0.959317,1
T_0000064810,0,0.031140,0
T_0000064831,1,0.962296,1
T_0000064853,0,0.199717,0
T_0000064893,1,0.961092,1
T_0000064905,1,0.222383,0
T_0000064907,1,0.986806,1
T_0000064924,0,0.074120,0
T_0000064959,1,0.992963,1
T_0000064975,1,0.991038,1
T_0000064985,1,0.937258,1
T_0000064998,1,0.988238,1
T_0000065031,1,0.904984,1
T_0000065041,0,0.012007,0
T_0000065077,1,0.997462,1
T_0000065095,1,0.815189,1
T_0000065105,1,0.986583,1
T_0000065138,0,0.090071,0
T_0000065149,0,0.033372,0
T_0000065237,0,0.100051,0
T_0000065266,1,0.663089,1
T_0000065277,0,0.019479,0
T_0000065395,0,0.076856,0
T_0000065396,1,0.998672,1
T_0000065458,1,0.914506,1
T_0000065469,0,0.017046,0
T_0000065524,1,0.988338,1
T_0000065556,0,0.132279,0
T_0000065573,1,0.152860,0
T_0000065578,1,0.935000,1
T_0000065581,1,0.945214,1
T_0000065587,1,0.767554,1
T_0000065601,1,0.981773,1
T_0000065641,0,0.076242,0
T_0000065659,0,0.030956,0
T_0000065681,1,0.988279,1
T_0000065700,1,0.777916,1
T_0000065713,0,0.075827,0
T_0000065718,1,0.057661,0
T_0000065743,1,0.995874,1
T_0000065745,1,0.992677,1
T_0000065764,1,0.994690,1
T_0000065794,0,0.013011,0
T_0000065814,1,0.970931,1
T_0000065843,1,0.863423,1
T_0000065844,1,0.930506,1
T_0000065876,0,0.015360,0
T_0000065906,0,0.166446,0
T_0000065958,0,0.108019,0
T_0000065989,1,0.962856,1
T_0000065990,0,0.033034,0
T_0000065992,1,0.983500,1
T_0000066038,1,0.993528,1
T_0000066090,1,0.923219,1
T_0000066122,0,0.034484,0
T_0000066126,1,0.998966,1
T_0000066183,1,0.062456,0
T_0000066197,1,0.897722,1
T_0000066199,1,0.992271,1
T_0000066219,1,0.994559,1
T_0000066227,1,0.992701,1
T_0000066229,1,0.989304,1
T_0000066240,1,0.988043,1
T_0000066344,0,0.061500,0
T_0000066362,1,0.418500,1
T_0000066367,0,0.057571,0
T_0000066416,1,0.924019,1
T_0000066429,1,0.973848,1
T_0000066433,1,0.950398,1
T_0000066438,0,0.093017,0
T_0000066448,1,0.984070,1
T_0000066460,0,0.039381,0
T_0000066492,0,0.177569,0
T_0000066496,1,0.999268,1
T_0000066508,1,0.962180,1
T_0000066520,1,0.988860,1
T_0000066525,1,0.994149,1
T_0000066589,1,0.250050,1
T_0000066622,1,0.997935,1
T_0000066640,0,0.232731,0
T_0000066696,1,0.969371,1
T_0000066848,1,0.995280,1
T_0000066856,1,0.996522,1
T_0000066879,0,0.022080,0
T_0000066917,1,0.998567,1
T_0000066929,0,0.046188,0
T_0000066930,0,0.020752,0
T_0000066954,1,0.995074,1
T_0000066978,0,0.071884,0
T_0000066990,1,0.996435,1
T_0000067002,1,0.994809,1
T_0000067133,0,0.016707,0
T_0000067139,0,0.061091,0
T_0000067145,1,0.992478,1
T_0000067174,1,0.896423,1
T_0000067179,1,0.989800,1
T_0000067197,1,0.996510,1
T_0000067214,1,0.985955,1
T_0000067229,1,0.979770,1
T_0000067244,0,0.107416,0
T_0000067266,1,0.984869,1
T_0000067330,1,0.959173,1
T_0000067332,1,0.989039,1
T_0000067377,0,0.015966,0
T_0000067395,1,0.998607,1
T_0000067454,1,0.486663,1
T_0000067473,0,0.050864,0
T_0000067484,0,0.015725,0
T_0000067492,1,0.987948,1
T_0000067496,0,0.051524,0
T_0000067503,0,0.101740,0
T_0000067539,0,0.071468,0
T_0000067567,0,0.010984,0
T_0000067571,0,0.316286,1
T_0000067575,0,0.086798,0
T_0000067606,0,0.060023,0
T_0000067618,1,0.626845,1
T_0000067623,1,0.730489,1
T_0000067640,0,0.042825,0
T_0000067651,1,0.981443,1
T_0000067658,1,0.965868,1
T_0000067674,1,0.978474,1
T_0000067718,1,0.985812,1
T_0000067734,1,0.994729,1
T_0000067736,1,0.993757,1
T_0000067768,1,0.997498,1
T_0000067817,0,0.055284,0
T_0000067837,1,0.950946,1
T_0000067850,1,0.998815,1
T_0000067901,1,0.991531,1
T_0000067918,1,0.994915,1
T_0000067964,0,0.112516,0
T_0000067998,0,0.074511,0
T_0000068047,1,0.941456,1
T_0000068083,0,0.019638,0
T_0000068086,1,0.991367,1
T_0000068098,1,0.996178,1
T_0000068109,0,0.103888,0
T_0000068127,1,0.985979,1
T_0000068150,1,0.989854,1
T_0000068249,1,0.300153,1
T_0000068279,1,0.826331,1
T_0000068301,1,0.313652,1
T_0000068304,1,0.144605,0
T_0000068306,0,0.477912,1
T_0000068341,1,0.197316,0
T_0000068349,0,0.069729,0
T_0000068360,0,0.359147,1
T_0000068382,1,0.992273,1
T_0000068401,1,0.930341,1
T_0000068405,1,0.812322,1
T_0000068479,1,0.997648,1
T_0000068497,1,0.301926,1
T_0000068508,1,0.990783,1
T_0000068527,1,0.100228,0
T_0000068529,0,0.012904,0
T_0000068544,1,0.985802,1
T_0000068563,1,0.992245,1
T_0000068585,1,0.122058,0
T_0000068592,0,0.016496,0
T_0000068612,1,0.998715,1
T_0000068626,0,0.113208,0
T_0000068648,1,0.977572,1
T_0000068773,1,0.605832,1
T_0000068781,0,0.067810,0
T_0000068796,1,0.107044,0
T_0000068806,1,0.992199,1
T_0000068823,1,0.978498,1
T_0000068872,1,0.947271,1
T_0000068885,1,0.997451,1
T_0000068898,1,0.968647,1
T_0000068899,1,0.995774,1
T_0000068910,0,0.078363,0
T_0000068922,0,0.064249,0
T_0000068965,1,0.335465,1
T_0000068983,0,0.018244,0
T_0000069019,1,0.995692,1
T_0000069052,1,0.752806,1
T_0000069117,1,0.996890,1
T_0000069133,0,0.022453,0
T_0000069162,1,0.957156,1
T_0000069191,0,0.013668,0
T_0000069226,1,0.988617,1
T_0000069239,0,0.022276,0
T_0000069257,1,0.941958,1
T_0000069269,1,0.906741,1
T_0000069277,1,0.994728,1
T_0000069300,0,0.134767,0
T_0000069305,1,0.499400,1
T_0000069321,1,0.981500,1
T_0000069353,1,0.996991,1
T_0000069380,0,0.106443,0
T_0000069446,1,0.903656,1
T_0000069515,1,0.991898,1
T_0000069550,1,0.099217,0
T_0000069554,1,0.764626,1
T_0000069574,0,0.026316,0
T_0000069586,0,0.065696,0
T_0000069600,1,0.991286,1
T_0000069631,0,0.045396,0
T_0000069647,1,0.037703,0
T_0000069689,0,0.053926,0
T_0000069693,1,0.815089,1
T_0000069712,0,0.049882,0
T_0000069744,0,0.045897,0
T_0000069769,1,0.995321,1
T_0000069820,1,0.970764,1
T_0000069840,0,0.062376,0
T_0000069903,0,0.118682,0
T_0000069921,1,0.949666,1
T_0000069922,1,0.871611,1
T_0000069936,1,0.868354,1
T_0000069970,0,0.021737,0
T_0000069983,0,0.007327,0
T_0000070005,0,0.020810,0
T_0000070039,0,0.014528,0
T_0000070091,0,0.090863,0
T_0000070101,1,0.991495,1
T_0000070105,1,0.996675,1
T_0000070106,1,0.873879,1
T_0000070119,0,0.087911,0
T_0000070122,1,0.963781,1
T_0000070126,0,0.060115,0
T_0000070127,1,0.992749,1
T_0000070160,1,0.993061,1
T_0000070186,1,0.998902,1
T_0000070226,1,0.996935,1
T_0000070272,1,0.050469,0
T_0000070284,0,0.017385,0
T_0000070290,1,0.974116,1
T_0000070316,1,0.993920,1
T_0000070322,0,0.093470,0
T_0000070329,0,0.034465,0
T_0000070336,1,0.449158,1
T_0000070343,1,0.993991,1
T_0000070365,1,0.983633,1
T_0000070407,0,0.140667,0
T_0000070460,0,0.072881,0
T_0000070466,0,0.034725,0
T_0000070495,1,0.995788,1
T_0000070515,1,0.922491,1
T_0000070521,0,0.141328,0
T_0000070526,1,0.984965,1
T_0000070532,1,0.927852,1
T_0000070550,1,0.956799,1
T_0000070570,1,0.653294,1
T_0000070571,1,0.995498,1
T_0000070596,1,0.851546,1
T_0000070600,1,0.971271,1
T_0000070648,0,0.094876,0
T_0000070670,0,0.018578,0
T_0000070678,1,0.995879,1
T_0000070687,1,0.989074,1
T_0000070697,1,0.998135,1
T_0000070699,1,0.977839,1
T_0000070714,1,0.816444,1
T_0000070728,1,0.990370,1
T_0000070732,1,0.947441,1
T_0000070738,1,0.163979,0
T_0000070747,1,0.995526,1
T_0000070785,0,0.061909,0
T_0000070786,1,0.965779,1
T_0000070795,1,0.990136,1
T_0000070798,1,0.992689,1
T_0000070813,0,0.029039,0
T_0000070820,1,0.806890,1
T_0000070823,1,0.986385,1
T_0000070848,1,0.997003,1
T_0000070852,1,0.897558,1
T_0000070884,0,0.005146,0
T_0000070892,1,0.421257,1
T_0000070941,1,0.145587,0
T_0000070964,0,0.025709,0
T_0000071003,1,0.852290,1
T_0000071007,0,0.055712,0
T_0000071059,0,0.062259,0
T_0000071060,0,0.028503,0
T_0000071088,1,0.614164,1
T_0000071098,0,0.028815,0
T_0000071111,1,0.971258,1
T_0000071149,0,0.087498,0
T_0000071197,0,0.060876,0
T_0000071215,1,0.961401,1
T_0000071227,0,0.100149,0
T_0000071240,1,0.967193,1
T_0000071241,1,0.990102,1
T_0000071271,0,0.031536,0
T_0000071296,1,0.990200,1
T_0000071310,0,0.078219,0
T_0000071327,1,0.991820,1
T_0000071328,1,0.994329,1
T_0000071385,1,0.899069,1
T_0000071387,0,0.030167,0
T_0000071407,1,0.964241,1
T_0000071410,1,0.993058,1
T_0000071443,1,0.982642,1
T_0000071460,1,0.993957,1
T_0000071481,1,0.811657,1
T_0000071554,0,0.023084,0
T_0000071566,1,0.953127,1
T_0000071598,0,0.019026,0
T_0000071599,1,0.749192,1
T_0000071645,0,0.111171,0
T_0000071659,0,0.044591,0
T_0000071684,0,0.024137,0
T_0000071694,1,0.993089,1
T_0000071731,0,0.024334,0
T_0000071745,0,0.052781,0
T_0000071765,1,0.108108,0
T_0000071770,0,0.025530,0
T_0000071792,1,0.997802,1
T_0000071841,1,0.916588,1
T_0000071861,0,0.040462,0
T_0000071870,1,0.931365,1
T_0000071908,1,0.999249,1
T_0000071918,1,0.994137,1
T_0000071921,1,0.996971,1
T_0000071939,1,0.999075,1
T_0000071954,1,0.055251,0
T_0000071985,0,0.136866,0
T_0000072000,1,0.994810,1
T_0000072001,1,0.104711,0
T_0000072012,1,0.966368,1
T_0000072115,0,0.055513,0
T_0000072157,1,0.999106,1
T_0000072158,0,0.137025,0
T_0000072178,1,0.986698,1
T_0000072186,1,0.991644,1
T_0000072194,1,0.990919,1
T_0000072202,1,0.995619,1
T_0000072203,1,0.041176,0
T_0000072215,1,0.995649,1
T_0000072220,0,0.159304,0
T_0000072227,1,0.989292,1
T_0000072248,1,0.994347,1
T_0000072253,1,0.987106,1
T_0000072300,1,0.994571,1
T_0000072310,1,0.995788,1
T_0000072315,1,0.522386,1
T_0000072337,1,0.981162,1
T_0000072372,0,0.027079,0
T_0000072395,1,0.989231,1
T_0000072412,0,0.180575,0
T_0000072442,1,0.930042,1
T_0000072449,0,0.163256,0
T_0000072471,1,0.964591,1
T_0000072497,1,0.999556,1
T_0000072511,1,0.982891,1
T_0000072526,1,0.963367,1
T_0000072663,1,0.997068,1
T_0000072669,0,0.019908,0
T_0000072674,1,0.985573,1
T_0000072744,1,0.976387,1
T_0000072759,0,0.025920,0
T_0000072761,1,0.998491,1
T_0000072764,1,0.998807,1
T_0000072779,1,0.987661,1
T_0000072799,1,0.991065,1
T_0000072806,1,0.949253,1
T_0000072811,0,0.101537,0
T_0000072832,0,0.034716,0
T_0000072843,1,0.997696,1
T_0000072874,0,0.040580,0
T_0000072891,0,0.014427,0
T_0000072900,1,0.989939,1
T_0000072917,1,0.996905,1
T_0000072935,1,0.996115,1
T_0000072955,1,0.952916,1
T_0000072979,0,0.060933,0
T_0000072991,0,0.046981,0
T_0000073026,1,0.055397,0
T_0000073049,0,0.376927,1
T_0000073062,1,0.863077,1
T_0000073121,1,0.167857,0
T_0000073129,1,0.997042,1
T_0000073140,1,0.998191,1
T_0000073159,1,0.472677,1
T_0000073230,1,0.378105,1
T_0000073250,0,0.160555,0
T_0000073256,0,0.025909,0
T_0000073260,0,0.128845,0
T_0000073265,1,0.268770,1
T_0000073271,0,0.094143,0
T_0000073293,0,0.011490,0
T_0000073294,1,0.996574,1
T_0000073333,1,0.989984,1
T_0000073338,0,0.057133,0
T_0000073343,1,0.999161,1
T_0000073365,1,0.972225,1
T_0000073418,1,0.056538,0
T_0000073469,1,0.997728,1
T_0000073493,1,0.988183,1
T_0000073524,0,0.029487,0
T_0000073527,0,0.082018,0
T_0000073578,0,0.041906,0
T_0000073629,0,0.061658,0
T_0000073647,1,0.981686,1
T_0000073658,0,0.109494,0
T_0000073688,1,0.988801,1
T_0000073710,0,0.155153,0
T_0000073716,1,0.996146,1
T_0000073726,1,0.887749,1
T_0000073803,0,0.083572,0
T_0000073815,1,0.975191,1
T_0000073819,0,0.027608,0
T_0000073853,0,0.034787,0
T_0000073871,0,0.162898,0
T_0000073908,0,0.061452,0
T_0000073912,1,0.993382,1
T_0000073968,0,0.043395,0
T_0000074027,1,0.989528,1
T_0000074067,1,0.532992,1
T_0000074085,0,0.064614,0
T_0000074111,1,0.956327,1
T_0000074161,1,0.996603,1
T_0000074174,1,0.823847,1
T_0000074179,1,0.994727,1
T_0000074192,1,0.069434,0
T_0000074196,1,0.981096,1
T_0000074237,1,0.975099,1
T_0000074250,0,0.031922,0
T_0000074268,1,0.124876,0
T_0000074272,1,0.973461,1
T_0000074283,0,0.084030,0
T_0000074295,1,0.423020,1
T_0000074308,1,0.935949,1
T_0000074309,1,0.651442,1
T_0000074310,0,0.026758,0
T_0000074333,1,0.155269,0
T_0000074337,1,0.997298,1
T_0000074346,0,0.142315,0
T_0000074351,1,0.989367,1
T_0000074378,1,0.999483,1
T_0000074379,0,0.006358,0
T_0000074387,0,0.211606,0
T_0000074390,0,0.017041,0
T_0000074392,1,0.989569,1
T_0000074393,1,0.985630,1
T_0000074397,1,0.963504,1
T_0000074424,1,0.980781,1
T_0000074426,0,0.022765,0
T_0000074460,1,0.977816,1
T_0000074532,0,0.016612,0
T_0000074606,0,0.141579,0
T_0000074674,1,0.854716,1
T_0000074677,1,0.111196,0
T_0000074685,1,0.955330,1
T_0000074691,1,0.990737,1
T_0000074725,1,0.999138,1
T_0000074763,0,0.054171,0
T_0000074769,0,0.035526,0
T_0000074801,1,0.242530,0
T_0000074803,0,0.075669,0
T_0000074848,1,0.451028,1
T_0000074852,0,0.025005,0
T_0000074855,1,0.994102,1
T_0000074872,0,0.066222,0
T_0000074873,0,0.035111,0
T_0000074890,0,0.223781,0
T_0000074921,1,0.999682,1
T_0000074925,1,0.997667,1
T_0000074926,1,0.913128,1
T_0000074933,1,0.999674,1
T_0000074937,1,0.996010,1
T_0000074962,1,0.537343,1
T_0000075007,1,0.998915,1
T_0000075034,1,0.061509,0
T_0000075060,0,0.211961,0
T_0000075061,1,0.866788,1
T_0000075098,1,0.733768,1
T_0000075112,1,0.772634,1
T_0000075171,0,0.021222,0
T_0000075205,0,0.058180,0
T_0000075229,1,0.986033,1
T_0000075237,1,0.052861,0
T_0000075254,0,0.027730,0
T_0000075260,0,0.075417,0
T_0000075283,0,0.052507,0
T_0000075286,1,0.989299,1
T_0000075319,1,0.992324,1
T_0000075334,1,0.312880,1
T_0000075343,1,0.995328,1
T_0000075352,1,0.990650,1
T_0000075357,0,0.035385,0
T_0000075361,1,0.998885,1
T_0000075380,0,0.026075,0
T_0000075392,1,0.994225,1
T_0000075401,1,0.432758,1
T_0000075402,1,0.704746,1
T_0000075426,1,0.999054,1
T_0000075439,0,0.050975,0
T_0000075479,0,0.049543,0
T_0000075523,1,0.993670,1
T_0000075556,0,0.017529,0
T_0000075566,0,0.041127,0
T_0000075581,0,0.022166,0
T_0000075584,1,0.967494,1
T_0000075589,0,0.047066,0
T_0000075626,1,0.999509,1
T_0000075659,0,0.048085,0
T_0000075699,1,0.988771,1
T_0000075709,1,0.978157,1
T_0000075713,1,0.980515,1
T_0000075720,1,0.987062,1
T_0000075721,1,0.796207,1
T_0000075726,1,0.995949,1
T_0000075746,0,0.042580,0
T_0000075779,0,0.068690,0
T_0000075822,1,0.961432,1
T_0000075869,1,0.453821,1
T_0000075879,0,0.053827,0
T_0000075894,1,0.932866,1
T_0000075898,1,0.989404,1
T_0000075910,0,0.024736,0
T_0000076008,0,0.087521,0
T_0000076012,0,0.046565,0
T_0000076020,0,0.064100,0
T_0000076046,0,0.022226,0
T_0000076065,1,0.058119,0
T_0000076084,0,0.108587,0
T_0000076088,1,0.872597,1
T_0000076108,0,0.139325,0
T_0000076140,0,0.066019,0
T_0000076147,1,0.996155,1
T_0000076159,1,0.978619,1
T_0000076174,1,0.952136,1
T_0000076178,0,0.037815,0
T_0000076179,1,0.992635,1
T_0000076199,1,0.977036,1
T_0000076216,0,0.056324,0
T_0000076241,0,0.870854,1
T_0000076293,0,0.002250,0
T_0000076320,1,0.124675,0
T_0000076354,1,0.978881,1
T_0000076405,0,0.070453,0
T_0000076413,1,0.982614,1
T_0000076422,1,0.912026,1
T_0000076453,1,0.987661,1
T_0000076536,1,0.961006,1
T_0000076539,1,0.947756,1
T_0000076558,1,0.924026,1
T_0000076566,1,0.984104,1
T_0000076573,1,0.963826,1
T_0000076574,1,0.979587,1
T_0000076577,0,0.044468,0
T_0000076580,1,0.983546,1
T_0000076596,1,0.655979,1
T_0000076603,0,0.050410,0
T_0000076636,1,0.980547,1
T_0000076677,0,0.137376,0
T_0000076742,1,0.993496,1
T_0000076809,1,0.994799,1
T_0000076816,1,0.992454,1
T_0000076868,1,0.997533,1
T_0000076929,1,0.974641,1
T_0000077027,0,0.048197,0
T_0000077061,1,0.992246,1
T_0000077088,1,0.937288,1
T_0000077138,0,0.077868,0
T_0000077157,1,0.996923,1
T_0000077186,0,0.112124,0
T_0000077190,1,0.992850,1
T_0000077219,0,0.027167,0
T_0000077220,1,0.995487,1
T_0000077226,1,0.969093,1
T_0000077228,1,0.993349,1
T_0000077230,1,0.991781,1
T_0000077232,0,0.041912,0
T_0000077234,0,0.156996,0
T_0000077249,1,0.992141,1
T_0000077265,1,0.995548,1
T_0000077269,1,0.989781,1
T_0000077287,0,0.006670,0
T_0000077385,0,0.007046,0
T_0000077391,1,0.995086,1
T_0000077394,0,0.034553,0
T_0000077410,0,0.017031,0
T_0000077441,1,0.992668,1
T_0000077453,1,0.993161,1
T_0000077497,1,0.992734,1
T_0000077500,0,0.074084,0
T_0000077522,0,0.092393,0
T_0000077553,1,0.992668,1
T_0000077612,1,0.996221,1
T_0000077616,1,0.996207,1
T_0000077617,1,0.994868,1
T_0000077656,1,0.086044,0
T_0000077675,0,0.123839,0
T_0000077702,0,0.135232,0
T_0000077724,0,0.120742,0
T_0000077730,0,0.027920,0
T_0000077757,1,0.998317,1
T_0000077782,0,0.060133,0
T_0000077792,1,0.851415,1
T_0000077863,1,0.992127,1
T_0000077902,0,0.032591,0
T_0000077960,1,0.954026,1
T_0000077985,1,0.890236,1
T_0000077987,1,0.797735,1
T_0000078027,1,0.984109,1
T_0000078028,1,0.456555,1
T_0000078041,1,0.990092,1
T_0000078060,1,0.998466,1
T_0000078071,1,0.071860,0
T_0000078080,1,0.995990,1
T_0000078113,1,0.990193,1
T_0000078148,0,0.244003,0
T_0000078202,1,0.151048,0
T_0000078214,1,0.982849,1
T_0000078265,0,0.022230,0
T_0000078312,1,0.978785,1
T_0000078328,1,0.986287,1
T_0000078337,0,0.054319,0
T_0000078350,0,0.064194,0
T_0000078370,1,0.901420,1
T_0000078374,0,0.024372,0
T_0000078376,1,0.982275,1
T_0000078391,1,0.997636,1
T_0000078393,0,0.036003,0
T_0000078419,0,0.049503,0
T_0000078429,1,0.931839,1
T_0000078502,0,0.033606,0
T_0000078559,0,0.031065,0
T_0000078570,1,0.557086,1
T_0000078608,0,0.001900,0
T_0000078631,0,0.136937,0
T_0000078635,1,0.997598,1
T_0000078649,1,0.085017,0
T_0000078660,1,0.995073,1
T_0000078702,1,0.736746,1
T_0000078713,1,0.941866,1
T_0000078715,1,0.994859,1
T_0000078724,0,0.197204,0
T_0000078755,1,0.996917,1
T_0000078775,1,0.975826,1
T_0000078830,1,0.977741,1
T_0000078885,0,0.025576,0
T_0000078889,1,0.998256,1
T_0000078913,0,0.048210,0
T_0000078923,0,0.032708,0
T_0000079075,0,0.010644,0
T_0000079076,1,0.961025,1
T_0000079109,1,0.971495,1
T_0000079119,1,0.995947,1
T_0000079143,1,0.996601,1
T_0000079164,1,0.071040,0
T_0000079181,1,0.748690,1
T_0000079199,1,0.632254,1
T_0000079285,0,0.030740,0
T_0000079395,0,0.233108,0
T_0000079405,0,0.054697,0
T_0000079407,1,0.992191,1
T_0000079425,0,0.052150,0
T_0000079471,0,0.063886,0
T_0000079535,1,0.971722,1
T_0000079542,0,0.027387,0
T_0000079570,1,0.995626,1
T_0000079587,1,0.992237,1
T_0000079656,0,0.030483,0
T_0000079704,1,0.996342,1
T_0000079748,0,0.042850,0
T_0000079766,1,0.991406,1
T_0000079806,1,0.993740,1
T_0000079854,1,0.990538,1
T_0000079893,1,0.998863,1
T_0000079920,1,0.994335,1
T_0000079970,1,0.985633,1
T_0000079984,1,0.991267,1
T_0000080037,1,0.999077,1
T_0000080105,1,0.994127,1
T_0000080106,0,0.124344,0
T_0000080134,1,0.995013,1
T_0000080165,1,0.997873,1
T_0000080167,1,0.958935,1
T_0000080188,0,0.046422,0
T_0000080212,1,0.992357,1
T_0000080221,0,0.041957,0
T_0000080268,0,0.067207,0
T_0000080287,0,0.129865,0
T_0000080314,1,0.990129,1
T_0000080342,1,0.995773,1
T_0000080383,1,0.997940,1
T_0000080403,1,0.520400,1
T_0000080421,1,0.919194,1
T_0000080460,0,0.067292,0
T_0000080470,1,0.901812,1
T_0000080486,1,0.066986,0
T_0000080511,1,0.992748,1
T_0000080520,0,0.037287,0
T_0000080522,1,0.982614,1
T_0000080567,1,0.978056,1
T_0000080601,1,0.972045,1
T_0000080653,1,0.110512,0
T_0000080664,0,0.134292,0
T_0000080719,1,0.994679,1
T_0000080722,1,0.995003,1
T_0000080752,1,0.698939,1
T_0000080786,1,0.961993,1
T_0000080801,0,0.015937,0
T_0000080835,1,0.979878,1
T_0000080869,1,0.973911,1
T_0000080879,0,0.061803,0
T_0000080914,1,0.577451,1
T_0000080966,1,0.991309,1
T_0000080968,0,0.145965,0
T_0000080970,1,0.116829,0
T_0000080994,0,0.024503,0
T_0000081022,1,0.988570,1
T_0000081029,1,0.990294,1
T_0000081109,1,0.935337,1
T_0000081128,1,0.088429,0
T_0000081137,1,0.999066,1
T_0000081225,1,0.989251,1
T_0000081238,1,0.990697,1
T_0000081271,1,0.990040,1
T_0000081289,1,0.976283,1
T_0000081294,1,0.993796,1
T_0000081311,1,0.973213,1
T_0000081315,0,0.036539,0
T_0000081316,1,0.996393,1
T_0000081332,1,0.996665,1
T_0000081334,1,0.913814,1
T_0000081342,1,0.972429,1
T_0000081359,1,0.981925,1
T_0000081415,1,0.716220,1
T_0000081438,1,0.977194,1
T_0000081451,0,0.041658,0
T_0000081456,1,0.965903,1
T_0000081467,1,0.987088,1
T_0000081489,0,0.027798,0
T_0000081507,1,0.835509,1
T_0000081528,1,0.983442,1
T_0000081529,1,0.977947,1
T_0000081554,1,0.947668,1
T_0000081577,1,0.994081,1
T_0000081596,0,0.134148,0
T_0000081606,1,0.998143,1
T_0000081628,0,0.092219,0
T_0000081633,0,0.045358,0
T_0000081665,0,0.078452,0
T_0000081672,1,0.995259,1
T_0000081675,1,0.824822,1
T_0000081680,1,0.997850,1
T_0000081684,1,0.895493,1
T_0000081696,0,0.070239,0
T_0000081700,1,0.985794,1
T_0000081730,0,0.099935,0
T_0000081747,1,0.996872,1
T_0000081753,1,0.994538,1
T_0000081773,0,0.050194,0
T_0000081791,1,0.997579,1
T_0000081876,1,0.994300,1
T_0000081931,1,0.985064,1
T_0000081946,0,0.394854,1
T_0000081995,1,0.989171,1
T_0000081996,1,0.944018,1
T_0000082020,1,0.990482,1
T_0000082030,0,0.023687,0
T_0000082047,1,0.994587,1
T_0000082058,0,0.322846,1
T_0000082070,1,0.995433,1
T_0000082071,0,0.015726,0
T_0000082087,1,0.983740,1
T_0000082098,1,0.989513,1
T_0000082112,1,0.993576,1
T_0000082121,1,0.957761,1
T_0000082131,0,0.011252,0
T_0000082164,1,0.976644,1
T_0000082168,0,0.020689,0
T_0000082199,0,0.026182,0
T_0000082246,1,0.970236,1
T_0000082275,0,0.883698,1
T_0000082289,0,0.030084,0
T_0000082294,1,0.922766,1
T_0000082379,1,0.997523,1
T_0000082380,0,0.080860,0
T_0000082390,1,0.927885,1
T_0000082396,1,0.995143,1
T_0000082425,1,0.989002,1
T_0000082429,1,0.983554,1
T_0000082430,0,0.027054,0
T_0000082461,1,0.995849,1
T_0000082481,0,0.070032,0
T_0000082501,1,0.997136,1
T_0000082577,1,0.989910,1
T_0000082610,1,0.990488,1
T_0000082662,1,0.972105,1
T_0000082697,1,0.970815,1
T_0000082708,1,0.811210,1
T_0000082725,0,0.027404,0
T_0000082734,1,0.889649,1
T_0000082737,0,0.042578,0
T_0000082777,1,0.973591,1
T_0000082894,1,0.990879,1
T_0000082943,0,0.140058,0
T_0000082953,1,0.993613,1
T_0000082963,1,0.981830,1
T_0000083004,1,0.892400,1
T_0000083020,1,0.982936,1
T_0000083044,1,0.988978,1
T_0000083060,1,0.994224,1
T_0000083096,0,0.014866,0
T_0000083102,1,0.995081,1
T_0000083112,1,0.945871,1
T_0000083161,1,0.055841,0
T_0000083201,1,0.990090,1
T_0000083203,1,0.978148,1
T_0000083245,1,0.874645,1
T_0000083302,0,0.171171,0
T_0000083339,0,0.257313,1
T_0000083352,1,0.992422,1
T_0000083368,1,0.066430,0
T_0000083378,0,0.041629,0
T_0000083410,0,0.011113,0
T_0000083417,0,0.092317,0
T_0000083420,1,0.185469,0
T_0000083470,1,0.972348,1
T_0000083475,0,0.007941,0
T_0000083484,0,0.173155,0
T_0000083487,0,0.070423,0
T_0000083511,1,0.688881,1
T_0000083561,1,0.992248,1
T_0000083626,0,0.023059,0
T_0000083653,1,0.968406,1
T_0000083666,0,0.273032,1
T_0000083736,1,0.101630,0
T_0000083814,1,0.893343,1
T_0000083836,0,0.133840,0
T_0000083907,1,0.944231,1
T_0000083927,1,0.199232,0
T_0000083939,1,0.966761,1
T_0000083957,1,0.988748,1
T_0000083965,1,0.746682,1
T_0000083978,1,0.984116,1
T_0000083995,0,0.017053,0
T_0000084017,1,0.998558,1
T_0000084019,1,0.890597,1
T_0000084025,1,0.946511,1
T_0000084085,1,0.991459,1
T_0000084089,1,0.972568,1
T_0000084094,1,0.983507,1
T_0000084116,1,0.392984,1
T_0000084198,1,0.995318,1
T_0000084223,1,0.546236,1
T_0000084229,0,0.009914,0
T_0000084236,1,0.776440,1
T_0000084255,0,0.040675,0
T_0000084256,0,0.105890,0
T_0000084263,1,0.994094,1
T_0000084269,1,0.986864,1
T_0000084272,1,0.979108,1
T_0000084298,1,0.124360,0
T_0000084303,1,0.987257,1
T_0000084384,1,0.913193,1
T_0000084426,0,0.039182,0
T_0000084433,1,0.993411,1
T_0000084477,1,0.979748,1
T_0000084483,0,0.146435,0
T_0000084488,1,0.644021,1
T_0000084533,1,0.904108,1
T_0000084540,1,0.995844,1
T_0000084589,1,0.110938,0
T_0000084608,0,0.028951,0
T_0000084613,1,0.996455,1
T_0000084660,1,0.953549,1
T_0000084661,1,0.989782,1
T_0000084697,1,0.983805,1
T_0000084770,0,0.046648,0
T_0000084780,1,0.987835,1
T_0000084785,1,0.986554,1
T_0000084827,1,0.428110,1
T_0000084861,1,0.812102,1
T_0000084870,1,0.911363,1
T_0000084884,1,0.946946,1
T_0000084894,0,0.064263,0
T_0000084903,0,0.017350,0
T_0000084916,0,0.041111,0
T_0000084919,0,0.010096,0
T_0000084947,1,0.938462,1
T_0000084953,1,0.980100,1
T_0000084980,1,0.402338,1
T_0000084995,1,0.994789,1
T_0000085014,0,0.040841,0
T_0000085043,1,0.995905,1
T_0000085063,0,0.040470,0
T_0000085125,0,0.134344,0
T_0000085135,0,0.015391,0
T_0000085154,1,0.991104,1
T_0000085157,1,0.997570,1
T_0000085182,1,0.101048,0
T_0000085218,1,0.986471,1
T_0000085243,1,0.994982,1
T_0000085276,0,0.022016,0
T_0000085279,1,0.697959,1
T_0000085284,1,0.993928,1
T_0000085312,1,0.997879,1
T_0000085353,0,0.012638,0
T_0000085373,0,0.054990,0
T_0000085387,0,0.062864,0
T_0000085393,0,0.062335,0
T_0000085394,1,0.992092,1
T_0000085405,1,0.999454,1
T_0000085414,1,0.921156,1
T_0000085424,1,0.936484,1
T_0000085440,1,0.910726,1
T_0000085449,1,0.988046,1
T_0000085462,0,0.008523,0
T_0000085464,0,0.033703,0
T_0000085467,1,0.816197,1
T_0000085475,1,0.922814,1
T_0000085524,1,0.717833,1
T_0000085546,0,0.016084,0
T_0000085552,1,0.984306,1
T_0000085608,1,0.996556,1
T_0000085613,1,0.998595,1
T_0000085668,1,0.988754,1
T_0000085689,1,0.986591,1
T_0000085703,0,0.277858,1
T_0000085740,1,0.756189,1
T_0000085742,0,0.114384,0
T_0000085750,1,0.819017,1
T_0000085777,1,0.987320,1
T_0000085783,0,0.015452,0
T_0000085802,0,0.030480,0
T_0000085805,1,0.990314,1
T_0000085822,0,0.036334,0
T_0000085823,1,0.806677,1
T_0000085843,1,0.992674,1
T_0000085858,0,0.036257,0
T_0000085891,0,0.039622,0
T_0000085897,1,0.999127,1
T_0000085902,0,0.021733,0
T_0000085930,0,0.066883,0
T_0000085934,1,0.992092,1
T_0000085941,1,0.992672,1
T_0000085954,1,0.274719,1
T_0000085982,0,0.213264,0
T_0000086074,1,0.137992,0
T_0000086075,0,0.147730,0
T_0000086076,1,0.994862,1
T_0000086083,0,0.049495,0
T_0000086098,0,0.030898,0
T_0000086124,1,0.985176,1
T_0000086153,0,0.074346,0
T_0000086170,0,0.031040,0
T_0000086178,1,0.974497,1
T_0000086182,0,0.063221,0
T_0000086205,0,0.103885,0
T_0000086209,0,0.115097,0
T_0000086224,0,0.003435,0
T_0000086233,0,0.006538,0
T_0000086234,0,0.035985,0
T_0000086238,0,0.099416,0
T_0000086267,0,0.813870,1
T_0000086327,0,0.032998,0
T_0000086335,0,0.088360,0
T_0000086357,1,0.997400,1
T_0000086375,1,0.990328,1
T_0000086379,1,0.855773,1
T_0000086383,0,0.060929,0
T_0000086413,1,0.991900,1
T_0000086420,1,0.993046,1
T_0000086466,0,0.110906,0
T_0000086477,1,0.114131,0
T_0000086510,1,0.961858,1
T_0000086538,1,0.227093,0
T_0000086564,1,0.170660,0
T_0000086582,1,0.933153,1
T_0000086589,1,0.954556,1
T_0000086590,1,0.995033,1
T_0000086602,1,0.993833,1
T_0000086626,1,0.992151,1
T_0000086662,1,0.997111,1
T_0000086668,1,0.773506,1
T_0000086697,1,0.994224,1
T_0000086742,1,0.994547,1
T_0000086748,0,0.003227,0
T_0000086753,1,0.964484,1
T_0000086775,1,0.963176,1
T_0000086833,1,0.473740,1
T_0000086848,1,0.986278,1
T_0000086849,1,0.977939,1
T_0000086854,1,0.133226,0
T_0000086878,1,0.966158,1
T_0000086888,0,0.038864,0
T_0000086908,0,0.035248,0
T_0000086912,1,0.976247,1
T_0000086920,0,0.030726,0
T_0000086941,1,0.907164,1
T_0000086943,1,0.923629,1
T_0000086964,1,0.990764,1
T_0000086984,1,0.992928,1
T_0000086985,1,0.995126,1
T_0000087033,1,0.988714,1
T_0000087162,1,0.992111,1
T_0000087181,0,0.021368,0
T_0000087332,1,0.367469,1
T_0000087359,1,0.990732,1
T_0000087378,1,0.997052,1
T_0000087396,1,0.997981,1
T_0000087438,1,0.984467,1
T_0000087454,1,0.994673,1
T_0000087513,1,0.995004,1
T_0000087532,0,0.045962,0
T_0000087539,1,0.998844,1
T_0000087559,0,0.147696,0
T_0000087576,1,0.993477,1
T_0000087585,1,0.810795,1
T_0000087590,1,0.544780,1
T_0000087620,1,0.806672,1
T_0000087643,1,0.090722,0
T_0000087663,0,0.019159,0
T_0000087670,1,0.045507,0
T_0000087694,1,0.724401,1
T_0000087716,1,0.784224,1
T_0000087742,1,0.491813,1
T_0000087752,1,0.958454,1
T_0000087782,1,0.018982,0
T_0000087798,1,0.859314,1
T_0000087832,1,0.948247,1
T_0000087847,1,0.916235,1
T_0000087862,1,0.951544,1
T_0000087907,1,0.819563,1
T_0000087910,0,0.014101,0
T_0000087932,1,0.885411,1
T_0000087937,0,0.163641,0
T_0000087939,1,0.999694,1
T_0000087983,1,0.905918,1
T_0000087989,1,0.978958,1
T_0000087990,1,0.942492,1
T_0000088008,1,0.993096,1
T_0000088012,1,0.602765,1
T_0000088013,0,0.030320,0
T_0000088032,1,0.990582,1
T_0000088051,0,0.027520,0
T_0000088095,1,0.906473,1
T_0000088097,0,0.085990,0
T_0000088173,1,0.997192,1
T_0000088175,1,0.187812,0
T_0000088181,1,0.970903,1
T_0000088186,0,0.101081,0
T_0000088246,1,0.974750,1
T_0000088271,0,0.034717,0
T_0000088287,1,0.995989,1
T_0000088289,1,0.914074,1
T_0000088322,0,0.051172,0
T_0000088325,1,0.997506,1
T_0000088333,1,0.989987,1
T_0000088371,1,0.415440,1
T_0000088385,0,0.015918,0
T_0000088395,1,0.099084,0
T_0000088415,1,0.978612,1
T_0000088418,1,0.887775,1
T_0000088429,0,0.120590,0
T_0000088436,0,0.023488,0
T_0000088444,1,0.946535,1
T_0000088498,1,0.993975,1
T_0000088508,1,0.427661,1
T_0000088514,1,0.534668,1
T_0000088525,1,0.998560,1
T_0000088530,1,0.985736,1
T_0000088555,0,0.177973,0
T_0000088611,1,0.720218,1
T_0000088616,0,0.031937,0
T_0000088618,0,0.160036,0
T_0000088646,1,0.996725,1
T_0000088674,0,0.071288,0
T_0000088741,1,0.933090,1
T_0000088771,1,0.989184,1
T_0000088794,0,0.048542,0
T_0000088820,0,0.056988,0
T_0000088822,1,0.396047,1
T_0000088828,1,0.996154,1
T_0000088847,1,0.432401,1
T_0000088848,1,0.909464,1
T_0000088861,1,0.962728,1
T_0000088901,1,0.065321,0
T_0000088914,1,0.813031,1
T_0000088928,1,0.997387,1
T_0000088932,1,0.776496,1
T_0000088977,1,0.998816,1
T_0000088979,1,0.993905,1
T_0000088998,1,0.997014,1
T_0000089041,1,0.233752,0
T_0000089062,1,0.935969,1
T_0000089094,1,0.979802,1
T_0000089102,0,0.059704,0
T_0000089143,0,0.029489,0
T_0000089180,1,0.996926,1
T_0000089227,0,0.106056,0
T_0000089243,1,0.992031,1
T_0000089323,0,0.011542,0
T_0000089352,0,0.127215,0
T_0000089376,0,0.061434,0
T_0000089378,0,0.088573,0
T_0000089384,1,0.974786,1
T_0000089387,1,0.302977,1
T_0000089399,1,0.196585,0
T_0000089437,0,0.087281,0
T_0000089443,1,0.935696,1
T_0000089473,1,0.129946,0
T_0000089524,1,0.993084,1
T_0000089541,0,0.108478,0
T_0000089552,0,0.048937,0
T_0000089576,1,0.360578,1
T_0000089649,0,0.068562,0
T_0000089653,0,0.105579,0
T_0000089678,1,0.935763,1
T_0000089710,0,0.027748,0
T_0000089720,1,0.947836,1
T_0000089722,1,0.820948,1
T_0000089728,1,0.994550,1
T_0000089731,1,0.990328,1
T_0000089755,1,0.995333,1
T_0000089783,1,0.190162,0
T_0000089845,1,0.984038,1
T_0000089847,1,0.067248,0
T_0000089864,1,0.981330,1
T_0000089890,1,0.993664,1
T_0000089891,0,0.038480,0
T_0000089918,1,0.401104,1
T_0000089928,1,0.753986,1
T_0000089981,1,0.986358,1
T_0000090000,1,0.106560,0
T_0000090014,1,0.985525,1
T_0000090031,1,0.994552,1
T_0000090054,1,0.883704,1
T_0000090064,1,0.659497,1
T_0000090109,1,0.996798,1
T_0000090142,1,0.991103,1
T_0000090154,0,0.060523,0
T_0000090183,1,0.947711,1
T_0000090192,1,0.611052,1
T_0000090212,1,0.808419,1
T_0000090222,0,0.024508,0
T_0000090238,1,0.988541,1
T_0000090253,1,0.897907,1
T_0000090267,1,0.997851,1
T_0000090273,0,0.180858,0
T_0000090275,1,0.989347,1
T_0000090286,0,0.042298,0
T_0000090335,1,0.984844,1
T_0000090353,1,0.976313,1
T_0000090416,0,0.015934,0
T_0000090425,1,0.991958,1
T_0000090448,1,0.971655,1
T_0000090454,1,0.432373,1
T_0000090477,1,0.074191,0
T_0000090506,0,0.168507,0
T_0000090518,0,0.017861,0
T_0000090533,1,0.961217,1
T_0000090595,1,0.201736,0
T_0000090602,0,0.097885,0
T_0000090605,1,0.996608,1
T_0000090606,0,0.021221,0
T_0000090626,0,0.028171,0
T_0000090632,0,0.071113,0
T_0000090647,0,0.089079,0
T_0000090698,1,0.995417,1
T_0000090720,1,0.902816,1
T_0000090724,1,0.914940,1
T_0000090727,1,0.917808,1
T_0000090751,0,0.057582,0
T_0000090846,0,0.369911,1
T_0000090883,1,0.993849,1
T_0000090913,1,0.155298,0
T_0000090962,1,0.885593,1
T_0000090975,0,0.112246,0
T_0000091027,0,0.092497,0
T_0000091049,0,0.062969,0
T_0000091058,1,0.893799,1
T_0000091096,0,0.076731,0
T_0000091097,0,0.055432,0
T_0000091098,1,0.887154,1
T_0000091100,1,0.934397,1
T_0000091143,1,0.370592,1
T_0000091149,0,0.029575,0
T_0000091188,1,0.987805,1
T_0000091215,1,0.987957,1
T_0000091222,1,0.898595,1
T_0000091230,0,0.025727,0
T_0000091241,0,0.088742,0
T_0000091270,1,0.712409,1
T_0000091277,1,0.977040,1
T_0000091291,1,0.567371,1
T_0000091304,1,0.961542,1
T_0000091374,0,0.013915,0
T_0000091386,1,0.994953,1
T_0000091389,1,0.311086,1
T_0000091402,1,0.922883,1
T_0000091412,1,0.993197,1
T_0000091425,0,0.012032,0
T_0000091429,0,0.018438,0
T_0000091513,1,0.981692,1
T_0000091617,1,0.912701,1
T_0000091635,1,0.901185,1
T_0000091645,1,0.988985,1
T_0000091646,1,0.992255,1
T_0000091661,0,0.022809,0
T_0000091665,1,0.983763,1
T_0000091673,1,0.995677,1
T_0000091695,1,0.175452,0
T_0000091708,1,0.987157,1
T_0000091741,1,0.995009,1
T_0000091756,0,0.142895,0
T_0000091773,1,0.975403,1
T_0000091821,1,0.994347,1
T_0000091848,1,0.962387,1
T_0000091897,1,0.990803,1
T_0000091898,1,0.988937,1
T_0000091921,1,0.922664,1
T_0000091934,1,0.990793,1
T_0000092006,1,0.986337,1
T_0000092082,1,0.987342,1
T_0000092083,1,0.038693,0
T_0000092114,1,0.985690,1
T_0000092115,0,0.017371,0
T_0000092134,0,0.033883,0
T_0000092142,1,0.752764,1
T_0000092176,0,0.032676,0
T_0000092178,0,0.017756,0
T_0000092179,1,0.227801,0
T_0000092181,0,0.079357,0
T_0000092183,1,0.980928,1
T_0000092191,1,0.991802,1
T_0000092198,1,0.921521,1
T_0000092199,0,0.237950,0
T_0000092213,1,0.981799,1
T_0000092233,0,0.031112,0
T_0000092235,1,0.839579,1
T_0000092239,1,0.934075,1
T_0000092251,0,0.037449,0
T_0000092300,1,0.983452,1
T_0000092323,1,0.809303,1
T_0000092326,1,0.990504,1
T_0000092373,1,0.655784,1
T_0000092400,0,0.134968,0
T_0000092411,1,0.973468,1
T_0000092421,0,0.019495,0
T_0000092453,1,0.882581,1
T_0000092460,1,0.991208,1
T_0000092471,0,0.048698,0
T_0000092472,1,0.940446,1
T_0000092539,0,0.015229,0
T_0000092548,1,0.947225,1
T_0000092591,1,0.918574,1
T_0000092595,0,0.207476,0
T_0000092598,1,0.999378,1
T_0000092600,1,0.088199,0
T_0000092652,0,0.036115,0
T_0000092655,1,0.976508,1
T_0000092677,1,0.995022,1
T_0000092728,1,0.768902,1
T_0000092735,0,0.032296,0
T_0000092835,0,0.065395,0
T_0000092841,1,0.900813,1
T_0000092857,1,0.994512,1
T_0000092871,1,0.993878,1
T_0000092886,1,0.991808,1
T_0000092887,0,0.130469,0
T_0000092897,1,0.986316,1
T_0000092905,1,0.881948,1
T_0000092906,1,0.996867,1
T_0000092927,0,0.022383,0
T_0000092930,0,0.044002,0
T_0000092940,1,0.838773,1
T_0000092945,1,0.492736,1
T_0000092992,1,0.995518,1
T_0000093022,1,0.993711,1
T_0000093047,1,0.990797,1
T_0000093069,1,0.983879,1
T_0000093092,1,0.990774,1
T_0000093113,1,0.995218,1
T_0000093128,1,0.215737,0
T_0000093168,1,0.951092,1
T_0000093170,1,0.017934,0
T_0000093178,1,0.997539,1
T_0000093207,1,0.979993,1
T_0000093279,1,0.655101,1
T_0000093298,1,0.990683,1
T_0000093333,0,0.102821,0
T_0000093348,0,0.072140,0
T_0000093358,1,0.992924,1
T_0000093373,1,0.553481,1
T_0000093465,1,0.992252,1
T_0000093478,1,0.133289,0
T_0000093480,0,0.014048,0
T_0000093481,0,0.009824,0
T_0000093498,0,0.036800,0
T_0000093505,1,0.987546,1
T_0000093527,0,0.154191,0
T_0000093539,1,0.999605,1
T_0000093573,0,0.104916,0
T_0000093614,0,0.044699,0
T_0000093627,1,0.534541,1
T_0000093636,1,0.964156,1
T_0000093644,1,0.997174,1
T_0000093678,1,0.972370,1
T_0000093679,1,0.462847,1
T_0000093706,1,0.991049,1
T_0000093707,1,0.437184,1
T_0000093712,0,0.022759,0
T_0000093780,1,0.989358,1
T_0000093825,1,0.988015,1
T_0000093828,1,0.990412,1
T_0000093835,1,0.997673,1
T_0000093854,1,0.998469,1
T_0000093855,1,0.998341,1
T_0000093898,1,0.131179,0
T_0000093906,1,0.996457,1
T_0000093919,1,0.164971,0
T_0000093962,0,0.019234,0
T_0000094010,1,0.996170,1
T_0000094033,1,0.963179,1
T_0000094038,1,0.947314,1
T_0000094042,1,0.183783,0
T_0000094046,0,0.027685,0
T_0000094061,1,0.986924,1
T_0000094064,1,0.981000,1
T_0000094087,0,0.010986,0
T_0000094104,0,0.027318,0
T_0000094114,1,0.979346,1
T_0000094128,0,0.050902,0
T_0000094130,1,0.662134,1
T_0000094180,1,0.998409,1
T_0000094194,1,0.767142,1
T_0000094203,0,0.089841,0
T_0000094222,1,0.974331,1
T_0000094274,1,0.978059,1
T_0000094284,1,0.972173,1
T_0000094296,0,0.051974,0
T_0000094303,1,0.993179,1
T_0000094347,1,0.998676,1
T_0000094348,1,0.964296,1
T_0000094357,1,0.991955,1
T_0000094359,0,0.090630,0
T_0000094390,1,0.785050,1
T_0000094437,1,0.522892,1
T_0000094453,1,0.949983,1
T_0000094468,1,0.976161,1
T_0000094474,1,0.975518,1
T_0000094475,0,0.060812,0
T_0000094478,1,0.998821,1
T_0000094485,1,0.985629,1
T_0000094532,0,0.057183,0
T_0000094541,1,0.996002,1
T_0000094590,1,0.983845,1
T_0000094680,1,0.998485,1
T_0000094688,1,0.147087,0
T_0000094696,0,0.036106,0
T_0000094701,1,0.955541,1
T_0000094722,1,0.985940,1
T_0000094762,0,0.036620,0
T_0000094783,1,0.988069,1
T_0000094818,1,0.986518,1
T_0000094862,1,0.969766,1
T_0000094897,1,0.098095,0
T_0000094909,1,0.997998,1
T_0000094916,1,0.685182,1
T_0000094920,0,0.090325,0
T_0000094929,1,0.998601,1
T_0000094959,1,0.983598,1
T_0000094975,1,0.427360,1
T_0000095011,1,0.975461,1
T_0000095029,0,0.055934,0
T_0000095034,0,0.038204,0
T_0000095052,1,0.977054,1
T_0000095058,0,0.123890,0
T_0000095109,1,0.980974,1
T_0000095141,0,0.015277,0
T_0000095186,1,0.405024,1
T_0000095187,0,0.051681,0
T_0000095201,0,0.031098,0
T_0000095203,0,0.042171,0
T_0000095206,1,0.986965,1
T_0000095214,1,0.977865,1
T_0000095231,0,0.036503,0
T_0000095239,1,0.984754,1
T_0000095263,0,0.030107,0
T_0000095279,0,0.043833,0
T_0000095288,1,0.959961,1
T_0000095309,1,0.992812,1
T_0000095312,1,0.994948,1
T_0000095325,1,0.994762,1
T_0000095343,1,0.991196,1
T_0000095360,0,0.173179,0
T_0000095380,1,0.991505,1
T_0000095399,1,0.986904,1
T_0000095438,0,0.062915,0
T_0000095499,1,0.999365,1
T_0000095538,0,0.025898,0
T_0000095539,0,0.106239,0
T_0000095555,0,0.026271,0
T_0000095580,1,0.978519,1
T_0000095592,1,0.935889,1
T_0000095669,0,0.024479,0
T_0000095682,1,0.990246,1
T_0000095684,1,0.058001,0
T_0000095703,1,0.996914,1
T_0000095730,1,0.966886,1
T_0000095752,0,0.073940,0
T_0000095772,0,0.057522,0
T_0000095785,1,0.983192,1
T_0000095831,1,0.994547,1
T_0000095855,0,0.043263,0
T_0000095862,0,0.052214,0
T_0000095863,1,0.992849,1
T_0000095877,1,0.657870,1
T_0000095914,1,0.956638,1
T_0000095923,1,0.506091,1
T_0000095951,1,0.973164,1
T_0000095966,1,0.949918,1
T_0000095975,1,0.959249,1
T_0000095991,0,0.013727,0
T_0000096000,1,0.943258,1
T_0000096012,1,0.810340,1
T_0000096069,1,0.984324,1
T_0000096074,0,0.062782,0
T_0000096076,0,0.048011,0
T_0000096105,1,0.999039,1
T_0000096148,1,0.997288,1
T_0000096201,0,0.004441,0
T_0000096213,0,0.035592,0
T_0000096285,1,0.994245,1
T_0000096299,1,0.936617,1
T_0000096360,1,0.995148,1
T_0000096363,0,0.030680,0
T_0000096365,1,0.941229,1
T_0000096367,0,0.046299,0
T_0000096379,1,0.996320,1
T_0000096380,0,0.078704,0
T_0000096397,0,0.037083,0
T_0000096408,0,0.020846,0
T_0000096422,1,0.995048,1
T_0000096426,0,0.163711,0
T_0000096473,0,0.056134,0
T_0000096484,0,0.028210,0
T_0000096517,1,0.997966,1
T_0000096519,1,0.989154,1
T_0000096543,1,0.987978,1
T_0000096548,0,0.090366,0
T_0000096556,0,0.017386,0
T_0000096578,0,0.082123,0
T_0000096584,0,0.064153,0
T_0000096632,0,0.019574,0
T_0000096673,1,0.967991,1
T_0000096728,0,0.079723,0
T_0000096772,1,0.442928,1
T_0000096792,0,0.089625,0
T_0000096803,1,0.997057,1
T_0000096819,1,0.985728,1
T_0000096823,1,0.999113,1
T_0000096840,0,0.053893,0
T_0000096851,0,0.054212,0
T_0000096852,0,0.073439,0
T_0000096854,0,0.175856,0
T_0000096876,1,0.981683,1
T_0000096903,1,0.983865,1
T_0000096925,0,0.028960,0
T_0000096932,1,0.994213,1
T_0000096952,0,0.005953,0
T_0000096978,1,0.991120,1
T_0000096983,1,0.995515,1
T_0000096985,0,0.016546,0
T_0000097021,1,0.858086,1
T_0000097078,0,0.041234,0
T_0000097083,0,0.023263,0
T_0000097086,0,0.022005,0
T_0000097096,1,0.998620,1
T_0000097121,1,0.991703,1
T_0000097130,0,0.030715,0
T_0000097144,1,0.980092,1
T_0000097188,0,0.051554,0
T_0000097301,0,0.095067,0
T_0000097330,1,0.997111,1
T_0000097331,0,0.021615,0
T_0000097344,1,0.990808,1
T_0000097360,1,0.736814,1
T_0000097362,1,0.095653,0
T_0000097376,1,0.763135,1
T_0000097385,1,0.996168,1
T_0000097397,1,0.999085,1
T_0000097413,0,0.013990,0
T_0000097444,1,0.982506,1
T_0000097466,1,0.939005,1
T_0000097473,1,0.150344,0
T_0000097491,0,0.102320,0
T_0000097503,1,0.991598,1
T_0000097531,1,0.880084,1
T_0000097536,0,0.022971,0
T_0000097543,1,0.967101,1
T_0000097552,1,0.961106,1
T_0000097569,0,0.117567,0
T_0000097571,1,0.989843,1
T_0000097625,0,0.088857,0
T_0000097651,0,0.021104,0
T_0000097680,1,0.992102,1
T_0000097708,1,0.998187,1
T_0000097778,0,0.117531,0
T_0000097824,1,0.988308,1
T_0000097834,1,0.987574,1
T_0000097880,1,0.774440,1
T_0000097962,1,0.971300,1
T_0000098019,1,0.938816,1
T_0000098027,1,0.989889,1
T_0000098028,1,0.994360,1
T_0000098034,1,0.998429,1
T_0000098066,0,0.262126,1
T_0000098088,1,0.995751,1
T_0000098091,1,0.982241,1
T_0000098100,0,0.012566,0
T_0000098118,1,0.999133,1
T_0000098183,1,0.992360,1
T_0000098185,1,0.073177,0
T_0000098193,1,0.992908,1
T_0000098209,1,0.970597,1
T_0000098254,1,0.980535,1
T_0000098266,1,0.267319,1
T_0000098272,1,0.997745,1
T_0000098312,1,0.980676,1
T_0000098313,1,0.966747,1
T_0000098321,0,0.066208,0
T_0000098348,0,0.060554,0
T_0000098349,1,0.997285,1
T_0000098353,0,0.004310,0
T_0000098356,0,0.070413,0
T_0000098358,1,0.976404,1
T_0000098362,1,0.733417,1
T_0000098370,0,0.066153,0
T_0000098385,0,0.067276,0
T_0000098426,1,0.988247,1
T_0000098482,0,0.052228,0
T_0000098526,1,0.990467,1
T_0000098552,1,0.996252,1
T_0000098578,0,0.023897,0
T_0000098616,1,0.998407,1
T_0000098631,1,0.987797,1
T_0000098636,1,0.140242,0
T_0000098683,0,0.109784,0
T_0000098700,0,0.024269,0
T_0000098701,1,0.995159,1
T_0000098726,1,0.955792,1
T_0000098735,1,0.155707,0
T_0000098742,0,0.058097,0
T_0000098796,1,0.983934,1
T_0000098834,0,0.013234,0
T_0000098849,1,0.814188,1
T_0000098885,1,0.964354,1
T_0000098889,1,0.282976,1
T_0000098918,0,0.060861,0
T_0000098932,1,0.344798,1
T_0000099005,0,0.043031,0
T_0000099012,1,0.957280,1
T_0000099044,1,0.137383,0
T_0000099094,0,0.124185,0
T_0000099100,1,0.880291,1
T_0000099104,0,0.070854,0
T_0000099170,1,0.978219,1
T_0000099209,0,0.003792,0
T_0000099245,1,0.997433,1
T_0000099302,1,0.989679,1
T_0000099322,1,0.995185,1
T_0000099323,1,0.998069,1
T_0000099341,1,0.932106,1
T_0000099353,1,0.999233,1
T_0000099356,1,0.902784,1
T_0000099380,1,0.979142,1
T_0000099410,1,0.978612,1
T_0000099446,0,0.063996,0
T_0000099454,1,0.992932,1
T_0000099459,0,0.023821,0
T_0000099500,0,0.019288,0
T_0000099502,1,0.995694,1
T_0000099519,1,0.974204,1
T_0000099546,0,0.017738,0
T_0000099568,1,0.898355,1
T_0000099573,1,0.889363,1
T_0000099577,0,0.169094,0
T_0000099617,1,0.993329,1
T_0000099618,1,0.893284,1
T_0000099629,0,0.076785,0
T_0000099725,0,0.015242,0
T_0000099731,1,0.990404,1
T_0000099743,0,0.030286,0
T_0000099782,1,0.035193,0
T_0000099828,1,0.983001,1
T_0000099834,1,0.758973,1
T_0000099840,0,0.131815,0
T_0000099866,1,0.996217,1
T_0000099911,1,0.832113,1
T_0000099913,0,0.025183,0
T_0000099921,0,0.020637,0
T_0000099941,1,0.976249,1
T_0000099954,1,0.998863,1
T_0000099968,0,0.048369,0
T_0000100040,1,0.844662,1
T_0000100062,1,0.974896,1
T_0000100064,1,0.975842,1
T_0000100085,0,0.034472,0
T_0000100087,0,0.142564,0
T_0000100096,1,0.990953,1
T_0000100101,1,0.627704,1
T_0000100102,1,0.981995,1
T_0000100107,1,0.916766,1
T_0000100114,0,0.119200,0
T_0000100124,0,0.007913,0
T_0000100149,0,0.042476,0
T_0000100157,1,0.997241,1
T_0000100161,0,0.043467,0
T_0000100162,1,0.854079,1
T_0000100232,1,0.844145,1
T_0000100235,1,0.805429,1
T_0000100293,0,0.037285,0
T_0000100340,0,0.026268,0
T_0000100349,1,0.978301,1
T_0000100367,1,0.981003,1
T_0000100425,0,0.095944,0
T_0000100433,0,0.015937,0
T_0000100438,1,0.994278,1
T_0000100452,1,0.980986,1
T_0000100456,1,0.978305,1
T_0000100483,1,0.903044,1
T_0000100515,1,0.070919,0
T_0000100516,0,0.044258,0
T_0000100521,1,0.038842,0
T_0000100593,0,0.116281,0
T_0000100596,1,0.995033,1
T_0000100602,1,0.945233,1
T_0000100610,0,0.025962,0
T_0000100654,1,0.420110,1
T_0000100672,1,0.997908,1
T_0000100700,0,0.030284,0
T_0000100710,0,0.005219,0
T_0000100712,1,0.924537,1
T_0000100762,0,0.016812,0
T_0000100824,0,0.009195,0
T_0000100830,1,0.370898,1
T_0000100839,1,0.984749,1
T_0000100872,1,0.992124,1
T_0000100891,0,0.018677,0
T_0000100927,0,0.077259,0
T_0000100932,1,0.291508,1
T_0000100943,1,0.048285,0
T_0000100970,1,0.979348,1
T_0000100983,1,0.989181,1
T_0000101000,1,0.962308,1
T_0000101036,1,0.017287,0
T_0000101052,1,0.978421,1
T_0000101063,1,0.974539,1
T_0000101068,1,0.983736,1
T_0000101083,1,0.988621,1
T_0000101146,1,0.140644,0
T_0000101164,1,0.998158,1
T_0000101195,0,0.012312,0
T_0000101219,0,0.023936,0
T_0000101229,1,0.993080,1
T_0000101255,1,0.991313,1
T_0000101273,0,0.095234,0
T_0000101278,1,0.972305,1
T_0000101285,1,0.998814,1
T_0000101305,1,0.898466,1
T_0000101354,0,0.117442,0
T_0000101358,1,0.847055,1
T_0000101360,0,0.028759,0
T_0000101367,1,0.968596,1
T_0000101398,1,0.997841,1
T_0000101416,1,0.989378,1
T_0000101421,1,0.977900,1
T_0000101453,0,0.019291,0
T_0000101493,0,0.054138,0
T_0000101496,1,0.995827,1
T_0000101559,1,0.668201,1
T_0000101591,0,0.163017,0
T_0000101647,1,0.940945,1
T_0000101654,1,0.984296,1
T_0000101699,0,0.084489,0
T_0000101703,1,0.988477,1
T_0000101710,1,0.997108,1
T_0000101742,1,0.812935,1
T_0000101745,1,0.847661,1
T_0000101747,0,0.185211,0
T_0000101751,1,0.972211,1
T_0000101762,0,0.005546,0
T_0000101783,1,0.546395,1
T_0000101803,0,0.091757,0
T_0000101826,1,0.982439,1
T_0000101847,0,0.017690,0
T_0000101879,1,0.993362,1
T_0000101913,0,0.210822,0
T_0000101921,1,0.979931,1
T_0000101924,0,0.055308,0
T_0000101932,1,0.624468,1
T_0000102000,1,0.996015,1
T_0000102009,0,0.011762,0
T_0000102052,1,0.973928,1
T_0000102077,1,0.999381,1
T_0000102084,0,0.020421,0
T_0000102086,1,0.993733,1
T_0000102141,1,0.122039,0
T_0000102190,0,0.027430,0
T_0000102223,1,0.240226,0
T_0000102242,1,0.359441,1
T_0000102276,1,0.969748,1
T_0000102293,1,0.310502,1
T_0000102306,1,0.995492,1
T_0000102352,1,0.986410,1
T_0000102399,1,0.990103,1
T_0000102430,1,0.170613,0
T_0000102462,1,0.998313,1
T_0000102466,1,0.992941,1
T_0000102478,1,0.996939,1
T_0000102520,1,0.971924,1
T_0000102554,1,0.984765,1
T_0000102594,1,0.997866,1
T_0000102608,1,0.988316,1
T_0000102689,0,0.164490,0
T_0000102696,1,0.477874,1
T_0000102733,0,0.013164,0
T_0000102734,1,0.168426,0
T_0000102754,0,0.068824,0
T_0000102793,1,0.970423,1
T_0000102809,0,0.072583,0
T_0000102820,1,0.445552,1
T_0000102845,1,0.997892,1
T_0000102867,1,0.954967,1
T_0000102872,0,0.166531,0
T_0000102874,1,0.980288,1
T_0000102888,1,0.995646,1
T_0000102934,1,0.724143,1
T_0000103010,1,0.289582,1
T_0000103015,1,0.027199,0
T_0000103050,1,0.989673,1
T_0000103073,1,0.040004,0
T_0000103085,1,0.089809,0
T_0000103094,1,0.985429,1
T_0000103151,1,0.949498,1
T_0000103157,1,0.986730,1
T_0000103217,1,0.998928,1
T_0000103236,0,0.031260,0
T_0000103249,1,0.990602,1
T_0000103286,1,0.083777,0
T_0000103371,0,0.096343,0
T_0000103374,0,0.039950,0
T_0000103380,0,0.062583,0
T_0000103411,0,0.028056,0
T_0000103416,1,0.991716,1
T_0000103436,0,0.061720,0
T_0000103453,1,0.979685,1
T_0000103465,1,0.971223,1
T_0000103535,1,0.993694,1
T_0000103554,1,0.971828,1
T_0000103560,1,0.086084,0
T_0000103589,0,0.093609,0
T_0000103595,0,0.245883,1
T_0000103628,1,0.799470,1
T_0000103644,1,0.970969,1
T_0000103657,0,0.036175,0
T_0000103669,1,0.983760,1
T_0000103708,0,0.019652,0
T_0000103749,1,0.856594,1
T_0000103767,0,0.052068,0
T_0000103773,1,0.987292,1
T_0000103801,1,0.997314,1
T_0000103830,0,0.068364,0
T_0000103880,1,0.971682,1
T_0000103902,1,0.993534,1
T_0000103951,1,0.886892,1
T_0000103964,1,0.947798,1
T_0000103971,1,0.941589,1
T_0000103983,1,0.923948,1
T_0000104037,1,0.994484,1
T_0000104051,0,0.093464,0
T_0000104059,1,0.992858,1
T_0000104089,1,0.981424,1
T_0000104159,1,0.997921,1
T_0000104160,0,0.027174,0
T_0000104263,1,0.990667,1
T_0000104266,0,0.009205,0
T_0000104267,0,0.069113,0
T_0000104288,0,0.036053,0
T_0000104289,0,0.132565,0
T_0000104297,0,0.129258,0
T_0000104299,1,0.986554,1
T_0000104312,1,0.991907,1
T_0000104332,1,0.969135,1
T_0000104339,1,0.994730,1
T_0000104341,0,0.069645,0
T_0000104342,0,0.014698,0
T_0000104366,0,0.021093,0
T_0000104423,1,0.977619,1
T_0000104455,1,0.969144,1
T_0000104466,0,0.013943,0
T_0000104473,1,0.975016,1
T_0000104478,0,0.238749,0
T_0000104482,1,0.993703,1
T_0000104508,0,0.899611,1
T_0000104533,1,0.994884,1
T_0000104535,1,0.356959,1
T_0000104538,1,0.984640,1
T_0000104563,1,0.990736,1
T_0000104569,1,0.997682,1
T_0000104572,1,0.997366,1
T_0000104588,1,0.858775,1
T_0000104593,0,0.048771,0
T_0000104595,1,0.992867,1
T_0000104740,1,0.992508,1
T_0000104765,1,0.999132,1
T_0000104785,0,0.195090,0
T_0000104852,0,0.048620,0
T_0000104853,0,0.027845,0
T_0000104869,1,0.526310,1
T_0000104909,1,0.986712,1
T_0000104926,0,0.073528,0
T_0000104951,1,0.302727,1
T_0000104963,0,0.106450,0
T_0000104967,1,0.933840,1
T_0000104980,1,0.997625,1
T_0000104985,0,0.013045,0
T_0000104993,0,0.016586,0
T_0000105018,1,0.983680,1
T_0000105025,0,0.044112,0
T_0000105032,1,0.941151,1
T_0000105033,1,0.990016,1
T_0000105035,1,0.721372,1
T_0000105065,1,0.992830,1
T_0000105067,1,0.946591,1
T_0000105088,1,0.985928,1
T_0000105124,1,0.240039,0
T_0000105144,1,0.575726,1
T_0000105157,0,0.054209,0
T_0000105178,1,0.980761,1
T_0000105197,0,0.217961,0
T_0000105239,1,0.966297,1
T_0000105243,1,0.999054,1
T_0000105249,0,0.119683,0
T_0000105250,1,0.994072,1
T_0000105258,1,0.731628,1
T_0000105266,0,0.232814,0
T_0000105268,1,0.990313,1
T_0000105274,0,0.184707,0
T_0000105277,1,0.976481,1
T_0000105311,1,0.997191,1
T_0000105364,1,0.959022,1
T_0000105427,0,0.079607,0
T_0000105506,1,0.268279,1
T_0000105509,1,0.944016,1
T_0000105548,0,0.018336,0
T_0000105558,1,0.995614,1
T_0000105584,0,0.050526,0
T_0000105661,1,0.987147,1
T_0000105692,1,0.998845,1
T_0000105701,1,0.962909,1
T_0000105705,1,0.982217,1
T_0000105713,0,0.064562,0
T_0000105735,1,0.987129,1
T_0000105755,1,0.965769,1
T_0000105757,0,0.017582,0
T_0000105768,1,0.998960,1
T_0000105782,1,0.994167,1
T_0000105790,1,0.994745,1
T_0000105818,0,0.007816,0
T_0000105901,1,0.993892,1
T_0000105911,0,0.013780,0
T_0000105914,1,0.993659,1
T_0000105929,1,0.996652,1
T_0000105931,1,0.982240,1
T_0000105932,1,0.990955,1
T_0000105939,1,0.992273,1
T_0000105994,1,0.989405,1
T_0000106020,0,0.067437,0
T_0000106052,1,0.986934,1
T_0000106075,1,0.955240,1
T_0000106096,1,0.985656,1
T_0000106133,1,0.987014,1
T_0000106149,0,0.015947,0
T_0000106197,1,0.994593,1
T_0000106200,0,0.130768,0
T_0000106215,1,0.994554,1
T_0000106218,1,0.983825,1
T_0000106229,1,0.988452,1
T_0000106231,1,0.692964,1
T_0000106234,0,0.012964,0
T_0000106238,0,0.013958,0
T_0000106276,1,0.930119,1
T_0000106288,1,0.927031,1
T_0000106328,1,0.993152,1
T_0000106330,0,0.029867,0
T_0000106336,0,0.027293,0
T_0000106341,1,0.944970,1
T_0000106360,1,0.988351,1
T_0000106373,0,0.058304,0
T_0000106376,1,0.931676,1
T_0000106378,1,0.983544,1
T_0000106380,0,0.032911,0
T_0000106384,1,0.980662,1
T_0000106400,1,0.995813,1
T_0000106402,0,0.038983,0
T_0000106426,1,0.964648,1
T_0000106432,1,0.986736,1
T_0000106446,1,0.653283,1
T_0000106509,1,0.983649,1
T_0000106534,1,0.100984,0
T_0000106535,1,0.860215,1
T_0000106550,1,0.881296,1
T_0000106572,1,0.993348,1
T_0000106581,1,0.396973,1
T_0000106587,1,0.998812,1
T_0000106612,0,0.003793,0
T_0000106625,0,0.041590,0
T_0000106658,0,0.031073,0
T_0000106664,0,0.073304,0
T_0000106732,0,0.079483,0
T_0000106794,0,0.146171,0
T_0000106802,1,0.995367,1
T_0000106808,0,0.058874,0
T_0000106814,1,0.993283,1
T_0000106815,0,0.091388,0
T_0000106921,1,0.799366,1
T_0000106942,1,0.931058,1
T_0000106946,1,0.146572,0
T_0000106953,1,0.995181,1
T_0000106989,1,0.997497,1
T_0000107118,0,0.096584,0
T_0000107138,1,0.994309,1
T_0000107146,1,0.997821,1
T_0000107156,1,0.706799,1
T_0000107189,1,0.480933,1
T_0000107244,1,0.986167,1
T_0000107245,1,0.998736,1
T_0000107276,1,0.999207,1
T_0000107305,0,0.049806,0
T_0000107347,1,0.993003,1
T_0000107408,1,0.938091,1
T_0000107440,0,0.031895,0
T_0000107458,0,0.076672,0
T_0000107491,0,0.050507,0
T_0000107505,1,0.950769,1
T_0000107506,0,0.470055,1
T_0000107545,1,0.961952,1
T_0000107546,0,0.013621,0
T_0000107578,0,0.055812,0
T_0000107588,1,0.991456,1
T_0000107594,0,0.042647,0
T_0000107603,0,0.062449,0
T_0000107614,0,0.220687,0
T_0000107636,1,0.989263,1
T_0000107650,1,0.991885,1
T_0000107660,1,0.676807,1
T_0000107732,1,0.991625,1
T_0000107754,1,0.964429,1
T_0000107755,1,0.977596,1
T_0000107777,1,0.851921,1
T_0000107812,1,0.993295,1
T_0000107836,1,0.997072,1
T_0000107838,1,0.994048,1
T_0000107894,1,0.955411,1
T_0000107898,1,0.989310,1
T_0000107936,1,0.614612,1
T_0000107974,1,0.995418,1
T_0000108000,0,0.044540,0
T_0000108011,0,0.011533,0
T_0000108036,0,0.035221,0
T_0000108079,1,0.756492,1
T_0000108094,1,0.973626,1
T_0000108110,1,0.170734,0
T_0000108149,1,0.594060,1
T_0000108160,1,0.990454,1
T_0000108166,1,0.995713,1
T_0000108222,1,0.827391,1
T_0000108231,1,0.996524,1
T_0000108236,0,0.011524,0
T_0000108242,1,0.984980,1
T_0000108256,0,0.038156,0
T_0000108271,0,0.079828,0
T_0000108288,0,0.058524,0
T_0000108343,1,0.985937,1
T_0000108345,1,0.981574,1
T_0000108362,1,0.972702,1
T_0000108449,1,0.997230,1
T_0000108487,1,0.993179,1
T_0000108493,0,0.102148,0
T_0000108515,0,0.011129,0
T_0000108530,1,0.838926,1
T_0000108557,1,0.618186,1
T_0000108562,0,0.165203,0
T_0000108571,0,0.118821,0
T_0000108579,0,0.039128,0
T_0000108591,1,0.990927,1
T_0000108620,0,0.075987,0
T_0000108631,0,0.127431,0
T_0000108646,0,0.060151,0
T_0000108703,1,0.999134,1
T_0000108734,1,0.240853,0
T_0000108742,1,0.987934,1
T_0000108760,1,0.997637,1
T_0000108785,0,0.057544,0
T_0000108797,1,0.994842,1
T_0000108800,1,0.984485,1
T_0000108801,1,0.957448,1
T_0000108850,0,0.060549,0
T_0000108852,1,0.868502,1
T_0000108859,0,0.007603,0
T_0000108880,0,0.346843,1
T_0000108921,1,0.197538,0
T_0000108947,1,0.983500,1
T_0000109078,1,0.996677,1
T_0000109083,0,0.111581,0
T_0000109088,1,0.988327,1
T_0000109100,1,0.992022,1
T_0000109101,1,0.967628,1
T_0000109104,0,0.028172,0
T_0000109169,0,0.033410,0
T_0000109177,1,0.976982,1
T_0000109190,1,0.106846,0
T_0000109212,1,0.422135,1
T_0000109221,1,0.207587,0
T_0000109238,0,0.043701,0
T_0000109257,1,0.997666,1
T_0000109268,0,0.020958,0
T_0000109275,0,0.128816,0
T_0000109287,1,0.628517,1
T_0000109294,1,0.973459,1
T_0000109323,1,0.728900,1
T_0000109349,0,0.047270,0
T_0000109377,1,0.509681,1
T_0000109381,0,0.133636,0
T_0000109388,1,0.730596,1
T_0000109402,0,0.066067,0
T_0000109403,0,0.005944,0
T_0000109413,1,0.963889,1
T_0000109417,0,0.093380,0
T_0000109446,0,0.009117,0
T_0000109458,1,0.984215,1
T_0000109477,1,0.865149,1
T_0000109489,0,0.117164,0
T_0000109512,1,0.150609,0
T_0000109566,1,0.955639,1
T_0000109573,0,0.018534,0
T_0000109581,1,0.922560,1
T_0000109596,1,0.095939,0
T_0000109642,0,0.086091,0
T_0000109648,1,0.981766,1
T_0000109662,1,0.985102,1
T_0000109669,1,0.998926,1
T_0000109677,1,0.991448,1
T_0000109732,1,0.994914,1
T_0000109794,1,0.990180,1
T_0000109823,1,0.991922,1
T_0000109827,0,0.048363,0
T_0000109856,1,0.994382,1
T_0000109867,1,0.904958,1
T_0000109872,1,0.989074,1
T_0000109901,1,0.837871,1
T_0000109912,1,0.941131,1
T_0000109914,1,0.128435,0
T_0000109927,1,0.885490,1
T_0000109936,0,0.089380,0
T_0000109959,1,0.997856,1
T_0000110036,1,0.978977,1
T_0000110106,1,0.987873,1
T_0000110113,0,0.174222,0
T_0000110131,1,0.998518,1
T_0000110149,1,0.995144,1
T_0000110175,0,0.126301,0
T_0000110184,0,0.153045,0
T_0000110188,1,0.995771,1
T_0000110196,0,0.020855,0
T_0000110232,1,0.959909,1
T_0000110246,0,0.008484,0
T_0000110247,1,0.994230,1
T_0000110298,1,0.835976,1
T_0000110344,1,0.933919,1
T_0000110356,1,0.991120,1
T_0000110406,1,0.995051,1
T_0000110455,0,0.132384,0
T_0000110456,0,0.197512,0
T_0000110493,1,0.965138,1
T_0000110510,0,0.048919,0
T_0000110516,0,0.024385,0
T_0000110595,1,0.989303,1
T_0000110640,1,0.979627,1
T_0000110675,1,0.953466,1
T_0000110723,1,0.867655,1
T_0000110754,1,0.998644,1
T_0000110768,1,0.070064,0
T_0000110784,1,0.988760,1
T_0000110850,1,0.711852,1
T_0000110888,1,0.111422,0
T_0000110889,1,0.996271,1
T_0000110928,1,0.994788,1
T_0000110949,0,0.078053,0
T_0000110970,1,0.930706,1
T_0000110995,1,0.995075,1
T_0000111059,1,0.979939,1
T_0000111061,1,0.983964,1
T_0000111080,1,0.720372,1
T_0000111138,1,0.984576,1
T_0000111147,1,0.872791,1
T_0000111155,1,0.983211,1
T_0000111161,0,0.020043,0
T_0000111164,1,0.997079,1
T_0000111177,1,0.995803,1
T_0000111201,0,0.033988,0
T_0000111273,1,0.990899,1
T_0000111280,0,0.168961,0
T_0000111297,1,0.999789,1
T_0000111314,1,0.912926,1
T_0000111328,0,0.061499,0
T_0000111332,0,0.059602,0
T_0000111352,0,0.027617,0
T_0000111381,1,0.276531,1
T_0000111385,1,0.604798,1
T_0000111407,1,0.102229,0
T_0000111432,1,0.998547,1
T_0000111435,0,0.004720,0
T_0000111524,1,0.997664,1
T_0000111538,0,0.086008,0
T_0000111560,0,0.024830,0
T_0000111609,1,0.873240,1
T_0000111618,0,0.041613,0
T_0000111636,0,0.014958,0
T_0000111643,0,0.082012,0
T_0000111677,0,0.362493,1
T_0000111682,1,0.986000,1
T_0000111743,0,0.031377,0
T_0000111762,1,0.980606,1
T_0000111773,0,0.035136,0
T_0000111778,1,0.969326,1
T_0000111798,1,0.773205,1
T_0000111851,0,0.256781,1
T_0000111858,0,0.040049,0
T_0000111875,1,0.987597,1
T_0000111888,1,0.962850,1
T_0000111924,1,0.962273,1
T_0000111925,1,0.997010,1
T_0000111954,1,0.997948,1
T_0000111989,1,0.976450,1
T_0000112000,0,0.058880,0
T_0000112006,0,0.075816,0
T_0000112062,1,0.988978,1
T_0000112096,1,0.976380,1
T_0000112109,1,0.983440,1
T_0000112148,0,0.051044,0
T_0000112160,1,0.983460,1
T_0000112181,0,0.014830,0
T_0000112197,0,0.079371,0
T_0000112253,1,0.991335,1
T_0000112260,0,0.120565,0
T_0000112270,0,0.035145,0
T_0000112272,1,0.985077,1
T_0000112301,1,0.976504,1
T_0000112327,1,0.713912,1
T_0000112328,1,0.206372,0
T_0000112355,1,0.978377,1
T_0000112363,1,0.992758,1
T_0000112387,0,0.035209,0
T_0000112414,0,0.037011,0
T_0000112430,1,0.984585,1
T_0000112466,1,0.831299,1
T_0000112485,1,0.968959,1
T_0000112504,1,0.968018,1
T_0000112521,1,0.995285,1
T_0000112530,1,0.078435,0
T_0000112531,1,0.993290,1
T_0000112556,1,0.992111,1
T_0000112562,0,0.089207,0
T_0000112594,1,0.970008,1
T_0000112595,1,0.872591,1
T_0000112654,1,0.993384,1
T_0000112659,1,0.990249,1
T_0000112676,0,0.077993,0
T_0000112681,0,0.099286,0
T_0000112695,0,0.006314,0
T_0000112696,1,0.996184,1
T_0000112699,1,0.092873,0
T_0000112708,1,0.994118,1
T_0000112710,1,0.564966,1
T_0000112713,1,0.883856,1
T_0000112766,1,0.955108,1
T_0000112780,1,0.988913,1
T_0000112790,1,0.906947,1
T_0000112805,0,0.035320,0
T_0000112810,1,0.960118,1
T_0000112829,0,0.068130,0
T_0000112861,1,0.973282,1
T_0000112869,1,0.951786,1
T_0000112952,1,0.391013,1
T_0000112961,1,0.994417,1
T_0000112978,1,0.987102,1
T_0000112983,1,0.997173,1
T_0000113015,1,0.906374,1
T_0000113032,0,0.201670,0
T_0000113042,0,0.027047,0
T_0000113044,0,0.119738,0
T_0000113078,1,0.443186,1
T_0000113203,0,0.254226,1
T_0000113262,0,0.076845,0
T_0000113265,1,0.909247,1
T_0000113273,1,0.103770,0
T_0000113289,0,0.093613,0
T_0000113293,0,0.053530,0
T_0000113346,0,0.048378,0
T_0000113407,1,0.987410,1
T_0000113431,1,0.962546,1
T_0000113450,0,0.077913,0
T_0000113478,0,0.045838,0
T_0000113479,1,0.060614,0
T_0000113502,1,0.993942,1
T_0000113514,1,0.996584,1
T_0000113523,0,0.008719,0
T_0000113568,1,0.986804,1
T_0000113571,1,0.861603,1
T_0000113585,1,0.997088,1
T_0000113602,0,0.027173,0
T_0000113649,0,0.028098,0
T_0000113664,1,0.834629,1
T_0000113760,0,0.018483,0
T_0000113771,1,0.729251,1
T_0000113775,1,0.903861,1
T_0000113810,1,0.986057,1
T_0000113812,0,0.021608,0
T_0000113839,0,0.037382,0
T_0000113844,1,0.964667,1
T_0000113847,1,0.023853,0
T_0000113855,1,0.928630,1
T_0000113884,1,0.888280,1
T_0000113922,0,0.120690,0
T_0000114019,0,0.018569,0
T_0000114038,1,0.949758,1
T_0000114080,0,0.039602,0
T_0000114085,1,0.962334,1
T_0000114087,0,0.117392,0
T_0000114134,0,0.076707,0
T_0000114151,1,0.989960,1
T_0000114158,1,0.864651,1
T_0000114170,0,0.174638,0
T_0000114185,1,0.992032,1
T_0000114198,0,0.065355,0
T_0000114258,0,0.081498,0
T_0000114261,1,0.104697,0
T_0000114280,1,0.995016,1
T_0000114285,1,0.927781,1
T_0000114288,1,0.989220,1
T_0000114310,1,0.971128,1
T_0000114317,1,0.991411,1
T_0000114322,0,0.043473,0
T_0000114337,0,0.077178,0
T_0000114366,1,0.969907,1
T_0000114395,1,0.833645,1
T_0000114420,1,0.414806,1
T_0000114441,0,0.104668,0
T_0000114476,0,0.024985,0
T_0000114478,0,0.042324,0
T_0000114517,1,0.988072,1
T_0000114533,1,0.101346,0
T_0000114544,1,0.087637,0
T_0000114569,1,0.367123,1
T_0000114589,1,0.275343,1
T_0000114592,0,0.078554,0
T_0000114603,1,0.987886,1
T_0000114640,0,0.045405,0
T_0000114669,1,0.988792,1
T_0000114706,1,0.992729,1
T_0000114709,1,0.864037,1
T_0000114716,1,0.994902,1
T_0000114736,1,0.957933,1
T_0000114756,1,0.482136,1
T_0000114766,0,0.029319,0
T_0000114787,1,0.983723,1
T_0000114808,1,0.095733,0
T_0000114819,0,0.036671,0
T_0000114863,1,0.925024,1
T_0000114875,1,0.968881,1
T_0000114879,1,0.995338,1
T_0000114913,1,0.996899,1
T_0000114962,0,0.140880,0
T_0000114972,0,0.107547,0
T_0000114998,0,0.019409,0
T_0000115000,1,0.182628,0
T_0000115027,1,0.428319,1
T_0000115029,0,0.020791,0
T_0000115043,1,0.413088,1
T_0000115052,1,0.961886,1
T_0000115071,0,0.039753,0
T_0000115109,0,0.005548,0
T_0000115150,0,0.041817,0
T_0000115174,0,0.070551,0
T_0000115205,1,0.963801,1
T_0000115206,0,0.106499,0
T_0000115209,0,0.074821,0
T_0000115212,1,0.959074,1
T_0000115218,0,0.144090,0
T_0000115247,1,0.982176,1
T_0000115263,1,0.808084,1
T_0000115271,0,0.007647,0
T_0000115322,0,0.032498,0
T_0000115332,1,0.996589,1
T_0000115355,1,0.981341,1
T_0000115364,0,0.047082,0
T_0000115369,1,0.981210,1
T_0000115400,0,0.045957,0
T_0000115404,0,0.081508,0
T_0000115447,1,0.981293,1
T_0000115449,0,0.018350,0
T_0000115452,1,0.992783,1
T_0000115454,0,0.055349,0
T_0000115459,0,0.048564,0
T_0000115497,1,0.986258,1
T_0000115537,1,0.994323,1
T_0000115556,1,0.992822,1
T_0000115575,1,0.952135,1
T_0000115577,1,0.925841,1
T_0000115600,0,0.038765,0
T_0000115618,1,0.994158,1
T_0000115620,0,0.013073,0
T_0000115630,1,0.947764,1
T_0000115652,1,0.825157,1
T_0000115654,0,0.052753,0
T_0000115673,1,0.997181,1
T_0000115674,1,0.981585,1
T_0000115713,1,0.950756,1
T_0000115729,1,0.984323,1
T_0000115747,1,0.209450,0
T_0000115762,1,0.956378,1
T_0000115792,0,0.037404,0
T_0000115898,1,0.306893,1
T_0000115917,1,0.133422,0
T_0000115918,1,0.899112,1
T_0000115952,1,0.994976,1
T_0000115997,1,0.043465,0
T_0000116019,0,0.096676,0
T_0000116058,1,0.959685,1
T_0000116080,1,0.985459,1
T_0000116098,1,0.876409,1
T_0000116113,0,0.040087,0
T_0000116138,1,0.995082,1
T_0000116139,1,0.996070,1
T_0000116148,1,0.974014,1
T_0000116153,1,0.889333,1
T_0000116174,1,0.996725,1
T_0000116177,1,0.948281,1
T_0000116178,0,0.343568,1
T_0000116181,1,0.998209,1
T_0000116218,1,0.990982,1
T_0000116221,0,0.340675,1
T_0000116235,1,0.614853,1
T_0000116236,0,0.068588,0
T_0000116242,1,0.990326,1
T_0000116294,1,0.994194,1
T_0000116308,1,0.052259,0
T_0000116309,1,0.147812,0
T_0000116341,1,0.341229,1
T_0000116372,1,0.998680,1
T_0000116432,1,0.999543,1
T_0000116437,1,0.170662,0
T_0000116472,0,0.047691,0
T_0000116473,1,0.976531,1
T_0000116478,1,0.099566,0
T_0000116511,0,0.104897,0
T_0000116519,0,0.006764,0
T_0000116540,1,0.828803,1
T_0000116565,0,0.014359,0
T_0000116579,0,0.036029,0
T_0000116589,1,0.965509,1
T_0000116599,1,0.999363,1
T_0000116621,1,0.995926,1
T_0000116716,0,0.150169,0
T_0000116737,1,0.997939,1
T_0000116784,1,0.985209,1
T_0000116799,0,0.031509,0
T_0000116809,0,0.051788,0
T_0000116820,1,0.922729,1
T_0000116824,1,0.587837,1
T_0000116853,1,0.972018,1
T_0000116857,1,0.979063,1
T_0000116882,1,0.828360,1
T_0000116887,0,0.035257,0
T_0000116908,0,0.013071,0
T_0000116915,1,0.998907,1
T_0000116928,1,0.203498,0
T_0000116950,1,0.990075,1
T_0000116952,0,0.094932,0
T_0000116956,0,0.045183,0
T_0000116981,0,0.025496,0
T_0000117020,1,0.993973,1
T_0000117031,1,0.994995,1
T_0000117035,1,0.995891,1
T_0000117037,1,0.992405,1
T_0000117050,1,0.994099,1
T_0000117066,1,0.237080,0
T_0000117067,1,0.100789,0
T_0000117072,1,0.952565,1
T_0000117123,1,0.989825,1
T_0000117145,1,0.986771,1
T_0000117192,1,0.996180,1
T_0000117217,1,0.662296,1
T_0000117249,0,0.267040,1
T_0000117259,1,0.157500,0
T_0000117277,1,0.896265,1
T_0000117287,1,0.975634,1
T_0000117424,1,0.989047,1
T_0000117428,1,0.998303,1
T_0000117437,1,0.043865,0
T_0000117445,1,0.978180,1
T_0000117463,1,0.908907,1
T_0000117484,0,0.057022,0
T_0000117485,0,0.033218,0
T_0000117553,0,0.013177,0
T_0000117635,1,0.850245,1
T_0000117650,1,0.994027,1
T_0000117655,1,0.995957,1
T_0000117659,1,0.999388,1
T_0000117662,0,0.019959,0
T_0000117668,1,0.988993,1
T_0000117679,1,0.983116,1
T_0000117688,0,0.109999,0
T_0000117708,0,0.404402,1
T_0000117754,1,0.997888,1
T_0000117767,1,0.985234,1
T_0000117774,1,0.995959,1
T_0000117779,0,0.060899,0
T_0000117810,1,0.994690,1
T_0000117847,1,0.991842,1
T_0000117854,0,0.065191,0
T_0000117888,1,0.996273,1
T_0000117898,0,0.493122,1
T_0000117911,1,0.996969,1
T_0000117914,0,0.450823,1
T_0000117920,0,0.027905,0
T_0000117928,1,0.993535,1
T_0000117938,0,0.026560,0
T_0000117943,1,0.995123,1
T_0000118009,1,0.998453,1
T_0000118036,1,0.993030,1
T_0000118037,1,0.992143,1
T_0000118040,1,0.994342,1
T_0000118064,1,0.996528,1
T_0000118179,1,0.999467,1
T_0000118184,1,0.994988,1
T_0000118186,1,0.995808,1
T_0000118207,1,0.994447,1
T_0000118253,1,0.944456,1
T_0000118259,1,0.995113,1
T_0000118275,1,0.978177,1
T_0000118310,0,0.102562,0
T_0000118359,0,0.066091,0
T_0000118398,1,0.789663,1
T_0000118404,1,0.991724,1
T_0000118410,1,0.893074,1
T_0000118473,0,0.017321,0
T_0000118481,1,0.762453,1
T_0000118501,0,0.013696,0
T_0000118503,1,0.762460,1
T_0000118527,1,0.997819,1
T_0000118631,1,0.893322,1
T_0000118642,0,0.024659,0
T_0000118649,1,0.967270,1
T_0000118675,1,0.226571,0
T_0000118711,1,0.935077,1
T_0000118713,0,0.045394,0
T_0000118720,1,0.993243,1
T_0000118735,1,0.989981,1
T_0000118773,1,0.932685,1
T_0000118786,0,0.063292,0
T_0000118807,1,0.924647,1
T_0000118819,1,0.989990,1
T_0000118865,1,0.998989,1
T_0000118898,1,0.994132,1
T_0000118938,0,0.044213,0
T_0000118944,0,0.011226,0
T_0000119021,1,0.991005,1
T_0000119040,1,0.995830,1
T_0000119066,0,0.041738,0
T_0000119068,0,0.042641,0
T_0000119081,0,0.028802,0
T_0000119093,1,0.962266,1
T_0000119096,0,0.057920,0
T_0000119127,1,0.981593,1
T_0000119128,1,0.956013,1
T_0000119131,1,0.989465,1
T_0000119189,1,0.995104,1
T_0000119216,0,0.028702,0
T_0000119220,1,0.417853,1
T_0000119227,0,0.041932,0
T_0000119243,0,0.020581,0
T_0000119264,0,0.017011,0
T_0000119278,1,0.999299,1
T_0000119333,0,0.026148,0
T_0000119371,1,0.989861,1
T_0000119385,0,0.166682,0
T_0000119404,1,0.998307,1
T_0000119409,1,0.956856,1
T_0000119418,1,0.993615,1
T_0000119443,1,0.995343,1
T_0000119457,1,0.985151,1
T_0000119461,1,0.988033,1
T_0000119486,0,0.015954,0
T_0000119506,0,0.052242,0
T_0000119513,0,0.052269,0
T_0000119534,0,0.015652,0
T_0000119540,1,0.995686,1
T_0000119543,0,0.009748,0
T_0000119555,1,0.982537,1
T_0000119590,0,0.009664,0
T_0000119649,1,0.993142,1
T_0000119656,1,0.259508,1
T_0000119678,1,0.987749,1
T_0000119720,1,0.964067,1
T_0000119727,1,0.852484,1
T_0000119728,1,0.983138,1
T_0000119770,1,0.997818,1
T_0000119772,0,0.103191,0
T_0000119820,1,0.999077,1
T_0000119831,0,0.087455,0
T_0000119847,1,0.977104,1
T_0000119915,1,0.989352,1
T_0000119931,1,0.995286,1
T_0000119965,1,0.980461,1
T_0000119969,1,0.980462,1
T_0000119989,1,0.968888,1
T_0000119997,1,0.653658,1
T_0000120022,1,0.999019,1
T_0000120144,1,0.991523,1
T_0000120147,0,0.126722,0
T_0000120148,1,0.912507,1
T_0000120150,1,0.987973,1
T_0000120169,1,0.284992,1
T_0000120194,1,0.065199,0
T_0000120237,1,0.976495,1
T_0000120268,1,0.996715,1
T_0000120292,0,0.075358,0
T_0000120306,0,0.049258,0
T_0000120309,1,0.803998,1
T_0000120329,0,0.012520,0
T_0000120393,1,0.913581,1
T_0000120432,1,0.997628,1
T_0000120459,0,0.063254,0
T_0000120466,0,0.029166,0
T_0000120489,1,0.979486,1
T_0000120504,0,0.029373,0
T_0000120555,1,0.991483,1
T_0000120568,1,0.706548,1
T_0000120603,0,0.050138,0
T_0000120608,1,0.090673,0
T_0000120677,0,0.263721,1
T_0000120693,1,0.991793,1
T_0000120705,0,0.030628,0
T_0000120716,0,0.039234,0
T_0000120718,1,0.986858,1
T_0000120720,1,0.992764,1
T_0000120736,1,0.732965,1
T_0000120749,1,0.957668,1
T_0000120758,0,0.028177,0
T_0000120828,1,0.991750,1
T_0000120838,0,0.068993,0
T_0000120856,1,0.995317,1
T_0000120865,1,0.993519,1
T_0000120879,0,0.046549,0
T_0000120896,1,0.938730,1
T_0000120931,1,0.962512,1
T_0000120935,1,0.709001,1
T_0000120977,1,0.750083,1
T_0000120988,1,0.158673,0
T_0000121014,0,0.019094,0
T_0000121020,1,0.991241,1
T_0000121040,1,0.924403,1
T_0000121043,0,0.039415,0
T_0000121052,1,0.993873,1
T_0000121123,0,0.012908,0
T_0000121223,0,0.070919,0
T_0000121232,1,0.913609,1
T_0000121236,1,0.999042,1
T_0000121237,0,0.012160,0
T_0000121274,0,0.015058,0
T_0000121291,1,0.990392,1
T_0000121296,1,0.980636,1
T_0000121312,1,0.067341,0
T_0000121371,0,0.053894,0
T_0000121421,1,0.967824,1
T_0000121433,0,0.047098,0
T_0000121444,1,0.382558,1
T_0000121454,1,0.993355,1
T_0000121456,0,0.098845,0
T_0000121490,0,0.124024,0
T_0000121502,0,0.137019,0
T_0000121506,1,0.819153,1
T_0000121515,1,0.979930,1
T_0000121594,1,0.998044,1
T_0000121600,1,0.709740,1
T_0000121605,1,0.998090,1
T_0000121630,0,0.064531,0
T_0000121649,1,0.980971,1
T_0000121667,0,0.019929,0
T_0000121717,1,0.999028,1
T_0000121738,1,0.871746,1
T_0000121771,0,0.095427,0
T_0000121802,1,0.223687,0
T_0000121823,1,0.999271,1
T_0000121826,1,0.994065,1
T_0000121828,1,0.992023,1
T_0000121899,1,0.990712,1
T_0000121918,1,0.693362,1
T_0000121945,1,0.995875,1
T_0000121948,1,0.497525,1
T_0000121958,1,0.997764,1
T_0000121983,1,0.888069,1
T_0000121998,1,0.835219,1
T_0000122039,1,0.885313,1
T_0000122040,1,0.847083,1
T_0000122053,0,0.053112,0
T_0000122078,1,0.276476,1
T_0000122080,1,0.982134,1
T_0000122099,1,0.949334,1
T_0000122134,0,0.122415,0
T_0000122172,1,0.986273,1
T_0000122177,0,0.050166,0
T_0000122203,1,0.996915,1
T_0000122225,0,0.075740,0
T_0000122246,0,0.016188,0
T_0000122269,1,0.204040,0
T_0000122278,0,0.041619,0
T_0000122295,1,0.992573,1
T_0000122307,1,0.995113,1
T_0000122333,0,0.053931,0
T_0000122354,1,0.943037,1
T_0000122404,0,0.032488,0
T_0000122413,1,0.992047,1
T_0000122474,1,0.989568,1
T_0000122512,1,0.024672,0
T_0000122552,1,0.982775,1
T_0000122601,0,0.134866,0
T_0000122645,1,0.947379,1
T_0000122666,1,0.977695,1
T_0000122705,0,0.073077,0
T_0000122753,0,0.063012,0
T_0000122804,1,0.101897,0
T_0000122865,1,0.795854,1
T_0000122869,1,0.990451,1
T_0000122899,0,0.043353,0
T_0000122936,1,0.967944,1
T_0000122958,1,0.950827,1
T_0000122999,1,0.993299,1
T_0000123005,1,0.959119,1
T_0000123040,0,0.015544,0
T_0000123056,1,0.955790,1
T_0000123059,1,0.972831,1
T_0000123067,1,0.101120,0
T_0000123075,1,0.996608,1
T_0000123106,0,0.050463,0
T_0000123217,1,0.982307,1
T_0000123234,1,0.169442,0
T_0000123252,1,0.968861,1
T_0000123255,0,0.083767,0
T_0000123275,1,0.987826,1
T_0000123280,1,0.989114,1
T_0000123336,1,0.958912,1
T_0000123357,1,0.260142,1
T_0000123371,0,0.039348,0
T_0000123374,1,0.983622,1
T_0000123397,1,0.991694,1
T_0000123399,0,0.012315,0
T_0000123401,0,0.088024,0
T_0000123416,1,0.897273,1
T_0000123434,1,0.975457,1
T_0000123442,1,0.999377,1
T_0000123451,1,0.996802,1
T_0000123457,1,0.866719,1
T_0000123460,1,0.995797,1
T_0000123521,1,0.733888,1
T_0000123565,1,0.981429,1
T_0000123577,1,0.989661,1
T_0000123582,1,0.997783,1
T_0000123586,1,0.239393,0
T_0000123595,1,0.062746,0
T_0000123605,1,0.999364,1
T_0000123609,1,0.915610,1
T_0000123662,1,0.998497,1
T_0000123672,0,0.257759,1
T_0000123685,1,0.994210,1
T_0000123699,0,0.070739,0
T_0000123720,1,0.997202,1
T_0000123724,0,0.022748,0
T_0000123768,1,0.189086,0
T_0000123828,1,0.995459,1
T_0000123864,1,0.992168,1
T_0000123907,0,0.049810,0
T_0000123912,1,0.992654,1
T_0000123920,0,0.100971,0
T_0000123937,1,0.509392,1
T_0000123956,1,0.419130,1
T_0000123962,1,0.075619,0
T_0000123982,1,0.158326,0
T_0000123994,1,0.996956,1
T_0000124015,1,0.952073,1
T_0000124070,1,0.890187,1
T_0000124076,1,0.662420,1
T_0000124089,1,0.980965,1
T_0000124149,1,0.997176,1
T_0000124200,1,0.123581,0
T_0000124273,1,0.999204,1
T_0000124288,0,0.057808,0
T_0000124365,1,0.815146,1
T_0000124368,1,0.996503,1
T_0000124377,1,0.980809,1
T_0000124387,1,0.762295,1
T_0000124413,0,0.065467,0
T_0000124434,1,0.988336,1
T_0000124495,1,0.975856,1
T_0000124504,1,0.994667,1
T_0000124523,1,0.982643,1
T_0000124533,0,0.154094,0
T_0000124568,1,0.987543,1
T_0000124592,1,0.986885,1
T_0000124606,1,0.938188,1
T_0000124608,1,0.731249,1
T_0000124624,1,0.561969,1
T_0000124631,0,0.131402,0
T_0000124655,1,0.936818,1
T_0000124670,1,0.967423,1
T_0000124715,0,0.029548,0
T_0000124717,0,0.084996,0
T_0000124817,1,0.676126,1
T_0000124885,1,0.981255,1
T_0000124886,0,0.025580,0
T_0000124923,1,0.960821,1
T_0000124933,0,0.013261,0
T_0000124952,0,0.033682,0
T_0000124970,1,0.987738,1
T_0000124971,1,0.994164,1
T_0000125039,1,0.957513,1
T_0000125046,1,0.974466,1
T_0000125074,1,0.326639,1
T_0000125082,0,0.018700,0
T_0000125097,1,0.953140,1
T_0000125118,1,0.970388,1
T_0000125146,1,0.924924,1
T_0000125175,1,0.997729,1
T_0000125178,1,0.987931,1
T_0000125186,0,0.024056,0
T_0000125228,1,0.998366,1
T_0000125253,0,0.032389,0
T_0000125265,1,0.957862,1
T_0000125284,0,0.029058,0
T_0000125299,1,0.983202,1
T_0000125336,1,0.723993,1
T_0000125338,1,0.562317,1
T_0000125382,1,0.930466,1
T_0000125440,1,0.994834,1
T_0000125446,1,0.991765,1
T_0000125447,1,0.976882,1
T_0000125522,1,0.937562,1
T_0000125523,1,0.987912,1
T_0000125526,1,0.990033,1
T_0000125529,1,0.984041,1
T_0000125548,1,0.976669,1
T_0000125568,1,0.991010,1
T_0000125595,1,0.994520,1
T_0000125597,0,0.061446,0
T_0000125599,1,0.987598,1
T_0000125607,0,0.075251,0
T_0000125609,1,0.994831,1
T_0000125631,1,0.981813,1
T_0000125645,0,0.020532,0
T_0000125687,1,0.986463,1
T_0000125765,0,0.009835,0
T_0000125819,0,0.060960,0
T_0000125855,1,0.155807,0
T_0000125862,0,0.033601,0
T_0000125870,1,0.128146,0
T_0000125914,1,0.982009,1
T_0000125924,0,0.132697,0
T_0000125945,1,0.997068,1
T_0000125974,1,0.995383,1
T_0000126008,1,0.997712,1
T_0000126043,1,0.350078,1
T_0000126082,0,0.104331,0
T_0000126093,0,0.042519,0
T_0000126129,1,0.991596,1
T_0000126154,1,0.930670,1
T_0000126155,1,0.937533,1
T_0000126173,1,0.057583,0
T_0000126175,1,0.919494,1
T_0000126200,1,0.984207,1
T_0000126210,1,0.954654,1
T_0000126214,1,0.995197,1
T_0000126257,1,0.993877,1
T_0000126265,1,0.243630,0
T_0000126302,0,0.032641,0
T_0000126308,0,0.039873,0
T_0000126315,0,0.154394,0
T_0000126317,0,0.090646,0
T_0000126341,1,0.994012,1
T_0000126378,0,0.000038,0
T_0000126382,1,0.890171,1
T_0000126422,1,0.989916,1
T_0000126437,1,0.869573,1
T_0000126471,1,0.397592,1
T_0000126555,1,0.795299,1
T_0000126561,1,0.993368,1
T_0000126583,1,0.915869,1
T_0000126595,1,0.995142,1
T_0000126611,1,0.994411,1
T_0000126648,0,0.073857,0
T_0000126677,1,0.366722,1
T_0000126678,1,0.994911,1
T_0000126686,0,0.059069,0
T_0000126688,1,0.343159,1
T_0000126705,0,0.035921,0
T_0000126712,1,0.871342,1
T_0000126728,1,0.990144,1
T_0000126762,1,0.963464,1
T_0000126763,1,0.992725,1
T_0000126816,1,0.997348,1
T_0000126833,0,0.163574,0
T_0000126842,1,0.943374,1
T_0000126848,0,0.061854,0
T_0000126859,0,0.063064,0
T_0000126883,1,0.962175,1
T_0000126890,0,0.031781,0
T_0000126899,1,0.980174,1
T_0000126939,1,0.817962,1
T_0000126993,1,0.977893,1
T_0000127003,1,0.429342,1
T_0000127016,1,0.964774,1
T_0000127025,1,0.963211,1
T_0000127030,1,0.285157,1
T_0000127056,0,0.013078,0
T_0000127093,1,0.987487,1
T_0000127119,1,0.477366,1
T_0000127171,1,0.034187,0
T_0000127172,1,0.938630,1
T_0000127208,1,0.993075,1
T_0000127235,0,0.003771,0
T_0000127273,1,0.993247,1
T_0000127275,0,0.010956,0
T_0000127279,0,0.042008,0
T_0000127310,1,0.912429,1
T_0000127311,1,0.819478,1
T_0000127363,0,0.056173,0
T_0000127376,1,0.989919,1
T_0000127472,1,0.986989,1
T_0000127474,0,0.043105,0
T_0000127485,0,0.035980,0
T_0000127494,1,0.909019,1
T_0000127513,1,0.876539,1
T_0000127522,1,0.973085,1
T_0000127523,0,0.071336,0
T_0000127529,0,0.073395,0
T_0000127575,1,0.886960,1
T_0000127611,1,0.849018,1
T_0000127659,1,0.993822,1
T_0000127669,1,0.944689,1
T_0000127687,1,0.998871,1
T_0000127712,0,0.138966,0
T_0000127738,0,0.053036,0
T_0000127746,1,0.992859,1
T_0000127752,1,0.956877,1
T_0000127774,1,0.278874,1
T_0000127785,0,0.238994,0
T_0000127807,0,0.019547,0
T_0000127817,1,0.313319,1
T_0000127876,1,0.291694,1
T_0000127916,1,0.075233,0
T_0000127923,1,0.942077,1
T_0000128016,0,0.009572,0
T_0000128029,0,0.026574,0
T_0000128045,1,0.986483,1
T_0000128089,1,0.994324,1
T_0000128101,1,0.978477,1
T_0000128121,1,0.078617,0
T_0000128128,1,0.747247,1
T_0000128172,1,0.907659,1
T_0000128177,1,0.990789,1
T_0000128210,0,0.041253,0
T_0000128235,1,0.996032,1
T_0000128269,1,0.667424,1
T_0000128291,1,0.999005,1
T_0000128306,1,0.996681,1
T_0000128314,1,0.908200,1
T_0000128330,1,0.988628,1
T_0000128343,0,0.098807,0
T_0000128357,1,0.961421,1
T_0000128409,0,0.037284,0
T_0000128412,1,0.997367,1
T_0000128416,1,0.964264,1
T_0000128441,0,0.025699,0
T_0000128500,0,0.029763,0
T_0000128522,1,0.388182,1
T_0000128544,1,0.945701,1
T_0000128598,0,0.093706,0
T_0000128626,1,0.171129,0
T_0000128629,1,0.987490,1
T_0000128653,0,0.007219,0
T_0000128675,1,0.295396,1
T_0000128681,1,0.992475,1
T_0000128696,1,0.996366,1
T_0000128706,1,0.168762,0
T_0000128734,1,0.986895,1
T_0000128811,1,0.176798,0
T_0000128858,1,0.941553,1
T_0000128869,1,0.986272,1
T_0000128882,1,0.595189,1
T_0000128903,0,0.016797,0
T_0000128904,1,0.986727,1
T_0000128912,0,0.224723,0
T_0000128923,1,0.631156,1
T_0000128950,1,0.719080,1
T_0000128982,1,0.861736,1
T_0000128988,1,0.640071,1
T_0000128994,1,0.997824,1
T_0000129036,0,0.118868,0
T_0000129102,1,0.973195,1
T_0000129130,0,0.026915,0
T_0000129136,0,0.035929,0
T_0000129181,1,0.991575,1
T_0000129203,1,0.995102,1
T_0000129230,1,0.989088,1
T_0000129233,1,0.980312,1
T_0000129258,0,0.046029,0
T_0000129275,0,0.021685,0
T_0000129306,1,0.989595,1
T_0000129308,0,0.107750,0
T_0000129318,1,0.953192,1
T_0000129320,1,0.953634,1
T_0000129350,0,0.064304,0
T_0000129379,1,0.985536,1
T_0000129424,1,0.989418,1
T_0000129428,0,0.049471,0
T_0000129430,0,0.009453,0
T_0000129445,1,0.926538,1
T_0000129448,0,0.034749,0
T_0000129456,0,0.061769,0
T_0000129500,1,0.766167,1
T_0000129517,1,0.988842,1
T_0000129540,0,0.059917,0
T_0000129574,0,0.041990,0
T_0000129586,0,0.022942,0
T_0000129599,1,0.990930,1
T_0000129625,0,0.013887,0
T_0000129650,0,0.014908,0
T_0000129656,0,0.047128,0
T_0000129664,0,0.103005,0
T_0000129669,1,0.932465,1
T_0000129676,1,0.992185,1
T_0000129703,0,0.140511,0
T_0000129705,1,0.380312,1
T_0000129736,1,0.988537,1
T_0000129770,0,0.027106,0
T_0000129820,1,0.986958,1
T_0000129831,1,0.497912,1
T_0000129842,1,0.991983,1
T_0000129844,1,0.959238,1
T_0000129861,0,0.063496,0
T_0000129864,0,0.065795,0
T_0000129878,1,0.944100,1
T_0000129942,0,0.035535,0
T_0000129982,1,0.994241,1
T_0000129995,1,0.992827,1
T_0000130038,0,0.029917,0
T_0000130058,1,0.978560,1
T_0000130085,1,0.486301,1
T_0000130088,1,0.886489,1
T_0000130093,1,0.882768,1
T_0000130111,1,0.989958,1
T_0000130133,1,0.965284,1
T_0000130138,0,0.101839,0
T_0000130144,1,0.991606,1
T_0000130158,1,0.717483,1
T_0000130176,1,0.996747,1
T_0000130189,1,0.650870,1
T_0000130213,1,0.998462,1
T_0000130219,1,0.996237,1
T_0000130252,1,0.953193,1
T_0000130274,0,0.018062,0
T_0000130283,0,0.071089,0
T_0000130284,0,0.026697,0
T_0000130296,0,0.073564,0
T_0000130302,0,0.021896,0
T_0000130309,1,0.179795,0
T_0000130345,0,0.064967,0
T_0000130360,0,0.040243,0
T_0000130362,0,0.057456,0
T_0000130405,1,0.995830,1
T_0000130452,0,0.087979,0
T_0000130470,1,0.670786,1
T_0000130481,0,0.057591,0
T_0000130495,0,0.036999,0
T_0000130516,0,0.146232,0
T_0000130525,0,0.099025,0
T_0000130528,1,0.112708,0
T_0000130530,1,0.955755,1
T_0000130538,0,0.021128,0
T_0000130551,1,0.991113,1
T_0000130594,1,0.998266,1
T_0000130602,1,0.915072,1
T_0000130624,1,0.998830,1
T_0000130642,1,0.930042,1
T_0000130650,1,0.989008,1
T_0000130652,1,0.981994,1
T_0000130653,1,0.605376,1
T_0000130656,0,0.120534,0
T_0000130683,0,0.070148,0
T_0000130707,1,0.996534,1
T_0000130722,1,0.997995,1
T_0000130746,0,0.178403,0
T_0000130770,1,0.842436,1
T_0000130794,1,0.982343,1
T_0000130829,1,0.878484,1
T_0000130850,1,0.991050,1
T_0000130873,1,0.794172,1
T_0000130902,1,0.995197,1
T_0000130929,0,0.040738,0
T_0000130974,1,0.980344,1
T_0000131027,1,0.977009,1
T_0000131040,1,0.988170,1
T_0000131065,0,0.027332,0
T_0000131068,0,0.097314,0
T_0000131071,1,0.938037,1
T_0000131078,1,0.994556,1
T_0000131081,1,0.640292,1
T_0000131092,1,0.996111,1
T_0000131109,1,0.127217,0
T_0000131123,1,0.995593,1
T_0000131199,0,0.081601,0
T_0000131226,1,0.966584,1
T_0000131272,0,0.033057,0
T_0000131275,1,0.993088,1
T_0000131301,0,0.108510,0
T_0000131303,0,0.253678,1
T_0000131324,0,0.198837,0
T_0000131334,0,0.057304,0
T_0000131461,1,0.672783,1
T_0000131501,1,0.913023,1
T_0000131520,0,0.048482,0
T_0000131533,0,0.038940,0
T_0000131550,1,0.995625,1
T_0000131554,1,0.168009,0
T_0000131555,1,0.358608,1
T_0000131589,0,0.022708,0
T_0000131605,1,0.223010,0
T_0000131633,1,0.996382,1
T_0000131640,1,0.998621,1
T_0000131652,1,0.994842,1
T_0000131746,1,0.977824,1
T_0000131750,0,0.071443,0
T_0000131763,0,0.334858,1
T_0000131806,0,0.040997,0
T_0000131807,1,0.988388,1
T_0000131810,1,0.927749,1
T_0000131828,1,0.991193,1
T_0000131866,1,0.209022,0
T_0000131872,0,0.102633,0
T_0000131889,1,0.981339,1
T_0000131927,1,0.117965,0
T_0000131969,1,0.992221,1
T_0000131977,0,0.012410,0
T_0000132016,1,0.996313,1
T_0000132030,0,0.103478,0
T_0000132056,1,0.967658,1
T_0000132068,0,0.069057,0
T_0000132082,1,0.454483,1
T_0000132136,0,0.092432,0
T_0000132151,1,0.950624,1
T_0000132166,1,0.992644,1
T_0000132199,0,0.174300,0
T_0000132235,1,0.997411,1
T_0000132247,1,0.493505,1
T_0000132285,1,0.988672,1
T_0000132299,1,0.986817,1
T_0000132317,1,0.997336,1
T_0000132318,1,0.779904,1
T_0000132319,1,0.987212,1
T_0000132389,1,0.983167,1
T_0000132440,1,0.994192,1
T_0000132476,0,0.031589,0
T_0000132506,1,0.994727,1
T_0000132513,0,0.021634,0
T_0000132547,1,0.952030,1
T_0000132587,0,0.128325,0
T_0000132594,0,0.042417,0
T_0000132599,1,0.097940,0
T_0000132618,1,0.989341,1
T_0000132640,1,0.997768,1
T_0000132652,1,0.040018,0
T_0000132705,1,0.601621,1
T_0000132732,1,0.739684,1
T_0000132752,1,0.992479,1
T_0000132762,0,0.049261,0
T_0000132801,1,0.993782,1
T_0000132826,1,0.362249,1
T_0000132837,1,0.878831,1
T_0000132864,0,0.108529,0
T_0000132870,0,0.089444,0
T_0000132872,1,0.306262,1
T_0000132911,1,0.970637,1
T_0000132932,1,0.997833,1
T_0000132942,1,0.979236,1
T_0000132943,0,0.035935,0
T_0000133035,1,0.830015,1
T_0000133037,0,0.092527,0
T_0000133079,0,0.016523,0
T_0000133085,1,0.138076,0
T_0000133090,0,0.066195,0
T_0000133119,1,0.983788,1
T_0000133121,0,0.077697,0
T_0000133171,0,0.192545,0
T_0000133176,1,0.898596,1
T_0000133178,1,0.941739,1
T_0000133204,1,0.997497,1
T_0000133209,1,0.040418,0
T_0000133229,1,0.762995,1
T_0000133248,0,0.145765,0
T_0000133262,0,0.122763,0
T_0000133290,1,0.987569,1
T_0000133306,0,0.218607,0
T_0000133329,1,0.982596,1
T_0000133407,0,0.082531,0
T_0000133424,1,0.976284,1
T_0000133426,0,0.058271,0
T_0000133452,0,0.186843,0
T_0000133464,1,0.994773,1
T_0000133480,1,0.996141,1
T_0000133485,1,0.978959,1
T_0000133548,1,0.962260,1
T_0000133552,1,0.157805,0
T_0000133556,0,0.041167,0
T_0000133603,0,0.041416,0
T_0000133709,1,0.952774,1
T_0000133768,1,0.987914,1
T_0000133907,1,0.898575,1
T_0000133913,0,0.070032,0
T_0000133923,1,0.983226,1
T_0000133941,1,0.343795,1
T_0000133993,1,0.938896,1
T_0000133997,1,0.989753,1
T_0000134005,1,0.915791,1
T_0000134016,1,0.996149,1
T_0000134035,0,0.026542,0
T_0000134125,0,0.093095,0
T_0000134128,1,0.989121,1
T_0000134130,1,0.987090,1
T_0000134141,1,0.230383,0
T_0000134209,0,0.091476,0
T_0000134213,0,0.096075,0
T_0000134228,1,0.847446,1
T_0000134312,0,0.036245,0
T_0000134378,1,0.183767,0
T_0000134467,1,0.084303,0
T_0000134472,1,0.963052,1
T_0000134486,0,0.092232,0
T_0000134502,1,0.993182,1
T_0000134515,1,0.972853,1
T_0000134526,1,0.559015,1
T_0000134528,1,0.956003,1
T_0000134546,0,0.048110,0
T_0000134558,1,0.996447,1
T_0000134696,0,0.107951,0
T_0000134700,1,0.991825,1
T_0000134708,1,0.990117,1
T_0000134725,0,0.038725,0
T_0000134742,1,0.994082,1
T_0000134744,1,0.956632,1
T_0000134779,1,0.113553,0
T_0000134816,1,0.981366,1
T_0000134870,1,0.995435,1
T_0000134881,0,0.006152,0
T_0000134883,0,0.025193,0
T_0000134905,1,0.171649,0
T_0000134912,1,0.965075,1
T_0000134916,1,0.992683,1
T_0000134930,1,0.979904,1
T_0000134934,1,0.964372,1
T_0000134991,1,0.969872,1
T_0000135048,1,0.409933,1
T_0000135092,1,0.947797,1
T_0000135105,0,0.133779,0
T_0000135145,1,0.990509,1
T_0000135147,0,0.056111,0
T_0000135194,0,0.176614,0
T_0000135204,1,0.993435,1
T_0000135234,0,0.050348,0
T_0000135312,0,0.054910,0
T_0000135328,1,0.970899,1
T_0000135350,0,0.020698,0
T_0000135352,1,0.989471,1
T_0000135372,1,0.983077,1
T_0000135405,1,0.459513,1
T_0000135505,1,0.991534,1
T_0000135549,1,0.947776,1
T_0000135553,1,0.058306,0
T_0000135564,1,0.974744,1
T_0000135575,1,0.966139,1
T_0000135615,1,0.993064,1
T_0000135640,1,0.989787,1
T_0000135642,0,0.022352,0
T_0000135668,1,0.174848,0
T_0000135677,0,0.059937,0
T_0000135714,1,0.972916,1
T_0000135775,0,0.123879,0
T_0000135776,1,0.971971,1
T_0000135803,0,0.047161,0
T_0000135805,1,0.980108,1
T_0000135847,0,0.082014,0
T_0000135875,0,0.181963,0
T_0000135891,1,0.988293,1
T_0000135914,1,0.999042,1
T_0000135933,0,0.026668,0
T_0000135937,1,0.997649,1
T_0000136002,1,0.925429,1
T_0000136063,1,0.942648,1
T_0000136075,1,0.998007,1
T_0000136112,1,0.955570,1
T_0000136132,1,0.988883,1
T_0000136134,1,0.995848,1
T_0000136153,1,0.983661,1
T_0000136166,0,0.043505,0
T_0000136196,0,0.100246,0
T_0000136214,1,0.990738,1
T_0000136228,1,0.986879,1
T_0000136230,1,0.986639,1
T_0000136234,1,0.968188,1
T_0000136264,1,0.996537,1
T_0000136304,1,0.999321,1
T_0000136319,1,0.955968,1
T_0000136368,0,0.038504,0
T_0000136445,0,0.028060,0
T_0000136450,1,0.983360,1
T_0000136457,1,0.257560,1
T_0000136497,1,0.937747,1
T_0000136501,0,0.032378,0
T_0000136505,1,0.248472,1
T_0000136525,0,0.077763,0
T_0000136550,1,0.988180,1
T_0000136606,1,0.998635,1
T_0000136623,1,0.995801,1
T_0000136627,0,0.031900,0
T_0000136648,0,0.183952,0
T_0000136652,1,0.989142,1
T_0000136659,1,0.992362,1
T_0000136665,1,0.926327,1
T_0000136682,1,0.991525,1
T_0000136714,1,0.951134,1
T_0000136725,0,0.130381,0
T_0000136735,0,0.020598,0
T_0000136739,0,0.047032,0
T_0000136756,1,0.996337,1
T_0000136764,0,0.171964,0
T_0000136774,1,0.607495,1
T_0000136775,1,0.988250,1
T_0000136777,0,0.101805,0
T_0000136783,0,0.090505,0
T_0000136785,1,0.157755,0
T_0000136786,1,0.998240,1
T_0000136792,1,0.992455,1
T_0000136838,1,0.892184,1
T_0000136842,0,0.026329,0
T_0000136843,1,0.981165,1
T_0000136861,1,0.961716,1
T_0000136884,0,0.076058,0
T_0000136887,1,0.995753,1
T_0000136910,1,0.991051,1
T_0000136952,0,0.015485,0
T_0000136971,0,0.016482,0
T_0000136980,1,0.997310,1
T_0000136994,1,0.998223,1
T_0000137000,0,0.057142,0
T_0000137005,0,0.016892,0
T_0000137056,1,0.967526,1
T_0000137077,1,0.995943,1
T_0000137202,0,0.104828,0
T_0000137215,1,0.047787,0
T_0000137216,1,0.974893,1
T_0000137261,1,0.991412,1
T_0000137272,1,0.955001,1
T_0000137276,1,0.948276,1
T_0000137288,0,0.071907,0
T_0000137346,1,0.077325,0
T_0000137354,0,0.024202,0
T_0000137405,0,0.082981,0
T_0000137416,1,0.980368,1
T_0000137446,1,0.962364,1
T_0000137458,1,0.924723,1
T_0000137470,0,0.005925,0
T_0000137473,1,0.982975,1
T_0000137480,1,0.996407,1
T_0000137522,0,0.156528,0
T_0000137525,1,0.498475,1
T_0000137555,1,0.868766,1
T_0000137576,1,0.963300,1
T_0000137581,1,0.870611,1
T_0000137590,1,0.155519,0
T_0000137669,0,0.074630,0
T_0000137688,1,0.978238,1
T_0000137689,1,0.975005,1
T_0000137691,1,0.089784,0
T_0000137692,1,0.983035,1
T_0000137700,1,0.882786,1
T_0000137717,1,0.381394,1
T_0000137739,1,0.989388,1
T_0000137743,0,0.048584,0
T_0000137746,1,0.978032,1
T_0000137759,0,0.034304,0
T_0000137772,0,0.109149,0
T_0000137794,1,0.919474,1
T_0000137849,0,0.032163,0
T_0000137868,1,0.951383,1
T_0000137879,0,0.056066,0
T_0000137899,1,0.994834,1
T_0000137904,1,0.935516,1
T_0000137915,1,0.514104,1
T_0000137927,0,0.097168,0
T_0000137930,0,0.080181,0
T_0000137989,0,0.043173,0
T_0000137996,1,0.919142,1
T_0000138017,1,0.998018,1
T_0000138018,0,0.025849,0
T_0000138087,1,0.996069,1
T_0000138121,1,0.996393,1
T_0000138122,0,0.021693,0
T_0000138192,0,0.060045,0
T_0000138194,1,0.355270,1
T_0000138224,1,0.989820,1
T_0000138230,0,0.020864,0
T_0000138252,1,0.979050,1
T_0000138279,1,0.977696,1
T_0000138286,1,0.995164,1
T_0000138292,1,0.138687,0
T_0000138335,1,0.989534,1
T_0000138354,0,0.075772,0
T_0000138396,1,0.062201,0
T_0000138400,0,0.121615,0
T_0000138409,1,0.089865,0
T_0000138434,1,0.977012,1
T_0000138464,1,0.997799,1
T_0000138473,1,0.468228,1
T_0000138499,0,0.162803,0
T_0000138519,1,0.995699,1
T_0000138524,0,0.105402,0
T_0000138595,1,0.991589,1
T_0000138636,1,0.993745,1
T_0000138657,1,0.968231,1
T_0000138668,1,0.928888,1
T_0000138737,0,0.056975,0
T_0000138808,0,0.034762,0
T_0000138814,1,0.987119,1
T_0000138830,1,0.976931,1
T_0000138841,1,0.997984,1
T_0000138872,0,0.081399,0
T_0000138878,1,0.992220,1
T_0000138880,1,0.999149,1
T_0000138884,1,0.997838,1
T_0000138926,0,0.038237,0
T_0000138981,0,0.025697,0
T_0000139041,0,0.020359,0
T_0000139064,1,0.872268,1
T_0000139114,0,0.028343,0
T_0000139118,0,0.032959,0
T_0000139164,1,0.322398,1
T_0000139166,0,0.125201,0
T_0000139188,1,0.993829,1
T_0000139221,1,0.995965,1
T_0000139238,1,0.991449,1
T_0000139260,0,0.093636,0
T_0000139275,0,0.068433,0
T_0000139286,0,0.063658,0
T_0000139291,1,0.994097,1
T_0000139295,0,0.072176,0
T_0000139329,1,0.894345,1
T_0000139347,0,0.072964,0
T_0000139378,1,0.989995,1
T_0000139389,0,0.041960,0
T_0000139400,1,0.997642,1
T_0000139461,1,0.998293,1
T_0000139491,1,0.988981,1
T_0000139526,0,0.026025,0
T_0000139528,1,0.585706,1
T_0000139667,0,0.087727,0
T_0000139681,1,0.985299,1
T_0000139685,0,0.054826,0
T_0000139712,0,0.066731,0
T_0000139730,1,0.969811,1
T_0000139741,0,0.020631,0
T_0000139784,1,0.991970,1
T_0000139802,1,0.531620,1
T_0000139829,1,0.995810,1
T_0000139834,1,0.995940,1
T_0000139849,0,0.019422,0
T_0000139982,1,0.974252,1
T_0000139988,1,0.993365,1
T_0000139998,1,0.994477,1
T_0000140006,0,0.059788,0
T_0000140027,0,0.021113,0
T_0000140040,0,0.002202,0
T_0000140067,0,0.008116,0
T_0000140068,1,0.999281,1
T_0000140074,0,0.069937,0
T_0000140076,0,0.020147,0
T_0000140117,0,0.653804,1
T_0000140121,0,0.034591,0
T_0000140127,0,0.041896,0
T_0000140170,0,0.018699,0
T_0000140175,1,0.994191,1
T_0000140211,1,0.985183,1
T_0000140214,1,0.970408,1
T_0000140240,0,0.062044,0
T_0000140263,0,0.078950,0
T_0000140282,0,0.018709,0
T_0000140283,0,0.032650,0
T_0000140303,1,0.993641,1
T_0000140315,1,0.994014,1
T_0000140343,1,0.907670,1
T_0000140352,1,0.969937,1
T_0000140378,0,0.030486,0
T_0000140428,1,0.996199,1
T_0000140453,1,0.986555,1
T_0000140458,1,0.526885,1
T_0000140460,0,0.043222,0
T_0000140464,1,0.981844,1
T_0000140497,0,0.004975,0
T_0000140556,0,0.377793,1
T_0000140566,1,0.585782,1
T_0000140573,1,0.974926,1
T_0000140589,1,0.986289,1
T_0000140607,0,0.099565,0
T_0000140691,1,0.991881,1
T_0000140702,0,0.044057,0
T_0000140705,1,0.934216,1
T_0000140781,1,0.079770,0
T_0000140793,1,0.981349,1
T_0000140795,0,0.075870,0
T_0000140858,1,0.911874,1
T_0000140929,1,0.995229,1
T_0000140963,1,0.989727,1
T_0000140980,0,0.028110,0
T_0000141016,0,0.026407,0
T_0000141030,1,0.914206,1
T_0000141095,1,0.988187,1
T_0000141151,1,0.935508,1
T_0000141168,0,0.013597,0
T_0000141183,1,0.986732,1
T_0000141208,1,0.996392,1
T_0000141209,1,0.118614,0
T_0000141212,1,0.989817,1
T_0000141232,0,0.012874,0
T_0000141253,1,0.313612,1
T_0000141262,0,0.114101,0
T_0000141282,0,0.200004,0
T_0000141300,1,0.075298,0
T_0000141316,1,0.992772,1
T_0000141334,1,0.929034,1
T_0000141373,0,0.128453,0
T_0000141429,1,0.993414,1
T_0000141442,1,0.758847,1
T_0000141463,1,0.955158,1
T_0000141487,1,0.986920,1
T_0000141492,1,0.965418,1
T_0000141494,1,0.977735,1
T_0000141520,1,0.972443,1
T_0000141530,0,0.116803,0
T_0000141532,0,0.025356,0
T_0000141537,1,0.902807,1
T_0000141545,1,0.604090,1
T_0000141560,0,0.048100,0
T_0000141588,1,0.969881,1
T_0000141591,1,0.683177,1
T_0000141609,0,0.056553,0
T_0000141631,1,0.070330,0
T_0000141671,1,0.996481,1
T_0000141675,1,0.995149,1
T_0000141682,0,0.071403,0
T_0000141704,0,0.093316,0
T_0000141706,0,0.080305,0
T_0000141754,0,0.185718,0
T_0000141775,1,0.986711,1
T_0000141787,1,0.980902,1
T_0000141860,1,0.651925,1
T_0000141862,1,0.910419,1
T_0000141872,1,0.977711,1
T_0000141875,1,0.991809,1
T_0000141886,0,0.041450,0
T_0000141909,0,0.063305,0
T_0000141910,1,0.931204,1
T_0000141957,1,0.949466,1
T_0000141981,1,0.991952,1
T_0000142023,1,0.995044,1
T_0000142072,0,0.128237,0
T_0000142083,1,0.999723,1
T_0000142091,1,0.989354,1
T_0000142106,1,0.910765,1
T_0000142143,0,0.032240,0
T_0000142157,1,0.779190,1
T_0000142173,1,0.889782,1
T_0000142203,1,0.989710,1
T_0000142239,1,0.990033,1
T_0000142267,0,0.059393,0
T_0000142294,1,0.971832,1
T_0000142312,1,0.997972,1
T_0000142329,1,0.930461,1
T_0000142330,1,0.765304,1
T_0000142399,1,0.995305,1
T_0000142409,0,0.098119,0
T_0000142410,1,0.952201,1
T_0000142420,1,0.705390,1
T_0000142453,0,0.045312,0
T_0000142497,1,0.997336,1
T_0000142499,0,0.054404,0
T_0000142500,0,0.065834,0
T_0000142540,0,0.126692,0
T_0000142551,0,0.054803,0
T_0000142555,1,0.995662,1
T_0000142562,1,0.996386,1
T_0000142584,0,0.163036,0
T_0000142614,1,0.972927,1
T_0000142624,0,0.104208,0
T_0000142627,0,0.069006,0
T_0000142640,1,0.875883,1
T_0000142646,1,0.918875,1
T_0000142654,1,0.988823,1
T_0000142656,1,0.988096,1
T_0000142684,1,0.983026,1
T_0000142760,1,0.980987,1
T_0000142821,1,0.501163,1
T_0000142822,1,0.974607,1
T_0000142826,1,0.851361,1
T_0000142875,1,0.981576,1
T_0000142897,1,0.090391,0
T_0000142924,1,0.512288,1
T_0000142934,1,0.365006,1
T_0000142946,1,0.876351,1
T_0000142969,1,0.992733,1
T_0000142992,1,0.998638,1
T_0000143001,0,0.035904,0
T_0000143002,0,0.104335,0
T_0000143015,1,0.996902,1
T_0000143016,1,0.922067,1
T_0000143022,1,0.997025,1
T_0000143039,1,0.949272,1
T_0000143064,1,0.903654,1
T_0000143113,1,0.074904,0
T_0000143125,1,0.092623,0
T_0000143153,0,0.033692,0
T_0000143155,1,0.905203,1
T_0000143159,0,0.145540,0
T_0000143223,1,0.021230,0
T_0000143225,0,0.029991,0
T_0000143234,0,0.106225,0
T_0000143278,0,0.017210,0
T_0000143292,0,0.034130,0
T_0000143293,1,0.771086,1
T_0000143297,1,0.992032,1
T_0000143316,1,0.827459,1
T_0000143318,0,0.054747,0
T_0000143320,0,0.021660,0
T_0000143348,1,0.983446,1
T_0000143349,1,0.993322,1
T_0000143353,0,0.050094,0
T_0000143429,1,0.986569,1
T_0000143437,1,0.926422,1
T_0000143457,1,0.995414,1
T_0000143498,1,0.987703,1
T_0000143507,0,0.125009,0
T_0000143555,0,0.013527,0
T_0000143564,1,0.994208,1
T_0000143583,1,0.988259,1
T_0000143584,1,0.368691,1
T_0000143610,1,0.984077,1
T_0000143626,1,0.991197,1
T_0000143633,1,0.993959,1
T_0000143712,1,0.993663,1
T_0000143723,1,0.908287,1
T_0000143727,1,0.996271,1
T_0000143736,1,0.983695,1
T_0000143759,1,0.445514,1
T_0000143763,1,0.993822,1
T_0000143783,1,0.990702,1
T_0000143798,0,0.079088,0
T_0000143811,0,0.038696,0
T_0000143823,1,0.993281,1
T_0000143854,1,0.994866,1
T_0000143867,1,0.988048,1
T_0000143874,0,0.013716,0
T_0000143886,1,0.994618,1
T_0000143897,1,0.998818,1
T_0000143910,1,0.993423,1
T_0000143936,1,0.996545,1
T_0000143940,1,0.996811,1
T_0000143942,1,0.993204,1
T_0000143952,1,0.993291,1
T_0000143958,0,0.042139,0
T_0000144029,0,0.150693,0
T_0000144032,1,0.855967,1
T_0000144042,1,0.995504,1
T_0000144043,0,0.000959,0
T_0000144058,1,0.561675,1
T_0000144060,0,0.162822,0
T_0000144143,1,0.216467,0
T_0000144172,1,0.802343,1
T_0000144184,1,0.999445,1
T_0000144216,0,0.031791,0
T_0000144259,1,0.994366,1
T_0000144263,1,0.739663,1
T_0000144303,1,0.586619,1
T_0000144306,1,0.988155,1
T_0000144363,1,0.978297,1
T_0000144371,0,0.023508,0
T_0000144383,0,0.112568,0
T_0000144385,1,0.859543,1
T_0000144417,0,0.052183,0
T_0000144427,1,0.992373,1
T_0000144444,1,0.935683,1
T_0000144450,1,0.419340,1
T_0000144472,1,0.995058,1
T_0000144491,0,0.254616,1
T_0000144517,1,0.821190,1
T_0000144520,1,0.978590,1
T_0000144536,1,0.982958,1
T_0000144560,1,0.969549,1
T_0000144567,1,0.336105,1
T_0000144574,1,0.992875,1
T_0000144591,1,0.904454,1
T_0000144608,1,0.925462,1
T_0000144629,0,0.142605,0
T_0000144638,1,0.992763,1
T_0000144649,1,0.832957,1
T_0000144657,1,0.701643,1
T_0000144659,1,0.774869,1
T_0000144742,1,0.989282,1
T_0000144782,0,0.169470,0
T_0000144821,1,0.974989,1
T_0000144831,1,0.939724,1
T_0000144863,1,0.902088,1
T_0000144944,1,0.988453,1
T_0000144971,1,0.995650,1
T_0000145049,0,0.016314,0
T_0000145057,0,0.122920,0
T_0000145059,1,0.486181,1
T_0000145064,1,0.214950,0
T_0000145087,1,0.886231,1
T_0000145104,0,0.021900,0
T_0000145108,0,0.056340,0
T_0000145114,1,0.821719,1
T_0000145156,0,0.064884,0
T_0000145179,1,0.990399,1
T_0000145197,1,0.826420,1
T_0000145217,1,0.993421,1
T_0000145231,1,0.929810,1
T_0000145238,1,0.991009,1
T_0000145255,0,0.035798,0
T_0000145261,0,0.011056,0
T_0000145262,1,0.988219,1
T_0000145266,1,0.970284,1
T_0000145277,1,0.819795,1
T_0000145315,1,0.908346,1
T_0000145330,1,0.987536,1
T_0000145343,0,0.033322,0
T_0000145348,1,0.953403,1
T_0000145391,1,0.997161,1
T_0000145420,0,0.254577,1
T_0000145466,1,0.998980,1
T_0000145478,0,0.036227,0
T_0000145481,1,0.951939,1
T_0000145496,1,0.986504,1
T_0000145498,0,0.194056,0
T_0000145512,0,0.060854,0
T_0000145527,0,0.153131,0
T_0000145575,0,0.074755,0
T_0000145580,1,0.995111,1
T_0000145581,0,0.014996,0
T_0000145594,1,0.995728,1
T_0000145612,1,0.969424,1
T_0000145642,1,0.990507,1
T_0000145693,0,0.016914,0
T_0000145700,1,0.927075,1
T_0000145706,1,0.978645,1
T_0000145739,1,0.982012,1
T_0000145785,1,0.905400,1
T_0000145786,1,0.987813,1
T_0000145799,1,0.426489,1
T_0000145809,1,0.991638,1
T_0000145810,0,0.015966,0
T_0000145832,1,0.980202,1
T_0000145852,0,0.054925,0
T_0000145865,1,0.267613,1
T_0000145874,1,0.904043,1
T_0000145882,0,0.025603,0
T_0000145890,0,0.006978,0
T_0000145916,1,0.049679,0
T_0000145957,0,0.161310,0
T_0000146000,1,0.965564,1
T_0000146015,1,0.988635,1
T_0000146041,1,0.989064,1
T_0000146094,1,0.995078,1
T_0000146098,1,0.894960,1
T_0000146130,1,0.044047,0
T_0000146146,1,0.968955,1
T_0000146177,1,0.441990,1
T_0000146204,1,0.070404,0
T_0000146220,1,0.990561,1
T_0000146230,1,0.985346,1
T_0000146246,1,0.982795,1
T_0000146248,1,0.956491,1
T_0000146263,0,0.008253,0
T_0000146276,0,0.006496,0
T_0000146280,1,0.984273,1
T_0000146312,1,0.957563,1
T_0000146343,1,0.924423,1
T_0000146371,1,0.962415,1
T_0000146380,1,0.116129,0
T_0000146425,1,0.993509,1
T_0000146427,1,0.992925,1
T_0000146461,1,0.994971,1
T_0000146472,0,0.045157,0
T_0000146475,1,0.618717,1
T_0000146538,1,0.808512,1
T_0000146544,0,0.049923,0
T_0000146560,1,0.273375,1
T_0000146568,0,0.027758,0
T_0000146608,1,0.541218,1
T_0000146632,0,0.175589,0
T_0000146635,0,0.064354,0
T_0000146661,1,0.983108,1
T_0000146673,1,0.990018,1
T_0000146702,0,0.013480,0
T_0000146708,1,0.239962,0
T_0000146736,1,0.991056,1
T_0000146751,1,0.998234,1
T_0000146753,1,0.990049,1
T_0000146762,1,0.994907,1
T_0000146786,1,0.631370,1
T_0000146831,0,0.041659,0
T_0000146849,1,0.977492,1
T_0000146850,1,0.987162,1
T_0000146879,1,0.951782,1
T_0000146904,0,0.061480,0
T_0000146907,0,0.052723,0
T_0000146919,1,0.992699,1
T_0000146928,1,0.987922,1
T_0000146931,1,0.172453,0
T_0000146955,1,0.960511,1
T_0000146967,1,0.994358,1
T_0000147003,1,0.976612,1
T_0000147015,1,0.683018,1
T_0000147020,1,0.995030,1
T_0000147081,1,0.990715,1
T_0000147111,1,0.996199,1
T_0000147119,0,0.019884,0
T_0000147128,1,0.971313,1
T_0000147136,1,0.609169,1
T_0000147142,1,0.864525,1
T_0000147181,1,0.405389,1
T_0000147185,1,0.962373,1
T_0000147246,0,0.167751,0
T_0000147248,1,0.278736,1
T_0000147288,1,0.998485,1
T_0000147335,1,0.948639,1
T_0000147341,0,0.033125,0
T_0000147344,1,0.952986,1
T_0000147347,0,0.061174,0
T_0000147348,1,0.987924,1
T_0000147391,1,0.960259,1
T_0000147431,0,0.111989,0
T_0000147477,1,0.994564,1
T_0000147517,0,0.057230,0
T_0000147523,0,0.008223,0
T_0000147528,1,0.315186,1
T_0000147554,1,0.982885,1
T_0000147590,0,0.094751,0
T_0000147598,1,0.936875,1
T_0000147615,1,0.996015,1
T_0000147631,1,0.995965,1
T_0000147637,1,0.981210,1
T_0000147640,1,0.981752,1
T_0000147718,1,0.984853,1
T_0000147742,0,0.062983,0
T_0000147756,1,0.997692,1
T_0000147766,0,0.032815,0
T_0000147776,1,0.982132,1
T_0000147777,1,0.985231,1
T_0000147847,1,0.956935,1
T_0000147893,0,0.044160,0
T_0000147904,1,0.968348,1
T_0000147925,1,0.979775,1
T_0000147942,1,0.051741,0
T_0000147944,1,0.998996,1
T_0000147958,0,0.032613,0
T_0000148008,0,0.088586,0
T_0000148036,0,0.013599,0
T_0000148046,1,0.987003,1
T_0000148087,1,0.999304,1
T_0000148104,1,0.978934,1
T_0000148117,1,0.998923,1
T_0000148125,1,0.991185,1
T_0000148134,1,0.967555,1
T_0000148137,1,0.918345,1
T_0000148176,1,0.568397,1
T_0000148184,1,0.607213,1
T_0000148235,1,0.990551,1
T_0000148267,1,0.995318,1
T_0000148282,1,0.674812,1
T_0000148300,1,0.794793,1
T_0000148317,1,0.996503,1
T_0000148326,1,0.990463,1
T_0000148351,1,0.988144,1
T_0000148367,1,0.881603,1
T_0000148370,1,0.910292,1
T_0000148379,1,0.993347,1
T_0000148406,0,0.106804,0
T_0000148475,1,0.962450,1
T_0000148478,1,0.903400,1
T_0000148517,1,0.862976,1
T_0000148532,1,0.990243,1
T_0000148592,1,0.975461,1
T_0000148602,0,0.074576,0
T_0000148625,1,0.993382,1
T_0000148631,1,0.998964,1
T_0000148633,1,0.278287,1
T_0000148698,0,0.032004,0
T_0000148699,1,0.993082,1
T_0000148704,0,0.029053,0
T_0000148705,0,0.053972,0
T_0000148722,1,0.989706,1
T_0000148744,1,0.980557,1
T_0000148771,1,0.986838,1
T_0000148780,0,0.087384,0
T_0000148783,1,0.995523,1
T_0000148798,1,0.996872,1
T_0000148823,0,0.124678,0
T_0000148833,1,0.743122,1
T_0000148851,1,0.095542,0
T_0000148854,1,0.817834,1
T_0000148908,0,0.012686,0
T_0000148909,1,0.992689,1
T_0000148993,1,0.836964,1
T_0000149012,1,0.999168,1
T_0000149014,0,0.118303,0
T_0000149048,0,0.029236,0
T_0000149052,0,0.109336,0
T_0000149103,1,0.984254,1
T_0000149107,1,0.973694,1
T_0000149131,1,0.363739,1
T_0000149150,0,0.071048,0
T_0000149170,1,0.845085,1
T_0000149225,0,0.120298,0
T_0000149228,0,0.193863,0
T_0000149269,0,0.081799,0
T_0000149279,1,0.989654,1
T_0000149311,1,0.844321,1
T_0000149313,1,0.907989,1
T_0000149345,1,0.932155,1
T_0000149351,1,0.989823,1
T_0000149372,1,0.993641,1
T_0000149373,1,0.997490,1
T_0000149381,1,0.997005,1
T_0000149418,1,0.902442,1
T_0000149426,0,0.035495,0
T_0000149456,0,0.017387,0
T_0000149494,0,0.198266,0
T_0000149510,1,0.986128,1
T_0000149528,1,0.771895,1
T_0000149602,1,0.975382,1
T_0000149693,1,0.986704,1
T_0000149705,0,0.018311,0
T_0000149749,1,0.933029,1
T_0000149764,0,0.065582,0
T_0000149770,1,0.943640,1
T_0000149828,1,0.232120,0
T_0000149839,1,0.099518,0
T_0000149845,1,0.941525,1
T_0000149880,0,0.040870,0
T_0000149895,0,0.058798,0
T_0000149899,1,0.044233,0
T_0000149931,1,0.995867,1
T_0000149941,1,0.930344,1
T_0000149991,1,0.907348,1
T_0000150046,1,0.997172,1
T_0000150081,1,0.964439,1
T_0000150134,1,0.995265,1
T_0000150153,1,0.982367,1
T_0000150201,1,0.985512,1
T_0000150209,0,0.045614,0
T_0000150225,0,0.032496,0
T_0000150228,0,0.096051,0
T_0000150257,0,0.015889,0
T_0000150261,1,0.947872,1
T_0000150263,0,0.025785,0
T_0000150270,1,0.990920,1
T_0000150312,0,0.009074,0
T_0000150344,0,0.012636,0
T_0000150359,1,0.971755,1
T_0000150375,1,0.963534,1
T_0000150409,1,0.969025,1
T_0000150445,0,0.109167,0
T_0000150454,1,0.993298,1
T_0000150462,1,0.994626,1
T_0000150514,1,0.971842,1
T_0000150591,0,0.004188,0
T_0000150612,1,0.971410,1
T_0000150624,0,0.015927,0
T_0000150690,1,0.674059,1
T_0000150700,1,0.698507,1
T_0000150750,0,0.088719,0
T_0000150758,0,0.129371,0
T_0000150763,1,0.990858,1
T_0000150765,0,0.044599,0
T_0000150816,1,0.869864,1
T_0000150819,1,0.975281,1
T_0000150830,1,0.879734,1
T_0000150831,1,0.983190,1
T_0000150843,1,0.844336,1
T_0000150860,1,0.983265,1
T_0000150885,1,0.982152,1
T_0000150887,0,0.047224,0
T_0000150891,1,0.988129,1
T_0000150898,1,0.994200,1
T_0000150916,0,0.032087,0
T_0000150924,1,0.814429,1
T_0000151042,1,0.915941,1
T_0000151044,0,0.124224,0
T_0000151053,1,0.856533,1
T_0000151068,0,0.027258,0
T_0000151116,1,0.994141,1
T_0000151125,0,0.021613,0
T_0000151136,0,0.024085,0
T_0000151178,1,0.984716,1
T_0000151180,0,0.033617,0
T_0000151182,0,0.027566,0
T_0000151207,1,0.361610,1
T_0000151215,1,0.997997,1
T_0000151246,1,0.998865,1
T_0000151247,1,0.356056,1
T_0000151257,1,0.859070,1
T_0000151295,1,0.645871,1
T_0000151308,0,0.077026,0
T_0000151329,1,0.980245,1
T_0000151331,1,0.676016,1
T_0000151333,1,0.994464,1
T_0000151361,0,0.028849,0
T_0000151369,1,0.080348,0
T_0000151416,1,0.128957,0
T_0000151422,1,0.996403,1
T_0000151428,1,0.970924,1
T_0000151489,1,0.996781,1
T_0000151491,1,0.126846,0
T_0000151516,0,0.011797,0
T_0000151577,0,0.028306,0
T_0000151593,1,0.023556,0
T_0000151601,1,0.890689,1
T_0000151613,0,0.003083,0
T_0000151619,1,0.997371,1
T_0000151629,1,0.874042,1
T_0000151656,1,0.995197,1
T_0000151662,1,0.997874,1
T_0000151680,1,0.993575,1
T_0000151695,1,0.327039,1
T_0000151711,0,0.040576,0
T_0000151715,1,0.999295,1
T_0000151725,1,0.996500,1
T_0000151733,0,0.062179,0
T_0000151748,1,0.038254,0
T_0000151774,0,0.039576,0
T_0000151779,1,0.214970,0
T_0000151780,1,0.976387,1
T_0000151784,1,0.999091,1
T_0000151792,1,0.973042,1
T_0000151808,0,0.021659,0
T_0000151809,0,0.038394,0
T_0000151819,0,0.054694,0
T_0000151851,1,0.887082,1
T_0000151856,0,0.050432,0
T_0000151889,1,0.982774,1
T_0000151897,1,0.969325,1
T_0000151911,1,0.945015,1
T_0000151916,1,0.992270,1
T_0000151937,1,0.977141,1
T_0000151951,1,0.864093,1
T_0000151965,1,0.995157,1
T_0000151978,1,0.462934,1
T_0000152039,0,0.256261,1
T_0000152040,0,0.052802,0
T_0000152059,1,0.999701,1
T_0000152091,1,0.826178,1
T_0000152099,1,0.988922,1
T_0000152133,1,0.909238,1
T_0000152138,1,0.895778,1
T_0000152175,0,0.075090,0
T_0000152179,1,0.657044,1
T_0000152185,0,0.017028,0
T_0000152189,1,0.997193,1
T_0000152203,1,0.998038,1
T_0000152215,1,0.999319,1
T_0000152249,1,0.940335,1
T_0000152318,1,0.982843,1
T_0000152340,1,0.524727,1
T_0000152370,1,0.993990,1
T_0000152438,1,0.966359,1
T_0000152501,0,0.031862,0
T_0000152541,1,0.999395,1
T_0000152561,0,0.090915,0
T_0000152574,0,0.038976,0
T_0000152598,1,0.998370,1
T_0000152608,0,0.107930,0
T_0000152687,1,0.987341,1
T_0000152690,0,0.044252,0
T_0000152717,1,0.652258,1
T_0000152722,0,0.106648,0
T_0000152828,0,0.070419,0
T_0000152839,0,0.138888,0
T_0000152870,1,0.951541,1
T_0000152893,0,0.042386,0
T_0000152901,1,0.948229,1
T_0000152931,1,0.996658,1
T_0000152979,0,0.021903,0
T_0000153016,1,0.115486,0
T_0000153038,1,0.988439,1
T_0000153044,1,0.960851,1
T_0000153046,1,0.999205,1
T_0000153066,1,0.989678,1
T_0000153074,1,0.994514,1
T_0000153081,0,0.026220,0
T_0000153092,1,0.127194,0
T_0000153122,1,0.981617,1
T_0000153170,1,0.933170,1
T_0000153172,1,0.996979,1
T_0000153177,1,0.990028,1
T_0000153215,1,0.107575,0
T_0000153300,1,0.045698,0
T_0000153307,1,0.997274,1
T_0000153332,0,0.044619,0
T_0000153372,0,0.015918,0
T_0000153396,1,0.836375,1
T_0000153402,1,0.994066,1
T_0000153408,1,0.991671,1
T_0000153460,1,0.994104,1
T_0000153468,1,0.994120,1
T_0000153471,1,0.956243,1
T_0000153522,1,0.792568,1
T_0000153523,1,0.987622,1
T_0000153529,0,0.035435,0
T_0000153533,0,0.009848,0
T_0000153562,1,0.995394,1
T_0000153609,1,0.329128,1
T_0000153669,1,0.994026,1
T_0000153674,0,0.032530,0
T_0000153697,1,0.993405,1
T_0000153701,0,0.035363,0
T_0000153752,1,0.087466,0
T_0000153756,0,0.081441,0
T_0000153762,1,0.997081,1
T_0000153787,1,0.996424,1
T_0000153794,1,0.988807,1
T_0000153817,0,0.113261,0
T_0000153863,0,0.003385,0
T_0000153867,0,0.081803,0
T_0000153883,1,0.968517,1
T_0000153926,1,0.996401,1
T_0000153928,1,0.146614,0
T_0000153932,1,0.987434,1
T_0000153934,1,0.994286,1
T_0000153935,1,0.983360,1
T_0000153938,1,0.966775,1
T_0000153943,1,0.958822,1
T_0000153966,1,0.990593,1
T_0000154029,1,0.934841,1
T_0000154036,1,0.983066,1
T_0000154038,1,0.998139,1
T_0000154051,1,0.997712,1
T_0000154070,0,0.074713,0
T_0000154075,1,0.971819,1
T_0000154080,1,0.989636,1
T_0000154098,1,0.984891,1
T_0000154102,0,0.071350,0
T_0000154155,1,0.854414,1
T_0000154183,0,0.066284,0
T_0000154199,1,0.996253,1
T_0000154206,1,0.957431,1
T_0000154219,1,0.526915,1
T_0000154230,1,0.854772,1
T_0000154245,1,0.981852,1
T_0000154249,1,0.696295,1
T_0000154253,0,0.041830,0
T_0000154257,1,0.617877,1
T_0000154270,0,0.132738,0
T_0000154286,1,0.981582,1
T_0000154376,0,0.182102,0
T_0000154398,0,0.068449,0
T_0000154449,0,0.238730,0
T_0000154461,0,0.020824,0
T_0000154502,1,0.933805,1
T_0000154528,0,0.082641,0
T_0000154534,1,0.986337,1
T_0000154573,0,0.031081,0
T_0000154603,1,0.907615,1
T_0000154612,1,0.997013,1
T_0000154636,0,0.029678,0
T_0000154686,0,0.029577,0
T_0000154713,0,0.043328,0
T_0000154737,1,0.997015,1
T_0000154750,1,0.987397,1
T_0000154758,1,0.405715,1
T_0000154759,1,0.991137,1
T_0000154774,1,0.252843,1
T_0000154838,0,0.038804,0
T_0000154864,1,0.993108,1
T_0000154876,0,0.177797,0
T_0000155014,1,0.984272,1
T_0000155034,0,0.041431,0
T_0000155043,1,0.963711,1
T_0000155055,1,0.979482,1
T_0000155064,0,0.087566,0
T_0000155074,1,0.686116,1
T_0000155133,1,0.979442,1
T_0000155170,1,0.987211,1
T_0000155190,1,0.987802,1
T_0000155253,0,0.048840,0
T_0000155258,1,0.600462,1
T_0000155274,1,0.995638,1
T_0000155278,1,0.980500,1
T_0000155341,0,0.055216,0
T_0000155355,1,0.960118,1
T_0000155365,1,0.993996,1
T_0000155373,1,0.990356,1
T_0000155379,1,0.996833,1
T_0000155429,1,0.797997,1
T_0000155464,0,0.020791,0
T_0000155528,0,0.068777,0
T_0000155562,1,0.915193,1
T_0000155577,1,0.989440,1
T_0000155578,1,0.700345,1
T_0000155581,1,0.954881,1
T_0000155589,1,0.996231,1
T_0000155593,1,0.992367,1
T_0000155602,1,0.986337,1
T_0000155608,1,0.950662,1
T_0000155621,0,0.187131,0
T_0000155624,0,0.018206,0
T_0000155636,1,0.317247,1
T_0000155643,1,0.990848,1
T_0000155672,1,0.988576,1
T_0000155694,0,0.033082,0
T_0000155697,1,0.990339,1
T_0000155806,1,0.996339,1
T_0000155847,1,0.989059,1
T_0000155917,1,0.993179,1
T_0000155921,0,0.299700,1
T_0000155933,0,0.009415,0
T_0000155943,1,0.952520,1
T_0000156001,1,0.996794,1
T_0000156034,0,0.032721,0
T_0000156038,0,0.242511,0
T_0000156045,1,0.923364,1
T_0000156070,1,0.962771,1
T_0000156094,1,0.992417,1
T_0000156106,0,0.044710,0
T_0000156133,1,0.993480,1
T_0000156137,1,0.995438,1
T_0000156146,1,0.996325,1
T_0000156152,1,0.974428,1
T_0000156162,1,0.995419,1
T_0000156198,0,0.016688,0
T_0000156205,0,0.016928,0
T_0000156206,0,0.304316,1
T_0000156217,0,0.056398,0
T_0000156262,0,0.004810,0
T_0000156270,0,0.014626,0
T_0000156332,0,0.097904,0
T_0000156347,1,0.993267,1
T_0000156418,0,0.037008,0
T_0000156448,1,0.993901,1
T_0000156524,1,0.991087,1
T_0000156557,1,0.504441,1
T_0000156629,0,0.037722,0
T_0000156654,1,0.936425,1
T_0000156664,1,0.956579,1
T_0000156681,1,0.957990,1
T_0000156701,1,0.202342,0
T_0000156731,1,0.263561,1
T_0000156744,1,0.990105,1
T_0000156753,0,0.016325,0
T_0000156762,0,0.050296,0
T_0000156806,1,0.988304,1
T_0000156807,1,0.989576,1
T_0000156844,1,0.957153,1
T_0000156851,1,0.992273,1
T_0000156853,0,0.070890,0
T_0000156857,0,0.013292,0
T_0000156876,1,0.957383,1
T_0000156898,0,0.149151,0
T_0000156903,1,0.996457,1
T_0000156914,0,0.181131,0
T_0000156943,1,0.997803,1
T_0000156950,1,0.083581,0
T_0000156953,1,0.997222,1
T_0000156986,1,0.975162,1
T_0000156992,1,0.999214,1
T_0000156996,0,0.021737,0
T_0000157038,1,0.922700,1
T_0000157045,0,0.062966,0
T_0000157065,1,0.930474,1
T_0000157076,1,0.981964,1
T_0000157111,0,0.068244,0
T_0000157117,0,0.009809,0
T_0000157162,0,0.027784,0
T_0000157185,0,0.052620,0
T_0000157187,1,0.922722,1
T_0000157226,1,0.992941,1
T_0000157239,1,0.885408,1
T_0000157246,1,0.969123,1
T_0000157277,1,0.958717,1
T_0000157280,1,0.390975,1
T_0000157319,1,0.983707,1
T_0000157320,1,0.991440,1
T_0000157325,0,0.029812,0
T_0000157344,1,0.992882,1
T_0000157349,0,0.034385,0
T_0000157384,1,0.985593,1
T_0000157407,0,0.039775,0
T_0000157467,1,0.996185,1
T_0000157480,1,0.929610,1
T_0000157487,1,0.938984,1
T_0000157533,0,0.060220,0
T_0000157549,1,0.969892,1
T_0000157592,1,0.965579,1
T_0000157596,1,0.995760,1
T_0000157599,1,0.994509,1
T_0000157723,0,0.037342,0
T_0000157743,1,0.993643,1
T_0000157756,1,0.996263,1
T_0000157759,1,0.946420,1
T_0000157778,0,0.057947,0
T_0000157804,1,0.983660,1
T_0000157812,1,0.351918,1
T_0000157825,1,0.984719,1
T_0000157842,1,0.983229,1
T_0000157848,0,0.038848,0
T_0000157861,1,0.985067,1
T_0000157875,1,0.705466,1
T_0000157887,1,0.865361,1
T_0000157895,0,0.024814,0
T_0000157913,1,0.998465,1
T_0000157915,0,0.067856,0
T_0000157935,0,0.109273,0
T_0000157961,1,0.915815,1
T_0000157971,1,0.320907,1
T_0000158021,1,0.841540,1
T_0000158036,1,0.787490,1
T_0000158114,1,0.844397,1
T_0000158133,0,0.033515,0
T_0000158179,1,0.271748,1
T_0000158221,0,0.030306,0
T_0000158243,1,0.988962,1
T_0000158251,1,0.792671,1
T_0000158256,1,0.316098,1
T_0000158282,1,0.259327,1
T_0000158286,0,0.123744,0
T_0000158306,1,0.997814,1
T_0000158307,1,0.164828,0
T_0000158349,1,0.995913,1
T_0000158359,1,0.980838,1
T_0000158386,0,0.076859,0
T_0000158408,0,0.032181,0
T_0000158461,1,0.304822,1
T_0000158467,1,0.998972,1
T_0000158578,0,0.121698,0
T_0000158579,0,0.059701,0
T_0000158587,1,0.866649,1
T_0000158653,1,0.811555,1
T_0000158660,1,0.991905,1
T_0000158724,1,0.053435,0
T_0000158742,1,0.138244,0
T_0000158780,1,0.994426,1
T_0000158789,1,0.988112,1
T_0000158845,1,0.822934,1
T_0000158858,0,0.067498,0
T_0000158883,1,0.996021,1
T_0000158896,1,0.932596,1
T_0000158928,1,0.976660,1
T_0000158945,0,0.043079,0
T_0000158977,1,0.964584,1
T_0000158989,0,0.058817,0
T_0000159039,1,0.975256,1
T_0000159040,1,0.891053,1
T_0000159095,0,0.646951,1
T_0000159122,1,0.105190,0
T_0000159145,0,0.331145,1
T_0000159149,0,0.044194,0
T_0000159152,0,0.054018,0
T_0000159198,1,0.991588,1
T_0000159203,1,0.978660,1
T_0000159213,1,0.948951,1
T_0000159231,1,0.948749,1
T_0000159237,1,0.991556,1
T_0000159250,1,0.989230,1
T_0000159278,1,0.940066,1
T_0000159319,1,0.359178,1
T_0000159331,1,0.989541,1
T_0000159356,0,0.042777,0
T_0000159420,1,0.994975,1
T_0000159436,1,0.935837,1
T_0000159441,1,0.919267,1
T_0000159470,1,0.153401,0
T_0000159474,1,0.993130,1
T_0000159476,1,0.997021,1
T_0000159553,0,0.057030,0
T_0000159557,0,0.089840,0
T_0000159585,1,0.978937,1
T_0000159630,1,0.981988,1
T_0000159637,0,0.067861,0
T_0000159643,1,0.700378,1
T_0000159718,1,0.926247,1
T_0000159739,1,0.982058,1
T_0000159775,1,0.917388,1
T_0000159794,0,0.071783,0
T_0000159811,1,0.888871,1
T_0000159835,1,0.974691,1
T_0000159850,1,0.965077,1
T_0000159877,1,0.996578,1
T_0000159878,0,0.011674,0
T_0000159927,1,0.993928,1
T_0000159946,0,0.033757,0
T_0000159949,1,0.985176,1
T_0000159952,1,0.987108,1
T_0000159992,1,0.997851,1
T_0000160003,0,0.057661,0
T_0000160030,1,0.636072,1
T_0000160047,0,0.014989,0
T_0000160060,1,0.817254,1
T_0000160067,1,0.971969,1
T_0000160070,0,0.073011,0
T_0000160073,0,0.032011,0
T_0000160092,1,0.994599,1
T_0000160096,1,0.996991,1
T_0000160147,1,0.995609,1
T_0000160187,1,0.892031,1
T_0000160190,1,0.074751,0
T_0000160212,1,0.978697,1
T_0000160246,0,0.024370,0
T_0000160249,1,0.959022,1
T_0000160282,1,0.991713,1
T_0000160311,1,0.956631,1
T_0000160327,0,0.041129,0
T_0000160332,0,0.104100,0
T_0000160347,1,0.986758,1
T_0000160349,1,0.990608,1
T_0000160383,1,0.988279,1
T_0000160390,0,0.046956,0
T_0000160405,1,0.993909,1
T_0000160409,1,0.978133,1
T_0000160421,1,0.989264,1
T_0000160447,1,0.988542,1
T_0000160454,0,0.019601,0
T_0000160477,0,0.024432,0
T_0000160492,0,0.043348,0
T_0000160496,0,0.062669,0
T_0000160507,0,0.118408,0
T_0000160539,0,0.404948,1
T_0000160560,0,0.176804,0
T_0000160600,0,0.062355,0
T_0000160602,1,0.975395,1
T_0000160628,0,0.023165,0
T_0000160635,1,0.991259,1
T_0000160643,1,0.990851,1
T_0000160650,1,0.152025,0
T_0000160662,1,0.975914,1
T_0000160710,1,0.981764,1
T_0000160733,0,0.025919,0
T_0000160735,0,0.127118,0
T_0000160746,0,0.083577,0
T_0000160780,1,0.303010,1
T_0000160792,1,0.996466,1
T_0000160811,1,0.955327,1
T_0000160827,1,0.949492,1
T_0000160846,0,0.040590,0
T_0000160881,0,0.003907,0
T_0000160894,0,0.084305,0
T_0000160913,1,0.998103,1
T_0000160983,1,0.951647,1
T_0000160988,1,0.987811,1
T_0000161023,0,0.072868,0
T_0000161025,1,0.133803,0
T_0000161035,1,0.990899,1
T_0000161042,0,0.028291,0
T_0000161045,1,0.908715,1
T_0000161046,1,0.995672,1
T_0000161141,1,0.935607,1
T_0000161165,1,0.986834,1
T_0000161195,1,0.752779,1
T_0000161203,1,0.998312,1
T_0000161229,1,0.978524,1
T_0000161246,1,0.999623,1
T_0000161290,1,0.997527,1
T_0000161298,0,0.141105,0
T_0000161331,1,0.969235,1
T_0000161353,1,0.529061,1
T_0000161366,1,0.431582,1
T_0000161374,1,0.993700,1
T_0000161392,0,0.021651,0
T_0000161430,0,0.049258,0
T_0000161481,0,0.031759,0
T_0000161494,1,0.107734,0
T_0000161512,1,0.037600,0
T_0000161513,1,0.998934,1
T_0000161529,0,0.077955,0
T_0000161543,0,0.081250,0
T_0000161549,1,0.973178,1
T_0000161593,1,0.971362,1
T_0000161613,0,0.131846,0
T_0000161640,1,0.971839,1
T_0000161644,1,0.994326,1
T_0000161659,1,0.982266,1
T_0000161674,1,0.980851,1
T_0000161679,1,0.861052,1
T_0000161701,1,0.989699,1
T_0000161716,0,0.053486,0
T_0000161723,0,0.097796,0
T_0000161777,1,0.110976,0
T_0000161825,1,0.998160,1
T_0000161829,0,0.028087,0
T_0000161847,0,0.029081,0
T_0000161895,0,0.007220,0
T_0000161900,0,0.018666,0
T_0000161904,1,0.951460,1
T_0000161921,0,0.078033,0
T_0000161925,1,0.968355,1
T_0000161926,1,0.919544,1
T_0000161935,0,0.071766,0
T_0000161967,0,0.083960,0
T_0000161977,1,0.996408,1
T_0000161981,0,0.026628,0
T_0000161985,1,0.905694,1
T_0000161996,0,0.015589,0
T_0000161998,1,0.990707,1
T_0000162003,1,0.989274,1
T_0000162039,1,0.996714,1
T_0000162043,1,0.651128,1
T_0000162073,1,0.982171,1
T_0000162083,1,0.888657,1
T_0000162122,1,0.995637,1
T_0000162132,0,0.033696,0
T_0000162140,1,0.991308,1
T_0000162151,0,0.157057,0
T_0000162165,1,0.967455,1
T_0000162189,0,0.114360,0
T_0000162201,0,0.042912,0
T_0000162203,0,0.040947,0
T_0000162211,0,0.007556,0
T_0000162213,1,0.967747,1
T_0000162226,1,0.127304,0
T_0000162246,1,0.965208,1
T_0000162252,1,0.987834,1
T_0000162262,1,0.986894,1
T_0000162292,0,0.043227,0
T_0000162295,1,0.992950,1
T_0000162310,0,0.015445,0
T_0000162315,1,0.983801,1
T_0000162322,1,0.986756,1
T_0000162329,1,0.993495,1
T_0000162344,0,0.039553,0
T_0000162374,1,0.986046,1
T_0000162393,1,0.700241,1
T_0000162426,1,0.978549,1
T_0000162435,0,0.018403,0
T_0000162443,0,0.079631,0
T_0000162455,1,0.995934,1
T_0000162474,0,0.037784,0
T_0000162479,0,0.031753,0
T_0000162485,0,0.028872,0
T_0000162501,0,0.027352,0
T_0000162587,1,0.851542,1
T_0000162607,1,0.993846,1
T_0000162612,0,0.070660,0
T_0000162624,1,0.938144,1
T_0000162681,1,0.979711,1
T_0000162735,1,0.979472,1
T_0000162762,1,0.950103,1
T_0000162815,1,0.934246,1
T_0000162823,1,0.987379,1
T_0000162837,0,0.024953,0
T_0000162853,1,0.942826,1
T_0000162889,0,0.030930,0
T_0000162930,1,0.992411,1
T_0000162953,0,0.023093,0
T_0000162967,1,0.998598,1
T_0000162969,0,0.082302,0
T_0000162975,0,0.052851,0
T_0000162985,1,0.996969,1
T_0000162987,1,0.984748,1
T_0000162999,1,0.997371,1
T_0000163013,1,0.988540,1
T_0000163050,1,0.953965,1
T_0000163113,0,0.012964,0
T_0000163133,0,0.085569,0
T_0000163168,0,0.038595,0
T_0000163171,0,0.018911,0
T_0000163197,1,0.997094,1
T_0000163208,1,0.989311,1
T_0000163213,1,0.997216,1
T_0000163225,1,0.991423,1
T_0000163231,1,0.916069,1
T_0000163290,1,0.996942,1
T_0000163316,1,0.997480,1
T_0000163326,1,0.974277,1
T_0000163341,0,0.023929,0
T_0000163372,1,0.200736,0
T_0000163458,1,0.265837,1
T_0000163497,1,0.982889,1
T_0000163547,0,0.078331,0
T_0000163579,0,0.056722,0
T_0000163589,1,0.231893,0
T_0000163612,1,0.979730,1
T_0000163620,1,0.976193,1
T_0000163633,0,0.119088,0
T_0000163634,0,0.020037,0
T_0000163652,0,0.028951,0
T_0000163669,0,0.044080,0
T_0000163682,0,0.081717,0
T_0000163701,1,0.998823,1
T_0000163729,0,0.094489,0
T_0000163780,0,0.100823,0
T_0000163797,0,0.023934,0
T_0000163832,1,0.950140,1
T_0000163853,1,0.649449,1
T_0000163881,1,0.256849,1
T_0000163896,1,0.978817,1
T_0000163918,0,0.020781,0
T_0000163942,1,0.958514,1
T_0000163951,1,0.975152,1
T_0000163962,1,0.972998,1
T_0000164030,1,0.979544,1
T_0000164033,1,0.991019,1
T_0000164063,0,0.020271,0
T_0000164065,1,0.643968,1
T_0000164080,0,0.042023,0
T_0000164090,1,0.997739,1
T_0000164098,1,0.104532,0
T_0000164129,1,0.497738,1
T_0000164138,1,0.229117,0
T_0000164161,1,0.558228,1
T_0000164173,1,0.614723,1
T_0000164182,0,0.118105,0
T_0000164185,1,0.973413,1
T_0000164193,1,0.845725,1
T_0000164288,0,0.050655,0
T_0000164305,1,0.937326,1
T_0000164312,0,0.134685,0
T_0000164317,1,0.061343,0
T_0000164329,1,0.990244,1
T_0000164334,1,0.527858,1
T_0000164336,1,0.887760,1
T_0000164368,1,0.947309,1
T_0000164371,1,0.990207,1
T_0000164374,1,0.987596,1
T_0000164377,0,0.183443,0
T_0000164412,1,0.977508,1
T_0000164439,1,0.993038,1
T_0000164449,1,0.952061,1
T_0000164460,1,0.988412,1
T_0000164468,1,0.313786,1
T_0000164471,1,0.971351,1
T_0000164478,0,0.043734,0
T_0000164496,1,0.996324,1
T_0000164507,0,0.082482,0
T_0000164508,1,0.646351,1
T_0000164510,0,0.074435,0
T_0000164535,1,0.968341,1
T_0000164554,1,0.999354,1
T_0000164561,1,0.956389,1
T_0000164583,0,0.080239,0
T_0000164654,0,0.027737,0
T_0000164658,1,0.993824,1
T_0000164677,1,0.979935,1
T_0000164686,0,0.072980,0
T_0000164702,1,0.264322,1
T_0000164714,1,0.995179,1
T_0000164717,1,0.896758,1
T_0000164736,1,0.908430,1
T_0000164748,1,0.853682,1
T_0000164783,1,0.975765,1
T_0000164785,1,0.985818,1
T_0000164802,1,0.979085,1
T_0000164804,1,0.485353,1
T_0000164818,0,0.023372,0
T_0000164862,0,0.040911,0
T_0000164874,1,0.970145,1
T_0000164875,1,0.998574,1
T_0000164882,1,0.344054,1
T_0000164884,1,0.997617,1
T_0000164897,0,0.037822,0
T_0000164946,0,0.023236,0
T_0000164986,1,0.997902,1
T_0000165016,0,0.037693,0
T_0000165028,1,0.067853,0
T_0000165029,1,0.984236,1
T_0000165072,1,0.779173,1
T_0000165074,1,0.763930,1
T_0000165101,1,0.992348,1
T_0000165115,1,0.402396,1
T_0000165202,1,0.953360,1
T_0000165222,1,0.993165,1
T_0000165237,1,0.982402,1
T_0000165246,1,0.770818,1
T_0000165271,0,0.192034,0
T_0000165276,0,0.200135,0
T_0000165277,0,0.091281,0
T_0000165281,1,0.336909,1
T_0000165296,1,0.998312,1
T_0000165366,1,0.967216,1
T_0000165369,1,0.969367,1
T_0000165371,1,0.984388,1
T_0000165390,1,0.986283,1
T_0000165395,1,0.941838,1
T_0000165408,0,0.068474,0
T_0000165415,1,0.952863,1
T_0000165421,1,0.645987,1
T_0000165452,0,0.139898,0
T_0000165497,1,0.368008,1
T_0000165515,1,0.980224,1
T_0000165550,1,0.940233,1
T_0000165560,0,0.057002,0
T_0000165562,1,0.996998,1
T_0000165578,0,0.056190,0
T_0000165587,1,0.970206,1
T_0000165601,1,0.988617,1
T_0000165633,1,0.989724,1
T_0000165667,1,0.996271,1
T_0000165668,1,0.956554,1
T_0000165710,0,0.015133,0
T_0000165715,1,0.199892,0
T_0000165723,1,0.969833,1
T_0000165725,1,0.969583,1
T_0000165727,0,0.067292,0
T_0000165780,1,0.730287,1
T_0000165832,1,0.923157,1
T_0000165848,1,0.952370,1
T_0000165871,0,0.083796,0
T_0000165920,0,0.040755,0
T_0000165925,1,0.967545,1
T_0000165942,0,0.014526,0
T_0000165945,1,0.965362,1
T_0000165959,1,0.951232,1
T_0000165967,1,0.986938,1
T_0000165977,0,0.071919,0
T_0000166080,1,0.976853,1
T_0000166083,0,0.014129,0
T_0000166123,1,0.973286,1
T_0000166132,0,0.054346,0
T_0000166140,0,0.070308,0
T_0000166144,1,0.992435,1
T_0000166170,0,0.137548,0
T_0000166172,1,0.988564,1
T_0000166224,0,0.163040,0
T_0000166252,0,0.128574,0
T_0000166263,0,0.026214,0
T_0000166324,1,0.983406,1
T_0000166342,1,0.979764,1
T_0000166343,0,0.051180,0
T_0000166345,1,0.979739,1
T_0000166386,1,0.989367,1
T_0000166395,1,0.968331,1
T_0000166458,1,0.977179,1
T_0000166556,1,0.986680,1
T_0000166591,0,0.009444,0
T_0000166601,1,0.993956,1
T_0000166621,0,0.027044,0
T_0000166628,1,0.987657,1
T_0000166645,0,0.039076,0
T_0000166657,1,0.998836,1
T_0000166672,0,0.036932,0
T_0000166679,0,0.016463,0
T_0000166688,1,0.976939,1
T_0000166691,1,0.994308,1
T_0000166694,0,0.011786,0
T_0000166705,0,0.056759,0
T_0000166707,0,0.017228,0
T_0000166726,1,0.995705,1
T_0000166741,1,0.988135,1
T_0000166749,1,0.984815,1
T_0000166766,1,0.631229,1
T_0000166781,0,0.046978,0
T_0000166784,1,0.573620,1
T_0000166840,1,0.994204,1
T_0000166877,0,0.038697,0
T_0000166880,0,0.033663,0
T_0000166884,1,0.994697,1
T_0000166887,1,0.969693,1
T_0000166896,1,0.991861,1
T_0000166911,0,0.374893,1
T_0000166916,1,0.325128,1
T_0000166964,0,0.068422,0
T_0000167071,1,0.745532,1
T_0000167097,1,0.995452,1
T_0000167110,1,0.954768,1
T_0000167113,1,0.968671,1
T_0000167132,1,0.993744,1
T_0000167167,0,0.021573,0
T_0000167169,1,0.981470,1
T_0000167204,0,0.054796,0
T_0000167247,1,0.975221,1
T_0000167251,1,0.994565,1
T_0000167267,0,0.060118,0
T_0000167277,1,0.140469,0
T_0000167290,0,0.019147,0
T_0000167313,1,0.991833,1
T_0000167329,0,0.010032,0
T_0000167393,1,0.787075,1
T_0000167395,1,0.936561,1
T_0000167396,1,0.939039,1
T_0000167411,1,0.948006,1
T_0000167425,0,0.021783,0
T_0000167446,0,0.072481,0
T_0000167481,1,0.321569,1
T_0000167513,1,0.979710,1
T_0000167520,1,0.993596,1
T_0000167522,0,0.050993,0
T_0000167562,1,0.981105,1
T_0000167573,1,0.992738,1
T_0000167591,0,0.048418,0
T_0000167605,1,0.995882,1
T_0000167609,1,0.986085,1
T_0000167672,0,0.015446,0
T_0000167697,1,0.994972,1
T_0000167715,1,0.604031,1
T_0000167725,1,0.843107,1
T_0000167741,1,0.711860,1
T_0000167792,1,0.998356,1
T_0000167804,0,0.073987,0
T_0000167853,1,0.935522,1
T_0000167854,1,0.990908,1
T_0000167863,0,0.013691,0
T_0000167887,0,0.052800,0
T_0000167923,1,0.988207,1
T_0000167933,1,0.970258,1
T_0000167951,1,0.849868,1
T_0000167980,1,0.986396,1
T_0000167982,1,0.993593,1
T_0000167998,0,0.021442,0
T_0000168004,1,0.362708,1
T_0000168008,0,0.042445,0
T_0000168016,1,0.913813,1
T_0000168023,1,0.985394,1
T_0000168024,0,0.027053,0
T_0000168025,0,0.044251,0
T_0000168034,1,0.998878,1
T_0000168040,1,0.988163,1
T_0000168063,1,0.962399,1
T_0000168075,1,0.998865,1
T_0000168164,1,0.994665,1
T_0000168177,1,0.989315,1
T_0000168186,0,0.024121,0
T_0000168191,1,0.993939,1
T_0000168297,1,0.920880,1
T_0000168303,1,0.988018,1
T_0000168311,1,0.076672,0
T_0000168313,1,0.983297,1
T_0000168348,0,0.032283,0
T_0000168357,0,0.040927,0
T_0000168360,1,0.991326,1
T_0000168373,1,0.998673,1
T_0000168379,1,0.997629,1
T_0000168385,1,0.982584,1
T_0000168387,1,0.979472,1
T_0000168398,1,0.969637,1
T_0000168427,1,0.991970,1
T_0000168442,1,0.997836,1
T_0000168483,0,0.007818,0
T_0000168485,1,0.981702,1
T_0000168512,0,0.122079,0
T_0000168538,0,0.013628,0
T_0000168555,1,0.349036,1
T_0000168557,1,0.993457,1
T_0000168608,0,0.048239,0
T_0000168611,1,0.943145,1
T_0000168636,1,0.995514,1
T_0000168662,1,0.884072,1
T_0000168675,1,0.099967,0
T_0000168685,0,0.016006,0
T_0000168723,1,0.916567,1
T_0000168745,0,0.052231,0
T_0000168758,0,0.112396,0
T_0000168763,1,0.995153,1
T_0000168772,1,0.985705,1
T_0000168829,1,0.986225,1
T_0000168838,0,0.047546,0
T_0000168847,1,0.858159,1
T_0000168853,0,0.021956,0
T_0000168890,0,0.109998,0
T_0000168924,1,0.996510,1
T_0000168939,1,0.995927,1
T_0000168958,0,0.002744,0
T_0000168989,0,0.021833,0
T_0000168997,0,0.136665,0
T_0000169006,0,0.027431,0
T_0000169021,1,0.993810,1
T_0000169045,0,0.080271,0
T_0000169061,1,0.143758,0
T_0000169093,0,0.080584,0
T_0000169129,0,0.188548,0
T_0000169144,0,0.142894,0
T_0000169180,1,0.986119,1
T_0000169215,1,0.990180,1
T_0000169225,0,0.050725,0
T_0000169246,1,0.894437,1
T_0000169253,1,0.982762,1
T_0000169257,1,0.988773,1
T_0000169302,0,0.015635,0
T_0000169353,1,0.944770,1
T_0000169356,0,0.021754,0
T_0000169376,1,0.988193,1
T_0000169418,1,0.042057,0
T_0000169453,1,0.996992,1
T_0000169454,1,0.999163,1
T_0000169456,1,0.996766,1
T_0000169464,1,0.204211,0
T_0000169485,0,0.017832,0
T_0000169517,0,0.013901,0
T_0000169563,0,0.121036,0
T_0000169575,1,0.997122,1
T_0000169577,1,0.997793,1
T_0000169595,0,0.056678,0
T_0000169599,1,0.985237,1
T_0000169628,1,0.964057,1
T_0000169636,0,0.034328,0
T_0000169637,1,0.991639,1
T_0000169654,0,0.054704,0
T_0000169657,1,0.988902,1
T_0000169680,1,0.995193,1
T_0000169706,1,0.992649,1
T_0000169729,0,0.056295,0
T_0000169730,0,0.010518,0
T_0000169737,0,0.073413,0
T_0000169780,1,0.990795,1
T_0000169809,0,0.058343,0
T_0000169811,0,0.029127,0
T_0000169837,1,0.670143,1
T_0000169859,0,0.043049,0
T_0000169864,1,0.989460,1
T_0000169880,0,0.257488,1
T_0000169887,1,0.999419,1
T_0000169904,1,0.998401,1
T_0000169912,1,0.989430,1
T_0000169971,0,0.105428,0
T_0000169974,1,0.982105,1
T_0000169997,1,0.996514,1
T_0000170044,1,0.992614,1
T_0000170046,1,0.995835,1
T_0000170063,0,0.014383,0
T_0000170083,1,0.995758,1
T_0000170102,1,0.996525,1
T_0000170120,0,0.067462,0
T_0000170167,1,0.996823,1
T_0000170174,1,0.992856,1
T_0000170175,0,0.028095,0
T_0000170181,1,0.976900,1
T_0000170185,0,0.031476,0
T_0000170186,1,0.996792,1
T_0000170200,1,0.995409,1
T_0000170204,1,0.992939,1
T_0000170286,1,0.873966,1
T_0000170310,1,0.988625,1
T_0000170359,1,0.995255,1
T_0000170419,1,0.995938,1
T_0000170438,1,0.997166,1
T_0000170447,1,0.991582,1
T_0000170449,0,0.056791,0
T_0000170456,1,0.996299,1
T_0000170470,0,0.191637,0
T_0000170489,0,0.017509,0
T_0000170523,1,0.999145,1
T_0000170526,1,0.966824,1
T_0000170536,1,0.994466,1
T_0000170552,1,0.997645,1
T_0000170602,1,0.998836,1
T_0000170628,1,0.988395,1
T_0000170732,0,0.011871,0
T_0000170737,0,0.029336,0
T_0000170738,1,0.073171,0
T_0000170785,1,0.639847,1
T_0000170786,0,0.098915,0
T_0000170828,1,0.056068,0
T_0000170870,1,0.999547,1
T_0000170891,1,0.947174,1
T_0000170894,1,0.978003,1
T_0000170904,1,0.988875,1
T_0000170927,1,0.982743,1
T_0000170937,0,0.109030,0
T_0000170975,1,0.963323,1
T_0000170995,1,0.702869,1
T_0000171010,1,0.987648,1
T_0000171036,0,0.198458,0
T_0000171066,1,0.998696,1
T_0000171098,1,0.991220,1
T_0000171100,1,0.548934,1
T_0000171122,1,0.994556,1
T_0000171125,1,0.992546,1
T_0000171169,0,0.097935,0
T_0000171185,0,0.017579,0
T_0000171208,1,0.999292,1
T_0000171236,1,0.361665,1
T_0000171280,1,0.907192,1
T_0000171303,1,0.999333,1
T_0000171325,1,0.883167,1
T_0000171371,1,0.983945,1
T_0000171407,1,0.985045,1
T_0000171422,0,0.018065,0
T_0000171423,0,0.161474,0
T_0000171443,0,0.066283,0
T_0000171451,0,0.046793,0
T_0000171459,1,0.974251,1
T_0000171461,1,0.898631,1
T_0000171463,0,0.085722,0
T_0000171472,1,0.370429,1
T_0000171496,1,0.994368,1
T_0000171502,1,0.993737,1
T_0000171517,0,0.018811,0
T_0000171529,1,0.995206,1
T_0000171561,1,0.956324,1
T_0000171576,1,0.956652,1
T_0000171584,1,0.974810,1
T_0000171632,1,0.239169,0
T_0000171640,1,0.531063,1
T_0000171668,1,0.992686,1
T_0000171685,0,0.043896,0
T_0000171690,1,0.557194,1
T_0000171697,1,0.962963,1
T_0000171709,1,0.979219,1
T_0000171723,0,0.135558,0
T_0000171734,1,0.835517,1
T_0000171751,1,0.956166,1
T_0000171774,0,0.025093,0
T_0000171807,1,0.969021,1
T_0000171839,0,0.061530,0
T_0000171841,0,0.054770,0
T_0000171951,1,0.981344,1
T_0000172008,1,0.994618,1
T_0000172017,1,0.991857,1
T_0000172073,1,0.988291,1
T_0000172086,0,0.139117,0
T_0000172110,1,0.992686,1
T_0000172158,1,0.980975,1
T_0000172167,1,0.964462,1
T_0000172173,1,0.991552,1
T_0000172254,0,0.094945,0
T_0000172274,1,0.972804,1
T_0000172312,1,0.942864,1
T_0000172322,0,0.159273,0
T_0000172328,1,0.983545,1
T_0000172353,1,0.994429,1
T_0000172357,1,0.991859,1
T_0000172385,1,0.997273,1
T_0000172432,1,0.347893,1
T_0000172523,0,0.061457,0
T_0000172537,1,0.289831,1
T_0000172550,0,0.024393,0
T_0000172564,1,0.817591,1
T_0000172569,0,0.114170,0
T_0000172649,1,0.981061,1
T_0000172657,0,0.035938,0
T_0000172710,1,0.951390,1
T_0000172711,1,0.996789,1
T_0000172740,1,0.952614,1
T_0000172756,1,0.836870,1
T_0000172771,0,0.189627,0
T_0000172826,1,0.999000,1
T_0000172840,1,0.922814,1
T_0000172844,0,0.123820,0
T_0000172861,0,0.069700,0
T_0000172939,0,0.039414,0
T_0000172949,1,0.691861,1
T_0000172961,1,0.850821,1
T_0000172965,1,0.984654,1
T_0000172978,1,0.980737,1
T_0000173042,1,0.990051,1
T_0000173056,1,0.070017,0
T_0000173098,1,0.986926,1
T_0000173130,1,0.700968,1
T_0000173138,1,0.994221,1
T_0000173172,1,0.946288,1
T_0000173177,1,0.996795,1
T_0000173181,1,0.095042,0
T_0000173183,0,0.148437,0
T_0000173217,1,0.935380,1
T_0000173230,0,0.030625,0
T_0000173244,0,0.052214,0
T_0000173302,1,0.993608,1
T_0000173413,1,0.985945,1
T_0000173445,1,0.994953,1
T_0000173459,1,0.893993,1
T_0000173498,1,0.830504,1
T_0000173499,1,0.986333,1
T_0000173504,1,0.993205,1
T_0000173508,1,0.886042,1
T_0000173518,1,0.998977,1
T_0000173521,0,0.043792,0
T_0000173528,1,0.223933,0
T_0000173552,1,0.937872,1
T_0000173554,1,0.966560,1
T_0000173555,0,0.009144,0
T_0000173567,1,0.124269,0
T_0000173595,0,0.164407,0
T_0000173630,1,0.062828,0
T_0000173632,1,0.579195,1
T_0000173682,0,0.115389,0
T_0000173685,1,0.971775,1
T_0000173695,1,0.983512,1
T_0000173715,1,0.991869,1
T_0000173730,0,0.041425,0
T_0000173743,1,0.972546,1
T_0000173744,1,0.969031,1
T_0000173777,1,0.970829,1
T_0000173850,1,0.504016,1
T_0000173856,0,0.060859,0
T_0000173881,1,0.995389,1
T_0000173883,1,0.448075,1
T_0000173897,1,0.953184,1
T_0000173986,1,0.962925,1
T_0000173994,1,0.982895,1
T_0000174070,1,0.538367,1
T_0000174082,1,0.989219,1
T_0000174087,1,0.988858,1
T_0000174090,1,0.733004,1
T_0000174180,1,0.989749,1
T_0000174196,0,0.042649,0
T_0000174203,0,0.112044,0
T_0000174265,1,0.092655,0
T_0000174294,0,0.048836,0
T_0000174310,1,0.984609,1
T_0000174325,0,0.264502,1
T_0000174330,0,0.035977,0
T_0000174388,1,0.987500,1
T_0000174398,0,0.043762,0
T_0000174427,0,0.030094,0
T_0000174431,1,0.961463,1
T_0000174444,0,0.128801,0
T_0000174450,1,0.989759,1
T_0000174456,1,0.972156,1
T_0000174469,1,0.996333,1
T_0000174550,1,0.474591,1
T_0000174572,0,0.027017,0
T_0000174656,1,0.998959,1
T_0000174680,1,0.168963,0
T_0000174682,1,0.995499,1
T_0000174691,0,0.039849,0
T_0000174699,0,0.024306,0
T_0000174702,1,0.992688,1
T_0000174705,0,0.033036,0
T_0000174747,0,0.054436,0
T_0000174778,0,0.057696,0
T_0000174889,0,0.106735,0
T_0000174896,0,0.096312,0
T_0000174905,1,0.719578,1
T_0000174935,1,0.996988,1
T_0000174941,0,0.080542,0
T_0000174945,1,0.992610,1
T_0000174991,0,0.050999,0
T_0000175000,1,0.795876,1
T_0000175030,1,0.949864,1
T_0000175032,1,0.986939,1
T_0000175068,1,0.998190,1
T_0000175072,1,0.992521,1
T_0000175142,0,0.066211,0
T_0000175166,1,0.946578,1
T_0000175172,0,0.036742,0
T_0000175218,1,0.856845,1
T_0000175221,1,0.920202,1
T_0000175223,0,0.059344,0
T_0000175258,1,0.982856,1
T_0000175271,0,0.046054,0
T_0000175286,1,0.518727,1
T_0000175396,0,0.022141,0
T_0000175483,1,0.977739,1
T_0000175522,1,0.970415,1
T_0000175528,1,0.993690,1
T_0000175540,1,0.932327,1
T_0000175542,0,0.100071,0
T_0000175585,1,0.956149,1
T_0000175615,1,0.114246,0
T_0000175643,1,0.995368,1
T_0000175652,1,0.477040,1
T_0000175705,1,0.103772,0
T_0000175752,0,0.015114,0
T_0000175760,0,0.037340,0
T_0000175772,1,0.921659,1
T_0000175779,1,0.984005,1
T_0000175837,0,0.185983,0
T_0000175890,1,0.996604,1
T_0000175891,1,0.997244,1
T_0000175910,1,0.535918,1
T_0000175926,0,0.056775,0
T_0000175956,0,0.023784,0
T_0000175961,0,0.034294,0
T_0000175985,1,0.996962,1
T_0000175991,0,0.145716,0
T_0000176010,0,0.062676,0
T_0000176028,0,0.032253,0
T_0000176050,1,0.984942,1
T_0000176086,0,0.174211,0
T_0000176106,1,0.959218,1
T_0000176119,0,0.053533,0
T_0000176149,1,0.945861,1
T_0000176185,0,0.020264,0
T_0000176199,1,0.936030,1
T_0000176205,1,0.934259,1
T_0000176233,0,0.008474,0
T_0000176249,1,0.995076,1
T_0000176273,0,0.039489,0
T_0000176289,1,0.989005,1
T_0000176356,1,0.977749,1
T_0000176374,0,0.047619,0
T_0000176389,1,0.987300,1
T_0000176409,1,0.997646,1
T_0000176412,1,0.997264,1
T_0000176420,1,0.996158,1
T_0000176421,1,0.995420,1
T_0000176433,1,0.997111,1
T_0000176439,1,0.997261,1
T_0000176464,0,0.014340,0
T_0000176511,1,0.993902,1
T_0000176525,1,0.988996,1
T_0000176526,1,0.997109,1
T_0000176535,1,0.981594,1
T_0000176540,0,0.043047,0
T_0000176548,1,0.966509,1
T_0000176586,0,0.070916,0
T_0000176587,1,0.909956,1
T_0000176600,1,0.235067,0
T_0000176634,1,0.991879,1
T_0000176711,0,0.034665,0
T_0000176723,1,0.995560,1
T_0000176725,1,0.412707,1
T_0000176728,1,0.975825,1
T_0000176770,0,0.016221,0
T_0000176779,0,0.016376,0
T_0000176782,1,0.992150,1
T_0000176783,1,0.995837,1
T_0000176785,1,0.907102,1
T_0000176812,1,0.995231,1
T_0000176814,1,0.989259,1
T_0000176824,0,0.066514,0
T_0000176843,1,0.976417,1
T_0000176850,1,0.910171,1
T_0000176853,1,0.124117,0
T_0000176859,1,0.990446,1
T_0000176863,1,0.987872,1
T_0000176888,1,0.294133,1
T_0000176912,1,0.989694,1
T_0000176921,1,0.960700,1
T_0000176930,0,0.017938,0
T_0000176946,1,0.048881,0
T_0000176963,1,0.969204,1
T_0000176978,1,0.194820,0
T_0000177017,1,0.704330,1
T_0000177034,1,0.992720,1
T_0000177084,1,0.984180,1
T_0000177131,0,0.173036,0
T_0000177154,1,0.998088,1
T_0000177174,1,0.900541,1
T_0000177184,1,0.131726,0
T_0000177195,1,0.922586,1
T_0000177197,0,0.450226,1
T_0000177250,1,0.138675,0
T_0000177253,0,0.058503,0
T_0000177277,1,0.967048,1
T_0000177304,1,0.987965,1
T_0000177346,1,0.923617,1
T_0000177361,1,0.713103,1
T_0000177417,0,0.057424,0
T_0000177426,0,0.038442,0
T_0000177455,1,0.998856,1
T_0000177464,1,0.988926,1
T_0000177479,1,0.996522,1
T_0000177523,0,0.060872,0
T_0000177543,0,0.027432,0
T_0000177556,1,0.994252,1
T_0000177562,0,0.140728,0
T_0000177610,1,0.480673,1
T_0000177625,0,0.061130,0
T_0000177630,1,0.992205,1
T_0000177683,0,0.092469,0
T_0000177725,1,0.987371,1
T_0000177732,1,0.997171,1
T_0000177847,0,0.027089,0
T_0000177859,1,0.754244,1
T_0000177861,1,0.988897,1
T_0000177863,1,0.970150,1
T_0000177869,0,0.040800,0
T_0000177934,1,0.329408,1
T_0000177937,1,0.918314,1
T_0000177942,1,0.990622,1
T_0000177996,0,0.043371,0
T_0000178007,1,0.967025,1
T_0000178008,1,0.979887,1
T_0000178012,1,0.992920,1
T_0000178027,1,0.761200,1
T_0000178050,1,0.047952,0
T_0000178073,1,0.951655,1
T_0000178093,0,0.027618,0
T_0000178131,1,0.296307,1
T_0000178167,1,0.994335,1
T_0000178184,0,0.091841,0
T_0000178185,1,0.920547,1
T_0000178247,1,0.995268,1
T_0000178284,1,0.392355,1
T_0000178289,1,0.536195,1
T_0000178295,0,0.162483,0
T_0000178300,0,0.083095,0
T_0000178310,0,0.048201,0
T_0000178324,1,0.931907,1
T_0000178338,1,0.990942,1
T_0000178364,1,0.996396,1
T_0000178384,1,0.978142,1
T_0000178400,1,0.999018,1
T_0000178460,1,0.841309,1
T_0000178473,1,0.926393,1
T_0000178481,0,0.039414,0
T_0000178528,0,0.275505,1
T_0000178532,1,0.994647,1
T_0000178536,1,0.976434,1
T_0000178552,1,0.814519,1
T_0000178653,0,0.122814,0
T_0000178659,1,0.983069,1
T_0000178692,1,0.998130,1
T_0000178705,1,0.973258,1
T_0000178810,1,0.999683,1
T_0000178813,1,0.692515,1
T_0000178831,0,0.059410,0
T_0000178858,0,0.019545,0
T_0000178872,1,0.985076,1
T_0000178900,0,0.017783,0
T_0000178901,1,0.982397,1
T_0000178922,0,0.030775,0
T_0000178977,1,0.911625,1
T_0000179009,1,0.928843,1
T_0000179021,0,0.081015,0
T_0000179027,0,0.014322,0
T_0000179044,1,0.987599,1
T_0000179059,0,0.018083,0
T_0000179132,0,0.029942,0
T_0000179147,1,0.994521,1
T_0000179148,1,0.982012,1
T_0000179157,1,0.991166,1
T_0000179170,0,0.409903,1
T_0000179187,0,0.091057,0
T_0000179222,1,0.995632,1
T_0000179223,1,0.986457,1
T_0000179249,1,0.116324,0
T_0000179264,0,0.067992,0
T_0000179266,1,0.981393,1
T_0000179280,0,0.069533,0
T_0000179290,1,0.982856,1
T_0000179313,1,0.993327,1
T_0000179333,1,0.984528,1
T_0000179340,1,0.995565,1
T_0000179365,0,0.114063,0
T_0000179370,0,0.029776,0
T_0000179381,1,0.997044,1
T_0000179383,0,0.035460,0
T_0000179391,0,0.050042,0
T_0000179440,1,0.571255,1
T_0000179465,0,0.116296,0
T_0000179550,1,0.983360,1
T_0000179561,1,0.995117,1
T_0000179576,1,0.956953,1
T_0000179591,1,0.981376,1
T_0000179595,0,0.130990,0
T_0000179611,0,0.060357,0
T_0000179649,0,0.104607,0
T_0000179653,1,0.068690,0
T_0000179681,0,0.026629,0
T_0000179687,1,0.967725,1
T_0000179736,1,0.992476,1
T_0000179744,1,0.991771,1
T_0000179751,0,0.058699,0
T_0000179754,0,0.165839,0
T_0000179755,1,0.968283,1
T_0000179797,0,0.059664,0
T_0000179821,1,0.360035,1
T_0000179835,1,0.900153,1
T_0000179840,0,0.063045,0
T_0000179845,1,0.997869,1
T_0000179848,0,0.102739,0
T_0000179855,1,0.994570,1
T_0000179879,1,0.984535,1
T_0000179905,1,0.227395,0
T_0000179915,1,0.986181,1
T_0000179958,1,0.967429,1
T_0000180016,0,0.080646,0
T_0000180041,0,0.050787,0
T_0000180052,1,0.994196,1
T_0000180057,1,0.985460,1
T_0000180095,0,0.022105,0
T_0000180096,0,0.066308,0
T_0000180101,0,0.164375,0
T_0000180110,0,0.080085,0
T_0000180141,0,0.023041,0
T_0000180170,1,0.985590,1
T_0000180178,1,0.989464,1
T_0000180185,1,0.998297,1
T_0000180212,1,0.976729,1
T_0000180219,1,0.986828,1
T_0000180221,1,0.991481,1
T_0000180237,0,0.012209,0
T_0000180256,1,0.976572,1
T_0000180311,1,0.994226,1
T_0000180327,1,0.991099,1
T_0000180394,0,0.009693,0
T_0000180415,0,0.049264,0
T_0000180425,0,0.011473,0
T_0000180440,1,0.967679,1
T_0000180452,1,0.989235,1
T_0000180477,1,0.655365,1
T_0000180566,1,0.966149,1
T_0000180572,1,0.548103,1
T_0000180663,0,0.059432,0
T_0000180671,1,0.074899,0
T_0000180687,0,0.083334,0
T_0000180711,0,0.022508,0
T_0000180716,0,0.058255,0
T_0000180730,0,0.113726,0
T_0000180750,1,0.436694,1
T_0000180752,1,0.693969,1
T_0000180768,1,0.390954,1
T_0000180789,0,0.029983,0
T_0000180801,1,0.994545,1
T_0000180830,0,0.127408,0
T_0000180840,1,0.983374,1
T_0000180865,0,0.055141,0
T_0000180879,1,0.241349,0
T_0000180883,1,0.992780,1
T_0000180904,0,0.090138,0
T_0000180910,0,0.039027,0
T_0000180914,0,0.030709,0
T_0000180917,0,0.022924,0
T_0000180931,0,0.054224,0
T_0000180960,1,0.993491,1
T_0000180985,1,0.974562,1
T_0000181037,1,0.982720,1
T_0000181057,1,0.790935,1
T_0000181060,1,0.899358,1
T_0000181119,1,0.953353,1
T_0000181137,0,0.217249,0
T_0000181143,1,0.846501,1
T_0000181167,1,0.982049,1
T_0000181178,0,0.130042,0
T_0000181214,1,0.992292,1
T_0000181227,1,0.990849,1
T_0000181260,1,0.754404,1
T_0000181270,0,0.124129,0
T_0000181313,1,0.982212,1
T_0000181420,1,0.954572,1
T_0000181433,1,0.995363,1
T_0000181448,1,0.989243,1
T_0000181486,1,0.987708,1
T_0000181488,0,0.053353,0
T_0000181491,1,0.856682,1
T_0000181504,1,0.683417,1
T_0000181519,1,0.792934,1
T_0000181540,1,0.991975,1
T_0000181569,0,0.024169,0
T_0000181597,0,0.073500,0
T_0000181599,0,0.132396,0
T_0000181620,1,0.998340,1
T_0000181635,1,0.988703,1
T_0000181679,1,0.990052,1
T_0000181703,1,0.951198,1
T_0000181717,0,0.143990,0
T_0000181719,1,0.982410,1
T_0000181774,1,0.850018,1
T_0000181775,1,0.681953,1
T_0000181785,1,0.485921,1
T_0000181792,1,0.960986,1
T_0000181811,1,0.999283,1
T_0000181822,1,0.996687,1
T_0000181843,1,0.974838,1
T_0000181853,0,0.014572,0
T_0000181854,0,0.064188,0
T_0000181861,1,0.989234,1
T_0000181862,1,0.988696,1
T_0000181905,1,0.993152,1
T_0000181924,1,0.994688,1
T_0000181939,1,0.990708,1
T_0000181946,1,0.996809,1
T_0000181962,1,0.971291,1
T_0000181990,1,0.926541,1
T_0000181993,1,0.996814,1
T_0000182010,1,0.997610,1
T_0000182045,1,0.988118,1
T_0000182067,1,0.928530,1
T_0000182076,1,0.992781,1
T_0000182084,1,0.108361,0
T_0000182085,1,0.991002,1
T_0000182093,1,0.958866,1
T_0000182102,1,0.986836,1
T_0000182103,0,0.070278,0
T_0000182108,1,0.987679,1
T_0000182150,1,0.208062,0
T_0000182170,1,0.995954,1
T_0000182173,1,0.995206,1
T_0000182251,1,0.697833,1
T_0000182277,0,0.060393,0
T_0000182302,0,0.167142,0
T_0000182312,1,0.975449,1
T_0000182333,1,0.991606,1
T_0000182339,1,0.925035,1
