utterance_id,true_label,score,pred
D_0000000883,1,0.433465,1
D_0000001114,0,0.107241,0
D_0000001492,0,0.037258,0
D_0000001849,1,1.000000,1
D_0000001912,1,0.999348,1
D_0000002017,1,0.999878,1
D_0000002458,0,0.309221,1
D_0000002857,0,0.023290,0
D_0000003949,0,0.054876,0
D_0000004012,1,0.997445,1
D_0000004054,1,0.997342,1
D_0000004138,0,0.224027,1
D_0000004390,0,0.061877,0
D_0000004474,0,0.028465,0
D_0000005209,0,0.189076,1
D_0000005251,1,0.993973,1
D_0000005356,0,0.034574,0
D_0000005797,1,0.977762,1
D_0000007351,0,0.129358,0
D_0000007435,1,0.997753,1
D_0000007477,1,0.987380,1
D_0000007645,1,0.995893,1
D_0000007729,0,0.940328,1
D_0000008149,0,0.127142,0
D_0000008338,0,0.064845,0
D_0000008506,0,0.025720,0
D_0000009346,0,0.101006,0
D_0000009472,0,0.134575,0
D_0000010018,1,0.041375,0
D_0000010270,1,0.994104,1
D_0000010543,0,0.045591,0
D_0000011068,1,0.976011,1
D_0000011992,1,0.995267,1
D_0000012202,1,0.999549,1
D_0000012412,1,0.993282,1
D_0000013042,1,0.987828,1
D_0000013273,1,0.993864,1
D_0000013567,0,0.033005,0
D_0000014113,0,0.033058,0
D_0000014155,0,0.053246,0
D_0000014449,1,0.987615,1
D_0000014617,1,0.137904,0
D_0000015058,1,0.994688,1
D_0000015247,1,0.991503,1
D_0000015289,1,0.991143,1
D_0000016150,1,0.993344,1
D_0000016801,1,0.999860,1
D_0000016885,1,0.994686,1
D_0000017095,1,0.999114,1
D_0000017368,0,0.026220,0
D_0000017746,0,0.058011,0
D_0000017767,0,0.080466,0
D_0000017809,0,0.947083,1
D_0000018271,0,0.047706,0
D_0000018481,1,0.985120,1
D_0000018523,0,0.102595,0
D_0000018628,0,0.142086,0
D_0000018733,1,0.993953,1
D_0000019552,0,0.079063,0
D_0000020014,0,0.066240,0
D_0000020119,1,0.077786,0
D_0000020392,1,0.983588,1
D_0000020812,0,0.021927,0
D_0000021295,1,0.196401,1
D_0000021505,1,0.972671,1
D_0000021568,0,0.085247,0
D_0000021673,0,0.178730,1
D_0000022765,0,0.242321,1
D_0000022870,1,0.970034,1
D_0000023164,0,0.015949,0
D_0000023374,1,0.222634,1
D_0000024361,0,0.260445,1
D_0000024382,0,0.041253,0
D_0000024487,0,0.122270,0
D_0000024970,1,0.994936,1
D_0000025642,1,0.999745,1
D_0000025936,1,0.413050,1
D_0000026125,1,0.992033,1
D_0000026314,0,0.075392,0
D_0000026356,1,0.998235,1
D_0000026923,1,0.987114,1
D_0000027091,1,0.988199,1
D_0000027217,0,0.010124,0
D_0000028162,1,0.208990,1
D_0000028204,0,0.005627,0
D_0000028330,0,0.051529,0
D_0000028351,0,0.125755,0
D_0000028393,1,0.996017,1
D_0000028414,1,0.987015,1
D_0000028477,1,0.995535,1
D_0000028540,1,0.980239,1
D_0000028771,1,0.983699,1
D_0000029191,1,0.999975,1
D_0000029233,0,0.057430,0
D_0000029380,1,0.998754,1
D_0000029422,1,0.994034,1
D_0000029695,1,0.985040,1
D_0000029821,0,0.106714,0
D_0000029926,1,0.099382,0
D_0000030367,1,0.235486,1
D_0000030619,0,0.065245,0
D_0000030787,1,0.994850,1
D_0000031018,0,0.104431,0
D_0000031438,0,0.134546,0
D_0000031543,1,0.991142,1
D_0000032236,1,0.997593,1
D_0000032257,0,0.057477,0
D_0000032572,0,0.052692,0
D_0000032614,0,0.087530,0
D_0000032929,0,0.019555,0
D_0000033055,0,0.071533,0
D_0000033181,0,0.096960,0
D_0000033265,1,0.988142,1
D_0000033328,1,0.996704,1
D_0000033370,1,0.291289,1
D_0000033580,1,0.996678,1
D_0000033622,1,0.987353,1
D_0000034210,1,0.993973,1
D_0000034231,1,0.991932,1
D_0000034924,1,0.993508,1
D_0000035281,1,0.993905,1
D_0000035449,0,0.053448,0
D_0000035575,1,0.998333,1
D_0000036016,0,0.103950,0
D_0000036079,1,0.985049,1
D_0000036163,0,0.047082,0
D_0000036184,0,0.091853,0
D_0000036793,0,0.066673,0
D_0000037570,1,0.999508,1
D_0000037675,1,0.999422,1
D_0000037843,0,0.062579,0
D_0000038578,0,0.088524,0
D_0000038662,0,0.077208,0
D_0000038683,1,0.985795,1
D_0000038830,0,0.084506,0
D_0000039082,1,0.995015,1
D_0000039229,1,0.980382,1
D_0000040342,0,0.052541,0
D_0000040426,1,0.980962,1
D_0000040699,1,0.989782,1
D_0000040972,0,0.024466,0
D_0000041161,1,0.991988,1
D_0000041266,0,0.053608,0
D_0000042295,0,0.059374,0
D_0000042757,0,0.028989,0
D_0000042883,0,0.477210,1
D_0000043261,0,0.077744,0
D_0000043618,0,0.027939,0
D_0000043849,1,0.068500,0
D_0000044437,0,0.120730,0
D_0000044899,0,0.048618,0
D_0000044941,0,0.073899,0
D_0000044962,0,0.011157,0
D_0000045067,0,0.040567,0
D_0000045193,0,0.082101,0
D_0000045823,1,0.999899,1
D_0000045970,0,0.106484,0
D_0000046243,0,0.078343,0
D_0000046264,0,0.133080,0
D_0000046495,0,0.126883,0
D_0000046894,1,0.010454,0
D_0000047398,1,0.992481,1
D_0000047440,0,0.471964,1
D_0000047608,1,0.997399,1
D_0000047839,1,0.998618,1
D_0000048196,1,0.998585,1
D_0000048574,1,0.994028,1
D_0000048784,0,0.984468,1
D_0000048847,0,0.082506,0
D_0000049015,0,0.015300,0
D_0000049477,1,0.944465,1
D_0000049624,1,0.121336,0
D_0000049981,1,0.995432,1
D_0000050086,1,0.999248,1
D_0000050506,1,0.983698,1
D_0000050548,1,0.988561,1
D_0000050653,0,0.081180,0
D_0000050905,0,0.025640,0
D_0000051115,1,0.991815,1
D_0000051430,0,0.073666,0
D_0000051493,1,0.288755,1
D_0000051598,1,0.943183,1
D_0000052165,0,0.126757,0
D_0000052312,0,0.999991,1
D_0000052396,0,0.009852,0
D_0000052900,0,0.058909,0
D_0000054118,1,0.094182,0
D_0000054769,0,0.116578,0
D_0000055462,1,0.993327,1
D_0000055672,1,0.990700,1
D_0000055987,1,0.992007,1
D_0000056239,0,0.028724,0
D_0000056365,0,0.197166,1
D_0000056533,1,0.999625,1
D_0000056554,1,0.987235,1
D_0000056806,0,0.024023,0
D_0000056827,1,0.057468,0
D_0000057100,1,0.995639,1
D_0000057247,0,0.076259,0
D_0000057814,0,0.063337,0
D_0000057835,1,0.998261,1
D_0000058444,1,0.986831,1
D_0000058549,1,0.995971,1
D_0000058612,1,0.995130,1
D_0000058969,1,0.976772,1
D_0000059011,0,0.929769,1
D_0000059158,1,0.538114,1
D_0000059662,1,0.989995,1
D_0000059767,1,0.942106,1
D_0000060019,1,0.994213,1
D_0000060187,0,0.044388,0
D_0000060691,0,0.026169,0
D_0000060901,0,0.047891,0
D_0000061405,0,0.096573,0
D_0000061447,1,0.989109,1
D_0000061636,0,0.049313,0
D_0000061951,1,0.964198,1
D_0000062602,0,0.023683,0
D_0000062665,1,0.995308,1
D_0000062686,1,0.992777,1
D_0000062875,1,0.996197,1
D_0000063232,1,0.999060,1
D_0000063463,0,0.096777,0
D_0000063484,0,0.031052,0
D_0000063589,0,0.015246,0
D_0000063631,0,0.010137,0
D_0000063925,0,0.037920,0
D_0000064093,1,0.995157,1
D_0000064156,1,0.138525,0
D_0000064744,0,0.043883,0
D_0000064849,1,0.992650,1
D_0000064870,0,0.110201,0
D_0000065290,1,0.991386,1
D_0000065479,1,0.991696,1
D_0000065710,1,0.990986,1
D_0000065878,1,0.998951,1
D_0000066781,0,0.197543,1
D_0000067201,1,0.977237,1
D_0000067243,1,0.994340,1
D_0000067348,0,0.048706,0
D_0000067705,0,0.064457,0
D_0000067768,0,0.356458,1
D_0000068020,0,0.213191,1
D_0000068461,0,0.035444,0
D_0000068755,1,0.996214,1
D_0000069154,1,0.937151,1
D_0000069574,1,0.995204,1
D_0000069763,0,0.019464,0
D_0000069868,1,0.989302,1
D_0000069973,1,0.988603,1
D_0000070162,1,0.095467,0
D_0000070288,0,0.024220,0
D_0000070414,0,0.146297,0
D_0000070561,0,0.086161,0
D_0000070918,0,0.142875,0
D_0000071128,1,0.993811,1
D_0000071338,1,0.958526,1
D_0000071359,0,0.062052,0
D_0000071527,1,0.986465,1
D_0000071674,0,0.026037,0
D_0000072346,0,0.053842,0
D_0000073459,1,0.995537,1
D_0000073753,1,0.873701,1
D_0000075223,0,0.024852,0
D_0000075265,0,0.213247,1
D_0000075286,0,0.092353,0
D_0000075328,0,0.116968,0
D_0000075517,0,0.036816,0
D_0000075601,1,0.990324,1
D_0000077533,1,0.060087,0
D_0000077995,0,0.045441,0
D_0000078268,0,0.010748,0
D_0000078310,1,0.984869,1
D_0000078562,1,0.996885,1
D_0000078730,1,0.994654,1
D_0000078751,0,0.052750,0
D_0000079129,0,0.023458,0
D_0000079570,0,0.072933,0
D_0000080053,1,0.993420,1
D_0000080410,0,0.327715,1
D_0000081607,0,0.041657,0
D_0000082300,1,0.997387,1
D_0000082573,1,0.999688,1
D_0000082657,1,0.999977,1
D_0000082699,1,0.992599,1
D_0000082888,1,0.994830,1
D_0000082930,1,0.124717,0
D_0000083182,1,0.907349,1
D_0000083392,1,0.993684,1
D_0000083644,0,0.060906,0
D_0000083707,1,0.804960,1
D_0000083854,1,0.303851,1
D_0000084379,1,0.990350,1
D_0000084442,0,0.080591,0
D_0000084589,1,0.230910,1
D_0000084631,0,0.133502,0
D_0000084673,0,0.123681,0
D_0000084820,0,0.212919,1
D_0000084904,1,0.988753,1
D_0000084967,1,0.975631,1
D_0000085198,0,0.018651,0
D_0000085240,1,0.368501,1
D_0000085996,1,0.993373,1
D_0000086332,0,0.056048,0
D_0000087025,1,0.991539,1
D_0000087487,1,0.121849,0
D_0000087550,1,0.992394,1
D_0000087592,0,0.058788,0
D_0000088537,1,0.990532,1
D_0000089083,1,0.989873,1
D_0000089104,1,0.984457,1
D_0000089335,1,0.995854,1
D_0000089608,0,0.049773,0
D_0000089839,1,0.993769,1
D_0000090028,1,0.993984,1
D_0000090343,0,0.149033,0
D_0000090511,0,0.049909,0
D_0000090931,0,0.085435,0
D_0000091120,0,0.078536,0
D_0000091393,0,0.062724,0
D_0000091540,0,0.054516,0
D_0000091708,1,0.991199,1
D_0000091771,0,0.073217,0
D_0000091855,0,0.125237,0
D_0000092128,1,0.994121,1
D_0000092632,1,0.992440,1
D_0000092863,1,0.998256,1
D_0000093367,1,0.996781,1
D_0000093703,0,0.297032,1
D_0000093745,0,0.098794,0
D_0000093766,0,0.028613,0
D_0000094375,1,0.995333,1
D_0000094480,0,0.055110,0
D_0000094774,1,0.358441,1
D_0000095131,1,0.999268,1
D_0000095320,1,0.993261,1
D_0000095362,0,0.070831,0
D_0000095509,0,0.022867,0
D_0000095908,1,0.973598,1
D_0000096433,1,0.055692,0
D_0000096496,0,0.005021,0
D_0000097462,1,0.159048,0
D_0000097756,0,0.058947,0
D_0000098281,1,0.996284,1
D_0000098344,0,0.034340,0
D_0000098407,1,0.997863,1
D_0000098512,1,0.993925,1
D_0000098617,1,0.104776,0
D_0000098785,1,0.965326,1
D_0000098953,0,0.068134,0
D_0000099058,0,0.194640,1
D_0000099163,0,0.000130,0
D_0000099226,0,0.120834,0
D_0000099331,0,0.118943,0
D_0000099667,1,0.921969,1
D_0000099961,1,0.997856,1
D_0000100129,0,0.020797,0
D_0000100381,0,0.119193,0
D_0000101032,1,0.957158,1
D_0000101074,1,0.989537,1
D_0000101179,1,0.404248,1
D_0000101494,1,0.993571,1
D_0000101914,0,0.039378,0
D_0000103069,1,0.994965,1
D_0000103363,1,0.995566,1
D_0000103405,1,0.103419,0
D_0000103720,1,0.982120,1
D_0000104077,0,0.235282,1
D_0000104980,0,0.035638,0
D_0000105127,0,0.169200,0
D_0000105316,1,0.994508,1
D_0000105400,0,0.707322,1
D_0000105505,1,0.996207,1
D_0000105526,0,0.230442,1
D_0000105652,0,0.179650,1
D_0000105799,0,0.022907,0
D_0000106093,0,0.059391,0
D_0000106177,1,0.096118,0
D_0000106513,1,0.990340,1
D_0000106870,0,0.393148,1
D_0000106891,0,0.029893,0
D_0000107353,0,0.048440,0
D_0000108046,1,0.988440,1
D_0000108088,0,0.095224,0
D_0000108550,0,0.045726,0
D_0000108634,1,0.998168,1
D_0000109369,0,0.133215,0
D_0000109600,0,0.087179,0
D_0000109663,0,0.047495,0
D_0000109978,1,0.985662,1
D_0000110986,1,0.998243,1
D_0000111595,0,0.036582,0
D_0000111784,1,0.995588,1
D_0000111805,1,0.999784,1
D_0000111826,1,0.995631,1
D_0000112246,1,0.992607,1
D_0000112456,1,0.255118,1
D_0000112477,1,0.996942,1
D_0000112561,0,0.214056,1
D_0000112687,1,0.996416,1
D_0000113107,1,0.997760,1
D_0000113212,0,0.173824,0
D_0000113443,0,0.130801,0
D_0000113569,0,0.116717,0
D_0000114220,0,0.805373,1
D_0000114304,0,0.804175,1
D_0000115144,1,0.998793,1
D_0000115459,1,0.051439,0
D_0000115585,1,0.994704,1
D_0000115753,0,0.093706,0
D_0000116782,1,0.993925,1
D_0000116908,1,0.041100,0
D_0000117076,0,0.067641,0
D_0000117496,0,0.031092,0
D_0000117580,0,0.048761,0
D_0000117748,0,0.113300,0
D_0000117979,0,0.060367,0
D_0000118105,1,0.994885,1
D_0000118273,0,0.076384,0
D_0000118819,1,0.985428,1
D_0000118903,0,0.076410,0
D_0000119281,0,0.027526,0
D_0000119323,0,0.045059,0
D_0000119365,1,0.999626,1
D_0000119470,0,0.052082,0
D_0000120583,0,0.035953,0
D_0000121507,1,0.999876,1
D_0000122074,1,0.111492,0
D_0000122368,0,0.100820,0
D_0000122536,1,0.992247,1
D_0000122641,1,0.999957,1
D_0000123187,1,0.990310,1
D_0000123544,0,0.052935,0
D_0000123649,1,0.989844,1
D_0000123712,1,0.991608,1
D_0000124363,0,0.019765,0
D_0000124447,1,0.990839,1
D_0000125497,1,0.951182,1
D_0000125812,1,0.012741,0
D_0000126211,1,0.999997,1
D_0000126379,1,0.992542,1
D_0000126673,0,0.097439,0
D_0000127135,0,0.160066,0
D_0000128080,0,0.039408,0
D_0000128206,1,0.992404,1
D_0000128248,0,0.049881,0
D_0000128332,1,0.998312,1
D_0000128857,0,0.077306,0
D_0000128920,1,0.088320,0
D_0000129340,1,0.988405,1
D_0000129382,0,0.048714,0
D_0000129445,0,0.092636,0
D_0000130537,0,0.095381,0
D_0000131104,0,0.040620,0
D_0000131146,1,0.933667,1
D_0000131251,0,0.044065,0
D_0000131461,0,0.048446,0
D_0000131503,1,0.807720,1
D_0000131734,1,0.996660,1
D_0000132070,1,0.999988,1
D_0000132364,1,0.982348,1
D_0000133099,1,0.999831,1
D_0000133120,0,0.103414,0
D_0000133246,1,0.993131,1
D_0000133267,1,0.212202,1
D_0000133351,1,0.990949,1
D_0000133477,1,0.994654,1
D_0000133918,0,0.219820,1
D_0000134338,0,0.027902,0
D_0000134359,1,0.993741,1
D_0000134632,1,0.998622,1
D_0000134989,1,0.995774,1
D_0000135094,0,0.131682,0
D_0000135283,1,0.993431,1
D_0000135493,1,0.995713,1
D_0000135661,1,0.995091,1
D_0000135682,0,0.083469,0
D_0000135787,0,0.118067,0
D_0000136207,0,0.034842,0
D_0000136375,0,0.042141,0
D_0000136879,1,0.988880,1
D_0000136900,0,0.078323,0
D_0000137089,0,0.046533,0
D_0000137131,1,0.993025,1
D_0000137173,0,0.019551,0
D_0000137341,1,0.994312,1
D_0000137383,1,0.996835,1
D_0000137740,0,0.056816,0
D_0000137782,0,0.134259,0
D_0000137824,1,0.068806,0
D_0000137866,1,0.904949,1
D_0000138034,0,0.025585,0
D_0000138139,0,0.364423,1
D_0000139063,1,0.993924,1
D_0000139126,0,0.011720,0
D_0000139231,1,0.033023,0
D_0000139441,1,0.998972,1
D_0000139525,0,0.032340,0
D_0000139546,0,0.199169,1
D_0000139672,1,0.074473,0
D_0000139882,1,0.994543,1
D_0000139924,1,0.996038,1
D_0000141226,0,0.028114,0
D_0000141373,1,0.071644,0
D_0000142213,0,0.117834,0
D_0000142234,1,0.990858,1
D_0000142360,1,0.987376,1
D_0000142528,1,0.987123,1
D_0000142759,0,0.094971,0
D_0000143116,1,0.995142,1
D_0000143221,1,0.981272,1
D_0000143872,1,0.987218,1
D_0000144313,1,0.076400,0
D_0000144733,0,0.040903,0
D_0000145048,1,0.991201,1
D_0000145153,1,0.168391,0
D_0000145342,1,0.995096,1
D_0000145741,1,0.930548,1
D_0000145888,0,0.049212,0
D_0000146140,1,0.991160,1
D_0000147295,1,0.994531,1
D_0000148450,1,0.999259,1
D_0000149311,0,0.039700,0
D_0000149395,1,0.990206,1
D_0000149500,0,0.031708,0
D_0000149710,0,0.976738,1
D_0000149794,0,0.571886,1
D_0000150004,0,0.107481,0
D_0000150214,1,0.994890,1
D_0000151642,1,0.995253,1
D_0000151873,0,0.128308,0
D_0000152461,1,0.300431,1
D_0000152839,1,0.990235,1
D_0000152944,1,0.982563,1
D_0000152986,0,0.054941,0
D_0000153511,1,0.997005,1
D_0000153700,1,0.994241,1
D_0000154057,1,0.085138,0
D_0000154099,1,0.996810,1
D_0000155233,1,0.820392,1
D_0000156283,0,0.207314,1
D_0000156346,0,0.113411,0
D_0000156577,1,0.992905,1
D_0000156892,1,0.079104,0
D_0000156997,0,0.059502,0
D_0000157060,0,0.105177,0
D_0000157165,0,0.028632,0
D_0000157438,1,0.994025,1
D_0000157501,1,0.157225,0
D_0000157711,1,0.081966,0
D_0000157774,1,0.980016,1
D_0000158152,0,0.044958,0
D_0000158530,1,0.988127,1
D_0000158719,1,0.975760,1
D_0000159370,0,0.025774,0
D_0000159685,0,0.063848,0
D_0000160042,1,0.955900,1
D_0000160147,0,0.019486,0
D_0000160273,1,0.984147,1
D_0000160378,1,0.989622,1
D_0000161743,0,0.182090,1
D_0000162163,1,0.989929,1
D_0000162436,0,0.064179,0
D_0000162604,1,0.979550,1
D_0000162709,0,0.056390,0
D_0000163276,0,0.028822,0
D_0000163801,1,0.639685,1
D_0000164032,0,0.017397,0
D_0000164599,0,0.076637,0
D_0000165019,1,0.903532,1
D_0000165103,1,0.997918,1
D_0000165229,0,0.052962,0
D_0000166048,1,0.235528,1
D_0000166090,1,0.059555,0
D_0000166783,1,0.113418,0
D_0000167014,1,0.993138,1
D_0000167098,0,0.067978,0
D_0000167749,1,0.694777,1
D_0000167770,1,0.989146,1
D_0000167875,0,0.080767,0
D_0000168001,0,0.039888,0
D_0000168148,1,0.974260,1
D_0000168316,0,0.017232,0
D_0000168358,0,0.010282,0
D_0000168484,0,0.070765,0
D_0000168610,1,0.995394,1
D_0000169303,1,0.163168,0
D_0000169408,1,0.991598,1
D_0000169513,1,0.062053,0
D_0000169639,1,0.997097,1
D_0000170185,0,0.080057,0
D_0000170437,1,0.968530,1
D_0000170500,1,0.993619,1
D_0000170794,1,0.140633,0
D_0000171739,1,0.988243,1
D_0000172432,0,0.051321,0
D_0000173104,1,0.988927,1
D_0000173377,1,0.980329,1
D_0000173461,1,0.986178,1
D_0000173587,1,0.983195,1
D_0000174784,0,0.043981,0
D_0000174805,1,0.997074,1
D_0000174868,0,0.016550,0
D_0000174889,0,0.090442,0
D_0000175267,0,0.269360,1
D_0000175309,1,0.991275,1
D_0000175897,0,0.054473,0
D_0000175981,1,0.986633,1
D_0000176044,1,0.899578,1
D_0000176065,0,0.162757,0
D_0000176443,1,0.996249,1
D_0000176611,1,0.996876,1
D_0000176842,0,0.222684,1
D_0000177997,1,0.997657,1
D_0000178375,1,0.987589,1
D_0000178627,0,0.013490,0
D_0000179026,1,0.997582,1
D_0000179068,0,0.131616,0
D_0000179341,1,0.995325,1
D_0000179383,1,0.181981,1
D_0000179446,0,0.103301,0
D_0000179593,0,0.067566,0
D_0000179908,0,0.071012,0
D_0000180853,1,1.000000,1
D_0000181042,1,0.990187,1
D_0000181084,1,0.190375,1
D_0000181525,1,0.689555,1
D_0000181777,1,0.985250,1
D_0000181840,1,0.131744,0
D_0000182764,1,0.213374,1
D_0000183583,0,0.058174,0
D_0000183877,1,0.980315,1
D_0000184066,1,0.999992,1
D_0000184738,1,0.986158,1
D_0000184780,0,0.039253,0
D_0000184843,1,0.999103,1
D_0000185053,1,0.968590,1
D_0000185074,0,0.145939,0
D_0000185179,1,0.996900,1
D_0000185263,0,0.033931,0
D_0000185431,1,0.997730,1
D_0000185767,1,0.993840,1
D_0000186019,0,0.081716,0
D_0000186964,1,0.988021,1
D_0000186985,1,0.992152,1
D_0000187153,1,0.987408,1
D_0000187384,0,0.120390,0
D_0000187678,1,0.029813,0
D_0000188812,1,0.986627,1
D_0000188854,1,0.995967,1
D_0000189358,1,0.996005,1
D_0000189904,1,0.176671,0
D_0000190093,1,0.986110,1
D_0000190261,1,0.993906,1
D_0000190912,0,0.129895,0
D_0000191017,0,0.042557,0
D_0000191710,0,0.075846,0
D_0000192004,0,0.027384,0
D_0000192445,1,0.980038,1
D_0000193033,1,0.215888,1
D_0000193096,1,0.181193,1
D_0000193264,0,0.009549,0
D_0000193537,1,0.991095,1
D_0000193894,1,0.993995,1
D_0000193978,0,0.058344,0
D_0000194167,0,0.011241,0
D_0000194188,1,0.996228,1
D_0000194230,0,0.005531,0
D_0000194272,0,0.863319,1
D_0000194776,0,0.050619,0
D_0000194839,0,0.047383,0
D_0000194944,0,0.168048,0
D_0000195385,1,0.185430,1
D_0000195637,0,0.131500,0
D_0000196624,1,0.265006,1
D_0000196897,1,0.996419,1
D_0000196960,1,0.148407,0
D_0000196981,1,0.067246,0
D_0000197380,0,0.312266,1
D_0000197737,0,0.037146,0
D_0000197779,0,0.126463,0
D_0000198136,1,0.992664,1
D_0000198955,1,0.999997,1
D_0000198997,1,0.960335,1
D_0000199459,0,0.075107,0
D_0000199543,0,0.045694,0
D_0000199669,1,0.983072,1
D_0000199711,0,0.070615,0
D_0000199858,1,0.981992,1
D_0000200173,1,0.992684,1
D_0000200362,1,0.990751,1
D_0000200446,1,0.091282,0
D_0000201076,0,0.019420,0
D_0000201139,0,0.266222,1
D_0000201391,1,0.185150,1
D_0000201475,1,0.983546,1
D_0000201916,0,0.073457,0
D_0000201979,1,0.955204,1
D_0000202693,1,0.995204,1
D_0000202777,0,0.134790,0
D_0000202840,1,0.985832,1
D_0000202945,0,0.082722,0
D_0000203008,0,0.187241,1
D_0000203260,1,0.995302,1
D_0000203449,0,0.246740,1
D_0000204121,1,0.998034,1
D_0000204226,1,0.990214,1
D_0000204478,0,0.078975,0
D_0000204688,0,0.108524,0
D_0000204709,1,0.994384,1
D_0000205066,1,0.993899,1
D_0000205486,0,0.035383,0
D_0000205927,1,0.961479,1
D_0000206767,0,0.069256,0
D_0000208552,0,0.079694,0
D_0000208573,1,0.477898,1
D_0000208657,0,0.043390,0
D_0000208846,1,0.767733,1
D_0000208993,1,0.907771,1
D_0000209308,1,0.989234,1
D_0000209539,0,0.004701,0
D_0000209854,0,0.014390,0
D_0000210652,0,0.060405,0
D_0000211240,0,0.028154,0
D_0000211975,0,0.027148,0
D_0000212122,1,0.974470,1
D_0000212773,1,0.982270,1
D_0000213067,1,0.979958,1
D_0000213298,1,0.996290,1
D_0000213382,1,0.995348,1
D_0000213949,1,0.999610,1
D_0000215104,0,0.425594,1
D_0000215293,0,0.030616,0
D_0000215839,0,0.017253,0
D_0000216133,1,0.999998,1
D_0000216574,0,0.049293,0
D_0000216595,0,0.018953,0
D_0000216700,0,0.021776,0
D_0000216952,1,0.996906,1
D_0000217036,0,0.160770,0
D_0000217540,1,0.993251,1
D_0000217624,0,0.159314,0
D_0000217729,1,0.973044,1
D_0000217771,0,0.041298,0
D_0000217981,1,0.990335,1
D_0000218149,0,0.044200,0
D_0000218275,1,0.999646,1
D_0000218359,0,0.044561,0
D_0000218380,1,0.995143,1
D_0000218695,0,0.041381,0
D_0000218779,0,0.031066,0
D_0000218863,1,0.986652,1
D_0000219178,0,0.128427,0
D_0000219472,1,0.152816,0
D_0000219556,1,0.991193,1
D_0000219661,1,0.989251,1
D_0000220396,1,0.995105,1
D_0000220501,1,0.994563,1
D_0000221446,0,0.449772,1
D_0000221677,0,0.058953,0
D_0000221698,1,0.078038,0
D_0000221719,1,0.971054,1
D_0000221824,0,0.028418,0
D_0000222013,0,0.036078,0
D_0000222181,1,0.902099,1
D_0000222496,1,0.314237,1
D_0000223294,0,0.986253,1
D_0000223399,1,0.990013,1
D_0000223714,0,0.058593,0
D_0000223966,0,0.018058,0
D_0000224176,1,0.992643,1
D_0000224281,1,0.988991,1
D_0000224533,1,0.899815,1
D_0000224617,0,0.057431,0
D_0000224932,1,0.999474,1
D_0000225016,0,0.012183,0
D_0000225184,0,0.153130,0
D_0000225331,0,0.074745,0
D_0000225352,0,0.125452,0
D_0000225478,1,1.000000,1
D_0000225520,1,0.999785,1
D_0000225625,1,0.828757,1
D_0000225814,1,0.972361,1
D_0000225961,1,0.995229,1
D_0000226024,0,0.029512,0
D_0000226234,1,0.992807,1
D_0000226339,1,0.132501,0
D_0000226528,1,0.994417,1
D_0000226696,1,0.998509,1
D_0000226843,0,0.042232,0
D_0000226864,1,0.995964,1
D_0000227116,0,0.336490,1
D_0000227158,1,0.997870,1
D_0000228166,0,0.069384,0
D_0000228292,1,0.999979,1
D_0000228418,0,0.388690,1
D_0000228838,1,0.986087,1
D_0000229216,1,0.992374,1
D_0000231169,1,0.990658,1
D_0000231484,0,0.175966,0
D_0000232051,0,0.064322,0
D_0000232114,1,0.975563,1
D_0000232177,1,0.975795,1
D_0000232429,1,0.775919,1
D_0000232744,0,0.040299,0
D_0000232828,1,0.173940,0
D_0000233143,1,0.995060,1
D_0000233605,0,0.019578,0
D_0000233941,0,0.201091,1
D_0000234004,0,0.020553,0
D_0000234025,1,0.996020,1
D_0000234130,1,0.992801,1
D_0000234214,1,0.929602,1
D_0000234319,0,0.020622,0
D_0000234361,1,0.994709,1
D_0000234592,0,0.035997,0
D_0000234739,0,0.082757,0
D_0000234970,1,0.221397,1
D_0000235096,1,0.143734,0
D_0000235411,0,0.066117,0
D_0000235684,1,0.156698,0
D_0000235726,1,0.009286,0
D_0000235957,0,0.032294,0
D_0000236461,0,0.962299,1
D_0000236482,1,0.899320,1
D_0000236776,1,0.994463,1
D_0000236965,1,0.990085,1
D_0000237028,0,0.065294,0
D_0000237616,1,0.989840,1
D_0000238561,1,0.183725,1
D_0000238792,1,0.119606,0
D_0000238897,0,0.038627,0
D_0000239170,0,0.027403,0
D_0000239254,1,0.993556,1
D_0000239401,1,0.994840,1
D_0000239695,0,0.117769,0
D_0000239926,0,0.180617,1
D_0000240241,0,0.101140,0
D_0000240262,1,0.996661,1
D_0000240451,0,0.080529,0
D_0000240472,0,0.110199,0
D_0000240619,0,0.012425,0
D_0000241186,1,0.998341,1
D_0000241228,1,0.994414,1
D_0000241291,1,1.000000,1
D_0000241396,1,0.997637,1
D_0000241480,1,0.989422,1
D_0000241837,0,0.038330,0
D_0000242740,1,0.994821,1
D_0000242971,1,0.985796,1
D_0000243034,1,0.042507,0
D_0000243076,0,0.069165,0
D_0000243139,1,0.987233,1
D_0000243160,1,0.990574,1
D_0000243412,1,0.998348,1
D_0000243454,0,0.053416,0
D_0000243643,1,0.991264,1
D_0000244525,0,0.105062,0
D_0000244756,1,0.075588,0
D_0000244861,1,0.997709,1
D_0000244924,0,0.034268,0
D_0000244945,1,0.992875,1
D_0000245071,1,0.993693,1
D_0000245218,0,0.985962,1
D_0000245449,1,0.997363,1
D_0000245491,1,0.988845,1
D_0000245743,0,0.097365,0
D_0000245848,0,0.065879,0
D_0000246562,1,0.991544,1
D_0000247234,0,0.043417,0
D_0000247360,1,0.795258,1
D_0000248305,0,0.015801,0
D_0000248620,1,0.993718,1
D_0000248641,0,0.034011,0
D_0000248662,1,0.986148,1
D_0000248977,0,0.029149,0
D_0000249229,0,0.170738,0
D_0000249355,1,0.983177,1
D_0000249607,1,0.920513,1
D_0000249733,0,0.045776,0
D_0000249985,0,0.078544,0
D_0000250090,0,0.961070,1
D_0000250720,0,0.046520,0
D_0000251098,0,0.031119,0
D_0000252022,1,0.994127,1
D_0000252064,1,0.999981,1
D_0000252967,1,0.979627,1
D_0000253177,0,0.170606,0
D_0000253261,1,0.997081,1
D_0000253660,1,0.992456,1
D_0000253681,0,0.222563,1
D_0000253723,0,0.013789,0
D_0000254143,0,0.163091,0
D_0000254269,0,0.100719,0
D_0000254500,0,0.015179,0
D_0000254668,0,0.045049,0
D_0000255004,0,0.037564,0
D_0000255403,0,0.097596,0
D_0000255697,1,0.996310,1
D_0000256075,1,0.981950,1
D_0000256264,0,0.012078,0
D_0000256558,0,0.046490,0
D_0000256579,0,0.326786,1
D_0000256684,1,0.986338,1
D_0000256810,0,0.060625,0
D_0000256873,0,0.060217,0
D_0000258322,0,0.056023,0
D_0000258889,1,0.995782,1
D_0000259099,1,0.975349,1
D_0000259372,1,0.970464,1
D_0000259813,1,0.201996,1
D_0000260191,1,0.314649,1
D_0000260338,1,0.987867,1
D_0000260401,0,0.127358,0
D_0000261199,0,0.153783,0
D_0000261787,0,0.436349,1
D_0000261871,1,0.992386,1
D_0000262060,1,0.999418,1
D_0000262270,1,0.140604,0
D_0000262522,0,0.057331,0
D_0000262585,1,0.990911,1
D_0000262711,0,0.082136,0
D_0000262795,1,0.999001,1
D_0000262900,1,0.100430,0
D_0000262984,0,0.063690,0
D_0000263005,0,0.030967,0
D_0000263782,0,0.025234,0
D_0000264055,1,0.176048,0
D_0000264664,1,0.990443,1
D_0000264748,1,0.989513,1
D_0000264790,1,0.980121,1
D_0000265903,0,0.041328,0
D_0000266680,1,0.996962,1
D_0000266764,0,0.707687,1
D_0000267163,1,0.994693,1
D_0000267268,0,0.060009,0
D_0000267583,1,0.171671,0
D_0000267982,0,0.160738,0
D_0000268108,1,0.990678,1
D_0000268171,0,0.947183,1
D_0000269011,0,0.024973,0
D_0000269431,1,0.126756,0
D_0000269704,0,0.083412,0
D_0000269725,0,0.880168,1
D_0000269788,1,1.000000,1
D_0000269977,0,0.117828,0
D_0000270061,1,0.991243,1
D_0000270334,1,0.996842,1
D_0000270586,1,0.995891,1
D_0000270859,1,0.990430,1
D_0000270943,0,0.155572,0
D_0000271048,1,0.221323,1
D_0000271174,0,0.140827,0
D_0000271594,0,0.065929,0
D_0000271783,1,0.961231,1
D_0000272560,0,0.040549,0
D_0000272581,1,0.993452,1
D_0000272644,0,0.158305,0
D_0000273127,1,0.984238,1
D_0000273190,1,0.994796,1
D_0000273358,1,0.997260,1
D_0000273421,0,0.076252,0
D_0000273715,1,0.993838,1
D_0000273778,0,0.063503,0
D_0000273862,0,0.061035,0
D_0000273925,1,0.973453,1
D_0000274366,1,0.033801,0
D_0000274513,1,0.991107,1
D_0000274576,1,0.999217,1
D_0000274870,0,0.056817,0
D_0000274933,1,0.108358,0
D_0000275269,1,0.961000,1
D_0000275521,0,0.023830,0
D_0000275836,0,0.051233,0
D_0000275962,0,0.272235,1
D_0000276067,1,0.052118,0
D_0000276508,1,0.065160,0
D_0000276550,0,0.097570,0
D_0000276991,1,0.990935,1
D_0000277012,1,0.967540,1
D_0000277054,1,0.989729,1
D_0000277096,0,0.075021,0
D_0000277285,1,0.220951,1
D_0000277390,0,0.026929,0
D_0000277705,1,0.995353,1
D_0000277789,0,0.044605,0
D_0000278251,1,0.990373,1
D_0000278356,0,0.083622,0
D_0000278650,0,0.116327,0
D_0000278839,0,0.107294,0
D_0000278986,1,0.998813,1
D_0000279049,0,0.048806,0
D_0000279070,0,0.212849,1
D_0000279658,1,0.990326,1
D_0000280204,1,0.997052,1
D_0000280225,1,0.051568,0
D_0000280351,1,0.997937,1
D_0000280729,1,0.934013,1
D_0000281023,0,0.058647,0
D_0000281758,0,0.108651,0
D_0000282220,0,0.042385,0
D_0000282745,1,0.022349,0
D_0000282787,1,0.980738,1
D_0000282976,0,0.029733,0
D_0000283039,1,0.104327,0
D_0000283081,0,0.056354,0
D_0000283207,0,0.047802,0
D_0000283564,1,0.975791,1
D_0000283606,1,0.992693,1
D_0000283627,0,0.071268,0
D_0000284047,1,0.981286,1
D_0000284068,1,0.991053,1
D_0000284278,1,0.157505,0
D_0000284341,1,0.996803,1
D_0000284362,0,0.046165,0
D_0000284383,1,0.996295,1
D_0000284656,1,0.160470,0
D_0000285412,1,0.991769,1
D_0000285769,0,0.048141,0
D_0000285958,1,0.990768,1
D_0000286420,1,0.985735,1
D_0000287029,0,0.112384,0
D_0000287449,0,0.044446,0
D_0000287512,0,0.073170,0
D_0000288121,0,0.118664,0
D_0000288205,1,0.991973,1
D_0000288373,0,0.038597,0
D_0000288394,0,0.029979,0
D_0000288751,1,0.996849,1
D_0000288877,1,0.039397,0
D_0000289024,0,0.105791,0
D_0000289087,0,0.018396,0
D_0000289486,0,0.036990,0
D_0000289528,1,0.969555,1
D_0000289864,1,0.989799,1
D_0000290032,0,0.950260,1
D_0000291082,0,0.046452,0
D_0000291397,1,0.996988,1
D_0000291649,1,0.995707,1
D_0000293287,0,0.033707,0
D_0000293707,1,0.992330,1
D_0000294106,0,0.069568,0
D_0000294211,0,0.179098,1
D_0000294358,0,0.135748,0
D_0000294400,1,0.995553,1
D_0000295093,1,0.991500,1
D_0000295387,1,0.222142,1
D_0000295975,1,0.988000,1
D_0000296311,1,0.992039,1
D_0000296731,0,0.103030,0
D_0000296962,1,0.994021,1
D_0000297403,0,0.051545,0
D_0000297487,1,0.839017,1
D_0000297571,0,0.067062,0
D_0000297886,1,0.993379,1
D_0000297949,0,0.069367,0
D_0000298201,0,0.102078,0
D_0000298537,0,0.148277,0
D_0000298768,1,0.994422,1
D_0000299083,1,0.999714,1
D_0000299965,0,0.087860,0
D_0000300490,1,0.994733,1
D_0000301015,1,0.995575,1
D_0000301246,1,0.988648,1
D_0000301729,1,0.961159,1
D_0000301813,1,0.124056,0
D_0000302275,1,0.999767,1
D_0000302422,1,0.996260,1
D_0000302821,0,0.626059,1
D_0000302926,1,0.989496,1
D_0000302968,0,0.035017,0
D_0000303871,0,0.129065,0
D_0000304102,1,0.470914,1
D_0000304417,1,0.997891,1
D_0000304480,0,0.023043,0
D_0000304606,0,0.168148,0
D_0000304690,0,0.132800,0
D_0000304900,1,0.995194,1
D_0000304942,0,0.019171,0
D_0000305152,1,0.837784,1
D_0000305278,1,0.162585,0
D_0000305866,1,0.208091,1
D_0000306328,1,0.190238,1
D_0000306559,0,0.021410,0
D_0000307126,0,0.046649,0
D_0000307420,0,0.070316,0
D_0000307924,0,0.064216,0
D_0000308092,0,0.057893,0
D_0000308218,1,0.999921,1
D_0000308785,0,0.039362,0
D_0000308995,0,0.866534,1
D_0000309205,1,0.998942,1
D_0000309520,1,0.079423,0
D_0000309541,1,0.087520,0
D_0000309814,1,0.998445,1
D_0000310339,0,0.009878,0
D_0000310381,0,0.033991,0
D_0000310927,1,0.986256,1
D_0000311158,0,0.053265,0
D_0000311305,1,0.116022,0
D_0000311704,0,0.105401,0
D_0000311956,1,0.984245,1
D_0000312376,0,0.020171,0
D_0000312460,1,0.994787,1
D_0000312586,0,0.109121,0
D_0000312628,0,0.118556,0
D_0000312712,0,0.046295,0
D_0000312901,1,0.980669,1
D_0000312922,0,0.101306,0
D_0000313174,1,0.974396,1
D_0000313363,0,0.188662,1
D_0000313762,0,0.006770,0
D_0000314350,0,0.025448,0
D_0000314392,0,0.099788,0
D_0000314518,1,0.995953,1
D_0000314623,1,0.898297,1
D_0000315295,0,0.019658,0
D_0000315484,0,0.041673,0
D_0000315904,1,0.995088,1
D_0000316345,1,0.999738,1
D_0000316450,0,0.037047,0
D_0000316597,0,0.030659,0
D_0000316639,1,0.973433,1
D_0000316765,0,0.112325,0
D_0000317521,0,0.961477,1
D_0000317773,1,0.980377,1
D_0000318634,1,0.993809,1
D_0000319054,1,0.992811,1
D_0000319495,1,0.222843,1
D_0000320230,1,0.996524,1
D_0000320272,1,0.815330,1
D_0000320839,0,0.094870,0
D_0000321049,1,0.983610,1
D_0000321217,1,0.996216,1
D_0000321616,0,0.050246,0
D_0000321763,0,0.066213,0
D_0000321847,0,0.019768,0
D_0000322015,0,0.035327,0
D_0000323548,0,0.075840,0
D_0000323716,1,0.999950,1
D_0000324010,1,0.995483,1
D_0000324073,1,0.986440,1
D_0000325060,0,0.054372,0
D_0000325396,1,0.993206,1
D_0000326173,0,0.053296,0
D_0000326278,1,0.991021,1
D_0000326404,0,0.034756,0
D_0000326467,1,0.997732,1
D_0000326530,0,0.089170,0
D_0000327118,1,0.094124,0
D_0000327181,1,0.992550,1
D_0000327244,1,0.993686,1
D_0000327433,0,0.093082,0
D_0000327727,1,0.994120,1
D_0000328882,1,0.248685,1
D_0000329113,0,0.080215,0
D_0000329197,1,0.996394,1
D_0000329260,0,0.125753,0
D_0000330016,0,0.053126,0
D_0000330037,1,0.990791,1
D_0000330100,0,0.110573,0
D_0000330289,0,0.032201,0
D_0000330457,1,0.992395,1
D_0000330478,1,0.998528,1
D_0000330499,0,0.052082,0
D_0000330604,1,0.994423,1
D_0000330646,1,0.030581,0
D_0000330709,1,0.987417,1
D_0000330793,1,0.065062,0
D_0000331129,1,0.656759,1
D_0000331171,0,0.035437,0
D_0000331339,1,0.987773,1
D_0000331675,1,0.964063,1
D_0000331696,1,0.995272,1
D_0000332095,0,0.014125,0
D_0000332683,0,0.021775,0
D_0000332746,1,0.994710,1
D_0000333355,1,0.991985,1
D_0000333880,1,0.095367,0
D_0000334132,1,0.995036,1
D_0000334447,0,0.055704,0
D_0000334657,0,0.039686,0
D_0000334678,1,0.999817,1
D_0000335980,0,0.052010,0
D_0000336253,0,0.063682,0
D_0000336379,1,0.990799,1
D_0000336421,1,0.971080,1
D_0000336610,1,0.176425,0
D_0000336673,1,0.996827,1
D_0000336736,1,0.998295,1
D_0000336862,1,0.999119,1
D_0000337009,0,0.065267,0
D_0000337303,0,0.274352,1
D_0000337576,1,0.153140,0
D_0000338080,1,0.977794,1
D_0000338248,1,0.963365,1
D_0000338647,0,0.051544,0
D_0000338773,1,0.992693,1
D_0000338857,0,0.109292,0
D_0000339193,0,0.053055,0
D_0000339403,0,0.049358,0
D_0000339508,0,0.059005,0
D_0000339550,1,0.921699,1
D_0000339676,0,0.066020,0
D_0000339844,1,0.989240,1
D_0000340054,0,0.013260,0
D_0000340495,0,0.077676,0
D_0000340684,0,0.116469,0
D_0000340705,0,0.055288,0
D_0000340894,0,0.036278,0
D_0000340936,0,0.026520,0
D_0000341230,1,0.994496,1
D_0000341629,0,0.092768,0
D_0000342574,1,0.976248,1
D_0000342742,1,0.995629,1
D_0000343561,1,0.532445,1
D_0000344002,1,0.004685,0
D_0000344044,0,0.121616,0
D_0000344569,1,0.990663,1
D_0000344632,0,0.023750,0
D_0000345157,0,0.044827,0
D_0000345199,1,0.989165,1
D_0000345661,0,0.096517,0
D_0000345703,1,0.999235,1
D_0000346165,1,0.868230,1
D_0000346186,0,0.091021,0
D_0000346207,0,0.001503,0
D_0000346228,0,0.032876,0
D_0000346522,1,0.939438,1
D_0000346732,1,0.987525,1
D_0000346837,1,0.127671,0
D_0000346900,1,0.992001,1
D_0000346942,1,0.184988,1
D_0000347299,0,0.058336,0
D_0000347551,1,0.071818,0
D_0000347677,1,0.188624,1
D_0000348139,1,0.986526,1
D_0000348181,0,0.016323,0
D_0000348328,1,0.994741,1
D_0000348496,1,0.984404,1
D_0000349210,0,0.993278,1
D_0000349231,1,0.989180,1
D_0000350029,0,0.050757,0
D_0000350428,0,0.008548,0
D_0000350449,0,0.050944,0
D_0000350470,1,0.995762,1
D_0000350701,0,0.018897,0
D_0000350995,0,0.079660,0
D_0000351058,1,0.993715,1
D_0000351121,0,0.057026,0
D_0000351499,0,0.090004,0
D_0000352108,1,0.990150,1
D_0000352213,1,0.096652,0
D_0000352444,0,0.045967,0
D_0000352528,1,0.994699,1
D_0000352570,1,0.981142,1
D_0000352864,1,0.989606,1
D_0000352969,0,0.041038,0
D_0000353599,0,0.043269,0
D_0000354166,0,0.053436,0
D_0000354397,1,0.996485,1
D_0000354523,1,0.001778,0
D_0000354565,1,0.995115,1
D_0000354586,1,0.973565,1
D_0000354670,0,0.113778,0
D_0000354712,0,0.020176,0
D_0000355111,0,0.081370,0
D_0000355930,0,0.066917,0
D_0000356077,0,0.014780,0
D_0000356224,1,0.989282,1
D_0000356266,1,0.962307,1
D_0000356308,1,0.966118,1
D_0000356833,0,0.066084,0
D_0000357631,1,0.993703,1
D_0000357694,1,0.994188,1
D_0000358009,0,0.053764,0
D_0000359017,1,0.998044,1
D_0000359815,1,0.999242,1
D_0000359878,0,0.112059,0
D_0000360109,0,0.035090,0
D_0000360172,1,0.993998,1
D_0000360277,1,0.998968,1
D_0000360340,0,0.037302,0
D_0000360991,1,0.999219,1
D_0000361096,1,0.999808,1
D_0000361243,0,0.082363,0
D_0000361537,1,0.996462,1
D_0000361894,0,0.011554,0
D_0000362104,0,0.113788,0
D_0000362839,1,0.984609,1
D_0000363448,0,0.023996,0
D_0000363637,1,0.991378,1
D_0000364330,1,0.992230,1
D_0000365002,0,0.054254,0
D_0000365065,1,0.983252,1
D_0000366535,0,0.002715,0
D_0000367018,1,1.000000,1
D_0000367732,0,0.044034,0
D_0000368488,0,0.032665,0
D_0000369937,1,0.999786,1
D_0000370021,1,0.993828,1
D_0000370168,0,0.050808,0
D_0000370315,0,0.043187,0
D_0000370483,1,0.996391,1
D_0000370504,0,0.047529,0
D_0000371428,0,0.093232,0
D_0000371491,1,0.105007,0
D_0000371575,1,0.990221,1
D_0000371764,1,0.996025,1
D_0000372100,0,0.006865,0
D_0000372289,0,0.053965,0
D_0000372415,0,0.047383,0
D_0000372856,0,0.085963,0
D_0000373339,1,0.997916,1
D_0000373822,1,0.994206,1
D_0000373843,1,0.582264,1
D_0000374746,1,0.985307,1
D_0000375208,0,0.033139,0
D_0000375733,0,0.231796,1
D_0000375754,0,0.145095,0
D_0000376048,1,0.988016,1
D_0000376321,0,0.173312,0
D_0000376531,1,0.977398,1
D_0000376615,1,0.998317,1
D_0000378484,1,0.988792,1
D_0000378589,0,0.221515,1
D_0000378736,0,0.151628,0
D_0000378904,1,0.987096,1
D_0000379156,0,0.125341,0
D_0000379807,1,0.694477,1
D_0000380059,1,0.999962,1
D_0000380101,0,0.036683,0
D_0000380626,1,1.000000,1
D_0000380647,1,0.997730,1
D_0000380752,0,0.108480,0
D_0000380773,1,0.999704,1
D_0000382012,0,0.031591,0
D_0000382327,1,0.993223,1
D_0000382726,0,0.013663,0
D_0000382852,0,0.420036,1
D_0000383377,1,0.994785,1
D_0000383503,1,0.996936,1
D_0000383524,1,0.990426,1
D_0000383692,1,0.990214,1
D_0000383755,0,0.019331,0
D_0000383797,0,0.276970,1
D_0000383944,1,0.346622,1
D_0000383965,0,0.186573,1
D_0000384574,1,0.999980,1
D_0000385141,0,0.064433,0
D_0000386044,0,0.020085,0
D_0000386065,0,0.102245,0
D_0000386191,1,0.994252,1
D_0000386233,1,0.461136,1
D_0000386485,0,0.686462,1
D_0000387031,1,0.981903,1
D_0000387304,1,0.064395,0
D_0000387619,1,0.991791,1
D_0000387766,0,0.006664,0
D_0000387913,0,0.020807,0
D_0000387934,0,0.047507,0
D_0000388018,1,0.943258,1
D_0000388249,1,0.057574,0
D_0000388438,1,0.996696,1
D_0000388669,0,0.026208,0
D_0000388732,1,0.994263,1
D_0000388963,1,0.993877,1
D_0000389152,1,0.109723,0
D_0000389635,1,0.987823,1
D_0000389803,0,0.006412,0
D_0000389845,1,0.979684,1
D_0000389866,0,0.070280,0
D_0000390097,1,0.996906,1
D_0000392617,0,0.152232,0
D_0000393016,0,0.057690,0
D_0000393037,0,0.039389,0
D_0000393163,0,0.060690,0
D_0000393205,1,0.975954,1
D_0000393268,1,0.996708,1
D_0000393373,1,0.290598,1
D_0000393814,0,0.155328,0
D_0000394024,1,0.998524,1
D_0000394444,1,0.982624,1
D_0000394507,0,0.192622,1
D_0000394843,1,0.958291,1
D_0000394948,0,0.241429,1
D_0000395200,1,0.987592,1
D_0000396439,0,0.045217,0
D_0000396649,1,0.992620,1
D_0000396712,1,0.988294,1
D_0000397195,1,0.993531,1
D_0000397237,1,0.993893,1
D_0000397384,1,0.986073,1
D_0000397405,1,0.992112,1
D_0000397510,1,0.995651,1
D_0000397888,0,0.155997,0
D_0000398035,1,0.999305,1
D_0000398245,0,0.104360,0
D_0000398854,1,0.994686,1
D_0000399505,1,0.962347,1
D_0000399526,1,0.988770,1
D_0000399841,0,0.037692,0
D_0000400135,1,0.993982,1
D_0000400576,0,0.055356,0
D_0000401206,0,0.037230,0
D_0000401227,1,0.805478,1
D_0000401353,0,0.110294,0
D_0000402004,1,0.983612,1
D_0000402151,1,0.999914,1
D_0000402193,1,0.994198,1
D_0000402277,1,0.995152,1
D_0000403033,1,0.985390,1
D_0000403054,1,0.247261,1
D_0000403369,0,0.085694,0
D_0000403579,0,0.065801,0
D_0000404272,1,0.986865,1
D_0000404482,1,0.991874,1
D_0000405070,1,0.993624,1
D_0000405238,0,0.009751,0
D_0000405595,1,0.996553,1
D_0000406267,1,0.994793,1
D_0000407359,1,0.966808,1
D_0000407422,1,0.971915,1
D_0000407527,1,0.991608,1
D_0000408178,1,0.988672,1
D_0000408262,0,0.083041,0
D_0000408367,1,0.984832,1
D_0000408703,0,0.014755,0
D_0000409081,0,0.040343,0
D_0000409375,1,0.986169,1
D_0000409585,1,0.985608,1
D_0000410341,1,0.814790,1
D_0000410446,1,0.992084,1
D_0000410656,1,0.989158,1
D_0000411034,1,0.992305,1
D_0000411244,0,0.115670,0
D_0000411391,1,0.999503,1
D_0000411475,1,0.859483,1
D_0000411706,1,0.943933,1
D_0000411790,1,0.992094,1
D_0000411853,0,0.154924,0
D_0000412063,1,0.989165,1
D_0000412294,1,0.120630,0
D_0000412588,0,0.021072,0
D_0000412693,1,0.994186,1
D_0000412819,1,0.133156,0
D_0000412840,0,0.040609,0
D_0000412945,0,0.038658,0
D_0000413008,1,0.980797,1
D_0000413197,1,0.999422,1
D_0000414940,0,0.082025,0
D_0000415024,1,0.344195,1
D_0000415318,1,0.248092,1
D_0000415507,0,0.057474,0
D_0000415570,0,0.063802,0
D_0000415696,0,0.002238,0
D_0000415990,0,0.034112,0
D_0000416011,1,0.803138,1
D_0000416830,1,0.167440,0
D_0000417187,0,0.119821,0
D_0000417439,1,0.979254,1
D_0000417607,1,0.993083,1
D_0000418321,1,0.983363,1
D_0000419686,1,0.994421,1
D_0000420337,1,0.981191,1
D_0000420421,0,0.061490,0
D_0000420610,1,0.993211,1
D_0000421051,0,0.162011,0
D_0000421282,1,0.999868,1
D_0000422416,0,0.028880,0
D_0000422962,1,0.991837,1
D_0000423004,0,0.030089,0
D_0000423046,1,0.994915,1
D_0000423655,0,0.023927,0
D_0000423802,0,0.040573,0
D_0000424012,1,0.995435,1
D_0000424180,0,0.100997,0
D_0000424747,0,0.052868,0
D_0000425125,1,0.999759,1
D_0000425272,0,0.073327,0
D_0000425608,0,0.028190,0
D_0000425713,1,0.997772,1
D_0000425965,1,0.216848,1
D_0000426763,1,0.999653,1
D_0000428317,0,0.051707,0
D_0000428338,0,0.033937,0
D_0000428632,1,0.983687,1
D_0000428842,1,0.989585,1
D_0000428905,1,0.980928,1
D_0000429115,0,0.029544,0
D_0000429199,1,0.997767,1
D_0000429241,1,0.996660,1
D_0000429514,1,0.989574,1
D_0000429535,1,0.988756,1
D_0000429577,1,0.993709,1
D_0000429598,1,0.992880,1
D_0000429934,1,1.000000,1
D_0000430396,0,0.090384,0
D_0000430480,0,0.021527,0
D_0000431425,1,0.822666,1
D_0000431530,1,0.991644,1
D_0000431551,1,0.997796,1
D_0000432013,1,0.995604,1
D_0000432286,1,0.978593,1
D_0000432559,0,0.101969,0
D_0000432895,0,0.076568,0
D_0000433042,1,0.973074,1
D_0000433168,1,0.999376,1
D_0000433357,1,0.995196,1
D_0000433588,1,0.990338,1
D_0000433714,1,0.996435,1
D_0000433798,0,0.017338,0
D_0000434071,1,0.980556,1
D_0000434218,1,0.972473,1
D_0000435268,0,0.028318,0
D_0000435583,1,0.977772,1
D_0000435898,1,0.998324,1
D_0000436129,0,0.059834,0
D_0000436738,1,0.993049,1
D_0000437179,1,0.074045,0
D_0000437242,0,0.098986,0
D_0000437704,0,0.021132,0
D_0000437851,1,0.989791,1
D_0000437893,0,0.049905,0
D_0000437977,0,0.072058,0
D_0000439888,1,0.994827,1
D_0000439909,0,0.118059,0
D_0000440035,1,0.997556,1
D_0000440287,1,0.993115,1
D_0000440476,1,0.999953,1
D_0000441022,1,0.989860,1
D_0000441064,1,0.989930,1
D_0000441085,1,0.990439,1
D_0000441442,0,0.174547,0
D_0000442429,0,0.058042,0
D_0000442492,1,0.995345,1
D_0000442534,0,0.098713,0
D_0000442618,0,0.046649,0
D_0000443101,1,0.972918,1
D_0000443122,1,0.992188,1
D_0000443353,0,0.076582,0
D_0000443542,0,0.097426,0
D_0000443626,1,0.997806,1
D_0000443773,1,0.225219,1
D_0000444130,0,0.108678,0
D_0000444718,1,0.978746,1
D_0000444823,0,0.014041,0
D_0000444928,1,0.987165,1
D_0000444991,1,0.993274,1
D_0000445075,1,0.426607,1
D_0000445474,0,0.028588,0
D_0000445894,1,0.989987,1
D_0000445915,0,0.010052,0
D_0000446503,0,0.013906,0
D_0000446566,1,0.999977,1
D_0000446902,0,0.043113,0
D_0000447196,1,0.987283,1
D_0000447427,0,0.011101,0
D_0000447721,0,0.094060,0
D_0000448078,0,0.062327,0
D_0000449212,1,0.997216,1
D_0000449254,0,0.032779,0
D_0000449611,1,0.986693,1
D_0000449905,1,0.136631,0
D_0000450325,0,0.022920,0
D_0000450997,1,0.723627,1
D_0000451144,0,0.063122,0
D_0000451438,1,0.998525,1
D_0000451606,0,0.020669,0
D_0000451942,1,0.995097,1
D_0000451984,1,0.994108,1
D_0000452194,0,0.115896,0
D_0000452299,1,0.986888,1
D_0000452509,1,0.295490,1
D_0000452740,1,0.993492,1
D_0000453097,0,0.040979,0
D_0000453328,0,0.041220,0
D_0000453349,0,0.061364,0
D_0000453370,1,0.023609,0
D_0000453664,1,0.702543,1
D_0000453979,1,0.076606,0
D_0000454189,1,0.094093,0
D_0000454294,0,0.079522,0
D_0000454420,0,0.041341,0
D_0000454462,1,0.972219,1
D_0000454504,1,0.990523,1
D_0000454756,0,0.037427,0
D_0000454903,0,0.079605,0
D_0000455869,1,0.984550,1
D_0000455890,0,0.018227,0
D_0000456037,0,0.033546,0
D_0000456079,1,0.998456,1
D_0000456163,1,0.047849,0
D_0000456226,1,0.136172,0
D_0000456457,1,0.991379,1
D_0000456688,0,0.009277,0
D_0000456709,0,0.084111,0
D_0000456730,0,0.203319,1
D_0000456940,1,0.992197,1
D_0000457087,0,0.245418,1
D_0000457360,1,0.998626,1
D_0000457696,0,0.054268,0
D_0000457864,1,0.972008,1
D_0000458704,0,0.065173,0
D_0000458767,1,0.999268,1
D_0000458809,1,0.958579,1
D_0000459082,0,0.252543,1
D_0000459376,0,0.030346,0
D_0000459607,1,0.961508,1
D_0000459775,1,0.215145,1
D_0000459859,1,0.994684,1
D_0000460069,0,0.165406,0
D_0000460174,0,0.186320,1
D_0000460216,0,0.053078,0
D_0000460594,0,0.049538,0
D_0000461119,1,0.991556,1
D_0000461434,1,0.995243,1
D_0000462211,1,0.984469,1
D_0000462295,0,0.099416,0
D_0000462316,0,0.135714,0
D_0000462463,0,0.029939,0
D_0000462715,0,0.047016,0
D_0000462925,0,0.066335,0
D_0000462988,0,0.027684,0
D_0000463534,1,0.156191,0
D_0000464479,0,0.022841,0
D_0000464584,1,0.994888,1
D_0000464689,1,0.346881,1
D_0000464815,0,0.019005,0
D_0000465445,0,0.046832,0
D_0000466012,0,0.032951,0
D_0000466264,0,0.056798,0
D_0000466873,0,0.035928,0
D_0000466978,0,0.018255,0
D_0000467734,1,0.986179,1
D_0000468196,1,0.865521,1
D_0000468805,1,0.999136,1
D_0000470044,0,0.090772,0
D_0000470401,1,0.102773,0
D_0000470716,1,0.156547,0
D_0000470926,0,0.055338,0
D_0000471157,1,0.993826,1
D_0000471199,0,0.046216,0
D_0000471367,1,0.999767,1
D_0000471619,1,0.999939,1
D_0000471682,0,0.110388,0
D_0000472207,1,0.991017,1
D_0000472522,1,0.990336,1
D_0000473026,1,0.989263,1
D_0000473824,1,0.341686,1
D_0000473971,0,0.188485,1
D_0000474013,1,0.984500,1
D_0000474265,1,0.993070,1
D_0000474622,1,0.994645,1
D_0000475063,1,0.995460,1
D_0000475126,1,0.990361,1
D_0000475147,1,0.987527,1
D_0000475294,1,0.997601,1
D_0000475336,1,0.995076,1
D_0000475441,1,0.995673,1
D_0000475630,1,0.989333,1
D_0000475819,0,0.010126,0
D_0000475882,0,0.069443,0
D_0000476785,1,0.991356,1
D_0000476869,1,0.999946,1
D_0000477016,0,0.971461,1
D_0000477100,1,0.985727,1
D_0000477457,1,0.146792,0
D_0000477793,0,0.102100,0
D_0000477856,1,0.999280,1
D_0000478402,0,0.028279,0
D_0000478507,0,0.090811,0
D_0000478549,1,0.958297,1
D_0000478612,0,0.528440,1
D_0000478675,1,0.981549,1
D_0000478738,0,0.223077,1
D_0000478822,1,0.981614,1
D_0000478885,0,0.326647,1
D_0000478906,0,0.010430,0
D_0000479011,1,0.990336,1
D_0000479347,1,0.997129,1
D_0000479452,1,0.030883,0
D_0000480019,0,0.046807,0
D_0000480523,1,0.988988,1
D_0000481132,0,0.170287,0
D_0000481468,0,0.048911,0
D_0000481573,1,0.992961,1
D_0000481972,1,0.995612,1
D_0000482287,1,0.990407,1
D_0000482560,1,0.992930,1
D_0000482980,1,0.953752,1
D_0000483001,1,0.989669,1
D_0000483106,0,0.126567,0
D_0000483211,1,0.967344,1
D_0000483274,1,0.999883,1
D_0000483484,1,0.199632,1
D_0000483757,1,1.000000,1
D_0000483799,0,0.077408,0
D_0000484072,0,0.119010,0
D_0000484324,1,0.995449,1
D_0000485311,0,0.032053,0
D_0000485542,1,0.123440,0
D_0000485836,0,0.202322,1
D_0000486277,1,0.247839,1
D_0000486445,1,0.244241,1
D_0000486613,1,0.174870,0
D_0000487033,1,0.999494,1
D_0000487117,1,0.999299,1
D_0000487180,0,0.077149,0
D_0000487495,0,0.023558,0
D_0000487642,1,0.985851,1
D_0000487852,0,0.080711,0
D_0000488356,0,0.089579,0
D_0000488482,1,0.993628,1
D_0000488629,0,0.011115,0
D_0000489028,1,0.996079,1
D_0000489154,1,0.994208,1
D_0000489175,0,0.017678,0
D_0000489763,0,0.049476,0
D_0000489784,1,0.988858,1
D_0000490351,0,0.080669,0
D_0000490435,1,0.993565,1
D_0000490456,0,0.032215,0
D_0000490645,0,0.102636,0
D_0000490687,0,0.126511,0
D_0000490771,0,0.724997,1
D_0000490960,1,0.037783,0
D_0000491170,0,0.073703,0
D_0000491191,0,0.059900,0
D_0000491212,1,0.915909,1
D_0000491485,0,0.052927,0
D_0000491737,1,0.061918,0
D_0000491989,0,0.068114,0
D_0000492178,1,0.999989,1
D_0000492577,0,0.023689,0
D_0000493522,1,0.996826,1
D_0000493627,1,0.997980,1
D_0000493669,0,0.047985,0
D_0000493858,1,0.999987,1
D_0000494068,1,0.986993,1
D_0000494299,1,0.995468,1
D_0000495181,0,0.100097,0
D_0000495286,1,0.999993,1
D_0000495412,1,0.978234,1
D_0000495454,0,0.196645,1
D_0000495874,1,0.035747,0
D_0000495937,1,0.996435,1
D_0000495958,1,0.972466,1
D_0000496315,1,0.979838,1
D_0000496399,0,0.027901,0
D_0000496756,1,0.995808,1
D_0000497512,1,0.153060,0
D_0000497659,0,0.074214,0
D_0000498058,1,0.977634,1
D_0000498205,1,0.839727,1
D_0000498268,1,0.995228,1
D_0000498289,0,0.037285,0
D_0000498310,1,0.081153,0
D_0000498961,1,0.987801,1
D_0000499087,0,0.060366,0
D_0000499276,0,0.106878,0
D_0000499549,0,0.017138,0
D_0000499801,0,0.073269,0
D_0000500179,1,0.071797,0
D_0000500431,1,0.039463,0
D_0000501229,0,0.132703,0
D_0000501586,0,0.136545,0
D_0000501880,1,0.929157,1
D_0000502615,1,0.986098,1
D_0000502657,1,0.991836,1
D_0000503161,0,0.220884,1
D_0000503224,0,0.067951,0
D_0000503560,0,0.065027,0
D_0000503581,0,0.040755,0
D_0000503812,0,0.964600,1
D_0000503896,0,0.119773,0
D_0000504001,0,0.143109,0
D_0000504211,1,0.999077,1
D_0000504421,1,0.997962,1
D_0000504799,1,0.999997,1
D_0000505597,1,0.981587,1
D_0000505996,0,0.068505,0
D_0000506227,0,0.025084,0
D_0000506563,0,0.055999,0
D_0000506794,0,0.046896,0
D_0000507130,1,0.997009,1
D_0000507277,1,0.991205,1
D_0000508054,1,0.989627,1
D_0000508558,0,0.221791,1
D_0000509062,1,0.986150,1
D_0000509083,1,0.998451,1
D_0000509104,1,0.336741,1
D_0000509776,0,0.852171,1
D_0000509797,1,0.984270,1
D_0000510133,0,0.032934,0
D_0000510154,1,0.907690,1
D_0000510175,1,0.126325,0
D_0000510574,1,0.985849,1
D_0000510763,1,0.983459,1
D_0000510910,0,0.013625,0
D_0000511162,0,0.045098,0
D_0000511183,0,0.041933,0
D_0000511393,0,0.173437,0
D_0000511414,0,0.020102,0
D_0000511498,1,0.997602,1
D_0000511708,1,0.997339,1
D_0000512569,1,0.992048,1
D_0000513493,0,0.049685,0
D_0000513913,1,0.973887,1
D_0000514165,0,0.298452,1
D_0000514249,1,0.986235,1
D_0000514291,1,0.998557,1
D_0000514312,1,0.992993,1
D_0000514417,1,0.991431,1
D_0000514669,0,0.159079,0
D_0000514732,1,0.982032,1
D_0000514942,0,0.046387,0
D_0000515068,1,0.995976,1
D_0000515341,1,0.993578,1
D_0000515467,0,0.366150,1
D_0000515572,0,0.003617,0
D_0000515887,1,0.974675,1
D_0000516244,1,0.999851,1
D_0000516685,1,0.226844,1
D_0000516937,1,0.998721,1
D_0000517336,0,0.108133,0
D_0000518071,1,0.154155,0
D_0000518197,0,0.077108,0
D_0000518554,1,0.998600,1
D_0000518638,0,0.035246,0
D_0000519457,0,0.125023,0
D_0000519499,0,0.041600,0
D_0000519625,1,0.989760,1
D_0000519751,1,0.994268,1
D_0000520192,0,0.053436,0
D_0000520507,1,0.989449,1
D_0000520822,1,0.174446,0
D_0000520885,0,0.025979,0
D_0000521557,1,0.963789,1
D_0000521914,0,0.060719,0
D_0000522187,1,0.190199,1
D_0000522250,0,0.980982,1
D_0000522292,0,0.100970,0
D_0000522397,0,0.036106,0
D_0000522628,1,0.992244,1
D_0000522796,0,0.104681,0
D_0000523405,1,0.999492,1
D_0000523426,1,0.996152,1
D_0000523468,1,0.992487,1
D_0000523846,0,0.056941,0
D_0000523972,1,0.991959,1
D_0000524707,1,0.992749,1
D_0000524875,1,0.990596,1
D_0000525652,1,0.982921,1
D_0000525841,0,0.040263,0
D_0000526009,0,0.090443,0
D_0000526135,1,0.995348,1
D_0000526639,0,0.094051,0
D_0000526723,1,0.995307,1
D_0000526744,1,0.998440,1
D_0000526786,1,0.992536,1
D_0000527206,0,0.093798,0
D_0000527647,0,0.040594,0
D_0000527794,0,0.152520,0
D_0000528130,1,0.277718,1
D_0000528235,0,0.014824,0
D_0000529201,0,0.033071,0
D_0000529516,0,0.238751,1
D_0000529621,0,0.089653,0
D_0000529957,1,0.990961,1
D_0000530188,0,0.078186,0
D_0000530209,0,0.099423,0
D_0000530818,0,0.121323,0
D_0000531007,0,0.049813,0
D_0000531196,1,0.987991,1
D_0000531448,1,0.095040,0
D_0000531490,1,0.992933,1
D_0000531532,0,0.053621,0
D_0000532435,0,0.040195,0
D_0000533107,0,0.066590,0
D_0000534178,0,0.065885,0
D_0000534283,0,0.029450,0
D_0000534346,1,0.999647,1
D_0000534409,1,0.089803,0
D_0000534661,0,0.047587,0
D_0000534808,1,0.990525,1
D_0000534997,0,0.145157,0
D_0000535081,1,0.990936,1
D_0000535522,1,0.368191,1
D_0000535585,0,0.033403,0
D_0000535858,0,0.028562,0
D_0000535921,1,0.975962,1
D_0000536089,0,0.070441,0
D_0000536131,1,0.993410,1
D_0000536152,1,0.985163,1
D_0000536236,1,0.990650,1
D_0000536488,0,0.949853,1
D_0000537160,0,0.064802,0
D_0000537412,1,0.992416,1
D_0000537811,1,0.058438,0
D_0000538126,1,0.992761,1
D_0000538294,1,0.124940,0
D_0000538420,1,0.972778,1
D_0000538504,0,0.085561,0
D_0000538546,0,0.070966,0
D_0000538609,1,0.929001,1
D_0000538903,0,0.038408,0
D_0000539218,0,0.038932,0
D_0000539302,0,0.059343,0
D_0000539470,1,0.813725,1
D_0000539512,0,0.026203,0
D_0000539785,0,0.022201,0
D_0000540142,0,0.026307,0
D_0000540415,1,0.980806,1
D_0000540457,0,0.049442,0
D_0000541087,0,0.030551,0
D_0000541696,0,0.004282,0
D_0000541801,1,0.996579,1
D_0000541843,1,0.999694,1
D_0000542158,0,0.043934,0
D_0000542200,1,0.999949,1
D_0000542263,0,0.036095,0
D_0000542347,0,0.067560,0
D_0000542515,0,0.028654,0
D_0000542914,0,0.738319,1
D_0000542956,1,0.987386,1
D_0000543187,1,0.997250,1
D_0000543376,1,0.007540,0
D_0000543712,0,0.024656,0
D_0000544657,1,0.985357,1
D_0000544993,1,0.992956,1
D_0000545560,0,0.037297,0
D_0000545812,1,0.987198,1
D_0000546022,0,0.105069,0
D_0000546085,1,0.995293,1
D_0000546631,1,0.995961,1
D_0000546673,1,0.986442,1
D_0000547114,0,0.098356,0
D_0000547198,1,0.998857,1
D_0000547219,1,0.999103,1
D_0000548059,1,0.071040,0
D_0000548122,0,0.010665,0
D_0000548164,1,0.994240,1
D_0000548269,1,0.085362,0
D_0000548479,1,0.999844,1
D_0000548752,0,0.070327,0
D_0000548878,1,0.998835,1
D_0000549508,0,0.044849,0
D_0000550642,0,0.045267,0
D_0000551041,0,0.051475,0
D_0000551188,0,0.110351,0
D_0000551461,1,0.999891,1
D_0000551797,1,0.995830,1
D_0000552280,0,0.067320,0
D_0000552469,0,0.121345,0
D_0000552868,1,0.996859,1
D_0000553204,1,0.990105,1
D_0000553288,0,0.001521,0
D_0000553582,0,0.031240,0
D_0000553603,1,0.998804,1
D_0000553645,0,0.034578,0
D_0000553771,1,0.989423,1
D_0000553918,1,0.240529,1
D_0000554044,0,0.079371,0
D_0000554233,1,0.924155,1
D_0000554296,1,0.973868,1
D_0000554485,0,0.029848,0
D_0000554674,0,0.215540,1
D_0000555094,1,0.929382,1
D_0000555262,0,0.110537,0
D_0000555430,1,0.983492,1
D_0000555556,1,0.993316,1
D_0000555577,1,0.989786,1
D_0000555724,1,0.986691,1
D_0000556522,1,0.997248,1
D_0000556753,1,0.989068,1
D_0000556984,0,0.092487,0
D_0000557383,1,0.994526,1
D_0000558664,1,0.410546,1
D_0000559168,0,0.024492,0
D_0000559945,1,0.660178,1
D_0000560071,1,0.990841,1
D_0000560281,1,0.991694,1
D_0000560386,0,0.078947,0
D_0000560491,1,0.992959,1
D_0000560743,1,0.999193,1
D_0000561058,0,0.010894,0
D_0000561352,1,0.995814,1
D_0000561562,0,0.872320,1
D_0000561604,0,0.015204,0
D_0000561877,0,0.163141,0
D_0000562297,1,0.986128,1
D_0000562360,1,0.994541,1
D_0000562675,1,0.985833,1
D_0000562906,1,0.990712,1
D_0000563137,0,0.008432,0
D_0000563263,1,0.949408,1
D_0000563284,0,0.105519,0
D_0000563389,1,0.990599,1
D_0000563494,0,0.031700,0
D_0000564418,1,0.981297,1
D_0000564544,1,0.987125,1
D_0000564922,0,0.026823,0
D_0000565279,0,0.017747,0
D_0000565552,0,0.023518,0
D_0000565930,0,0.255582,1
D_0000566287,0,0.333492,1
D_0000566749,1,0.123265,0
D_0000567001,1,0.998037,1
D_0000567211,0,0.190005,1
D_0000567547,1,0.988655,1
D_0000567778,1,0.988202,1
D_0000568135,1,0.999818,1
D_0000568576,0,0.002304,0
D_0000568681,0,0.446379,1
D_0000568891,0,0.051581,0
D_0000568975,1,0.176425,0
D_0000569248,1,0.987548,1
D_0000569731,1,0.994035,1
D_0000570025,1,0.959527,1
D_0000570298,0,0.049113,0
D_0000570718,1,0.990534,1
D_0000571222,0,0.204834,1
D_0000571663,0,0.153530,0
D_0000572566,1,0.999662,1
D_0000572818,0,0.015925,0
D_0000573196,0,0.059323,0
D_0000574498,1,0.405795,1
D_0000574603,1,0.994259,1
D_0000575359,0,0.069437,0
D_0000575527,0,0.181104,1
D_0000575695,1,0.702355,1
D_0000575716,1,0.984576,1
D_0000575863,1,0.996841,1
D_0000576010,0,0.145393,0
D_0000576325,0,0.016302,0
D_0000576787,1,0.962267,1
D_0000576850,1,0.997848,1
D_0000577039,0,0.021119,0
D_0000577123,1,0.048953,0
D_0000577186,0,0.036726,0
D_0000577228,1,0.993316,1
D_0000577648,0,0.122740,0
D_0000578005,0,0.240400,1
D_0000578425,0,0.030032,0
D_0000578950,1,0.998812,1
D_0000579307,1,0.018401,0
D_0000579727,0,0.068376,0
D_0000580252,1,0.985447,1
D_0000580588,0,0.062452,0
D_0000580777,0,0.076041,0
D_0000580840,1,0.990042,1
D_0000581071,0,0.123733,0
D_0000581344,1,0.999990,1
D_0000581386,1,0.991658,1
D_0000581428,1,0.123968,0
D_0000581617,0,0.035663,0
D_0000582331,0,0.173562,0
D_0000582709,1,0.988837,1
D_0000583549,1,0.999523,1
D_0000584326,0,0.022589,0
D_0000584452,1,0.996884,1
D_0000584599,1,0.961871,1
D_0000584788,1,0.994960,1
D_0000585166,1,0.989134,1
D_0000585187,0,0.052857,0
D_0000586006,0,0.082574,0
D_0000586090,1,0.992106,1
D_0000586216,1,0.991511,1
D_0000586258,1,0.993707,1
D_0000586405,0,0.133742,0
D_0000586762,1,0.995739,1
D_0000587455,1,0.993480,1
D_0000588064,0,0.498459,1
D_0000588295,0,0.010971,0
D_0000588526,0,0.076274,0
D_0000589408,0,0.057877,0
D_0000589765,1,0.839276,1
D_0000589807,1,0.976781,1
D_0000590164,0,0.091339,0
D_0000590353,1,0.989809,1
D_0000590416,1,0.864262,1
D_0000591235,1,0.997420,1
D_0000591634,1,0.982115,1
D_0000591886,0,0.077588,0
D_0000592201,1,0.985762,1
D_0000592432,1,0.996451,1
D_0000592495,1,0.990724,1
D_0000592999,1,0.994231,1
D_0000593041,1,0.996626,1
D_0000593335,0,0.225760,1
D_0000593440,1,0.992667,1
D_0000593482,1,0.979097,1
D_0000593755,0,0.056548,0
D_0000593902,0,0.259065,1
D_0000594196,0,0.161496,0
D_0000594217,1,0.990796,1
D_0000594238,0,0.118592,0
D_0000594343,1,0.532729,1
D_0000594763,0,0.041338,0
D_0000595078,0,0.033275,0
D_0000596401,1,0.994164,1
D_0000597031,0,0.060690,0
D_0000598711,0,0.063175,0
D_0000598816,0,0.039103,0
D_0000599152,1,0.793381,1
D_0000599278,1,0.997095,1
D_0000599299,1,0.992461,1
D_0000599467,0,0.120350,0
D_0000599614,0,0.048267,0
D_0000600118,1,0.994716,1
D_0000600769,1,0.185076,1
D_0000600790,1,0.994280,1
D_0000600811,1,0.997273,1
D_0000600874,0,0.018712,0
D_0000600937,1,0.991313,1
D_0000601147,1,0.921858,1
D_0000601294,0,0.041862,0
D_0000601357,1,0.998080,1
D_0000601966,1,0.985334,1
D_0000602155,0,0.053994,0
D_0000602197,0,0.026958,0
D_0000603163,0,0.055532,0
D_0000603331,0,0.074260,0
D_0000603394,1,0.998023,1
D_0000604045,0,0.219019,1
D_0000604213,1,0.183476,1
D_0000604528,1,0.058416,0
D_0000604696,1,0.975683,1
D_0000604780,1,0.992233,1
D_0000605116,0,0.127773,0
D_0000605347,0,0.021998,0
D_0000605389,1,0.996313,1
D_0000605557,0,0.100216,0
D_0000605725,1,0.920003,1
D_0000605872,0,0.023188,0
D_0000606166,1,0.997338,1
D_0000606754,1,0.102527,0
D_0000607468,1,0.188937,1
D_0000607636,1,0.993781,1
D_0000607657,1,0.724702,1
D_0000607783,0,0.115530,0
D_0000608119,0,0.042298,0
D_0000608497,0,0.033516,0
D_0000608539,0,0.113648,0
D_0000609001,1,0.992224,1
D_0000609295,0,0.095251,0
D_0000609568,1,0.112606,0
D_0000609589,1,0.752407,1
D_0000609820,0,0.065026,0
D_0000609925,1,0.995265,1
D_0000610912,0,0.069563,0
D_0000611185,1,0.983319,1
D_0000611458,0,0.022220,0
D_0000611500,1,0.995446,1
D_0000611920,0,0.055053,0
D_0000612739,1,0.715922,1
D_0000613369,1,0.633924,1
D_0000613936,1,0.287533,1
D_0000614041,0,0.078017,0
D_0000614503,0,0.034243,0
D_0000614566,0,0.168931,0
D_0000614650,0,0.061319,0
D_0000614797,0,0.048831,0
D_0000615259,1,0.984323,1
D_0000615742,1,0.986073,1
D_0000616288,1,0.986319,1
D_0000616351,1,0.974256,1
D_0000616540,0,0.297392,1
D_0000616603,0,0.006929,0
D_0000616624,0,0.027030,0
D_0000616918,0,0.022727,0
D_0000617401,0,0.105500,0
D_0000617653,0,0.174092,0
D_0000617905,1,0.985605,1
D_0000618199,1,0.246243,1
D_0000618346,1,0.979884,1
D_0000618619,0,0.024791,0
D_0000619354,1,0.641234,1
D_0000619900,0,0.066212,0
D_0000620131,0,0.026341,0
D_0000620257,0,0.106819,0
D_0000620992,1,0.998830,1
D_0000621034,0,0.041346,0
D_0000621076,0,0.138638,0
D_0000621307,1,0.358153,1
D_0000621664,1,0.731662,1
D_0000622315,1,0.996479,1
D_0000622462,0,0.105272,0
D_0000622840,0,0.021945,0
D_0000622903,0,0.185344,1
D_0000623134,0,0.013749,0
D_0000623302,1,0.989214,1
D_0000623470,0,0.038300,0
D_0000624646,0,0.079447,0
D_0000625402,0,0.157779,0
D_0000625780,0,0.047978,0
D_0000626011,1,0.818510,1
D_0000626200,0,0.290716,1
D_0000626221,1,0.990243,1
D_0000626935,1,0.990719,1
D_0000627418,1,0.982037,1
D_0000627733,0,0.036780,0
D_0000627901,1,0.286051,1
D_0000628132,1,0.993492,1
D_0000628825,1,0.412164,1
D_0000628972,0,0.160361,0
D_0000629203,1,0.990833,1
D_0000629287,0,0.054587,0
D_0000629371,0,0.007319,0
D_0000629665,1,0.994803,1
D_0000630043,1,0.992435,1
D_0000630211,1,0.930483,1
D_0000630316,0,0.034348,0
D_0000630904,1,0.995392,1
D_0000631366,0,0.052973,0
D_0000631576,0,0.071687,0
D_0000631702,1,0.089911,0
D_0000631765,1,0.994096,1
D_0000632626,1,0.996576,1
D_0000633214,0,0.137618,0
D_0000633361,0,0.017830,0
D_0000633676,1,0.995379,1
D_0000633928,0,0.261686,1
D_0000634075,1,0.848328,1
D_0000634138,1,0.025376,0
D_0000634747,0,0.005324,0
D_0000635650,1,0.992835,1
D_0000635881,1,0.521180,1
D_0000635902,0,0.699527,1
D_0000636070,0,0.032737,0
D_0000636364,1,0.997542,1
D_0000636469,0,0.026370,0
D_0000636658,0,0.026401,0
D_0000637771,1,0.999992,1
D_0000638254,1,0.872121,1
D_0000638317,0,0.273852,1
D_0000638359,0,0.144974,0
D_0000639010,1,0.047256,0
D_0000639031,1,0.984700,1
D_0000639535,1,0.984748,1
D_0000640060,0,0.052470,0
D_0000640270,0,0.030661,0
D_0000640501,1,0.984793,1
D_0000640858,0,0.052338,0
D_0000641047,1,0.983639,1
D_0000641425,1,0.228614,1
D_0000641971,1,0.991999,1
D_0000641992,1,0.945886,1
D_0000642244,1,0.126452,0
D_0000642370,1,0.980777,1
D_0000642496,0,0.018726,0
D_0000642643,0,0.235458,1
D_0000643441,0,0.046732,0
D_0000643567,0,0.073205,0
D_0000643924,1,0.995346,1
D_0000644575,1,0.999253,1
D_0000644806,0,0.095667,0
D_0000644995,1,0.121645,0
D_0000645163,0,0.814639,1
D_0000645625,1,0.990211,1
D_0000646318,0,0.117246,0
D_0000646507,0,0.098368,0
D_0000646591,1,0.996953,1
D_0000646675,0,0.014034,0
D_0000647011,0,0.047760,0
D_0000647347,1,0.240787,1
D_0000648124,1,0.964635,1
D_0000648145,1,0.183032,1
D_0000648292,0,0.036770,0
D_0000648418,0,0.040002,0
D_0000648523,1,0.986433,1
D_0000648775,1,0.122640,0
D_0000648817,0,0.030407,0
D_0000648838,1,0.980317,1
D_0000649258,0,0.112255,0
D_0000649762,1,0.938127,1
D_0000650497,1,0.999675,1
D_0000650665,0,0.022148,0
D_0000650728,1,0.986210,1
D_0000651862,0,0.021956,0
D_0000652408,0,0.039387,0
D_0000652555,0,0.099088,0
D_0000653269,1,0.220405,1
D_0000653479,0,0.052002,0
D_0000653689,1,0.994326,1
D_0000653752,1,0.986241,1
D_0000653962,0,0.044451,0
D_0000655033,1,0.992068,1
D_0000655117,0,0.628123,1
D_0000655201,0,0.137549,0
D_0000656461,0,0.015574,0
D_0000656776,0,0.090501,0
D_0000657049,1,0.988079,1
D_0000657238,0,0.042613,0
D_0000657322,1,0.087922,0
D_0000657448,0,0.085952,0
D_0000657952,1,0.997728,1
D_0000658204,0,0.102451,0
D_0000658435,0,0.123621,0
D_0000658477,0,0.060890,0
D_0000658771,0,0.005774,0
D_0000659086,0,0.095113,0
D_0000659107,0,0.030392,0
D_0000659191,1,0.996383,1
D_0000659338,1,0.993798,1
D_0000659800,0,0.264900,1
D_0000659842,1,0.999788,1
D_0000660094,0,0.041114,0
D_0000660178,1,0.993140,1
D_0000660346,1,0.997369,1
D_0000660535,1,0.998957,1
D_0000660787,0,0.026325,0
D_0000660871,1,0.995211,1
D_0000660913,1,0.976637,1
D_0000660997,1,0.998089,1
D_0000661081,0,0.075887,0
D_0000661564,0,0.134432,0
D_0000661711,0,0.053618,0
D_0000661795,1,0.992499,1
D_0000662425,0,0.063084,0
D_0000662719,0,0.256085,1
D_0000662761,0,0.010627,0
D_0000662782,0,0.201810,1
D_0000662887,1,0.989971,1
D_0000662950,0,0.041294,0
D_0000663622,0,0.065337,0
D_0000663937,0,0.022011,0
D_0000664210,0,0.034084,0
D_0000664903,1,0.988356,1
D_0000665092,0,0.032479,0
D_0000665470,1,0.995320,1
D_0000665680,1,0.150285,0
D_0000666016,1,0.996750,1
D_0000666457,1,0.123890,0
D_0000666604,1,0.995510,1
D_0000667276,1,0.983295,1
D_0000667570,0,0.143778,0
D_0000667864,0,0.026303,0
D_0000668347,0,0.159367,0
D_0000668368,1,0.451844,1
D_0000668746,0,0.014730,0
D_0000668788,1,0.940465,1
D_0000668851,0,0.007947,0
D_0000669145,1,0.999752,1
D_0000669334,1,0.977477,1
D_0000669817,0,0.031558,0
D_0000670006,0,0.027424,0
D_0000670027,0,0.061585,0
D_0000670174,1,0.985741,1
D_0000670783,0,0.024270,0
D_0000670825,1,0.391314,1
D_0000671959,1,0.143518,0
D_0000673366,1,0.921200,1
D_0000673429,1,0.957742,1
D_0000673555,1,0.987090,1
D_0000674101,0,0.015197,0
D_0000674416,0,0.012673,0
D_0000674458,0,0.053525,0
D_0000674983,1,0.981700,1
D_0000675109,1,0.063253,0
D_0000675277,1,0.995503,1
D_0000675928,0,0.121498,0
D_0000676201,1,0.088248,0
D_0000676264,1,0.479599,1
D_0000676747,0,0.090240,0
D_0000677209,0,0.040059,0
D_0000677230,0,0.004809,0
D_0000677398,0,0.042202,0
D_0000677629,1,0.984301,1
D_0000677860,1,0.996297,1
D_0000677944,0,0.013453,0
D_0000678028,0,0.033423,0
D_0000678091,1,0.995528,1
D_0000678217,1,0.995533,1
D_0000678322,1,0.995156,1
D_0000678511,1,0.995922,1
D_0000679687,0,0.981442,1
D_0000679897,0,0.052045,0
D_0000679918,1,0.982128,1
D_0000680401,1,0.994773,1
D_0000680527,0,0.148680,0
D_0000681367,0,0.071556,0
D_0000681472,0,0.173731,0
D_0000681619,0,0.091315,0
D_0000682312,0,0.010458,0
D_0000682417,1,0.999672,1
D_0000682774,1,0.048795,0
D_0000682879,1,0.985841,1
D_0000682942,0,0.326287,1
D_0000683467,1,0.084364,0
D_0000683635,0,0.184516,1
D_0000683950,1,0.995094,1
D_0000684181,0,0.734530,1
D_0000685126,0,0.017775,0
D_0000685252,0,0.089150,0
D_0000685357,0,0.021061,0
D_0000685672,1,0.983695,1
D_0000685693,0,0.040627,0
D_0000686071,1,0.132393,0
D_0000686155,0,0.077143,0
D_0000686386,0,0.159297,0
D_0000687037,0,0.011144,0
D_0000687268,0,0.089740,0
D_0000687940,1,0.999939,1
D_0000687961,1,0.994521,1
D_0000688066,0,0.045747,0
D_0000688108,1,0.988136,1
D_0000688129,1,0.075727,0
D_0000688402,0,0.030432,0
D_0000688759,0,0.111769,0
D_0000689284,0,0.023827,0
D_0000689683,1,0.991037,1
D_0000690145,1,0.048380,0
D_0000690208,0,0.017759,0
D_0000690439,0,0.081343,0
D_0000690880,1,0.991902,1
D_0000691279,0,0.097891,0
D_0000691636,1,0.994198,1
D_0000691783,0,0.070490,0
D_0000692035,0,0.064752,0
D_0000692119,0,0.094693,0
D_0000692392,1,0.993489,1
D_0000692644,1,0.995371,1
D_0000692875,0,0.091182,0
D_0000693337,1,0.989601,1
D_0000693358,0,0.021344,0
D_0000693463,1,0.997384,1
D_0000693799,0,0.154933,0
D_0000694114,1,0.908642,1
D_0000694219,0,0.093592,0
D_0000694282,1,0.992683,1
D_0000694366,1,0.993921,1
D_0000694702,1,0.985689,1
D_0000694870,1,0.994803,1
D_0000694954,1,0.989542,1
D_0000695353,1,0.997996,1
D_0000696067,1,0.821658,1
D_0000696088,0,0.013621,0
D_0000696613,0,0.107395,0
D_0000696886,0,0.084563,0
D_0000697159,0,0.076312,0
D_0000697180,0,0.202378,1
D_0000697768,1,0.994583,1
D_0000697831,1,0.994482,1
D_0000698398,1,0.117478,0
D_0000698461,1,0.994032,1
D_0000698566,1,0.993393,1
D_0000698629,0,0.020758,0
D_0000698923,1,0.984535,1
D_0000699154,1,0.989747,1
D_0000699343,0,0.078681,0
D_0000699532,1,0.993935,1
D_0000699805,1,0.306081,1
D_0000699931,1,0.996705,1
D_0000699973,0,0.018839,0
D_0000700078,0,0.108507,0
D_0000700204,1,0.992435,1
D_0000700351,0,0.068970,0
D_0000700624,1,0.995140,1
D_0000700666,0,0.030960,0
D_0000700708,1,0.996653,1
D_0000701107,0,0.126631,0
D_0000701149,1,0.991451,1
D_0000701170,0,0.169314,0
D_0000701401,1,0.327318,1
D_0000701485,0,0.077166,0
D_0000701716,1,0.703726,1
D_0000701884,1,0.246739,1
D_0000702052,0,0.094269,0
D_0000702472,0,0.083463,0
D_0000702661,1,0.986834,1
D_0000703081,0,0.973609,1
D_0000703102,0,0.068666,0
D_0000703186,0,0.143587,0
D_0000703921,1,0.958986,1
D_0000704005,1,0.994767,1
D_0000704278,1,0.995574,1
D_0000704446,1,0.993355,1
D_0000704467,1,0.993043,1
D_0000704677,1,0.059373,0
D_0000704803,1,0.997029,1
D_0000705475,0,0.030332,0
D_0000705664,0,0.006352,0
D_0000705895,0,0.053830,0
D_0000706168,0,0.036496,0
D_0000706315,1,0.387505,1
D_0000706441,0,0.046464,0
D_0000706924,0,0.047922,0
D_0000707029,0,0.058398,0
D_0000707050,1,0.987929,1
D_0000707407,1,0.983806,1
D_0000707869,1,0.994736,1
D_0000707911,0,0.073861,0
D_0000708184,1,0.108294,0
D_0000708688,0,0.051782,0
D_0000708709,0,0.025802,0
D_0000709255,1,0.992253,1
D_0000709612,0,0.108013,0
D_0000709864,0,0.044470,0
D_0000709948,0,0.341366,1
D_0000710011,0,0.022113,0
D_0000710599,0,0.050709,0
D_0000710704,1,0.179406,1
D_0000711061,1,0.165081,0
D_0000711103,0,0.068045,0
D_0000712111,0,0.074303,0
D_0000712237,0,0.062710,0
D_0000712363,0,0.089938,0
D_0000712531,0,0.058679,0
D_0000713287,0,0.073370,0
D_0000713350,1,0.061620,0
D_0000714001,1,0.995322,1
D_0000714799,1,0.992230,1
D_0000715177,1,0.977173,1
D_0000715219,0,0.977106,1
D_0000715387,0,0.020473,0
D_0000715492,0,0.084625,0
D_0000715702,0,0.040276,0
D_0000715765,1,0.991047,1
D_0000715996,1,0.209578,1
D_0000716143,0,0.060652,0
D_0000716416,0,0.078139,0
D_0000717004,0,0.029524,0
D_0000717046,0,0.071124,0
D_0000717109,0,0.073849,0
D_0000717487,0,0.059689,0
D_0000717676,1,0.054383,0
D_0000718159,1,0.059156,0
D_0000718327,1,0.978532,1
D_0000718390,0,0.024714,0
D_0000718516,1,0.990488,1
D_0000718621,1,0.997154,1
D_0000719020,1,0.980786,1
D_0000719650,1,0.986046,1
D_0000719692,1,0.047561,0
D_0000720679,0,0.061147,0
D_0000720847,0,0.259199,1
D_0000720952,0,0.231228,1
D_0000721162,0,0.178535,1
D_0000722611,0,0.035809,0
D_0000722779,0,0.103822,0
D_0000723073,1,0.913062,1
D_0000723724,1,0.997885,1
D_0000723766,1,0.993775,1
D_0000723829,1,0.986896,1
D_0000723892,1,0.997585,1
D_0000724060,0,0.079522,0
D_0000724102,0,0.098721,0
D_0000724333,0,0.039748,0
D_0000724375,0,0.088692,0
D_0000724438,0,0.020711,0
D_0000724879,1,0.985322,1
D_0000726433,0,0.219863,1
D_0000726622,0,0.047789,0
D_0000726979,0,0.065613,0
D_0000727147,1,0.242372,1
D_0000727189,0,0.027587,0
D_0000727399,1,0.383311,1
D_0000727420,1,0.999571,1
D_0000727525,1,0.991948,1
D_0000727798,1,0.994134,1
D_0000728512,1,0.963775,1
D_0000728617,1,0.990024,1
D_0000728722,0,0.045490,0
D_0000729163,1,0.987887,1
D_0000729772,0,0.057537,0
D_0000729856,0,0.222760,1
D_0000729982,0,0.073751,0
D_0000730297,1,0.994032,1
D_0000730444,1,0.993526,1
D_0000731053,0,0.052662,0
D_0000731158,1,0.202216,1
D_0000732040,1,0.971970,1
D_0000732502,0,0.036438,0
D_0000732628,0,0.064714,0
D_0000732691,0,0.152161,0
D_0000733048,1,0.458524,1
D_0000733510,0,0.042797,0
D_0000733699,1,0.433545,1
D_0000734476,1,0.183536,1
D_0000734812,1,0.912066,1
D_0000734875,1,0.995419,1
D_0000735232,1,0.999889,1
D_0000735568,1,0.995134,1
D_0000735925,1,0.865888,1
D_0000736177,0,0.966903,1
D_0000736240,1,0.973809,1
D_0000736450,0,0.062255,0
D_0000736681,1,0.989094,1
D_0000736912,0,0.109744,0
D_0000736975,1,0.998685,1
D_0000737269,0,0.053486,0
D_0000737626,0,0.031887,0
D_0000737857,0,0.051087,0
D_0000737962,1,0.991682,1
D_0000738088,0,0.090362,0
D_0000738109,1,0.991846,1
D_0000738256,0,0.053837,0
D_0000739726,0,0.076648,0
D_0000739789,1,0.993031,1
D_0000739894,1,0.998146,1
D_0000740020,1,0.987097,1
D_0000740041,0,0.013833,0
D_0000741007,1,0.984783,1
D_0000741154,0,0.975077,1
D_0000742225,1,0.990922,1
D_0000742309,1,0.993699,1
D_0000742708,1,0.609722,1
D_0000742771,0,0.020317,0
D_0000742855,1,0.984603,1
D_0000744052,1,0.985147,1
D_0000744304,0,0.032429,0
D_0000744724,1,0.080888,0
D_0000744745,1,0.992553,1
D_0000744934,1,0.096015,0
D_0000744955,1,0.993618,1
D_0000744976,1,0.999469,1
D_0000745186,1,0.114256,0
D_0000745459,0,0.016830,0
D_0000745879,1,0.991927,1
D_0000745963,1,0.998628,1
D_0000746173,1,0.999549,1
D_0000746341,1,0.996962,1
D_0000746530,0,0.072031,0
D_0000747034,1,0.937688,1
D_0000747055,1,0.991238,1
D_0000747160,0,0.077332,0
D_0000747244,1,0.994294,1
D_0000747622,0,0.016237,0
D_0000747727,1,0.990007,1
D_0000747937,1,0.996626,1
D_0000749260,0,0.888716,1
D_0000749386,1,0.809586,1
D_0000749680,0,0.050865,0
D_0000749827,0,0.011750,0
D_0000750373,1,0.018474,0
D_0000751213,1,0.968164,1
D_0000751570,1,0.993748,1
D_0000751801,1,0.995207,1
D_0000751969,1,0.974721,1
D_0000752368,1,0.992807,1
D_0000752599,1,0.978136,1
D_0000752746,1,0.975051,1
D_0000752767,1,0.999797,1
D_0000753124,0,0.029816,0
D_0000753292,1,0.989457,1
D_0000753397,1,0.334263,1
D_0000753691,0,0.048079,0
D_0000753964,0,0.079279,0
D_0000754300,0,0.108033,0
D_0000754552,1,0.067287,0
D_0000754678,1,0.995951,1
D_0000754783,0,0.092715,0
D_0000754909,0,0.078527,0
D_0000755245,1,0.996975,1
D_0000755560,1,0.992863,1
D_0000755854,1,0.992369,1
D_0000755938,0,0.047805,0
D_0000755980,0,0.301691,1
D_0000756337,1,0.708967,1
D_0000756799,0,0.066138,0
D_0000757198,0,0.063448,0
D_0000757576,1,0.994547,1
D_0000758248,0,0.070019,0
D_0000758290,1,0.975354,1
D_0000758479,1,0.969611,1
D_0000758626,1,0.958095,1
D_0000758647,1,0.992367,1
D_0000758815,1,0.996263,1
D_0000758857,1,0.889401,1
D_0000759193,0,0.144557,0
D_0000759781,1,0.993438,1
D_0000760075,1,0.174017,0
D_0000760348,1,0.999998,1
D_0000760516,1,0.988811,1
D_0000760600,1,0.996276,1
D_0000761398,1,0.018249,0
D_0000761545,1,0.982389,1
D_0000761923,0,0.019950,0
D_0000762532,0,0.102809,0
D_0000762994,0,0.222133,1
D_0000763351,0,0.021283,0
D_0000763750,1,0.993159,1
D_0000764002,0,0.516777,1
D_0000764107,1,0.999861,1
D_0000764149,1,0.088018,0
D_0000764485,1,0.988915,1
D_0000765094,1,0.069976,0
D_0000765178,0,0.022532,0
D_0000765556,1,0.994253,1
D_0000765682,1,0.984197,1
D_0000765934,0,0.010255,0
D_0000765997,1,0.998998,1
D_0000766123,1,0.990627,1
D_0000766312,1,0.983070,1
D_0000766396,1,0.994566,1
D_0000766711,1,0.993148,1
D_0000766753,1,0.990009,1
D_0000767320,1,0.996167,1
D_0000767677,1,0.046299,0
D_0000767782,1,0.081966,0
D_0000767908,1,0.953775,1
D_0000768034,0,0.077934,0
D_0000768370,1,0.186528,1
D_0000768559,1,0.999709,1
D_0000768622,0,0.081560,0
D_0000768916,1,0.980872,1
D_0000768937,1,0.994820,1
D_0000768979,1,0.986077,1
D_0000769357,0,0.114686,0
D_0000769441,1,0.083116,0
D_0000769525,0,0.219323,1
D_0000769798,0,0.100871,0
D_0000770071,1,0.353995,1
D_0000770260,0,0.140782,0
D_0000770386,1,0.992916,1
D_0000770680,1,0.999749,1
D_0000770764,1,0.988640,1
D_0000770932,0,0.061980,0
D_0000771562,1,0.986539,1
D_0000771709,1,0.956651,1
D_0000771814,0,0.120381,0
D_0000771982,1,0.992841,1
D_0000772360,0,0.022628,0
D_0000772780,0,0.071486,0
D_0000772822,0,0.515662,1
D_0000772948,1,0.997304,1
D_0000773389,1,0.981281,1
D_0000773410,0,0.191294,1
D_0000773746,0,0.908499,1
D_0000774166,0,0.043435,0
D_0000774229,1,0.994391,1
D_0000774271,1,0.095812,0
D_0000774334,1,0.997056,1
D_0000774565,1,0.991624,1
D_0000774712,0,0.101224,0
D_0000774985,1,0.982952,1
D_0000775300,1,0.992488,1
D_0000775573,1,0.897021,1
D_0000775615,1,0.981015,1
D_0000775762,0,0.067400,0
D_0000775951,1,0.998924,1
D_0000776266,0,0.038745,0
D_0000777232,0,0.016205,0
D_0000777337,1,0.350949,1
D_0000777442,0,0.022283,0
D_0000777673,0,0.204633,1
D_0000777799,1,0.991495,1
D_0000778093,1,0.990289,1
D_0000779185,1,0.994636,1
D_0000779479,1,0.957948,1
D_0000779647,1,0.049961,0
D_0000779752,1,0.990287,1
D_0000779836,0,0.016546,0
D_0000779941,1,0.996867,1
D_0000780046,0,0.057131,0
D_0000780802,0,0.016922,0
D_0000780970,1,0.997170,1
D_0000781642,1,0.994457,1
D_0000782209,0,0.143261,0
D_0000782419,1,0.983429,1
D_0000782545,0,0.335396,1
D_0000782860,0,0.151544,0
D_0000783133,1,0.986630,1
D_0000783679,0,0.080878,0
D_0000783721,0,0.029840,0
D_0000783742,0,0.032579,0
D_0000783931,1,0.133159,0
D_0000784162,1,0.100678,0
D_0000784393,0,0.036050,0
D_0000785023,0,0.061126,0
D_0000785254,0,0.171471,0
D_0000785821,1,0.995028,1
D_0000785968,1,0.996107,1
D_0000786451,1,0.047885,0
D_0000786493,0,0.074977,0
D_0000787249,1,0.978016,1
D_0000787564,0,0.059892,0
D_0000788026,1,0.992131,1
D_0000788362,1,0.329936,1
D_0000789370,1,0.979182,1
D_0000789538,1,0.992273,1
D_0000790021,1,0.031900,0
D_0000790630,0,0.256627,1
D_0000790840,0,0.027872,0
D_0000791071,1,0.247239,1
D_0000791533,0,0.046821,0
D_0000791575,1,0.996760,1
D_0000791785,1,0.981547,1
D_0000792100,1,0.994860,1
D_0000792142,1,0.996646,1
D_0000792184,1,1.000000,1
D_0000792751,1,0.999159,1
D_0000793066,1,0.960778,1
D_0000793129,0,0.024584,0
D_0000793150,1,0.072672,0
D_0000793234,0,0.032594,0
D_0000793570,0,0.008800,0
D_0000794242,0,0.007491,0
D_0000794431,0,0.044742,0
D_0000794494,0,0.071498,0
D_0000794557,1,0.474591,1
D_0000794704,1,0.993021,1
D_0000794725,0,0.053929,0
D_0000794746,1,0.998071,1
D_0000794956,1,0.962091,1
D_0000794998,1,0.994858,1
D_0000795229,1,0.960535,1
D_0000795481,1,0.983268,1
D_0000796132,1,0.994242,1
D_0000796216,1,0.995065,1
D_0000796300,0,0.052449,0
D_0000796321,0,0.097015,0
D_0000796552,1,0.968818,1
D_0000796993,1,0.985976,1
D_0000797623,1,0.997592,1
D_0000797854,0,0.041098,0
D_0000797980,0,0.074111,0
D_0000798547,0,0.195500,1
D_0000798904,1,0.993911,1
D_0000798925,0,0.962149,1
D_0000799114,0,0.245952,1
D_0000799261,0,0.285238,1
D_0000799303,1,0.996642,1
D_0000799597,0,0.008063,0
D_0000799765,1,0.975841,1
D_0000799786,0,0.063734,0
D_0000800311,1,0.993847,1
D_0000800437,1,0.994232,1
D_0000800584,1,0.308909,1
D_0000800689,1,0.990013,1
D_0000800815,1,0.201741,1
D_0000800941,1,0.973802,1
D_0000801256,1,0.272100,1
D_0000801424,0,0.018027,0
D_0000801865,0,0.009752,0
D_0000802684,1,0.996590,1
D_0000803146,1,0.153221,0
D_0000803335,1,0.993148,1
D_0000803671,1,0.997855,1
D_0000803818,1,0.995262,1
D_0000804070,0,0.049710,0
D_0000804259,0,0.006075,0
D_0000804406,0,0.053599,0
D_0000804469,0,0.073626,0
D_0000804574,0,0.014860,0
D_0000804616,1,0.989017,1
D_0000804847,1,0.991586,1
D_0000804889,1,0.991770,1
D_0000805351,1,0.991431,1
D_0000805645,1,0.210320,1
D_0000805666,1,0.975540,1
D_0000805897,0,0.015910,0
D_0000806044,1,0.995115,1
D_0000806191,1,0.972517,1
D_0000806296,0,0.091588,0
D_0000806401,0,0.037283,0
D_0000806779,1,0.276219,1
D_0000806989,0,0.018865,0
D_0000807136,1,0.992570,1
D_0000807346,1,0.995082,1
D_0000807388,1,0.994171,1
D_0000807430,0,0.081202,0
D_0000807472,1,0.013355,0
D_0000807493,1,0.992958,1
D_0000807598,0,0.027551,0
D_0000807661,1,0.996463,1
D_0000807892,1,0.992191,1
D_0000808039,1,0.943343,1
D_0000808312,0,0.032811,0
D_0000808522,0,0.010631,0
D_0000808816,1,0.745870,1
D_0000808921,1,0.995005,1
D_0000809173,0,0.037884,0
D_0000809425,1,0.991542,1
D_0000809719,1,0.999979,1
D_0000809803,0,0.003189,0
D_0000810370,1,0.980650,1
D_0000810559,0,0.055883,0
D_0000810727,0,0.015821,0
D_0000810979,1,0.990012,1
D_0000811000,1,0.991176,1
D_0000811042,0,0.062685,0
D_0000811105,1,0.991633,1
D_0000811252,0,0.157762,0
D_0000811504,1,0.257093,1
D_0000811567,0,0.043071,0
D_0000811588,0,0.119060,0
D_0000811714,0,0.012694,0
D_0000812134,1,0.147993,0
D_0000812806,0,0.001146,0
D_0000812974,1,0.997952,1
D_0000813121,1,0.993946,1
D_0000813436,1,0.996185,1
D_0000813709,1,0.989272,1
D_0000814108,0,0.101015,0
D_0000814444,1,0.993231,1
D_0000814591,0,0.130913,0
D_0000814927,1,0.993145,1
D_0000815011,1,0.996516,1
D_0000815158,0,0.206296,1
D_0000815326,0,0.015389,0
D_0000815578,0,0.099206,0
D_0000815662,0,0.044154,0
D_0000815809,1,0.989247,1
D_0000816040,1,0.240283,1
D_0000816418,1,0.970525,1
D_0000816775,0,0.040534,0
D_0000816859,1,0.993766,1
D_0000817069,1,0.994492,1
D_0000817237,0,0.100001,0
D_0000818035,1,0.038551,0
D_0000818077,0,0.048784,0
D_0000818245,0,0.022783,0
D_0000818350,1,0.993807,1
D_0000819169,1,0.997096,1
D_0000819211,1,0.995400,1
D_0000819316,0,0.084045,0
D_0000819358,0,0.066617,0
D_0000819631,1,0.994883,1
D_0000820093,0,0.047415,0
D_0000820114,0,0.109296,0
D_0000821017,1,0.323424,1
D_0000821227,1,0.908651,1
D_0000821479,0,0.036594,0
D_0000821920,1,0.994255,1
D_0000821941,0,0.165172,0
D_0000822067,0,0.040822,0
D_0000822361,1,0.058766,0
D_0000822382,0,0.081861,0
D_0000822508,1,0.992440,1
D_0000823264,0,0.326771,1
D_0000823579,1,0.993550,1
D_0000823894,0,0.110898,0
D_0000824020,1,0.989887,1
D_0000824209,1,0.997737,1
D_0000824272,1,0.938378,1
D_0000824293,0,0.239403,1
D_0000824335,0,0.034943,0
D_0000824482,1,0.908404,1
D_0000825553,1,0.966646,1
D_0000825826,0,0.023108,0
D_0000826078,1,0.982093,1
D_0000826309,1,0.996154,1
D_0000827380,0,0.049761,0
D_0000827905,0,0.091713,0
D_0000828262,0,0.173813,0
D_0000828703,1,0.996385,1
D_0000828808,1,0.995024,1
D_0000828850,1,0.994057,1
D_0000829312,1,0.110609,0
D_0000829438,0,0.067970,0
D_0000829732,1,0.562769,1
D_0000829879,0,0.005622,0
D_0000830362,0,0.019079,0
D_0000830467,0,0.511368,1
D_0000830635,1,0.991554,1
D_0000830929,1,0.993653,1
D_0000830950,0,0.375648,1
D_0000831160,0,0.056201,0
D_0000831286,1,0.994510,1
D_0000831328,0,0.078158,0
D_0000831370,1,0.996634,1
D_0000831412,0,0.039951,0
D_0000831538,1,0.997400,1
D_0000832000,1,0.985261,1
D_0000832084,1,0.993988,1
D_0000832189,1,0.972185,1
D_0000833092,0,0.049597,0
D_0000833365,1,1.000000,1
D_0000833911,1,0.994339,1
D_0000834037,0,0.070075,0
D_0000834100,1,0.940906,1
D_0000834121,0,0.031632,0
D_0000834835,0,0.036874,0
D_0000835108,1,0.096435,0
D_0000835381,1,0.096151,0
D_0000835885,0,0.144697,0
D_0000835906,1,0.988029,1
D_0000836221,1,0.993492,1
D_0000836662,1,0.035797,0
D_0000836704,0,0.047073,0
D_0000836830,0,0.015300,0
D_0000837229,1,0.992542,1
D_0000837460,1,0.023314,0
D_0000837502,0,0.090289,0
D_0000837649,1,0.986387,1
D_0000837670,0,0.016953,0
D_0000837691,0,0.094778,0
D_0000838069,0,0.130128,0
D_0000838174,1,0.994159,1
D_0000839119,1,0.993243,1
D_0000839266,1,0.999935,1
D_0000839371,1,0.972271,1
D_0000839413,1,0.999910,1
D_0000839476,1,0.992387,1
D_0000840526,0,0.067445,0
D_0000840589,0,0.017849,0
D_0000840778,0,0.042670,0
D_0000841009,1,0.081120,0
D_0000841051,0,0.075365,0
D_0000841240,0,0.013177,0
D_0000841660,1,0.995704,1
D_0000841723,0,0.025442,0
D_0000842731,0,0.022767,0
D_0000843277,1,0.994595,1
D_0000843382,1,0.988157,1
D_0000843466,0,0.034011,0
D_0000844474,1,0.992354,1
D_0000844600,0,0.069254,0
D_0000844663,1,0.995652,1
D_0000844789,1,0.996652,1
D_0000844852,1,0.988057,1
D_0000844873,1,0.993611,1
D_0000844957,0,0.072041,0
D_0000845188,0,0.054186,0
D_0000845356,1,0.050652,0
D_0000845482,1,0.994615,1
D_0000845629,0,0.162478,0
D_0000845902,1,0.980790,1
D_0000846322,0,0.100903,0
D_0000846595,1,0.984092,1
D_0000846721,1,0.989338,1
D_0000846910,1,0.996034,1
D_0000847729,1,0.991275,1
D_0000848065,0,0.067152,0
D_0000848401,0,0.123677,0
D_0000848485,1,0.992997,1
D_0000848674,1,0.986247,1
D_0000848779,1,0.976897,1
D_0000849178,0,0.019281,0
D_0000849283,0,0.036920,0
D_0000849640,0,0.069516,0
D_0000850249,1,1.000000,1
D_0000850984,0,0.056660,0
D_0000851173,0,0.065000,0
D_0000851740,1,0.980714,1
D_0000852202,0,0.053870,0
D_0000852391,0,0.028697,0
D_0000852454,0,0.012648,0
D_0000852832,0,0.103022,0
D_0000852853,1,0.988519,1
D_0000852979,0,0.041947,0
D_0000853021,0,0.046402,0
D_0000853378,0,0.131052,0
D_0000853483,1,0.975351,1
D_0000853504,1,0.993984,1
D_0000853567,1,0.985980,1
D_0000854008,1,0.511978,1
D_0000854197,1,0.995788,1
D_0000854344,1,0.994197,1
D_0000854428,0,0.133866,0
D_0000854827,1,0.990875,1
D_0000854869,1,0.986458,1
D_0000855352,0,0.071807,0
D_0000855625,0,0.046712,0
D_0000855898,0,0.325187,1
D_0000855919,1,0.991857,1
D_0000856003,1,0.309527,1
D_0000856255,0,0.016324,0
D_0000856402,1,0.117124,0
D_0000856549,1,0.996708,1
D_0000856717,1,0.981480,1
D_0000856738,1,0.958797,1
D_0000857431,0,0.021102,0
D_0000858019,0,0.129490,0
D_0000858922,0,0.043585,0
D_0000859279,1,0.999781,1
D_0000859531,0,0.171590,0
D_0000859993,1,0.051248,0
D_0000860014,1,0.955585,1
D_0000860791,1,0.179437,1
D_0000860833,0,0.243600,1
D_0000861274,1,0.993405,1
D_0000861883,0,0.020060,0
D_0000862198,1,0.992197,1
D_0000862261,0,0.101009,0
D_0000862492,0,0.050303,0
D_0000862933,0,0.087457,0
D_0000862954,0,0.014431,0
D_0000863290,0,0.034506,0
D_0000863605,0,0.036734,0
D_0000864088,1,0.095018,0
D_0000864193,0,0.099264,0
D_0000864214,0,0.191683,1
D_0000864466,1,0.994362,1
D_0000864529,1,0.993797,1
D_0000864865,0,0.125779,0
D_0000865243,1,0.982038,1
D_0000865936,1,0.987140,1
D_0000866461,1,0.999552,1
D_0000866545,0,0.017229,0
D_0000866734,0,0.088682,0
D_0000866923,0,0.013145,0
D_0000867028,1,0.994107,1
D_0000867385,1,0.993205,1
D_0000867574,1,0.926626,1
D_0000867847,1,0.970346,1
D_0000867931,1,0.993974,1
D_0000868141,0,0.004765,0
D_0000868351,0,0.061198,0
D_0000868582,1,0.981939,1
D_0000868645,1,0.995007,1
D_0000868855,1,0.984702,1
D_0000869191,0,0.133018,0
D_0000869611,1,0.996517,1
D_0000869800,1,0.990643,1
D_0000869926,0,0.056639,0
D_0000870010,0,0.212999,1
D_0000870031,0,0.029054,0
D_0000870262,1,0.994203,1
D_0000870514,0,0.239851,1
D_0000870808,0,0.039326,0
D_0000871165,0,0.074463,0
D_0000871606,0,0.049447,0
D_0000871816,0,0.021074,0
D_0000871942,0,0.752490,1
D_0000873496,1,0.841923,1
D_0000873979,1,0.989543,1
D_0000874042,0,0.039129,0
D_0000874315,1,0.997759,1
D_0000874903,1,0.942952,1
D_0000875050,1,0.989762,1
D_0000875155,1,0.994360,1
D_0000875281,1,0.999677,1
D_0000875659,1,0.032463,0
D_0000875974,1,0.987618,1
D_0000876226,1,0.992230,1
D_0000876646,1,0.991065,1
D_0000876730,1,0.977601,1
D_0000876982,0,0.065868,0
D_0000877003,1,0.115031,0
D_0000877570,1,0.999342,1
D_0000878242,0,0.078227,0
D_0000879208,1,0.994710,1
D_0000879754,1,0.995004,1
D_0000880132,1,0.978706,1
D_0000880384,0,0.075085,0
D_0000880573,0,0.492564,1
D_0000880741,1,0.989906,1
D_0000881035,0,0.130200,0
D_0000882127,0,0.042584,0
D_0000882211,0,0.010794,0
D_0000882316,0,0.008639,0
D_0000882358,0,0.024577,0
D_0000882715,0,0.037344,0
D_0000884269,1,0.988813,1
D_0000884794,0,0.155119,0
D_0000885004,0,0.137527,0
D_0000885235,1,0.063827,0
D_0000885403,1,0.993212,1
D_0000885466,1,0.991605,1
D_0000886054,0,0.052176,0
D_0000886222,0,0.027615,0
D_0000886432,0,0.072629,0
D_0000886852,1,0.993394,1
D_0000887020,1,0.989343,1
D_0000887146,1,0.992025,1
D_0000887167,1,0.399062,1
D_0000887356,1,0.965380,1
D_0000887377,0,0.071973,0
D_0000887608,1,0.999977,1
D_0000887839,0,0.056842,0
D_0000888049,1,0.993379,1
D_0000888112,1,0.996044,1
D_0000888826,1,0.996292,1
D_0000889918,1,0.999881,1
D_0000890296,0,0.037049,0
D_0000890380,1,0.157599,0
D_0000890674,0,0.078001,0
D_0000890695,1,0.996144,1
D_0000890821,1,0.999911,1
D_0000890842,1,0.145862,0
D_0000891031,0,0.046310,0
D_0000891451,1,0.995035,1
D_0000891661,1,0.949374,1
D_0000891934,1,0.989179,1
D_0000892186,1,0.990732,1
D_0000892228,1,0.979952,1
D_0000892480,0,0.109018,0
D_0000892585,1,0.989213,1
D_0000893026,1,0.192198,1
D_0000893698,1,0.987041,1
D_0000893950,1,0.074552,0
D_0000894076,1,0.999946,1
D_0000894370,1,0.138929,0
D_0000895000,0,0.097860,0
D_0000895357,1,0.978462,1
D_0000895462,0,0.139118,0
D_0000895567,0,0.057183,0
D_0000896449,0,0.083540,0
D_0000896743,1,0.999886,1
D_0000896911,0,0.171562,0
D_0000897079,0,0.065707,0
D_0000897100,0,0.033148,0
D_0000897268,0,0.067423,0
D_0000897457,1,0.975067,1
D_0000897604,1,0.946786,1
D_0000897919,1,0.996096,1
D_0000897982,1,0.995379,1
D_0000898045,1,0.983236,1
D_0000898297,0,0.091807,0
D_0000899011,0,0.153143,0
D_0000899452,1,0.984502,1
D_0000899725,1,0.999817,1
D_0000900187,0,0.115804,0
D_0000900355,0,0.048508,0
D_0000900397,0,0.062953,0
D_0000900481,1,0.993759,1
D_0000901006,0,0.089564,0
D_0000901174,0,0.059992,0
D_0000901363,1,0.995479,1
D_0000901594,0,0.045195,0
D_0000901636,0,0.042252,0
D_0000901825,1,0.822422,1
D_0000901972,0,0.062431,0
D_0000902476,0,0.089846,0
D_0000902518,1,0.050934,0
D_0000902560,0,0.049579,0
D_0000902749,0,0.234668,1
D_0000903127,0,0.022898,0
D_0000903295,1,0.997110,1
D_0000903631,1,0.988558,1
D_0000903820,1,0.980854,1
D_0000903988,1,0.986430,1
D_0000904324,0,0.068186,0
D_0000904387,1,0.999050,1
D_0000904450,0,0.050632,0
D_0000904765,1,0.972095,1
D_0000905647,0,0.999986,1
D_0000906109,1,0.816017,1
D_0000906361,1,0.999997,1
D_0000906718,1,0.981282,1
D_0000906844,1,0.993728,1
D_0000907096,1,0.935777,1
D_0000907117,0,0.037181,0
D_0000907390,1,0.996565,1
D_0000907705,0,0.071598,0
D_0000908251,1,0.992049,1
D_0000908524,0,0.274078,1
D_0000908776,0,0.072587,0
D_0000909049,0,0.176802,0
D_0000909133,1,0.989338,1
D_0000909448,0,0.188980,1
D_0000909637,1,0.984677,1
D_0000910036,0,0.051768,0
D_0000910162,0,0.196310,1
D_0000910414,1,0.370273,1
D_0000910498,0,0.108829,0
D_0000910855,1,0.993979,1
D_0000910939,0,0.040641,0
D_0000911317,0,0.098628,0
D_0000912010,0,0.102586,0
D_0000912241,0,0.080685,0
D_0000912367,0,0.155548,0
D_0000912556,1,0.030285,0
D_0000912598,0,0.066768,0
D_0000912871,1,0.305399,1
D_0000912976,1,0.990251,1
D_0000913312,0,0.034932,0
D_0000913396,1,0.034195,0
D_0000913459,1,0.980667,1
D_0000913606,1,0.067264,0
D_0000913795,1,0.989316,1
D_0000913921,0,0.015398,0
D_0000914068,1,0.862427,1
D_0000914173,1,0.983486,1
D_0000914257,1,0.989034,1
D_0000915265,1,0.362665,1
D_0000915454,0,0.003809,0
D_0000915538,0,0.047670,0
D_0000915727,0,0.253855,1
D_0000916042,1,0.993448,1
D_0000916084,1,0.119747,0
D_0000916252,0,0.021510,0
D_0000917113,1,0.996161,1
D_0000917176,1,0.998357,1
D_0000917197,1,0.987056,1
D_0000917869,0,0.062247,0
D_0000917911,0,0.010193,0
D_0000918037,0,0.019554,0
D_0000918142,0,0.076025,0
D_0000918268,0,0.251693,1
D_0000918331,0,0.108516,0
D_0000918562,1,0.995262,1
D_0000918730,0,0.085507,0
D_0000918835,1,0.959811,1
D_0000919276,0,0.015971,0
D_0000919402,0,0.342735,1
D_0000919780,1,0.383822,1
D_0000920053,0,0.024078,0
D_0000920389,0,0.066126,0
D_0000920809,1,1.000000,1
D_0000920914,1,0.993374,1
D_0000921313,1,0.993742,1
D_0000921355,1,0.235413,1
D_0000921397,1,0.999292,1
D_0000921586,0,0.093783,0
D_0000921796,1,0.998515,1
D_0000922027,0,0.116645,0
D_0000922657,1,0.995408,1
D_0000922678,1,0.977074,1
D_0000922762,1,0.995179,1
D_0000922825,1,0.999949,1
D_0000923140,1,0.994795,1
D_0000923287,0,0.004502,0
D_0000923728,1,0.931457,1
D_0000923833,0,0.198057,1
D_0000924043,0,0.020005,0
D_0000924169,1,0.989546,1
D_0000924253,0,0.032508,0
D_0000924337,1,0.967465,1
D_0000924421,1,0.993048,1
D_0000924652,0,0.040510,0
D_0000924946,1,0.991874,1
D_0000925051,0,0.022447,0
D_0000925387,1,0.988521,1
D_0000925534,0,0.086977,0
D_0000926080,0,0.196068,1
D_0000926584,0,0.066795,0
D_0000926815,1,0.985923,1
D_0000926878,0,0.201364,1
D_0000927151,1,0.989372,1
D_0000927319,1,0.992661,1
D_0000927697,0,0.034087,0
D_0000927865,1,0.985212,1
D_0000928159,1,0.366710,1
D_0000928390,0,0.038467,0
D_0000928495,1,0.999551,1
D_0000929041,0,0.025040,0
D_0000929272,1,0.994788,1
D_0000929398,1,0.996526,1
D_0000929587,1,0.985659,1
D_0000929671,1,0.153487,0
D_0000929776,1,0.054099,0
D_0000930952,0,0.096226,0
D_0000930973,1,0.028119,0
D_0000931498,1,0.104008,0
D_0000931855,0,0.046774,0
D_0000931876,0,0.093907,0
D_0000932023,1,0.994905,1
D_0000932275,1,0.997516,1
D_0000932443,0,0.037995,0
D_0000933325,1,0.970000,1
D_0000934249,0,0.056537,0
D_0000934312,1,0.983640,1
D_0000934627,1,0.991312,1
D_0000934732,0,0.026575,0
D_0000934900,1,0.980143,1
D_0000935110,0,0.029160,0
D_0000935194,1,0.986303,1
D_0000935299,1,0.965859,1
D_0000935362,1,0.988013,1
D_0000935383,0,0.081758,0
D_0000935425,1,0.995838,1
D_0000935929,1,0.992328,1
D_0000935971,0,0.073447,0
D_0000936034,0,0.065972,0
D_0000936139,1,0.991668,1
D_0000936160,0,0.040463,0
D_0000936370,0,0.071517,0
D_0000936811,1,0.997950,1
D_0000936958,1,0.994649,1
D_0000937168,0,0.073797,0
D_0000937399,0,0.311053,1
D_0000937483,1,0.981026,1
D_0000937588,0,0.075867,0
D_0000938071,0,0.060515,0
D_0000938155,0,0.100884,0
D_0000938281,0,0.975045,1
D_0000938365,1,0.998863,1
D_0000938428,0,0.055181,0
D_0000938470,0,0.052301,0
D_0000938701,1,0.998397,1
D_0000938953,0,0.108134,0
D_0000939457,1,0.996207,1
D_0000939877,0,0.068402,0
D_0000939961,1,0.992788,1
D_0000940045,1,0.979651,1
D_0000940066,1,0.153224,0
D_0000940318,1,0.999679,1
D_0000940843,0,0.031669,0
D_0000940948,1,0.973158,1
D_0000941095,1,0.923083,1
D_0000941410,1,0.047430,0
D_0000941557,1,0.987288,1
D_0000941788,0,0.177126,0
D_0000942082,1,0.995299,1
D_0000942187,1,0.990724,1
D_0000942523,1,0.966092,1
D_0000942649,0,0.109815,0
D_0000943888,1,0.183271,1
D_0000943930,0,0.082728,0
D_0000944203,1,0.988851,1
D_0000944749,1,0.993902,1
D_0000944938,0,0.025440,0
D_0000944980,1,0.999753,1
D_0000945022,0,0.073928,0
D_0000946639,0,0.040808,0
D_0000946765,0,0.147562,0
D_0000946933,0,0.077786,0
D_0000947206,1,0.992365,1
D_0000947353,1,0.982129,1
D_0000947773,1,0.992518,1
D_0000948592,0,0.006092,0
D_0000948655,1,0.266240,1
D_0000949012,1,0.999680,1
D_0000949054,0,0.032159,0
D_0000949201,1,0.995192,1
D_0000949285,0,0.035962,0
D_0000949306,1,0.391198,1
D_0000949600,1,0.992733,1
D_0000949978,1,0.999954,1
D_0000950230,1,0.990548,1
D_0000950461,0,0.029249,0
D_0000950545,0,0.052245,0
D_0000950818,1,0.995600,1
D_0000951049,1,0.999392,1
D_0000951427,0,0.004721,0
D_0000951532,1,0.987110,1
D_0000951784,0,0.122877,0
D_0000951868,1,0.984935,1
D_0000952162,0,0.131370,0
D_0000953065,0,0.628253,1
D_0000953338,0,0.046064,0
D_0000954010,1,0.992973,1
D_0000954304,0,0.015540,0
D_0000955228,1,0.991615,1
D_0000955543,0,0.053088,0
D_0000955984,1,0.051854,0
D_0000957370,0,0.034759,0
D_0000957433,1,0.993942,1
D_0000957517,1,0.997108,1
D_0000957832,0,0.046877,0
D_0000958231,1,0.971884,1
D_0000958378,0,0.012519,0
D_0000958462,0,0.043107,0
D_0000959281,1,0.996827,1
D_0000959386,1,0.996101,1
D_0000960814,1,0.995579,1
D_0000961255,0,0.082948,0
D_0000961276,0,0.158782,0
D_0000961318,0,0.269528,1
D_0000962725,1,0.062557,0
D_0000962767,1,0.991784,1
D_0000963334,0,0.066626,0
D_0000963838,0,0.073578,0
D_0000963943,0,0.076551,0
D_0000964027,0,0.057433,0
D_0000964069,1,0.992549,1
D_0000964174,0,0.058109,0
D_0000964468,1,0.998655,1
D_0000964762,1,0.990674,1
D_0000965203,1,0.991219,1
D_0000965287,0,0.063294,0
D_0000965707,0,0.080830,0
D_0000965728,1,0.996663,1
D_0000966379,1,0.970542,1
D_0000966547,0,0.274006,1
D_0000966820,0,0.025931,0
D_0000966925,0,0.033738,0
D_0000966946,1,0.992205,1
D_0000967156,1,0.033647,0
D_0000967261,1,0.996584,1
D_0000967324,1,0.979285,1
D_0000967765,0,0.024599,0
D_0000968122,0,0.028130,0
D_0000968311,0,0.033492,0
D_0000968374,0,0.143386,0
D_0000969403,1,0.962130,1
D_0000969487,1,0.992114,1
D_0000969571,1,0.134466,0
D_0000969613,0,0.121922,0
D_0000969718,1,0.997015,1
D_0000969760,1,0.183923,1
D_0000970222,0,0.083169,0
D_0000970327,1,0.993717,1
D_0000970579,1,0.999921,1
D_0000970810,0,0.983769,1
D_0000971104,0,0.517984,1
D_0000971377,1,0.992248,1
D_0000971545,0,0.904011,1
D_0000971566,0,0.089523,0
D_0000971608,0,0.062590,0
D_0000971713,1,0.994217,1
D_0000972301,0,0.054737,0
D_0000973036,1,0.984408,1
D_0000973393,1,0.989041,1
D_0000973603,0,0.078906,0
D_0000973645,0,0.025273,0
D_0000974737,1,0.994816,1
D_0000975199,0,0.146715,0
D_0000975241,1,0.996542,1
D_0000975430,1,0.994135,1
D_0000975913,0,0.044957,0
D_0000976354,1,0.616832,1
D_0000976648,1,0.996119,1
D_0000977089,1,0.737048,1
D_0000977614,1,0.574332,1
D_0000977950,1,0.999999,1
D_0000978580,0,0.060445,0
D_0000978811,0,0.071080,0
D_0000979021,0,0.003837,0
D_0000980113,1,0.993201,1
D_0000980344,1,0.999417,1
D_0000980428,0,0.112251,0
D_0000980806,0,0.120137,0
D_0000981184,1,0.999997,1
D_0000981373,0,0.025119,0
D_0000981457,0,0.037982,0
D_0000982213,1,0.993660,1
D_0000982276,0,0.068577,0
D_0000982696,1,0.368135,1
D_0000982864,0,0.028871,0
D_0000984124,1,0.996336,1
D_0000984355,1,0.993152,1
D_0000984670,1,0.994984,1
D_0000985006,0,0.027257,0
D_0000985615,0,0.358042,1
D_0000985699,1,0.146670,0
D_0000987253,1,0.995349,1
D_0000987610,0,0.018944,0
D_0000987715,1,0.992473,1
D_0000988093,1,0.962691,1
D_0000988156,1,0.990554,1
D_0000988408,1,0.984718,1
D_0000989290,0,0.106865,0
D_0000989311,0,0.033695,0
D_0000989416,1,0.991718,1
D_0000989773,1,0.660445,1
D_0000990130,1,0.999931,1
D_0000990445,1,0.997817,1
D_0000991201,0,0.070460,0
D_0000991327,0,0.083705,0
D_0000991411,0,0.076580,0
D_0000991516,0,0.013217,0
D_0000991579,1,0.992376,1
D_0000991789,1,1.000000,1
D_0000992083,0,0.973953,1
D_0000992356,1,0.910376,1
D_0000992482,1,0.994241,1
D_0000992692,0,0.071713,0
D_0000992965,1,0.992252,1
D_0000993364,0,0.025540,0
D_0000993469,1,0.996022,1
D_0000993490,1,0.993801,1
D_0000993700,0,0.182046,1
D_0000993763,0,0.065774,0
D_0000994099,0,0.054100,0
D_0000994288,0,0.075677,0
D_0000995065,1,0.996872,1
D_0000995359,1,0.999398,1
D_0000995569,1,0.993609,1
D_0000995989,1,0.996464,1
D_0000996304,1,0.990710,1
D_0000996682,0,0.074738,0
D_0000997312,0,0.061510,0
D_0000997354,1,0.442276,1
D_0000997375,1,0.993052,1
D_0000997438,1,0.990857,1
D_0000997690,1,0.966623,1
D_0000998131,1,0.366476,1
D_0000998173,0,0.135356,0
D_0000998257,0,0.071922,0
D_0000998467,0,0.052662,0
D_0000998929,1,0.996584,1
D_0000998992,1,0.995902,1
D_0000999244,0,0.078393,0
D_0000999370,0,0.168926,0
D_0000999748,1,0.947395,1
D_0000999832,0,0.059792,0
D_0000999853,0,0.044174,0
D_0000999874,1,0.990500,1
D_0001000735,0,0.102846,0
D_0001000987,0,0.024586,0
D_0001001323,1,0.992811,1
D_0001001491,0,0.056407,0
D_0001001533,0,0.169304,0
D_0001001638,1,0.995287,1
D_0001001932,1,0.995337,1
D_0001002205,1,0.997177,1
D_0001002730,1,0.998167,1
D_0001002898,0,0.236761,1
D_0001003171,0,0.089378,0
D_0001003192,1,0.993544,1
D_0001003633,1,0.110732,0
D_0001003801,1,0.994076,1
D_0001005439,0,0.206412,1
D_0001005523,0,0.054050,0
D_0001005607,1,0.983731,1
D_0001005733,0,0.006243,0
D_0001005754,1,0.988757,1
D_0001006531,0,0.121842,0
D_0001007392,1,0.992511,1
D_0001007560,0,0.097105,0
D_0001007665,1,0.162126,0
D_0001007707,1,0.995835,1
D_0001007875,0,0.005327,0
D_0001008253,1,1.000000,1
D_0001008505,0,0.154888,0
D_0001010038,0,0.059042,0
D_0001010227,0,0.300052,1
D_0001010269,0,0.065147,0
D_0001010353,0,0.041285,0
D_0001010374,1,0.158160,0
D_0001010605,0,0.013413,0
D_0001010731,1,0.731429,1
D_0001010878,0,0.139971,0
D_0001011802,1,0.991106,1
D_0001011949,0,0.011052,0
D_0001012327,0,0.000024,0
D_0001012768,0,0.049713,0
D_0001012915,0,0.169052,0
D_0001012936,1,0.988024,1
D_0001012978,1,0.995534,1
D_0001013146,0,0.085509,0
D_0001013461,1,0.996262,1
D_0001013608,0,0.369561,1
D_0001014175,1,0.993471,1
D_0001014700,0,0.055429,0
D_0001014784,1,0.751381,1
D_0001015267,0,0.256880,1
D_0001015330,1,0.999969,1
D_0001015414,1,0.904150,1
D_0001015792,1,0.988559,1
D_0001016002,1,0.890113,1
D_0001017115,0,0.028669,0
D_0001017787,0,0.100450,0
D_0001017850,1,0.751903,1
D_0001017997,1,0.996069,1
D_0001018585,0,0.052527,0
D_0001018627,1,0.994051,1
D_0001018816,0,0.028873,0
D_0001019488,1,0.996111,1
D_0001019593,1,0.229940,1
D_0001019656,1,0.996710,1
D_0001019677,1,0.067826,0
D_0001020097,0,0.035973,0
D_0001020265,1,0.813307,1
D_0001020538,1,0.988733,1
D_0001020664,1,0.892272,1
D_0001020706,1,0.979233,1
D_0001020748,1,0.994284,1
D_0001020790,0,0.100433,0
D_0001021147,1,0.981373,1
D_0001021672,0,0.167417,0
D_0001021693,0,0.152456,0
D_0001022680,0,0.307236,1
D_0001023205,1,0.973978,1
D_0001023961,0,0.047915,0
D_0001023982,1,0.991723,1
D_0001024633,1,0.981335,1
D_0001024864,0,0.049589,0
D_0001024948,1,0.996356,1
D_0001025116,1,0.999988,1
D_0001025284,0,0.134104,0
D_0001025389,0,0.012217,0
D_0001025557,0,0.574913,1
D_0001025767,1,0.994315,1
D_0001025956,1,0.998079,1
D_0001026103,1,0.986447,1
D_0001026145,1,0.997949,1
D_0001026964,0,0.024553,0
D_0001027363,1,0.980610,1
D_0001027972,1,0.975574,1
D_0001028077,0,0.034235,0
D_0001028119,1,0.993269,1
D_0001028371,0,0.202560,1
D_0001028833,0,0.154377,0
D_0001028980,0,0.082283,0
D_0001029043,1,0.980496,1
D_0001029274,0,0.039614,0
D_0001029316,1,0.995343,1
D_0001029337,0,0.015867,0
D_0001029820,1,0.053590,0
D_0001030156,0,0.030915,0
D_0001030492,0,0.001399,0
D_0001030744,0,0.023110,0
D_0001031164,1,0.982525,1
D_0001031605,1,0.197076,1
D_0001031899,0,0.151090,0
D_0001031983,0,0.142887,0
D_0001032319,1,0.970721,1
D_0001032844,0,0.036552,0
D_0001032886,1,0.993096,1
D_0001033117,1,0.322463,1
D_0001033243,1,0.993144,1
D_0001033285,0,0.063212,0
D_0001033390,0,0.075203,0
D_0001034125,1,0.992261,1
D_0001034209,1,0.933688,1
D_0001034335,1,0.998390,1
D_0001034524,0,0.091920,0
D_0001034566,1,0.989521,1
D_0001034902,0,0.082785,0
D_0001035280,1,0.978681,1
D_0001035595,0,0.186461,1
D_0001035826,1,0.990051,1
D_0001035952,1,0.984963,1
D_0001036351,1,0.995896,1
D_0001036540,1,0.992564,1
D_0001036687,1,0.987461,1
D_0001036729,1,0.982007,1
D_0001036813,0,0.165232,0
D_0001037044,0,0.076338,0
D_0001037359,0,0.077991,0
D_0001037506,0,0.067412,0
D_0001037821,1,0.999915,1
D_0001038472,0,0.012006,0
D_0001038535,1,0.994183,1
D_0001038682,0,0.032075,0
D_0001039018,1,0.984991,1
D_0001039711,1,0.152621,0
D_0001039900,1,0.995134,1
D_0001040110,0,0.172591,0
D_0001040614,1,0.996229,1
D_0001041076,0,0.057870,0
D_0001041307,0,0.077025,0
D_0001041475,1,0.980525,1
D_0001041748,1,0.593728,1
D_0001041874,1,0.991633,1
D_0001042315,1,0.963772,1
D_0001042546,1,0.994284,1
D_0001042567,0,0.019454,0
D_0001042735,0,0.986467,1
D_0001043155,1,0.991697,1
D_0001044184,1,0.993767,1
D_0001044289,1,0.999290,1
D_0001044436,0,0.379083,1
D_0001044667,0,0.125359,0
D_0001045171,1,0.999056,1
D_0001045192,0,0.096184,0
D_0001045591,0,0.979603,1
D_0001045843,1,0.968751,1
D_0001046158,0,0.014597,0
D_0001046662,0,0.156151,0
D_0001047523,1,0.587971,1
D_0001047607,0,0.028857,0
D_0001047670,0,0.026185,0
D_0001047838,0,0.299397,1
D_0001047922,0,0.092640,0
D_0001048384,1,0.996698,1
D_0001049245,1,0.985174,1
D_0001049329,0,0.064316,0
D_0001050001,1,0.938002,1
D_0001050190,0,0.041733,0
D_0001050274,0,0.030704,0
D_0001050673,1,0.995378,1
D_0001050967,1,0.052243,0
D_0001051114,0,0.021170,0
D_0001051912,0,0.053859,0
D_0001052542,0,0.051404,0
D_0001052584,1,0.981037,1
D_0001052710,0,0.196928,1
D_0001053088,1,0.991975,1
D_0001053193,0,0.110914,0
D_0001053550,0,0.024991,0
D_0001053844,1,0.130484,0
D_0001054117,1,0.199269,1
D_0001054159,0,0.124210,0
D_0001054978,1,0.997790,1
D_0001055083,1,0.987722,1
D_0001055776,1,0.994287,1
D_0001056049,1,0.991937,1
D_0001056175,0,0.165070,0
D_0001056490,0,0.022211,0
D_0001056553,1,0.993829,1
D_0001057771,1,0.872790,1
D_0001057939,0,0.971754,1
D_0001058002,1,0.999527,1
D_0001058170,0,0.040756,0
D_0001058590,1,0.991950,1
D_0001058800,0,0.013233,0
D_0001059514,1,0.988174,1
D_0001059976,0,0.118903,0
D_0001060039,0,0.033975,0
D_0001060417,0,0.037978,0
D_0001060753,0,0.037201,0
D_0001061362,1,0.991883,1
D_0001061698,0,0.060687,0
D_0001061908,0,0.012224,0
D_0001062244,0,0.048361,0
D_0001062601,0,0.076152,0
D_0001063063,0,0.046749,0
D_0001063126,0,0.073556,0
D_0001063693,1,0.990239,1
D_0001063735,1,0.997628,1
D_0001064008,0,0.069270,0
D_0001064218,1,0.980463,1
D_0001064596,0,0.055706,0
D_0001064764,1,0.873698,1
D_0001064890,0,0.056677,0
D_0001065142,0,0.029408,0
D_0001065415,1,0.988572,1
D_0001065478,0,0.065938,0
D_0001065520,1,0.995368,1
D_0001065562,0,0.097013,0
D_0001065919,1,0.996647,1
D_0001066003,0,0.128626,0
D_0001066150,1,0.999998,1
D_0001067284,0,0.014940,0
D_0001067389,1,0.986316,1
D_0001067683,1,0.989281,1
D_0001067725,0,0.038336,0
D_0001068292,1,0.785880,1
D_0001068691,0,0.037360,0
D_0001069006,0,0.153002,0
D_0001069279,0,0.055586,0
D_0001070224,0,0.105398,0
D_0001070371,0,0.042810,0
D_0001070833,0,0.072174,0
D_0001071337,0,0.115166,0
D_0001071442,1,0.987607,1
D_0001071862,0,0.090078,0
D_0001072471,1,0.998860,1
D_0001072723,1,0.159364,0
D_0001073164,1,0.984358,1
D_0001073185,0,0.065298,0
D_0001073647,1,0.990816,1
D_0001074046,1,0.995519,1
D_0001074151,1,0.988743,1
D_0001074445,1,0.990346,1
D_0001074592,1,0.992451,1
D_0001074991,1,0.036171,0
D_0001075600,0,0.005350,0
D_0001075915,1,0.979811,1
D_0001076125,0,0.049771,0
D_0001076818,1,0.991696,1
D_0001076944,1,0.998434,1
D_0001077280,1,0.137802,0
D_0001077658,0,0.046662,0
D_0001078036,1,0.114724,0
D_0001078624,0,0.039422,0
D_0001079128,0,0.023867,0
D_0001080073,1,0.531944,1
D_0001080262,1,0.983237,1
D_0001080535,1,0.993552,1
D_0001080640,1,0.108035,0
D_0001081228,1,0.985271,1
D_0001081795,1,0.994759,1
D_0001082047,0,0.151457,0
D_0001082110,1,0.999940,1
D_0001082320,0,0.086103,0
D_0001082614,1,0.115332,0
D_0001082635,1,0.979133,1
D_0001082971,1,0.951869,1
D_0001082992,0,0.095678,0
D_0001084294,1,0.853679,1
D_0001084441,1,0.985889,1
D_0001085491,1,0.979360,1
D_0001086289,1,0.994522,1
D_0001086310,1,0.982052,1
D_0001086331,1,0.988667,1
D_0001086394,1,0.992479,1
D_0001086604,0,0.081382,0
D_0001087066,1,0.997330,1
D_0001087087,0,0.029758,0
D_0001087171,0,0.045761,0
D_0001088137,1,0.993468,1
D_0001088620,1,0.995155,1
D_0001088998,1,0.979068,1
D_0001089082,0,0.103256,0
D_0001089376,1,0.999892,1
D_0001089733,0,0.049090,0
D_0001089943,1,0.109659,0
D_0001089964,1,0.990859,1
D_0001090783,0,0.066077,0
D_0001091224,0,0.115915,0
D_0001091476,1,0.300719,1
D_0001091749,1,0.994030,1
D_0001091770,1,0.993898,1
D_0001091980,0,0.061694,0
D_0001092379,0,0.034422,0
D_0001092547,1,0.993795,1
D_0001092610,1,0.995545,1
D_0001092715,1,0.991596,1
D_0001093009,1,0.829948,1
D_0001093114,1,0.996532,1
D_0001093135,1,0.992330,1
D_0001093303,1,0.994399,1
D_0001093597,0,0.100318,0
D_0001094143,0,0.035939,0
D_0001094269,1,0.984309,1
D_0001094311,1,0.310591,1
D_0001094458,0,0.073739,0
D_0001094479,0,0.067607,0
D_0001094836,1,0.993669,1
D_0001095151,1,0.072706,0
D_0001095361,0,0.875120,1
D_0001096285,1,0.388469,1
D_0001096327,1,0.989639,1
D_0001096600,1,0.540244,1
D_0001096831,0,0.086789,0
D_0001096936,1,0.993396,1
D_0001097083,1,0.987085,1
D_0001097125,1,0.990980,1
D_0001097398,0,0.015230,0
D_0001097860,1,0.992572,1
D_0001097986,1,0.990006,1
D_0001098343,1,0.983073,1
D_0001099078,1,0.190086,1
D_0001099120,1,0.143700,0
D_0001099162,0,0.071211,0
D_0001099330,0,0.022805,0
D_0001100170,1,0.990661,1
D_0001100359,1,0.999966,1
D_0001100464,0,0.047562,0
D_0001101241,1,0.983679,1
D_0001101430,1,0.991951,1
D_0001101745,1,0.991359,1
D_0001102081,0,0.133651,0
D_0001102648,0,0.060755,0
D_0001102900,1,0.997696,1
D_0001103194,0,0.019583,0
D_0001104559,0,0.043291,0
D_0001105042,1,0.237109,1
D_0001105126,1,0.983130,1
D_0001105189,0,0.084416,0
D_0001105210,1,0.992939,1
D_0001105231,1,0.990497,1
D_0001105441,1,0.196378,1
D_0001105672,1,0.999783,1
D_0001106008,1,0.989614,1
D_0001106701,1,0.996112,1
D_0001107079,1,0.994129,1
D_0001107373,1,0.195531,1
D_0001108129,0,0.101100,0
D_0001108570,0,0.062739,0
D_0001108654,1,0.995513,1
D_0001108738,0,0.277413,1
D_0001109305,0,0.027918,0
D_0001109935,1,0.993925,1
D_0001109956,0,0.131999,0
D_0001110334,0,0.084338,0
D_0001111048,1,0.991706,1
D_0001111405,1,0.992851,1
D_0001111594,1,0.193478,1
D_0001111636,0,0.013617,0
D_0001111804,0,0.071745,0
D_0001111909,0,0.107728,0
D_0001112665,1,0.990483,1
D_0001112791,0,0.032422,0
D_0001112812,0,0.073188,0
D_0001113148,0,0.912548,1
D_0001113274,1,0.995264,1
D_0001113316,0,0.070623,0
D_0001113820,0,0.013685,0
D_0001114198,0,0.202708,1
D_0001114828,1,0.767823,1
D_0001114975,1,0.996835,1
D_0001115353,1,0.997178,1
D_0001115416,1,0.949883,1
D_0001115584,0,0.109142,0
D_0001115794,0,0.046414,0
D_0001115857,0,0.059064,0
D_0001116046,1,0.989412,1
D_0001116634,0,0.995569,1
D_0001116655,1,0.874690,1
D_0001116697,1,0.115996,0
D_0001116718,1,0.993004,1
D_0001116823,1,0.997305,1
D_0001116886,0,0.064850,0
D_0001116907,0,0.071903,0
D_0001117222,0,0.009278,0
D_0001117327,0,0.038087,0
D_0001117432,0,0.024357,0
D_0001117852,1,0.975020,1
D_0001117978,0,0.375788,1
D_0001118020,0,0.105585,0
D_0001118083,0,0.041562,0
D_0001118167,0,0.031569,0
D_0001118293,0,0.090866,0
D_0001118335,1,0.968801,1
D_0001118881,0,0.058649,0
D_0001119469,0,0.068934,0
D_0001119637,0,0.060377,0
D_0001119742,1,0.997137,1
D_0001120603,0,0.146522,0
D_0001121296,0,0.042093,0
D_0001121632,0,0.035869,0
D_0001121989,0,0.045984,0
D_0001122052,0,0.128984,0
D_0001122283,0,0.033507,0
D_0001122514,0,0.010661,0
D_0001122745,0,0.132505,0
D_0001123375,0,0.062066,0
D_0001123396,1,0.983655,1
D_0001123501,1,0.924269,1
D_0001123648,1,0.180682,1
D_0001124299,1,0.996500,1
D_0001125013,1,0.993403,1
D_0001125055,0,0.063326,0
D_0001125622,0,0.237747,1
D_0001125916,1,0.987406,1
D_0001126042,1,0.988932,1
D_0001126210,1,0.993339,1
D_0001126315,0,0.132637,0
D_0001126399,0,0.087435,0
D_0001127092,1,0.988980,1
D_0001127659,1,0.990221,1
D_0001127848,1,0.996947,1
D_0001128058,0,0.031024,0
D_0001128100,0,0.970001,1
D_0001128604,0,0.081823,0
D_0001128667,0,0.062405,0
D_0001128730,1,0.980595,1
D_0001128751,1,0.987984,1
D_0001129003,0,0.020067,0
D_0001129486,0,0.097456,0
D_0001129612,1,0.984387,1
D_0001129759,1,0.995305,1
D_0001130263,1,0.964607,1
D_0001130452,0,0.073234,0
D_0001130557,0,0.043029,0
D_0001130662,0,0.104426,0
D_0001131628,0,0.012918,0
D_0001131691,0,0.189679,1
D_0001131796,1,0.143635,0
D_0001132720,1,0.992127,1
D_0001132825,1,0.999953,1
D_0001133539,0,0.150183,0
D_0001133560,1,0.993567,1
D_0001133875,0,0.024252,0
D_0001133917,1,0.997548,1
D_0001134316,0,0.082415,0
D_0001134400,1,0.983852,1
D_0001134526,1,0.961084,1
D_0001134589,0,0.036915,0
D_0001134736,1,0.996255,1
D_0001134757,1,0.041710,0
D_0001135534,1,0.979249,1
D_0001136185,0,0.052657,0
D_0001136731,1,0.994644,1
D_0001136983,1,0.992672,1
D_0001137529,0,0.113014,0
D_0001137592,1,0.988102,1
D_0001138453,0,0.029739,0
D_0001138537,0,0.024522,0
D_0001139020,1,0.912708,1
D_0001139083,0,0.033678,0
D_0001139125,1,0.994142,1
D_0001139335,0,0.017267,0
D_0001139965,0,0.091558,0
D_0001140805,1,0.978493,1
D_0001141183,1,0.992529,1
D_0001141897,1,0.997176,1
D_0001142212,1,0.999936,1
D_0001142338,1,0.995491,1
D_0001142464,1,0.130826,0
D_0001142695,0,0.069840,0
D_0001142779,0,0.010250,0
D_0001142968,1,0.978593,1
D_0001143535,1,0.116081,0
D_0001143724,1,0.993019,1
D_0001143871,1,0.982756,1
D_0001144249,1,0.992549,1
D_0001144438,0,0.045988,0
D_0001144522,1,0.342740,1
D_0001144816,0,0.040650,0
D_0001145236,1,0.991433,1
D_0001145299,0,0.972922,1
D_0001145341,0,0.048031,0
D_0001145383,0,0.093540,0
D_0001145509,0,0.056890,0
D_0001145614,0,0.092169,0
D_0001145635,0,0.077218,0
D_0001146433,0,0.121760,0
D_0001146559,1,0.101539,0
D_0001146643,0,0.035269,0
D_0001146727,1,0.997319,1
D_0001147294,0,0.023723,0
D_0001147525,1,0.997997,1
D_0001147798,1,0.993829,1
D_0001148134,0,0.118384,0
D_0001148554,0,0.044964,0
D_0001148722,0,0.049180,0
D_0001149163,0,0.223199,1
D_0001149226,1,0.999964,1
D_0001149247,1,0.984369,1
D_0001149583,0,0.085620,0
D_0001150045,1,0.977656,1
D_0001150066,1,0.461628,1
D_0001150087,1,0.981956,1
D_0001150360,0,0.049718,0
D_0001150969,1,0.991567,1
D_0001151389,0,0.028775,0
D_0001151641,0,0.102627,0
D_0001151851,1,0.994052,1
D_0001152145,0,0.043879,0
D_0001152187,0,0.010948,0
D_0001152229,0,0.103950,0
D_0001152271,0,0.074858,0
D_0001152775,0,0.405443,1
D_0001153006,0,0.060209,0
D_0001153069,0,0.047258,0
D_0001153195,1,0.997146,1
D_0001153363,0,0.164401,0
D_0001153405,1,0.988413,1
D_0001153720,1,0.183523,1
D_0001153762,0,0.028485,0
D_0001153867,0,0.018981,0
D_0001153972,0,0.086511,0
D_0001154245,0,0.029914,0
D_0001155043,1,0.988947,1
D_0001156450,1,0.850686,1
D_0001156723,1,0.986195,1
D_0001156828,1,0.993631,1
D_0001156996,0,0.047412,0
D_0001157584,1,0.989566,1
D_0001157983,1,0.682278,1
D_0001158382,1,0.998939,1
D_0001158718,0,0.045110,0
D_0001158739,1,0.600760,1
D_0001158991,1,0.987983,1
D_0001159033,1,0.997387,1
D_0001159222,0,0.050245,0
D_0001159432,1,0.989846,1
D_0001159600,1,0.995731,1
D_0001160020,0,0.089854,0
D_0001160545,0,0.087930,0
D_0001160734,0,0.051175,0
D_0001161196,1,0.974413,1
D_0001161280,1,0.998390,1
D_0001161490,0,0.221158,1
D_0001161826,0,0.067194,0
D_0001161868,0,0.085088,0
D_0001162456,1,0.988759,1
D_0001163170,0,0.074250,0
D_0001163674,0,0.053974,0
D_0001163842,1,0.153198,0
D_0001164094,0,0.080437,0
D_0001164157,1,0.995923,1
D_0001164283,1,0.994211,1
D_0001164367,0,0.057436,0
D_0001164472,0,0.096739,0
D_0001164829,1,0.987602,1
D_0001164871,0,0.156164,0
D_0001165312,1,1.000000,1
D_0001165690,0,0.019126,0
D_0001165921,0,0.056874,0
D_0001166257,0,0.027651,0
D_0001166425,0,0.049796,0
D_0001167307,0,0.092360,0
D_0001167643,0,0.068311,0
D_0001167895,1,0.993776,1
D_0001168021,1,0.230726,1
D_0001168840,1,0.969177,1
D_0001168966,0,0.136356,0
D_0001169176,1,0.032284,0
D_0001169260,1,0.985477,1
D_0001169449,0,0.085125,0
D_0001169533,1,0.032586,0
D_0001169848,1,0.981214,1
D_0001170037,1,0.993623,1
D_0001170226,0,0.213179,1
D_0001170289,1,0.995740,1
D_0001170310,1,0.992317,1
D_0001170646,1,0.993990,1
D_0001170919,1,0.035595,0
D_0001171045,1,0.990274,1
D_0001171339,0,0.066166,0
D_0001171612,0,0.013297,0
D_0001171864,1,0.992576,1
D_0001172242,0,0.046370,0
D_0001173334,0,0.149794,0
D_0001173376,1,0.997116,1
D_0001173838,0,0.041872,0
D_0001174636,1,0.999931,1
D_0001174720,0,0.074596,0
D_0001175119,0,0.042938,0
D_0001175308,0,0.029047,0
D_0001175455,1,0.113606,0
D_0001175476,0,0.024969,0
D_0001176316,0,0.194386,1
D_0001177492,0,0.063699,0
D_0001178038,0,0.073066,0
D_0001178332,0,0.085606,0
D_0001179382,0,0.075202,0
D_0001179655,0,0.035233,0
D_0001180033,0,0.034638,0
D_0001180411,0,0.127785,0
D_0001180474,1,0.990594,1
D_0001180642,0,0.230364,1
D_0001180726,0,0.107441,0
D_0001181041,1,0.990897,1
D_0001181503,1,0.994889,1
D_0001181650,0,0.177808,1
D_0001181986,1,0.993344,1
D_0001182889,0,0.046622,0
D_0001183057,0,0.041510,0
D_0001183099,0,0.053666,0
D_0001183183,0,0.123836,0
D_0001183414,0,0.030171,0
D_0001183498,0,0.200145,1
D_0001184023,1,0.998422,1
D_0001184527,0,0.025826,0
D_0001184989,0,0.108930,0
D_0001185451,1,0.993458,1
D_0001185514,0,0.057958,0
D_0001185556,1,0.993534,1
D_0001185871,0,0.028623,0
D_0001186039,0,0.079476,0
D_0001186354,1,0.127745,0
D_0001186585,0,0.043769,0
D_0001187299,1,0.987529,1
D_0001187551,1,0.997583,1
D_0001188034,0,0.607451,1
D_0001188307,1,0.987174,1
D_0001188454,0,0.018906,0
D_0001188517,0,0.093580,0
D_0001188706,1,0.981477,1
D_0001188916,1,0.028875,0
D_0001188937,0,0.027637,0
D_0001189609,1,0.996215,1
D_0001189756,1,0.092531,0
D_0001189924,1,0.988823,1
D_0001190176,0,0.986075,1
D_0001190386,1,0.049980,0
D_0001190806,0,0.321311,1
D_0001191037,1,0.978762,1
D_0001191100,1,0.902944,1
D_0001191373,1,0.993846,1
D_0001191625,0,0.071011,0
D_0001191772,1,0.985425,1
D_0001191877,0,0.069049,0
D_0001192444,0,0.111460,0
D_0001192801,0,0.048708,0
D_0001193011,0,0.065230,0
D_0001193431,0,0.062386,0
D_0001193914,0,0.010802,0
D_0001194040,1,0.981438,1
D_0001194334,1,0.977971,1
D_0001194985,0,0.092355,0
D_0001195006,0,0.089543,0
D_0001195111,1,0.931297,1
D_0001195510,1,0.999952,1
D_0001195636,0,0.062684,0
D_0001195951,1,0.968280,1
D_0001196035,1,0.686522,1
D_0001196875,0,0.037883,0
D_0001198030,1,0.786861,1
D_0001198555,1,0.999991,1
D_0001198702,0,0.008896,0
D_0001198975,0,0.076389,0
D_0001199605,1,0.999951,1
D_0001199626,1,0.972169,1
D_0001199836,1,0.991603,1
D_0001199878,1,0.976207,1
D_0001200382,1,0.995732,1
D_0001200571,0,0.152352,0
D_0001200760,0,0.212864,1
D_0001200907,0,0.053913,0
D_0001201516,1,0.990483,1
D_0001201600,0,0.067687,0
D_0001201747,1,0.060515,0
D_0001201789,1,0.999689,1
D_0001201831,1,0.995453,1
D_0001201978,1,0.989657,1
D_0001202419,1,0.994489,1
D_0001202440,0,0.164359,0
D_0001202503,0,0.050007,0
D_0001202587,1,0.991474,1
D_0001202650,0,0.036285,0
D_0001202671,0,0.025737,0
D_0001202818,0,0.646093,1
D_0001202902,0,0.067067,0
D_0001203196,0,0.062116,0
D_0001203658,0,0.030891,0
D_0001203994,1,0.997488,1
D_0001204225,1,0.995981,1
D_0001204309,1,0.969054,1
D_0001204645,1,0.703243,1
D_0001205947,1,0.985897,1
D_0001206199,1,0.994982,1
D_0001206640,1,0.972273,1
D_0001207123,0,0.026038,0
D_0001207144,0,0.018873,0
D_0001207480,1,0.995091,1
D_0001207543,1,0.993899,1
D_0001207585,0,0.972240,1
D_0001207837,0,0.283310,1
D_0001207921,0,0.254364,1
D_0001208047,0,0.015129,0
D_0001208446,1,0.997316,1
D_0001208971,0,0.100114,0
D_0001209139,0,0.783114,1
D_0001209265,1,0.025702,0
D_0001209601,1,0.996576,1
D_0001209643,0,0.485337,1
D_0001209748,1,0.990932,1
D_0001210042,0,0.081572,0
D_0001210714,1,0.994810,1
D_0001210903,0,0.111734,0
D_0001211260,1,0.988477,1
D_0001211407,1,0.686713,1
D_0001211596,1,0.399253,1
D_0001211638,1,0.485895,1
D_0001211785,1,0.988627,1
D_0001212289,1,0.995343,1
D_0001212352,1,0.993054,1
D_0001212373,0,0.043977,0
D_0001212415,0,0.094317,0
D_0001212478,0,0.051289,0
D_0001212604,0,0.147688,0
D_0001212919,1,0.989423,1
D_0001213045,0,0.610106,1
D_0001213066,1,0.997901,1
D_0001213759,0,0.045619,0
D_0001213843,0,0.033502,0
D_0001213990,0,0.128606,0
D_0001214074,0,0.075045,0
D_0001214263,0,0.023191,0
D_0001214452,0,0.065166,0
D_0001215397,0,0.134243,0
D_0001215418,1,0.863405,1
D_0001215691,0,0.156879,0
D_0001215754,1,0.989988,1
D_0001215922,0,0.055358,0
D_0001216405,0,0.024299,0
D_0001216657,1,0.988082,1
D_0001216972,1,0.994594,1
D_0001217224,0,0.085592,0
D_0001217392,1,0.994011,1
D_0001217434,1,0.216374,1
D_0001217854,0,0.054953,0
D_0001217917,1,0.989687,1
D_0001218001,1,0.988641,1
D_0001218043,0,0.088761,0
D_0001218190,0,0.053974,0
D_0001218295,0,0.062457,0
D_0001218358,1,0.993465,1
D_0001218799,0,0.201968,1
D_0001219093,1,0.968735,1
D_0001219135,1,0.992948,1
D_0001219492,0,0.061835,0
D_0001219975,1,0.993284,1
D_0001220017,1,0.135194,0
D_0001220122,0,0.148357,0
D_0001220647,1,0.995410,1
D_0001220731,1,0.986934,1
D_0001220899,0,0.062653,0
D_0001221466,1,0.989484,1
D_0001221886,1,0.095485,0
D_0001221928,1,0.999642,1
D_0001222012,1,0.998210,1
D_0001222621,1,0.985166,1
D_0001222852,1,0.083460,0
D_0001222936,1,0.361994,1
D_0001223020,1,0.990775,1
D_0001223293,0,0.060971,0
D_0001223545,0,0.027712,0
D_0001223734,1,0.994760,1
D_0001224049,1,0.999838,1
D_0001224217,1,0.983752,1
D_0001224364,1,0.992021,1
D_0001224448,0,0.023051,0
D_0001224847,1,0.999837,1
D_0001224868,0,0.030626,0
D_0001224952,0,0.022309,0
D_0001224973,1,0.126483,0
D_0001225015,1,0.997876,1
D_0001225078,1,0.081052,0
D_0001225351,1,0.215847,1
D_0001225771,1,0.996199,1
D_0001226149,0,0.003782,0
D_0001227283,1,0.986721,1
D_0001227430,1,0.989389,1
D_0001227472,1,0.995878,1
D_0001227577,1,0.999947,1
D_0001228354,1,0.995084,1
D_0001228648,1,0.483240,1
D_0001229383,1,0.999910,1
D_0001229593,0,0.720387,1
D_0001230076,1,0.992363,1
D_0001230580,1,0.999340,1
D_0001230979,1,0.988523,1
D_0001231126,1,0.994144,1
D_0001231147,1,0.995203,1
D_0001231315,0,0.041189,0
D_0001231399,1,0.996503,1
D_0001231483,0,0.035690,0
D_0001232260,1,0.979662,1
D_0001232470,1,0.879596,1
D_0001232512,1,0.998467,1
D_0001232680,0,0.051225,0
D_0001232869,0,0.322545,1
D_0001233079,1,0.989816,1
D_0001233184,0,0.237814,1
D_0001233331,1,0.971703,1
D_0001233667,0,0.251237,1
D_0001233961,1,0.035077,0
D_0001234864,0,0.035702,0
D_0001235599,0,0.017962,0
D_0001235935,0,0.094913,0
D_0001236061,1,0.996047,1
D_0001236103,0,0.114940,0
D_0001236124,1,0.998943,1
D_0001236712,0,0.007421,0
D_0001236817,1,0.998193,1
D_0001237132,0,0.304290,1
D_0001237174,1,0.990559,1
D_0001237657,1,0.937572,1
D_0001237720,0,0.043904,0
D_0001237783,1,0.601751,1
D_0001237993,1,0.984215,1
D_0001238140,0,0.079793,0
D_0001238413,1,0.996537,1
D_0001238518,0,0.093176,0
D_0001238581,1,0.998152,1
D_0001238602,0,0.037146,0
D_0001238896,1,0.265302,1
D_0001238917,1,0.988846,1
D_0001238980,1,0.993651,1
D_0001239946,1,0.946001,1
D_0001240429,1,0.987438,1
D_0001240618,0,0.031960,0
D_0001241101,1,0.986384,1
D_0001241773,0,0.278411,1
D_0001242193,0,0.105078,0
D_0001242466,0,0.033563,0
D_0001242550,0,0.318485,1
D_0001242655,0,0.990084,1
D_0001243012,1,0.984990,1
D_0001243075,0,0.043577,0
D_0001243180,1,0.042649,0
D_0001243474,1,0.989281,1
D_0001243516,1,0.941861,1
D_0001243579,0,0.140808,0
D_0001243831,1,0.987145,1
D_0001244041,1,0.098254,0
D_0001244230,0,0.141537,0
D_0001244251,1,0.998966,1
D_0001244398,1,0.998228,1
D_0001244503,0,0.106308,0
D_0001244545,1,0.992383,1
D_0001244587,0,0.077752,0
D_0001245112,1,0.995752,1
D_0001245973,1,0.095466,0
D_0001246540,0,0.059696,0
D_0001246792,1,0.805057,1
D_0001247674,0,0.025315,0
D_0001247800,1,0.960249,1
D_0001248409,1,0.633359,1
D_0001248745,1,0.988050,1
D_0001248913,0,0.065067,0
D_0001249165,0,0.106719,0
D_0001249291,1,0.997406,1
D_0001249417,1,0.991178,1
D_0001249585,1,0.593085,1
D_0001249711,0,0.028123,0
D_0001249816,1,0.991045,1
D_0001250131,1,0.997234,1
D_0001250593,0,0.007526,0
D_0001250740,1,0.025184,0
D_0001251181,0,0.040333,0
D_0001252252,0,0.045922,0
D_0001252357,0,0.051583,0
D_0001252441,0,0.234117,1
D_0001252735,1,0.180032,1
D_0001252798,1,0.999558,1
D_0001253113,1,0.989579,1
D_0001253260,1,0.992694,1
D_0001253323,1,0.998195,1
D_0001253512,0,0.003222,0
D_0001253659,1,0.991802,1
D_0001253722,0,0.064750,0
D_0001254226,1,0.999865,1
D_0001254247,0,0.030786,0
D_0001255297,1,0.998483,1
D_0001255339,1,0.998071,1
D_0001255549,1,0.988714,1
D_0001255654,0,0.084411,0
D_0001255717,0,0.012119,0
D_0001255759,1,0.994476,1
D_0001255801,0,0.086112,0
D_0001256347,0,0.141784,0
D_0001256473,0,0.111798,0
D_0001256788,1,0.152428,0
D_0001256998,0,0.034914,0
D_0001257376,1,0.996050,1
D_0001257628,1,0.992774,1
D_0001257880,1,0.990778,1
D_0001258321,1,0.425297,1
D_0001258888,0,0.007978,0
D_0001259098,1,0.990358,1
D_0001259455,1,0.995016,1
D_0001260673,0,0.086514,0
D_0001261618,0,0.069404,0
D_0001262038,0,0.254967,1
D_0001262122,0,0.064818,0
D_0001262374,1,0.978808,1
D_0001262437,1,0.996985,1
D_0001262479,1,0.975909,1
D_0001262605,1,0.983639,1
D_0001262647,1,0.995255,1
D_0001262710,0,0.040287,0
D_0001263550,1,0.992000,1
D_0001263655,1,0.059542,0
D_0001263697,0,0.000047,0
D_0001263718,0,0.080186,0
D_0001263928,0,0.017906,0
D_0001264075,1,0.128852,0
D_0001264621,1,0.094480,0
D_0001264747,0,0.046117,0
D_0001264852,1,0.998920,1
D_0001264978,1,0.994825,1
D_0001265251,0,0.019121,0
D_0001265419,0,0.095541,0
D_0001265650,0,0.986440,1
D_0001266007,1,0.993422,1
D_0001266175,1,0.652280,1
D_0001266196,1,0.993947,1
D_0001266469,1,0.989913,1
D_0001267351,1,0.083290,0
D_0001267435,0,0.074814,0
D_0001267855,1,0.999755,1
D_0001268233,1,0.989644,1
D_0001268548,1,0.987549,1
D_0001268695,1,0.996296,1
D_0001269283,0,0.038843,0
D_0001269724,1,0.995883,1
D_0001269976,0,0.003158,0
D_0001270207,0,0.090002,0
D_0001270417,0,0.061273,0
D_0001270459,0,0.194479,1
D_0001271761,1,0.995033,1
D_0001272181,0,0.072754,0
D_0001272202,0,0.042586,0
D_0001272643,0,0.109324,0
D_0001273084,1,0.989917,1
D_0001273126,0,0.052343,0
D_0001273630,0,0.191052,1
D_0001273882,1,0.997863,1
D_0001273903,1,0.079689,0
D_0001274491,0,0.118140,0
D_0001274533,0,0.751626,1
D_0001275142,0,0.017651,0
D_0001275373,1,0.232681,1
D_0001275982,1,0.200422,1
D_0001276213,0,0.133027,0
D_0001276759,1,0.186998,1
D_0001276780,1,0.992554,1
D_0001277431,0,0.083167,0
D_0001278019,1,0.996460,1
D_0001278040,0,0.045916,0
D_0001278187,1,0.998358,1
D_0001278334,1,0.990503,1
D_0001278523,1,0.993046,1
D_0001279762,1,0.993204,1
D_0001279846,0,0.188362,1
D_0001280644,1,0.993319,1
D_0001280980,1,0.997335,1
D_0001281106,1,0.992666,1
D_0001281127,1,0.995756,1
D_0001281799,1,0.992998,1
D_0001282030,0,0.083913,0
D_0001282051,1,0.993479,1
D_0001282282,1,0.141668,0
D_0001282786,1,0.997538,1
D_0001283416,0,0.054154,0
D_0001283458,1,0.999911,1
D_0001283689,0,0.616407,1
D_0001283773,1,0.955905,1
D_0001284865,1,0.991319,1
D_0001284886,0,0.109538,0
D_0001285369,0,0.093065,0
D_0001286524,1,0.999855,1
D_0001286755,0,0.076013,0
D_0001286839,1,0.989893,1
D_0001286881,1,0.991009,1
D_0001286944,1,0.985213,1
D_0001287469,0,0.015783,0
D_0001288036,0,0.143990,0
D_0001289149,1,0.994029,1
D_0001289548,0,0.048883,0
D_0001289758,0,0.075334,0
D_0001290031,1,0.102222,0
D_0001290178,1,0.993544,1
D_0001290493,1,0.994582,1
D_0001290556,0,0.139964,0
D_0001290619,1,0.979303,1
D_0001291081,1,0.994393,1
D_0001291396,1,0.997279,1
D_0001291732,1,0.585241,1
D_0001292173,0,0.927120,1
D_0001292236,0,0.776859,1
D_0001292782,0,0.142326,0
D_0001292971,0,0.102348,0
D_0001293139,1,0.957004,1
D_0001293538,1,0.986958,1
D_0001294105,0,0.223680,1
D_0001294126,1,0.995986,1
D_0001294252,0,0.054135,0
D_0001294525,0,0.021019,0
D_0001294609,0,0.152605,0
D_0001294672,1,0.990835,1
D_0001294735,1,0.992492,1
D_0001295134,1,0.996698,1
D_0001295344,0,0.154161,0
D_0001295407,0,0.030990,0
D_0001295596,0,0.235309,1
D_0001295722,0,0.268265,1
D_0001295764,0,0.073264,0
D_0001296394,1,0.991540,1
D_0001296499,1,0.964082,1
D_0001296646,1,0.999993,1
D_0001296667,1,0.298218,1
D_0001296709,1,0.986285,1
D_0001297339,0,0.204519,1
D_0001297402,1,0.979753,1
D_0001297612,0,0.053762,0
D_0001297717,0,0.026467,0
D_0001297780,0,0.035162,0
D_0001298704,0,0.047408,0
D_0001298746,0,0.066286,0
D_0001298788,1,0.992860,1
D_0001298851,1,0.650896,1
D_0001299040,1,0.994977,1
D_0001299061,1,0.976446,1
D_0001299313,0,0.194656,1
D_0001299502,0,0.010109,0
D_0001299544,1,0.996193,1
D_0001300048,0,0.143044,0
D_0001301056,0,0.030238,0
D_0001301497,1,0.111257,0
D_0001302526,1,0.993327,1
D_0001302589,0,0.022125,0
D_0001302694,0,0.035002,0
D_0001302925,0,0.085622,0
D_0001303513,0,0.282102,1
D_0001304731,0,0.007409,0
D_0001305361,1,0.746211,1
D_0001305676,1,0.999860,1
D_0001305928,1,0.997340,1
D_0001306999,1,0.968385,1
D_0001307209,1,0.990619,1
D_0001307293,0,0.044527,0
D_0001307860,0,0.062807,0
D_0001307902,1,0.100346,0
D_0001308007,0,0.028305,0
D_0001308091,0,0.143837,0
D_0001308238,1,0.997933,1
D_0001309015,1,0.993707,1
D_0001309813,1,0.977820,1
D_0001310590,1,0.124787,0
D_0001310737,0,0.039411,0
D_0001310842,1,0.982232,1
D_0001310863,1,0.992977,1
D_0001311304,1,0.993851,1
D_0001311367,0,0.096157,0
D_0001311640,0,0.077429,0
D_0001311766,1,0.989185,1
D_0001312333,0,0.063351,0
D_0001312564,1,0.258283,1
D_0001312753,1,0.259611,1
D_0001312858,0,0.042036,0
D_0001313026,1,0.993017,1
D_0001313803,1,0.041872,0
D_0001313824,1,0.989891,1
D_0001314139,0,0.172006,0
D_0001314580,1,0.981909,1
D_0001315042,1,0.976353,1
D_0001315357,1,0.995926,1
D_0001315441,0,0.238344,1
D_0001315546,0,0.055357,0
D_0001315861,1,0.987770,1
D_0001316449,0,0.044119,0
D_0001316995,1,0.976084,1
D_0001317268,0,0.063578,0
D_0001317709,0,0.051174,0
D_0001317814,1,0.994784,1
D_0001317898,1,0.028131,0
D_0001318192,0,0.374022,1
D_0001318234,1,0.992474,1
D_0001318444,1,0.995346,1
D_0001318591,1,0.996603,1
D_0001319473,1,0.996599,1
D_0001319620,1,0.251522,1
D_0001320292,0,0.085702,0
D_0001320712,1,0.186950,1
D_0001320922,1,0.884478,1
D_0001321447,0,0.090088,0
D_0001321846,1,0.995616,1
D_0001322203,1,0.989190,1
D_0001322350,1,0.349879,1
D_0001322413,0,0.079564,0
D_0001323211,1,0.997968,1
D_0001323316,1,0.994097,1
D_0001323862,0,0.020124,0
D_0001324009,1,0.875327,1
D_0001324366,0,0.042425,0
D_0001324912,1,0.137065,0
D_0001325479,0,0.010762,0
D_0001325500,0,0.186515,1
D_0001325668,0,0.033555,0
D_0001325689,1,0.994366,1
D_0001325773,1,0.987743,1
D_0001326424,1,0.987147,1
D_0001326571,1,0.965958,1
D_0001326802,0,0.374716,1
D_0001326865,1,0.963659,1
D_0001327096,1,0.994004,1
D_0001328188,0,0.120614,0
D_0001328503,1,0.984515,1
D_0001328902,0,0.267092,1
D_0001328923,1,0.980438,1
D_0001329091,0,0.046112,0
D_0001329154,1,0.993443,1
D_0001329280,0,0.074121,0
D_0001329931,1,0.993434,1
D_0001330498,1,0.994541,1
D_0001330645,0,0.038270,0
D_0001330729,1,0.191866,1
D_0001330960,0,0.060081,0
D_0001331086,0,0.130410,0
D_0001331275,0,0.130375,0
D_0001331317,0,0.113238,0
D_0001331359,0,0.040744,0
D_0001331380,0,0.058462,0
D_0001331401,0,0.019554,0
D_0001331506,1,0.991701,1
D_0001331527,0,0.169826,0
D_0001331548,1,0.958865,1
D_0001331569,1,0.991582,1
D_0001332241,0,0.058312,0
D_0001332472,0,0.041795,0
D_0001333480,1,0.986433,1
D_0001333648,0,0.657453,1
D_0001333774,1,0.032401,0
D_0001334677,1,0.224279,1
D_0001335349,0,0.143302,0
D_0001335517,1,0.979099,1
D_0001335538,0,0.024398,0
D_0001335811,1,0.991418,1
D_0001335832,0,0.081476,0
D_0001336084,0,0.102516,0
D_0001336147,1,0.993514,1
D_0001336210,1,0.260665,1
D_0001336819,0,0.132203,0
D_0001337113,0,0.178165,1
D_0001337197,1,0.989332,1
D_0001337491,1,0.999999,1
D_0001338016,1,0.999512,1
D_0001338142,1,0.976864,1
D_0001338184,0,0.106915,0
D_0001338226,0,0.179378,1
D_0001338310,0,0.284043,1
D_0001338352,1,0.975457,1
D_0001338373,0,0.156541,0
D_0001338772,1,0.264408,1
D_0001338898,0,0.042175,0
D_0001338919,1,0.995786,1
D_0001339990,1,0.745516,1
D_0001340725,1,0.994426,1
D_0001340809,1,0.897728,1
D_0001341229,0,0.001945,0
D_0001341250,1,0.064828,0
D_0001341670,1,0.204830,1
D_0001341754,1,0.989104,1
D_0001342993,0,0.276646,1
D_0001343140,1,0.721330,1
D_0001343203,1,0.981327,1
D_0001344379,0,0.184450,1
D_0001344505,0,0.081508,0
D_0001345009,1,0.991559,1
D_0001345240,0,0.180343,1
D_0001345366,0,0.004340,0
D_0001345534,1,0.196894,1
D_0001345828,0,0.153382,0
D_0001346038,0,0.168222,0
D_0001346374,0,0.057222,0
D_0001346542,0,0.063826,0
D_0001346563,0,0.027839,0
D_0001346626,1,0.967438,1
D_0001346689,0,0.141967,0
D_0001347088,1,0.901832,1
D_0001347424,0,0.061578,0
D_0001347529,1,0.985753,1
D_0001347613,0,0.125370,0
D_0001348159,1,0.972729,1
D_0001348201,1,0.987320,1
D_0001348642,0,0.780609,1
D_0001348957,1,0.990224,1
D_0001349167,0,0.056481,0
D_0001349965,1,0.991739,1
D_0001350049,0,0.008363,0
D_0001350448,0,0.110801,0
D_0001351225,1,0.994254,1
D_0001351876,1,0.045163,0
D_0001352044,0,0.018706,0
D_0001352149,0,0.070699,0
D_0001352191,1,0.996821,1
D_0001352464,1,0.996355,1
D_0001352821,0,0.030168,0
D_0001353325,1,0.994495,1
D_0001353514,1,0.989157,1
D_0001354501,1,0.989626,1
D_0001355110,0,0.695833,1
D_0001355341,0,0.023755,0
D_0001356370,0,0.094956,0
D_0001356454,0,0.063973,0
D_0001356517,0,0.033229,0
D_0001356916,1,0.995662,1
D_0001357063,1,0.999967,1
D_0001357357,1,0.070745,0
D_0001357756,1,0.974870,1
D_0001358071,1,0.996856,1
D_0001358533,1,0.995894,1
D_0001359121,0,0.051238,0
D_0001359541,1,0.912901,1
D_0001359583,0,0.046687,0
D_0001359604,1,0.964236,1
D_0001359835,0,0.038672,0
D_0001361158,1,0.987773,1
D_0001361452,1,0.982710,1
D_0001361683,1,0.995354,1
D_0001361704,0,0.034432,0
D_0001361851,1,0.934944,1
D_0001362754,1,0.990224,1
D_0001364077,1,0.990929,1
D_0001364329,1,0.998082,1
D_0001364350,0,0.173058,0
D_0001364665,0,0.039077,0
D_0001365631,1,0.995008,1
D_0001366051,0,0.003284,0
D_0001366240,1,0.989694,1
D_0001366471,1,0.163431,0
D_0001366597,1,0.636377,1
D_0001366723,0,0.051766,0
D_0001366849,0,0.065277,0
D_0001367353,0,0.040393,0
D_0001367752,1,0.981009,1
D_0001367815,1,0.997255,1
D_0001368991,0,0.060905,0
D_0001369558,0,0.039419,0
D_0001369726,1,0.984608,1
D_0001369747,0,0.133312,0
D_0001370209,0,0.112693,0
D_0001370398,0,0.053209,0
D_0001370524,0,0.083296,0
D_0001370902,1,0.983809,1
D_0001371574,1,0.933728,1
D_0001371784,1,0.383307,1
D_0001371973,1,0.987224,1
D_0001372267,0,0.024499,0
D_0001372792,1,0.994264,1
D_0001373233,1,0.993783,1
D_0001373338,1,0.994897,1
D_0001373632,1,0.993427,1
D_0001373674,1,0.989319,1
D_0001373800,1,0.689894,1
D_0001374094,0,0.080220,0
D_0001374178,1,0.997324,1
D_0001374367,0,0.026458,0
D_0001374493,1,0.978335,1
D_0001374535,1,0.999752,1
D_0001375207,0,0.027483,0
D_0001375690,0,0.030155,0
D_0001376236,1,0.122969,0
D_0001376425,1,0.999710,1
D_0001376446,1,0.994278,1
D_0001376488,1,0.944789,1
D_0001376782,0,0.050801,0
D_0001376971,0,0.010422,0
D_0001377034,0,0.031704,0
D_0001377202,1,0.331117,1
D_0001377475,0,0.162314,0
D_0001377832,1,0.986472,1
D_0001377916,0,0.031640,0
D_0001377979,0,0.029767,0
D_0001378189,0,0.042288,0
D_0001378378,0,0.008683,0
D_0001379008,0,0.023038,0
D_0001379092,0,0.037229,0
D_0001379218,1,0.989838,1
D_0001379260,1,0.992753,1
D_0001379302,1,0.994582,1
D_0001379386,0,0.104240,0
D_0001379638,1,0.999958,1
D_0001380898,1,0.029408,0
D_0001380940,1,0.996724,1
D_0001381024,0,0.408554,1
D_0001381045,1,0.987095,1
D_0001381318,1,0.173051,0
D_0001382179,1,0.987432,1
D_0001382326,0,0.090651,0
D_0001382494,1,0.992123,1
D_0001382599,1,0.993967,1
D_0001382746,0,0.122990,0
D_0001383082,1,0.765289,1
D_0001383985,1,0.999882,1
D_0001384762,0,0.019270,0
D_0001384993,1,0.740176,1
D_0001385182,1,0.994526,1
D_0001385497,0,0.051810,0
D_0001385749,1,0.999500,1
D_0001386085,0,0.048709,0
D_0001386442,1,0.184891,1
D_0001386631,0,0.068531,0
D_0001387114,1,0.992090,1
D_0001387135,1,0.999884,1
D_0001388353,1,0.976333,1
D_0001388626,0,0.074454,0
D_0001388836,0,0.032185,0
D_0001389067,0,0.006960,0
D_0001389298,0,0.797257,1
D_0001389319,0,0.019091,0
D_0001389970,0,0.004027,0
D_0001390075,0,0.089629,0
D_0001390117,0,0.373003,1
D_0001390390,1,0.997492,1
D_0001390495,0,0.020432,0
D_0001390915,1,0.071421,0
D_0001390999,1,0.995070,1
D_0001391020,0,0.203190,1
D_0001391335,0,0.083291,0
D_0001392217,1,0.993308,1
D_0001392469,1,0.971681,1
D_0001392847,0,0.061954,0
D_0001393183,1,0.988254,1
D_0001393981,1,0.964092,1
D_0001394128,0,0.052706,0
D_0001394611,0,0.029477,0
D_0001394674,0,0.002490,0
D_0001395367,1,0.967433,1
D_0001395388,1,0.999956,1
D_0001396060,0,0.103191,0
D_0001396165,0,0.020053,0
D_0001396396,1,0.985380,1
D_0001396816,0,0.069450,0
D_0001397299,1,0.094988,0
D_0001397698,1,0.996620,1
D_0001397719,1,0.993834,1
D_0001397866,1,0.989780,1
D_0001398664,1,0.996303,1
D_0001398769,0,0.024279,0
D_0001398811,0,0.119721,0
D_0001398832,1,0.463386,1
D_0001398937,0,0.010108,0
D_0001399000,0,0.071292,0
D_0001399357,0,0.074438,0
D_0001399903,0,0.019851,0
D_0001400449,1,0.231013,1
D_0001400491,1,0.997475,1
D_0001400701,0,0.178209,1
D_0001400806,1,0.993388,1
D_0001401436,1,0.998343,1
D_0001401562,0,0.012650,0
D_0001401730,0,0.028942,0
D_0001402087,0,0.009774,0
D_0001402822,1,0.999912,1
D_0001402885,0,0.007770,0
D_0001402990,1,0.997688,1
D_0001403326,1,0.997848,1
D_0001404124,1,0.122887,0
D_0001404691,0,0.021496,0
D_0001405006,0,0.169344,0
D_0001405090,1,0.063291,0
D_0001406140,0,0.042611,0
D_0001406644,1,0.989427,1
D_0001406875,0,0.090429,0
D_0001407232,0,0.023766,0
D_0001407379,0,0.082040,0
D_0001407400,0,0.101727,0
D_0001407694,1,0.989612,1
D_0001407757,1,0.992456,1
D_0001407799,1,0.993403,1
D_0001407820,0,0.037411,0
D_0001408177,0,0.109607,0
D_0001408282,1,0.973379,1
D_0001408429,0,0.057275,0
D_0001409290,1,0.659429,1
D_0001409374,0,0.056680,0
D_0001409626,1,0.997196,1
D_0001409836,1,0.983787,1
D_0001409878,1,0.989767,1
D_0001410172,0,0.053310,0
D_0001410382,1,0.997156,1
D_0001410592,0,0.058153,0
D_0001410760,1,0.990837,1
D_0001411264,0,0.015195,0
D_0001411411,1,0.994721,1
D_0001411642,1,0.990464,1
D_0001411747,0,0.161357,0
D_0001411831,0,0.038588,0
D_0001412083,0,0.100405,0
D_0001412986,0,0.032682,0
D_0001413448,1,0.993027,1
D_0001413595,1,0.993555,1
D_0001414393,1,0.983720,1
D_0001414477,1,0.966756,1
D_0001414624,0,0.126204,0
D_0001414729,0,0.077595,0
D_0001415338,1,0.999964,1
D_0001415485,0,0.943382,1
D_0001415884,0,0.072635,0
D_0001415905,0,0.026140,0
D_0001415989,0,0.111349,0
D_0001416010,0,0.022325,0
D_0001416472,1,1.000000,1
D_0001416661,1,0.996052,1
D_0001417249,1,0.986344,1
D_0001417333,0,0.057752,0
D_0001417942,1,0.191084,1
D_0001417963,1,0.999985,1
D_0001418236,1,0.977737,1
D_0001419286,1,0.995778,1
D_0001420399,0,0.140245,0
D_0001420525,1,0.188684,1
D_0001420630,1,0.994003,1
D_0001421071,1,0.995894,1
D_0001421092,0,0.045162,0
D_0001421512,0,0.159124,0
D_0001421680,1,0.999483,1
D_0001421869,1,0.142132,0
D_0001421953,1,0.202339,1
D_0001422520,1,0.995997,1
D_0001422625,1,0.994640,1
D_0001422667,1,0.990565,1
D_0001423192,1,0.990029,1
D_0001423423,0,0.076963,0
D_0001423528,1,0.025334,0
D_0001423675,1,0.999962,1
D_0001423696,1,0.996327,1
D_0001423948,0,0.104656,0
D_0001423990,0,0.009088,0
D_0001424179,0,0.193750,1
D_0001425271,1,0.992838,1
D_0001425460,1,0.997940,1
D_0001426363,1,0.995798,1
D_0001426993,0,0.051578,0
D_0001427140,0,0.029142,0
D_0001427350,0,0.170695,0
D_0001427623,1,0.989615,1
D_0001427959,0,0.058769,0
D_0001428001,1,0.990537,1
D_0001428946,0,0.050161,0
D_0001429387,0,0.167680,0
D_0001429933,1,0.995959,1
D_0001430395,1,0.989362,1
D_0001430500,0,0.045408,0
D_0001430542,1,0.998684,1
D_0001430584,0,0.167801,0
D_0001430815,1,0.990675,1
D_0001430836,1,0.540784,1
D_0001431361,0,0.029424,0
D_0001431571,0,0.049753,0
D_0001431655,1,0.994506,1
D_0001431760,1,0.995022,1
D_0001431802,1,0.045366,0
D_0001432096,0,0.188906,1
D_0001433314,0,0.065104,0
D_0001433398,1,0.968868,1
D_0001433881,0,0.100557,0
D_0001434112,1,0.181544,1
D_0001434133,1,0.992572,1
D_0001434427,1,0.989858,1
D_0001434658,0,0.028626,0
D_0001435624,0,0.038084,0
D_0001435645,1,0.997942,1
D_0001435666,0,0.046993,0
D_0001435960,0,0.062722,0
D_0001435981,1,0.988251,1
D_0001436548,0,0.039348,0
D_0001436590,0,0.032990,0
D_0001436695,0,0.013874,0
D_0001436737,0,0.102497,0
D_0001436779,1,0.999856,1
D_0001436968,0,0.060466,0
D_0001437325,1,0.938500,1
D_0001438585,1,0.143459,0
D_0001438942,1,0.992788,1
D_0001438984,0,0.122861,0
D_0001439131,1,0.986197,1
D_0001439656,1,0.992216,1
D_0001439740,1,0.997479,1
D_0001439908,0,0.042044,0
D_0001441126,1,0.102790,0
D_0001441357,0,0.064512,0
D_0001441420,1,0.993460,1
D_0001441462,1,0.993214,1
D_0001441882,1,0.990081,1
D_0001442281,1,0.999669,1
D_0001442680,0,0.032501,0
D_0001443310,0,0.107929,0
D_0001443352,0,0.057409,0
D_0001443520,1,0.972937,1
D_0001443940,1,0.432624,1
D_0001444003,1,0.991679,1
D_0001444213,1,0.974783,1
D_0001444633,0,0.097576,0
D_0001444717,1,0.994255,1
D_0001445809,1,0.989731,1
D_0001446250,1,0.302825,1
D_0001446691,1,0.222552,1
D_0001446733,1,0.995562,1
D_0001446964,1,0.993630,1
D_0001447804,1,0.998756,1
D_0001447909,1,0.948590,1
D_0001448329,0,0.072366,0
D_0001449085,1,0.997762,1
D_0001449652,1,0.990383,1
D_0001450408,0,0.095995,0
D_0001450723,0,0.064096,0
D_0001451521,1,0.996260,1
D_0001451668,0,0.011765,0
D_0001452067,0,0.057861,0
D_0001452214,1,0.991524,1
D_0001452340,0,0.181733,1
D_0001453096,0,0.037996,0
D_0001453222,1,0.995120,1
D_0001453432,1,0.999561,1
D_0001453474,1,0.996552,1
D_0001453621,1,0.281584,1
D_0001453978,0,0.137030,0
D_0001454062,1,0.269310,1
D_0001454104,0,0.004405,0
D_0001454314,1,0.993226,1
D_0001454524,1,0.985312,1
D_0001454629,0,0.033411,0
D_0001455028,0,0.108706,0
D_0001455574,1,0.981757,1
D_0001455952,1,0.604368,1
D_0001456267,1,0.988280,1
D_0001456456,1,0.987350,1
D_0001456519,1,0.982292,1
D_0001456813,1,0.994860,1
D_0001456918,1,0.990292,1
D_0001457191,0,0.111732,0
D_0001457422,0,0.014196,0
D_0001457485,1,0.082870,0
D_0001457800,0,0.014857,0
D_0001457842,1,0.998046,1
D_0001458052,1,0.998463,1
D_0001458115,1,0.248270,1
D_0001458409,0,0.048269,0
D_0001458577,0,0.994113,1
D_0001459249,0,0.027426,0
D_0001459270,1,0.998040,1
D_0001459438,1,0.983909,1
D_0001459816,1,0.964752,1
D_0001459963,0,0.163088,0
D_0001460089,1,0.998227,1
D_0001460131,1,0.994239,1
D_0001461412,0,0.191877,1
D_0001461517,1,0.996243,1
D_0001461895,0,0.960081,1
D_0001462021,0,0.250631,1
D_0001462441,1,0.994295,1
D_0001462483,1,0.981037,1
D_0001462504,1,0.999604,1
D_0001462861,1,0.986573,1
D_0001462966,1,0.987743,1
D_0001463092,0,0.133334,0
D_0001463134,1,0.981814,1
D_0001463869,1,0.224066,1
D_0001463911,1,0.914602,1
D_0001464583,0,0.200298,1
D_0001464856,0,0.176793,0
D_0001465045,0,0.044314,0
D_0001465171,0,0.086859,0
D_0001465381,0,0.017281,0
D_0001465549,0,0.960652,1
D_0001465633,0,0.047218,0
D_0001466221,1,0.978273,1
D_0001466746,0,0.093190,0
D_0001466998,0,0.105825,0
D_0001467292,1,0.997032,1
D_0001467670,0,0.982957,1
D_0001468363,1,0.997708,1
D_0001468426,1,0.193361,1
D_0001468657,0,0.055506,0
D_0001468930,0,0.126692,0
D_0001469224,1,0.078468,0
D_0001469350,1,0.995927,1
D_0001469497,1,0.994539,1
D_0001469623,0,0.040053,0
D_0001469854,1,0.134809,0
D_0001470106,0,0.084978,0
D_0001470547,1,0.245221,1
D_0001471135,0,0.150700,0
D_0001471324,1,0.998433,1
D_0001471975,1,0.990646,1
D_0001472248,0,0.054457,0
D_0001472500,0,0.053069,0
D_0001472878,1,0.991907,1
D_0001472962,1,0.977588,1
D_0001473151,0,0.045805,0
D_0001473424,0,0.754764,1
D_0001473550,1,0.993749,1
D_0001474180,0,0.107384,0
D_0001474201,0,0.082787,0
D_0001474327,0,0.034705,0
D_0001474432,1,0.999988,1
D_0001474453,0,0.019176,0
D_0001474621,1,0.996155,1
D_0001474999,1,0.984023,1
D_0001475692,0,0.072344,0
D_0001475776,1,0.997170,1
D_0001475839,1,0.984477,1
D_0001476007,0,0.025579,0
D_0001476070,0,0.264210,1
D_0001476301,0,0.068577,0
D_0001477267,1,0.983747,1
D_0001477477,1,0.999784,1
D_0001477708,0,0.072650,0
D_0001477771,1,0.103491,0
D_0001478107,1,0.151698,0
D_0001478359,0,0.975682,1
D_0001479241,0,0.032726,0
D_0001479304,0,0.059680,0
D_0001479955,0,0.013513,0
D_0001480081,0,0.115872,0
D_0001480291,0,0.016218,0
D_0001480333,1,0.990929,1
D_0001480459,1,0.963385,1
D_0001480480,1,0.413837,1
D_0001480690,0,0.009949,0
D_0001480858,1,0.976546,1
D_0001481635,0,0.067011,0
D_0001482097,0,0.001129,0
D_0001482265,0,0.042257,0
D_0001482496,1,0.968090,1
D_0001482622,1,0.989671,1
D_0001482769,0,0.163881,0
D_0001482937,1,0.996298,1
D_0001482979,1,0.998291,1
D_0001483168,0,0.085554,0
D_0001483231,1,0.980886,1
D_0001483420,0,0.168501,0
D_0001483819,0,0.103451,0
D_0001484071,0,0.084647,0
D_0001484134,1,0.985521,1
D_0001484197,1,0.989545,1
D_0001484533,1,0.989626,1
D_0001484596,1,0.990648,1
D_0001484806,1,0.985459,1
D_0001485247,1,0.989835,1
D_0001486276,1,0.956304,1
D_0001486696,1,0.987069,1
D_0001486885,0,0.120768,0
D_0001487032,1,0.281630,1
D_0001487221,0,0.067707,0
D_0001487326,0,0.074459,0
D_0001487536,0,0.191586,1
D_0001487599,1,0.996702,1
D_0001487746,1,0.992609,1
D_0001487914,1,0.993789,1
D_0001488061,0,0.064455,0
D_0001488208,0,0.040391,0
D_0001488481,0,0.037369,0
D_0001489090,0,0.085252,0
D_0001489111,1,0.992542,1
D_0001489237,1,0.996773,1
D_0001489447,1,0.373210,1
D_0001489762,0,0.023132,0
D_0001489951,0,0.071111,0
D_0001490098,1,0.998994,1
D_0001490119,0,0.096174,0
D_0001490602,1,0.996641,1
D_0001491337,0,0.048000,0
D_0001491379,0,0.149670,0
D_0001491400,1,0.984919,1
D_0001491757,0,0.057943,0
D_0001492345,0,0.033299,0
D_0001493374,0,0.004487,0
D_0001493416,1,0.338676,1
D_0001493626,1,0.997728,1
D_0001493731,0,0.085864,0
D_0001494025,1,0.999995,1
D_0001494613,1,0.963645,1
D_0001494718,0,0.039107,0
D_0001494802,1,0.994252,1
D_0001494907,1,0.994282,1
D_0001495138,1,0.950306,1
D_0001495516,0,0.036907,0
D_0001495600,1,0.997761,1
D_0001496083,0,0.022101,0
D_0001496230,1,0.999318,1
D_0001496818,0,0.087661,0
D_0001497805,0,0.112415,0
D_0001498372,0,0.040645,0
D_0001498414,1,0.994420,1
D_0001498687,1,0.234087,1
D_0001498771,1,0.997032,1
D_0001498855,0,0.019985,0
D_0001498981,1,0.991741,1
D_0001499128,1,0.989174,1
D_0001499653,1,0.966610,1
D_0001499989,1,0.964127,1
D_0001500073,0,0.195607,1
D_0001500346,1,0.977797,1
D_0001500493,1,0.063077,0
D_0001500535,0,0.025463,0
D_0001500850,1,0.993519,1
D_0001501018,1,0.988774,1
D_0001501102,1,0.979062,1
D_0001501186,1,0.999991,1
D_0001501795,0,0.026190,0
D_0001502194,0,0.011673,0
D_0001502341,0,0.037450,0
D_0001503055,1,0.992437,1
D_0001503118,1,0.996715,1
D_0001503181,1,0.986431,1
D_0001503307,1,0.988267,1
D_0001503391,1,0.999796,1
D_0001503895,1,0.127445,0
D_0001504063,0,0.015079,0
D_0001504630,1,0.988889,1
D_0001505176,0,0.251255,1
D_0001505407,1,0.991314,1
D_0001505470,0,0.035551,0
D_0001505848,0,0.242373,1
D_0001506247,1,0.702403,1
D_0001506478,1,0.991030,1
D_0001506562,0,0.083370,0
D_0001506646,1,0.984064,1
D_0001506835,1,0.992454,1
D_0001506919,1,0.997366,1
D_0001506961,0,0.043607,0
D_0001507213,0,0.011285,0
D_0001507486,1,0.998709,1
D_0001507717,1,0.974962,1
D_0001507822,0,0.023284,0
D_0001508179,0,0.198976,1
D_0001508326,1,0.995011,1
D_0001508830,1,0.989916,1
D_0001509103,1,0.407893,1
D_0001509376,1,0.979231,1
D_0001509418,0,0.037654,0
D_0001509817,0,0.025928,0
D_0001510048,0,0.177932,1
D_0001510489,0,0.018546,0
D_0001510825,1,0.089894,0
D_0001510909,0,0.123790,0
D_0001511455,0,0.071695,0
D_0001511518,0,0.024599,0
D_0001512211,0,0.138971,0
D_0001512589,0,0.116333,0
D_0001512652,1,0.961558,1
D_0001513555,0,0.097982,0
D_0001513933,1,0.994155,1
D_0001514353,1,0.995230,1
D_0001514731,0,0.032147,0
D_0001515193,0,0.037780,0
D_0001515256,1,0.979992,1
D_0001515277,0,0.053342,0
D_0001515613,0,0.024976,0
D_0001515655,1,0.993461,1
D_0001515907,0,0.731518,1
D_0001515970,1,0.988109,1
D_0001516117,0,0.117359,0
D_0001516264,0,0.042621,0
D_0001516348,0,0.091684,0
D_0001516369,1,0.055431,0
D_0001516642,1,0.999986,1
D_0001516705,0,0.051096,0
D_0001516726,0,0.123838,0
D_0001517062,1,0.046252,0
D_0001517797,0,0.063045,0
D_0001518007,1,0.091598,0
D_0001518091,1,0.983963,1
D_0001518511,1,0.105078,0
D_0001518532,1,0.981642,1
D_0001519036,1,0.981553,1
D_0001519834,1,0.997516,1
D_0001519855,0,0.019423,0
D_0001519918,0,0.150481,0
D_0001520023,1,0.991560,1
D_0001520191,0,0.060617,0
D_0001520653,0,0.013108,0
D_0001520737,0,0.979119,1
D_0001520884,0,0.026769,0
D_0001521052,1,0.999933,1
D_0001521073,0,0.148023,0
D_0001521199,0,0.143461,0
D_0001521451,1,0.992059,1
D_0001522417,0,0.079948,0
D_0001522963,0,0.160489,0
D_0001523404,1,0.976106,1
D_0001523509,0,0.151025,0
D_0001523971,0,0.081260,0
D_0001524580,1,0.989081,1
D_0001524727,1,0.993814,1
D_0001524811,1,0.999197,1
D_0001524916,1,0.993886,1
D_0001525000,0,0.052691,0
D_0001525021,0,0.048042,0
D_0001525336,0,0.054736,0
D_0001525567,1,0.153166,0
D_0001525609,1,0.987723,1
D_0001526176,1,0.992942,1
D_0001526512,1,0.990864,1
D_0001527163,1,0.985753,1
D_0001527310,1,0.990969,1
D_0001527478,0,0.004113,0
D_0001527751,1,0.995741,1
D_0001528171,1,0.200471,1
D_0001528276,0,0.039559,0
D_0001528402,1,0.939405,1
D_0001528675,0,0.283843,1
D_0001528717,1,0.496334,1
D_0001529389,1,0.996398,1
D_0001529725,0,0.053965,0
D_0001529998,1,0.996925,1
D_0001530103,0,0.809573,1
D_0001530754,1,0.977016,1
D_0001530901,1,0.988009,1
D_0001531174,1,0.996842,1
D_0001531216,0,0.206709,1
D_0001531300,1,0.980358,1
D_0001531846,0,0.097948,0
D_0001532056,1,0.599753,1
D_0001532098,1,0.983736,1
D_0001532371,1,0.990217,1
D_0001532728,0,0.035704,0
D_0001532749,1,0.281851,1
D_0001532854,1,0.998964,1
D_0001532980,1,1.000000,1
D_0001533169,0,0.032347,0
D_0001533232,1,1.000000,1
D_0001533505,0,0.084686,0
D_0001533568,1,0.988900,1
D_0001534408,1,0.330987,1
D_0001534576,1,0.999483,1
D_0001534660,0,0.066839,0
D_0001535185,0,0.187495,1
D_0001535437,1,0.990993,1
D_0001535458,0,0.019347,0
D_0001535941,1,0.200731,1
D_0001538167,1,0.060895,0
D_0001538419,0,0.023443,0
D_0001538860,0,0.019411,0
D_0001538923,1,0.059061,0
D_0001539217,1,0.996874,1
D_0001539343,1,0.974880,1
D_0001539448,0,0.020949,0
D_0001539784,1,0.999811,1
D_0001540036,0,0.043013,0
D_0001540414,0,0.138696,0
D_0001540582,1,0.997674,1
D_0001541233,1,0.999883,1
D_0001541674,0,0.040637,0
D_0001541779,1,0.991548,1
D_0001541884,0,0.901086,1
D_0001542073,1,0.993413,1
D_0001542199,0,0.053095,0
D_0001542241,0,0.173298,0
D_0001542640,0,0.027886,0
D_0001542745,0,0.030649,0
D_0001543081,0,0.016157,0
D_0001543270,0,0.033585,0
D_0001543711,1,0.993932,1
D_0001543816,0,0.035407,0
D_0001544572,0,0.143032,0
D_0001545160,1,0.257722,1
D_0001545223,1,0.984006,1
D_0001545454,0,0.050291,0
D_0001545685,1,0.275302,1
D_0001545874,1,0.944841,1
D_0001545895,1,0.843350,1
D_0001546063,1,0.999998,1
D_0001546693,1,0.978867,1
D_0001546777,1,0.985706,1
D_0001546840,0,0.029850,0
D_0001547050,1,0.934358,1
D_0001547260,0,0.036896,0
D_0001547281,1,0.998496,1
D_0001547428,1,0.999922,1
D_0001547533,1,0.987562,1
D_0001548121,1,0.995469,1
D_0001548205,1,0.986833,1
D_0001548436,0,0.094526,0
D_0001548499,1,0.997269,1
D_0001548814,1,0.998454,1
D_0001549927,1,0.995023,1
D_0001550263,1,0.988406,1
D_0001550977,1,0.995488,1
D_0001551544,1,0.091272,0
D_0001551565,0,0.102863,0
D_0001551586,1,0.991416,1
D_0001551838,1,0.055968,0
D_0001551901,0,0.074711,0
D_0001551964,1,0.999906,1
D_0001552195,1,0.994994,1
D_0001552720,1,0.993296,1
D_0001552741,1,0.997461,1
D_0001552846,1,0.991824,1
D_0001552972,0,0.075992,0
D_0001553266,1,0.992337,1
D_0001553392,1,0.168005,0
D_0001553518,1,0.990133,1
D_0001553623,1,0.988767,1
D_0001554967,0,0.037180,0
D_0001554988,0,0.094551,0
D_0001555219,0,0.027188,0
D_0001555513,0,0.018549,0
D_0001555681,1,0.999048,1
D_0001556374,1,0.980959,1
D_0001557256,1,0.999978,1
D_0001557949,1,0.095737,0
D_0001558243,0,0.084635,0
D_0001559062,0,0.126899,0
D_0001559293,1,0.991450,1
D_0001560616,1,0.994599,1
D_0001560847,0,0.102531,0
D_0001561288,1,0.987741,1
D_0001561309,1,0.947519,1
D_0001561330,1,0.995969,1
D_0001561351,0,0.103115,0
D_0001561771,1,0.997501,1
D_0001562023,1,0.993400,1
D_0001562128,0,0.276497,1
D_0001562296,1,0.972414,1
D_0001562401,1,0.113677,0
D_0001562737,0,0.064886,0
D_0001563535,0,0.099303,0
D_0001563598,0,0.012683,0
D_0001563619,1,0.994605,1
D_0001563808,1,0.671949,1
D_0001564081,1,0.999996,1
D_0001564270,1,0.976134,1
D_0001564417,1,0.991891,1
D_0001565341,0,0.035670,0
D_0001565761,0,0.074200,0
D_0001565908,0,0.042447,0
D_0001566076,1,0.994822,1
D_0001566181,0,0.173376,0
D_0001567189,1,0.994716,1
D_0001567819,0,0.037897,0
D_0001568239,1,0.995448,1
D_0001568365,1,0.094210,0
D_0001568638,1,0.999992,1
D_0001568659,1,0.983932,1
D_0001568743,0,0.040123,0
D_0001568785,0,0.117190,0
D_0001568911,1,0.995876,1
D_0001569016,0,0.076519,0
D_0001569037,0,0.204314,1
D_0001569100,1,0.983309,1
D_0001569121,1,0.986526,1
D_0001569163,1,0.242303,1
D_0001569289,0,0.016664,0
D_0001569436,0,0.020044,0
D_0001569478,0,0.054662,0
D_0001569499,0,0.089512,0
D_0001570066,0,0.079498,0
D_0001570129,1,0.999993,1
D_0001570402,1,0.985760,1
D_0001570885,1,0.665739,1
D_0001571095,0,0.135231,0
D_0001571221,1,0.998219,1
D_0001571935,1,0.158927,0
D_0001572859,1,0.973854,1
D_0001572922,1,0.992758,1
D_0001573384,1,0.994141,1
D_0001573699,0,0.085059,0
D_0001573762,0,0.103752,0
D_0001573804,1,0.991177,1
D_0001573930,0,0.055524,0
D_0001574371,1,0.991430,1
D_0001575778,0,0.047706,0
D_0001575967,1,0.209728,1
D_0001576072,0,0.114678,0
D_0001576093,0,0.032481,0
D_0001576219,0,0.091224,0
D_0001576240,0,0.007621,0
D_0001576303,1,0.996263,1
D_0001576513,1,0.987364,1
D_0001576681,1,0.081988,0
D_0001576912,1,0.607192,1
D_0001576933,0,0.022712,0
D_0001577059,1,0.983079,1
D_0001577080,1,0.994790,1
D_0001577290,0,0.015180,0
D_0001577395,1,0.989341,1
D_0001577500,0,0.013241,0
D_0001577878,1,0.992606,1
D_0001577941,1,0.956618,1
D_0001578151,0,0.956621,1
D_0001578277,0,0.011552,0
D_0001578550,0,0.170193,0
D_0001578613,0,0.027253,0
D_0001578718,0,0.116965,0
D_0001579327,1,0.218703,1
D_0001579348,0,0.088509,0
D_0001579411,0,0.051621,0
D_0001579642,1,0.078466,0
D_0001579663,0,0.061443,0
D_0001580272,1,0.989789,1
D_0001580314,1,0.145132,0
D_0001580377,1,0.120942,0
D_0001580461,1,0.331683,1
D_0001580503,1,0.992991,1
D_0001580608,0,0.968980,1
D_0001580734,1,0.999987,1
D_0001581448,1,0.958488,1
D_0001581469,0,0.148848,0
D_0001581532,1,0.939160,1
D_0001581553,0,0.088470,0
D_0001581574,0,0.033646,0
D_0001582078,1,0.022882,0
D_0001582435,1,0.994354,1
D_0001582477,1,0.899737,1
D_0001583254,0,0.064156,0
D_0001583884,1,0.978010,1
D_0001583905,0,0.148861,0
D_0001584178,1,0.999619,1
D_0001584388,0,0.032287,0
D_0001584451,0,0.097536,0
D_0001584472,1,0.183983,1
D_0001584556,0,0.028987,0
D_0001584682,0,0.027311,0
D_0001584892,0,0.044864,0
D_0001585249,0,0.084862,0
D_0001585879,1,0.988574,1
D_0001586425,0,0.043319,0
D_0001586530,0,0.087002,0
D_0001586572,0,0.015608,0
D_0001586740,0,0.112913,0
D_0001586782,0,0.062885,0
D_0001587328,0,0.073559,0
D_0001587496,0,0.006991,0
D_0001587580,1,0.995454,1
D_0001587769,1,0.993321,1
D_0001587895,1,0.962612,1
D_0001588126,0,0.026442,0
D_0001588336,1,0.998768,1
D_0001588441,1,0.994923,1
D_0001588546,1,1.000000,1
D_0001588924,0,0.066020,0
D_0001589113,0,0.032077,0
D_0001589617,1,0.178915,1
D_0001589680,0,0.109821,0
D_0001590247,1,0.993343,1
D_0001590331,0,0.060249,0
D_0001590730,0,0.019126,0
D_0001591108,1,0.112497,0
D_0001591381,0,0.151556,0
D_0001591444,0,0.015240,0
D_0001592221,1,0.047983,0
D_0001592347,1,0.999821,1
D_0001592578,0,0.045973,0
D_0001593166,1,0.854733,1
D_0001593418,0,0.072534,0
D_0001593439,1,0.073147,0
D_0001593628,1,0.992055,1
D_0001593691,0,0.018317,0
D_0001594174,1,0.993820,1
D_0001594804,1,0.994494,1
D_0001595035,0,0.049987,0
D_0001595875,0,0.103303,0
D_0001596358,1,0.999118,1
D_0001596631,0,0.120137,0
D_0001597513,1,0.989891,1
D_0001597723,0,0.050756,0
D_0001598080,0,0.135249,0
D_0001598143,1,0.999998,1
D_0001598164,0,0.175385,0
D_0001598437,1,0.991718,1
D_0001598668,1,0.999840,1
D_0001598710,1,0.994682,1
D_0001598815,1,0.990991,1
D_0001598836,1,0.981534,1
D_0001598941,0,0.019307,0
D_0001599046,1,0.105471,0
D_0001599193,0,0.057031,0
D_0001599256,1,0.994050,1
D_0001599319,1,0.982876,1
D_0001599634,0,0.036057,0
D_0001600663,1,0.994674,1
D_0001600768,0,0.116431,0
D_0001601335,1,0.990801,1
D_0001601419,0,0.094928,0
D_0001601671,0,0.036318,0
D_0001601797,0,0.096996,0
D_0001602154,1,0.037187,0
D_0001603078,0,0.014557,0
D_0001603435,0,0.034217,0
D_0001603477,1,0.130986,0
D_0001603498,0,0.156437,0
D_0001603582,1,0.990394,1
D_0001603687,1,0.996564,1
D_0001604065,1,0.179693,1
D_0001604254,1,1.000000,1
D_0001604317,0,0.054034,0
D_0001604884,1,0.995703,1
D_0001604926,0,0.065320,0
D_0001605031,0,0.254290,1
D_0001605073,1,0.992284,1
D_0001605241,1,0.993824,1
D_0001606564,0,0.039636,0
D_0001606711,0,0.208274,1
D_0001606774,0,0.022551,0
D_0001607005,0,0.870415,1
D_0001607236,0,0.700697,1
D_0001607257,1,0.050557,0
D_0001607404,0,0.077290,0
D_0001607509,0,0.019864,0
D_0001608076,1,0.327873,1
D_0001608286,0,0.084250,0
D_0001608643,1,0.992084,1
D_0001608769,1,0.999628,1
D_0001608958,0,0.029945,0
D_0001609420,1,0.997398,1
D_0001610071,0,0.091795,0
D_0001610281,0,0.073770,0
D_0001610890,0,0.087683,0
D_0001611352,0,0.045520,0
D_0001611520,1,0.995606,1
D_0001612297,0,0.045800,0
D_0001612423,0,0.027066,0
D_0001613011,0,0.002377,0
D_0001613095,1,0.997245,1
D_0001613116,1,0.998014,1
D_0001614082,1,1.000000,1
D_0001614418,0,0.035199,0
D_0001614544,1,0.162872,0
D_0001614775,0,0.054249,0
D_0001614859,1,0.990376,1
D_0001614922,0,0.780998,1
D_0001615006,1,0.999739,1
D_0001615573,0,0.017483,0
D_0001615594,0,0.066505,0
D_0001615699,0,0.112542,0
D_0001615888,0,0.884881,1
D_0001615930,0,0.141616,0
D_0001616119,1,0.999304,1
D_0001616539,0,0.046043,0
D_0001616686,1,0.989694,1
D_0001616770,1,0.154159,0
D_0001617862,1,0.997928,1
D_0001617967,1,0.986117,1
D_0001618198,1,0.984217,1
D_0001618450,1,0.989867,1
D_0001618702,0,0.061004,0
D_0001618975,1,0.994702,1
D_0001618996,1,0.674837,1
D_0001619164,0,0.091861,0
D_0001619185,1,0.992567,1
D_0001619353,0,0.029440,0
D_0001619416,0,0.121532,0
D_0001620088,1,0.111820,0
D_0001620193,1,0.994149,1
D_0001620340,0,0.016121,0
D_0001620403,0,0.083569,0
D_0001620739,0,0.048164,0
D_0001620970,0,0.022396,0
D_0001621516,1,0.982092,1
D_0001621621,1,0.995949,1
D_0001621705,0,0.080122,0
D_0001621810,0,0.103897,0
D_0001621852,0,0.103132,0
D_0001622272,0,0.103537,0
D_0001622440,1,0.995757,1
D_0001622482,1,0.996273,1
D_0001622524,1,0.850059,1
D_0001622566,0,0.052411,0
D_0001622881,1,0.203616,1
D_0001623028,1,0.121623,0
D_0001623217,1,0.994834,1
D_0001623553,1,0.975517,1
D_0001624015,0,0.022096,0
D_0001624561,1,0.993392,1
D_0001624645,1,0.975326,1
D_0001624750,0,0.095127,0
D_0001625023,0,0.046039,0
D_0001625107,0,0.051445,0
D_0001625338,0,0.188998,1
D_0001625800,1,0.141931,0
D_0001625884,0,0.057100,0
D_0001625926,0,0.022300,0
D_0001626199,0,0.065010,0
D_0001626766,1,0.995281,1
D_0001627165,1,0.996324,1
D_0001627879,1,0.995044,1
D_0001628068,0,0.140489,0
D_0001628446,0,0.085542,0
D_0001628614,1,0.803679,1
D_0001628677,0,0.067239,0
D_0001628971,1,0.186666,1
D_0001629181,1,0.999369,1
D_0001629475,0,0.094397,0
D_0001629769,0,0.097019,0
D_0001629937,0,0.027774,0
D_0001630252,1,0.160325,0
D_0001630336,1,0.999997,1
D_0001630399,1,0.711501,1
D_0001630525,0,0.046711,0
D_0001630924,1,0.990473,1
D_0001631323,1,0.999093,1
D_0001631491,1,0.887529,1
D_0001631680,1,0.996133,1
D_0001631848,1,0.992892,1
D_0001632352,1,0.955121,1
D_0001632373,0,0.649319,1
D_0001632730,0,0.091249,0
D_0001632961,1,0.996169,1
D_0001633675,1,0.993949,1
D_0001634389,0,0.124166,0
D_0001635103,1,0.993156,1
D_0001635670,1,0.963890,1
D_0001635712,0,0.099355,0
D_0001635859,1,0.999835,1
D_0001636258,1,0.995122,1
D_0001636342,1,0.988948,1
D_0001636426,1,0.360824,1
D_0001636846,0,0.153283,0
D_0001637077,0,0.311241,1
D_0001637917,1,0.993092,1
D_0001638022,1,0.994211,1
D_0001638064,1,0.589383,1
D_0001638106,1,0.990993,1
D_0001638274,1,0.991711,1
D_0001638358,0,0.083526,0
D_0001638631,1,0.991823,1
D_0001638652,0,0.041579,0
D_0001639051,1,0.994326,1
D_0001639261,0,0.094873,0
D_0001639597,1,0.995861,1
D_0001639618,0,0.044014,0
D_0001639849,1,0.997574,1
D_0001640794,0,0.054686,0
D_0001640899,0,0.249874,1
D_0001640941,0,0.039754,0
D_0001640962,1,0.103745,0
D_0001641109,0,0.079647,0
D_0001641424,1,0.115181,0
D_0001641487,1,0.967267,1
D_0001641613,0,0.015080,0
D_0001641676,1,0.984389,1
D_0001641928,1,0.982671,1
D_0001642054,0,0.037713,0
D_0001642222,0,0.122921,0
D_0001642264,1,0.991897,1
D_0001642411,1,0.989678,1
D_0001642474,0,0.039340,0
D_0001642789,0,0.073481,0
D_0001644028,0,0.083781,0
D_0001644553,0,0.103367,0
D_0001644847,0,0.046848,0
D_0001644868,0,0.046764,0
D_0001645015,0,0.042400,0
D_0001645120,1,0.993186,1
D_0001645393,1,0.957018,1
D_0001645414,1,0.992376,1
D_0001646506,1,0.999707,1
D_0001646842,0,0.083685,0
D_0001646926,0,0.102632,0
D_0001646947,1,0.120798,0
D_0001647283,1,0.787846,1
D_0001647556,1,0.990537,1
D_0001647766,1,0.783011,1
D_0001648438,1,0.995749,1
D_0001649110,0,0.051352,0
D_0001649131,1,0.979970,1
D_0001649257,1,0.111043,0
D_0001649278,0,0.064051,0
D_0001649908,1,0.991424,1
D_0001650118,1,0.996933,1
D_0001650370,1,0.996381,1
D_0001650580,0,0.069167,0
D_0001650727,0,0.134460,0
D_0001650748,1,0.815603,1
D_0001651567,0,0.040132,0
D_0001652281,1,0.987018,1
D_0001652449,1,0.981308,1
D_0001652785,0,0.030587,0
D_0001653100,1,0.993958,1
D_0001653940,1,0.989720,1
D_0001654024,0,0.014384,0
D_0001654885,1,0.995439,1
D_0001655074,0,0.023680,0
D_0001655263,0,0.078528,0
D_0001656670,1,0.995041,1
D_0001657279,1,0.972254,1
D_0001657300,0,0.055196,0
D_0001657321,1,0.996045,1
D_0001657342,0,0.090356,0
D_0001657489,0,0.006680,0
D_0001657615,1,0.994630,1
D_0001658329,0,0.036468,0
D_0001658476,1,0.984525,1
D_0001658518,1,0.986494,1
D_0001658917,0,0.060311,0
D_0001658959,0,0.014398,0
D_0001659232,0,0.050764,0
D_0001659295,1,0.970074,1
D_0001659547,1,0.995896,1
D_0001659694,0,0.151497,0
D_0001660093,0,0.026863,0
D_0001660618,1,0.995679,1
D_0001660681,0,0.068580,0
D_0001661248,0,0.069943,0
D_0001661794,0,0.108077,0
D_0001662676,1,0.084224,0
D_0001662802,1,0.997270,1
D_0001662970,0,0.019993,0
D_0001663390,0,0.046314,0
D_0001663579,0,0.152404,0
D_0001663936,1,0.994611,1
D_0001664104,1,0.960494,1
D_0001664587,0,0.030412,0
D_0001665448,1,0.996770,1
D_0001665574,1,0.996970,1
D_0001665637,0,0.078186,0
D_0001665805,1,0.033458,0
D_0001666015,0,0.123434,0
D_0001666792,1,0.988291,1
D_0001666960,1,0.986338,1
D_0001667275,1,0.989272,1
D_0001667422,0,0.757118,1
D_0001667632,1,0.995474,1
D_0001668178,0,0.027905,0
D_0001668199,0,0.115593,0
D_0001668262,1,0.994185,1
D_0001668619,1,0.998283,1
D_0001668724,0,0.226871,1
D_0001669081,1,0.993541,1
D_0001669144,1,0.636603,1
D_0001669480,1,0.984651,1
D_0001670131,0,0.984745,1
D_0001670278,1,0.867045,1
D_0001670404,0,0.835684,1
D_0001670635,0,0.188795,1
D_0001671076,0,0.185156,1
D_0001671097,0,0.050953,0
D_0001671118,0,0.047474,0
D_0001671181,0,0.139081,0
D_0001671244,1,0.990843,1
D_0001671622,1,0.974840,1
D_0001672672,1,0.996467,1
D_0001672735,0,0.036717,0
D_0001673428,0,0.047354,0
D_0001673659,1,0.992965,1
D_0001673932,1,0.989603,1
D_0001674184,0,0.023117,0
D_0001674751,0,0.082417,0
D_0001674814,1,0.583550,1
D_0001675234,1,0.179765,1
D_0001675255,0,0.561341,1
D_0001675465,1,0.975620,1
D_0001675549,0,0.064210,0
D_0001675822,1,0.993881,1
D_0001676074,0,0.041589,0
D_0001676263,1,0.991796,1
D_0001676326,0,0.244914,1
D_0001676431,1,0.999760,1
D_0001676494,0,0.012081,0
D_0001676767,1,0.998006,1
D_0001677250,0,0.021183,0
D_0001677376,1,0.979559,1
D_0001677796,1,0.160133,0
D_0001678069,1,0.998992,1
D_0001678090,1,0.991564,1
D_0001678111,0,0.028341,0
D_0001678636,0,0.071898,0
D_0001679728,0,0.052094,0
D_0001680127,1,0.998439,1
D_0001680253,0,0.231324,1
D_0001680379,0,0.036060,0
D_0001680400,0,0.033291,0
D_0001680442,1,0.985780,1
D_0001680526,1,0.999996,1
D_0001680589,0,0.094955,0
D_0001680946,1,0.997120,1
D_0001681828,1,0.994866,1
D_0001681954,1,0.991895,1
D_0001682206,1,0.090170,0
D_0001682458,0,0.030314,0
D_0001682689,0,0.112809,0
D_0001683004,1,0.990742,1
D_0001683235,1,0.996006,1
D_0001683424,0,0.016851,0
D_0001683907,1,0.976254,1
D_0001684054,1,0.990638,1
D_0001684117,0,0.942437,1
D_0001684201,0,0.080530,0
D_0001684621,1,0.995289,1
D_0001684873,1,0.193627,1
D_0001686217,0,0.020716,0
D_0001686805,0,0.129389,0
D_0001686868,1,0.995786,1
D_0001686910,1,0.989845,1
D_0001687561,1,0.978557,1
D_0001688170,0,0.238733,1
D_0001688212,0,0.043524,0
D_0001688548,0,0.008068,0
D_0001688800,1,0.994501,1
D_0001688821,1,0.973621,1
D_0001688863,0,0.000103,0
D_0001688947,1,0.982372,1
D_0001689661,1,0.995083,1
D_0001689745,1,0.965866,1
D_0001690963,0,0.064912,0
D_0001691068,0,0.053531,0
D_0001691383,1,0.974515,1
D_0001691530,0,0.066217,0
D_0001692370,0,0.086543,0
D_0001692433,1,0.034875,0
D_0001692937,0,0.057270,0
D_0001692979,0,0.072307,0
D_0001693714,1,1.000000,1
D_0001693840,1,0.303657,1
D_0001693924,0,0.105389,0
D_0001693945,1,0.952981,1
D_0001694050,1,0.326496,1
D_0001694155,0,0.006081,0
D_0001694197,0,0.081361,0
D_0001695184,1,0.995005,1
D_0001695436,1,0.995229,1
D_0001695877,0,0.046009,0
D_0001696066,0,0.295339,1
D_0001696171,1,0.998078,1
D_0001696192,1,0.999990,1
D_0001696276,1,0.932040,1
D_0001696843,0,0.020460,0
D_0001697242,0,0.080670,0
D_0001697809,1,0.965160,1
D_0001698187,0,0.033236,0
D_0001698313,0,0.984814,1
D_0001698418,1,0.894046,1
D_0001699111,0,0.044163,0
D_0001699279,0,0.111977,0
D_0001699657,0,0.013787,0
D_0001699951,1,0.987297,1
D_0001700056,0,0.050470,0
D_0001700266,0,0.052286,0
D_0001700686,0,0.074404,0
D_0001700728,1,0.995490,1
D_0001700854,0,0.108623,0
D_0001701295,0,0.037710,0
D_0001701337,1,0.995260,1
D_0001701673,1,0.995419,1
D_0001701694,1,0.057293,0
D_0001701904,0,0.015191,0
D_0001702450,1,0.996158,1
D_0001702555,0,0.064606,0
D_0001702954,0,0.012755,0
D_0001703038,0,0.045434,0
D_0001703332,1,0.992959,1
D_0001703458,0,0.145120,0
D_0001703542,1,0.997929,1
D_0001703605,1,0.990166,1
D_0001703752,0,0.064232,0
D_0001703815,0,0.057548,0
D_0001703836,1,0.988073,1
D_0001703920,1,0.990598,1
D_0001704067,1,0.096628,0
D_0001704655,1,0.988547,1
D_0001704718,0,0.124874,0
D_0001704760,0,0.052426,0
D_0001704781,0,0.452961,1
D_0001705810,1,0.981937,1
D_0001706272,0,0.087669,0
D_0001706524,1,0.779116,1
D_0001706776,1,1.000000,1
D_0001706923,0,0.047840,0
D_0001707154,1,0.994694,1
D_0001708267,0,0.018651,0
D_0001708477,0,0.064535,0
D_0001708519,0,0.045286,0
D_0001708645,1,0.972912,1
D_0001709065,1,0.995141,1
D_0001709086,0,0.019309,0
D_0001709443,0,0.069047,0
D_0001709989,0,0.043188,0
D_0001710325,1,0.985658,1
D_0001710682,1,0.422148,1
D_0001711585,1,0.999326,1
D_0001711900,1,0.987482,1
D_0001711921,0,0.056623,0
D_0001712068,0,0.016201,0
D_0001712152,1,0.956714,1
D_0001712173,0,0.051379,0
D_0001712194,0,0.038711,0
D_0001712257,0,0.253964,1
D_0001712362,1,0.967349,1
D_0001712404,0,0.017511,0
D_0001713685,0,0.075093,0
D_0001713790,0,0.035240,0
D_0001713958,0,0.023920,0
D_0001713979,1,0.995771,1
D_0001714021,0,0.172352,0
D_0001714651,0,0.040442,0
D_0001714882,1,0.993120,1
D_0001714924,0,0.068415,0
D_0001714945,1,0.046919,0
D_0001715197,1,0.992059,1
D_0001716541,1,0.994714,1
D_0001716730,1,0.073979,0
D_0001716772,1,0.999976,1
D_0001717822,1,0.988393,1
D_0001717906,0,0.070816,0
D_0001717948,1,0.732057,1
D_0001718578,1,0.133894,0
D_0001718599,0,0.234470,1
D_0001718914,1,0.996430,1
D_0001719082,1,0.180516,1
D_0001719712,0,0.153844,0
D_0001719817,0,0.037728,0
D_0001719880,0,0.098901,0
D_0001720195,0,0.204908,1
D_0001720720,1,0.240224,1
D_0001720825,0,0.069029,0
D_0001721098,0,0.006674,0
D_0001721497,1,0.986196,1
D_0001721833,1,0.999512,1
D_0001721875,1,0.980383,1
D_0001722442,0,0.099604,0
D_0001722463,0,0.168578,0
D_0001722631,0,0.022039,0
D_0001722820,0,0.030375,0
D_0001722841,0,0.131262,0
D_0001723009,1,0.155412,0
D_0001723450,0,0.083765,0
D_0001723891,1,0.994498,1
D_0001723912,1,0.994648,1
D_0001724101,0,0.033517,0
D_0001724164,0,0.051156,0
D_0001724290,1,0.999831,1
D_0001725067,1,0.993378,1
D_0001725088,1,0.999804,1
D_0001725949,0,0.054526,0
D_0001726054,0,0.917780,1
D_0001726180,1,0.111075,0
D_0001726810,0,0.054162,0
D_0001726915,1,0.985642,1
D_0001727272,1,0.989634,1
D_0001727293,0,0.057994,0
D_0001727314,1,0.106394,0
D_0001727839,1,0.977230,1
D_0001728889,0,0.031446,0
D_0001729078,1,0.207686,1
D_0001729393,1,0.991063,1
D_0001729708,0,0.082147,0
D_0001729729,1,0.980563,1
D_0001729771,0,0.106055,0
D_0001730044,0,0.034622,0
D_0001730716,1,0.992037,1
D_0001732354,0,0.098190,0
D_0001732837,1,0.993720,1
D_0001733215,1,0.975242,1
D_0001733320,0,0.079790,0
D_0001733362,0,0.069598,0
D_0001733488,1,0.992263,1
D_0001733866,0,0.008426,0
D_0001733908,0,0.033274,0
D_0001734223,1,0.051006,0
D_0001734349,1,0.039847,0
D_0001734454,1,0.999179,1
D_0001734874,1,0.088539,0
D_0001735000,1,0.993883,1
D_0001735588,1,0.997483,1
D_0001735777,1,0.999408,1
D_0001735987,1,0.979022,1
D_0001736197,0,0.099755,0
D_0001736218,1,0.986317,1
D_0001736533,1,0.986880,1
D_0001736575,1,0.995400,1
D_0001736764,1,0.996871,1
D_0001736848,0,0.101258,0
D_0001737016,1,0.991081,1
D_0001737520,1,0.995169,1
D_0001737541,0,0.179660,1
D_0001737646,1,0.918896,1
D_0001737709,1,0.980965,1
D_0001738024,0,0.038888,0
D_0001738381,0,0.090636,0
D_0001738486,1,0.982356,1
D_0001738948,1,0.987541,1
D_0001739326,0,0.064120,0
D_0001739347,1,0.985474,1
D_0001740355,0,0.040813,0
D_0001740439,0,0.814270,1
D_0001740607,0,0.004743,0
D_0001741090,1,0.993664,1
D_0001741153,0,0.077839,0
D_0001741216,1,0.988109,1
D_0001741237,1,0.998281,1
D_0001741279,1,0.990425,1
D_0001741804,1,0.977540,1
D_0001742938,1,0.969545,1
D_0001743169,1,0.995499,1
D_0001743568,1,0.985986,1
D_0001743631,1,0.994806,1
D_0001744240,0,0.794298,1
D_0001744639,1,0.134682,0
D_0001744912,0,0.001388,0
D_0001745269,0,0.019829,0
D_0001745752,0,0.925789,1
D_0001745941,1,0.989580,1
D_0001746340,0,0.019071,0
D_0001746382,0,0.095066,0
D_0001746718,0,0.230030,1
D_0001747327,1,0.988752,1
D_0001747348,1,0.998273,1
D_0001747432,0,0.069628,0
D_0001748377,0,0.022661,0
D_0001748398,0,0.152608,0
D_0001748839,0,0.069296,0
D_0001749343,1,0.994182,1
D_0001749364,0,0.156049,0
D_0001749805,0,0.173732,0
D_0001749889,1,0.999887,1
D_0001750120,0,0.026949,0
D_0001750855,0,0.103808,0
D_0001751128,1,0.098883,0
D_0001751149,0,0.029255,0
D_0001751380,1,0.994444,1
D_0001751926,1,0.126706,0
D_0001751989,1,0.983400,1
D_0001752892,0,0.087938,0
D_0001753270,1,0.994964,1
D_0001754467,0,0.019819,0
D_0001754614,0,0.192619,1
D_0001755160,0,0.136025,0
D_0001755622,0,0.059689,0
D_0001755664,1,0.992424,1
D_0001755685,0,0.222852,1
D_0001755832,1,0.988652,1
D_0001756588,1,0.989437,1
D_0001756672,1,0.107860,0
D_0001757323,0,0.040324,0
D_0001757428,1,0.991323,1
D_0001758058,1,0.995673,1
D_0001758310,0,0.161785,0
D_0001758499,0,0.128000,0
D_0001758562,1,0.996854,1
D_0001758625,0,0.033884,0
D_0001758877,1,0.358692,1
D_0001759528,1,0.992661,1
D_0001759675,0,0.048211,0
D_0001759801,0,0.035283,0
D_0001760158,0,0.013820,0
D_0001760368,1,0.989647,1
D_0001761040,0,0.164330,0
D_0001761187,0,0.026082,0
D_0001762615,0,0.093343,0
D_0001762636,1,0.985141,1
D_0001763140,1,0.986976,1
D_0001763707,1,0.138805,0
D_0001763728,0,0.050889,0
D_0001763749,0,0.051925,0
D_0001763812,0,0.183412,1
D_0001764358,0,0.032171,0
D_0001764379,0,0.063786,0
D_0001764673,1,0.107880,0
D_0001765030,0,0.007943,0
D_0001765576,0,0.102095,0
D_0001765765,0,0.054478,0
D_0001765975,1,0.995569,1
D_0001766521,1,0.995214,1
D_0001766752,0,0.028041,0
D_0001766941,1,0.992515,1
D_0001767109,0,0.120023,0
D_0001767403,0,0.277699,1
D_0001767697,1,0.993149,1
D_0001768075,0,0.044471,0
D_0001768348,1,0.995712,1
D_0001768768,0,0.053657,0
D_0001768957,1,0.974406,1
D_0001769041,1,0.995982,1
D_0001769251,0,0.100790,0
D_0001769293,1,0.581198,1
D_0001769377,1,0.982133,1
D_0001770721,1,0.112018,0
D_0001770784,1,0.089951,0
D_0001770826,1,0.999934,1
D_0001770952,0,0.012809,0
D_0001771078,1,0.880498,1
D_0001771498,1,0.994938,1
D_0001771519,0,0.147089,0
D_0001771960,1,0.999528,1
D_0001772086,0,0.050746,0
D_0001772128,1,0.985430,1
D_0001772779,0,0.081812,0
D_0001773178,0,0.027581,0
D_0001773346,1,0.995961,1
D_0001773409,1,0.993483,1
D_0001773598,1,0.471435,1
D_0001773892,1,0.990603,1
D_0001774081,1,0.992939,1
D_0001774627,1,0.990394,1
D_0001774795,0,0.069827,0
D_0001774921,1,0.988748,1
D_0001775173,1,0.221721,1
D_0001775572,1,0.116040,0
D_0001776286,0,0.167810,0
D_0001776475,0,0.062154,0
D_0001776622,0,0.041475,0
D_0001776895,1,0.990526,1
D_0001776979,0,0.008372,0
D_0001777231,0,0.191895,1
D_0001777483,0,0.156679,0
D_0001777651,1,0.214468,1
D_0001777903,1,0.991487,1
D_0001778239,1,0.994518,1
D_0001778428,1,0.999985,1
D_0001778659,1,0.986823,1
D_0001778785,0,0.071276,0
D_0001778806,0,0.171590,0
D_0001778848,0,0.081932,0
D_0001778911,0,0.910677,1
D_0001779037,0,0.130932,0
D_0001779415,1,0.991322,1
D_0001779562,1,0.990913,1
D_0001779730,0,0.067836,0
D_0001781473,1,0.983616,1
D_0001781683,0,0.088509,0
D_0001781872,0,0.059829,0
D_0001782418,0,0.109453,0
D_0001783237,1,0.143691,0
D_0001783846,0,0.176610,0
D_0001784266,0,0.050553,0
D_0001784560,1,0.993398,1
D_0001784980,1,0.996282,1
D_0001785610,1,0.716924,1
D_0001786429,0,0.022131,0
D_0001786492,1,0.996945,1
D_0001786576,1,0.927284,1
D_0001786765,1,1.000000,1
D_0001786807,1,0.058642,0
D_0001787458,1,0.996998,1
D_0001787605,1,0.912789,1
D_0001787962,1,0.986729,1
D_0001788151,1,0.971843,1
D_0001788172,1,0.999407,1
D_0001788277,1,0.998114,1
D_0001788613,0,0.044285,0
D_0001788949,1,0.996319,1
D_0001788970,1,0.996562,1
D_0001789096,0,0.039060,0
D_0001789432,1,0.996342,1
D_0001789558,0,0.037089,0
D_0001789936,1,0.980124,1
D_0001791007,0,0.060783,0
D_0001791049,1,0.935897,1
D_0001791406,1,0.993183,1
D_0001791742,0,0.008390,0
D_0001792246,1,0.184021,1
D_0001792582,0,0.018378,0
D_0001793632,1,0.986438,1
D_0001794241,0,0.193531,1
D_0001794262,1,0.052330,0
D_0001794346,0,0.029256,0
D_0001794556,1,0.993485,1
D_0001795270,1,0.986852,1
D_0001795375,1,0.998013,1
D_0001795942,0,0.106947,0
D_0001795963,1,0.303323,1
D_0001796110,1,0.994662,1
D_0001796278,1,0.995587,1
D_0001796551,1,0.999748,1
D_0001796887,0,0.080611,0
D_0001797433,1,0.994760,1
D_0001797811,1,0.994338,1
D_0001799533,1,0.994292,1
D_0001799596,0,0.046541,0
D_0001800079,0,0.088994,0
D_0001800268,0,0.225383,1
D_0001800541,1,0.937977,1
D_0001801108,0,0.733392,1
D_0001801696,1,0.986931,1
D_0001801738,1,0.993938,1
D_0001801759,1,0.994499,1
D_0001802116,1,0.988094,1
D_0001802158,1,0.991852,1
D_0001802179,1,0.962562,1
D_0001802221,1,0.113839,0
D_0001802452,0,0.029759,0
D_0001803796,1,0.827267,1
D_0001803985,0,0.048334,0
D_0001804027,0,0.029673,0
D_0001804237,1,0.992067,1
D_0001804279,0,0.040139,0
D_0001804741,1,0.987436,1
D_0001804993,0,0.075027,0
D_0001805056,0,0.011547,0
D_0001805413,1,0.986095,1
D_0001805434,1,0.117136,0
D_0001805476,0,0.051953,0
D_0001805686,1,0.991219,1
D_0001806589,0,0.021693,0
D_0001806799,0,0.436269,1
D_0001806967,1,0.985934,1
D_0001807051,1,0.996689,1
D_0001807450,0,0.060284,0
D_0001807597,0,0.055707,0
D_0001807975,1,0.996735,1
D_0001808458,1,0.998880,1
D_0001808605,1,0.986855,1
D_0001808983,0,0.021104,0
D_0001809424,0,0.260117,1
D_0001809508,1,0.984014,1
D_0001809550,0,0.155884,0
D_0001809676,0,0.030100,0
D_0001809781,1,0.993372,1
D_0001810348,1,0.995669,1
D_0001810432,1,0.999989,1
D_0001810453,0,0.028626,0
D_0001810852,1,0.994158,1
D_0001811104,0,0.116695,0
D_0001811314,0,0.010239,0
D_0001811482,1,0.995475,1
D_0001811629,0,0.858942,1
D_0001811797,1,0.992181,1
D_0001811839,1,0.997326,1
D_0001812595,1,0.992258,1
D_0001812700,0,0.058259,0
D_0001813036,1,0.997512,1
D_0001813078,1,0.999911,1
D_0001813162,0,0.041839,0
D_0001814044,0,0.138996,0
D_0001814149,0,0.106382,0
D_0001814233,0,0.105102,0
D_0001814317,1,0.999863,1
D_0001814674,1,0.981559,1
D_0001814716,1,0.972328,1
D_0001814989,0,0.169611,0
D_0001815199,0,0.040732,0
D_0001815304,0,0.054558,0
D_0001815388,0,0.003054,0
D_0001815682,0,0.027456,0
D_0001815787,0,0.108699,0
D_0001815955,0,0.074085,0
D_0001816186,0,0.089661,0
D_0001816249,1,0.995575,1
D_0001817068,0,0.101312,0
D_0001817131,0,0.020054,0
D_0001817446,1,0.989730,1
D_0001818055,1,0.995388,1
D_0001818391,1,0.177996,1
D_0001818454,1,0.714573,1
D_0001818622,0,0.338887,1
D_0001820113,0,0.080315,0
D_0001820407,0,0.110964,0
D_0001820575,1,0.997236,1
D_0001820869,0,0.152298,0
D_0001821352,1,0.986982,1
D_0001822129,1,0.997126,1
D_0001822486,0,0.190841,1
D_0001823053,1,0.997520,1
D_0001823179,0,0.051456,0
D_0001823452,1,0.327297,1
D_0001823683,0,0.242288,1
D_0001824250,1,0.989433,1
D_0001824418,1,0.992996,1
D_0001824859,1,0.995301,1
D_0001825321,0,0.025535,0
D_0001825510,1,0.996886,1
D_0001825846,0,0.062581,0
D_0001826098,0,0.031921,0
D_0001826896,1,0.149957,0
D_0001827295,1,0.988831,1
D_0001827526,0,0.144417,0
D_0001827610,1,0.986801,1
D_0001828030,0,0.018543,0
D_0001828660,1,1.000000,1
D_0001828702,0,0.040871,0
D_0001829185,1,0.983483,1
D_0001829290,0,0.035965,0
D_0001830088,1,0.992184,1
D_0001830130,1,0.996077,1
D_0001830193,1,0.991055,1
D_0001830214,1,0.535533,1
D_0001830403,1,0.893154,1
D_0001830865,1,0.992912,1
D_0001830928,0,0.269826,1
D_0001831033,1,0.998565,1
D_0001831537,0,0.038348,0
D_0001831579,1,0.996897,1
D_0001831936,0,0.117641,0
D_0001832377,0,0.046326,0
D_0001832692,1,0.985104,1
D_0001833091,1,0.977834,1
D_0001833826,0,0.031037,0
D_0001834057,1,0.992440,1
D_0001834372,1,0.989684,1
D_0001834645,0,0.026602,0
D_0001834918,1,0.870395,1
D_0001834939,0,0.119636,0
D_0001835170,0,0.103028,0
D_0001835191,0,0.036120,0
D_0001836157,1,0.505316,1
D_0001836514,0,0.020929,0
D_0001836577,0,0.078246,0
D_0001836829,0,0.980359,1
D_0001837543,1,0.984548,1
D_0001837564,1,0.992641,1
D_0001838635,1,0.994490,1
D_0001838656,0,0.999009,1
D_0001838740,1,0.571504,1
D_0001839034,1,0.999851,1
D_0001839097,1,0.995293,1
D_0001839223,0,0.339676,1
D_0001839328,1,0.996257,1
D_0001839601,1,0.092418,0
D_0001839811,0,0.030518,0
D_0001840063,1,0.990475,1
D_0001840294,1,0.988497,1
D_0001840315,0,0.043199,0
D_0001840462,1,0.991212,1
D_0001840588,0,0.870148,1
D_0001840609,1,0.993593,1
D_0001840756,1,0.989185,1
D_0001840798,0,0.014263,0
D_0001841029,0,0.095633,0
D_0001841533,0,0.059458,0
D_0001841638,1,0.983607,1
D_0001842352,0,0.045137,0
D_0001842394,0,0.128778,0
D_0001842562,1,0.998526,1
D_0001842688,1,0.991593,1
D_0001842709,0,0.033385,0
D_0001842961,1,0.973235,1
D_0001843003,1,0.223179,1
D_0001843696,1,0.994495,1
D_0001843738,1,0.978073,1
D_0001843885,1,0.134474,0
D_0001844032,1,0.988119,1
D_0001844200,0,0.973351,1
D_0001844515,0,0.078127,0
D_0001844557,1,0.994112,1
D_0001844599,1,0.999519,1
D_0001845103,1,0.995127,1
D_0001845334,0,0.048815,0
D_0001845397,1,0.995509,1
D_0001845481,1,0.999973,1
D_0001845817,0,0.034330,0
D_0001846090,0,0.014977,0
D_0001846153,0,0.049144,0
D_0001846615,1,0.991961,1
D_0001847161,0,0.932210,1
D_0001847224,1,0.986699,1
D_0001847728,1,0.993788,1
D_0001848274,0,0.003349,0
D_0001848316,1,0.995143,1
D_0001848400,1,0.991456,1
D_0001849030,0,0.838506,1
D_0001849303,1,0.999990,1
D_0001849450,1,0.997279,1
D_0001849870,1,0.999999,1
D_0001850143,1,0.993770,1
D_0001850500,0,0.120756,0
D_0001850584,1,0.997484,1
D_0001851319,0,0.028397,0
D_0001851550,1,0.226601,1
D_0001851718,1,0.038095,0
D_0001851823,1,0.933505,1
D_0001851844,0,0.130866,0
D_0001851907,1,0.982060,1
D_0001852327,1,0.996759,1
D_0001852390,0,0.072829,0
D_0001852747,1,0.070236,0
D_0001853041,1,0.237256,1
D_0001853125,1,0.447434,1
D_0001853377,1,0.068960,0
D_0001853566,0,0.097894,0
D_0001853650,1,0.997218,1
D_0001853923,1,0.995199,1
D_0001854364,1,0.081380,0
D_0001854574,0,0.026050,0
D_0001854931,0,0.034697,0
D_0001855162,1,0.993615,1
D_0001855435,1,0.995719,1
D_0001855456,1,0.984907,1
D_0001855519,1,0.963844,1
D_0001855729,0,0.023829,0
D_0001855750,1,0.996341,1
D_0001856107,0,0.061308,0
D_0001856275,1,0.994352,1
D_0001856296,0,0.027349,0
D_0001856506,1,0.996131,1
D_0001856527,0,0.014051,0
D_0001857787,1,0.995317,1
D_0001858900,0,0.513466,1
D_0001858942,0,0.666606,1
D_0001859257,1,0.979099,1
D_0001859362,0,0.044927,0
D_0001859425,0,0.049449,0
D_0001859971,0,0.047951,0
D_0001860286,1,0.987318,1
D_0001861294,1,0.959105,1
D_0001861399,1,0.996806,1
D_0001861588,1,0.999698,1
D_0001861756,1,0.997315,1
D_0001862407,0,0.031681,0
D_0001862470,1,0.992563,1
D_0001862575,0,0.122976,0
D_0001862596,1,0.080046,0
D_0001862638,0,0.042933,0
D_0001862659,0,0.022618,0
D_0001863163,1,0.995429,1
D_0001863331,0,0.064940,0
D_0001863709,1,0.990317,1
D_0001864192,1,0.994972,1
D_0001864297,0,0.092112,0
D_0001864549,1,0.281360,1
D_0001864717,1,0.990924,1
D_0001864780,1,0.995388,1
D_0001864801,0,0.124070,0
D_0001864948,0,0.055539,0
D_0001865137,1,0.290803,1
D_0001865284,1,0.061222,0
D_0001865536,1,0.996590,1
D_0001865578,1,0.994352,1
D_0001865851,1,0.993668,1
D_0001866565,0,0.045889,0
D_0001867174,0,0.050907,0
D_0001867426,1,0.973196,1
D_0001867468,1,0.982910,1
D_0001867531,0,0.032184,0
D_0001867930,1,0.992781,1
D_0001868644,0,0.159586,0
D_0001868707,1,0.000340,0
D_0001869085,1,0.990747,1
D_0001869316,1,0.330287,1
D_0001869337,1,0.993287,1
D_0001869547,1,0.989657,1
D_0001869694,1,0.994947,1
D_0001870198,1,0.980887,1
D_0001870366,1,0.992822,1
D_0001870408,1,0.992287,1
D_0001870450,0,0.438665,1
D_0001870618,0,0.024727,0
D_0001870765,0,0.069207,0
D_0001870870,0,0.013934,0
D_0001870933,0,0.926624,1
D_0001871143,1,0.958653,1
D_0001871185,0,0.006553,0
D_0001871395,1,0.985463,1
D_0001871458,1,0.995068,1
D_0001871899,1,0.312526,1
D_0001872067,0,0.044969,0
D_0001872256,0,0.043119,0
D_0001872655,0,0.120806,0
D_0001872739,1,0.997667,1
D_0001873369,0,0.109264,0
D_0001873663,0,0.107794,0
D_0001873747,0,0.012939,0
D_0001874293,0,0.122833,0
D_0001874776,0,0.036436,0
D_0001875154,1,0.989097,1
D_0001875385,1,0.239091,1
D_0001875574,1,0.995873,1
D_0001875637,1,0.996861,1
D_0001875868,1,0.904743,1
D_0001876015,1,0.992427,1
D_0001876057,1,0.990312,1
D_0001876267,0,0.220860,1
D_0001876330,1,0.037156,0
D_0001876519,1,0.990794,1
D_0001876855,0,0.151160,0
D_0001877065,1,0.997077,1
D_0001877527,1,0.998773,1
D_0001877863,1,0.992808,1
D_0001878094,0,0.066327,0
D_0001878304,1,0.979834,1
D_0001878535,0,0.076723,0
D_0001878577,1,0.988909,1
D_0001878934,1,0.999303,1
D_0001879186,0,0.156713,0
D_0001879270,0,0.164106,0
D_0001879564,1,0.994458,1
D_0001880362,0,0.286029,1
D_0001881097,0,0.163226,0
D_0001881118,0,0.230716,1
D_0001881370,1,0.997397,1
D_0001881412,1,0.990766,1
D_0001881475,1,0.985545,1
D_0001881643,0,0.040190,0
D_0001881664,0,0.106790,0
D_0001882168,1,0.202245,1
D_0001882315,0,0.461995,1
D_0001882609,1,0.999970,1
D_0001882630,0,0.108698,0
D_0001882672,1,0.971346,1
D_0001883239,0,0.040552,0
D_0001883281,1,0.992705,1
D_0001883449,1,0.995162,1
D_0001883722,0,0.061047,0
D_0001883974,0,0.084050,0
D_0001884604,0,0.028418,0
D_0001884667,1,0.705873,1
D_0001884919,0,0.030940,0
D_0001885318,1,0.997798,1
D_0001885633,1,0.999989,1
D_0001885864,0,0.027672,0
D_0001886032,0,0.068629,0
D_0001887145,0,0.143078,0
D_0001887481,0,0.051145,0
D_0001887523,0,0.159625,0
D_0001887649,0,0.012520,0
D_0001887775,1,0.987033,1
D_0001887985,1,0.122700,0
D_0001888573,1,0.939873,1
D_0001888699,0,0.044571,0
D_0001888867,0,0.069552,0
D_0001889476,1,0.990163,1
D_0001889812,0,0.045569,0
D_0001889896,1,0.986400,1
D_0001890316,0,0.068405,0
D_0001890799,0,0.100439,0
D_0001891093,1,0.991309,1
D_0001891282,1,0.988686,1
D_0001891408,0,0.063497,0
D_0001891471,1,0.975803,1
D_0001891723,1,0.996155,1
D_0001891744,1,0.981099,1
D_0001891807,0,0.036002,0
D_0001891828,1,0.996070,1
D_0001892206,1,0.990677,1
D_0001892500,0,0.101356,0
D_0001892941,0,0.069636,0
D_0001892962,1,0.999997,1
D_0001893214,0,0.158062,0
D_0001893298,0,0.567057,1
D_0001893361,0,0.113379,0
D_0001893571,0,0.061769,0
D_0001893802,1,0.993789,1
D_0001894012,1,0.191133,1
D_0001894264,0,0.171007,0
D_0001894369,0,0.201914,1
D_0001894789,0,0.012996,0
D_0001894894,1,0.093274,0
D_0001895041,1,0.994579,1
D_0001895713,1,0.996024,1
D_0001895860,0,0.041412,0
D_0001895923,1,0.996743,1
D_0001896217,0,0.632914,1
D_0001897057,1,0.988172,1
D_0001897120,1,0.997939,1
D_0001897372,0,0.052683,0
D_0001897393,0,0.097507,0
D_0001897960,0,0.081737,0
D_0001898044,0,0.058983,0
D_0001898065,1,0.988807,1
D_0001898590,1,0.999531,1
D_0001898779,0,0.058835,0
D_0001898863,1,0.984852,1
D_0001899451,1,0.991270,1
D_0001899535,0,0.081187,0
D_0001899703,0,0.068654,0
D_0001899829,1,0.991511,1
D_0001899934,0,0.037227,0
D_0001900102,1,0.996495,1
D_0001900480,1,0.994917,1
D_0001900879,1,0.909353,1
D_0001900963,0,0.010686,0
D_0001901005,0,0.056588,0
D_0001901026,1,0.992414,1
D_0001901173,1,0.153150,0
D_0001901530,1,0.989833,1
D_0001901950,1,0.991048,1
D_0001902034,1,0.107488,0
D_0001902118,1,0.996223,1
D_0001902391,1,0.979777,1
D_0001902790,0,0.070599,0
D_0001903378,1,0.996052,1
D_0001903483,0,0.035453,0
D_0001903651,1,0.991816,1
D_0001903735,1,0.987910,1
D_0001904344,1,0.991736,1
D_0001904890,1,0.942833,1
D_0001905079,1,0.994043,1
D_0001905499,1,0.995230,1
D_0001905919,0,0.866189,1
D_0001905961,0,0.006942,0
D_0001906003,1,0.139993,0
D_0001906234,1,0.954628,1
D_0001906318,1,0.992712,1
D_0001906339,1,0.105472,0
D_0001906549,0,0.015616,0
D_0001906654,1,0.997039,1
D_0001907053,1,0.277074,1
D_0001907389,0,0.019073,0
D_0001907410,0,0.285587,1
D_0001907473,1,0.986164,1
D_0001907599,0,0.105607,0
D_0001907620,0,0.037507,0
D_0001907872,0,0.046056,0
D_0001909111,1,0.991429,1
D_0001909636,0,0.045357,0
D_0001909678,1,0.981755,1
D_0001909783,1,0.997901,1
D_0001910035,0,0.222906,1
D_0001910098,1,0.997589,1
D_0001910224,1,0.982882,1
D_0001910371,1,0.999675,1
D_0001910413,0,0.085215,0
D_0001910959,1,0.991464,1
D_0001911295,1,0.200496,1
D_0001911379,1,0.994191,1
D_0001911484,1,0.998949,1
D_0001912198,0,0.019204,0
D_0001912240,0,0.229477,1
D_0001912870,0,0.025603,0
D_0001913017,1,0.979411,1
D_0001913059,0,0.063267,0
D_0001913332,0,0.071474,0
D_0001913353,1,0.997104,1
D_0001913395,1,0.999239,1
D_0001913458,1,0.989691,1
D_0001913542,1,0.982943,1
D_0001915264,0,0.108091,0
D_0001915390,0,0.023557,0
D_0001915411,0,0.290885,1
D_0001916545,0,0.002547,0
D_0001917868,1,0.454687,1
D_0001917973,0,0.171630,0
D_0001918351,0,0.171359,0
D_0001918582,1,0.994066,1
D_0001918603,0,0.050357,0
D_0001918855,1,0.989297,1
D_0001918918,0,0.010237,0
D_0001918981,0,0.052235,0
D_0001919674,0,0.250168,1
D_0001919800,1,0.917209,1
D_0001920262,0,0.232590,1
D_0001920598,0,0.081982,0
D_0001920619,1,0.982521,1
D_0001921627,0,0.115432,0
D_0001922194,1,0.991933,1
D_0001922446,1,0.164479,0
D_0001922866,0,0.215496,1
D_0001923265,1,0.993847,1
D_0001923979,1,0.994424,1
D_0001924273,1,0.058703,0
D_0001924378,1,0.951428,1
D_0001924504,1,0.907945,1
D_0001925092,1,0.988588,1
D_0001925365,1,0.967521,1
D_0001925638,1,0.997937,1
D_0001925995,0,0.061129,0
D_0001926121,0,0.047632,0
D_0001926142,1,0.948261,1
D_0001926184,0,0.292414,1
D_0001926898,1,0.995132,1
D_0001927507,1,0.961520,1
D_0001927591,1,0.988989,1
D_0001928032,0,0.087692,0
D_0001928347,1,0.466140,1
D_0001928368,0,0.074246,0
D_0001928473,1,0.996908,1
D_0001928536,1,0.994619,1
D_0001929313,1,0.996723,1
D_0001929481,1,0.992279,1
D_0001929838,0,0.060928,0
D_0001929859,1,0.978306,1
D_0001930741,0,0.026675,0
D_0001930993,1,0.996253,1
D_0001931350,0,0.007171,0
D_0001931896,1,0.996735,1
D_0001931980,1,0.992265,1
D_0001932253,0,0.035055,0
D_0001932463,0,0.186846,1
D_0001933009,0,0.996985,1
D_0001933198,1,0.987172,1
D_0001933450,1,0.990981,1
D_0001933597,0,0.102865,0
D_0001933975,0,0.046062,0
D_0001934080,1,0.994943,1
D_0001934101,1,0.993662,1
D_0001935256,0,0.069185,0
D_0001935487,1,0.992341,1
D_0001935550,0,0.026580,0
D_0001935592,0,0.121674,0
D_0001936285,1,0.989029,1
D_0001936432,1,0.170753,0
D_0001936600,0,0.006267,0
D_0001936642,1,0.998260,1
D_0001937125,0,0.053066,0
D_0001937713,1,0.181731,1
D_0001938007,1,0.999215,1
D_0001938595,0,0.053592,0
D_0001938826,0,0.069400,0
D_0001939099,1,0.998570,1
D_0001939183,0,0.062691,0
D_0001940128,0,0.018584,0
D_0001940275,1,0.993193,1
D_0001940569,0,0.016474,0
D_0001941031,0,0.028469,0
D_0001941073,0,0.139615,0
D_0001941241,1,0.999416,1
D_0001941682,0,0.047703,0
D_0001941808,1,0.993796,1
D_0001941913,0,0.092631,0
D_0001941934,0,0.056269,0
D_0001942207,1,0.991034,1
D_0001942291,0,0.095533,0
D_0001942417,0,0.138506,0
D_0001942732,0,0.034438,0
D_0001942942,1,0.992466,1
D_0001943425,1,0.541249,1
D_0001943446,1,0.998170,1
D_0001943803,0,0.100868,0
D_0001944265,0,0.053608,0
D_0001944433,1,0.707977,1
D_0001944559,0,0.006135,0
D_0001945084,1,0.123048,0
D_0001945147,1,0.997088,1
D_0001945609,1,0.986865,1
D_0001945903,1,0.993250,1
D_0001946008,1,0.990979,1
D_0001946491,1,0.994371,1
D_0001946533,1,0.974761,1
D_0001946827,1,0.998950,1
D_0001946911,1,0.996867,1
D_0001947436,0,0.065502,0
D_0001947520,0,0.033738,0
D_0001947562,1,0.996560,1
D_0001947730,1,0.989861,1
D_0001948633,1,0.987508,1
D_0001948738,1,0.989594,1
D_0001949536,1,0.987314,1
D_0001950061,1,0.991380,1
D_0001950103,0,0.022787,0
D_0001950124,0,0.076723,0
D_0001951111,0,0.065111,0
D_0001951195,0,0.047694,0
D_0001951468,0,0.007690,0
D_0001951489,1,0.997704,1
D_0001952476,0,0.015435,0
D_0001952497,1,0.113008,0
D_0001952602,1,0.329437,1
D_0001953022,1,0.992669,1
D_0001953211,1,0.978482,1
D_0001953337,1,0.989620,1
D_0001953484,1,0.968657,1
D_0001953736,0,0.085236,0
D_0001953988,0,0.090615,0
D_0001954093,0,0.110672,0
D_0001954828,0,0.017328,0
D_0001955017,1,0.991497,1
D_0001955353,1,0.997629,1
D_0001955395,0,0.072401,0
D_0001955773,0,0.043643,0
D_0001956361,1,0.999566,1
D_0001957285,0,0.052513,0
D_0001957327,0,0.028532,0
D_0001958062,0,0.121993,0
D_0001958083,0,0.071784,0
D_0001958671,1,0.973669,1
D_0001959364,1,0.996694,1
D_0001959784,1,0.992955,1
D_0001959805,0,0.035682,0
D_0001959847,1,0.996977,1
D_0001960036,0,0.068197,0
D_0001960372,1,0.996459,1
D_0001960456,0,0.104001,0
D_0001960603,0,0.037805,0
D_0001960687,0,0.067695,0
D_0001960834,1,0.974024,1
D_0001961107,0,0.051114,0
D_0001961338,1,0.993566,1
D_0001961422,1,0.995254,1
D_0001961758,1,0.997331,1
D_0001962283,1,0.996257,1
D_0001962367,1,0.995959,1
D_0001962619,1,0.988354,1
D_0001962745,0,0.054017,0
D_0001962829,0,0.131363,0
D_0001962913,0,0.191476,1
D_0001962934,1,0.529721,1
D_0001962976,1,0.988151,1
D_0001963270,0,0.034630,0
D_0001963564,1,0.087667,0
D_0001963963,1,0.993997,1
D_0001964152,1,0.990067,1
D_0001964236,0,0.042291,0
D_0001964446,1,0.975872,1
D_0001965349,1,0.999617,1
D_0001965538,0,0.113012,0
D_0001966042,0,0.010800,0
D_0001966084,0,0.050491,0
D_0001966651,0,0.002879,0
D_0001966798,1,0.991283,1
D_0001967386,1,0.997719,1
D_0001967470,1,0.994962,1
D_0001967827,1,0.992861,1
D_0001968037,1,0.999387,1
D_0001968268,1,0.977974,1
D_0001968772,1,0.993599,1
D_0001968982,1,0.989649,1
D_0001969024,1,0.989101,1
D_0001969528,1,0.985986,1
D_0001970053,1,0.251227,1
D_0001970074,1,0.974290,1
D_0001970389,0,0.021971,0
D_0001970536,0,0.143645,0
D_0001970851,1,0.768353,1
D_0001970914,0,0.014161,0
D_0001971586,1,0.996051,1
D_0001972006,1,0.970344,1
D_0001972825,1,0.999992,1
D_0001973749,1,0.997509,1
D_0001973854,0,0.002284,0
D_0001974001,1,0.244251,1
D_0001975492,0,0.152168,0
D_0001975597,0,0.033263,0
D_0001975744,1,0.986114,1
D_0001976185,0,0.014254,0
D_0001978054,0,0.022350,0
D_0001978117,1,0.999983,1
D_0001978747,1,0.986219,1
D_0001978768,1,0.993646,1
D_0001978852,1,0.984573,1
D_0001978894,0,0.032603,0
D_0001979524,0,0.106097,0
D_0001980364,1,0.785097,1
D_0001980490,1,0.995456,1
D_0001980553,0,0.068077,0
D_0001980658,0,0.078764,0
D_0001980742,0,0.106431,0
D_0001981939,0,0.933678,1
D_0001982128,1,0.994759,1
D_0001982170,1,0.992674,1
D_0001982212,0,0.212018,1
D_0001982296,1,0.991506,1
D_0001982968,0,0.055815,0
D_0001982989,1,0.992859,1
D_0001983052,0,0.062949,0
D_0001983535,1,0.995718,1
D_0001984207,1,0.078536,0
D_0001984543,0,0.017487,0
D_0001984837,1,0.986596,1
D_0001984963,1,0.979339,1
D_0001984984,1,0.991822,1
D_0001985047,1,0.991654,1
D_0001985068,0,0.037159,0
D_0001985236,1,0.996992,1
D_0001985278,1,0.990792,1
D_0001985383,0,0.031079,0
D_0001985614,0,0.051365,0
D_0001985635,1,0.998610,1
D_0001986202,0,0.027799,0
D_0001986223,0,0.057857,0
D_0001986265,0,0.030126,0
D_0001986433,1,0.985606,1
D_0001986517,0,0.055327,0
D_0001987063,1,0.994457,1
D_0001987609,1,0.987282,1
D_0001988239,1,0.981682,1
D_0001988281,0,0.021950,0
D_0001988491,0,0.030074,0
D_0001988533,1,0.989406,1
D_0001988554,1,0.942256,1
D_0001988701,1,0.074150,0
D_0001989058,1,0.980564,1
D_0001989226,0,0.995589,1
D_0001989415,0,0.002008,0
D_0001990003,1,0.994157,1
D_0001990297,1,0.993591,1
D_0001990696,1,0.992282,1
D_0001990843,0,0.982853,1
D_0001990927,1,0.983348,1
D_0001991032,0,0.077938,0
D_0001991515,0,0.165944,0
D_0001991536,1,0.994449,1
D_0001992061,1,0.100070,0
D_0001992124,1,0.138931,0
D_0001992502,0,0.186824,1
D_0001992838,1,0.217066,1
D_0001992859,1,0.995784,1
D_0001993636,0,0.370894,1
D_0001994287,1,0.995058,1
D_0001994329,1,0.995750,1
D_0001994707,0,0.084819,0
D_0001994728,1,0.992580,1
D_0001994959,0,0.054644,0
D_0001995169,0,0.012224,0
D_0001995295,1,0.995104,1
D_0001995316,1,0.080219,0
D_0001995673,0,0.150371,0
D_0001995820,1,0.989428,1
D_0001996135,0,0.041865,0
D_0001996261,0,0.050587,0
D_0001996702,0,0.137870,0
D_0001997206,0,0.248985,1
D_0001997227,1,0.107535,0
D_0001997374,0,0.080547,0
D_0001997395,1,0.999203,1
D_0001997563,0,0.036186,0
D_0001997647,0,0.008904,0
D_0001997689,0,0.155521,0
D_0001997899,1,0.999991,1
D_0001998739,1,0.268995,1
D_0001998781,0,0.039811,0
D_0001998907,1,0.986362,1
D_0001999222,1,0.995813,1
D_0001999453,0,0.084466,0
D_0001999999,0,0.178813,1
D_0002000062,0,0.250538,1
D_0002000188,1,0.995907,1
D_0002000818,1,0.996675,1
D_0002001343,1,0.993323,1
D_0002002141,0,0.076162,0
D_0002002162,1,0.994375,1
D_0002002498,0,0.192619,1
D_0002002876,1,0.265275,1
D_0002002939,0,0.031466,0
D_0002003065,0,0.152779,0
D_0002003401,0,0.150332,0
D_0002003527,0,0.040003,0
D_0002003758,0,0.048349,0
D_0002003926,1,0.997285,1
D_0002004073,0,0.048543,0
D_0002004136,1,0.998708,1
D_0002004346,0,0.885315,1
D_0002004577,0,0.065941,0
D_0002004850,0,0.051788,0
D_0002004934,0,0.113676,0
D_0002005480,1,0.988849,1
D_0002006173,1,0.990952,1
D_0002006530,1,0.996194,1
D_0002006845,0,0.070648,0
D_0002006866,0,0.108122,0
D_0002006950,1,0.969845,1
D_0002007307,1,0.990792,1
D_0002007370,0,0.034304,0
D_0002007559,1,0.284895,1
D_0002007895,1,0.978628,1
D_0002007958,1,0.186843,1
D_0002008084,1,0.994367,1
D_0002008210,0,0.053224,0
D_0002008693,0,0.034749,0
D_0002008924,1,0.999999,1
D_0002009134,1,0.993747,1
D_0002009827,1,0.985866,1
D_0002010331,0,0.080226,0
D_0002010352,0,0.019891,0
D_0002010499,0,0.051256,0
D_0002011171,1,0.990830,1
D_0002011339,0,0.017265,0
D_0002011381,0,0.033636,0
D_0002011675,0,0.117565,0
D_0002011738,0,0.022811,0
D_0002011759,1,0.995675,1
D_0002012158,1,0.138089,0
D_0002012305,1,0.996723,1
D_0002012536,1,0.996397,1
D_0002012977,0,0.173795,0
D_0002013082,0,0.143294,0
D_0002013292,0,0.048633,0
D_0002013376,1,0.888138,1
D_0002013670,1,0.974698,1
D_0002013901,0,0.039600,0
D_0002014279,0,0.062327,0
D_0002014489,1,0.993303,1
D_0002014594,1,0.995183,1
D_0002014636,0,0.059252,0
D_0002015287,0,0.900310,1
D_0002015455,1,0.991824,1
D_0002016190,1,0.996406,1
D_0002016211,1,0.994146,1
D_0002016253,1,0.985490,1
D_0002016421,0,0.071637,0
D_0002016484,1,0.992300,1
D_0002016925,1,0.999935,1
D_0002017030,0,0.021097,0
D_0002017093,1,0.980696,1
D_0002017198,1,0.995535,1
D_0002017345,1,0.999268,1
D_0002017387,0,0.091320,0
D_0002017429,1,0.506443,1
D_0002017660,0,0.037158,0
D_0002017933,1,0.987246,1
D_0002017975,0,0.150299,0
D_0002018899,1,0.991231,1
D_0002019487,0,0.956107,1
D_0002019613,0,0.060898,0
D_0002019865,1,0.996583,1
D_0002020054,0,0.014436,0
D_0002020621,1,0.994018,1
D_0002020873,0,0.027899,0
D_0002021566,1,0.998825,1
D_0002021818,0,0.112682,0
D_0002021944,1,0.995973,1
D_0002022217,1,0.097712,0
D_0002022385,1,0.931568,1
D_0002022406,1,0.997101,1
D_0002022721,1,0.973036,1
D_0002022784,1,0.980739,1
D_0002022952,0,0.021529,0
D_0002023729,0,0.006873,0
D_0002023792,0,0.030911,0
D_0002024086,1,0.988731,1
D_0002024401,1,0.996616,1
D_0002026144,1,0.999803,1
D_0002026543,1,0.995528,1
D_0002026900,1,0.983973,1
D_0002027110,1,0.992944,1
D_0002027299,0,0.009963,0
D_0002027782,1,0.989676,1
D_0002028307,1,0.988816,1
D_0002028727,1,0.992081,1
D_0002029231,0,0.120990,0
D_0002029273,0,0.153725,0
D_0002029651,1,0.805651,1
D_0002029861,1,0.989993,1
D_0002029924,1,0.027107,0
D_0002030071,1,0.997129,1
D_0002030155,0,0.170056,0
D_0002030344,1,0.994331,1
D_0002030386,1,0.993673,1
D_0002030890,1,0.991654,1
D_0002031457,1,0.994453,1
D_0002031478,1,0.263525,1
D_0002032276,1,0.991339,1
D_0002032423,0,0.069872,0
D_0002032549,1,0.999997,1
D_0002033011,1,0.986710,1
D_0002033704,1,0.252029,1
D_0002033809,1,0.223717,1
D_0002034754,0,0.068910,0
D_0002034901,1,0.999947,1
D_0002035090,1,0.939543,1
D_0002035363,0,0.003969,0
D_0002035657,0,0.163012,0
D_0002035867,0,0.032657,0
D_0002035930,0,0.110989,0
D_0002036686,1,0.999777,1
D_0002037274,0,0.103759,0
D_0002037862,0,0.115575,0
D_0002038135,1,0.978283,1
D_0002038261,1,0.993170,1
D_0002038324,0,0.026253,0
D_0002038387,0,0.020452,0
D_0002038429,0,0.040251,0
D_0002038702,1,0.985920,1
D_0002039437,1,0.271955,1
D_0002039500,0,0.059702,0
D_0002040130,1,0.999968,1
D_0002041516,0,0.148429,0
D_0002041621,0,0.019149,0
D_0002041873,1,0.999073,1
D_0002041999,0,0.170293,0
D_0002042944,1,0.996881,1
D_0002043049,1,0.995184,1
D_0002043679,1,0.996904,1
D_0002044246,1,0.993024,1
D_0002044267,0,0.052861,0
D_0002044309,1,0.988199,1
D_0002044687,1,0.990865,1
D_0002045317,1,0.997915,1
D_0002045716,1,0.041200,0
D_0002046409,1,0.990732,1
D_0002046556,0,0.069744,0
D_0002046787,1,0.989692,1
D_0002046871,1,0.984801,1
D_0002046913,0,0.057846,0
D_0002046997,1,0.978736,1
D_0002047018,1,0.966193,1
D_0002047270,1,0.999024,1
D_0002047417,1,0.997005,1
D_0002047921,1,0.999827,1
D_0002048068,0,0.014064,0
D_0002048404,1,0.999999,1
D_0002048719,0,0.248178,1
D_0002048845,0,0.219195,1
D_0002048887,1,0.986496,1
D_0002050000,0,0.070804,0
D_0002050042,1,0.996371,1
D_0002050168,1,0.991506,1
D_0002050231,0,0.047999,0
D_0002050525,1,0.317555,1
D_0002050756,1,0.982837,1
D_0002051302,1,0.063332,0
D_0002052163,0,0.089767,0
D_0002052919,0,0.076871,0
D_0002053255,0,0.084337,0
D_0002053276,0,0.041433,0
D_0002053402,0,0.040672,0
D_0002053465,1,0.991597,1
D_0002053843,1,0.995932,1
D_0002053990,0,0.058609,0
D_0002054221,1,0.212194,1
D_0002054263,0,0.031747,0
D_0002054494,1,0.837764,1
D_0002055481,1,0.142989,0
D_0002055628,0,0.041460,0
D_0002055964,0,0.025419,0
D_0002056174,1,0.991733,1
D_0002056237,1,0.997791,1
D_0002056258,0,0.049870,0
D_0002056279,0,0.087347,0
D_0002056678,1,0.857204,1
D_0002056762,0,0.146806,0
D_0002057140,1,0.996081,1
D_0002057623,1,0.990099,1
D_0002058001,0,0.061381,0
D_0002058316,0,0.069687,0
D_0002059219,1,0.988729,1
D_0002059408,1,0.995082,1
D_0002059597,0,0.016203,0
D_0002059681,0,0.110953,0
D_0002060185,1,0.994037,1
D_0002060878,1,0.993350,1
D_0002061340,1,0.996891,1
D_0002061403,0,0.027169,0
D_0002061802,0,0.101114,0
D_0002062222,1,0.991686,1
D_0002063104,0,0.164766,0
D_0002063125,1,0.988351,1
D_0002063230,0,0.031968,0
D_0002063293,1,0.999999,1
D_0002063671,0,0.071543,0
D_0002063986,0,0.052474,0
D_0002064259,1,0.044108,0
D_0002064490,1,0.997575,1
D_0002064637,0,0.228660,1
D_0002064700,1,0.997657,1
D_0002064721,0,0.151364,0
D_0002064805,0,0.082526,0
D_0002064889,1,0.982988,1
D_0002066296,0,0.146557,0
D_0002067052,0,0.009114,0
D_0002067283,0,0.045054,0
D_0002067661,1,0.994263,1
D_0002068312,1,0.996265,1
D_0002068333,1,0.992580,1
D_0002068942,0,0.021336,0
D_0002069005,1,0.927950,1
D_0002069068,1,0.999816,1
D_0002069572,0,0.014105,0
D_0002070139,0,0.494631,1
D_0002070538,1,0.999976,1
D_0002070580,1,0.994106,1
D_0002070853,1,0.994399,1
D_0002071105,0,0.098164,0
D_0002071378,1,0.072421,0
D_0002071567,1,0.974709,1
D_0002072029,1,0.997274,1
D_0002072407,1,0.968816,1
D_0002072533,1,0.996182,1
D_0002073373,0,0.009041,0
D_0002073793,1,0.995699,1
D_0002074192,0,0.111279,0
D_0002074633,0,0.092739,0
D_0002074696,0,0.021446,0
D_0002075263,1,0.973240,1
D_0002075914,1,0.987088,1
D_0002076082,0,0.162320,0
D_0002076313,0,0.049814,0
D_0002076922,1,0.987158,1
D_0002077111,0,0.022521,0
D_0002077174,0,0.128793,0
D_0002077510,0,0.044519,0
D_0002077594,0,0.104018,0
D_0002078665,1,0.989032,1
D_0002078875,0,0.020933,0
D_0002078896,0,0.023435,0
D_0002079547,1,0.972607,1
D_0002079883,0,0.036639,0
D_0002080240,0,0.086248,0
D_0002080282,1,0.068737,0
D_0002080387,1,0.993744,1
D_0002080576,0,0.247454,1
D_0002080597,0,0.046989,0
D_0002080891,1,0.910259,1
D_0002080954,1,0.876277,1
D_0002081689,1,0.997606,1
D_0002082445,1,0.995528,1
D_0002082739,1,0.982859,1
D_0002083096,0,0.266855,1
D_0002083390,0,0.064577,0
D_0002083810,1,0.996250,1
D_0002084167,1,0.046202,0
D_0002084587,1,0.989870,1
D_0002084608,0,0.354689,1
D_0002085133,1,0.992436,1
D_0002085154,1,0.985457,1
D_0002085490,0,0.027043,0
D_0002085700,0,0.008545,0
D_0002085952,0,0.077298,0
D_0002085994,0,0.046309,0
D_0002086813,1,0.997968,1
D_0002087170,0,0.128631,0
D_0002087338,1,0.994702,1
D_0002087485,0,0.092735,0
D_0002087527,0,0.973704,1
D_0002087800,1,0.999899,1
D_0002087926,1,0.504982,1
D_0002088073,0,0.020420,0
D_0002088388,0,0.015284,0
D_0002088787,1,0.997867,1
D_0002089459,0,0.103986,0
D_0002090362,0,0.978984,1
D_0002090425,1,0.108896,0
D_0002090509,1,0.994045,1
D_0002090782,0,0.099732,0
D_0002090950,0,0.114144,0
D_0002090992,0,0.073079,0
D_0002091223,1,0.993852,1
D_0002091580,0,0.026308,0
D_0002091811,1,0.073441,0
D_0002092357,0,0.029907,0
D_0002092714,1,0.992582,1
D_0002092882,0,0.102553,0
D_0002093197,1,0.986474,1
D_0002093617,0,0.007353,0
D_0002093659,0,0.086046,0
D_0002093680,1,0.998361,1
D_0002094730,0,0.050368,0
D_0002094877,0,0.031538,0
D_0002095381,1,0.998149,1
D_0002095675,0,0.045941,0
D_0002095927,1,0.994551,1
D_0002096116,0,0.024792,0
D_0002096284,0,0.013517,0
D_0002096305,0,0.100584,0
D_0002096515,1,0.994086,1
D_0002096620,1,0.984687,1
D_0002097082,0,0.081123,0
D_0002097565,0,0.015085,0
D_0002097922,1,0.991861,1
D_0002098258,1,0.990533,1
D_0002098405,1,0.999094,1
D_0002098489,1,0.989190,1
D_0002098951,0,0.044311,0
D_0002099077,1,0.996066,1
D_0002099476,0,0.007166,0
D_0002099770,1,0.145095,0
D_0002099875,0,0.022413,0
D_0002099938,1,0.985201,1
D_0002100904,0,0.033477,0
D_0002101009,0,0.983535,1
D_0002101177,1,0.991259,1
D_0002101261,1,0.990326,1
D_0002101576,0,0.337223,1
D_0002101681,1,0.994434,1
D_0002102206,1,0.983331,1
D_0002102269,0,0.069766,0
D_0002102311,1,0.998185,1
D_0002102521,1,0.999404,1
D_0002102668,0,0.042789,0
D_0002103130,1,0.993934,1
D_0002103172,1,0.997735,1
D_0002103445,0,0.047332,0
D_0002103613,0,0.083080,0
D_0002103928,0,0.028908,0
D_0002104537,0,0.088459,0
D_0002104642,1,0.999933,1
D_0002104747,1,0.996139,1
D_0002104810,1,0.078328,0
D_0002105062,1,0.912859,1
D_0002105755,1,0.996176,1
D_0002105881,0,0.037748,0
D_0002106154,0,0.026745,0
D_0002106616,0,0.040083,0
D_0002107015,1,0.999731,1
D_0002107372,1,0.038466,0
D_0002107477,0,0.025324,0
D_0002107540,1,0.996108,1
D_0002107771,1,0.987158,1
D_0002108716,1,0.991649,1
D_0002109115,1,0.993687,1
D_0002109199,0,0.070277,0
D_0002109388,0,0.061709,0
D_0002109640,0,0.080766,0
D_0002110480,1,0.990087,1
D_0002111236,0,0.040137,0
D_0002111299,1,0.151361,0
D_0002112160,0,0.084006,0
D_0002112790,0,0.164754,0
D_0002113567,0,0.074714,0
D_0002113672,1,0.980191,1
D_0002113861,1,0.992953,1
D_0002114071,1,0.979025,1
D_0002114113,1,0.997345,1
D_0002114155,0,0.045886,0
D_0002114428,0,0.263167,1
D_0002114491,0,0.077666,0
D_0002114932,0,0.041489,0
D_0002115772,0,0.000303,0
D_0002115940,1,0.995209,1
D_0002116150,0,0.056540,0
D_0002116570,1,0.993302,1
D_0002116801,1,0.041986,0
D_0002117053,0,0.106256,0
D_0002117641,1,0.987214,1
D_0002117746,1,0.987921,1
D_0002118313,0,0.277166,1
D_0002119090,1,0.999233,1
D_0002119195,0,0.075395,0
D_0002119279,0,0.091252,0
D_0002119300,0,0.061316,0
D_0002119657,1,0.340957,1
D_0002119783,0,0.111158,0
D_0002120245,1,0.990572,1
D_0002120434,1,0.999784,1
D_0002120791,1,0.169376,0
D_0002121001,0,0.071778,0
D_0002121043,1,0.187642,1
D_0002121547,0,0.046020,0
D_0002121652,0,0.349877,1
D_0002121883,0,0.075211,0
D_0002121904,1,0.180300,1
D_0002121925,0,0.030028,0
D_0002121967,1,0.994965,1
D_0002122051,0,0.100188,0
D_0002122576,0,0.039890,0
D_0002122618,1,0.996233,1
D_0002122807,0,0.302600,1
D_0002123038,0,0.126842,0
D_0002123059,1,0.990934,1
D_0002123794,1,0.994144,1
D_0002123815,0,0.082098,0
D_0002123920,1,0.997438,1
D_0002123941,0,0.025086,0
D_0002124130,1,0.991975,1
D_0002124193,1,1.000000,1
D_0002124445,1,0.024445,0
D_0002124676,0,0.079020,0
D_0002124907,0,0.063363,0
D_0002126524,1,0.995633,1
D_0002126629,1,0.997236,1
D_0002127049,0,0.160953,0
D_0002127259,1,0.982545,1
D_0002127343,0,0.107226,0
D_0002127700,0,0.161150,0
D_0002127826,1,0.993708,1
D_0002127868,1,0.986072,1
D_0002127994,0,0.040608,0
D_0002128729,1,0.951732,1
D_0002128771,0,0.073305,0
D_0002128939,1,0.173623,0
D_0002129275,0,0.067646,0
D_0002129338,1,0.980171,1
D_0002129506,1,0.108894,0
D_0002129758,1,0.978923,1
D_0002129926,0,0.149367,0
D_0002130472,1,0.996312,1
D_0002130556,0,0.023980,0
D_0002130598,0,0.030022,0
D_0002130829,0,0.025451,0
D_0002130850,1,0.999501,1
D_0002130955,1,0.997015,1
D_0002131081,1,0.917042,1
D_0002131333,1,0.983907,1
D_0002131837,0,0.108267,0
D_0002132278,0,0.056804,0
D_0002132467,1,0.995106,1
D_0002132929,1,0.457573,1
D_0002132992,0,0.032245,0
D_0002133181,0,0.019339,0
D_0002133496,1,0.138844,0
D_0002134000,0,0.055828,0
D_0002134084,1,0.778815,1
D_0002134252,1,0.887139,1
D_0002134273,1,0.178392,1
D_0002134840,1,0.999660,1
D_0002134924,1,0.258554,1
D_0002135029,1,0.999993,1
D_0002135050,0,0.047329,0
D_0002135155,0,0.026788,0
D_0002135197,1,0.996567,1
D_0002135743,0,0.013498,0
D_0002135764,1,0.994108,1
D_0002136184,1,0.996691,1
D_0002136373,0,0.068304,0
D_0002137234,1,0.993697,1
D_0002137402,0,0.046677,0
D_0002137969,0,0.030348,0
D_0002138809,0,0.201529,1
D_0002139397,1,0.997113,1
D_0002139607,0,0.107548,0
D_0002139754,1,0.995304,1
D_0002140006,1,0.999043,1
D_0002140216,0,0.000011,0
D_0002140300,1,0.069554,0
D_0002140342,1,0.981326,1
D_0002140930,1,0.953701,1
D_0002141056,1,0.997092,1
D_0002141581,0,0.019957,0
D_0002141602,1,0.952838,1
D_0002142337,1,0.165752,0
D_0002142505,0,0.119559,0
D_0002142652,0,0.069860,0
D_0002142757,0,0.102469,0
D_0002143156,0,0.037590,0
D_0002143303,1,0.500671,1
D_0002143345,1,0.988564,1
D_0002143849,0,0.050601,0
D_0002144185,1,0.963085,1
D_0002144206,1,0.994459,1
D_0002144941,0,0.136517,0
D_0002144983,1,0.993882,1
D_0002145067,1,0.999888,1
D_0002145109,0,0.101445,0
D_0002145130,0,0.432643,1
D_0002145151,0,0.075661,0
D_0002146117,0,0.016424,0
D_0002146390,0,0.045952,0
D_0002146789,0,0.095997,0
D_0002146810,0,0.005298,0
D_0002146831,0,0.025128,0
D_0002146999,0,0.030110,0
D_0002147293,1,0.990202,1
D_0002147398,1,0.964613,1
D_0002148175,0,0.058027,0
D_0002148427,1,0.979473,1
D_0002148721,1,0.989189,1
D_0002149414,0,0.233916,1
D_0002149477,1,0.990591,1
D_0002149750,1,0.445798,1
D_0002150149,0,0.018284,0
D_0002150695,1,0.999998,1
D_0002150716,0,0.086531,0
D_0002150779,0,0.011319,0
D_0002151955,1,0.999881,1
D_0002152564,0,0.017490,0
D_0002152711,1,0.991765,1
D_0002152879,1,0.262425,1
D_0002153362,1,0.269848,1
D_0002153866,0,0.070462,0
D_0002154055,0,0.019389,0
D_0002154328,1,0.992698,1
D_0002154580,1,0.987457,1
D_0002154769,0,0.020084,0
D_0002154916,0,0.020023,0
D_0002154937,1,0.992339,1
D_0002155357,1,0.997971,1
D_0002156050,0,0.205317,1
D_0002156764,1,0.142580,0
D_0002156848,1,0.993559,1
D_0002157037,1,0.994050,1
D_0002157226,1,0.977430,1
D_0002157415,0,0.076046,0
D_0002157583,0,0.074646,0
D_0002157919,0,0.182474,1
D_0002157940,1,0.347169,1
D_0002158234,1,0.963449,1
D_0002158570,0,0.122364,0
D_0002158843,0,0.076807,0
D_0002159830,0,0.129862,0
D_0002160271,0,0.058155,0
D_0002161951,0,0.058998,0
D_0002162644,0,0.061349,0
D_0002163190,1,0.933685,1
D_0002163400,1,0.993812,1
D_0002163421,0,0.014535,0
D_0002163484,0,0.172893,0
D_0002163652,1,0.983608,1
D_0002164177,1,0.841225,1
D_0002164618,0,0.072146,0
D_0002165458,1,0.994935,1
D_0002165542,1,0.994229,1
D_0002165836,0,0.035338,0
D_0002166046,1,0.315906,1
D_0002166340,1,0.995819,1
D_0002166508,0,0.036292,0
D_0002166529,1,0.989706,1
D_0002166655,1,0.856257,1
D_0002166739,1,0.992295,1
D_0002167180,0,0.017247,0
D_0002167201,0,0.070236,0
D_0002168272,1,0.994675,1
D_0002169427,0,0.151061,0
D_0002169532,0,0.011772,0
D_0002169721,1,0.163490,0
D_0002169973,1,0.312198,1
D_0002170267,1,0.976317,1
D_0002170603,0,0.044659,0
D_0002170687,1,0.996606,1
D_0002170750,1,0.998400,1
D_0002170897,1,0.995070,1
D_0002171548,1,0.999338,1
D_0002172808,1,0.990472,1
D_0002172934,1,0.998650,1
D_0002174278,1,0.999984,1
D_0002175013,1,0.990063,1
D_0002175160,0,0.031626,0
D_0002175202,1,0.997289,1
D_0002175223,1,0.991225,1
D_0002175454,0,0.034537,0
D_0002175811,1,0.999994,1
D_0002175958,1,0.137626,0
D_0002176735,1,0.992825,1
D_0002176924,0,0.066580,0
D_0002177008,1,0.989419,1
D_0002177029,0,0.043438,0
D_0002177092,0,0.509258,1
D_0002177155,1,0.988493,1
D_0002177197,1,0.993712,1
D_0002177407,0,0.102568,0
D_0002177449,0,0.144457,0
D_0002177554,1,0.062771,0
D_0002177848,1,0.976316,1
D_0002177932,0,0.099541,0
D_0002178037,1,0.999213,1
D_0002178079,0,0.042849,0
D_0002178331,1,0.048499,0
D_0002178373,0,0.034495,0
D_0002178856,0,0.999681,1
D_0002179255,1,0.999996,1
D_0002179654,0,0.097570,0
D_0002179759,0,0.195717,1
D_0002180179,1,0.997412,1
D_0002180284,1,0.990696,1
D_0002180347,0,0.158217,0
D_0002180872,0,0.078132,0
D_0002181019,1,0.987173,1
D_0002181313,1,0.151140,0
D_0002182342,1,0.999978,1
D_0002182384,0,0.067987,0
D_0002182510,0,0.076332,0
D_0002182930,1,0.991901,1
D_0002183833,0,0.099433,0
D_0002184169,1,0.991996,1
D_0002185030,1,0.988410,1
D_0002185681,1,0.987842,1
D_0002185702,0,0.019058,0
D_0002185849,1,0.997708,1
D_0002186185,0,0.162780,0
D_0002186353,1,0.120898,0
D_0002186584,1,0.999855,1
D_0002186731,1,0.999819,1
D_0002187046,0,0.087312,0
D_0002188600,0,0.029670,0
D_0002188684,1,0.993612,1
D_0002188852,0,0.051186,0
D_0002188999,1,0.988157,1
D_0002189293,0,0.041543,0
D_0002189776,1,0.993197,1
D_0002189797,0,0.038799,0
D_0002189902,1,1.000000,1
D_0002190217,0,0.035731,0
D_0002190280,1,0.975580,1
D_0002190385,1,0.999031,1
D_0002190868,1,0.991736,1
D_0002190994,1,0.949681,1
D_0002191183,1,0.982603,1
D_0002191204,0,0.134384,0
D_0002191876,1,0.980291,1
D_0002191939,0,0.041891,0
D_0002191960,0,0.065305,0
D_0002192086,1,0.991551,1
D_0002192191,1,0.994672,1
D_0002192590,0,0.018782,0
D_0002193178,1,0.990964,1
D_0002193199,1,0.861640,1
D_0002193766,1,0.987273,1
D_0002193787,0,0.018071,0
D_0002194081,1,0.999958,1
D_0002194186,1,0.982344,1
D_0002194732,0,0.102270,0
D_0002194795,1,0.289247,1
D_0002194921,0,0.124455,0
D_0002195257,0,0.039301,0
D_0002195383,1,0.834735,1
D_0002195425,1,0.988907,1
D_0002195656,0,0.115660,0
D_0002196013,0,0.171813,0
D_0002196244,0,0.147459,0
D_0002196538,0,0.068526,0
D_0002197000,1,0.999486,1
D_0002197357,1,0.988541,1
D_0002197378,0,0.975423,1
D_0002197462,1,0.505337,1
D_0002197546,0,0.117225,0
D_0002197840,0,0.043850,0
D_0002198092,0,0.030610,0
D_0002198323,0,0.061058,0
D_0002198575,1,0.992262,1
D_0002198638,1,0.991138,1
D_0002199016,1,0.982339,1
D_0002199058,1,0.973386,1
D_0002199247,0,0.156906,0
D_0002199562,0,0.135724,0
D_0002199835,1,0.993457,1
D_0002199982,0,0.981327,1
D_0002200087,1,0.999443,1
D_0002200486,0,0.029024,0
D_0002200675,0,0.373649,1
D_0002200990,0,0.139410,0
D_0002201473,0,0.070714,0
D_0002201557,1,0.993814,1
D_0002201746,0,0.081837,0
D_0002201767,0,0.133411,0
D_0002202124,0,0.064026,0
D_0002202187,1,0.999969,1
D_0002202250,0,0.113608,0
D_0002202817,1,0.985889,1
D_0002203048,1,0.987673,1
D_0002204077,1,0.989917,1
D_0002204182,1,0.990765,1
D_0002204287,1,0.994752,1
D_0002204833,1,0.973627,1
D_0002204938,0,0.082509,0
D_0002205232,0,0.038851,0
D_0002205421,1,0.232164,1
D_0002206282,1,0.983419,1
D_0002206408,0,0.072069,0
D_0002206576,0,0.059161,0
D_0002206681,1,0.991224,1
D_0002207143,1,0.993502,1
D_0002207689,0,0.147878,0
D_0002207773,1,0.997974,1
D_0002209075,0,0.013696,0
D_0002209579,0,0.038685,0
D_0002209621,1,0.991417,1
D_0002210230,1,0.995744,1
D_0002210272,0,0.259233,1
D_0002211196,1,0.993034,1
D_0002211427,1,0.995531,1
D_0002211616,0,0.193001,1
D_0002211700,1,0.998555,1
D_0002212204,1,0.127127,0
D_0002212372,1,0.985226,1
D_0002213233,0,0.028392,0
D_0002213338,1,0.989337,1
D_0002213443,1,0.138720,0
D_0002213611,0,0.082936,0
D_0002214031,0,0.910965,1
D_0002214157,0,0.131591,0
D_0002214703,1,0.996383,1
D_0002215018,0,0.028782,0
D_0002215354,0,0.964179,1
D_0002215984,1,0.983063,1
D_0002216488,1,0.987536,1
D_0002216845,1,0.994629,1
D_0002217181,1,0.999118,1
D_0002217412,0,0.086070,0
D_0002217895,0,0.060532,0
D_0002218000,0,0.095826,0
D_0002218273,0,0.141989,0
D_0002218924,1,0.729357,1
D_0002219071,1,0.991764,1
D_0002219113,1,0.999408,1
D_0002219176,1,0.996899,1
D_0002220121,1,0.068030,0
D_0002220289,0,0.030694,0
D_0002220394,1,0.999996,1
D_0002220646,0,0.047998,0
D_0002220751,0,0.913116,1
D_0002221549,1,0.152030,0
D_0002222431,0,0.138708,0
D_0002222473,0,0.026290,0
D_0002223565,1,0.097540,0
D_0002224006,0,0.094988,0
D_0002224216,0,0.167960,0
D_0002224783,1,0.976097,1
D_0002225518,1,0.989019,1
D_0002225875,1,0.993261,1
D_0002225959,1,0.999946,1
D_0002226085,1,0.997002,1
D_0002226337,1,0.994308,1
D_0002226400,0,0.582614,1
D_0002226547,0,0.059875,0
D_0002227030,0,0.021353,0
D_0002227093,0,0.126958,0
D_0002227240,1,0.991850,1
D_0002227345,1,0.999397,1
D_0002227471,0,0.062044,0
D_0002227639,0,0.061389,0
D_0002228080,0,0.160531,0
D_0002228164,1,0.993743,1
D_0002228563,0,0.073996,0
D_0002228626,0,0.027557,0
D_0002228962,0,0.023033,0
D_0002229088,1,0.994355,1
D_0002229109,1,0.999595,1
D_0002229424,1,0.988711,1
D_0002230117,1,0.974118,1
D_0002230159,1,0.988215,1
D_0002230495,1,0.986652,1
D_0002230810,1,0.097733,0
D_0002230852,1,0.992018,1
D_0002230894,1,0.126528,0
D_0002230957,0,0.067333,0
D_0002231230,1,0.057372,0
D_0002231650,1,0.998604,1
D_0002231776,0,0.059516,0
D_0002232574,0,0.261070,1
D_0002233393,0,0.976931,1
D_0002233624,0,0.114224,0
D_0002233855,0,0.076684,0
D_0002234023,1,0.986394,1
D_0002234191,0,0.040573,0
D_0002234275,0,0.934771,1
D_0002234527,1,0.114298,0
D_0002234695,1,0.991221,1
D_0002234926,1,0.996990,1
D_0002235010,0,0.071787,0
D_0002235094,0,0.437453,1
D_0002235367,0,0.139971,0
D_0002235430,1,0.971804,1
D_0002236060,1,0.992185,1
D_0002236900,1,0.989190,1
D_0002237173,1,0.995048,1
D_0002237257,1,0.977268,1
D_0002237488,1,0.259460,1
D_0002238223,0,0.061391,0
D_0002238391,1,0.990613,1
D_0002238412,0,0.222958,1
D_0002238580,1,0.992399,1
D_0002238853,0,0.013541,0
D_0002239042,0,0.203524,1
D_0002239105,1,0.999574,1
D_0002239735,0,0.031425,0
D_0002240218,1,0.995428,1
D_0002241205,0,0.331514,1
D_0002241310,1,0.016427,0
D_0002242171,0,0.035086,0
D_0002242297,1,0.997602,1
D_0002242318,1,0.955154,1
D_0002242402,1,0.973597,1
D_0002242717,0,0.099998,0
D_0002242885,1,0.973946,1
D_0002243473,1,0.996820,1
D_0002244040,0,0.073213,0
D_0002244082,1,0.992637,1
D_0002244922,1,0.980740,1
D_0002245048,0,0.022032,0
D_0002245321,0,0.138412,0
D_0002245405,0,0.022147,0
D_0002245615,0,0.062838,0
D_0002246119,0,0.052195,0
D_0002246560,1,0.835153,1
D_0002246770,1,0.999454,1
D_0002247169,1,0.994744,1
D_0002247253,1,0.991932,1
D_0002247631,0,0.115705,0
D_0002248303,1,0.983979,1
D_0002248702,0,0.141382,0
D_0002248723,1,0.996068,1
D_0002249164,1,0.242690,1
D_0002249395,0,0.062522,0
D_0002249647,0,0.065985,0
D_0002249878,1,0.054120,0
D_0002250424,1,0.995800,1
D_0002250718,0,0.085692,0
D_0002251012,0,0.028316,0
D_0002251642,1,0.761404,1
D_0002252083,0,0.194075,1
D_0002252125,0,0.298051,1
D_0002252230,0,0.022808,0
D_0002253007,1,0.998838,1
D_0002253028,0,0.030983,0
D_0002253154,1,0.999663,1
D_0002253196,1,0.993673,1
D_0002253721,1,0.993696,1
D_0002253952,1,0.986848,1
D_0002254582,1,0.997327,1
D_0002254834,0,0.070131,0
D_0002254855,0,0.076779,0
D_0002255065,0,0.027072,0
D_0002255107,0,0.028798,0
D_0002255338,1,0.587029,1
D_0002255716,1,0.980313,1
D_0002255821,0,0.077171,0
D_0002256073,0,0.013497,0
D_0002256304,1,0.991045,1
D_0002256556,1,0.992247,1
D_0002256619,1,0.700276,1
D_0002256724,1,0.994649,1
D_0002256892,0,0.168393,0
D_0002257396,0,0.130478,0
D_0002257459,0,0.167904,0
D_0002257690,1,0.987667,1
D_0002258005,1,0.994357,1
D_0002258026,1,0.982036,1
D_0002258068,0,0.344883,1
D_0002258278,1,0.997023,1
D_0002258488,1,0.539263,1
D_0002258635,1,0.116588,0
D_0002259223,1,0.994963,1
D_0002259307,1,0.986050,1
D_0002259412,1,0.838351,1
D_0002259664,1,0.999232,1
D_0002260147,1,0.982180,1
D_0002260252,1,0.994574,1
D_0002260420,1,0.994564,1
D_0002260714,1,0.860703,1
D_0002260735,1,0.984619,1
D_0002261092,1,0.965623,1
D_0002261449,0,0.033212,0
D_0002261491,0,0.067377,0
D_0002261617,0,0.074222,0
D_0002261953,1,0.976722,1
D_0002261974,1,0.990021,1
D_0002262058,0,0.007753,0
D_0002262268,0,0.152653,0
D_0002262310,0,0.220869,1
D_0002262436,1,0.982471,1
D_0002262457,0,0.021896,0
D_0002262751,0,0.074207,0
D_0002263465,1,0.998650,1
D_0002263654,1,0.993193,1
D_0002263759,0,0.090263,0
D_0002263801,0,0.137866,0
D_0002263885,1,0.967328,1
D_0002264179,1,0.996427,1
D_0002264830,0,0.081064,0
D_0002265103,1,0.997232,1
D_0002265208,0,0.020091,0
D_0002265292,1,0.981863,1
D_0002265691,1,0.993242,1
D_0002266279,0,0.094199,0
D_0002267266,0,0.138693,0
D_0002267497,0,0.032033,0
D_0002267518,0,0.027763,0
D_0002267686,1,0.337756,1
D_0002268043,1,0.977212,1
D_0002268106,0,0.013661,0
D_0002268484,0,0.047050,0
D_0002268841,0,0.108599,0
D_0002269240,1,0.324488,1
D_0002269408,0,0.978181,1
D_0002269660,1,0.999944,1
D_0002271130,1,0.986220,1
D_0002271151,1,0.979041,1
D_0002271340,0,0.464773,1
D_0002271445,0,0.155832,0
D_0002271571,0,0.072377,0
D_0002271802,0,0.066974,0
D_0002271991,1,0.854150,1
D_0002272264,0,0.099580,0
D_0002272810,0,0.062141,0
D_0002272999,1,0.998007,1
D_0002273713,0,0.221557,1
D_0002273755,0,0.066636,0
D_0002273881,1,0.992757,1
D_0002273965,1,0.985449,1
D_0002274154,0,0.129165,0
D_0002274763,0,0.038069,0
D_0002275288,0,0.011480,0
D_0002275603,1,0.999629,1
D_0002275729,1,0.743426,1
D_0002276212,0,0.020127,0
D_0002276800,1,0.998739,1
D_0002277115,0,0.090350,0
D_0002277157,0,0.087629,0
D_0002277682,1,0.999500,1
D_0002277724,0,0.004745,0
D_0002278081,0,0.047510,0
D_0002278207,1,0.032419,0
D_0002278333,0,0.055842,0
D_0002278417,1,0.992901,1
D_0002278438,0,0.071207,0
D_0002278585,0,0.081683,0
D_0002278900,1,0.991654,1
D_0002279530,1,0.997268,1
D_0002279593,1,0.040421,0
D_0002279614,0,0.018549,0
D_0002279992,1,0.992198,1
D_0002280055,1,0.995719,1
D_0002280286,0,0.576139,1
D_0002280433,0,0.274154,1
D_0002280685,1,0.994751,1
D_0002280853,1,0.988784,1
D_0002280874,1,0.987100,1
D_0002280937,1,0.989903,1
D_0002281147,0,0.045819,0
D_0002281588,1,0.167555,0
D_0002281630,1,0.049118,0
D_0002281966,1,0.993989,1
D_0002282596,0,0.115311,0
D_0002282890,0,0.148868,0
D_0002283121,1,0.994250,1
D_0002283226,1,0.992176,1
D_0002283709,0,0.003615,0
D_0002284045,0,0.046240,0
D_0002284066,1,0.049977,0
D_0002284507,0,0.070710,0
D_0002284528,0,0.033687,0
D_0002284738,1,0.991470,1
D_0002284864,1,0.990143,1
D_0002284885,1,0.968290,1
D_0002285011,1,0.999999,1
D_0002285074,0,0.074996,0
D_0002285116,0,0.033863,0
D_0002285179,1,0.985491,1
D_0002285305,0,0.030245,0
D_0002285704,0,0.035296,0
D_0002285872,1,0.989853,1
D_0002286061,0,0.144966,0
D_0002286250,1,0.910183,1
D_0002286586,1,0.195063,1
D_0002287195,0,0.062394,0
D_0002287720,1,0.984025,1
D_0002287867,0,0.034020,0
D_0002288077,1,0.995117,1
D_0002288119,1,0.985852,1
D_0002288140,1,0.992900,1
D_0002289106,0,0.024660,0
D_0002289526,0,0.019503,0
D_0002289610,0,0.149807,0
D_0002290072,1,0.995128,1
D_0002290219,1,0.986470,1
D_0002290324,0,0.143876,0
D_0002290702,1,0.982643,1
D_0002291122,1,0.078082,0
D_0002291332,1,0.159691,0
D_0002291437,0,0.054307,0
D_0002291710,0,0.110661,0
D_0002291899,1,0.986529,1
D_0002292340,1,0.107458,0
D_0002292424,0,0.079610,0
D_0002292466,0,0.363376,1
D_0002292655,0,0.043356,0
D_0002293138,0,0.105762,0
D_0002293306,0,0.036505,0
D_0002293474,1,0.994451,1
D_0002293747,1,0.998808,1
D_0002294230,1,0.989953,1
D_0002294608,0,0.059034,0
D_0002295091,0,0.080257,0
D_0002295112,0,0.058024,0
D_0002295154,1,0.993099,1
D_0002295553,1,0.993070,1
D_0002295595,1,0.993903,1
D_0002295700,1,0.999999,1
D_0002295721,0,0.037065,0
D_0002295910,1,0.993135,1
D_0002296120,1,0.822805,1
D_0002296309,0,0.046880,0
D_0002296477,1,0.994020,1
D_0002296729,1,0.972532,1
D_0002296813,0,0.112758,0
D_0002297485,1,0.980392,1
D_0002297989,1,0.985899,1
D_0002298451,1,0.132547,0
D_0002298535,1,0.047272,0
D_0002298640,1,0.993634,1
D_0002298661,1,0.081538,0
D_0002298787,1,0.032648,0
D_0002299144,0,0.088798,0
D_0002299480,0,0.003131,0
D_0002299564,1,0.993609,1
D_0002299606,0,0.141485,0
D_0002299753,0,0.006126,0
D_0002299858,0,0.051439,0
D_0002300068,0,0.147524,0
D_0002300299,1,0.999813,1
D_0002300887,1,0.980109,1
D_0002301496,0,0.114521,0
D_0002301685,0,0.086254,0
D_0002302042,1,0.999992,1
D_0002302945,0,0.091229,0
D_0002303743,1,0.993601,1
D_0002303764,0,0.062425,0
D_0002303932,0,0.057228,0
D_0002303974,1,0.980373,1
D_0002304310,0,0.097744,0
D_0002304520,1,0.222279,1
D_0002304625,1,0.994864,1
D_0002304940,1,0.998335,1
D_0002305360,1,0.982102,1
D_0002306704,0,0.213932,1
D_0002307103,1,0.980135,1
D_0002307691,1,0.990659,1
D_0002307943,1,0.995059,1
D_0002308153,1,0.995600,1
D_0002308300,1,0.927159,1
D_0002308762,1,0.997715,1
D_0002309056,1,0.997752,1
D_0002309413,0,0.008736,0
D_0002310064,1,0.993629,1
D_0002310484,0,0.177478,0
D_0002311513,0,0.021451,0
D_0002311660,1,0.991755,1
D_0002311786,1,0.993940,1
D_0002311996,0,0.090877,0
D_0002312059,1,0.997261,1
D_0002312416,1,0.054337,0
D_0002312542,0,0.057176,0
D_0002312563,1,0.982986,1
D_0002312668,1,0.039048,0
D_0002312983,1,0.095648,0
D_0002313403,1,0.980096,1
D_0002313487,1,0.302422,1
D_0002313865,1,0.224156,1
D_0002313886,0,0.046327,0
D_0002314033,1,0.983253,1
D_0002314306,0,0.019901,0
D_0002315083,1,0.068926,0
D_0002315125,0,0.047640,0
D_0002315272,1,0.988819,1
D_0002315461,0,0.181672,1
D_0002315566,1,0.982750,1
D_0002315608,1,0.983472,1
D_0002315629,1,0.999829,1
D_0002316196,0,0.035824,0
D_0002316364,1,0.113689,0
D_0002316511,1,0.999882,1
D_0002316637,0,0.123387,0
D_0002317036,0,0.155893,0
D_0002317078,0,0.059491,0
D_0002317372,0,0.052960,0
D_0002317687,1,0.999882,1
D_0002317813,1,0.136765,0
D_0002317876,0,0.070299,0
D_0002318170,1,0.989119,1
D_0002318212,1,0.992341,1
D_0002318317,1,0.645359,1
D_0002318632,0,0.102552,0
D_0002319157,1,0.872042,1
D_0002319493,0,0.032849,0
D_0002319892,1,0.996830,1
D_0002320018,1,0.996210,1
D_0002320354,1,0.994219,1
D_0002320522,0,0.056741,0
D_0002320732,0,0.117270,0
D_0002321740,1,0.049866,0
D_0002321971,1,0.091375,0
D_0002322097,1,0.991740,1
D_0002322559,1,0.989049,1
D_0002322790,0,0.006631,0
D_0002322937,1,0.925065,1
D_0002323084,1,0.983287,1
D_0002323147,1,0.121352,0
D_0002323567,0,0.019844,0
D_0002323840,1,0.996830,1
D_0002324008,0,0.056918,0
D_0002324092,1,0.990890,1
D_0002324239,0,0.110129,0
D_0002324512,1,0.984053,1
D_0002324617,0,0.090351,0
D_0002324869,0,0.288729,1
D_0002324890,1,0.996449,1
D_0002324974,1,0.698831,1
D_0002325205,1,0.987096,1
D_0002325604,0,0.045003,0
D_0002325625,1,0.992170,1
D_0002326108,1,0.995029,1
D_0002326150,0,0.028448,0
D_0002326591,0,0.080215,0
D_0002326885,1,0.993879,1
D_0002326948,1,0.994973,1
D_0002327872,1,0.997858,1
D_0002329027,1,0.187559,1
D_0002330476,0,0.059474,0
D_0002330791,1,0.997054,1
D_0002330812,0,0.016345,0
D_0002330854,0,0.093026,0
D_0002331463,0,0.402577,1
D_0002331757,0,0.092089,0
D_0002332219,0,0.147665,0
D_0002332513,1,0.952965,1
D_0002333626,1,0.977784,1
D_0002333857,0,0.241201,1
D_0002333962,0,0.038297,0
D_0002334928,1,0.996437,1
D_0002334991,0,0.258016,1
D_0002335201,1,0.964407,1
D_0002335621,1,0.076811,0
D_0002335684,0,0.210196,1
D_0002335747,1,0.982102,1
D_0002336608,0,0.265689,1
D_0002336839,0,0.304534,1
D_0002337175,1,0.996197,1
D_0002337280,1,0.070586,0
D_0002337385,1,0.988822,1
D_0002337469,1,0.990038,1
D_0002337679,1,0.999558,1
D_0002337868,0,0.202102,1
D_0002338246,1,0.987989,1
D_0002338582,0,0.188832,1
D_0002339107,0,0.328851,1
D_0002339233,1,0.998098,1
D_0002339254,0,0.052692,0
D_0002340661,0,0.106863,0
D_0002340682,0,0.062326,0
D_0002340808,1,0.977236,1
D_0002340850,1,0.993097,1
D_0002340913,1,0.985423,1
D_0002340976,0,0.120651,0
D_0002341501,1,0.999918,1
D_0002341669,1,0.973284,1
D_0002342530,0,0.050818,0
D_0002342761,1,0.987525,1
D_0002343181,0,0.033912,0
D_0002343202,1,0.996358,1
D_0002343538,1,0.999361,1
D_0002343685,1,0.258510,1
D_0002343706,1,0.748805,1
D_0002344126,0,0.101027,0
D_0002344756,1,0.984491,1
D_0002345218,0,0.969240,1
D_0002345806,0,0.055801,0
D_0002346709,0,0.048432,0
D_0002347003,0,0.055732,0
D_0002347297,1,0.103024,0
D_0002347339,0,0.894811,1
D_0002348515,0,0.014079,0
D_0002348746,1,0.995257,1
D_0002348767,1,0.097459,0
D_0002349145,1,0.993043,1
D_0002349292,0,0.065244,0
D_0002349691,1,0.991614,1
D_0002349943,0,0.101376,0
D_0002350090,0,0.028969,0
D_0002350258,0,0.130273,0
D_0002350300,1,0.982480,1
D_0002350552,1,0.986301,1
D_0002350699,1,0.051953,0
D_0002350720,0,0.068871,0
D_0002350888,1,0.997858,1
D_0002351266,0,0.942184,1
D_0002351308,0,0.134827,0
D_0002351791,1,0.981778,1
D_0002351812,1,0.996914,1
D_0002351896,1,0.991794,1
D_0002352589,0,0.046723,0
D_0002352610,1,0.111610,0
D_0002353051,0,0.075328,0
D_0002353345,1,0.999657,1
D_0002353408,1,0.343808,1
D_0002353534,0,0.197271,1
D_0002354080,1,0.994825,1
D_0002354647,1,0.172825,0
D_0002354836,1,0.964221,1
D_0002354899,0,0.047996,0
D_0002355004,0,0.117847,0
D_0002355739,0,0.033015,0
D_0002356579,1,0.976401,1
D_0002356726,1,0.993322,1
D_0002356768,0,0.124049,0
D_0002356894,1,0.153752,0
D_0002357041,1,0.996134,1
D_0002357125,0,0.014570,0
D_0002357881,0,0.019066,0
D_0002358343,0,0.023300,0
D_0002358595,0,0.154242,0
D_0002358658,0,0.033530,0
D_0002358805,1,0.994908,1
D_0002358826,1,0.981059,1
D_0002359204,0,0.799647,1
D_0002360317,1,0.987643,1
D_0002360401,0,0.033591,0
D_0002360569,0,0.007898,0
D_0002360632,1,0.991696,1
D_0002361115,0,0.973005,1
D_0002362207,0,0.081973,0
D_0002362396,0,0.072150,0
D_0002362627,0,0.042815,0
D_0002363341,1,0.999850,1
D_0002363614,1,0.991548,1
D_0002363950,0,0.046571,0
D_0002364139,0,0.057232,0
D_0002364349,0,0.041084,0
D_0002364664,0,0.079530,0
D_0002364895,1,0.149664,0
D_0002365105,1,0.846260,1
D_0002365168,0,0.118641,0
D_0002365189,1,0.999972,1
D_0002365315,0,0.084416,0
D_0002365651,1,0.993117,1
D_0002366218,1,0.991173,1
D_0002366974,0,0.134100,0
D_0002367058,1,0.987190,1
D_0002367142,0,0.005811,0
D_0002368066,0,0.059247,0
D_0002368486,1,0.905017,1
D_0002368843,1,0.151951,0
D_0002369221,1,0.994770,1
D_0002369305,1,0.990974,1
D_0002369578,1,0.996827,1
D_0002369977,1,0.998995,1
D_0002370313,1,0.993977,1
D_0002370481,1,0.995529,1
D_0002370670,1,0.991497,1
D_0002370733,1,0.991076,1
D_0002370985,0,0.106406,0
D_0002371258,0,0.110400,0
D_0002371657,0,0.023882,0
D_0002371762,1,0.991836,1
D_0002372161,1,0.109887,0
D_0002372518,1,0.967178,1
D_0002372749,0,0.107300,0
D_0002373694,1,0.912857,1
D_0002373841,1,0.965694,1
D_0002374093,0,0.032897,0
D_0002374135,1,0.894570,1
D_0002374912,1,0.994964,1
D_0002374975,0,0.036475,0
D_0002375164,0,0.059030,0
D_0002376088,1,0.998563,1
D_0002376466,1,0.991039,1
D_0002376949,1,0.996249,1
D_0002377222,1,0.995433,1
D_0002377747,0,0.056131,0
D_0002377957,0,0.033012,0
D_0002377978,0,0.046820,0
D_0002378125,1,0.977021,1
D_0002378524,1,0.995838,1
D_0002378671,1,0.785846,1
D_0002379049,1,0.994675,1
D_0002379175,0,0.047002,0
D_0002379322,1,0.430420,1
D_0002380015,0,0.045584,0
D_0002380183,1,0.909719,1
D_0002380771,1,0.991781,1
D_0002381044,0,0.294579,1
D_0002381632,1,0.995404,1
D_0002381674,0,0.014962,0
D_0002382094,1,0.998490,1
D_0002382262,1,0.997901,1
D_0002383270,0,0.123281,0
D_0002383417,0,0.072503,0
D_0002383963,0,0.073413,0
D_0002384152,0,0.139667,0
D_0002384803,1,0.993939,1
D_0002385160,0,0.085120,0
D_0002386231,1,0.964293,1
D_0002386819,1,0.999389,1
D_0002387008,0,0.055706,0
D_0002387134,1,0.990955,1
D_0002387932,1,0.987099,1
D_0002389297,1,0.989019,1
D_0002389885,1,0.997121,1
D_0002389927,1,0.156751,0
D_0002390053,0,0.042674,0
D_0002390410,0,0.032986,0
D_0002390431,1,0.996125,1
D_0002390578,1,0.996066,1
D_0002390704,0,0.072225,0
D_0002390893,1,0.263584,1
D_0002391544,0,0.093358,0
D_0002391607,0,0.047148,0
D_0002392363,1,0.991570,1
D_0002392615,1,0.982578,1
D_0002392762,1,0.999922,1
D_0002393203,0,0.013693,0
D_0002393791,0,0.121039,0
D_0002394043,0,0.033420,0
D_0002394274,1,0.992522,1
D_0002394337,0,0.014651,0
D_0002394463,0,0.083638,0
D_0002394652,0,0.051876,0
D_0002394946,0,0.034588,0
D_0002395723,1,0.989333,1
D_0002395765,1,0.988926,1
D_0002396164,0,0.222503,1
D_0002396941,1,0.996268,1
D_0002397298,1,0.126702,0
D_0002397361,0,0.065007,0
D_0002397655,1,0.991719,1
D_0002397865,1,0.993655,1
D_0002398117,1,0.997022,1
D_0002398222,1,0.536443,1
D_0002398243,1,0.995200,1
D_0002398285,1,0.990035,1
D_0002398390,0,0.121642,0
D_0002398495,1,0.529852,1
D_0002398810,1,0.995076,1
D_0002398957,1,0.278718,1
D_0002399965,1,0.990528,1
D_0002400805,1,0.989165,1
D_0002400889,0,0.088732,0
D_0002401141,0,0.244212,1
D_0002401162,0,0.028224,0
D_0002401519,0,0.025148,0
D_0002401897,1,0.690993,1
D_0002401918,0,0.140525,0
D_0002402023,0,0.088060,0
D_0002402275,1,0.996185,1
D_0002402506,1,0.946890,1
D_0002403661,0,0.021592,0
D_0002403808,0,0.227607,1
D_0002403934,0,0.055843,0
D_0002404291,1,0.999962,1
D_0002404459,1,0.997076,1
D_0002404858,1,0.988084,1
D_0002405110,1,0.056350,0
D_0002405194,1,0.996998,1
D_0002405236,0,0.020605,0
D_0002405467,1,0.996918,1
D_0002405761,0,0.089640,0
D_0002405824,1,0.988649,1
D_0002406118,1,0.993920,1
D_0002406181,1,0.996482,1
D_0002406223,1,0.999961,1
D_0002406412,1,0.996767,1
D_0002406517,1,0.199086,1
D_0002406622,1,0.993747,1
D_0002406643,1,0.999942,1
D_0002406958,0,0.070916,0
D_0002407315,0,0.023571,0
D_0002407546,0,0.038998,0
D_0002407819,1,0.994300,1
D_0002407861,0,0.143109,0
D_0002407966,0,0.194284,1
D_0002409016,0,0.977857,1
D_0002409142,0,0.291437,1
D_0002409226,0,0.045852,0
D_0002409289,0,0.080754,0
D_0002409982,1,0.997887,1
D_0002410150,1,0.995847,1
D_0002410318,0,0.014254,0
D_0002410696,0,0.076211,0
D_0002411326,0,0.074903,0
D_0002411368,0,0.099008,0
D_0002411578,0,0.019344,0
D_0002411620,0,0.085945,0
D_0002411767,0,0.106302,0
D_0002412418,0,0.080289,0
D_0002413216,1,0.994805,1
D_0002413321,1,0.031963,0
D_0002413531,0,0.132773,0
D_0002413636,0,0.136488,0
D_0002413678,1,0.996899,1
D_0002413867,1,0.995749,1
D_0002414014,1,0.399170,1
D_0002414896,1,0.996538,1
D_0002414980,1,0.627729,1
D_0002415925,1,0.998007,1
D_0002415946,1,0.982633,1
D_0002416177,1,0.870123,1
D_0002416702,1,0.999200,1
D_0002417563,0,0.016909,0
D_0002417626,1,0.995126,1
D_0002417731,0,0.196051,1
D_0002417815,1,0.991935,1
D_0002417941,0,0.116145,0
D_0002418004,1,0.990529,1
D_0002418340,0,0.062918,0
D_0002418739,1,0.998970,1
D_0002418991,0,0.093030,0
D_0002419054,0,0.075921,0
D_0002419138,0,0.018478,0
D_0002419285,1,0.995967,1
D_0002419390,0,0.073643,0
D_0002420062,1,0.932690,1
D_0002422288,0,0.018852,0
D_0002422330,0,0.990760,1
D_0002422897,1,0.991729,1
D_0002423128,0,0.031262,0
D_0002423212,1,0.126101,0
D_0002423590,0,0.472716,1
D_0002423611,0,0.053636,0
D_0002423653,1,0.743167,1
D_0002423821,1,0.995916,1
D_0002423947,0,0.035516,0
D_0002424283,1,0.999974,1
D_0002424388,1,0.991370,1
D_0002424766,1,0.213360,1
D_0002424892,1,0.990324,1
D_0002424913,1,0.976845,1
D_0002425207,0,0.022204,0
D_0002425375,0,0.066292,0
D_0002425711,0,0.219002,1
D_0002426089,1,0.993880,1
D_0002426320,0,0.128657,0
D_0002426761,1,0.995545,1
D_0002427307,1,0.993857,1
D_0002427580,1,0.990373,1
D_0002427853,1,0.994584,1
D_0002428021,1,0.041895,0
D_0002428252,0,0.020914,0
D_0002428861,0,0.117973,0
D_0002429092,1,0.976651,1
D_0002429260,1,0.995869,1
D_0002429617,1,0.322390,1
D_0002429785,1,0.999940,1
D_0002429869,0,0.061749,0
D_0002430436,1,0.246000,1
D_0002430730,1,0.973852,1
D_0002430751,1,0.994958,1
D_0002431423,1,0.925245,1
D_0002431486,1,0.250968,1
D_0002431843,1,0.987695,1
D_0002432431,1,0.996502,1
D_0002432515,0,0.151752,0
D_0002433397,0,0.201142,1
D_0002433754,0,0.164735,0
D_0002433775,1,0.986194,1
D_0002433817,0,0.047423,0
D_0002433901,1,0.570249,1
D_0002433964,1,0.977543,1
D_0002434867,1,0.142102,0
D_0002435623,1,0.992245,1
D_0002435959,1,0.230504,1
D_0002436064,0,0.029188,0
D_0002436463,1,0.987756,1
D_0002436715,0,0.033074,0
D_0002437030,0,0.032234,0
D_0002437093,1,0.994264,1
D_0002437345,0,0.113894,0
D_0002437597,0,0.185492,1
D_0002437723,1,0.981101,1
D_0002437870,0,0.041313,0
D_0002437975,1,0.035406,0
D_0002438080,1,0.233530,1
D_0002438164,1,0.996937,1
D_0002438395,0,0.013398,0
D_0002438416,0,0.059935,0
D_0002438836,0,0.104862,0
D_0002438878,1,0.994505,1
D_0002439193,1,0.996617,1
D_0002439424,1,0.198037,1
D_0002439802,1,0.957549,1
D_0002439823,1,0.986377,1
D_0002440159,1,0.982158,1
D_0002440663,0,0.058411,0
D_0002440789,1,0.069881,0
D_0002440852,1,0.990992,1
D_0002441104,1,0.989323,1
D_0002441167,1,0.208949,1
D_0002441251,1,0.995110,1
D_0002441587,1,0.999898,1
D_0002441671,0,0.042231,0
D_0002442469,0,0.046361,0
D_0002442700,0,0.045178,0
D_0002442868,0,0.019819,0
D_0002443162,1,0.995427,1
D_0002443771,1,0.999896,1
D_0002443834,0,0.045264,0
D_0002443876,0,0.030370,0
D_0002444002,1,0.995439,1
D_0002444506,1,0.208903,1
D_0002444590,0,0.080431,0
D_0002445094,0,0.079259,0
D_0002445430,0,0.011053,0
D_0002446207,1,0.304152,1
D_0002446438,0,0.048284,0
D_0002446606,1,0.973620,1
D_0002447068,1,0.994458,1
D_0002447698,0,0.466663,1
D_0002448181,1,0.996516,1
D_0002448244,1,0.212606,1
D_0002448853,1,0.993588,1
D_0002449315,0,0.053148,0
D_0002449651,0,0.055733,0
D_0002449882,0,0.079347,0
D_0002450239,1,0.986204,1
D_0002450743,1,0.099992,0
D_0002451226,0,0.061631,0
D_0002451247,1,0.996780,1
D_0002451961,0,0.019115,0
D_0002452108,1,0.999782,1
D_0002452192,1,0.994737,1
D_0002452822,1,0.440879,1
D_0002453116,1,0.999929,1
D_0002453620,1,0.944932,1
D_0002453662,1,0.986407,1
D_0002453788,1,0.986134,1
D_0002453830,1,0.998309,1
D_0002453893,1,0.986006,1
D_0002453977,0,0.052962,0
D_0002454586,0,0.016189,0
D_0002454649,1,0.996962,1
D_0002454733,1,0.050052,0
D_0002455258,0,0.011614,0
D_0002455321,0,0.069900,0
D_0002455405,0,0.049206,0
D_0002455426,0,0.071862,0
D_0002456119,1,0.988140,1
D_0002456497,0,0.199416,1
D_0002456749,1,0.988656,1
D_0002456875,0,0.165782,0
D_0002457673,1,0.190299,1
D_0002458114,0,0.025946,0
D_0002458471,0,0.133951,0
D_0002458618,1,0.989723,1
D_0002458828,1,0.993069,1
D_0002459122,1,0.974268,1
D_0002459311,0,0.256853,1
D_0002460151,0,0.036315,0
D_0002460235,1,0.995984,1
D_0002460844,0,0.044964,0
D_0002460991,0,0.100646,0
D_0002461327,0,0.039770,0
D_0002461495,1,0.032690,0
D_0002461663,0,0.389445,1
D_0002462272,1,0.979675,1
D_0002462293,1,0.981889,1
D_0002463637,0,0.017906,0
D_0002463889,1,0.998860,1
D_0002463931,1,0.937368,1
D_0002464267,0,0.160583,0
D_0002464351,1,0.775269,1
D_0002464540,1,0.262590,1
D_0002464582,0,0.027148,0
D_0002464708,1,0.257376,1
D_0002464729,1,0.991410,1
D_0002465674,1,0.116400,0
D_0002465758,1,0.992595,1
D_0002465779,1,0.994176,1
D_0002465800,0,0.083564,0
D_0002465947,1,0.993782,1
D_0002466283,0,0.101074,0
D_0002466325,1,0.995379,1
D_0002466388,1,0.999623,1
D_0002466514,1,0.166289,0
D_0002466535,1,0.997272,1
D_0002466556,1,0.992820,1
D_0002466598,1,0.991194,1
D_0002466808,1,0.994710,1
D_0002466892,0,0.258718,1
D_0002466934,0,0.039269,0
D_0002467060,1,0.995826,1
D_0002467396,0,0.131538,0
D_0002467795,1,0.043010,0
D_0002468005,1,0.122683,0
D_0002468173,0,0.070546,0
D_0002468551,1,0.993042,1
D_0002468614,1,0.992618,1
D_0002468887,0,0.159418,0
D_0002469475,0,0.047660,0
D_0002469496,0,0.104902,0
D_0002469958,0,0.087135,0
D_0002470042,0,0.016136,0
D_0002470672,1,0.957803,1
D_0002471155,1,0.967379,1
D_0002471365,1,0.154091,0
D_0002471869,0,0.012732,0
D_0002472121,0,0.088275,0
D_0002472625,0,0.058239,0
D_0002473087,1,0.084936,0
D_0002473675,1,0.993286,1
D_0002473759,0,0.978428,1
D_0002473801,0,0.011957,0
D_0002474494,1,0.978505,1
D_0002474914,1,0.968309,1
D_0002475124,1,0.997094,1
D_0002475733,0,0.035140,0
D_0002476153,0,0.037173,0
D_0002476237,0,0.005688,0
D_0002476762,0,0.124750,0
D_0002477224,0,0.011073,0
D_0002477308,1,0.996052,1
D_0002477497,1,0.985576,1
D_0002477623,1,0.983885,1
D_0002477791,1,0.981580,1
D_0002478022,1,0.784933,1
D_0002479198,0,0.268538,1
D_0002479324,0,0.016017,0
D_0002479618,0,0.080205,0
D_0002479849,0,0.134266,0
D_0002480206,1,0.982984,1
D_0002480290,1,0.994750,1
D_0002480920,0,0.087156,0
D_0002481130,1,0.998782,1
D_0002481592,1,0.994260,1
D_0002481634,1,0.988581,1
D_0002481718,1,0.842082,1
D_0002482054,1,0.998770,1
D_0002482201,1,0.107927,0
D_0002482516,0,0.057899,0
D_0002482684,1,0.985215,1
D_0002482852,0,0.040640,0
D_0002482936,0,0.960235,1
D_0002483545,0,0.061863,0
D_0002483629,0,0.962906,1
D_0002483818,0,0.084572,0
D_0002484217,0,0.001351,0
D_0002484238,0,0.035437,0
D_0002484658,0,0.026927,0
D_0002484931,1,0.999999,1
D_0002485183,1,0.992516,1
D_0002485435,0,0.113870,0
D_0002485792,0,0.110608,0
D_0002485855,1,0.035912,0
D_0002486212,0,0.098287,0
D_0002487178,1,0.997320,1
D_0002487262,0,0.021323,0
D_0002487388,1,0.087127,0
D_0002487703,1,0.091081,0
D_0002488837,1,0.988088,1
D_0002489194,1,0.995929,1
D_0002489530,1,0.299558,1
D_0002489551,1,0.989793,1
D_0002489656,0,0.038777,0
D_0002490013,1,0.990059,1
D_0002490160,0,0.218281,1
D_0002490769,0,0.132402,0
D_0002491105,0,0.105164,0
D_0002491252,1,0.994408,1
D_0002491462,1,0.283547,1
D_0002491798,0,0.068374,0
D_0002492281,0,0.048849,0
D_0002492575,0,0.048545,0
D_0002492827,0,0.059590,0
D_0002492953,1,0.990489,1
D_0002493205,0,0.113449,0
D_0002493289,0,0.042503,0
D_0002493331,1,0.993975,1
D_0002494486,1,0.222737,1
D_0002494738,0,0.056696,0
D_0002494780,0,0.043216,0
D_0002495872,1,0.987795,1
D_0002496607,1,0.221872,1
D_0002496649,0,0.098859,0
D_0002496922,1,0.977838,1
D_0002498623,1,0.991162,1
D_0002498854,0,0.112203,0
D_0002499421,0,0.194852,1
D_0002499526,0,0.782459,1
D_0002499673,1,0.055692,0
D_0002499883,1,0.996043,1
D_0002500072,0,0.060444,0
D_0002500723,1,0.990615,1
D_0002500870,0,0.015481,0
D_0002500975,0,0.060430,0
D_0002501227,1,0.996613,1
D_0002501773,0,0.980816,1
D_0002502445,1,0.991606,1
D_0002502739,1,0.162339,0
D_0002502865,1,0.997816,1
D_0002503180,0,0.182414,1
D_0002503432,0,0.068446,0
D_0002503642,0,0.145302,0
D_0002503747,0,0.101375,0
D_0002503915,1,0.998395,1
D_0002504062,0,0.066132,0
D_0002504146,1,0.277784,1
D_0002504923,1,0.362570,1
D_0002504986,1,0.989399,1
D_0002505406,1,0.997910,1
D_0002505700,0,0.023397,0
D_0002505784,1,0.166034,0
D_0002506666,1,1.000000,1
D_0002506918,1,0.994893,1
D_0002507044,0,0.756267,1
D_0002507506,0,0.136889,0
D_0002507653,0,0.486977,1
D_0002507821,1,0.979660,1
D_0002507884,0,0.173481,0
D_0002507926,1,0.993138,1
D_0002508052,0,0.104658,0
D_0002508892,0,0.115716,0
D_0002509501,1,0.996982,1
D_0002509711,0,0.047469,0
D_0002510278,1,0.997311,1
D_0002510467,0,0.988197,1
D_0002510530,1,0.978459,1
D_0002510887,1,0.995700,1
D_0002511559,0,0.232234,1
D_0002511580,0,0.090535,0
D_0002511727,1,0.946399,1
D_0002511790,1,0.993596,1
D_0002511916,1,0.982350,1
D_0002512042,1,0.992715,1
D_0002512651,0,0.010002,0
D_0002512840,1,0.072717,0
D_0002512966,1,0.994994,1
D_0002513218,0,0.025832,0
D_0002513449,1,0.903516,1
D_0002513638,1,0.991192,1
D_0002513953,0,0.051858,0
D_0002513995,1,0.990770,1
D_0002514079,1,0.992548,1
D_0002514583,1,0.992478,1
D_0002514625,1,0.985541,1
D_0002515297,1,0.989288,1
D_0002515591,1,0.980257,1
D_0002516830,0,0.035303,0
D_0002516872,1,0.998284,1
D_0002516998,1,0.995983,1
D_0002517040,0,0.058427,0
D_0002517061,0,0.060140,0
D_0002517082,0,0.012046,0
D_0002517628,1,0.996225,1
D_0002517775,0,0.102008,0
D_0002518237,0,0.001481,0
D_0002519371,0,0.071896,0
D_0002519392,0,0.031963,0
D_0002519812,0,0.022591,0
D_0002520232,1,0.993878,1
D_0002520505,0,0.045649,0
D_0002521933,0,0.028180,0
D_0002522416,1,0.996168,1
D_0002522668,1,0.985602,1
D_0002522689,1,0.992912,1
D_0002522815,0,0.106337,0
D_0002522941,0,0.061577,0
D_0002522983,0,0.100512,0
D_0002523550,0,0.033023,0
D_0002523802,1,0.988429,1
D_0002525986,0,0.011242,0
D_0002526133,0,0.690192,1
D_0002526175,1,0.999895,1
D_0002526280,1,0.994202,1
D_0002526343,1,0.993335,1
D_0002526847,0,0.117137,0
D_0002527057,0,0.423540,1
D_0002528590,1,0.996524,1
D_0002528737,1,0.992496,1
D_0002529073,0,0.365588,1
D_0002529451,0,0.090609,0
D_0002529598,0,0.138229,0
D_0002529892,1,0.990023,1
D_0002530081,1,0.979933,1
D_0002530501,1,0.994337,1
D_0002530921,1,0.106950,0
D_0002531194,1,0.983119,1
D_0002531467,0,0.152718,0
D_0002531551,0,0.038816,0
D_0002531929,1,0.992310,1
D_0002532118,1,0.943578,1
D_0002532139,0,0.152081,0
D_0002532223,1,0.030238,0
D_0002532391,1,0.479914,1
D_0002533504,1,0.987135,1
D_0002533609,1,0.144847,0
D_0002533756,1,0.999834,1
D_0002533861,0,0.166462,0
D_0002534344,0,0.073856,0
D_0002535478,1,0.967286,1
D_0002535646,1,0.996333,1
D_0002535709,1,0.995294,1
D_0002536045,1,0.994154,1
D_0002536255,0,0.977100,1
D_0002536675,1,0.999924,1
D_0002536822,1,0.154269,0
D_0002538229,0,0.071227,0
D_0002538250,1,0.993077,1
D_0002538670,0,0.073143,0
D_0002538733,1,0.999563,1
D_0002538796,0,0.058273,0
D_0002539279,1,0.999030,1
D_0002539678,0,0.117261,0
D_0002539909,0,0.099370,0
D_0002539951,1,0.944642,1
D_0002540098,1,0.998869,1
D_0002540203,1,0.999896,1
D_0002540749,0,0.031229,0
D_0002541547,1,0.994061,1
D_0002542261,0,0.054209,0
D_0002542576,1,0.276015,1
D_0002542597,1,0.988518,1
D_0002542912,1,0.994295,1
D_0002543521,1,0.976633,1
D_0002543542,0,0.047927,0
D_0002543668,0,0.030509,0
D_0002543878,1,0.989008,1
D_0002544088,1,0.928455,1
D_0002544382,1,0.978213,1
D_0002545159,0,0.071910,0
D_0002545180,0,0.024790,0
D_0002545348,1,0.061696,0
D_0002545558,1,0.239442,1
D_0002545789,0,0.151340,0
D_0002545957,1,0.999459,1
D_0002546104,0,0.028283,0
D_0002546335,1,0.995131,1
D_0002546650,1,0.969287,1
D_0002546671,0,0.083383,0
D_0002546818,1,0.997058,1
D_0002546881,0,0.075787,0
D_0002547133,1,0.986571,1
D_0002547385,0,0.084167,0
D_0002547574,0,0.061908,0
D_0002547763,1,0.981062,1
D_0002548036,1,0.987315,1
D_0002548435,1,0.997368,1
D_0002549506,1,0.992192,1
D_0002549674,0,0.066108,0
D_0002549695,1,0.999369,1
D_0002549884,1,0.985833,1
D_0002550430,0,0.070138,0
D_0002550556,1,0.995236,1
D_0002550976,1,0.993703,1
D_0002551081,0,0.007227,0
D_0002551165,1,0.730643,1
D_0002551606,1,0.992422,1
D_0002551921,1,0.994184,1
D_0002552215,1,0.999997,1
D_0002552467,1,0.996076,1
D_0002552782,0,0.078554,0
D_0002553433,1,0.908118,1
D_0002553517,0,0.043399,0
D_0002553580,0,0.013206,0
D_0002553895,1,0.001200,0
D_0002553916,1,0.999866,1
D_0002554273,0,0.087296,0
D_0002554357,1,0.990885,1
D_0002554441,1,0.996661,1
D_0002554735,0,0.154335,0
D_0002554882,0,0.148484,0
D_0002554924,1,0.993614,1
D_0002555176,1,0.045008,0
D_0002556583,1,0.963073,1
D_0002557213,1,0.995766,1
D_0002557780,0,0.103753,0
D_0002557990,0,0.031266,0
D_0002558494,0,0.020833,0
D_0002558599,0,0.053502,0
D_0002558620,0,0.094276,0
D_0002558683,1,0.951845,1
D_0002559544,0,0.022109,0
D_0002560111,1,0.980310,1
D_0002560468,0,0.017054,0
D_0002560741,0,0.029970,0
D_0002562820,0,0.018438,0
D_0002563030,0,0.163120,0
D_0002563072,0,0.101157,0
D_0002563366,1,0.875469,1
D_0002563828,0,0.036161,0
D_0002564689,0,0.063601,0
D_0002564941,0,0.017705,0
D_0002565634,1,0.992091,1
D_0002565949,1,0.991512,1
D_0002566264,1,0.991980,1
D_0002567125,1,0.467067,1
D_0002567608,1,0.139753,0
D_0002567671,1,0.992328,1
D_0002568049,0,0.025382,0
D_0002568385,0,0.013053,0
D_0002568658,1,0.998199,1
D_0002569141,0,0.084112,0
D_0002569267,1,0.996948,1
D_0002569393,1,0.985296,1
D_0002569540,1,0.661307,1
D_0002569645,1,0.957599,1
D_0002569687,1,0.990119,1
D_0002570296,1,0.993612,1
D_0002570758,1,0.992765,1
D_0002570884,0,0.113059,0
D_0002571031,0,0.045549,0
D_0002572039,0,0.047192,0
D_0002572060,0,0.069090,0
D_0002572438,1,0.996290,1
D_0002572921,0,0.018128,0
D_0002573488,0,0.015117,0
D_0002573824,0,0.182087,1
D_0002574328,1,0.991584,1
D_0002574748,1,0.999392,1
D_0002574832,1,0.858668,1
D_0002575063,0,0.071398,0
D_0002575084,1,0.984790,1
D_0002575315,0,0.021856,0
D_0002575819,1,0.991212,1
D_0002576575,0,0.171252,0
D_0002576638,1,0.117612,0
D_0002577499,1,1.000000,1
D_0002577604,1,0.216148,1
D_0002578108,1,0.995668,1
D_0002578171,1,0.997359,1
D_0002578318,1,0.989138,1
D_0002578402,0,0.053534,0
D_0002578570,0,0.011426,0
D_0002578759,1,0.949673,1
D_0002579116,0,0.924683,1
D_0002579662,1,0.970198,1
D_0002580481,1,0.995056,1
D_0002580838,1,0.999627,1
D_0002580985,1,0.191069,1
D_0002581153,1,0.020631,0
D_0002581363,1,0.990565,1
D_0002581615,0,0.013873,0
D_0002581741,0,0.044873,0
D_0002583169,1,0.979013,1
D_0002583694,1,0.995046,1
D_0002583736,0,0.025518,0
D_0002584807,1,0.996059,1
D_0002584933,0,0.032282,0
D_0002584975,0,0.023613,0
D_0002585206,0,0.052605,0
D_0002585479,1,0.997689,1
D_0002585563,1,0.994543,1
D_0002585710,0,0.061447,0
D_0002586592,0,0.112887,0
D_0002586697,1,0.996735,1
D_0002587306,1,0.997175,1
D_0002587621,1,0.996300,1
D_0002587789,0,0.048001,0
D_0002587873,0,0.379529,1
D_0002588020,1,0.277959,1
D_0002588776,0,0.110237,0
D_0002589133,0,0.054731,0
D_0002589784,1,0.986540,1
D_0002590918,0,0.147729,0
D_0002591338,1,0.981714,1
D_0002591443,1,0.989578,1
D_0002591506,1,0.973889,1
D_0002591947,1,0.105700,0
D_0002591968,0,0.075316,0
D_0002592136,0,0.443587,1
D_0002592346,1,0.991845,1
D_0002592367,0,0.211026,1
D_0002592745,1,0.998297,1
D_0002592808,1,0.158615,0
D_0002592976,1,0.984196,1
D_0002593312,0,0.010031,0
D_0002593459,0,0.029434,0
D_0002593732,1,0.996201,1
D_0002593900,1,0.997397,1
D_0002594152,1,0.072273,0
D_0002594341,1,0.996783,1
D_0002594908,1,0.999882,1
D_0002595097,1,0.170989,0
D_0002595370,1,0.989166,1
D_0002596105,1,0.998794,1
D_0002597071,0,0.102136,0
D_0002597260,0,0.019609,0
D_0002598205,1,0.944358,1
D_0002598415,0,0.058646,0
D_0002598646,1,0.966643,1
D_0002598814,0,0.170430,0
D_0002598835,0,0.072211,0
D_0002599738,0,0.022940,0
D_0002599801,0,0.070730,0
D_0002599948,1,0.992441,1
D_0002600074,1,0.988401,1
D_0002600116,1,0.057233,0
D_0002600179,0,0.070964,0
D_0002600305,0,0.042203,0
D_0002600557,0,0.067206,0
D_0002600788,1,0.993415,1
D_0002600830,1,0.993352,1
D_0002601145,0,0.038144,0
D_0002601292,0,0.010073,0
D_0002602258,0,0.073014,0
D_0002602804,1,0.997094,1
D_0002603035,1,0.996869,1
D_0002603098,1,0.257750,1
D_0002603392,0,0.067473,0
D_0002604127,1,0.157081,0
D_0002604169,0,0.025680,0
D_0002604862,1,0.987451,1
D_0002604988,0,0.052865,0
D_0002605408,1,0.992383,1
D_0002605492,1,0.993610,1
D_0002605639,0,0.112911,0
D_0002605786,0,0.193165,1
D_0002605975,1,0.998920,1
D_0002606248,1,0.993266,1
D_0002606437,1,1.000000,1
D_0002606521,1,0.991745,1
D_0002606836,1,0.159290,0
D_0002606983,0,0.068185,0
D_0002607046,1,0.991570,1
D_0002607382,1,0.994753,1
D_0002607634,1,0.992055,1
D_0002607823,1,0.857483,1
D_0002607844,1,0.976099,1
D_0002608432,1,0.999981,1
D_0002608474,0,0.210737,1
D_0002608516,1,0.999461,1
D_0002608726,0,0.328224,1
D_0002609104,1,0.950920,1
D_0002609230,0,0.079027,0
D_0002609524,0,0.077809,0
D_0002609734,1,0.998881,1
D_0002610049,0,0.039459,0
D_0002610238,1,0.991312,1
D_0002610301,1,0.983493,1
D_0002610700,1,0.993446,1
D_0002611078,1,0.998826,1
D_0002611141,0,0.361190,1
D_0002611246,1,0.252168,1
D_0002611666,1,0.997159,1
D_0002612569,1,0.977633,1
D_0002613178,1,0.999552,1
D_0002613304,1,0.989965,1
D_0002613745,1,0.996555,1
D_0002613829,0,0.024596,0
D_0002613976,0,0.026295,0
D_0002614081,0,0.036737,0
D_0002614648,1,0.041219,0
D_0002614816,1,0.244398,1
D_0002615068,1,0.094249,0
D_0002615194,1,0.993870,1
D_0002615236,0,0.042656,0
D_0002615446,0,0.509471,1
D_0002615509,1,0.991835,1
D_0002616727,1,0.999907,1
D_0002616790,1,0.992767,1
D_0002616916,1,0.988517,1
D_0002617000,0,0.030247,0
D_0002617714,1,0.999798,1
D_0002618575,0,0.054210,0
D_0002618764,1,0.994873,1
D_0002618932,1,0.995765,1
D_0002619100,1,0.999966,1
D_0002619184,1,0.989041,1
D_0002619373,1,0.989707,1
D_0002619688,0,0.094603,0
D_0002619730,0,0.024848,0
D_0002619751,0,0.080491,0
D_0002620906,1,0.127090,0
D_0002620927,0,0.013976,0
D_0002621935,1,0.997162,1
D_0002622103,0,0.073515,0
D_0002622229,1,0.997556,1
D_0002622565,1,0.283695,1
D_0002623090,1,0.967537,1
D_0002623573,0,0.170231,0
D_0002623615,1,0.999941,1
D_0002624098,0,0.102830,0
D_0002624560,0,0.045080,0
D_0002624686,1,0.999968,1
D_0002624707,0,0.694063,1
D_0002624749,0,0.055075,0
D_0002624938,1,0.992301,1
D_0002624959,1,0.994364,1
D_0002625127,0,0.017715,0
D_0002625253,1,0.232788,1
D_0002625379,0,0.032322,0
D_0002626261,1,0.271534,1
D_0002626303,0,0.028198,0
D_0002626912,1,0.987841,1
D_0002627227,1,0.992227,1
D_0002627269,0,0.046447,0
D_0002627815,1,0.991452,1
D_0002627878,1,0.988643,1
D_0002628235,0,0.093247,0
D_0002628655,1,0.309222,1
D_0002630440,1,0.984668,1
D_0002630545,0,0.014511,0
D_0002630692,1,0.997300,1
D_0002632309,1,0.993765,1
D_0002632561,1,0.134105,0
D_0002632876,1,0.992322,1
D_0002633107,1,0.995815,1
D_0002633212,1,0.990311,1
D_0002633254,0,0.060863,0
D_0002633317,0,0.005570,0
D_0002633737,0,0.012942,0
D_0002634283,1,0.006848,0
D_0002634409,0,0.280849,1
D_0002635711,0,0.025794,0
D_0002635753,1,0.992102,1
D_0002636152,0,0.073032,0
D_0002636320,0,0.085658,0
D_0002636446,0,0.079975,0
D_0002636488,0,0.029640,0
D_0002636803,1,0.986527,1
D_0002637433,1,0.987340,1
D_0002637685,0,0.028088,0
D_0002637979,1,0.981675,1
D_0002638147,0,0.069444,0
D_0002638609,1,0.135903,0
D_0002638672,0,0.077514,0
D_0002638756,1,0.999889,1
D_0002639218,0,0.068448,0
D_0002639281,0,0.976650,1
D_0002639302,0,0.033410,0
D_0002639617,0,0.100565,0
D_0002639701,1,0.788716,1
D_0002639722,0,0.026065,0
D_0002640016,1,0.993203,1
D_0002640415,1,0.996660,1
D_0002640730,1,0.993039,1
D_0002640877,0,0.075882,0
D_0002640961,1,0.995843,1
D_0002640982,1,0.993564,1
D_0002641276,1,0.983732,1
D_0002641633,0,0.014568,0
D_0002641654,1,0.999401,1
D_0002641675,0,0.025458,0
D_0002641717,0,0.154070,0
D_0002641906,0,0.057412,0
D_0002642011,0,0.015380,0
D_0002642074,1,0.994572,1
D_0002642116,0,0.021175,0
D_0002642368,0,0.008225,0
D_0002642578,0,0.108507,0
D_0002643250,1,0.982372,1
D_0002643271,1,0.996981,1
D_0002643355,1,0.858521,1
D_0002643502,0,0.043148,0
D_0002644195,1,0.988437,1
D_0002644321,0,0.021335,0
D_0002644552,1,0.742742,1
D_0002644657,0,0.058113,0
D_0002646967,0,0.097890,0
D_0002647261,1,0.989078,1
D_0002648122,0,0.027910,0
D_0002648227,1,0.999277,1
D_0002648479,1,0.994920,1
D_0002649046,1,0.118919,0
D_0002649193,0,0.028549,0
D_0002649508,1,0.984265,1
D_0002649592,1,0.997420,1
D_0002650012,0,0.027796,0
D_0002650180,1,0.991673,1
D_0002650348,1,0.063623,0
D_0002650600,1,0.995444,1
D_0002650642,1,0.991485,1
D_0002651419,1,0.999999,1
D_0002651545,1,0.995636,1
D_0002651839,0,0.117955,0
D_0002652259,0,0.053470,0
D_0002652280,1,0.982562,1
D_0002652448,1,0.968587,1
D_0002652805,1,0.986256,1
D_0002652847,1,0.999046,1
D_0002653204,1,0.940431,1
D_0002653372,1,0.347326,1
D_0002653519,1,0.988845,1
D_0002653918,1,0.997277,1
D_0002654044,1,0.997879,1
D_0002654380,1,0.990757,1
D_0002654485,1,0.509928,1
D_0002654569,0,0.091789,0
D_0002655031,1,0.994507,1
D_0002655262,0,0.083415,0
D_0002655640,0,0.040441,0
D_0002655766,0,0.136972,0
D_0002656123,1,0.989465,1
D_0002656291,0,0.289685,1
D_0002656333,1,0.993886,1
D_0002656795,0,0.071910,0
D_0002656837,1,0.992960,1
D_0002657236,0,0.114413,0
D_0002657362,0,0.070836,0
D_0002657446,0,0.034605,0
D_0002657467,1,0.960549,1
D_0002657593,0,0.096905,0
D_0002657740,0,0.091522,0
D_0002657992,1,0.995293,1
D_0002659021,1,0.062173,0
D_0002659252,1,0.994313,1
D_0002659462,1,0.260288,1
D_0002659504,1,0.985469,1
D_0002660197,0,0.008564,0
D_0002660722,1,0.993692,1
D_0002660848,1,0.993161,1
D_0002661436,1,0.997618,1
D_0002661478,0,0.085329,0
D_0002661520,1,0.990511,1
D_0002661646,1,0.984940,1
D_0002661877,1,0.067038,0
D_0002662150,0,0.120317,0
D_0002662465,0,0.122282,0
D_0002662507,0,0.085437,0
D_0002662822,1,0.992076,1
D_0002662948,0,0.007004,0
D_0002663074,0,0.109007,0
D_0002663725,1,0.994181,1
D_0002663746,0,0.062989,0
D_0002663767,1,0.949040,1
D_0002664796,1,0.979111,1
D_0002664859,0,0.134187,0
D_0002665195,0,0.246233,1
D_0002665552,0,0.031065,0
D_0002666077,1,0.993047,1
D_0002666917,0,0.081093,0
D_0002667379,0,0.012797,0
D_0002667862,1,0.478104,1
D_0002668030,0,0.019621,0
D_0002668408,0,0.131640,0
D_0002668492,1,0.974011,1
D_0002668807,1,0.975762,1
D_0002669017,1,0.238262,1
D_0002669038,1,0.994144,1
D_0002669794,0,0.047692,0
D_0002669836,0,0.071613,0
D_0002670214,1,0.994339,1
D_0002670865,1,0.999998,1
D_0002670928,0,0.098843,0
D_0002671075,1,0.993205,1
D_0002671117,0,0.326134,1
D_0002671138,0,0.039613,0
D_0002671306,0,0.078260,0
D_0002671432,0,0.068369,0
D_0002671516,1,0.986424,1
D_0002671537,1,0.981061,1
D_0002671579,1,0.993868,1
D_0002671747,0,0.046817,0
D_0002671810,0,0.021917,0
D_0002672356,1,0.994731,1
D_0002672398,1,0.993883,1
D_0002672881,1,0.975870,1
D_0002673931,0,0.054890,0
D_0002674309,0,0.139072,0
D_0002674435,1,0.988307,1
D_0002674834,1,0.977848,1
D_0002675023,0,0.217669,1
D_0002675653,1,0.991276,1
D_0002675779,1,0.992027,1
D_0002676262,0,0.062441,0
D_0002676472,1,0.970548,1
D_0002676535,1,0.993465,1
D_0002676871,1,0.980219,1
D_0002677060,0,0.061448,0
D_0002677123,0,0.041611,0
D_0002677144,1,0.975133,1
D_0002677270,1,0.993261,1
D_0002677417,1,0.361627,1
D_0002678131,0,0.211568,1
D_0002678215,0,0.035111,0
D_0002678593,1,0.979517,1
D_0002678656,1,0.991268,1
D_0002678740,0,0.038932,0
D_0002679202,0,0.064783,0
D_0002679580,0,0.040609,0
D_0002679748,1,0.996542,1
D_0002679958,1,0.994541,1
D_0002680105,0,0.061401,0
D_0002680735,0,0.104133,0
D_0002680819,0,0.055538,0
D_0002680840,1,0.995152,1
D_0002680882,1,0.963473,1
D_0002681155,1,0.980217,1
D_0002681218,0,0.136921,0
D_0002681533,0,0.059816,0
D_0002682100,0,0.016078,0
D_0002682436,0,0.070070,0
D_0002682562,1,0.999159,1
D_0002682604,1,0.995742,1
D_0002683171,1,0.993987,1
D_0002683234,1,0.969708,1
D_0002683486,0,0.027078,0
D_0002684368,0,0.002455,0
D_0002684473,0,0.246127,1
D_0002684536,0,0.025416,0
D_0002684935,0,0.049886,0
D_0002685271,1,0.093281,0
D_0002685292,1,0.051484,0
D_0002685649,1,0.256247,1
D_0002686090,1,0.994400,1
D_0002686153,0,0.038687,0
D_0002686342,0,0.081823,0
D_0002686573,1,0.938783,1
D_0002686594,1,0.989052,1
D_0002686636,0,0.032057,0
D_0002687329,0,0.097951,0
D_0002687434,0,0.760938,1
D_0002688274,1,0.993196,1
D_0002688442,1,0.981576,1
D_0002688673,0,0.086911,0
D_0002688715,0,0.100499,0
D_0002688820,1,0.990970,1
D_0002688967,1,0.996108,1
D_0002689072,1,0.999987,1
D_0002689093,0,0.003577,0
D_0002689576,0,0.031358,0
D_0002689723,1,0.236491,1
D_0002689870,1,0.993528,1
D_0002689912,0,0.031247,0
D_0002689954,0,0.003523,0
D_0002689975,0,0.166298,0
D_0002690059,1,0.170059,0
D_0002690248,0,0.100502,0
D_0002690311,1,0.210752,1
D_0002690626,0,0.091175,0
D_0002690815,0,0.015190,0
D_0002691046,0,0.094069,0
D_0002691781,1,0.986041,1
D_0002692012,1,0.611198,1
D_0002692537,1,0.155511,0
D_0002692873,1,0.990571,1
D_0002692915,1,0.054449,0
D_0002693083,1,0.986311,1
D_0002693545,0,0.085119,0
D_0002693986,0,0.018127,0
D_0002694091,0,0.148207,0
D_0002694259,0,0.137110,0
D_0002694406,0,0.058693,0
D_0002694448,1,0.992993,1
D_0002694994,0,0.153933,0
D_0002695834,1,0.073758,0
D_0002695960,1,0.983115,1
D_0002696443,1,0.999865,1
D_0002696926,1,0.998752,1
D_0002697913,0,0.112908,0
D_0002698102,0,0.028984,0
D_0002698249,0,0.095867,0
D_0002698396,1,0.994913,1
D_0002698627,0,0.017899,0
D_0002698711,1,0.991993,1
D_0002698732,0,0.007390,0
D_0002698858,1,0.995621,1
D_0002699026,0,0.035668,0
D_0002699110,1,0.988732,1
D_0002699614,1,0.994062,1
D_0002700181,0,0.149937,0
D_0002700496,1,0.991438,1
D_0002700874,1,0.109069,0
D_0002701378,1,0.994627,1
D_0002701609,1,0.994616,1
D_0002701798,0,0.331360,1
D_0002701882,1,0.982106,1
D_0002703142,1,0.785822,1
D_0002703835,0,0.092699,0
D_0002703856,0,0.085344,0
D_0002704507,1,0.069360,0
D_0002705032,1,0.993670,1
D_0002705095,0,0.152860,0
D_0002705410,1,0.996536,1
D_0002705662,1,0.987599,1
D_0002706103,1,0.990431,1
D_0002706208,1,0.948417,1
D_0002706250,0,0.078327,0
D_0002706292,0,0.056709,0
D_0002706460,1,0.056213,0
D_0002706628,0,0.018536,0
D_0002706649,1,0.992870,1
D_0002706985,0,0.280769,1
D_0002707006,1,0.998807,1
D_0002708056,0,0.012241,0
D_0002708245,0,0.793116,1
D_0002708497,0,0.072290,0
D_0002708623,0,0.015377,0
D_0002708644,0,0.058677,0
D_0002709316,0,0.003860,0
D_0002709715,1,0.995169,1
D_0002709778,1,1.000000,1
D_0002709925,0,0.099681,0
D_0002710324,1,0.186735,1
D_0002711269,0,0.095528,0
D_0002711458,0,0.196060,1
D_0002711752,1,0.996602,1
D_0002712235,0,0.068678,0
D_0002712361,1,0.996180,1
D_0002712424,0,0.066166,0
D_0002712487,1,0.989621,1
D_0002712970,1,0.994945,1
D_0002713138,1,0.930765,1
D_0002713159,0,0.112080,0
D_0002713390,1,0.989704,1
D_0002713474,1,0.076705,0
D_0002713579,0,0.017576,0
D_0002714251,0,0.055015,0
D_0002714398,1,0.999252,1
D_0002714524,0,0.810054,1
D_0002715049,1,0.993760,1
D_0002715259,0,0.040237,0
D_0002715658,0,0.213478,1
D_0002715700,1,0.666261,1
D_0002716036,1,0.985684,1
D_0002716351,0,0.186779,1
D_0002716372,1,0.992145,1
D_0002716561,1,0.993603,1
D_0002716603,0,0.170199,0
D_0002716834,1,0.983681,1
D_0002717128,1,0.996196,1
D_0002717149,0,0.075669,0
D_0002717527,1,0.247833,1
D_0002717926,1,0.549213,1
D_0002718199,0,0.145454,0
D_0002718241,0,0.052554,0
D_0002718262,1,0.995846,1
D_0002718514,1,0.985094,1
D_0002718535,1,0.986704,1
D_0002718682,1,0.994201,1
D_0002718745,0,0.016968,0
D_0002718808,0,0.058604,0
D_0002718892,1,0.992701,1
D_0002718934,0,0.039878,0
D_0002719144,0,0.626711,1
D_0002719270,0,0.019972,0
D_0002719417,1,0.918279,1
D_0002719522,1,0.349299,1
D_0002719921,0,0.058096,0
D_0002720005,1,0.987878,1
D_0002720215,1,0.467061,1
D_0002720425,0,0.028996,0
D_0002720782,1,0.986460,1
D_0002720887,1,0.988707,1
D_0002720950,1,0.990746,1
D_0002721139,0,0.049250,0
D_0002721559,0,0.043178,0
D_0002721727,0,0.478499,1
D_0002721832,1,0.999579,1
D_0002721874,1,0.990490,1
D_0002722000,1,0.129496,0
D_0002722315,0,0.116101,0
D_0002722378,1,0.988805,1
D_0002722588,1,0.981981,1
D_0002722735,0,0.042690,0
D_0002723008,0,0.256125,1
D_0002723029,1,0.995911,1
D_0002723155,0,0.055821,0
D_0002723428,1,0.999997,1
D_0002723470,0,0.206137,1
D_0002723680,0,0.205383,1
D_0002724184,1,0.036645,0
D_0002724268,1,0.999449,1
D_0002724625,0,0.053274,0
D_0002725213,0,0.091996,0
D_0002725339,0,0.034797,0
D_0002725864,0,0.951590,1
D_0002726116,1,0.998386,1
D_0002726179,1,0.948255,1
D_0002726452,1,0.996392,1
D_0002727565,1,0.989168,1
D_0002728090,1,0.948295,1
D_0002728636,0,0.141535,0
D_0002728678,1,0.876669,1
D_0002728804,1,0.966650,1
D_0002729140,0,0.007188,0
D_0002729203,1,0.985264,1
D_0002729308,1,0.057471,0
D_0002730043,1,0.165929,0
D_0002730589,0,0.033126,0
D_0002730799,1,0.991552,1
D_0002731387,0,0.924373,1
D_0002731702,0,0.061035,0
D_0002731975,0,0.023983,0
D_0002732038,0,0.336212,1
D_0002732647,1,0.968097,1
D_0002732941,1,0.237465,1
D_0002733109,0,0.106081,0
D_0002733487,1,0.997116,1
D_0002733802,1,0.999774,1
D_0002733823,0,0.022138,0
D_0002734117,0,0.016697,0
D_0002734369,1,0.064878,0
D_0002734852,1,0.996249,1
D_0002735020,1,1.000000,1
D_0002735482,0,0.039982,0
D_0002735587,1,0.990819,1
D_0002735776,1,0.996550,1
D_0002735944,1,0.989098,1
D_0002737393,1,0.583125,1
D_0002737561,1,0.985203,1
D_0002737582,1,0.977996,1
D_0002738758,1,0.983725,1
D_0002738779,1,0.989713,1
D_0002738800,0,0.014456,0
D_0002739178,0,0.101772,0
D_0002739577,0,0.043983,0
D_0002740270,1,0.981609,1
D_0002740690,1,0.997104,1
D_0002741509,0,0.091619,0
D_0002741908,1,0.994844,1
D_0002741950,0,0.045513,0
D_0002742160,0,0.044609,0
D_0002742496,0,0.090919,0
D_0002742790,1,0.208571,1
D_0002742811,1,0.997917,1
D_0002743252,0,0.022581,0
D_0002743420,0,0.078275,0
D_0002743651,1,0.995005,1
D_0002743714,0,0.016206,0
D_0002743798,1,0.996305,1
D_0002744407,1,0.990034,1
D_0002744680,0,0.027591,0
D_0002744722,1,0.959575,1
D_0002744869,1,0.992824,1
D_0002746402,0,0.064953,0
D_0002746570,0,0.094351,0
D_0002746591,1,0.135480,0
D_0002746822,1,0.994259,1
D_0002747620,1,0.353093,1
D_0002747641,0,0.148729,0
D_0002748103,1,0.972262,1
D_0002748271,0,0.034302,0
D_0002748334,1,0.996888,1
D_0002748460,1,0.993153,1
D_0002748586,1,0.959090,1
D_0002748775,0,0.039692,0
D_0002749531,1,0.128431,0
D_0002749930,0,0.109476,0
D_0002750266,0,0.100379,0
D_0002750329,0,0.068558,0
D_0002750413,1,0.991108,1
D_0002751022,1,0.286960,1
D_0002751379,0,0.210025,1
D_0002751841,0,0.071757,0
D_0002752555,1,0.988347,1
D_0002752723,0,0.950400,1
D_0002752828,1,0.989245,1
D_0002753038,1,0.997289,1
D_0002753227,1,0.991318,1
D_0002753437,0,0.035860,0
D_0002753710,1,0.905775,1
D_0002753794,0,0.048371,0
D_0002754256,1,0.993319,1
D_0002754298,1,0.866110,1
D_0002754340,0,0.053887,0
D_0002754466,0,0.064576,0
D_0002755159,0,0.037730,0
D_0002755264,1,0.113664,0
D_0002755642,0,0.066076,0
D_0002755663,0,0.110559,0
D_0002756062,0,0.060275,0
D_0002756251,1,0.988114,1
D_0002756272,0,0.167440,0
D_0002757133,0,0.116031,0
D_0002757910,1,0.998222,1
D_0002758162,1,0.090465,0
D_0002758393,1,0.999931,1
D_0002758456,0,0.029425,0
D_0002758624,1,0.243993,1
D_0002758729,1,0.131732,0
D_0002758813,1,0.276045,1
D_0002758834,1,0.971479,1
D_0002759023,0,0.011570,0
D_0002759086,0,0.034615,0
D_0002759212,1,0.996542,1
D_0002759422,0,0.072678,0
D_0002760010,0,0.076748,0
D_0002760451,1,0.148798,0
D_0002760724,1,0.996914,1
D_0002761942,0,0.171071,0
D_0002762026,1,0.120583,0
D_0002762152,0,0.062520,0
D_0002762845,1,0.986563,1
D_0002762950,1,0.179407,1
D_0002763832,1,0.994276,1
D_0002765008,0,0.019345,0
D_0002765029,1,0.114384,0
D_0002765575,0,0.067990,0
D_0002766562,1,0.079602,0
D_0002766646,0,0.086268,0
D_0002766688,1,0.992175,1
D_0002767192,0,0.102885,0
D_0002767213,1,0.998884,1
D_0002767297,0,0.092308,0
D_0002767486,0,0.041988,0
D_0002767906,1,0.941971,1
D_0002768032,1,0.977674,1
D_0002768053,1,0.992478,1
D_0002768746,1,0.996074,1
D_0002769439,0,0.138031,0
D_0002769544,0,0.016051,0
D_0002770279,0,0.009489,0
D_0002770783,1,0.962116,1
D_0002770972,1,0.961781,1
D_0002771308,1,0.996911,1
D_0002771581,0,0.159080,0
D_0002771749,0,0.047834,0
D_0002772631,0,0.137964,0
D_0002772820,1,0.815138,1
D_0002772883,0,0.088474,0
D_0002772946,1,0.979503,1
D_0002773387,1,0.987386,1
D_0002773534,1,0.969341,1
D_0002773702,0,0.161728,0
D_0002773933,1,0.981222,1
D_0002774332,1,0.978758,1
D_0002774437,0,0.041042,0
D_0002774710,1,0.173185,0
D_0002775109,0,0.069333,0
D_0002775193,0,0.269157,1
D_0002775655,1,0.994981,1
D_0002776180,1,0.985980,1
D_0002776495,0,0.021383,0
D_0002776852,0,0.026709,0
D_0002776894,0,0.145792,0
D_0002777566,0,0.090482,0
D_0002777776,1,0.997393,1
D_0002778028,0,0.107651,0
D_0002778469,0,0.081414,0
D_0002778553,0,0.055682,0
D_0002778889,0,0.030134,0
D_0002779162,1,0.987902,1
D_0002779246,1,0.987517,1
D_0002779414,1,0.993874,1
D_0002779540,1,0.992755,1
D_0002779729,1,0.992023,1
D_0002779771,1,1.000000,1
D_0002780128,0,0.052702,0
D_0002780296,1,0.991440,1
D_0002780464,1,0.063619,0
D_0002780527,0,0.070039,0
D_0002780863,1,0.327614,1
D_0002780926,1,0.166613,0
D_0002781115,1,0.998852,1
D_0002781556,0,0.025683,0
D_0002781724,0,0.095729,0
D_0002782018,0,0.040626,0
D_0002782354,1,0.990553,1
D_0002782984,0,0.058993,0
D_0002783614,1,0.994014,1
D_0002783677,1,0.994142,1
D_0002783992,0,0.040870,0
D_0002784034,1,0.075540,0
D_0002784328,0,0.105942,0
D_0002784349,1,0.994102,1
D_0002784391,1,0.081384,0
D_0002784475,1,0.999984,1
D_0002784622,0,0.113575,0
D_0002784790,1,0.521900,1
D_0002784853,0,0.052005,0
D_0002785231,0,0.069751,0
D_0002785294,1,0.998339,1
D_0002785546,1,0.998149,1
D_0002786407,1,0.087627,0
D_0002787184,0,0.992982,1
D_0002788486,1,0.999918,1
D_0002788507,0,0.100819,0
D_0002788864,0,0.082337,0
D_0002789074,0,0.034425,0
D_0002789368,0,0.030296,0
D_0002789893,0,0.092075,0
D_0002790292,1,0.999806,1
D_0002790418,0,0.040105,0
D_0002790481,0,0.987651,1
D_0002790796,0,0.077165,0
D_0002790943,1,0.043157,0
D_0002791363,1,0.075681,0
D_0002791573,1,0.987024,1
D_0002791951,1,0.117265,0
D_0002792098,0,0.027337,0
D_0002792182,1,0.994719,1
D_0002792518,1,0.992869,1
D_0002792581,1,0.834272,1
D_0002792728,0,0.029658,0
D_0002793295,1,0.999373,1
D_0002794303,1,0.992481,1
D_0002794387,1,0.525492,1
D_0002794471,0,0.083411,0
D_0002794723,1,0.976336,1
D_0002795584,1,0.990039,1
D_0002795605,0,0.259405,1
D_0002796088,0,0.082294,0
D_0002796256,0,0.118178,0
D_0002796277,1,0.176909,0
D_0002796319,0,0.096081,0
D_0002796340,0,0.009748,0
D_0002796634,1,0.971292,1
D_0002797600,0,0.019416,0
D_0002797789,1,0.995046,1
D_0002798251,0,0.176247,0
D_0002798377,1,0.990181,1
D_0002798419,1,0.990478,1
D_0002798587,1,0.997351,1
D_0002798692,1,0.941058,1
D_0002798881,0,0.016930,0
D_0002799490,0,0.040478,0
D_0002799553,1,0.990959,1
D_0002799637,1,0.993823,1
D_0002799784,0,0.044890,0
D_0002799889,0,0.228585,1
D_0002800120,0,0.014383,0
D_0002800414,1,0.988247,1
D_0002800456,0,0.044567,0
D_0002801086,1,0.985968,1
D_0002801233,1,0.894781,1
D_0002801296,0,0.053893,0
D_0002801422,0,0.027796,0
D_0002801569,0,0.137845,0
D_0002801863,0,0.023288,0
D_0002802220,1,0.975504,1
D_0002802598,0,0.074046,0
D_0002802619,0,0.042142,0
D_0002803816,1,0.997895,1
D_0002804173,1,0.992414,1
D_0002804278,1,0.988097,1
D_0002804572,1,0.994976,1
D_0002804614,1,0.993205,1
D_0002804992,0,0.104602,0
D_0002805013,0,0.087944,0
D_0002805118,0,0.164378,0
D_0002805202,0,0.066783,0
D_0002805349,1,0.994990,1
D_0002805727,1,0.328246,1
D_0002806000,1,0.994238,1
D_0002806441,0,0.118967,0
D_0002807365,0,0.157714,0
D_0002807743,0,0.108248,0
D_0002808121,0,0.272555,1
D_0002809108,1,0.992687,1
D_0002809150,0,0.062139,0
D_0002809213,0,0.040589,0
D_0002809570,0,0.090408,0
D_0002810137,0,0.171942,0
D_0002810263,1,0.990768,1
D_0002810347,0,0.051136,0
D_0002810557,0,0.125997,0
D_0002810620,1,0.127486,0
D_0002810788,1,0.982187,1
D_0002810872,1,0.992072,1
D_0002811838,1,0.943960,1
D_0002812867,0,0.062413,0
D_0002813077,0,0.097395,0
D_0002813098,1,0.247264,1
D_0002813350,1,0.999167,1
D_0002813833,1,0.961641,1
D_0002813959,1,0.994511,1
D_0002814127,0,0.173912,0
D_0002814211,0,0.031952,0
D_0002814778,1,0.992045,1
D_0002815156,1,0.995323,1
D_0002815891,1,0.173419,0
D_0002816437,1,0.993626,1
D_0002816584,0,0.019071,0
D_0002816815,1,0.995496,1
D_0002817277,1,0.995764,1
D_0002818054,0,0.090686,0
D_0002818306,0,0.228090,1
D_0002818453,0,0.413371,1
D_0002818621,0,0.045021,0
D_0002818705,0,0.203903,1
D_0002818789,1,0.973012,1
D_0002818957,1,1.000000,1
D_0002819923,1,0.122327,0
D_0002820364,0,0.007422,0
D_0002820700,1,0.179969,1
D_0002821015,1,0.066231,0
D_0002821477,1,0.995406,1
D_0002821687,1,0.982991,1
D_0002821939,0,0.079441,0
D_0002822380,1,0.992953,1
D_0002822464,1,0.742973,1
D_0002823178,1,0.998402,1
D_0002823199,0,0.042786,0
D_0002823451,1,0.992895,1
D_0002823682,1,0.998616,1
D_0002823955,0,0.063639,0
D_0002824438,1,0.992932,1
D_0002824501,1,0.993567,1
D_0002824921,0,0.423352,1
D_0002825383,1,0.999967,1
D_0002825614,0,0.050160,0
D_0002825845,0,0.049034,0
D_0002825908,0,0.024639,0
D_0002826076,0,0.049980,0
D_0002826223,1,0.999821,1
D_0002826244,0,0.036794,0
D_0002826433,0,0.112571,0
D_0002826706,1,0.994790,1
D_0002826811,0,0.951628,1
D_0002826874,0,0.215610,1
D_0002827000,1,0.996165,1
D_0002827315,0,0.023279,0
D_0002827399,0,0.094353,0
D_0002827819,1,0.984592,1
D_0002828008,0,0.147288,0
D_0002828827,1,0.100503,0
D_0002829079,1,0.091928,0
D_0002829520,1,0.996616,1
D_0002829562,1,0.123814,0
D_0002829730,1,0.985966,1
D_0002829793,1,0.442754,1
D_0002829940,0,0.021321,0
D_0002830024,0,0.109073,0
D_0002831158,1,0.994378,1
D_0002831473,1,0.952648,1
D_0002831494,0,0.104987,0
D_0002831557,0,0.065800,0
D_0002831851,1,0.971539,1
D_0002832628,0,0.056885,0
D_0002832817,0,0.043852,0
D_0002833216,1,0.989910,1
D_0002833300,0,0.244008,1
D_0002834560,0,0.017995,0
D_0002834728,1,0.999442,1
D_0002834875,0,0.024774,0
D_0002835274,0,0.067953,0
D_0002835904,0,0.005995,0
D_0002836198,1,0.989438,1
D_0002836429,1,0.995809,1
D_0002837101,0,0.009370,0
D_0002837164,1,0.990236,1
D_0002837227,1,0.996575,1
D_0002837542,1,0.982948,1
D_0002837689,0,0.007399,0
D_0002838046,0,0.093979,0
D_0002838193,1,0.994384,1
D_0002838382,1,0.997237,1
D_0002838529,1,0.999791,1
D_0002839138,1,0.996516,1
D_0002839558,1,0.986852,1
D_0002839642,0,0.085520,0
D_0002839747,1,0.133751,0
D_0002840188,1,0.992893,1
D_0002840272,1,0.273769,1
D_0002840461,0,0.044406,0
D_0002840671,1,0.995067,1
D_0002840713,1,0.999988,1
D_0002840776,0,0.056665,0
D_0002840797,1,0.989957,1
D_0002841616,0,0.047256,0
D_0002841763,1,0.036212,0
D_0002842141,1,0.093792,0
D_0002843527,0,0.003116,0
D_0002843779,0,0.022682,0
D_0002844010,0,0.258972,1
D_0002844451,1,0.988354,1
D_0002844766,1,0.986626,1
D_0002844787,0,0.028682,0
D_0002844871,1,0.990248,1
D_0002845018,1,0.147863,0
D_0002845144,0,0.832401,1
D_0002845228,0,0.218722,1
D_0002845396,0,0.071037,0
D_0002845438,1,0.838835,1
D_0002846215,0,0.120880,0
D_0002846509,0,0.104271,0
D_0002846971,1,0.998179,1
D_0002847349,1,0.197545,1
D_0002847475,0,0.114856,0
D_0002847727,0,0.900412,1
D_0002848546,0,0.080427,0
D_0002848714,0,0.028521,0
D_0002850100,1,0.984856,1
D_0002850163,0,0.154799,0
D_0002850205,1,0.999459,1
D_0002850625,1,0.991307,1
D_0002850730,1,0.992766,1
D_0002851444,0,0.075540,0
D_0002851633,1,0.128890,0
D_0002851696,1,0.992945,1
D_0002853145,0,0.040564,0
D_0002853166,1,0.993797,1
D_0002853187,0,0.089292,0
D_0002853418,1,0.967870,1
D_0002853859,1,0.994334,1
D_0002853901,1,0.993954,1
D_0002854279,1,0.974103,1
D_0002854636,1,0.997013,1
D_0002855266,0,0.012553,0
D_0002855371,0,0.271195,1
D_0002855896,0,0.041291,0
D_0002856148,0,0.090864,0
D_0002856190,1,0.016957,0
D_0002856211,0,0.059180,0
D_0002856547,1,0.208017,1
D_0002856988,1,0.990560,1
D_0002857051,0,0.034526,0
D_0002857261,1,0.010135,0
D_0002857597,1,0.989631,1
D_0002857786,1,0.990560,1
D_0002858143,0,0.087750,0
D_0002858542,1,0.991217,1
D_0002859025,0,0.108568,0
D_0002859550,1,0.992827,1
D_0002859865,1,0.982067,1
D_0002859991,1,0.966111,1
D_0002860096,1,0.980527,1
D_0002860621,1,0.986606,1
D_0002860978,1,0.992794,1
D_0002861209,1,0.996572,1
D_0002861314,0,0.067917,0
D_0002861335,1,0.085015,0
D_0002861902,1,0.343203,1
D_0002862763,0,0.362838,1
D_0002863183,0,0.026874,0
D_0002863393,1,0.976525,1
D_0002863876,1,0.998658,1
D_0002863918,1,0.996966,1
D_0002864086,1,0.996934,1
D_0002864212,0,0.014514,0
D_0002864233,0,0.070722,0
D_0002864506,0,0.021716,0
D_0002865010,0,0.042838,0
D_0002865220,0,0.130404,0
D_0002865283,1,0.052697,0
D_0002865598,1,0.206026,1
D_0002866060,0,0.048776,0
D_0002866711,1,0.279457,1
D_0002866942,1,0.991697,1
D_0002867089,0,0.137742,0
D_0002867824,0,0.216155,1
D_0002867950,0,0.157196,0
D_0002868055,0,0.071268,0
D_0002868160,0,0.104487,0
D_0002868517,0,0.015443,0
D_0002868664,0,0.105796,0
D_0002868748,0,0.071047,0
D_0002868895,0,0.049043,0
D_0002869420,1,0.996438,1
D_0002870092,1,0.988804,1
D_0002870155,1,0.970396,1
D_0002870512,0,0.090880,0
D_0002870575,1,0.989915,1
D_0002870806,1,0.997788,1
D_0002870932,1,0.115772,0
D_0002871037,1,0.992802,1
D_0002871142,0,0.090724,0
D_0002871184,0,0.049702,0
D_0002871814,1,0.993114,1
D_0002871856,0,0.160654,0
D_0002872087,1,0.999218,1
D_0002872255,0,0.134380,0
D_0002872759,0,0.100203,0
D_0002873011,0,0.016668,0
D_0002873095,0,0.033426,0
D_0002873494,0,0.038447,0
D_0002874187,1,0.987656,1
D_0002874355,1,0.994419,1
D_0002874460,1,0.961635,1
D_0002874544,1,0.050604,0
D_0002874733,1,0.982937,1
D_0002874922,1,0.258219,1
D_0002875006,1,0.980254,1
D_0002875804,1,0.994765,1
D_0002875909,1,0.995355,1
D_0002876854,0,0.016417,0
D_0002877127,1,0.993967,1
D_0002877169,0,0.074220,0
D_0002877211,1,0.126564,0
D_0002877253,1,0.993451,1
D_0002877715,1,0.996256,1
D_0002878198,1,0.990476,1
D_0002878303,0,0.061735,0
D_0002878471,0,0.042590,0
D_0002878513,1,0.665222,1
D_0002878807,0,0.108966,0
D_0002879332,0,0.577595,1
D_0002879458,1,0.993479,1
D_0002879605,1,0.998630,1
D_0002879731,0,0.031213,0
D_0002881348,0,0.066957,0
D_0002881432,0,0.075274,0
D_0002881453,1,0.992767,1
D_0002881852,1,0.869029,1
D_0002881957,0,0.043116,0
D_0002882209,0,0.045357,0
D_0002882377,0,0.008154,0
D_0002882650,1,0.993053,1
D_0002882671,1,0.992301,1
D_0002883280,0,0.051649,0
D_0002883301,1,0.991165,1
D_0002884162,1,0.083854,0
D_0002884435,0,0.013440,0
D_0002884477,1,0.995729,1
D_0002885149,0,0.259516,1
D_0002885170,1,0.944987,1
D_0002885296,1,0.967432,1
D_0002885464,1,0.989920,1
D_0002885800,0,0.056451,0
D_0002886367,1,0.997179,1
D_0002886577,1,0.984243,1
D_0002886619,1,0.963806,1
D_0002887501,0,0.071866,0
D_0002887795,1,0.805293,1
D_0002888173,0,0.037342,0
D_0002888656,0,0.020667,0
D_0002888698,0,0.052877,0
D_0002888929,0,0.047528,0
D_0002889727,0,0.230160,1
D_0002889748,1,0.993009,1
D_0002889811,0,0.030479,0
D_0002889916,1,0.999166,1
D_0002890546,0,0.057204,0
D_0002890861,0,0.071013,0
D_0002890966,0,0.014292,0
D_0002890987,1,0.109026,0
D_0002891071,0,0.121876,0
D_0002891176,1,0.061479,0
D_0002891197,0,0.078696,0
D_0002891764,0,0.101254,0
D_0002892352,1,0.996045,1
D_0002893318,1,0.993076,1
D_0002893423,1,0.997454,1
D_0002893465,1,0.985200,1
D_0002893591,1,0.024377,0
D_0002893843,1,0.968599,1
D_0002894452,1,0.985702,1
D_0002894536,1,0.994534,1
D_0002895166,0,0.012541,0
D_0002895418,1,0.982498,1
D_0002895712,1,0.121615,0
D_0002896195,1,0.986093,1
D_0002896615,0,0.207586,1
D_0002896783,1,0.194858,1
D_0002896993,1,0.986630,1
D_0002897245,0,0.012172,0
D_0002897413,0,0.003916,0
D_0002897560,0,0.109998,0
D_0002897686,1,0.999994,1
D_0002897854,0,0.073894,0
D_0002897938,1,0.413811,1
D_0002898232,1,0.998417,1
D_0002898358,0,0.039217,0
D_0002898379,1,0.995377,1
D_0002898589,1,0.994082,1
D_0002898778,1,0.993864,1
D_0002899429,1,0.975798,1
D_0002899471,0,0.081343,0
D_0002899828,0,0.157155,0
D_0002900017,1,0.986260,1
D_0002900458,1,0.996542,1
D_0002901088,1,0.990192,1
D_0002901319,1,0.996002,1
D_0002901361,1,0.989165,1
D_0002901529,1,0.992309,1
D_0002902558,1,0.999955,1
D_0002902768,1,0.993942,1
D_0002903146,1,0.996148,1
D_0002903209,1,0.996655,1
D_0002903230,1,0.995426,1
D_0002903377,0,0.038144,0
D_0002903545,1,0.969340,1
D_0002903839,0,0.014811,0
D_0002904637,1,0.995769,1
D_0002904721,1,0.846054,1
D_0002904763,1,0.091349,0
D_0002905477,0,0.025812,0
D_0002905519,1,0.997879,1
D_0002906044,1,0.408949,1
D_0002906086,0,0.006081,0
D_0002906548,1,0.975582,1
D_0002906590,1,1.000000,1
D_0002906737,1,0.989346,1
D_0002906800,1,0.984621,1
D_0002907262,1,0.994312,1
D_0002907325,1,0.230844,1
D_0002907430,0,0.020512,0
D_0002907976,1,0.995395,1
D_0002908081,0,0.064460,0
D_0002908102,0,0.085339,0
D_0002908144,0,0.039478,0
D_0002908501,0,0.042986,0
D_0002908627,0,0.026085,0
D_0002908837,1,0.996367,1
D_0002909005,0,0.176187,0
D_0002909026,0,0.059487,0
D_0002910118,0,0.176513,0
D_0002910286,0,0.152646,0
D_0002910307,1,0.994794,1
D_0002910664,1,0.984369,1
D_0002911315,0,0.086801,0
D_0002911630,0,0.048968,0
D_0002911840,1,0.982639,1
D_0002911861,0,0.031583,0
D_0002912071,1,0.987963,1
D_0002912260,0,0.078583,0
D_0002912743,0,0.067881,0
D_0002912827,0,0.101972,0
D_0002913583,1,0.989127,1
D_0002913625,0,0.027147,0
D_0002913793,0,0.110588,0
D_0002913919,1,0.996462,1
D_0002914717,1,0.996570,1
D_0002914843,0,0.083750,0
D_0002915200,1,0.255593,1
D_0002915305,1,0.374117,1
D_0002915347,0,0.123835,0
D_0002915935,0,0.142721,0
D_0002916670,0,0.023502,0
D_0002917279,0,0.050883,0
D_0002917405,1,0.997968,1
D_0002917426,0,0.148243,0
D_0002917531,0,0.137281,0
D_0002918035,0,0.016372,0
D_0002918098,0,0.031435,0
D_0002918119,1,0.988221,1
D_0002918182,0,0.035268,0
D_0002918224,1,0.992768,1
D_0002918266,0,0.070108,0
D_0002918308,0,0.062653,0
D_0002919085,1,0.999605,1
D_0002919505,1,0.980977,1
D_0002919547,1,0.964757,1
D_0002919631,1,0.161710,0
D_0002920051,1,0.994004,1
D_0002920135,1,0.999085,1
D_0002920156,0,0.053472,0
D_0002920303,1,0.053575,0
D_0002920534,1,0.995318,1
D_0002920576,1,0.990975,1
D_0002920828,1,0.989908,1
D_0002921227,1,0.995062,1
D_0002921437,0,0.011739,0
D_0002921731,1,0.933477,1
D_0002921857,0,0.041181,0
D_0002921941,1,0.993299,1
D_0002922046,1,0.999998,1
D_0002922592,0,0.034895,0
D_0002922865,1,0.995338,1
D_0002922907,1,0.997983,1
D_0002923201,0,0.134959,0
D_0002923306,0,0.052290,0
D_0002923558,0,0.067892,0
D_0002923789,1,0.996198,1
D_0002924020,0,0.043104,0
D_0002924104,1,0.379226,1
D_0002924167,0,0.239478,1
D_0002924839,0,0.037083,0
D_0002925238,1,0.995266,1
D_0002925553,0,0.296778,1
D_0002925616,1,0.909853,1
D_0002925658,0,0.019331,0
D_0002925826,0,0.004716,0
D_0002925868,1,0.984380,1
D_0002925889,0,0.055295,0
D_0002925910,0,0.320112,1
D_0002926267,0,0.042427,0
D_0002926435,0,0.074475,0
D_0002926981,1,0.979428,1
D_0002927002,1,0.993420,1
D_0002927107,1,0.998621,1
D_0002927317,1,0.063264,0
D_0002927569,0,0.050413,0
D_0002927653,1,0.972313,1
D_0002927884,1,0.990284,1
D_0002928304,0,0.050684,0
D_0002928514,1,0.963235,1
D_0002928535,0,0.110500,0
D_0002928577,0,0.073277,0
D_0002928745,1,0.067846,0
D_0002929858,1,0.999679,1
D_0002929879,1,0.993191,1
D_0002930299,1,0.993998,1
D_0002930383,0,0.045397,0
D_0002930656,1,0.989680,1
D_0002930698,1,0.936405,1
D_0002930908,1,0.981772,1
D_0002930971,1,0.112095,0
D_0002931202,1,0.227887,1
D_0002931286,1,0.990411,1
D_0002931328,0,0.044400,0
D_0002931391,1,0.988112,1
D_0002931517,1,0.995710,1
D_0002931559,1,0.998589,1
D_0002933092,1,0.991317,1
D_0002933197,0,0.017451,0
D_0002933365,0,0.064354,0
D_0002933428,0,0.024423,0
D_0002934835,0,0.038017,0
D_0002934856,0,0.112526,0
D_0002935003,1,0.999496,1
D_0002935045,0,0.123609,0
D_0002935129,0,0.214730,1
D_0002935696,0,0.073578,0
D_0002935906,1,0.982726,1
D_0002935927,0,0.036915,0
D_0002936158,1,0.971192,1
D_0002936200,0,0.053810,0
D_0002936578,0,0.195161,1
D_0002936767,1,0.992217,1
D_0002936788,1,0.994543,1
D_0002936872,1,0.218665,1
D_0002937313,1,0.954501,1
D_0002937649,1,0.998689,1
D_0002937670,0,0.112209,0
D_0002937691,1,0.186233,1
D_0002937985,0,0.249225,1
D_0002938426,1,0.989539,1
D_0002938447,1,0.990939,1
D_0002938594,1,0.990190,1
D_0002938993,1,0.994018,1
D_0002939203,1,0.994855,1
D_0002939245,0,0.027209,0
D_0002939371,1,0.800807,1
D_0002939602,1,0.089841,0
D_0002939896,0,0.000626,0
D_0002939917,0,0.032611,0
D_0002940526,0,0.064683,0
D_0002940736,1,0.997081,1
D_0002940883,0,0.580642,1
D_0002941156,0,0.999921,1
D_0002941177,1,0.939217,1
D_0002941303,1,0.995773,1
D_0002941597,1,0.997648,1
D_0002941954,1,0.974845,1
D_0002942269,0,0.537286,1
D_0002942374,0,0.014852,0
D_0002942395,1,0.215295,1
D_0002942584,1,0.982967,1
D_0002942794,0,0.137885,0
D_0002943298,1,0.138751,0
D_0002943319,0,0.406370,1
D_0002943445,0,0.064693,0
D_0002943970,0,0.486355,1
D_0002944243,1,0.993866,1
D_0002944516,0,0.008920,0
D_0002944705,1,0.994900,1
D_0002944852,0,0.010636,0
D_0002944957,1,0.063517,0
D_0002945209,1,0.996840,1
D_0002945230,1,0.082574,0
D_0002945293,1,0.975795,1
D_0002945335,0,0.023616,0
D_0002945461,1,0.989646,1
D_0002945482,0,0.021518,0
D_0002945629,1,0.965995,1
D_0002945755,0,0.040334,0
D_0002945839,1,0.996098,1
D_0002946553,1,0.993216,1
D_0002946616,1,0.987253,1
D_0002946868,0,0.144717,0
D_0002948002,1,0.997072,1
D_0002948296,1,0.983337,1
D_0002948422,0,0.031109,0
D_0002948884,0,0.183182,1
D_0002948968,0,0.113590,0
D_0002949241,0,0.083829,0
D_0002949787,0,0.025397,0
D_0002949808,1,0.988456,1
D_0002950543,0,0.016997,0
D_0002950627,1,0.999947,1
D_0002950690,1,0.993544,1
D_0002950900,1,0.068210,0
D_0002951425,0,0.078186,0
D_0002951677,0,0.098534,0
D_0002951971,0,0.092913,0
D_0002952118,1,0.986794,1
D_0002952874,1,0.996981,1
D_0002953021,1,0.992263,1
D_0002953756,0,0.115099,0
D_0002953777,1,0.985561,1
D_0002954113,1,0.987674,1
D_0002954134,1,0.965220,1
D_0002954260,0,0.035579,0
D_0002954428,0,0.166506,0
D_0002954827,1,0.143665,0
D_0002955247,0,0.006620,0
D_0002955394,1,0.101399,0
D_0002955499,1,0.112490,0
D_0002955856,0,0.034161,0
D_0002956045,1,0.995799,1
D_0002956423,0,0.060333,0
D_0002956444,0,0.140864,0
D_0002956528,1,0.987798,1
D_0002957620,0,0.052620,0
D_0002957956,1,0.999831,1
D_0002957977,0,0.038421,0
D_0002958040,1,0.995174,1
D_0002958124,1,0.988931,1
D_0002958565,1,0.988477,1
D_0002958649,0,0.048750,0
D_0002958922,0,0.107893,0
D_0002959300,1,0.952900,1
T_0000000011,0,0.929594,1
T_0000000021,0,0.254435,1
T_0000000027,1,0.977752,1
T_0000000049,0,0.089977,0
T_0000000052,1,0.989748,1
T_0000000077,1,0.977422,1
T_0000000078,1,0.958185,1
T_0000000101,1,0.996169,1
T_0000000127,0,0.008665,0
T_0000000134,0,0.018046,0
T_0000000153,1,0.097182,0
T_0000000159,1,0.991988,1
T_0000000193,1,0.987225,1
T_0000000221,0,0.076838,0
T_0000000226,1,0.493991,1
T_0000000271,0,0.024271,0
T_0000000281,1,0.983436,1
T_0000000318,0,0.020024,0
T_0000000331,0,0.036104,0
T_0000000345,1,0.042670,0
T_0000000349,1,0.059376,0
T_0000000359,0,0.033402,0
T_0000000375,1,0.993027,1
T_0000000405,0,0.034321,0
T_0000000433,1,0.989031,1
T_0000000443,1,0.592088,1
T_0000000465,0,0.008887,0
T_0000000507,0,0.002408,0
T_0000000521,1,0.962816,1
T_0000000539,0,0.047228,0
T_0000000556,1,0.972689,1
T_0000000566,1,0.989787,1
T_0000000571,0,0.015960,0
T_0000000612,0,0.071131,0
T_0000000634,1,0.985292,1
T_0000000636,1,0.986798,1
T_0000000651,0,0.024265,0
T_0000000661,0,0.038685,0
T_0000000669,1,0.988467,1
T_0000000670,1,0.965900,1
T_0000000691,1,0.717372,1
T_0000000706,1,0.888271,1
T_0000000739,0,0.020209,0
T_0000000760,1,0.985233,1
T_0000000780,1,0.940933,1
T_0000000897,1,0.992972,1
T_0000000906,1,0.518628,1
T_0000000909,1,0.980276,1
T_0000000914,1,0.972061,1
T_0000000961,1,0.998892,1
T_0000001003,1,0.130608,0
T_0000001004,1,0.970001,1
T_0000001063,1,0.996383,1
T_0000001066,1,0.961084,1
T_0000001074,1,0.967189,1
T_0000001076,1,0.993907,1
T_0000001122,1,0.986855,1
T_0000001141,1,0.993901,1
T_0000001144,0,0.031699,0
T_0000001170,1,0.251593,1
T_0000001218,1,0.726767,1
T_0000001232,1,0.983548,1
T_0000001274,1,0.988089,1
T_0000001281,1,0.994050,1
T_0000001301,0,0.071503,0
T_0000001370,0,0.107856,0
T_0000001371,1,0.993501,1
T_0000001387,0,0.027960,0
T_0000001404,0,0.025224,0
T_0000001443,0,0.060414,0
T_0000001465,0,0.030787,0
T_0000001482,1,0.893872,1
T_0000001503,0,0.121976,0
T_0000001507,1,0.957905,1
T_0000001520,0,0.123951,0
T_0000001530,1,0.992848,1
T_0000001540,0,0.023805,0
T_0000001576,1,0.990661,1
T_0000001581,0,0.015351,0
T_0000001604,1,0.299642,1
T_0000001646,0,0.047614,0
T_0000001718,0,0.073202,0
T_0000001722,0,0.015323,0
T_0000001742,1,0.992700,1
T_0000001752,0,0.043238,0
T_0000001769,1,0.197909,1
T_0000001778,1,0.079736,0
T_0000001800,1,0.911096,1
T_0000001804,1,0.991903,1
T_0000001838,1,0.914954,1
T_0000001840,1,0.975527,1
T_0000001908,0,0.105088,0
T_0000001910,1,0.989978,1
T_0000001926,1,0.993186,1
T_0000001947,1,0.986124,1
T_0000001957,0,0.032027,0
T_0000001972,1,0.580130,1
T_0000001975,0,0.080814,0
T_0000001983,1,0.973481,1
T_0000002007,1,0.988225,1
T_0000002012,1,0.849643,1
T_0000002043,1,0.149873,0
T_0000002097,1,0.979641,1
T_0000002140,1,0.999944,1
T_0000002191,0,0.033559,0
T_0000002233,0,0.078463,0
T_0000002278,0,0.064065,0
T_0000002303,1,0.987810,1
T_0000002305,1,0.989624,1
T_0000002351,1,0.982220,1
T_0000002396,1,0.994023,1
T_0000002398,0,0.021855,0
T_0000002429,1,0.779397,1
T_0000002431,0,0.016145,0
T_0000002434,1,0.992757,1
T_0000002458,0,0.090850,0
T_0000002477,0,0.016219,0
T_0000002523,0,0.022985,0
T_0000002558,1,0.993353,1
T_0000002562,0,0.029203,0
T_0000002579,1,0.678336,1
T_0000002584,1,0.994793,1
T_0000002585,0,0.901171,1
T_0000002587,1,0.899798,1
T_0000002590,0,0.046100,0
T_0000002606,0,0.006600,0
T_0000002610,1,0.989625,1
T_0000002615,1,0.835219,1
T_0000002641,0,0.009602,0
T_0000002662,1,0.997260,1
T_0000002663,1,0.985915,1
T_0000002671,0,0.069322,0
T_0000002714,1,0.923238,1
T_0000002730,1,0.064677,0
T_0000002765,1,0.066989,0
T_0000002768,1,0.976907,1
T_0000002770,1,0.990883,1
T_0000002778,1,0.990869,1
T_0000002801,1,0.995277,1
T_0000002895,1,0.995812,1
T_0000002906,1,0.994635,1
T_0000002937,0,0.031199,0
T_0000002941,0,0.288999,1
T_0000002979,1,0.984830,1
T_0000002982,0,0.047665,0
T_0000003032,1,0.983323,1
T_0000003103,1,0.971957,1
T_0000003113,0,0.029877,0
T_0000003137,1,0.956674,1
T_0000003164,0,0.026776,0
T_0000003170,0,0.072090,0
T_0000003235,1,0.992357,1
T_0000003282,1,0.981867,1
T_0000003315,1,0.994631,1
T_0000003330,0,0.014422,0
T_0000003345,0,0.031522,0
T_0000003394,0,0.046134,0
T_0000003402,1,0.993531,1
T_0000003411,1,0.859767,1
T_0000003413,1,0.974684,1
T_0000003424,1,0.981770,1
T_0000003449,0,0.036969,0
T_0000003461,0,0.039142,0
T_0000003471,1,0.999990,1
T_0000003478,1,0.990103,1
T_0000003492,1,0.982523,1
T_0000003514,1,0.996091,1
T_0000003519,1,0.988161,1
T_0000003523,1,0.995256,1
T_0000003542,1,0.952529,1
T_0000003553,1,0.982602,1
T_0000003582,0,0.088003,0
T_0000003689,1,0.937378,1
T_0000003700,1,0.932816,1
T_0000003859,0,0.024239,0
T_0000003884,1,0.862589,1
T_0000003898,1,0.995802,1
T_0000003948,0,0.015964,0
T_0000004023,0,0.040260,0
T_0000004031,1,0.999999,1
T_0000004079,0,0.026671,0
T_0000004085,0,0.029567,0
T_0000004114,1,0.995338,1
T_0000004119,1,0.986252,1
T_0000004189,0,0.001605,0
T_0000004190,1,0.983803,1
T_0000004210,0,0.104348,0
T_0000004240,1,0.993295,1
T_0000004254,0,0.007930,0
T_0000004255,0,0.020044,0
T_0000004293,0,0.009884,0
T_0000004332,1,0.994547,1
T_0000004365,1,0.999801,1
T_0000004366,1,0.995735,1
T_0000004423,1,0.990601,1
T_0000004475,1,0.820466,1
T_0000004479,0,0.084436,0
T_0000004516,0,0.054768,0
T_0000004517,0,0.012193,0
T_0000004587,1,0.988364,1
T_0000004624,1,0.982404,1
T_0000004627,1,0.991394,1
T_0000004684,1,0.989015,1
T_0000004720,1,0.991246,1
T_0000004732,1,0.963402,1
T_0000004749,0,0.048991,0
T_0000004760,1,0.907185,1
T_0000004765,1,0.990589,1
T_0000004766,1,0.574849,1
T_0000004798,1,0.996884,1
T_0000004863,1,0.989515,1
T_0000004889,1,0.986883,1
T_0000004914,1,0.983770,1
T_0000004919,0,0.008561,0
T_0000004936,1,0.071269,0
T_0000004946,1,0.963852,1
T_0000005017,1,0.992162,1
T_0000005024,1,0.787556,1
T_0000005040,1,0.865256,1
T_0000005041,0,0.122154,0
T_0000005052,0,0.006503,0
T_0000005106,1,0.996705,1
T_0000005151,1,0.995857,1
T_0000005152,1,0.983873,1
T_0000005173,1,0.959032,1
T_0000005192,1,0.030070,0
T_0000005216,0,0.186463,1
T_0000005224,1,0.997282,1
T_0000005233,1,0.977455,1
T_0000005271,0,0.193506,1
T_0000005284,0,0.014197,0
T_0000005345,0,0.011893,0
T_0000005359,1,0.990445,1
T_0000005374,1,0.327582,1
T_0000005406,0,0.013688,0
T_0000005409,0,0.028530,0
T_0000005450,1,0.225709,1
T_0000005478,1,0.994625,1
T_0000005506,0,0.093089,0
T_0000005507,0,0.026469,0
T_0000005519,1,0.980274,1
T_0000005570,0,0.006657,0
T_0000005586,1,0.977119,1
T_0000005593,1,0.983863,1
T_0000005616,1,0.983106,1
T_0000005663,0,0.015757,0
T_0000005668,1,0.987839,1
T_0000005679,1,0.992383,1
T_0000005691,1,0.983636,1
T_0000005722,0,0.013115,0
T_0000005735,0,0.022416,0
T_0000005738,0,0.029480,0
T_0000005750,1,0.993496,1
T_0000005760,1,0.985278,1
T_0000005768,1,0.904831,1
T_0000005803,0,0.033972,0
T_0000005806,1,0.986924,1
T_0000005809,1,0.326959,1
T_0000005837,1,0.917328,1
T_0000005844,1,0.990506,1
T_0000005855,0,0.066911,0
T_0000005878,1,0.777035,1
T_0000005907,1,0.933681,1
T_0000005935,0,0.175789,0
T_0000005941,0,0.012199,0
T_0000005972,1,0.990004,1
T_0000005977,1,0.979793,1
T_0000006004,1,0.953625,1
T_0000006014,0,0.126656,0
T_0000006034,1,0.967160,1
T_0000006052,0,0.149082,0
T_0000006054,0,0.243287,1
T_0000006061,0,0.040699,0
T_0000006083,1,0.503647,1
T_0000006103,1,0.992088,1
T_0000006109,0,0.009261,0
T_0000006155,1,0.992911,1
T_0000006163,1,0.992841,1
T_0000006172,1,0.477393,1
T_0000006178,1,0.877258,1
T_0000006179,1,0.077718,0
T_0000006194,0,0.006528,0
T_0000006201,1,0.975852,1
T_0000006203,1,0.982073,1
T_0000006218,1,0.979918,1
T_0000006239,1,0.997904,1
T_0000006250,1,0.139082,0
T_0000006265,1,0.960171,1
T_0000006290,0,0.157049,0
T_0000006310,0,0.007042,0
T_0000006352,1,0.979423,1
T_0000006362,0,0.018136,0
T_0000006442,0,0.005998,0
T_0000006446,1,0.999698,1
T_0000006461,1,0.076221,0
T_0000006462,0,0.021895,0
T_0000006480,1,0.998701,1
T_0000006491,1,0.994769,1
T_0000006500,1,0.997676,1
T_0000006528,1,0.990844,1
T_0000006540,1,0.992450,1
T_0000006549,1,0.951670,1
T_0000006575,1,0.989060,1
T_0000006588,1,0.965581,1
T_0000006594,0,0.043606,0
T_0000006619,0,0.016771,0
T_0000006667,1,0.991677,1
T_0000006673,1,0.991438,1
T_0000006724,1,0.972476,1
T_0000006730,0,0.005672,0
T_0000006763,0,0.011280,0
T_0000006771,1,0.995815,1
T_0000006773,0,0.027164,0
T_0000006784,1,0.995075,1
T_0000006794,0,0.053451,0
T_0000006817,1,0.966962,1
T_0000006866,1,0.537030,1
T_0000006881,1,0.991281,1
T_0000006915,1,0.143177,0
T_0000006952,1,0.987039,1
T_0000006998,0,0.019255,0
T_0000007040,1,0.981438,1
T_0000007070,1,0.996105,1
T_0000007081,1,0.984526,1
T_0000007113,0,0.006990,0
T_0000007122,1,0.999911,1
T_0000007130,1,0.988961,1
T_0000007139,0,0.026437,0
T_0000007150,0,0.015933,0
T_0000007166,0,0.043156,0
T_0000007172,0,0.046534,0
T_0000007201,1,0.885145,1
T_0000007205,1,0.992688,1
T_0000007212,1,0.988594,1
T_0000007260,1,0.664323,1
T_0000007281,1,0.948136,1
T_0000007289,1,0.993046,1
T_0000007291,1,0.805594,1
T_0000007301,1,0.923436,1
T_0000007306,1,0.336000,1
T_0000007323,1,0.996988,1
T_0000007329,1,0.995353,1
T_0000007380,1,0.975931,1
T_0000007394,1,0.552534,1
T_0000007408,1,0.990874,1
T_0000007409,0,0.046264,0
T_0000007458,1,0.552614,1
T_0000007467,0,0.037316,0
T_0000007469,1,0.984112,1
T_0000007490,0,0.047377,0
T_0000007509,1,0.914972,1
T_0000007524,1,0.990022,1
T_0000007544,1,0.974615,1
T_0000007557,0,0.056827,0
T_0000007602,0,0.094342,0
T_0000007604,1,0.988278,1
T_0000007606,1,0.988078,1
T_0000007634,0,0.453032,1
T_0000007643,0,0.046317,0
T_0000007654,0,0.065774,0
T_0000007668,1,0.983592,1
T_0000007694,0,0.014277,0
T_0000007721,1,0.997282,1
T_0000007753,1,0.975711,1
T_0000007788,1,0.838610,1
T_0000007794,1,0.990576,1
T_0000007815,1,0.991766,1
T_0000007849,1,0.990829,1
T_0000007874,1,0.992864,1
T_0000007911,1,0.033639,0
T_0000007921,1,0.973515,1
T_0000007928,1,0.508866,1
T_0000007964,1,0.979863,1
T_0000007996,1,0.993552,1
T_0000008011,1,0.912314,1
T_0000008013,0,0.012312,0
T_0000008017,1,0.992517,1
T_0000008028,1,0.998229,1
T_0000008076,1,0.990687,1
T_0000008083,0,0.027366,0
T_0000008084,0,0.094339,0
T_0000008171,1,0.994849,1
T_0000008215,1,0.984886,1
T_0000008230,1,0.985875,1
T_0000008257,0,0.029162,0
T_0000008258,1,0.657390,1
T_0000008273,0,0.151672,0
T_0000008290,0,0.148304,0
T_0000008350,1,0.985329,1
T_0000008472,1,0.988252,1
T_0000008490,0,0.019246,0
T_0000008491,1,0.936721,1
T_0000008521,0,0.018512,0
T_0000008532,1,0.993412,1
T_0000008550,1,0.927713,1
T_0000008558,1,0.997954,1
T_0000008560,0,0.002055,0
T_0000008561,0,0.043854,0
T_0000008599,1,0.932422,1
T_0000008601,1,0.988516,1
T_0000008620,1,0.983366,1
T_0000008642,1,0.990638,1
T_0000008645,0,0.019357,0
T_0000008696,0,0.024076,0
T_0000008715,1,0.152481,0
T_0000008756,0,0.044763,0
T_0000008793,1,0.997239,1
T_0000008823,1,0.153289,0
T_0000008830,1,0.974086,1
T_0000008856,0,0.010906,0
T_0000008862,1,0.749485,1
T_0000008878,1,0.995327,1
T_0000008889,1,0.836759,1
T_0000008893,0,0.007254,0
T_0000008894,1,0.990674,1
T_0000008902,1,0.938601,1
T_0000008952,1,0.996659,1
T_0000008993,1,0.267895,1
T_0000009005,1,0.969565,1
T_0000009030,0,0.001965,0
T_0000009091,1,0.982226,1
T_0000009108,0,0.013816,0
T_0000009148,1,0.968499,1
T_0000009158,0,0.024511,0
T_0000009166,0,0.021167,0
T_0000009213,1,0.032539,0
T_0000009218,0,0.038533,0
T_0000009222,1,0.993234,1
T_0000009223,1,0.991198,1
T_0000009245,1,0.997208,1
T_0000009258,1,0.989293,1
T_0000009373,0,0.005959,0
T_0000009410,1,0.990487,1
T_0000009427,0,0.061038,0
T_0000009434,0,0.020509,0
T_0000009487,1,0.914489,1
T_0000009503,1,0.649516,1
T_0000009504,1,0.992715,1
T_0000009519,0,0.014966,0
T_0000009585,0,0.119263,0
T_0000009600,1,0.969849,1
T_0000009614,1,0.997406,1
T_0000009620,1,0.990879,1
T_0000009650,1,0.994823,1
T_0000009675,1,0.578880,1
T_0000009676,1,0.991681,1
T_0000009678,1,0.986602,1
T_0000009699,1,0.990969,1
T_0000009701,1,0.989582,1
T_0000009716,0,0.050079,0
T_0000009731,1,0.926700,1
T_0000009815,0,0.037802,0
T_0000009905,1,0.985766,1
T_0000009939,1,0.992178,1
T_0000009953,0,0.024757,0
T_0000009970,0,0.005130,0
T_0000010019,1,0.256498,1
T_0000010021,1,0.994075,1
T_0000010034,1,0.919677,1
T_0000010035,1,0.098458,0
T_0000010043,0,0.083084,0
T_0000010045,1,0.987027,1
T_0000010080,0,0.038504,0
T_0000010116,1,0.759143,1
T_0000010120,0,0.028054,0
T_0000010192,1,0.988156,1
T_0000010200,1,0.996485,1
T_0000010227,0,0.036425,0
T_0000010233,1,0.877908,1
T_0000010235,1,0.182712,1
T_0000010243,0,0.040880,0
T_0000010328,1,0.971195,1
T_0000010342,1,0.962800,1
T_0000010352,1,0.996532,1
T_0000010401,0,0.036044,0
T_0000010403,1,0.986038,1
T_0000010407,1,0.977341,1
T_0000010417,0,0.025319,0
T_0000010436,0,0.042064,0
T_0000010472,1,0.986600,1
T_0000010494,0,0.044950,0
T_0000010501,1,0.065241,0
T_0000010512,1,0.992331,1
T_0000010568,1,0.993789,1
T_0000010605,1,0.992489,1
T_0000010623,0,0.029074,0
T_0000010648,0,0.063569,0
T_0000010664,0,0.008254,0
T_0000010685,1,0.989208,1
T_0000010691,0,0.012308,0
T_0000010706,1,0.780411,1
T_0000010708,0,0.008882,0
T_0000010732,1,0.906749,1
T_0000010746,1,0.995624,1
T_0000010793,0,0.024796,0
T_0000010813,0,0.027608,0
T_0000010814,0,0.040186,0
T_0000010822,1,0.991367,1
T_0000010824,1,0.947485,1
T_0000010833,1,0.996858,1
T_0000010857,1,0.900911,1
T_0000010885,1,0.879012,1
T_0000010920,1,0.122775,0
T_0000010951,0,0.044414,0
T_0000010976,0,0.039778,0
T_0000010988,1,0.534537,1
T_0000010993,0,0.006787,0
T_0000011000,0,0.028498,0
T_0000011017,1,0.985871,1
T_0000011023,0,0.036382,0
T_0000011041,1,0.932913,1
T_0000011048,1,0.926780,1
T_0000011058,1,0.991731,1
T_0000011098,1,0.994809,1
T_0000011100,1,0.987238,1
T_0000011106,1,0.970016,1
T_0000011114,1,0.987647,1
T_0000011121,1,0.957564,1
T_0000011165,0,0.119035,0
T_0000011177,1,0.982586,1
T_0000011192,0,0.057145,0
T_0000011224,1,0.992060,1
T_0000011227,0,0.081414,0
T_0000011250,0,0.032039,0
T_0000011263,0,0.007767,0
T_0000011275,1,0.992697,1
T_0000011319,1,0.987095,1
T_0000011322,1,0.993463,1
T_0000011394,0,0.024941,0
T_0000011407,0,0.008161,0
T_0000011441,1,0.857702,1
T_0000011449,1,0.983436,1
T_0000011512,0,0.036892,0
T_0000011522,1,0.994692,1
T_0000011570,0,0.003085,0
T_0000011574,1,0.990154,1
T_0000011590,0,0.042766,0
T_0000011595,0,0.030090,0
T_0000011605,1,0.996665,1
T_0000011652,1,0.995779,1
T_0000011731,1,0.990499,1
T_0000011779,1,0.968565,1
T_0000011794,0,0.030596,0
T_0000011960,1,0.990417,1
T_0000011963,1,0.991909,1
T_0000011970,1,0.978159,1
T_0000011998,1,0.999141,1
T_0000011999,0,0.020124,0
T_0000012051,1,0.038165,0
T_0000012059,1,0.042288,0
T_0000012065,1,0.886292,1
T_0000012073,0,0.006805,0
T_0000012083,1,0.334263,1
T_0000012086,1,0.990326,1
T_0000012123,0,0.022282,0
T_0000012146,1,0.987334,1
T_0000012147,1,0.995274,1
T_0000012224,1,0.986513,1
T_0000012242,1,0.848759,1
T_0000012268,0,0.101589,0
T_0000012331,1,0.988238,1
T_0000012377,0,0.018739,0
T_0000012454,1,0.988699,1
T_0000012502,0,0.037957,0
T_0000012514,1,0.994763,1
T_0000012553,0,0.009634,0
T_0000012558,1,0.991267,1
T_0000012567,0,0.039067,0
T_0000012573,1,0.994543,1
T_0000012577,1,0.989722,1
T_0000012578,0,0.037466,0
T_0000012655,1,0.992622,1
T_0000012668,1,0.107624,0
T_0000012673,1,0.995295,1
T_0000012676,1,0.972338,1
T_0000012689,1,0.922942,1
T_0000012721,0,0.035485,0
T_0000012729,0,0.065964,0
T_0000012737,1,0.094970,0
T_0000012762,1,0.931490,1
T_0000012779,1,0.248902,1
T_0000012781,1,0.967369,1
T_0000012788,1,0.987969,1
T_0000012796,1,0.914885,1
T_0000012803,0,0.018236,0
T_0000012808,0,0.038952,0
T_0000012860,1,0.902862,1
T_0000012904,1,0.991807,1
T_0000012917,1,0.988747,1
T_0000012923,1,0.646347,1
T_0000012924,1,0.990188,1
T_0000012990,0,0.043824,0
T_0000013029,1,0.454912,1
T_0000013035,1,0.999777,1
T_0000013102,0,0.020373,0
T_0000013104,1,0.121101,0
T_0000013116,0,0.081177,0
T_0000013119,0,0.029107,0
T_0000013125,1,0.970724,1
T_0000013170,1,0.997111,1
T_0000013173,1,0.987130,1
T_0000013176,0,0.017345,0
T_0000013206,0,0.043954,0
T_0000013247,0,0.019698,0
T_0000013333,0,0.026648,0
T_0000013344,1,0.987739,1
T_0000013363,0,0.016783,0
T_0000013456,1,0.966895,1
T_0000013536,1,0.761878,1
T_0000013548,0,0.003806,0
T_0000013556,1,0.999767,1
T_0000013561,1,0.993929,1
T_0000013583,1,0.963458,1
T_0000013589,0,0.044340,0
T_0000013598,1,0.988153,1
T_0000013641,1,0.894992,1
T_0000013664,1,0.997091,1
T_0000013691,1,0.946361,1
T_0000013697,0,0.051722,0
T_0000013698,1,0.802243,1
T_0000013702,0,0.002637,0
T_0000013734,1,0.945206,1
T_0000013798,1,0.991869,1
T_0000013816,0,0.003788,0
T_0000013818,1,0.991694,1
T_0000013856,1,0.052927,0
T_0000013864,0,0.606893,1
T_0000013883,0,0.024694,0
T_0000013912,1,0.984170,1
T_0000013943,1,0.958784,1
T_0000013966,0,0.031488,0
T_0000013998,1,0.935706,1
T_0000014033,0,0.019255,0
T_0000014035,1,0.797883,1
T_0000014044,1,0.990849,1
T_0000014068,1,0.989228,1
T_0000014073,1,0.995778,1
T_0000014082,0,0.070908,0
T_0000014101,1,0.987733,1
T_0000014121,0,0.153960,0
T_0000014148,1,0.999553,1
T_0000014159,0,0.039175,0
T_0000014176,1,0.977887,1
T_0000014201,1,0.999892,1
T_0000014215,0,0.015668,0
T_0000014217,1,0.990376,1
T_0000014238,1,0.124290,0
T_0000014259,0,0.031163,0
T_0000014326,0,0.158387,0
T_0000014365,1,0.928203,1
T_0000014369,1,0.123367,0
T_0000014393,1,0.988833,1
T_0000014460,1,0.986639,1
T_0000014486,0,0.006287,0
T_0000014498,1,0.990063,1
T_0000014510,1,0.971559,1
T_0000014564,0,0.012172,0
T_0000014620,1,0.997570,1
T_0000014637,1,0.966961,1
T_0000014639,0,0.026989,0
T_0000014649,1,0.988734,1
T_0000014654,1,0.082308,0
T_0000014671,0,0.018699,0
T_0000014751,1,0.982263,1
T_0000014763,1,0.134157,0
T_0000014772,1,0.987335,1
T_0000014779,1,0.995286,1
T_0000014821,1,0.989070,1
T_0000014835,1,0.995143,1
T_0000014842,1,0.989142,1
T_0000014903,1,0.984606,1
T_0000014949,1,0.979025,1
T_0000014952,1,0.173997,0
T_0000014976,1,0.993681,1
T_0000015001,1,0.991546,1
T_0000015003,1,0.993704,1
T_0000015020,0,0.077864,0
T_0000015030,1,0.994273,1
T_0000015035,1,0.992757,1
T_0000015064,1,0.991306,1
T_0000015076,0,0.024968,0
T_0000015083,1,0.236932,1
T_0000015160,0,0.126919,0
T_0000015167,1,0.992254,1
T_0000015172,1,0.999096,1
T_0000015188,1,0.990277,1
T_0000015299,1,0.996954,1
T_0000015332,1,0.885650,1
T_0000015340,1,0.994903,1
T_0000015360,1,0.984456,1
T_0000015409,1,0.991890,1
T_0000015418,0,0.095180,0
T_0000015452,0,0.021412,0
T_0000015465,1,0.996090,1
T_0000015496,0,0.011605,0
T_0000015560,1,0.994682,1
T_0000015597,1,0.984950,1
T_0000015674,0,0.014235,0
T_0000015694,0,0.011482,0
T_0000015710,1,0.992163,1
T_0000015713,0,0.024320,0
T_0000015714,1,0.995101,1
T_0000015715,1,0.980836,1
T_0000015722,1,0.993173,1
T_0000015731,1,0.991689,1
T_0000015744,0,0.038154,0
T_0000015745,0,0.007178,0
T_0000015767,0,0.032790,0
T_0000015770,1,0.962259,1
T_0000015794,1,0.984040,1
T_0000015825,1,0.998113,1
T_0000015838,0,0.056728,0
T_0000015845,0,0.051984,0
T_0000015851,0,0.050079,0
T_0000015883,1,0.988280,1
T_0000015921,1,0.919658,1
T_0000015936,1,0.705024,1
T_0000015972,0,0.085989,0
T_0000015984,1,0.986581,1
T_0000015993,1,0.112995,0
T_0000015998,0,0.103459,0
T_0000016008,1,0.638778,1
T_0000016011,0,0.211450,1
T_0000016030,0,0.014317,0
T_0000016043,0,0.010494,0
T_0000016055,0,0.086209,0
T_0000016062,1,0.990947,1
T_0000016080,0,0.020986,0
T_0000016082,0,0.063311,0
T_0000016163,1,0.933165,1
T_0000016197,1,0.232668,1
T_0000016242,0,0.086263,0
T_0000016251,1,0.993094,1
T_0000016275,1,0.994265,1
T_0000016280,1,0.989136,1
T_0000016283,0,0.020779,0
T_0000016312,1,0.991710,1
T_0000016317,1,0.982487,1
T_0000016355,1,0.979314,1
T_0000016375,0,0.006803,0
T_0000016401,0,0.026156,0
T_0000016405,1,0.939555,1
T_0000016409,1,0.963353,1
T_0000016426,0,0.016648,0
T_0000016568,1,0.726595,1
T_0000016611,0,0.087828,0
T_0000016626,0,0.022464,0
T_0000016634,1,0.973543,1
T_0000016679,0,0.025598,0
T_0000016693,1,0.673841,1
T_0000016710,1,1.000000,1
T_0000016740,0,0.054802,0
T_0000016751,1,0.984998,1
T_0000016807,1,0.042548,0
T_0000016830,1,0.991329,1
T_0000016843,1,0.975366,1
T_0000016870,1,0.994119,1
T_0000016887,0,0.936712,1
T_0000016909,0,0.045151,0
T_0000016912,1,0.923979,1
T_0000016916,1,0.986037,1
T_0000016969,1,0.981556,1
T_0000016989,1,0.972141,1
T_0000017000,1,0.997680,1
T_0000017059,1,0.985487,1
T_0000017065,1,0.063468,0
T_0000017082,0,0.003753,0
T_0000017090,1,0.990593,1
T_0000017091,1,0.095771,0
T_0000017137,1,0.974294,1
T_0000017201,1,0.999967,1
T_0000017219,1,0.064741,0
T_0000017258,1,0.990648,1
T_0000017259,0,0.060928,0
T_0000017272,1,0.989300,1
T_0000017297,0,0.054503,0
T_0000017324,1,0.983703,1
T_0000017326,0,0.023532,0
T_0000017336,1,0.862182,1
T_0000017337,1,0.995062,1
T_0000017343,1,0.565117,1
T_0000017347,1,0.108529,0
T_0000017349,1,0.996745,1
T_0000017366,1,0.984268,1
T_0000017380,1,0.770310,1
T_0000017422,0,0.010802,0
T_0000017442,1,0.996086,1
T_0000017463,0,0.037280,0
T_0000017491,1,0.937871,1
T_0000017535,0,0.052637,0
T_0000017555,1,0.984611,1
T_0000017577,1,0.961289,1
T_0000017636,1,0.989074,1
T_0000017643,0,0.012972,0
T_0000017648,0,0.028774,0
T_0000017649,1,0.979784,1
T_0000017680,0,0.062375,0
T_0000017691,0,0.014929,0
T_0000017707,1,0.998550,1
T_0000017715,0,0.068248,0
T_0000017742,1,0.992822,1
T_0000017753,0,0.024226,0
T_0000017760,1,0.991569,1
T_0000017781,1,0.043103,0
T_0000017790,1,0.996757,1
T_0000017821,1,0.986953,1
T_0000017856,0,0.010942,0
T_0000017871,0,0.024458,0
T_0000017906,1,0.956134,1
T_0000017963,1,0.767013,1
T_0000017979,1,0.983067,1
T_0000018061,0,0.006173,0
T_0000018103,1,0.992452,1
T_0000018125,1,0.423225,1
T_0000018173,1,0.983425,1
T_0000018177,1,0.986987,1
T_0000018228,1,0.917686,1
T_0000018242,1,0.971810,1
T_0000018249,0,0.031798,0
T_0000018276,1,0.991388,1
T_0000018285,0,0.020576,0
T_0000018294,0,0.086287,0
T_0000018296,1,0.989172,1
T_0000018315,1,0.850066,1
T_0000018344,0,0.077741,0
T_0000018396,1,0.995128,1
T_0000018412,1,0.990635,1
T_0000018448,1,0.142214,0
T_0000018454,0,0.015752,0
T_0000018465,1,0.639007,1
T_0000018483,1,0.988300,1
T_0000018489,1,0.979881,1
T_0000018566,1,0.985015,1
T_0000018568,0,0.019812,0
T_0000018580,1,0.982977,1
T_0000018591,0,0.023590,0
T_0000018613,0,0.007456,0
T_0000018624,1,0.084499,0
T_0000018645,1,0.941978,1
T_0000018696,1,0.970476,1
T_0000018703,0,0.024679,0
T_0000018715,1,0.943673,1
T_0000018733,1,0.991621,1
T_0000018767,1,0.986950,1
T_0000018779,1,0.982050,1
T_0000018790,0,0.040663,0
T_0000018803,1,0.146609,0
T_0000018811,0,0.060810,0
T_0000018822,0,0.004268,0
T_0000018839,1,0.079817,0
T_0000018854,1,0.974748,1
T_0000018931,1,0.923998,1
T_0000018956,1,0.993870,1
T_0000019100,1,0.949000,1
T_0000019101,1,0.969869,1
T_0000019110,0,0.035054,0
T_0000019127,0,0.089447,0
T_0000019130,1,0.982794,1
T_0000019131,1,0.987280,1
T_0000019170,1,0.995665,1
T_0000019191,1,0.985045,1
T_0000019194,1,0.990658,1
T_0000019203,0,0.025365,0
T_0000019227,0,0.013525,0
T_0000019232,1,0.957109,1
T_0000019248,1,0.986830,1
T_0000019249,1,0.990348,1
T_0000019297,1,0.968492,1
T_0000019308,0,0.036757,0
T_0000019312,0,0.016215,0
T_0000019321,1,0.994058,1
T_0000019327,1,0.370401,1
T_0000019404,1,0.991010,1
T_0000019465,1,0.994519,1
T_0000019508,0,0.039993,0
T_0000019545,1,0.992481,1
T_0000019568,0,0.021225,0
T_0000019630,0,0.029524,0
T_0000019656,1,0.969862,1
T_0000019680,0,0.087056,0
T_0000019702,0,0.033875,0
T_0000019712,1,0.836955,1
T_0000019763,1,0.902308,1
T_0000019782,1,0.916317,1
T_0000019817,1,0.987521,1
T_0000019823,1,0.964094,1
T_0000019843,1,0.986519,1
T_0000019850,1,0.941858,1
T_0000019856,1,0.992657,1
T_0000019861,1,0.206282,1
T_0000019867,1,0.990075,1
T_0000019909,1,0.990011,1
T_0000019939,1,0.979977,1
T_0000019944,0,0.025473,0
T_0000019947,1,0.974829,1
T_0000019967,0,0.020752,0
T_0000019972,0,0.104838,0
T_0000020006,1,0.979574,1
T_0000020041,0,0.327129,1
T_0000020050,1,0.998082,1
T_0000020110,1,0.998124,1
T_0000020157,1,0.965698,1
T_0000020198,1,0.988827,1
T_0000020237,0,0.110038,0
T_0000020362,0,0.030667,0
T_0000020367,1,0.991852,1
T_0000020379,1,0.801848,1
T_0000020388,1,0.992426,1
T_0000020473,1,0.974050,1
T_0000020508,0,0.027311,0
T_0000020522,1,0.980239,1
T_0000020523,1,0.935222,1
T_0000020559,1,0.985392,1
T_0000020575,1,0.767780,1
T_0000020577,1,0.985085,1
T_0000020587,1,0.988097,1
T_0000020621,0,0.048789,0
T_0000020657,1,0.941551,1
T_0000020663,0,0.871037,1
T_0000020719,1,0.974663,1
T_0000020729,0,0.021182,0
T_0000020738,1,0.990162,1
T_0000020804,1,0.990801,1
T_0000020805,0,0.003844,0
T_0000020817,1,0.977510,1
T_0000020835,1,0.251242,1
T_0000020858,1,0.971729,1
T_0000020860,0,0.019076,0
T_0000020861,0,0.019866,0
T_0000020875,1,0.992185,1
T_0000020941,1,0.935965,1
T_0000020944,0,0.016660,0
T_0000020951,0,0.048655,0
T_0000020954,0,0.017435,0
T_0000021057,0,0.027587,0
T_0000021059,0,0.032793,0
T_0000021086,0,0.034177,0
T_0000021089,0,0.058190,0
T_0000021099,1,0.992790,1
T_0000021102,1,0.999142,1
T_0000021106,0,0.017049,0
T_0000021120,0,0.023119,0
T_0000021124,0,0.060320,0
T_0000021167,1,0.992458,1
T_0000021168,0,0.014183,0
T_0000021173,1,0.992349,1
T_0000021188,1,0.999230,1
T_0000021199,0,0.029824,0
T_0000021245,1,0.971392,1
T_0000021254,0,0.019732,0
T_0000021258,1,0.996414,1
T_0000021276,1,0.964760,1
T_0000021293,0,0.065516,0
T_0000021309,1,0.986522,1
T_0000021337,0,0.039048,0
T_0000021342,1,0.971755,1
T_0000021351,1,0.994819,1
T_0000021371,1,0.907792,1
T_0000021413,1,0.080437,0
T_0000021462,1,0.992342,1
T_0000021478,1,0.999918,1
T_0000021509,0,0.038567,0
T_0000021605,1,0.992504,1
T_0000021637,1,0.932147,1
T_0000021638,1,0.995792,1
T_0000021669,1,0.999455,1
T_0000021694,1,0.990723,1
T_0000021753,1,0.995188,1
T_0000021759,1,0.990147,1
T_0000021777,1,0.978890,1
T_0000021779,1,0.994106,1
T_0000021792,0,0.040851,0
T_0000021823,1,0.990632,1
T_0000021826,0,0.014390,0
T_0000021833,1,0.995194,1
T_0000021839,1,0.997551,1
T_0000021844,1,0.999105,1
T_0000021882,1,0.981878,1
T_0000021899,1,0.997947,1
T_0000021977,1,0.991160,1
T_0000021996,1,0.988059,1
T_0000022082,1,0.986947,1
T_0000022090,0,0.023792,0
T_0000022102,1,0.996082,1
T_0000022118,1,0.990641,1
T_0000022136,0,0.098605,0
T_0000022156,1,0.997431,1
T_0000022171,0,0.936119,1
T_0000022212,1,0.996623,1
T_0000022221,0,0.024316,0
T_0000022258,1,0.996261,1
T_0000022293,1,0.995702,1
T_0000022319,0,0.014002,0
T_0000022323,0,0.000667,0
T_0000022393,0,0.003979,0
T_0000022403,1,0.700720,1
T_0000022418,0,0.174572,0
T_0000022428,1,0.285728,1
T_0000022440,0,0.028013,0
T_0000022444,0,0.005789,0
T_0000022470,1,0.976226,1
T_0000022510,0,0.020847,0
T_0000022525,0,0.034262,0
T_0000022556,1,0.991371,1
T_0000022558,0,0.007405,0
T_0000022562,0,0.070955,0
T_0000022567,1,0.993453,1
T_0000022589,1,0.109897,0
T_0000022600,1,0.989614,1
T_0000022613,1,0.929572,1
T_0000022614,0,0.111973,0
T_0000022650,1,0.991715,1
T_0000022690,0,0.027802,0
T_0000022748,1,0.992026,1
T_0000022753,1,0.992891,1
T_0000022781,0,0.008205,0
T_0000022799,0,0.012691,0
T_0000022804,0,0.022611,0
T_0000022814,1,0.990101,1
T_0000022817,1,0.973084,1
T_0000022870,0,0.029122,0
T_0000022878,0,0.109435,0
T_0000022896,1,0.924930,1
T_0000022908,1,0.990484,1
T_0000022937,1,0.962242,1
T_0000022951,0,0.026799,0
T_0000022952,1,0.981958,1
T_0000023035,1,0.993506,1
T_0000023088,1,0.011613,0
T_0000023130,1,0.996579,1
T_0000023148,0,0.004051,0
T_0000023173,0,0.018538,0
T_0000023180,0,0.026163,0
T_0000023241,0,0.031879,0
T_0000023253,1,0.993369,1
T_0000023260,0,0.009146,0
T_0000023261,1,0.990027,1
T_0000023274,1,0.984562,1
T_0000023291,1,0.984312,1
T_0000023336,1,0.993638,1
T_0000023354,0,0.027994,0
T_0000023360,0,0.017091,0
T_0000023392,1,0.989470,1
T_0000023401,0,0.071611,0
T_0000023447,0,0.039178,0
T_0000023474,1,0.991232,1
T_0000023482,1,0.996989,1
T_0000023492,0,0.030256,0
T_0000023512,1,0.991547,1
T_0000023517,0,0.023105,0
T_0000023524,1,0.992799,1
T_0000023526,1,0.683361,1
T_0000023531,1,0.989623,1
T_0000023546,1,0.994824,1
T_0000023552,1,0.160521,0
T_0000023570,1,0.986030,1
T_0000023582,1,0.991691,1
T_0000023643,1,0.978079,1
T_0000023646,1,0.989673,1
T_0000023652,1,0.989291,1
T_0000023695,0,0.049963,0
T_0000023738,1,0.987560,1
T_0000023780,1,0.991783,1
T_0000023815,1,0.990174,1
T_0000023858,1,0.988724,1
T_0000023883,0,0.013622,0
T_0000023905,1,0.952096,1
T_0000023952,1,0.999992,1
T_0000023967,1,0.990767,1
T_0000023975,0,0.004140,0
T_0000023977,1,0.987464,1
T_0000024000,1,0.960960,1
T_0000024052,0,0.008410,0
T_0000024054,1,0.974880,1
T_0000024074,1,0.991780,1
T_0000024084,0,0.004781,0
T_0000024085,1,0.995056,1
T_0000024092,0,0.027844,0
T_0000024125,0,0.024647,0
T_0000024142,1,0.973629,1
T_0000024144,1,0.997091,1
T_0000024160,1,0.975441,1
T_0000024181,0,0.076576,0
T_0000024209,1,0.982392,1
T_0000024245,1,0.991606,1
T_0000024272,1,0.992658,1
T_0000024290,0,0.022456,0
T_0000024294,1,0.147525,0
T_0000024379,0,0.063434,0
T_0000024390,0,0.072609,0
T_0000024430,1,0.994711,1
T_0000024441,1,0.986850,1
T_0000024461,1,0.954074,1
T_0000024508,0,0.042844,0
T_0000024509,1,0.990205,1
T_0000024513,1,0.447877,1
T_0000024515,1,0.974281,1
T_0000024527,1,0.992306,1
T_0000024550,1,0.994181,1
T_0000024564,0,0.069747,0
T_0000024567,1,0.929069,1
T_0000024610,1,0.997848,1
T_0000024655,1,0.861911,1
T_0000024663,1,0.964665,1
T_0000024709,1,0.051690,0
T_0000024718,0,0.144454,0
T_0000024720,0,0.028551,0
T_0000024727,0,0.057638,0
T_0000024743,0,0.017541,0
T_0000024744,1,0.968718,1
T_0000024776,1,0.991451,1
T_0000024795,0,0.015791,0
T_0000024820,1,0.948699,1
T_0000024859,1,0.989857,1
T_0000024869,1,0.984126,1
T_0000024903,1,0.990330,1
T_0000024906,1,0.985535,1
T_0000024951,1,0.196916,1
T_0000024952,1,0.989399,1
T_0000024955,1,0.092588,0
T_0000024963,0,0.023881,0
T_0000024980,1,0.547136,1
T_0000024997,1,0.981837,1
T_0000025027,0,0.023694,0
T_0000025105,1,0.994469,1
T_0000025106,0,0.019701,0
T_0000025127,1,0.990951,1
T_0000025175,1,0.031536,0
T_0000025226,1,0.965167,1
T_0000025227,1,0.108512,0
T_0000025246,0,0.047249,0
T_0000025254,0,0.036334,0
T_0000025261,0,0.020208,0
T_0000025265,0,0.138944,0
T_0000025281,1,0.991590,1
T_0000025292,1,0.992039,1
T_0000025323,1,0.992211,1
T_0000025363,1,0.973933,1
T_0000025372,1,0.977072,1
T_0000025384,1,0.980042,1
T_0000025401,1,0.996197,1
T_0000025419,1,0.971114,1
T_0000025459,1,0.951620,1
T_0000025467,1,0.984547,1
T_0000025484,1,0.982401,1
T_0000025525,1,0.985800,1
T_0000025540,0,0.109288,0
T_0000025567,1,0.949626,1
T_0000025569,1,0.965394,1
T_0000025601,0,0.029143,0
T_0000025642,0,0.008930,0
T_0000025644,0,0.038611,0
T_0000025658,1,0.995180,1
T_0000025661,1,0.272636,1
T_0000025677,1,0.988919,1
T_0000025683,0,0.052786,0
T_0000025717,1,0.995553,1
T_0000025723,1,0.996671,1
T_0000025728,0,0.038406,0
T_0000025801,0,0.043457,0
T_0000025811,1,0.562504,1
T_0000025875,0,0.032412,0
T_0000025876,0,0.047635,0
T_0000025919,1,0.943265,1
T_0000025942,0,0.049965,0
T_0000025945,1,0.994087,1
T_0000025973,1,0.943436,1
T_0000025990,0,0.045714,0
T_0000025993,1,0.983723,1
T_0000025998,0,0.201067,1
T_0000026004,1,0.992559,1
T_0000026013,0,0.077440,0
T_0000026037,1,0.989139,1
T_0000026042,1,0.977348,1
T_0000026044,0,0.102529,0
T_0000026055,0,0.016017,0
T_0000026065,1,0.040009,0
T_0000026070,1,0.992881,1
T_0000026074,1,0.988416,1
T_0000026081,0,0.023667,0
T_0000026164,0,0.001186,0
T_0000026213,1,0.988598,1
T_0000026267,0,0.029995,0
T_0000026274,1,0.993763,1
T_0000026286,1,0.924594,1
T_0000026336,0,0.349469,1
T_0000026360,1,0.767840,1
T_0000026379,1,0.985299,1
T_0000026414,1,0.937624,1
T_0000026416,1,0.989066,1
T_0000026422,1,0.991438,1
T_0000026432,0,0.062459,0
T_0000026436,1,0.991180,1
T_0000026483,1,0.991947,1
T_0000026530,1,0.988891,1
T_0000026532,1,0.991182,1
T_0000026533,1,0.882773,1
T_0000026564,1,0.887232,1
T_0000026568,0,0.052846,0
T_0000026577,1,0.993615,1
T_0000026624,1,0.994062,1
T_0000026650,0,0.018324,0
T_0000026679,0,0.040315,0
T_0000026690,1,0.962004,1
T_0000026703,1,0.977355,1
T_0000026707,1,0.704853,1
T_0000026720,0,0.013391,0
T_0000026729,1,0.989925,1
T_0000026757,0,0.102882,0
T_0000026759,1,0.756349,1
T_0000026807,1,0.974607,1
T_0000026815,1,0.998889,1
T_0000026830,0,0.042994,0
T_0000026904,1,0.978326,1
T_0000026976,1,0.975899,1
T_0000027032,0,0.005255,0
T_0000027037,0,0.025935,0
T_0000027042,0,0.038519,0
T_0000027047,1,0.989183,1
T_0000027051,1,0.089540,0
T_0000027199,1,0.961870,1
T_0000027256,1,0.069907,0
T_0000027286,0,0.027837,0
T_0000027294,1,0.929663,1
T_0000027308,0,0.022177,0
T_0000027319,1,0.997689,1
T_0000027327,1,0.960237,1
T_0000027380,1,0.727949,1
T_0000027384,1,0.995188,1
T_0000027406,0,0.016101,0
T_0000027408,1,0.989306,1
T_0000027417,0,0.016585,0
T_0000027432,0,0.005154,0
T_0000027447,0,0.016800,0
T_0000027453,1,0.976930,1
T_0000027484,1,0.925034,1
T_0000027514,1,0.920369,1
T_0000027561,1,0.202101,1
T_0000027580,1,0.952889,1
T_0000027584,1,0.966148,1
T_0000027588,0,0.023193,0
T_0000027635,0,0.074416,0
T_0000027643,1,0.990743,1
T_0000027687,1,0.964754,1
T_0000027728,1,0.996060,1
T_0000027747,1,0.979445,1
T_0000027808,1,0.692227,1
T_0000027817,0,0.045078,0
T_0000027818,1,0.167124,0
T_0000027822,1,0.996639,1
T_0000027837,1,0.959560,1
T_0000027859,1,0.983852,1
T_0000027860,1,0.976551,1
T_0000027895,1,0.990367,1
T_0000027982,1,0.126054,0
T_0000027984,0,0.005509,0
T_0000028000,0,0.029146,0
T_0000028009,1,0.996138,1
T_0000028039,1,0.698479,1
T_0000028040,1,0.143164,0
T_0000028092,1,0.222884,1
T_0000028174,0,0.016035,0
T_0000028215,1,0.990437,1
T_0000028250,1,0.222832,1
T_0000028303,1,0.989379,1
T_0000028334,0,0.012970,0
T_0000028364,1,0.999986,1
T_0000028396,1,0.973168,1
T_0000028398,1,0.936422,1
T_0000028458,1,0.975719,1
T_0000028476,1,0.987847,1
T_0000028479,1,0.993672,1
T_0000028518,1,0.979080,1
T_0000028560,1,0.989870,1
T_0000028570,0,0.001803,0
T_0000028578,1,0.984766,1
T_0000028583,1,0.994782,1
T_0000028584,1,0.995864,1
T_0000028585,1,0.999843,1
T_0000028586,1,0.990447,1
T_0000028596,0,0.004421,0
T_0000028613,0,0.011389,0
T_0000028681,0,0.046815,0
T_0000028682,1,0.730077,1
T_0000028691,0,0.006903,0
T_0000028693,0,0.013156,0
T_0000028698,0,0.036898,0
T_0000028801,0,0.026137,0
T_0000028802,1,0.931950,1
T_0000028861,0,0.034127,0
T_0000028883,1,0.992522,1
T_0000028925,1,0.986953,1
T_0000028934,0,0.018305,0
T_0000028957,0,0.011788,0
T_0000028966,1,0.989827,1
T_0000028986,1,0.162970,0
T_0000029012,0,0.026564,0
T_0000029048,1,0.195148,1
T_0000029079,1,0.978845,1
T_0000029083,1,0.987938,1
T_0000029089,1,0.992423,1
T_0000029095,1,0.989279,1
T_0000029128,1,0.986613,1
T_0000029175,1,0.948949,1
T_0000029198,1,0.981403,1
T_0000029207,1,0.990419,1
T_0000029221,0,0.029405,0
T_0000029263,0,0.095148,0
T_0000029276,1,0.982579,1
T_0000029282,1,0.994647,1
T_0000029297,0,0.103312,0
T_0000029342,1,0.410249,1
T_0000029363,1,0.994715,1
T_0000029377,1,0.981414,1
T_0000029441,0,0.082094,0
T_0000029447,0,0.028927,0
T_0000029454,1,0.994821,1
T_0000029459,0,0.008352,0
T_0000029465,1,0.860277,1
T_0000029478,1,0.987309,1
T_0000029501,0,0.039406,0
T_0000029596,1,0.996129,1
T_0000029628,1,0.860988,1
T_0000029648,1,0.024975,0
T_0000029664,1,0.977651,1
T_0000029692,1,0.962407,1
T_0000029698,1,0.867734,1
T_0000029714,1,0.092970,0
T_0000029722,1,0.989622,1
T_0000029727,1,0.997481,1
T_0000029735,1,0.988528,1
T_0000029774,1,0.999258,1
T_0000029791,1,0.993491,1
T_0000029801,0,0.037539,0
T_0000029816,0,0.083680,0
T_0000029830,0,0.073020,0
T_0000029835,0,0.003820,0
T_0000029842,0,0.002807,0
T_0000029851,0,0.095485,0
T_0000029898,1,0.217593,1
T_0000029911,0,0.010974,0
T_0000029974,1,0.978488,1
T_0000029997,1,0.985778,1
T_0000030029,0,0.013751,0
T_0000030054,1,0.135659,0
T_0000030078,1,0.965995,1
T_0000030100,0,0.003362,0
T_0000030103,1,0.994690,1
T_0000030108,1,0.950961,1
T_0000030153,1,0.988088,1
T_0000030171,1,0.050456,0
T_0000030180,1,0.961967,1
T_0000030186,0,0.047757,0
T_0000030189,1,0.987548,1
T_0000030191,0,0.019253,0
T_0000030197,1,0.129703,0
T_0000030198,0,0.006969,0
T_0000030214,1,0.970438,1
T_0000030246,0,0.042135,0
T_0000030297,1,0.992468,1
T_0000030302,1,0.153207,0
T_0000030329,1,0.930498,1
T_0000030379,0,0.006531,0
T_0000030395,1,0.980968,1
T_0000030398,1,0.983828,1
T_0000030408,0,0.277500,1
T_0000030409,1,0.981043,1
T_0000030420,0,0.008219,0
T_0000030425,0,0.277336,1
T_0000030457,1,0.987423,1
T_0000030469,1,0.287365,1
T_0000030470,0,0.017940,0
T_0000030489,0,0.027055,0
T_0000030496,1,0.997296,1
T_0000030501,0,0.207601,1
T_0000030523,1,0.994404,1
T_0000030530,1,0.980482,1
T_0000030572,0,0.012526,0
T_0000030583,1,0.979399,1
T_0000030606,0,0.080240,0
T_0000030637,1,0.995324,1
T_0000030664,1,0.993026,1
T_0000030674,1,0.925644,1
T_0000030676,1,0.994973,1
T_0000030713,1,0.032284,0
T_0000030741,1,0.090865,0
T_0000030795,0,0.013980,0
T_0000030861,0,0.041154,0
T_0000030877,1,0.099726,0
T_0000030895,1,0.092533,0
T_0000030965,1,0.973764,1
T_0000030969,1,0.988355,1
T_0000031002,0,0.042142,0
T_0000031040,1,0.988594,1
T_0000031069,0,0.014883,0
T_0000031088,0,0.119384,0
T_0000031089,1,0.995065,1
T_0000031105,1,0.991023,1
T_0000031120,0,0.036090,0
T_0000031123,0,0.024610,0
T_0000031127,1,0.985450,1
T_0000031138,0,0.019869,0
T_0000031141,1,0.983750,1
T_0000031168,1,0.989240,1
T_0000031172,0,0.040327,0
T_0000031176,1,0.800045,1
T_0000031182,0,0.008312,0
T_0000031200,0,0.055642,0
T_0000031225,0,0.087289,0
T_0000031251,1,0.928234,1
T_0000031254,1,0.994712,1
T_0000031261,0,0.025253,0
T_0000031290,1,0.967041,1
T_0000031294,1,0.979045,1
T_0000031302,0,0.025329,0
T_0000031320,1,0.983946,1
T_0000031323,1,0.232927,1
T_0000031343,0,0.026128,0
T_0000031350,1,0.043492,0
T_0000031354,1,0.984672,1
T_0000031355,1,0.865202,1
T_0000031357,1,0.993436,1
T_0000031389,0,0.045659,0
T_0000031402,0,0.026599,0
T_0000031409,0,0.031885,0
T_0000031424,0,0.072231,0
T_0000031472,1,0.529579,1
T_0000031502,1,0.984217,1
T_0000031503,0,0.027157,0
T_0000031512,1,0.942266,1
T_0000031514,1,0.139754,0
T_0000031599,1,0.092485,0
T_0000031600,1,0.982509,1
T_0000031610,0,0.030080,0
T_0000031619,1,0.053642,0
T_0000031638,1,0.990663,1
T_0000031640,0,0.033470,0
T_0000031668,0,0.086623,0
T_0000031672,1,0.072245,0
T_0000031673,1,0.991474,1
T_0000031678,0,0.031491,0
T_0000031684,0,0.017966,0
T_0000031789,1,0.971825,1
T_0000031854,0,0.021947,0
T_0000031899,0,0.034701,0
T_0000031924,1,0.993621,1
T_0000031932,1,0.120789,0
T_0000031947,1,0.975298,1
T_0000031951,1,0.980134,1
T_0000031968,1,0.929774,1
T_0000031979,0,0.001675,0
T_0000031999,0,0.761202,1
T_0000032018,1,0.982805,1
T_0000032032,0,0.008831,0
T_0000032048,1,0.979768,1
T_0000032071,0,0.089471,0
T_0000032120,1,0.989343,1
T_0000032132,0,0.053204,0
T_0000032156,0,0.001836,0
T_0000032171,1,0.996212,1
T_0000032199,1,0.033368,0
T_0000032222,1,0.988727,1
T_0000032225,1,0.183953,1
T_0000032243,1,0.992761,1
T_0000032293,1,0.980557,1
T_0000032305,1,0.991708,1
T_0000032306,1,0.109339,0
T_0000032307,1,0.960076,1
T_0000032321,1,0.988921,1
T_0000032382,0,0.027831,0
T_0000032417,1,0.855338,1
T_0000032439,1,0.749357,1
T_0000032501,1,0.978665,1
T_0000032520,1,0.978498,1
T_0000032557,1,0.986367,1
T_0000032571,1,0.968321,1
T_0000032579,1,0.999781,1
T_0000032594,1,0.985478,1
T_0000032601,0,0.034120,0
T_0000032625,1,0.992443,1
T_0000032630,0,0.158623,0
T_0000032648,0,0.054737,0
T_0000032654,0,0.039946,0
T_0000032672,0,0.078687,0
T_0000032675,1,0.996609,1
T_0000032681,1,0.103823,0
T_0000032683,1,0.991783,1
T_0000032705,1,0.986684,1
T_0000032738,1,0.991297,1
T_0000032741,1,0.974323,1
T_0000032825,0,0.038516,0
T_0000032836,1,0.996493,1
T_0000032841,1,0.995408,1
T_0000032868,1,0.986632,1
T_0000032910,1,0.983496,1
T_0000032920,0,0.082652,0
T_0000032921,1,0.886623,1
T_0000032982,1,0.987810,1
T_0000032992,1,0.991315,1
T_0000032999,0,0.015583,0
T_0000033002,1,0.987214,1
T_0000033007,0,0.050600,0
T_0000033163,0,0.060424,0
T_0000033172,1,0.946086,1
T_0000033175,0,0.011193,0
T_0000033188,0,0.037574,0
T_0000033237,1,0.997701,1
T_0000033273,1,0.988106,1
T_0000033301,0,0.042676,0
T_0000033303,0,0.700372,1
T_0000033309,0,0.183100,1
T_0000033321,0,0.016341,0
T_0000033334,0,0.011219,0
T_0000033343,1,0.993021,1
T_0000033344,1,0.196799,1
T_0000033357,0,0.005710,0
T_0000033373,1,0.146360,0
T_0000033433,1,0.201363,1
T_0000033459,1,0.981362,1
T_0000033460,0,0.055269,0
T_0000033469,0,0.038330,0
T_0000033508,0,0.009372,0
T_0000033525,1,0.970953,1
T_0000033536,0,0.022291,0
T_0000033549,1,0.948115,1
T_0000033557,0,0.028915,0
T_0000033607,1,0.978287,1
T_0000033641,1,0.028385,0
T_0000033663,1,0.858671,1
T_0000033668,1,0.968547,1
T_0000033676,1,0.645802,1
T_0000033708,0,0.048216,0
T_0000033719,1,0.986594,1
T_0000033731,1,0.977784,1
T_0000033734,1,0.094529,0
T_0000033736,1,0.993693,1
T_0000033751,1,0.376556,1
T_0000033756,1,0.994468,1
T_0000033782,0,0.010163,0
T_0000033826,0,0.036201,0
T_0000033874,1,0.992035,1
T_0000033894,0,0.007649,0
T_0000033948,1,0.043454,0
T_0000033956,1,0.994544,1
T_0000033959,1,0.857858,1
T_0000033960,1,0.967274,1
T_0000033971,1,0.950369,1
T_0000033976,0,0.018485,0
T_0000033995,0,0.036848,0
T_0000034007,0,0.057578,0
T_0000034061,1,0.985670,1
T_0000034062,1,0.918860,1
T_0000034078,1,0.937786,1
T_0000034094,1,0.869264,1
T_0000034097,1,0.980476,1
T_0000034107,1,0.987934,1
T_0000034135,1,0.974301,1
T_0000034138,0,0.038946,0
T_0000034155,1,0.993473,1
T_0000034177,0,0.017478,0
T_0000034179,0,0.002477,0
T_0000034197,1,0.985352,1
T_0000034214,1,0.233257,1
T_0000034276,1,0.075977,0
T_0000034311,0,0.024759,0
T_0000034403,1,0.974154,1
T_0000034427,1,0.941243,1
T_0000034437,0,0.022997,0
T_0000034438,0,0.005906,0
T_0000034477,0,0.022365,0
T_0000034483,1,0.988865,1
T_0000034486,1,0.931994,1
T_0000034511,1,0.995143,1
T_0000034538,1,0.999359,1
T_0000034576,0,0.032384,0
T_0000034579,1,0.953726,1
T_0000034583,1,0.978913,1
T_0000034586,1,0.142734,0
T_0000034605,1,0.988019,1
T_0000034658,1,0.626166,1
T_0000034668,0,0.020540,0
T_0000034680,0,0.080216,0
T_0000034709,1,0.993687,1
T_0000034716,0,0.032135,0
T_0000034744,0,0.114440,0
T_0000034766,1,0.993054,1
T_0000034783,1,0.968929,1
T_0000034814,1,0.953191,1
T_0000034825,1,0.969956,1
T_0000034828,0,0.041588,0
T_0000034838,1,0.790529,1
T_0000034849,0,0.004262,0
T_0000034883,1,0.992859,1
T_0000034916,1,0.982453,1
T_0000034961,1,0.985312,1
T_0000034966,1,0.994412,1
T_0000034985,1,0.988372,1
T_0000035030,0,0.008675,0
T_0000035112,1,0.084300,0
T_0000035128,0,0.241303,1
T_0000035138,1,0.629653,1
T_0000035170,1,0.991163,1
T_0000035189,1,0.976858,1
T_0000035196,0,0.012083,0
T_0000035213,0,0.040430,0
T_0000035215,1,0.988005,1
T_0000035276,0,0.004494,0
T_0000035288,1,0.966738,1
T_0000035289,1,0.386214,1
T_0000035310,1,0.140288,0
T_0000035338,1,0.974796,1
T_0000035378,0,0.067647,0
T_0000035382,1,0.993197,1
T_0000035411,0,0.017950,0
T_0000035419,1,0.985292,1
T_0000035420,0,0.029533,0
T_0000035469,1,0.959015,1
T_0000035470,0,0.034264,0
T_0000035486,0,0.016274,0
T_0000035505,1,0.286431,1
T_0000035575,1,0.983604,1
T_0000035602,0,0.023543,0
T_0000035604,0,0.129134,0
T_0000035621,0,0.047775,0
T_0000035626,0,0.040237,0
T_0000035643,1,0.999348,1
T_0000035676,0,0.272236,1
T_0000035686,0,0.043622,0
T_0000035735,1,0.966948,1
T_0000035736,0,0.006953,0
T_0000035757,1,0.868456,1
T_0000035760,1,0.978829,1
T_0000035778,0,0.010062,0
T_0000035779,1,0.964394,1
T_0000035789,0,0.039960,0
T_0000035803,1,0.995070,1
T_0000035820,0,0.019037,0
T_0000035876,1,0.935235,1
T_0000035877,0,0.008843,0
T_0000035881,0,0.055961,0
T_0000035924,0,0.095600,0
T_0000035929,1,0.072481,0
T_0000035960,1,0.989361,1
T_0000035988,1,0.685657,1
T_0000036000,1,0.989393,1
T_0000036011,1,0.990574,1
T_0000036028,0,0.070447,0
T_0000036042,0,0.011766,0
T_0000036085,1,0.947007,1
T_0000036125,1,0.056715,0
T_0000036131,0,0.019555,0
T_0000036150,1,0.983727,1
T_0000036188,1,0.992749,1
T_0000036253,1,0.994649,1
T_0000036274,1,0.152406,0
T_0000036287,1,0.991074,1
T_0000036288,1,0.989156,1
T_0000036298,0,0.018957,0
T_0000036336,1,0.992279,1
T_0000036346,0,0.003966,0
T_0000036365,1,0.995995,1
T_0000036389,1,0.989035,1
T_0000036435,1,0.979448,1
T_0000036446,1,0.991349,1
T_0000036473,1,0.998955,1
T_0000036481,1,0.989458,1
T_0000036509,0,0.078579,0
T_0000036511,1,0.990701,1
T_0000036520,1,0.996197,1
T_0000036547,1,0.128231,0
T_0000036558,1,0.990604,1
T_0000036563,1,0.981476,1
T_0000036565,0,0.042899,0
T_0000036566,0,0.092966,0
T_0000036573,1,0.984119,1
T_0000036609,1,0.037439,0
T_0000036652,1,0.965394,1
T_0000036671,0,0.017195,0
T_0000036673,1,0.573467,1
T_0000036676,1,0.986895,1
T_0000036690,1,0.991884,1
T_0000036730,1,0.994538,1
T_0000036734,1,0.977662,1
T_0000036735,1,0.992229,1
T_0000036818,1,0.989316,1
T_0000036819,1,0.928764,1
T_0000036840,0,0.008923,0
T_0000036860,1,0.883343,1
T_0000036861,1,0.994805,1
T_0000036892,1,0.993247,1
T_0000036921,1,0.946387,1
T_0000036923,1,0.973956,1
T_0000036945,1,0.983923,1
T_0000036986,0,0.027096,0
T_0000036990,1,0.974063,1
T_0000036993,1,0.982180,1
T_0000036998,1,0.981202,1
T_0000037038,0,0.026400,0
T_0000037042,1,0.989177,1
T_0000037070,1,0.997076,1
T_0000037102,1,0.980591,1
T_0000037108,1,0.986930,1
T_0000037142,1,0.992386,1
T_0000037147,1,0.167374,0
T_0000037160,1,0.981211,1
T_0000037194,1,0.982262,1
T_0000037211,1,0.989517,1
T_0000037225,0,0.078608,0
T_0000037231,1,0.998185,1
T_0000037246,0,0.015448,0
T_0000037276,0,0.129350,0
T_0000037305,1,0.995098,1
T_0000037310,0,0.045680,0
T_0000037330,1,0.992524,1
T_0000037332,1,0.991472,1
T_0000037362,0,0.866305,1
T_0000037412,0,0.016316,0
T_0000037439,1,0.989509,1
T_0000037456,1,0.989908,1
T_0000037463,1,0.970729,1
T_0000037464,1,0.969865,1
T_0000037472,1,0.893014,1
T_0000037496,0,0.033272,0
T_0000037498,1,0.953804,1
T_0000037535,1,0.992980,1
T_0000037550,1,0.993810,1
T_0000037558,1,0.969345,1
T_0000037590,1,0.988551,1
T_0000037626,1,0.993137,1
T_0000037677,1,0.972140,1
T_0000037731,1,0.988572,1
T_0000037756,0,0.000704,0
T_0000037775,1,0.586577,1
T_0000037784,0,0.076290,0
T_0000037787,1,0.984950,1
T_0000037801,1,0.992023,1
T_0000037813,0,0.004407,0
T_0000037816,1,0.991886,1
T_0000037848,1,0.993821,1
T_0000037896,1,0.511458,1
T_0000037906,1,0.986787,1
T_0000037911,0,0.029648,0
T_0000037917,1,0.251346,1
T_0000037936,0,0.028136,0
T_0000037961,1,0.868238,1
T_0000037980,0,0.007414,0
T_0000037987,1,0.975559,1
T_0000037993,1,0.983331,1
T_0000038045,1,0.993142,1
T_0000038064,0,0.022357,0
T_0000038082,0,0.005973,0
T_0000038119,1,0.963547,1
T_0000038120,0,0.020271,0
T_0000038134,1,0.997689,1
T_0000038142,0,0.041022,0
T_0000038161,0,0.020462,0
T_0000038165,0,0.081324,0
T_0000038244,1,0.916591,1
T_0000038306,0,0.042764,0
T_0000038311,0,0.058992,0
T_0000038318,1,0.985824,1
T_0000038328,0,0.079096,0
T_0000038397,1,0.990984,1
T_0000038439,0,0.369136,1
T_0000038445,1,0.791795,1
T_0000038536,1,0.059771,0
T_0000038552,0,0.031812,0
T_0000038558,1,0.989662,1
T_0000038591,1,0.981274,1
T_0000038592,0,0.196876,1
T_0000038593,1,0.993817,1
T_0000038597,1,0.750315,1
T_0000038619,0,0.045414,0
T_0000038662,1,0.993169,1
T_0000038663,0,0.017485,0
T_0000038723,1,0.979918,1
T_0000038741,1,0.996003,1
T_0000038752,1,0.984427,1
T_0000038775,1,0.970982,1
T_0000038783,1,0.990483,1
T_0000038820,1,0.982368,1
T_0000038831,1,0.961087,1
T_0000038833,1,0.985461,1
T_0000038838,1,0.992747,1
T_0000038840,0,0.149685,0
T_0000038860,1,0.957310,1
T_0000038885,0,0.064077,0
T_0000038887,0,0.043788,0
T_0000038898,1,0.107251,0
T_0000038907,1,0.973242,1
T_0000038913,1,0.957728,1
T_0000038937,1,0.064043,0
T_0000039004,1,0.141934,0
T_0000039009,0,0.016485,0
T_0000039040,1,0.991860,1
T_0000039041,1,0.515059,1
T_0000039045,0,0.038964,0
T_0000039110,1,0.993678,1
T_0000039132,1,0.995335,1
T_0000039136,0,0.026587,0
T_0000039168,1,0.995980,1
T_0000039170,0,0.049668,0
T_0000039180,1,0.986437,1
T_0000039193,1,0.980278,1
T_0000039208,1,0.920567,1
T_0000039293,0,0.093524,0
T_0000039312,1,0.989876,1
T_0000039334,1,0.998993,1
T_0000039343,1,0.992493,1
T_0000039368,0,0.008860,0
T_0000039403,0,0.019167,0
T_0000039417,1,0.989710,1
T_0000039426,0,0.041873,0
T_0000039481,0,0.023289,0
T_0000039488,1,0.975329,1
T_0000039508,1,0.910216,1
T_0000039525,1,0.994472,1
T_0000039535,1,0.996727,1
T_0000039548,0,0.048607,0
T_0000039613,1,0.964140,1
T_0000039666,1,0.120186,0
T_0000039684,0,0.033748,0
T_0000039695,0,0.010889,0
T_0000039701,1,0.976683,1
T_0000039702,1,0.990115,1
T_0000039710,1,0.995674,1
T_0000039760,1,0.991338,1
T_0000039791,1,0.987091,1
T_0000039804,0,0.031222,0
T_0000039818,1,0.825465,1
T_0000039826,1,0.120103,0
T_0000039830,1,0.986010,1
T_0000039840,0,0.079069,0
T_0000039881,0,0.094278,0
T_0000039884,0,0.034870,0
T_0000039885,0,0.046359,0
T_0000039931,1,0.972931,1
T_0000039932,1,0.979932,1
T_0000039938,0,0.021998,0
T_0000039988,1,0.967929,1
T_0000039991,0,0.032905,0
T_0000040051,1,0.991034,1
T_0000040061,1,0.994755,1
T_0000040084,0,0.046280,0
T_0000040095,1,0.988830,1
T_0000040114,1,0.955506,1
T_0000040126,1,0.992370,1
T_0000040129,1,0.978075,1
T_0000040160,0,0.133568,0
T_0000040164,1,0.987495,1
T_0000040226,1,0.970633,1
T_0000040227,0,0.051375,0
T_0000040243,0,0.008205,0
T_0000040275,1,0.992919,1
T_0000040301,1,0.995772,1
T_0000040302,1,0.994754,1
T_0000040303,0,0.041970,0
T_0000040410,0,0.014828,0
T_0000040424,0,0.005193,0
T_0000040446,0,0.013645,0
T_0000040465,0,0.088166,0
T_0000040471,1,0.987828,1
T_0000040547,1,0.996319,1
T_0000040585,1,0.948023,1
T_0000040611,1,0.991849,1
T_0000040641,1,0.997235,1
T_0000040647,1,0.028686,0
T_0000040664,0,0.125907,0
T_0000040676,1,0.967765,1
T_0000040690,1,0.989472,1
T_0000040701,0,0.062328,0
T_0000040714,1,0.992349,1
T_0000040741,1,0.987661,1
T_0000040744,1,0.981977,1
T_0000040785,1,0.985890,1
T_0000040816,1,0.058823,0
T_0000040827,0,0.023803,0
T_0000040829,1,0.972122,1
T_0000040864,0,0.027969,0
T_0000040918,1,0.987572,1
T_0000040958,1,0.967151,1
T_0000041003,0,0.026134,0
T_0000041010,1,0.962559,1
T_0000041017,1,0.989339,1
T_0000041048,1,0.073698,0
T_0000041119,1,0.994048,1
T_0000041160,1,0.979646,1
T_0000041173,1,0.991812,1
T_0000041179,1,0.994552,1
T_0000041296,1,0.063036,0
T_0000041305,0,0.698816,1
T_0000041310,1,0.039930,0
T_0000041318,1,0.991928,1
T_0000041360,1,0.191678,1
T_0000041396,1,0.993211,1
T_0000041409,1,0.994464,1
T_0000041449,0,0.026246,0
T_0000041453,1,0.994367,1
T_0000041463,0,0.008511,0
T_0000041483,1,0.957395,1
T_0000041486,1,0.989977,1
T_0000041500,1,0.966419,1
T_0000041525,0,0.006618,0
T_0000041540,1,0.950789,1
T_0000041553,1,0.989736,1
T_0000041563,1,0.993940,1
T_0000041566,1,0.997936,1
T_0000041626,1,0.091314,0
T_0000041644,1,0.225855,1
T_0000041648,0,0.045264,0
T_0000041700,1,0.987073,1
T_0000041706,1,0.969209,1
T_0000041715,0,0.029890,0
T_0000041724,0,0.011637,0
T_0000041749,1,0.121332,0
T_0000041794,1,0.993370,1
T_0000041797,0,0.012444,0
T_0000041804,0,0.025642,0
T_0000041821,1,0.992722,1
T_0000041829,1,0.994821,1
T_0000041840,1,0.942377,1
T_0000041855,1,0.158096,0
T_0000041873,0,0.130886,0
T_0000041955,1,0.952403,1
T_0000041962,1,0.992522,1
T_0000041972,1,0.102658,0
T_0000042140,0,0.019128,0
T_0000042145,1,0.530165,1
T_0000042161,1,0.045481,0
T_0000042167,1,0.993660,1
T_0000042174,1,0.993467,1
T_0000042191,1,0.955864,1
T_0000042196,1,0.981484,1
T_0000042212,1,0.961199,1
T_0000042228,0,0.046497,0
T_0000042236,1,0.965343,1
T_0000042276,1,0.944803,1
T_0000042279,1,0.994696,1
T_0000042300,1,0.976606,1
T_0000042384,1,0.381301,1
T_0000042392,0,0.009056,0
T_0000042431,1,0.120038,0
T_0000042436,0,0.039610,0
T_0000042450,1,0.993957,1
T_0000042454,1,0.953935,1
T_0000042495,1,0.992859,1
T_0000042506,0,0.065808,0
T_0000042515,0,0.021887,0
T_0000042524,0,0.045035,0
T_0000042529,1,0.990067,1
T_0000042592,1,0.976509,1
T_0000042692,1,0.990040,1
T_0000042704,1,0.992023,1
T_0000042718,1,0.153932,0
T_0000042724,1,0.989882,1
T_0000042742,1,0.990052,1
T_0000042773,1,0.166702,0
T_0000042775,0,0.034869,0
T_0000042783,0,0.081842,0
T_0000042785,1,0.992965,1
T_0000042800,1,0.992408,1
T_0000042816,0,0.042167,0
T_0000042876,1,0.154908,0
T_0000042923,1,0.978483,1
T_0000042928,1,0.344813,1
T_0000042944,1,0.838320,1
T_0000042958,1,0.401915,1
T_0000042959,1,0.834565,1
T_0000042969,1,0.987522,1
T_0000042982,1,0.997500,1
T_0000042983,1,0.175153,0
T_0000043020,0,0.022863,0
T_0000043023,0,0.019079,0
T_0000043047,1,0.999825,1
T_0000043052,1,0.991641,1
T_0000043081,0,0.030177,0
T_0000043098,1,0.150301,0
T_0000043123,0,0.021710,0
T_0000043128,1,0.985968,1
T_0000043140,1,0.985681,1
T_0000043154,0,0.012610,0
T_0000043157,1,0.999022,1
T_0000043162,0,0.020244,0
T_0000043178,1,0.990703,1
T_0000043188,1,0.982661,1
T_0000043231,1,0.846411,1
T_0000043232,1,0.994630,1
T_0000043240,1,0.849438,1
T_0000043274,0,0.378146,1
T_0000043280,0,0.027825,0
T_0000043332,0,0.048047,0
T_0000043337,0,0.020117,0
T_0000043360,1,0.999057,1
T_0000043423,1,0.988812,1
T_0000043454,0,0.054546,0
T_0000043525,1,0.993564,1
T_0000043527,1,0.986036,1
T_0000043534,0,0.002282,0
T_0000043567,1,0.995817,1
T_0000043575,1,0.993871,1
T_0000043583,1,0.994153,1
T_0000043619,1,0.925268,1
T_0000043635,1,0.731107,1
T_0000043718,1,0.991213,1
T_0000043735,1,0.975989,1
T_0000043741,1,0.995531,1
T_0000043753,0,0.031840,0
T_0000043782,1,0.986049,1
T_0000043795,0,0.044781,0
T_0000043801,1,0.995945,1
T_0000043823,0,0.027967,0
T_0000043831,0,0.004800,0
T_0000043850,0,0.026005,0
T_0000043855,0,0.039823,0
T_0000043882,0,0.050277,0
T_0000043930,1,0.024452,0
T_0000043932,1,0.994629,1
T_0000043934,0,0.922993,1
T_0000043971,0,0.079821,0
T_0000043989,1,0.695656,1
T_0000044022,0,0.027109,0
T_0000044057,1,0.815884,1
T_0000044079,1,0.998193,1
T_0000044084,0,0.041890,0
T_0000044094,0,0.056898,0
T_0000044098,0,0.046222,0
T_0000044142,0,0.056123,0
T_0000044144,1,0.993071,1
T_0000044145,1,0.992785,1
T_0000044181,1,0.968651,1
T_0000044198,0,0.013216,0
T_0000044223,1,0.959161,1
T_0000044236,1,0.969754,1
T_0000044286,0,0.027125,0
T_0000044308,0,0.009200,0
T_0000044346,1,0.897650,1
T_0000044372,1,0.996813,1
T_0000044379,0,0.043421,0
T_0000044397,0,0.083016,0
T_0000044406,0,0.018405,0
T_0000044411,0,0.024809,0
T_0000044428,0,0.656041,1
T_0000044451,0,0.006415,0
T_0000044457,1,0.165848,0
T_0000044506,1,0.959592,1
T_0000044526,0,0.096545,0
T_0000044527,1,0.133740,0
T_0000044649,1,0.993574,1
T_0000044660,1,0.989258,1
T_0000044669,1,0.986175,1
T_0000044703,1,0.897811,1
T_0000044727,1,0.989129,1
T_0000044763,0,0.934470,1
T_0000044767,1,0.999461,1
T_0000044815,1,0.117896,0
T_0000044822,0,0.068130,0
T_0000044830,1,0.967016,1
T_0000044841,1,0.994530,1
T_0000044878,0,0.028689,0
T_0000044890,1,0.049547,0
T_0000044918,0,0.027912,0
T_0000044924,1,0.993109,1
T_0000044939,1,0.951042,1
T_0000044967,1,0.960472,1
T_0000045000,1,0.992618,1
T_0000045050,1,0.951786,1
T_0000045070,1,0.979451,1
T_0000045078,0,0.047631,0
T_0000045109,1,0.974039,1
T_0000045122,1,0.984143,1
T_0000045148,1,0.958288,1
T_0000045209,1,0.989864,1
T_0000045251,1,0.396213,1
T_0000045269,1,0.727592,1
T_0000045303,1,0.996933,1
T_0000045309,1,0.881303,1
T_0000045364,1,0.897450,1
T_0000045372,0,0.032238,0
T_0000045377,1,0.976232,1
T_0000045408,1,0.983713,1
T_0000045433,1,0.997197,1
T_0000045472,0,0.793019,1
T_0000045487,1,0.986632,1
T_0000045490,0,0.131677,0
T_0000045504,1,0.993418,1
T_0000045507,0,0.057186,0
T_0000045603,0,0.027496,0
T_0000045605,1,0.993676,1
T_0000045609,0,0.065229,0
T_0000045662,1,0.997843,1
T_0000045677,0,0.065931,0
T_0000045681,1,0.992420,1
T_0000045729,1,0.990371,1
T_0000045752,0,0.035843,0
T_0000045767,1,0.975751,1
T_0000045814,1,0.956843,1
T_0000045843,1,0.958616,1
T_0000045855,1,0.991954,1
T_0000045856,1,0.999232,1
T_0000045882,1,0.993454,1
T_0000045897,0,0.004690,0
T_0000045905,1,0.906829,1
T_0000045941,1,0.959739,1
T_0000045980,1,0.995577,1
T_0000045983,1,0.993949,1
T_0000046065,0,0.064859,0
T_0000046072,1,0.971195,1
T_0000046073,1,0.622894,1
T_0000046083,1,0.997219,1
T_0000046085,0,0.030845,0
T_0000046125,1,0.997287,1
T_0000046127,1,0.978533,1
T_0000046180,1,0.990223,1
T_0000046218,0,0.034176,0
T_0000046246,1,0.991601,1
T_0000046258,1,0.986519,1
T_0000046287,1,0.976849,1
T_0000046335,1,0.991858,1
T_0000046350,0,0.009436,0
T_0000046351,1,0.978522,1
T_0000046356,1,0.995274,1
T_0000046363,1,0.992489,1
T_0000046373,1,0.542294,1
T_0000046380,0,0.068342,0
T_0000046387,0,0.019810,0
T_0000046408,1,0.999923,1
T_0000046419,1,0.244637,1
T_0000046442,1,0.988270,1
T_0000046444,1,0.956945,1
T_0000046455,0,0.057519,0
T_0000046457,1,0.980866,1
T_0000046519,1,0.957243,1
T_0000046521,1,0.987335,1
T_0000046524,0,0.025502,0
T_0000046552,1,0.993537,1
T_0000046554,1,0.989428,1
T_0000046588,0,0.018528,0
T_0000046624,1,0.961283,1
T_0000046655,0,0.106638,0
T_0000046700,1,0.745032,1
T_0000046734,0,0.036614,0
T_0000046750,0,0.088671,0
T_0000046755,0,0.025388,0
T_0000046817,1,0.994910,1
T_0000046825,1,0.988093,1
T_0000046876,1,0.995771,1
T_0000046882,1,0.977251,1
T_0000046920,1,0.990661,1
T_0000046955,0,0.070194,0
T_0000046994,1,0.982163,1
T_0000046995,0,0.008445,0
T_0000047037,0,0.034666,0
T_0000047067,0,0.017893,0
T_0000047119,1,0.991685,1
T_0000047138,0,0.088085,0
T_0000047174,1,0.994201,1
T_0000047182,1,0.985463,1
T_0000047200,0,0.036763,0
T_0000047251,0,0.072647,0
T_0000047289,1,0.987924,1
T_0000047304,1,0.962153,1
T_0000047313,1,0.157568,0
T_0000047330,1,0.074227,0
T_0000047334,0,0.012989,0
T_0000047337,0,0.007019,0
T_0000047344,1,0.973751,1
T_0000047346,1,0.989654,1
T_0000047352,1,0.992442,1
T_0000047370,1,0.992666,1
T_0000047395,1,0.991242,1
T_0000047441,0,0.009377,0
T_0000047446,1,0.960764,1
T_0000047451,1,0.156230,0
T_0000047458,0,0.052608,0
T_0000047469,1,0.988083,1
T_0000047499,1,0.995128,1
T_0000047509,1,0.959818,1
T_0000047526,0,0.060013,0
T_0000047528,0,0.019434,0
T_0000047555,0,0.034241,0
T_0000047581,1,0.068318,0
T_0000047589,1,0.982680,1
T_0000047595,1,0.990807,1
T_0000047597,0,0.010148,0
T_0000047628,0,0.010142,0
T_0000047638,1,0.958218,1
T_0000047667,0,0.054691,0
T_0000047702,1,0.363002,1
T_0000047704,0,0.020338,0
T_0000047738,1,0.995819,1
T_0000047757,0,0.044575,0
T_0000047764,1,0.974170,1
T_0000047771,1,0.477309,1
T_0000047774,1,0.986644,1
T_0000047853,1,0.948136,1
T_0000047857,1,0.995335,1
T_0000047860,0,0.009540,0
T_0000047915,0,0.198683,1
T_0000047971,1,0.978887,1
T_0000047986,1,0.991502,1
T_0000047994,1,0.964358,1
T_0000048002,1,0.074124,0
T_0000048044,1,0.988051,1
T_0000048046,0,0.039046,0
T_0000048091,1,0.984560,1
T_0000048095,0,0.021167,0
T_0000048106,1,0.970354,1
T_0000048108,1,0.173436,0
T_0000048128,0,0.372482,1
T_0000048141,1,0.984523,1
T_0000048167,0,0.054478,0
T_0000048184,1,0.982350,1
T_0000048187,0,0.008512,0
T_0000048233,1,1.000000,1
T_0000048244,0,0.014515,0
T_0000048265,0,0.007378,0
T_0000048279,1,0.095220,0
T_0000048300,0,0.062230,0
T_0000048301,0,0.016461,0
T_0000048322,1,0.994675,1
T_0000048353,1,0.992714,1
T_0000048356,1,0.991148,1
T_0000048383,1,0.695699,1
T_0000048387,0,0.005273,0
T_0000048450,1,0.989112,1
T_0000048465,1,0.899895,1
T_0000048487,1,0.674689,1
T_0000048492,1,0.555051,1
T_0000048608,1,0.996340,1
T_0000048695,1,0.237494,1
T_0000048722,1,0.991650,1
T_0000048746,0,0.003305,0
T_0000048754,1,0.495785,1
T_0000048772,1,0.993976,1
T_0000048777,1,0.999376,1
T_0000048804,1,0.973656,1
T_0000048821,1,0.987710,1
T_0000048832,0,0.020161,0
T_0000048872,0,0.041876,0
T_0000048887,1,0.062455,0
T_0000048913,1,0.995798,1
T_0000048919,0,0.046231,0
T_0000048921,0,0.068022,0
T_0000048942,1,0.989502,1
T_0000048968,0,0.030484,0
T_0000048982,1,0.985376,1
T_0000049028,1,0.223286,1
T_0000049082,1,0.986988,1
T_0000049160,1,0.980967,1
T_0000049188,0,0.017150,0
T_0000049207,1,0.988335,1
T_0000049222,1,0.995890,1
T_0000049224,0,0.122072,0
T_0000049236,1,0.937115,1
T_0000049238,1,0.645163,1
T_0000049241,0,0.005776,0
T_0000049262,0,0.012632,0
T_0000049267,1,0.994123,1
T_0000049285,1,0.977854,1
T_0000049299,1,0.643216,1
T_0000049307,0,0.011065,0
T_0000049322,1,0.989947,1
T_0000049326,1,0.988167,1
T_0000049363,1,0.990020,1
T_0000049382,1,0.985204,1
T_0000049383,1,0.986672,1
T_0000049400,1,0.991465,1
T_0000049408,1,0.989363,1
T_0000049452,1,0.962142,1
T_0000049454,1,0.991058,1
T_0000049474,0,0.033704,0
T_0000049483,0,0.027956,0
T_0000049502,0,0.025741,0
T_0000049513,1,0.937057,1
T_0000049516,1,0.527256,1
T_0000049517,1,0.990028,1
T_0000049519,0,0.030791,0
T_0000049527,1,0.992938,1
T_0000049548,1,0.956708,1
T_0000049554,0,0.019297,0
T_0000049562,1,0.986135,1
T_0000049564,0,0.018907,0
T_0000049566,0,0.105657,0
T_0000049675,0,0.049065,0
T_0000049684,0,0.036680,0
T_0000049789,0,0.033613,0
T_0000049790,0,0.016051,0
T_0000049807,1,0.123760,0
T_0000049817,1,0.988621,1
T_0000049823,0,0.333225,1
T_0000049840,1,0.993885,1
T_0000049897,1,0.920740,1
T_0000049913,0,0.019975,0
T_0000049921,1,0.925165,1
T_0000049985,1,0.988018,1
T_0000050016,0,0.011840,0
T_0000050031,1,0.995584,1
T_0000050074,0,0.026153,0
T_0000050081,1,0.990993,1
T_0000050086,1,0.965453,1
T_0000050098,1,0.996610,1
T_0000050106,1,0.993690,1
T_0000050116,1,0.825867,1
T_0000050197,1,0.982283,1
T_0000050213,1,0.981517,1
T_0000050223,1,0.859433,1
T_0000050248,1,0.649874,1
T_0000050279,1,0.022177,0
T_0000050284,1,0.052371,0
T_0000050287,0,0.542761,1
T_0000050289,1,0.996312,1
T_0000050317,1,0.978562,1
T_0000050322,1,0.990752,1
T_0000050338,1,0.696504,1
T_0000050366,0,0.069586,0
T_0000050367,0,0.029540,0
T_0000050394,1,0.981131,1
T_0000050461,1,0.976935,1
T_0000050482,0,0.053268,0
T_0000050501,0,0.022802,0
T_0000050502,1,0.986722,1
T_0000050554,0,0.023222,0
T_0000050649,1,0.990259,1
T_0000050658,0,0.018403,0
T_0000050679,1,0.974837,1
T_0000050689,0,0.013164,0
T_0000050735,1,0.984221,1
T_0000050741,1,0.977815,1
T_0000050813,1,0.971026,1
T_0000050825,1,0.970038,1
T_0000050844,0,0.007369,0
T_0000050884,0,0.047841,0
T_0000050924,1,0.114458,0
T_0000050938,1,0.999079,1
T_0000050946,0,0.042399,0
T_0000050947,0,0.005531,0
T_0000051010,1,0.385879,1
T_0000051030,0,0.014772,0
T_0000051042,1,0.988172,1
T_0000051087,0,0.059079,0
T_0000051089,1,0.992956,1
T_0000051197,0,0.052578,0
T_0000051199,1,0.911462,1
T_0000051229,1,0.985963,1
T_0000051240,0,0.094864,0
T_0000051242,0,0.006158,0
T_0000051256,1,0.999836,1
T_0000051257,1,0.986458,1
T_0000051284,1,0.991350,1
T_0000051326,1,0.898399,1
T_0000051327,0,0.044726,0
T_0000051353,1,0.992537,1
T_0000051359,0,0.063166,0
T_0000051380,1,0.989509,1
T_0000051397,0,0.018125,0
T_0000051402,1,0.957199,1
T_0000051413,1,0.994329,1
T_0000051415,1,0.940237,1
T_0000051417,0,0.050766,0
T_0000051441,0,0.002972,0
T_0000051449,1,0.982380,1
T_0000051455,0,0.054591,0
T_0000051466,1,0.999724,1
T_0000051483,1,0.977360,1
T_0000051486,1,0.993507,1
T_0000051543,1,0.987545,1
T_0000051563,0,0.026110,0
T_0000051576,1,0.994014,1
T_0000051597,0,0.019474,0
T_0000051671,0,0.004237,0
T_0000051676,0,0.014724,0
T_0000051679,1,0.983550,1
T_0000051687,1,0.994802,1
T_0000051745,1,0.987351,1
T_0000051786,0,0.017852,0
T_0000051791,1,0.983133,1
T_0000051825,0,0.026100,0
T_0000051831,0,0.021834,0
T_0000051946,1,0.992085,1
T_0000051958,1,0.568028,1
T_0000051977,0,0.014584,0
T_0000051997,1,0.996124,1
T_0000052015,1,0.985698,1
T_0000052097,0,0.040568,0
T_0000052132,1,0.289640,1
T_0000052185,1,0.920765,1
T_0000052221,1,0.996320,1
T_0000052222,1,0.983949,1
T_0000052284,0,0.045259,0
T_0000052292,1,0.981713,1
T_0000052294,1,0.973297,1
T_0000052355,1,0.317019,1
T_0000052371,1,0.984153,1
T_0000052412,0,0.041906,0
T_0000052428,0,0.046307,0
T_0000052437,0,0.043036,0
T_0000052452,1,0.998775,1
T_0000052465,1,0.993854,1
T_0000052511,1,0.134660,0
T_0000052589,1,0.982916,1
T_0000052656,1,0.992780,1
T_0000052675,1,0.981627,1
T_0000052678,1,0.398372,1
T_0000052684,1,0.979653,1
T_0000052706,1,0.992918,1
T_0000052728,0,0.013611,0
T_0000052730,1,0.991200,1
T_0000052836,0,0.032135,0
T_0000052843,0,0.031630,0
T_0000052883,0,0.005510,0
T_0000052889,0,0.009857,0
T_0000052906,0,0.012759,0
T_0000052908,1,0.991815,1
T_0000052987,1,0.979469,1
T_0000053000,1,0.985784,1
T_0000053018,1,0.987354,1
T_0000053023,0,0.083653,0
T_0000053028,0,0.029476,0
T_0000053046,1,0.994700,1
T_0000053074,1,0.982480,1
T_0000053094,1,0.987154,1
T_0000053105,1,0.991361,1
T_0000053139,0,0.028756,0
T_0000053163,1,0.979515,1
T_0000053169,1,0.985537,1
T_0000053175,1,0.966123,1
T_0000053242,1,0.997106,1
T_0000053244,1,0.987874,1
T_0000053270,1,0.957800,1
T_0000053287,0,0.036359,0
T_0000053326,1,0.991281,1
T_0000053363,1,0.992590,1
T_0000053400,1,0.999995,1
T_0000053407,1,0.999925,1
T_0000053416,1,0.990873,1
T_0000053500,1,0.970589,1
T_0000053503,0,0.044404,0
T_0000053507,0,0.017158,0
T_0000053514,1,0.116172,0
T_0000053545,1,0.985243,1
T_0000053586,1,0.992618,1
T_0000053626,1,0.979457,1
T_0000053689,0,0.018557,0
T_0000053722,1,0.993206,1
T_0000053732,1,0.995565,1
T_0000053737,1,0.994669,1
T_0000053812,0,0.022629,0
T_0000053832,0,0.046862,0
T_0000053887,1,0.998055,1
T_0000053901,0,0.043021,0
T_0000053931,1,0.994602,1
T_0000053936,1,0.994989,1
T_0000053941,0,0.018893,0
T_0000053956,1,0.985450,1
T_0000053968,1,0.992591,1
T_0000053980,1,0.042871,0
T_0000053996,0,0.034499,0
T_0000053998,0,0.017111,0
T_0000054024,1,0.174705,0
T_0000054059,0,0.199637,1
T_0000054092,1,0.995053,1
T_0000054095,1,0.985975,1
T_0000054141,1,0.996354,1
T_0000054150,1,0.992161,1
T_0000054157,1,0.901692,1
T_0000054186,1,0.981691,1
T_0000054190,1,0.987533,1
T_0000054200,0,0.048460,0
T_0000054231,1,0.978000,1
T_0000054255,1,0.901184,1
T_0000054273,1,0.971922,1
T_0000054275,1,0.993613,1
T_0000054289,1,0.977519,1
T_0000054296,1,0.956341,1
T_0000054298,0,0.054762,0
T_0000054309,1,0.366192,1
T_0000054311,1,0.983120,1
T_0000054341,1,0.976226,1
T_0000054365,0,0.034285,0
T_0000054391,0,0.041455,0
T_0000054404,0,0.019604,0
T_0000054412,1,0.993988,1
T_0000054446,1,0.988899,1
T_0000054475,1,0.981782,1
T_0000054483,1,0.986448,1
T_0000054500,0,0.004846,0
T_0000054508,1,0.979888,1
T_0000054529,0,0.095272,0
T_0000054533,0,0.052692,0
T_0000054553,0,0.031486,0
T_0000054557,1,0.993853,1
T_0000054582,1,0.037297,0
T_0000054587,0,0.061818,0
T_0000054593,0,0.033947,0
T_0000054598,1,0.977003,1
T_0000054605,0,0.020537,0
T_0000054622,1,0.997070,1
T_0000054705,0,0.325941,1
T_0000054712,0,0.035848,0
T_0000054805,1,0.992404,1
T_0000054820,1,0.993708,1
T_0000054831,1,0.992586,1
T_0000054833,1,0.990767,1
T_0000054843,1,0.958138,1
T_0000054847,0,0.007895,0
T_0000054892,0,0.042544,0
T_0000054900,1,0.990753,1
T_0000054925,0,0.030356,0
T_0000054929,0,0.058183,0
T_0000054944,1,0.993551,1
T_0000054973,0,0.012978,0
T_0000054982,1,0.989308,1
T_0000054983,1,0.981039,1
T_0000054992,1,0.985206,1
T_0000055025,0,0.121031,0
T_0000055038,1,0.795442,1
T_0000055041,1,0.994776,1
T_0000055056,0,0.023373,0
T_0000055060,0,0.071875,0
T_0000055069,1,0.991147,1
T_0000055104,1,0.986510,1
T_0000055130,0,0.006964,0
T_0000055182,1,0.228750,1
T_0000055235,1,0.943322,1
T_0000055260,1,0.985774,1
T_0000055289,0,0.084577,0
T_0000055310,1,0.988726,1
T_0000055325,1,0.830888,1
T_0000055331,1,0.987843,1
T_0000055386,1,0.993411,1
T_0000055392,1,0.992724,1
T_0000055394,0,0.094776,0
T_0000055459,0,0.038231,0
T_0000055462,1,0.975390,1
T_0000055552,0,0.005703,0
T_0000055579,0,0.988504,1
T_0000055584,0,0.008116,0
T_0000055586,0,0.008560,0
T_0000055621,1,0.992296,1
T_0000055625,1,0.994044,1
T_0000055659,1,0.990949,1
T_0000055668,1,0.988797,1
T_0000055669,0,0.009432,0
T_0000055701,0,0.057116,0
T_0000055704,1,0.099796,0
T_0000055705,1,0.310969,1
T_0000055718,1,0.978405,1
T_0000055719,1,0.991191,1
T_0000055727,0,0.021711,0
T_0000055728,0,0.027802,0
T_0000055733,1,0.993748,1
T_0000055772,1,0.982582,1
T_0000055778,0,0.031223,0
T_0000055794,1,0.996706,1
T_0000055802,1,0.986973,1
T_0000055813,1,0.991911,1
T_0000055844,0,0.007017,0
T_0000055865,1,0.994078,1
T_0000055903,1,0.985846,1
T_0000055928,0,0.019794,0
T_0000055931,1,0.991222,1
T_0000055940,1,0.992544,1
T_0000055952,1,0.557475,1
T_0000055953,1,0.987119,1
T_0000055961,1,0.918305,1
T_0000055986,1,0.121433,0
T_0000055992,1,0.988195,1
T_0000056018,1,0.994559,1
T_0000056023,1,0.989040,1
T_0000056025,1,0.986978,1
T_0000056054,0,0.022940,0
T_0000056078,0,0.012531,0
T_0000056091,1,0.227900,1
T_0000056095,1,0.989098,1
T_0000056098,0,0.031253,0
T_0000056104,0,0.069454,0
T_0000056149,1,0.975055,1
T_0000056156,0,0.027650,0
T_0000056183,0,0.014992,0
T_0000056222,1,0.973101,1
T_0000056240,1,0.980722,1
T_0000056259,1,0.989704,1
T_0000056277,1,0.985469,1
T_0000056301,1,0.211985,1
T_0000056335,1,0.992055,1
T_0000056339,1,0.660854,1
T_0000056346,1,0.782293,1
T_0000056348,1,0.992840,1
T_0000056356,0,0.021827,0
T_0000056382,1,0.993239,1
T_0000056401,0,0.050233,0
T_0000056420,0,0.069545,0
T_0000056421,1,0.990230,1
T_0000056428,0,0.117409,0
T_0000056429,1,0.990994,1
T_0000056450,1,0.990932,1
T_0000056504,0,0.024387,0
T_0000056510,1,0.979257,1
T_0000056515,1,0.991807,1
T_0000056516,1,0.963481,1
T_0000056564,1,0.283016,1
T_0000056580,1,0.983591,1
T_0000056588,1,0.891019,1
T_0000056591,1,0.946421,1
T_0000056622,1,0.985780,1
T_0000056661,1,0.980391,1
T_0000056668,0,0.057839,0
T_0000056688,1,0.996942,1
T_0000056704,1,0.961007,1
T_0000056710,1,0.987254,1
T_0000056721,1,0.663923,1
T_0000056730,0,0.923647,1
T_0000056757,1,0.098621,0
T_0000056767,1,0.994113,1
T_0000056769,0,0.009669,0
T_0000056793,1,0.954494,1
T_0000056799,0,0.034303,0
T_0000056832,1,0.991417,1
T_0000056876,1,0.022804,0
T_0000056915,1,0.997354,1
T_0000056926,1,0.991263,1
T_0000056944,1,0.981776,1
T_0000056971,1,0.990813,1
T_0000057038,1,0.842453,1
T_0000057050,1,0.774029,1
T_0000057174,0,0.010673,0
T_0000057176,1,0.989304,1
T_0000057180,1,0.172550,0
T_0000057183,1,0.024994,0
T_0000057247,1,0.985326,1
T_0000057260,0,0.038393,0
T_0000057301,1,0.984657,1
T_0000057319,1,0.996576,1
T_0000057337,1,0.994946,1
T_0000057408,1,0.994764,1
T_0000057432,0,0.057248,0
T_0000057439,0,0.039780,0
T_0000057454,0,0.022017,0
T_0000057472,0,0.024048,0
T_0000057506,1,0.983831,1
T_0000057533,0,0.779305,1
T_0000057534,1,0.980016,1
T_0000057560,1,0.998089,1
T_0000057573,1,0.044526,0
T_0000057596,0,0.041211,0
T_0000057626,1,0.980947,1
T_0000057630,1,0.994061,1
T_0000057652,0,0.026538,0
T_0000057654,0,0.032282,0
T_0000057684,1,0.071152,0
T_0000057707,1,0.964955,1
T_0000057740,1,0.996956,1
T_0000057760,1,0.958965,1
T_0000057779,1,0.989737,1
T_0000057793,1,0.926972,1
T_0000057816,0,0.831214,1
T_0000057845,1,0.985380,1
T_0000057865,1,0.986494,1
T_0000057891,1,0.948289,1
T_0000057939,1,0.991825,1
T_0000057952,1,0.999595,1
T_0000057956,0,0.058757,0
T_0000057978,1,0.984015,1
T_0000057984,0,0.031049,0
T_0000058001,1,0.998658,1
T_0000058011,0,0.008325,0
T_0000058095,1,0.984700,1
T_0000058129,1,0.561388,1
T_0000058133,1,0.986969,1
T_0000058146,1,0.986099,1
T_0000058213,1,0.991041,1
T_0000058221,1,0.994601,1
T_0000058250,1,0.982453,1
T_0000058301,1,0.988511,1
T_0000058313,1,0.447533,1
T_0000058339,0,0.011273,0
T_0000058359,0,0.024460,0
T_0000058360,0,0.089612,0
T_0000058409,0,0.055505,0
T_0000058410,1,0.135149,0
T_0000058416,1,0.951380,1
T_0000058424,1,0.990726,1
T_0000058445,1,0.979577,1
T_0000058469,1,0.524904,1
T_0000058470,1,0.926469,1
T_0000058474,0,0.013307,0
T_0000058504,0,0.002149,0
T_0000058549,1,0.965553,1
T_0000058563,1,0.996193,1
T_0000058574,1,0.965350,1
T_0000058576,1,0.995071,1
T_0000058581,1,0.997962,1
T_0000058587,1,0.996379,1
T_0000058594,1,0.991366,1
T_0000058604,0,0.018216,0
T_0000058682,0,0.023043,0
T_0000058685,1,0.974153,1
T_0000058695,0,0.010724,0
T_0000058767,1,0.979772,1
T_0000058772,1,0.995495,1
T_0000058778,0,0.017556,0
T_0000058806,1,0.986692,1
T_0000058822,1,0.992279,1
T_0000058865,1,0.992176,1
T_0000058896,0,0.024771,0
T_0000058898,1,0.063648,0
T_0000058901,1,0.982870,1
T_0000058916,0,0.016794,0
T_0000058949,0,0.023889,0
T_0000058992,1,0.998267,1
T_0000059003,1,0.988803,1
T_0000059005,1,0.869366,1
T_0000059039,1,0.995841,1
T_0000059049,1,0.979558,1
T_0000059072,1,0.571200,1
T_0000059113,1,0.963094,1
T_0000059118,1,0.930357,1
T_0000059180,1,0.841001,1
T_0000059193,0,0.003611,0
T_0000059212,1,0.993208,1
T_0000059214,1,0.075605,0
T_0000059217,1,0.992916,1
T_0000059296,1,0.982481,1
T_0000059311,0,0.001767,0
T_0000059320,1,0.992934,1
T_0000059327,1,0.266981,1
T_0000059339,0,0.789008,1
T_0000059342,1,0.981807,1
T_0000059397,1,0.712796,1
T_0000059403,0,0.047394,0
T_0000059451,1,0.994751,1
T_0000059490,0,0.034808,0
T_0000059496,1,0.989646,1
T_0000059522,1,0.086330,0
T_0000059531,1,0.052895,0
T_0000059537,1,0.987625,1
T_0000059538,1,0.972349,1
T_0000059574,1,0.980261,1
T_0000059580,1,0.984952,1
T_0000059591,0,0.028825,0
T_0000059593,1,0.988183,1
T_0000059595,1,0.044457,0
T_0000059658,1,0.994781,1
T_0000059711,1,0.995578,1
T_0000059721,1,0.999987,1
T_0000059761,1,0.326083,1
T_0000059785,0,0.031185,0
T_0000059821,1,0.873830,1
T_0000059824,0,0.121189,0
T_0000059868,1,0.991732,1
T_0000059930,0,0.009135,0
T_0000059948,1,0.108783,0
T_0000059969,1,0.989143,1
T_0000060072,0,0.031703,0
T_0000060134,1,0.992587,1
T_0000060139,0,0.019658,0
T_0000060146,1,0.986053,1
T_0000060210,0,0.085627,0
T_0000060219,0,0.003761,0
T_0000060229,1,0.985845,1
T_0000060269,1,0.958833,1
T_0000060323,0,0.046676,0
T_0000060351,1,0.972352,1
T_0000060390,1,0.991118,1
T_0000060394,1,0.578885,1
T_0000060411,0,0.016793,0
T_0000060428,1,0.975207,1
T_0000060442,0,0.051407,0
T_0000060462,0,0.637963,1
T_0000060512,1,0.970991,1
T_0000060532,0,0.051268,0
T_0000060547,0,0.014717,0
T_0000060550,0,0.085063,0
T_0000060557,0,0.006443,0
T_0000060573,1,0.993659,1
T_0000060599,1,0.992363,1
T_0000060618,1,0.995870,1
T_0000060624,1,0.981428,1
T_0000060633,1,0.986768,1
T_0000060652,1,0.955994,1
T_0000060715,0,0.054720,0
T_0000060745,1,0.992090,1
T_0000060756,1,0.979765,1
T_0000060759,1,0.988871,1
T_0000060771,1,0.999007,1
T_0000060773,0,0.019814,0
T_0000060775,1,0.995834,1
T_0000060781,1,0.161978,0
T_0000060787,1,0.143299,0
T_0000060807,1,0.944251,1
T_0000060821,1,0.421269,1
T_0000060834,1,0.965550,1
T_0000060854,0,0.051768,0
T_0000060861,1,0.981181,1
T_0000060895,1,0.986060,1
T_0000060913,0,0.016911,0
T_0000060925,1,0.992771,1
T_0000060962,0,0.025379,0
T_0000060979,0,0.023445,0
T_0000061000,1,0.780415,1
T_0000061004,0,0.025748,0
T_0000061012,1,0.745074,1
T_0000061017,1,0.236679,1
T_0000061068,0,0.104840,0
T_0000061087,1,0.743491,1
T_0000061090,1,0.144507,0
T_0000061106,1,0.977277,1
T_0000061125,0,0.050582,0
T_0000061172,0,0.020417,0
T_0000061201,1,0.991640,1
T_0000061203,0,0.044770,0
T_0000061217,0,0.049772,0
T_0000061225,1,0.986545,1
T_0000061270,1,0.807855,1
T_0000061303,1,0.949839,1
T_0000061310,1,0.969506,1
T_0000061330,1,0.999952,1
T_0000061395,1,0.066380,0
T_0000061428,1,0.917444,1
T_0000061442,1,0.827195,1
T_0000061515,1,0.763663,1
T_0000061543,1,0.973513,1
T_0000061548,1,0.966614,1
T_0000061562,1,0.634561,1
T_0000061569,1,0.974811,1
T_0000061596,0,0.084827,0
T_0000061604,0,0.016205,0
T_0000061613,1,0.973318,1
T_0000061619,1,0.976591,1
T_0000061624,1,0.080451,0
T_0000061634,1,0.770963,1
T_0000061646,0,0.015765,0
T_0000061681,1,0.044012,0
T_0000061845,1,0.999673,1
T_0000061872,1,0.981442,1
T_0000061875,0,0.005051,0
T_0000061896,1,0.972338,1
T_0000061906,0,0.006624,0
T_0000061911,1,0.998771,1
T_0000061928,0,0.051944,0
T_0000061966,1,0.932731,1
T_0000062007,0,0.069460,0
T_0000062025,1,0.992165,1
T_0000062087,1,0.396937,1
T_0000062089,1,0.983443,1
T_0000062148,1,0.939647,1
T_0000062158,0,0.048661,0
T_0000062166,0,0.016112,0
T_0000062176,1,0.978222,1
T_0000062237,1,0.244335,1
T_0000062250,0,0.110080,0
T_0000062253,1,0.990302,1
T_0000062327,1,0.815377,1
T_0000062358,0,0.021544,0
T_0000062398,1,0.611168,1
T_0000062427,1,0.975647,1
T_0000062432,1,0.985485,1
T_0000062465,1,0.986815,1
T_0000062489,0,0.030567,0
T_0000062512,1,0.994985,1
T_0000062578,0,0.032134,0
T_0000062592,0,0.024481,0
T_0000062598,1,0.972666,1
T_0000062653,1,0.940069,1
T_0000062686,1,0.939136,1
T_0000062708,1,0.993510,1
T_0000062726,0,0.018585,0
T_0000062732,0,0.075056,0
T_0000062809,0,0.018335,0
T_0000062811,1,0.112268,0
T_0000062822,1,0.988424,1
T_0000062825,1,0.135568,0
T_0000062859,1,0.990323,1
T_0000062865,1,0.996993,1
T_0000062883,0,0.062190,0
T_0000062949,1,0.936404,1
T_0000062965,1,0.965809,1
T_0000062971,1,0.972556,1
T_0000062975,0,0.053983,0
T_0000062978,1,0.990308,1
T_0000063010,0,0.043685,0
T_0000063049,1,0.957739,1
T_0000063054,0,0.056377,0
T_0000063063,1,0.988092,1
T_0000063110,1,0.990840,1
T_0000063162,1,0.503355,1
T_0000063164,1,0.990375,1
T_0000063187,0,0.008748,0
T_0000063188,0,0.032717,0
T_0000063316,1,0.972384,1
T_0000063318,1,0.992784,1
T_0000063344,0,0.055763,0
T_0000063351,1,0.990107,1
T_0000063354,1,0.250633,1
T_0000063381,1,0.973426,1
T_0000063409,1,0.987697,1
T_0000063485,0,0.008562,0
T_0000063488,0,0.042280,0
T_0000063523,0,0.122960,0
T_0000063589,0,0.110488,0
T_0000063606,0,0.146343,0
T_0000063623,1,0.981936,1
T_0000063649,0,0.054142,0
T_0000063653,1,0.865223,1
T_0000063681,1,0.988678,1
T_0000063719,1,0.722678,1
T_0000063720,1,0.088893,0
T_0000063723,1,0.999987,1
T_0000063743,1,0.990383,1
T_0000063756,0,0.008284,0
T_0000063765,0,0.124482,0
T_0000063777,1,0.034387,0
T_0000063783,0,0.061058,0
T_0000063796,1,0.973565,1
T_0000063802,0,0.127166,0
T_0000063825,0,0.022688,0
T_0000063832,1,0.954095,1
T_0000063844,0,0.005437,0
T_0000063845,0,0.032383,0
T_0000063866,0,0.006340,0
T_0000063871,0,0.012213,0
T_0000063882,1,0.986393,1
T_0000063901,0,0.037819,0
T_0000063950,1,0.966839,1
T_0000063996,1,0.159708,0
T_0000064004,0,0.057998,0
T_0000064021,1,0.612614,1
T_0000064052,0,0.007432,0
T_0000064079,0,0.005267,0
T_0000064120,1,0.993295,1
T_0000064124,1,0.993575,1
T_0000064177,0,0.010736,0
T_0000064183,0,0.045073,0
T_0000064215,0,0.020978,0
T_0000064232,0,0.016296,0
T_0000064256,1,0.989076,1
T_0000064264,0,0.019630,0
T_0000064284,1,0.999867,1
T_0000064311,0,0.058487,0
T_0000064313,1,0.954015,1
T_0000064317,1,0.969619,1
T_0000064326,1,0.535353,1
T_0000064331,1,0.948448,1
T_0000064342,0,0.037585,0
T_0000064359,1,0.981561,1
T_0000064380,1,0.306768,1
T_0000064394,1,0.982127,1
T_0000064411,1,0.985644,1
T_0000064426,1,0.100408,0
T_0000064428,1,0.382952,1
T_0000064462,1,0.979075,1
T_0000064470,1,0.998027,1
T_0000064496,1,0.990735,1
T_0000064497,1,0.971882,1
T_0000064534,0,0.150890,0
T_0000064556,0,0.048001,0
T_0000064595,1,0.995247,1
T_0000064612,1,0.988032,1
T_0000064615,1,0.991635,1
T_0000064638,1,0.985147,1
T_0000064640,1,0.977228,1
T_0000064676,1,0.135434,0
T_0000064688,0,0.092600,0
T_0000064697,1,0.984908,1
T_0000064705,0,0.035863,0
T_0000064711,1,0.294097,1
T_0000064727,1,0.970640,1
T_0000064733,0,0.031546,0
T_0000064781,0,0.023676,0
T_0000064799,1,0.975145,1
T_0000064810,0,0.036496,0
T_0000064831,1,0.994579,1
T_0000064853,0,0.037603,0
T_0000064893,1,0.985335,1
T_0000064905,1,0.599281,1
T_0000064907,1,0.996207,1
T_0000064924,0,0.011558,0
T_0000064959,1,0.985209,1
T_0000064975,1,0.989610,1
T_0000064985,1,0.627305,1
T_0000064998,1,0.994530,1
T_0000065031,1,0.981338,1
T_0000065041,0,0.002478,0
T_0000065077,1,0.996405,1
T_0000065095,1,0.502349,1
T_0000065105,1,0.941310,1
T_0000065138,0,0.037078,0
T_0000065149,0,0.035214,0
T_0000065237,0,0.031483,0
T_0000065266,1,0.983302,1
T_0000065277,0,0.055927,0
T_0000065395,0,0.016599,0
T_0000065396,1,0.994677,1
T_0000065458,1,0.951482,1
T_0000065469,0,0.089779,0
T_0000065524,1,0.979472,1
T_0000065556,0,0.017882,0
T_0000065573,1,0.555901,1
T_0000065578,1,0.989675,1
T_0000065581,1,0.991173,1
T_0000065587,1,0.991775,1
T_0000065601,1,0.978993,1
T_0000065641,0,0.047932,0
T_0000065659,0,0.055751,0
T_0000065681,1,0.988845,1
T_0000065700,1,0.927624,1
T_0000065713,0,0.048478,0
T_0000065718,1,0.850562,1
T_0000065743,1,0.990489,1
T_0000065745,1,0.988258,1
T_0000065764,1,0.989292,1
T_0000065794,0,0.009256,0
T_0000065814,1,0.987351,1
T_0000065843,1,0.989498,1
T_0000065844,1,0.981806,1
T_0000065876,0,0.002736,0
T_0000065906,0,0.083876,0
T_0000065958,0,0.060735,0
T_0000065989,1,0.954832,1
T_0000065990,0,0.011591,0
T_0000065992,1,0.989428,1
T_0000066038,1,0.990080,1
T_0000066090,1,0.883087,1
T_0000066122,0,0.029636,0
T_0000066126,1,0.990852,1
T_0000066183,1,0.135280,0
T_0000066197,1,0.906429,1
T_0000066199,1,0.994721,1
T_0000066219,1,0.991705,1
T_0000066227,1,0.998408,1
T_0000066229,1,0.983952,1
T_0000066240,1,0.988334,1
T_0000066344,0,0.056765,0
T_0000066362,1,0.227423,1
T_0000066367,0,0.021165,0
T_0000066416,1,0.242015,1
T_0000066429,1,0.974180,1
T_0000066433,1,0.979174,1
T_0000066438,0,0.013538,0
T_0000066448,1,0.986121,1
T_0000066460,0,0.012715,0
T_0000066492,0,0.070479,0
T_0000066496,1,0.999972,1
T_0000066508,1,0.981451,1
T_0000066520,1,0.992189,1
T_0000066525,1,0.995640,1
T_0000066589,1,0.828459,1
T_0000066622,1,0.994005,1
T_0000066640,0,0.551578,1
T_0000066696,1,0.991193,1
T_0000066848,1,0.990219,1
T_0000066856,1,0.998570,1
T_0000066879,0,0.019783,0
T_0000066917,1,0.998201,1
T_0000066929,0,0.026824,0
T_0000066930,0,0.019296,0
T_0000066954,1,0.991853,1
T_0000066978,0,0.087210,0
T_0000066990,1,0.995959,1
T_0000067002,1,0.989722,1
T_0000067133,0,0.061195,0
T_0000067139,0,0.019141,0
T_0000067145,1,0.992439,1
T_0000067174,1,0.961281,1
T_0000067179,1,0.990053,1
T_0000067197,1,0.999970,1
T_0000067214,1,0.987063,1
T_0000067229,1,0.983278,1
T_0000067244,0,0.031228,0
T_0000067266,1,0.995340,1
T_0000067330,1,0.984948,1
T_0000067332,1,0.998343,1
T_0000067377,0,0.039831,0
T_0000067395,1,0.997362,1
T_0000067454,1,0.215994,1
T_0000067473,0,0.085938,0
T_0000067484,0,0.016421,0
T_0000067492,1,0.992639,1
T_0000067496,0,0.024488,0
T_0000067503,0,0.102558,0
T_0000067539,0,0.021793,0
T_0000067567,0,0.007671,0
T_0000067571,0,0.199608,1
T_0000067575,0,0.045200,0
T_0000067606,0,0.009773,0
T_0000067618,1,0.195745,1
T_0000067623,1,0.925024,1
T_0000067640,0,0.060967,0
T_0000067651,1,0.994681,1
T_0000067658,1,0.974424,1
T_0000067674,1,0.987788,1
T_0000067718,1,0.764438,1
T_0000067734,1,0.996157,1
T_0000067736,1,0.996945,1
T_0000067768,1,1.000000,1
T_0000067817,0,0.024474,0
T_0000067837,1,0.975599,1
T_0000067850,1,0.995716,1
T_0000067901,1,0.995560,1
T_0000067918,1,0.992713,1
T_0000067964,0,0.053661,0
T_0000067998,0,0.087925,0
T_0000068047,1,0.987434,1
T_0000068083,0,0.006557,0
T_0000068086,1,0.987954,1
T_0000068098,1,0.996266,1
T_0000068109,0,0.014125,0
T_0000068127,1,0.985064,1
T_0000068150,1,0.985534,1
T_0000068249,1,0.048219,0
T_0000068279,1,0.991724,1
T_0000068301,1,0.052568,0
T_0000068304,1,0.058897,0
T_0000068306,0,0.031553,0
T_0000068341,1,0.080799,0
T_0000068349,0,0.012591,0
T_0000068360,0,0.079253,0
T_0000068382,1,0.987314,1
T_0000068401,1,0.992330,1
T_0000068405,1,0.984407,1
T_0000068479,1,0.996928,1
T_0000068497,1,0.103724,0
T_0000068508,1,0.980785,1
T_0000068527,1,0.105058,0
T_0000068529,0,0.017627,0
T_0000068544,1,0.635753,1
T_0000068563,1,0.979168,1
T_0000068585,1,0.111125,0
T_0000068592,0,0.006285,0
T_0000068612,1,0.998830,1
T_0000068626,0,0.068892,0
T_0000068648,1,0.929163,1
T_0000068773,1,0.881096,1
T_0000068781,0,0.047527,0
T_0000068796,1,0.612436,1
T_0000068806,1,0.990053,1
T_0000068823,1,0.989288,1
T_0000068872,1,0.984253,1
T_0000068885,1,0.997474,1
T_0000068898,1,0.982656,1
T_0000068899,1,0.992474,1
T_0000068910,0,0.074628,0
T_0000068922,0,0.041582,0
T_0000068965,1,0.113715,0
T_0000068983,0,0.021341,0
T_0000069019,1,0.973003,1
T_0000069052,1,0.218961,1
T_0000069117,1,0.999442,1
T_0000069133,0,0.034004,0
T_0000069162,1,0.920649,1
T_0000069191,0,0.010115,0
T_0000069226,1,0.978763,1
T_0000069239,0,0.017775,0
T_0000069257,1,0.148676,0
T_0000069269,1,0.437394,1
T_0000069277,1,0.982793,1
T_0000069300,0,0.036796,0
T_0000069305,1,0.318297,1
T_0000069321,1,0.947790,1
T_0000069353,1,0.994787,1
T_0000069380,0,0.015691,0
T_0000069446,1,0.088763,0
T_0000069515,1,0.979860,1
T_0000069550,1,0.094340,0
T_0000069554,1,0.946853,1
T_0000069574,0,0.021247,0
T_0000069586,0,0.029654,0
T_0000069600,1,0.991576,1
T_0000069631,0,0.024754,0
T_0000069647,1,0.010957,0
T_0000069689,0,0.014852,0
T_0000069693,1,0.084220,0
T_0000069712,0,0.013113,0
T_0000069744,0,0.036681,0
T_0000069769,1,0.996982,1
T_0000069820,1,0.963451,1
T_0000069840,0,0.029930,0
T_0000069903,0,0.059605,0
T_0000069921,1,0.971899,1
T_0000069922,1,0.977928,1
T_0000069936,1,0.970427,1
T_0000069970,0,0.027008,0
T_0000069983,0,0.032448,0
T_0000070005,0,0.009139,0
T_0000070039,0,0.030602,0
T_0000070091,0,0.059548,0
T_0000070101,1,0.981615,1
T_0000070105,1,0.990265,1
T_0000070106,1,0.896859,1
T_0000070119,0,0.026260,0
T_0000070122,1,0.990738,1
T_0000070126,0,0.026578,0
T_0000070127,1,0.995334,1
T_0000070160,1,0.989304,1
T_0000070186,1,0.996040,1
T_0000070226,1,0.997101,1
T_0000070272,1,0.116841,0
T_0000070284,0,0.017364,0
T_0000070290,1,0.984374,1
T_0000070316,1,0.988173,1
T_0000070322,0,0.040140,0
T_0000070329,0,0.040992,0
T_0000070336,1,0.947599,1
T_0000070343,1,0.994624,1
T_0000070365,1,0.961139,1
T_0000070407,0,0.011653,0
T_0000070460,0,0.035020,0
T_0000070466,0,0.008026,0
T_0000070495,1,0.984562,1
T_0000070515,1,0.837047,1
T_0000070521,0,0.094236,0
T_0000070526,1,0.986589,1
T_0000070532,1,0.956488,1
T_0000070550,1,0.575456,1
T_0000070570,1,0.422526,1
T_0000070571,1,0.987890,1
T_0000070596,1,0.961832,1
T_0000070600,1,0.996881,1
T_0000070648,0,0.054926,0
T_0000070670,0,0.020610,0
T_0000070678,1,0.987063,1
T_0000070687,1,0.985329,1
T_0000070697,1,0.996212,1
T_0000070699,1,0.991439,1
T_0000070714,1,0.094018,0
T_0000070728,1,0.983991,1
T_0000070732,1,0.966710,1
T_0000070738,1,0.086769,0
T_0000070747,1,0.994385,1
T_0000070785,0,0.090696,0
T_0000070786,1,0.991441,1
T_0000070795,1,0.982203,1
T_0000070798,1,0.980480,1
T_0000070813,0,0.025131,0
T_0000070820,1,0.977197,1
T_0000070823,1,0.983824,1
T_0000070848,1,0.997487,1
T_0000070852,1,0.983345,1
T_0000070884,0,0.028109,0
T_0000070892,1,0.322883,1
T_0000070941,1,0.116434,0
T_0000070964,0,0.010228,0
T_0000071003,1,0.972211,1
T_0000071007,0,0.024916,0
T_0000071059,0,0.029764,0
T_0000071060,0,0.038438,0
T_0000071088,1,0.677049,1
T_0000071098,0,0.048680,0
T_0000071111,1,0.905937,1
T_0000071149,0,0.018257,0
T_0000071197,0,0.038472,0
T_0000071215,1,0.987363,1
T_0000071227,0,0.023016,0
T_0000071240,1,0.994077,1
T_0000071241,1,0.982244,1
T_0000071271,0,0.024605,0
T_0000071296,1,0.984522,1
T_0000071310,0,0.069163,0
T_0000071327,1,0.995993,1
T_0000071328,1,0.995368,1
T_0000071385,1,0.822700,1
T_0000071387,0,0.018187,0
T_0000071407,1,0.974737,1
T_0000071410,1,0.991752,1
T_0000071443,1,0.924695,1
T_0000071460,1,0.992784,1
T_0000071481,1,0.989309,1
T_0000071554,0,0.066937,0
T_0000071566,1,0.970229,1
T_0000071598,0,0.012174,0
T_0000071599,1,0.976298,1
T_0000071645,0,0.025509,0
T_0000071659,0,0.025334,0
T_0000071684,0,0.006647,0
T_0000071694,1,0.988325,1
T_0000071731,0,0.005647,0
T_0000071745,0,0.012335,0
T_0000071765,1,0.156722,0
T_0000071770,0,0.022286,0
T_0000071792,1,0.998251,1
T_0000071841,1,0.957921,1
T_0000071861,0,0.124577,0
T_0000071870,1,0.993451,1
T_0000071908,1,0.996449,1
T_0000071918,1,0.996667,1
T_0000071921,1,0.997518,1
T_0000071939,1,0.993625,1
T_0000071954,1,0.076719,0
T_0000071985,0,0.068948,0
T_0000072000,1,0.999202,1
T_0000072001,1,0.078075,0
T_0000072012,1,0.989427,1
T_0000072115,0,0.016228,0
T_0000072157,1,0.998861,1
T_0000072158,0,0.028485,0
T_0000072178,1,0.974351,1
T_0000072186,1,0.994973,1
T_0000072194,1,0.992413,1
T_0000072202,1,0.994723,1
T_0000072203,1,0.076395,0
T_0000072215,1,0.993612,1
T_0000072220,0,0.070552,0
T_0000072227,1,0.991974,1
T_0000072248,1,0.979614,1
T_0000072253,1,0.970164,1
T_0000072300,1,0.990275,1
T_0000072310,1,0.981443,1
T_0000072315,1,0.750368,1
T_0000072337,1,0.995487,1
T_0000072372,0,0.006999,0
T_0000072395,1,0.983683,1
T_0000072412,0,0.039799,0
T_0000072442,1,0.960151,1
T_0000072449,0,0.121158,0
T_0000072471,1,0.987662,1
T_0000072497,1,0.999750,1
T_0000072511,1,0.992622,1
T_0000072526,1,0.971381,1
T_0000072663,1,0.999519,1
T_0000072669,0,0.023730,0
T_0000072674,1,0.982434,1
T_0000072744,1,0.910677,1
T_0000072759,0,0.069742,0
T_0000072761,1,0.999823,1
T_0000072764,1,0.993164,1
T_0000072779,1,0.966469,1
T_0000072799,1,0.965886,1
T_0000072806,1,0.973003,1
T_0000072811,0,0.038810,0
T_0000072832,0,0.014456,0
T_0000072843,1,0.991748,1
T_0000072874,0,0.022706,0
T_0000072891,0,0.002820,0
T_0000072900,1,0.962525,1
T_0000072917,1,0.988825,1
T_0000072935,1,0.992770,1
T_0000072955,1,0.482606,1
T_0000072979,0,0.020297,0
T_0000072991,0,0.093157,0
T_0000073026,1,0.082005,0
T_0000073049,0,0.130210,0
T_0000073062,1,0.978271,1
T_0000073121,1,0.171675,0
T_0000073129,1,0.995171,1
T_0000073140,1,0.993198,1
T_0000073159,1,0.321585,1
T_0000073230,1,0.948871,1
T_0000073250,0,0.037390,0
T_0000073256,0,0.011013,0
T_0000073260,0,0.024061,0
T_0000073265,1,0.238189,1
T_0000073271,0,0.162348,0
T_0000073293,0,0.011267,0
T_0000073294,1,0.990859,1
T_0000073333,1,0.977195,1
T_0000073338,0,0.006143,0
T_0000073343,1,0.992153,1
T_0000073365,1,0.968764,1
T_0000073418,1,0.032008,0
T_0000073469,1,0.982618,1
T_0000073493,1,0.992341,1
T_0000073524,0,0.019568,0
T_0000073527,0,0.072564,0
T_0000073578,0,0.047323,0
T_0000073629,0,0.019602,0
T_0000073647,1,0.993022,1
T_0000073658,0,0.086211,0
T_0000073688,1,0.972161,1
T_0000073710,0,0.024219,0
T_0000073716,1,0.994304,1
T_0000073726,1,0.968281,1
T_0000073803,0,0.051136,0
T_0000073815,1,0.982565,1
T_0000073819,0,0.022659,0
T_0000073853,0,0.119117,0
T_0000073871,0,0.042173,0
T_0000073908,0,0.023700,0
T_0000073912,1,0.985246,1
T_0000073968,0,0.029252,0
T_0000074027,1,0.992111,1
T_0000074067,1,0.979712,1
T_0000074085,0,0.033824,0
T_0000074111,1,0.987915,1
T_0000074161,1,0.990596,1
T_0000074174,1,0.966269,1
T_0000074179,1,0.991369,1
T_0000074192,1,0.038108,0
T_0000074196,1,0.959634,1
T_0000074237,1,0.954569,1
T_0000074250,0,0.024688,0
T_0000074268,1,0.388712,1
T_0000074272,1,0.977652,1
T_0000074283,0,0.046965,0
T_0000074295,1,0.067281,0
T_0000074308,1,0.993852,1
T_0000074309,1,0.980160,1
T_0000074310,0,0.052004,0
T_0000074333,1,0.120573,0
T_0000074337,1,0.984398,1
T_0000074346,0,0.011029,0
T_0000074351,1,0.994661,1
T_0000074378,1,0.999976,1
T_0000074379,0,0.045320,0
T_0000074387,0,0.110858,0
T_0000074390,0,0.002498,0
T_0000074392,1,0.989416,1
T_0000074393,1,0.993875,1
T_0000074397,1,0.984567,1
T_0000074424,1,0.989415,1
T_0000074426,0,0.022450,0
T_0000074460,1,0.983274,1
T_0000074532,0,0.016269,0
T_0000074606,0,0.075087,0
T_0000074674,1,0.988335,1
T_0000074677,1,0.270794,1
T_0000074685,1,0.996010,1
T_0000074691,1,0.981817,1
T_0000074725,1,0.998631,1
T_0000074763,0,0.020434,0
T_0000074769,0,0.011451,0
T_0000074801,1,0.554062,1
T_0000074803,0,0.013968,0
T_0000074848,1,0.915786,1
T_0000074852,0,0.015437,0
T_0000074855,1,0.988845,1
T_0000074872,0,0.026572,0
T_0000074873,0,0.052417,0
T_0000074890,0,0.161801,0
T_0000074921,1,0.998301,1
T_0000074925,1,0.993778,1
T_0000074926,1,0.975536,1
T_0000074933,1,0.999988,1
T_0000074937,1,0.990400,1
T_0000074962,1,0.986633,1
T_0000075007,1,0.989297,1
T_0000075034,1,0.288024,1
T_0000075060,0,0.291278,1
T_0000075061,1,0.615615,1
T_0000075098,1,0.607115,1
T_0000075112,1,0.349973,1
T_0000075171,0,0.002221,0
T_0000075205,0,0.009750,0
T_0000075229,1,0.988599,1
T_0000075237,1,0.038193,0
T_0000075254,0,0.020164,0
T_0000075260,0,0.069881,0
T_0000075283,0,0.043614,0
T_0000075286,1,0.992373,1
T_0000075319,1,0.989377,1
T_0000075334,1,0.078688,0
T_0000075343,1,0.989072,1
T_0000075352,1,0.986857,1
T_0000075357,0,0.083058,0
T_0000075361,1,0.997963,1
T_0000075380,0,0.012296,0
T_0000075392,1,0.985729,1
T_0000075401,1,0.933728,1
T_0000075402,1,0.937868,1
T_0000075426,1,0.998418,1
T_0000075439,0,0.036879,0
T_0000075479,0,0.096342,0
T_0000075523,1,0.991880,1
T_0000075556,0,0.030164,0
T_0000075566,0,0.077989,0
T_0000075581,0,0.033905,0
T_0000075584,1,0.947709,1
T_0000075589,0,0.041521,0
T_0000075626,1,0.999929,1
T_0000075659,0,0.027015,0
T_0000075699,1,0.985723,1
T_0000075709,1,0.982253,1
T_0000075713,1,0.991030,1
T_0000075720,1,0.986220,1
T_0000075721,1,0.553603,1
T_0000075726,1,0.995516,1
T_0000075746,0,0.021894,0
T_0000075779,0,0.033081,0
T_0000075822,1,0.953857,1
T_0000075869,1,0.961376,1
T_0000075879,0,0.017843,0
T_0000075894,1,0.973593,1
T_0000075898,1,0.990894,1
T_0000075910,0,0.032459,0
T_0000076008,0,0.050796,0
T_0000076012,0,0.016318,0
T_0000076020,0,0.100566,0
T_0000076046,0,0.013633,0
T_0000076065,1,0.170304,0
T_0000076084,0,0.014826,0
T_0000076088,1,0.961457,1
T_0000076108,0,0.031321,0
T_0000076140,0,0.110245,0
T_0000076147,1,0.993056,1
T_0000076159,1,0.989390,1
T_0000076174,1,0.972493,1
T_0000076178,0,0.037579,0
T_0000076179,1,0.990576,1
T_0000076199,1,0.988097,1
T_0000076216,0,0.011023,0
T_0000076241,0,0.978782,1
T_0000076293,0,0.016169,0
T_0000076320,1,0.065357,0
T_0000076354,1,0.978469,1
T_0000076405,0,0.052997,0
T_0000076413,1,0.995971,1
T_0000076422,1,0.965075,1
T_0000076453,1,0.992073,1
T_0000076536,1,0.990446,1
T_0000076539,1,0.975360,1
T_0000076558,1,0.978360,1
T_0000076566,1,0.989355,1
T_0000076573,1,0.952333,1
T_0000076574,1,0.990687,1
T_0000076577,0,0.067718,0
T_0000076580,1,0.983968,1
T_0000076596,1,0.918757,1
T_0000076603,0,0.048051,0
T_0000076636,1,0.988685,1
T_0000076677,0,0.074517,0
T_0000076742,1,0.994807,1
T_0000076809,1,0.991443,1
T_0000076816,1,0.991088,1
T_0000076868,1,0.999207,1
T_0000076929,1,0.994223,1
T_0000077027,0,0.031638,0
T_0000077061,1,0.996054,1
T_0000077088,1,0.978515,1
T_0000077138,0,0.127744,0
T_0000077157,1,0.993019,1
T_0000077186,0,0.288642,1
T_0000077190,1,0.996617,1
T_0000077219,0,0.016202,0
T_0000077220,1,0.996714,1
T_0000077226,1,0.986867,1
T_0000077228,1,0.997747,1
T_0000077230,1,0.991805,1
T_0000077232,0,0.050019,0
T_0000077234,0,0.581722,1
T_0000077249,1,0.989982,1
T_0000077265,1,0.994529,1
T_0000077269,1,0.995689,1
T_0000077287,0,0.049672,0
T_0000077385,0,0.010459,0
T_0000077391,1,0.997249,1
T_0000077394,0,0.009060,0
T_0000077410,0,0.018417,0
T_0000077441,1,0.998645,1
T_0000077453,1,0.989010,1
T_0000077497,1,0.995189,1
T_0000077500,0,0.021203,0
T_0000077522,0,0.125046,0
T_0000077553,1,0.998600,1
T_0000077612,1,0.996555,1
T_0000077616,1,0.998004,1
T_0000077617,1,0.992922,1
T_0000077656,1,0.173771,0
T_0000077675,0,0.029040,0
T_0000077702,0,0.117503,0
T_0000077724,0,0.094455,0
T_0000077730,0,0.093533,0
T_0000077757,1,0.997544,1
T_0000077782,0,0.042553,0
T_0000077792,1,0.993082,1
T_0000077863,1,0.991614,1
T_0000077902,0,0.055028,0
T_0000077960,1,0.984272,1
T_0000077985,1,0.804213,1
T_0000077987,1,0.061130,0
T_0000078027,1,0.968551,1
T_0000078028,1,0.966936,1
T_0000078041,1,0.989005,1
T_0000078060,1,0.993343,1
T_0000078071,1,0.075061,0
T_0000078080,1,0.997667,1
T_0000078113,1,0.989230,1
T_0000078148,0,0.049777,0
T_0000078202,1,0.071341,0
T_0000078214,1,0.728217,1
T_0000078265,0,0.010388,0
T_0000078312,1,0.959209,1
T_0000078328,1,0.935543,1
T_0000078337,0,0.030040,0
T_0000078350,0,0.012882,0
T_0000078370,1,0.120255,0
T_0000078374,0,0.027564,0
T_0000078376,1,0.954423,1
T_0000078391,1,0.995749,1
T_0000078393,0,0.077708,0
T_0000078419,0,0.070970,0
T_0000078429,1,0.981901,1
T_0000078502,0,0.010063,0
T_0000078559,0,0.009544,0
T_0000078570,1,0.983454,1
T_0000078608,0,0.008428,0
T_0000078631,0,0.036808,0
T_0000078635,1,0.999694,1
T_0000078649,1,0.282587,1
T_0000078660,1,0.996661,1
T_0000078702,1,0.950109,1
T_0000078713,1,0.882918,1
T_0000078715,1,0.991192,1
T_0000078724,0,0.033276,0
T_0000078755,1,0.994880,1
T_0000078775,1,0.901385,1
T_0000078830,1,0.991345,1
T_0000078885,0,0.016360,0
T_0000078889,1,0.996297,1
T_0000078913,0,0.066860,0
T_0000078923,0,0.010675,0
T_0000079075,0,0.005247,0
T_0000079076,1,0.963689,1
T_0000079109,1,0.989285,1
T_0000079119,1,0.997505,1
T_0000079143,1,0.993767,1
T_0000079164,1,0.484803,1
T_0000079181,1,0.951920,1
T_0000079199,1,0.962520,1
T_0000079285,0,0.042777,0
T_0000079395,0,0.086532,0
T_0000079405,0,0.034567,0
T_0000079407,1,0.990714,1
T_0000079425,0,0.198349,1
T_0000079471,0,0.069233,0
T_0000079535,1,0.993420,1
T_0000079542,0,0.061342,0
T_0000079570,1,0.999765,1
T_0000079587,1,0.995259,1
T_0000079656,0,0.029660,0
T_0000079704,1,0.998970,1
T_0000079748,0,0.077227,0
T_0000079766,1,0.996802,1
T_0000079806,1,0.996650,1
T_0000079854,1,0.992645,1
T_0000079893,1,0.998510,1
T_0000079920,1,0.994616,1
T_0000079970,1,0.993376,1
T_0000079984,1,0.997288,1
T_0000080037,1,0.999995,1
T_0000080105,1,0.997222,1
T_0000080106,0,0.130643,0
T_0000080134,1,0.998482,1
T_0000080165,1,0.999998,1
T_0000080167,1,0.993860,1
T_0000080188,0,0.069563,0
T_0000080212,1,0.991650,1
T_0000080221,0,0.056048,0
T_0000080268,0,0.043226,0
T_0000080287,0,0.105678,0
T_0000080314,1,0.993890,1
T_0000080342,1,0.995867,1
T_0000080383,1,0.998040,1
T_0000080403,1,0.664045,1
T_0000080421,1,0.924134,1
T_0000080460,0,0.059187,0
T_0000080470,1,0.973517,1
T_0000080486,1,0.085241,0
T_0000080511,1,0.966969,1
T_0000080520,0,0.013690,0
T_0000080522,1,0.992702,1
T_0000080567,1,0.983373,1
T_0000080601,1,0.992423,1
T_0000080653,1,0.077517,0
T_0000080664,0,0.053566,0
T_0000080719,1,0.996636,1
T_0000080722,1,0.991730,1
T_0000080752,1,0.978285,1
T_0000080786,1,0.992697,1
T_0000080801,0,0.009491,0
T_0000080835,1,0.988905,1
T_0000080869,1,0.776891,1
T_0000080879,0,0.024075,0
T_0000080914,1,0.513543,1
T_0000080966,1,0.992416,1
T_0000080968,0,0.026385,0
T_0000080970,1,0.453455,1
T_0000080994,0,0.010318,0
T_0000081022,1,0.954034,1
T_0000081029,1,0.995798,1
T_0000081109,1,0.873859,1
T_0000081128,1,0.070520,0
T_0000081137,1,0.999805,1
T_0000081225,1,0.985839,1
T_0000081238,1,0.993827,1
T_0000081271,1,0.994859,1
T_0000081289,1,0.990211,1
T_0000081294,1,0.995106,1
T_0000081311,1,0.995609,1
T_0000081315,0,0.021057,0
T_0000081316,1,0.994281,1
T_0000081332,1,0.994088,1
T_0000081334,1,0.978429,1
T_0000081342,1,0.962369,1
T_0000081359,1,0.985382,1
T_0000081415,1,0.967965,1
T_0000081438,1,0.990902,1
T_0000081451,0,0.030798,0
T_0000081456,1,0.959007,1
T_0000081467,1,0.988020,1
T_0000081489,0,0.021226,0
T_0000081507,1,0.960068,1
T_0000081528,1,0.982019,1
T_0000081529,1,0.994913,1
T_0000081554,1,0.727024,1
T_0000081577,1,0.993435,1
T_0000081596,0,0.173984,0
T_0000081606,1,0.996855,1
T_0000081628,0,0.075436,0
T_0000081633,0,0.014049,0
T_0000081665,0,0.016719,0
T_0000081672,1,0.993487,1
T_0000081675,1,0.336991,1
T_0000081680,1,0.995102,1
T_0000081684,1,0.922297,1
T_0000081696,0,0.027732,0
T_0000081700,1,0.984881,1
T_0000081730,0,0.310657,1
T_0000081747,1,0.994948,1
T_0000081753,1,0.997130,1
T_0000081773,0,0.040762,0
T_0000081791,1,0.996946,1
T_0000081876,1,0.996024,1
T_0000081931,1,0.994935,1
T_0000081946,0,0.266545,1
T_0000081995,1,0.994424,1
T_0000081996,1,0.776936,1
T_0000082020,1,0.992613,1
T_0000082030,0,0.017465,0
T_0000082047,1,0.992376,1
T_0000082058,0,0.431272,1
T_0000082070,1,0.996170,1
T_0000082071,0,0.017207,0
T_0000082087,1,0.992714,1
T_0000082098,1,0.988347,1
T_0000082112,1,0.999945,1
T_0000082121,1,0.971958,1
T_0000082131,0,0.013285,0
T_0000082164,1,0.991420,1
T_0000082168,0,0.009957,0
T_0000082199,0,0.017112,0
T_0000082246,1,0.990869,1
T_0000082275,0,0.989190,1
T_0000082289,0,0.014068,0
T_0000082294,1,0.970177,1
T_0000082379,1,0.995766,1
T_0000082380,0,0.380786,1
T_0000082390,1,0.976970,1
T_0000082396,1,0.993215,1
T_0000082425,1,0.992323,1
T_0000082429,1,0.991485,1
T_0000082430,0,0.038825,0
T_0000082461,1,0.993380,1
T_0000082481,0,0.036186,0
T_0000082501,1,0.995060,1
T_0000082577,1,0.990944,1
T_0000082610,1,0.985208,1
T_0000082662,1,0.983459,1
T_0000082697,1,0.924635,1
T_0000082708,1,0.777860,1
T_0000082725,0,0.030383,0
T_0000082734,1,0.961380,1
T_0000082737,0,0.033872,0
T_0000082777,1,0.980225,1
T_0000082894,1,0.979132,1
T_0000082943,0,0.047628,0
T_0000082953,1,0.993412,1
T_0000082963,1,0.976872,1
T_0000083004,1,0.984738,1
T_0000083020,1,0.986668,1
T_0000083044,1,0.969199,1
T_0000083060,1,0.971895,1
T_0000083096,0,0.021333,0
T_0000083102,1,0.997979,1
T_0000083112,1,0.987335,1
T_0000083161,1,0.705747,1
T_0000083201,1,0.970443,1
T_0000083203,1,0.977197,1
T_0000083245,1,0.986095,1
T_0000083302,0,0.049443,0
T_0000083339,0,0.136615,0
T_0000083352,1,0.985576,1
T_0000083368,1,0.180735,1
T_0000083378,0,0.013722,0
T_0000083410,0,0.014933,0
T_0000083417,0,0.025711,0
T_0000083420,1,0.395962,1
T_0000083470,1,0.977768,1
T_0000083475,0,0.043753,0
T_0000083484,0,0.018028,0
T_0000083487,0,0.028999,0
T_0000083511,1,0.533101,1
T_0000083561,1,0.990190,1
T_0000083626,0,0.020716,0
T_0000083653,1,0.987835,1
T_0000083666,0,0.011921,0
T_0000083736,1,0.063874,0
T_0000083814,1,0.937352,1
T_0000083836,0,0.066358,0
T_0000083907,1,0.978986,1
T_0000083927,1,0.100374,0
T_0000083939,1,0.987778,1
T_0000083957,1,0.991877,1
T_0000083965,1,0.967459,1
T_0000083978,1,0.992985,1
T_0000083995,0,0.015462,0
T_0000084017,1,0.990308,1
T_0000084019,1,0.993803,1
T_0000084025,1,0.993521,1
T_0000084085,1,0.991748,1
T_0000084089,1,0.977200,1
T_0000084094,1,0.994228,1
T_0000084116,1,0.881971,1
T_0000084198,1,0.994528,1
T_0000084223,1,0.944267,1
T_0000084229,0,0.007090,0
T_0000084236,1,0.091999,0
T_0000084255,0,0.006692,0
T_0000084256,0,0.073698,0
T_0000084263,1,0.994476,1
T_0000084269,1,0.968077,1
T_0000084272,1,0.929881,1
T_0000084298,1,0.177037,0
T_0000084303,1,0.982065,1
T_0000084384,1,0.188417,1
T_0000084426,0,0.056173,0
T_0000084433,1,0.983308,1
T_0000084477,1,0.992460,1
T_0000084483,0,0.061926,0
T_0000084488,1,0.937092,1
T_0000084533,1,0.936373,1
T_0000084540,1,0.989174,1
T_0000084589,1,0.080748,0
T_0000084608,0,0.031192,0
T_0000084613,1,0.985066,1
T_0000084660,1,0.976072,1
T_0000084661,1,0.975250,1
T_0000084697,1,0.982935,1
T_0000084770,0,0.033552,0
T_0000084780,1,0.981030,1
T_0000084785,1,0.987526,1
T_0000084827,1,0.950330,1
T_0000084861,1,0.912710,1
T_0000084870,1,0.985645,1
T_0000084884,1,0.143637,0
T_0000084894,0,0.043554,0
T_0000084903,0,0.034423,0
T_0000084916,0,0.033568,0
T_0000084919,0,0.031438,0
T_0000084947,1,0.979622,1
T_0000084953,1,0.988610,1
T_0000084980,1,0.826535,1
T_0000084995,1,0.990401,1
T_0000085014,0,0.070489,0
T_0000085043,1,0.996584,1
T_0000085063,0,0.014684,0
T_0000085125,0,0.031485,0
T_0000085135,0,0.007318,0
T_0000085154,1,0.983621,1
T_0000085157,1,0.995607,1
T_0000085182,1,0.073195,0
T_0000085218,1,0.989196,1
T_0000085243,1,0.995003,1
T_0000085276,0,0.017792,0
T_0000085279,1,0.974222,1
T_0000085284,1,0.995391,1
T_0000085312,1,0.994812,1
T_0000085353,0,0.007562,0
T_0000085373,0,0.056161,0
T_0000085387,0,0.047631,0
T_0000085393,0,0.027058,0
T_0000085394,1,0.987810,1
T_0000085405,1,0.997499,1
T_0000085414,1,0.988485,1
T_0000085424,1,0.989685,1
T_0000085440,1,0.979055,1
T_0000085449,1,0.974623,1
T_0000085462,0,0.010465,0
T_0000085464,0,0.049974,0
T_0000085467,1,0.808686,1
T_0000085475,1,0.986026,1
T_0000085524,1,0.507681,1
T_0000085546,0,0.028136,0
T_0000085552,1,0.996018,1
T_0000085608,1,0.994856,1
T_0000085613,1,0.997178,1
T_0000085668,1,0.958238,1
T_0000085689,1,0.984762,1
T_0000085703,0,0.084879,0
T_0000085740,1,0.265466,1
T_0000085742,0,0.057396,0
T_0000085750,1,0.350123,1
T_0000085777,1,0.983830,1
T_0000085783,0,0.012157,0
T_0000085802,0,0.053844,0
T_0000085805,1,0.989677,1
T_0000085822,0,0.076868,0
T_0000085823,1,0.793465,1
T_0000085843,1,0.990001,1
T_0000085858,0,0.046424,0
T_0000085891,0,0.022052,0
T_0000085897,1,0.998858,1
T_0000085902,0,0.004612,0
T_0000085930,0,0.018209,0
T_0000085934,1,0.523181,1
T_0000085941,1,0.985775,1
T_0000085954,1,0.806132,1
T_0000085982,0,0.130866,0
T_0000086074,1,0.686009,1
T_0000086075,0,0.072447,0
T_0000086076,1,0.994583,1
T_0000086083,0,0.028556,0
T_0000086098,0,0.018689,0
T_0000086124,1,0.977708,1
T_0000086153,0,0.017172,0
T_0000086170,0,0.035457,0
T_0000086178,1,0.990668,1
T_0000086182,0,0.026885,0
T_0000086205,0,0.033538,0
T_0000086209,0,0.027111,0
T_0000086224,0,0.005499,0
T_0000086233,0,0.000705,0
T_0000086234,0,0.014536,0
T_0000086238,0,0.041528,0
T_0000086267,0,0.700736,1
T_0000086327,0,0.007875,0
T_0000086335,0,0.050109,0
T_0000086357,1,0.993523,1
T_0000086375,1,0.978337,1
T_0000086379,1,0.985595,1
T_0000086383,0,0.054096,0
T_0000086413,1,0.991162,1
T_0000086420,1,0.997367,1
T_0000086466,0,0.053075,0
T_0000086477,1,0.128153,0
T_0000086510,1,0.982684,1
T_0000086538,1,0.155312,0
T_0000086564,1,0.114185,0
T_0000086582,1,0.986543,1
T_0000086589,1,0.961892,1
T_0000086590,1,0.990609,1
T_0000086602,1,0.993449,1
T_0000086626,1,0.994815,1
T_0000086662,1,0.997495,1
T_0000086668,1,0.920817,1
T_0000086697,1,0.995824,1
T_0000086742,1,0.992610,1
T_0000086748,0,0.001376,0
T_0000086753,1,0.984082,1
T_0000086775,1,0.914266,1
T_0000086833,1,0.952333,1
T_0000086848,1,0.994715,1
T_0000086849,1,0.984173,1
T_0000086854,1,0.062795,0
T_0000086878,1,0.988233,1
T_0000086888,0,0.018323,0
T_0000086908,0,0.023835,0
T_0000086912,1,0.946416,1
T_0000086920,0,0.023958,0
T_0000086941,1,0.973619,1
T_0000086943,1,0.983078,1
T_0000086964,1,0.995750,1
T_0000086984,1,0.994457,1
T_0000086985,1,0.995044,1
T_0000087033,1,0.987656,1
T_0000087162,1,0.987491,1
T_0000087181,0,0.019842,0
T_0000087332,1,0.799932,1
T_0000087359,1,0.990073,1
T_0000087378,1,0.994132,1
T_0000087396,1,0.999941,1
T_0000087438,1,0.988888,1
T_0000087454,1,0.988112,1
T_0000087513,1,0.994675,1
T_0000087532,0,0.036805,0
T_0000087539,1,0.999832,1
T_0000087559,0,0.035893,0
T_0000087576,1,0.984663,1
T_0000087585,1,0.312970,1
T_0000087590,1,0.141332,0
T_0000087620,1,0.975049,1
T_0000087643,1,0.803731,1
T_0000087663,0,0.011184,0
T_0000087670,1,0.039414,0
T_0000087694,1,0.976761,1
T_0000087716,1,0.964893,1
T_0000087742,1,0.367248,1
T_0000087752,1,0.964275,1
T_0000087782,1,0.036552,0
T_0000087798,1,0.992193,1
T_0000087832,1,0.993011,1
T_0000087847,1,0.983037,1
T_0000087862,1,0.978075,1
T_0000087907,1,0.185925,1
T_0000087910,0,0.008581,0
T_0000087932,1,0.115252,0
T_0000087937,0,0.056433,0
T_0000087939,1,0.999940,1
T_0000087983,1,0.946382,1
T_0000087989,1,0.977154,1
T_0000087990,1,0.939787,1
T_0000088008,1,0.994447,1
T_0000088012,1,0.117439,0
T_0000088013,0,0.039046,0
T_0000088032,1,0.991176,1
T_0000088051,0,0.027824,0
T_0000088095,1,0.994697,1
T_0000088097,0,0.049776,0
T_0000088173,1,0.994729,1
T_0000088175,1,0.813402,1
T_0000088181,1,0.979587,1
T_0000088186,0,0.124397,0
T_0000088246,1,0.993062,1
T_0000088271,0,0.113302,0
T_0000088287,1,0.993729,1
T_0000088289,1,0.989126,1
T_0000088322,0,0.017615,0
T_0000088325,1,0.996126,1
T_0000088333,1,0.989647,1
T_0000088371,1,0.627123,1
T_0000088385,0,0.013598,0
T_0000088395,1,0.036575,0
T_0000088415,1,0.986506,1
T_0000088418,1,0.976942,1
T_0000088429,0,0.024699,0
T_0000088436,0,0.029847,0
T_0000088444,1,0.975706,1
T_0000088498,1,0.988061,1
T_0000088508,1,0.114736,0
T_0000088514,1,0.985789,1
T_0000088525,1,0.996323,1
T_0000088530,1,0.980438,1
T_0000088555,0,0.013476,0
T_0000088611,1,0.991935,1
T_0000088616,0,0.028355,0
T_0000088618,0,0.055243,0
T_0000088646,1,0.989455,1
T_0000088674,0,0.093679,0
T_0000088741,1,0.342822,1
T_0000088771,1,0.975669,1
T_0000088794,0,0.043013,0
T_0000088820,0,0.020156,0
T_0000088822,1,0.412095,1
T_0000088828,1,0.992583,1
T_0000088847,1,0.068870,0
T_0000088848,1,0.133519,0
T_0000088861,1,0.955362,1
T_0000088901,1,0.032021,0
T_0000088914,1,0.874339,1
T_0000088928,1,0.992329,1
T_0000088932,1,0.928722,1
T_0000088977,1,0.999764,1
T_0000088979,1,0.983428,1
T_0000088998,1,0.988427,1
T_0000089041,1,0.134003,0
T_0000089062,1,0.991365,1
T_0000089094,1,0.979377,1
T_0000089102,0,0.012415,0
T_0000089143,0,0.011995,0
T_0000089180,1,0.994519,1
T_0000089227,0,0.068744,0
T_0000089243,1,0.992531,1
T_0000089323,0,0.011253,0
T_0000089352,0,0.060261,0
T_0000089376,0,0.073590,0
T_0000089378,0,0.013909,0
T_0000089384,1,0.675696,1
T_0000089387,1,0.898722,1
T_0000089399,1,0.258259,1
T_0000089437,0,0.033510,0
T_0000089443,1,0.975073,1
T_0000089473,1,0.145106,0
T_0000089524,1,0.988401,1
T_0000089541,0,0.033666,0
T_0000089552,0,0.011943,0
T_0000089576,1,0.423637,1
T_0000089649,0,0.171891,0
T_0000089653,0,0.043979,0
T_0000089678,1,0.364919,1
T_0000089710,0,0.009859,0
T_0000089720,1,0.991776,1
T_0000089722,1,0.300385,1
T_0000089728,1,0.988122,1
T_0000089731,1,0.994794,1
T_0000089755,1,0.997179,1
T_0000089783,1,0.184246,1
T_0000089845,1,0.992544,1
T_0000089847,1,0.707280,1
T_0000089864,1,0.991159,1
T_0000089890,1,0.989067,1
T_0000089891,0,0.029506,0
T_0000089918,1,0.845870,1
T_0000089928,1,0.192548,1
T_0000089981,1,0.979894,1
T_0000090000,1,0.112249,0
T_0000090014,1,0.982593,1
T_0000090031,1,0.991188,1
T_0000090054,1,0.972436,1
T_0000090064,1,0.101584,0
T_0000090109,1,0.995386,1
T_0000090142,1,0.993329,1
T_0000090154,0,0.019423,0
T_0000090183,1,0.970098,1
T_0000090192,1,0.987999,1
T_0000090212,1,0.984042,1
T_0000090222,0,0.021895,0
T_0000090238,1,0.995580,1
T_0000090253,1,0.965623,1
T_0000090267,1,0.993659,1
T_0000090273,0,0.597818,1
T_0000090275,1,0.991942,1
T_0000090286,0,0.042243,0
T_0000090335,1,0.973305,1
T_0000090353,1,0.989026,1
T_0000090416,0,0.034870,0
T_0000090425,1,0.993272,1
T_0000090448,1,0.977566,1
T_0000090454,1,0.591734,1
T_0000090477,1,0.071426,0
T_0000090506,0,0.041252,0
T_0000090518,0,0.021829,0
T_0000090533,1,0.976370,1
T_0000090595,1,0.101448,0
T_0000090602,0,0.035948,0
T_0000090605,1,0.995943,1
T_0000090606,0,0.018239,0
T_0000090626,0,0.014452,0
T_0000090632,0,0.064762,0
T_0000090647,0,0.028448,0
T_0000090698,1,0.980463,1
T_0000090720,1,0.732460,1
T_0000090724,1,0.981661,1
T_0000090727,1,0.984254,1
T_0000090751,0,0.029050,0
T_0000090846,0,0.889085,1
T_0000090883,1,0.981683,1
T_0000090913,1,0.274728,1
T_0000090962,1,0.988061,1
T_0000090975,0,0.049260,0
T_0000091027,0,0.180449,1
T_0000091049,0,0.093129,0
T_0000091058,1,0.977805,1
T_0000091096,0,0.081111,0
T_0000091097,0,0.030436,0
T_0000091098,1,0.940363,1
T_0000091100,1,0.965196,1
T_0000091143,1,0.956490,1
T_0000091149,0,0.046994,0
T_0000091188,1,0.979663,1
T_0000091215,1,0.974288,1
T_0000091222,1,0.151327,0
T_0000091230,0,0.031570,0
T_0000091241,0,0.034642,0
T_0000091270,1,0.091156,0
T_0000091277,1,0.994495,1
T_0000091291,1,0.968795,1
T_0000091304,1,0.968674,1
T_0000091374,0,0.025161,0
T_0000091386,1,0.975980,1
T_0000091389,1,0.676773,1
T_0000091402,1,0.976789,1
T_0000091412,1,0.990040,1
T_0000091425,0,0.012725,0
T_0000091429,0,0.012885,0
T_0000091513,1,0.986871,1
T_0000091617,1,0.986572,1
T_0000091635,1,0.968045,1
T_0000091645,1,0.990353,1
T_0000091646,1,0.995565,1
T_0000091661,0,0.026692,0
T_0000091665,1,0.991989,1
T_0000091673,1,0.995917,1
T_0000091695,1,0.156205,0
T_0000091708,1,0.987549,1
T_0000091741,1,0.997665,1
T_0000091756,0,0.036063,0
T_0000091773,1,0.993006,1
T_0000091821,1,0.991052,1
T_0000091848,1,0.985914,1
T_0000091897,1,0.989716,1
T_0000091898,1,0.987348,1
T_0000091921,1,0.972341,1
T_0000091934,1,0.991428,1
T_0000092006,1,0.989113,1
T_0000092082,1,0.981679,1
T_0000092083,1,0.020095,0
T_0000092114,1,0.983960,1
T_0000092115,0,0.027908,0
T_0000092134,0,0.043068,0
T_0000092142,1,0.977880,1
T_0000092176,0,0.033877,0
T_0000092178,0,0.043665,0
T_0000092179,1,0.180720,1
T_0000092181,0,0.010533,0
T_0000092183,1,0.994088,1
T_0000092191,1,0.986388,1
T_0000092198,1,0.986616,1
T_0000092199,0,0.083091,0
T_0000092213,1,0.992258,1
T_0000092233,0,0.009967,0
T_0000092235,1,0.845841,1
T_0000092239,1,0.990032,1
T_0000092251,0,0.097526,0
T_0000092300,1,0.977694,1
T_0000092323,1,0.596268,1
T_0000092326,1,0.992146,1
T_0000092373,1,0.933489,1
T_0000092400,0,0.796397,1
T_0000092411,1,0.977702,1
T_0000092421,0,0.006517,0
T_0000092453,1,0.983823,1
T_0000092460,1,0.988513,1
T_0000092471,0,0.042408,0
T_0000092472,1,0.989840,1
T_0000092539,0,0.009028,0
T_0000092548,1,0.976425,1
T_0000092591,1,0.562547,1
T_0000092595,0,0.106219,0
T_0000092598,1,0.998175,1
T_0000092600,1,0.072542,0
T_0000092652,0,0.029492,0
T_0000092655,1,0.992067,1
T_0000092677,1,0.995057,1
T_0000092728,1,0.949936,1
T_0000092735,0,0.025262,0
T_0000092835,0,0.030356,0
T_0000092841,1,0.981761,1
T_0000092857,1,0.992753,1
T_0000092871,1,0.997004,1
T_0000092886,1,0.994814,1
T_0000092887,0,0.022909,0
T_0000092897,1,0.986274,1
T_0000092905,1,0.953110,1
T_0000092906,1,0.991809,1
T_0000092927,0,0.014843,0
T_0000092930,0,0.055601,0
T_0000092940,1,0.241036,1
T_0000092945,1,0.077640,0
T_0000092992,1,0.992800,1
T_0000093022,1,0.992660,1
T_0000093047,1,0.933264,1
T_0000093069,1,0.987330,1
T_0000093092,1,0.987620,1
T_0000093113,1,0.996751,1
T_0000093128,1,0.300619,1
T_0000093168,1,0.969278,1
T_0000093170,1,0.019185,0
T_0000093178,1,0.998553,1
T_0000093207,1,0.981062,1
T_0000093279,1,0.171170,0
T_0000093298,1,0.951705,1
T_0000093333,0,0.024409,0
T_0000093348,0,0.032644,0
T_0000093358,1,0.990387,1
T_0000093373,1,0.618549,1
T_0000093465,1,0.995416,1
T_0000093478,1,0.297396,1
T_0000093480,0,0.030761,0
T_0000093481,0,0.002590,0
T_0000093498,0,0.022281,0
T_0000093505,1,0.982661,1
T_0000093527,0,0.064200,0
T_0000093539,1,0.999995,1
T_0000093573,0,0.039081,0
T_0000093614,0,0.030481,0
T_0000093627,1,0.195621,1
T_0000093636,1,0.982417,1
T_0000093644,1,0.994123,1
T_0000093678,1,0.992522,1
T_0000093679,1,0.979173,1
T_0000093706,1,0.994244,1
T_0000093707,1,0.955081,1
T_0000093712,0,0.022629,0
T_0000093780,1,0.993380,1
T_0000093825,1,0.981163,1
T_0000093828,1,0.965440,1
T_0000093835,1,0.991784,1
T_0000093854,1,1.000000,1
T_0000093855,1,0.986437,1
T_0000093898,1,0.101353,0
T_0000093906,1,0.994440,1
T_0000093919,1,0.094247,0
T_0000093962,0,0.025237,0
T_0000094010,1,0.988025,1
T_0000094033,1,0.988994,1
T_0000094038,1,0.990083,1
T_0000094042,1,0.089515,0
T_0000094046,0,0.004549,0
T_0000094061,1,0.985868,1
T_0000094064,1,0.962670,1
T_0000094087,0,0.020067,0
T_0000094104,0,0.008341,0
T_0000094114,1,0.990489,1
T_0000094128,0,0.007360,0
T_0000094130,1,0.899140,1
T_0000094180,1,0.991761,1
T_0000094194,1,0.988199,1
T_0000094203,0,0.040132,0
T_0000094222,1,0.972992,1
T_0000094274,1,0.987826,1
T_0000094284,1,0.986213,1
T_0000094296,0,0.049783,0
T_0000094303,1,0.994238,1
T_0000094347,1,1.000000,1
T_0000094348,1,0.947692,1
T_0000094357,1,0.995479,1
T_0000094359,0,0.105995,0
T_0000094390,1,0.952592,1
T_0000094437,1,0.877080,1
T_0000094453,1,0.980100,1
T_0000094468,1,0.988165,1
T_0000094474,1,0.991413,1
T_0000094475,0,0.026291,0
T_0000094478,1,0.996709,1
T_0000094485,1,0.992030,1
T_0000094532,0,0.024817,0
T_0000094541,1,0.999105,1
T_0000094590,1,0.991426,1
T_0000094680,1,0.996562,1
T_0000094688,1,0.462045,1
T_0000094696,0,0.020176,0
T_0000094701,1,0.757495,1
T_0000094722,1,0.993562,1
T_0000094762,0,0.034092,0
T_0000094783,1,0.981670,1
T_0000094818,1,0.961513,1
T_0000094862,1,0.961849,1
T_0000094897,1,0.102662,0
T_0000094909,1,0.991835,1
T_0000094916,1,0.109807,0
T_0000094920,0,0.145458,0
T_0000094929,1,0.994647,1
T_0000094959,1,0.865984,1
T_0000094975,1,0.647047,1
T_0000095011,1,0.991085,1
T_0000095029,0,0.025606,0
T_0000095034,0,0.030755,0
T_0000095052,1,0.989186,1
T_0000095058,0,0.090633,0
T_0000095109,1,0.985826,1
T_0000095141,0,0.064451,0
T_0000095186,1,0.026036,0
T_0000095187,0,0.018461,0
T_0000095201,0,0.021506,0
T_0000095203,0,0.037676,0
T_0000095206,1,0.992257,1
T_0000095214,1,0.985822,1
T_0000095231,0,0.169322,0
T_0000095239,1,0.990286,1
T_0000095263,0,0.003680,0
T_0000095279,0,0.042352,0
T_0000095288,1,0.970772,1
T_0000095309,1,0.990968,1
T_0000095312,1,0.992413,1
T_0000095325,1,0.994982,1
T_0000095343,1,0.985516,1
T_0000095360,0,0.049050,0
T_0000095380,1,0.987283,1
T_0000095399,1,0.995717,1
T_0000095438,0,0.039506,0
T_0000095499,1,0.999745,1
T_0000095538,0,0.023888,0
T_0000095539,0,0.027205,0
T_0000095555,0,0.023258,0
T_0000095580,1,0.977558,1
T_0000095592,1,0.972275,1
T_0000095669,0,0.007491,0
T_0000095682,1,0.980840,1
T_0000095684,1,0.167724,0
T_0000095703,1,0.997266,1
T_0000095730,1,0.953430,1
T_0000095752,0,0.049457,0
T_0000095772,0,0.034537,0
T_0000095785,1,0.986597,1
T_0000095831,1,0.987124,1
T_0000095855,0,0.044484,0
T_0000095862,0,0.013999,0
T_0000095863,1,0.993163,1
T_0000095877,1,0.958868,1
T_0000095914,1,0.978688,1
T_0000095923,1,0.214538,1
T_0000095951,1,0.944286,1
T_0000095966,1,0.933455,1
T_0000095975,1,0.989744,1
T_0000095991,0,0.007276,0
T_0000096000,1,0.991912,1
T_0000096012,1,0.966100,1
T_0000096069,1,0.985825,1
T_0000096074,0,0.031354,0
T_0000096076,0,0.041727,0
T_0000096105,1,0.997151,1
T_0000096148,1,0.995861,1
T_0000096201,0,0.002917,0
T_0000096213,0,0.018274,0
T_0000096285,1,0.996126,1
T_0000096299,1,0.969633,1
T_0000096360,1,0.995009,1
T_0000096363,0,0.033879,0
T_0000096365,1,0.988417,1
T_0000096367,0,0.012535,0
T_0000096379,1,0.993490,1
T_0000096380,0,0.127505,0
T_0000096397,0,0.009508,0
T_0000096408,0,0.014266,0
T_0000096422,1,0.994458,1
T_0000096426,0,0.048141,0
T_0000096473,0,0.019077,0
T_0000096484,0,0.013518,0
T_0000096517,1,0.995784,1
T_0000096519,1,0.987083,1
T_0000096543,1,0.991534,1
T_0000096548,0,0.066229,0
T_0000096556,0,0.043053,0
T_0000096578,0,0.100906,0
T_0000096584,0,0.018369,0
T_0000096632,0,0.046236,0
T_0000096673,1,0.992081,1
T_0000096728,0,0.029340,0
T_0000096772,1,0.219165,1
T_0000096792,0,0.952756,1
T_0000096803,1,0.996745,1
T_0000096819,1,0.992232,1
T_0000096823,1,1.000000,1
T_0000096840,0,0.034760,0
T_0000096851,0,0.061158,0
T_0000096852,0,0.020540,0
T_0000096854,0,0.090695,0
T_0000096876,1,0.990928,1
T_0000096903,1,0.993014,1
T_0000096925,0,0.049576,0
T_0000096932,1,0.997865,1
T_0000096952,0,0.013520,0
T_0000096978,1,0.991800,1
T_0000096983,1,0.990569,1
T_0000096985,0,0.013985,0
T_0000097021,1,0.915342,1
T_0000097078,0,0.042200,0
T_0000097083,0,0.038308,0
T_0000097086,0,0.016479,0
T_0000097096,1,0.999617,1
T_0000097121,1,0.984599,1
T_0000097130,0,0.024381,0
T_0000097144,1,0.995861,1
T_0000097188,0,0.024448,0
T_0000097301,0,0.027467,0
T_0000097330,1,0.995422,1
T_0000097331,0,0.068939,0
T_0000097344,1,0.985972,1
T_0000097360,1,0.203943,1
T_0000097362,1,0.040131,0
T_0000097376,1,0.973553,1
T_0000097385,1,0.993008,1
T_0000097397,1,0.999864,1
T_0000097413,0,0.012373,0
T_0000097444,1,0.988651,1
T_0000097466,1,0.991413,1
T_0000097473,1,0.298695,1
T_0000097491,0,0.021405,0
T_0000097503,1,0.992661,1
T_0000097531,1,0.373713,1
T_0000097536,0,0.018938,0
T_0000097543,1,0.923679,1
T_0000097552,1,0.989772,1
T_0000097569,0,0.066141,0
T_0000097571,1,0.992617,1
T_0000097625,0,0.165536,0
T_0000097651,0,0.017359,0
T_0000097680,1,0.987374,1
T_0000097708,1,0.995278,1
T_0000097778,0,0.077535,0
T_0000097824,1,0.994565,1
T_0000097834,1,0.989264,1
T_0000097880,1,0.880981,1
T_0000097962,1,0.981421,1
T_0000098019,1,0.989510,1
T_0000098027,1,0.994337,1
T_0000098028,1,0.990367,1
T_0000098034,1,0.993001,1
T_0000098066,0,0.199804,1
T_0000098088,1,0.994846,1
T_0000098091,1,0.986455,1
T_0000098100,0,0.003397,0
T_0000098118,1,0.996998,1
T_0000098183,1,0.994856,1
T_0000098185,1,0.926777,1
T_0000098193,1,0.987396,1
T_0000098209,1,0.988266,1
T_0000098254,1,0.945912,1
T_0000098266,1,0.111638,0
T_0000098272,1,0.995384,1
T_0000098312,1,0.981369,1
T_0000098313,1,0.983819,1
T_0000098321,0,0.018594,0
T_0000098348,0,0.030156,0
T_0000098349,1,0.996091,1
T_0000098353,0,0.001871,0
T_0000098356,0,0.038899,0
T_0000098358,1,0.935625,1
T_0000098362,1,0.994126,1
T_0000098370,0,0.047080,0
T_0000098385,0,0.062971,0
T_0000098426,1,0.984483,1
T_0000098482,0,0.004598,0
T_0000098526,1,0.993518,1
T_0000098552,1,0.996176,1
T_0000098578,0,0.022981,0
T_0000098616,1,0.994530,1
T_0000098631,1,0.942607,1
T_0000098636,1,0.090299,0
T_0000098683,0,0.037113,0
T_0000098700,0,0.014558,0
T_0000098701,1,0.993055,1
T_0000098726,1,0.991750,1
T_0000098735,1,0.250170,1
T_0000098742,0,0.019572,0
T_0000098796,1,0.956398,1
T_0000098834,0,0.019516,0
T_0000098849,1,0.937617,1
T_0000098885,1,0.986414,1
T_0000098889,1,0.126759,0
T_0000098918,0,0.017241,0
T_0000098932,1,0.419399,1
T_0000099005,0,0.030508,0
T_0000099012,1,0.986505,1
T_0000099044,1,0.121002,0
T_0000099094,0,0.027832,0
T_0000099100,1,0.678169,1
T_0000099104,0,0.031267,0
T_0000099170,1,0.976609,1
T_0000099209,0,0.006472,0
T_0000099245,1,0.995027,1
T_0000099302,1,0.971532,1
T_0000099322,1,0.989426,1
T_0000099323,1,0.993571,1
T_0000099341,1,0.986704,1
T_0000099353,1,0.986950,1
T_0000099356,1,0.996376,1
T_0000099380,1,0.962725,1
T_0000099410,1,0.991136,1
T_0000099446,0,0.029499,0
T_0000099454,1,0.983637,1
T_0000099459,0,0.001871,0
T_0000099500,0,0.014372,0
T_0000099502,1,0.993128,1
T_0000099519,1,0.931218,1
T_0000099546,0,0.009666,0
T_0000099568,1,0.973494,1
T_0000099573,1,0.987986,1
T_0000099577,0,0.208536,1
T_0000099617,1,0.991229,1
T_0000099618,1,0.958310,1
T_0000099629,0,0.034296,0
T_0000099725,0,0.014216,0
T_0000099731,1,0.984209,1
T_0000099743,0,0.062766,0
T_0000099782,1,0.061296,0
T_0000099828,1,0.992277,1
T_0000099834,1,0.967438,1
T_0000099840,0,0.012300,0
T_0000099866,1,0.995865,1
T_0000099911,1,0.988313,1
T_0000099913,0,0.013903,0
T_0000099921,0,0.037908,0
T_0000099941,1,0.993941,1
T_0000099954,1,0.999915,1
T_0000099968,0,0.043107,0
T_0000100040,1,0.983627,1
T_0000100062,1,0.980636,1
T_0000100064,1,0.990342,1
T_0000100085,0,0.010855,0
T_0000100087,0,0.045688,0
T_0000100096,1,0.967971,1
T_0000100101,1,0.121352,0
T_0000100102,1,0.980598,1
T_0000100107,1,0.987015,1
T_0000100114,0,0.360151,1
T_0000100124,0,0.002940,0
T_0000100149,0,0.008067,0
T_0000100157,1,0.994623,1
T_0000100161,0,0.008966,0
T_0000100162,1,0.959035,1
T_0000100232,1,0.894209,1
T_0000100235,1,0.900222,1
T_0000100293,0,0.012957,0
T_0000100340,0,0.043046,0
T_0000100349,1,0.985427,1
T_0000100367,1,0.981686,1
T_0000100425,0,0.139102,0
T_0000100433,0,0.014813,0
T_0000100438,1,0.989650,1
T_0000100452,1,0.987653,1
T_0000100456,1,0.945366,1
T_0000100483,1,0.962013,1
T_0000100515,1,0.117520,0
T_0000100516,0,0.032208,0
T_0000100521,1,0.046441,0
T_0000100593,0,0.093105,0
T_0000100596,1,0.990208,1
T_0000100602,1,0.980417,1
T_0000100610,0,0.046525,0
T_0000100654,1,0.978273,1
T_0000100672,1,0.996260,1
T_0000100700,0,0.008924,0
T_0000100710,0,0.009331,0
T_0000100712,1,0.993613,1
T_0000100762,0,0.011499,0
T_0000100824,0,0.004301,0
T_0000100830,1,0.645689,1
T_0000100839,1,0.981048,1
T_0000100872,1,0.987764,1
T_0000100891,0,0.026344,0
T_0000100927,0,0.070106,0
T_0000100932,1,0.861375,1
T_0000100943,1,0.143420,0
T_0000100970,1,0.986861,1
T_0000100983,1,0.982565,1
T_0000101000,1,0.988585,1
T_0000101036,1,0.021013,0
T_0000101052,1,0.977237,1
T_0000101063,1,0.989876,1
T_0000101068,1,0.986233,1
T_0000101083,1,0.990554,1
T_0000101146,1,0.128052,0
T_0000101164,1,0.992802,1
T_0000101195,0,0.015984,0
T_0000101219,0,0.057652,0
T_0000101229,1,0.986749,1
T_0000101255,1,0.972767,1
T_0000101273,0,0.038858,0
T_0000101278,1,0.993113,1
T_0000101285,1,0.997244,1
T_0000101305,1,0.061902,0
T_0000101354,0,0.021745,0
T_0000101358,1,0.967705,1
T_0000101360,0,0.022484,0
T_0000101367,1,0.991528,1
T_0000101398,1,0.995551,1
T_0000101416,1,0.987963,1
T_0000101421,1,0.989015,1
T_0000101453,0,0.065608,0
T_0000101493,0,0.010632,0
T_0000101496,1,0.993267,1
T_0000101559,1,0.755239,1
T_0000101591,0,0.299131,1
T_0000101647,1,0.976252,1
T_0000101654,1,0.989160,1
T_0000101699,0,0.012390,0
T_0000101703,1,0.981965,1
T_0000101710,1,0.988022,1
T_0000101742,1,0.922320,1
T_0000101745,1,0.976528,1
T_0000101747,0,0.058137,0
T_0000101751,1,0.931396,1
T_0000101762,0,0.003963,0
T_0000101783,1,0.979925,1
T_0000101803,0,0.166566,0
T_0000101826,1,0.990230,1
T_0000101847,0,0.018794,0
T_0000101879,1,0.992486,1
T_0000101913,0,0.037982,0
T_0000101921,1,0.982469,1
T_0000101924,0,0.010280,0
T_0000101932,1,0.172835,0
T_0000102000,1,0.989498,1
T_0000102009,0,0.011395,0
T_0000102052,1,0.989004,1
T_0000102077,1,0.999923,1
T_0000102084,0,0.008367,0
T_0000102086,1,0.985446,1
T_0000102141,1,0.287866,1
T_0000102190,0,0.025959,0
T_0000102223,1,0.132395,0
T_0000102242,1,0.943362,1
T_0000102276,1,0.993370,1
T_0000102293,1,0.101755,0
T_0000102306,1,0.993217,1
T_0000102352,1,0.996733,1
T_0000102399,1,0.991288,1
T_0000102430,1,0.045816,0
T_0000102462,1,0.994263,1
T_0000102466,1,0.989076,1
T_0000102478,1,0.993525,1
T_0000102520,1,0.979256,1
T_0000102554,1,0.973643,1
T_0000102594,1,0.992755,1
T_0000102608,1,0.977541,1
T_0000102689,0,0.039320,0
T_0000102696,1,0.174130,0
T_0000102733,0,0.005618,0
T_0000102734,1,0.820850,1
T_0000102754,0,0.038446,0
T_0000102793,1,0.842884,1
T_0000102809,0,0.041127,0
T_0000102820,1,0.043830,0
T_0000102845,1,0.992604,1
T_0000102867,1,0.932176,1
T_0000102872,0,0.098717,0
T_0000102874,1,0.770697,1
T_0000102888,1,0.994189,1
T_0000102934,1,0.171048,0
T_0000103010,1,0.089588,0
T_0000103015,1,0.328476,1
T_0000103050,1,0.980981,1
T_0000103073,1,0.038055,0
T_0000103085,1,0.090050,0
T_0000103094,1,0.989146,1
T_0000103151,1,0.981173,1
T_0000103157,1,0.980886,1
T_0000103217,1,0.996109,1
T_0000103236,0,0.005057,0
T_0000103249,1,0.993145,1
T_0000103286,1,0.161403,0
T_0000103371,0,0.022408,0
T_0000103374,0,0.031437,0
T_0000103380,0,0.023287,0
T_0000103411,0,0.003960,0
T_0000103416,1,0.991638,1
T_0000103436,0,0.046423,0
T_0000103453,1,0.991064,1
T_0000103465,1,0.844015,1
T_0000103535,1,0.991437,1
T_0000103554,1,0.905853,1
T_0000103560,1,0.344013,1
T_0000103589,0,0.065901,0
T_0000103595,0,0.056931,0
T_0000103628,1,0.950643,1
T_0000103644,1,0.985229,1
T_0000103657,0,0.013445,0
T_0000103669,1,0.977308,1
T_0000103708,0,0.025566,0
T_0000103749,1,0.985561,1
T_0000103767,0,0.010954,0
T_0000103773,1,0.981117,1
T_0000103801,1,0.992431,1
T_0000103830,0,0.048720,0
T_0000103880,1,0.964468,1
T_0000103902,1,0.993464,1
T_0000103951,1,0.994224,1
T_0000103964,1,0.989042,1
T_0000103971,1,0.987358,1
T_0000103983,1,0.231141,1
T_0000104037,1,0.989011,1
T_0000104051,0,0.032855,0
T_0000104059,1,0.989134,1
T_0000104089,1,0.993415,1
T_0000104159,1,0.998669,1
T_0000104160,0,0.047480,0
T_0000104263,1,0.989441,1
T_0000104266,0,0.037023,0
T_0000104267,0,0.020642,0
T_0000104288,0,0.030655,0
T_0000104289,0,0.053400,0
T_0000104297,0,0.027619,0
T_0000104299,1,0.982907,1
T_0000104312,1,0.977514,1
T_0000104332,1,0.992034,1
T_0000104339,1,0.994397,1
T_0000104341,0,0.027211,0
T_0000104342,0,0.016243,0
T_0000104366,0,0.018876,0
T_0000104423,1,0.980309,1
T_0000104455,1,0.969338,1
T_0000104466,0,0.033902,0
T_0000104473,1,0.716922,1
T_0000104478,0,0.017386,0
T_0000104482,1,0.991569,1
T_0000104508,0,0.015040,0
T_0000104533,1,0.990727,1
T_0000104535,1,0.175182,0
T_0000104538,1,0.992875,1
T_0000104563,1,0.984775,1
T_0000104569,1,0.992052,1
T_0000104572,1,0.997608,1
T_0000104588,1,0.857503,1
T_0000104593,0,0.044460,0
T_0000104595,1,0.992228,1
T_0000104740,1,0.993083,1
T_0000104765,1,0.999950,1
T_0000104785,0,0.127489,0
T_0000104852,0,0.016470,0
T_0000104853,0,0.006184,0
T_0000104869,1,0.970666,1
T_0000104909,1,0.987189,1
T_0000104926,0,0.056788,0
T_0000104951,1,0.045209,0
T_0000104963,0,0.087678,0
T_0000104967,1,0.974758,1
T_0000104980,1,0.990470,1
T_0000104985,0,0.013513,0
T_0000104993,0,0.009508,0
T_0000105018,1,0.992734,1
T_0000105025,0,0.014138,0
T_0000105032,1,0.983016,1
T_0000105033,1,0.989987,1
T_0000105035,1,0.980578,1
T_0000105065,1,0.993942,1
T_0000105067,1,0.979619,1
T_0000105088,1,0.977448,1
T_0000105124,1,0.969188,1
T_0000105144,1,0.980233,1
T_0000105157,0,0.039801,0
T_0000105178,1,0.987462,1
T_0000105197,0,0.618195,1
T_0000105239,1,0.989188,1
T_0000105243,1,0.999980,1
T_0000105249,0,0.025985,0
T_0000105250,1,0.994517,1
T_0000105258,1,0.325540,1
T_0000105266,0,0.980899,1
T_0000105268,1,0.990217,1
T_0000105274,0,0.236407,1
T_0000105277,1,0.994258,1
T_0000105311,1,0.993248,1
T_0000105364,1,0.944563,1
T_0000105427,0,0.080409,0
T_0000105506,1,0.273409,1
T_0000105509,1,0.984546,1
T_0000105548,0,0.009400,0
T_0000105558,1,0.992113,1
T_0000105584,0,0.013018,0
T_0000105661,1,0.992467,1
T_0000105692,1,0.998920,1
T_0000105701,1,0.986162,1
T_0000105705,1,0.967042,1
T_0000105713,0,0.024269,0
T_0000105735,1,0.994864,1
T_0000105755,1,0.994277,1
T_0000105757,0,0.053789,0
T_0000105768,1,0.995632,1
T_0000105782,1,0.994833,1
T_0000105790,1,0.994950,1
T_0000105818,0,0.017693,0
T_0000105901,1,0.996092,1
T_0000105911,0,0.007662,0
T_0000105914,1,0.986680,1
T_0000105929,1,0.987583,1
T_0000105931,1,0.996227,1
T_0000105932,1,0.992374,1
T_0000105939,1,0.992982,1
T_0000105994,1,0.992245,1
T_0000106020,0,0.033038,0
T_0000106052,1,0.991416,1
T_0000106075,1,0.960012,1
T_0000106096,1,0.989139,1
T_0000106133,1,0.993257,1
T_0000106149,0,0.017860,0
T_0000106197,1,0.992136,1
T_0000106200,0,0.075264,0
T_0000106215,1,0.991421,1
T_0000106218,1,0.990156,1
T_0000106229,1,0.993119,1
T_0000106231,1,0.206284,1
T_0000106234,0,0.005302,0
T_0000106238,0,0.028087,0
T_0000106276,1,0.986108,1
T_0000106288,1,0.985684,1
T_0000106328,1,0.993209,1
T_0000106330,0,0.012822,0
T_0000106336,0,0.034384,0
T_0000106341,1,0.979648,1
T_0000106360,1,0.985907,1
T_0000106373,0,0.028015,0
T_0000106376,1,0.949537,1
T_0000106378,1,0.996540,1
T_0000106380,0,0.014090,0
T_0000106384,1,0.992064,1
T_0000106400,1,0.996342,1
T_0000106402,0,0.012662,0
T_0000106426,1,0.925762,1
T_0000106432,1,0.981221,1
T_0000106446,1,0.905631,1
T_0000106509,1,0.988250,1
T_0000106534,1,0.186645,1
T_0000106535,1,0.927196,1
T_0000106550,1,0.971223,1
T_0000106572,1,0.990865,1
T_0000106581,1,0.972134,1
T_0000106587,1,0.993580,1
T_0000106612,0,0.040193,0
T_0000106625,0,0.018590,0
T_0000106658,0,0.029506,0
T_0000106664,0,0.033951,0
T_0000106732,0,0.022530,0
T_0000106794,0,0.065820,0
T_0000106802,1,0.985616,1
T_0000106808,0,0.054663,0
T_0000106814,1,0.974181,1
T_0000106815,0,0.041415,0
T_0000106921,1,0.960546,1
T_0000106942,1,0.983357,1
T_0000106946,1,0.122775,0
T_0000106953,1,0.988384,1
T_0000106989,1,0.992832,1
T_0000107118,0,0.021684,0
T_0000107138,1,0.999304,1
T_0000107146,1,0.994599,1
T_0000107156,1,0.982558,1
T_0000107189,1,0.243451,1
T_0000107244,1,0.967206,1
T_0000107245,1,0.993047,1
T_0000107276,1,0.999861,1
T_0000107305,0,0.037426,0
T_0000107347,1,0.998475,1
T_0000107408,1,0.985939,1
T_0000107440,0,0.016470,0
T_0000107458,0,0.028536,0
T_0000107491,0,0.061226,0
T_0000107505,1,0.970187,1
T_0000107506,0,0.086798,0
T_0000107545,1,0.978263,1
T_0000107546,0,0.012939,0
T_0000107578,0,0.026616,0
T_0000107588,1,0.995861,1
T_0000107594,0,0.076291,0
T_0000107603,0,0.033786,0
T_0000107614,0,0.045372,0
T_0000107636,1,0.993242,1
T_0000107650,1,0.998335,1
T_0000107660,1,0.975125,1
T_0000107732,1,0.995151,1
T_0000107754,1,0.984689,1
T_0000107755,1,0.992977,1
T_0000107777,1,0.991797,1
T_0000107812,1,0.992393,1
T_0000107836,1,0.999901,1
T_0000107838,1,0.993596,1
T_0000107894,1,0.989486,1
T_0000107898,1,0.992802,1
T_0000107936,1,0.956083,1
T_0000107974,1,0.992029,1
T_0000108000,0,0.028224,0
T_0000108011,0,0.006839,0
T_0000108036,0,0.020129,0
T_0000108079,1,0.581042,1
T_0000108094,1,0.992573,1
T_0000108110,1,0.916046,1
T_0000108149,1,0.774383,1
T_0000108160,1,0.987894,1
T_0000108166,1,0.995463,1
T_0000108222,1,0.971939,1
T_0000108231,1,0.984355,1
T_0000108236,0,0.008715,0
T_0000108242,1,0.991106,1
T_0000108256,0,0.044977,0
T_0000108271,0,0.062728,0
T_0000108288,0,0.026151,0
T_0000108343,1,0.992599,1
T_0000108345,1,0.989838,1
T_0000108362,1,0.978532,1
T_0000108449,1,0.999990,1
T_0000108487,1,0.992233,1
T_0000108493,0,0.023638,0
T_0000108515,0,0.015493,0
T_0000108530,1,0.985907,1
T_0000108557,1,0.987435,1
T_0000108562,0,0.037646,0
T_0000108571,0,0.094385,0
T_0000108579,0,0.032320,0
T_0000108591,1,0.993255,1
T_0000108620,0,0.016429,0
T_0000108631,0,0.042424,0
T_0000108646,0,0.029714,0
T_0000108703,1,0.999372,1
T_0000108734,1,0.577604,1
T_0000108742,1,0.992375,1
T_0000108760,1,0.993635,1
T_0000108785,0,0.020888,0
T_0000108797,1,0.991452,1
T_0000108800,1,0.973454,1
T_0000108801,1,0.983599,1
T_0000108850,0,0.045346,0
T_0000108852,1,0.986153,1
T_0000108859,0,0.058353,0
T_0000108880,0,0.087646,0
T_0000108921,1,0.145180,0
T_0000108947,1,0.981378,1
T_0000109078,1,0.995737,1
T_0000109083,0,0.027568,0
T_0000109088,1,0.966126,1
T_0000109100,1,0.977601,1
T_0000109101,1,0.990156,1
T_0000109104,0,0.048587,0
T_0000109169,0,0.022014,0
T_0000109177,1,0.995375,1
T_0000109190,1,0.032305,0
T_0000109212,1,0.065666,0
T_0000109221,1,0.110329,0
T_0000109238,0,0.017657,0
T_0000109257,1,0.998109,1
T_0000109268,0,0.017020,0
T_0000109275,0,0.032509,0
T_0000109287,1,0.923816,1
T_0000109294,1,0.992063,1
T_0000109323,1,0.199745,1
T_0000109349,0,0.036580,0
T_0000109377,1,0.942336,1
T_0000109381,0,0.059293,0
T_0000109388,1,0.855291,1
T_0000109402,0,0.024028,0
T_0000109403,0,0.002007,0
T_0000109413,1,0.881468,1
T_0000109417,0,0.089400,0
T_0000109446,0,0.015098,0
T_0000109458,1,0.995505,1
T_0000109477,1,0.460749,1
T_0000109489,0,0.045025,0
T_0000109512,1,0.229976,1
T_0000109566,1,0.980688,1
T_0000109573,0,0.004611,0
T_0000109581,1,0.122660,0
T_0000109596,1,0.076300,0
T_0000109642,0,0.006822,0
T_0000109648,1,0.983508,1
T_0000109662,1,0.982979,1
T_0000109669,1,0.997933,1
T_0000109677,1,0.993418,1
T_0000109732,1,0.986958,1
T_0000109794,1,0.990535,1
T_0000109823,1,0.989571,1
T_0000109827,0,0.053011,0
T_0000109856,1,0.970589,1
T_0000109867,1,0.970827,1
T_0000109872,1,0.984074,1
T_0000109901,1,0.944278,1
T_0000109912,1,0.957983,1
T_0000109914,1,0.976530,1
T_0000109927,1,0.877279,1
T_0000109936,0,0.031768,0
T_0000109959,1,0.993785,1
T_0000110036,1,0.807158,1
T_0000110106,1,0.995297,1
T_0000110113,0,0.069582,0
T_0000110131,1,0.993855,1
T_0000110149,1,0.977334,1
T_0000110175,0,0.065448,0
T_0000110184,0,0.084774,0
T_0000110188,1,0.997166,1
T_0000110196,0,0.024653,0
T_0000110232,1,0.976028,1
T_0000110246,0,0.005246,0
T_0000110247,1,0.987343,1
T_0000110298,1,0.976734,1
T_0000110344,1,0.955818,1
T_0000110356,1,0.992829,1
T_0000110406,1,0.997616,1
T_0000110455,0,0.064428,0
T_0000110456,0,0.137870,0
T_0000110493,1,0.965331,1
T_0000110510,0,0.012097,0
T_0000110516,0,0.049527,0
T_0000110595,1,0.981462,1
T_0000110640,1,0.433112,1
T_0000110675,1,0.983552,1
T_0000110723,1,0.971001,1
T_0000110754,1,0.999996,1
T_0000110768,1,0.884462,1
T_0000110784,1,0.986857,1
T_0000110850,1,0.944877,1
T_0000110888,1,0.447488,1
T_0000110889,1,0.993033,1
T_0000110928,1,0.988363,1
T_0000110949,0,0.021914,0
T_0000110970,1,0.720556,1
T_0000110995,1,0.984108,1
T_0000111059,1,0.932280,1
T_0000111061,1,0.991228,1
T_0000111080,1,0.321846,1
T_0000111138,1,0.551389,1
T_0000111147,1,0.969432,1
T_0000111155,1,0.961996,1
T_0000111161,0,0.006679,0
T_0000111164,1,0.986497,1
T_0000111177,1,0.989847,1
T_0000111201,0,0.111923,0
T_0000111273,1,0.982218,1
T_0000111280,0,0.598878,1
T_0000111297,1,0.999995,1
T_0000111314,1,0.979732,1
T_0000111328,0,0.097796,0
T_0000111332,0,0.055514,0
T_0000111352,0,0.029060,0
T_0000111381,1,0.237145,1
T_0000111385,1,0.573474,1
T_0000111407,1,0.141285,0
T_0000111432,1,0.994495,1
T_0000111435,0,0.006298,0
T_0000111524,1,0.999557,1
T_0000111538,0,0.506900,1
T_0000111560,0,0.001406,0
T_0000111609,1,0.974452,1
T_0000111618,0,0.021089,0
T_0000111636,0,0.006337,0
T_0000111643,0,0.015963,0
T_0000111677,0,0.113337,0
T_0000111682,1,0.972850,1
T_0000111743,0,0.014574,0
T_0000111762,1,0.962334,1
T_0000111773,0,0.004605,0
T_0000111778,1,0.835263,1
T_0000111798,1,0.915693,1
T_0000111851,0,0.156072,0
T_0000111858,0,0.004305,0
T_0000111875,1,0.992994,1
T_0000111888,1,0.990160,1
T_0000111924,1,0.979158,1
T_0000111925,1,0.999137,1
T_0000111954,1,0.994632,1
T_0000111989,1,0.989716,1
T_0000112000,0,0.037527,0
T_0000112006,0,0.056209,0
T_0000112062,1,0.973113,1
T_0000112096,1,0.967274,1
T_0000112109,1,0.997000,1
T_0000112148,0,0.047591,0
T_0000112160,1,0.978268,1
T_0000112181,0,0.005601,0
T_0000112197,0,0.062261,0
T_0000112253,1,0.994280,1
T_0000112260,0,0.085774,0
T_0000112270,0,0.022200,0
T_0000112272,1,0.990702,1
T_0000112301,1,0.980445,1
T_0000112327,1,0.984757,1
T_0000112328,1,0.975472,1
T_0000112355,1,0.985640,1
T_0000112363,1,0.991450,1
T_0000112387,0,0.019504,0
T_0000112414,0,0.015238,0
T_0000112430,1,0.991083,1
T_0000112466,1,0.982826,1
T_0000112485,1,0.976822,1
T_0000112504,1,0.883663,1
T_0000112521,1,0.993165,1
T_0000112530,1,0.085881,0
T_0000112531,1,0.996260,1
T_0000112556,1,0.992416,1
T_0000112562,0,0.022034,0
T_0000112594,1,0.971426,1
T_0000112595,1,0.427434,1
T_0000112654,1,0.993400,1
T_0000112659,1,0.995036,1
T_0000112676,0,0.042177,0
T_0000112681,0,0.031366,0
T_0000112695,0,0.005370,0
T_0000112696,1,0.994979,1
T_0000112699,1,0.759540,1
T_0000112708,1,0.993415,1
T_0000112710,1,0.108142,0
T_0000112713,1,0.981729,1
T_0000112766,1,0.788072,1
T_0000112780,1,0.989426,1
T_0000112790,1,0.985874,1
T_0000112805,0,0.081163,0
T_0000112810,1,0.917446,1
T_0000112829,0,0.122934,0
T_0000112861,1,0.977047,1
T_0000112869,1,0.978038,1
T_0000112952,1,0.116689,0
T_0000112961,1,0.980974,1
T_0000112978,1,0.983230,1
T_0000112983,1,0.990244,1
T_0000113015,1,0.994734,1
T_0000113032,0,0.114640,0
T_0000113042,0,0.031049,0
T_0000113044,0,0.125658,0
T_0000113078,1,0.214630,1
T_0000113203,0,0.852147,1
T_0000113262,0,0.070978,0
T_0000113265,1,0.574759,1
T_0000113273,1,0.071308,0
T_0000113289,0,0.075685,0
T_0000113293,0,0.013820,0
T_0000113346,0,0.041688,0
T_0000113407,1,0.985921,1
T_0000113431,1,0.931301,1
T_0000113450,0,0.083477,0
T_0000113478,0,0.021133,0
T_0000113479,1,0.200131,1
T_0000113502,1,0.993277,1
T_0000113514,1,0.995366,1
T_0000113523,0,0.021118,0
T_0000113568,1,0.975323,1
T_0000113571,1,0.972932,1
T_0000113585,1,0.996313,1
T_0000113602,0,0.009493,0
T_0000113649,0,0.016822,0
T_0000113664,1,0.209836,1
T_0000113760,0,0.007600,0
T_0000113771,1,0.584445,1
T_0000113775,1,0.982704,1
T_0000113810,1,0.995600,1
T_0000113812,0,0.039906,0
T_0000113839,0,0.121349,0
T_0000113844,1,0.966587,1
T_0000113847,1,0.039436,0
T_0000113855,1,0.123166,0
T_0000113884,1,0.983034,1
T_0000113922,0,0.063709,0
T_0000114019,0,0.008782,0
T_0000114038,1,0.982786,1
T_0000114080,0,0.008644,0
T_0000114085,1,0.993525,1
T_0000114087,0,0.082605,0
T_0000114134,0,0.218774,1
T_0000114151,1,0.992171,1
T_0000114158,1,0.278288,1
T_0000114170,0,0.143024,0
T_0000114185,1,0.925847,1
T_0000114198,0,0.274307,1
T_0000114258,0,0.039760,0
T_0000114261,1,0.019133,0
T_0000114280,1,0.977076,1
T_0000114285,1,0.883469,1
T_0000114288,1,0.981204,1
T_0000114310,1,0.977212,1
T_0000114317,1,0.993613,1
T_0000114322,0,0.016836,0
T_0000114337,0,0.040370,0
T_0000114366,1,0.972180,1
T_0000114395,1,0.977564,1
T_0000114420,1,0.474719,1
T_0000114441,0,0.079316,0
T_0000114476,0,0.021652,0
T_0000114478,0,0.016976,0
T_0000114517,1,0.987772,1
T_0000114533,1,0.128837,0
T_0000114544,1,0.233603,1
T_0000114569,1,0.855259,1
T_0000114589,1,0.584754,1
T_0000114592,0,0.027287,0
T_0000114603,1,0.965598,1
T_0000114640,0,0.021180,0
T_0000114669,1,0.982369,1
T_0000114706,1,0.984573,1
T_0000114709,1,0.974084,1
T_0000114716,1,0.994306,1
T_0000114736,1,0.381016,1
T_0000114756,1,0.093551,0
T_0000114766,0,0.063573,0
T_0000114787,1,0.982048,1
T_0000114808,1,0.449007,1
T_0000114819,0,0.012882,0
T_0000114863,1,0.990904,1
T_0000114875,1,0.928674,1
T_0000114879,1,0.984782,1
T_0000114913,1,0.983584,1
T_0000114962,0,0.089105,0
T_0000114972,0,0.048565,0
T_0000114998,0,0.032965,0
T_0000115000,1,0.663399,1
T_0000115027,1,0.915598,1
T_0000115029,0,0.027329,0
T_0000115043,1,0.262740,1
T_0000115052,1,0.989778,1
T_0000115071,0,0.013878,0
T_0000115109,0,0.003449,0
T_0000115150,0,0.027191,0
T_0000115174,0,0.041234,0
T_0000115205,1,0.974873,1
T_0000115206,0,0.100169,0
T_0000115209,0,0.024220,0
T_0000115212,1,0.965291,1
T_0000115218,0,0.031242,0
T_0000115247,1,0.952786,1
T_0000115263,1,0.973082,1
T_0000115271,0,0.016824,0
T_0000115322,0,0.118716,0
T_0000115332,1,0.986603,1
T_0000115355,1,0.863987,1
T_0000115364,0,0.023246,0
T_0000115369,1,0.990266,1
T_0000115400,0,0.015869,0
T_0000115404,0,0.080735,0
T_0000115447,1,0.974274,1
T_0000115449,0,0.006299,0
T_0000115452,1,0.988520,1
T_0000115454,0,0.063089,0
T_0000115459,0,0.003511,0
T_0000115497,1,0.975622,1
T_0000115537,1,0.994844,1
T_0000115556,1,0.995142,1
T_0000115575,1,0.974720,1
T_0000115577,1,0.988242,1
T_0000115600,0,0.066442,0
T_0000115618,1,0.990814,1
T_0000115620,0,0.010461,0
T_0000115630,1,0.984077,1
T_0000115652,1,0.994928,1
T_0000115654,0,0.026223,0
T_0000115673,1,0.993870,1
T_0000115674,1,0.955641,1
T_0000115713,1,0.976486,1
T_0000115729,1,0.982851,1
T_0000115747,1,0.128143,0
T_0000115762,1,0.987143,1
T_0000115792,0,0.042731,0
T_0000115898,1,0.307879,1
T_0000115917,1,0.442019,1
T_0000115918,1,0.995212,1
T_0000115952,1,0.987346,1
T_0000115997,1,0.036764,0
T_0000116019,0,0.007678,0
T_0000116058,1,0.984081,1
T_0000116080,1,0.977793,1
T_0000116098,1,0.984655,1
T_0000116113,0,0.029103,0
T_0000116138,1,0.984553,1
T_0000116139,1,0.980762,1
T_0000116148,1,0.986477,1
T_0000116153,1,0.874023,1
T_0000116174,1,0.993297,1
T_0000116177,1,0.914103,1
T_0000116178,0,0.979213,1
T_0000116181,1,0.996190,1
T_0000116218,1,0.990040,1
T_0000116221,0,0.033595,0
T_0000116235,1,0.298742,1
T_0000116236,0,0.007218,0
T_0000116242,1,0.951183,1
T_0000116294,1,0.992551,1
T_0000116308,1,0.112960,0
T_0000116309,1,0.897683,1
T_0000116341,1,0.134296,0
T_0000116372,1,0.999795,1
T_0000116432,1,0.994457,1
T_0000116437,1,0.082192,0
T_0000116472,0,0.024957,0
T_0000116473,1,0.984428,1
T_0000116478,1,0.265196,1
T_0000116511,0,0.023088,0
T_0000116519,0,0.003838,0
T_0000116540,1,0.937159,1
T_0000116565,0,0.003168,0
T_0000116579,0,0.023616,0
T_0000116589,1,0.989449,1
T_0000116599,1,0.998010,1
T_0000116621,1,0.994097,1
T_0000116716,0,0.071592,0
T_0000116737,1,0.997230,1
T_0000116784,1,0.977115,1
T_0000116799,0,0.039133,0
T_0000116809,0,0.044215,0
T_0000116820,1,0.709242,1
T_0000116824,1,0.713735,1
T_0000116853,1,0.963373,1
T_0000116857,1,0.988956,1
T_0000116882,1,0.958317,1
T_0000116887,0,0.060101,0
T_0000116908,0,0.015527,0
T_0000116915,1,0.991921,1
T_0000116928,1,0.668024,1
T_0000116950,1,0.991697,1
T_0000116952,0,0.022984,0
T_0000116956,0,0.019554,0
T_0000116981,0,0.356503,1
T_0000117020,1,0.984309,1
T_0000117031,1,0.989259,1
T_0000117035,1,0.992517,1
T_0000117037,1,0.987077,1
T_0000117050,1,0.938166,1
T_0000117066,1,0.857048,1
T_0000117067,1,0.113180,0
T_0000117072,1,0.984454,1
T_0000117123,1,0.983204,1
T_0000117145,1,0.983061,1
T_0000117192,1,0.985840,1
T_0000117217,1,0.878635,1
T_0000117249,0,0.064842,0
T_0000117259,1,0.055026,0
T_0000117277,1,0.985481,1
T_0000117287,1,0.984249,1
T_0000117424,1,0.995833,1
T_0000117428,1,0.989909,1
T_0000117437,1,0.101254,0
T_0000117445,1,0.978275,1
T_0000117463,1,0.973563,1
T_0000117484,0,0.094288,0
T_0000117485,0,0.010217,0
T_0000117553,0,0.029593,0
T_0000117635,1,0.981619,1
T_0000117650,1,0.994905,1
T_0000117655,1,0.999239,1
T_0000117659,1,1.000000,1
T_0000117662,0,0.007913,0
T_0000117668,1,0.993338,1
T_0000117679,1,0.985116,1
T_0000117688,0,0.079602,0
T_0000117708,0,0.934027,1
T_0000117754,1,0.997270,1
T_0000117767,1,0.992027,1
T_0000117774,1,0.996337,1
T_0000117779,0,0.169465,0
T_0000117810,1,0.997851,1
T_0000117847,1,0.997731,1
T_0000117854,0,0.065358,0
T_0000117888,1,0.994807,1
T_0000117898,0,0.809805,1
T_0000117911,1,0.996704,1
T_0000117914,0,0.955221,1
T_0000117920,0,0.054620,0
T_0000117928,1,0.997644,1
T_0000117938,0,0.018989,0
T_0000117943,1,0.995933,1
T_0000118009,1,0.999129,1
T_0000118036,1,0.996894,1
T_0000118037,1,0.987717,1
T_0000118040,1,0.996345,1
T_0000118064,1,0.998713,1
T_0000118179,1,0.999868,1
T_0000118184,1,0.995852,1
T_0000118186,1,0.999915,1
T_0000118207,1,0.997723,1
T_0000118253,1,0.635151,1
T_0000118259,1,0.992485,1
T_0000118275,1,0.597995,1
T_0000118310,0,0.061934,0
T_0000118359,0,0.038534,0
T_0000118398,1,0.671772,1
T_0000118404,1,0.997358,1
T_0000118410,1,0.284838,1
T_0000118473,0,0.010637,0
T_0000118481,1,0.982966,1
T_0000118501,0,0.003680,0
T_0000118503,1,0.880834,1
T_0000118527,1,0.999947,1
T_0000118631,1,0.976358,1
T_0000118642,0,0.001893,0
T_0000118649,1,0.743070,1
T_0000118675,1,0.961576,1
T_0000118711,1,0.970491,1
T_0000118713,0,0.034282,0
T_0000118720,1,0.993149,1
T_0000118735,1,0.988527,1
T_0000118773,1,0.996836,1
T_0000118786,0,0.035476,0
T_0000118807,1,0.914499,1
T_0000118819,1,0.873252,1
T_0000118865,1,0.996872,1
T_0000118898,1,0.983248,1
T_0000118938,0,0.068777,0
T_0000118944,0,0.004017,0
T_0000119021,1,0.985502,1
T_0000119040,1,0.989829,1
T_0000119066,0,0.004973,0
T_0000119068,0,0.013411,0
T_0000119081,0,0.027245,0
T_0000119093,1,0.992260,1
T_0000119096,0,0.031808,0
T_0000119127,1,0.992231,1
T_0000119128,1,0.585621,1
T_0000119131,1,0.987983,1
T_0000119189,1,0.992472,1
T_0000119216,0,0.020291,0
T_0000119220,1,0.068849,0
T_0000119227,0,0.043706,0
T_0000119243,0,0.011322,0
T_0000119264,0,0.048742,0
T_0000119278,1,0.997134,1
T_0000119333,0,0.012473,0
T_0000119371,1,0.993529,1
T_0000119385,0,0.126483,0
T_0000119404,1,0.996868,1
T_0000119409,1,0.990841,1
T_0000119418,1,0.993734,1
T_0000119443,1,0.994418,1
T_0000119457,1,0.994020,1
T_0000119461,1,0.986803,1
T_0000119486,0,0.009183,0
T_0000119506,0,0.063080,0
T_0000119513,0,0.023218,0
T_0000119534,0,0.010617,0
T_0000119540,1,0.994597,1
T_0000119543,0,0.008931,0
T_0000119555,1,0.983942,1
T_0000119590,0,0.008387,0
T_0000119649,1,0.992823,1
T_0000119656,1,0.140968,0
T_0000119678,1,0.987983,1
T_0000119720,1,0.973672,1
T_0000119727,1,0.982328,1
T_0000119728,1,0.989004,1
T_0000119770,1,0.975031,1
T_0000119772,0,0.077579,0
T_0000119820,1,0.993263,1
T_0000119831,0,0.108419,0
T_0000119847,1,0.965678,1
T_0000119915,1,0.996378,1
T_0000119931,1,0.989467,1
T_0000119965,1,0.808781,1
T_0000119969,1,0.991968,1
T_0000119989,1,0.986519,1
T_0000119997,1,0.982956,1
T_0000120022,1,0.999738,1
T_0000120144,1,0.985014,1
T_0000120147,0,0.047835,0
T_0000120148,1,0.967972,1
T_0000120150,1,0.979378,1
T_0000120169,1,0.272895,1
T_0000120194,1,0.940388,1
T_0000120237,1,0.984614,1
T_0000120268,1,0.992717,1
T_0000120292,0,0.104259,0
T_0000120306,0,0.047356,0
T_0000120309,1,0.086895,0
T_0000120329,0,0.004904,0
T_0000120393,1,0.798574,1
T_0000120432,1,0.997091,1
T_0000120459,0,0.081590,0
T_0000120466,0,0.020252,0
T_0000120489,1,0.986883,1
T_0000120504,0,0.023484,0
T_0000120555,1,0.993469,1
T_0000120568,1,0.962622,1
T_0000120603,0,0.018665,0
T_0000120608,1,0.029695,0
T_0000120677,0,0.153282,0
T_0000120693,1,0.989791,1
T_0000120705,0,0.056173,0
T_0000120716,0,0.034621,0
T_0000120718,1,0.977105,1
T_0000120720,1,0.993924,1
T_0000120736,1,0.908828,1
T_0000120749,1,0.916256,1
T_0000120758,0,0.006153,0
T_0000120828,1,0.992741,1
T_0000120838,0,0.032335,0
T_0000120856,1,0.997766,1
T_0000120865,1,0.989126,1
T_0000120879,0,0.089326,0
T_0000120896,1,0.985515,1
T_0000120931,1,0.985614,1
T_0000120935,1,0.964610,1
T_0000120977,1,0.142952,0
T_0000120988,1,0.074072,0
T_0000121014,0,0.009385,0
T_0000121020,1,0.983010,1
T_0000121040,1,0.969798,1
T_0000121043,0,0.016037,0
T_0000121052,1,0.995799,1
T_0000121123,0,0.008903,0
T_0000121223,0,0.015307,0
T_0000121232,1,0.991005,1
T_0000121236,1,0.996149,1
T_0000121237,0,0.014372,0
T_0000121274,0,0.021474,0
T_0000121291,1,0.989105,1
T_0000121296,1,0.982416,1
T_0000121312,1,0.950526,1
T_0000121371,0,0.030505,0
T_0000121421,1,0.836796,1
T_0000121433,0,0.083002,0
T_0000121444,1,0.097326,0
T_0000121454,1,0.987768,1
T_0000121456,0,0.031785,0
T_0000121490,0,0.242828,1
T_0000121502,0,0.029605,0
T_0000121506,1,0.943355,1
T_0000121515,1,0.987765,1
T_0000121594,1,0.995162,1
T_0000121600,1,0.361207,1
T_0000121605,1,0.999341,1
T_0000121630,0,0.031656,0
T_0000121649,1,0.791249,1
T_0000121667,0,0.014981,0
T_0000121717,1,0.998594,1
T_0000121738,1,0.919352,1
T_0000121771,0,0.025503,0
T_0000121802,1,0.272029,1
T_0000121823,1,0.994717,1
T_0000121826,1,0.987710,1
T_0000121828,1,0.990499,1
T_0000121899,1,0.993548,1
T_0000121918,1,0.216937,1
T_0000121945,1,0.994420,1
T_0000121948,1,0.094924,0
T_0000121958,1,0.990109,1
T_0000121983,1,0.983919,1
T_0000121998,1,0.913899,1
T_0000122039,1,0.183701,1
T_0000122040,1,0.914228,1
T_0000122053,0,0.015164,0
T_0000122078,1,0.902833,1
T_0000122080,1,0.952054,1
T_0000122099,1,0.930297,1
T_0000122134,0,0.028862,0
T_0000122172,1,0.985659,1
T_0000122177,0,0.067653,0
T_0000122203,1,0.993937,1
T_0000122225,0,0.028100,0
T_0000122246,0,0.030055,0
T_0000122269,1,0.227162,1
T_0000122278,0,0.022093,0
T_0000122295,1,0.995008,1
T_0000122307,1,0.986447,1
T_0000122333,0,0.014803,0
T_0000122354,1,0.954438,1
T_0000122404,0,0.068394,0
T_0000122413,1,0.978460,1
T_0000122474,1,0.990520,1
T_0000122512,1,0.014796,0
T_0000122552,1,0.959336,1
T_0000122601,0,0.015227,0
T_0000122645,1,0.972939,1
T_0000122666,1,0.984661,1
T_0000122705,0,0.108900,0
T_0000122753,0,0.167106,0
T_0000122804,1,0.301062,1
T_0000122865,1,0.961948,1
T_0000122869,1,0.993244,1
T_0000122899,0,0.023809,0
T_0000122936,1,0.992202,1
T_0000122958,1,0.994211,1
T_0000122999,1,0.993243,1
T_0000123005,1,0.989428,1
T_0000123040,0,0.017611,0
T_0000123056,1,0.987054,1
T_0000123059,1,0.990243,1
T_0000123067,1,0.821298,1
T_0000123075,1,0.993451,1
T_0000123106,0,0.029228,0
T_0000123217,1,0.988150,1
T_0000123234,1,0.025765,0
T_0000123252,1,0.944360,1
T_0000123255,0,0.033838,0
T_0000123275,1,0.994987,1
T_0000123280,1,0.979939,1
T_0000123336,1,0.988842,1
T_0000123357,1,0.102327,0
T_0000123371,0,0.030892,0
T_0000123374,1,0.989259,1
T_0000123397,1,0.980403,1
T_0000123399,0,0.063660,0
T_0000123401,0,0.055227,0
T_0000123416,1,0.984863,1
T_0000123434,1,0.945436,1
T_0000123442,1,0.999772,1
T_0000123451,1,0.992866,1
T_0000123457,1,0.113452,0
T_0000123460,1,0.992579,1
T_0000123521,1,0.342691,1
T_0000123565,1,0.982395,1
T_0000123577,1,0.994689,1
T_0000123582,1,0.991913,1
T_0000123586,1,0.972018,1
T_0000123595,1,0.091288,0
T_0000123605,1,0.996537,1
T_0000123609,1,0.850623,1
T_0000123662,1,0.991506,1
T_0000123672,0,0.122862,0
T_0000123685,1,0.976546,1
T_0000123699,0,0.026085,0
T_0000123720,1,0.993560,1
T_0000123724,0,0.037691,0
T_0000123768,1,0.388658,1
T_0000123828,1,0.992584,1
T_0000123864,1,0.995533,1
T_0000123907,0,0.100284,0
T_0000123912,1,0.970845,1
T_0000123920,0,0.043124,0
T_0000123937,1,0.226059,1
T_0000123956,1,0.074800,0
T_0000123962,1,0.088321,0
T_0000123982,1,0.742727,1
T_0000123994,1,0.993399,1
T_0000124015,1,0.947614,1
T_0000124070,1,0.802784,1
T_0000124076,1,0.933576,1
T_0000124089,1,0.992916,1
T_0000124149,1,0.959496,1
T_0000124200,1,0.217711,1
T_0000124273,1,0.998641,1
T_0000124288,0,0.016409,0
T_0000124365,1,0.979349,1
T_0000124368,1,0.992908,1
T_0000124377,1,0.958385,1
T_0000124387,1,0.518607,1
T_0000124413,0,0.084113,0
T_0000124434,1,0.981996,1
T_0000124495,1,0.981576,1
T_0000124504,1,0.991873,1
T_0000124523,1,0.968304,1
T_0000124533,0,0.050256,0
T_0000124568,1,0.975074,1
T_0000124592,1,0.984184,1
T_0000124606,1,0.947784,1
T_0000124608,1,0.175226,0
T_0000124624,1,0.229614,1
T_0000124631,0,0.807308,1
T_0000124655,1,0.839535,1
T_0000124670,1,0.983659,1
T_0000124715,0,0.037081,0
T_0000124717,0,0.080110,0
T_0000124817,1,0.925273,1
T_0000124885,1,0.727018,1
T_0000124886,0,0.073000,0
T_0000124923,1,0.940850,1
T_0000124933,0,0.015633,0
T_0000124952,0,0.006911,0
T_0000124970,1,0.955686,1
T_0000124971,1,0.994687,1
T_0000125039,1,0.984965,1
T_0000125046,1,0.983181,1
T_0000125074,1,0.627647,1
T_0000125082,0,0.015232,0
T_0000125097,1,0.992916,1
T_0000125118,1,0.927924,1
T_0000125146,1,0.978375,1
T_0000125175,1,0.996777,1
T_0000125178,1,0.985611,1
T_0000125186,0,0.009475,0
T_0000125228,1,0.996476,1
T_0000125253,0,0.036675,0
T_0000125265,1,0.980422,1
T_0000125284,0,0.032210,0
T_0000125299,1,0.980798,1
T_0000125336,1,0.975819,1
T_0000125338,1,0.973476,1
T_0000125382,1,0.995008,1
T_0000125440,1,0.990783,1
T_0000125446,1,0.993073,1
T_0000125447,1,0.979182,1
T_0000125522,1,0.989763,1
T_0000125523,1,0.981634,1
T_0000125526,1,0.991991,1
T_0000125529,1,0.992384,1
T_0000125548,1,0.979064,1
T_0000125568,1,0.997589,1
T_0000125595,1,0.992637,1
T_0000125597,0,0.056640,0
T_0000125599,1,0.990866,1
T_0000125607,0,0.058635,0
T_0000125609,1,0.995403,1
T_0000125631,1,0.980888,1
T_0000125645,0,0.004654,0
T_0000125687,1,0.988556,1
T_0000125765,0,0.005403,0
T_0000125819,0,0.031064,0
T_0000125855,1,0.424740,1
T_0000125862,0,0.047812,0
T_0000125870,1,0.969201,1
T_0000125914,1,0.988532,1
T_0000125924,0,0.052571,0
T_0000125945,1,0.998362,1
T_0000125974,1,0.992568,1
T_0000126008,1,0.994243,1
T_0000126043,1,0.976443,1
T_0000126082,0,0.048001,0
T_0000126093,0,0.025912,0
T_0000126129,1,0.984056,1
T_0000126154,1,0.969091,1
T_0000126155,1,0.989527,1
T_0000126173,1,0.079017,0
T_0000126175,1,0.037331,0
T_0000126200,1,0.992000,1
T_0000126210,1,0.978640,1
T_0000126214,1,0.996803,1
T_0000126257,1,0.991732,1
T_0000126265,1,0.732015,1
T_0000126302,0,0.023179,0
T_0000126308,0,0.017684,0
T_0000126315,0,0.026381,0
T_0000126317,0,0.052364,0
T_0000126341,1,0.990540,1
T_0000126378,0,0.020378,0
T_0000126382,1,0.865721,1
T_0000126422,1,0.986532,1
T_0000126437,1,0.982287,1
T_0000126471,1,0.989119,1
T_0000126555,1,0.956575,1
T_0000126561,1,0.989153,1
T_0000126583,1,0.988287,1
T_0000126595,1,0.991328,1
T_0000126611,1,0.994760,1
T_0000126648,0,0.058435,0
T_0000126677,1,0.439106,1
T_0000126678,1,0.995760,1
T_0000126686,0,0.067298,0
T_0000126688,1,0.873408,1
T_0000126705,0,0.016247,0
T_0000126712,1,0.235695,1
T_0000126728,1,0.988268,1
T_0000126762,1,0.993342,1
T_0000126763,1,0.984846,1
T_0000126816,1,0.994154,1
T_0000126833,0,0.027055,0
T_0000126842,1,0.971063,1
T_0000126848,0,0.020677,0
T_0000126859,0,0.116900,0
T_0000126883,1,0.991735,1
T_0000126890,0,0.020459,0
T_0000126899,1,0.988696,1
T_0000126939,1,0.982151,1
T_0000126993,1,0.976812,1
T_0000127003,1,0.226445,1
T_0000127016,1,0.542664,1
T_0000127025,1,0.984584,1
T_0000127030,1,0.981739,1
T_0000127056,0,0.009414,0
T_0000127093,1,0.933252,1
T_0000127119,1,0.613073,1
T_0000127171,1,0.066356,0
T_0000127172,1,0.090909,0
T_0000127208,1,0.971612,1
T_0000127235,0,0.039854,0
T_0000127273,1,0.991614,1
T_0000127275,0,0.021550,0
T_0000127279,0,0.029070,0
T_0000127310,1,0.976757,1
T_0000127311,1,0.991292,1
T_0000127363,0,0.031457,0
T_0000127376,1,0.970441,1
T_0000127472,1,0.993251,1
T_0000127474,0,0.039348,0
T_0000127485,0,0.082704,0
T_0000127494,1,0.406084,1
T_0000127513,1,0.977685,1
T_0000127522,1,0.826324,1
T_0000127523,0,0.128838,0
T_0000127529,0,0.031267,0
T_0000127575,1,0.964942,1
T_0000127611,1,0.984292,1
T_0000127659,1,0.988274,1
T_0000127669,1,0.922372,1
T_0000127687,1,0.991995,1
T_0000127712,0,0.152196,0
T_0000127738,0,0.012832,0
T_0000127746,1,0.997199,1
T_0000127752,1,0.992593,1
T_0000127774,1,0.042431,0
T_0000127785,0,0.088778,0
T_0000127807,0,0.018035,0
T_0000127817,1,0.201504,1
T_0000127876,1,0.068492,0
T_0000127916,1,0.981239,1
T_0000127923,1,0.890682,1
T_0000128016,0,0.007512,0
T_0000128029,0,0.003902,0
T_0000128045,1,0.972074,1
T_0000128089,1,0.996398,1
T_0000128101,1,0.967206,1
T_0000128121,1,0.416228,1
T_0000128128,1,0.976274,1
T_0000128172,1,0.982798,1
T_0000128177,1,0.988802,1
T_0000128210,0,0.080540,0
T_0000128235,1,0.994126,1
T_0000128269,1,0.836002,1
T_0000128291,1,0.989369,1
T_0000128306,1,0.991063,1
T_0000128314,1,0.943146,1
T_0000128330,1,0.991750,1
T_0000128343,0,0.010861,0
T_0000128357,1,0.980248,1
T_0000128409,0,0.004160,0
T_0000128412,1,0.993236,1
T_0000128416,1,0.830987,1
T_0000128441,0,0.009179,0
T_0000128500,0,0.006614,0
T_0000128522,1,0.520042,1
T_0000128544,1,0.967784,1
T_0000128598,0,0.057561,0
T_0000128626,1,0.263458,1
T_0000128629,1,0.986496,1
T_0000128653,0,0.014384,0
T_0000128675,1,0.093534,0
T_0000128681,1,0.984854,1
T_0000128696,1,0.995819,1
T_0000128706,1,0.159838,0
T_0000128734,1,0.983096,1
T_0000128811,1,0.220571,1
T_0000128858,1,0.989141,1
T_0000128869,1,0.993997,1
T_0000128882,1,0.938685,1
T_0000128903,0,0.007194,0
T_0000128904,1,0.981173,1
T_0000128912,0,0.087844,0
T_0000128923,1,0.461753,1
T_0000128950,1,0.889973,1
T_0000128982,1,0.993943,1
T_0000128988,1,0.420923,1
T_0000128994,1,0.997972,1
T_0000129036,0,0.036593,0
T_0000129102,1,0.988549,1
T_0000129130,0,0.008923,0
T_0000129136,0,0.046011,0
T_0000129181,1,0.988769,1
T_0000129203,1,0.996368,1
T_0000129230,1,0.995236,1
T_0000129233,1,0.994200,1
T_0000129258,0,0.016688,0
T_0000129275,0,0.012610,0
T_0000129306,1,0.968144,1
T_0000129308,0,0.524172,1
T_0000129318,1,0.987002,1
T_0000129320,1,0.946422,1
T_0000129350,0,0.054848,0
T_0000129379,1,0.988465,1
T_0000129424,1,0.994907,1
T_0000129428,0,0.092959,0
T_0000129430,0,0.005622,0
T_0000129445,1,0.976722,1
T_0000129448,0,0.039763,0
T_0000129456,0,0.070382,0
T_0000129500,1,0.985707,1
T_0000129517,1,0.986502,1
T_0000129540,0,0.022704,0
T_0000129574,0,0.013224,0
T_0000129586,0,0.037681,0
T_0000129599,1,0.994055,1
T_0000129625,0,0.012431,0
T_0000129650,0,0.028048,0
T_0000129656,0,0.033273,0
T_0000129664,0,0.023001,0
T_0000129669,1,0.991254,1
T_0000129676,1,0.990919,1
T_0000129703,0,0.090982,0
T_0000129705,1,0.432953,1
T_0000129736,1,0.991136,1
T_0000129770,0,0.052809,0
T_0000129820,1,0.992835,1
T_0000129831,1,0.986287,1
T_0000129842,1,0.988168,1
T_0000129844,1,0.985543,1
T_0000129861,0,0.062812,0
T_0000129864,0,0.102201,0
T_0000129878,1,0.941783,1
T_0000129942,0,0.010414,0
T_0000129982,1,0.994118,1
T_0000129995,1,0.988042,1
T_0000130038,0,0.041862,0
T_0000130058,1,0.977517,1
T_0000130085,1,0.891513,1
T_0000130088,1,0.903867,1
T_0000130093,1,0.855804,1
T_0000130111,1,0.934771,1
T_0000130133,1,0.962493,1
T_0000130138,0,0.240021,1
T_0000130144,1,0.983985,1
T_0000130158,1,0.985901,1
T_0000130176,1,0.989909,1
T_0000130189,1,0.876649,1
T_0000130213,1,0.996917,1
T_0000130219,1,0.992568,1
T_0000130252,1,0.920891,1
T_0000130274,0,0.007131,0
T_0000130283,0,0.015900,0
T_0000130284,0,0.011714,0
T_0000130296,0,0.017835,0
T_0000130302,0,0.024195,0
T_0000130309,1,0.222639,1
T_0000130345,0,0.025078,0
T_0000130360,0,0.030912,0
T_0000130362,0,0.054809,0
T_0000130405,1,0.993472,1
T_0000130452,0,0.042159,0
T_0000130470,1,0.986015,1
T_0000130481,0,0.046439,0
T_0000130495,0,0.012874,0
T_0000130516,0,0.045404,0
T_0000130525,0,0.042802,0
T_0000130528,1,0.130210,0
T_0000130530,1,0.990282,1
T_0000130538,0,0.021089,0
T_0000130551,1,0.993186,1
T_0000130594,1,0.999368,1
T_0000130602,1,0.987051,1
T_0000130624,1,0.997909,1
T_0000130642,1,0.980886,1
T_0000130650,1,0.966458,1
T_0000130652,1,0.985555,1
T_0000130653,1,0.928807,1
T_0000130656,0,0.044808,0
T_0000130683,0,0.033257,0
T_0000130707,1,0.994708,1
T_0000130722,1,0.997975,1
T_0000130746,0,0.047846,0
T_0000130770,1,0.953706,1
T_0000130794,1,0.993168,1
T_0000130829,1,0.952408,1
T_0000130850,1,0.995466,1
T_0000130873,1,0.975171,1
T_0000130902,1,0.991727,1
T_0000130929,0,0.027086,0
T_0000130974,1,0.995101,1
T_0000131027,1,0.970212,1
T_0000131040,1,0.996587,1
T_0000131065,0,0.019284,0
T_0000131068,0,0.107728,0
T_0000131071,1,0.946692,1
T_0000131078,1,0.981420,1
T_0000131081,1,0.943036,1
T_0000131092,1,0.994938,1
T_0000131109,1,0.243435,1
T_0000131123,1,0.993099,1
T_0000131199,0,0.033772,0
T_0000131226,1,0.986771,1
T_0000131272,0,0.016754,0
T_0000131275,1,0.987826,1
T_0000131301,0,0.034610,0
T_0000131303,0,0.036478,0
T_0000131324,0,0.040965,0
T_0000131334,0,0.034506,0
T_0000131461,1,0.306811,1
T_0000131501,1,0.960757,1
T_0000131520,0,0.017276,0
T_0000131533,0,0.012304,0
T_0000131550,1,0.989827,1
T_0000131554,1,0.232075,1
T_0000131555,1,0.927649,1
T_0000131589,0,0.013636,0
T_0000131605,1,0.044815,0
T_0000131633,1,0.990290,1
T_0000131640,1,0.995047,1
T_0000131652,1,0.986465,1
T_0000131746,1,0.976732,1
T_0000131750,0,0.031927,0
T_0000131763,0,0.104127,0
T_0000131806,0,0.009581,0
T_0000131807,1,0.990107,1
T_0000131810,1,0.970801,1
T_0000131828,1,0.993456,1
T_0000131866,1,0.844446,1
T_0000131872,0,0.035962,0
T_0000131889,1,0.993334,1
T_0000131927,1,0.083170,0
T_0000131969,1,0.981669,1
T_0000131977,0,0.017150,0
T_0000132016,1,0.993183,1
T_0000132030,0,0.024669,0
T_0000132056,1,0.964424,1
T_0000132068,0,0.017317,0
T_0000132082,1,0.991447,1
T_0000132136,0,0.029018,0
T_0000132151,1,0.437969,1
T_0000132166,1,0.980242,1
T_0000132199,0,0.082151,0
T_0000132235,1,0.989894,1
T_0000132247,1,0.279818,1
T_0000132285,1,0.985276,1
T_0000132299,1,0.982042,1
T_0000132317,1,0.994093,1
T_0000132318,1,0.918332,1
T_0000132319,1,0.971495,1
T_0000132389,1,0.978552,1
T_0000132440,1,0.990895,1
T_0000132476,0,0.200803,1
T_0000132506,1,0.987817,1
T_0000132513,0,0.016188,0
T_0000132547,1,0.994924,1
T_0000132587,0,0.064525,0
T_0000132594,0,0.119008,0
T_0000132599,1,0.327342,1
T_0000132618,1,0.983177,1
T_0000132640,1,0.992551,1
T_0000132652,1,0.110789,0
T_0000132705,1,0.814422,1
T_0000132732,1,0.984161,1
T_0000132752,1,0.988252,1
T_0000132762,0,0.021733,0
T_0000132801,1,0.988830,1
T_0000132826,1,0.743088,1
T_0000132837,1,0.372002,1
T_0000132864,0,0.019075,0
T_0000132870,0,0.066078,0
T_0000132872,1,0.145714,0
T_0000132911,1,0.990892,1
T_0000132932,1,0.998575,1
T_0000132942,1,0.988408,1
T_0000132943,0,0.030759,0
T_0000133035,1,0.147882,0
T_0000133037,0,0.095880,0
T_0000133079,0,0.111790,0
T_0000133085,1,0.218858,1
T_0000133090,0,0.059401,0
T_0000133119,1,0.987274,1
T_0000133121,0,0.040290,0
T_0000133171,0,0.034178,0
T_0000133176,1,0.957519,1
T_0000133178,1,0.975820,1
T_0000133204,1,0.999658,1
T_0000133209,1,0.126883,0
T_0000133229,1,0.976356,1
T_0000133248,0,0.019344,0
T_0000133262,0,0.093914,0
T_0000133290,1,0.982334,1
T_0000133306,0,0.033695,0
T_0000133329,1,0.993327,1
T_0000133407,0,0.042414,0
T_0000133424,1,0.996789,1
T_0000133426,0,0.080183,0
T_0000133452,0,0.044280,0
T_0000133464,1,0.986642,1
T_0000133480,1,0.994974,1
T_0000133485,1,0.995093,1
T_0000133548,1,0.978164,1
T_0000133552,1,0.145818,0
T_0000133556,0,0.042349,0
T_0000133603,0,0.090518,0
T_0000133709,1,0.988673,1
T_0000133768,1,0.992400,1
T_0000133907,1,0.992391,1
T_0000133913,0,0.021018,0
T_0000133923,1,0.988120,1
T_0000133941,1,0.215453,1
T_0000133993,1,0.984406,1
T_0000133997,1,0.993412,1
T_0000134005,1,0.987248,1
T_0000134016,1,0.991436,1
T_0000134035,0,0.040136,0
T_0000134125,0,0.057319,0
T_0000134128,1,0.985423,1
T_0000134130,1,0.995588,1
T_0000134141,1,0.592276,1
T_0000134209,0,0.027166,0
T_0000134213,0,0.069788,0
T_0000134228,1,0.994430,1
T_0000134312,0,0.025854,0
T_0000134378,1,0.393408,1
T_0000134467,1,0.133642,0
T_0000134472,1,0.986698,1
T_0000134486,0,0.025299,0
T_0000134502,1,0.991349,1
T_0000134515,1,0.992104,1
T_0000134526,1,0.139994,0
T_0000134528,1,0.990473,1
T_0000134546,0,0.071108,0
T_0000134558,1,0.991776,1
T_0000134696,0,0.023307,0
T_0000134700,1,0.979394,1
T_0000134708,1,0.976849,1
T_0000134725,0,0.033735,0
T_0000134742,1,0.995306,1
T_0000134744,1,0.970698,1
T_0000134779,1,0.114410,0
T_0000134816,1,0.988608,1
T_0000134870,1,0.989241,1
T_0000134881,0,0.005672,0
T_0000134883,0,0.027759,0
T_0000134905,1,0.040413,0
T_0000134912,1,0.925078,1
T_0000134916,1,0.993573,1
T_0000134930,1,0.987867,1
T_0000134934,1,0.926169,1
T_0000134991,1,0.965400,1
T_0000135048,1,0.794370,1
T_0000135092,1,0.975959,1
T_0000135105,0,0.036319,0
T_0000135145,1,0.989616,1
T_0000135147,0,0.030772,0
T_0000135194,0,0.077162,0
T_0000135204,1,0.986341,1
T_0000135234,0,0.036778,0
T_0000135312,0,0.043729,0
T_0000135328,1,0.985713,1
T_0000135350,0,0.060384,0
T_0000135352,1,0.990422,1
T_0000135372,1,0.996556,1
T_0000135405,1,0.952380,1
T_0000135505,1,0.991980,1
T_0000135549,1,0.989684,1
T_0000135553,1,0.780582,1
T_0000135564,1,0.991974,1
T_0000135575,1,0.929758,1
T_0000135615,1,0.995271,1
T_0000135640,1,0.992801,1
T_0000135642,0,0.013671,0
T_0000135668,1,0.050421,0
T_0000135677,0,0.023803,0
T_0000135714,1,0.987297,1
T_0000135775,0,0.027017,0
T_0000135776,1,0.974127,1
T_0000135803,0,0.021149,0
T_0000135805,1,0.991552,1
T_0000135847,0,0.030975,0
T_0000135875,0,0.081985,0
T_0000135891,1,0.969220,1
T_0000135914,1,0.999332,1
T_0000135933,0,0.145786,0
T_0000135937,1,0.993771,1
T_0000136002,1,0.925693,1
T_0000136063,1,0.977706,1
T_0000136075,1,0.997973,1
T_0000136112,1,0.959565,1
T_0000136132,1,0.993821,1
T_0000136134,1,0.991237,1
T_0000136153,1,0.981456,1
T_0000136166,0,0.048693,0
T_0000136196,0,0.030577,0
T_0000136214,1,0.994007,1
T_0000136228,1,0.990411,1
T_0000136230,1,0.994559,1
T_0000136234,1,0.920023,1
T_0000136264,1,0.995297,1
T_0000136304,1,0.999878,1
T_0000136319,1,0.989615,1
T_0000136368,0,0.041580,0
T_0000136445,0,0.108178,0
T_0000136450,1,0.986206,1
T_0000136457,1,0.283452,1
T_0000136497,1,0.983015,1
T_0000136501,0,0.112882,0
T_0000136505,1,0.972656,1
T_0000136525,0,0.015658,0
T_0000136550,1,0.994395,1
T_0000136606,1,0.998449,1
T_0000136623,1,0.996228,1
T_0000136627,0,0.016392,0
T_0000136648,0,0.045206,0
T_0000136652,1,0.993019,1
T_0000136659,1,0.936160,1
T_0000136665,1,0.960264,1
T_0000136682,1,0.995708,1
T_0000136714,1,0.977432,1
T_0000136725,0,0.023269,0
T_0000136735,0,0.024531,0
T_0000136739,0,0.012305,0
T_0000136756,1,0.996121,1
T_0000136764,0,0.055896,0
T_0000136774,1,0.974111,1
T_0000136775,1,0.987038,1
T_0000136777,0,0.025818,0
T_0000136783,0,0.045935,0
T_0000136785,1,0.916172,1
T_0000136786,1,0.994461,1
T_0000136792,1,0.997557,1
T_0000136838,1,0.992339,1
T_0000136842,0,0.092681,0
T_0000136843,1,0.991074,1
T_0000136861,1,0.989744,1
T_0000136884,0,0.033486,0
T_0000136887,1,0.988679,1
T_0000136910,1,0.976907,1
T_0000136952,0,0.001683,0
T_0000136971,0,0.032308,0
T_0000136980,1,0.991035,1
T_0000136994,1,0.998768,1
T_0000137000,0,0.127304,0
T_0000137005,0,0.016124,0
T_0000137056,1,0.984086,1
T_0000137077,1,0.995331,1
T_0000137202,0,0.030601,0
T_0000137215,1,0.209680,1
T_0000137216,1,0.984232,1
T_0000137261,1,0.968802,1
T_0000137272,1,0.989771,1
T_0000137276,1,0.987862,1
T_0000137288,0,0.055388,0
T_0000137346,1,0.048771,0
T_0000137354,0,0.021939,0
T_0000137405,0,0.070048,0
T_0000137416,1,0.739514,1
T_0000137446,1,0.993976,1
T_0000137458,1,0.958637,1
T_0000137470,0,0.008831,0
T_0000137473,1,0.952205,1
T_0000137480,1,0.991788,1
T_0000137522,0,0.053435,0
T_0000137525,1,0.068658,0
T_0000137555,1,0.978886,1
T_0000137576,1,0.986041,1
T_0000137581,1,0.993280,1
T_0000137590,1,0.931392,1
T_0000137669,0,0.056897,0
T_0000137688,1,0.986898,1
T_0000137689,1,0.980876,1
T_0000137691,1,0.034498,0
T_0000137692,1,0.992252,1
T_0000137700,1,0.714994,1
T_0000137717,1,0.064441,0
T_0000137739,1,0.994553,1
T_0000137743,0,0.011307,0
T_0000137746,1,0.870237,1
T_0000137759,0,0.065677,0
T_0000137772,0,0.055416,0
T_0000137794,1,0.985946,1
T_0000137849,0,0.015984,0
T_0000137868,1,0.982185,1
T_0000137879,0,0.029738,0
T_0000137899,1,0.992019,1
T_0000137904,1,0.806611,1
T_0000137915,1,0.339296,1
T_0000137927,0,0.041202,0
T_0000137930,0,0.012210,0
T_0000137989,0,0.030469,0
T_0000137996,1,0.968746,1
T_0000138017,1,0.985915,1
T_0000138018,0,0.028443,0
T_0000138087,1,0.992247,1
T_0000138121,1,0.995389,1
T_0000138122,0,0.052077,0
T_0000138192,0,0.124103,0
T_0000138194,1,0.147048,0
T_0000138224,1,0.995215,1
T_0000138230,0,0.005346,0
T_0000138252,1,0.992530,1
T_0000138279,1,0.924302,1
T_0000138286,1,0.990386,1
T_0000138292,1,0.150719,0
T_0000138335,1,0.978265,1
T_0000138354,0,0.107095,0
T_0000138396,1,0.947624,1
T_0000138400,0,0.040874,0
T_0000138409,1,0.046803,0
T_0000138434,1,0.997762,1
T_0000138464,1,0.991859,1
T_0000138473,1,0.078359,0
T_0000138499,0,0.067630,0
T_0000138519,1,0.992565,1
T_0000138524,0,0.054646,0
T_0000138595,1,0.994442,1
T_0000138636,1,0.989069,1
T_0000138657,1,0.990749,1
T_0000138668,1,0.978191,1
T_0000138737,0,0.018476,0
T_0000138808,0,0.004416,0
T_0000138814,1,0.986992,1
T_0000138830,1,0.991754,1
T_0000138841,1,0.994896,1
T_0000138872,0,0.022472,0
T_0000138878,1,0.990653,1
T_0000138880,1,0.996338,1
T_0000138884,1,0.999828,1
T_0000138926,0,0.005794,0
T_0000138981,0,0.086194,0
T_0000139041,0,0.031084,0
T_0000139064,1,0.991138,1
T_0000139114,0,0.034065,0
T_0000139118,0,0.042998,0
T_0000139164,1,0.365526,1
T_0000139166,0,0.049937,0
T_0000139188,1,0.985276,1
T_0000139221,1,0.989715,1
T_0000139238,1,0.991962,1
T_0000139260,0,0.016457,0
T_0000139275,0,0.070938,0
T_0000139286,0,0.145164,0
T_0000139291,1,0.987035,1
T_0000139295,0,0.012953,0
T_0000139329,1,0.768962,1
T_0000139347,0,0.035789,0
T_0000139378,1,0.995304,1
T_0000139389,0,0.018003,0
T_0000139400,1,0.999028,1
T_0000139461,1,0.995461,1
T_0000139491,1,0.997092,1
T_0000139526,0,0.011173,0
T_0000139528,1,0.844248,1
T_0000139667,0,0.050699,0
T_0000139681,1,0.995805,1
T_0000139685,0,0.022756,0
T_0000139712,0,0.047737,0
T_0000139730,1,0.990645,1
T_0000139741,0,0.024457,0
T_0000139784,1,0.993705,1
T_0000139802,1,0.427231,1
T_0000139829,1,0.989849,1
T_0000139834,1,0.992908,1
T_0000139849,0,0.048872,0
T_0000139982,1,0.972133,1
T_0000139988,1,0.993164,1
T_0000139998,1,0.995862,1
T_0000140006,0,0.627118,1
T_0000140027,0,0.022280,0
T_0000140040,0,0.011307,0
T_0000140067,0,0.003006,0
T_0000140068,1,0.999818,1
T_0000140074,0,0.065664,0
T_0000140076,0,0.018704,0
T_0000140117,0,0.425605,1
T_0000140121,0,0.015084,0
T_0000140127,0,0.014121,0
T_0000140170,0,0.039593,0
T_0000140175,1,0.993887,1
T_0000140211,1,0.977540,1
T_0000140214,1,0.987690,1
T_0000140240,0,0.024879,0
T_0000140263,0,0.043457,0
T_0000140282,0,0.011006,0
T_0000140283,0,0.027412,0
T_0000140303,1,0.991864,1
T_0000140315,1,0.993642,1
T_0000140343,1,0.985078,1
T_0000140352,1,0.978785,1
T_0000140378,0,0.015373,0
T_0000140428,1,0.989137,1
T_0000140453,1,0.985770,1
T_0000140458,1,0.883170,1
T_0000140460,0,0.242353,1
T_0000140464,1,0.994439,1
T_0000140497,0,0.001487,0
T_0000140556,0,0.114173,0
T_0000140566,1,0.889493,1
T_0000140573,1,0.942290,1
T_0000140589,1,0.985720,1
T_0000140607,0,0.034742,0
T_0000140691,1,0.973803,1
T_0000140702,0,0.010835,0
T_0000140705,1,0.967109,1
T_0000140781,1,0.549389,1
T_0000140793,1,0.942628,1
T_0000140795,0,0.015865,0
T_0000140858,1,0.972081,1
T_0000140929,1,0.986670,1
T_0000140963,1,0.986251,1
T_0000140980,0,0.023198,0
T_0000141016,0,0.035282,0
T_0000141030,1,0.797821,1
T_0000141095,1,0.993406,1
T_0000141151,1,0.980985,1
T_0000141168,0,0.030179,0
T_0000141183,1,0.981225,1
T_0000141208,1,0.990417,1
T_0000141209,1,0.116733,0
T_0000141212,1,0.995321,1
T_0000141232,0,0.025639,0
T_0000141253,1,0.664473,1
T_0000141262,0,0.039369,0
T_0000141282,0,0.037020,0
T_0000141300,1,0.979391,1
T_0000141316,1,0.994126,1
T_0000141334,1,0.940010,1
T_0000141373,0,0.578742,1
T_0000141429,1,0.992686,1
T_0000141442,1,0.947307,1
T_0000141463,1,0.973331,1
T_0000141487,1,0.995811,1
T_0000141492,1,0.957022,1
T_0000141494,1,0.991040,1
T_0000141520,1,0.981001,1
T_0000141530,0,0.082026,0
T_0000141532,0,0.174250,0
T_0000141537,1,0.990115,1
T_0000141545,1,0.598065,1
T_0000141560,0,0.031969,0
T_0000141588,1,0.966296,1
T_0000141591,1,0.947937,1
T_0000141609,0,0.051916,0
T_0000141631,1,0.072312,0
T_0000141671,1,0.994997,1
T_0000141675,1,0.994735,1
T_0000141682,0,0.056001,0
T_0000141704,0,0.105996,0
T_0000141706,0,0.083210,0
T_0000141754,0,0.173633,0
T_0000141775,1,0.994830,1
T_0000141787,1,0.983605,1
T_0000141860,1,0.308965,1
T_0000141862,1,0.963720,1
T_0000141872,1,0.989613,1
T_0000141875,1,0.991097,1
T_0000141886,0,0.083989,0
T_0000141909,0,0.028006,0
T_0000141910,1,0.982112,1
T_0000141957,1,0.974675,1
T_0000141981,1,0.994844,1
T_0000142023,1,0.981374,1
T_0000142072,0,0.097780,0
T_0000142083,1,0.999447,1
T_0000142091,1,0.992642,1
T_0000142106,1,0.958282,1
T_0000142143,0,0.026227,0
T_0000142157,1,0.991702,1
T_0000142173,1,0.944093,1
T_0000142203,1,0.991998,1
T_0000142239,1,0.991296,1
T_0000142267,0,0.046006,0
T_0000142294,1,0.763941,1
T_0000142312,1,0.995170,1
T_0000142329,1,0.982745,1
T_0000142330,1,0.984073,1
T_0000142399,1,0.997778,1
T_0000142409,0,0.006651,0
T_0000142410,1,0.983892,1
T_0000142420,1,0.983990,1
T_0000142453,0,0.029070,0
T_0000142497,1,0.993117,1
T_0000142499,0,0.012306,0
T_0000142500,0,0.046409,0
T_0000142540,0,0.049868,0
T_0000142551,0,0.055353,0
T_0000142555,1,0.992637,1
T_0000142562,1,0.993157,1
T_0000142584,0,0.671165,1
T_0000142614,1,0.995543,1
T_0000142624,0,0.075252,0
T_0000142627,0,0.028701,0
T_0000142640,1,0.862897,1
T_0000142646,1,0.984222,1
T_0000142654,1,0.983057,1
T_0000142656,1,0.988775,1
T_0000142684,1,0.901414,1
T_0000142760,1,0.873462,1
T_0000142821,1,0.170000,0
T_0000142822,1,0.898810,1
T_0000142826,1,0.984699,1
T_0000142875,1,0.930529,1
T_0000142897,1,0.954255,1
T_0000142924,1,0.941360,1
T_0000142934,1,0.076069,0
T_0000142946,1,0.990108,1
T_0000142969,1,0.990285,1
T_0000142992,1,0.993382,1
T_0000143001,0,0.021052,0
T_0000143002,0,0.034847,0
T_0000143015,1,0.993034,1
T_0000143016,1,0.975824,1
T_0000143022,1,0.987720,1
T_0000143039,1,0.943725,1
T_0000143064,1,0.981155,1
T_0000143113,1,0.945307,1
T_0000143125,1,0.149194,0
T_0000143153,0,0.031254,0
T_0000143155,1,0.479359,1
T_0000143159,0,0.214660,1
T_0000143223,1,0.113759,0
T_0000143225,0,0.030753,0
T_0000143234,0,0.083772,0
T_0000143278,0,0.015523,0
T_0000143292,0,0.035941,0
T_0000143293,1,0.964089,1
T_0000143297,1,0.992388,1
T_0000143316,1,0.553125,1
T_0000143318,0,0.009886,0
T_0000143320,0,0.005843,0
T_0000143348,1,0.628918,1
T_0000143349,1,0.991098,1
T_0000143353,0,0.009646,0
T_0000143429,1,0.980154,1
T_0000143437,1,0.966103,1
T_0000143457,1,0.984983,1
T_0000143498,1,0.994471,1
T_0000143507,0,0.025316,0
T_0000143555,0,0.023832,0
T_0000143564,1,0.995331,1
T_0000143583,1,0.994672,1
T_0000143584,1,0.083701,0
T_0000143610,1,0.995769,1
T_0000143626,1,0.995259,1
T_0000143633,1,0.997112,1
T_0000143712,1,0.998735,1
T_0000143723,1,0.977594,1
T_0000143727,1,0.995923,1
T_0000143736,1,0.977901,1
T_0000143759,1,0.353778,1
T_0000143763,1,0.993887,1
T_0000143783,1,0.992554,1
T_0000143798,0,0.034578,0
T_0000143811,0,0.071767,0
T_0000143823,1,0.997487,1
T_0000143854,1,0.995180,1
T_0000143867,1,0.991326,1
T_0000143874,0,0.013086,0
T_0000143886,1,0.995839,1
T_0000143897,1,0.998405,1
T_0000143910,1,0.996572,1
T_0000143936,1,0.995064,1
T_0000143940,1,0.997183,1
T_0000143942,1,0.997014,1
T_0000143952,1,0.995602,1
T_0000143958,0,0.042095,0
T_0000144029,0,0.037368,0
T_0000144032,1,0.988719,1
T_0000144042,1,0.996348,1
T_0000144043,0,0.007761,0
T_0000144058,1,0.779005,1
T_0000144060,0,0.055783,0
T_0000144143,1,0.922360,1
T_0000144172,1,0.993210,1
T_0000144184,1,0.995232,1
T_0000144216,0,0.048289,0
T_0000144259,1,0.993292,1
T_0000144263,1,0.487277,1
T_0000144303,1,0.932523,1
T_0000144306,1,0.966407,1
T_0000144363,1,0.992685,1
T_0000144371,0,0.017396,0
T_0000144383,0,0.033869,0
T_0000144385,1,0.926934,1
T_0000144417,0,0.035918,0
T_0000144427,1,0.992894,1
T_0000144444,1,0.946378,1
T_0000144450,1,0.364181,1
T_0000144472,1,0.992467,1
T_0000144491,0,0.068760,0
T_0000144517,1,0.201600,1
T_0000144520,1,0.989989,1
T_0000144536,1,0.989958,1
T_0000144560,1,0.989035,1
T_0000144567,1,0.916106,1
T_0000144574,1,0.984155,1
T_0000144591,1,0.977511,1
T_0000144608,1,0.989108,1
T_0000144629,0,0.091409,0
T_0000144638,1,0.991878,1
T_0000144649,1,0.988188,1
T_0000144657,1,0.835523,1
T_0000144659,1,0.570745,1
T_0000144742,1,0.985241,1
T_0000144782,0,0.041979,0
T_0000144821,1,0.940281,1
T_0000144831,1,0.985600,1
T_0000144863,1,0.281161,1
T_0000144944,1,0.986856,1
T_0000144971,1,0.982104,1
T_0000145049,0,0.023654,0
T_0000145057,0,0.031210,0
T_0000145059,1,0.182698,1
T_0000145064,1,0.481131,1
T_0000145087,1,0.947533,1
T_0000145104,0,0.018472,0
T_0000145108,0,0.030382,0
T_0000145114,1,0.981277,1
T_0000145156,0,0.032228,0
T_0000145179,1,0.994298,1
T_0000145197,1,0.356381,1
T_0000145217,1,0.996214,1
T_0000145231,1,0.993807,1
T_0000145238,1,0.978817,1
T_0000145255,0,0.079019,0
T_0000145261,0,0.012975,0
T_0000145262,1,0.988897,1
T_0000145266,1,0.771326,1
T_0000145277,1,0.930470,1
T_0000145315,1,0.515971,1
T_0000145330,1,0.990687,1
T_0000145343,0,0.037755,0
T_0000145348,1,0.975410,1
T_0000145391,1,0.984950,1
T_0000145420,0,0.037694,0
T_0000145466,1,0.999044,1
T_0000145478,0,0.014153,0
T_0000145481,1,0.986799,1
T_0000145496,1,0.993285,1
T_0000145498,0,0.079230,0
T_0000145512,0,0.048713,0
T_0000145527,0,0.080187,0
T_0000145575,0,0.945064,1
T_0000145580,1,0.995623,1
T_0000145581,0,0.006727,0
T_0000145594,1,0.992172,1
T_0000145612,1,0.987179,1
T_0000145642,1,0.982488,1
T_0000145693,0,0.036701,0
T_0000145700,1,0.982292,1
T_0000145706,1,0.993407,1
T_0000145739,1,0.995165,1
T_0000145785,1,0.149138,0
T_0000145786,1,0.988614,1
T_0000145799,1,0.484624,1
T_0000145809,1,0.995187,1
T_0000145810,0,0.002722,0
T_0000145832,1,0.931528,1
T_0000145852,0,0.048899,0
T_0000145865,1,0.881767,1
T_0000145874,1,0.977690,1
T_0000145882,0,0.012316,0
T_0000145890,0,0.004781,0
T_0000145916,1,0.051913,0
T_0000145957,0,0.104213,0
T_0000146000,1,0.969545,1
T_0000146015,1,0.983232,1
T_0000146041,1,0.977113,1
T_0000146094,1,0.990356,1
T_0000146098,1,0.923474,1
T_0000146130,1,0.022018,0
T_0000146146,1,0.968291,1
T_0000146177,1,0.735964,1
T_0000146204,1,0.042786,0
T_0000146220,1,0.943662,1
T_0000146230,1,0.949246,1
T_0000146246,1,0.743237,1
T_0000146248,1,0.347670,1
T_0000146263,0,0.009863,0
T_0000146276,0,0.007093,0
T_0000146280,1,0.980981,1
T_0000146312,1,0.966035,1
T_0000146343,1,0.813318,1
T_0000146371,1,0.979183,1
T_0000146380,1,0.101372,0
T_0000146425,1,0.990807,1
T_0000146427,1,0.991018,1
T_0000146461,1,0.990135,1
T_0000146472,0,0.040384,0
T_0000146475,1,0.082747,0
T_0000146538,1,0.973425,1
T_0000146544,0,0.029885,0
T_0000146560,1,0.221127,1
T_0000146568,0,0.012273,0
T_0000146608,1,0.211194,1
T_0000146632,0,0.060724,0
T_0000146635,0,0.530683,1
T_0000146661,1,0.959467,1
T_0000146673,1,0.982880,1
T_0000146702,0,0.009294,0
T_0000146708,1,0.107005,0
T_0000146736,1,0.985256,1
T_0000146751,1,0.994026,1
T_0000146753,1,0.989313,1
T_0000146762,1,0.991715,1
T_0000146786,1,0.160106,0
T_0000146831,0,0.041195,0
T_0000146849,1,0.993275,1
T_0000146850,1,0.995510,1
T_0000146879,1,0.991766,1
T_0000146904,0,0.087454,0
T_0000146907,0,0.030994,0
T_0000146919,1,0.990614,1
T_0000146928,1,0.990418,1
T_0000146931,1,0.039699,0
T_0000146955,1,0.959527,1
T_0000146967,1,0.993132,1
T_0000147003,1,0.987009,1
T_0000147015,1,0.518322,1
T_0000147020,1,0.973329,1
T_0000147081,1,0.973575,1
T_0000147111,1,0.993711,1
T_0000147119,0,0.111619,0
T_0000147128,1,0.419222,1
T_0000147136,1,0.961201,1
T_0000147142,1,0.932394,1
T_0000147181,1,0.143152,0
T_0000147185,1,0.969530,1
T_0000147246,0,0.040278,0
T_0000147248,1,0.119039,0
T_0000147288,1,0.995087,1
T_0000147335,1,0.987101,1
T_0000147341,0,0.028018,0
T_0000147344,1,0.911758,1
T_0000147347,0,0.007190,0
T_0000147348,1,0.992136,1
T_0000147391,1,0.943124,1
T_0000147431,0,0.050036,0
T_0000147477,1,0.994429,1
T_0000147517,0,0.081704,0
T_0000147523,0,0.008909,0
T_0000147528,1,0.965575,1
T_0000147554,1,0.993261,1
T_0000147590,0,0.024498,0
T_0000147598,1,0.159044,0
T_0000147615,1,0.992663,1
T_0000147631,1,0.994349,1
T_0000147637,1,0.989468,1
T_0000147640,1,0.986207,1
T_0000147718,1,0.979642,1
T_0000147742,0,0.023394,0
T_0000147756,1,0.991359,1
T_0000147766,0,0.024980,0
T_0000147776,1,0.977372,1
T_0000147777,1,0.963007,1
T_0000147847,1,0.993019,1
T_0000147893,0,0.017702,0
T_0000147904,1,0.978366,1
T_0000147925,1,0.997359,1
T_0000147942,1,0.027630,0
T_0000147944,1,0.998703,1
T_0000147958,0,0.028773,0
T_0000148008,0,0.040459,0
T_0000148036,0,0.029787,0
T_0000148046,1,0.983031,1
T_0000148087,1,0.999989,1
T_0000148104,1,0.820557,1
T_0000148117,1,0.999669,1
T_0000148125,1,0.988353,1
T_0000148134,1,0.968427,1
T_0000148137,1,0.208220,1
T_0000148176,1,0.475471,1
T_0000148184,1,0.519336,1
T_0000148235,1,0.986650,1
T_0000148267,1,0.996498,1
T_0000148282,1,0.974421,1
T_0000148300,1,0.193259,1
T_0000148317,1,0.996447,1
T_0000148326,1,0.989051,1
T_0000148351,1,0.991746,1
T_0000148367,1,0.932698,1
T_0000148370,1,0.815878,1
T_0000148379,1,0.993795,1
T_0000148406,0,0.083799,0
T_0000148475,1,0.926580,1
T_0000148478,1,0.978477,1
T_0000148517,1,0.987750,1
T_0000148532,1,0.994445,1
T_0000148592,1,0.817703,1
T_0000148602,0,0.059443,0
T_0000148625,1,0.982102,1
T_0000148631,1,0.999620,1
T_0000148633,1,0.785884,1
T_0000148698,0,0.010713,0
T_0000148699,1,0.990928,1
T_0000148704,0,0.004640,0
T_0000148705,0,0.025474,0
T_0000148722,1,0.990264,1
T_0000148744,1,0.974236,1
T_0000148771,1,0.975872,1
T_0000148780,0,0.045796,0
T_0000148783,1,0.993876,1
T_0000148798,1,0.996112,1
T_0000148823,0,0.074853,0
T_0000148833,1,0.992914,1
T_0000148851,1,0.069102,0
T_0000148854,1,0.962154,1
T_0000148908,0,0.007462,0
T_0000148909,1,0.990634,1
T_0000148993,1,0.983673,1
T_0000149012,1,0.998818,1
T_0000149014,0,0.102384,0
T_0000149048,0,0.025452,0
T_0000149052,0,0.119233,0
T_0000149103,1,0.986005,1
T_0000149107,1,0.991377,1
T_0000149131,1,0.913702,1
T_0000149150,0,0.056189,0
T_0000149170,1,0.452121,1
T_0000149225,0,0.025476,0
T_0000149228,0,0.095024,0
T_0000149269,0,0.056753,0
T_0000149279,1,0.986823,1
T_0000149311,1,0.973994,1
T_0000149313,1,0.977539,1
T_0000149345,1,0.436277,1
T_0000149351,1,0.991712,1
T_0000149372,1,0.990526,1
T_0000149373,1,0.994984,1
T_0000149381,1,0.993475,1
T_0000149418,1,0.977192,1
T_0000149426,0,0.054232,0
T_0000149456,0,0.013594,0
T_0000149494,0,0.068407,0
T_0000149510,1,0.983558,1
T_0000149528,1,0.556616,1
T_0000149602,1,0.953638,1
T_0000149693,1,0.956744,1
T_0000149705,0,0.018090,0
T_0000149749,1,0.080061,0
T_0000149764,0,0.110709,0
T_0000149770,1,0.983464,1
T_0000149828,1,0.895668,1
T_0000149839,1,0.042260,0
T_0000149845,1,0.982860,1
T_0000149880,0,0.018206,0
T_0000149895,0,0.046916,0
T_0000149899,1,0.076341,0
T_0000149931,1,0.993582,1
T_0000149941,1,0.978593,1
T_0000149991,1,0.986662,1
T_0000150046,1,0.995752,1
T_0000150081,1,0.988883,1
T_0000150134,1,0.994903,1
T_0000150153,1,0.976651,1
T_0000150201,1,0.979927,1
T_0000150209,0,0.020949,0
T_0000150225,0,0.029707,0
T_0000150228,0,0.045930,0
T_0000150257,0,0.011740,0
T_0000150261,1,0.991753,1
T_0000150263,0,0.018378,0
T_0000150270,1,0.991508,1
T_0000150312,0,0.016384,0
T_0000150344,0,0.008625,0
T_0000150359,1,0.978307,1
T_0000150375,1,0.071275,0
T_0000150409,1,0.984714,1
T_0000150445,0,0.036828,0
T_0000150454,1,0.990832,1
T_0000150462,1,0.993424,1
T_0000150514,1,0.995534,1
T_0000150591,0,0.001756,0
T_0000150612,1,0.971079,1
T_0000150624,0,0.035304,0
T_0000150690,1,0.069827,0
T_0000150700,1,0.586230,1
T_0000150750,0,0.051749,0
T_0000150758,0,0.018773,0
T_0000150763,1,0.972333,1
T_0000150765,0,0.090504,0
T_0000150816,1,0.335452,1
T_0000150819,1,0.981606,1
T_0000150830,1,0.960442,1
T_0000150831,1,0.989456,1
T_0000150843,1,0.979491,1
T_0000150860,1,0.995593,1
T_0000150885,1,0.981647,1
T_0000150887,0,0.020834,0
T_0000150891,1,0.993189,1
T_0000150898,1,0.978861,1
T_0000150916,0,0.091303,0
T_0000150924,1,0.988660,1
T_0000151042,1,0.970231,1
T_0000151044,0,0.022051,0
T_0000151053,1,0.130713,0
T_0000151068,0,0.063411,0
T_0000151116,1,0.979815,1
T_0000151125,0,0.017664,0
T_0000151136,0,0.813676,1
T_0000151178,1,0.892977,1
T_0000151180,0,0.009871,0
T_0000151182,0,0.025647,0
T_0000151207,1,0.079866,0
T_0000151215,1,0.993486,1
T_0000151246,1,0.996257,1
T_0000151247,1,0.249647,1
T_0000151257,1,0.973003,1
T_0000151295,1,0.229428,1
T_0000151308,0,0.035381,0
T_0000151329,1,0.974970,1
T_0000151331,1,0.983340,1
T_0000151333,1,0.992659,1
T_0000151361,0,0.006231,0
T_0000151369,1,0.038005,0
T_0000151416,1,0.098623,0
T_0000151422,1,0.994785,1
T_0000151428,1,0.982602,1
T_0000151489,1,0.978241,1
T_0000151491,1,0.129169,0
T_0000151516,0,0.006232,0
T_0000151577,0,0.028117,0
T_0000151593,1,0.020894,0
T_0000151601,1,0.736648,1
T_0000151613,0,0.018533,0
T_0000151619,1,0.996892,1
T_0000151629,1,0.965969,1
T_0000151656,1,0.994142,1
T_0000151662,1,0.992841,1
T_0000151680,1,0.976379,1
T_0000151695,1,0.919209,1
T_0000151711,0,0.029662,0
T_0000151715,1,0.999995,1
T_0000151725,1,0.999045,1
T_0000151733,0,0.026820,0
T_0000151748,1,0.019087,0
T_0000151774,0,0.405622,1
T_0000151779,1,0.734556,1
T_0000151780,1,0.990792,1
T_0000151784,1,0.997310,1
T_0000151792,1,0.967375,1
T_0000151808,0,0.027447,0
T_0000151809,0,0.006019,0
T_0000151819,0,0.019300,0
T_0000151851,1,0.990282,1
T_0000151856,0,0.047735,0
T_0000151889,1,0.994324,1
T_0000151897,1,0.992321,1
T_0000151911,1,0.938220,1
T_0000151916,1,0.989203,1
T_0000151937,1,0.945183,1
T_0000151951,1,0.866527,1
T_0000151965,1,0.990662,1
T_0000151978,1,0.833455,1
T_0000152039,0,0.040238,0
T_0000152040,0,0.039656,0
T_0000152059,1,0.996528,1
T_0000152091,1,0.100278,0
T_0000152099,1,0.983650,1
T_0000152133,1,0.966997,1
T_0000152138,1,0.600695,1
T_0000152175,0,0.034956,0
T_0000152179,1,0.968869,1
T_0000152185,0,0.010894,0
T_0000152189,1,0.991712,1
T_0000152203,1,0.993414,1
T_0000152215,1,0.995091,1
T_0000152249,1,0.948628,1
T_0000152318,1,0.988170,1
T_0000152340,1,0.698527,1
T_0000152370,1,0.984728,1
T_0000152438,1,0.985529,1
T_0000152501,0,0.023505,0
T_0000152541,1,0.999488,1
T_0000152561,0,0.105598,0
T_0000152574,0,0.039000,0
T_0000152598,1,0.994145,1
T_0000152608,0,0.030223,0
T_0000152687,1,0.970163,1
T_0000152690,0,0.060572,0
T_0000152717,1,0.848664,1
T_0000152722,0,0.060335,0
T_0000152828,0,0.040941,0
T_0000152839,0,0.110244,0
T_0000152870,1,0.938366,1
T_0000152893,0,0.015519,0
T_0000152901,1,0.964395,1
T_0000152931,1,0.991369,1
T_0000152979,0,0.014720,0
T_0000153016,1,0.498372,1
T_0000153038,1,0.989560,1
T_0000153044,1,0.980857,1
T_0000153046,1,0.998207,1
T_0000153066,1,0.979376,1
T_0000153074,1,0.994258,1
T_0000153081,0,0.035562,0
T_0000153092,1,0.073004,0
T_0000153122,1,0.919628,1
T_0000153170,1,0.948104,1
T_0000153172,1,0.993078,1
T_0000153177,1,0.991855,1
T_0000153215,1,0.070555,0
T_0000153300,1,0.036930,0
T_0000153307,1,0.999596,1
T_0000153332,0,0.018247,0
T_0000153372,0,0.014804,0
T_0000153396,1,0.927634,1
T_0000153402,1,0.990514,1
T_0000153408,1,0.994688,1
T_0000153460,1,0.997327,1
T_0000153468,1,0.991979,1
T_0000153471,1,0.971264,1
T_0000153522,1,0.944077,1
T_0000153523,1,0.985704,1
T_0000153529,0,0.013331,0
T_0000153533,0,0.005428,0
T_0000153562,1,0.980423,1
T_0000153609,1,0.794447,1
T_0000153669,1,0.989921,1
T_0000153674,0,0.021203,0
T_0000153697,1,0.992594,1
T_0000153701,0,0.016737,0
T_0000153752,1,0.024353,0
T_0000153756,0,0.035329,0
T_0000153762,1,0.994176,1
T_0000153787,1,0.991661,1
T_0000153794,1,0.125235,0
T_0000153817,0,0.054869,0
T_0000153863,0,0.025928,0
T_0000153867,0,0.009040,0
T_0000153883,1,0.977148,1
T_0000153926,1,0.990920,1
T_0000153928,1,0.352212,1
T_0000153932,1,0.965851,1
T_0000153934,1,0.994486,1
T_0000153935,1,0.999176,1
T_0000153938,1,0.971532,1
T_0000153943,1,0.964707,1
T_0000153966,1,0.967619,1
T_0000154029,1,0.560478,1
T_0000154036,1,0.985925,1
T_0000154038,1,0.996318,1
T_0000154051,1,0.997163,1
T_0000154070,0,0.037846,0
T_0000154075,1,0.993573,1
T_0000154080,1,0.991633,1
T_0000154098,1,0.984175,1
T_0000154102,0,0.045731,0
T_0000154155,1,0.982273,1
T_0000154183,0,0.018948,0
T_0000154199,1,0.984932,1
T_0000154206,1,0.951859,1
T_0000154219,1,0.826279,1
T_0000154230,1,0.961414,1
T_0000154245,1,0.973389,1
T_0000154249,1,0.610269,1
T_0000154253,0,0.103214,0
T_0000154257,1,0.532223,1
T_0000154270,0,0.052471,0
T_0000154286,1,0.992020,1
T_0000154376,0,0.089371,0
T_0000154398,0,0.090803,0
T_0000154449,0,0.093329,0
T_0000154461,0,0.015582,0
T_0000154502,1,0.975707,1
T_0000154528,0,0.447261,1
T_0000154534,1,0.975687,1
T_0000154573,0,0.006175,0
T_0000154603,1,0.531593,1
T_0000154612,1,0.995763,1
T_0000154636,0,0.007441,0
T_0000154686,0,0.022610,0
T_0000154713,0,0.045358,0
T_0000154737,1,0.989279,1
T_0000154750,1,0.988206,1
T_0000154758,1,0.819886,1
T_0000154759,1,0.991196,1
T_0000154774,1,0.240433,1
T_0000154838,0,0.046174,0
T_0000154864,1,0.989595,1
T_0000154876,0,0.042028,0
T_0000155014,1,0.991321,1
T_0000155034,0,0.077571,0
T_0000155043,1,0.940707,1
T_0000155055,1,0.989971,1
T_0000155064,0,0.081088,0
T_0000155074,1,0.935605,1
T_0000155133,1,0.996460,1
T_0000155170,1,0.973980,1
T_0000155190,1,0.987660,1
T_0000155253,0,0.013689,0
T_0000155258,1,0.174056,0
T_0000155274,1,0.994372,1
T_0000155278,1,0.976625,1
T_0000155341,0,0.053970,0
T_0000155355,1,0.958030,1
T_0000155365,1,0.993020,1
T_0000155373,1,0.993150,1
T_0000155379,1,0.997242,1
T_0000155429,1,0.957639,1
T_0000155464,0,0.023173,0
T_0000155528,0,0.070094,0
T_0000155562,1,0.985397,1
T_0000155577,1,0.981672,1
T_0000155578,1,0.983775,1
T_0000155581,1,0.744842,1
T_0000155589,1,0.996071,1
T_0000155593,1,0.993619,1
T_0000155602,1,0.973184,1
T_0000155608,1,0.977614,1
T_0000155621,0,0.043875,0
T_0000155624,0,0.006711,0
T_0000155636,1,0.097647,0
T_0000155643,1,0.989108,1
T_0000155672,1,0.994980,1
T_0000155694,0,0.089124,0
T_0000155697,1,0.994074,1
T_0000155806,1,0.999036,1
T_0000155847,1,0.987501,1
T_0000155917,1,0.993715,1
T_0000155921,0,0.984213,1
T_0000155933,0,0.209832,1
T_0000155943,1,0.986710,1
T_0000156001,1,0.996050,1
T_0000156034,0,0.020544,0
T_0000156038,0,0.585168,1
T_0000156045,1,0.961051,1
T_0000156070,1,0.940177,1
T_0000156094,1,0.997433,1
T_0000156106,0,0.055177,0
T_0000156133,1,0.995418,1
T_0000156137,1,0.999665,1
T_0000156146,1,0.995501,1
T_0000156152,1,0.995563,1
T_0000156162,1,0.997755,1
T_0000156198,0,0.016304,0
T_0000156205,0,0.020297,0
T_0000156206,0,0.078116,0
T_0000156217,0,0.099892,0
T_0000156262,0,0.011733,0
T_0000156270,0,0.015113,0
T_0000156332,0,0.094182,0
T_0000156347,1,0.994625,1
T_0000156418,0,0.020759,0
T_0000156448,1,0.998568,1
T_0000156524,1,0.995549,1
T_0000156557,1,0.855209,1
T_0000156629,0,0.032134,0
T_0000156654,1,0.987356,1
T_0000156664,1,0.859745,1
T_0000156681,1,0.991737,1
T_0000156701,1,0.170209,0
T_0000156731,1,0.547848,1
T_0000156744,1,0.990423,1
T_0000156753,0,0.006034,0
T_0000156762,0,0.015389,0
T_0000156806,1,0.985562,1
T_0000156807,1,0.993908,1
T_0000156844,1,0.936010,1
T_0000156851,1,0.989729,1
T_0000156853,0,0.077223,0
T_0000156857,0,0.002719,0
T_0000156876,1,0.996316,1
T_0000156898,0,0.038977,0
T_0000156903,1,0.992898,1
T_0000156914,0,0.034892,0
T_0000156943,1,0.995049,1
T_0000156950,1,0.038883,0
T_0000156953,1,0.990682,1
T_0000156986,1,0.976377,1
T_0000156992,1,0.999008,1
T_0000156996,0,0.014561,0
T_0000157038,1,0.989585,1
T_0000157045,0,0.082288,0
T_0000157065,1,0.987790,1
T_0000157076,1,0.994407,1
T_0000157111,0,0.150963,0
T_0000157117,0,0.006589,0
T_0000157162,0,0.037475,0
T_0000157185,0,0.074465,0
T_0000157187,1,0.943331,1
T_0000157226,1,0.991865,1
T_0000157239,1,0.897738,1
T_0000157246,1,0.988759,1
T_0000157277,1,0.991598,1
T_0000157280,1,0.838646,1
T_0000157319,1,0.992951,1
T_0000157320,1,0.994504,1
T_0000157325,0,0.015215,0
T_0000157344,1,0.991931,1
T_0000157349,0,0.012794,0
T_0000157384,1,0.989641,1
T_0000157407,0,0.013745,0
T_0000157467,1,0.999256,1
T_0000157480,1,0.987463,1
T_0000157487,1,0.989516,1
T_0000157533,0,0.027845,0
T_0000157549,1,0.991264,1
T_0000157592,1,0.992966,1
T_0000157596,1,0.994814,1
T_0000157599,1,0.989010,1
T_0000157723,0,0.030166,0
T_0000157743,1,0.991831,1
T_0000157756,1,0.991856,1
T_0000157759,1,0.971041,1
T_0000157778,0,0.048764,0
T_0000157804,1,0.988281,1
T_0000157812,1,0.968343,1
T_0000157825,1,0.993158,1
T_0000157842,1,0.992093,1
T_0000157848,0,0.021180,0
T_0000157861,1,0.985804,1
T_0000157875,1,0.964502,1
T_0000157887,1,0.978835,1
T_0000157895,0,0.011597,0
T_0000157913,1,0.992773,1
T_0000157915,0,0.021526,0
T_0000157935,0,0.128286,0
T_0000157961,1,0.222047,1
T_0000157971,1,0.164073,0
T_0000158021,1,0.993049,1
T_0000158036,1,0.454420,1
T_0000158114,1,0.983756,1
T_0000158133,0,0.017900,0
T_0000158179,1,0.157113,0
T_0000158221,0,0.043666,0
T_0000158243,1,0.986399,1
T_0000158251,1,0.982886,1
T_0000158256,1,0.083754,0
T_0000158282,1,0.841078,1
T_0000158286,0,0.046448,0
T_0000158306,1,0.983999,1
T_0000158307,1,0.180497,1
T_0000158349,1,0.997530,1
T_0000158359,1,0.996102,1
T_0000158386,0,0.029374,0
T_0000158408,0,0.049232,0
T_0000158461,1,0.263129,1
T_0000158467,1,0.999998,1
T_0000158578,0,0.080949,0
T_0000158579,0,0.018210,0
T_0000158587,1,0.979876,1
T_0000158653,1,0.990499,1
T_0000158660,1,0.987721,1
T_0000158724,1,0.042720,0
T_0000158742,1,0.365541,1
T_0000158780,1,0.993588,1
T_0000158789,1,0.993652,1
T_0000158845,1,0.985121,1
T_0000158858,0,0.042335,0
T_0000158883,1,0.992537,1
T_0000158896,1,0.988081,1
T_0000158928,1,0.983258,1
T_0000158945,0,0.028101,0
T_0000158977,1,0.981771,1
T_0000158989,0,0.092855,0
T_0000159039,1,0.935450,1
T_0000159040,1,0.989735,1
T_0000159095,0,0.902973,1
T_0000159122,1,0.370917,1
T_0000159145,0,0.083235,0
T_0000159149,0,0.020114,0
T_0000159152,0,0.014541,0
T_0000159198,1,0.991509,1
T_0000159203,1,0.955511,1
T_0000159213,1,0.909891,1
T_0000159231,1,0.987882,1
T_0000159237,1,0.992108,1
T_0000159250,1,0.945097,1
T_0000159278,1,0.931766,1
T_0000159319,1,0.244133,1
T_0000159331,1,0.997826,1
T_0000159356,0,0.075329,0
T_0000159420,1,0.990404,1
T_0000159436,1,0.917432,1
T_0000159441,1,0.981354,1
T_0000159470,1,0.134813,0
T_0000159474,1,0.987307,1
T_0000159476,1,0.993346,1
T_0000159553,0,0.029153,0
T_0000159557,0,0.020754,0
T_0000159585,1,0.970801,1
T_0000159630,1,0.985666,1
T_0000159637,0,0.038528,0
T_0000159643,1,0.450596,1
T_0000159718,1,0.822720,1
T_0000159739,1,0.988211,1
T_0000159775,1,0.954298,1
T_0000159794,0,0.078913,0
T_0000159811,1,0.969415,1
T_0000159835,1,0.990721,1
T_0000159850,1,0.989124,1
T_0000159877,1,0.995812,1
T_0000159878,0,0.003781,0
T_0000159927,1,0.989744,1
T_0000159946,0,0.018898,0
T_0000159949,1,0.965356,1
T_0000159952,1,0.970424,1
T_0000159992,1,0.995752,1
T_0000160003,0,0.053844,0
T_0000160030,1,0.401689,1
T_0000160047,0,0.004612,0
T_0000160060,1,0.958529,1
T_0000160067,1,0.981112,1
T_0000160070,0,0.051545,0
T_0000160073,0,0.014534,0
T_0000160092,1,0.994491,1
T_0000160096,1,0.994092,1
T_0000160147,1,0.988839,1
T_0000160187,1,0.221834,1
T_0000160190,1,0.066028,0
T_0000160212,1,0.991300,1
T_0000160246,0,0.045344,0
T_0000160249,1,0.829175,1
T_0000160282,1,0.986182,1
T_0000160311,1,0.329949,1
T_0000160327,0,0.052312,0
T_0000160332,0,0.037476,0
T_0000160347,1,0.993106,1
T_0000160349,1,0.988972,1
T_0000160383,1,0.988156,1
T_0000160390,0,0.028042,0
T_0000160405,1,0.981464,1
T_0000160409,1,0.988487,1
T_0000160421,1,0.987606,1
T_0000160447,1,0.995865,1
T_0000160454,0,0.008905,0
T_0000160477,0,0.009679,0
T_0000160492,0,0.013091,0
T_0000160496,0,0.010805,0
T_0000160507,0,0.068215,0
T_0000160539,0,0.122918,0
T_0000160560,0,0.069616,0
T_0000160600,0,0.032826,0
T_0000160602,1,0.957682,1
T_0000160628,0,0.008159,0
T_0000160635,1,0.970657,1
T_0000160643,1,0.993973,1
T_0000160650,1,0.047573,0
T_0000160662,1,0.972261,1
T_0000160710,1,0.953901,1
T_0000160733,0,0.020497,0
T_0000160735,0,0.102166,0
T_0000160746,0,0.016310,0
T_0000160780,1,0.203379,1
T_0000160792,1,0.997384,1
T_0000160811,1,0.984782,1
T_0000160827,1,0.988022,1
T_0000160846,0,0.028385,0
T_0000160881,0,0.003905,0
T_0000160894,0,0.393656,1
T_0000160913,1,0.997859,1
T_0000160983,1,0.937892,1
T_0000160988,1,0.993611,1
T_0000161023,0,0.051109,0
T_0000161025,1,0.054037,0
T_0000161035,1,0.978208,1
T_0000161042,0,0.011402,0
T_0000161045,1,0.960301,1
T_0000161046,1,0.994383,1
T_0000161141,1,0.978083,1
T_0000161165,1,0.982488,1
T_0000161195,1,0.939818,1
T_0000161203,1,0.993715,1
T_0000161229,1,0.920829,1
T_0000161246,1,0.999389,1
T_0000161290,1,0.991824,1
T_0000161298,0,0.105701,0
T_0000161331,1,0.976287,1
T_0000161353,1,0.144641,0
T_0000161366,1,0.893312,1
T_0000161374,1,0.993551,1
T_0000161392,0,0.036470,0
T_0000161430,0,0.016704,0
T_0000161481,0,0.032736,0
T_0000161494,1,0.170946,0
T_0000161512,1,0.045853,0
T_0000161513,1,0.998719,1
T_0000161529,0,0.028645,0
T_0000161543,0,0.021918,0
T_0000161549,1,0.980386,1
T_0000161593,1,0.935166,1
T_0000161613,0,0.053060,0
T_0000161640,1,0.975060,1
T_0000161644,1,0.992764,1
T_0000161659,1,0.951349,1
T_0000161674,1,0.983438,1
T_0000161679,1,0.886811,1
T_0000161701,1,0.973924,1
T_0000161716,0,0.048074,0
T_0000161723,0,0.021406,0
T_0000161777,1,0.054718,0
T_0000161825,1,0.994905,1
T_0000161829,0,0.007041,0
T_0000161847,0,0.019429,0
T_0000161895,0,0.008809,0
T_0000161900,0,0.007916,0
T_0000161904,1,0.936682,1
T_0000161921,0,0.035151,0
T_0000161925,1,0.977980,1
T_0000161926,1,0.962812,1
T_0000161935,0,0.027394,0
T_0000161967,0,0.027953,0
T_0000161977,1,0.995547,1
T_0000161981,0,0.049485,0
T_0000161985,1,0.989105,1
T_0000161996,0,0.006528,0
T_0000161998,1,0.970972,1
T_0000162003,1,0.996690,1
T_0000162039,1,0.991782,1
T_0000162043,1,0.865477,1
T_0000162073,1,0.979821,1
T_0000162083,1,0.969734,1
T_0000162122,1,0.994659,1
T_0000162132,0,0.007141,0
T_0000162140,1,0.991791,1
T_0000162151,0,0.008971,0
T_0000162165,1,0.986052,1
T_0000162189,0,0.109613,0
T_0000162201,0,0.025062,0
T_0000162203,0,0.014557,0
T_0000162211,0,0.004176,0
T_0000162213,1,0.988831,1
T_0000162226,1,0.390639,1
T_0000162246,1,0.986673,1
T_0000162252,1,0.994339,1
T_0000162262,1,0.995613,1
T_0000162292,0,0.017813,0
T_0000162295,1,0.995637,1
T_0000162310,0,0.014330,0
T_0000162315,1,0.995143,1
T_0000162322,1,0.995928,1
T_0000162329,1,0.991169,1
T_0000162344,0,0.031681,0
T_0000162374,1,0.990012,1
T_0000162393,1,0.952830,1
T_0000162426,1,0.982343,1
T_0000162435,0,0.019297,0
T_0000162443,0,0.014997,0
T_0000162455,1,0.996706,1
T_0000162474,0,0.021261,0
T_0000162479,0,0.080281,0
T_0000162485,0,0.004485,0
T_0000162501,0,0.010903,0
T_0000162587,1,0.707125,1
T_0000162607,1,0.990930,1
T_0000162612,0,0.090562,0
T_0000162624,1,0.989465,1
T_0000162681,1,0.997139,1
T_0000162735,1,0.992187,1
T_0000162762,1,0.617323,1
T_0000162815,1,0.921933,1
T_0000162823,1,0.992125,1
T_0000162837,0,0.024909,0
T_0000162853,1,0.986450,1
T_0000162889,0,0.030933,0
T_0000162930,1,0.988779,1
T_0000162953,0,0.009026,0
T_0000162967,1,0.992971,1
T_0000162969,0,0.049914,0
T_0000162975,0,0.082583,0
T_0000162985,1,0.996396,1
T_0000162987,1,0.992938,1
T_0000162999,1,0.998037,1
T_0000163013,1,0.989915,1
T_0000163050,1,0.971280,1
T_0000163113,0,0.051108,0
T_0000163133,0,0.072199,0
T_0000163168,0,0.036074,0
T_0000163171,0,0.053678,0
T_0000163197,1,0.994940,1
T_0000163208,1,0.990228,1
T_0000163213,1,0.993764,1
T_0000163225,1,0.990459,1
T_0000163231,1,0.986497,1
T_0000163290,1,0.994557,1
T_0000163316,1,0.995168,1
T_0000163326,1,0.996444,1
T_0000163341,0,0.024607,0
T_0000163372,1,0.195759,1
T_0000163458,1,0.688799,1
T_0000163497,1,0.989184,1
T_0000163547,0,0.029443,0
T_0000163579,0,0.004855,0
T_0000163589,1,0.151218,0
T_0000163612,1,0.361763,1
T_0000163620,1,0.983642,1
T_0000163633,0,0.059245,0
T_0000163634,0,0.010453,0
T_0000163652,0,0.024513,0
T_0000163669,0,0.041465,0
T_0000163682,0,0.014018,0
T_0000163701,1,0.996439,1
T_0000163729,0,0.036911,0
T_0000163780,0,0.030929,0
T_0000163797,0,0.023309,0
T_0000163832,1,0.991455,1
T_0000163853,1,0.409689,1
T_0000163881,1,0.173735,0
T_0000163896,1,0.969478,1
T_0000163918,0,0.053972,0
T_0000163942,1,0.384269,1
T_0000163951,1,0.991172,1
T_0000163962,1,0.981699,1
T_0000164030,1,0.980710,1
T_0000164033,1,0.992309,1
T_0000164063,0,0.010951,0
T_0000164065,1,0.507511,1
T_0000164080,0,0.020074,0
T_0000164090,1,0.990857,1
T_0000164098,1,0.433612,1
T_0000164129,1,0.892676,1
T_0000164138,1,0.872039,1
T_0000164161,1,0.225582,1
T_0000164173,1,0.986012,1
T_0000164182,0,0.033723,0
T_0000164185,1,0.983667,1
T_0000164193,1,0.627066,1
T_0000164288,0,0.031922,0
T_0000164305,1,0.803045,1
T_0000164312,0,0.092840,0
T_0000164317,1,0.021844,0
T_0000164329,1,0.994447,1
T_0000164334,1,0.178447,1
T_0000164336,1,0.872316,1
T_0000164368,1,0.983672,1
T_0000164371,1,0.973213,1
T_0000164374,1,0.989697,1
T_0000164377,0,0.034349,0
T_0000164412,1,0.965284,1
T_0000164439,1,0.864114,1
T_0000164449,1,0.981599,1
T_0000164460,1,0.973717,1
T_0000164468,1,0.983352,1
T_0000164471,1,0.564813,1
T_0000164478,0,0.028750,0
T_0000164496,1,0.997316,1
T_0000164507,0,0.041582,0
T_0000164508,1,0.978207,1
T_0000164510,0,0.195997,1
T_0000164535,1,0.991143,1
T_0000164554,1,0.999946,1
T_0000164561,1,0.947986,1
T_0000164583,0,0.079876,0
T_0000164654,0,0.015247,0
T_0000164658,1,0.988841,1
T_0000164677,1,0.872764,1
T_0000164686,0,0.040181,0
T_0000164702,1,0.202711,1
T_0000164714,1,0.992463,1
T_0000164717,1,0.985447,1
T_0000164736,1,0.955161,1
T_0000164748,1,0.981778,1
T_0000164783,1,0.963584,1
T_0000164785,1,0.978772,1
T_0000164802,1,0.973900,1
T_0000164804,1,0.684325,1
T_0000164818,0,0.003036,0
T_0000164862,0,0.060936,0
T_0000164874,1,0.963075,1
T_0000164875,1,0.998332,1
T_0000164882,1,0.722700,1
T_0000164884,1,0.997513,1
T_0000164897,0,0.051106,0
T_0000164946,0,0.011801,0
T_0000164986,1,0.988710,1
T_0000165016,0,0.012043,0
T_0000165028,1,0.912044,1
T_0000165029,1,0.993992,1
T_0000165072,1,0.970157,1
T_0000165074,1,0.477011,1
T_0000165101,1,0.984061,1
T_0000165115,1,0.150149,0
T_0000165202,1,0.988780,1
T_0000165222,1,0.990891,1
T_0000165237,1,0.966042,1
T_0000165246,1,0.975407,1
T_0000165271,0,0.064648,0
T_0000165276,0,0.860194,1
T_0000165277,0,0.025012,0
T_0000165281,1,0.678253,1
T_0000165296,1,0.996261,1
T_0000165366,1,0.126786,0
T_0000165369,1,0.979586,1
T_0000165371,1,0.993093,1
T_0000165390,1,0.992231,1
T_0000165395,1,0.866060,1
T_0000165408,0,0.029730,0
T_0000165415,1,0.984182,1
T_0000165421,1,0.136399,0
T_0000165452,0,0.057724,0
T_0000165497,1,0.976962,1
T_0000165515,1,0.959773,1
T_0000165550,1,0.955824,1
T_0000165560,0,0.142193,0
T_0000165562,1,0.992533,1
T_0000165578,0,0.040928,0
T_0000165587,1,0.972056,1
T_0000165601,1,0.994959,1
T_0000165633,1,0.989732,1
T_0000165667,1,0.998464,1
T_0000165668,1,0.984883,1
T_0000165710,0,0.021170,0
T_0000165715,1,0.057766,0
T_0000165723,1,0.991305,1
T_0000165725,1,0.947577,1
T_0000165727,0,0.038856,0
T_0000165780,1,0.834652,1
T_0000165832,1,0.857089,1
T_0000165848,1,0.973716,1
T_0000165871,0,0.123310,0
T_0000165920,0,0.183379,1
T_0000165925,1,0.989029,1
T_0000165942,0,0.001610,0
T_0000165945,1,0.987254,1
T_0000165959,1,0.959942,1
T_0000165967,1,0.996639,1
T_0000165977,0,0.065378,0
T_0000166080,1,0.981218,1
T_0000166083,0,0.031753,0
T_0000166123,1,0.991136,1
T_0000166132,0,0.020385,0
T_0000166140,0,0.010617,0
T_0000166144,1,0.996141,1
T_0000166170,0,0.049272,0
T_0000166172,1,0.999046,1
T_0000166224,0,0.044619,0
T_0000166252,0,0.182098,1
T_0000166263,0,0.027492,0
T_0000166324,1,0.985238,1
T_0000166342,1,0.662614,1
T_0000166343,0,0.022810,0
T_0000166345,1,0.951345,1
T_0000166386,1,0.997325,1
T_0000166395,1,0.976337,1
T_0000166458,1,0.981632,1
T_0000166556,1,0.982376,1
T_0000166591,0,0.057431,0
T_0000166601,1,0.990609,1
T_0000166621,0,0.024099,0
T_0000166628,1,0.987061,1
T_0000166645,0,0.030110,0
T_0000166657,1,0.999998,1
T_0000166672,0,0.060912,0
T_0000166679,0,0.018925,0
T_0000166688,1,0.979495,1
T_0000166691,1,0.987625,1
T_0000166694,0,0.003057,0
T_0000166705,0,0.254298,1
T_0000166707,0,0.006848,0
T_0000166726,1,0.988403,1
T_0000166741,1,0.981122,1
T_0000166749,1,0.963677,1
T_0000166766,1,0.456053,1
T_0000166781,0,0.073623,0
T_0000166784,1,0.068796,0
T_0000166840,1,0.988046,1
T_0000166877,0,0.010680,0
T_0000166880,0,0.038415,0
T_0000166884,1,0.991085,1
T_0000166887,1,0.995172,1
T_0000166896,1,0.992831,1
T_0000166911,0,0.098446,0
T_0000166916,1,0.969067,1
T_0000166964,0,0.034124,0
T_0000167071,1,0.983075,1
T_0000167097,1,0.995929,1
T_0000167110,1,0.646132,1
T_0000167113,1,0.988539,1
T_0000167132,1,0.991747,1
T_0000167167,0,0.015466,0
T_0000167169,1,0.971572,1
T_0000167204,0,0.029677,0
T_0000167247,1,0.989310,1
T_0000167251,1,0.989285,1
T_0000167267,0,0.071607,0
T_0000167277,1,0.242584,1
T_0000167290,0,0.038287,0
T_0000167313,1,0.998953,1
T_0000167329,0,0.008308,0
T_0000167393,1,0.969516,1
T_0000167395,1,0.987207,1
T_0000167396,1,0.988556,1
T_0000167411,1,0.951658,1
T_0000167425,0,0.006704,0
T_0000167446,0,0.024413,0
T_0000167481,1,0.807425,1
T_0000167513,1,0.992977,1
T_0000167520,1,0.993646,1
T_0000167522,0,0.023055,0
T_0000167562,1,0.910720,1
T_0000167573,1,0.984843,1
T_0000167591,0,0.023173,0
T_0000167605,1,0.996656,1
T_0000167609,1,0.984804,1
T_0000167672,0,0.013283,0
T_0000167697,1,0.988441,1
T_0000167715,1,0.130261,0
T_0000167725,1,0.910001,1
T_0000167741,1,0.905333,1
T_0000167792,1,0.993878,1
T_0000167804,0,0.018929,0
T_0000167853,1,0.162497,0
T_0000167854,1,0.983752,1
T_0000167863,0,0.004733,0
T_0000167887,0,0.016212,0
T_0000167923,1,0.991209,1
T_0000167933,1,0.993868,1
T_0000167951,1,0.941591,1
T_0000167980,1,0.954051,1
T_0000167982,1,0.981931,1
T_0000167998,0,0.029807,0
T_0000168004,1,0.047562,0
T_0000168008,0,0.052717,0
T_0000168016,1,0.332721,1
T_0000168023,1,0.797132,1
T_0000168024,0,0.003449,0
T_0000168025,0,0.068250,0
T_0000168034,1,0.999999,1
T_0000168040,1,0.982484,1
T_0000168063,1,0.984396,1
T_0000168075,1,0.999921,1
T_0000168164,1,0.994646,1
T_0000168177,1,0.989972,1
T_0000168186,0,0.016030,0
T_0000168191,1,0.992314,1
T_0000168297,1,0.975164,1
T_0000168303,1,0.993555,1
T_0000168311,1,0.051545,0
T_0000168313,1,0.988294,1
T_0000168348,0,0.027038,0
T_0000168357,0,0.050098,0
T_0000168360,1,0.981129,1
T_0000168373,1,0.999947,1
T_0000168379,1,0.993107,1
T_0000168385,1,0.995918,1
T_0000168387,1,0.883749,1
T_0000168398,1,0.987746,1
T_0000168427,1,0.994855,1
T_0000168442,1,0.998498,1
T_0000168483,0,0.023300,0
T_0000168485,1,0.994199,1
T_0000168512,0,0.184415,1
T_0000168538,0,0.017804,0
T_0000168555,1,0.094056,0
T_0000168557,1,0.991465,1
T_0000168608,0,0.011661,0
T_0000168611,1,0.956611,1
T_0000168636,1,0.996707,1
T_0000168662,1,0.968677,1
T_0000168675,1,0.162626,0
T_0000168685,0,0.030012,0
T_0000168723,1,0.979333,1
T_0000168745,0,0.010646,0
T_0000168758,0,0.059162,0
T_0000168763,1,0.993984,1
T_0000168772,1,0.983392,1
T_0000168829,1,0.987159,1
T_0000168838,0,0.027594,0
T_0000168847,1,0.981830,1
T_0000168853,0,0.023718,0
T_0000168890,0,0.104599,0
T_0000168924,1,0.996073,1
T_0000168939,1,0.993911,1
T_0000168958,0,0.005840,0
T_0000168989,0,0.013963,0
T_0000168997,0,0.068461,0
T_0000169006,0,0.052818,0
T_0000169021,1,0.993379,1
T_0000169045,0,0.068330,0
T_0000169061,1,0.091108,0
T_0000169093,0,0.023497,0
T_0000169129,0,0.190964,1
T_0000169144,0,0.041366,0
T_0000169180,1,0.995142,1
T_0000169215,1,0.997910,1
T_0000169225,0,0.068573,0
T_0000169246,1,0.317818,1
T_0000169253,1,0.991459,1
T_0000169257,1,0.987535,1
T_0000169302,0,0.015340,0
T_0000169353,1,0.114080,0
T_0000169356,0,0.004781,0
T_0000169376,1,0.987754,1
T_0000169418,1,0.400375,1
T_0000169453,1,0.993552,1
T_0000169454,1,0.999539,1
T_0000169456,1,0.994629,1
T_0000169464,1,0.904758,1
T_0000169485,0,0.033008,0
T_0000169517,0,0.014163,0
T_0000169563,0,0.264615,1
T_0000169575,1,0.999984,1
T_0000169577,1,0.995878,1
T_0000169595,0,0.059299,0
T_0000169599,1,0.996771,1
T_0000169628,1,0.983139,1
T_0000169636,0,0.031397,0
T_0000169637,1,0.996682,1
T_0000169654,0,0.017540,0
T_0000169657,1,0.995709,1
T_0000169680,1,0.999643,1
T_0000169706,1,0.989622,1
T_0000169729,0,0.041464,0
T_0000169730,0,0.007155,0
T_0000169737,0,0.100895,0
T_0000169780,1,0.996954,1
T_0000169809,0,0.024769,0
T_0000169811,0,0.014837,0
T_0000169837,1,0.973464,1
T_0000169859,0,0.037932,0
T_0000169864,1,0.992728,1
T_0000169880,0,0.204582,1
T_0000169887,1,0.999989,1
T_0000169904,1,0.999603,1
T_0000169912,1,0.990073,1
T_0000169971,0,0.074944,0
T_0000169974,1,0.993882,1
T_0000169997,1,0.995494,1
T_0000170044,1,0.993197,1
T_0000170046,1,0.997102,1
T_0000170063,0,0.011307,0
T_0000170083,1,0.993948,1
T_0000170102,1,0.994505,1
T_0000170120,0,0.097984,0
T_0000170167,1,0.996797,1
T_0000170174,1,0.998874,1
T_0000170175,0,0.068047,0
T_0000170181,1,0.811397,1
T_0000170185,0,0.017516,0
T_0000170186,1,0.998573,1
T_0000170200,1,0.994617,1
T_0000170204,1,0.988788,1
T_0000170286,1,0.956067,1
T_0000170310,1,0.995216,1
T_0000170359,1,0.998123,1
T_0000170419,1,0.994971,1
T_0000170438,1,0.996372,1
T_0000170447,1,0.996076,1
T_0000170449,0,0.094960,0
T_0000170456,1,0.992895,1
T_0000170470,0,0.304295,1
T_0000170489,0,0.011984,0
T_0000170523,1,0.999940,1
T_0000170526,1,0.950745,1
T_0000170536,1,0.994438,1
T_0000170552,1,0.996454,1
T_0000170602,1,0.999999,1
T_0000170628,1,0.994470,1
T_0000170732,0,0.010153,0
T_0000170737,0,0.047565,0
T_0000170738,1,0.355908,1
T_0000170785,1,0.098964,0
T_0000170786,0,0.140310,0
T_0000170828,1,0.007907,0
T_0000170870,1,0.999979,1
T_0000170891,1,0.988379,1
T_0000170894,1,0.988952,1
T_0000170904,1,0.991178,1
T_0000170927,1,0.986305,1
T_0000170937,0,0.029512,0
T_0000170975,1,0.972824,1
T_0000170995,1,0.421380,1
T_0000171010,1,0.984868,1
T_0000171036,0,0.300547,1
T_0000171066,1,0.999484,1
T_0000171098,1,0.988471,1
T_0000171100,1,0.981405,1
T_0000171122,1,0.988379,1
T_0000171125,1,0.996278,1
T_0000171169,0,0.107905,0
T_0000171185,0,0.019746,0
T_0000171208,1,0.999975,1
T_0000171236,1,0.229976,1
T_0000171280,1,0.973814,1
T_0000171303,1,0.993787,1
T_0000171325,1,0.963182,1
T_0000171371,1,0.984651,1
T_0000171407,1,0.956872,1
T_0000171422,0,0.043321,0
T_0000171423,0,0.041833,0
T_0000171443,0,0.011811,0
T_0000171451,0,0.023113,0
T_0000171459,1,0.975887,1
T_0000171461,1,0.985617,1
T_0000171463,0,0.071674,0
T_0000171472,1,0.200502,1
T_0000171496,1,0.989630,1
T_0000171502,1,0.994519,1
T_0000171517,0,0.015901,0
T_0000171529,1,0.997492,1
T_0000171561,1,0.733004,1
T_0000171576,1,0.989846,1
T_0000171584,1,0.965191,1
T_0000171632,1,0.334222,1
T_0000171640,1,0.959156,1
T_0000171668,1,0.992082,1
T_0000171685,0,0.035690,0
T_0000171690,1,0.972584,1
T_0000171697,1,0.981039,1
T_0000171709,1,0.985690,1
T_0000171723,0,0.019090,0
T_0000171734,1,0.984148,1
T_0000171751,1,0.908824,1
T_0000171774,0,0.010997,0
T_0000171807,1,0.995722,1
T_0000171839,0,0.054591,0
T_0000171841,0,0.015474,0
T_0000171951,1,0.960254,1
T_0000172008,1,0.993521,1
T_0000172017,1,0.993433,1
T_0000172073,1,0.992681,1
T_0000172086,0,0.116052,0
T_0000172110,1,0.994476,1
T_0000172158,1,0.995163,1
T_0000172167,1,0.953205,1
T_0000172173,1,0.986241,1
T_0000172254,0,0.104662,0
T_0000172274,1,0.990377,1
T_0000172312,1,0.955038,1
T_0000172322,0,0.108490,0
T_0000172328,1,0.993448,1
T_0000172353,1,0.994118,1
T_0000172357,1,0.990458,1
T_0000172385,1,0.991366,1
T_0000172432,1,0.840484,1
T_0000172523,0,0.019428,0
T_0000172537,1,0.913634,1
T_0000172550,0,0.036743,0
T_0000172564,1,0.809295,1
T_0000172569,0,0.059675,0
T_0000172649,1,0.972836,1
T_0000172657,0,0.020984,0
T_0000172710,1,0.990466,1
T_0000172711,1,0.996050,1
T_0000172740,1,0.970240,1
T_0000172756,1,0.874142,1
T_0000172771,0,0.829655,1
T_0000172826,1,0.999980,1
T_0000172840,1,0.983696,1
T_0000172844,0,0.066814,0
T_0000172861,0,0.044991,0
T_0000172939,0,0.015288,0
T_0000172949,1,0.894241,1
T_0000172961,1,0.823062,1
T_0000172965,1,0.972498,1
T_0000172978,1,0.984532,1
T_0000173042,1,0.986905,1
T_0000173056,1,0.962687,1
T_0000173098,1,0.996315,1
T_0000173130,1,0.840423,1
T_0000173138,1,0.985146,1
T_0000173172,1,0.959755,1
T_0000173177,1,0.954814,1
T_0000173181,1,0.064246,0
T_0000173183,0,0.056948,0
T_0000173217,1,0.982961,1
T_0000173230,0,0.021340,0
T_0000173244,0,0.013746,0
T_0000173302,1,0.988864,1
T_0000173413,1,0.975613,1
T_0000173445,1,0.987375,1
T_0000173459,1,0.961622,1
T_0000173498,1,0.975461,1
T_0000173499,1,0.978299,1
T_0000173504,1,0.988522,1
T_0000173508,1,0.978824,1
T_0000173518,1,0.993985,1
T_0000173521,0,0.037323,0
T_0000173528,1,0.960529,1
T_0000173552,1,0.956744,1
T_0000173554,1,0.687186,1
T_0000173555,0,0.002072,0
T_0000173567,1,0.892144,1
T_0000173595,0,0.115827,0
T_0000173630,1,0.026217,0
T_0000173632,1,0.964154,1
T_0000173682,0,0.100969,0
T_0000173685,1,0.912142,1
T_0000173695,1,0.992517,1
T_0000173715,1,0.985670,1
T_0000173730,0,0.016716,0
T_0000173743,1,0.984514,1
T_0000173744,1,0.951300,1
T_0000173777,1,0.991845,1
T_0000173850,1,0.920729,1
T_0000173856,0,0.043602,0
T_0000173881,1,0.990174,1
T_0000173883,1,0.280323,1
T_0000173897,1,0.836338,1
T_0000173986,1,0.986769,1
T_0000173994,1,0.996810,1
T_0000174070,1,0.994100,1
T_0000174082,1,0.993493,1
T_0000174087,1,0.981835,1
T_0000174090,1,0.969898,1
T_0000174180,1,0.984564,1
T_0000174196,0,0.034420,0
T_0000174203,0,0.042312,0
T_0000174265,1,0.518276,1
T_0000174294,0,0.025327,0
T_0000174310,1,0.992715,1
T_0000174325,0,0.024403,0
T_0000174330,0,0.038292,0
T_0000174388,1,0.992295,1
T_0000174398,0,0.047393,0
T_0000174427,0,0.011836,0
T_0000174431,1,0.976773,1
T_0000174444,0,0.054026,0
T_0000174450,1,0.957044,1
T_0000174456,1,0.988266,1
T_0000174469,1,0.998627,1
T_0000174550,1,0.119595,0
T_0000174572,0,0.016179,0
T_0000174656,1,0.997057,1
T_0000174680,1,0.727912,1
T_0000174682,1,0.995066,1
T_0000174691,0,0.035196,0
T_0000174699,0,0.123985,0
T_0000174702,1,0.980873,1
T_0000174705,0,0.018469,0
T_0000174747,0,0.019910,0
T_0000174778,0,0.013430,0
T_0000174889,0,0.060483,0
T_0000174896,0,0.030992,0
T_0000174905,1,0.446896,1
T_0000174935,1,0.994577,1
T_0000174941,0,0.018114,0
T_0000174945,1,0.989038,1
T_0000174991,0,0.123174,0
T_0000175000,1,0.898738,1
T_0000175030,1,0.962893,1
T_0000175032,1,0.989903,1
T_0000175068,1,0.999315,1
T_0000175072,1,0.991954,1
T_0000175142,0,0.028691,0
T_0000175166,1,0.984166,1
T_0000175172,0,0.056145,0
T_0000175218,1,0.982862,1
T_0000175221,1,0.357709,1
T_0000175223,0,0.055728,0
T_0000175258,1,0.992846,1
T_0000175271,0,0.027381,0
T_0000175286,1,0.273278,1
T_0000175396,0,0.035372,0
T_0000175483,1,0.975761,1
T_0000175522,1,0.977676,1
T_0000175528,1,0.996692,1
T_0000175540,1,0.992422,1
T_0000175542,0,0.069111,0
T_0000175585,1,0.938844,1
T_0000175615,1,0.133130,0
T_0000175643,1,0.987808,1
T_0000175652,1,0.115278,0
T_0000175705,1,0.261449,1
T_0000175752,0,0.004008,0
T_0000175760,0,0.016886,0
T_0000175772,1,0.983162,1
T_0000175779,1,0.989954,1
T_0000175837,0,0.023026,0
T_0000175890,1,0.992530,1
T_0000175891,1,0.996338,1
T_0000175910,1,0.139505,0
T_0000175926,0,0.039737,0
T_0000175956,0,0.018831,0
T_0000175961,0,0.023577,0
T_0000175985,1,0.999428,1
T_0000175991,0,0.041879,0
T_0000176010,0,0.009290,0
T_0000176028,0,0.040630,0
T_0000176050,1,0.970878,1
T_0000176086,0,0.071668,0
T_0000176106,1,0.984144,1
T_0000176119,0,0.026198,0
T_0000176149,1,0.951569,1
T_0000176185,0,0.068596,0
T_0000176199,1,0.990061,1
T_0000176205,1,0.982505,1
T_0000176233,0,0.003206,0
T_0000176249,1,0.993265,1
T_0000176273,0,0.039817,0
T_0000176289,1,0.991237,1
T_0000176356,1,0.988893,1
T_0000176374,0,0.024533,0
T_0000176389,1,0.993173,1
T_0000176409,1,0.995703,1
T_0000176412,1,0.998356,1
T_0000176420,1,0.997018,1
T_0000176421,1,0.995735,1
T_0000176433,1,0.996965,1
T_0000176439,1,0.995388,1
T_0000176464,0,0.016869,0
T_0000176511,1,0.999485,1
T_0000176525,1,0.992894,1
T_0000176526,1,0.990136,1
T_0000176535,1,0.989657,1
T_0000176540,0,0.026484,0
T_0000176548,1,0.681964,1
T_0000176586,0,0.065949,0
T_0000176587,1,0.911308,1
T_0000176600,1,0.213858,1
T_0000176634,1,0.989247,1
T_0000176711,0,0.035578,0
T_0000176723,1,0.993107,1
T_0000176725,1,0.057727,0
T_0000176728,1,0.988016,1
T_0000176770,0,0.010704,0
T_0000176779,0,0.046629,0
T_0000176782,1,0.992761,1
T_0000176783,1,0.992921,1
T_0000176785,1,0.990332,1
T_0000176812,1,0.968899,1
T_0000176814,1,0.980624,1
T_0000176824,0,0.021502,0
T_0000176843,1,0.991898,1
T_0000176850,1,0.975498,1
T_0000176853,1,0.049156,0
T_0000176859,1,0.985744,1
T_0000176863,1,0.987473,1
T_0000176888,1,0.152228,0
T_0000176912,1,0.987568,1
T_0000176921,1,0.977294,1
T_0000176930,0,0.020428,0
T_0000176946,1,0.055725,0
T_0000176963,1,0.991925,1
T_0000176978,1,0.111977,0
T_0000177017,1,0.360039,1
T_0000177034,1,0.993412,1
T_0000177084,1,0.993133,1
T_0000177131,0,0.058800,0
T_0000177154,1,0.997090,1
T_0000177174,1,0.957341,1
T_0000177184,1,0.044849,0
T_0000177195,1,0.979778,1
T_0000177197,0,0.123957,0
T_0000177250,1,0.590086,1
T_0000177253,0,0.028732,0
T_0000177277,1,0.975959,1
T_0000177304,1,0.978827,1
T_0000177346,1,0.987406,1
T_0000177361,1,0.098179,0
T_0000177417,0,0.049398,0
T_0000177426,0,0.024423,0
T_0000177455,1,0.996533,1
T_0000177464,1,0.980092,1
T_0000177479,1,0.991951,1
T_0000177523,0,0.074891,0
T_0000177543,0,0.013637,0
T_0000177556,1,0.992169,1
T_0000177562,0,0.038975,0
T_0000177610,1,0.871716,1
T_0000177625,0,0.021224,0
T_0000177630,1,0.986120,1
T_0000177683,0,0.048999,0
T_0000177725,1,0.987209,1
T_0000177732,1,0.995836,1
T_0000177847,0,0.018904,0
T_0000177859,1,0.905717,1
T_0000177861,1,0.975599,1
T_0000177863,1,0.982155,1
T_0000177869,0,0.029662,0
T_0000177934,1,0.665351,1
T_0000177937,1,0.983847,1
T_0000177942,1,0.990407,1
T_0000177996,0,0.022941,0
T_0000178007,1,0.923259,1
T_0000178008,1,0.903363,1
T_0000178012,1,0.991250,1
T_0000178027,1,0.111084,0
T_0000178050,1,0.046521,0
T_0000178073,1,0.981639,1
T_0000178093,0,0.017101,0
T_0000178131,1,0.132422,0
T_0000178167,1,0.991022,1
T_0000178184,0,0.071175,0
T_0000178185,1,0.989814,1
T_0000178247,1,0.993822,1
T_0000178284,1,0.046216,0
T_0000178289,1,0.933773,1
T_0000178295,0,0.063357,0
T_0000178300,0,0.082789,0
T_0000178310,0,0.049536,0
T_0000178324,1,0.966630,1
T_0000178338,1,0.987536,1
T_0000178364,1,0.995244,1
T_0000178384,1,0.975100,1
T_0000178400,1,0.993829,1
T_0000178460,1,0.974147,1
T_0000178473,1,0.976381,1
T_0000178481,0,0.015644,0
T_0000178528,0,0.895818,1
T_0000178532,1,0.733235,1
T_0000178536,1,0.944107,1
T_0000178552,1,0.625434,1
T_0000178653,0,0.029464,0
T_0000178659,1,0.993834,1
T_0000178692,1,0.993953,1
T_0000178705,1,0.969872,1
T_0000178810,1,0.998581,1
T_0000178813,1,0.993669,1
T_0000178831,0,0.031707,0
T_0000178858,0,0.017431,0
T_0000178872,1,0.994219,1
T_0000178900,0,0.006366,0
T_0000178901,1,0.994814,1
T_0000178922,0,0.029461,0
T_0000178977,1,0.874081,1
T_0000179009,1,0.950867,1
T_0000179021,0,0.024577,0
T_0000179027,0,0.021005,0
T_0000179044,1,0.984086,1
T_0000179059,0,0.003361,0
T_0000179132,0,0.007578,0
T_0000179147,1,0.993796,1
T_0000179148,1,0.992553,1
T_0000179157,1,0.990755,1
T_0000179170,0,0.037640,0
T_0000179187,0,0.108668,0
T_0000179222,1,0.992939,1
T_0000179223,1,0.992128,1
T_0000179249,1,0.253437,1
T_0000179264,0,0.106467,0
T_0000179266,1,0.983201,1
T_0000179280,0,0.048721,0
T_0000179290,1,0.168883,0
T_0000179313,1,0.990415,1
T_0000179333,1,0.988594,1
T_0000179340,1,0.992425,1
T_0000179365,0,0.049279,0
T_0000179370,0,0.013957,0
T_0000179381,1,0.992322,1
T_0000179383,0,0.012851,0
T_0000179391,0,0.075998,0
T_0000179440,1,0.123099,0
T_0000179465,0,0.069830,0
T_0000179550,1,0.991924,1
T_0000179561,1,0.995549,1
T_0000179576,1,0.995132,1
T_0000179591,1,0.958210,1
T_0000179595,0,0.022197,0
T_0000179611,0,0.040649,0
T_0000179649,0,0.039064,0
T_0000179653,1,0.132546,0
T_0000179681,0,0.005306,0
T_0000179687,1,0.492964,1
T_0000179736,1,0.976849,1
T_0000179744,1,0.989482,1
T_0000179751,0,0.392357,1
T_0000179754,0,0.108912,0
T_0000179755,1,0.966405,1
T_0000179797,0,0.017290,0
T_0000179821,1,0.955212,1
T_0000179835,1,0.972523,1
T_0000179840,0,0.048372,0
T_0000179845,1,0.998239,1
T_0000179848,0,0.090854,0
T_0000179855,1,0.989292,1
T_0000179879,1,0.984057,1
T_0000179905,1,0.142260,0
T_0000179915,1,0.989956,1
T_0000179958,1,0.963996,1
T_0000180016,0,0.033474,0
T_0000180041,0,0.044508,0
T_0000180052,1,0.987508,1
T_0000180057,1,0.961775,1
T_0000180095,0,0.030222,0
T_0000180096,0,0.031228,0
T_0000180101,0,0.031747,0
T_0000180110,0,0.036736,0
T_0000180141,0,0.030452,0
T_0000180170,1,0.994583,1
T_0000180178,1,0.989324,1
T_0000180185,1,0.991512,1
T_0000180212,1,0.983567,1
T_0000180219,1,0.987827,1
T_0000180221,1,0.988323,1
T_0000180237,0,0.024976,0
T_0000180256,1,0.979944,1
T_0000180311,1,0.994303,1
T_0000180327,1,0.993066,1
T_0000180394,0,0.003077,0
T_0000180415,0,0.014668,0
T_0000180425,0,0.061463,0
T_0000180440,1,0.984629,1
T_0000180452,1,0.989018,1
T_0000180477,1,0.982048,1
T_0000180566,1,0.982565,1
T_0000180572,1,0.477707,1
T_0000180663,0,0.014800,0
T_0000180671,1,0.096744,0
T_0000180687,0,0.028618,0
T_0000180711,0,0.009616,0
T_0000180716,0,0.132464,0
T_0000180730,0,0.170049,0
T_0000180750,1,0.506240,1
T_0000180752,1,0.044715,0
T_0000180768,1,0.057605,0
T_0000180789,0,0.010888,0
T_0000180801,1,0.986692,1
T_0000180830,0,0.047853,0
T_0000180840,1,0.993580,1
T_0000180865,0,0.701086,1
T_0000180879,1,0.092123,0
T_0000180883,1,0.993766,1
T_0000180904,0,0.023150,0
T_0000180910,0,0.119507,0
T_0000180914,0,0.014560,0
T_0000180917,0,0.013079,0
T_0000180931,0,0.026560,0
T_0000180960,1,0.990118,1
T_0000180985,1,0.983056,1
T_0000181037,1,0.972201,1
T_0000181057,1,0.944967,1
T_0000181060,1,0.399624,1
T_0000181119,1,0.983797,1
T_0000181137,0,0.078323,0
T_0000181143,1,0.978508,1
T_0000181167,1,0.990628,1
T_0000181178,0,0.079931,0
T_0000181214,1,0.989238,1
T_0000181227,1,0.989788,1
T_0000181260,1,0.717123,1
T_0000181270,0,0.037857,0
T_0000181313,1,0.984616,1
T_0000181420,1,0.892306,1
T_0000181433,1,0.994785,1
T_0000181448,1,0.990722,1
T_0000181486,1,0.985562,1
T_0000181488,0,0.034550,0
T_0000181491,1,0.992203,1
T_0000181504,1,0.505795,1
T_0000181519,1,0.868174,1
T_0000181540,1,0.991742,1
T_0000181569,0,0.017682,0
T_0000181597,0,0.061929,0
T_0000181599,0,0.061234,0
T_0000181620,1,0.992042,1
T_0000181635,1,0.990015,1
T_0000181679,1,0.981601,1
T_0000181703,1,0.986681,1
T_0000181717,0,0.089975,0
T_0000181719,1,0.086861,0
T_0000181774,1,0.917317,1
T_0000181775,1,0.952793,1
T_0000181785,1,0.856190,1
T_0000181792,1,0.981876,1
T_0000181811,1,0.999928,1
T_0000181822,1,0.993879,1
T_0000181843,1,0.981254,1
T_0000181853,0,0.031860,0
T_0000181854,0,0.032312,0
T_0000181861,1,0.960588,1
T_0000181862,1,0.981879,1
T_0000181905,1,0.985259,1
T_0000181924,1,0.996984,1
T_0000181939,1,0.994667,1
T_0000181946,1,0.989803,1
T_0000181962,1,0.980018,1
T_0000181990,1,0.987550,1
T_0000181993,1,0.991550,1
T_0000182010,1,0.989842,1
T_0000182045,1,0.992014,1
T_0000182067,1,0.995526,1
T_0000182076,1,0.986766,1
T_0000182084,1,0.392965,1
T_0000182085,1,0.994469,1
T_0000182093,1,0.973534,1
T_0000182102,1,0.978608,1
T_0000182103,0,0.168417,0
T_0000182108,1,0.994727,1
T_0000182150,1,0.045244,0
T_0000182170,1,0.992300,1
T_0000182173,1,0.991909,1
T_0000182251,1,0.960555,1
T_0000182277,0,0.030655,0
T_0000182302,0,0.050585,0
T_0000182312,1,0.961822,1
T_0000182333,1,0.977147,1
T_0000182339,1,0.976369,1
