utterance_id,true_label,score,pred
D_0000000883,1,0.987591,1
D_0000001114,0,0.080911,0
D_0000001492,0,0.030559,0
D_0000001849,1,0.998872,1
D_0000001912,1,0.997816,1
D_0000002017,1,0.992644,1
D_0000002458,0,0.667262,1
D_0000002857,0,0.079034,0
D_0000003949,0,0.104797,0
D_0000004012,1,0.995036,1
D_0000004054,1,0.996974,1
D_0000004138,0,0.123867,0
D_0000004390,0,0.167495,0
D_0000004474,0,0.057307,0
D_0000005209,0,0.088226,0
D_0000005251,1,0.995600,1
D_0000005356,0,0.123326,0
D_0000005797,1,0.973918,1
D_0000007351,0,0.174989,0
D_0000007435,1,0.993870,1
D_0000007477,1,0.990932,1
D_0000007645,1,0.994807,1
D_0000007729,0,0.334291,1
D_0000008149,0,0.108346,0
D_0000008338,0,0.076907,0
D_0000008506,0,0.048645,0
D_0000009346,0,0.054333,0
D_0000009472,0,0.173658,0
D_0000010018,1,0.149239,0
D_0000010270,1,0.992672,1
D_0000010543,0,0.094032,0
D_0000011068,1,0.992222,1
D_0000011992,1,0.996969,1
D_0000012202,1,0.995521,1
D_0000012412,1,0.992671,1
D_0000013042,1,0.976834,1
D_0000013273,1,0.990911,1
D_0000013567,0,0.233704,0
D_0000014113,0,0.153348,0
D_0000014155,0,0.056904,0
D_0000014449,1,0.945970,1
D_0000014617,1,0.346681,1
D_0000015058,1,0.994427,1
D_0000015247,1,0.997355,1
D_0000015289,1,0.995291,1
D_0000016150,1,0.979776,1
D_0000016801,1,0.991789,1
D_0000016885,1,0.996680,1
D_0000017095,1,0.997186,1
D_0000017368,0,0.039730,0
D_0000017746,0,0.060610,0
D_0000017767,0,0.229592,0
D_0000017809,0,0.036546,0
D_0000018271,0,0.095356,0
D_0000018481,1,0.978722,1
D_0000018523,0,0.439609,1
D_0000018628,0,0.107282,0
D_0000018733,1,0.989477,1
D_0000019552,0,0.122947,0
D_0000020014,0,0.102290,0
D_0000020119,1,0.950842,1
D_0000020392,1,0.960721,1
D_0000020812,0,0.050089,0
D_0000021295,1,0.359507,1
D_0000021505,1,0.925260,1
D_0000021568,0,0.158996,0
D_0000021673,0,0.452292,1
D_0000022765,0,0.199144,0
D_0000022870,1,0.972241,1
D_0000023164,0,0.016483,0
D_0000023374,1,0.459005,1
D_0000024361,0,0.176145,0
D_0000024382,0,0.056902,0
D_0000024487,0,0.108210,0
D_0000024970,1,0.994092,1
D_0000025642,1,0.993708,1
D_0000025936,1,0.991201,1
D_0000026125,1,0.986295,1
D_0000026314,0,0.108413,0
D_0000026356,1,0.996598,1
D_0000026923,1,0.988655,1
D_0000027091,1,0.985370,1
D_0000027217,0,0.064336,0
D_0000028162,1,0.358780,1
D_0000028204,0,0.010918,0
D_0000028330,0,0.089900,0
D_0000028351,0,0.184862,0
D_0000028393,1,0.996497,1
D_0000028414,1,0.976458,1
D_0000028477,1,0.991982,1
D_0000028540,1,0.995357,1
D_0000028771,1,0.985974,1
D_0000029191,1,0.990967,1
D_0000029233,0,0.123450,0
D_0000029380,1,0.992602,1
D_0000029422,1,0.990886,1
D_0000029695,1,0.996116,1
D_0000029821,0,0.209568,0
D_0000029926,1,0.392341,1
D_0000030367,1,0.161899,0
D_0000030619,0,0.118704,0
D_0000030787,1,0.992975,1
D_0000031018,0,0.207897,0
D_0000031438,0,0.338733,1
D_0000031543,1,0.986412,1
D_0000032236,1,0.993567,1
D_0000032257,0,0.123872,0
D_0000032572,0,0.034821,0
D_0000032614,0,0.111418,0
D_0000032929,0,0.067582,0
D_0000033055,0,0.102879,0
D_0000033181,0,0.332947,1
D_0000033265,1,0.985541,1
D_0000033328,1,0.989198,1
D_0000033370,1,0.238983,0
D_0000033580,1,0.997801,1
D_0000033622,1,0.990168,1
D_0000034210,1,0.993232,1
D_0000034231,1,0.975530,1
D_0000034924,1,0.988104,1
D_0000035281,1,0.984183,1
D_0000035449,0,0.071364,0
D_0000035575,1,0.000350,0
D_0000036016,0,0.140684,0
D_0000036079,1,0.993368,1
D_0000036163,0,0.063315,0
D_0000036184,0,0.262164,1
D_0000036793,0,0.093263,0
D_0000037570,1,0.992426,1
D_0000037675,1,0.996111,1
D_0000037843,0,0.085686,0
D_0000038578,0,0.030306,0
D_0000038662,0,0.018718,0
D_0000038683,1,0.982553,1
D_0000038830,0,0.113754,0
D_0000039082,1,0.992811,1
D_0000039229,1,0.997191,1
D_0000040342,0,0.072079,0
D_0000040426,1,0.981759,1
D_0000040699,1,0.995545,1
D_0000040972,0,0.052111,0
D_0000041161,1,0.995788,1
D_0000041266,0,0.102409,0
D_0000042295,0,0.185919,0
D_0000042757,0,0.012975,0
D_0000042883,0,0.237548,0
D_0000043261,0,0.120452,0
D_0000043618,0,0.017034,0
D_0000043849,1,0.103910,0
D_0000044437,0,0.275128,1
D_0000044899,0,0.039085,0
D_0000044941,0,0.079055,0
D_0000044962,0,0.004865,0
D_0000045067,0,0.020848,0
D_0000045193,0,0.122027,0
D_0000045823,1,0.992173,1
D_0000045970,0,0.081590,0
D_0000046243,0,0.226052,0
D_0000046264,0,0.037994,0
D_0000046495,0,0.004215,0
D_0000046894,1,0.011954,0
D_0000047398,1,0.991784,1
D_0000047440,0,0.035894,0
D_0000047608,1,0.982610,1
D_0000047839,1,0.832669,1
D_0000048196,1,0.995687,1
D_0000048574,1,0.991775,1
D_0000048784,0,0.564364,1
D_0000048847,0,0.141594,0
D_0000049015,0,0.007360,0
D_0000049477,1,0.986219,1
D_0000049624,1,0.326448,1
D_0000049981,1,0.997003,1
D_0000050086,1,0.977389,1
D_0000050506,1,0.984244,1
D_0000050548,1,0.980981,1
D_0000050653,0,0.086222,0
D_0000050905,0,0.094553,0
D_0000051115,1,0.983474,1
D_0000051430,0,0.063319,0
D_0000051493,1,0.995641,1
D_0000051598,1,0.988027,1
D_0000052165,0,0.084376,0
D_0000052312,0,0.996556,1
D_0000052396,0,0.001027,0
D_0000052900,0,0.088747,0
D_0000054118,1,0.182973,0
D_0000054769,0,0.201379,0
D_0000055462,1,0.989589,1
D_0000055672,1,0.992787,1
D_0000055987,1,0.991935,1
D_0000056239,0,0.028388,0
D_0000056365,0,0.419127,1
D_0000056533,1,0.992299,1
D_0000056554,1,0.959832,1
D_0000056806,0,0.082879,0
D_0000056827,1,0.048024,0
D_0000057100,1,0.986001,1
D_0000057247,0,0.216322,0
D_0000057814,0,0.090185,0
D_0000057835,1,0.992679,1
D_0000058444,1,0.990147,1
D_0000058549,1,0.996635,1
D_0000058612,1,0.987623,1
D_0000058969,1,0.979563,1
D_0000059011,0,0.702255,1
D_0000059158,1,0.990926,1
D_0000059662,1,0.994212,1
D_0000059767,1,0.976548,1
D_0000060019,1,0.994570,1
D_0000060187,0,0.033858,0
D_0000060691,0,0.054141,0
D_0000060901,0,0.094424,0
D_0000061405,0,0.181731,0
D_0000061447,1,0.993597,1
D_0000061636,0,0.095486,0
D_0000061951,1,0.983635,1
D_0000062602,0,0.060461,0
D_0000062665,1,0.993587,1
D_0000062686,1,0.993758,1
D_0000062875,1,0.991228,1
D_0000063232,1,0.991839,1
D_0000063463,0,0.105720,0
D_0000063484,0,0.027141,0
D_0000063589,0,0.022887,0
D_0000063631,0,0.063412,0
D_0000063925,0,0.025023,0
D_0000064093,1,0.993743,1
D_0000064156,1,0.772483,1
D_0000064744,0,0.202825,0
D_0000064849,1,0.988134,1
D_0000064870,0,0.110758,0
D_0000065290,1,0.993966,1
D_0000065479,1,0.693201,1
D_0000065710,1,0.982535,1
D_0000065878,1,0.990962,1
D_0000066781,0,0.159888,0
D_0000067201,1,0.980853,1
D_0000067243,1,0.988080,1
D_0000067348,0,0.153286,0
D_0000067705,0,0.070531,0
D_0000067768,0,0.036767,0
D_0000068020,0,0.448274,1
D_0000068461,0,0.062604,0
D_0000068755,1,0.993610,1
D_0000069154,1,0.925352,1
D_0000069574,1,0.986977,1
D_0000069763,0,0.070663,0
D_0000069868,1,0.997090,1
D_0000069973,1,0.995323,1
D_0000070162,1,0.182364,0
D_0000070288,0,0.059602,0
D_0000070414,0,0.028539,0
D_0000070561,0,0.049807,0
D_0000070918,0,0.143531,0
D_0000071128,1,0.990694,1
D_0000071338,1,0.982426,1
D_0000071359,0,0.028286,0
D_0000071527,1,0.985254,1
D_0000071674,0,0.039943,0
D_0000072346,0,0.069398,0
D_0000073459,1,0.989644,1
D_0000073753,1,0.992263,1
D_0000075223,0,0.042457,0
D_0000075265,0,0.087631,0
D_0000075286,0,0.068006,0
D_0000075328,0,0.157829,0
D_0000075517,0,0.046281,0
D_0000075601,1,0.988639,1
D_0000077533,1,0.069002,0
D_0000077995,0,0.084994,0
D_0000078268,0,0.012365,0
D_0000078310,1,0.988022,1
D_0000078562,1,0.999178,1
D_0000078730,1,0.990888,1
D_0000078751,0,0.014138,0
D_0000079129,0,0.033258,0
D_0000079570,0,0.099279,0
D_0000080053,1,0.986261,1
D_0000080410,0,0.331890,1
D_0000081607,0,0.090307,0
D_0000082300,1,0.993040,1
D_0000082573,1,0.994659,1
D_0000082657,1,0.997171,1
D_0000082699,1,0.993112,1
D_0000082888,1,0.987565,1
D_0000082930,1,0.072413,0
D_0000083182,1,0.988857,1
D_0000083392,1,0.991567,1
D_0000083644,0,0.024887,0
D_0000083707,1,0.936715,1
D_0000083854,1,0.722983,1
D_0000084379,1,0.992872,1
D_0000084442,0,0.043278,0
D_0000084589,1,0.180772,0
D_0000084631,0,0.046905,0
D_0000084673,0,0.277842,1
D_0000084820,0,0.175726,0
D_0000084904,1,0.822368,1
D_0000084967,1,0.981875,1
D_0000085198,0,0.174599,0
D_0000085240,1,0.990938,1
D_0000085996,1,0.998058,1
D_0000086332,0,0.196871,0
D_0000087025,1,0.995599,1
D_0000087487,1,0.979173,1
D_0000087550,1,0.992210,1
D_0000087592,0,0.106087,0
D_0000088537,1,0.988799,1
D_0000089083,1,0.983178,1
D_0000089104,1,0.966481,1
D_0000089335,1,0.994912,1
D_0000089608,0,0.043386,0
D_0000089839,1,0.993703,1
D_0000090028,1,0.996138,1
D_0000090343,0,0.102874,0
D_0000090511,0,0.038707,0
D_0000090931,0,0.300828,1
D_0000091120,0,0.029402,0
D_0000091393,0,0.182745,0
D_0000091540,0,0.090922,0
D_0000091708,1,0.972267,1
D_0000091771,0,0.158645,0
D_0000091855,0,0.241409,0
D_0000092128,1,0.986961,1
D_0000092632,1,0.982635,1
D_0000092863,1,0.700524,1
D_0000093367,1,0.994073,1
D_0000093703,0,0.370920,1
D_0000093745,0,0.138984,0
D_0000093766,0,0.030490,0
D_0000094375,1,0.948924,1
D_0000094480,0,0.162025,0
D_0000094774,1,0.843726,1
D_0000095131,1,0.992900,1
D_0000095320,1,0.904192,1
D_0000095362,0,0.139962,0
D_0000095509,0,0.061392,0
D_0000095908,1,0.945900,1
D_0000096433,1,0.040573,0
D_0000096496,0,0.002621,0
D_0000097462,1,0.210993,0
D_0000097756,0,0.066739,0
D_0000098281,1,0.983027,1
D_0000098344,0,0.029353,0
D_0000098407,1,0.995956,1
D_0000098512,1,0.923336,1
D_0000098617,1,0.998681,1
D_0000098785,1,0.989934,1
D_0000098953,0,0.022066,0
D_0000099058,0,0.102768,0
D_0000099163,0,0.000000,0
D_0000099226,0,0.271593,1
D_0000099331,0,0.143587,0
D_0000099667,1,0.946482,1
D_0000099961,1,0.991610,1
D_0000100129,0,0.055406,0
D_0000100381,0,0.296560,1
D_0000101032,1,0.925385,1
D_0000101074,1,0.979975,1
D_0000101179,1,0.915229,1
D_0000101494,1,0.985206,1
D_0000101914,0,0.020464,0
D_0000103069,1,0.994643,1
D_0000103363,1,0.986156,1
D_0000103405,1,0.174816,0
D_0000103720,1,0.987712,1
D_0000104077,0,0.133159,0
D_0000104980,0,0.056604,0
D_0000105127,0,0.172827,0
D_0000105316,1,0.995155,1
D_0000105400,0,0.584746,1
D_0000105505,1,0.993850,1
D_0000105526,0,0.266205,1
D_0000105652,0,0.164304,0
D_0000105799,0,0.093492,0
D_0000106093,0,0.086243,0
D_0000106177,1,0.271122,1
D_0000106513,1,0.816501,1
D_0000106870,0,0.060564,0
D_0000106891,0,0.087736,0
D_0000107353,0,0.069521,0
D_0000108046,1,0.987792,1
D_0000108088,0,0.105278,0
D_0000108550,0,0.084310,0
D_0000108634,1,0.994225,1
D_0000109369,0,0.067387,0
D_0000109600,0,0.029944,0
D_0000109663,0,0.054127,0
D_0000109978,1,0.985374,1
D_0000110986,1,0.995101,1
D_0000111595,0,0.066322,0
D_0000111784,1,0.993506,1
D_0000111805,1,0.988569,1
D_0000111826,1,0.979643,1
D_0000112246,1,0.992513,1
D_0000112456,1,0.406565,1
D_0000112477,1,0.993300,1
D_0000112561,0,0.209319,0
D_0000112687,1,0.989269,1
D_0000113107,1,0.969181,1
D_0000113212,0,0.187331,0
D_0000113443,0,0.050738,0
D_0000113569,0,0.072784,0
D_0000114220,0,0.233725,0
D_0000114304,0,0.547339,1
D_0000115144,1,0.992905,1
D_0000115459,1,0.048080,0
D_0000115585,1,0.994693,1
D_0000115753,0,0.052773,0
D_0000116782,1,0.988416,1
D_0000116908,1,0.075115,0
D_0000117076,0,0.031020,0
D_0000117496,0,0.022319,0
D_0000117580,0,0.105605,0
D_0000117748,0,0.065606,0
D_0000117979,0,0.021453,0
D_0000118105,1,0.994787,1
D_0000118273,0,0.059233,0
D_0000118819,1,0.994349,1
D_0000118903,0,0.173295,0
D_0000119281,0,0.043411,0
D_0000119323,0,0.041797,0
D_0000119365,1,0.997123,1
D_0000119470,0,0.103244,0
D_0000120583,0,0.032077,0
D_0000121507,1,0.985373,1
D_0000122074,1,0.339350,1
D_0000122368,0,0.256750,1
D_0000122536,1,0.996376,1
D_0000122641,1,0.992715,1
D_0000123187,1,0.992844,1
D_0000123544,0,0.048462,0
D_0000123649,1,0.981577,1
D_0000123712,1,0.997102,1
D_0000124363,0,0.085224,0
D_0000124447,1,0.994656,1
D_0000125497,1,0.990158,1
D_0000125812,1,0.073980,0
D_0000126211,1,0.992727,1
D_0000126379,1,0.993188,1
D_0000126673,0,0.145539,0
D_0000127135,0,0.164082,0
D_0000128080,0,0.063991,0
D_0000128206,1,0.991096,1
D_0000128248,0,0.040395,0
D_0000128332,1,0.997182,1
D_0000128857,0,0.002693,0
D_0000128920,1,0.058290,0
D_0000129340,1,0.973602,1
D_0000129382,0,0.050387,0
D_0000129445,0,0.190612,0
D_0000130537,0,0.078091,0
D_0000131104,0,0.002512,0
D_0000131146,1,0.851785,1
D_0000131251,0,0.102817,0
D_0000131461,0,0.083445,0
D_0000131503,1,0.802556,1
D_0000131734,1,0.990447,1
D_0000132070,1,0.985935,1
D_0000132364,1,0.977340,1
D_0000133099,1,0.996603,1
D_0000133120,0,0.060144,0
D_0000133246,1,0.992098,1
D_0000133267,1,0.543473,1
D_0000133351,1,0.959472,1
D_0000133477,1,0.995852,1
D_0000133918,0,0.202564,0
D_0000134338,0,0.113077,0
D_0000134359,1,0.993387,1
D_0000134632,1,0.995625,1
D_0000134989,1,0.996634,1
D_0000135094,0,0.147608,0
D_0000135283,1,0.974189,1
D_0000135493,1,0.990570,1
D_0000135661,1,0.994267,1
D_0000135682,0,0.070534,0
D_0000135787,0,0.065521,0
D_0000136207,0,0.027221,0
D_0000136375,0,0.043340,0
D_0000136879,1,0.937511,1
D_0000136900,0,0.038771,0
D_0000137089,0,0.185910,0
D_0000137131,1,0.988116,1
D_0000137173,0,0.021291,0
D_0000137341,1,0.997778,1
D_0000137383,1,0.997517,1
D_0000137740,0,0.040004,0
D_0000137782,0,0.101026,0
D_0000137824,1,0.198893,0
D_0000137866,1,0.850489,1
D_0000138034,0,0.043416,0
D_0000138139,0,0.196769,0
D_0000139063,1,0.990447,1
D_0000139126,0,0.011566,0
D_0000139231,1,0.068454,0
D_0000139441,1,0.994871,1
D_0000139525,0,0.148352,0
D_0000139546,0,0.309463,1
D_0000139672,1,0.167966,0
D_0000139882,1,0.993971,1
D_0000139924,1,0.994253,1
D_0000141226,0,0.015168,0
D_0000141373,1,0.233688,0
D_0000142213,0,0.144494,0
D_0000142234,1,0.992127,1
D_0000142360,1,0.986792,1
D_0000142528,1,0.986956,1
D_0000142759,0,0.054679,0
D_0000143116,1,0.991044,1
D_0000143221,1,0.951750,1
D_0000143872,1,0.979748,1
D_0000144313,1,0.116804,0
D_0000144733,0,0.109710,0
D_0000145048,1,0.994911,1
D_0000145153,1,0.895794,1
D_0000145342,1,0.985189,1
D_0000145741,1,0.934268,1
D_0000145888,0,0.029774,0
D_0000146140,1,0.995806,1
D_0000147295,1,0.990704,1
D_0000148450,1,0.989581,1
D_0000149311,0,0.217147,0
D_0000149395,1,0.993492,1
D_0000149500,0,0.010015,0
D_0000149710,0,0.245686,0
D_0000149794,0,0.438010,1
D_0000150004,0,0.108676,0
D_0000150214,1,0.992777,1
D_0000151642,1,0.988376,1
D_0000151873,0,0.078084,0
D_0000152461,1,0.977703,1
D_0000152839,1,0.941292,1
D_0000152944,1,0.980227,1
D_0000152986,0,0.004993,0
D_0000153511,1,0.995883,1
D_0000153700,1,0.995330,1
D_0000154057,1,0.998477,1
D_0000154099,1,0.993304,1
D_0000155233,1,0.994100,1
D_0000156283,0,0.429025,1
D_0000156346,0,0.116356,0
D_0000156577,1,0.968394,1
D_0000156892,1,0.094405,0
D_0000156997,0,0.036748,0
D_0000157060,0,0.061162,0
D_0000157165,0,0.016841,0
D_0000157438,1,0.989254,1
D_0000157501,1,0.994896,1
D_0000157711,1,0.253218,1
D_0000157774,1,0.956056,1
D_0000158152,0,0.070076,0
D_0000158530,1,0.989741,1
D_0000158719,1,0.988284,1
D_0000159370,0,0.024581,0
D_0000159685,0,0.134294,0
D_0000160042,1,0.905866,1
D_0000160147,0,0.600068,1
D_0000160273,1,0.994500,1
D_0000160378,1,0.990678,1
D_0000161743,0,0.144567,0
D_0000162163,1,0.994988,1
D_0000162436,0,0.029866,0
D_0000162604,1,0.988003,1
D_0000162709,0,0.222520,0
D_0000163276,0,0.026676,0
D_0000163801,1,0.886637,1
D_0000164032,0,0.014942,0
D_0000164599,0,0.143577,0
D_0000165019,1,0.038896,0
D_0000165103,1,0.998250,1
D_0000165229,0,0.036946,0
D_0000166048,1,0.971507,1
D_0000166090,1,0.073481,0
D_0000166783,1,0.745044,1
D_0000167014,1,0.992007,1
D_0000167098,0,0.088697,0
D_0000167749,1,0.988483,1
D_0000167770,1,0.975228,1
D_0000167875,0,0.148215,0
D_0000168001,0,0.056357,0
D_0000168148,1,0.993397,1
D_0000168316,0,0.012131,0
D_0000168358,0,0.043115,0
D_0000168484,0,0.028786,0
D_0000168610,1,0.994766,1
D_0000169303,1,0.894235,1
D_0000169408,1,0.920062,1
D_0000169513,1,0.193329,0
D_0000169639,1,0.968406,1
D_0000170185,0,0.218999,0
D_0000170437,1,0.988941,1
D_0000170500,1,0.991411,1
D_0000170794,1,0.186019,0
D_0000171739,1,0.975967,1
D_0000172432,0,0.145836,0
D_0000173104,1,0.994112,1
D_0000173377,1,0.986205,1
D_0000173461,1,0.996683,1
D_0000173587,1,0.987224,1
D_0000174784,0,0.272050,1
D_0000174805,1,0.997802,1
D_0000174868,0,0.026777,0
D_0000174889,0,0.065519,0
D_0000175267,0,0.113847,0
D_0000175309,1,0.990966,1
D_0000175897,0,0.037189,0
D_0000175981,1,0.970540,1
D_0000176044,1,0.992116,1
D_0000176065,0,0.121724,0
D_0000176443,1,0.996084,1
D_0000176611,1,0.992811,1
D_0000176842,0,0.062900,0
D_0000177997,1,0.993731,1
D_0000178375,1,0.995393,1
D_0000178627,0,0.062597,0
D_0000179026,1,0.994870,1
D_0000179068,0,0.240370,0
D_0000179341,1,0.993619,1
D_0000179383,1,0.773082,1
D_0000179446,0,0.138105,0
D_0000179593,0,0.183579,0
D_0000179908,0,0.114880,0
D_0000180853,1,0.995427,1
D_0000181042,1,0.988582,1
D_0000181084,1,0.328486,1
D_0000181525,1,0.952670,1
D_0000181777,1,0.996245,1
D_0000181840,1,0.372651,1
D_0000182764,1,0.356578,1
D_0000183583,0,0.143539,0
D_0000183877,1,0.900577,1
D_0000184066,1,0.996315,1
D_0000184738,1,0.988383,1
D_0000184780,0,0.014334,0
D_0000184843,1,0.995605,1
D_0000185053,1,0.996799,1
D_0000185074,0,0.126520,0
D_0000185179,1,0.993934,1
D_0000185263,0,0.080560,0
D_0000185431,1,0.992055,1
D_0000185767,1,0.908992,1
D_0000186019,0,0.074209,0
D_0000186964,1,0.980676,1
D_0000186985,1,0.995926,1
D_0000187153,1,0.992142,1
D_0000187384,0,0.240687,0
D_0000187678,1,0.074894,0
D_0000188812,1,0.991980,1
D_0000188854,1,0.998124,1
D_0000189358,1,0.991320,1
D_0000189904,1,0.330974,1
D_0000190093,1,0.932148,1
D_0000190261,1,0.996790,1
D_0000190912,0,0.071703,0
D_0000191017,0,0.099416,0
D_0000191710,0,0.247097,0
D_0000192004,0,0.027841,0
D_0000192445,1,0.991915,1
D_0000193033,1,0.155395,0
D_0000193096,1,0.996287,1
D_0000193264,0,0.013891,0
D_0000193537,1,0.986011,1
D_0000193894,1,0.983837,1
D_0000193978,0,0.049991,0
D_0000194167,0,0.062799,0
D_0000194188,1,0.948708,1
D_0000194230,0,0.013908,0
D_0000194272,0,0.398939,1
D_0000194776,0,0.143330,0
D_0000194839,0,0.063897,0
D_0000194944,0,0.274639,1
D_0000195385,1,0.269975,1
D_0000195637,0,0.086151,0
D_0000196624,1,0.235889,0
D_0000196897,1,0.996622,1
D_0000196960,1,0.951908,1
D_0000196981,1,0.143053,0
D_0000197380,0,0.158396,0
D_0000197737,0,0.257228,1
D_0000197779,0,0.252072,1
D_0000198136,1,0.990544,1
D_0000198955,1,0.991942,1
D_0000198997,1,0.973113,1
D_0000199459,0,0.088456,0
D_0000199543,0,0.062405,0
D_0000199669,1,0.986868,1
D_0000199711,0,0.023723,0
D_0000199858,1,0.957439,1
D_0000200173,1,0.995142,1
D_0000200362,1,0.991234,1
D_0000200446,1,0.984050,1
D_0000201076,0,0.032938,0
D_0000201139,0,0.184944,0
D_0000201391,1,0.990101,1
D_0000201475,1,0.987551,1
D_0000201916,0,0.060323,0
D_0000201979,1,0.779831,1
D_0000202693,1,0.991818,1
D_0000202777,0,0.159435,0
D_0000202840,1,0.957226,1
D_0000202945,0,0.113913,0
D_0000203008,0,0.402812,1
D_0000203260,1,0.982530,1
D_0000203449,0,0.308043,1
D_0000204121,1,0.987344,1
D_0000204226,1,0.991331,1
D_0000204478,0,0.138526,0
D_0000204688,0,0.130737,0
D_0000204709,1,0.989187,1
D_0000205066,1,0.994468,1
D_0000205486,0,0.091700,0
D_0000205927,1,0.993334,1
D_0000206767,0,0.075621,0
D_0000208552,0,0.034310,0
D_0000208573,1,0.376886,1
D_0000208657,0,0.097811,0
D_0000208846,1,0.982053,1
D_0000208993,1,0.951478,1
D_0000209308,1,0.985226,1
D_0000209539,0,0.005540,0
D_0000209854,0,0.114169,0
D_0000210652,0,0.174215,0
D_0000211240,0,0.038114,0
D_0000211975,0,0.061037,0
D_0000212122,1,0.822297,1
D_0000212773,1,0.990176,1
D_0000213067,1,0.982691,1
D_0000213298,1,0.993521,1
D_0000213382,1,0.986546,1
D_0000213949,1,0.991714,1
D_0000215104,0,0.502930,1
D_0000215293,0,0.006321,0
D_0000215839,0,0.022750,0
D_0000216133,1,0.996169,1
D_0000216574,0,0.044139,0
D_0000216595,0,0.054103,0
D_0000216700,0,0.036785,0
D_0000216952,1,0.986499,1
D_0000217036,0,0.198060,0
D_0000217540,1,0.989028,1
D_0000217624,0,0.126525,0
D_0000217729,1,0.830300,1
D_0000217771,0,0.066159,0
D_0000217981,1,0.990925,1
D_0000218149,0,0.017048,0
D_0000218275,1,0.995374,1
D_0000218359,0,0.051797,0
D_0000218380,1,0.995128,1
D_0000218695,0,0.014759,0
D_0000218779,0,0.023752,0
D_0000218863,1,0.988023,1
D_0000219178,0,0.410514,1
D_0000219472,1,0.211822,0
D_0000219556,1,0.969013,1
D_0000219661,1,0.997238,1
D_0000220396,1,0.988639,1
D_0000220501,1,0.990093,1
D_0000221446,0,0.413760,1
D_0000221677,0,0.152582,0
D_0000221698,1,0.956271,1
D_0000221719,1,0.991557,1
D_0000221824,0,0.035491,0
D_0000222013,0,0.015132,0
D_0000222181,1,0.856178,1
D_0000222496,1,0.968993,1
D_0000223294,0,0.288780,1
D_0000223399,1,0.993576,1
D_0000223714,0,0.093990,0
D_0000223966,0,0.013393,0
D_0000224176,1,0.990503,1
D_0000224281,1,0.993590,1
D_0000224533,1,0.938108,1
D_0000224617,0,0.033978,0
D_0000224932,1,0.996217,1
D_0000225016,0,0.086578,0
D_0000225184,0,0.142096,0
D_0000225331,0,0.027595,0
D_0000225352,0,0.038124,0
D_0000225478,1,0.993867,1
D_0000225520,1,0.996127,1
D_0000225625,1,0.996639,1
D_0000225814,1,0.942528,1
D_0000225961,1,0.997652,1
D_0000226024,0,0.054231,0
D_0000226234,1,0.985518,1
D_0000226339,1,0.662298,1
D_0000226528,1,0.975467,1
D_0000226696,1,0.987318,1
D_0000226843,0,0.144702,0
D_0000226864,1,0.994499,1
D_0000227116,0,0.607042,1
D_0000227158,1,0.978467,1
D_0000228166,0,0.103330,0
D_0000228292,1,0.991853,1
D_0000228418,0,0.513131,1
D_0000228838,1,0.991952,1
D_0000229216,1,0.994336,1
D_0000231169,1,0.989791,1
D_0000231484,0,0.042098,0
D_0000232051,0,0.084884,0
D_0000232114,1,0.983154,1
D_0000232177,1,0.975550,1
D_0000232429,1,0.961437,1
D_0000232744,0,0.029994,0
D_0000232828,1,0.263990,1
D_0000233143,1,0.996782,1
D_0000233605,0,0.055084,0
D_0000233941,0,0.071905,0
D_0000234004,0,0.039263,0
D_0000234025,1,0.992053,1
D_0000234130,1,0.995480,1
D_0000234214,1,0.945109,1
D_0000234319,0,0.064673,0
D_0000234361,1,0.988399,1
D_0000234592,0,0.045692,0
D_0000234739,0,0.154116,0
D_0000234970,1,0.987560,1
D_0000235096,1,0.274823,1
D_0000235411,0,0.051177,0
D_0000235684,1,0.079849,0
D_0000235726,1,0.020744,0
D_0000235957,0,0.020282,0
D_0000236461,0,0.607107,1
D_0000236482,1,0.984344,1
D_0000236776,1,0.967090,1
D_0000236965,1,0.966544,1
D_0000237028,0,0.056209,0
D_0000237616,1,0.990249,1
D_0000238561,1,0.352447,1
D_0000238792,1,0.063919,0
D_0000238897,0,0.013022,0
D_0000239170,0,0.063197,0
D_0000239254,1,0.978749,1
D_0000239401,1,0.982625,1
D_0000239695,0,0.171163,0
D_0000239926,0,0.185231,0
D_0000240241,0,0.094936,0
D_0000240262,1,0.994356,1
D_0000240451,0,0.170549,0
D_0000240472,0,0.095573,0
D_0000240619,0,0.011099,0
D_0000241186,1,0.994304,1
D_0000241228,1,0.992739,1
D_0000241291,1,0.993753,1
D_0000241396,1,0.987185,1
D_0000241480,1,0.993142,1
D_0000241837,0,0.013794,0
D_0000242740,1,0.995383,1
D_0000242971,1,0.995603,1
D_0000243034,1,0.063916,0
D_0000243076,0,0.174465,0
D_0000243139,1,0.988703,1
D_0000243160,1,0.985253,1
D_0000243412,1,0.997335,1
D_0000243454,0,0.051748,0
D_0000243643,1,0.996327,1
D_0000244525,0,0.062888,0
D_0000244756,1,0.131232,0
D_0000244861,1,0.996919,1
D_0000244924,0,0.037485,0
D_0000244945,1,0.991570,1
D_0000245071,1,0.990441,1
D_0000245218,0,0.659292,1
D_0000245449,1,0.995429,1
D_0000245491,1,0.987223,1
D_0000245743,0,0.064275,0
D_0000245848,0,0.121820,0
D_0000246562,1,0.985225,1
D_0000247234,0,0.056257,0
D_0000247360,1,0.990671,1
D_0000248305,0,0.012449,0
D_0000248620,1,0.996504,1
D_0000248641,0,0.127173,0
D_0000248662,1,0.984531,1
D_0000248977,0,0.008420,0
D_0000249229,0,0.166559,0
D_0000249355,1,0.991842,1
D_0000249607,1,0.049103,0
D_0000249733,0,0.020388,0
D_0000249985,0,0.394686,1
D_0000250090,0,0.134235,0
D_0000250720,0,0.177669,0
D_0000251098,0,0.043338,0
D_0000252022,1,0.995020,1
D_0000252064,1,0.991224,1
D_0000252967,1,0.969121,1
D_0000253177,0,0.116211,0
D_0000253261,1,0.994915,1
D_0000253660,1,0.989862,1
D_0000253681,0,0.122264,0
D_0000253723,0,0.017730,0
D_0000254143,0,0.065230,0
D_0000254269,0,0.229051,0
D_0000254500,0,0.017289,0
D_0000254668,0,0.105123,0
D_0000255004,0,0.026588,0
D_0000255403,0,0.223085,0
D_0000255697,1,0.987625,1
D_0000256075,1,0.899239,1
D_0000256264,0,0.033141,0
D_0000256558,0,0.034405,0
D_0000256579,0,0.458725,1
D_0000256684,1,0.989920,1
D_0000256810,0,0.116790,0
D_0000256873,0,0.067692,0
D_0000258322,0,0.040363,0
D_0000258889,1,0.994371,1
D_0000259099,1,0.993964,1
D_0000259372,1,0.991595,1
D_0000259813,1,0.665490,1
D_0000260191,1,0.995162,1
D_0000260338,1,0.996668,1
D_0000260401,0,0.175110,0
D_0000261199,0,0.103418,0
D_0000261787,0,0.357514,1
D_0000261871,1,0.994572,1
D_0000262060,1,0.992068,1
D_0000262270,1,0.979305,1
D_0000262522,0,0.044332,0
D_0000262585,1,0.992884,1
D_0000262711,0,0.161163,0
D_0000262795,1,0.995925,1
D_0000262900,1,0.410326,1
D_0000262984,0,0.143120,0
D_0000263005,0,0.048285,0
D_0000263782,0,0.028569,0
D_0000264055,1,0.990346,1
D_0000264664,1,0.966341,1
D_0000264748,1,0.948486,1
D_0000264790,1,0.985407,1
D_0000265903,0,0.090660,0
D_0000266680,1,0.996256,1
D_0000266764,0,0.050431,0
D_0000267163,1,0.995690,1
D_0000267268,0,0.090117,0
D_0000267583,1,0.103140,0
D_0000267982,0,0.157590,0
D_0000268108,1,0.983518,1
D_0000268171,0,0.231907,0
D_0000269011,0,0.049906,0
D_0000269431,1,0.053300,0
D_0000269704,0,0.039970,0
D_0000269725,0,0.094151,0
D_0000269788,1,0.996672,1
D_0000269977,0,0.233856,0
D_0000270061,1,0.988447,1
D_0000270334,1,0.994416,1
D_0000270586,1,0.966567,1
D_0000270859,1,0.968896,1
D_0000270943,0,0.106341,0
D_0000271048,1,0.310298,1
D_0000271174,0,0.270774,1
D_0000271594,0,0.089649,0
D_0000271783,1,0.845586,1
D_0000272560,0,0.019581,0
D_0000272581,1,0.996821,1
D_0000272644,0,0.441431,1
D_0000273127,1,0.995939,1
D_0000273190,1,0.993028,1
D_0000273358,1,0.996663,1
D_0000273421,0,0.070826,0
D_0000273715,1,0.996881,1
D_0000273778,0,0.220134,0
D_0000273862,0,0.102165,0
D_0000273925,1,0.951671,1
D_0000274366,1,0.068608,0
D_0000274513,1,0.993301,1
D_0000274576,1,0.988867,1
D_0000274870,0,0.069380,0
D_0000274933,1,0.241537,0
D_0000275269,1,0.980564,1
D_0000275521,0,0.006916,0
D_0000275836,0,0.033141,0
D_0000275962,0,0.274375,1
D_0000276067,1,0.022855,0
D_0000276508,1,0.158724,0
D_0000276550,0,0.117937,0
D_0000276991,1,0.982976,1
D_0000277012,1,0.969937,1
D_0000277054,1,0.989848,1
D_0000277096,0,0.105396,0
D_0000277285,1,0.187907,0
D_0000277390,0,0.058048,0
D_0000277705,1,0.997348,1
D_0000277789,0,0.043178,0
D_0000278251,1,0.993910,1
D_0000278356,0,0.337877,1
D_0000278650,0,0.123848,0
D_0000278839,0,0.143166,0
D_0000278986,1,0.996758,1
D_0000279049,0,0.078651,0
D_0000279070,0,0.136054,0
D_0000279658,1,0.983834,1
D_0000280204,1,0.994865,1
D_0000280225,1,0.071668,0
D_0000280351,1,0.997422,1
D_0000280729,1,0.986405,1
D_0000281023,0,0.089639,0
D_0000281758,0,0.023685,0
D_0000282220,0,0.029925,0
D_0000282745,1,0.076362,0
D_0000282787,1,0.991508,1
D_0000282976,0,0.021865,0
D_0000283039,1,0.343501,1
D_0000283081,0,0.077825,0
D_0000283207,0,0.037763,0
D_0000283564,1,0.919126,1
D_0000283606,1,0.994752,1
D_0000283627,0,0.080918,0
D_0000284047,1,0.974420,1
D_0000284068,1,0.978327,1
D_0000284278,1,0.255581,1
D_0000284341,1,0.995584,1
D_0000284362,0,0.060638,0
D_0000284383,1,0.997836,1
D_0000284656,1,0.376075,1
D_0000285412,1,0.986720,1
D_0000285769,0,0.120556,0
D_0000285958,1,0.996698,1
D_0000286420,1,0.991522,1
D_0000287029,0,0.089853,0
D_0000287449,0,0.065163,0
D_0000287512,0,0.175378,0
D_0000288121,0,0.095123,0
D_0000288205,1,0.975015,1
D_0000288373,0,0.058530,0
D_0000288394,0,0.108212,0
D_0000288751,1,0.990975,1
D_0000288877,1,0.181176,0
D_0000289024,0,0.060293,0
D_0000289087,0,0.027252,0
D_0000289486,0,0.008181,0
D_0000289528,1,0.982440,1
D_0000289864,1,0.993190,1
D_0000290032,0,0.052698,0
D_0000291082,0,0.054529,0
D_0000291397,1,0.995707,1
D_0000291649,1,0.998421,1
D_0000293287,0,0.072582,0
D_0000293707,1,0.977980,1
D_0000294106,0,0.062830,0
D_0000294211,0,0.126731,0
D_0000294358,0,0.093180,0
D_0000294400,1,0.998677,1
D_0000295093,1,0.993569,1
D_0000295387,1,0.980061,1
D_0000295975,1,0.995394,1
D_0000296311,1,0.996623,1
D_0000296731,0,0.161040,0
D_0000296962,1,0.999008,1
D_0000297403,0,0.170092,0
D_0000297487,1,0.772100,1
D_0000297571,0,0.066760,0
D_0000297886,1,0.984702,1
D_0000297949,0,0.167252,0
D_0000298201,0,0.163632,0
D_0000298537,0,0.070450,0
D_0000298768,1,0.992251,1
D_0000299083,1,0.991128,1
D_0000299965,0,0.090292,0
D_0000300490,1,0.995110,1
D_0000301015,1,0.988795,1
D_0000301246,1,0.992128,1
D_0000301729,1,0.979172,1
D_0000301813,1,0.128069,0
D_0000302275,1,0.997072,1
D_0000302422,1,0.990748,1
D_0000302821,0,0.359324,1
D_0000302926,1,0.984963,1
D_0000302968,0,0.069051,0
D_0000303871,0,0.142182,0
D_0000304102,1,0.927870,1
D_0000304417,1,0.995907,1
D_0000304480,0,0.001973,0
D_0000304606,0,0.184861,0
D_0000304690,0,0.257352,1
D_0000304900,1,0.984676,1
D_0000304942,0,0.049342,0
D_0000305152,1,0.901604,1
D_0000305278,1,0.254846,1
D_0000305866,1,0.432194,1
D_0000306328,1,0.984502,1
D_0000306559,0,0.023357,0
D_0000307126,0,0.013747,0
D_0000307420,0,0.125927,0
D_0000307924,0,0.107003,0
D_0000308092,0,0.070553,0
D_0000308218,1,0.995651,1
D_0000308785,0,0.031949,0
D_0000308995,0,0.048799,0
D_0000309205,1,0.986493,1
D_0000309520,1,0.175265,0
D_0000309541,1,0.060424,0
D_0000309814,1,0.993069,1
D_0000310339,0,0.008131,0
D_0000310381,0,0.118878,0
D_0000310927,1,0.980861,1
D_0000311158,0,0.130624,0
D_0000311305,1,0.749454,1
D_0000311704,0,0.164105,0
D_0000311956,1,0.984400,1
D_0000312376,0,0.031227,0
D_0000312460,1,0.998396,1
D_0000312586,0,0.088981,0
D_0000312628,0,0.125123,0
D_0000312712,0,0.091815,0
D_0000312901,1,0.984882,1
D_0000312922,0,0.040136,0
D_0000313174,1,0.976130,1
D_0000313363,0,0.328926,1
D_0000313762,0,0.031859,0
D_0000314350,0,0.014938,0
D_0000314392,0,0.107236,0
D_0000314518,1,0.993692,1
D_0000314623,1,0.834504,1
D_0000315295,0,0.040144,0
D_0000315484,0,0.037563,0
D_0000315904,1,0.995233,1
D_0000316345,1,0.997140,1
D_0000316450,0,0.131327,0
D_0000316597,0,0.095456,0
D_0000316639,1,0.914791,1
D_0000316765,0,0.328523,1
D_0000317521,0,0.657146,1
D_0000317773,1,0.996105,1
D_0000318634,1,0.992887,1
D_0000319054,1,0.994810,1
D_0000319495,1,0.317662,1
D_0000320230,1,0.987085,1
D_0000320272,1,0.937170,1
D_0000320839,0,0.065938,0
D_0000321049,1,0.974934,1
D_0000321217,1,0.993823,1
D_0000321616,0,0.074494,0
D_0000321763,0,0.040858,0
D_0000321847,0,0.027663,0
D_0000322015,0,0.054231,0
D_0000323548,0,0.343617,1
D_0000323716,1,0.993398,1
D_0000324010,1,0.992937,1
D_0000324073,1,0.965201,1
D_0000325060,0,0.055133,0
D_0000325396,1,0.889557,1
D_0000326173,0,0.057272,0
D_0000326278,1,0.980943,1
D_0000326404,0,0.039074,0
D_0000326467,1,0.991137,1
D_0000326530,0,0.060013,0
D_0000327118,1,0.098599,0
D_0000327181,1,0.997500,1
D_0000327244,1,0.991245,1
D_0000327433,0,0.140247,0
D_0000327727,1,0.997326,1
D_0000328882,1,0.212535,0
D_0000329113,0,0.125637,0
D_0000329197,1,0.994024,1
D_0000329260,0,0.146422,0
D_0000330016,0,0.035909,0
D_0000330037,1,0.985293,1
D_0000330100,0,0.150355,0
D_0000330289,0,0.050077,0
D_0000330457,1,0.993595,1
D_0000330478,1,0.994867,1
D_0000330499,0,0.052315,0
D_0000330604,1,0.992309,1
D_0000330646,1,0.085626,0
D_0000330709,1,0.996315,1
D_0000330793,1,0.080242,0
D_0000331129,1,0.511942,1
D_0000331171,0,0.129125,0
D_0000331339,1,0.992905,1
D_0000331675,1,0.989135,1
D_0000331696,1,0.997396,1
D_0000332095,0,0.006266,0
D_0000332683,0,0.009876,0
D_0000332746,1,0.991460,1
D_0000333355,1,0.994816,1
D_0000333880,1,0.263778,1
D_0000334132,1,0.995451,1
D_0000334447,0,0.061580,0
D_0000334657,0,0.112151,0
D_0000334678,1,0.992684,1
D_0000335980,0,0.094291,0
D_0000336253,0,0.152900,0
D_0000336379,1,0.994696,1
D_0000336421,1,0.975241,1
D_0000336610,1,0.978026,1
D_0000336673,1,0.983856,1
D_0000336736,1,0.988469,1
D_0000336862,1,0.990884,1
D_0000337009,0,0.239386,0
D_0000337303,0,0.129266,0
D_0000337576,1,0.328504,1
D_0000338080,1,0.996180,1
D_0000338248,1,0.994939,1
D_0000338647,0,0.162487,0
D_0000338773,1,0.997378,1
D_0000338857,0,0.174344,0
D_0000339193,0,0.026471,0
D_0000339403,0,0.098957,0
D_0000339508,0,0.061523,0
D_0000339550,1,0.937521,1
D_0000339676,0,0.027730,0
D_0000339844,1,0.986302,1
D_0000340054,0,0.058965,0
D_0000340495,0,0.049331,0
D_0000340684,0,0.151551,0
D_0000340705,0,0.080200,0
D_0000340894,0,0.055657,0
D_0000340936,0,0.024854,0
D_0000341230,1,0.997002,1
D_0000341629,0,0.096177,0
D_0000342574,1,0.984981,1
D_0000342742,1,0.985127,1
D_0000343561,1,0.960288,1
D_0000344002,1,0.001099,0
D_0000344044,0,0.141957,0
D_0000344569,1,0.953282,1
D_0000344632,0,0.021510,0
D_0000345157,0,0.123963,0
D_0000345199,1,0.975136,1
D_0000345661,0,0.249504,0
D_0000345703,1,0.995565,1
D_0000346165,1,0.984613,1
D_0000346186,0,0.157549,0
D_0000346207,0,0.015949,0
D_0000346228,0,0.060376,0
D_0000346522,1,0.963392,1
D_0000346732,1,0.984731,1
D_0000346837,1,0.948058,1
D_0000346900,1,0.992527,1
D_0000346942,1,0.168520,0
D_0000347299,0,0.093700,0
D_0000347551,1,0.168421,0
D_0000347677,1,0.477329,1
D_0000348139,1,0.985653,1
D_0000348181,0,0.019619,0
D_0000348328,1,0.994612,1
D_0000348496,1,0.992896,1
D_0000349210,0,0.233118,0
D_0000349231,1,0.992606,1
D_0000350029,0,0.045398,0
D_0000350428,0,0.006870,0
D_0000350449,0,0.064468,0
D_0000350470,1,0.988590,1
D_0000350701,0,0.033788,0
D_0000350995,0,0.127211,0
D_0000351058,1,0.991006,1
D_0000351121,0,0.063465,0
D_0000351499,0,0.285558,1
D_0000352108,1,0.989766,1
D_0000352213,1,0.398642,1
D_0000352444,0,0.082611,0
D_0000352528,1,0.993534,1
D_0000352570,1,0.992518,1
D_0000352864,1,0.985777,1
D_0000352969,0,0.028664,0
D_0000353599,0,0.076337,0
D_0000354166,0,0.053236,0
D_0000354397,1,0.991908,1
D_0000354523,1,0.162347,0
D_0000354565,1,0.991818,1
D_0000354586,1,0.990841,1
D_0000354670,0,0.059385,0
D_0000354712,0,0.399915,1
D_0000355111,0,0.192846,0
D_0000355930,0,0.097627,0
D_0000356077,0,0.066944,0
D_0000356224,1,0.993922,1
D_0000356266,1,0.982031,1
D_0000356308,1,0.864068,1
D_0000356833,0,0.119042,0
D_0000357631,1,0.995778,1
D_0000357694,1,0.991664,1
D_0000358009,0,0.138916,0
D_0000359017,1,0.998508,1
D_0000359815,1,0.992178,1
D_0000359878,0,0.141297,0
D_0000360109,0,0.071350,0
D_0000360172,1,0.987886,1
D_0000360277,1,0.996373,1
D_0000360340,0,0.054838,0
D_0000360991,1,0.991762,1
D_0000361096,1,0.983504,1
D_0000361243,0,0.118063,0
D_0000361537,1,0.988778,1
D_0000361894,0,0.022776,0
D_0000362104,0,0.172455,0
D_0000362839,1,0.961791,1
D_0000363448,0,0.039188,0
D_0000363637,1,0.962017,1
D_0000364330,1,0.975795,1
D_0000365002,0,0.136278,0
D_0000365065,1,0.929324,1
D_0000366535,0,0.021505,0
D_0000367018,1,0.998527,1
D_0000367732,0,0.102152,0
D_0000368488,0,0.087567,0
D_0000369937,1,0.996615,1
D_0000370021,1,0.981133,1
D_0000370168,0,0.060338,0
D_0000370315,0,0.309956,1
D_0000370483,1,0.995993,1
D_0000370504,0,0.044012,0
D_0000371428,0,0.136258,0
D_0000371491,1,0.916927,1
D_0000371575,1,0.992969,1
D_0000371764,1,0.996636,1
D_0000372100,0,0.042437,0
D_0000372289,0,0.025476,0
D_0000372415,0,0.098377,0
D_0000372856,0,0.123710,0
D_0000373339,1,0.982018,1
D_0000373822,1,0.911945,1
D_0000373843,1,0.980904,1
D_0000374746,1,0.987340,1
D_0000375208,0,0.027698,0
D_0000375733,0,0.295283,1
D_0000375754,0,0.201919,0
D_0000376048,1,0.990540,1
D_0000376321,0,0.058312,0
D_0000376531,1,0.875191,1
D_0000376615,1,0.994505,1
D_0000378484,1,0.991749,1
D_0000378589,0,0.376809,1
D_0000378736,0,0.138819,0
D_0000378904,1,0.838640,1
D_0000379156,0,0.053702,0
D_0000379807,1,0.971663,1
D_0000380059,1,0.996879,1
D_0000380101,0,0.209853,0
D_0000380626,1,0.992096,1
D_0000380647,1,0.991728,1
D_0000380752,0,0.145278,0
D_0000380773,1,0.990451,1
D_0000382012,0,0.053303,0
D_0000382327,1,0.991738,1
D_0000382726,0,0.017271,0
D_0000382852,0,0.715024,1
D_0000383377,1,0.988497,1
D_0000383503,1,0.991955,1
D_0000383524,1,0.983343,1
D_0000383692,1,0.991665,1
D_0000383755,0,0.062414,0
D_0000383797,0,0.087841,0
D_0000383944,1,0.975536,1
D_0000383965,0,0.157551,0
D_0000384574,1,0.989727,1
D_0000385141,0,0.103454,0
D_0000386044,0,0.034249,0
D_0000386065,0,0.083780,0
D_0000386191,1,0.976155,1
D_0000386233,1,0.195794,0
D_0000386485,0,0.212022,0
D_0000387031,1,0.963680,1
D_0000387304,1,0.684084,1
D_0000387619,1,0.994758,1
D_0000387766,0,0.008036,0
D_0000387913,0,0.025836,0
D_0000387934,0,0.087676,0
D_0000388018,1,0.947694,1
D_0000388249,1,0.045958,0
D_0000388438,1,0.987835,1
D_0000388669,0,0.049803,0
D_0000388732,1,0.993457,1
D_0000388963,1,0.994945,1
D_0000389152,1,0.258631,1
D_0000389635,1,0.964071,1
D_0000389803,0,0.047480,0
D_0000389845,1,0.960362,1
D_0000389866,0,0.140731,0
D_0000390097,1,0.993354,1
D_0000392617,0,0.160518,0
D_0000393016,0,0.060216,0
D_0000393037,0,0.066769,0
D_0000393163,0,0.058981,0
D_0000393205,1,0.983674,1
D_0000393268,1,0.974292,1
D_0000393373,1,0.828583,1
D_0000393814,0,0.037194,0
D_0000394024,1,0.996651,1
D_0000394444,1,0.985419,1
D_0000394507,0,0.115133,0
D_0000394843,1,0.985204,1
D_0000394948,0,0.188055,0
D_0000395200,1,0.959440,1
D_0000396439,0,0.052226,0
D_0000396649,1,0.995076,1
D_0000396712,1,0.992783,1
D_0000397195,1,0.987827,1
D_0000397237,1,0.992951,1
D_0000397384,1,0.993508,1
D_0000397405,1,0.979576,1
D_0000397510,1,0.989796,1
D_0000397888,0,0.351011,1
D_0000398035,1,0.994326,1
D_0000398245,0,0.024072,0
D_0000398854,1,0.997248,1
D_0000399505,1,0.993048,1
D_0000399526,1,0.980497,1
D_0000399841,0,0.039101,0
D_0000400135,1,0.988153,1
D_0000400576,0,0.079951,0
D_0000401206,0,0.060663,0
D_0000401227,1,0.976595,1
D_0000401353,0,0.070152,0
D_0000402004,1,0.998631,1
D_0000402151,1,0.992464,1
D_0000402193,1,0.993184,1
D_0000402277,1,0.995795,1
D_0000403033,1,0.995391,1
D_0000403054,1,0.296986,1
D_0000403369,0,0.287996,1
D_0000403579,0,0.066678,0
D_0000404272,1,0.996395,1
D_0000404482,1,0.986509,1
D_0000405070,1,0.995287,1
D_0000405238,0,0.069174,0
D_0000405595,1,0.992165,1
D_0000406267,1,0.994766,1
D_0000407359,1,0.989052,1
D_0000407422,1,0.995549,1
D_0000407527,1,0.996453,1
D_0000408178,1,0.997795,1
D_0000408262,0,0.146270,0
D_0000408367,1,0.987180,1
D_0000408703,0,0.018854,0
D_0000409081,0,0.062915,0
D_0000409375,1,0.992711,1
D_0000409585,1,0.979557,1
D_0000410341,1,0.849130,1
D_0000410446,1,0.994958,1
D_0000410656,1,0.994356,1
D_0000411034,1,0.990917,1
D_0000411244,0,0.090571,0
D_0000411391,1,0.992358,1
D_0000411475,1,0.943667,1
D_0000411706,1,0.983321,1
D_0000411790,1,0.990950,1
D_0000411853,0,0.171751,0
D_0000412063,1,0.993456,1
D_0000412294,1,0.446916,1
D_0000412588,0,0.012008,0
D_0000412693,1,0.995438,1
D_0000412819,1,0.844640,1
D_0000412840,0,0.042560,0
D_0000412945,0,0.028196,0
D_0000413008,1,0.972601,1
D_0000413197,1,0.998008,1
D_0000414940,0,0.052805,0
D_0000415024,1,0.345599,1
D_0000415318,1,0.313996,1
D_0000415507,0,0.104726,0
D_0000415570,0,0.114020,0
D_0000415696,0,0.017109,0
D_0000415990,0,0.074114,0
D_0000416011,1,0.973316,1
D_0000416830,1,0.106293,0
D_0000417187,0,0.092436,0
D_0000417439,1,0.964148,1
D_0000417607,1,0.967225,1
D_0000418321,1,0.993968,1
D_0000419686,1,0.993401,1
D_0000420337,1,0.954051,1
D_0000420421,0,0.184474,0
D_0000420610,1,0.997142,1
D_0000421051,0,0.467712,1
D_0000421282,1,0.991131,1
D_0000422416,0,0.117085,0
D_0000422962,1,0.995063,1
D_0000423004,0,0.047339,0
D_0000423046,1,0.994576,1
D_0000423655,0,0.028025,0
D_0000423802,0,0.072295,0
D_0000424012,1,0.992230,1
D_0000424180,0,0.179044,0
D_0000424747,0,0.088467,0
D_0000425125,1,0.989712,1
D_0000425272,0,0.145481,0
D_0000425608,0,0.060446,0
D_0000425713,1,0.982484,1
D_0000425965,1,0.158473,0
D_0000426763,1,0.990386,1
D_0000428317,0,0.061225,0
D_0000428338,0,0.043626,0
D_0000428632,1,0.868315,1
D_0000428842,1,0.962297,1
D_0000428905,1,0.992947,1
D_0000429115,0,0.027973,0
D_0000429199,1,0.994905,1
D_0000429241,1,0.998330,1
D_0000429514,1,0.985453,1
D_0000429535,1,0.990698,1
D_0000429577,1,0.988965,1
D_0000429598,1,0.993761,1
D_0000429934,1,0.992541,1
D_0000430396,0,0.168954,0
D_0000430480,0,0.016195,0
D_0000431425,1,0.989455,1
D_0000431530,1,0.990013,1
D_0000431551,1,0.987839,1
D_0000432013,1,0.994250,1
D_0000432286,1,0.983819,1
D_0000432559,0,0.085554,0
D_0000432895,0,0.140379,0
D_0000433042,1,0.980971,1
D_0000433168,1,0.999021,1
D_0000433357,1,0.994726,1
D_0000433588,1,0.984254,1
D_0000433714,1,0.991590,1
D_0000433798,0,0.019417,0
D_0000434071,1,0.991017,1
D_0000434218,1,0.157631,0
D_0000435268,0,0.023262,0
D_0000435583,1,0.968966,1
D_0000435898,1,0.996465,1
D_0000436129,0,0.148586,0
D_0000436738,1,0.989051,1
D_0000437179,1,0.238593,0
D_0000437242,0,0.071068,0
D_0000437704,0,0.025869,0
D_0000437851,1,0.988761,1
D_0000437893,0,0.149465,0
D_0000437977,0,0.121377,0
D_0000439888,1,0.983826,1
D_0000439909,0,0.033574,0
D_0000440035,1,0.996402,1
D_0000440287,1,0.995198,1
D_0000440476,1,0.990883,1
D_0000441022,1,0.991104,1
D_0000441064,1,0.996439,1
D_0000441085,1,0.992850,1
D_0000441442,0,0.126484,0
D_0000442429,0,0.079808,0
D_0000442492,1,0.992655,1
D_0000442534,0,0.066005,0
D_0000442618,0,0.190292,0
D_0000443101,1,0.969908,1
D_0000443122,1,0.987823,1
D_0000443353,0,0.078688,0
D_0000443542,0,0.052727,0
D_0000443626,1,0.995107,1
D_0000443773,1,0.431191,1
D_0000444130,0,0.348407,1
D_0000444718,1,0.979540,1
D_0000444823,0,0.015590,0
D_0000444928,1,0.987546,1
D_0000444991,1,0.994451,1
D_0000445075,1,0.513131,1
D_0000445474,0,0.047713,0
D_0000445894,1,0.989534,1
D_0000445915,0,0.004245,0
D_0000446503,0,0.030696,0
D_0000446566,1,0.990933,1
D_0000446902,0,0.055058,0
D_0000447196,1,0.990648,1
D_0000447427,0,0.031316,0
D_0000447721,0,0.069443,0
D_0000448078,0,0.139789,0
D_0000449212,1,0.994377,1
D_0000449254,0,0.045843,0
D_0000449611,1,0.997522,1
D_0000449905,1,0.188821,0
D_0000450325,0,0.039316,0
D_0000450997,1,0.907749,1
D_0000451144,0,0.101014,0
D_0000451438,1,0.995247,1
D_0000451606,0,0.033996,0
D_0000451942,1,0.997797,1
D_0000451984,1,0.985501,1
D_0000452194,0,0.291439,1
D_0000452299,1,0.992210,1
D_0000452509,1,0.223166,0
D_0000452740,1,0.979617,1
D_0000453097,0,0.054733,0
D_0000453328,0,0.100375,0
D_0000453349,0,0.102368,0
D_0000453370,1,0.015155,0
D_0000453664,1,0.806232,1
D_0000453979,1,0.113527,0
D_0000454189,1,0.141111,0
D_0000454294,0,0.061886,0
D_0000454420,0,0.099527,0
D_0000454462,1,0.992224,1
D_0000454504,1,0.976818,1
D_0000454756,0,0.076053,0
D_0000454903,0,0.079625,0
D_0000455869,1,0.990291,1
D_0000455890,0,0.116655,0
D_0000456037,0,0.125129,0
D_0000456079,1,0.997423,1
D_0000456163,1,0.205578,0
D_0000456226,1,0.078180,0
D_0000456457,1,0.995789,1
D_0000456688,0,0.027698,0
D_0000456709,0,0.111388,0
D_0000456730,0,0.192148,0
D_0000456940,1,0.992485,1
D_0000457087,0,0.187564,0
D_0000457360,1,0.995420,1
D_0000457696,0,0.032449,0
D_0000457864,1,0.968108,1
D_0000458704,0,0.193893,0
D_0000458767,1,0.991605,1
D_0000458809,1,0.989746,1
D_0000459082,0,0.383246,1
D_0000459376,0,0.061043,0
D_0000459607,1,0.785062,1
D_0000459775,1,0.750373,1
D_0000459859,1,0.995254,1
D_0000460069,0,0.167044,0
D_0000460174,0,0.408986,1
D_0000460216,0,0.050921,0
D_0000460594,0,0.064109,0
D_0000461119,1,0.978565,1
D_0000461434,1,0.986986,1
D_0000462211,1,0.987919,1
D_0000462295,0,0.210279,0
D_0000462316,0,0.173405,0
D_0000462463,0,0.020691,0
D_0000462715,0,0.034225,0
D_0000462925,0,0.284186,1
D_0000462988,0,0.049211,0
D_0000463534,1,0.284382,1
D_0000464479,0,0.016724,0
D_0000464584,1,0.985668,1
D_0000464689,1,0.991440,1
D_0000464815,0,0.012625,0
D_0000465445,0,0.062856,0
D_0000466012,0,0.028198,0
D_0000466264,0,0.074109,0
D_0000466873,0,0.095842,0
D_0000466978,0,0.025258,0
D_0000467734,1,0.969917,1
D_0000468196,1,0.977836,1
D_0000468805,1,0.995884,1
D_0000470044,0,0.253037,1
D_0000470401,1,0.990810,1
D_0000470716,1,0.983898,1
D_0000470926,0,0.035684,0
D_0000471157,1,0.986783,1
D_0000471199,0,0.112595,0
D_0000471367,1,0.992158,1
D_0000471619,1,0.999096,1
D_0000471682,0,0.104341,0
D_0000472207,1,0.993585,1
D_0000472522,1,0.980011,1
D_0000473026,1,0.989384,1
D_0000473824,1,0.391237,1
D_0000473971,0,0.173555,0
D_0000474013,1,0.964721,1
D_0000474265,1,0.947645,1
D_0000474622,1,0.992206,1
D_0000475063,1,0.991710,1
D_0000475126,1,0.806837,1
D_0000475147,1,0.895205,1
D_0000475294,1,0.984920,1
D_0000475336,1,0.996228,1
D_0000475441,1,0.994912,1
D_0000475630,1,0.998210,1
D_0000475819,0,0.045584,0
D_0000475882,0,0.081466,0
D_0000476785,1,0.995838,1
D_0000476869,1,0.973314,1
D_0000477016,0,0.268033,1
D_0000477100,1,0.967910,1
D_0000477457,1,0.195161,0
D_0000477793,0,0.184363,0
D_0000477856,1,0.993358,1
D_0000478402,0,0.062046,0
D_0000478507,0,0.118480,0
D_0000478549,1,0.986780,1
D_0000478612,0,0.340779,1
D_0000478675,1,0.990176,1
D_0000478738,0,0.122532,0
D_0000478822,1,0.993484,1
D_0000478885,0,0.198065,0
D_0000478906,0,0.018540,0
D_0000479011,1,0.990090,1
D_0000479347,1,0.996121,1
D_0000479452,1,0.074492,0
D_0000480019,0,0.025140,0
D_0000480523,1,0.908216,1
D_0000481132,0,0.115257,0
D_0000481468,0,0.103808,0
D_0000481573,1,0.990693,1
D_0000481972,1,0.996843,1
D_0000482287,1,0.986068,1
D_0000482560,1,0.993373,1
D_0000482980,1,0.959702,1
D_0000483001,1,0.998494,1
D_0000483106,0,0.175607,0
D_0000483211,1,0.945471,1
D_0000483274,1,0.997973,1
D_0000483484,1,0.992761,1
D_0000483757,1,0.997264,1
D_0000483799,0,0.025817,0
D_0000484072,0,0.049348,0
D_0000484324,1,0.990940,1
D_0000485311,0,0.029275,0
D_0000485542,1,0.992105,1
D_0000485836,0,0.245005,0
D_0000486277,1,0.331495,1
D_0000486445,1,0.814922,1
D_0000486613,1,0.228348,0
D_0000487033,1,0.988557,1
D_0000487117,1,0.995627,1
D_0000487180,0,0.096553,0
D_0000487495,0,0.031684,0
D_0000487642,1,0.991161,1
D_0000487852,0,0.067604,0
D_0000488356,0,0.131905,0
D_0000488482,1,0.992731,1
D_0000488629,0,0.012594,0
D_0000489028,1,0.994373,1
D_0000489154,1,0.994318,1
D_0000489175,0,0.043936,0
D_0000489763,0,0.049908,0
D_0000489784,1,0.989273,1
D_0000490351,0,0.076698,0
D_0000490435,1,0.998090,1
D_0000490456,0,0.086737,0
D_0000490645,0,0.048703,0
D_0000490687,0,0.106097,0
D_0000490771,0,0.000665,0
D_0000490960,1,0.728168,1
D_0000491170,0,0.143151,0
D_0000491191,0,0.297752,1
D_0000491212,1,0.956538,1
D_0000491485,0,0.114495,0
D_0000491737,1,0.222840,0
D_0000491989,0,0.163766,0
D_0000492178,1,0.997753,1
D_0000492577,0,0.027663,0
D_0000493522,1,0.989529,1
D_0000493627,1,0.986199,1
D_0000493669,0,0.251156,1
D_0000493858,1,0.998066,1
D_0000494068,1,0.990134,1
D_0000494299,1,0.988292,1
D_0000495181,0,0.124967,0
D_0000495286,1,0.998251,1
D_0000495412,1,0.994545,1
D_0000495454,0,0.312695,1
D_0000495874,1,0.207183,0
D_0000495937,1,0.993253,1
D_0000495958,1,0.991724,1
D_0000496315,1,0.966836,1
D_0000496399,0,0.051083,0
D_0000496756,1,0.990664,1
D_0000497512,1,0.407090,1
D_0000497659,0,0.090000,0
D_0000498058,1,0.990445,1
D_0000498205,1,0.992193,1
D_0000498268,1,0.987201,1
D_0000498289,0,0.144366,0
D_0000498310,1,0.045266,0
D_0000498961,1,0.986876,1
D_0000499087,0,0.070720,0
D_0000499276,0,0.190681,0
D_0000499549,0,0.012282,0
D_0000499801,0,0.120290,0
D_0000500179,1,0.425050,1
D_0000500431,1,0.746740,1
D_0000501229,0,0.235125,0
D_0000501586,0,0.106657,0
D_0000501880,1,0.525999,1
D_0000502615,1,0.987975,1
D_0000502657,1,0.966634,1
D_0000503161,0,0.392774,1
D_0000503224,0,0.042889,0
D_0000503560,0,0.062013,0
D_0000503581,0,0.103041,0
D_0000503812,0,0.307593,1
D_0000503896,0,0.155981,0
D_0000504001,0,0.075637,0
D_0000504211,1,0.996487,1
D_0000504421,1,0.992753,1
D_0000504799,1,0.992120,1
D_0000505597,1,0.986987,1
D_0000505996,0,0.096073,0
D_0000506227,0,0.037565,0
D_0000506563,0,0.299776,1
D_0000506794,0,0.115645,0
D_0000507130,1,0.996772,1
D_0000507277,1,0.976549,1
D_0000508054,1,0.987631,1
D_0000508558,0,0.116557,0
D_0000509062,1,0.990994,1
D_0000509083,1,0.943814,1
D_0000509104,1,0.511788,1
D_0000509776,0,0.089100,0
D_0000509797,1,0.986226,1
D_0000510133,0,0.024249,0
D_0000510154,1,0.958630,1
D_0000510175,1,0.114304,0
D_0000510574,1,0.989739,1
D_0000510763,1,0.908935,1
D_0000510910,0,0.015253,0
D_0000511162,0,0.069709,0
D_0000511183,0,0.033169,0
D_0000511393,0,0.069387,0
D_0000511414,0,0.013900,0
D_0000511498,1,0.995464,1
D_0000511708,1,0.997210,1
D_0000512569,1,0.983910,1
D_0000513493,0,0.090076,0
D_0000513913,1,0.947933,1
D_0000514165,0,0.225813,0
D_0000514249,1,0.992320,1
D_0000514291,1,0.993446,1
D_0000514312,1,0.993870,1
D_0000514417,1,0.937768,1
D_0000514669,0,0.075371,0
D_0000514732,1,0.993537,1
D_0000514942,0,0.028790,0
D_0000515068,1,0.990243,1
D_0000515341,1,0.993152,1
D_0000515467,0,0.615827,1
D_0000515572,0,0.025227,0
D_0000515887,1,0.992289,1
D_0000516244,1,0.996106,1
D_0000516685,1,0.986688,1
D_0000516937,1,0.992572,1
D_0000517336,0,0.091006,0
D_0000518071,1,0.221787,0
D_0000518197,0,0.152770,0
D_0000518554,1,0.991644,1
D_0000518638,0,0.035092,0
D_0000519457,0,0.322624,1
D_0000519499,0,0.082233,0
D_0000519625,1,0.979949,1
D_0000519751,1,0.998167,1
D_0000520192,0,0.110450,0
D_0000520507,1,0.992670,1
D_0000520822,1,0.325370,1
D_0000520885,0,0.046177,0
D_0000521557,1,0.990473,1
D_0000521914,0,0.052855,0
D_0000522187,1,0.979710,1
D_0000522250,0,0.054702,0
D_0000522292,0,0.102090,0
D_0000522397,0,0.035151,0
D_0000522628,1,0.987134,1
D_0000522796,0,0.122876,0
D_0000523405,1,0.990802,1
D_0000523426,1,0.973870,1
D_0000523468,1,0.980883,1
D_0000523846,0,0.034139,0
D_0000523972,1,0.995974,1
D_0000524707,1,0.992154,1
D_0000524875,1,0.996016,1
D_0000525652,1,0.994895,1
D_0000525841,0,0.129368,0
D_0000526009,0,0.066145,0
D_0000526135,1,0.992710,1
D_0000526639,0,0.020517,0
D_0000526723,1,0.993997,1
D_0000526744,1,0.995566,1
D_0000526786,1,0.997839,1
D_0000527206,0,0.251687,1
D_0000527647,0,0.070014,0
D_0000527794,0,0.056670,0
D_0000528130,1,0.389572,1
D_0000528235,0,0.010055,0
D_0000529201,0,0.034084,0
D_0000529516,0,0.311367,1
D_0000529621,0,0.046163,0
D_0000529957,1,0.992914,1
D_0000530188,0,0.081911,0
D_0000530209,0,0.239108,0
D_0000530818,0,0.317566,1
D_0000531007,0,0.029958,0
D_0000531196,1,0.989781,1
D_0000531448,1,0.204660,0
D_0000531490,1,0.994937,1
D_0000531532,0,0.033540,0
D_0000532435,0,0.029058,0
D_0000533107,0,0.058144,0
D_0000534178,0,0.077530,0
D_0000534283,0,0.051226,0
D_0000534346,1,0.996134,1
D_0000534409,1,0.178741,0
D_0000534661,0,0.082617,0
D_0000534808,1,0.991727,1
D_0000534997,0,0.060779,0
D_0000535081,1,0.971767,1
D_0000535522,1,0.361328,1
D_0000535585,0,0.146772,0
D_0000535858,0,0.058612,0
D_0000535921,1,0.855694,1
D_0000536089,0,0.197917,0
D_0000536131,1,0.972268,1
D_0000536152,1,0.811379,1
D_0000536236,1,0.978906,1
D_0000536488,0,0.073177,0
D_0000537160,0,0.030555,0
D_0000537412,1,0.988884,1
D_0000537811,1,0.122025,0
D_0000538126,1,0.997486,1
D_0000538294,1,0.978238,1
D_0000538420,1,0.995457,1
D_0000538504,0,0.161495,0
D_0000538546,0,0.044213,0
D_0000538609,1,0.998090,1
D_0000538903,0,0.038264,0
D_0000539218,0,0.105526,0
D_0000539302,0,0.084783,0
D_0000539470,1,0.983537,1
D_0000539512,0,0.129198,0
D_0000539785,0,0.074076,0
D_0000540142,0,0.071932,0
D_0000540415,1,0.989090,1
D_0000540457,0,0.076707,0
D_0000541087,0,0.032701,0
D_0000541696,0,0.007316,0
D_0000541801,1,0.997742,1
D_0000541843,1,0.990670,1
D_0000542158,0,0.361378,1
D_0000542200,1,0.985956,1
D_0000542263,0,0.084821,0
D_0000542347,0,0.081723,0
D_0000542515,0,0.019716,0
D_0000542914,0,0.043157,0
D_0000542956,1,0.990526,1
D_0000543187,1,0.998449,1
D_0000543376,1,0.006163,0
D_0000543712,0,0.077770,0
D_0000544657,1,0.991396,1
D_0000544993,1,0.994400,1
D_0000545560,0,0.046671,0
D_0000545812,1,0.995029,1
D_0000546022,0,0.179629,0
D_0000546085,1,0.984245,1
D_0000546631,1,0.989233,1
D_0000546673,1,0.984857,1
D_0000547114,0,0.071138,0
D_0000547198,1,0.986448,1
D_0000547219,1,0.997370,1
D_0000548059,1,0.718557,1
D_0000548122,0,0.008727,0
D_0000548164,1,0.993710,1
D_0000548269,1,0.258956,1
D_0000548479,1,0.992881,1
D_0000548752,0,0.057515,0
D_0000548878,1,0.991417,1
D_0000549508,0,0.115119,0
D_0000550642,0,0.125652,0
D_0000551041,0,0.072143,0
D_0000551188,0,0.246489,0
D_0000551461,1,0.992818,1
D_0000551797,1,0.984413,1
D_0000552280,0,0.039801,0
D_0000552469,0,0.120069,0
D_0000552868,1,0.979547,1
D_0000553204,1,0.987746,1
D_0000553288,0,0.011528,0
D_0000553582,0,0.040865,0
D_0000553603,1,0.800669,1
D_0000553645,0,0.094232,0
D_0000553771,1,0.988276,1
D_0000553918,1,0.323113,1
D_0000554044,0,0.103376,0
D_0000554233,1,0.993644,1
D_0000554296,1,0.979737,1
D_0000554485,0,0.077180,0
D_0000554674,0,0.416848,1
D_0000555094,1,0.955819,1
D_0000555262,0,0.186065,0
D_0000555430,1,0.997280,1
D_0000555556,1,0.995262,1
D_0000555577,1,0.982088,1
D_0000555724,1,0.989322,1
D_0000556522,1,0.988216,1
D_0000556753,1,0.991984,1
D_0000556984,0,0.116682,0
D_0000557383,1,0.982208,1
D_0000558664,1,0.910142,1
D_0000559168,0,0.065506,0
D_0000559945,1,0.976973,1
D_0000560071,1,0.996363,1
D_0000560281,1,0.987490,1
D_0000560386,0,0.112233,0
D_0000560491,1,0.993076,1
D_0000560743,1,0.995946,1
D_0000561058,0,0.040417,0
D_0000561352,1,0.953019,1
D_0000561562,0,0.681734,1
D_0000561604,0,0.005769,0
D_0000561877,0,0.369113,1
D_0000562297,1,0.968362,1
D_0000562360,1,0.992638,1
D_0000562675,1,0.995542,1
D_0000562906,1,0.993186,1
D_0000563137,0,0.014585,0
D_0000563263,1,0.977711,1
D_0000563284,0,0.074513,0
D_0000563389,1,0.985698,1
D_0000563494,0,0.048654,0
D_0000564418,1,0.858781,1
D_0000564544,1,0.994775,1
D_0000564922,0,0.044180,0
D_0000565279,0,0.177862,0
D_0000565552,0,0.037007,0
D_0000565930,0,0.064162,0
D_0000566287,0,0.239109,0
D_0000566749,1,0.102968,0
D_0000567001,1,0.997212,1
D_0000567211,0,0.223745,0
D_0000567547,1,0.973786,1
D_0000567778,1,0.991069,1
D_0000568135,1,0.991670,1
D_0000568576,0,0.033062,0
D_0000568681,0,0.285424,1
D_0000568891,0,0.105015,0
D_0000568975,1,0.979419,1
D_0000569248,1,0.991569,1
D_0000569731,1,0.994682,1
D_0000570025,1,0.951917,1
D_0000570298,0,0.067502,0
D_0000570718,1,0.982795,1
D_0000571222,0,0.090342,0
D_0000571663,0,0.172503,0
D_0000572566,1,0.987227,1
D_0000572818,0,0.034432,0
D_0000573196,0,0.065963,0
D_0000574498,1,0.992012,1
D_0000574603,1,0.991922,1
D_0000575359,0,0.085828,0
D_0000575527,0,0.068628,0
D_0000575695,1,0.445569,1
D_0000575716,1,0.950238,1
D_0000575863,1,0.993011,1
D_0000576010,0,0.000417,0
D_0000576325,0,0.047731,0
D_0000576787,1,0.977608,1
D_0000576850,1,0.995629,1
D_0000577039,0,0.045018,0
D_0000577123,1,0.199609,0
D_0000577186,0,0.068744,0
D_0000577228,1,0.994325,1
D_0000577648,0,0.100785,0
D_0000578005,0,0.291020,1
D_0000578425,0,0.018583,0
D_0000578950,1,0.994924,1
D_0000579307,1,0.037507,0
D_0000579727,0,0.063718,0
D_0000580252,1,0.992234,1
D_0000580588,0,0.164797,0
D_0000580777,0,0.121047,0
D_0000580840,1,0.972557,1
D_0000581071,0,0.199088,0
D_0000581344,1,0.993311,1
D_0000581386,1,0.994772,1
D_0000581428,1,0.314688,1
D_0000581617,0,0.030781,0
D_0000582331,0,0.106049,0
D_0000582709,1,0.974887,1
D_0000583549,1,0.991240,1
D_0000584326,0,0.043769,0
D_0000584452,1,0.994130,1
D_0000584599,1,0.984103,1
D_0000584788,1,0.993664,1
D_0000585166,1,0.993876,1
D_0000585187,0,0.050699,0
D_0000586006,0,0.048255,0
D_0000586090,1,0.947217,1
D_0000586216,1,0.995397,1
D_0000586258,1,0.988377,1
D_0000586405,0,0.156712,0
D_0000586762,1,0.994476,1
D_0000587455,1,0.994974,1
D_0000588064,0,0.056591,0
D_0000588295,0,0.014167,0
D_0000588526,0,0.025785,0
D_0000589408,0,0.027835,0
D_0000589765,1,0.991350,1
D_0000589807,1,0.985260,1
D_0000590164,0,0.113788,0
D_0000590353,1,0.992340,1
D_0000590416,1,0.951436,1
D_0000591235,1,0.993775,1
D_0000591634,1,0.973664,1
D_0000591886,0,0.048399,0
D_0000592201,1,0.978687,1
D_0000592432,1,0.969469,1
D_0000592495,1,0.992622,1
D_0000592999,1,0.991086,1
D_0000593041,1,0.990856,1
D_0000593335,0,0.169433,0
D_0000593440,1,0.995763,1
D_0000593482,1,0.996146,1
D_0000593755,0,0.112666,0
D_0000593902,0,0.095102,0
D_0000594196,0,0.115928,0
D_0000594217,1,0.994514,1
D_0000594238,0,0.163982,0
D_0000594343,1,0.939960,1
D_0000594763,0,0.069262,0
D_0000595078,0,0.205022,0
D_0000596401,1,0.994623,1
D_0000597031,0,0.112605,0
D_0000598711,0,0.036960,0
D_0000598816,0,0.031496,0
D_0000599152,1,0.976621,1
D_0000599278,1,0.996585,1
D_0000599299,1,0.996578,1
D_0000599467,0,0.149194,0
D_0000599614,0,0.078493,0
D_0000600118,1,0.989597,1
D_0000600769,1,0.893150,1
D_0000600790,1,0.999558,1
D_0000600811,1,0.991146,1
D_0000600874,0,0.035013,0
D_0000600937,1,0.978913,1
D_0000601147,1,0.877981,1
D_0000601294,0,0.201565,0
D_0000601357,1,0.995452,1
D_0000601966,1,0.990794,1
D_0000602155,0,0.185159,0
D_0000602197,0,0.103215,0
D_0000603163,0,0.057361,0
D_0000603331,0,0.197892,0
D_0000603394,1,0.994779,1
D_0000604045,0,0.135159,0
D_0000604213,1,0.163821,0
D_0000604528,1,0.033320,0
D_0000604696,1,0.995543,1
D_0000604780,1,0.987669,1
D_0000605116,0,0.091854,0
D_0000605347,0,0.099602,0
D_0000605389,1,0.993753,1
D_0000605557,0,0.097913,0
D_0000605725,1,0.554108,1
D_0000605872,0,0.025287,0
D_0000606166,1,0.992755,1
D_0000606754,1,0.502551,1
D_0000607468,1,0.206710,0
D_0000607636,1,0.996098,1
D_0000607657,1,0.166047,0
D_0000607783,0,0.104490,0
D_0000608119,0,0.052979,0
D_0000608497,0,0.037626,0
D_0000608539,0,0.086294,0
D_0000609001,1,0.995430,1
D_0000609295,0,0.171790,0
D_0000609568,1,0.180422,0
D_0000609589,1,0.925486,1
D_0000609820,0,0.116123,0
D_0000609925,1,0.990038,1
D_0000610912,0,0.042607,0
D_0000611185,1,0.990965,1
D_0000611458,0,0.086234,0
D_0000611500,1,0.993172,1
D_0000611920,0,0.132122,0
D_0000612739,1,0.960468,1
D_0000613369,1,0.970315,1
D_0000613936,1,0.100816,0
D_0000614041,0,0.079762,0
D_0000614503,0,0.044322,0
D_0000614566,0,0.146971,0
D_0000614650,0,0.050570,0
D_0000614797,0,0.084029,0
D_0000615259,1,0.984587,1
D_0000615742,1,0.983840,1
D_0000616288,1,0.971676,1
D_0000616351,1,0.962666,1
D_0000616540,0,0.308928,1
D_0000616603,0,0.019003,0
D_0000616624,0,0.027549,0
D_0000616918,0,0.017558,0
D_0000617401,0,0.064891,0
D_0000617653,0,0.136082,0
D_0000617905,1,0.994125,1
D_0000618199,1,0.939300,1
D_0000618346,1,0.970240,1
D_0000618619,0,0.048054,0
D_0000619354,1,0.985836,1
D_0000619900,0,0.039493,0
D_0000620131,0,0.023001,0
D_0000620257,0,0.108640,0
D_0000620992,1,0.994393,1
D_0000621034,0,0.084534,0
D_0000621076,0,0.137475,0
D_0000621307,1,0.429521,1
D_0000621664,1,0.985598,1
D_0000622315,1,0.978777,1
D_0000622462,0,0.045547,0
D_0000622840,0,0.038815,0
D_0000622903,0,0.256113,1
D_0000623134,0,0.053024,0
D_0000623302,1,0.993482,1
D_0000623470,0,0.059315,0
D_0000624646,0,0.139945,0
D_0000625402,0,0.072865,0
D_0000625780,0,0.068728,0
D_0000626011,1,0.899761,1
D_0000626200,0,0.054787,0
D_0000626221,1,0.990800,1
D_0000626935,1,0.970463,1
D_0000627418,1,0.993586,1
D_0000627733,0,0.100329,0
D_0000627901,1,0.908141,1
D_0000628132,1,0.979001,1
D_0000628825,1,0.875222,1
D_0000628972,0,0.229304,0
D_0000629203,1,0.981684,1
D_0000629287,0,0.098917,0
D_0000629371,0,0.005516,0
D_0000629665,1,0.992106,1
D_0000630043,1,0.990365,1
D_0000630211,1,0.913213,1
D_0000630316,0,0.041365,0
D_0000630904,1,0.993720,1
D_0000631366,0,0.041973,0
D_0000631576,0,0.078636,0
D_0000631702,1,0.083987,0
D_0000631765,1,0.993103,1
D_0000632626,1,0.995417,1
D_0000633214,0,0.138783,0
D_0000633361,0,0.024552,0
D_0000633676,1,0.993042,1
D_0000633928,0,0.088342,0
D_0000634075,1,0.997315,1
D_0000634138,1,0.096014,0
D_0000634747,0,0.044545,0
D_0000635650,1,0.995768,1
D_0000635881,1,0.967586,1
D_0000635902,0,0.512681,1
D_0000636070,0,0.041676,0
D_0000636364,1,0.990972,1
D_0000636469,0,0.025569,0
D_0000636658,0,0.021439,0
D_0000637771,1,0.994436,1
D_0000638254,1,0.926825,1
D_0000638317,0,0.121852,0
D_0000638359,0,0.179943,0
D_0000639010,1,0.931037,1
D_0000639031,1,0.988284,1
D_0000639535,1,0.992636,1
D_0000640060,0,0.026069,0
D_0000640270,0,0.054943,0
D_0000640501,1,0.986656,1
D_0000640858,0,0.029379,0
D_0000641047,1,0.994705,1
D_0000641425,1,0.995472,1
D_0000641971,1,0.988627,1
D_0000641992,1,0.930438,1
D_0000642244,1,0.286187,1
D_0000642370,1,0.990370,1
D_0000642496,0,0.017058,0
D_0000642643,0,0.050914,0
D_0000643441,0,0.158993,0
D_0000643567,0,0.141754,0
D_0000643924,1,0.994952,1
D_0000644575,1,0.997457,1
D_0000644806,0,0.062868,0
D_0000644995,1,0.931829,1
D_0000645163,0,0.073140,0
D_0000645625,1,0.984259,1
D_0000646318,0,0.109373,0
D_0000646507,0,0.045208,0
D_0000646591,1,0.995948,1
D_0000646675,0,0.068922,0
D_0000647011,0,0.036828,0
D_0000647347,1,0.482970,1
D_0000648124,1,0.842124,1
D_0000648145,1,0.992970,1
D_0000648292,0,0.020318,0
D_0000648418,0,0.092126,0
D_0000648523,1,0.993531,1
D_0000648775,1,0.182738,0
D_0000648817,0,0.009886,0
D_0000648838,1,0.833659,1
D_0000649258,0,0.180587,0
D_0000649762,1,0.959307,1
D_0000650497,1,0.991091,1
D_0000650665,0,0.013447,0
D_0000650728,1,0.990979,1
D_0000651862,0,0.120851,0
D_0000652408,0,0.057982,0
D_0000652555,0,0.203881,0
D_0000653269,1,0.272253,1
D_0000653479,0,0.065980,0
D_0000653689,1,0.992573,1
D_0000653752,1,0.992549,1
D_0000653962,0,0.049440,0
D_0000655033,1,0.991735,1
D_0000655117,0,0.377586,1
D_0000655201,0,0.334324,1
D_0000656461,0,0.042208,0
D_0000656776,0,0.067469,0
D_0000657049,1,0.982962,1
D_0000657238,0,0.061926,0
D_0000657322,1,0.078281,0
D_0000657448,0,0.060797,0
D_0000657952,1,0.991370,1
D_0000658204,0,0.237186,0
D_0000658435,0,0.250468,0
D_0000658477,0,0.017361,0
D_0000658771,0,0.018581,0
D_0000659086,0,0.157743,0
D_0000659107,0,0.068336,0
D_0000659191,1,0.984869,1
D_0000659338,1,0.987137,1
D_0000659800,0,0.382253,1
D_0000659842,1,0.997420,1
D_0000660094,0,0.095286,0
D_0000660178,1,0.992774,1
D_0000660346,1,0.997179,1
D_0000660535,1,0.996877,1
D_0000660787,0,0.032618,0
D_0000660871,1,0.988763,1
D_0000660913,1,0.992895,1
D_0000660997,1,0.990368,1
D_0000661081,0,0.125159,0
D_0000661564,0,0.289714,1
D_0000661711,0,0.047970,0
D_0000661795,1,0.937196,1
D_0000662425,0,0.071241,0
D_0000662719,0,0.162512,0
D_0000662761,0,0.003158,0
D_0000662782,0,0.091569,0
D_0000662887,1,0.990709,1
D_0000662950,0,0.023638,0
D_0000663622,0,0.168489,0
D_0000663937,0,0.013928,0
D_0000664210,0,0.064123,0
D_0000664903,1,0.989454,1
D_0000665092,0,0.097997,0
D_0000665470,1,0.986484,1
D_0000665680,1,0.399024,1
D_0000666016,1,0.980147,1
D_0000666457,1,0.938962,1
D_0000666604,1,0.972177,1
D_0000667276,1,0.988287,1
D_0000667570,0,0.077937,0
D_0000667864,0,0.064736,0
D_0000668347,0,0.382243,1
D_0000668368,1,0.513131,1
D_0000668746,0,0.028215,0
D_0000668788,1,0.987795,1
D_0000668851,0,0.013971,0
D_0000669145,1,0.988837,1
D_0000669334,1,0.987563,1
D_0000669817,0,0.021780,0
D_0000670006,0,0.028976,0
D_0000670027,0,0.080237,0
D_0000670174,1,0.991578,1
D_0000670783,0,0.011491,0
D_0000670825,1,0.508879,1
D_0000671959,1,0.245888,0
D_0000673366,1,0.493902,1
D_0000673429,1,0.450285,1
D_0000673555,1,0.985408,1
D_0000674101,0,0.016793,0
D_0000674416,0,0.011682,0
D_0000674458,0,0.181665,0
D_0000674983,1,0.990953,1
D_0000675109,1,0.051267,0
D_0000675277,1,0.995302,1
D_0000675928,0,0.062786,0
D_0000676201,1,0.290239,1
D_0000676264,1,0.968831,1
D_0000676747,0,0.159463,0
D_0000677209,0,0.134269,0
D_0000677230,0,0.003742,0
D_0000677398,0,0.092654,0
D_0000677629,1,0.980218,1
D_0000677860,1,0.995404,1
D_0000677944,0,0.016674,0
D_0000678028,0,0.084928,0
D_0000678091,1,0.995111,1
D_0000678217,1,0.995169,1
D_0000678322,1,0.997059,1
D_0000678511,1,0.942608,1
D_0000679687,0,0.976405,1
D_0000679897,0,0.104089,0
D_0000679918,1,0.981684,1
D_0000680401,1,0.969524,1
D_0000680527,0,0.101460,0
D_0000681367,0,0.058859,0
D_0000681472,0,0.063644,0
D_0000681619,0,0.120809,0
D_0000682312,0,0.049956,0
D_0000682417,1,0.995341,1
D_0000682774,1,0.066467,0
D_0000682879,1,0.980894,1
D_0000682942,0,0.057152,0
D_0000683467,1,0.056169,0
D_0000683635,0,0.234361,0
D_0000683950,1,0.993277,1
D_0000684181,0,0.015605,0
D_0000685126,0,0.024975,0
D_0000685252,0,0.027112,0
D_0000685357,0,0.080745,0
D_0000685672,1,0.995902,1
D_0000685693,0,0.096052,0
D_0000686071,1,0.302330,1
D_0000686155,0,0.090950,0
D_0000686386,0,0.253852,1
D_0000687037,0,0.036801,0
D_0000687268,0,0.102631,0
D_0000687940,1,0.992601,1
D_0000687961,1,0.994171,1
D_0000688066,0,0.078167,0
D_0000688108,1,0.994285,1
D_0000688129,1,0.134715,0
D_0000688402,0,0.058252,0
D_0000688759,0,0.267197,1
D_0000689284,0,0.034520,0
D_0000689683,1,0.990675,1
D_0000690145,1,0.018313,0
D_0000690208,0,0.055174,0
D_0000690439,0,0.180385,0
D_0000690880,1,0.990674,1
D_0000691279,0,0.192531,0
D_0000691636,1,0.996965,1
D_0000691783,0,0.082062,0
D_0000692035,0,0.113288,0
D_0000692119,0,0.105259,0
D_0000692392,1,0.988933,1
D_0000692644,1,0.995656,1
D_0000692875,0,0.143017,0
D_0000693337,1,0.990605,1
D_0000693358,0,0.067010,0
D_0000693463,1,0.995829,1
D_0000693799,0,0.112760,0
D_0000694114,1,0.899715,1
D_0000694219,0,0.062336,0
D_0000694282,1,0.994535,1
D_0000694366,1,0.994083,1
D_0000694702,1,0.992397,1
D_0000694870,1,0.997521,1
D_0000694954,1,0.997941,1
D_0000695353,1,0.994295,1
D_0000696067,1,0.992948,1
D_0000696088,0,0.024160,0
D_0000696613,0,0.066966,0
D_0000696886,0,0.091163,0
D_0000697159,0,0.021734,0
D_0000697180,0,0.135497,0
D_0000697768,1,0.982510,1
D_0000697831,1,0.986196,1
D_0000698398,1,0.978327,1
D_0000698461,1,0.989530,1
D_0000698566,1,0.988909,1
D_0000698629,0,0.073774,0
D_0000698923,1,0.891097,1
D_0000699154,1,0.995335,1
D_0000699343,0,0.094420,0
D_0000699532,1,0.992401,1
D_0000699805,1,0.998688,1
D_0000699931,1,0.993739,1
D_0000699973,0,0.020295,0
D_0000700078,0,0.129979,0
D_0000700204,1,0.986710,1
D_0000700351,0,0.227489,0
D_0000700624,1,0.996692,1
D_0000700666,0,0.050797,0
D_0000700708,1,0.995378,1
D_0000701107,0,0.146529,0
D_0000701149,1,0.989757,1
D_0000701170,0,0.023843,0
D_0000701401,1,0.510877,1
D_0000701485,0,0.095099,0
D_0000701716,1,0.925142,1
D_0000701884,1,0.540641,1
D_0000702052,0,0.136060,0
D_0000702472,0,0.054630,0
D_0000702661,1,0.990527,1
D_0000703081,0,0.254025,1
D_0000703102,0,0.146549,0
D_0000703186,0,0.118160,0
D_0000703921,1,0.997698,1
D_0000704005,1,0.996366,1
D_0000704278,1,0.985367,1
D_0000704446,1,0.982515,1
D_0000704467,1,0.991757,1
D_0000704677,1,0.508281,1
D_0000704803,1,0.990374,1
D_0000705475,0,0.028378,0
D_0000705664,0,0.015863,0
D_0000705895,0,0.055716,0
D_0000706168,0,0.138678,0
D_0000706315,1,0.908647,1
D_0000706441,0,0.124455,0
D_0000706924,0,0.038131,0
D_0000707029,0,0.260232,1
D_0000707050,1,0.984843,1
D_0000707407,1,0.991749,1
D_0000707869,1,0.989203,1
D_0000707911,0,0.071209,0
D_0000708184,1,0.814420,1
D_0000708688,0,0.024056,0
D_0000708709,0,0.020255,0
D_0000709255,1,0.993514,1
D_0000709612,0,0.059829,0
D_0000709864,0,0.214277,0
D_0000709948,0,0.354574,1
D_0000710011,0,0.057937,0
D_0000710599,0,0.173278,0
D_0000710704,1,0.102825,0
D_0000711061,1,0.989126,1
D_0000711103,0,0.089711,0
D_0000712111,0,0.142305,0
D_0000712237,0,0.079969,0
D_0000712363,0,0.133698,0
D_0000712531,0,0.026644,0
D_0000713287,0,0.044810,0
D_0000713350,1,0.242225,0
D_0000714001,1,0.988652,1
D_0000714799,1,0.994509,1
D_0000715177,1,0.994835,1
D_0000715219,0,0.571212,1
D_0000715387,0,0.026746,0
D_0000715492,0,0.149652,0
D_0000715702,0,0.046027,0
D_0000715765,1,0.995510,1
D_0000715996,1,0.969320,1
D_0000716143,0,0.043353,0
D_0000716416,0,0.150443,0
D_0000717004,0,0.067384,0
D_0000717046,0,0.075436,0
D_0000717109,0,0.100141,0
D_0000717487,0,0.198033,0
D_0000717676,1,0.128152,0
D_0000718159,1,0.966909,1
D_0000718327,1,0.961412,1
D_0000718390,0,0.115560,0
D_0000718516,1,0.991742,1
D_0000718621,1,0.993899,1
D_0000719020,1,0.977864,1
D_0000719650,1,0.974349,1
D_0000719692,1,0.048353,0
D_0000720679,0,0.118936,0
D_0000720847,0,0.195726,0
D_0000720952,0,0.391354,1
D_0000721162,0,0.122215,0
D_0000722611,0,0.016127,0
D_0000722779,0,0.124887,0
D_0000723073,1,0.997322,1
D_0000723724,1,0.995421,1
D_0000723766,1,0.991951,1
D_0000723829,1,0.995735,1
D_0000723892,1,0.989822,1
D_0000724060,0,0.070498,0
D_0000724102,0,0.055063,0
D_0000724333,0,0.088719,0
D_0000724375,0,0.018321,0
D_0000724438,0,0.035248,0
D_0000724879,1,0.990102,1
D_0000726433,0,0.146772,0
D_0000726622,0,0.017416,0
D_0000726979,0,0.037002,0
D_0000727147,1,0.996577,1
D_0000727189,0,0.169789,0
D_0000727399,1,0.748277,1
D_0000727420,1,0.976063,1
D_0000727525,1,0.986640,1
D_0000727798,1,0.997919,1
D_0000728512,1,0.978048,1
D_0000728617,1,0.997239,1
D_0000728722,0,0.011655,0
D_0000729163,1,0.981510,1
D_0000729772,0,0.076848,0
D_0000729856,0,0.383207,1
D_0000729982,0,0.137726,0
D_0000730297,1,0.970903,1
D_0000730444,1,0.985990,1
D_0000731053,0,0.077008,0
D_0000731158,1,0.986569,1
D_0000732040,1,0.983495,1
D_0000732502,0,0.028661,0
D_0000732628,0,0.061110,0
D_0000732691,0,0.000340,0
D_0000733048,1,0.476951,1
D_0000733510,0,0.043788,0
D_0000733699,1,0.494353,1
D_0000734476,1,0.295342,1
D_0000734812,1,0.993082,1
D_0000734875,1,0.995739,1
D_0000735232,1,0.990631,1
D_0000735568,1,0.987380,1
D_0000735925,1,0.985196,1
D_0000736177,0,0.841783,1
D_0000736240,1,0.984621,1
D_0000736450,0,0.110628,0
D_0000736681,1,0.986196,1
D_0000736912,0,0.045512,0
D_0000736975,1,0.990196,1
D_0000737269,0,0.058698,0
D_0000737626,0,0.018259,0
D_0000737857,0,0.154172,0
D_0000737962,1,0.985987,1
D_0000738088,0,0.061004,0
D_0000738109,1,0.993634,1
D_0000738256,0,0.041019,0
D_0000739726,0,0.031042,0
D_0000739789,1,0.989035,1
D_0000739894,1,0.991071,1
D_0000740020,1,0.996272,1
D_0000740041,0,0.014857,0
D_0000741007,1,0.958027,1
D_0000741154,0,0.510373,1
D_0000742225,1,0.971727,1
D_0000742309,1,0.996667,1
D_0000742708,1,0.836699,1
D_0000742771,0,0.022812,0
D_0000742855,1,0.994522,1
D_0000744052,1,0.981738,1
D_0000744304,0,0.020617,0
D_0000744724,1,0.154975,0
D_0000744745,1,0.985854,1
D_0000744934,1,0.287780,1
D_0000744955,1,0.983994,1
D_0000744976,1,0.992651,1
D_0000745186,1,0.707437,1
D_0000745459,0,0.004504,0
D_0000745879,1,0.990960,1
D_0000745963,1,0.995369,1
D_0000746173,1,0.989320,1
D_0000746341,1,0.994494,1
D_0000746530,0,0.040677,0
D_0000747034,1,0.992272,1
D_0000747055,1,0.986999,1
D_0000747160,0,0.027381,0
D_0000747244,1,0.997339,1
D_0000747622,0,0.074663,0
D_0000747727,1,0.962371,1
D_0000747937,1,0.996776,1
D_0000749260,0,0.112498,0
D_0000749386,1,0.872351,1
D_0000749680,0,0.029669,0
D_0000749827,0,0.045796,0
D_0000750373,1,0.026954,0
D_0000751213,1,0.826663,1
D_0000751570,1,0.975113,1
D_0000751801,1,0.995330,1
D_0000751969,1,0.977714,1
D_0000752368,1,0.988003,1
D_0000752599,1,0.988674,1
D_0000752746,1,0.983578,1
D_0000752767,1,0.995453,1
D_0000753124,0,0.091146,0
D_0000753292,1,0.990334,1
D_0000753397,1,0.508213,1
D_0000753691,0,0.058032,0
D_0000753964,0,0.126063,0
D_0000754300,0,0.042567,0
D_0000754552,1,0.140160,0
D_0000754678,1,0.965890,1
D_0000754783,0,0.177083,0
D_0000754909,0,0.110628,0
D_0000755245,1,0.984106,1
D_0000755560,1,0.984534,1
D_0000755854,1,0.995940,1
D_0000755938,0,0.068285,0
D_0000755980,0,0.072811,0
D_0000756337,1,0.985089,1
D_0000756799,0,0.047862,0
D_0000757198,0,0.032134,0
D_0000757576,1,0.973167,1
D_0000758248,0,0.041844,0
D_0000758290,1,0.921007,1
D_0000758479,1,0.983392,1
D_0000758626,1,0.978131,1
D_0000758647,1,0.983082,1
D_0000758815,1,0.996559,1
D_0000758857,1,0.980150,1
D_0000759193,0,0.186824,0
D_0000759781,1,0.985760,1
D_0000760075,1,0.981869,1
D_0000760348,1,0.991439,1
D_0000760516,1,0.998407,1
D_0000760600,1,0.984618,1
D_0000761398,1,0.023086,0
D_0000761545,1,0.986834,1
D_0000761923,0,0.080212,0
D_0000762532,0,0.214886,0
D_0000762994,0,0.151599,0
D_0000763351,0,0.067969,0
D_0000763750,1,0.996190,1
D_0000764002,0,0.490165,1
D_0000764107,1,0.994991,1
D_0000764149,1,0.082215,0
D_0000764485,1,0.981730,1
D_0000765094,1,0.048734,0
D_0000765178,0,0.011370,0
D_0000765556,1,0.989500,1
D_0000765682,1,0.990682,1
D_0000765934,0,0.019584,0
D_0000765997,1,0.991069,1
D_0000766123,1,0.990646,1
D_0000766312,1,0.938104,1
D_0000766396,1,0.993777,1
D_0000766711,1,0.979337,1
D_0000766753,1,0.963468,1
D_0000767320,1,0.993463,1
D_0000767677,1,0.082552,0
D_0000767782,1,0.153304,0
D_0000767908,1,0.990011,1
D_0000768034,0,0.069495,0
D_0000768370,1,0.257078,1
D_0000768559,1,0.991536,1
D_0000768622,0,0.094450,0
D_0000768916,1,0.997333,1
D_0000768937,1,0.995377,1
D_0000768979,1,0.985289,1
D_0000769357,0,0.160589,0
D_0000769441,1,0.096395,0
D_0000769525,0,0.387645,1
D_0000769798,0,0.089312,0
D_0000770071,1,0.513131,1
D_0000770260,0,0.055549,0
D_0000770386,1,0.980150,1
D_0000770680,1,0.996600,1
D_0000770764,1,0.991404,1
D_0000770932,0,0.228120,0
D_0000771562,1,0.986029,1
D_0000771709,1,0.836870,1
D_0000771814,0,0.095780,0
D_0000771982,1,0.987640,1
D_0000772360,0,0.013354,0
D_0000772780,0,0.103177,0
D_0000772822,0,0.480111,1
D_0000772948,1,0.989416,1
D_0000773389,1,0.805162,1
D_0000773410,0,0.294284,1
D_0000773746,0,0.233496,0
D_0000774166,0,0.280042,1
D_0000774229,1,0.980479,1
D_0000774271,1,0.259273,1
D_0000774334,1,0.996075,1
D_0000774565,1,0.995163,1
D_0000774712,0,0.205344,0
D_0000774985,1,0.993385,1
D_0000775300,1,0.939687,1
D_0000775573,1,0.901533,1
D_0000775615,1,0.948825,1
D_0000775762,0,0.070377,0
D_0000775951,1,0.994565,1
D_0000776266,0,0.053254,0
D_0000777232,0,0.032096,0
D_0000777337,1,0.968737,1
D_0000777442,0,0.052782,0
D_0000777673,0,0.067139,0
D_0000777799,1,0.988969,1
D_0000778093,1,0.992645,1
D_0000779185,1,0.993423,1
D_0000779479,1,0.977346,1
D_0000779647,1,0.040161,0
D_0000779752,1,0.993614,1
D_0000779836,0,0.028362,0
D_0000779941,1,0.994606,1
D_0000780046,0,0.034241,0
D_0000780802,0,0.042693,0
D_0000780970,1,0.996329,1
D_0000781642,1,0.995342,1
D_0000782209,0,0.092551,0
D_0000782419,1,0.989249,1
D_0000782545,0,0.245242,0
D_0000782860,0,0.345833,1
D_0000783133,1,0.987517,1
D_0000783679,0,0.099097,0
D_0000783721,0,0.005341,0
D_0000783742,0,0.048083,0
D_0000783931,1,0.170432,0
D_0000784162,1,0.010287,0
D_0000784393,0,0.043397,0
D_0000785023,0,0.106030,0
D_0000785254,0,0.101131,0
D_0000785821,1,0.994268,1
D_0000785968,1,0.988488,1
D_0000786451,1,0.056859,0
D_0000786493,0,0.077417,0
D_0000787249,1,0.984600,1
D_0000787564,0,0.058212,0
D_0000788026,1,0.985193,1
D_0000788362,1,0.161748,0
D_0000789370,1,0.991953,1
D_0000789538,1,0.981647,1
D_0000790021,1,0.079933,0
D_0000790630,0,0.194389,0
D_0000790840,0,0.028196,0
D_0000791071,1,0.938018,1
D_0000791533,0,0.110770,0
D_0000791575,1,0.994953,1
D_0000791785,1,0.996072,1
D_0000792100,1,0.995050,1
D_0000792142,1,0.993206,1
D_0000792184,1,0.997159,1
D_0000792751,1,0.992720,1
D_0000793066,1,0.976781,1
D_0000793129,0,0.053520,0
D_0000793150,1,0.125906,0
D_0000793234,0,0.024409,0
D_0000793570,0,0.008500,0
D_0000794242,0,0.029963,0
D_0000794431,0,0.049823,0
D_0000794494,0,0.092324,0
D_0000794557,1,0.785363,1
D_0000794704,1,0.988297,1
D_0000794725,0,0.058224,0
D_0000794746,1,0.997089,1
D_0000794956,1,0.982342,1
D_0000794998,1,0.990241,1
D_0000795229,1,0.997970,1
D_0000795481,1,0.993221,1
D_0000796132,1,0.989785,1
D_0000796216,1,0.984210,1
D_0000796300,0,0.054695,0
D_0000796321,0,0.237867,0
D_0000796552,1,0.995861,1
D_0000796993,1,0.992945,1
D_0000797623,1,0.994210,1
D_0000797854,0,0.086504,0
D_0000797980,0,0.079212,0
D_0000798547,0,0.406600,1
D_0000798904,1,0.992825,1
D_0000798925,0,0.130164,0
D_0000799114,0,0.450085,1
D_0000799261,0,0.174127,0
D_0000799303,1,0.993682,1
D_0000799597,0,0.023461,0
D_0000799765,1,0.969317,1
D_0000799786,0,0.137220,0
D_0000800311,1,0.984526,1
D_0000800437,1,0.994751,1
D_0000800584,1,0.995444,1
D_0000800689,1,0.993576,1
D_0000800815,1,0.173823,0
D_0000800941,1,0.986605,1
D_0000801256,1,0.232209,0
D_0000801424,0,0.018485,0
D_0000801865,0,0.022935,0
D_0000802684,1,0.989146,1
D_0000803146,1,0.962773,1
D_0000803335,1,0.946955,1
D_0000803671,1,0.995715,1
D_0000803818,1,0.989180,1
D_0000804070,0,0.038969,0
D_0000804259,0,0.013824,0
D_0000804406,0,0.078163,0
D_0000804469,0,0.148349,0
D_0000804574,0,0.025729,0
D_0000804616,1,0.993034,1
D_0000804847,1,0.994407,1
D_0000804889,1,0.995591,1
D_0000805351,1,0.972085,1
D_0000805645,1,0.175014,0
D_0000805666,1,0.994377,1
D_0000805897,0,0.035058,0
D_0000806044,1,0.998068,1
D_0000806191,1,0.858393,1
D_0000806296,0,0.240871,0
D_0000806401,0,0.019039,0
D_0000806779,1,0.994845,1
D_0000806989,0,0.055509,0
D_0000807136,1,0.989141,1
D_0000807346,1,0.988936,1
D_0000807388,1,0.996731,1
D_0000807430,0,0.054696,0
D_0000807472,1,0.051350,0
D_0000807493,1,0.972496,1
D_0000807598,0,0.015323,0
D_0000807661,1,0.995133,1
D_0000807892,1,0.993232,1
D_0000808039,1,0.977767,1
D_0000808312,0,0.057986,0
D_0000808522,0,0.012759,0
D_0000808816,1,0.841831,1
D_0000808921,1,0.991587,1
D_0000809173,0,0.077038,0
D_0000809425,1,0.914065,1
D_0000809719,1,0.994682,1
D_0000809803,0,0.002181,0
D_0000810370,1,0.995433,1
D_0000810559,0,0.086010,0
D_0000810727,0,0.068299,0
D_0000810979,1,0.994224,1
D_0000811000,1,0.994430,1
D_0000811042,0,0.032557,0
D_0000811105,1,0.991138,1
D_0000811252,0,0.075191,0
D_0000811504,1,0.728947,1
D_0000811567,0,0.023752,0
D_0000811588,0,0.314637,1
D_0000811714,0,0.047954,0
D_0000812134,1,0.388663,1
D_0000812806,0,0.011780,0
D_0000812974,1,0.991821,1
D_0000813121,1,0.997567,1
D_0000813436,1,0.996124,1
D_0000813709,1,0.989603,1
D_0000814108,0,0.104430,0
D_0000814444,1,0.980973,1
D_0000814591,0,0.101280,0
D_0000814927,1,0.981099,1
D_0000815011,1,0.989084,1
D_0000815158,0,0.221600,0
D_0000815326,0,0.018079,0
D_0000815578,0,0.118745,0
D_0000815662,0,0.009180,0
D_0000815809,1,0.988203,1
D_0000816040,1,0.992673,1
D_0000816418,1,0.997283,1
D_0000816775,0,0.071026,0
D_0000816859,1,0.989142,1
D_0000817069,1,0.983153,1
D_0000817237,0,0.109691,0
D_0000818035,1,0.117455,0
D_0000818077,0,0.194231,0
D_0000818245,0,0.021100,0
D_0000818350,1,0.987182,1
D_0000819169,1,0.983449,1
D_0000819211,1,0.987423,1
D_0000819316,0,0.042481,0
D_0000819358,0,0.183938,0
D_0000819631,1,0.989698,1
D_0000820093,0,0.027510,0
D_0000820114,0,0.013839,0
D_0000821017,1,0.448808,1
D_0000821227,1,0.117821,0
D_0000821479,0,0.072732,0
D_0000821920,1,0.994191,1
D_0000821941,0,0.265260,1
D_0000822067,0,0.033073,0
D_0000822361,1,0.660220,1
D_0000822382,0,0.152646,0
D_0000822508,1,0.993771,1
D_0000823264,0,0.302876,1
D_0000823579,1,0.996105,1
D_0000823894,0,0.109208,0
D_0000824020,1,0.929627,1
D_0000824209,1,0.991722,1
D_0000824272,1,0.991367,1
D_0000824293,0,0.764208,1
D_0000824335,0,0.143646,0
D_0000824482,1,0.957025,1
D_0000825553,1,0.992463,1
D_0000825826,0,0.030179,0
D_0000826078,1,0.979022,1
D_0000826309,1,0.991308,1
D_0000827380,0,0.138263,0
D_0000827905,0,0.137840,0
D_0000828262,0,0.233744,0
D_0000828703,1,0.990787,1
D_0000828808,1,0.989169,1
D_0000828850,1,0.992410,1
D_0000829312,1,0.125656,0
D_0000829438,0,0.033427,0
D_0000829732,1,0.986837,1
D_0000829879,0,0.008663,0
D_0000830362,0,0.028766,0
D_0000830467,0,0.107096,0
D_0000830635,1,0.947757,1
D_0000830929,1,0.994801,1
D_0000830950,0,0.128783,0
D_0000831160,0,0.173430,0
D_0000831286,1,0.983997,1
D_0000831328,0,0.165345,0
D_0000831370,1,0.997840,1
D_0000831412,0,0.285374,1
D_0000831538,1,0.995160,1
D_0000832000,1,0.971429,1
D_0000832084,1,0.988389,1
D_0000832189,1,0.990090,1
D_0000833092,0,0.011088,0
D_0000833365,1,0.994936,1
D_0000833911,1,0.986953,1
D_0000834037,0,0.268770,1
D_0000834100,1,0.894838,1
D_0000834121,0,0.088159,0
D_0000834835,0,0.035236,0
D_0000835108,1,0.063860,0
D_0000835381,1,0.251550,1
D_0000835885,0,0.335814,1
D_0000835906,1,0.982886,1
D_0000836221,1,0.951628,1
D_0000836662,1,0.064809,0
D_0000836704,0,0.115125,0
D_0000836830,0,0.018482,0
D_0000837229,1,0.994997,1
D_0000837460,1,0.034313,0
D_0000837502,0,0.185074,0
D_0000837649,1,0.995254,1
D_0000837670,0,0.036698,0
D_0000837691,0,0.165040,0
D_0000838069,0,0.279331,1
D_0000838174,1,0.936080,1
D_0000839119,1,0.995345,1
D_0000839266,1,0.997642,1
D_0000839371,1,0.967345,1
D_0000839413,1,0.997688,1
D_0000839476,1,0.985895,1
D_0000840526,0,0.088013,0
D_0000840589,0,0.100604,0
D_0000840778,0,0.073477,0
D_0000841009,1,0.893175,1
D_0000841051,0,0.180974,0
D_0000841240,0,0.027108,0
D_0000841660,1,0.997238,1
D_0000841723,0,0.063526,0
D_0000842731,0,0.056758,0
D_0000843277,1,0.996174,1
D_0000843382,1,0.993448,1
D_0000843466,0,0.044111,0
D_0000844474,1,0.986605,1
D_0000844600,0,0.104491,0
D_0000844663,1,0.990466,1
D_0000844789,1,0.989769,1
D_0000844852,1,0.990580,1
D_0000844873,1,0.994486,1
D_0000844957,0,0.092719,0
D_0000845188,0,0.227414,0
D_0000845356,1,0.190939,0
D_0000845482,1,0.995678,1
D_0000845629,0,0.338229,1
D_0000845902,1,0.922985,1
D_0000846322,0,0.063052,0
D_0000846595,1,0.991105,1
D_0000846721,1,0.996230,1
D_0000846910,1,0.992320,1
D_0000847729,1,0.975131,1
D_0000848065,0,0.149004,0
D_0000848401,0,0.227807,0
D_0000848485,1,0.987644,1
D_0000848674,1,0.990501,1
D_0000848779,1,0.987913,1
D_0000849178,0,0.055378,0
D_0000849283,0,0.044042,0
D_0000849640,0,0.197525,0
D_0000850249,1,0.991354,1
D_0000850984,0,0.407235,1
D_0000851173,0,0.174767,0
D_0000851740,1,0.979009,1
D_0000852202,0,0.036208,0
D_0000852391,0,0.053262,0
D_0000852454,0,0.021391,0
D_0000852832,0,0.120782,0
D_0000852853,1,0.994508,1
D_0000852979,0,0.074650,0
D_0000853021,0,0.079514,0
D_0000853378,0,0.126235,0
D_0000853483,1,0.965031,1
D_0000853504,1,0.995176,1
D_0000853567,1,0.990232,1
D_0000854008,1,0.804387,1
D_0000854197,1,0.995067,1
D_0000854344,1,0.993074,1
D_0000854428,0,0.165494,0
D_0000854827,1,0.988998,1
D_0000854869,1,0.990864,1
D_0000855352,0,0.014775,0
D_0000855625,0,0.024752,0
D_0000855898,0,0.266122,1
D_0000855919,1,0.990012,1
D_0000856003,1,0.930372,1
D_0000856255,0,0.033169,0
D_0000856402,1,0.425327,1
D_0000856549,1,0.998360,1
D_0000856717,1,0.975828,1
D_0000856738,1,0.963322,1
D_0000857431,0,0.024128,0
D_0000858019,0,0.116300,0
D_0000858922,0,0.156455,0
D_0000859279,1,0.986942,1
D_0000859531,0,0.129722,0
D_0000859993,1,0.698597,1
D_0000860014,1,0.993790,1
D_0000860791,1,0.284773,1
D_0000860833,0,0.305890,1
D_0000861274,1,0.995247,1
D_0000861883,0,0.092549,0
D_0000862198,1,0.996060,1
D_0000862261,0,0.017320,0
D_0000862492,0,0.253254,1
D_0000862933,0,0.221490,0
D_0000862954,0,0.029725,0
D_0000863290,0,0.022183,0
D_0000863605,0,0.047014,0
D_0000864088,1,0.989539,1
D_0000864193,0,0.091015,0
D_0000864214,0,0.214324,0
D_0000864466,1,0.989184,1
D_0000864529,1,0.996563,1
D_0000864865,0,0.347482,1
D_0000865243,1,0.962243,1
D_0000865936,1,0.993391,1
D_0000866461,1,0.996967,1
D_0000866545,0,0.037391,0
D_0000866734,0,0.152929,0
D_0000866923,0,0.020862,0
D_0000867028,1,0.991509,1
D_0000867385,1,0.994082,1
D_0000867574,1,0.907911,1
D_0000867847,1,0.990366,1
D_0000867931,1,0.982130,1
D_0000868141,0,0.023372,0
D_0000868351,0,0.045654,0
D_0000868582,1,0.988652,1
D_0000868645,1,0.987522,1
D_0000868855,1,0.983752,1
D_0000869191,0,0.218142,0
D_0000869611,1,0.992839,1
D_0000869800,1,0.992373,1
D_0000869926,0,0.112090,0
D_0000870010,0,0.254024,1
D_0000870031,0,0.066797,0
D_0000870262,1,0.989783,1
D_0000870514,0,0.058022,0
D_0000870808,0,0.048475,0
D_0000871165,0,0.153826,0
D_0000871606,0,0.063703,0
D_0000871816,0,0.032483,0
D_0000871942,0,0.171699,0
D_0000873496,1,0.986621,1
D_0000873979,1,0.994326,1
D_0000874042,0,0.131259,0
D_0000874315,1,0.991360,1
D_0000874903,1,0.979828,1
D_0000875050,1,0.990791,1
D_0000875155,1,0.988591,1
D_0000875281,1,0.998977,1
D_0000875659,1,0.064820,0
D_0000875974,1,0.989045,1
D_0000876226,1,0.992508,1
D_0000876646,1,0.978005,1
D_0000876730,1,0.860026,1
D_0000876982,0,0.037963,0
D_0000877003,1,0.970993,1
D_0000877570,1,0.994713,1
D_0000878242,0,0.076267,0
D_0000879208,1,0.989775,1
D_0000879754,1,0.989411,1
D_0000880132,1,0.986984,1
D_0000880384,0,0.134762,0
D_0000880573,0,0.243823,0
D_0000880741,1,0.982692,1
D_0000881035,0,0.087169,0
D_0000882127,0,0.049471,0
D_0000882211,0,0.004417,0
D_0000882316,0,0.041251,0
D_0000882358,0,0.034086,0
D_0000882715,0,0.128679,0
D_0000884269,1,0.990137,1
D_0000884794,0,0.052007,0
D_0000885004,0,0.112326,0
D_0000885235,1,0.107741,0
D_0000885403,1,0.982248,1
D_0000885466,1,0.994048,1
D_0000886054,0,0.152710,0
D_0000886222,0,0.012988,0
D_0000886432,0,0.114698,0
D_0000886852,1,0.989618,1
D_0000887020,1,0.992943,1
D_0000887146,1,0.967548,1
D_0000887167,1,0.985025,1
D_0000887356,1,0.954377,1
D_0000887377,0,0.259792,1
D_0000887608,1,0.994052,1
D_0000887839,0,0.153634,0
D_0000888049,1,0.992441,1
D_0000888112,1,0.990575,1
D_0000888826,1,0.948604,1
D_0000889918,1,0.993777,1
D_0000890296,0,0.059775,0
D_0000890380,1,0.217059,0
D_0000890674,0,0.081928,0
D_0000890695,1,0.964173,1
D_0000890821,1,0.986738,1
D_0000890842,1,0.162564,0
D_0000891031,0,0.030356,0
D_0000891451,1,0.998211,1
D_0000891661,1,0.947621,1
D_0000891934,1,0.991426,1
D_0000892186,1,0.993642,1
D_0000892228,1,0.988010,1
D_0000892480,0,0.086911,0
D_0000892585,1,0.988759,1
D_0000893026,1,0.147851,0
D_0000893698,1,0.992993,1
D_0000893950,1,0.214558,0
D_0000894076,1,0.984309,1
D_0000894370,1,0.209832,0
D_0000895000,0,0.095799,0
D_0000895357,1,0.993469,1
D_0000895462,0,0.127400,0
D_0000895567,0,0.088651,0
D_0000896449,0,0.167495,0
D_0000896743,1,0.993258,1
D_0000896911,0,0.218708,0
D_0000897079,0,0.084747,0
D_0000897100,0,0.031162,0
D_0000897268,0,0.052009,0
D_0000897457,1,0.990041,1
D_0000897604,1,0.158746,0
D_0000897919,1,0.991208,1
D_0000897982,1,0.992011,1
D_0000898045,1,0.994560,1
D_0000898297,0,0.161044,0
D_0000899011,0,0.063993,0
D_0000899452,1,0.945861,1
D_0000899725,1,0.996783,1
D_0000900187,0,0.117128,0
D_0000900355,0,0.045037,0
D_0000900397,0,0.028112,0
D_0000900481,1,0.985193,1
D_0000901006,0,0.108443,0
D_0000901174,0,0.198481,0
D_0000901363,1,0.995979,1
D_0000901594,0,0.077911,0
D_0000901636,0,0.101708,0
D_0000901825,1,0.944046,1
D_0000901972,0,0.054930,0
D_0000902476,0,0.077904,0
D_0000902518,1,0.063718,0
D_0000902560,0,0.135813,0
D_0000902749,0,0.025387,0
D_0000903127,0,0.031361,0
D_0000903295,1,0.990048,1
D_0000903631,1,0.993473,1
D_0000903820,1,0.993805,1
D_0000903988,1,0.996905,1
D_0000904324,0,0.151431,0
D_0000904387,1,0.989147,1
D_0000904450,0,0.068615,0
D_0000904765,1,0.989583,1
D_0000905647,0,0.000016,0
D_0000906109,1,0.994305,1
D_0000906361,1,0.998117,1
D_0000906718,1,0.963202,1
D_0000906844,1,0.994091,1
D_0000907096,1,0.990206,1
D_0000907117,0,0.108017,0
D_0000907390,1,0.994676,1
D_0000907705,0,0.017867,0
D_0000908251,1,0.983865,1
D_0000908524,0,0.202488,0
D_0000908776,0,0.085664,0
D_0000909049,0,0.138998,0
D_0000909133,1,0.993928,1
D_0000909448,0,0.106261,0
D_0000909637,1,0.981765,1
D_0000910036,0,0.078466,0
D_0000910162,0,0.224936,0
D_0000910414,1,0.508077,1
D_0000910498,0,0.099659,0
D_0000910855,1,0.996458,1
D_0000910939,0,0.030146,0
D_0000911317,0,0.113851,0
D_0000912010,0,0.022696,0
D_0000912241,0,0.106065,0
D_0000912367,0,0.367114,1
D_0000912556,1,0.117441,0
D_0000912598,0,0.053022,0
D_0000912871,1,0.988021,1
D_0000912976,1,0.995071,1
D_0000913312,0,0.046878,0
D_0000913396,1,0.028145,0
D_0000913459,1,0.992789,1
D_0000913606,1,0.078308,0
D_0000913795,1,0.998195,1
D_0000913921,0,0.018702,0
D_0000914068,1,0.918252,1
D_0000914173,1,0.949567,1
D_0000914257,1,0.994296,1
D_0000915265,1,0.267490,1
D_0000915454,0,0.013953,0
D_0000915538,0,0.087420,0
D_0000915727,0,0.197542,0
D_0000916042,1,0.982155,1
D_0000916084,1,0.387328,1
D_0000916252,0,0.023305,0
D_0000917113,1,0.996817,1
D_0000917176,1,0.995412,1
D_0000917197,1,0.984228,1
D_0000917869,0,0.073456,0
D_0000917911,0,0.009973,0
D_0000918037,0,0.024081,0
D_0000918142,0,0.007125,0
D_0000918268,0,0.090444,0
D_0000918331,0,0.213102,0
D_0000918562,1,0.994472,1
D_0000918730,0,0.480244,1
D_0000918835,1,0.992496,1
D_0000919276,0,0.019327,0
D_0000919402,0,0.588275,1
D_0000919780,1,0.947670,1
D_0000920053,0,0.011955,0
D_0000920389,0,0.080791,0
D_0000920809,1,0.991179,1
D_0000920914,1,0.991643,1
D_0000921313,1,0.992989,1
D_0000921355,1,0.219668,0
D_0000921397,1,0.996842,1
D_0000921586,0,0.170018,0
D_0000921796,1,0.995914,1
D_0000922027,0,0.246289,0
D_0000922657,1,0.992531,1
D_0000922678,1,0.985638,1
D_0000922762,1,0.995261,1
D_0000922825,1,0.991378,1
D_0000923140,1,0.994274,1
D_0000923287,0,0.042827,0
D_0000923728,1,0.953901,1
D_0000923833,0,0.217088,0
D_0000924043,0,0.034108,0
D_0000924169,1,0.995605,1
D_0000924253,0,0.046697,0
D_0000924337,1,0.995397,1
D_0000924421,1,0.993443,1
D_0000924652,0,0.068461,0
D_0000924946,1,0.979182,1
D_0000925051,0,0.026473,0
D_0000925387,1,0.903503,1
D_0000925534,0,0.369929,1
D_0000926080,0,0.332243,1
D_0000926584,0,0.043829,0
D_0000926815,1,0.996477,1
D_0000926878,0,0.059719,0
D_0000927151,1,0.961403,1
D_0000927319,1,0.971008,1
D_0000927697,0,0.012627,0
D_0000927865,1,0.956967,1
D_0000928159,1,0.532754,1
D_0000928390,0,0.054258,0
D_0000928495,1,0.992392,1
D_0000929041,0,0.098937,0
D_0000929272,1,0.998697,1
D_0000929398,1,0.987435,1
D_0000929587,1,0.990135,1
D_0000929671,1,0.995934,1
D_0000929776,1,0.181336,0
D_0000930952,0,0.102425,0
D_0000930973,1,0.066683,0
D_0000931498,1,0.179618,0
D_0000931855,0,0.133426,0
D_0000931876,0,0.094284,0
D_0000932023,1,0.991909,1
D_0000932275,1,0.997833,1
D_0000932443,0,0.062405,0
D_0000933325,1,0.970721,1
D_0000934249,0,0.133937,0
D_0000934312,1,0.977839,1
D_0000934627,1,0.987388,1
D_0000934732,0,0.048780,0
D_0000934900,1,0.984187,1
D_0000935110,0,0.053403,0
D_0000935194,1,0.118244,0
D_0000935299,1,0.989000,1
D_0000935362,1,0.969352,1
D_0000935383,0,0.082300,0
D_0000935425,1,0.994167,1
D_0000935929,1,0.995639,1
D_0000935971,0,0.243084,0
D_0000936034,0,0.199799,0
D_0000936139,1,0.987647,1
D_0000936160,0,0.085571,0
D_0000936370,0,0.190586,0
D_0000936811,1,0.995787,1
D_0000936958,1,0.975874,1
D_0000937168,0,0.061369,0
D_0000937399,0,0.138124,0
D_0000937483,1,0.987515,1
D_0000937588,0,0.059489,0
D_0000938071,0,0.143675,0
D_0000938155,0,0.121985,0
D_0000938281,0,0.558475,1
D_0000938365,1,0.999147,1
D_0000938428,0,0.113384,0
D_0000938470,0,0.052642,0
D_0000938701,1,0.996016,1
D_0000938953,0,0.213076,0
D_0000939457,1,0.989686,1
D_0000939877,0,0.124545,0
D_0000939961,1,0.990131,1
D_0000940045,1,0.991569,1
D_0000940066,1,0.995222,1
D_0000940318,1,0.995766,1
D_0000940843,0,0.027897,0
D_0000940948,1,0.991492,1
D_0000941095,1,0.992943,1
D_0000941410,1,0.050428,0
D_0000941557,1,0.981330,1
D_0000941788,0,0.042369,0
D_0000942082,1,0.993146,1
D_0000942187,1,0.994816,1
D_0000942523,1,0.987285,1
D_0000942649,0,0.114761,0
D_0000943888,1,0.982374,1
D_0000943930,0,0.140649,0
D_0000944203,1,0.998666,1
D_0000944749,1,0.994039,1
D_0000944938,0,0.045419,0
D_0000944980,1,0.993109,1
D_0000945022,0,0.126386,0
D_0000946639,0,0.025253,0
D_0000946765,0,0.322862,1
D_0000946933,0,0.090317,0
D_0000947206,1,0.461043,1
D_0000947353,1,0.987636,1
D_0000947773,1,0.992785,1
D_0000948592,0,0.040363,0
D_0000948655,1,0.337971,1
D_0000949012,1,0.997739,1
D_0000949054,0,0.018892,0
D_0000949201,1,0.997829,1
D_0000949285,0,0.049544,0
D_0000949306,1,0.095676,0
D_0000949600,1,0.991516,1
D_0000949978,1,0.996864,1
D_0000950230,1,0.989968,1
D_0000950461,0,0.045525,0
D_0000950545,0,0.131058,0
D_0000950818,1,0.994746,1
D_0000951049,1,0.995681,1
D_0000951427,0,0.019222,0
D_0000951532,1,0.995603,1
D_0000951784,0,0.036188,0
D_0000951868,1,0.883352,1
D_0000952162,0,0.104892,0
D_0000953065,0,0.032039,0
D_0000953338,0,0.210357,0
D_0000954010,1,0.993911,1
D_0000954304,0,0.021350,0
D_0000955228,1,0.985098,1
D_0000955543,0,0.013698,0
D_0000955984,1,0.202720,0
D_0000957370,0,0.120867,0
D_0000957433,1,0.994347,1
D_0000957517,1,0.994330,1
D_0000957832,0,0.028070,0
D_0000958231,1,0.984511,1
D_0000958378,0,0.005681,0
D_0000958462,0,0.055755,0
D_0000959281,1,0.994446,1
D_0000959386,1,0.991392,1
D_0000960814,1,0.978540,1
D_0000961255,0,0.077538,0
D_0000961276,0,0.234216,0
D_0000961318,0,0.065934,0
D_0000962725,1,0.105276,0
D_0000962767,1,0.993483,1
D_0000963334,0,0.065235,0
D_0000963838,0,0.140093,0
D_0000963943,0,0.227445,0
D_0000964027,0,0.122042,0
D_0000964069,1,0.976709,1
D_0000964174,0,0.129010,0
D_0000964468,1,0.996073,1
D_0000964762,1,0.991186,1
D_0000965203,1,0.989580,1
D_0000965287,0,0.246598,0
D_0000965707,0,0.120451,0
D_0000965728,1,0.985535,1
D_0000966379,1,0.988933,1
D_0000966547,0,0.464972,1
D_0000966820,0,0.028918,0
D_0000966925,0,0.051052,0
D_0000966946,1,0.987563,1
D_0000967156,1,0.143382,0
D_0000967261,1,0.997092,1
D_0000967324,1,0.821015,1
D_0000967765,0,0.090386,0
D_0000968122,0,0.021728,0
D_0000968311,0,0.027900,0
D_0000968374,0,0.189342,0
D_0000969403,1,0.982001,1
D_0000969487,1,0.992685,1
D_0000969571,1,0.354747,1
D_0000969613,0,0.094366,0
D_0000969718,1,0.992649,1
D_0000969760,1,0.961039,1
D_0000970222,0,0.154256,0
D_0000970327,1,0.993407,1
D_0000970579,1,0.983961,1
D_0000970810,0,0.117537,0
D_0000971104,0,0.023936,0
D_0000971377,1,0.989689,1
D_0000971545,0,0.423103,1
D_0000971566,0,0.087657,0
D_0000971608,0,0.166780,0
D_0000971713,1,0.996571,1
D_0000972301,0,0.034249,0
D_0000973036,1,0.985686,1
D_0000973393,1,0.984774,1
D_0000973603,0,0.041623,0
D_0000973645,0,0.012096,0
D_0000974737,1,0.994727,1
D_0000975199,0,0.306586,1
D_0000975241,1,0.988860,1
D_0000975430,1,0.997677,1
D_0000975913,0,0.035649,0
D_0000976354,1,0.991222,1
D_0000976648,1,0.997618,1
D_0000977089,1,0.641135,1
D_0000977614,1,0.991141,1
D_0000977950,1,0.994083,1
D_0000978580,0,0.142309,0
D_0000978811,0,0.056149,0
D_0000979021,0,0.045394,0
D_0000980113,1,0.967571,1
D_0000980344,1,0.988084,1
D_0000980428,0,0.201626,0
D_0000980806,0,0.133144,0
D_0000981184,1,0.993327,1
D_0000981373,0,0.008424,0
D_0000981457,0,0.076184,0
D_0000982213,1,0.991161,1
D_0000982276,0,0.006906,0
D_0000982696,1,0.918943,1
D_0000982864,0,0.019246,0
D_0000984124,1,0.991985,1
D_0000984355,1,0.996108,1
D_0000984670,1,0.986754,1
D_0000985006,0,0.057647,0
D_0000985615,0,0.305376,1
D_0000985699,1,0.563325,1
D_0000987253,1,0.976057,1
D_0000987610,0,0.120161,0
D_0000987715,1,0.990908,1
D_0000988093,1,0.984935,1
D_0000988156,1,0.979865,1
D_0000988408,1,0.983434,1
D_0000989290,0,0.087044,0
D_0000989311,0,0.022497,0
D_0000989416,1,0.995176,1
D_0000989773,1,0.982770,1
D_0000990130,1,0.995924,1
D_0000990445,1,0.994290,1
D_0000991201,0,0.030100,0
D_0000991327,0,0.085933,0
D_0000991411,0,0.063865,0
D_0000991516,0,0.066079,0
D_0000991579,1,0.996502,1
D_0000991789,1,0.996007,1
D_0000992083,0,0.000355,0
D_0000992356,1,0.983566,1
D_0000992482,1,0.990512,1
D_0000992692,0,0.086477,0
D_0000992965,1,0.997066,1
D_0000993364,0,0.025324,0
D_0000993469,1,0.994536,1
D_0000993490,1,0.990746,1
D_0000993700,0,0.303816,1
D_0000993763,0,0.111784,0
D_0000994099,0,0.074435,0
D_0000994288,0,0.262395,1
D_0000995065,1,0.994253,1
D_0000995359,1,0.997927,1
D_0000995569,1,0.994533,1
D_0000995989,1,0.992201,1
D_0000996304,1,0.983511,1
D_0000996682,0,0.079240,0
D_0000997312,0,0.080034,0
D_0000997354,1,0.955857,1
D_0000997375,1,0.986284,1
D_0000997438,1,0.975074,1
D_0000997690,1,0.939014,1
D_0000998131,1,0.383313,1
D_0000998173,0,0.055682,0
D_0000998257,0,0.115458,0
D_0000998467,0,0.107440,0
D_0000998929,1,0.989943,1
D_0000998992,1,0.987809,1
D_0000999244,0,0.115144,0
D_0000999370,0,0.456992,1
D_0000999748,1,0.448218,1
D_0000999832,0,0.263751,1
D_0000999853,0,0.015752,0
D_0000999874,1,0.992279,1
D_0001000735,0,0.172546,0
D_0001000987,0,0.009224,0
D_0001001323,1,0.985495,1
D_0001001491,0,0.082538,0
D_0001001533,0,0.115233,0
D_0001001638,1,0.988168,1
D_0001001932,1,0.920202,1
D_0001002205,1,0.981845,1
D_0001002730,1,0.997587,1
D_0001002898,0,0.343365,1
D_0001003171,0,0.163240,0
D_0001003192,1,0.984012,1
D_0001003633,1,0.128246,0
D_0001003801,1,0.996874,1
D_0001005439,0,0.712603,1
D_0001005523,0,0.177815,0
D_0001005607,1,0.960505,1
D_0001005733,0,0.004536,0
D_0001005754,1,0.984151,1
D_0001006531,0,0.140350,0
D_0001007392,1,0.989993,1
D_0001007560,0,0.172148,0
D_0001007665,1,0.035741,0
D_0001007707,1,0.992783,1
D_0001007875,0,0.006333,0
D_0001008253,1,0.991002,1
D_0001008505,0,0.075862,0
D_0001010038,0,0.016368,0
D_0001010227,0,0.141171,0
D_0001010269,0,0.219961,0
D_0001010353,0,0.053023,0
D_0001010374,1,0.826897,1
D_0001010605,0,0.017937,0
D_0001010731,1,0.939572,1
D_0001010878,0,0.096854,0
D_0001011802,1,0.943035,1
D_0001011949,0,0.009733,0
D_0001012327,0,0.000150,0
D_0001012768,0,0.073048,0
D_0001012915,0,0.175994,0
D_0001012936,1,0.983783,1
D_0001012978,1,0.994337,1
D_0001013146,0,0.144799,0
D_0001013461,1,0.995619,1
D_0001013608,0,0.629686,1
D_0001014175,1,0.990022,1
D_0001014700,0,0.060230,0
D_0001014784,1,0.912408,1
D_0001015267,0,0.290421,1
D_0001015330,1,0.995898,1
D_0001015414,1,0.994134,1
D_0001015792,1,0.545366,1
D_0001016002,1,0.993625,1
D_0001017115,0,0.079693,0
D_0001017787,0,0.112553,0
D_0001017850,1,0.951386,1
D_0001017997,1,0.995104,1
D_0001018585,0,0.185567,0
D_0001018627,1,0.982479,1
D_0001018816,0,0.132405,0
D_0001019488,1,0.993408,1
D_0001019593,1,0.260321,1
D_0001019656,1,0.987035,1
D_0001019677,1,0.026555,0
D_0001020097,0,0.059727,0
D_0001020265,1,0.954932,1
D_0001020538,1,0.990191,1
D_0001020664,1,0.770403,1
D_0001020706,1,0.921233,1
D_0001020748,1,0.989163,1
D_0001020790,0,0.302810,1
D_0001021147,1,0.984817,1
D_0001021672,0,0.111886,0
D_0001021693,0,0.326440,1
D_0001022680,0,0.314808,1
D_0001023205,1,0.937032,1
D_0001023961,0,0.020228,0
D_0001023982,1,0.991095,1
D_0001024633,1,0.976711,1
D_0001024864,0,0.056926,0
D_0001024948,1,0.994624,1
D_0001025116,1,0.995449,1
D_0001025284,0,0.057079,0
D_0001025389,0,0.036493,0
D_0001025557,0,0.411500,1
D_0001025767,1,0.991407,1
D_0001025956,1,0.993179,1
D_0001026103,1,0.986058,1
D_0001026145,1,0.997082,1
D_0001026964,0,0.037723,0
D_0001027363,1,0.992228,1
D_0001027972,1,0.986945,1
D_0001028077,0,0.040693,0
D_0001028119,1,0.989689,1
D_0001028371,0,0.195277,0
D_0001028833,0,0.103977,0
D_0001028980,0,0.165690,0
D_0001029043,1,0.979816,1
D_0001029274,0,0.040146,0
D_0001029316,1,0.984419,1
D_0001029337,0,0.071400,0
D_0001029820,1,0.101680,0
D_0001030156,0,0.012032,0
D_0001030492,0,0.004065,0
D_0001030744,0,0.016422,0
D_0001031164,1,0.982646,1
D_0001031605,1,0.512549,1
D_0001031899,0,0.179082,0
D_0001031983,0,0.151151,0
D_0001032319,1,0.985437,1
D_0001032844,0,0.051470,0
D_0001032886,1,0.982969,1
D_0001033117,1,0.967123,1
D_0001033243,1,0.997068,1
D_0001033285,0,0.036397,0
D_0001033390,0,0.060632,0
D_0001034125,1,0.996494,1
D_0001034209,1,0.987754,1
D_0001034335,1,0.996096,1
D_0001034524,0,0.113598,0
D_0001034566,1,0.994732,1
D_0001034902,0,0.072592,0
D_0001035280,1,0.987256,1
D_0001035595,0,0.255556,1
D_0001035826,1,0.986402,1
D_0001035952,1,0.989190,1
D_0001036351,1,0.992284,1
D_0001036540,1,0.998194,1
D_0001036687,1,0.992684,1
D_0001036729,1,0.972561,1
D_0001036813,0,0.267702,1
D_0001037044,0,0.192109,0
D_0001037359,0,0.103844,0
D_0001037506,0,0.319646,1
D_0001037821,1,0.994800,1
D_0001038472,0,0.014610,0
D_0001038535,1,0.998607,1
D_0001038682,0,0.129086,0
D_0001039018,1,0.986262,1
D_0001039711,1,0.291234,1
D_0001039900,1,0.996627,1
D_0001040110,0,0.123253,0
D_0001040614,1,0.985427,1
D_0001041076,0,0.032051,0
D_0001041307,0,0.076409,0
D_0001041475,1,0.982324,1
D_0001041748,1,0.988568,1
D_0001041874,1,0.896455,1
D_0001042315,1,0.945188,1
D_0001042546,1,0.993450,1
D_0001042567,0,0.020832,0
D_0001042735,0,0.619165,1
D_0001043155,1,0.998295,1
D_0001044184,1,0.990280,1
D_0001044289,1,0.992648,1
D_0001044436,0,0.003644,0
D_0001044667,0,0.353511,1
D_0001045171,1,0.992661,1
D_0001045192,0,0.089681,0
D_0001045591,0,0.206974,0
D_0001045843,1,0.989379,1
D_0001046158,0,0.011569,0
D_0001046662,0,0.093195,0
D_0001047523,1,0.998284,1
D_0001047607,0,0.087436,0
D_0001047670,0,0.067643,0
D_0001047838,0,0.249118,0
D_0001047922,0,0.358743,1
D_0001048384,1,0.989308,1
D_0001049245,1,0.893037,1
D_0001049329,0,0.191598,0
D_0001050001,1,0.989556,1
D_0001050190,0,0.084499,0
D_0001050274,0,0.062984,0
D_0001050673,1,0.990382,1
D_0001050967,1,0.043487,0
D_0001051114,0,0.070913,0
D_0001051912,0,0.239187,0
D_0001052542,0,0.195610,0
D_0001052584,1,0.947675,1
D_0001052710,0,0.488554,1
D_0001053088,1,0.985548,1
D_0001053193,0,0.026215,0
D_0001053550,0,0.107550,0
D_0001053844,1,0.162533,0
D_0001054117,1,0.371218,1
D_0001054159,0,0.102432,0
D_0001054978,1,0.987395,1
D_0001055083,1,0.989528,1
D_0001055776,1,0.984929,1
D_0001056049,1,0.991273,1
D_0001056175,0,0.368982,1
D_0001056490,0,0.082411,0
D_0001056553,1,0.995459,1
D_0001057771,1,0.184244,0
D_0001057939,0,0.325763,1
D_0001058002,1,0.981974,1
D_0001058170,0,0.027488,0
D_0001058590,1,0.959154,1
D_0001058800,0,0.175641,0
D_0001059514,1,0.958495,1
D_0001059976,0,0.169672,0
D_0001060039,0,0.094586,0
D_0001060417,0,0.053411,0
D_0001060753,0,0.097342,0
D_0001061362,1,0.987106,1
D_0001061698,0,0.040483,0
D_0001061908,0,0.044455,0
D_0001062244,0,0.332944,1
D_0001062601,0,0.050405,0
D_0001063063,0,0.041450,0
D_0001063126,0,0.124550,0
D_0001063693,1,0.994281,1
D_0001063735,1,0.993719,1
D_0001064008,0,0.040666,0
D_0001064218,1,0.975242,1
D_0001064596,0,0.072615,0
D_0001064764,1,0.979192,1
D_0001064890,0,0.151189,0
D_0001065142,0,0.053150,0
D_0001065415,1,0.979895,1
D_0001065478,0,0.034618,0
D_0001065520,1,0.996265,1
D_0001065562,0,0.047097,0
D_0001065919,1,0.994400,1
D_0001066003,0,0.268143,1
D_0001066150,1,0.997178,1
D_0001067284,0,0.028146,0
D_0001067389,1,0.995131,1
D_0001067683,1,0.983151,1
D_0001067725,0,0.072461,0
D_0001068292,1,0.991887,1
D_0001068691,0,0.118363,0
D_0001069006,0,0.287251,1
D_0001069279,0,0.030616,0
D_0001070224,0,0.112339,0
D_0001070371,0,0.061046,0
D_0001070833,0,0.173663,0
D_0001071337,0,0.316850,1
D_0001071442,1,0.998424,1
D_0001071862,0,0.134039,0
D_0001072471,1,0.990871,1
D_0001072723,1,0.913442,1
D_0001073164,1,0.979470,1
D_0001073185,0,0.082568,0
D_0001073647,1,0.986985,1
D_0001074046,1,0.995518,1
D_0001074151,1,0.992086,1
D_0001074445,1,0.997912,1
D_0001074592,1,0.983340,1
D_0001074991,1,0.124012,0
D_0001075600,0,0.008808,0
D_0001075915,1,0.986185,1
D_0001076125,0,0.132755,0
D_0001076818,1,0.991997,1
D_0001076944,1,0.998625,1
D_0001077280,1,0.056434,0
D_0001077658,0,0.064500,0
D_0001078036,1,0.097218,0
D_0001078624,0,0.073896,0
D_0001079128,0,0.037043,0
D_0001080073,1,0.970168,1
D_0001080262,1,0.983099,1
D_0001080535,1,0.993960,1
D_0001080640,1,0.086336,0
D_0001081228,1,0.987175,1
D_0001081795,1,0.993668,1
D_0001082047,0,0.075816,0
D_0001082110,1,0.990821,1
D_0001082320,0,0.113454,0
D_0001082614,1,0.972894,1
D_0001082635,1,0.996295,1
D_0001082971,1,0.887472,1
D_0001082992,0,0.078921,0
D_0001084294,1,0.970585,1
D_0001084441,1,0.985574,1
D_0001085491,1,0.985135,1
D_0001086289,1,0.988023,1
D_0001086310,1,0.893218,1
D_0001086331,1,0.993691,1
D_0001086394,1,0.995495,1
D_0001086604,0,0.465873,1
D_0001087066,1,0.995559,1
D_0001087087,0,0.129200,0
D_0001087171,0,0.028902,0
D_0001088137,1,0.997962,1
D_0001088620,1,0.961474,1
D_0001088998,1,0.941287,1
D_0001089082,0,0.221285,0
D_0001089376,1,0.995688,1
D_0001089733,0,0.105669,0
D_0001089943,1,0.185539,0
D_0001089964,1,0.993393,1
D_0001090783,0,0.043893,0
D_0001091224,0,0.127287,0
D_0001091476,1,0.246274,0
D_0001091749,1,0.982760,1
D_0001091770,1,0.988674,1
D_0001091980,0,0.127775,0
D_0001092379,0,0.083957,0
D_0001092547,1,0.995767,1
D_0001092610,1,0.995371,1
D_0001092715,1,0.997515,1
D_0001093009,1,0.984621,1
D_0001093114,1,0.997282,1
D_0001093135,1,0.998433,1
D_0001093303,1,0.996098,1
D_0001093597,0,0.171820,0
D_0001094143,0,0.071750,0
D_0001094269,1,0.988699,1
D_0001094311,1,0.492957,1
D_0001094458,0,0.144602,0
D_0001094479,0,0.057316,0
D_0001094836,1,0.994176,1
D_0001095151,1,0.290089,1
D_0001095361,0,0.489173,1
D_0001096285,1,0.980591,1
D_0001096327,1,0.961201,1
D_0001096600,1,0.995987,1
D_0001096831,0,0.076845,0
D_0001096936,1,0.991568,1
D_0001097083,1,0.996943,1
D_0001097125,1,0.954472,1
D_0001097398,0,0.030340,0
D_0001097860,1,0.983729,1
D_0001097986,1,0.989202,1
D_0001098343,1,0.927364,1
D_0001099078,1,0.271238,1
D_0001099120,1,0.212286,0
D_0001099162,0,0.248097,0
D_0001099330,0,0.085395,0
D_0001100170,1,0.992786,1
D_0001100359,1,0.994481,1
D_0001100464,0,0.084796,0
D_0001101241,1,0.996498,1
D_0001101430,1,0.951853,1
D_0001101745,1,0.987937,1
D_0001102081,0,0.123974,0
D_0001102648,0,0.065730,0
D_0001102900,1,0.997304,1
D_0001103194,0,0.005964,0
D_0001104559,0,0.046105,0
D_0001105042,1,0.175911,0
D_0001105126,1,0.988043,1
D_0001105189,0,0.128853,0
D_0001105210,1,0.997378,1
D_0001105231,1,0.988127,1
D_0001105441,1,0.992978,1
D_0001105672,1,0.989888,1
D_0001106008,1,0.991723,1
D_0001106701,1,0.985230,1
D_0001107079,1,0.994478,1
D_0001107373,1,0.171482,0
D_0001108129,0,0.085517,0
D_0001108570,0,0.027488,0
D_0001108654,1,0.993205,1
D_0001108738,0,0.173910,0
D_0001109305,0,0.052655,0
D_0001109935,1,0.996350,1
D_0001109956,0,0.246030,0
D_0001110334,0,0.223921,0
D_0001111048,1,0.995048,1
D_0001111405,1,0.994151,1
D_0001111594,1,0.100396,0
D_0001111636,0,0.041866,0
D_0001111804,0,0.055087,0
D_0001111909,0,0.109070,0
D_0001112665,1,0.961048,1
D_0001112791,0,0.036008,0
D_0001112812,0,0.101184,0
D_0001113148,0,0.302211,1
D_0001113274,1,0.997732,1
D_0001113316,0,0.137512,0
D_0001113820,0,0.017497,0
D_0001114198,0,0.195124,0
D_0001114828,1,0.910347,1
D_0001114975,1,0.994691,1
D_0001115353,1,0.996247,1
D_0001115416,1,0.998151,1
D_0001115584,0,0.057328,0
D_0001115794,0,0.082994,0
D_0001115857,0,0.048879,0
D_0001116046,1,0.995278,1
D_0001116634,0,0.010227,0
D_0001116655,1,0.513131,1
D_0001116697,1,0.112888,0
D_0001116718,1,0.986910,1
D_0001116823,1,0.998141,1
D_0001116886,0,0.069110,0
D_0001116907,0,0.090062,0
D_0001117222,0,0.030769,0
D_0001117327,0,0.119486,0
D_0001117432,0,0.047497,0
D_0001117852,1,0.986744,1
D_0001117978,0,0.240750,0
D_0001118020,0,0.237707,0
D_0001118083,0,0.153440,0
D_0001118167,0,0.017714,0
D_0001118293,0,0.192868,0
D_0001118335,1,0.980530,1
D_0001118881,0,0.154464,0
D_0001119469,0,0.067211,0
D_0001119637,0,0.077736,0
D_0001119742,1,0.998321,1
D_0001120603,0,0.450825,1
D_0001121296,0,0.022243,0
D_0001121632,0,0.097611,0
D_0001121989,0,0.032102,0
D_0001122052,0,0.011011,0
D_0001122283,0,0.107783,0
D_0001122514,0,0.067568,0
D_0001122745,0,0.077440,0
D_0001123375,0,0.150539,0
D_0001123396,1,0.990120,1
D_0001123501,1,0.965814,1
D_0001123648,1,0.947977,1
D_0001124299,1,0.994575,1
D_0001125013,1,0.997010,1
D_0001125055,0,0.056202,0
D_0001125622,0,0.318381,1
D_0001125916,1,0.988605,1
D_0001126042,1,0.996041,1
D_0001126210,1,0.992319,1
D_0001126315,0,0.230536,0
D_0001126399,0,0.323300,1
D_0001127092,1,0.974832,1
D_0001127659,1,0.984273,1
D_0001127848,1,0.991136,1
D_0001128058,0,0.031339,0
D_0001128100,0,0.126710,0
D_0001128604,0,0.055614,0
D_0001128667,0,0.060596,0
D_0001128730,1,0.983953,1
D_0001128751,1,0.996309,1
D_0001129003,0,0.085707,0
D_0001129486,0,0.044074,0
D_0001129612,1,0.991150,1
D_0001129759,1,0.992319,1
D_0001130263,1,0.975118,1
D_0001130452,0,0.106550,0
D_0001130557,0,0.037458,0
D_0001130662,0,0.192299,0
D_0001131628,0,0.045118,0
D_0001131691,0,0.331310,1
D_0001131796,1,0.458160,1
D_0001132720,1,0.994999,1
D_0001132825,1,0.995800,1
D_0001133539,0,0.098186,0
D_0001133560,1,0.989284,1
D_0001133875,0,0.023681,0
D_0001133917,1,0.990423,1
D_0001134316,0,0.102579,0
D_0001134400,1,0.976263,1
D_0001134526,1,0.977368,1
D_0001134589,0,0.040955,0
D_0001134736,1,0.982722,1
D_0001134757,1,0.118073,0
D_0001135534,1,0.994096,1
D_0001136185,0,0.021258,0
D_0001136731,1,0.988790,1
D_0001136983,1,0.989147,1
D_0001137529,0,0.288855,1
D_0001137592,1,0.991633,1
D_0001138453,0,0.051259,0
D_0001138537,0,0.018834,0
D_0001139020,1,0.923937,1
D_0001139083,0,0.019647,0
D_0001139125,1,0.997649,1
D_0001139335,0,0.029064,0
D_0001139965,0,0.000094,0
D_0001140805,1,0.996736,1
D_0001141183,1,0.974590,1
D_0001141897,1,0.995383,1
D_0001142212,1,0.996300,1
D_0001142338,1,0.986827,1
D_0001142464,1,0.970940,1
D_0001142695,0,0.142820,0
D_0001142779,0,0.010224,0
D_0001142968,1,0.991603,1
D_0001143535,1,0.478372,1
D_0001143724,1,0.996405,1
D_0001143871,1,0.942761,1
D_0001144249,1,0.997105,1
D_0001144438,0,0.025493,0
D_0001144522,1,0.416051,1
D_0001144816,0,0.168350,0
D_0001145236,1,0.980779,1
D_0001145299,0,0.577711,1
D_0001145341,0,0.061811,0
D_0001145383,0,0.076991,0
D_0001145509,0,0.072377,0
D_0001145614,0,0.063673,0
D_0001145635,0,0.065796,0
D_0001146433,0,0.276030,1
D_0001146559,1,0.121452,0
D_0001146643,0,0.053769,0
D_0001146727,1,0.991764,1
D_0001147294,0,0.062616,0
D_0001147525,1,0.995727,1
D_0001147798,1,0.989533,1
D_0001148134,0,0.207407,0
D_0001148554,0,0.030752,0
D_0001148722,0,0.110422,0
D_0001149163,0,0.194762,0
D_0001149226,1,0.989258,1
D_0001149247,1,0.991809,1
D_0001149583,0,0.112277,0
D_0001150045,1,0.823317,1
D_0001150066,1,0.990370,1
D_0001150087,1,0.980413,1
D_0001150360,0,0.044180,0
D_0001150969,1,0.992654,1
D_0001151389,0,0.070585,0
D_0001151641,0,0.071355,0
D_0001151851,1,0.985418,1
D_0001152145,0,0.199346,0
D_0001152187,0,0.016653,0
D_0001152229,0,0.042476,0
D_0001152271,0,0.045329,0
D_0001152775,0,0.561185,1
D_0001153006,0,0.111537,0
D_0001153069,0,0.059520,0
D_0001153195,1,0.995756,1
D_0001153363,0,0.055845,0
D_0001153405,1,0.989079,1
D_0001153720,1,0.119767,0
D_0001153762,0,0.073740,0
D_0001153867,0,0.017051,0
D_0001153972,0,0.078437,0
D_0001154245,0,0.063296,0
D_0001155043,1,0.986727,1
D_0001156450,1,0.558114,1
D_0001156723,1,0.885353,1
D_0001156828,1,0.984940,1
D_0001156996,0,0.060405,0
D_0001157584,1,0.995266,1
D_0001157983,1,0.454433,1
D_0001158382,1,0.995260,1
D_0001158718,0,0.052755,0
D_0001158739,1,0.829236,1
D_0001158991,1,0.992215,1
D_0001159033,1,0.994842,1
D_0001159222,0,0.086851,0
D_0001159432,1,0.984283,1
D_0001159600,1,0.996864,1
D_0001160020,0,0.104204,0
D_0001160545,0,0.120003,0
D_0001160734,0,0.028549,0
D_0001161196,1,0.687697,1
D_0001161280,1,0.997710,1
D_0001161490,0,0.229379,0
D_0001161826,0,0.046314,0
D_0001161868,0,0.017453,0
D_0001162456,1,0.992866,1
D_0001163170,0,0.151628,0
D_0001163674,0,0.051915,0
D_0001163842,1,0.330801,1
D_0001164094,0,0.053806,0
D_0001164157,1,0.996094,1
D_0001164283,1,0.997783,1
D_0001164367,0,0.055911,0
D_0001164472,0,0.091309,0
D_0001164829,1,0.973703,1
D_0001164871,0,0.273287,1
D_0001165312,1,0.996413,1
D_0001165690,0,0.106452,0
D_0001165921,0,0.058363,0
D_0001166257,0,0.071019,0
D_0001166425,0,0.103123,0
D_0001167307,0,0.163053,0
D_0001167643,0,0.251088,1
D_0001167895,1,0.971937,1
D_0001168021,1,0.168047,0
D_0001168840,1,0.988359,1
D_0001168966,0,0.048254,0
D_0001169176,1,0.983488,1
D_0001169260,1,0.988174,1
D_0001169449,0,0.128815,0
D_0001169533,1,0.133692,0
D_0001169848,1,0.992437,1
D_0001170037,1,0.992179,1
D_0001170226,0,0.219243,0
D_0001170289,1,0.987852,1
D_0001170310,1,0.996158,1
D_0001170646,1,0.990376,1
D_0001170919,1,0.034478,0
D_0001171045,1,0.951239,1
D_0001171339,0,0.055043,0
D_0001171612,0,0.016634,0
D_0001171864,1,0.986551,1
D_0001172242,0,0.068559,0
D_0001173334,0,0.164399,0
D_0001173376,1,0.992141,1
D_0001173838,0,0.029034,0
D_0001174636,1,0.996340,1
D_0001174720,0,0.053856,0
D_0001175119,0,0.225585,0
D_0001175308,0,0.053417,0
D_0001175455,1,0.172537,0
D_0001175476,0,0.165371,0
D_0001176316,0,0.158719,0
D_0001177492,0,0.071830,0
D_0001178038,0,0.034948,0
D_0001178332,0,0.097376,0
D_0001179382,0,0.136945,0
D_0001179655,0,0.099522,0
D_0001180033,0,0.058684,0
D_0001180411,0,0.025208,0
D_0001180474,1,0.986383,1
D_0001180642,0,0.047451,0
D_0001180726,0,0.091944,0
D_0001181041,1,0.991706,1
D_0001181503,1,0.990492,1
D_0001181650,0,0.184460,0
D_0001181986,1,0.982970,1
D_0001182889,0,0.022849,0
D_0001183057,0,0.136567,0
D_0001183099,0,0.060162,0
D_0001183183,0,0.141363,0
D_0001183414,0,0.067655,0
D_0001183498,0,0.192263,0
D_0001184023,1,0.998481,1
D_0001184527,0,0.020560,0
D_0001184989,0,0.226256,0
D_0001185451,1,0.996214,1
D_0001185514,0,0.039654,0
D_0001185556,1,0.992736,1
D_0001185871,0,0.014593,0
D_0001186039,0,0.098883,0
D_0001186354,1,0.347855,1
D_0001186585,0,0.297975,1
D_0001187299,1,0.968707,1
D_0001187551,1,0.997630,1
D_0001188034,0,0.045300,0
D_0001188307,1,0.998782,1
D_0001188454,0,0.033215,0
D_0001188517,0,0.119062,0
D_0001188706,1,0.992455,1
D_0001188916,1,0.105452,0
D_0001188937,0,0.147803,0
D_0001189609,1,0.981195,1
D_0001189756,1,0.674995,1
D_0001189924,1,0.994307,1
D_0001190176,0,0.991763,1
D_0001190386,1,0.216717,0
D_0001190806,0,0.229174,0
D_0001191037,1,0.994277,1
D_0001191100,1,0.971023,1
D_0001191373,1,0.987338,1
D_0001191625,0,0.084199,0
D_0001191772,1,0.967767,1
D_0001191877,0,0.266831,1
D_0001192444,0,0.157685,0
D_0001192801,0,0.181456,0
D_0001193011,0,0.064952,0
D_0001193431,0,0.070509,0
D_0001193914,0,0.075207,0
D_0001194040,1,0.573909,1
D_0001194334,1,0.990754,1
D_0001194985,0,0.056931,0
D_0001195006,0,0.086684,0
D_0001195111,1,0.980335,1
D_0001195510,1,0.992273,1
D_0001195636,0,0.096368,0
D_0001195951,1,0.981955,1
D_0001196035,1,0.039021,0
D_0001196875,0,0.028815,0
D_0001198030,1,0.960393,1
D_0001198555,1,0.994379,1
D_0001198702,0,0.031107,0
D_0001198975,0,0.153205,0
D_0001199605,1,0.995245,1
D_0001199626,1,0.984341,1
D_0001199836,1,0.996105,1
D_0001199878,1,0.975529,1
D_0001200382,1,0.997385,1
D_0001200571,0,0.165489,0
D_0001200760,0,0.214675,0
D_0001200907,0,0.112909,0
D_0001201516,1,0.972003,1
D_0001201600,0,0.055576,0
D_0001201747,1,0.082530,0
D_0001201789,1,0.993543,1
D_0001201831,1,0.984997,1
D_0001201978,1,0.982830,1
D_0001202419,1,0.993067,1
D_0001202440,0,0.153545,0
D_0001202503,0,0.081519,0
D_0001202587,1,0.993144,1
D_0001202650,0,0.020861,0
D_0001202671,0,0.043300,0
D_0001202818,0,0.489924,1
D_0001202902,0,0.072129,0
D_0001203196,0,0.097515,0
D_0001203658,0,0.064776,0
D_0001203994,1,0.998092,1
D_0001204225,1,0.982577,1
D_0001204309,1,0.959829,1
D_0001204645,1,0.907889,1
D_0001205947,1,0.989599,1
D_0001206199,1,0.994178,1
D_0001206640,1,0.973506,1
D_0001207123,0,0.102925,0
D_0001207144,0,0.065059,0
D_0001207480,1,0.997754,1
D_0001207543,1,0.935962,1
D_0001207585,0,0.105088,0
D_0001207837,0,0.208687,0
D_0001207921,0,0.336971,1
D_0001208047,0,0.042889,0
D_0001208446,1,0.992393,1
D_0001208971,0,0.123340,0
D_0001209139,0,0.155020,0
D_0001209265,1,0.055224,0
D_0001209601,1,0.995520,1
D_0001209643,0,0.303724,1
D_0001209748,1,0.971159,1
D_0001210042,0,0.247884,0
D_0001210714,1,0.991544,1
D_0001210903,0,0.028679,0
D_0001211260,1,0.994563,1
D_0001211407,1,0.995579,1
D_0001211596,1,0.464004,1
D_0001211638,1,0.889822,1
D_0001211785,1,0.990652,1
D_0001212289,1,0.996919,1
D_0001212352,1,0.990827,1
D_0001212373,0,0.038209,0
D_0001212415,0,0.103721,0
D_0001212478,0,0.024657,0
D_0001212604,0,0.142336,0
D_0001212919,1,0.992944,1
D_0001213045,0,0.212791,0
D_0001213066,1,0.996399,1
D_0001213759,0,0.227231,0
D_0001213843,0,0.049919,0
D_0001213990,0,0.133151,0
D_0001214074,0,0.194195,0
D_0001214263,0,0.026285,0
D_0001214452,0,0.105306,0
D_0001215397,0,0.389821,1
D_0001215418,1,0.969410,1
D_0001215691,0,0.430631,1
D_0001215754,1,0.982739,1
D_0001215922,0,0.159825,0
D_0001216405,0,0.094668,0
D_0001216657,1,0.990396,1
D_0001216972,1,0.989410,1
D_0001217224,0,0.079525,0
D_0001217392,1,0.994083,1
D_0001217434,1,0.296505,1
D_0001217854,0,0.050818,0
D_0001217917,1,0.987009,1
D_0001218001,1,0.998713,1
D_0001218043,0,0.154136,0
D_0001218190,0,0.094974,0
D_0001218295,0,0.072194,0
D_0001218358,1,0.981307,1
D_0001218799,0,0.048643,0
D_0001219093,1,0.985815,1
D_0001219135,1,0.990899,1
D_0001219492,0,0.038729,0
D_0001219975,1,0.990556,1
D_0001220017,1,0.195653,0
D_0001220122,0,0.214164,0
D_0001220647,1,0.998046,1
D_0001220731,1,0.984562,1
D_0001220899,0,0.079012,0
D_0001221466,1,0.990019,1
D_0001221886,1,0.156330,0
D_0001221928,1,0.995781,1
D_0001222012,1,0.996233,1
D_0001222621,1,0.998734,1
D_0001222852,1,0.183445,0
D_0001222936,1,0.438277,1
D_0001223020,1,0.993889,1
D_0001223293,0,0.041564,0
D_0001223545,0,0.048927,0
D_0001223734,1,0.998217,1
D_0001224049,1,0.987491,1
D_0001224217,1,0.965227,1
D_0001224364,1,0.990322,1
D_0001224448,0,0.028781,0
D_0001224847,1,0.994968,1
D_0001224868,0,0.047865,0
D_0001224952,0,0.069785,0
D_0001224973,1,0.992658,1
D_0001225015,1,0.990686,1
D_0001225078,1,0.118745,0
D_0001225351,1,0.353634,1
D_0001225771,1,0.997517,1
D_0001226149,0,0.028395,0
D_0001227283,1,0.949477,1
D_0001227430,1,0.993360,1
D_0001227472,1,0.986185,1
D_0001227577,1,0.997644,1
D_0001228354,1,0.990015,1
D_0001228648,1,0.983366,1
D_0001229383,1,0.990768,1
D_0001229593,0,0.079847,0
D_0001230076,1,0.994919,1
D_0001230580,1,0.997966,1
D_0001230979,1,0.976718,1
D_0001231126,1,0.992955,1
D_0001231147,1,0.996678,1
D_0001231315,0,0.076271,0
D_0001231399,1,0.995097,1
D_0001231483,0,0.047576,0
D_0001232260,1,0.992525,1
D_0001232470,1,0.943469,1
D_0001232512,1,0.992822,1
D_0001232680,0,0.112156,0
D_0001232869,0,0.302309,1
D_0001233079,1,0.995608,1
D_0001233184,0,0.305561,1
D_0001233331,1,0.978766,1
D_0001233667,0,0.093137,0
D_0001233961,1,0.050504,0
D_0001234864,0,0.086158,0
D_0001235599,0,0.014934,0
D_0001235935,0,0.312063,1
D_0001236061,1,0.986215,1
D_0001236103,0,0.125332,0
D_0001236124,1,0.987602,1
D_0001236712,0,0.016270,0
D_0001236817,1,0.996292,1
D_0001237132,0,0.090635,0
D_0001237174,1,0.983216,1
D_0001237657,1,0.964769,1
D_0001237720,0,0.098146,0
D_0001237783,1,0.986898,1
D_0001237993,1,0.944819,1
D_0001238140,0,0.233277,0
D_0001238413,1,0.992238,1
D_0001238518,0,0.185390,0
D_0001238581,1,0.997112,1
D_0001238602,0,0.035031,0
D_0001238896,1,0.444514,1
D_0001238917,1,0.797058,1
D_0001238980,1,0.991331,1
D_0001239946,1,0.988106,1
D_0001240429,1,0.993250,1
D_0001240618,0,0.021934,0
D_0001241101,1,0.981701,1
D_0001241773,0,0.053268,0
D_0001242193,0,0.050390,0
D_0001242466,0,0.214993,0
D_0001242550,0,0.076713,0
D_0001242655,0,0.370569,1
D_0001243012,1,0.987849,1
D_0001243075,0,0.042149,0
D_0001243180,1,0.153258,0
D_0001243474,1,0.997286,1
D_0001243516,1,0.994932,1
D_0001243579,0,0.049786,0
D_0001243831,1,0.993351,1
D_0001244041,1,0.110447,0
D_0001244230,0,0.147286,0
D_0001244251,1,0.992435,1
D_0001244398,1,0.997736,1
D_0001244503,0,0.172649,0
D_0001244545,1,0.997523,1
D_0001244587,0,0.129856,0
D_0001245112,1,0.993233,1
D_0001245973,1,0.184343,0
D_0001246540,0,0.220072,0
D_0001246792,1,0.980091,1
D_0001247674,0,0.041648,0
D_0001247800,1,0.994005,1
D_0001248409,1,0.995485,1
D_0001248745,1,0.994132,1
D_0001248913,0,0.138244,0
D_0001249165,0,0.197536,0
D_0001249291,1,0.991039,1
D_0001249417,1,0.991190,1
D_0001249585,1,0.550140,1
D_0001249711,0,0.083089,0
D_0001249816,1,0.996110,1
D_0001250131,1,0.991554,1
D_0001250593,0,0.017928,0
D_0001250740,1,0.111521,0
D_0001251181,0,0.117393,0
D_0001252252,0,0.062008,0
D_0001252357,0,0.144006,0
D_0001252441,0,0.198093,0
D_0001252735,1,0.235656,0
D_0001252798,1,0.991832,1
D_0001253113,1,0.994261,1
D_0001253260,1,0.990399,1
D_0001253323,1,0.991750,1
D_0001253512,0,0.019219,0
D_0001253659,1,0.983473,1
D_0001253722,0,0.081573,0
D_0001254226,1,0.993353,1
D_0001254247,0,0.014653,0
D_0001255297,1,0.993915,1
D_0001255339,1,0.993823,1
D_0001255549,1,0.986418,1
D_0001255654,0,0.227073,0
D_0001255717,0,0.020943,0
D_0001255759,1,0.997406,1
D_0001255801,0,0.110435,0
D_0001256347,0,0.166006,0
D_0001256473,0,0.148375,0
D_0001256788,1,0.266215,1
D_0001256998,0,0.002502,0
D_0001257376,1,0.996548,1
D_0001257628,1,0.994414,1
D_0001257880,1,0.928203,1
D_0001258321,1,0.851728,1
D_0001258888,0,0.019301,0
D_0001259098,1,0.992991,1
D_0001259455,1,0.991973,1
D_0001260673,0,0.101764,0
D_0001261618,0,0.229658,0
D_0001262038,0,0.464087,1
D_0001262122,0,0.165303,0
D_0001262374,1,0.871396,1
D_0001262437,1,0.996777,1
D_0001262479,1,0.988607,1
D_0001262605,1,0.971295,1
D_0001262647,1,0.988976,1
D_0001262710,0,0.021539,0
D_0001263550,1,0.992329,1
D_0001263655,1,0.036806,0
D_0001263697,0,0.000073,0
D_0001263718,0,0.183975,0
D_0001263928,0,0.094157,0
D_0001264075,1,0.214094,0
D_0001264621,1,0.136070,0
D_0001264747,0,0.028523,0
D_0001264852,1,0.997559,1
D_0001264978,1,0.995119,1
D_0001265251,0,0.003868,0
D_0001265419,0,0.081347,0
D_0001265650,0,0.606768,1
D_0001266007,1,0.995320,1
D_0001266175,1,0.167113,0
D_0001266196,1,0.994392,1
D_0001266469,1,0.971628,1
D_0001267351,1,0.145146,0
D_0001267435,0,0.080913,0
D_0001267855,1,0.987794,1
D_0001268233,1,0.974792,1
D_0001268548,1,0.990075,1
D_0001268695,1,0.994423,1
D_0001269283,0,0.037715,0
D_0001269724,1,0.995634,1
D_0001269976,0,0.020533,0
D_0001270207,0,0.672374,1
D_0001270417,0,0.071523,0
D_0001270459,0,0.198253,0
D_0001271761,1,0.985100,1
D_0001272181,0,0.038690,0
D_0001272202,0,0.018198,0
D_0001272643,0,0.183085,0
D_0001273084,1,0.992602,1
D_0001273126,0,0.077865,0
D_0001273630,0,0.041915,0
D_0001273882,1,0.992626,1
D_0001273903,1,0.462243,1
D_0001274491,0,0.067029,0
D_0001274533,0,0.368275,1
D_0001275142,0,0.025451,0
D_0001275373,1,0.517073,1
D_0001275982,1,0.991332,1
D_0001276213,0,0.124863,0
D_0001276759,1,0.057717,0
D_0001276780,1,0.978041,1
D_0001277431,0,0.239945,0
D_0001278019,1,0.988306,1
D_0001278040,0,0.029311,0
D_0001278187,1,0.980793,1
D_0001278334,1,0.979600,1
D_0001278523,1,0.992407,1
D_0001279762,1,0.971208,1
D_0001279846,0,0.234368,0
D_0001280644,1,0.985908,1
D_0001280980,1,0.989443,1
D_0001281106,1,0.988421,1
D_0001281127,1,0.987842,1
D_0001281799,1,0.988176,1
D_0001282030,0,0.082044,0
D_0001282051,1,0.993710,1
D_0001282282,1,0.253757,1
D_0001282786,1,0.992423,1
D_0001283416,0,0.046313,0
D_0001283458,1,0.986785,1
D_0001283689,0,0.499668,1
D_0001283773,1,0.992297,1
D_0001284865,1,0.992681,1
D_0001284886,0,0.240881,0
D_0001285369,0,0.185725,0
D_0001286524,1,0.998487,1
D_0001286755,0,0.141980,0
D_0001286839,1,0.991309,1
D_0001286881,1,0.981696,1
D_0001286944,1,0.992512,1
D_0001287469,0,0.000930,0
D_0001288036,0,0.352657,1
D_0001289149,1,0.989581,1
D_0001289548,0,0.083008,0
D_0001289758,0,0.146333,0
D_0001290031,1,0.155579,0
D_0001290178,1,0.989069,1
D_0001290493,1,0.994637,1
D_0001290556,0,0.295945,1
D_0001290619,1,0.990115,1
D_0001291081,1,0.991043,1
D_0001291396,1,0.996435,1
D_0001291732,1,0.842040,1
D_0001292173,0,0.407075,1
D_0001292236,0,0.469600,1
D_0001292782,0,0.155649,0
D_0001292971,0,0.106477,0
D_0001293139,1,0.978507,1
D_0001293538,1,0.958752,1
D_0001294105,0,0.275703,1
D_0001294126,1,0.992417,1
D_0001294252,0,0.327265,1
D_0001294525,0,0.030775,0
D_0001294609,0,0.130377,0
D_0001294672,1,0.995241,1
D_0001294735,1,0.996893,1
D_0001295134,1,0.987757,1
D_0001295344,0,0.058701,0
D_0001295407,0,0.110488,0
D_0001295596,0,0.457996,1
D_0001295722,0,0.230570,0
D_0001295764,0,0.160186,0
D_0001296394,1,0.986638,1
D_0001296499,1,0.971269,1
D_0001296646,1,0.994884,1
D_0001296667,1,0.989306,1
D_0001296709,1,0.993086,1
D_0001297339,0,0.301680,1
D_0001297402,1,0.992710,1
D_0001297612,0,0.067396,0
D_0001297717,0,0.018848,0
D_0001297780,0,0.135994,0
D_0001298704,0,0.078799,0
D_0001298746,0,0.060864,0
D_0001298788,1,0.987598,1
D_0001298851,1,0.977161,1
D_0001299040,1,0.983883,1
D_0001299061,1,0.993254,1
D_0001299313,0,0.328695,1
D_0001299502,0,0.017631,0
D_0001299544,1,0.993068,1
D_0001300048,0,0.316855,1
D_0001301056,0,0.104226,0
D_0001301497,1,0.188122,0
D_0001302526,1,0.989830,1
D_0001302589,0,0.098111,0
D_0001302694,0,0.067682,0
D_0001302925,0,0.112977,0
D_0001303513,0,0.212671,0
D_0001304731,0,0.011310,0
D_0001305361,1,0.979447,1
D_0001305676,1,0.994385,1
D_0001305928,1,0.998147,1
D_0001306999,1,0.973657,1
D_0001307209,1,0.990482,1
D_0001307293,0,0.243427,0
D_0001307860,0,0.230316,0
D_0001307902,1,0.233974,0
D_0001308007,0,0.050618,0
D_0001308091,0,0.072448,0
D_0001308238,1,0.989507,1
D_0001309015,1,0.997978,1
D_0001309813,1,0.997125,1
D_0001310590,1,0.115510,0
D_0001310737,0,0.053527,0
D_0001310842,1,0.993924,1
D_0001310863,1,0.994113,1
D_0001311304,1,0.991780,1
D_0001311367,0,0.135487,0
D_0001311640,0,0.083963,0
D_0001311766,1,0.986838,1
D_0001312333,0,0.081767,0
D_0001312564,1,0.878685,1
D_0001312753,1,0.535115,1
D_0001312858,0,0.026297,0
D_0001313026,1,0.986108,1
D_0001313803,1,0.098572,0
D_0001313824,1,0.994896,1
D_0001314139,0,0.073898,0
D_0001314580,1,0.996570,1
D_0001315042,1,0.979498,1
D_0001315357,1,0.995968,1
D_0001315441,0,0.467910,1
D_0001315546,0,0.035482,0
D_0001315861,1,0.279436,1
D_0001316449,0,0.064207,0
D_0001316995,1,0.994111,1
D_0001317268,0,0.085403,0
D_0001317709,0,0.190856,0
D_0001317814,1,0.977634,1
D_0001317898,1,0.082813,0
D_0001318192,0,0.440705,1
D_0001318234,1,0.987017,1
D_0001318444,1,0.997128,1
D_0001318591,1,0.997175,1
D_0001319473,1,0.997256,1
D_0001319620,1,0.142011,0
D_0001320292,0,0.142424,0
D_0001320712,1,0.992769,1
D_0001320922,1,0.949273,1
D_0001321447,0,0.167719,0
D_0001321846,1,0.983020,1
D_0001322203,1,0.992903,1
D_0001322350,1,0.201138,0
D_0001322413,0,0.066275,0
D_0001323211,1,0.990829,1
D_0001323316,1,0.993315,1
D_0001323862,0,0.015115,0
D_0001324009,1,0.989651,1
D_0001324366,0,0.047036,0
D_0001324912,1,0.174937,0
D_0001325479,0,0.008416,0
D_0001325500,0,0.048752,0
D_0001325668,0,0.148000,0
D_0001325689,1,0.992023,1
D_0001325773,1,0.983463,1
D_0001326424,1,0.993425,1
D_0001326571,1,0.988883,1
D_0001326802,0,0.193665,0
D_0001326865,1,0.991320,1
D_0001327096,1,0.994913,1
D_0001328188,0,0.062382,0
D_0001328503,1,0.987127,1
D_0001328902,0,0.271576,1
D_0001328923,1,0.977914,1
D_0001329091,0,0.040076,0
D_0001329154,1,0.987438,1
D_0001329280,0,0.051260,0
D_0001329931,1,0.987914,1
D_0001330498,1,0.989493,1
D_0001330645,0,0.098887,0
D_0001330729,1,0.462207,1
D_0001330960,0,0.276154,1
D_0001331086,0,0.614848,1
D_0001331275,0,0.209156,0
D_0001331317,0,0.287678,1
D_0001331359,0,0.093983,0
D_0001331380,0,0.049946,0
D_0001331401,0,0.011140,0
D_0001331506,1,0.987320,1
D_0001331527,0,0.157276,0
D_0001331548,1,0.971756,1
D_0001331569,1,0.979454,1
D_0001332241,0,0.045820,0
D_0001332472,0,0.088878,0
D_0001333480,1,0.989907,1
D_0001333648,0,0.217906,0
D_0001333774,1,0.161169,0
D_0001334677,1,0.956893,1
D_0001335349,0,0.194678,0
D_0001335517,1,0.991500,1
D_0001335538,0,0.265038,1
D_0001335811,1,0.984072,1
D_0001335832,0,0.175249,0
D_0001336084,0,0.056733,0
D_0001336147,1,0.983357,1
D_0001336210,1,0.375596,1
D_0001336819,0,0.179213,0
D_0001337113,0,0.296561,1
D_0001337197,1,0.995927,1
D_0001337491,1,0.992585,1
D_0001338016,1,0.995426,1
D_0001338142,1,0.980639,1
D_0001338184,0,0.061390,0
D_0001338226,0,0.050520,0
D_0001338310,0,0.210742,0
D_0001338352,1,0.851170,1
D_0001338373,0,0.202187,0
D_0001338772,1,0.284010,1
D_0001338898,0,0.087634,0
D_0001338919,1,0.991808,1
D_0001339990,1,0.976987,1
D_0001340725,1,0.993796,1
D_0001340809,1,0.991212,1
D_0001341229,0,0.008764,0
D_0001341250,1,0.102754,0
D_0001341670,1,0.067408,0
D_0001341754,1,0.986116,1
D_0001342993,0,0.050812,0
D_0001343140,1,0.748151,1
D_0001343203,1,0.994157,1
D_0001344379,0,0.068559,0
D_0001344505,0,0.167118,0
D_0001345009,1,0.997567,1
D_0001345240,0,0.031280,0
D_0001345366,0,0.001669,0
D_0001345534,1,0.348760,1
D_0001345828,0,0.387796,1
D_0001346038,0,0.120921,0
D_0001346374,0,0.015198,0
D_0001346542,0,0.101208,0
D_0001346563,0,0.121713,0
D_0001346626,1,0.994788,1
D_0001346689,0,0.234000,0
D_0001347088,1,0.988386,1
D_0001347424,0,0.090372,0
D_0001347529,1,0.994255,1
D_0001347613,0,0.094681,0
D_0001348159,1,0.992114,1
D_0001348201,1,0.984939,1
D_0001348642,0,0.229686,0
D_0001348957,1,0.992283,1
D_0001349167,0,0.115667,0
D_0001349965,1,0.992593,1
D_0001350049,0,0.044606,0
D_0001350448,0,0.293416,1
D_0001351225,1,0.990079,1
D_0001351876,1,0.064160,0
D_0001352044,0,0.302525,1
D_0001352149,0,0.074967,0
D_0001352191,1,0.997790,1
D_0001352464,1,0.995221,1
D_0001352821,0,0.031537,0
D_0001353325,1,0.990372,1
D_0001353514,1,0.984680,1
D_0001354501,1,0.986310,1
D_0001355110,0,0.098097,0
D_0001355341,0,0.033886,0
D_0001356370,0,0.105380,0
D_0001356454,0,0.082255,0
D_0001356517,0,0.095616,0
D_0001356916,1,0.987401,1
D_0001357063,1,0.994774,1
D_0001357357,1,0.168071,0
D_0001357756,1,0.864252,1
D_0001358071,1,0.994452,1
D_0001358533,1,0.992378,1
D_0001359121,0,0.037904,0
D_0001359541,1,0.590541,1
D_0001359583,0,0.079497,0
D_0001359604,1,0.947434,1
D_0001359835,0,0.104018,0
D_0001361158,1,0.984707,1
D_0001361452,1,0.979322,1
D_0001361683,1,0.993788,1
D_0001361704,0,0.078680,0
D_0001361851,1,0.986968,1
D_0001362754,1,0.985489,1
D_0001364077,1,0.975839,1
D_0001364329,1,0.996281,1
D_0001364350,0,0.105304,0
D_0001364665,0,0.134011,0
D_0001365631,1,0.988357,1
D_0001366051,0,0.019805,0
D_0001366240,1,0.978864,1
D_0001366471,1,0.331067,1
D_0001366597,1,0.997058,1
D_0001366723,0,0.119622,0
D_0001366849,0,0.154184,0
D_0001367353,0,0.157661,0
D_0001367752,1,0.993946,1
D_0001367815,1,0.993424,1
D_0001368991,0,0.023460,0
D_0001369558,0,0.035150,0
D_0001369726,1,0.984017,1
D_0001369747,0,0.020798,0
D_0001370209,0,0.301176,1
D_0001370398,0,0.028308,0
D_0001370524,0,0.188043,0
D_0001370902,1,0.995405,1
D_0001371574,1,0.996488,1
D_0001371784,1,0.394592,1
D_0001371973,1,0.992978,1
D_0001372267,0,0.052322,0
D_0001372792,1,0.996580,1
D_0001373233,1,0.990761,1
D_0001373338,1,0.992885,1
D_0001373632,1,0.981947,1
D_0001373674,1,0.998382,1
D_0001373800,1,0.498593,1
D_0001374094,0,0.120872,0
D_0001374178,1,0.994463,1
D_0001374367,0,0.050233,0
D_0001374493,1,0.999358,1
D_0001374535,1,0.993988,1
D_0001375207,0,0.063349,0
D_0001375690,0,0.040649,0
D_0001376236,1,0.076519,0
D_0001376425,1,0.998499,1
D_0001376446,1,0.991207,1
D_0001376488,1,0.974504,1
D_0001376782,0,0.025290,0
D_0001376971,0,0.011511,0
D_0001377034,0,0.026872,0
D_0001377202,1,0.367486,1
D_0001377475,0,0.137717,0
D_0001377832,1,0.990947,1
D_0001377916,0,0.133549,0
D_0001377979,0,0.077323,0
D_0001378189,0,0.219975,0
D_0001378378,0,0.014302,0
D_0001379008,0,0.060010,0
D_0001379092,0,0.058848,0
D_0001379218,1,0.979609,1
D_0001379260,1,0.945902,1
D_0001379302,1,0.979958,1
D_0001379386,0,0.141386,0
D_0001379638,1,0.996600,1
D_0001380898,1,0.971388,1
D_0001380940,1,0.991569,1
D_0001381024,0,0.122356,0
D_0001381045,1,0.995003,1
D_0001381318,1,0.354572,1
D_0001382179,1,0.951061,1
D_0001382326,0,0.336364,1
D_0001382494,1,0.995663,1
D_0001382599,1,0.944117,1
D_0001382746,0,0.181060,0
D_0001383082,1,0.218483,0
D_0001383985,1,0.996331,1
D_0001384762,0,0.012903,0
D_0001384993,1,0.329190,1
D_0001385182,1,0.965254,1
D_0001385497,0,0.035624,0
D_0001385749,1,0.997460,1
D_0001386085,0,0.013001,0
D_0001386442,1,0.920772,1
D_0001386631,0,0.222813,0
D_0001387114,1,0.977596,1
D_0001387135,1,0.989573,1
D_0001388353,1,0.996361,1
D_0001388626,0,0.241436,0
D_0001388836,0,0.040671,0
D_0001389067,0,0.024255,0
D_0001389298,0,0.354377,1
D_0001389319,0,0.083627,0
D_0001389970,0,0.019793,0
D_0001390075,0,0.085157,0
D_0001390117,0,0.084297,0
D_0001390390,1,0.993505,1
D_0001390495,0,0.023086,0
D_0001390915,1,0.989639,1
D_0001390999,1,0.995583,1
D_0001391020,0,0.515957,1
D_0001391335,0,0.108310,0
D_0001392217,1,0.990289,1
D_0001392469,1,0.958822,1
D_0001392847,0,0.046633,0
D_0001393183,1,0.996630,1
D_0001393981,1,0.953354,1
D_0001394128,0,0.020849,0
D_0001394611,0,0.123488,0
D_0001394674,0,0.003812,0
D_0001395367,1,0.980484,1
D_0001395388,1,0.992127,1
D_0001396060,0,0.472370,1
D_0001396165,0,0.028651,0
D_0001396396,1,0.987015,1
D_0001396816,0,0.041127,0
D_0001397299,1,0.146804,0
D_0001397698,1,0.997266,1
D_0001397719,1,0.992876,1
D_0001397866,1,0.990582,1
D_0001398664,1,0.993751,1
D_0001398769,0,0.034141,0
D_0001398811,0,0.287080,1
D_0001398832,1,0.430000,1
D_0001398937,0,0.011126,0
D_0001399000,0,0.074258,0
D_0001399357,0,0.132872,0
D_0001399903,0,0.031240,0
D_0001400449,1,0.317591,1
D_0001400491,1,0.995668,1
D_0001400701,0,0.132843,0
D_0001400806,1,0.991311,1
D_0001401436,1,0.991421,1
D_0001401562,0,0.315215,1
D_0001401730,0,0.086089,0
D_0001402087,0,0.008500,0
D_0001402822,1,0.995996,1
D_0001402885,0,0.051838,0
D_0001402990,1,0.985340,1
D_0001403326,1,0.996528,1
D_0001404124,1,0.974943,1
D_0001404691,0,0.029672,0
D_0001405006,0,0.161827,0
D_0001405090,1,0.136463,0
D_0001406140,0,0.057655,0
D_0001406644,1,0.990730,1
D_0001406875,0,0.051741,0
D_0001407232,0,0.029949,0
D_0001407379,0,0.213429,0
D_0001407400,0,0.360143,1
D_0001407694,1,0.974111,1
D_0001407757,1,0.940768,1
D_0001407799,1,0.995259,1
D_0001407820,0,0.080973,0
D_0001408177,0,0.033204,0
D_0001408282,1,0.994109,1
D_0001408429,0,0.066083,0
D_0001409290,1,0.453546,1
D_0001409374,0,0.146635,0
D_0001409626,1,0.989828,1
D_0001409836,1,0.980695,1
D_0001409878,1,0.996208,1
D_0001410172,0,0.058376,0
D_0001410382,1,0.995660,1
D_0001410592,0,0.051409,0
D_0001410760,1,0.992284,1
D_0001411264,0,0.026917,0
D_0001411411,1,0.985920,1
D_0001411642,1,0.992891,1
D_0001411747,0,0.218132,0
D_0001411831,0,0.111657,0
D_0001412083,0,0.334615,1
D_0001412986,0,0.043476,0
D_0001413448,1,0.997229,1
D_0001413595,1,0.983277,1
D_0001414393,1,0.990288,1
D_0001414477,1,0.970632,1
D_0001414624,0,0.214549,0
D_0001414729,0,0.042432,0
D_0001415338,1,0.995049,1
D_0001415485,0,0.468976,1
D_0001415884,0,0.050566,0
D_0001415905,0,0.179096,0
D_0001415989,0,0.090202,0
D_0001416010,0,0.032063,0
D_0001416472,1,0.998120,1
D_0001416661,1,0.994682,1
D_0001417249,1,0.986291,1
D_0001417333,0,0.213768,0
D_0001417942,1,0.224658,0
D_0001417963,1,0.995062,1
D_0001418236,1,0.955382,1
D_0001419286,1,0.995770,1
D_0001420399,0,0.047817,0
D_0001420525,1,0.527606,1
D_0001420630,1,0.993370,1
D_0001421071,1,0.993075,1
D_0001421092,0,0.021107,0
D_0001421512,0,0.109272,0
D_0001421680,1,0.992486,1
D_0001421869,1,0.085640,0
D_0001421953,1,0.019924,0
D_0001422520,1,0.990903,1
D_0001422625,1,0.992431,1
D_0001422667,1,0.994145,1
D_0001423192,1,0.995290,1
D_0001423423,0,0.159100,0
D_0001423528,1,0.078493,0
D_0001423675,1,0.988399,1
D_0001423696,1,0.994767,1
D_0001423948,0,0.173663,0
D_0001423990,0,0.010912,0
D_0001424179,0,0.169355,0
D_0001425271,1,0.993321,1
D_0001425460,1,0.996206,1
D_0001426363,1,0.996319,1
D_0001426993,0,0.203002,0
D_0001427140,0,0.055474,0
D_0001427350,0,0.057592,0
D_0001427623,1,0.991779,1
D_0001427959,0,0.122123,0
D_0001428001,1,0.996015,1
D_0001428946,0,0.084674,0
D_0001429387,0,0.068660,0
D_0001429933,1,0.995891,1
D_0001430395,1,0.995955,1
D_0001430500,0,0.066595,0
D_0001430542,1,0.997029,1
D_0001430584,0,0.030745,0
D_0001430815,1,0.883690,1
D_0001430836,1,0.419777,1
D_0001431361,0,0.090564,0
D_0001431571,0,0.133831,0
D_0001431655,1,0.994636,1
D_0001431760,1,0.991943,1
D_0001431802,1,0.071981,0
D_0001432096,0,0.026591,0
D_0001433314,0,0.142098,0
D_0001433398,1,0.989231,1
D_0001433881,0,0.061210,0
D_0001434112,1,0.329392,1
D_0001434133,1,0.980280,1
D_0001434427,1,0.991056,1
D_0001434658,0,0.047023,0
D_0001435624,0,0.030788,0
D_0001435645,1,0.989206,1
D_0001435666,0,0.094022,0
D_0001435960,0,0.036239,0
D_0001435981,1,0.996359,1
D_0001436548,0,0.031672,0
D_0001436590,0,0.023938,0
D_0001436695,0,0.017675,0
D_0001436737,0,0.162930,0
D_0001436779,1,0.991195,1
D_0001436968,0,0.066693,0
D_0001437325,1,0.969895,1
D_0001438585,1,0.171990,0
D_0001438942,1,0.989481,1
D_0001438984,0,0.239006,0
D_0001439131,1,0.950653,1
D_0001439656,1,0.971186,1
D_0001439740,1,0.980607,1
D_0001439908,0,0.060007,0
D_0001441126,1,0.132588,0
D_0001441357,0,0.057460,0
D_0001441420,1,0.992948,1
D_0001441462,1,0.988675,1
D_0001441882,1,0.995353,1
D_0001442281,1,0.994519,1
D_0001442680,0,0.010158,0
D_0001443310,0,0.115923,0
D_0001443352,0,0.085709,0
D_0001443520,1,0.995018,1
D_0001443940,1,0.954575,1
D_0001444003,1,0.989567,1
D_0001444213,1,0.987277,1
D_0001444633,0,0.070308,0
D_0001444717,1,0.893684,1
D_0001445809,1,0.976113,1
D_0001446250,1,0.226405,0
D_0001446691,1,0.994035,1
D_0001446733,1,0.994778,1
D_0001446964,1,0.990179,1
D_0001447804,1,0.992680,1
D_0001447909,1,0.875133,1
D_0001448329,0,0.226936,0
D_0001449085,1,0.981544,1
D_0001449652,1,0.994458,1
D_0001450408,0,0.084485,0
D_0001450723,0,0.092161,0
D_0001451521,1,0.977268,1
D_0001451668,0,0.044442,0
D_0001452067,0,0.026338,0
D_0001452214,1,0.995764,1
D_0001452340,0,0.309022,1
D_0001453096,0,0.013272,0
D_0001453222,1,0.984723,1
D_0001453432,1,0.995775,1
D_0001453474,1,0.991554,1
D_0001453621,1,0.236345,0
D_0001453978,0,0.208693,0
D_0001454062,1,0.937987,1
D_0001454104,0,0.011497,0
D_0001454314,1,0.994384,1
D_0001454524,1,0.960488,1
D_0001454629,0,0.104027,0
D_0001455028,0,0.126311,0
D_0001455574,1,0.990054,1
D_0001455952,1,0.615543,1
D_0001456267,1,0.983187,1
D_0001456456,1,0.984406,1
D_0001456519,1,0.983948,1
D_0001456813,1,0.979686,1
D_0001456918,1,0.987973,1
D_0001457191,0,0.037948,0
D_0001457422,0,0.009798,0
D_0001457485,1,0.227639,0
D_0001457800,0,0.179619,0
D_0001457842,1,0.992980,1
D_0001458052,1,0.996991,1
D_0001458115,1,0.398821,1
D_0001458409,0,0.243710,0
D_0001458577,0,0.814787,1
D_0001459249,0,0.031968,0
D_0001459270,1,0.993246,1
D_0001459438,1,0.996147,1
D_0001459816,1,0.988664,1
D_0001459963,0,0.170911,0
D_0001460089,1,0.955374,1
D_0001460131,1,0.774149,1
D_0001461412,0,0.058954,0
D_0001461517,1,0.991334,1
D_0001461895,0,0.685330,1
D_0001462021,0,0.110681,0
D_0001462441,1,0.995035,1
D_0001462483,1,0.994656,1
D_0001462504,1,0.997228,1
D_0001462861,1,0.998320,1
D_0001462966,1,0.991259,1
D_0001463092,0,0.084957,0
D_0001463134,1,0.984237,1
D_0001463869,1,0.986517,1
D_0001463911,1,0.992120,1
D_0001464583,0,0.079126,0
D_0001464856,0,0.162983,0
D_0001465045,0,0.040807,0
D_0001465171,0,0.077361,0
D_0001465381,0,0.021999,0
D_0001465549,0,0.120629,0
D_0001465633,0,0.131871,0
D_0001466221,1,0.987570,1
D_0001466746,0,0.292235,1
D_0001466998,0,0.148889,0
D_0001467292,1,0.998246,1
D_0001467670,0,0.377849,1
D_0001468363,1,0.996322,1
D_0001468426,1,0.988008,1
D_0001468657,0,0.030184,0
D_0001468930,0,0.238445,0
D_0001469224,1,0.101480,0
D_0001469350,1,0.995368,1
D_0001469497,1,0.991419,1
D_0001469623,0,0.181086,0
D_0001469854,1,0.258476,1
D_0001470106,0,0.141381,0
D_0001470547,1,0.479644,1
D_0001471135,0,0.216869,0
D_0001471324,1,0.990130,1
D_0001471975,1,0.993421,1
D_0001472248,0,0.102498,0
D_0001472500,0,0.401988,1
D_0001472878,1,0.982010,1
D_0001472962,1,0.926281,1
D_0001473151,0,0.097697,0
D_0001473424,0,0.223174,0
D_0001473550,1,0.983485,1
D_0001474180,0,0.163417,0
D_0001474201,0,0.044855,0
D_0001474327,0,0.034471,0
D_0001474432,1,0.993993,1
D_0001474453,0,0.021583,0
D_0001474621,1,0.994337,1
D_0001474999,1,0.984711,1
D_0001475692,0,0.082390,0
D_0001475776,1,0.988179,1
D_0001475839,1,0.993812,1
D_0001476007,0,0.031109,0
D_0001476070,0,0.022598,0
D_0001476301,0,0.036585,0
D_0001477267,1,0.972229,1
D_0001477477,1,0.995407,1
D_0001477708,0,0.174467,0
D_0001477771,1,0.075159,0
D_0001478107,1,0.995785,1
D_0001478359,0,0.877282,1
D_0001479241,0,0.038588,0
D_0001479304,0,0.038140,0
D_0001479955,0,0.038588,0
D_0001480081,0,0.092160,0
D_0001480291,0,0.063225,0
D_0001480333,1,0.986359,1
D_0001480459,1,0.969318,1
D_0001480480,1,0.782993,1
D_0001480690,0,0.021024,0
D_0001480858,1,0.960263,1
D_0001481635,0,0.199635,0
D_0001482097,0,0.002001,0
D_0001482265,0,0.053233,0
D_0001482496,1,0.962119,1
D_0001482622,1,0.957059,1
D_0001482769,0,0.049508,0
D_0001482937,1,0.996629,1
D_0001482979,1,0.999034,1
D_0001483168,0,0.037623,0
D_0001483231,1,0.978701,1
D_0001483420,0,0.131746,0
D_0001483819,0,0.187627,0
D_0001484071,0,0.104865,0
D_0001484134,1,0.986629,1
D_0001484197,1,0.990004,1
D_0001484533,1,0.859981,1
D_0001484596,1,0.989197,1
D_0001484806,1,0.948674,1
D_0001485247,1,0.996075,1
D_0001486276,1,0.976936,1
D_0001486696,1,0.945032,1
D_0001486885,0,0.116170,0
D_0001487032,1,0.986498,1
D_0001487221,0,0.172859,0
D_0001487326,0,0.090202,0
D_0001487536,0,0.145040,0
D_0001487599,1,0.991450,1
D_0001487746,1,0.938421,1
D_0001487914,1,0.981251,1
D_0001488061,0,0.060336,0
D_0001488208,0,0.044965,0
D_0001488481,0,0.067945,0
D_0001489090,0,0.019436,0
D_0001489111,1,0.989921,1
D_0001489237,1,0.992072,1
D_0001489447,1,0.993946,1
D_0001489762,0,0.237633,0
D_0001489951,0,0.225667,0
D_0001490098,1,0.998403,1
D_0001490119,0,0.046089,0
D_0001490602,1,0.996213,1
D_0001491337,0,0.232176,0
D_0001491379,0,0.062012,0
D_0001491400,1,0.968256,1
D_0001491757,0,0.268021,1
D_0001492345,0,0.117613,0
D_0001493374,0,0.003707,0
D_0001493416,1,0.965928,1
D_0001493626,1,0.999104,1
D_0001493731,0,0.101185,0
D_0001494025,1,0.993642,1
D_0001494613,1,0.987734,1
D_0001494718,0,0.049671,0
D_0001494802,1,0.994756,1
D_0001494907,1,0.993958,1
D_0001495138,1,0.975473,1
D_0001495516,0,0.037965,0
D_0001495600,1,0.996680,1
D_0001496083,0,0.055941,0
D_0001496230,1,0.996640,1
D_0001496818,0,0.099556,0
D_0001497805,0,0.171910,0
D_0001498372,0,0.076376,0
D_0001498414,1,0.985979,1
D_0001498687,1,0.990811,1
D_0001498771,1,0.992164,1
D_0001498855,0,0.036794,0
D_0001498981,1,0.992217,1
D_0001499128,1,0.994581,1
D_0001499653,1,0.990666,1
D_0001499989,1,0.993017,1
D_0001500073,0,0.051408,0
D_0001500346,1,0.985451,1
D_0001500493,1,0.074313,0
D_0001500535,0,0.018565,0
D_0001500850,1,0.994781,1
D_0001501018,1,0.990579,1
D_0001501102,1,0.888575,1
D_0001501186,1,0.991912,1
D_0001501795,0,0.035778,0
D_0001502194,0,0.043191,0
D_0001502341,0,0.025995,0
D_0001503055,1,0.995725,1
D_0001503118,1,0.997031,1
D_0001503181,1,0.972921,1
D_0001503307,1,0.990127,1
D_0001503391,1,0.995323,1
D_0001503895,1,0.314722,1
D_0001504063,0,0.021118,0
D_0001504630,1,0.989007,1
D_0001505176,0,0.444469,1
D_0001505407,1,0.995707,1
D_0001505470,0,0.010476,0
D_0001505848,0,0.256915,1
D_0001506247,1,0.906473,1
D_0001506478,1,0.994943,1
D_0001506562,0,0.229602,0
D_0001506646,1,0.988016,1
D_0001506835,1,0.993364,1
D_0001506919,1,0.993120,1
D_0001506961,0,0.166814,0
D_0001507213,0,0.010419,0
D_0001507486,1,0.994830,1
D_0001507717,1,0.948800,1
D_0001507822,0,0.044964,0
D_0001508179,0,0.378036,1
D_0001508326,1,0.993822,1
D_0001508830,1,0.991259,1
D_0001509103,1,0.463715,1
D_0001509376,1,0.900279,1
D_0001509418,0,0.036699,0
D_0001509817,0,0.041782,0
D_0001510048,0,0.173093,0
D_0001510489,0,0.042630,0
D_0001510825,1,0.101821,0
D_0001510909,0,0.116430,0
D_0001511455,0,0.145229,0
D_0001511518,0,0.035244,0
D_0001512211,0,0.110852,0
D_0001512589,0,0.171872,0
D_0001512652,1,0.998080,1
D_0001513555,0,0.255634,1
D_0001513933,1,0.933452,1
D_0001514353,1,0.994857,1
D_0001514731,0,0.054632,0
D_0001515193,0,0.197609,0
D_0001515256,1,0.992082,1
D_0001515277,0,0.214636,0
D_0001515613,0,0.092598,0
D_0001515655,1,0.992534,1
D_0001515907,0,0.222672,0
D_0001515970,1,0.991592,1
D_0001516117,0,0.168219,0
D_0001516264,0,0.092284,0
D_0001516348,0,0.093488,0
D_0001516369,1,0.126672,0
D_0001516642,1,0.995780,1
D_0001516705,0,0.081155,0
D_0001516726,0,0.126393,0
D_0001517062,1,0.990966,1
D_0001517797,0,0.107333,0
D_0001518007,1,0.063396,0
D_0001518091,1,0.997517,1
D_0001518511,1,0.864549,1
D_0001518532,1,0.991131,1
D_0001519036,1,0.983845,1
D_0001519834,1,0.999265,1
D_0001519855,0,0.036905,0
D_0001519918,0,0.455861,1
D_0001520023,1,0.995349,1
D_0001520191,0,0.249405,0
D_0001520653,0,0.017803,0
D_0001520737,0,0.121614,0
D_0001520884,0,0.049240,0
D_0001521052,1,0.992905,1
D_0001521073,0,0.182942,0
D_0001521199,0,0.118989,0
D_0001521451,1,0.997365,1
D_0001522417,0,0.132097,0
D_0001522963,0,0.269627,1
D_0001523404,1,0.909820,1
D_0001523509,0,0.247896,0
D_0001523971,0,0.082661,0
D_0001524580,1,0.973829,1
D_0001524727,1,0.984545,1
D_0001524811,1,0.991750,1
D_0001524916,1,0.987936,1
D_0001525000,0,0.019998,0
D_0001525021,0,0.168737,0
D_0001525336,0,0.047601,0
D_0001525567,1,0.360885,1
D_0001525609,1,0.991932,1
D_0001526176,1,0.986418,1
D_0001526512,1,0.994987,1
D_0001527163,1,0.987858,1
D_0001527310,1,0.983957,1
D_0001527478,0,0.038489,0
D_0001527751,1,0.990274,1
D_0001528171,1,0.217728,0
D_0001528276,0,0.148372,0
D_0001528402,1,0.994970,1
D_0001528675,0,0.088515,0
D_0001528717,1,0.982175,1
D_0001529389,1,0.980735,1
D_0001529725,0,0.063369,0
D_0001529998,1,0.992134,1
D_0001530103,0,0.026815,0
D_0001530754,1,0.982987,1
D_0001530901,1,0.994873,1
D_0001531174,1,0.974732,1
D_0001531216,0,0.151878,0
D_0001531300,1,0.988357,1
D_0001531846,0,0.160772,0
D_0001532056,1,0.113686,0
D_0001532098,1,0.968907,1
D_0001532371,1,0.995687,1
D_0001532728,0,0.019252,0
D_0001532749,1,0.987837,1
D_0001532854,1,0.997204,1
D_0001532980,1,0.998121,1
D_0001533169,0,0.053939,0
D_0001533232,1,0.997137,1
D_0001533505,0,0.140264,0
D_0001533568,1,0.994018,1
D_0001534408,1,0.954191,1
D_0001534576,1,0.997390,1
D_0001534660,0,0.152967,0
D_0001535185,0,0.292996,1
D_0001535437,1,0.946932,1
D_0001535458,0,0.024330,0
D_0001535941,1,0.480927,1
D_0001538167,1,0.176851,0
D_0001538419,0,0.246061,0
D_0001538860,0,0.019497,0
D_0001538923,1,0.044754,0
D_0001539217,1,0.991744,1
D_0001539343,1,0.941189,1
D_0001539448,0,0.036803,0
D_0001539784,1,0.994099,1
D_0001540036,0,0.074848,0
D_0001540414,0,0.230444,0
D_0001540582,1,0.994579,1
D_0001541233,1,0.993721,1
D_0001541674,0,0.252896,1
D_0001541779,1,0.993483,1
D_0001541884,0,0.065566,0
D_0001542073,1,0.992961,1
D_0001542199,0,0.086817,0
D_0001542241,0,0.084038,0
D_0001542640,0,0.052502,0
D_0001542745,0,0.043045,0
D_0001543081,0,0.085565,0
D_0001543270,0,0.093766,0
D_0001543711,1,0.988945,1
D_0001543816,0,0.125494,0
D_0001544572,0,0.149877,0
D_0001545160,1,0.497223,1
D_0001545223,1,0.977714,1
D_0001545454,0,0.192107,0
D_0001545685,1,0.992050,1
D_0001545874,1,0.972332,1
D_0001545895,1,0.806571,1
D_0001546063,1,0.994955,1
D_0001546693,1,0.964676,1
D_0001546777,1,0.983286,1
D_0001546840,0,0.066556,0
D_0001547050,1,0.980853,1
D_0001547260,0,0.083142,0
D_0001547281,1,0.994866,1
D_0001547428,1,0.990462,1
D_0001547533,1,0.989518,1
D_0001548121,1,0.990474,1
D_0001548205,1,0.994190,1
D_0001548436,0,0.210357,0
D_0001548499,1,0.993626,1
D_0001548814,1,0.997676,1
D_0001549927,1,0.995521,1
D_0001550263,1,0.992829,1
D_0001550977,1,0.996777,1
D_0001551544,1,0.494890,1
D_0001551565,0,0.493005,1
D_0001551586,1,0.996347,1
D_0001551838,1,0.029915,0
D_0001551901,0,0.061433,0
D_0001551964,1,0.996503,1
D_0001552195,1,0.979349,1
D_0001552720,1,0.962988,1
D_0001552741,1,0.976894,1
D_0001552846,1,0.993112,1
D_0001552972,0,0.166216,0
D_0001553266,1,0.983886,1
D_0001553392,1,0.154086,0
D_0001553518,1,0.988984,1
D_0001553623,1,0.995506,1
D_0001554967,0,0.012403,0
D_0001554988,0,0.235771,0
D_0001555219,0,0.037645,0
D_0001555513,0,0.025948,0
D_0001555681,1,0.991601,1
D_0001556374,1,0.992335,1
D_0001557256,1,0.994766,1
D_0001557949,1,0.983914,1
D_0001558243,0,0.068447,0
D_0001559062,0,0.094734,0
D_0001559293,1,0.987176,1
D_0001560616,1,0.957101,1
D_0001560847,0,0.158783,0
D_0001561288,1,0.995567,1
D_0001561309,1,0.967211,1
D_0001561330,1,0.988460,1
D_0001561351,0,0.283195,1
D_0001561771,1,0.996055,1
D_0001562023,1,0.982697,1
D_0001562128,0,0.454562,1
D_0001562296,1,0.971789,1
D_0001562401,1,0.147792,0
D_0001562737,0,0.091968,0
D_0001563535,0,0.343870,1
D_0001563598,0,0.259631,1
D_0001563619,1,0.996551,1
D_0001563808,1,0.998281,1
D_0001564081,1,0.992681,1
D_0001564270,1,0.981621,1
D_0001564417,1,0.984526,1
D_0001565341,0,0.020538,0
D_0001565761,0,0.039231,0
D_0001565908,0,0.025372,0
D_0001566076,1,0.973492,1
D_0001566181,0,0.122220,0
D_0001567189,1,0.997104,1
D_0001567819,0,0.074087,0
D_0001568239,1,0.982681,1
D_0001568365,1,0.973888,1
D_0001568638,1,0.989199,1
D_0001568659,1,0.990982,1
D_0001568743,0,0.078399,0
D_0001568785,0,0.239188,0
D_0001568911,1,0.995416,1
D_0001569016,0,0.058879,0
D_0001569037,0,0.047815,0
D_0001569100,1,0.949767,1
D_0001569121,1,0.984204,1
D_0001569163,1,0.846372,1
D_0001569289,0,0.023150,0
D_0001569436,0,0.068409,0
D_0001569478,0,0.165255,0
D_0001569499,0,0.114755,0
D_0001570066,0,0.088288,0
D_0001570129,1,0.995422,1
D_0001570402,1,0.985110,1
D_0001570885,1,0.975060,1
D_0001571095,0,0.087797,0
D_0001571221,1,0.991062,1
D_0001571935,1,0.281548,1
D_0001572859,1,0.987994,1
D_0001572922,1,0.995652,1
D_0001573384,1,0.989135,1
D_0001573699,0,0.124566,0
D_0001573762,0,0.138888,0
D_0001573804,1,0.933361,1
D_0001573930,0,0.109004,0
D_0001574371,1,0.987242,1
D_0001575778,0,0.030902,0
D_0001575967,1,0.756359,1
D_0001576072,0,0.110130,0
D_0001576093,0,0.149407,0
D_0001576219,0,0.096822,0
D_0001576240,0,0.012008,0
D_0001576303,1,0.987165,1
D_0001576513,1,0.991064,1
D_0001576681,1,0.071784,0
D_0001576912,1,0.571397,1
D_0001576933,0,0.015730,0
D_0001577059,1,0.995832,1
D_0001577080,1,0.996594,1
D_0001577290,0,0.051559,0
D_0001577395,1,0.993087,1
D_0001577500,0,0.015413,0
D_0001577878,1,0.983765,1
D_0001577941,1,0.976308,1
D_0001578151,0,0.124049,0
D_0001578277,0,0.050118,0
D_0001578550,0,0.130151,0
D_0001578613,0,0.044313,0
D_0001578718,0,0.068614,0
D_0001579327,1,0.988581,1
D_0001579348,0,0.113123,0
D_0001579411,0,0.158935,0
D_0001579642,1,0.979439,1
D_0001579663,0,0.061780,0
D_0001580272,1,0.995110,1
D_0001580314,1,0.297631,1
D_0001580377,1,0.234040,0
D_0001580461,1,0.993311,1
D_0001580503,1,0.993771,1
D_0001580608,0,0.591744,1
D_0001580734,1,0.991594,1
D_0001581448,1,0.985553,1
D_0001581469,0,0.124851,0
D_0001581532,1,0.917301,1
D_0001581553,0,0.164827,0
D_0001581574,0,0.043563,0
D_0001582078,1,0.096603,0
D_0001582435,1,0.992311,1
D_0001582477,1,0.988455,1
D_0001583254,0,0.092128,0
D_0001583884,1,0.998421,1
D_0001583905,0,0.151054,0
D_0001584178,1,0.993396,1
D_0001584388,0,0.029464,0
D_0001584451,0,0.084588,0
D_0001584472,1,0.153487,0
D_0001584556,0,0.063963,0
D_0001584682,0,0.075525,0
D_0001584892,0,0.118250,0
D_0001585249,0,0.097603,0
D_0001585879,1,0.989794,1
D_0001586425,0,0.065965,0
D_0001586530,0,0.079350,0
D_0001586572,0,0.042574,0
D_0001586740,0,0.204819,0
D_0001586782,0,0.287706,1
D_0001587328,0,0.189299,0
D_0001587496,0,0.015099,0
D_0001587580,1,0.993295,1
D_0001587769,1,0.994242,1
D_0001587895,1,0.898716,1
D_0001588126,0,0.079161,0
D_0001588336,1,0.996552,1
D_0001588441,1,0.994555,1
D_0001588546,1,0.996191,1
D_0001588924,0,0.133249,0
D_0001589113,0,0.118584,0
D_0001589617,1,0.306047,1
D_0001589680,0,0.082636,0
D_0001590247,1,0.983830,1
D_0001590331,0,0.212405,0
D_0001590730,0,0.069902,0
D_0001591108,1,0.887437,1
D_0001591381,0,0.146139,0
D_0001591444,0,0.049886,0
D_0001592221,1,0.068471,0
D_0001592347,1,0.996140,1
D_0001592578,0,0.066631,0
D_0001593166,1,0.983716,1
D_0001593418,0,0.075853,0
D_0001593439,1,0.085723,0
D_0001593628,1,0.988016,1
D_0001593691,0,0.021673,0
D_0001594174,1,0.993851,1
D_0001594804,1,0.989673,1
D_0001595035,0,0.154129,0
D_0001595875,0,0.280968,1
D_0001596358,1,0.992542,1
D_0001596631,0,0.119368,0
D_0001597513,1,0.987261,1
D_0001597723,0,0.036828,0
D_0001598080,0,0.139401,0
D_0001598143,1,0.992984,1
D_0001598164,0,0.217329,0
D_0001598437,1,0.954657,1
D_0001598668,1,0.996616,1
D_0001598710,1,0.989323,1
D_0001598815,1,0.997761,1
D_0001598836,1,0.993293,1
D_0001598941,0,0.055529,0
D_0001599046,1,0.992671,1
D_0001599193,0,0.039118,0
D_0001599256,1,0.992993,1
D_0001599319,1,0.956077,1
D_0001599634,0,0.015530,0
D_0001600663,1,0.975751,1
D_0001600768,0,0.055989,0
D_0001601335,1,0.975844,1
D_0001601419,0,0.049146,0
D_0001601671,0,0.019339,0
D_0001601797,0,0.186135,0
D_0001602154,1,0.106496,0
D_0001603078,0,0.009199,0
D_0001603435,0,0.083484,0
D_0001603477,1,0.142253,0
D_0001603498,0,0.196750,0
D_0001603582,1,0.737276,1
D_0001603687,1,0.991566,1
D_0001604065,1,0.294161,1
D_0001604254,1,0.997729,1
D_0001604317,0,0.089563,0
D_0001604884,1,0.992444,1
D_0001604926,0,0.737656,1
D_0001605031,0,0.284227,1
D_0001605073,1,0.993895,1
D_0001605241,1,0.915063,1
D_0001606564,0,0.092664,0
D_0001606711,0,0.281880,1
D_0001606774,0,0.030536,0
D_0001607005,0,0.086067,0
D_0001607236,0,0.622038,1
D_0001607257,1,0.124370,0
D_0001607404,0,0.075131,0
D_0001607509,0,0.029487,0
D_0001608076,1,0.940599,1
D_0001608286,0,0.179530,0
D_0001608643,1,0.991337,1
D_0001608769,1,0.994523,1
D_0001608958,0,0.045903,0
D_0001609420,1,0.995223,1
D_0001610071,0,0.140544,0
D_0001610281,0,0.052372,0
D_0001610890,0,0.120963,0
D_0001611352,0,0.113685,0
D_0001611520,1,0.994036,1
D_0001612297,0,0.165361,0
D_0001612423,0,0.015118,0
D_0001613011,0,0.071452,0
D_0001613095,1,0.993972,1
D_0001613116,1,0.995652,1
D_0001614082,1,0.995636,1
D_0001614418,0,0.105750,0
D_0001614544,1,0.306058,1
D_0001614775,0,0.082177,0
D_0001614859,1,0.992389,1
D_0001614922,0,0.078059,0
D_0001615006,1,0.994701,1
D_0001615573,0,0.048458,0
D_0001615594,0,0.053642,0
D_0001615699,0,0.134206,0
D_0001615888,0,0.439571,1
D_0001615930,0,0.198785,0
D_0001616119,1,0.995080,1
D_0001616539,0,0.050064,0
D_0001616686,1,0.992450,1
D_0001616770,1,0.176712,0
D_0001617862,1,0.994279,1
D_0001617967,1,0.918749,1
D_0001618198,1,0.975575,1
D_0001618450,1,0.989830,1
D_0001618702,0,0.057885,0
D_0001618975,1,0.993149,1
D_0001618996,1,0.953742,1
D_0001619164,0,0.071992,0
D_0001619185,1,0.964542,1
D_0001619353,0,0.075519,0
D_0001619416,0,0.097090,0
D_0001620088,1,0.994552,1
D_0001620193,1,0.993468,1
D_0001620340,0,0.023200,0
D_0001620403,0,0.078025,0
D_0001620739,0,0.186226,0
D_0001620970,0,0.029007,0
D_0001621516,1,0.979978,1
D_0001621621,1,0.997147,1
D_0001621705,0,0.117717,0
D_0001621810,0,0.137590,0
D_0001621852,0,0.085854,0
D_0001622272,0,0.075079,0
D_0001622440,1,0.981066,1
D_0001622482,1,0.994047,1
D_0001622524,1,0.933448,1
D_0001622566,0,0.065846,0
D_0001622881,1,0.952172,1
D_0001623028,1,0.222997,0
D_0001623217,1,0.981749,1
D_0001623553,1,0.983012,1
D_0001624015,0,0.051252,0
D_0001624561,1,0.995460,1
D_0001624645,1,0.994620,1
D_0001624750,0,0.218877,0
D_0001625023,0,0.150603,0
D_0001625107,0,0.249428,0
D_0001625338,0,0.117956,0
D_0001625800,1,0.353424,1
D_0001625884,0,0.058274,0
D_0001625926,0,0.054923,0
D_0001626199,0,0.115482,0
D_0001626766,1,0.983555,1
D_0001627165,1,0.989083,1
D_0001627879,1,0.959068,1
D_0001628068,0,0.090751,0
D_0001628446,0,0.100123,0
D_0001628614,1,0.990785,1
D_0001628677,0,0.091755,0
D_0001628971,1,0.984075,1
D_0001629181,1,0.993531,1
D_0001629475,0,0.142484,0
D_0001629769,0,0.097490,0
D_0001629937,0,0.074215,0
D_0001630252,1,0.155795,0
D_0001630336,1,0.988429,1
D_0001630399,1,0.990611,1
D_0001630525,0,0.037505,0
D_0001630924,1,0.994559,1
D_0001631323,1,0.993889,1
D_0001631491,1,0.953804,1
D_0001631680,1,0.983507,1
D_0001631848,1,0.989083,1
D_0001632352,1,0.927299,1
D_0001632373,0,0.157944,0
D_0001632730,0,0.056895,0
D_0001632961,1,0.996638,1
D_0001633675,1,0.993778,1
D_0001634389,0,0.163682,0
D_0001635103,1,0.997222,1
D_0001635670,1,0.826268,1
D_0001635712,0,0.093089,0
D_0001635859,1,0.995471,1
D_0001636258,1,0.990673,1
D_0001636342,1,0.971890,1
D_0001636426,1,0.977145,1
D_0001636846,0,0.170070,0
D_0001637077,0,0.232429,0
D_0001637917,1,0.995523,1
D_0001638022,1,0.995512,1
D_0001638064,1,0.948457,1
D_0001638106,1,0.994627,1
D_0001638274,1,0.993645,1
D_0001638358,0,0.079490,0
D_0001638631,1,0.983243,1
D_0001638652,0,0.055263,0
D_0001639051,1,0.991359,1
D_0001639261,0,0.020767,0
D_0001639597,1,0.973938,1
D_0001639618,0,0.076114,0
D_0001639849,1,0.997228,1
D_0001640794,0,0.162091,0
D_0001640899,0,0.099568,0
D_0001640941,0,0.049406,0
D_0001640962,1,0.195186,0
D_0001641109,0,0.069662,0
D_0001641424,1,0.116971,0
D_0001641487,1,0.984312,1
D_0001641613,0,0.108288,0
D_0001641676,1,0.990036,1
D_0001641928,1,0.983651,1
D_0001642054,0,0.105286,0
D_0001642222,0,0.406020,1
D_0001642264,1,0.991708,1
D_0001642411,1,0.993218,1
D_0001642474,0,0.057834,0
D_0001642789,0,0.138202,0
D_0001644028,0,0.230234,0
D_0001644553,0,0.364859,1
D_0001644847,0,0.044425,0
D_0001644868,0,0.146592,0
D_0001645015,0,0.070716,0
D_0001645120,1,0.996967,1
D_0001645393,1,0.970432,1
D_0001645414,1,0.996217,1
D_0001646506,1,0.996966,1
D_0001646842,0,0.068800,0
D_0001646926,0,0.115701,0
D_0001646947,1,0.083514,0
D_0001647283,1,0.988068,1
D_0001647556,1,0.996286,1
D_0001647766,1,0.971577,1
D_0001648438,1,0.995741,1
D_0001649110,0,0.046759,0
D_0001649131,1,0.988011,1
D_0001649257,1,0.253666,1
D_0001649278,0,0.078707,0
D_0001649908,1,0.989233,1
D_0001650118,1,0.987495,1
D_0001650370,1,0.998417,1
D_0001650580,0,0.044198,0
D_0001650727,0,0.057482,0
D_0001650748,1,0.987307,1
D_0001651567,0,0.191733,0
D_0001652281,1,0.983371,1
D_0001652449,1,0.988708,1
D_0001652785,0,0.078305,0
D_0001653100,1,0.996804,1
D_0001653940,1,0.990146,1
D_0001654024,0,0.012668,0
D_0001654885,1,0.998575,1
D_0001655074,0,0.009172,0
D_0001655263,0,0.056218,0
D_0001656670,1,0.977903,1
D_0001657279,1,0.975265,1
D_0001657300,0,0.094339,0
D_0001657321,1,0.996207,1
D_0001657342,0,0.161474,0
D_0001657489,0,0.007088,0
D_0001657615,1,0.997703,1
D_0001658329,0,0.034906,0
D_0001658476,1,0.987927,1
D_0001658518,1,0.989678,1
D_0001658917,0,0.129683,0
D_0001658959,0,0.040525,0
D_0001659232,0,0.053937,0
D_0001659295,1,0.987497,1
D_0001659547,1,0.992479,1
D_0001659694,0,0.186041,0
D_0001660093,0,0.072890,0
D_0001660618,1,0.990666,1
D_0001660681,0,0.000082,0
D_0001661248,0,0.085756,0
D_0001661794,0,0.099727,0
D_0001662676,1,0.032485,0
D_0001662802,1,0.995893,1
D_0001662970,0,0.050096,0
D_0001663390,0,0.154267,0
D_0001663579,0,0.243721,0
D_0001663936,1,0.984805,1
D_0001664104,1,0.850363,1
D_0001664587,0,0.141907,0
D_0001665448,1,0.994267,1
D_0001665574,1,0.990650,1
D_0001665637,0,0.199394,0
D_0001665805,1,0.046641,0
D_0001666015,0,0.279169,1
D_0001666792,1,0.991330,1
D_0001666960,1,0.990615,1
D_0001667275,1,0.982747,1
D_0001667422,0,0.354316,1
D_0001667632,1,0.998528,1
D_0001668178,0,0.059349,0
D_0001668199,0,0.214185,0
D_0001668262,1,0.995840,1
D_0001668619,1,0.993961,1
D_0001668724,0,0.290413,1
D_0001669081,1,0.997436,1
D_0001669144,1,0.287393,1
D_0001669480,1,0.970999,1
D_0001670131,0,0.615992,1
D_0001670278,1,0.871089,1
D_0001670404,0,0.477207,1
D_0001670635,0,0.312223,1
D_0001671076,0,0.217963,0
D_0001671097,0,0.068890,0
D_0001671118,0,0.040299,0
D_0001671181,0,0.123034,0
D_0001671244,1,0.995980,1
D_0001671622,1,0.992155,1
D_0001672672,1,0.983460,1
D_0001672735,0,0.120997,0
D_0001673428,0,0.105535,0
D_0001673659,1,0.955810,1
D_0001673932,1,0.985139,1
D_0001674184,0,0.018209,0
D_0001674751,0,0.098393,0
D_0001674814,1,0.984865,1
D_0001675234,1,0.072461,0
D_0001675255,0,0.576578,1
D_0001675465,1,0.987834,1
D_0001675549,0,0.124371,0
D_0001675822,1,0.996696,1
D_0001676074,0,0.062351,0
D_0001676263,1,0.988549,1
D_0001676326,0,0.145272,0
D_0001676431,1,0.994287,1
D_0001676494,0,0.021635,0
D_0001676767,1,0.995402,1
D_0001677250,0,0.018665,0
D_0001677376,1,0.984538,1
D_0001677796,1,0.980904,1
D_0001678069,1,0.994418,1
D_0001678090,1,0.992786,1
D_0001678111,0,0.057102,0
D_0001678636,0,0.103618,0
D_0001679728,0,0.045328,0
D_0001680127,1,0.996502,1
D_0001680253,0,0.134513,0
D_0001680379,0,0.052736,0
D_0001680400,0,0.100079,0
D_0001680442,1,0.957906,1
D_0001680526,1,0.991602,1
D_0001680589,0,0.258189,1
D_0001680946,1,0.989649,1
D_0001681828,1,0.988869,1
D_0001681954,1,0.996321,1
D_0001682206,1,0.222416,0
D_0001682458,0,0.122383,0
D_0001682689,0,0.052817,0
D_0001683004,1,0.992616,1
D_0001683235,1,0.993665,1
D_0001683424,0,0.014310,0
D_0001683907,1,0.988709,1
D_0001684054,1,0.992142,1
D_0001684117,0,0.125412,0
D_0001684201,0,0.204593,0
D_0001684621,1,0.908811,1
D_0001684873,1,0.992001,1
D_0001686217,0,0.053511,0
D_0001686805,0,0.092522,0
D_0001686868,1,0.993361,1
D_0001686910,1,0.968979,1
D_0001687561,1,0.896679,1
D_0001688170,0,0.123918,0
D_0001688212,0,0.034916,0
D_0001688548,0,0.013015,0
D_0001688800,1,0.997448,1
D_0001688821,1,0.988056,1
D_0001688863,0,0.000001,0
D_0001688947,1,0.991823,1
D_0001689661,1,0.994689,1
D_0001689745,1,0.987118,1
D_0001690963,0,0.122514,0
D_0001691068,0,0.094936,0
D_0001691383,1,0.924206,1
D_0001691530,0,0.013030,0
D_0001692370,0,0.129602,0
D_0001692433,1,0.054571,0
D_0001692937,0,0.082290,0
D_0001692979,0,0.083964,0
D_0001693714,1,0.993997,1
D_0001693840,1,0.269267,1
D_0001693924,0,0.262786,1
D_0001693945,1,0.955407,1
D_0001694050,1,0.340967,1
D_0001694155,0,0.033650,0
D_0001694197,0,0.317979,1
D_0001695184,1,0.990254,1
D_0001695436,1,0.971871,1
D_0001695877,0,0.178206,0
D_0001696066,0,0.065048,0
D_0001696171,1,0.994881,1
D_0001696192,1,0.994648,1
D_0001696276,1,0.995334,1
D_0001696843,0,0.057641,0
D_0001697242,0,0.320537,1
D_0001697809,1,0.993282,1
D_0001698187,0,0.050692,0
D_0001698313,0,0.019269,0
D_0001698418,1,0.962434,1
D_0001699111,0,0.025384,0
D_0001699279,0,0.161679,0
D_0001699657,0,0.009620,0
D_0001699951,1,0.989545,1
D_0001700056,0,0.085091,0
D_0001700266,0,0.100940,0
D_0001700686,0,0.048436,0
D_0001700728,1,0.994838,1
D_0001700854,0,0.127971,0
D_0001701295,0,0.015039,0
D_0001701337,1,0.995046,1
D_0001701673,1,0.996300,1
D_0001701694,1,0.315284,1
D_0001701904,0,0.025659,0
D_0001702450,1,0.998513,1
D_0001702555,0,0.070123,0
D_0001702954,0,0.006114,0
D_0001703038,0,0.049307,0
D_0001703332,1,0.993124,1
D_0001703458,0,0.148615,0
D_0001703542,1,0.996702,1
D_0001703605,1,0.990262,1
D_0001703752,0,0.144937,0
D_0001703815,0,0.049015,0
D_0001703836,1,0.997432,1
D_0001703920,1,0.994338,1
D_0001704067,1,0.056811,0
D_0001704655,1,0.982315,1
D_0001704718,0,0.117191,0
D_0001704760,0,0.132840,0
D_0001704781,0,0.115451,0
D_0001705810,1,0.991932,1
D_0001706272,0,0.121043,0
D_0001706524,1,0.946707,1
D_0001706776,1,0.994189,1
D_0001706923,0,0.192217,0
D_0001707154,1,0.993579,1
D_0001708267,0,0.046137,0
D_0001708477,0,0.057151,0
D_0001708519,0,0.066389,0
D_0001708645,1,0.986961,1
D_0001709065,1,0.956275,1
D_0001709086,0,0.008237,0
D_0001709443,0,0.078099,0
D_0001709989,0,0.047957,0
D_0001710325,1,0.969977,1
D_0001710682,1,0.993878,1
D_0001711585,1,0.994611,1
D_0001711900,1,0.990895,1
D_0001711921,0,0.053952,0
D_0001712068,0,0.011284,0
D_0001712152,1,0.979509,1
D_0001712173,0,0.112586,0
D_0001712194,0,0.053725,0
D_0001712257,0,0.254015,1
D_0001712362,1,0.988459,1
D_0001712404,0,0.005593,0
D_0001713685,0,0.067391,0
D_0001713790,0,0.003153,0
D_0001713958,0,0.010019,0
D_0001713979,1,0.997587,1
D_0001714021,0,0.265647,1
D_0001714651,0,0.078272,0
D_0001714882,1,0.992284,1
D_0001714924,0,0.068839,0
D_0001714945,1,0.106563,0
D_0001715197,1,0.995292,1
D_0001716541,1,0.990253,1
D_0001716730,1,0.927625,1
D_0001716772,1,0.994329,1
D_0001717822,1,0.988677,1
D_0001717906,0,0.150815,0
D_0001717948,1,0.950372,1
D_0001718578,1,0.303683,1
D_0001718599,0,0.191871,0
D_0001718914,1,0.990103,1
D_0001719082,1,0.534828,1
D_0001719712,0,0.005074,0
D_0001719817,0,0.069436,0
D_0001719880,0,0.053824,0
D_0001720195,0,0.229080,0
D_0001720720,1,0.991447,1
D_0001720825,0,0.047408,0
D_0001721098,0,0.013736,0
D_0001721497,1,0.990882,1
D_0001721833,1,0.991601,1
D_0001721875,1,0.995250,1
D_0001722442,0,0.151100,0
D_0001722463,0,0.244242,0
D_0001722631,0,0.027963,0
D_0001722820,0,0.131072,0
D_0001722841,0,0.206426,0
D_0001723009,1,0.276453,1
D_0001723450,0,0.397219,1
D_0001723891,1,0.992900,1
D_0001723912,1,0.996029,1
D_0001724101,0,0.049292,0
D_0001724164,0,0.100628,0
D_0001724290,1,0.983902,1
D_0001725067,1,0.987483,1
D_0001725088,1,0.993660,1
D_0001725949,0,0.076123,0
D_0001726054,0,0.437726,1
D_0001726180,1,0.086781,0
D_0001726810,0,0.106827,0
D_0001726915,1,0.995613,1
D_0001727272,1,0.994571,1
D_0001727293,0,0.088179,0
D_0001727314,1,0.139894,0
D_0001727839,1,0.978337,1
D_0001728889,0,0.029984,0
D_0001729078,1,0.683431,1
D_0001729393,1,0.974364,1
D_0001729708,0,0.084148,0
D_0001729729,1,0.993404,1
D_0001729771,0,0.110692,0
D_0001730044,0,0.150144,0
D_0001730716,1,0.995436,1
D_0001732354,0,0.109501,0
D_0001732837,1,0.993652,1
D_0001733215,1,0.738236,1
D_0001733320,0,0.262123,1
D_0001733362,0,0.099454,0
D_0001733488,1,0.989305,1
D_0001733866,0,0.014617,0
D_0001733908,0,0.037031,0
D_0001734223,1,0.090892,0
D_0001734349,1,0.246382,0
D_0001734454,1,0.992297,1
D_0001734874,1,0.946370,1
D_0001735000,1,0.992276,1
D_0001735588,1,0.989530,1
D_0001735777,1,0.992295,1
D_0001735987,1,0.964011,1
D_0001736197,0,0.480982,1
D_0001736218,1,0.967579,1
D_0001736533,1,0.988212,1
D_0001736575,1,0.995950,1
D_0001736764,1,0.983423,1
D_0001736848,0,0.167524,0
D_0001737016,1,0.993413,1
D_0001737520,1,0.983728,1
D_0001737541,0,0.104337,0
D_0001737646,1,0.955630,1
D_0001737709,1,0.939493,1
D_0001738024,0,0.025783,0
D_0001738381,0,0.127732,0
D_0001738486,1,0.741638,1
D_0001738948,1,0.976992,1
D_0001739326,0,0.164261,0
D_0001739347,1,0.969695,1
D_0001740355,0,0.299861,1
D_0001740439,0,0.193409,0
D_0001740607,0,0.006047,0
D_0001741090,1,0.992192,1
D_0001741153,0,0.107399,0
D_0001741216,1,0.979724,1
D_0001741237,1,0.994601,1
D_0001741279,1,0.992165,1
D_0001741804,1,0.973098,1
D_0001742938,1,0.980477,1
D_0001743169,1,0.984800,1
D_0001743568,1,0.959808,1
D_0001743631,1,0.995957,1
D_0001744240,0,0.369724,1
D_0001744639,1,0.203760,0
D_0001744912,0,0.003972,0
D_0001745269,0,0.040584,0
D_0001745752,0,0.145400,0
D_0001745941,1,0.986428,1
D_0001746340,0,0.016927,0
D_0001746382,0,0.082375,0
D_0001746718,0,0.084819,0
D_0001747327,1,0.985950,1
D_0001747348,1,0.995588,1
D_0001747432,0,0.039973,0
D_0001748377,0,0.011367,0
D_0001748398,0,0.345665,1
D_0001748839,0,0.185476,0
D_0001749343,1,0.992598,1
D_0001749364,0,0.145911,0
D_0001749805,0,0.090701,0
D_0001749889,1,0.995859,1
D_0001750120,0,0.003679,0
D_0001750855,0,0.137906,0
D_0001751128,1,0.108253,0
D_0001751149,0,0.070842,0
D_0001751380,1,0.995343,1
D_0001751926,1,0.814339,1
D_0001751989,1,0.995458,1
D_0001752892,0,0.159283,0
D_0001753270,1,0.990488,1
D_0001754467,0,0.095449,0
D_0001754614,0,0.165370,0
D_0001755160,0,0.134317,0
D_0001755622,0,0.100453,0
D_0001755664,1,0.985746,1
D_0001755685,0,0.230983,0
D_0001755832,1,0.991883,1
D_0001756588,1,0.974276,1
D_0001756672,1,0.873236,1
D_0001757323,0,0.015515,0
D_0001757428,1,0.986221,1
D_0001758058,1,0.991417,1
D_0001758310,0,0.159935,0
D_0001758499,0,0.148977,0
D_0001758562,1,0.995439,1
D_0001758625,0,0.016560,0
D_0001758877,1,0.364723,1
D_0001759528,1,0.981073,1
D_0001759675,0,0.130998,0
D_0001759801,0,0.032468,0
D_0001760158,0,0.056505,0
D_0001760368,1,0.990370,1
D_0001761040,0,0.213806,0
D_0001761187,0,0.026750,0
D_0001762615,0,0.075171,0
D_0001762636,1,0.998731,1
D_0001763140,1,0.990543,1
D_0001763707,1,0.216734,0
D_0001763728,0,0.078462,0
D_0001763749,0,0.138918,0
D_0001763812,0,0.202378,0
D_0001764358,0,0.024761,0
D_0001764379,0,0.102194,0
D_0001764673,1,0.364317,1
D_0001765030,0,0.002828,0
D_0001765576,0,0.185674,0
D_0001765765,0,0.062037,0
D_0001765975,1,0.986071,1
D_0001766521,1,0.993777,1
D_0001766752,0,0.030789,0
D_0001766941,1,0.988118,1
D_0001767109,0,0.136798,0
D_0001767403,0,0.164774,0
D_0001767697,1,0.992819,1
D_0001768075,0,0.039866,0
D_0001768348,1,0.991048,1
D_0001768768,0,0.361742,1
D_0001768957,1,0.946317,1
D_0001769041,1,0.987343,1
D_0001769251,0,0.238561,0
D_0001769293,1,0.980569,1
D_0001769377,1,0.984116,1
D_0001770721,1,0.253457,1
D_0001770784,1,0.075868,0
D_0001770826,1,0.996614,1
D_0001770952,0,0.015953,0
D_0001771078,1,0.994378,1
D_0001771498,1,0.988867,1
D_0001771519,0,0.330054,1
D_0001771960,1,0.998194,1
D_0001772086,0,0.059787,0
D_0001772128,1,0.994640,1
D_0001772779,0,0.241068,0
D_0001773178,0,0.019870,0
D_0001773346,1,0.993555,1
D_0001773409,1,0.996271,1
D_0001773598,1,0.751768,1
D_0001773892,1,0.996622,1
D_0001774081,1,0.994476,1
D_0001774627,1,0.982447,1
D_0001774795,0,0.078736,0
D_0001774921,1,0.988382,1
D_0001775173,1,0.183422,0
D_0001775572,1,0.325161,1
D_0001776286,0,0.099575,0
D_0001776475,0,0.107026,0
D_0001776622,0,0.131039,0
D_0001776895,1,0.995698,1
D_0001776979,0,0.005809,0
D_0001777231,0,0.518575,1
D_0001777483,0,0.351100,1
D_0001777651,1,0.284148,1
D_0001777903,1,0.987197,1
D_0001778239,1,0.979037,1
D_0001778428,1,0.995918,1
D_0001778659,1,0.989501,1
D_0001778785,0,0.092359,0
D_0001778806,0,0.226110,0
D_0001778848,0,0.158610,0
D_0001778911,0,0.200093,0
D_0001779037,0,0.044275,0
D_0001779415,1,0.989043,1
D_0001779562,1,0.994133,1
D_0001779730,0,0.024989,0
D_0001781473,1,0.992445,1
D_0001781683,0,0.055729,0
D_0001781872,0,0.055217,0
D_0001782418,0,0.207714,0
D_0001783237,1,0.107097,0
D_0001783846,0,0.290051,1
D_0001784266,0,0.114969,0
D_0001784560,1,0.992002,1
D_0001784980,1,0.959163,1
D_0001785610,1,0.975824,1
D_0001786429,0,0.012237,0
D_0001786492,1,0.997803,1
D_0001786576,1,0.936484,1
D_0001786765,1,0.993538,1
D_0001786807,1,0.116026,0
D_0001787458,1,0.994162,1
D_0001787605,1,0.993736,1
D_0001787962,1,0.991898,1
D_0001788151,1,0.973057,1
D_0001788172,1,0.989206,1
D_0001788277,1,0.997076,1
D_0001788613,0,0.068611,0
D_0001788949,1,0.998001,1
D_0001788970,1,0.997516,1
D_0001789096,0,0.083833,0
D_0001789432,1,0.990077,1
D_0001789558,0,0.065290,0
D_0001789936,1,0.974217,1
D_0001791007,0,0.135218,0
D_0001791049,1,0.973011,1
D_0001791406,1,0.985634,1
D_0001791742,0,0.043128,0
D_0001792246,1,0.152647,0
D_0001792582,0,0.053192,0
D_0001793632,1,0.983872,1
D_0001794241,0,0.130618,0
D_0001794262,1,0.135124,0
D_0001794346,0,0.038128,0
D_0001794556,1,0.997294,1
D_0001795270,1,0.984959,1
D_0001795375,1,0.993882,1
D_0001795942,0,0.166565,0
D_0001795963,1,0.983845,1
D_0001796110,1,0.992367,1
D_0001796278,1,0.985499,1
D_0001796551,1,0.996231,1
D_0001796887,0,0.136757,0
D_0001797433,1,0.994679,1
D_0001797811,1,0.970622,1
D_0001799533,1,0.996424,1
D_0001799596,0,0.060542,0
D_0001800079,0,0.135895,0
D_0001800268,0,0.146893,0
D_0001800541,1,0.989415,1
D_0001801108,0,0.077379,0
D_0001801696,1,0.990043,1
D_0001801738,1,0.995486,1
D_0001801759,1,0.995935,1
D_0001802116,1,0.993272,1
D_0001802158,1,0.961917,1
D_0001802179,1,0.973217,1
D_0001802221,1,0.951784,1
D_0001802452,0,0.106184,0
D_0001803796,1,0.969256,1
D_0001803985,0,0.072458,0
D_0001804027,0,0.046002,0
D_0001804237,1,0.988299,1
D_0001804279,0,0.068207,0
D_0001804741,1,0.991695,1
D_0001804993,0,0.061978,0
D_0001805056,0,0.040083,0
D_0001805413,1,0.941314,1
D_0001805434,1,0.075359,0
D_0001805476,0,0.070069,0
D_0001805686,1,0.971495,1
D_0001806589,0,0.020982,0
D_0001806799,0,0.402650,1
D_0001806967,1,0.981505,1
D_0001807051,1,0.913950,1
D_0001807450,0,0.030248,0
D_0001807597,0,0.174242,0
D_0001807975,1,0.994014,1
D_0001808458,1,0.994965,1
D_0001808605,1,0.986979,1
D_0001808983,0,0.061069,0
D_0001809424,0,0.201028,0
D_0001809508,1,0.963531,1
D_0001809550,0,0.100412,0
D_0001809676,0,0.057410,0
D_0001809781,1,0.994786,1
D_0001810348,1,0.990958,1
D_0001810432,1,0.996488,1
D_0001810453,0,0.088483,0
D_0001810852,1,0.991442,1
D_0001811104,0,0.082194,0
D_0001811314,0,0.051065,0
D_0001811482,1,0.997450,1
D_0001811629,0,0.518767,1
D_0001811797,1,0.990360,1
D_0001811839,1,0.997363,1
D_0001812595,1,0.997259,1
D_0001812700,0,0.044580,0
D_0001813036,1,0.995883,1
D_0001813078,1,0.990706,1
D_0001813162,0,0.046327,0
D_0001814044,0,0.130552,0
D_0001814149,0,0.070265,0
D_0001814233,0,0.042267,0
D_0001814317,1,0.992596,1
D_0001814674,1,0.985609,1
D_0001814716,1,0.985642,1
D_0001814989,0,0.072387,0
D_0001815199,0,0.299059,1
D_0001815304,0,0.073495,0
D_0001815388,0,0.001950,0
D_0001815682,0,0.117310,0
D_0001815787,0,0.062020,0
D_0001815955,0,0.096929,0
D_0001816186,0,0.231380,0
D_0001816249,1,0.992342,1
D_0001817068,0,0.132010,0
D_0001817131,0,0.028092,0
D_0001817446,1,0.992673,1
D_0001818055,1,0.997539,1
D_0001818391,1,0.251751,1
D_0001818454,1,0.941989,1
D_0001818622,0,0.215233,0
D_0001820113,0,0.039214,0
D_0001820407,0,0.294570,1
D_0001820575,1,0.990208,1
D_0001820869,0,0.202066,0
D_0001821352,1,0.996106,1
D_0001822129,1,0.993831,1
D_0001822486,0,0.079411,0
D_0001823053,1,0.996764,1
D_0001823179,0,0.108181,0
D_0001823452,1,0.948352,1
D_0001823683,0,0.310836,1
D_0001824250,1,0.995847,1
D_0001824418,1,0.991258,1
D_0001824859,1,0.994885,1
D_0001825321,0,0.026883,0
D_0001825510,1,0.994876,1
D_0001825846,0,0.078163,0
D_0001826098,0,0.021483,0
D_0001826896,1,0.268590,1
D_0001827295,1,0.993639,1
D_0001827526,0,0.303542,1
D_0001827610,1,0.991557,1
D_0001828030,0,0.082818,0
D_0001828660,1,0.994838,1
D_0001828702,0,0.037003,0
D_0001829185,1,0.988528,1
D_0001829290,0,0.201176,0
D_0001830088,1,0.994624,1
D_0001830130,1,0.994041,1
D_0001830193,1,0.991768,1
D_0001830214,1,0.657055,1
D_0001830403,1,0.997319,1
D_0001830865,1,0.996419,1
D_0001830928,0,0.347164,1
D_0001831033,1,0.996154,1
D_0001831537,0,0.112271,0
D_0001831579,1,0.997152,1
D_0001831936,0,0.468065,1
D_0001832377,0,0.138072,0
D_0001832692,1,0.990145,1
D_0001833091,1,0.992083,1
D_0001833826,0,0.068206,0
D_0001834057,1,0.990658,1
D_0001834372,1,0.995023,1
D_0001834645,0,0.097206,0
D_0001834918,1,0.995481,1
D_0001834939,0,0.182780,0
D_0001835170,0,0.068995,0
D_0001835191,0,0.161769,0
D_0001836157,1,0.964706,1
D_0001836514,0,0.034423,0
D_0001836577,0,0.431276,1
D_0001836829,0,0.054864,0
D_0001837543,1,0.988231,1
D_0001837564,1,0.994924,1
D_0001838635,1,0.994491,1
D_0001838656,0,0.002809,0
D_0001838740,1,0.417755,1
D_0001839034,1,0.997974,1
D_0001839097,1,0.995754,1
D_0001839223,0,0.305067,1
D_0001839328,1,0.996289,1
D_0001839601,1,0.212683,0
D_0001839811,0,0.052699,0
D_0001840063,1,0.975648,1
D_0001840294,1,0.990569,1
D_0001840315,0,0.059946,0
D_0001840462,1,0.985393,1
D_0001840588,0,0.091562,0
D_0001840609,1,0.993822,1
D_0001840756,1,0.987742,1
D_0001840798,0,0.046174,0
D_0001841029,0,0.167881,0
D_0001841533,0,0.092244,0
D_0001841638,1,0.992372,1
D_0001842352,0,0.061042,0
D_0001842394,0,0.027910,0
D_0001842562,1,0.996914,1
D_0001842688,1,0.998372,1
D_0001842709,0,0.022179,0
D_0001842961,1,0.990049,1
D_0001843003,1,0.130809,0
D_0001843696,1,0.991664,1
D_0001843738,1,0.984458,1
D_0001843885,1,0.943854,1
D_0001844032,1,0.962480,1
D_0001844200,0,0.013234,0
D_0001844515,0,0.064196,0
D_0001844557,1,0.993573,1
D_0001844599,1,0.994174,1
D_0001845103,1,0.994469,1
D_0001845334,0,0.079749,0
D_0001845397,1,0.994153,1
D_0001845481,1,0.997078,1
D_0001845817,0,0.050470,0
D_0001846090,0,0.088918,0
D_0001846153,0,0.039855,0
D_0001846615,1,0.992713,1
D_0001847161,0,0.645712,1
D_0001847224,1,0.974492,1
D_0001847728,1,0.986767,1
D_0001848274,0,0.008065,0
D_0001848316,1,0.983230,1
D_0001848400,1,0.966338,1
D_0001849030,0,0.118706,0
D_0001849303,1,0.996743,1
D_0001849450,1,0.993792,1
D_0001849870,1,0.992827,1
D_0001850143,1,0.996050,1
D_0001850500,0,0.244632,0
D_0001850584,1,0.993555,1
D_0001851319,0,0.075891,0
D_0001851550,1,0.417023,1
D_0001851718,1,0.041719,0
D_0001851823,1,0.889605,1
D_0001851844,0,0.151582,0
D_0001851907,1,0.991742,1
D_0001852327,1,0.995164,1
D_0001852390,0,0.055017,0
D_0001852747,1,0.088376,0
D_0001853041,1,0.474297,1
D_0001853125,1,0.673998,1
D_0001853377,1,0.102061,0
D_0001853566,0,0.073672,0
D_0001853650,1,0.991130,1
D_0001853923,1,0.995042,1
D_0001854364,1,0.294361,1
D_0001854574,0,0.096384,0
D_0001854931,0,0.039123,0
D_0001855162,1,0.991187,1
D_0001855435,1,0.994966,1
D_0001855456,1,0.965223,1
D_0001855519,1,0.831544,1
D_0001855729,0,0.052390,0
D_0001855750,1,0.996335,1
D_0001856107,0,0.168342,0
D_0001856275,1,0.992853,1
D_0001856296,0,0.107162,0
D_0001856506,1,0.992327,1
D_0001856527,0,0.014245,0
D_0001857787,1,0.996955,1
D_0001858900,0,0.036007,0
D_0001858942,0,0.118632,0
D_0001859257,1,0.979465,1
D_0001859362,0,0.037883,0
D_0001859425,0,0.054250,0
D_0001859971,0,0.059862,0
D_0001860286,1,0.957250,1
D_0001861294,1,0.451954,1
D_0001861399,1,0.997741,1
D_0001861588,1,0.996376,1
D_0001861756,1,0.991924,1
D_0001862407,0,0.061634,0
D_0001862470,1,0.986730,1
D_0001862575,0,0.247839,0
D_0001862596,1,0.200597,0
D_0001862638,0,0.047428,0
D_0001862659,0,0.122615,0
D_0001863163,1,0.989262,1
D_0001863331,0,0.049573,0
D_0001863709,1,0.993533,1
D_0001864192,1,0.989912,1
D_0001864297,0,0.169057,0
D_0001864549,1,0.847553,1
D_0001864717,1,0.992643,1
D_0001864780,1,0.992962,1
D_0001864801,0,0.057141,0
D_0001864948,0,0.028732,0
D_0001865137,1,0.470582,1
D_0001865284,1,0.535973,1
D_0001865536,1,0.998238,1
D_0001865578,1,0.982281,1
D_0001865851,1,0.996747,1
D_0001866565,0,0.047648,0
D_0001867174,0,0.055134,0
D_0001867426,1,0.969070,1
D_0001867468,1,0.986204,1
D_0001867531,0,0.017885,0
D_0001867930,1,0.985067,1
D_0001868644,0,0.238733,0
D_0001868707,1,0.008741,0
D_0001869085,1,0.993834,1
D_0001869316,1,0.379346,1
D_0001869337,1,0.986664,1
D_0001869547,1,0.997682,1
D_0001869694,1,0.980679,1
D_0001870198,1,0.292272,1
D_0001870366,1,0.972537,1
D_0001870408,1,0.997961,1
D_0001870450,0,0.032719,0
D_0001870618,0,0.048765,0
D_0001870765,0,0.122921,0
D_0001870870,0,0.013712,0
D_0001870933,0,0.660418,1
D_0001871143,1,0.928588,1
D_0001871185,0,0.012160,0
D_0001871395,1,0.990457,1
D_0001871458,1,0.973607,1
D_0001871899,1,0.961922,1
D_0001872067,0,0.033438,0
D_0001872256,0,0.083604,0
D_0001872655,0,0.154633,0
D_0001872739,1,0.992515,1
D_0001873369,0,0.047875,0
D_0001873663,0,0.078940,0
D_0001873747,0,0.052626,0
D_0001874293,0,0.149066,0
D_0001874776,0,0.033234,0
D_0001875154,1,0.985586,1
D_0001875385,1,0.973079,1
D_0001875574,1,0.996004,1
D_0001875637,1,0.992255,1
D_0001875868,1,0.982320,1
D_0001876015,1,0.974762,1
D_0001876057,1,0.979321,1
D_0001876267,0,0.370626,1
D_0001876330,1,0.426470,1
D_0001876519,1,0.992323,1
D_0001876855,0,0.083656,0
D_0001877065,1,0.993659,1
D_0001877527,1,0.993782,1
D_0001877863,1,0.997619,1
D_0001878094,0,0.033662,0
D_0001878304,1,0.988529,1
D_0001878535,0,0.147804,0
D_0001878577,1,0.989942,1
D_0001878934,1,0.970810,1
D_0001879186,0,0.263475,1
D_0001879270,0,0.739909,1
D_0001879564,1,0.987921,1
D_0001880362,0,0.119392,0
D_0001881097,0,0.191253,0
D_0001881118,0,0.136786,0
D_0001881370,1,0.993848,1
D_0001881412,1,0.993280,1
D_0001881475,1,0.981976,1
D_0001881643,0,0.079451,0
D_0001881664,0,0.053413,0
D_0001882168,1,0.993936,1
D_0001882315,0,0.222766,0
D_0001882609,1,0.994059,1
D_0001882630,0,0.091362,0
D_0001882672,1,0.994762,1
D_0001883239,0,0.037978,0
D_0001883281,1,0.996118,1
D_0001883449,1,0.992495,1
D_0001883722,0,0.163561,0
D_0001883974,0,0.230973,0
D_0001884604,0,0.059428,0
D_0001884667,1,0.513131,1
D_0001884919,0,0.038067,0
D_0001885318,1,0.994147,1
D_0001885633,1,0.991105,1
D_0001885864,0,0.014819,0
D_0001886032,0,0.085854,0
D_0001887145,0,0.395652,1
D_0001887481,0,0.093544,0
D_0001887523,0,0.091734,0
D_0001887649,0,0.027168,0
D_0001887775,1,0.986051,1
D_0001887985,1,0.084308,0
D_0001888573,1,0.956619,1
D_0001888699,0,0.096911,0
D_0001888867,0,0.054403,0
D_0001889476,1,0.992229,1
D_0001889812,0,0.030341,0
D_0001889896,1,0.996145,1
D_0001890316,0,0.052958,0
D_0001890799,0,0.178498,0
D_0001891093,1,0.989165,1
D_0001891282,1,0.987491,1
D_0001891408,0,0.081470,0
D_0001891471,1,0.970812,1
D_0001891723,1,0.990161,1
D_0001891744,1,0.983961,1
D_0001891807,0,0.023053,0
D_0001891828,1,0.995604,1
D_0001892206,1,0.994404,1
D_0001892500,0,0.075977,0
D_0001892941,0,0.051170,0
D_0001892962,1,0.995238,1
D_0001893214,0,0.131718,0
D_0001893298,0,0.115010,0
D_0001893361,0,0.113294,0
D_0001893571,0,0.074850,0
D_0001893802,1,0.995159,1
D_0001894012,1,0.453435,1
D_0001894264,0,0.462910,1
D_0001894369,0,0.235629,0
D_0001894789,0,0.023543,0
D_0001894894,1,0.354364,1
D_0001895041,1,0.997581,1
D_0001895713,1,0.978203,1
D_0001895860,0,0.074898,0
D_0001895923,1,0.995724,1
D_0001896217,0,0.046791,0
D_0001897057,1,0.988955,1
D_0001897120,1,0.996973,1
D_0001897372,0,0.041284,0
D_0001897393,0,0.182998,0
D_0001897960,0,0.137338,0
D_0001898044,0,0.099231,0
D_0001898065,1,0.990676,1
D_0001898590,1,0.997433,1
D_0001898779,0,0.021681,0
D_0001898863,1,0.992535,1
D_0001899451,1,0.996665,1
D_0001899535,0,0.295163,1
D_0001899703,0,0.295455,1
D_0001899829,1,0.965726,1
D_0001899934,0,0.100054,0
D_0001900102,1,0.996260,1
D_0001900480,1,0.985374,1
D_0001900879,1,0.986660,1
D_0001900963,0,0.004969,0
D_0001901005,0,0.109455,0
D_0001901026,1,0.982713,1
D_0001901173,1,0.230447,0
D_0001901530,1,0.986567,1
D_0001901950,1,0.980376,1
D_0001902034,1,0.086595,0
D_0001902118,1,0.979747,1
D_0001902391,1,0.964965,1
D_0001902790,0,0.108268,0
D_0001903378,1,0.997333,1
D_0001903483,0,0.085781,0
D_0001903651,1,0.997764,1
D_0001903735,1,0.958478,1
D_0001904344,1,0.997374,1
D_0001904890,1,0.979216,1
D_0001905079,1,0.962070,1
D_0001905499,1,0.986553,1
D_0001905919,0,0.916474,1
D_0001905961,0,0.075165,0
D_0001906003,1,0.101637,0
D_0001906234,1,0.991542,1
D_0001906318,1,0.972309,1
D_0001906339,1,0.928340,1
D_0001906549,0,0.037720,0
D_0001906654,1,0.992589,1
D_0001907053,1,0.316706,1
D_0001907389,0,0.004046,0
D_0001907410,0,0.373856,1
D_0001907473,1,0.999449,1
D_0001907599,0,0.124062,0
D_0001907620,0,0.029904,0
D_0001907872,0,0.198014,0
D_0001909111,1,0.989112,1
D_0001909636,0,0.125173,0
D_0001909678,1,0.990664,1
D_0001909783,1,0.993271,1
D_0001910035,0,0.480160,1
D_0001910098,1,0.994526,1
D_0001910224,1,0.994063,1
D_0001910371,1,0.997741,1
D_0001910413,0,0.046670,0
D_0001910959,1,0.988542,1
D_0001911295,1,0.275082,1
D_0001911379,1,0.939298,1
D_0001911484,1,0.974338,1
D_0001912198,0,0.021911,0
D_0001912240,0,0.513131,1
D_0001912870,0,0.084044,0
D_0001913017,1,0.988506,1
D_0001913059,0,0.111728,0
D_0001913332,0,0.061121,0
D_0001913353,1,0.981015,1
D_0001913395,1,0.994519,1
D_0001913458,1,0.991433,1
D_0001913542,1,0.978053,1
D_0001915264,0,0.150131,0
D_0001915390,0,0.073384,0
D_0001915411,0,0.275153,1
D_0001916545,0,0.011168,0
D_0001917868,1,0.698688,1
D_0001917973,0,0.232331,0
D_0001918351,0,0.326305,1
D_0001918582,1,0.992240,1
D_0001918603,0,0.038504,0
D_0001918855,1,0.979808,1
D_0001918918,0,0.006354,0
D_0001918981,0,0.139413,0
D_0001919674,0,0.247627,0
D_0001919800,1,0.966299,1
D_0001920262,0,0.159270,0
D_0001920598,0,0.057373,0
D_0001920619,1,0.989479,1
D_0001921627,0,0.135562,0
D_0001922194,1,0.995555,1
D_0001922446,1,0.270112,1
D_0001922866,0,0.140617,0
D_0001923265,1,0.995633,1
D_0001923979,1,0.986357,1
D_0001924273,1,0.125305,0
D_0001924378,1,0.992217,1
D_0001924504,1,0.960730,1
D_0001925092,1,0.997244,1
D_0001925365,1,0.947616,1
D_0001925638,1,0.996878,1
D_0001925995,0,0.070770,0
D_0001926121,0,0.133638,0
D_0001926142,1,0.979457,1
D_0001926184,0,0.211050,0
D_0001926898,1,0.987509,1
D_0001927507,1,0.804968,1
D_0001927591,1,0.993383,1
D_0001928032,0,0.149018,0
D_0001928347,1,0.970899,1
D_0001928368,0,0.126075,0
D_0001928473,1,0.991987,1
D_0001928536,1,0.990161,1
D_0001929313,1,0.994533,1
D_0001929481,1,0.990510,1
D_0001929838,0,0.121825,0
D_0001929859,1,0.993651,1
D_0001930741,0,0.021209,0
D_0001930993,1,0.989278,1
D_0001931350,0,0.013575,0
D_0001931896,1,0.993074,1
D_0001931980,1,0.981052,1
D_0001932253,0,0.032048,0
D_0001932463,0,0.065042,0
D_0001933009,0,0.000062,0
D_0001933198,1,0.979664,1
D_0001933450,1,0.990386,1
D_0001933597,0,0.096109,0
D_0001933975,0,0.016577,0
D_0001934080,1,0.995214,1
D_0001934101,1,0.996408,1
D_0001935256,0,0.140427,0
D_0001935487,1,0.960961,1
D_0001935550,0,0.036508,0
D_0001935592,0,0.144917,0
D_0001936285,1,0.996177,1
D_0001936432,1,0.635919,1
D_0001936600,0,0.003089,0
D_0001936642,1,0.989827,1
D_0001937125,0,0.062353,0
D_0001937713,1,0.425836,1
D_0001938007,1,0.985526,1
D_0001938595,0,0.064113,0
D_0001938826,0,0.046677,0
D_0001939099,1,0.998613,1
D_0001939183,0,0.096197,0
D_0001940128,0,0.004205,0
D_0001940275,1,0.986749,1
D_0001940569,0,0.117793,0
D_0001941031,0,0.022921,0
D_0001941073,0,0.204875,0
D_0001941241,1,0.994588,1
D_0001941682,0,0.147136,0
D_0001941808,1,0.982877,1
D_0001941913,0,0.066862,0
D_0001941934,0,0.097563,0
D_0001942207,1,0.994805,1
D_0001942291,0,0.165114,0
D_0001942417,0,0.249809,0
D_0001942732,0,0.059242,0
D_0001942942,1,0.988506,1
D_0001943425,1,0.993228,1
D_0001943446,1,0.986538,1
D_0001943803,0,0.047784,0
D_0001944265,0,0.043885,0
D_0001944433,1,0.491438,1
D_0001944559,0,0.012736,0
D_0001945084,1,0.269782,1
D_0001945147,1,0.987635,1
D_0001945609,1,0.993982,1
D_0001945903,1,0.993348,1
D_0001946008,1,0.996024,1
D_0001946491,1,0.990730,1
D_0001946533,1,0.992532,1
D_0001946827,1,0.995004,1
D_0001946911,1,0.992538,1
D_0001947436,0,0.059092,0
D_0001947520,0,0.023175,0
D_0001947562,1,0.994832,1
D_0001947730,1,0.983670,1
D_0001948633,1,0.989279,1
D_0001948738,1,0.994007,1
D_0001949536,1,0.956328,1
D_0001950061,1,0.996490,1
D_0001950103,0,0.050429,0
D_0001950124,0,0.044410,0
D_0001951111,0,0.052465,0
D_0001951195,0,0.056160,0
D_0001951468,0,0.036758,0
D_0001951489,1,0.994323,1
D_0001952476,0,0.032051,0
D_0001952497,1,0.932947,1
D_0001952602,1,0.995351,1
D_0001953022,1,0.989777,1
D_0001953211,1,0.988697,1
D_0001953337,1,0.997331,1
D_0001953484,1,0.719770,1
D_0001953736,0,0.070241,0
D_0001953988,0,0.088249,0
D_0001954093,0,0.197902,0
D_0001954828,0,0.009827,0
D_0001955017,1,0.663604,1
D_0001955353,1,0.994555,1
D_0001955395,0,0.381988,1
D_0001955773,0,0.085936,0
D_0001956361,1,0.994362,1
D_0001957285,0,0.100683,0
D_0001957327,0,0.089462,0
D_0001958062,0,0.613727,1
D_0001958083,0,0.059027,0
D_0001958671,1,0.506335,1
D_0001959364,1,0.993224,1
D_0001959784,1,0.995730,1
D_0001959805,0,0.039772,0
D_0001959847,1,0.979236,1
D_0001960036,0,0.082848,0
D_0001960372,1,0.993626,1
D_0001960456,0,0.111453,0
D_0001960603,0,0.104290,0
D_0001960687,0,0.055584,0
D_0001960834,1,0.945649,1
D_0001961107,0,0.083041,0
D_0001961338,1,0.992833,1
D_0001961422,1,0.987640,1
D_0001961758,1,0.996660,1
D_0001962283,1,0.989852,1
D_0001962367,1,0.996421,1
D_0001962619,1,0.994220,1
D_0001962745,0,0.067137,0
D_0001962829,0,0.096344,0
D_0001962913,0,0.176103,0
D_0001962934,1,0.512860,1
D_0001962976,1,0.978890,1
D_0001963270,0,0.066397,0
D_0001963564,1,0.162760,0
D_0001963963,1,0.990694,1
D_0001964152,1,0.962325,1
D_0001964236,0,0.056696,0
D_0001964446,1,0.988026,1
D_0001965349,1,0.993433,1
D_0001965538,0,0.048293,0
D_0001966042,0,0.067054,0
D_0001966084,0,0.049390,0
D_0001966651,0,0.032199,0
D_0001966798,1,0.977286,1
D_0001967386,1,0.992152,1
D_0001967470,1,0.993679,1
D_0001967827,1,0.974311,1
D_0001968037,1,0.988470,1
D_0001968268,1,0.980976,1
D_0001968772,1,0.995649,1
D_0001968982,1,0.995426,1
D_0001969024,1,0.973328,1
D_0001969528,1,0.993470,1
D_0001970053,1,0.995150,1
D_0001970074,1,0.981445,1
D_0001970389,0,0.046283,0
D_0001970536,0,0.264516,1
D_0001970851,1,0.989579,1
D_0001970914,0,0.011024,0
D_0001971586,1,0.994792,1
D_0001972006,1,0.991159,1
D_0001972825,1,0.995473,1
D_0001973749,1,0.968815,1
D_0001973854,0,0.069945,0
D_0001974001,1,0.820496,1
D_0001975492,0,0.284175,1
D_0001975597,0,0.058863,0
D_0001975744,1,0.993526,1
D_0001976185,0,0.062211,0
D_0001978054,0,0.029304,0
D_0001978117,1,0.995975,1
D_0001978747,1,0.994080,1
D_0001978768,1,0.993882,1
D_0001978852,1,0.989501,1
D_0001978894,0,0.068749,0
D_0001979524,0,0.098733,0
D_0001980364,1,0.906766,1
D_0001980490,1,0.997077,1
D_0001980553,0,0.038858,0
D_0001980658,0,0.391994,1
D_0001980742,0,0.040424,0
D_0001981939,0,0.444183,1
D_0001982128,1,0.984290,1
D_0001982170,1,0.985415,1
D_0001982212,0,0.165881,0
D_0001982296,1,0.990429,1
D_0001982968,0,0.031690,0
D_0001982989,1,0.955934,1
D_0001983052,0,0.033574,0
D_0001983535,1,0.991800,1
D_0001984207,1,0.397276,1
D_0001984543,0,0.011495,0
D_0001984837,1,0.993051,1
D_0001984963,1,0.979008,1
D_0001984984,1,0.991067,1
D_0001985047,1,0.987074,1
D_0001985068,0,0.047680,0
D_0001985236,1,0.990572,1
D_0001985278,1,0.988500,1
D_0001985383,0,0.030198,0
D_0001985614,0,0.036171,0
D_0001985635,1,0.987549,1
D_0001986202,0,0.063601,0
D_0001986223,0,0.036743,0
D_0001986265,0,0.076961,0
D_0001986433,1,0.993139,1
D_0001986517,0,0.028730,0
D_0001987063,1,0.989040,1
D_0001987609,1,0.747544,1
D_0001988239,1,0.963373,1
D_0001988281,0,0.036442,0
D_0001988491,0,0.070737,0
D_0001988533,1,0.944433,1
D_0001988554,1,0.864195,1
D_0001988701,1,0.359401,1
D_0001989058,1,0.968016,1
D_0001989226,0,0.012839,0
D_0001989415,0,0.003225,0
D_0001990003,1,0.998363,1
D_0001990297,1,0.992202,1
D_0001990696,1,0.995025,1
D_0001990843,0,0.229217,0
D_0001990927,1,0.986325,1
D_0001991032,0,0.032511,0
D_0001991515,0,0.218993,0
D_0001991536,1,0.989927,1
D_0001992061,1,0.111067,0
D_0001992124,1,0.151204,0
D_0001992502,0,0.318977,1
D_0001992838,1,0.589540,1
D_0001992859,1,0.963035,1
D_0001993636,0,0.387738,1
D_0001994287,1,0.987998,1
D_0001994329,1,0.986406,1
D_0001994707,0,0.105698,0
D_0001994728,1,0.994726,1
D_0001994959,0,0.032630,0
D_0001995169,0,0.021749,0
D_0001995295,1,0.992280,1
D_0001995316,1,0.104682,0
D_0001995673,0,0.167394,0
D_0001995820,1,0.994838,1
D_0001996135,0,0.065749,0
D_0001996261,0,0.193031,0
D_0001996702,0,0.129152,0
D_0001997206,0,0.426757,1
D_0001997227,1,0.149827,0
D_0001997374,0,0.054116,0
D_0001997395,1,0.990977,1
D_0001997563,0,0.061438,0
D_0001997647,0,0.021943,0
D_0001997689,0,0.065740,0
D_0001997899,1,0.998004,1
D_0001998739,1,0.124775,0
D_0001998781,0,0.015569,0
D_0001998907,1,0.979562,1
D_0001999222,1,0.991669,1
D_0001999453,0,0.103700,0
D_0001999999,0,0.242239,0
D_0002000062,0,0.220562,0
D_0002000188,1,0.996439,1
D_0002000818,1,0.994877,1
D_0002001343,1,0.995454,1
D_0002002141,0,0.081781,0
D_0002002162,1,0.987644,1
D_0002002498,0,0.136253,0
D_0002002876,1,0.890450,1
D_0002002939,0,0.036732,0
D_0002003065,0,0.094196,0
D_0002003401,0,0.107223,0
D_0002003527,0,0.039009,0
D_0002003758,0,0.060653,0
D_0002003926,1,0.994174,1
D_0002004073,0,0.038896,0
D_0002004136,1,0.992141,1
D_0002004346,0,0.086173,0
D_0002004577,0,0.177983,0
D_0002004850,0,0.133056,0
D_0002004934,0,0.153344,0
D_0002005480,1,0.977803,1
D_0002006173,1,0.995326,1
D_0002006530,1,0.982481,1
D_0002006845,0,0.085102,0
D_0002006866,0,0.104779,0
D_0002006950,1,0.992991,1
D_0002007307,1,0.996117,1
D_0002007370,0,0.044405,0
D_0002007559,1,0.941309,1
D_0002007895,1,0.975465,1
D_0002007958,1,0.216631,0
D_0002008084,1,0.996522,1
D_0002008210,0,0.076324,0
D_0002008693,0,0.034645,0
D_0002008924,1,0.994099,1
D_0002009134,1,0.993331,1
D_0002009827,1,0.981046,1
D_0002010331,0,0.206056,0
D_0002010352,0,0.062270,0
D_0002010499,0,0.071195,0
D_0002011171,1,0.989435,1
D_0002011339,0,0.032348,0
D_0002011381,0,0.032877,0
D_0002011675,0,0.192269,0
D_0002011738,0,0.044858,0
D_0002011759,1,0.987460,1
D_0002012158,1,0.114606,0
D_0002012305,1,0.994119,1
D_0002012536,1,0.993055,1
D_0002012977,0,0.107035,0
D_0002013082,0,0.074681,0
D_0002013292,0,0.091211,0
D_0002013376,1,0.840947,1
D_0002013670,1,0.982214,1
D_0002013901,0,0.049866,0
D_0002014279,0,0.082052,0
D_0002014489,1,0.979189,1
D_0002014594,1,0.989267,1
D_0002014636,0,0.050955,0
D_0002015287,0,0.060410,0
D_0002015455,1,0.981997,1
D_0002016190,1,0.992874,1
D_0002016211,1,0.991730,1
D_0002016253,1,0.970226,1
D_0002016421,0,0.130979,0
D_0002016484,1,0.993538,1
D_0002016925,1,0.990714,1
D_0002017030,0,0.117615,0
D_0002017093,1,0.987959,1
D_0002017198,1,0.987247,1
D_0002017345,1,0.995972,1
D_0002017387,0,0.046131,0
D_0002017429,1,0.948613,1
D_0002017660,0,0.041204,0
D_0002017933,1,0.993797,1
D_0002017975,0,0.292778,1
D_0002018899,1,0.988449,1
D_0002019487,0,0.243351,0
D_0002019613,0,0.132235,0
D_0002019865,1,0.997273,1
D_0002020054,0,0.018983,0
D_0002020621,1,0.995464,1
D_0002020873,0,0.013317,0
D_0002021566,1,0.997167,1
D_0002021818,0,0.048898,0
D_0002021944,1,0.997689,1
D_0002022217,1,0.066124,0
D_0002022385,1,0.959969,1
D_0002022406,1,0.994152,1
D_0002022721,1,0.979463,1
D_0002022784,1,0.977666,1
D_0002022952,0,0.037128,0
D_0002023729,0,0.058598,0
D_0002023792,0,0.034607,0
D_0002024086,1,0.967014,1
D_0002024401,1,0.989464,1
D_0002026144,1,0.996382,1
D_0002026543,1,0.994333,1
D_0002026900,1,0.990440,1
D_0002027110,1,0.991291,1
D_0002027299,0,0.017398,0
D_0002027782,1,0.996572,1
D_0002028307,1,0.997166,1
D_0002028727,1,0.993438,1
D_0002029231,0,0.059727,0
D_0002029273,0,0.077030,0
D_0002029651,1,0.943502,1
D_0002029861,1,0.961444,1
D_0002029924,1,0.033570,0
D_0002030071,1,0.994032,1
D_0002030155,0,0.428925,1
D_0002030344,1,0.994968,1
D_0002030386,1,0.987096,1
D_0002030890,1,0.931788,1
D_0002031457,1,0.995777,1
D_0002031478,1,0.873815,1
D_0002032276,1,0.992931,1
D_0002032423,0,0.132872,0
D_0002032549,1,0.994634,1
D_0002033011,1,0.968536,1
D_0002033704,1,0.414316,1
D_0002033809,1,0.105784,0
D_0002034754,0,0.076773,0
D_0002034901,1,0.995230,1
D_0002035090,1,0.794025,1
D_0002035363,0,0.001666,0
D_0002035657,0,0.203484,0
D_0002035867,0,0.160979,0
D_0002035930,0,0.201744,0
D_0002036686,1,0.993543,1
D_0002037274,0,0.094979,0
D_0002037862,0,0.258104,1
D_0002038135,1,0.973268,1
D_0002038261,1,0.992544,1
D_0002038324,0,0.036577,0
D_0002038387,0,0.112450,0
D_0002038429,0,0.033611,0
D_0002038702,1,0.997236,1
D_0002039437,1,0.931761,1
D_0002039500,0,0.243161,0
D_0002040130,1,0.997547,1
D_0002041516,0,0.158277,0
D_0002041621,0,0.007447,0
D_0002041873,1,0.993448,1
D_0002041999,0,0.333328,1
D_0002042944,1,0.996354,1
D_0002043049,1,0.993030,1
D_0002043679,1,0.996277,1
D_0002044246,1,0.984153,1
D_0002044267,0,0.097409,0
D_0002044309,1,0.971902,1
D_0002044687,1,0.992882,1
D_0002045317,1,0.992636,1
D_0002045716,1,0.081424,0
D_0002046409,1,0.995835,1
D_0002046556,0,0.091577,0
D_0002046787,1,0.986889,1
D_0002046871,1,0.981244,1
D_0002046913,0,0.122974,0
D_0002046997,1,0.907854,1
D_0002047018,1,0.962473,1
D_0002047270,1,0.992151,1
D_0002047417,1,0.994118,1
D_0002047921,1,0.997264,1
D_0002048068,0,0.027471,0
D_0002048404,1,0.995859,1
D_0002048719,0,0.254118,1
D_0002048845,0,0.147245,0
D_0002048887,1,0.902309,1
D_0002050000,0,0.038652,0
D_0002050042,1,0.991227,1
D_0002050168,1,0.976864,1
D_0002050231,0,0.193372,0
D_0002050525,1,0.993808,1
D_0002050756,1,0.993995,1
D_0002051302,1,0.092612,0
D_0002052163,0,0.151419,0
D_0002052919,0,0.053546,0
D_0002053255,0,0.264566,1
D_0002053276,0,0.046722,0
D_0002053402,0,0.055343,0
D_0002053465,1,0.970815,1
D_0002053843,1,0.996244,1
D_0002053990,0,0.034544,0
D_0002054221,1,0.518408,1
D_0002054263,0,0.158100,0
D_0002054494,1,0.980657,1
D_0002055481,1,0.201736,0
D_0002055628,0,0.090618,0
D_0002055964,0,0.034940,0
D_0002056174,1,0.995845,1
D_0002056237,1,0.996688,1
D_0002056258,0,0.031378,0
D_0002056279,0,0.156227,0
D_0002056678,1,0.981436,1
D_0002056762,0,0.188351,0
D_0002057140,1,0.996717,1
D_0002057623,1,0.996801,1
D_0002058001,0,0.105322,0
D_0002058316,0,0.061440,0
D_0002059219,1,0.994812,1
D_0002059408,1,0.994538,1
D_0002059597,0,0.008572,0
D_0002059681,0,0.213557,0
D_0002060185,1,0.993371,1
D_0002060878,1,0.987167,1
D_0002061340,1,0.994468,1
D_0002061403,0,0.041554,0
D_0002061802,0,0.134023,0
D_0002062222,1,0.988687,1
D_0002063104,0,0.151683,0
D_0002063125,1,0.989883,1
D_0002063230,0,0.144921,0
D_0002063293,1,0.996391,1
D_0002063671,0,0.039432,0
D_0002063986,0,0.040974,0
D_0002064259,1,0.076864,0
D_0002064490,1,0.990978,1
D_0002064637,0,0.123505,0
D_0002064700,1,0.991597,1
D_0002064721,0,0.044600,0
D_0002064805,0,0.192948,0
D_0002064889,1,0.947210,1
D_0002066296,0,0.094353,0
D_0002067052,0,0.004287,0
D_0002067283,0,0.087963,0
D_0002067661,1,0.992870,1
D_0002068312,1,0.991972,1
D_0002068333,1,0.995524,1
D_0002068942,0,0.017642,0
D_0002069005,1,0.986570,1
D_0002069068,1,0.994012,1
D_0002069572,0,0.041206,0
D_0002070139,0,0.341674,1
D_0002070538,1,0.992763,1
D_0002070580,1,0.989983,1
D_0002070853,1,0.997249,1
D_0002071105,0,0.069833,0
D_0002071378,1,0.229822,0
D_0002071567,1,0.991520,1
D_0002072029,1,0.996016,1
D_0002072407,1,0.960847,1
D_0002072533,1,0.991548,1
D_0002073373,0,0.013815,0
D_0002073793,1,0.995990,1
D_0002074192,0,0.047812,0
D_0002074633,0,0.113548,0
D_0002074696,0,0.029675,0
D_0002075263,1,0.993586,1
D_0002075914,1,0.993562,1
D_0002076082,0,0.307237,1
D_0002076313,0,0.192521,0
D_0002076922,1,0.991287,1
D_0002077111,0,0.046044,0
D_0002077174,0,0.194179,0
D_0002077510,0,0.101566,0
D_0002077594,0,0.030127,0
D_0002078665,1,0.990808,1
D_0002078875,0,0.057245,0
D_0002078896,0,0.015139,0
D_0002079547,1,0.997455,1
D_0002079883,0,0.022314,0
D_0002080240,0,0.280031,1
D_0002080282,1,0.141052,0
D_0002080387,1,0.994958,1
D_0002080576,0,0.231068,0
D_0002080597,0,0.115061,0
D_0002080891,1,0.994707,1
D_0002080954,1,0.982992,1
D_0002081689,1,0.980791,1
D_0002082445,1,0.991472,1
D_0002082739,1,0.991176,1
D_0002083096,0,0.192278,0
D_0002083390,0,0.089859,0
D_0002083810,1,0.996547,1
D_0002084167,1,0.077976,0
D_0002084587,1,0.992436,1
D_0002084608,0,0.510909,1
D_0002085133,1,0.992589,1
D_0002085154,1,0.995871,1
D_0002085490,0,0.055623,0
D_0002085700,0,0.006328,0
D_0002085952,0,0.141431,0
D_0002085994,0,0.084732,0
D_0002086813,1,0.992839,1
D_0002087170,0,0.036755,0
D_0002087338,1,0.992294,1
D_0002087485,0,0.101086,0
D_0002087527,0,0.533965,1
D_0002087800,1,0.996881,1
D_0002087926,1,0.979145,1
D_0002088073,0,0.091403,0
D_0002088388,0,0.011572,0
D_0002088787,1,0.994847,1
D_0002089459,0,0.127933,0
D_0002090362,0,0.317322,1
D_0002090425,1,0.350100,1
D_0002090509,1,0.990334,1
D_0002090782,0,0.329066,1
D_0002090950,0,0.098880,0
D_0002090992,0,0.115788,0
D_0002091223,1,0.993452,1
D_0002091580,0,0.049662,0
D_0002091811,1,0.116913,0
D_0002092357,0,0.044732,0
D_0002092714,1,0.967859,1
D_0002092882,0,0.195732,0
D_0002093197,1,0.996322,1
D_0002093617,0,0.004819,0
D_0002093659,0,0.092313,0
D_0002093680,1,0.995886,1
D_0002094730,0,0.051009,0
D_0002094877,0,0.060632,0
D_0002095381,1,0.993810,1
D_0002095675,0,0.053354,0
D_0002095927,1,0.995738,1
D_0002096116,0,0.011970,0
D_0002096284,0,0.031143,0
D_0002096305,0,0.063140,0
D_0002096515,1,0.995382,1
D_0002096620,1,0.994401,1
D_0002097082,0,0.047145,0
D_0002097565,0,0.249009,0
D_0002097922,1,0.989225,1
D_0002098258,1,0.940487,1
D_0002098405,1,0.997645,1
D_0002098489,1,0.981281,1
D_0002098951,0,0.032938,0
D_0002099077,1,0.993167,1
D_0002099476,0,0.033290,0
D_0002099770,1,0.178888,0
D_0002099875,0,0.054570,0
D_0002099938,1,0.972962,1
D_0002100904,0,0.043550,0
D_0002101009,0,0.846891,1
D_0002101177,1,0.994221,1
D_0002101261,1,0.983237,1
D_0002101576,0,0.090617,0
D_0002101681,1,0.996215,1
D_0002102206,1,0.956300,1
D_0002102269,0,0.111298,0
D_0002102311,1,0.987610,1
D_0002102521,1,0.998178,1
D_0002102668,0,0.022055,0
D_0002103130,1,0.988147,1
D_0002103172,1,0.976469,1
D_0002103445,0,0.048878,0
D_0002103613,0,0.125791,0
D_0002103928,0,0.139141,0
D_0002104537,0,0.094730,0
D_0002104642,1,0.996704,1
D_0002104747,1,0.980673,1
D_0002104810,1,0.241684,0
D_0002105062,1,0.892142,1
D_0002105755,1,0.995120,1
D_0002105881,0,0.057261,0
D_0002106154,0,0.000556,0
D_0002106616,0,0.114248,0
D_0002107015,1,0.996786,1
D_0002107372,1,0.024315,0
D_0002107477,0,0.034210,0
D_0002107540,1,0.986095,1
D_0002107771,1,0.980575,1
D_0002108716,1,0.997448,1
D_0002109115,1,0.985042,1
D_0002109199,0,0.110356,0
D_0002109388,0,0.104610,0
D_0002109640,0,0.019658,0
D_0002110480,1,0.948843,1
D_0002111236,0,0.070173,0
D_0002111299,1,0.813453,1
D_0002112160,0,0.042493,0
D_0002112790,0,0.047090,0
D_0002113567,0,0.153072,0
D_0002113672,1,0.924022,1
D_0002113861,1,0.995768,1
D_0002114071,1,0.968666,1
D_0002114113,1,0.997395,1
D_0002114155,0,0.063401,0
D_0002114428,0,0.429109,1
D_0002114491,0,0.070544,0
D_0002114932,0,0.030965,0
D_0002115772,0,0.000201,0
D_0002115940,1,0.995464,1
D_0002116150,0,0.093163,0
D_0002116570,1,0.993370,1
D_0002116801,1,0.062629,0
D_0002117053,0,0.268790,1
D_0002117641,1,0.986791,1
D_0002117746,1,0.988390,1
D_0002118313,0,0.162808,0
D_0002119090,1,0.993141,1
D_0002119195,0,0.175319,0
D_0002119279,0,0.135572,0
D_0002119300,0,0.061076,0
D_0002119657,1,0.954094,1
D_0002119783,0,0.341087,1
D_0002120245,1,0.946926,1
D_0002120434,1,0.994213,1
D_0002120791,1,0.890561,1
D_0002121001,0,0.074379,0
D_0002121043,1,0.439526,1
D_0002121547,0,0.027564,0
D_0002121652,0,0.085385,0
D_0002121883,0,0.074569,0
D_0002121904,1,0.980950,1
D_0002121925,0,0.094498,0
D_0002121967,1,0.995225,1
D_0002122051,0,0.108665,0
D_0002122576,0,0.027267,0
D_0002122618,1,0.992176,1
D_0002122807,0,0.288784,1
D_0002123038,0,0.050353,0
D_0002123059,1,0.808656,1
D_0002123794,1,0.985173,1
D_0002123815,0,0.102966,0
D_0002123920,1,0.996182,1
D_0002123941,0,0.021696,0
D_0002124130,1,0.988247,1
D_0002124193,1,0.996768,1
D_0002124445,1,0.068845,0
D_0002124676,0,0.213033,0
D_0002124907,0,0.243285,0
D_0002126524,1,0.994771,1
D_0002126629,1,0.992334,1
D_0002127049,0,0.158740,0
D_0002127259,1,0.970487,1
D_0002127343,0,0.031321,0
D_0002127700,0,0.103942,0
D_0002127826,1,0.992497,1
D_0002127868,1,0.995998,1
D_0002127994,0,0.119304,0
D_0002128729,1,0.960892,1
D_0002128771,0,0.252894,1
D_0002128939,1,0.228127,0
D_0002129275,0,0.094470,0
D_0002129338,1,0.985735,1
D_0002129506,1,0.997455,1
D_0002129758,1,0.974644,1
D_0002129926,0,0.048018,0
D_0002130472,1,0.987847,1
D_0002130556,0,0.020624,0
D_0002130598,0,0.025838,0
D_0002130829,0,0.041108,0
D_0002130850,1,0.997629,1
D_0002130955,1,0.993960,1
D_0002131081,1,0.978106,1
D_0002131333,1,0.970891,1
D_0002131837,0,0.098065,0
D_0002132278,0,0.038347,0
D_0002132467,1,0.836787,1
D_0002132929,1,0.510428,1
D_0002132992,0,0.053210,0
D_0002133181,0,0.047589,0
D_0002133496,1,0.354210,1
D_0002134000,0,0.030697,0
D_0002134084,1,0.914382,1
D_0002134252,1,0.997984,1
D_0002134273,1,0.853392,1
D_0002134840,1,0.992899,1
D_0002134924,1,0.404030,1
D_0002135029,1,0.991081,1
D_0002135050,0,0.032374,0
D_0002135155,0,0.102402,0
D_0002135197,1,0.990444,1
D_0002135743,0,0.029793,0
D_0002135764,1,0.995529,1
D_0002136184,1,0.981461,1
D_0002136373,0,0.118172,0
D_0002137234,1,0.994075,1
D_0002137402,0,0.151334,0
D_0002137969,0,0.021629,0
D_0002138809,0,0.282945,1
D_0002139397,1,0.970651,1
D_0002139607,0,0.083184,0
D_0002139754,1,0.992420,1
D_0002140006,1,0.995640,1
D_0002140216,0,0.000006,0
D_0002140300,1,0.344836,1
D_0002140342,1,0.832067,1
D_0002140930,1,0.849632,1
D_0002141056,1,0.983412,1
D_0002141581,0,0.135290,0
D_0002141602,1,0.029174,0
D_0002142337,1,0.727523,1
D_0002142505,0,0.337652,1
D_0002142652,0,0.112557,0
D_0002142757,0,0.055518,0
D_0002143156,0,0.027894,0
D_0002143303,1,0.880204,1
D_0002143345,1,0.989775,1
D_0002143849,0,0.173409,0
D_0002144185,1,0.985652,1
D_0002144206,1,0.983549,1
D_0002144941,0,0.116874,0
D_0002144983,1,0.995912,1
D_0002145067,1,0.997099,1
D_0002145109,0,0.045642,0
D_0002145130,0,0.477437,1
D_0002145151,0,0.063406,0
D_0002146117,0,0.035660,0
D_0002146390,0,0.076045,0
D_0002146789,0,0.073647,0
D_0002146810,0,0.008272,0
D_0002146831,0,0.023546,0
D_0002146999,0,0.089142,0
D_0002147293,1,0.967045,1
D_0002147398,1,0.720310,1
D_0002148175,0,0.062284,0
D_0002148427,1,0.990386,1
D_0002148721,1,0.996525,1
D_0002149414,0,0.038097,0
D_0002149477,1,0.995967,1
D_0002149750,1,0.973868,1
D_0002150149,0,0.014494,0
D_0002150695,1,0.990581,1
D_0002150716,0,0.113365,0
D_0002150779,0,0.030402,0
D_0002151955,1,0.996308,1
D_0002152564,0,0.047138,0
D_0002152711,1,0.986997,1
D_0002152879,1,0.194214,0
D_0002153362,1,0.247833,0
D_0002153866,0,0.054532,0
D_0002154055,0,0.049618,0
D_0002154328,1,0.992869,1
D_0002154580,1,0.976492,1
D_0002154769,0,0.028417,0
D_0002154916,0,0.077815,0
D_0002154937,1,0.992389,1
D_0002155357,1,0.997652,1
D_0002156050,0,0.183738,0
D_0002156764,1,0.432452,1
D_0002156848,1,0.994265,1
D_0002157037,1,0.992924,1
D_0002157226,1,0.943168,1
D_0002157415,0,0.074049,0
D_0002157583,0,0.168097,0
D_0002157919,0,0.153564,0
D_0002157940,1,0.967377,1
D_0002158234,1,0.990470,1
D_0002158570,0,0.102286,0
D_0002158843,0,0.062058,0
D_0002159830,0,0.294227,1
D_0002160271,0,0.071219,0
D_0002161951,0,0.028548,0
D_0002162644,0,0.096147,0
D_0002163190,1,0.990302,1
D_0002163400,1,0.994916,1
D_0002163421,0,0.016845,0
D_0002163484,0,0.176200,0
D_0002163652,1,0.987816,1
D_0002164177,1,0.996938,1
D_0002164618,0,0.114907,0
D_0002165458,1,0.995680,1
D_0002165542,1,0.982864,1
D_0002165836,0,0.095078,0
D_0002166046,1,0.508418,1
D_0002166340,1,0.994599,1
D_0002166508,0,0.020244,0
D_0002166529,1,0.985651,1
D_0002166655,1,0.983903,1
D_0002166739,1,0.995146,1
D_0002167180,0,0.042941,0
D_0002167201,0,0.028466,0
D_0002168272,1,0.980557,1
D_0002169427,0,0.128161,0
D_0002169532,0,0.009677,0
D_0002169721,1,0.422682,1
D_0002169973,1,0.320048,1
D_0002170267,1,0.961372,1
D_0002170603,0,0.052660,0
D_0002170687,1,0.991441,1
D_0002170750,1,0.996556,1
D_0002170897,1,0.987672,1
D_0002171548,1,0.997110,1
D_0002172808,1,0.995174,1
D_0002172934,1,0.993353,1
D_0002174278,1,0.987516,1
D_0002175013,1,0.962585,1
D_0002175160,0,0.042471,0
D_0002175202,1,0.986986,1
D_0002175223,1,0.995994,1
D_0002175454,0,0.049582,0
D_0002175811,1,0.995902,1
D_0002175958,1,0.117618,0
D_0002176735,1,0.994582,1
D_0002176924,0,0.048085,0
D_0002177008,1,0.997376,1
D_0002177029,0,0.051298,0
D_0002177092,0,0.240484,0
D_0002177155,1,0.997840,1
D_0002177197,1,0.997105,1
D_0002177407,0,0.047275,0
D_0002177449,0,0.282616,1
D_0002177554,1,0.099221,0
D_0002177848,1,0.984744,1
D_0002177932,0,0.064922,0
D_0002178037,1,0.994474,1
D_0002178079,0,0.192646,0
D_0002178331,1,0.294371,1
D_0002178373,0,0.011480,0
D_0002178856,0,0.000152,0
D_0002179255,1,0.993210,1
D_0002179654,0,0.145778,0
D_0002179759,0,0.079674,0
D_0002180179,1,0.995810,1
D_0002180284,1,0.991501,1
D_0002180347,0,0.055724,0
D_0002180872,0,0.051484,0
D_0002181019,1,0.995702,1
D_0002181313,1,0.975200,1
D_0002182342,1,0.997932,1
D_0002182384,0,0.193989,0
D_0002182510,0,0.089225,0
D_0002182930,1,0.987902,1
D_0002183833,0,0.115568,0
D_0002184169,1,0.994216,1
D_0002185030,1,0.997532,1
D_0002185681,1,0.991353,1
D_0002185702,0,0.005259,0
D_0002185849,1,0.966429,1
D_0002186185,0,0.152921,0
D_0002186353,1,0.136108,0
D_0002186584,1,0.977325,1
D_0002186731,1,0.981426,1
D_0002187046,0,0.214352,0
D_0002188600,0,0.049650,0
D_0002188684,1,0.983638,1
D_0002188852,0,0.187619,0
D_0002188999,1,0.967819,1
D_0002189293,0,0.044167,0
D_0002189776,1,0.980622,1
D_0002189797,0,0.080074,0
D_0002189902,1,0.995672,1
D_0002190217,0,0.071001,0
D_0002190280,1,0.995351,1
D_0002190385,1,0.995391,1
D_0002190868,1,0.992996,1
D_0002190994,1,0.991451,1
D_0002191183,1,0.996237,1
D_0002191204,0,0.050287,0
D_0002191876,1,0.971767,1
D_0002191939,0,0.010865,0
D_0002191960,0,0.018410,0
D_0002192086,1,0.983305,1
D_0002192191,1,0.992615,1
D_0002192590,0,0.045950,0
D_0002193178,1,0.991832,1
D_0002193199,1,0.984781,1
D_0002193766,1,0.997185,1
D_0002193787,0,0.017060,0
D_0002194081,1,0.990299,1
D_0002194186,1,0.938500,1
D_0002194732,0,0.351815,1
D_0002194795,1,0.381823,1
D_0002194921,0,0.161220,0
D_0002195257,0,0.233449,0
D_0002195383,1,0.977948,1
D_0002195425,1,0.982733,1
D_0002195656,0,0.124393,0
D_0002196013,0,0.077863,0
D_0002196244,0,0.261451,1
D_0002196538,0,0.158369,0
D_0002197000,1,0.995750,1
D_0002197357,1,0.984667,1
D_0002197378,0,0.135628,0
D_0002197462,1,0.794373,1
D_0002197546,0,0.098304,0
D_0002197840,0,0.017640,0
D_0002198092,0,0.108165,0
D_0002198323,0,0.047930,0
D_0002198575,1,0.990599,1
D_0002198638,1,0.992321,1
D_0002199016,1,0.153631,0
D_0002199058,1,0.911802,1
D_0002199247,0,0.350193,1
D_0002199562,0,0.077564,0
D_0002199835,1,0.984771,1
D_0002199982,0,0.336638,1
D_0002200087,1,0.997851,1
D_0002200486,0,0.042289,0
D_0002200675,0,0.341159,1
D_0002200990,0,0.494892,1
D_0002201473,0,0.138974,0
D_0002201557,1,0.991117,1
D_0002201746,0,0.028561,0
D_0002201767,0,0.180959,0
D_0002202124,0,0.098243,0
D_0002202187,1,0.998057,1
D_0002202250,0,0.071334,0
D_0002202817,1,0.993236,1
D_0002203048,1,0.990545,1
D_0002204077,1,0.995970,1
D_0002204182,1,0.939212,1
D_0002204287,1,0.987959,1
D_0002204833,1,0.913275,1
D_0002204938,0,0.080314,0
D_0002205232,0,0.077448,0
D_0002205421,1,0.167294,0
D_0002206282,1,0.987597,1
D_0002206408,0,0.047137,0
D_0002206576,0,0.041627,0
D_0002206681,1,0.996342,1
D_0002207143,1,0.987641,1
D_0002207689,0,0.055429,0
D_0002207773,1,0.997506,1
D_0002209075,0,0.006397,0
D_0002209579,0,0.102389,0
D_0002209621,1,0.987421,1
D_0002210230,1,0.992463,1
D_0002210272,0,0.396875,1
D_0002211196,1,0.998559,1
D_0002211427,1,0.997971,1
D_0002211616,0,0.080206,0
D_0002211700,1,0.994560,1
D_0002212204,1,0.263993,1
D_0002212372,1,0.975971,1
D_0002213233,0,0.008488,0
D_0002213338,1,0.986019,1
D_0002213443,1,0.151030,0
D_0002213611,0,0.099767,0
D_0002214031,0,0.088298,0
D_0002214157,0,0.277828,1
D_0002214703,1,0.989901,1
D_0002215018,0,0.138120,0
D_0002215354,0,0.149617,0
D_0002215984,1,0.976339,1
D_0002216488,1,0.990790,1
D_0002216845,1,0.991428,1
D_0002217181,1,0.996716,1
D_0002217412,0,0.074359,0
D_0002217895,0,0.273414,1
D_0002218000,0,0.076574,0
D_0002218273,0,0.011944,0
D_0002218924,1,0.862835,1
D_0002219071,1,0.916165,1
D_0002219113,1,0.995727,1
D_0002219176,1,0.972726,1
D_0002220121,1,0.177317,0
D_0002220289,0,0.134885,0
D_0002220394,1,0.991071,1
D_0002220646,0,0.107147,0
D_0002220751,0,0.492048,1
D_0002221549,1,0.166201,0
D_0002222431,0,0.118120,0
D_0002222473,0,0.022217,0
D_0002223565,1,0.317697,1
D_0002224006,0,0.190869,0
D_0002224216,0,0.270859,1
D_0002224783,1,0.991128,1
D_0002225518,1,0.983679,1
D_0002225875,1,0.988369,1
D_0002225959,1,0.991952,1
D_0002226085,1,0.895259,1
D_0002226337,1,0.988005,1
D_0002226400,0,0.292932,1
D_0002226547,0,0.175582,0
D_0002227030,0,0.001237,0
D_0002227093,0,0.090614,0
D_0002227240,1,0.980581,1
D_0002227345,1,0.987693,1
D_0002227471,0,0.094767,0
D_0002227639,0,0.139574,0
D_0002228080,0,0.211950,0
D_0002228164,1,0.990666,1
D_0002228563,0,0.102336,0
D_0002228626,0,0.076090,0
D_0002228962,0,0.019081,0
D_0002229088,1,0.990006,1
D_0002229109,1,0.997625,1
D_0002229424,1,0.991765,1
D_0002230117,1,0.950537,1
D_0002230159,1,0.996592,1
D_0002230495,1,0.983496,1
D_0002230810,1,0.123532,0
D_0002230852,1,0.977880,1
D_0002230894,1,0.986650,1
D_0002230957,0,0.102745,0
D_0002231230,1,0.094621,0
D_0002231650,1,0.962255,1
D_0002231776,0,0.141099,0
D_0002232574,0,0.044011,0
D_0002233393,0,0.508946,1
D_0002233624,0,0.115937,0
D_0002233855,0,0.107581,0
D_0002234023,1,0.978022,1
D_0002234191,0,0.071719,0
D_0002234275,0,0.793563,1
D_0002234527,1,0.969814,1
D_0002234695,1,0.996124,1
D_0002234926,1,0.997791,1
D_0002235010,0,0.047943,0
D_0002235094,0,0.170567,0
D_0002235367,0,0.155497,0
D_0002235430,1,0.956684,1
D_0002236060,1,0.992664,1
D_0002236900,1,0.993068,1
D_0002237173,1,0.992006,1
D_0002237257,1,0.960964,1
D_0002237488,1,0.589038,1
D_0002238223,0,0.057039,0
D_0002238391,1,0.995838,1
D_0002238412,0,0.082411,0
D_0002238580,1,0.989379,1
D_0002238853,0,0.013114,0
D_0002239042,0,0.060851,0
D_0002239105,1,0.993644,1
D_0002239735,0,0.002633,0
D_0002240218,1,0.980225,1
D_0002241205,0,0.454042,1
D_0002241310,1,0.104006,0
D_0002242171,0,0.089654,0
D_0002242297,1,0.997592,1
D_0002242318,1,0.792658,1
D_0002242402,1,0.984299,1
D_0002242717,0,0.084196,0
D_0002242885,1,0.977632,1
D_0002243473,1,0.961060,1
D_0002244040,0,0.046569,0
D_0002244082,1,0.994872,1
D_0002244922,1,0.973970,1
D_0002245048,0,0.207059,0
D_0002245321,0,0.276866,1
D_0002245405,0,0.024606,0
D_0002245615,0,0.137028,0
D_0002246119,0,0.165230,0
D_0002246560,1,0.991883,1
D_0002246770,1,0.995969,1
D_0002247169,1,0.992418,1
D_0002247253,1,0.982034,1
D_0002247631,0,0.197253,0
D_0002248303,1,0.993152,1
D_0002248702,0,0.261798,1
D_0002248723,1,0.996103,1
D_0002249164,1,0.984411,1
D_0002249395,0,0.179751,0
D_0002249647,0,0.054925,0
D_0002249878,1,0.083996,0
D_0002250424,1,0.994343,1
D_0002250718,0,0.103893,0
D_0002251012,0,0.075086,0
D_0002251642,1,0.976821,1
D_0002252083,0,0.233906,0
D_0002252125,0,0.354996,1
D_0002252230,0,0.016349,0
D_0002253007,1,0.997297,1
D_0002253028,0,0.052713,0
D_0002253154,1,0.987533,1
D_0002253196,1,0.995548,1
D_0002253721,1,0.942652,1
D_0002253952,1,0.988578,1
D_0002254582,1,0.996942,1
D_0002254834,0,0.182481,0
D_0002254855,0,0.130447,0
D_0002255065,0,0.119464,0
D_0002255107,0,0.042309,0
D_0002255338,1,0.988227,1
D_0002255716,1,0.993543,1
D_0002255821,0,0.038973,0
D_0002256073,0,0.023454,0
D_0002256304,1,0.988052,1
D_0002256556,1,0.763283,1
D_0002256619,1,0.960383,1
D_0002256724,1,0.991257,1
D_0002256892,0,0.336595,1
D_0002257396,0,0.111888,0
D_0002257459,0,0.295126,1
D_0002257690,1,0.989702,1
D_0002258005,1,0.989887,1
D_0002258026,1,0.985706,1
D_0002258068,0,0.310892,1
D_0002258278,1,0.996732,1
D_0002258488,1,0.992619,1
D_0002258635,1,0.965865,1
D_0002259223,1,0.995271,1
D_0002259307,1,0.977575,1
D_0002259412,1,0.879932,1
D_0002259664,1,0.993819,1
D_0002260147,1,0.993629,1
D_0002260252,1,0.986098,1
D_0002260420,1,0.996473,1
D_0002260714,1,0.985912,1
D_0002260735,1,0.987756,1
D_0002261092,1,0.997443,1
D_0002261449,0,0.117413,0
D_0002261491,0,0.053919,0
D_0002261617,0,0.086979,0
D_0002261953,1,0.975568,1
D_0002261974,1,0.992656,1
D_0002262058,0,0.037713,0
D_0002262268,0,0.308309,1
D_0002262310,0,0.188859,0
D_0002262436,1,0.992144,1
D_0002262457,0,0.014350,0
D_0002262751,0,0.237330,0
D_0002263465,1,0.995061,1
D_0002263654,1,0.980853,1
D_0002263759,0,0.074383,0
D_0002263801,0,0.078043,0
D_0002263885,1,0.979236,1
D_0002264179,1,0.989375,1
D_0002264830,0,0.116693,0
D_0002265103,1,0.989061,1
D_0002265208,0,0.019960,0
D_0002265292,1,0.986323,1
D_0002265691,1,0.995219,1
D_0002266279,0,0.085282,0
D_0002267266,0,0.275383,1
D_0002267497,0,0.015397,0
D_0002267518,0,0.016798,0
D_0002267686,1,0.038137,0
D_0002268043,1,0.992157,1
D_0002268106,0,0.025411,0
D_0002268484,0,0.087573,0
D_0002268841,0,0.079821,0
D_0002269240,1,0.807532,1
D_0002269408,0,0.341990,1
D_0002269660,1,0.996731,1
D_0002271130,1,0.916225,1
D_0002271151,1,0.975918,1
D_0002271340,0,0.201964,0
D_0002271445,0,0.068121,0
D_0002271571,0,0.102090,0
D_0002271802,0,0.104877,0
D_0002271991,1,0.992545,1
D_0002272264,0,0.147263,0
D_0002272810,0,0.145253,0
D_0002272999,1,0.997420,1
D_0002273713,0,0.056682,0
D_0002273755,0,0.057737,0
D_0002273881,1,0.990603,1
D_0002273965,1,0.553475,1
D_0002274154,0,0.088444,0
D_0002274763,0,0.013348,0
D_0002275288,0,0.052831,0
D_0002275603,1,0.996858,1
D_0002275729,1,0.849079,1
D_0002276212,0,0.025779,0
D_0002276800,1,0.995921,1
D_0002277115,0,0.080510,0
D_0002277157,0,0.156049,0
D_0002277682,1,0.991989,1
D_0002277724,0,0.035254,0
D_0002278081,0,0.055348,0
D_0002278207,1,0.025382,0
D_0002278333,0,0.130674,0
D_0002278417,1,0.997124,1
D_0002278438,0,0.131529,0
D_0002278585,0,0.041264,0
D_0002278900,1,0.998215,1
D_0002279530,1,0.995368,1
D_0002279593,1,0.091249,0
D_0002279614,0,0.016907,0
D_0002279992,1,0.987811,1
D_0002280055,1,0.991361,1
D_0002280286,0,0.125848,0
D_0002280433,0,0.149769,0
D_0002280685,1,0.990409,1
D_0002280853,1,0.966827,1
D_0002280874,1,0.979785,1
D_0002280937,1,0.985734,1
D_0002281147,0,0.032884,0
D_0002281588,1,0.250253,0
D_0002281630,1,0.207615,0
D_0002281966,1,0.995558,1
D_0002282596,0,0.356345,1
D_0002282890,0,0.150163,0
D_0002283121,1,0.995565,1
D_0002283226,1,0.989136,1
D_0002283709,0,0.004739,0
D_0002284045,0,0.078043,0
D_0002284066,1,0.066646,0
D_0002284507,0,0.123396,0
D_0002284528,0,0.056458,0
D_0002284738,1,0.988060,1
D_0002284864,1,0.981603,1
D_0002284885,1,0.898214,1
D_0002285011,1,0.988780,1
D_0002285074,0,0.104582,0
D_0002285116,0,0.051606,0
D_0002285179,1,0.987430,1
D_0002285305,0,0.102542,0
D_0002285704,0,0.193346,0
D_0002285872,1,0.995678,1
D_0002286061,0,0.408408,1
D_0002286250,1,0.990436,1
D_0002286586,1,0.213982,0
D_0002287195,0,0.103466,0
D_0002287720,1,0.995986,1
D_0002287867,0,0.047012,0
D_0002288077,1,0.994576,1
D_0002288119,1,0.986350,1
D_0002288140,1,0.994798,1
D_0002289106,0,0.056262,0
D_0002289526,0,0.044490,0
D_0002289610,0,0.249237,0
D_0002290072,1,0.996808,1
D_0002290219,1,0.993280,1
D_0002290324,0,0.198426,0
D_0002290702,1,0.990579,1
D_0002291122,1,0.186201,0
D_0002291332,1,0.288974,1
D_0002291437,0,0.075445,0
D_0002291710,0,0.148789,0
D_0002291899,1,0.996245,1
D_0002292340,1,0.233961,0
D_0002292424,0,0.117092,0
D_0002292466,0,0.363581,1
D_0002292655,0,0.029327,0
D_0002293138,0,0.050694,0
D_0002293306,0,0.031410,0
D_0002293474,1,0.992852,1
D_0002293747,1,0.996262,1
D_0002294230,1,0.987345,1
D_0002294608,0,0.121826,0
D_0002295091,0,0.058391,0
D_0002295112,0,0.038805,0
D_0002295154,1,0.981645,1
D_0002295553,1,0.997969,1
D_0002295595,1,0.995941,1
D_0002295700,1,0.996408,1
D_0002295721,0,0.049581,0
D_0002295910,1,0.997238,1
D_0002296120,1,0.961081,1
D_0002296309,0,0.079356,0
D_0002296477,1,0.998188,1
D_0002296729,1,0.984833,1
D_0002296813,0,0.152823,0
D_0002297485,1,0.979648,1
D_0002297989,1,0.993076,1
D_0002298451,1,0.489039,1
D_0002298535,1,0.259088,1
D_0002298640,1,0.960761,1
D_0002298661,1,0.150206,0
D_0002298787,1,0.039217,0
D_0002299144,0,0.337989,1
D_0002299480,0,0.000205,0
D_0002299564,1,0.993935,1
D_0002299606,0,0.075908,0
D_0002299753,0,0.007505,0
D_0002299858,0,0.066048,0
D_0002300068,0,0.070767,0
D_0002300299,1,0.997661,1
D_0002300887,1,0.990144,1
D_0002301496,0,0.040682,0
D_0002301685,0,0.123853,0
D_0002302042,1,0.997604,1
D_0002302945,0,0.054733,0
D_0002303743,1,0.987987,1
D_0002303764,0,0.140450,0
D_0002303932,0,0.060251,0
D_0002303974,1,0.958123,1
D_0002304310,0,0.090351,0
D_0002304520,1,0.346164,1
D_0002304625,1,0.969901,1
D_0002304940,1,0.990549,1
D_0002305360,1,0.986266,1
D_0002306704,0,0.296616,1
D_0002307103,1,0.994624,1
D_0002307691,1,0.990536,1
D_0002307943,1,0.991669,1
D_0002308153,1,0.978778,1
D_0002308300,1,0.965001,1
D_0002308762,1,0.990095,1
D_0002309056,1,0.984093,1
D_0002309413,0,0.011115,0
D_0002310064,1,0.993009,1
D_0002310484,0,0.169163,0
D_0002311513,0,0.041978,0
D_0002311660,1,0.994368,1
D_0002311786,1,0.990325,1
D_0002311996,0,0.102787,0
D_0002312059,1,0.989815,1
D_0002312416,1,0.089121,0
D_0002312542,0,0.151897,0
D_0002312563,1,0.977867,1
D_0002312668,1,0.066933,0
D_0002312983,1,0.078226,0
D_0002313403,1,0.890025,1
D_0002313487,1,0.357902,1
D_0002313865,1,0.319330,1
D_0002313886,0,0.102060,0
D_0002314033,1,0.992382,1
D_0002314306,0,0.036855,0
D_0002315083,1,0.977991,1
D_0002315125,0,0.050692,0
D_0002315272,1,0.996792,1
D_0002315461,0,0.157965,0
D_0002315566,1,0.995357,1
D_0002315608,1,0.992543,1
D_0002315629,1,0.998416,1
D_0002316196,0,0.038744,0
D_0002316364,1,0.149464,0
D_0002316511,1,0.990737,1
D_0002316637,0,0.092786,0
D_0002317036,0,0.262231,1
D_0002317078,0,0.109070,0
D_0002317372,0,0.100006,0
D_0002317687,1,0.995184,1
D_0002317813,1,0.588294,1
D_0002317876,0,0.062367,0
D_0002318170,1,0.964757,1
D_0002318212,1,0.990930,1
D_0002318317,1,0.585127,1
D_0002318632,0,0.064067,0
D_0002319157,1,0.940113,1
D_0002319493,0,0.033653,0
D_0002319892,1,0.997027,1
D_0002320018,1,0.990023,1
D_0002320354,1,0.988792,1
D_0002320522,0,0.024740,0
D_0002320732,0,0.142963,0
D_0002321740,1,0.118797,0
D_0002321971,1,0.252147,1
D_0002322097,1,0.994154,1
D_0002322559,1,0.976045,1
D_0002322790,0,0.021537,0
D_0002322937,1,0.941942,1
D_0002323084,1,0.988418,1
D_0002323147,1,0.725052,1
D_0002323567,0,0.033067,0
D_0002323840,1,0.986382,1
D_0002324008,0,0.055833,0
D_0002324092,1,0.992069,1
D_0002324239,0,0.147712,0
D_0002324512,1,0.976837,1
D_0002324617,0,0.147309,0
D_0002324869,0,0.158919,0
D_0002324890,1,0.994929,1
D_0002324974,1,0.987066,1
D_0002325205,1,0.966625,1
D_0002325604,0,0.039737,0
D_0002325625,1,0.987743,1
D_0002326108,1,0.992517,1
D_0002326150,0,0.029904,0
D_0002326591,0,0.128649,0
D_0002326885,1,0.969116,1
D_0002326948,1,0.973653,1
D_0002327872,1,0.979478,1
D_0002329027,1,0.259873,1
D_0002330476,0,0.138939,0
D_0002330791,1,0.995456,1
D_0002330812,0,0.014378,0
D_0002330854,0,0.038248,0
D_0002331463,0,0.120767,0
D_0002331757,0,0.141886,0
D_0002332219,0,0.107218,0
D_0002332513,1,0.930021,1
D_0002333626,1,0.994115,1
D_0002333857,0,0.355117,1
D_0002333962,0,0.152471,0
D_0002334928,1,0.995029,1
D_0002334991,0,0.626303,1
D_0002335201,1,0.549362,1
D_0002335621,1,0.366004,1
D_0002335684,0,0.404509,1
D_0002335747,1,0.987493,1
D_0002336608,0,0.382180,1
D_0002336839,0,0.178175,0
D_0002337175,1,0.988298,1
D_0002337280,1,0.114091,0
D_0002337385,1,0.994922,1
D_0002337469,1,0.986320,1
D_0002337679,1,0.996229,1
D_0002337868,0,0.289413,1
D_0002338246,1,0.993220,1
D_0002338582,0,0.102097,0
D_0002339107,0,0.315822,1
D_0002339233,1,0.984286,1
D_0002339254,0,0.193331,0
D_0002340661,0,0.219915,0
D_0002340682,0,0.766242,1
D_0002340808,1,0.867658,1
D_0002340850,1,0.989605,1
D_0002340913,1,0.986728,1
D_0002340976,0,0.047244,0
D_0002341501,1,0.992840,1
D_0002341669,1,0.996771,1
D_0002342530,0,0.191700,0
D_0002342761,1,0.979801,1
D_0002343181,0,0.112116,0
D_0002343202,1,0.996764,1
D_0002343538,1,0.995021,1
D_0002343685,1,0.990361,1
D_0002343706,1,0.973402,1
D_0002344126,0,0.186327,0
D_0002344756,1,0.995319,1
D_0002345218,0,0.420948,1
D_0002345806,0,0.093213,0
D_0002346709,0,0.076914,0
D_0002347003,0,0.090028,0
D_0002347297,1,0.100852,0
D_0002347339,0,0.111078,0
D_0002348515,0,0.014811,0
D_0002348746,1,0.992914,1
D_0002348767,1,0.142025,0
D_0002349145,1,0.991186,1
D_0002349292,0,0.113162,0
D_0002349691,1,0.972400,1
D_0002349943,0,0.173177,0
D_0002350090,0,0.113290,0
D_0002350258,0,0.137705,0
D_0002350300,1,0.991390,1
D_0002350552,1,0.990781,1
D_0002350699,1,0.992724,1
D_0002350720,0,0.199491,0
D_0002350888,1,0.991360,1
D_0002351266,0,0.127638,0
D_0002351308,0,0.445563,1
D_0002351791,1,0.990283,1
D_0002351812,1,0.991793,1
D_0002351896,1,0.971703,1
D_0002352589,0,0.132803,0
D_0002352610,1,0.970311,1
D_0002353051,0,0.186870,0
D_0002353345,1,0.971135,1
D_0002353408,1,0.940674,1
D_0002353534,0,0.261046,1
D_0002354080,1,0.993384,1
D_0002354647,1,0.177599,0
D_0002354836,1,0.995182,1
D_0002354899,0,0.064951,0
D_0002355004,0,0.000996,0
D_0002355739,0,0.046115,0
D_0002356579,1,0.953044,1
D_0002356726,1,0.987621,1
D_0002356768,0,0.079096,0
D_0002356894,1,0.984396,1
D_0002357041,1,0.994814,1
D_0002357125,0,0.007537,0
D_0002357881,0,0.117648,0
D_0002358343,0,0.030536,0
D_0002358595,0,0.217984,0
D_0002358658,0,0.058286,0
D_0002358805,1,0.985929,1
D_0002358826,1,0.994488,1
D_0002359204,0,0.071011,0
D_0002360317,1,0.989225,1
D_0002360401,0,0.032700,0
D_0002360569,0,0.015109,0
D_0002360632,1,0.987043,1
D_0002361115,0,0.072804,0
D_0002362207,0,0.109763,0
D_0002362396,0,0.055399,0
D_0002362627,0,0.046839,0
D_0002363341,1,0.996181,1
D_0002363614,1,0.963903,1
D_0002363950,0,0.159816,0
D_0002364139,0,0.143315,0
D_0002364349,0,0.076388,0
D_0002364664,0,0.122167,0
D_0002364895,1,0.191027,0
D_0002365105,1,0.876234,1
D_0002365168,0,0.095776,0
D_0002365189,1,0.996073,1
D_0002365315,0,0.088505,0
D_0002365651,1,0.994261,1
D_0002366218,1,0.995738,1
D_0002366974,0,0.346999,1
D_0002367058,1,0.980546,1
D_0002367142,0,0.008944,0
D_0002368066,0,0.155019,0
D_0002368486,1,0.924394,1
D_0002368843,1,0.217443,0
D_0002369221,1,0.995041,1
D_0002369305,1,0.991572,1
D_0002369578,1,0.990676,1
D_0002369977,1,0.994677,1
D_0002370313,1,0.994986,1
D_0002370481,1,0.995526,1
D_0002370670,1,0.991622,1
D_0002370733,1,0.992751,1
D_0002370985,0,0.095867,0
D_0002371258,0,0.159880,0
D_0002371657,0,0.060015,0
D_0002371762,1,0.990665,1
D_0002372161,1,0.306377,1
D_0002372518,1,0.988923,1
D_0002372749,0,0.420219,1
D_0002373694,1,0.996659,1
D_0002373841,1,0.994524,1
D_0002374093,0,0.071857,0
D_0002374135,1,0.987272,1
D_0002374912,1,0.988395,1
D_0002374975,0,0.048920,0
D_0002375164,0,0.100852,0
D_0002376088,1,0.990110,1
D_0002376466,1,0.995749,1
D_0002376949,1,0.997686,1
D_0002377222,1,0.989945,1
D_0002377747,0,0.118783,0
D_0002377957,0,0.040860,0
D_0002377978,0,0.109835,0
D_0002378125,1,0.985709,1
D_0002378524,1,0.998874,1
D_0002378671,1,0.977618,1
D_0002379049,1,0.990368,1
D_0002379175,0,0.047098,0
D_0002379322,1,0.982436,1
D_0002380015,0,0.129066,0
D_0002380183,1,0.972538,1
D_0002380771,1,0.981767,1
D_0002381044,0,0.370504,1
D_0002381632,1,0.989582,1
D_0002381674,0,0.005592,0
D_0002382094,1,0.988946,1
D_0002382262,1,0.992737,1
D_0002383270,0,0.250621,1
D_0002383417,0,0.125584,0
D_0002383963,0,0.078290,0
D_0002384152,0,0.149439,0
D_0002384803,1,0.993268,1
D_0002385160,0,0.108078,0
D_0002386231,1,0.958822,1
D_0002386819,1,0.995066,1
D_0002387008,0,0.157842,0
D_0002387134,1,0.996832,1
D_0002387932,1,0.990897,1
D_0002389297,1,0.993318,1
D_0002389885,1,0.994709,1
D_0002389927,1,0.987103,1
D_0002390053,0,0.127197,0
D_0002390410,0,0.091302,0
D_0002390431,1,0.966850,1
D_0002390578,1,0.985969,1
D_0002390704,0,0.063555,0
D_0002390893,1,0.773806,1
D_0002391544,0,0.095483,0
D_0002391607,0,0.071831,0
D_0002392363,1,0.983964,1
D_0002392615,1,0.992571,1
D_0002392762,1,0.990462,1
D_0002393203,0,0.017279,0
D_0002393791,0,0.081886,0
D_0002394043,0,0.215099,0
D_0002394274,1,0.980836,1
D_0002394337,0,0.012598,0
D_0002394463,0,0.283153,1
D_0002394652,0,0.043205,0
D_0002394946,0,0.108309,0
D_0002395723,1,0.986356,1
D_0002395765,1,0.994823,1
D_0002396164,0,0.457882,1
D_0002396941,1,0.990079,1
D_0002397298,1,0.234263,0
D_0002397361,0,0.023358,0
D_0002397655,1,0.995392,1
D_0002397865,1,0.986316,1
D_0002398117,1,0.995771,1
D_0002398222,1,0.977104,1
D_0002398243,1,0.996123,1
D_0002398285,1,0.971072,1
D_0002398390,0,0.014551,0
D_0002398495,1,0.990190,1
D_0002398810,1,0.991068,1
D_0002398957,1,0.259307,1
D_0002399965,1,0.979670,1
D_0002400805,1,0.942943,1
D_0002400889,0,0.148373,0
D_0002401141,0,0.271786,1
D_0002401162,0,0.043101,0
D_0002401519,0,0.043739,0
D_0002401897,1,0.997814,1
D_0002401918,0,0.069934,0
D_0002402023,0,0.038290,0
D_0002402275,1,0.997420,1
D_0002402506,1,0.974902,1
D_0002403661,0,0.023502,0
D_0002403808,0,0.326480,1
D_0002403934,0,0.393058,1
D_0002404291,1,0.997805,1
D_0002404459,1,0.992197,1
D_0002404858,1,0.994502,1
D_0002405110,1,0.096162,0
D_0002405194,1,0.994315,1
D_0002405236,0,0.020394,0
D_0002405467,1,0.991822,1
D_0002405761,0,0.242991,0
D_0002405824,1,0.963085,1
D_0002406118,1,0.993657,1
D_0002406181,1,0.997546,1
D_0002406223,1,0.995578,1
D_0002406412,1,0.996910,1
D_0002406517,1,0.486913,1
D_0002406622,1,0.995893,1
D_0002406643,1,0.997390,1
D_0002406958,0,0.063729,0
D_0002407315,0,0.038850,0
D_0002407546,0,0.098931,0
D_0002407819,1,0.993820,1
D_0002407861,0,0.138808,0
D_0002407966,0,0.469107,1
D_0002409016,0,0.985920,1
D_0002409142,0,0.506733,1
D_0002409226,0,0.095653,0
D_0002409289,0,0.119349,0
D_0002409982,1,0.996865,1
D_0002410150,1,0.965531,1
D_0002410318,0,0.014231,0
D_0002410696,0,0.034534,0
D_0002411326,0,0.095932,0
D_0002411368,0,0.132785,0
D_0002411578,0,0.054549,0
D_0002411620,0,0.061346,0
D_0002411767,0,0.132586,0
D_0002412418,0,0.003423,0
D_0002413216,1,0.996184,1
D_0002413321,1,0.045854,0
D_0002413531,0,0.400052,1
D_0002413636,0,0.091616,0
D_0002413678,1,0.992163,1
D_0002413867,1,0.941198,1
D_0002414014,1,0.513131,1
D_0002414896,1,0.960301,1
D_0002414980,1,0.940282,1
D_0002415925,1,0.992638,1
D_0002415946,1,0.973211,1
D_0002416177,1,0.978092,1
D_0002416702,1,0.996292,1
D_0002417563,0,0.050665,0
D_0002417626,1,0.911338,1
D_0002417731,0,0.167648,0
D_0002417815,1,0.991563,1
D_0002417941,0,0.105438,0
D_0002418004,1,0.980407,1
D_0002418340,0,0.254595,1
D_0002418739,1,0.992950,1
D_0002418991,0,0.081435,0
D_0002419054,0,0.280348,1
D_0002419138,0,0.020504,0
D_0002419285,1,0.996684,1
D_0002419390,0,0.049569,0
D_0002420062,1,0.996921,1
D_0002422288,0,0.103889,0
D_0002422330,0,0.904303,1
D_0002422897,1,0.993605,1
D_0002423128,0,0.118904,0
D_0002423212,1,0.432804,1
D_0002423590,0,0.000770,0
D_0002423611,0,0.129157,0
D_0002423653,1,0.096198,0
D_0002423821,1,0.996418,1
D_0002423947,0,0.013130,0
D_0002424283,1,0.997630,1
D_0002424388,1,0.995306,1
D_0002424766,1,0.291570,1
D_0002424892,1,0.982450,1
D_0002424913,1,0.968120,1
D_0002425207,0,0.010983,0
D_0002425375,0,0.201365,0
D_0002425711,0,0.109890,0
D_0002426089,1,0.998058,1
D_0002426320,0,0.055060,0
D_0002426761,1,0.997626,1
D_0002427307,1,0.993935,1
D_0002427580,1,0.989672,1
D_0002427853,1,0.984082,1
D_0002428021,1,0.039365,0
D_0002428252,0,0.010358,0
D_0002428861,0,0.333340,1
D_0002429092,1,0.969667,1
D_0002429260,1,0.944790,1
D_0002429617,1,0.983289,1
D_0002429785,1,0.987614,1
D_0002429869,0,0.138587,0
D_0002430436,1,0.343009,1
D_0002430730,1,0.881909,1
D_0002430751,1,0.986597,1
D_0002431423,1,0.934350,1
D_0002431486,1,0.452452,1
D_0002431843,1,0.987283,1
D_0002432431,1,0.991204,1
D_0002432515,0,0.089506,0
D_0002433397,0,0.205587,0
D_0002433754,0,0.233322,0
D_0002433775,1,0.994153,1
D_0002433817,0,0.023002,0
D_0002433901,1,0.038866,0
D_0002433964,1,0.996178,1
D_0002434867,1,0.126809,0
D_0002435623,1,0.989589,1
D_0002435959,1,0.311789,1
D_0002436064,0,0.104255,0
D_0002436463,1,0.993090,1
D_0002436715,0,0.027979,0
D_0002437030,0,0.092036,0
D_0002437093,1,0.995571,1
D_0002437345,0,0.104551,0
D_0002437597,0,0.131096,0
D_0002437723,1,0.990513,1
D_0002437870,0,0.068870,0
D_0002437975,1,0.295818,1
D_0002438080,1,0.502345,1
D_0002438164,1,0.994749,1
D_0002438395,0,0.025173,0
D_0002438416,0,0.151795,0
D_0002438836,0,0.225941,0
D_0002438878,1,0.984313,1
D_0002439193,1,0.989431,1
D_0002439424,1,0.171673,0
D_0002439802,1,0.992654,1
D_0002439823,1,0.996275,1
D_0002440159,1,0.993476,1
D_0002440663,0,0.092246,0
D_0002440789,1,0.187588,0
D_0002440852,1,0.989948,1
D_0002441104,1,0.997428,1
D_0002441167,1,0.993374,1
D_0002441251,1,0.996429,1
D_0002441587,1,0.991517,1
D_0002441671,0,0.069691,0
D_0002442469,0,0.310144,1
D_0002442700,0,0.098561,0
D_0002442868,0,0.011917,0
D_0002443162,1,0.990706,1
D_0002443771,1,0.996662,1
D_0002443834,0,0.026484,0
D_0002443876,0,0.131298,0
D_0002444002,1,0.996834,1
D_0002444506,1,0.300068,1
D_0002444590,0,0.111165,0
D_0002445094,0,0.043952,0
D_0002445430,0,0.021281,0
D_0002446207,1,0.506120,1
D_0002446438,0,0.201037,0
D_0002446606,1,0.992530,1
D_0002447068,1,0.985929,1
D_0002447698,0,0.355449,1
D_0002448181,1,0.995781,1
D_0002448244,1,0.122316,0
D_0002448853,1,0.995058,1
D_0002449315,0,0.154088,0
D_0002449651,0,0.016585,0
D_0002449882,0,0.075105,0
D_0002450239,1,0.995206,1
D_0002450743,1,0.976162,1
D_0002451226,0,0.593580,1
D_0002451247,1,0.865921,1
D_0002451961,0,0.013066,0
D_0002452108,1,0.995754,1
D_0002452192,1,0.961222,1
D_0002452822,1,0.969966,1
D_0002453116,1,0.993457,1
D_0002453620,1,0.986639,1
D_0002453662,1,0.902834,1
D_0002453788,1,0.995676,1
D_0002453830,1,0.994443,1
D_0002453893,1,0.997545,1
D_0002453977,0,0.135017,0
D_0002454586,0,0.015516,0
D_0002454649,1,0.996785,1
D_0002454733,1,0.129191,0
D_0002455258,0,0.041387,0
D_0002455321,0,0.129989,0
D_0002455405,0,0.177988,0
D_0002455426,0,0.189483,0
D_0002456119,1,0.979294,1
D_0002456497,0,0.305804,1
D_0002456749,1,0.994504,1
D_0002456875,0,0.001706,0
D_0002457673,1,0.249047,0
D_0002458114,0,0.057732,0
D_0002458471,0,0.207211,0
D_0002458618,1,0.994785,1
D_0002458828,1,0.991661,1
D_0002459122,1,0.997386,1
D_0002459311,0,0.257500,1
D_0002460151,0,0.121463,0
D_0002460235,1,0.995654,1
D_0002460844,0,0.027000,0
D_0002460991,0,0.124928,0
D_0002461327,0,0.025184,0
D_0002461495,1,0.064753,0
D_0002461663,0,0.069548,0
D_0002462272,1,0.987451,1
D_0002462293,1,0.849411,1
D_0002463637,0,0.063951,0
D_0002463889,1,0.996801,1
D_0002463931,1,0.961883,1
D_0002464267,0,0.374303,1
D_0002464351,1,0.976751,1
D_0002464540,1,0.996052,1
D_0002464582,0,0.049286,0
D_0002464708,1,0.430713,1
D_0002464729,1,0.994048,1
D_0002465674,1,0.084736,0
D_0002465758,1,0.972764,1
D_0002465779,1,0.992124,1
D_0002465800,0,0.162026,0
D_0002465947,1,0.990536,1
D_0002466283,0,0.277216,1
D_0002466325,1,0.997264,1
D_0002466388,1,0.991670,1
D_0002466514,1,0.106633,0
D_0002466535,1,0.995431,1
D_0002466556,1,0.981737,1
D_0002466598,1,0.995768,1
D_0002466808,1,0.991506,1
D_0002466892,0,0.513131,1
D_0002466934,0,0.129960,0
D_0002467060,1,0.992438,1
D_0002467396,0,0.050881,0
D_0002467795,1,0.060397,0
D_0002468005,1,0.147519,0
D_0002468173,0,0.230912,0
D_0002468551,1,0.996459,1
D_0002468614,1,0.989754,1
D_0002468887,0,0.258447,1
D_0002469475,0,0.136531,0
D_0002469496,0,0.086027,0
D_0002469958,0,0.149791,0
D_0002470042,0,0.046352,0
D_0002470672,1,0.972227,1
D_0002471155,1,0.951759,1
D_0002471365,1,0.252548,1
D_0002471869,0,0.018164,0
D_0002472121,0,0.210053,0
D_0002472625,0,0.105825,0
D_0002473087,1,0.088006,0
D_0002473675,1,0.995841,1
D_0002473759,0,0.800324,1
D_0002473801,0,0.046285,0
D_0002474494,1,0.989083,1
D_0002474914,1,0.980408,1
D_0002475124,1,0.986842,1
D_0002475733,0,0.092223,0
D_0002476153,0,0.030607,0
D_0002476237,0,0.017629,0
D_0002476762,0,0.133517,0
D_0002477224,0,0.009878,0
D_0002477308,1,0.987242,1
D_0002477497,1,0.984567,1
D_0002477623,1,0.992855,1
D_0002477791,1,0.925802,1
D_0002478022,1,0.993598,1
D_0002479198,0,0.421593,1
D_0002479324,0,0.013825,0
D_0002479618,0,0.034070,0
D_0002479849,0,0.347455,1
D_0002480206,1,0.966787,1
D_0002480290,1,0.989647,1
D_0002480920,0,0.089766,0
D_0002481130,1,0.997790,1
D_0002481592,1,0.994254,1
D_0002481634,1,0.990255,1
D_0002481718,1,0.854467,1
D_0002482054,1,0.994847,1
D_0002482201,1,0.144561,0
D_0002482516,0,0.095679,0
D_0002482684,1,0.987623,1
D_0002482852,0,0.071168,0
D_0002482936,0,0.000000,0
D_0002483545,0,0.073519,0
D_0002483629,0,0.075602,0
D_0002483818,0,0.032234,0
D_0002484217,0,0.008699,0
D_0002484238,0,0.006641,0
D_0002484658,0,0.091022,0
D_0002484931,1,0.996967,1
D_0002485183,1,0.985826,1
D_0002485435,0,0.340523,1
D_0002485792,0,0.130838,0
D_0002485855,1,0.049852,0
D_0002486212,0,0.067516,0
D_0002487178,1,0.991949,1
D_0002487262,0,0.023854,0
D_0002487388,1,0.338524,1
D_0002487703,1,0.127709,0
D_0002488837,1,0.920518,1
D_0002489194,1,0.998026,1
D_0002489530,1,0.982337,1
D_0002489551,1,0.986285,1
D_0002489656,0,0.046605,0
D_0002490013,1,0.994104,1
D_0002490160,0,0.023298,0
D_0002490769,0,0.029198,0
D_0002491105,0,0.142669,0
D_0002491252,1,0.985497,1
D_0002491462,1,0.154431,0
D_0002491798,0,0.054377,0
D_0002492281,0,0.051778,0
D_0002492575,0,0.101475,0
D_0002492827,0,0.303583,1
D_0002492953,1,0.977778,1
D_0002493205,0,0.005924,0
D_0002493289,0,0.026327,0
D_0002493331,1,0.995059,1
D_0002494486,1,0.783672,1
D_0002494738,0,0.016188,0
D_0002494780,0,0.107527,0
D_0002495872,1,0.994542,1
D_0002496607,1,0.159750,0
D_0002496649,0,0.109053,0
D_0002496922,1,0.980265,1
D_0002498623,1,0.984920,1
D_0002498854,0,0.267400,1
D_0002499421,0,0.393916,1
D_0002499526,0,0.328372,1
D_0002499673,1,0.189335,0
D_0002499883,1,0.996584,1
D_0002500072,0,0.029249,0
D_0002500723,1,0.994677,1
D_0002500870,0,0.027377,0
D_0002500975,0,0.165849,0
D_0002501227,1,0.992541,1
D_0002501773,0,0.312615,1
D_0002502445,1,0.995720,1
D_0002502739,1,0.353613,1
D_0002502865,1,0.996571,1
D_0002503180,0,0.199323,0
D_0002503432,0,0.013395,0
D_0002503642,0,0.146462,0
D_0002503747,0,0.084436,0
D_0002503915,1,0.985445,1
D_0002504062,0,0.020269,0
D_0002504146,1,0.982201,1
D_0002504923,1,0.291633,1
D_0002504986,1,0.990641,1
D_0002505406,1,0.983213,1
D_0002505700,0,0.046126,0
D_0002505784,1,0.973748,1
D_0002506666,1,0.994957,1
D_0002506918,1,0.992253,1
D_0002507044,0,0.064042,0
D_0002507506,0,0.143467,0
D_0002507653,0,0.431936,1
D_0002507821,1,0.936071,1
D_0002507884,0,0.067264,0
D_0002507926,1,0.987187,1
D_0002508052,0,0.069029,0
D_0002508892,0,0.352156,1
D_0002509501,1,0.985666,1
D_0002509711,0,0.079038,0
D_0002510278,1,0.985632,1
D_0002510467,0,0.947051,1
D_0002510530,1,0.957855,1
D_0002510887,1,0.998542,1
D_0002511559,0,0.474788,1
D_0002511580,0,0.158033,0
D_0002511727,1,0.976958,1
D_0002511790,1,0.996036,1
D_0002511916,1,0.992108,1
D_0002512042,1,0.996704,1
D_0002512651,0,0.003062,0
D_0002512840,1,0.147136,0
D_0002512966,1,0.988100,1
D_0002513218,0,0.049537,0
D_0002513449,1,0.969030,1
D_0002513638,1,0.987349,1
D_0002513953,0,0.070084,0
D_0002513995,1,0.994429,1
D_0002514079,1,0.997782,1
D_0002514583,1,0.990851,1
D_0002514625,1,0.970085,1
D_0002515297,1,0.996712,1
D_0002515591,1,0.929111,1
D_0002516830,0,0.041942,0
D_0002516872,1,0.997774,1
D_0002516998,1,0.995607,1
D_0002517040,0,0.041156,0
D_0002517061,0,0.048855,0
D_0002517082,0,0.067169,0
D_0002517628,1,0.994684,1
D_0002517775,0,0.183858,0
D_0002518237,0,0.000621,0
D_0002519371,0,0.051059,0
D_0002519392,0,0.018559,0
D_0002519812,0,0.011303,0
D_0002520232,1,0.997566,1
D_0002520505,0,0.077232,0
D_0002521933,0,0.105084,0
D_0002522416,1,0.993046,1
D_0002522668,1,0.994919,1
D_0002522689,1,0.997170,1
D_0002522815,0,0.186412,0
D_0002522941,0,0.224690,0
D_0002522983,0,0.024948,0
D_0002523550,0,0.009479,0
D_0002523802,1,0.993682,1
D_0002525986,0,0.004946,0
D_0002526133,0,0.536697,1
D_0002526175,1,0.996547,1
D_0002526280,1,0.992302,1
D_0002526343,1,0.987312,1
D_0002526847,0,0.202632,0
D_0002527057,0,0.226633,0
D_0002528590,1,0.996844,1
D_0002528737,1,0.981833,1
D_0002529073,0,0.111141,0
D_0002529451,0,0.031658,0
D_0002529598,0,0.194905,0
D_0002529892,1,0.992441,1
D_0002530081,1,0.988425,1
D_0002530501,1,0.989528,1
D_0002530921,1,0.109417,0
D_0002531194,1,0.974922,1
D_0002531467,0,0.082819,0
D_0002531551,0,0.052631,0
D_0002531929,1,0.993703,1
D_0002532118,1,0.981211,1
D_0002532139,0,0.349309,1
D_0002532223,1,0.241131,0
D_0002532391,1,0.513039,1
D_0002533504,1,0.988422,1
D_0002533609,1,0.071600,0
D_0002533756,1,0.993606,1
D_0002533861,0,0.146222,0
D_0002534344,0,0.118751,0
D_0002535478,1,0.894727,1
D_0002535646,1,0.996053,1
D_0002535709,1,0.997900,1
D_0002536045,1,0.981926,1
D_0002536255,0,0.790642,1
D_0002536675,1,0.995057,1
D_0002536822,1,0.205122,0
D_0002538229,0,0.366245,1
D_0002538250,1,0.991568,1
D_0002538670,0,0.115794,0
D_0002538733,1,0.991447,1
D_0002538796,0,0.148464,0
D_0002539279,1,0.992882,1
D_0002539678,0,0.173187,0
D_0002539909,0,0.099555,0
D_0002539951,1,0.984402,1
D_0002540098,1,0.987066,1
D_0002540203,1,0.995283,1
D_0002540749,0,0.128607,0
D_0002541547,1,0.988177,1
D_0002542261,0,0.061976,0
D_0002542576,1,0.427289,1
D_0002542597,1,0.984208,1
D_0002542912,1,0.994356,1
D_0002543521,1,0.943654,1
D_0002543542,0,0.063136,0
D_0002543668,0,0.050264,0
D_0002543878,1,0.989889,1
D_0002544088,1,0.988160,1
D_0002544382,1,0.959189,1
D_0002545159,0,0.064316,0
D_0002545180,0,0.095825,0
D_0002545348,1,0.072544,0
D_0002545558,1,0.963709,1
D_0002545789,0,0.156994,0
D_0002545957,1,0.998116,1
D_0002546104,0,0.048662,0
D_0002546335,1,0.989780,1
D_0002546650,1,0.929051,1
D_0002546671,0,0.022428,0
D_0002546818,1,0.986961,1
D_0002546881,0,0.185342,0
D_0002547133,1,0.994709,1
D_0002547385,0,0.039092,0
D_0002547574,0,0.067468,0
D_0002547763,1,0.984914,1
D_0002548036,1,0.993059,1
D_0002548435,1,0.992502,1
D_0002549506,1,0.992431,1
D_0002549674,0,0.204336,0
D_0002549695,1,0.998670,1
D_0002549884,1,0.988568,1
D_0002550430,0,0.126516,0
D_0002550556,1,0.994424,1
D_0002550976,1,0.988935,1
D_0002551081,0,0.015834,0
D_0002551165,1,0.987850,1
D_0002551606,1,0.986427,1
D_0002551921,1,0.993506,1
D_0002552215,1,0.997503,1
D_0002552467,1,0.997433,1
D_0002552782,0,0.103138,0
D_0002553433,1,0.985199,1
D_0002553517,0,0.085389,0
D_0002553580,0,0.042888,0
D_0002553895,1,0.038453,0
D_0002553916,1,0.996999,1
D_0002554273,0,0.125741,0
D_0002554357,1,0.998502,1
D_0002554441,1,0.994009,1
D_0002554735,0,0.063263,0
D_0002554882,0,0.147977,0
D_0002554924,1,0.989972,1
D_0002555176,1,0.034459,0
D_0002556583,1,0.988802,1
D_0002557213,1,0.995607,1
D_0002557780,0,0.156012,0
D_0002557990,0,0.013296,0
D_0002558494,0,0.018477,0
D_0002558599,0,0.051524,0
D_0002558620,0,0.032852,0
D_0002558683,1,0.471715,1
D_0002559544,0,0.040645,0
D_0002560111,1,0.896350,1
D_0002560468,0,0.165187,0
D_0002560741,0,0.038449,0
D_0002562820,0,0.049156,0
D_0002563030,0,0.138166,0
D_0002563072,0,0.186016,0
D_0002563366,1,0.996670,1
D_0002563828,0,0.054751,0
D_0002564689,0,0.109059,0
D_0002564941,0,0.017701,0
D_0002565634,1,0.992940,1
D_0002565949,1,0.988175,1
D_0002566264,1,0.990432,1
D_0002567125,1,0.924126,1
D_0002567608,1,0.258042,1
D_0002567671,1,0.995880,1
D_0002568049,0,0.097597,0
D_0002568385,0,0.009557,0
D_0002568658,1,0.976201,1
D_0002569141,0,0.049640,0
D_0002569267,1,0.993797,1
D_0002569393,1,0.994780,1
D_0002569540,1,0.966026,1
D_0002569645,1,0.962287,1
D_0002569687,1,0.996606,1
D_0002570296,1,0.996448,1
D_0002570758,1,0.966946,1
D_0002570884,0,0.140216,0
D_0002571031,0,0.106810,0
D_0002572039,0,0.066535,0
D_0002572060,0,0.060463,0
D_0002572438,1,0.995770,1
D_0002572921,0,0.072798,0
D_0002573488,0,0.027666,0
D_0002573824,0,0.154650,0
D_0002574328,1,0.988904,1
D_0002574748,1,0.987932,1
D_0002574832,1,0.513131,1
D_0002575063,0,0.019487,0
D_0002575084,1,0.994499,1
D_0002575315,0,0.030037,0
D_0002575819,1,0.973209,1
D_0002576575,0,0.091044,0
D_0002576638,1,0.175226,0
D_0002577499,1,0.997466,1
D_0002577604,1,0.785575,1
D_0002578108,1,0.992419,1
D_0002578171,1,0.995034,1
D_0002578318,1,0.987352,1
D_0002578402,0,0.039957,0
D_0002578570,0,0.032840,0
D_0002578759,1,0.991825,1
D_0002579116,0,0.611883,1
D_0002579662,1,0.992282,1
D_0002580481,1,0.996992,1
D_0002580838,1,0.989248,1
D_0002580985,1,0.987893,1
D_0002581153,1,0.046301,0
D_0002581363,1,0.975567,1
D_0002581615,0,0.012443,0
D_0002581741,0,0.048834,0
D_0002583169,1,0.991445,1
D_0002583694,1,0.995088,1
D_0002583736,0,0.281218,1
D_0002584807,1,0.994156,1
D_0002584933,0,0.057583,0
D_0002584975,0,0.034577,0
D_0002585206,0,0.066971,0
D_0002585479,1,0.994882,1
D_0002585563,1,0.982509,1
D_0002585710,0,0.067581,0
D_0002586592,0,0.184176,0
D_0002586697,1,0.994959,1
D_0002587306,1,0.995869,1
D_0002587621,1,0.981834,1
D_0002587789,0,0.080814,0
D_0002587873,0,0.241287,0
D_0002588020,1,0.988891,1
D_0002588776,0,0.254582,1
D_0002589133,0,0.032128,0
D_0002589784,1,0.988047,1
D_0002590918,0,0.136330,0
D_0002591338,1,0.991623,1
D_0002591443,1,0.991746,1
D_0002591506,1,0.967363,1
D_0002591947,1,0.149155,0
D_0002591968,0,0.107438,0
D_0002592136,0,0.248719,0
D_0002592346,1,0.993840,1
D_0002592367,0,0.136178,0
D_0002592745,1,0.995622,1
D_0002592808,1,0.115960,0
D_0002592976,1,0.872468,1
D_0002593312,0,0.043296,0
D_0002593459,0,0.037846,0
D_0002593732,1,0.995277,1
D_0002593900,1,0.996206,1
D_0002594152,1,0.014752,0
D_0002594341,1,0.983579,1
D_0002594908,1,0.992272,1
D_0002595097,1,0.228239,0
D_0002595370,1,0.993507,1
D_0002596105,1,0.996841,1
D_0002597071,0,0.192213,0
D_0002597260,0,0.022964,0
D_0002598205,1,0.998029,1
D_0002598415,0,0.119222,0
D_0002598646,1,0.977805,1
D_0002598814,0,0.180041,0
D_0002598835,0,0.083570,0
D_0002599738,0,0.014129,0
D_0002599801,0,0.167726,0
D_0002599948,1,0.992449,1
D_0002600074,1,0.978563,1
D_0002600116,1,0.150340,0
D_0002600179,0,0.139823,0
D_0002600305,0,0.109923,0
D_0002600557,0,0.083045,0
D_0002600788,1,0.981281,1
D_0002600830,1,0.995090,1
D_0002601145,0,0.092305,0
D_0002601292,0,0.035440,0
D_0002602258,0,0.265751,1
D_0002602804,1,0.998162,1
D_0002603035,1,0.996133,1
D_0002603098,1,0.874725,1
D_0002603392,0,0.106504,0
D_0002604127,1,0.929122,1
D_0002604169,0,0.183699,0
D_0002604862,1,0.995008,1
D_0002604988,0,0.224309,0
D_0002605408,1,0.973741,1
D_0002605492,1,0.962152,1
D_0002605639,0,0.155407,0
D_0002605786,0,0.108302,0
D_0002605975,1,0.994206,1
D_0002606248,1,0.992805,1
D_0002606437,1,0.994516,1
D_0002606521,1,0.978941,1
D_0002606836,1,0.195961,0
D_0002606983,0,0.224011,0
D_0002607046,1,0.990628,1
D_0002607382,1,0.992369,1
D_0002607634,1,0.997644,1
D_0002607823,1,0.985313,1
D_0002607844,1,0.970606,1
D_0002608432,1,0.993978,1
D_0002608474,0,0.241355,0
D_0002608516,1,0.996805,1
D_0002608726,0,0.422390,1
D_0002609104,1,0.985875,1
D_0002609230,0,0.138645,0
D_0002609524,0,0.056419,0
D_0002609734,1,0.996912,1
D_0002610049,0,0.028273,0
D_0002610238,1,0.987033,1
D_0002610301,1,0.980922,1
D_0002610700,1,0.982033,1
D_0002611078,1,0.993993,1
D_0002611141,0,0.385479,1
D_0002611246,1,0.101227,0
D_0002611666,1,0.977819,1
D_0002612569,1,0.997013,1
D_0002613178,1,0.991857,1
D_0002613304,1,0.983486,1
D_0002613745,1,0.998819,1
D_0002613829,0,0.041143,0
D_0002613976,0,0.038191,0
D_0002614081,0,0.041505,0
D_0002614648,1,0.405323,1
D_0002614816,1,0.351878,1
D_0002615068,1,0.315771,1
D_0002615194,1,0.986207,1
D_0002615236,0,0.170605,0
D_0002615446,0,0.044340,0
D_0002615509,1,0.988537,1
D_0002616727,1,0.994904,1
D_0002616790,1,0.992669,1
D_0002616916,1,0.942147,1
D_0002617000,0,0.146995,0
D_0002617714,1,0.985302,1
D_0002618575,0,0.021991,0
D_0002618764,1,0.999216,1
D_0002618932,1,0.990648,1
D_0002619100,1,0.993481,1
D_0002619184,1,0.976044,1
D_0002619373,1,0.986844,1
D_0002619688,0,0.121357,0
D_0002619730,0,0.061153,0
D_0002619751,0,0.044692,0
D_0002620906,1,0.236584,0
D_0002620927,0,0.014963,0
D_0002621935,1,0.996877,1
D_0002622103,0,0.113182,0
D_0002622229,1,0.023119,0
D_0002622565,1,0.825494,1
D_0002623090,1,0.986500,1
D_0002623573,0,0.375073,1
D_0002623615,1,0.993910,1
D_0002624098,0,0.268941,1
D_0002624560,0,0.040036,0
D_0002624686,1,0.992676,1
D_0002624707,0,0.152521,0
D_0002624749,0,0.092608,0
D_0002624938,1,0.963684,1
D_0002624959,1,0.994380,1
D_0002625127,0,0.012925,0
D_0002625253,1,0.999172,1
D_0002625379,0,0.041983,0
D_0002626261,1,0.938359,1
D_0002626303,0,0.074700,0
D_0002626912,1,0.993402,1
D_0002627227,1,0.994237,1
D_0002627269,0,0.329038,1
D_0002627815,1,0.991710,1
D_0002627878,1,0.986331,1
D_0002628235,0,0.097144,0
D_0002628655,1,0.665896,1
D_0002630440,1,0.953179,1
D_0002630545,0,0.027347,0
D_0002630692,1,0.992419,1
D_0002632309,1,0.984446,1
D_0002632561,1,0.947964,1
D_0002632876,1,0.969329,1
D_0002633107,1,0.984592,1
D_0002633212,1,0.969738,1
D_0002633254,0,0.090703,0
D_0002633317,0,0.031491,0
D_0002633737,0,0.005930,0
D_0002634283,1,0.028721,0
D_0002634409,0,0.311641,1
D_0002635711,0,0.085221,0
D_0002635753,1,0.976267,1
D_0002636152,0,0.303082,1
D_0002636320,0,0.049159,0
D_0002636446,0,0.068591,0
D_0002636488,0,0.070314,0
D_0002636803,1,0.994351,1
D_0002637433,1,0.994373,1
D_0002637685,0,0.050893,0
D_0002637979,1,0.980667,1
D_0002638147,0,0.052988,0
D_0002638609,1,0.174726,0
D_0002638672,0,0.106625,0
D_0002638756,1,0.994032,1
D_0002639218,0,0.187650,0
D_0002639281,0,0.058199,0
D_0002639302,0,0.074970,0
D_0002639617,0,0.044633,0
D_0002639701,1,0.991855,1
D_0002639722,0,0.065936,0
D_0002640016,1,0.989188,1
D_0002640415,1,0.993181,1
D_0002640730,1,0.997128,1
D_0002640877,0,0.073311,0
D_0002640961,1,0.982992,1
D_0002640982,1,0.993849,1
D_0002641276,1,0.993039,1
D_0002641633,0,0.015978,0
D_0002641654,1,0.992714,1
D_0002641675,0,0.027155,0
D_0002641717,0,0.071297,0
D_0002641906,0,0.089427,0
D_0002642011,0,0.053681,0
D_0002642074,1,0.989555,1
D_0002642116,0,0.069819,0
D_0002642368,0,0.005247,0
D_0002642578,0,0.151458,0
D_0002643250,1,0.894695,1
D_0002643271,1,0.996450,1
D_0002643355,1,0.996538,1
D_0002643502,0,0.023225,0
D_0002644195,1,0.991601,1
D_0002644321,0,0.045675,0
D_0002644552,1,0.700612,1
D_0002644657,0,0.100761,0
D_0002646967,0,0.032156,0
D_0002647261,1,0.982690,1
D_0002648122,0,0.044013,0
D_0002648227,1,0.986043,1
D_0002648479,1,0.977544,1
D_0002649046,1,0.118957,0
D_0002649193,0,0.048038,0
D_0002649508,1,0.996685,1
D_0002649592,1,0.997267,1
D_0002650012,0,0.150607,0
D_0002650180,1,0.986814,1
D_0002650348,1,0.237018,0
D_0002650600,1,0.992375,1
D_0002650642,1,0.981262,1
D_0002651419,1,0.996024,1
D_0002651545,1,0.986279,1
D_0002651839,0,0.169026,0
D_0002652259,0,0.057918,0
D_0002652280,1,0.996490,1
D_0002652448,1,0.993950,1
D_0002652805,1,0.992116,1
D_0002652847,1,0.991379,1
D_0002653204,1,0.979583,1
D_0002653372,1,0.988483,1
D_0002653519,1,0.948800,1
D_0002653918,1,0.957697,1
D_0002654044,1,0.937294,1
D_0002654380,1,0.988047,1
D_0002654485,1,0.498322,1
D_0002654569,0,0.208821,0
D_0002655031,1,0.994827,1
D_0002655262,0,0.045496,0
D_0002655640,0,0.219907,0
D_0002655766,0,0.040122,0
D_0002656123,1,0.990438,1
D_0002656291,0,0.157869,0
D_0002656333,1,0.989429,1
D_0002656795,0,0.069626,0
D_0002656837,1,0.982918,1
D_0002657236,0,0.088141,0
D_0002657362,0,0.147354,0
D_0002657446,0,0.021306,0
D_0002657467,1,0.974965,1
D_0002657593,0,0.085754,0
D_0002657740,0,0.206046,0
D_0002657992,1,0.998069,1
D_0002659021,1,0.090649,0
D_0002659252,1,0.979945,1
D_0002659462,1,0.788487,1
D_0002659504,1,0.993454,1
D_0002660197,0,0.007539,0
D_0002660722,1,0.903069,1
D_0002660848,1,0.991830,1
D_0002661436,1,0.994607,1
D_0002661478,0,0.204963,0
D_0002661520,1,0.989786,1
D_0002661646,1,0.997707,1
D_0002661877,1,0.135121,0
D_0002662150,0,0.109987,0
D_0002662465,0,0.068263,0
D_0002662507,0,0.023307,0
D_0002662822,1,0.942288,1
D_0002662948,0,0.039684,0
D_0002663074,0,0.110896,0
D_0002663725,1,0.982166,1
D_0002663746,0,0.016663,0
D_0002663767,1,0.957046,1
D_0002664796,1,0.949719,1
D_0002664859,0,0.049024,0
D_0002665195,0,0.166102,0
D_0002665552,0,0.061007,0
D_0002666077,1,0.995702,1
D_0002666917,0,0.072048,0
D_0002667379,0,0.019573,0
D_0002667862,1,0.990687,1
D_0002668030,0,0.037412,0
D_0002668408,0,0.053572,0
D_0002668492,1,0.995908,1
D_0002668807,1,0.997440,1
D_0002669017,1,0.420416,1
D_0002669038,1,0.980387,1
D_0002669794,0,0.063628,0
D_0002669836,0,0.072104,0
D_0002670214,1,0.982693,1
D_0002670865,1,0.997259,1
D_0002670928,0,0.146657,0
D_0002671075,1,0.989516,1
D_0002671117,0,0.477442,1
D_0002671138,0,0.056115,0
D_0002671306,0,0.072829,0
D_0002671432,0,0.034873,0
D_0002671516,1,0.970265,1
D_0002671537,1,0.988311,1
D_0002671579,1,0.994677,1
D_0002671747,0,0.103535,0
D_0002671810,0,0.037431,0
D_0002672356,1,0.991307,1
D_0002672398,1,0.998158,1
D_0002672881,1,0.926321,1
D_0002673931,0,0.051420,0
D_0002674309,0,0.279160,1
D_0002674435,1,0.982397,1
D_0002674834,1,0.983185,1
D_0002675023,0,0.231521,0
D_0002675653,1,0.996008,1
D_0002675779,1,0.995287,1
D_0002676262,0,0.035882,0
D_0002676472,1,0.081173,0
D_0002676535,1,0.992785,1
D_0002676871,1,0.987359,1
D_0002677060,0,0.068435,0
D_0002677123,0,0.012216,0
D_0002677144,1,0.738001,1
D_0002677270,1,0.996682,1
D_0002677417,1,0.509527,1
D_0002678131,0,0.111689,0
D_0002678215,0,0.034509,0
D_0002678593,1,0.991207,1
D_0002678656,1,0.997931,1
D_0002678740,0,0.021454,0
D_0002679202,0,0.054343,0
D_0002679580,0,0.036399,0
D_0002679748,1,0.997549,1
D_0002679958,1,0.965490,1
D_0002680105,0,0.216691,0
D_0002680735,0,0.183447,0
D_0002680819,0,0.234498,0
D_0002680840,1,0.998416,1
D_0002680882,1,0.993544,1
D_0002681155,1,0.991197,1
D_0002681218,0,0.024677,0
D_0002681533,0,0.212644,0
D_0002682100,0,0.029308,0
D_0002682436,0,0.040950,0
D_0002682562,1,0.997570,1
D_0002682604,1,0.993613,1
D_0002683171,1,0.998111,1
D_0002683234,1,0.989815,1
D_0002683486,0,0.086122,0
D_0002684368,0,0.011787,0
D_0002684473,0,0.209415,0
D_0002684536,0,0.028964,0
D_0002684935,0,0.064391,0
D_0002685271,1,0.194075,0
D_0002685292,1,0.199164,0
D_0002685649,1,0.256810,1
D_0002686090,1,0.992233,1
D_0002686153,0,0.042993,0
D_0002686342,0,0.050631,0
D_0002686573,1,0.963495,1
D_0002686594,1,0.982616,1
D_0002686636,0,0.052986,0
D_0002687329,0,0.087030,0
D_0002687434,0,0.763219,1
D_0002688274,1,0.988738,1
D_0002688442,1,0.980749,1
D_0002688673,0,0.087499,0
D_0002688715,0,0.215208,0
D_0002688820,1,0.994772,1
D_0002688967,1,0.993113,1
D_0002689072,1,0.988829,1
D_0002689093,0,0.006479,0
D_0002689576,0,0.038395,0
D_0002689723,1,0.570848,1
D_0002689870,1,0.988463,1
D_0002689912,0,0.362354,1
D_0002689954,0,0.011380,0
D_0002689975,0,0.296811,1
D_0002690059,1,0.989983,1
D_0002690248,0,0.041625,0
D_0002690311,1,0.304955,1
D_0002690626,0,0.193827,0
D_0002690815,0,0.017049,0
D_0002691046,0,0.061140,0
D_0002691781,1,0.987118,1
D_0002692012,1,0.989129,1
D_0002692537,1,0.929929,1
D_0002692873,1,0.993147,1
D_0002692915,1,0.071334,0
D_0002693083,1,0.994557,1
D_0002693545,0,0.132235,0
D_0002693986,0,0.016167,0
D_0002694091,0,0.233808,0
D_0002694259,0,0.160130,0
D_0002694406,0,0.128917,0
D_0002694448,1,0.997687,1
D_0002694994,0,0.153941,0
D_0002695834,1,0.137070,0
D_0002695960,1,0.987727,1
D_0002696443,1,0.994050,1
D_0002696926,1,0.995277,1
D_0002697913,0,0.094996,0
D_0002698102,0,0.080344,0
D_0002698249,0,0.089170,0
D_0002698396,1,0.996309,1
D_0002698627,0,0.017634,0
D_0002698711,1,0.996106,1
D_0002698732,0,0.009343,0
D_0002698858,1,0.995565,1
D_0002699026,0,0.163778,0
D_0002699110,1,0.989112,1
D_0002699614,1,0.991152,1
D_0002700181,0,0.399716,1
D_0002700496,1,0.992897,1
D_0002700874,1,0.491165,1
D_0002701378,1,0.992756,1
D_0002701609,1,0.993592,1
D_0002701798,0,0.286869,1
D_0002701882,1,0.996788,1
D_0002703142,1,0.981438,1
D_0002703835,0,0.112413,0
D_0002703856,0,0.198401,0
D_0002704507,1,0.140096,0
D_0002705032,1,0.989837,1
D_0002705095,0,0.093003,0
D_0002705410,1,0.976159,1
D_0002705662,1,0.970885,1
D_0002706103,1,0.984901,1
D_0002706208,1,0.983961,1
D_0002706250,0,0.060098,0
D_0002706292,0,0.085898,0
D_0002706460,1,0.140908,0
D_0002706628,0,0.023866,0
D_0002706649,1,0.985155,1
D_0002706985,0,0.278437,1
D_0002707006,1,0.997640,1
D_0002708056,0,0.007256,0
D_0002708245,0,0.148088,0
D_0002708497,0,0.070283,0
D_0002708623,0,0.018706,0
D_0002708644,0,0.055271,0
D_0002709316,0,0.012013,0
D_0002709715,1,0.987336,1
D_0002709778,1,0.996549,1
D_0002709925,0,0.209428,0
D_0002710324,1,0.847556,1
D_0002711269,0,0.068730,0
D_0002711458,0,0.379002,1
D_0002711752,1,0.991536,1
D_0002712235,0,0.207372,0
D_0002712361,1,0.981393,1
D_0002712424,0,0.133926,0
D_0002712487,1,0.985820,1
D_0002712970,1,0.997129,1
D_0002713138,1,0.985491,1
D_0002713159,0,0.124321,0
D_0002713390,1,0.993989,1
D_0002713474,1,0.399804,1
D_0002713579,0,0.020433,0
D_0002714251,0,0.013462,0
D_0002714398,1,0.875068,1
D_0002714524,0,0.059407,0
D_0002715049,1,0.985836,1
D_0002715259,0,0.071824,0
D_0002715658,0,0.168032,0
D_0002715700,1,0.975075,1
D_0002716036,1,0.991221,1
D_0002716351,0,0.265789,1
D_0002716372,1,0.994762,1
D_0002716561,1,0.995205,1
D_0002716603,0,0.013796,0
D_0002716834,1,0.632370,1
D_0002717128,1,0.981527,1
D_0002717149,0,0.089413,0
D_0002717527,1,0.931437,1
D_0002717926,1,0.986879,1
D_0002718199,0,0.152986,0
D_0002718241,0,0.023362,0
D_0002718262,1,0.992976,1
D_0002718514,1,0.990745,1
D_0002718535,1,0.988929,1
D_0002718682,1,0.986136,1
D_0002718745,0,0.023375,0
D_0002718808,0,0.111434,0
D_0002718892,1,0.994872,1
D_0002718934,0,0.082579,0
D_0002719144,0,0.204604,0
D_0002719270,0,0.051517,0
D_0002719417,1,0.911954,1
D_0002719522,1,0.932038,1
D_0002719921,0,0.002643,0
D_0002720005,1,0.895917,1
D_0002720215,1,0.613795,1
D_0002720425,0,0.087981,0
D_0002720782,1,0.994232,1
D_0002720887,1,0.994037,1
D_0002720950,1,0.949363,1
D_0002721139,0,0.035623,0
D_0002721559,0,0.025473,0
D_0002721727,0,0.124766,0
D_0002721832,1,0.994116,1
D_0002721874,1,0.993435,1
D_0002722000,1,0.190805,0
D_0002722315,0,0.131686,0
D_0002722378,1,0.988035,1
D_0002722588,1,0.981168,1
D_0002722735,0,0.065939,0
D_0002723008,0,0.435446,1
D_0002723029,1,0.995045,1
D_0002723155,0,0.188556,0
D_0002723428,1,0.995905,1
D_0002723470,0,0.333421,1
D_0002723680,0,0.159265,0
D_0002724184,1,0.085541,0
D_0002724268,1,0.993252,1
D_0002724625,0,0.142375,0
D_0002725213,0,0.025575,0
D_0002725339,0,0.027160,0
D_0002725864,0,0.285160,1
D_0002726116,1,0.998127,1
D_0002726179,1,0.984031,1
D_0002726452,1,0.997176,1
D_0002727565,1,0.992774,1
D_0002728090,1,0.986419,1
D_0002728636,0,0.180595,0
D_0002728678,1,0.927850,1
D_0002728804,1,0.988564,1
D_0002729140,0,0.031329,0
D_0002729203,1,0.970585,1
D_0002729308,1,0.115893,0
D_0002730043,1,0.132643,0
D_0002730589,0,0.135987,0
D_0002730799,1,0.977872,1
D_0002731387,0,0.554141,1
D_0002731702,0,0.035963,0
D_0002731975,0,0.117326,0
D_0002732038,0,0.099631,0
D_0002732647,1,0.894668,1
D_0002732941,1,0.278340,1
D_0002733109,0,0.130790,0
D_0002733487,1,0.993360,1
D_0002733802,1,0.981917,1
D_0002733823,0,0.012447,0
D_0002734117,0,0.016915,0
D_0002734369,1,0.979381,1
D_0002734852,1,0.994986,1
D_0002735020,1,0.995658,1
D_0002735482,0,0.126670,0
D_0002735587,1,0.993894,1
D_0002735776,1,0.987503,1
D_0002735944,1,0.994057,1
D_0002737393,1,0.983773,1
D_0002737561,1,0.941295,1
D_0002737582,1,0.723225,1
D_0002738758,1,0.995528,1
D_0002738779,1,0.980316,1
D_0002738800,0,0.039710,0
D_0002739178,0,0.212456,0
D_0002739577,0,0.194524,0
D_0002740270,1,0.954385,1
D_0002740690,1,0.995090,1
D_0002741509,0,0.182700,0
D_0002741908,1,0.991891,1
D_0002741950,0,0.071965,0
D_0002742160,0,0.041734,0
D_0002742496,0,0.118848,0
D_0002742790,1,0.229097,0
D_0002742811,1,0.996452,1
D_0002743252,0,0.015826,0
D_0002743420,0,0.280547,1
D_0002743651,1,0.991280,1
D_0002743714,0,0.043464,0
D_0002743798,1,0.990711,1
D_0002744407,1,0.992058,1
D_0002744680,0,0.059516,0
D_0002744722,1,0.998156,1
D_0002744869,1,0.978949,1
D_0002746402,0,0.049590,0
D_0002746570,0,0.017152,0
D_0002746591,1,0.186014,0
D_0002746822,1,0.994368,1
D_0002747620,1,0.325071,1
D_0002747641,0,0.089255,0
D_0002748103,1,0.863856,1
D_0002748271,0,0.026361,0
D_0002748334,1,0.995593,1
D_0002748460,1,0.991524,1
D_0002748586,1,0.991991,1
D_0002748775,0,0.025466,0
D_0002749531,1,0.778109,1
D_0002749930,0,0.057815,0
D_0002750266,0,0.228346,0
D_0002750329,0,0.070373,0
D_0002750413,1,0.982303,1
D_0002751022,1,0.988952,1
D_0002751379,0,0.154076,0
D_0002751841,0,0.021226,0
D_0002752555,1,0.993191,1
D_0002752723,0,0.302563,1
D_0002752828,1,0.959487,1
D_0002753038,1,0.993391,1
D_0002753227,1,0.967796,1
D_0002753437,0,0.045489,0
D_0002753710,1,0.922086,1
D_0002753794,0,0.121310,0
D_0002754256,1,0.994473,1
D_0002754298,1,0.935620,1
D_0002754340,0,0.075515,0
D_0002754466,0,0.153982,0
D_0002755159,0,0.216111,0
D_0002755264,1,0.221348,0
D_0002755642,0,0.036808,0
D_0002755663,0,0.102233,0
D_0002756062,0,0.027635,0
D_0002756251,1,0.992894,1
D_0002756272,0,0.370455,1
D_0002757133,0,0.131115,0
D_0002757910,1,0.992658,1
D_0002758162,1,0.205373,0
D_0002758393,1,0.985375,1
D_0002758456,0,0.054231,0
D_0002758624,1,0.968520,1
D_0002758729,1,0.974463,1
D_0002758813,1,0.996527,1
D_0002758834,1,0.983811,1
D_0002759023,0,0.013677,0
D_0002759086,0,0.060990,0
D_0002759212,1,0.994932,1
D_0002759422,0,0.111838,0
D_0002760010,0,0.330048,1
D_0002760451,1,0.790904,1
D_0002760724,1,0.992652,1
D_0002761942,0,0.107669,0
D_0002762026,1,0.226766,0
D_0002762152,0,0.010830,0
D_0002762845,1,0.985627,1
D_0002762950,1,0.205297,0
D_0002763832,1,0.992117,1
D_0002765008,0,0.027767,0
D_0002765029,1,0.261619,1
D_0002765575,0,0.073816,0
D_0002766562,1,0.982864,1
D_0002766646,0,0.312681,1
D_0002766688,1,0.992574,1
D_0002767192,0,0.063206,0
D_0002767213,1,0.993292,1
D_0002767297,0,0.173467,0
D_0002767486,0,0.096461,0
D_0002767906,1,0.994253,1
D_0002768032,1,0.577986,1
D_0002768053,1,0.989154,1
D_0002768746,1,0.996147,1
D_0002769439,0,0.321887,1
D_0002769544,0,0.023879,0
D_0002770279,0,0.083931,0
D_0002770783,1,0.972690,1
D_0002770972,1,0.912481,1
D_0002771308,1,0.995748,1
D_0002771581,0,0.237761,0
D_0002771749,0,0.061989,0
D_0002772631,0,0.134912,0
D_0002772820,1,0.986711,1
D_0002772883,0,0.115469,0
D_0002772946,1,0.993009,1
D_0002773387,1,0.994153,1
D_0002773534,1,0.978844,1
D_0002773702,0,0.233676,0
D_0002773933,1,0.953376,1
D_0002774332,1,0.993370,1
D_0002774437,0,0.082340,0
D_0002774710,1,0.933124,1
D_0002775109,0,0.135549,0
D_0002775193,0,0.385864,1
D_0002775655,1,0.993936,1
D_0002776180,1,0.989849,1
D_0002776495,0,0.080224,0
D_0002776852,0,0.031116,0
D_0002776894,0,0.277092,1
D_0002777566,0,0.018115,0
D_0002777776,1,0.986905,1
D_0002778028,0,0.091490,0
D_0002778469,0,0.234685,0
D_0002778553,0,0.119496,0
D_0002778889,0,0.011039,0
D_0002779162,1,0.992126,1
D_0002779246,1,0.990121,1
D_0002779414,1,0.977132,1
D_0002779540,1,0.990019,1
D_0002779729,1,0.985250,1
D_0002779771,1,0.997246,1
D_0002780128,0,0.148024,0
D_0002780296,1,0.979693,1
D_0002780464,1,0.187629,0
D_0002780527,0,0.071681,0
D_0002780863,1,0.212200,0
D_0002780926,1,0.211684,0
D_0002781115,1,0.986745,1
D_0002781556,0,0.117103,0
D_0002781724,0,0.046128,0
D_0002782018,0,0.019452,0
D_0002782354,1,0.990598,1
D_0002782984,0,0.073173,0
D_0002783614,1,0.986474,1
D_0002783677,1,0.973065,1
D_0002783992,0,0.110072,0
D_0002784034,1,0.096060,0
D_0002784328,0,0.107223,0
D_0002784349,1,0.977710,1
D_0002784391,1,0.079616,0
D_0002784475,1,0.993201,1
D_0002784622,0,0.393000,1
D_0002784790,1,0.953112,1
D_0002784853,0,0.124156,0
D_0002785231,0,0.121736,0
D_0002785294,1,0.993809,1
D_0002785546,1,0.994160,1
D_0002786407,1,0.202698,0
D_0002787184,0,0.986454,1
D_0002788486,1,0.992449,1
D_0002788507,0,0.115667,0
D_0002788864,0,0.054366,0
D_0002789074,0,0.044387,0
D_0002789368,0,0.035275,0
D_0002789893,0,0.181591,0
D_0002790292,1,0.992358,1
D_0002790418,0,0.127125,0
D_0002790481,0,0.864117,1
D_0002790796,0,0.078502,0
D_0002790943,1,0.061574,0
D_0002791363,1,0.044726,0
D_0002791573,1,0.998225,1
D_0002791951,1,0.958014,1
D_0002792098,0,0.020984,0
D_0002792182,1,0.993805,1
D_0002792518,1,0.992824,1
D_0002792581,1,0.973144,1
D_0002792728,0,0.222211,0
D_0002793295,1,0.988501,1
D_0002794303,1,0.994686,1
D_0002794387,1,0.586460,1
D_0002794471,0,0.149173,0
D_0002794723,1,0.850690,1
D_0002795584,1,0.988525,1
D_0002795605,0,0.108544,0
D_0002796088,0,0.110875,0
D_0002796256,0,0.162228,0
D_0002796277,1,0.997898,1
D_0002796319,0,0.334161,1
D_0002796340,0,0.003486,0
D_0002796634,1,0.987845,1
D_0002797600,0,0.021415,0
D_0002797789,1,0.993559,1
D_0002798251,0,0.427800,1
D_0002798377,1,0.995891,1
D_0002798419,1,0.994080,1
D_0002798587,1,0.981101,1
D_0002798692,1,0.991068,1
D_0002798881,0,0.063045,0
D_0002799490,0,0.112177,0
D_0002799553,1,0.971382,1
D_0002799637,1,0.994044,1
D_0002799784,0,0.171186,0
D_0002799889,0,0.249164,0
D_0002800120,0,0.042928,0
D_0002800414,1,0.992381,1
D_0002800456,0,0.063313,0
D_0002801086,1,0.991749,1
D_0002801233,1,0.983667,1
D_0002801296,0,0.057357,0
D_0002801422,0,0.040559,0
D_0002801569,0,0.096158,0
D_0002801863,0,0.032596,0
D_0002802220,1,0.979847,1
D_0002802598,0,0.040944,0
D_0002802619,0,0.047726,0
D_0002803816,1,0.991034,1
D_0002804173,1,0.988119,1
D_0002804278,1,0.985132,1
D_0002804572,1,0.989838,1
D_0002804614,1,0.993746,1
D_0002804992,0,0.011420,0
D_0002805013,0,0.131887,0
D_0002805118,0,0.175655,0
D_0002805202,0,0.065970,0
D_0002805349,1,0.990905,1
D_0002805727,1,0.565804,1
D_0002806000,1,0.985646,1
D_0002806441,0,0.095026,0
D_0002807365,0,0.183356,0
D_0002807743,0,0.075484,0
D_0002808121,0,0.076524,0
D_0002809108,1,0.981770,1
D_0002809150,0,0.038521,0
D_0002809213,0,0.086619,0
D_0002809570,0,0.294991,1
D_0002810137,0,0.139277,0
D_0002810263,1,0.986925,1
D_0002810347,0,0.082724,0
D_0002810557,0,0.304233,1
D_0002810620,1,0.214975,0
D_0002810788,1,0.985454,1
D_0002810872,1,0.997132,1
D_0002811838,1,0.982658,1
D_0002812867,0,0.087869,0
D_0002813077,0,0.178446,0
D_0002813098,1,0.167574,0
D_0002813350,1,0.995527,1
D_0002813833,1,0.980476,1
D_0002813959,1,0.981819,1
D_0002814127,0,0.235287,0
D_0002814211,0,0.167085,0
D_0002814778,1,0.986528,1
D_0002815156,1,0.956871,1
D_0002815891,1,0.230430,0
D_0002816437,1,0.973805,1
D_0002816584,0,0.095267,0
D_0002816815,1,0.996369,1
D_0002817277,1,0.974798,1
D_0002818054,0,0.058792,0
D_0002818306,0,0.416805,1
D_0002818453,0,0.761504,1
D_0002818621,0,0.068777,0
D_0002818705,0,0.057313,0
D_0002818789,1,0.980995,1
D_0002818957,1,0.997954,1
D_0002819923,1,0.213716,0
D_0002820364,0,0.054222,0
D_0002820700,1,0.213712,0
D_0002821015,1,0.116931,0
D_0002821477,1,0.991347,1
D_0002821687,1,0.985141,1
D_0002821939,0,0.060316,0
D_0002822380,1,0.986743,1
D_0002822464,1,0.996925,1
D_0002823178,1,0.988729,1
D_0002823199,0,0.043990,0
D_0002823451,1,0.995127,1
D_0002823682,1,0.985693,1
D_0002823955,0,0.085296,0
D_0002824438,1,0.994214,1
D_0002824501,1,0.996011,1
D_0002824921,0,0.154714,0
D_0002825383,1,0.994501,1
D_0002825614,0,0.109033,0
D_0002825845,0,0.034110,0
D_0002825908,0,0.030245,0
D_0002826076,0,0.105217,0
D_0002826223,1,0.996327,1
D_0002826244,0,0.069351,0
D_0002826433,0,0.256839,1
D_0002826706,1,0.928465,1
D_0002826811,0,0.772316,1
D_0002826874,0,0.388099,1
D_0002827000,1,0.996365,1
D_0002827315,0,0.054438,0
D_0002827399,0,0.115507,0
D_0002827819,1,0.991691,1
D_0002828008,0,0.089590,0
D_0002828827,1,0.299461,1
D_0002829079,1,0.069469,0
D_0002829520,1,0.982245,1
D_0002829562,1,0.550680,1
D_0002829730,1,0.995864,1
D_0002829793,1,0.997422,1
D_0002829940,0,0.049258,0
D_0002830024,0,0.101702,0
D_0002831158,1,0.996064,1
D_0002831473,1,0.980916,1
D_0002831494,0,0.200029,0
D_0002831557,0,0.080613,0
D_0002831851,1,0.952550,1
D_0002832628,0,0.100528,0
D_0002832817,0,0.080046,0
D_0002833216,1,0.959580,1
D_0002833300,0,0.292989,1
D_0002834560,0,0.029235,0
D_0002834728,1,0.990459,1
D_0002834875,0,0.008478,0
D_0002835274,0,0.118104,0
D_0002835904,0,0.006735,0
D_0002836198,1,0.988628,1
D_0002836429,1,0.995891,1
D_0002837101,0,0.082845,0
D_0002837164,1,0.995111,1
D_0002837227,1,0.995130,1
D_0002837542,1,0.988784,1
D_0002837689,0,0.020465,0
D_0002838046,0,0.124734,0
D_0002838193,1,0.993741,1
D_0002838382,1,0.980660,1
D_0002838529,1,0.995895,1
D_0002839138,1,0.997104,1
D_0002839558,1,0.685217,1
D_0002839642,0,0.035561,0
D_0002839747,1,0.221571,0
D_0002840188,1,0.987998,1
D_0002840272,1,0.293814,1
D_0002840461,0,0.137007,0
D_0002840671,1,0.992607,1
D_0002840713,1,0.995027,1
D_0002840776,0,0.022912,0
D_0002840797,1,0.998041,1
D_0002841616,0,0.047541,0
D_0002841763,1,0.057911,0
D_0002842141,1,0.954489,1
D_0002843527,0,0.001660,0
D_0002843779,0,0.040008,0
D_0002844010,0,0.548503,1
D_0002844451,1,0.981283,1
D_0002844766,1,0.954979,1
D_0002844787,0,0.033934,0
D_0002844871,1,0.926766,1
D_0002845018,1,0.367809,1
D_0002845144,0,0.073332,0
D_0002845228,0,0.041106,0
D_0002845396,0,0.030279,0
D_0002845438,1,0.953055,1
D_0002846215,0,0.106953,0
D_0002846509,0,0.134577,0
D_0002846971,1,0.996332,1
D_0002847349,1,0.236630,0
D_0002847475,0,0.156476,0
D_0002847727,0,0.498958,1
D_0002848546,0,0.082710,0
D_0002848714,0,0.106799,0
D_0002850100,1,0.992464,1
D_0002850163,0,0.137695,0
D_0002850205,1,0.997824,1
D_0002850625,1,0.984266,1
D_0002850730,1,0.993120,1
D_0002851444,0,0.084182,0
D_0002851633,1,0.353906,1
D_0002851696,1,0.992802,1
D_0002853145,0,0.039730,0
D_0002853166,1,0.991767,1
D_0002853187,0,0.141195,0
D_0002853418,1,0.975816,1
D_0002853859,1,0.995840,1
D_0002853901,1,0.995627,1
D_0002854279,1,0.991590,1
D_0002854636,1,0.995355,1
D_0002855266,0,0.015122,0
D_0002855371,0,0.235833,0
D_0002855896,0,0.089422,0
D_0002856148,0,0.001575,0
D_0002856190,1,0.978285,1
D_0002856211,0,0.054638,0
D_0002856547,1,0.280156,1
D_0002856988,1,0.949830,1
D_0002857051,0,0.225107,0
D_0002857261,1,0.032255,0
D_0002857597,1,0.959003,1
D_0002857786,1,0.967166,1
D_0002858143,0,0.098972,0
D_0002858542,1,0.994789,1
D_0002859025,0,0.087206,0
D_0002859550,1,0.979075,1
D_0002859865,1,0.978613,1
D_0002859991,1,0.989906,1
D_0002860096,1,0.993346,1
D_0002860621,1,0.994502,1
D_0002860978,1,0.986108,1
D_0002861209,1,0.993621,1
D_0002861314,0,0.207287,0
D_0002861335,1,0.066074,0
D_0002861902,1,0.394372,1
D_0002862763,0,0.241778,0
D_0002863183,0,0.108750,0
D_0002863393,1,0.976608,1
D_0002863876,1,0.993620,1
D_0002863918,1,0.992075,1
D_0002864086,1,0.989667,1
D_0002864212,0,0.037577,0
D_0002864233,0,0.074489,0
D_0002864506,0,0.000079,0
D_0002865010,0,0.095065,0
D_0002865220,0,0.197493,0
D_0002865283,1,0.149672,0
D_0002865598,1,0.267468,1
D_0002866060,0,0.073194,0
D_0002866711,1,0.373661,1
D_0002866942,1,0.944163,1
D_0002867089,0,0.133904,0
D_0002867824,0,0.122759,0
D_0002867950,0,0.087815,0
D_0002868055,0,0.066068,0
D_0002868160,0,0.143453,0
D_0002868517,0,0.013012,0
D_0002868664,0,0.000120,0
D_0002868748,0,0.182077,0
D_0002868895,0,0.069793,0
D_0002869420,1,0.996691,1
D_0002870092,1,0.991762,1
D_0002870155,1,0.945328,1
D_0002870512,0,0.110165,0
D_0002870575,1,0.996415,1
D_0002870806,1,0.997330,1
D_0002870932,1,0.068552,0
D_0002871037,1,0.983682,1
D_0002871142,0,0.174212,0
D_0002871184,0,0.025897,0
D_0002871814,1,0.989387,1
D_0002871856,0,0.142454,0
D_0002872087,1,0.994232,1
D_0002872255,0,0.114897,0
D_0002872759,0,0.143738,0
D_0002873011,0,0.052694,0
D_0002873095,0,0.247459,0
D_0002873494,0,0.118961,0
D_0002874187,1,0.989969,1
D_0002874355,1,0.995109,1
D_0002874460,1,0.983027,1
D_0002874544,1,0.061253,0
D_0002874733,1,0.663759,1
D_0002874922,1,0.114825,0
D_0002875006,1,0.985964,1
D_0002875804,1,0.990755,1
D_0002875909,1,0.996930,1
D_0002876854,0,0.151278,0
D_0002877127,1,0.997043,1
D_0002877169,0,0.071083,0
D_0002877211,1,0.073905,0
D_0002877253,1,0.995461,1
D_0002877715,1,0.998464,1
D_0002878198,1,0.995992,1
D_0002878303,0,0.424650,1
D_0002878471,0,0.021801,0
D_0002878513,1,0.974544,1
D_0002878807,0,0.151008,0
D_0002879332,0,0.046960,0
D_0002879458,1,0.998640,1
D_0002879605,1,0.995346,1
D_0002879731,0,0.043929,0
D_0002881348,0,0.172594,0
D_0002881432,0,0.066155,0
D_0002881453,1,0.995826,1
D_0002881852,1,0.996004,1
D_0002881957,0,0.087568,0
D_0002882209,0,0.021680,0
D_0002882377,0,0.014642,0
D_0002882650,1,0.996958,1
D_0002882671,1,0.992501,1
D_0002883280,0,0.126283,0
D_0002883301,1,0.996479,1
D_0002884162,1,0.889586,1
D_0002884435,0,0.050168,0
D_0002884477,1,0.976743,1
D_0002885149,0,0.293822,1
D_0002885170,1,0.976513,1
D_0002885296,1,0.995943,1
D_0002885464,1,0.992932,1
D_0002885800,0,0.078982,0
D_0002886367,1,0.995177,1
D_0002886577,1,0.991883,1
D_0002886619,1,0.990513,1
D_0002887501,0,0.080364,0
D_0002887795,1,0.509364,1
D_0002888173,0,0.024025,0
D_0002888656,0,0.052563,0
D_0002888698,0,0.058697,0
D_0002888929,0,0.085569,0
D_0002889727,0,0.333386,1
D_0002889748,1,0.995128,1
D_0002889811,0,0.044572,0
D_0002889916,1,0.997265,1
D_0002890546,0,0.021289,0
D_0002890861,0,0.267915,1
D_0002890966,0,0.013363,0
D_0002890987,1,0.990842,1
D_0002891071,0,0.241214,0
D_0002891176,1,0.140377,0
D_0002891197,0,0.162144,0
D_0002891764,0,0.055234,0
D_0002892352,1,0.993827,1
D_0002893318,1,0.996123,1
D_0002893423,1,0.998956,1
D_0002893465,1,0.960590,1
D_0002893591,1,0.113661,0
D_0002893843,1,0.993690,1
D_0002894452,1,0.996547,1
D_0002894536,1,0.990246,1
D_0002895166,0,0.041811,0
D_0002895418,1,0.997511,1
D_0002895712,1,0.967709,1
D_0002896195,1,0.975720,1
D_0002896615,0,0.338605,1
D_0002896783,1,0.984931,1
D_0002896993,1,0.981423,1
D_0002897245,0,0.057250,0
D_0002897413,0,0.005468,0
D_0002897560,0,0.250464,0
D_0002897686,1,0.997745,1
D_0002897854,0,0.213098,0
D_0002897938,1,0.512822,1
D_0002898232,1,0.987764,1
D_0002898358,0,0.104186,0
D_0002898379,1,0.982690,1
D_0002898589,1,0.987589,1
D_0002898778,1,0.992361,1
D_0002899429,1,0.992965,1
D_0002899471,0,0.237384,0
D_0002899828,0,0.119027,0
D_0002900017,1,0.995544,1
D_0002900458,1,0.986462,1
D_0002901088,1,0.970432,1
D_0002901319,1,0.991232,1
D_0002901361,1,0.976547,1
D_0002901529,1,0.985746,1
D_0002902558,1,0.993045,1
D_0002902768,1,0.988049,1
D_0002903146,1,0.997324,1
D_0002903209,1,0.993031,1
D_0002903230,1,0.996208,1
D_0002903377,0,0.091826,0
D_0002903545,1,0.919914,1
D_0002903839,0,0.077786,0
D_0002904637,1,0.990104,1
D_0002904721,1,0.963129,1
D_0002904763,1,0.314950,1
D_0002905477,0,0.066075,0
D_0002905519,1,0.985196,1
D_0002906044,1,0.988937,1
D_0002906086,0,0.019501,0
D_0002906548,1,0.983913,1
D_0002906590,1,0.990353,1
D_0002906737,1,0.988901,1
D_0002906800,1,0.991428,1
D_0002907262,1,0.945922,1
D_0002907325,1,0.254982,1
D_0002907430,0,0.099466,0
D_0002907976,1,0.991937,1
D_0002908081,0,0.254903,1
D_0002908102,0,0.116670,0
D_0002908144,0,0.148865,0
D_0002908501,0,0.043558,0
D_0002908627,0,0.042606,0
D_0002908837,1,0.991324,1
D_0002909005,0,0.222366,0
D_0002909026,0,0.144747,0
D_0002910118,0,0.261056,1
D_0002910286,0,0.202833,0
D_0002910307,1,0.997310,1
D_0002910664,1,0.982517,1
D_0002911315,0,0.057434,0
D_0002911630,0,0.028844,0
D_0002911840,1,0.983020,1
D_0002911861,0,0.071227,0
D_0002912071,1,0.936258,1
D_0002912260,0,0.045262,0
D_0002912743,0,0.084459,0
D_0002912827,0,0.305870,1
D_0002913583,1,0.993923,1
D_0002913625,0,0.039185,0
D_0002913793,0,0.184100,0
D_0002913919,1,0.982887,1
D_0002914717,1,0.995912,1
D_0002914843,0,0.188022,0
D_0002915200,1,0.379462,1
D_0002915305,1,0.936885,1
D_0002915347,0,0.094712,0
D_0002915935,0,0.214074,0
D_0002916670,0,0.038806,0
D_0002917279,0,0.092689,0
D_0002917405,1,0.995895,1
D_0002917426,0,0.121330,0
D_0002917531,0,0.057262,0
D_0002918035,0,0.069515,0
D_0002918098,0,0.038690,0
D_0002918119,1,0.986917,1
D_0002918182,0,0.060369,0
D_0002918224,1,0.990375,1
D_0002918266,0,0.068449,0
D_0002918308,0,0.060023,0
D_0002919085,1,0.993882,1
D_0002919505,1,0.993077,1
D_0002919547,1,0.983478,1
D_0002919631,1,0.354581,1
D_0002920051,1,0.996830,1
D_0002920135,1,0.990366,1
D_0002920156,0,0.047122,0
D_0002920303,1,0.078507,0
D_0002920534,1,0.997122,1
D_0002920576,1,0.989973,1
D_0002920828,1,0.973528,1
D_0002921227,1,0.990883,1
D_0002921437,0,0.023591,0
D_0002921731,1,0.797707,1
D_0002921857,0,0.034813,0
D_0002921941,1,0.994524,1
D_0002922046,1,0.993542,1
D_0002922592,0,0.078310,0
D_0002922865,1,0.996653,1
D_0002922907,1,0.996037,1
D_0002923201,0,0.142712,0
D_0002923306,0,0.068730,0
D_0002923558,0,0.034403,0
D_0002923789,1,0.994890,1
D_0002924020,0,0.038577,0
D_0002924104,1,0.986128,1
D_0002924167,0,0.200602,0
D_0002924839,0,0.037495,0
D_0002925238,1,0.989645,1
D_0002925553,0,0.101367,0
D_0002925616,1,0.990954,1
D_0002925658,0,0.041952,0
D_0002925826,0,0.021908,0
D_0002925868,1,0.989303,1
D_0002925889,0,0.043708,0
D_0002925910,0,0.299653,1
D_0002926267,0,0.056783,0
D_0002926435,0,0.167408,0
D_0002926981,1,0.945809,1
D_0002927002,1,0.989887,1
D_0002927107,1,0.993426,1
D_0002927317,1,0.063477,0
D_0002927569,0,0.100925,0
D_0002927653,1,0.978108,1
D_0002927884,1,0.996135,1
D_0002928304,0,0.033868,0
D_0002928514,1,0.978200,1
D_0002928535,0,0.023714,0
D_0002928577,0,0.066180,0
D_0002928745,1,0.137938,0
D_0002929858,1,0.876551,1
D_0002929879,1,0.986460,1
D_0002930299,1,0.985674,1
D_0002930383,0,0.036611,0
D_0002930656,1,0.989819,1
D_0002930698,1,0.996224,1
D_0002930908,1,0.947749,1
D_0002930971,1,0.497516,1
D_0002931202,1,0.987776,1
D_0002931286,1,0.987619,1
D_0002931328,0,0.103023,0
D_0002931391,1,0.992672,1
D_0002931517,1,0.995794,1
D_0002931559,1,0.994562,1
D_0002933092,1,0.990258,1
D_0002933197,0,0.005063,0
D_0002933365,0,0.052755,0
D_0002933428,0,0.061515,0
D_0002934835,0,0.057435,0
D_0002934856,0,0.068229,0
D_0002935003,1,0.988955,1
D_0002935045,0,0.503975,1
D_0002935129,0,0.409533,1
D_0002935696,0,0.041679,0
D_0002935906,1,0.958221,1
D_0002935927,0,0.075058,0
D_0002936158,1,0.989726,1
D_0002936200,0,0.111229,0
D_0002936578,0,0.248596,0
D_0002936767,1,0.961072,1
D_0002936788,1,0.987227,1
D_0002936872,1,0.484023,1
D_0002937313,1,0.949456,1
D_0002937649,1,0.980012,1
D_0002937670,0,0.161367,0
D_0002937691,1,0.993252,1
D_0002937985,0,0.218475,0
D_0002938426,1,0.975932,1
D_0002938447,1,0.963561,1
D_0002938594,1,0.993023,1
D_0002938993,1,0.995399,1
D_0002939203,1,0.996586,1
D_0002939245,0,0.011773,0
D_0002939371,1,0.843336,1
D_0002939602,1,0.977004,1
D_0002939896,0,0.002449,0
D_0002939917,0,0.092135,0
D_0002940526,0,0.098084,0
D_0002940736,1,0.985388,1
D_0002940883,0,0.091535,0
D_0002941156,0,0.997563,1
D_0002941177,1,0.941043,1
D_0002941303,1,0.995565,1
D_0002941597,1,0.994683,1
D_0002941954,1,0.578707,1
D_0002942269,0,0.200545,0
D_0002942374,0,0.018905,0
D_0002942395,1,0.426371,1
D_0002942584,1,0.991588,1
D_0002942794,0,0.076945,0
D_0002943298,1,0.586020,1
D_0002943319,0,0.248336,0
D_0002943445,0,0.042658,0
D_0002943970,0,0.064782,0
D_0002944243,1,0.989289,1
D_0002944516,0,0.007757,0
D_0002944705,1,0.982943,1
D_0002944852,0,0.004567,0
D_0002944957,1,0.245879,0
D_0002945209,1,0.995742,1
D_0002945230,1,0.991431,1
D_0002945293,1,0.994087,1
D_0002945335,0,0.020022,0
D_0002945461,1,0.998109,1
D_0002945482,0,0.035397,0
D_0002945629,1,0.913873,1
D_0002945755,0,0.138663,0
D_0002945839,1,0.988288,1
D_0002946553,1,0.993933,1
D_0002946616,1,0.995348,1
D_0002946868,0,0.133033,0
D_0002948002,1,0.991968,1
D_0002948296,1,0.883527,1
D_0002948422,0,0.029648,0
D_0002948884,0,0.113781,0
D_0002948968,0,0.275460,1
D_0002949241,0,0.054573,0
D_0002949787,0,0.045405,0
D_0002949808,1,0.994535,1
D_0002950543,0,0.120483,0
D_0002950627,1,0.997247,1
D_0002950690,1,0.980066,1
D_0002950900,1,0.083380,0
D_0002951425,0,0.129853,0
D_0002951677,0,0.021785,0
D_0002951971,0,0.036040,0
D_0002952118,1,0.994137,1
D_0002952874,1,0.996064,1
D_0002953021,1,0.994293,1
D_0002953756,0,0.263386,1
D_0002953777,1,0.974250,1
D_0002954113,1,0.991273,1
D_0002954134,1,0.527644,1
D_0002954260,0,0.082026,0
D_0002954428,0,0.113100,0
D_0002954827,1,0.361948,1
D_0002955247,0,0.005075,0
D_0002955394,1,0.105042,0
D_0002955499,1,0.107726,0
D_0002955856,0,0.076483,0
D_0002956045,1,0.991394,1
D_0002956423,0,0.212039,0
D_0002956444,0,0.170185,0
D_0002956528,1,0.976342,1
D_0002957620,0,0.154779,0
D_0002957956,1,0.996004,1
D_0002957977,0,0.536956,1
D_0002958040,1,0.983945,1
D_0002958124,1,0.939395,1
D_0002958565,1,0.980280,1
D_0002958649,0,0.026337,0
D_0002958922,0,0.105441,0
D_0002959300,1,0.980879,1
T_0000000011,0,0.803866,1
T_0000000021,0,0.245600,0
T_0000000027,1,0.991834,1
T_0000000049,0,0.031871,0
T_0000000052,1,0.993708,1
T_0000000077,1,0.398532,1
T_0000000078,1,0.639126,1
T_0000000101,1,0.999133,1
T_0000000127,0,0.017088,0
T_0000000134,0,0.090235,0
T_0000000153,1,0.797794,1
T_0000000159,1,0.995464,1
T_0000000193,1,0.965617,1
T_0000000221,0,0.046426,0
T_0000000226,1,0.847624,1
T_0000000271,0,0.022717,0
T_0000000281,1,0.996669,1
T_0000000318,0,0.047474,0
T_0000000331,0,0.080621,0
T_0000000345,1,0.119630,0
T_0000000349,1,0.226606,0
T_0000000359,0,0.090134,0
T_0000000375,1,0.971381,1
T_0000000405,0,0.015027,0
T_0000000433,1,0.998382,1
T_0000000443,1,0.988125,1
T_0000000465,0,0.018760,0
T_0000000507,0,0.008979,0
T_0000000521,1,0.972015,1
T_0000000539,0,0.086096,0
T_0000000556,1,0.559050,1
T_0000000566,1,0.974951,1
T_0000000571,0,0.040440,0
T_0000000612,0,0.058468,0
T_0000000634,1,0.676500,1
T_0000000636,1,0.990318,1
T_0000000651,0,0.040333,0
T_0000000661,0,0.087629,0
T_0000000669,1,0.990005,1
T_0000000670,1,0.987180,1
T_0000000691,1,0.815737,1
T_0000000706,1,0.970285,1
T_0000000739,0,0.061893,0
T_0000000760,1,0.964211,1
T_0000000780,1,0.779702,1
T_0000000897,1,0.998906,1
T_0000000906,1,0.962721,1
T_0000000909,1,0.960693,1
T_0000000914,1,0.991756,1
T_0000000961,1,0.999119,1
T_0000001003,1,0.426589,1
T_0000001004,1,0.977237,1
T_0000001063,1,0.998909,1
T_0000001066,1,0.735798,1
T_0000001074,1,0.994301,1
T_0000001076,1,0.995117,1
T_0000001122,1,0.984656,1
T_0000001141,1,0.997469,1
T_0000001144,0,0.069204,0
T_0000001170,1,0.114298,0
T_0000001218,1,0.198761,0
T_0000001232,1,0.831496,1
T_0000001274,1,0.986370,1
T_0000001281,1,0.994604,1
T_0000001301,0,0.067973,0
T_0000001370,0,0.020575,0
T_0000001371,1,0.987162,1
T_0000001387,0,0.038635,0
T_0000001404,0,0.103081,0
T_0000001443,0,0.014565,0
T_0000001465,0,0.032770,0
T_0000001482,1,0.306447,1
T_0000001503,0,0.025617,0
T_0000001507,1,0.941771,1
T_0000001520,0,0.026908,0
T_0000001530,1,0.990952,1
T_0000001540,0,0.030629,0
T_0000001576,1,0.934861,1
T_0000001581,0,0.003179,0
T_0000001604,1,0.558058,1
T_0000001646,0,0.078019,0
T_0000001718,0,0.148012,0
T_0000001722,0,0.019285,0
T_0000001742,1,0.883369,1
T_0000001752,0,0.059628,0
T_0000001769,1,0.541529,1
T_0000001778,1,0.084010,0
T_0000001800,1,0.947124,1
T_0000001804,1,0.986396,1
T_0000001838,1,0.273283,1
T_0000001840,1,0.982284,1
T_0000001908,0,0.090239,0
T_0000001910,1,0.984914,1
T_0000001926,1,0.994984,1
T_0000001947,1,0.990151,1
T_0000001957,0,0.089569,0
T_0000001972,1,0.942499,1
T_0000001975,0,0.058586,0
T_0000001983,1,0.916904,1
T_0000002007,1,0.993580,1
T_0000002012,1,0.454205,1
T_0000002043,1,0.634792,1
T_0000002097,1,0.937644,1
T_0000002140,1,0.999246,1
T_0000002191,0,0.079581,0
T_0000002233,0,0.123691,0
T_0000002278,0,0.158395,0
T_0000002303,1,0.989390,1
T_0000002305,1,0.969443,1
T_0000002351,1,0.916463,1
T_0000002396,1,0.991797,1
T_0000002398,0,0.015959,0
T_0000002429,1,0.912194,1
T_0000002431,0,0.076305,0
T_0000002434,1,0.988814,1
T_0000002458,0,0.041646,0
T_0000002477,0,0.067141,0
T_0000002523,0,0.039531,0
T_0000002558,1,0.998924,1
T_0000002562,0,0.039002,0
T_0000002579,1,0.104376,0
T_0000002584,1,0.999252,1
T_0000002585,0,0.930156,1
T_0000002587,1,0.968807,1
T_0000002590,0,0.056776,0
T_0000002606,0,0.017591,0
T_0000002610,1,0.973990,1
T_0000002615,1,0.601500,1
T_0000002641,0,0.012959,0
T_0000002662,1,0.998286,1
T_0000002663,1,0.995387,1
T_0000002671,0,0.067405,0
T_0000002714,1,0.983009,1
T_0000002730,1,0.133961,0
T_0000002765,1,0.246368,0
T_0000002768,1,0.949756,1
T_0000002770,1,0.986307,1
T_0000002778,1,0.985580,1
T_0000002801,1,0.993147,1
T_0000002895,1,0.993090,1
T_0000002906,1,0.964866,1
T_0000002937,0,0.031723,0
T_0000002941,0,0.169472,0
T_0000002979,1,0.990813,1
T_0000002982,0,0.042736,0
T_0000003032,1,0.979819,1
T_0000003103,1,0.967062,1
T_0000003113,0,0.040689,0
T_0000003137,1,0.863850,1
T_0000003164,0,0.098968,0
T_0000003170,0,0.120349,0
T_0000003235,1,0.994531,1
T_0000003282,1,0.988879,1
T_0000003315,1,0.987378,1
T_0000003330,0,0.014474,0
T_0000003345,0,0.114843,0
T_0000003394,0,0.028466,0
T_0000003402,1,0.997786,1
T_0000003411,1,0.927884,1
T_0000003413,1,0.981097,1
T_0000003424,1,0.995729,1
T_0000003449,0,0.056339,0
T_0000003461,0,0.148032,0
T_0000003471,1,0.999167,1
T_0000003478,1,0.994348,1
T_0000003492,1,0.972147,1
T_0000003514,1,0.999022,1
T_0000003519,1,0.910055,1
T_0000003523,1,0.993892,1
T_0000003542,1,0.984965,1
T_0000003553,1,0.603537,1
T_0000003582,0,0.128739,0
T_0000003689,1,0.480122,1
T_0000003700,1,0.960325,1
T_0000003859,0,0.019188,0
T_0000003884,1,0.946367,1
T_0000003898,1,0.994610,1
T_0000003948,0,0.015115,0
T_0000004023,0,0.051991,0
T_0000004031,1,0.998698,1
T_0000004079,0,0.101627,0
T_0000004085,0,0.064885,0
T_0000004114,1,0.969817,1
T_0000004119,1,0.974002,1
T_0000004189,0,0.042487,0
T_0000004190,1,0.986437,1
T_0000004210,0,0.105339,0
T_0000004240,1,0.992102,1
T_0000004254,0,0.013143,0
T_0000004255,0,0.051560,0
T_0000004293,0,0.018806,0
T_0000004332,1,0.980621,1
T_0000004365,1,0.998862,1
T_0000004366,1,0.986405,1
T_0000004423,1,0.994394,1
T_0000004475,1,0.056792,0
T_0000004479,0,0.072280,0
T_0000004516,0,0.106739,0
T_0000004517,0,0.035111,0
T_0000004587,1,0.987532,1
T_0000004624,1,0.666638,1
T_0000004627,1,0.994087,1
T_0000004684,1,0.995387,1
T_0000004720,1,0.993645,1
T_0000004732,1,0.762808,1
T_0000004749,0,0.125562,0
T_0000004760,1,0.973394,1
T_0000004765,1,0.985960,1
T_0000004766,1,0.294338,1
T_0000004798,1,0.997050,1
T_0000004863,1,0.991223,1
T_0000004889,1,0.985261,1
T_0000004914,1,0.667708,1
T_0000004919,0,0.006155,0
T_0000004936,1,0.526942,1
T_0000004946,1,0.989316,1
T_0000005017,1,0.996748,1
T_0000005024,1,0.853411,1
T_0000005040,1,0.178034,0
T_0000005041,0,0.097809,0
T_0000005052,0,0.016531,0
T_0000005106,1,0.999457,1
T_0000005151,1,0.994583,1
T_0000005152,1,0.993173,1
T_0000005173,1,0.985007,1
T_0000005192,1,0.057157,0
T_0000005216,0,0.129242,0
T_0000005224,1,0.996788,1
T_0000005233,1,0.983541,1
T_0000005271,0,0.125179,0
T_0000005284,0,0.046334,0
T_0000005345,0,0.032754,0
T_0000005359,1,0.993226,1
T_0000005374,1,0.889799,1
T_0000005406,0,0.007888,0
T_0000005409,0,0.055890,0
T_0000005450,1,0.541093,1
T_0000005478,1,0.981868,1
T_0000005506,0,0.032737,0
T_0000005507,0,0.017632,0
T_0000005519,1,0.992945,1
T_0000005570,0,0.018151,0
T_0000005586,1,0.991964,1
T_0000005593,1,0.892135,1
T_0000005616,1,0.983170,1
T_0000005663,0,0.023396,0
T_0000005668,1,0.987914,1
T_0000005679,1,0.995653,1
T_0000005691,1,0.994037,1
T_0000005722,0,0.014385,0
T_0000005735,0,0.033439,0
T_0000005738,0,0.153643,0
T_0000005750,1,0.994298,1
T_0000005760,1,0.991539,1
T_0000005768,1,0.079291,0
T_0000005803,0,0.033408,0
T_0000005806,1,0.990157,1
T_0000005809,1,0.958462,1
T_0000005837,1,0.775511,1
T_0000005844,1,0.983326,1
T_0000005855,0,0.113757,0
T_0000005878,1,0.784000,1
T_0000005907,1,0.981848,1
T_0000005935,0,0.099379,0
T_0000005941,0,0.035729,0
T_0000005972,1,0.972810,1
T_0000005977,1,0.982608,1
T_0000006004,1,0.910788,1
T_0000006014,0,0.156576,0
T_0000006034,1,0.988978,1
T_0000006052,0,0.116741,0
T_0000006054,0,0.333290,1
T_0000006061,0,0.014640,0
T_0000006083,1,0.426081,1
T_0000006103,1,0.990976,1
T_0000006109,0,0.042230,0
T_0000006155,1,0.992333,1
T_0000006163,1,0.996063,1
T_0000006172,1,0.372236,1
T_0000006178,1,0.958643,1
T_0000006179,1,0.118615,0
T_0000006194,0,0.011087,0
T_0000006201,1,0.889231,1
T_0000006203,1,0.966750,1
T_0000006218,1,0.985496,1
T_0000006239,1,0.996793,1
T_0000006250,1,0.692446,1
T_0000006265,1,0.911652,1
T_0000006290,0,0.043995,0
T_0000006310,0,0.055530,0
T_0000006352,1,0.858831,1
T_0000006362,0,0.057274,0
T_0000006442,0,0.008399,0
T_0000006446,1,0.999345,1
T_0000006461,1,0.076717,0
T_0000006462,0,0.036951,0
T_0000006480,1,0.999150,1
T_0000006491,1,0.995503,1
T_0000006500,1,0.993966,1
T_0000006528,1,0.994710,1
T_0000006540,1,0.989574,1
T_0000006549,1,0.989589,1
T_0000006575,1,0.992969,1
T_0000006588,1,0.705156,1
T_0000006594,0,0.038626,0
T_0000006619,0,0.028654,0
T_0000006667,1,0.998409,1
T_0000006673,1,0.989666,1
T_0000006724,1,0.898600,1
T_0000006730,0,0.024170,0
T_0000006763,0,0.036922,0
T_0000006771,1,0.998570,1
T_0000006773,0,0.025136,0
T_0000006784,1,0.998916,1
T_0000006794,0,0.064816,0
T_0000006817,1,0.919934,1
T_0000006866,1,0.961397,1
T_0000006881,1,0.994697,1
T_0000006915,1,0.095080,0
T_0000006952,1,0.333735,1
T_0000006998,0,0.040950,0
T_0000007040,1,0.959563,1
T_0000007070,1,0.998829,1
T_0000007081,1,0.972159,1
T_0000007113,0,0.007857,0
T_0000007122,1,0.999113,1
T_0000007130,1,0.990334,1
T_0000007139,0,0.012700,0
T_0000007150,0,0.051249,0
T_0000007166,0,0.085299,0
T_0000007172,0,0.092100,0
T_0000007201,1,0.070342,0
T_0000007205,1,0.467429,1
T_0000007212,1,0.984288,1
T_0000007260,1,0.932115,1
T_0000007281,1,0.964101,1
T_0000007289,1,0.978565,1
T_0000007291,1,0.797161,1
T_0000007301,1,0.859687,1
T_0000007306,1,0.498684,1
T_0000007323,1,0.997507,1
T_0000007329,1,0.997600,1
T_0000007380,1,0.989419,1
T_0000007394,1,0.921282,1
T_0000007408,1,0.993104,1
T_0000007409,0,0.112651,0
T_0000007458,1,0.884489,1
T_0000007467,0,0.030391,0
T_0000007469,1,0.971561,1
T_0000007490,0,0.027936,0
T_0000007509,1,0.740416,1
T_0000007524,1,0.978175,1
T_0000007544,1,0.954458,1
T_0000007557,0,0.147051,0
T_0000007602,0,0.115913,0
T_0000007604,1,0.988637,1
T_0000007606,1,0.976124,1
T_0000007634,0,0.051212,0
T_0000007643,0,0.089115,0
T_0000007654,0,0.051355,0
T_0000007668,1,0.859960,1
T_0000007694,0,0.117330,0
T_0000007721,1,0.999116,1
T_0000007753,1,0.988320,1
T_0000007788,1,0.691637,1
T_0000007794,1,0.855382,1
T_0000007815,1,0.995548,1
T_0000007849,1,0.993015,1
T_0000007874,1,0.997145,1
T_0000007911,1,0.061011,0
T_0000007921,1,0.994175,1
T_0000007928,1,0.394036,1
T_0000007964,1,0.989968,1
T_0000007996,1,0.990313,1
T_0000008011,1,0.794542,1
T_0000008013,0,0.016720,0
T_0000008017,1,0.953813,1
T_0000008028,1,0.997462,1
T_0000008076,1,0.996118,1
T_0000008083,0,0.089188,0
T_0000008084,0,0.028117,0
T_0000008171,1,0.994907,1
T_0000008215,1,0.944430,1
T_0000008230,1,0.970924,1
T_0000008257,0,0.014874,0
T_0000008258,1,0.874925,1
T_0000008273,0,0.118044,0
T_0000008290,0,0.060417,0
T_0000008350,1,0.994568,1
T_0000008472,1,0.996342,1
T_0000008490,0,0.041996,0
T_0000008491,1,0.896260,1
T_0000008521,0,0.144678,0
T_0000008532,1,0.993943,1
T_0000008550,1,0.419638,1
T_0000008558,1,0.997870,1
T_0000008560,0,0.002042,0
T_0000008561,0,0.249979,0
T_0000008599,1,0.988283,1
T_0000008601,1,0.972464,1
T_0000008620,1,0.996474,1
T_0000008642,1,0.997686,1
T_0000008645,0,0.036354,0
T_0000008696,0,0.019930,0
T_0000008715,1,0.616925,1
T_0000008756,0,0.038330,0
T_0000008793,1,0.997481,1
T_0000008823,1,0.392355,1
T_0000008830,1,0.908580,1
T_0000008856,0,0.002841,0
T_0000008862,1,0.814145,1
T_0000008878,1,0.996929,1
T_0000008889,1,0.970219,1
T_0000008893,0,0.017970,0
T_0000008894,1,0.996417,1
T_0000008902,1,0.533603,1
T_0000008952,1,0.999335,1
T_0000008993,1,0.470524,1
T_0000009005,1,0.458113,1
T_0000009030,0,0.016094,0
T_0000009091,1,0.565409,1
T_0000009108,0,0.025685,0
T_0000009148,1,0.967980,1
T_0000009158,0,0.051012,0
T_0000009166,0,0.040016,0
T_0000009213,1,0.089645,0
T_0000009218,0,0.012136,0
T_0000009222,1,0.995759,1
T_0000009223,1,0.983336,1
T_0000009245,1,0.997929,1
T_0000009258,1,0.977997,1
T_0000009373,0,0.006341,0
T_0000009410,1,0.982759,1
T_0000009427,0,0.057350,0
T_0000009434,0,0.055950,0
T_0000009487,1,0.985068,1
T_0000009503,1,0.496268,1
T_0000009504,1,0.989822,1
T_0000009519,0,0.024662,0
T_0000009585,0,0.043893,0
T_0000009600,1,0.983426,1
T_0000009614,1,0.998586,1
T_0000009620,1,0.995598,1
T_0000009650,1,0.995942,1
T_0000009675,1,0.687940,1
T_0000009676,1,0.998979,1
T_0000009678,1,0.982745,1
T_0000009699,1,0.974422,1
T_0000009701,1,0.996088,1
T_0000009716,0,0.037111,0
T_0000009731,1,0.979365,1
T_0000009815,0,0.138353,0
T_0000009905,1,0.997411,1
T_0000009939,1,0.995863,1
T_0000009953,0,0.106698,0
T_0000009970,0,0.021166,0
T_0000010019,1,0.217190,0
T_0000010021,1,0.976895,1
T_0000010034,1,0.806210,1
T_0000010035,1,0.376913,1
T_0000010043,0,0.083159,0
T_0000010045,1,0.959391,1
T_0000010080,0,0.144673,0
T_0000010116,1,0.916609,1
T_0000010120,0,0.030436,0
T_0000010192,1,0.815701,1
T_0000010200,1,0.990014,1
T_0000010227,0,0.108691,0
T_0000010233,1,0.578371,1
T_0000010235,1,0.660114,1
T_0000010243,0,0.093508,0
T_0000010328,1,0.843144,1
T_0000010342,1,0.185372,0
T_0000010352,1,0.996149,1
T_0000010401,0,0.155044,0
T_0000010403,1,0.992365,1
T_0000010407,1,0.807892,1
T_0000010417,0,0.057337,0
T_0000010436,0,0.172743,0
T_0000010472,1,0.984423,1
T_0000010494,0,0.075887,0
T_0000010501,1,0.086088,0
T_0000010512,1,0.976725,1
T_0000010568,1,0.995385,1
T_0000010605,1,0.974584,1
T_0000010623,0,0.027561,0
T_0000010648,0,0.156828,0
T_0000010664,0,0.017269,0
T_0000010685,1,0.989339,1
T_0000010691,0,0.068162,0
T_0000010706,1,0.664692,1
T_0000010708,0,0.009457,0
T_0000010732,1,0.856282,1
T_0000010746,1,0.986831,1
T_0000010793,0,0.047784,0
T_0000010813,0,0.043916,0
T_0000010814,0,0.049307,0
T_0000010822,1,0.985176,1
T_0000010824,1,0.785533,1
T_0000010833,1,0.993125,1
T_0000010857,1,0.110537,0
T_0000010885,1,0.950496,1
T_0000010920,1,0.412223,1
T_0000010951,0,0.020355,0
T_0000010976,0,0.126485,0
T_0000010988,1,0.177382,0
T_0000010993,0,0.014779,0
T_0000011000,0,0.020007,0
T_0000011017,1,0.995208,1
T_0000011023,0,0.078350,0
T_0000011041,1,0.983962,1
T_0000011048,1,0.958347,1
T_0000011058,1,0.977105,1
T_0000011098,1,0.982284,1
T_0000011100,1,0.989301,1
T_0000011106,1,0.983358,1
T_0000011114,1,0.985657,1
T_0000011121,1,0.978222,1
T_0000011165,0,0.150855,0
T_0000011177,1,0.991378,1
T_0000011192,0,0.057491,0
T_0000011224,1,0.989853,1
T_0000011227,0,0.038079,0
T_0000011250,0,0.054173,0
T_0000011263,0,0.013794,0
T_0000011275,1,0.991263,1
T_0000011319,1,0.993254,1
T_0000011322,1,0.989608,1
T_0000011394,0,0.115823,0
T_0000011407,0,0.026389,0
T_0000011441,1,0.801446,1
T_0000011449,1,0.996083,1
T_0000011512,0,0.078333,0
T_0000011522,1,0.990795,1
T_0000011570,0,0.008547,0
T_0000011574,1,0.727976,1
T_0000011590,0,0.160756,0
T_0000011595,0,0.050075,0
T_0000011605,1,0.994992,1
T_0000011652,1,0.996829,1
T_0000011731,1,0.994460,1
T_0000011779,1,0.861968,1
T_0000011794,0,0.164918,0
T_0000011960,1,0.983576,1
T_0000011963,1,0.997293,1
T_0000011970,1,0.846905,1
T_0000011998,1,0.999455,1
T_0000011999,0,0.027328,0
T_0000012051,1,0.102894,0
T_0000012059,1,0.024877,0
T_0000012065,1,0.762536,1
T_0000012073,0,0.011338,0
T_0000012083,1,0.097741,0
T_0000012086,1,0.813139,1
T_0000012123,0,0.082578,0
T_0000012146,1,0.994521,1
T_0000012147,1,0.990056,1
T_0000012224,1,0.978581,1
T_0000012242,1,0.977792,1
T_0000012268,0,0.050626,0
T_0000012331,1,0.995691,1
T_0000012377,0,0.030232,0
T_0000012454,1,0.995079,1
T_0000012502,0,0.051894,0
T_0000012514,1,0.989622,1
T_0000012553,0,0.016244,0
T_0000012558,1,0.994329,1
T_0000012567,0,0.051378,0
T_0000012573,1,0.998981,1
T_0000012577,1,0.995786,1
T_0000012578,0,0.062322,0
T_0000012655,1,0.992310,1
T_0000012668,1,0.060571,0
T_0000012673,1,0.997762,1
T_0000012676,1,0.874726,1
T_0000012689,1,0.868718,1
T_0000012721,0,0.104131,0
T_0000012729,0,0.176291,0
T_0000012737,1,0.304332,1
T_0000012762,1,0.965604,1
T_0000012779,1,0.768171,1
T_0000012781,1,0.994333,1
T_0000012788,1,0.990258,1
T_0000012796,1,0.928565,1
T_0000012803,0,0.032700,0
T_0000012808,0,0.070112,0
T_0000012860,1,0.245090,0
T_0000012904,1,0.991781,1
T_0000012917,1,0.993025,1
T_0000012923,1,0.099240,0
T_0000012924,1,0.990336,1
T_0000012990,0,0.106965,0
T_0000013029,1,0.917180,1
T_0000013035,1,0.998145,1
T_0000013102,0,0.056873,0
T_0000013104,1,0.976624,1
T_0000013116,0,0.092555,0
T_0000013119,0,0.018959,0
T_0000013125,1,0.988404,1
T_0000013170,1,0.997115,1
T_0000013173,1,0.991082,1
T_0000013176,0,0.110564,0
T_0000013206,0,0.023670,0
T_0000013247,0,0.025786,0
T_0000013333,0,0.070579,0
T_0000013344,1,0.991493,1
T_0000013363,0,0.015752,0
T_0000013456,1,0.979021,1
T_0000013536,1,0.852228,1
T_0000013548,0,0.009686,0
T_0000013556,1,0.999211,1
T_0000013561,1,0.949906,1
T_0000013583,1,0.965725,1
T_0000013589,0,0.061957,0
T_0000013598,1,0.990194,1
T_0000013641,1,0.936830,1
T_0000013664,1,0.996431,1
T_0000013691,1,0.959579,1
T_0000013697,0,0.114632,0
T_0000013698,1,0.914288,1
T_0000013702,0,0.012827,0
T_0000013734,1,0.985329,1
T_0000013798,1,0.996601,1
T_0000013816,0,0.007033,0
T_0000013818,1,0.967115,1
T_0000013856,1,0.379232,1
T_0000013864,0,0.044769,0
T_0000013883,0,0.016507,0
T_0000013912,1,0.968361,1
T_0000013943,1,0.966258,1
T_0000013966,0,0.163075,0
T_0000013998,1,0.962385,1
T_0000014033,0,0.040963,0
T_0000014035,1,0.976454,1
T_0000014044,1,0.994161,1
T_0000014068,1,0.989426,1
T_0000014073,1,0.997236,1
T_0000014082,0,0.032161,0
T_0000014101,1,0.991957,1
T_0000014121,0,0.225549,0
T_0000014148,1,0.999617,1
T_0000014159,0,0.043887,0
T_0000014176,1,0.914609,1
T_0000014201,1,0.999136,1
T_0000014215,0,0.017498,0
T_0000014217,1,0.993753,1
T_0000014238,1,0.139594,0
T_0000014259,0,0.063132,0
T_0000014326,0,0.350380,1
T_0000014365,1,0.323127,1
T_0000014369,1,0.533541,1
T_0000014393,1,0.984470,1
T_0000014460,1,0.993012,1
T_0000014486,0,0.013975,0
T_0000014498,1,0.992920,1
T_0000014510,1,0.987914,1
T_0000014564,0,0.087592,0
T_0000014620,1,0.997429,1
T_0000014637,1,0.979098,1
T_0000014639,0,0.093075,0
T_0000014649,1,0.993125,1
T_0000014654,1,0.223457,0
T_0000014671,0,0.033354,0
T_0000014751,1,0.954250,1
T_0000014763,1,0.580828,1
T_0000014772,1,0.987212,1
T_0000014779,1,0.817264,1
T_0000014821,1,0.990349,1
T_0000014835,1,0.996745,1
T_0000014842,1,0.994426,1
T_0000014903,1,0.993893,1
T_0000014949,1,0.988405,1
T_0000014952,1,0.081059,0
T_0000014976,1,0.993828,1
T_0000015001,1,0.995330,1
T_0000015003,1,0.994186,1
T_0000015020,0,0.043780,0
T_0000015030,1,0.996320,1
T_0000015035,1,0.989866,1
T_0000015064,1,0.982952,1
T_0000015076,0,0.094413,0
T_0000015083,1,0.986081,1
T_0000015160,0,0.268114,1
T_0000015167,1,0.988076,1
T_0000015172,1,0.997444,1
T_0000015188,1,0.990155,1
T_0000015299,1,0.999054,1
T_0000015332,1,0.960441,1
T_0000015340,1,0.997974,1
T_0000015360,1,0.966425,1
T_0000015409,1,0.994779,1
T_0000015418,0,0.089729,0
T_0000015452,0,0.074400,0
T_0000015465,1,0.985913,1
T_0000015496,0,0.096392,0
T_0000015560,1,0.997190,1
T_0000015597,1,0.672891,1
T_0000015674,0,0.033805,0
T_0000015694,0,0.042091,0
T_0000015710,1,0.990308,1
T_0000015713,0,0.062875,0
T_0000015714,1,0.990090,1
T_0000015715,1,0.983770,1
T_0000015722,1,0.979966,1
T_0000015731,1,0.984796,1
T_0000015744,0,0.108379,0
T_0000015745,0,0.025779,0
T_0000015767,0,0.038822,0
T_0000015770,1,0.977229,1
T_0000015794,1,0.992694,1
T_0000015825,1,0.997982,1
T_0000015838,0,0.045652,0
T_0000015845,0,0.192386,0
T_0000015851,0,0.087988,0
T_0000015883,1,0.803744,1
T_0000015921,1,0.773687,1
T_0000015936,1,0.103969,0
T_0000015972,0,0.059853,0
T_0000015984,1,0.940202,1
T_0000015993,1,0.526300,1
T_0000015998,0,0.171978,0
T_0000016008,1,0.107989,0
T_0000016011,0,0.073392,0
T_0000016030,0,0.012579,0
T_0000016043,0,0.019210,0
T_0000016055,0,0.112299,0
T_0000016062,1,0.991349,1
T_0000016080,0,0.057259,0
T_0000016082,0,0.032538,0
T_0000016163,1,0.877199,1
T_0000016197,1,0.965672,1
T_0000016242,0,0.046218,0
T_0000016251,1,0.987818,1
T_0000016275,1,0.998316,1
T_0000016280,1,0.989782,1
T_0000016283,0,0.031708,0
T_0000016312,1,0.996588,1
T_0000016317,1,0.989839,1
T_0000016355,1,0.971942,1
T_0000016375,0,0.016456,0
T_0000016401,0,0.028514,0
T_0000016405,1,0.747710,1
T_0000016409,1,0.968827,1
T_0000016426,0,0.032217,0
T_0000016568,1,0.755929,1
T_0000016611,0,0.120763,0
T_0000016626,0,0.009434,0
T_0000016634,1,0.976742,1
T_0000016679,0,0.064020,0
T_0000016693,1,0.959798,1
T_0000016710,1,0.998542,1
T_0000016740,0,0.110876,0
T_0000016751,1,0.911767,1
T_0000016807,1,0.076107,0
T_0000016830,1,0.985116,1
T_0000016843,1,0.844992,1
T_0000016870,1,0.978728,1
T_0000016887,0,0.664284,1
T_0000016909,0,0.048225,0
T_0000016912,1,0.979919,1
T_0000016916,1,0.929833,1
T_0000016969,1,0.949095,1
T_0000016989,1,0.981909,1
T_0000017000,1,0.999368,1
T_0000017059,1,0.993000,1
T_0000017065,1,0.218075,0
T_0000017082,0,0.007982,0
T_0000017090,1,0.987234,1
T_0000017091,1,0.208462,0
T_0000017137,1,0.990269,1
T_0000017201,1,0.999512,1
T_0000017219,1,0.048511,0
T_0000017258,1,0.991447,1
T_0000017259,0,0.081484,0
T_0000017272,1,0.736943,1
T_0000017297,0,0.037939,0
T_0000017324,1,0.987809,1
T_0000017326,0,0.026922,0
T_0000017336,1,0.990263,1
T_0000017337,1,0.992308,1
T_0000017343,1,0.966631,1
T_0000017347,1,0.967371,1
T_0000017349,1,0.998492,1
T_0000017366,1,0.606392,1
T_0000017380,1,0.955422,1
T_0000017422,0,0.053945,0
T_0000017442,1,0.987038,1
T_0000017463,0,0.043390,0
T_0000017491,1,0.974803,1
T_0000017535,0,0.182613,0
T_0000017555,1,0.892604,1
T_0000017577,1,0.778236,1
T_0000017636,1,0.997063,1
T_0000017643,0,0.053709,0
T_0000017648,0,0.165770,0
T_0000017649,1,0.833517,1
T_0000017680,0,0.114347,0
T_0000017691,0,0.024094,0
T_0000017707,1,0.999393,1
T_0000017715,0,0.012315,0
T_0000017742,1,0.994030,1
T_0000017753,0,0.030431,0
T_0000017760,1,0.761226,1
T_0000017781,1,0.398397,1
T_0000017790,1,0.999490,1
T_0000017821,1,0.988174,1
T_0000017856,0,0.008757,0
T_0000017871,0,0.024692,0
T_0000017906,1,0.918945,1
T_0000017963,1,0.333734,1
T_0000017979,1,0.945015,1
T_0000018061,0,0.015100,0
T_0000018103,1,0.997243,1
T_0000018125,1,0.786707,1
T_0000018173,1,0.888795,1
T_0000018177,1,0.993089,1
T_0000018228,1,0.819152,1
T_0000018242,1,0.797255,1
T_0000018249,0,0.133795,0
T_0000018276,1,0.997107,1
T_0000018285,0,0.022822,0
T_0000018294,0,0.016774,0
T_0000018296,1,0.985522,1
T_0000018315,1,0.855862,1
T_0000018344,0,0.167145,0
T_0000018396,1,0.992716,1
T_0000018412,1,0.992255,1
T_0000018448,1,0.733006,1
T_0000018454,0,0.082162,0
T_0000018465,1,0.968529,1
T_0000018483,1,0.993526,1
T_0000018489,1,0.995622,1
T_0000018566,1,0.996605,1
T_0000018568,0,0.074579,0
T_0000018580,1,0.974108,1
T_0000018591,0,0.036979,0
T_0000018613,0,0.033019,0
T_0000018624,1,0.378754,1
T_0000018645,1,0.858344,1
T_0000018696,1,0.959453,1
T_0000018703,0,0.063676,0
T_0000018715,1,0.951295,1
T_0000018733,1,0.996691,1
T_0000018767,1,0.993454,1
T_0000018779,1,0.919496,1
T_0000018790,0,0.067771,0
T_0000018803,1,0.130737,0
T_0000018811,0,0.116981,0
T_0000018822,0,0.005472,0
T_0000018839,1,0.139636,0
T_0000018854,1,0.917180,1
T_0000018931,1,0.983778,1
T_0000018956,1,0.996390,1
T_0000019100,1,0.976665,1
T_0000019101,1,0.837668,1
T_0000019110,0,0.035472,0
T_0000019127,0,0.121884,0
T_0000019130,1,0.974120,1
T_0000019131,1,0.990719,1
T_0000019170,1,0.998843,1
T_0000019191,1,0.900341,1
T_0000019194,1,0.992443,1
T_0000019203,0,0.139799,0
T_0000019227,0,0.060599,0
T_0000019232,1,0.974242,1
T_0000019248,1,0.996007,1
T_0000019249,1,0.989990,1
T_0000019297,1,0.985820,1
T_0000019308,0,0.054607,0
T_0000019312,0,0.049696,0
T_0000019321,1,0.995356,1
T_0000019327,1,0.793865,1
T_0000019404,1,0.968765,1
T_0000019465,1,0.973245,1
T_0000019508,0,0.040537,0
T_0000019545,1,0.996694,1
T_0000019568,0,0.054517,0
T_0000019630,0,0.050502,0
T_0000019656,1,0.968856,1
T_0000019680,0,0.153175,0
T_0000019702,0,0.088742,0
T_0000019712,1,0.961311,1
T_0000019763,1,0.896778,1
T_0000019782,1,0.858958,1
T_0000019817,1,0.990515,1
T_0000019823,1,0.979052,1
T_0000019843,1,0.987412,1
T_0000019850,1,0.639289,1
T_0000019856,1,0.985282,1
T_0000019861,1,0.865490,1
T_0000019867,1,0.990862,1
T_0000019909,1,0.992597,1
T_0000019939,1,0.993300,1
T_0000019944,0,0.018054,0
T_0000019947,1,0.993822,1
T_0000019967,0,0.078246,0
T_0000019972,0,0.061573,0
T_0000020006,1,0.990899,1
T_0000020041,0,0.338007,1
T_0000020050,1,0.998540,1
T_0000020110,1,0.998347,1
T_0000020157,1,0.882666,1
T_0000020198,1,0.992005,1
T_0000020237,0,0.330278,1
T_0000020362,0,0.030443,0
T_0000020367,1,0.997486,1
T_0000020379,1,0.366939,1
T_0000020388,1,0.922213,1
T_0000020473,1,0.980600,1
T_0000020508,0,0.070452,0
T_0000020522,1,0.986964,1
T_0000020523,1,0.839031,1
T_0000020559,1,0.986459,1
T_0000020575,1,0.976229,1
T_0000020577,1,0.989765,1
T_0000020587,1,0.981414,1
T_0000020621,0,0.043860,0
T_0000020657,1,0.978401,1
T_0000020663,0,0.126804,0
T_0000020719,1,0.992208,1
T_0000020729,0,0.034776,0
T_0000020738,1,0.997240,1
T_0000020804,1,0.992258,1
T_0000020805,0,0.016822,0
T_0000020817,1,0.992255,1
T_0000020835,1,0.861804,1
T_0000020858,1,0.967369,1
T_0000020860,0,0.012026,0
T_0000020861,0,0.040123,0
T_0000020875,1,0.992852,1
T_0000020941,1,0.990666,1
T_0000020944,0,0.062485,0
T_0000020951,0,0.092355,0
T_0000020954,0,0.025122,0
T_0000021057,0,0.039309,0
T_0000021059,0,0.024562,0
T_0000021086,0,0.072217,0
T_0000021089,0,0.064862,0
T_0000021099,1,0.991112,1
T_0000021102,1,0.996302,1
T_0000021106,0,0.057027,0
T_0000021120,0,0.038368,0
T_0000021124,0,0.019947,0
T_0000021167,1,0.988370,1
T_0000021168,0,0.004023,0
T_0000021173,1,0.993983,1
T_0000021188,1,0.998689,1
T_0000021199,0,0.073323,0
T_0000021245,1,0.950369,1
T_0000021254,0,0.031589,0
T_0000021258,1,0.994040,1
T_0000021276,1,0.980070,1
T_0000021293,0,0.004997,0
T_0000021309,1,0.989016,1
T_0000021337,0,0.013839,0
T_0000021342,1,0.923737,1
T_0000021351,1,0.985048,1
T_0000021371,1,0.490447,1
T_0000021413,1,0.605248,1
T_0000021462,1,0.997793,1
T_0000021478,1,0.999622,1
T_0000021509,0,0.059299,0
T_0000021605,1,0.992492,1
T_0000021637,1,0.879171,1
T_0000021638,1,0.995791,1
T_0000021669,1,0.997279,1
T_0000021694,1,0.984981,1
T_0000021753,1,0.992790,1
T_0000021759,1,0.986711,1
T_0000021777,1,0.990151,1
T_0000021779,1,0.987790,1
T_0000021792,0,0.053222,0
T_0000021823,1,0.993314,1
T_0000021826,0,0.040073,0
T_0000021833,1,0.991115,1
T_0000021839,1,0.999343,1
T_0000021844,1,0.999069,1
T_0000021882,1,0.803926,1
T_0000021899,1,0.992761,1
T_0000021977,1,0.976963,1
T_0000021996,1,0.967891,1
T_0000022082,1,0.952189,1
T_0000022090,0,0.020215,0
T_0000022102,1,0.986691,1
T_0000022118,1,0.991564,1
T_0000022136,0,0.042185,0
T_0000022156,1,0.996951,1
T_0000022171,0,0.908195,1
T_0000022212,1,0.998272,1
T_0000022221,0,0.048874,0
T_0000022258,1,0.996158,1
T_0000022293,1,0.994680,1
T_0000022319,0,0.058577,0
T_0000022323,0,0.003314,0
T_0000022393,0,0.021701,0
T_0000022403,1,0.982385,1
T_0000022418,0,0.062496,0
T_0000022428,1,0.368263,1
T_0000022440,0,0.088486,0
T_0000022444,0,0.128741,0
T_0000022470,1,0.995055,1
T_0000022510,0,0.015192,0
T_0000022525,0,0.081433,0
T_0000022556,1,0.995710,1
T_0000022558,0,0.017996,0
T_0000022562,0,0.060531,0
T_0000022567,1,0.996953,1
T_0000022589,1,0.036091,0
T_0000022600,1,0.990347,1
T_0000022613,1,0.937575,1
T_0000022614,0,0.188459,0
T_0000022650,1,0.255118,1
T_0000022690,0,0.099516,0
T_0000022748,1,0.997825,1
T_0000022753,1,0.989294,1
T_0000022781,0,0.008398,0
T_0000022799,0,0.027794,0
T_0000022804,0,0.019566,0
T_0000022814,1,0.977460,1
T_0000022817,1,0.921483,1
T_0000022870,0,0.120337,0
T_0000022878,0,0.061543,0
T_0000022896,1,0.677135,1
T_0000022908,1,0.988068,1
T_0000022937,1,0.990059,1
T_0000022951,0,0.078243,0
T_0000022952,1,0.988069,1
T_0000023035,1,0.987156,1
T_0000023088,1,0.038402,0
T_0000023130,1,0.990414,1
T_0000023148,0,0.006131,0
T_0000023173,0,0.053660,0
T_0000023180,0,0.036980,0
T_0000023241,0,0.108047,0
T_0000023253,1,0.997343,1
T_0000023260,0,0.013174,0
T_0000023261,1,0.950717,1
T_0000023274,1,0.983046,1
T_0000023291,1,0.993886,1
T_0000023336,1,0.990748,1
T_0000023354,0,0.080216,0
T_0000023360,0,0.077982,0
T_0000023392,1,0.992153,1
T_0000023401,0,0.040541,0
T_0000023447,0,0.067711,0
T_0000023474,1,0.996048,1
T_0000023482,1,0.994859,1
T_0000023492,0,0.083849,0
T_0000023512,1,0.975966,1
T_0000023517,0,0.039594,0
T_0000023524,1,0.992102,1
T_0000023526,1,0.104612,0
T_0000023531,1,0.976323,1
T_0000023546,1,0.995038,1
T_0000023552,1,0.368337,1
T_0000023570,1,0.991926,1
T_0000023582,1,0.985686,1
T_0000023643,1,0.983082,1
T_0000023646,1,0.989042,1
T_0000023652,1,0.975864,1
T_0000023695,0,0.061180,0
T_0000023738,1,0.984529,1
T_0000023780,1,0.997055,1
T_0000023815,1,0.993511,1
T_0000023858,1,0.980621,1
T_0000023883,0,0.024634,0
T_0000023905,1,0.937184,1
T_0000023952,1,0.998957,1
T_0000023967,1,0.905706,1
T_0000023975,0,0.011920,0
T_0000023977,1,0.992088,1
T_0000024000,1,0.932230,1
T_0000024052,0,0.013221,0
T_0000024054,1,0.987232,1
T_0000024074,1,0.990936,1
T_0000024084,0,0.031973,0
T_0000024085,1,0.994989,1
T_0000024092,0,0.017398,0
T_0000024125,0,0.043059,0
T_0000024142,1,0.802932,1
T_0000024144,1,0.998286,1
T_0000024160,1,0.826760,1
T_0000024181,0,0.035915,0
T_0000024209,1,0.916388,1
T_0000024245,1,0.993510,1
T_0000024272,1,0.995933,1
T_0000024290,0,0.136545,0
T_0000024294,1,0.373252,1
T_0000024379,0,0.021112,0
T_0000024390,0,0.071509,0
T_0000024430,1,0.896600,1
T_0000024441,1,0.989794,1
T_0000024461,1,0.976717,1
T_0000024508,0,0.073060,0
T_0000024509,1,0.990302,1
T_0000024513,1,0.859461,1
T_0000024515,1,0.988291,1
T_0000024527,1,0.997043,1
T_0000024550,1,0.992715,1
T_0000024564,0,0.309335,1
T_0000024567,1,0.727652,1
T_0000024610,1,0.998860,1
T_0000024655,1,0.835996,1
T_0000024663,1,0.688696,1
T_0000024709,1,0.066927,0
T_0000024718,0,0.252152,1
T_0000024720,0,0.027315,0
T_0000024727,0,0.072922,0
T_0000024743,0,0.036496,0
T_0000024744,1,0.990514,1
T_0000024776,1,0.990243,1
T_0000024795,0,0.004774,0
T_0000024820,1,0.487486,1
T_0000024859,1,0.993723,1
T_0000024869,1,0.959483,1
T_0000024903,1,0.997691,1
T_0000024906,1,0.997257,1
T_0000024951,1,0.076993,0
T_0000024952,1,0.993146,1
T_0000024955,1,0.101960,0
T_0000024963,0,0.064197,0
T_0000024980,1,0.921032,1
T_0000024997,1,0.451093,1
T_0000025027,0,0.023668,0
T_0000025105,1,0.997361,1
T_0000025106,0,0.059445,0
T_0000025127,1,0.902189,1
T_0000025175,1,0.110071,0
T_0000025226,1,0.987308,1
T_0000025227,1,0.150669,0
T_0000025246,0,0.035005,0
T_0000025254,0,0.109409,0
T_0000025261,0,0.061492,0
T_0000025265,0,0.212138,0
T_0000025281,1,0.966129,1
T_0000025292,1,0.925886,1
T_0000025323,1,0.903037,1
T_0000025363,1,0.961179,1
T_0000025372,1,0.992410,1
T_0000025384,1,0.825049,1
T_0000025401,1,0.997404,1
T_0000025419,1,0.994105,1
T_0000025459,1,0.879404,1
T_0000025467,1,0.989415,1
T_0000025484,1,0.989113,1
T_0000025525,1,0.985368,1
T_0000025540,0,0.148847,0
T_0000025567,1,0.962902,1
T_0000025569,1,0.995035,1
T_0000025601,0,0.032214,0
T_0000025642,0,0.033839,0
T_0000025644,0,0.128841,0
T_0000025658,1,0.987349,1
T_0000025661,1,0.061875,0
T_0000025677,1,0.994250,1
T_0000025683,0,0.035207,0
T_0000025717,1,0.998423,1
T_0000025723,1,0.995344,1
T_0000025728,0,0.154503,0
T_0000025801,0,0.066358,0
T_0000025811,1,0.955631,1
T_0000025875,0,0.077155,0
T_0000025876,0,0.045359,0
T_0000025919,1,0.977001,1
T_0000025942,0,0.112757,0
T_0000025945,1,0.969476,1
T_0000025973,1,0.975837,1
T_0000025990,0,0.095898,0
T_0000025993,1,0.915652,1
T_0000025998,0,0.073222,0
T_0000026004,1,0.989978,1
T_0000026013,0,0.077759,0
T_0000026037,1,0.915336,1
T_0000026042,1,0.944243,1
T_0000026044,0,0.058272,0
T_0000026055,0,0.005203,0
T_0000026065,1,0.074002,0
T_0000026070,1,0.994404,1
T_0000026074,1,0.994047,1
T_0000026081,0,0.154098,0
T_0000026164,0,0.008560,0
T_0000026213,1,0.995861,1
T_0000026267,0,0.128397,0
T_0000026274,1,0.998334,1
T_0000026286,1,0.927112,1
T_0000026336,0,0.142852,0
T_0000026360,1,0.989013,1
T_0000026379,1,0.985269,1
T_0000026414,1,0.994017,1
T_0000026416,1,0.967267,1
T_0000026422,1,0.995679,1
T_0000026432,0,0.033100,0
T_0000026436,1,0.994251,1
T_0000026483,1,0.979476,1
T_0000026530,1,0.993195,1
T_0000026532,1,0.988556,1
T_0000026533,1,0.982207,1
T_0000026564,1,0.832306,1
T_0000026568,0,0.231635,0
T_0000026577,1,0.995119,1
T_0000026624,1,0.992433,1
T_0000026650,0,0.011966,0
T_0000026679,0,0.207954,0
T_0000026690,1,0.951365,1
T_0000026703,1,0.988784,1
T_0000026707,1,0.878719,1
T_0000026720,0,0.087196,0
T_0000026729,1,0.995413,1
T_0000026757,0,0.252212,1
T_0000026759,1,0.943430,1
T_0000026807,1,0.939192,1
T_0000026815,1,0.997823,1
T_0000026830,0,0.042062,0
T_0000026904,1,0.990559,1
T_0000026976,1,0.949652,1
T_0000027032,0,0.023778,0
T_0000027037,0,0.108982,0
T_0000027042,0,0.125152,0
T_0000027047,1,0.938455,1
T_0000027051,1,0.514313,1
T_0000027199,1,0.813097,1
T_0000027256,1,0.041571,0
T_0000027286,0,0.087399,0
T_0000027294,1,0.959309,1
T_0000027308,0,0.053256,0
T_0000027319,1,0.999261,1
T_0000027327,1,0.993541,1
T_0000027380,1,0.907790,1
T_0000027384,1,0.987363,1
T_0000027406,0,0.058592,0
T_0000027408,1,0.894905,1
T_0000027417,0,0.017364,0
T_0000027432,0,0.011005,0
T_0000027447,0,0.011506,0
T_0000027453,1,0.899424,1
T_0000027484,1,0.984445,1
T_0000027514,1,0.984888,1
T_0000027561,1,0.922595,1
T_0000027580,1,0.880781,1
T_0000027584,1,0.926885,1
T_0000027588,0,0.040488,0
T_0000027635,0,0.053791,0
T_0000027643,1,0.992032,1
T_0000027687,1,0.978523,1
T_0000027728,1,0.996008,1
T_0000027747,1,0.990136,1
T_0000027808,1,0.398528,1
T_0000027817,0,0.059297,0
T_0000027818,1,0.952358,1
T_0000027822,1,0.954449,1
T_0000027837,1,0.965189,1
T_0000027859,1,0.984521,1
T_0000027860,1,0.886610,1
T_0000027895,1,0.961074,1
T_0000027982,1,0.081060,0
T_0000027984,0,0.024867,0
T_0000028000,0,0.077024,0
T_0000028009,1,0.976530,1
T_0000028039,1,0.237395,0
T_0000028040,1,0.617029,1
T_0000028092,1,0.894749,1
T_0000028174,0,0.006640,0
T_0000028215,1,0.988889,1
T_0000028250,1,0.878365,1
T_0000028303,1,0.997185,1
T_0000028334,0,0.045896,0
T_0000028364,1,0.999467,1
T_0000028396,1,0.540829,1
T_0000028398,1,0.944177,1
T_0000028458,1,0.936771,1
T_0000028476,1,0.998385,1
T_0000028479,1,0.996114,1
T_0000028518,1,0.982014,1
T_0000028560,1,0.996451,1
T_0000028570,0,0.022287,0
T_0000028578,1,0.989226,1
T_0000028583,1,0.994356,1
T_0000028584,1,0.987898,1
T_0000028585,1,0.999317,1
T_0000028586,1,0.920754,1
T_0000028596,0,0.029341,0
T_0000028613,0,0.009343,0
T_0000028681,0,0.036517,0
T_0000028682,1,0.084828,0
T_0000028691,0,0.016320,0
T_0000028693,0,0.044748,0
T_0000028698,0,0.027165,0
T_0000028801,0,0.024948,0
T_0000028802,1,0.982838,1
T_0000028861,0,0.266334,1
T_0000028883,1,0.998537,1
T_0000028925,1,0.993847,1
T_0000028934,0,0.025766,0
T_0000028957,0,0.040307,0
T_0000028966,1,0.972024,1
T_0000028986,1,0.118908,0
T_0000029012,0,0.137637,0
T_0000029048,1,0.122935,0
T_0000029079,1,0.979179,1
T_0000029083,1,0.992460,1
T_0000029089,1,0.979439,1
T_0000029095,1,0.992712,1
T_0000029128,1,0.975591,1
T_0000029175,1,0.141601,0
T_0000029198,1,0.997323,1
T_0000029207,1,0.993399,1
T_0000029221,0,0.081690,0
T_0000029263,0,0.078445,0
T_0000029276,1,0.995447,1
T_0000029282,1,0.996502,1
T_0000029297,0,0.138728,0
T_0000029342,1,0.685745,1
T_0000029363,1,0.997877,1
T_0000029377,1,0.970051,1
T_0000029441,0,0.079902,0
T_0000029447,0,0.024601,0
T_0000029454,1,0.983359,1
T_0000029459,0,0.028579,0
T_0000029465,1,0.511072,1
T_0000029478,1,0.994857,1
T_0000029501,0,0.058879,0
T_0000029596,1,0.990832,1
T_0000029628,1,0.957669,1
T_0000029648,1,0.039617,0
T_0000029664,1,0.983741,1
T_0000029692,1,0.642213,1
T_0000029698,1,0.567403,1
T_0000029714,1,0.060353,0
T_0000029722,1,0.996510,1
T_0000029727,1,0.993632,1
T_0000029735,1,0.581078,1
T_0000029774,1,0.993068,1
T_0000029791,1,0.997447,1
T_0000029801,0,0.058530,0
T_0000029816,0,0.096205,0
T_0000029830,0,0.035876,0
T_0000029835,0,0.016764,0
T_0000029842,0,0.006332,0
T_0000029851,0,0.143146,0
T_0000029898,1,0.654296,1
T_0000029911,0,0.017603,0
T_0000029974,1,0.881382,1
T_0000029997,1,0.747961,1
T_0000030029,0,0.021200,0
T_0000030054,1,0.155207,0
T_0000030078,1,0.924243,1
T_0000030100,0,0.014541,0
T_0000030103,1,0.991259,1
T_0000030108,1,0.986815,1
T_0000030153,1,0.997128,1
T_0000030171,1,0.128173,0
T_0000030180,1,0.906036,1
T_0000030186,0,0.067186,0
T_0000030189,1,0.865570,1
T_0000030191,0,0.039455,0
T_0000030197,1,0.190689,0
T_0000030198,0,0.019356,0
T_0000030214,1,0.871870,1
T_0000030246,0,0.032500,0
T_0000030297,1,0.995366,1
T_0000030302,1,0.881540,1
T_0000030329,1,0.936742,1
T_0000030379,0,0.037721,0
T_0000030395,1,0.992369,1
T_0000030398,1,0.996875,1
T_0000030408,0,0.322028,1
T_0000030409,1,0.992406,1
T_0000030420,0,0.000706,0
T_0000030425,0,0.087279,0
T_0000030457,1,0.995933,1
T_0000030469,1,0.967252,1
T_0000030470,0,0.043208,0
T_0000030489,0,0.067414,0
T_0000030496,1,0.997543,1
T_0000030501,0,0.357454,1
T_0000030523,1,0.997345,1
T_0000030530,1,0.988223,1
T_0000030572,0,0.011848,0
T_0000030583,1,0.991756,1
T_0000030606,0,0.117100,0
T_0000030637,1,0.995490,1
T_0000030664,1,0.966544,1
T_0000030674,1,0.963043,1
T_0000030676,1,0.982949,1
T_0000030713,1,0.058568,0
T_0000030741,1,0.072048,0
T_0000030795,0,0.020407,0
T_0000030861,0,0.069031,0
T_0000030877,1,0.290832,1
T_0000030895,1,0.308719,1
T_0000030965,1,0.684546,1
T_0000030969,1,0.974625,1
T_0000031002,0,0.138019,0
T_0000031040,1,0.994306,1
T_0000031069,0,0.013071,0
T_0000031088,0,0.040163,0
T_0000031089,1,0.972537,1
T_0000031105,1,0.989895,1
T_0000031120,0,0.061867,0
T_0000031123,0,0.026923,0
T_0000031127,1,0.990405,1
T_0000031138,0,0.066564,0
T_0000031141,1,0.854634,1
T_0000031168,1,0.986946,1
T_0000031172,0,0.040823,0
T_0000031176,1,0.987299,1
T_0000031182,0,0.023931,0
T_0000031200,0,0.056220,0
T_0000031225,0,0.142829,0
T_0000031251,1,0.032276,0
T_0000031254,1,0.996586,1
T_0000031261,0,0.047991,0
T_0000031290,1,0.985104,1
T_0000031294,1,0.959999,1
T_0000031302,0,0.065253,0
T_0000031320,1,0.492584,1
T_0000031323,1,0.960716,1
T_0000031343,0,0.065096,0
T_0000031350,1,0.254253,1
T_0000031354,1,0.992619,1
T_0000031355,1,0.745264,1
T_0000031357,1,0.980084,1
T_0000031389,0,0.026487,0
T_0000031402,0,0.019086,0
T_0000031409,0,0.341257,1
T_0000031424,0,0.047616,0
T_0000031472,1,0.942529,1
T_0000031502,1,0.988483,1
T_0000031503,0,0.057339,0
T_0000031512,1,0.117075,0
T_0000031514,1,0.751895,1
T_0000031599,1,0.337772,1
T_0000031600,1,0.996009,1
T_0000031610,0,0.041895,0
T_0000031619,1,0.858358,1
T_0000031638,1,0.987689,1
T_0000031640,0,0.030136,0
T_0000031668,0,0.043716,0
T_0000031672,1,0.104827,0
T_0000031673,1,0.997699,1
T_0000031678,0,0.047095,0
T_0000031684,0,0.097411,0
T_0000031789,1,0.704564,1
T_0000031854,0,0.043995,0
T_0000031899,0,0.039522,0
T_0000031924,1,0.989617,1
T_0000031932,1,0.269569,1
T_0000031947,1,0.979287,1
T_0000031951,1,0.982558,1
T_0000031968,1,0.955765,1
T_0000031979,0,0.005968,0
T_0000031999,0,0.549459,1
T_0000032018,1,0.989748,1
T_0000032032,0,0.060239,0
T_0000032048,1,0.985762,1
T_0000032071,0,0.030994,0
T_0000032120,1,0.993981,1
T_0000032132,0,0.119431,0
T_0000032156,0,0.013592,0
T_0000032171,1,0.991759,1
T_0000032199,1,0.294275,1
T_0000032222,1,0.994729,1
T_0000032225,1,0.740415,1
T_0000032243,1,0.996652,1
T_0000032293,1,0.979082,1
T_0000032305,1,0.999475,1
T_0000032306,1,0.755774,1
T_0000032307,1,0.969592,1
T_0000032321,1,0.993264,1
T_0000032382,0,0.061817,0
T_0000032417,1,0.763170,1
T_0000032439,1,0.417075,1
T_0000032501,1,0.971712,1
T_0000032520,1,0.842281,1
T_0000032557,1,0.998550,1
T_0000032571,1,0.597059,1
T_0000032579,1,0.999633,1
T_0000032594,1,0.989092,1
T_0000032601,0,0.048046,0
T_0000032625,1,0.982817,1
T_0000032630,0,0.162200,0
T_0000032648,0,0.053068,0
T_0000032654,0,0.064172,0
T_0000032672,0,0.058508,0
T_0000032675,1,0.997780,1
T_0000032681,1,0.866445,1
T_0000032683,1,0.992676,1
T_0000032705,1,0.991776,1
T_0000032738,1,0.986362,1
T_0000032741,1,0.957102,1
T_0000032825,0,0.022929,0
T_0000032836,1,0.997508,1
T_0000032841,1,0.998329,1
T_0000032868,1,0.985456,1
T_0000032910,1,0.952857,1
T_0000032920,0,0.060539,0
T_0000032921,1,0.983849,1
T_0000032982,1,0.970789,1
T_0000032992,1,0.971734,1
T_0000032999,0,0.024352,0
T_0000033002,1,0.959566,1
T_0000033007,0,0.047097,0
T_0000033163,0,0.031382,0
T_0000033172,1,0.052728,0
T_0000033175,0,0.042306,0
T_0000033188,0,0.087003,0
T_0000033237,1,0.991548,1
T_0000033273,1,0.995453,1
T_0000033301,0,0.054190,0
T_0000033303,0,0.762720,1
T_0000033309,0,0.055078,0
T_0000033321,0,0.058913,0
T_0000033334,0,0.024940,0
T_0000033343,1,0.993645,1
T_0000033344,1,0.691246,1
T_0000033357,0,0.005783,0
T_0000033373,1,0.877161,1
T_0000033433,1,0.103762,0
T_0000033459,1,0.941019,1
T_0000033460,0,0.106201,0
T_0000033469,0,0.052594,0
T_0000033508,0,0.051363,0
T_0000033525,1,0.993820,1
T_0000033536,0,0.042758,0
T_0000033549,1,0.970005,1
T_0000033557,0,0.051461,0
T_0000033607,1,0.972735,1
T_0000033641,1,0.038018,0
T_0000033663,1,0.125450,0
T_0000033668,1,0.994710,1
T_0000033676,1,0.947613,1
T_0000033708,0,0.147820,0
T_0000033719,1,0.993463,1
T_0000033731,1,0.966257,1
T_0000033734,1,0.594613,1
T_0000033736,1,0.995672,1
T_0000033751,1,0.102615,0
T_0000033756,1,0.997444,1
T_0000033782,0,0.034629,0
T_0000033826,0,0.111243,0
T_0000033874,1,0.980213,1
T_0000033894,0,0.045277,0
T_0000033948,1,0.138858,0
T_0000033956,1,0.991413,1
T_0000033959,1,0.634514,1
T_0000033960,1,0.885236,1
T_0000033971,1,0.963097,1
T_0000033976,0,0.016767,0
T_0000033995,0,0.064771,0
T_0000034007,0,0.171541,0
T_0000034061,1,0.981824,1
T_0000034062,1,0.360548,1
T_0000034078,1,0.782458,1
T_0000034094,1,0.992674,1
T_0000034097,1,0.986837,1
T_0000034107,1,0.985750,1
T_0000034135,1,0.972154,1
T_0000034138,0,0.047615,0
T_0000034155,1,0.990843,1
T_0000034177,0,0.011451,0
T_0000034179,0,0.008077,0
T_0000034197,1,0.982510,1
T_0000034214,1,0.958895,1
T_0000034276,1,0.604002,1
T_0000034311,0,0.052223,0
T_0000034403,1,0.170098,0
T_0000034427,1,0.295919,1
T_0000034437,0,0.215368,0
T_0000034438,0,0.025165,0
T_0000034477,0,0.082748,0
T_0000034483,1,0.985135,1
T_0000034486,1,0.990128,1
T_0000034511,1,0.997526,1
T_0000034538,1,0.999417,1
T_0000034576,0,0.019736,0
T_0000034579,1,0.894962,1
T_0000034583,1,0.961292,1
T_0000034586,1,0.635458,1
T_0000034605,1,0.239861,0
T_0000034658,1,0.987219,1
T_0000034668,0,0.042836,0
T_0000034680,0,0.095095,0
T_0000034709,1,0.997204,1
T_0000034716,0,0.062951,0
T_0000034744,0,0.139061,0
T_0000034766,1,0.993960,1
T_0000034783,1,0.928454,1
T_0000034814,1,0.860091,1
T_0000034825,1,0.991030,1
T_0000034828,0,0.100524,0
T_0000034838,1,0.991275,1
T_0000034849,0,0.020580,0
T_0000034883,1,0.996688,1
T_0000034916,1,0.993662,1
T_0000034961,1,0.993832,1
T_0000034966,1,0.998747,1
T_0000034985,1,0.922539,1
T_0000035030,0,0.009778,0
T_0000035112,1,0.168588,0
T_0000035128,0,0.851783,1
T_0000035138,1,0.985802,1
T_0000035170,1,0.990634,1
T_0000035189,1,0.938379,1
T_0000035196,0,0.016560,0
T_0000035213,0,0.070417,0
T_0000035215,1,0.980488,1
T_0000035276,0,0.010596,0
T_0000035288,1,0.930679,1
T_0000035289,1,0.253106,1
T_0000035310,1,0.269684,1
T_0000035338,1,0.834952,1
T_0000035378,0,0.119570,0
T_0000035382,1,0.994841,1
T_0000035411,0,0.055984,0
T_0000035419,1,0.936472,1
T_0000035420,0,0.074415,0
T_0000035469,1,0.774887,1
T_0000035470,0,0.018581,0
T_0000035486,0,0.020208,0
T_0000035505,1,0.518918,1
T_0000035575,1,0.993612,1
T_0000035602,0,0.056329,0
T_0000035604,0,0.151890,0
T_0000035621,0,0.040551,0
T_0000035626,0,0.032182,0
T_0000035643,1,0.999374,1
T_0000035676,0,0.101281,0
T_0000035686,0,0.068654,0
T_0000035735,1,0.979560,1
T_0000035736,0,0.015460,0
T_0000035757,1,0.249700,0
T_0000035760,1,0.977278,1
T_0000035778,0,0.039295,0
T_0000035779,1,0.936430,1
T_0000035789,0,0.268892,1
T_0000035803,1,0.999042,1
T_0000035820,0,0.031607,0
T_0000035876,1,0.978920,1
T_0000035877,0,0.021293,0
T_0000035881,0,0.201438,0
T_0000035924,0,0.355420,1
T_0000035929,1,0.070130,0
T_0000035960,1,0.867412,1
T_0000035988,1,0.955626,1
T_0000036000,1,0.993242,1
T_0000036011,1,0.986309,1
T_0000036028,0,0.067275,0
T_0000036042,0,0.017802,0
T_0000036085,1,0.345173,1
T_0000036125,1,0.079577,0
T_0000036131,0,0.100315,0
T_0000036150,1,0.972452,1
T_0000036188,1,0.975115,1
T_0000036253,1,0.998475,1
T_0000036274,1,0.499601,1
T_0000036287,1,0.995919,1
T_0000036288,1,0.996613,1
T_0000036298,0,0.056506,0
T_0000036336,1,0.996092,1
T_0000036346,0,0.087909,0
T_0000036365,1,0.984079,1
T_0000036389,1,0.986097,1
T_0000036435,1,0.507609,1
T_0000036446,1,0.977552,1
T_0000036473,1,0.995773,1
T_0000036481,1,0.990067,1
T_0000036509,0,0.171718,0
T_0000036511,1,0.997824,1
T_0000036520,1,0.988218,1
T_0000036547,1,0.086092,0
T_0000036558,1,0.989656,1
T_0000036563,1,0.946103,1
T_0000036565,0,0.008623,0
T_0000036566,0,0.047768,0
T_0000036573,1,0.993425,1
T_0000036609,1,0.452032,1
T_0000036652,1,0.962265,1
T_0000036671,0,0.032068,0
T_0000036673,1,0.952700,1
T_0000036676,1,0.886719,1
T_0000036690,1,0.994760,1
T_0000036730,1,0.998705,1
T_0000036734,1,0.879837,1
T_0000036735,1,0.997663,1
T_0000036818,1,0.996443,1
T_0000036819,1,0.992546,1
T_0000036840,0,0.029509,0
T_0000036860,1,0.992897,1
T_0000036861,1,0.997073,1
T_0000036892,1,0.967661,1
T_0000036921,1,0.621531,1
T_0000036923,1,0.946947,1
T_0000036945,1,0.988218,1
T_0000036986,0,0.087464,0
T_0000036990,1,0.971471,1
T_0000036993,1,0.988628,1
T_0000036998,1,0.931619,1
T_0000037038,0,0.047091,0
T_0000037042,1,0.990197,1
T_0000037070,1,0.994935,1
T_0000037102,1,0.981427,1
T_0000037108,1,0.971070,1
T_0000037142,1,0.998609,1
T_0000037147,1,0.663507,1
T_0000037160,1,0.935496,1
T_0000037194,1,0.991317,1
T_0000037211,1,0.988546,1
T_0000037225,0,0.027497,0
T_0000037231,1,0.994212,1
T_0000037246,0,0.031255,0
T_0000037276,0,0.027187,0
T_0000037305,1,0.987880,1
T_0000037310,0,0.012951,0
T_0000037330,1,0.971463,1
T_0000037332,1,0.986143,1
T_0000037362,0,0.131028,0
T_0000037412,0,0.060950,0
T_0000037439,1,0.978003,1
T_0000037456,1,0.980735,1
T_0000037463,1,0.989354,1
T_0000037464,1,0.874394,1
T_0000037472,1,0.329230,1
T_0000037496,0,0.049628,0
T_0000037498,1,0.971036,1
T_0000037535,1,0.994442,1
T_0000037550,1,0.953799,1
T_0000037558,1,0.974481,1
T_0000037590,1,0.971898,1
T_0000037626,1,0.990752,1
T_0000037677,1,0.546653,1
T_0000037731,1,0.979002,1
T_0000037756,0,0.004623,0
T_0000037775,1,0.672028,1
T_0000037784,0,0.038969,0
T_0000037787,1,0.989007,1
T_0000037801,1,0.996397,1
T_0000037813,0,0.005014,0
T_0000037816,1,0.995511,1
T_0000037848,1,0.987767,1
T_0000037896,1,0.991542,1
T_0000037906,1,0.993322,1
T_0000037911,0,0.084815,0
T_0000037917,1,0.676192,1
T_0000037936,0,0.019419,0
T_0000037961,1,0.934649,1
T_0000037980,0,0.035296,0
T_0000037987,1,0.980780,1
T_0000037993,1,0.992688,1
T_0000038045,1,0.995120,1
T_0000038064,0,0.035744,0
T_0000038082,0,0.016581,0
T_0000038119,1,0.958081,1
T_0000038120,0,0.030365,0
T_0000038134,1,0.998518,1
T_0000038142,0,0.107469,0
T_0000038161,0,0.083907,0
T_0000038165,0,0.067945,0
T_0000038244,1,0.122640,0
T_0000038306,0,0.048127,0
T_0000038311,0,0.075494,0
T_0000038318,1,0.992495,1
T_0000038328,0,0.175258,0
T_0000038397,1,0.996039,1
T_0000038439,0,0.196811,0
T_0000038445,1,0.895075,1
T_0000038536,1,0.487527,1
T_0000038552,0,0.087562,0
T_0000038558,1,0.991688,1
T_0000038591,1,0.962704,1
T_0000038592,0,0.060555,0
T_0000038593,1,0.996810,1
T_0000038597,1,0.972570,1
T_0000038619,0,0.041798,0
T_0000038662,1,0.961697,1
T_0000038663,0,0.012661,0
T_0000038723,1,0.942287,1
T_0000038741,1,0.999076,1
T_0000038752,1,0.991931,1
T_0000038775,1,0.591641,1
T_0000038783,1,0.997273,1
T_0000038820,1,0.983612,1
T_0000038831,1,0.752762,1
T_0000038833,1,0.982986,1
T_0000038838,1,0.996607,1
T_0000038840,0,0.080837,0
T_0000038860,1,0.979531,1
T_0000038885,0,0.052618,0
T_0000038887,0,0.134437,0
T_0000038898,1,0.560727,1
T_0000038907,1,0.878938,1
T_0000038913,1,0.922179,1
T_0000038937,1,0.134798,0
T_0000039004,1,0.783163,1
T_0000039009,0,0.098323,0
T_0000039040,1,0.998273,1
T_0000039041,1,0.936283,1
T_0000039045,0,0.015907,0
T_0000039110,1,0.925988,1
T_0000039132,1,0.951901,1
T_0000039136,0,0.049072,0
T_0000039168,1,0.995761,1
T_0000039170,0,0.028193,0
T_0000039180,1,0.993823,1
T_0000039193,1,0.966574,1
T_0000039208,1,0.930196,1
T_0000039293,0,0.104941,0
T_0000039312,1,0.985651,1
T_0000039334,1,0.996939,1
T_0000039343,1,0.994497,1
T_0000039368,0,0.030374,0
T_0000039403,0,0.051622,0
T_0000039417,1,0.980366,1
T_0000039426,0,0.236382,0
T_0000039481,0,0.089557,0
T_0000039488,1,0.973146,1
T_0000039508,1,0.971730,1
T_0000039525,1,0.994428,1
T_0000039535,1,0.999000,1
T_0000039548,0,0.127834,0
T_0000039613,1,0.920263,1
T_0000039666,1,0.472469,1
T_0000039684,0,0.151115,0
T_0000039695,0,0.039007,0
T_0000039701,1,0.960629,1
T_0000039702,1,0.990477,1
T_0000039710,1,0.996020,1
T_0000039760,1,0.993576,1
T_0000039791,1,0.991173,1
T_0000039804,0,0.049806,0
T_0000039818,1,0.963535,1
T_0000039826,1,0.930083,1
T_0000039830,1,0.958349,1
T_0000039840,0,0.241754,0
T_0000039881,0,0.059513,0
T_0000039884,0,0.012533,0
T_0000039885,0,0.050069,0
T_0000039931,1,0.781477,1
T_0000039932,1,0.862880,1
T_0000039938,0,0.094868,0
T_0000039988,1,0.957851,1
T_0000039991,0,0.087114,0
T_0000040051,1,0.992639,1
T_0000040061,1,0.995795,1
T_0000040084,0,0.093086,0
T_0000040095,1,0.880288,1
T_0000040114,1,0.974221,1
T_0000040126,1,0.989030,1
T_0000040129,1,0.965438,1
T_0000040160,0,0.050995,0
T_0000040164,1,0.994972,1
T_0000040226,1,0.847063,1
T_0000040227,0,0.093256,0
T_0000040243,0,0.019559,0
T_0000040275,1,0.994719,1
T_0000040301,1,0.992629,1
T_0000040302,1,0.996014,1
T_0000040303,0,0.145889,0
T_0000040410,0,0.037284,0
T_0000040424,0,0.024411,0
T_0000040446,0,0.066689,0
T_0000040465,0,0.104345,0
T_0000040471,1,0.964265,1
T_0000040547,1,0.999705,1
T_0000040585,1,0.311574,1
T_0000040611,1,0.984973,1
T_0000040641,1,0.994549,1
T_0000040647,1,0.088462,0
T_0000040664,0,0.073586,0
T_0000040676,1,0.852463,1
T_0000040690,1,0.987598,1
T_0000040701,0,0.047225,0
T_0000040714,1,0.970431,1
T_0000040741,1,0.843958,1
T_0000040744,1,0.994007,1
T_0000040785,1,0.981160,1
T_0000040816,1,0.178025,0
T_0000040827,0,0.081529,0
T_0000040829,1,0.986962,1
T_0000040864,0,0.059645,0
T_0000040918,1,0.994478,1
T_0000040958,1,0.988250,1
T_0000041003,0,0.083073,0
T_0000041010,1,0.970054,1
T_0000041017,1,0.937648,1
T_0000041048,1,0.161603,0
T_0000041119,1,0.988590,1
T_0000041160,1,0.962190,1
T_0000041173,1,0.998509,1
T_0000041179,1,0.991984,1
T_0000041296,1,0.107741,0
T_0000041305,0,0.168618,0
T_0000041310,1,0.962482,1
T_0000041318,1,0.995169,1
T_0000041360,1,0.472837,1
T_0000041396,1,0.977321,1
T_0000041409,1,0.999480,1
T_0000041449,0,0.113400,0
T_0000041453,1,0.996280,1
T_0000041463,0,0.014731,0
T_0000041483,1,0.991593,1
T_0000041486,1,0.920766,1
T_0000041500,1,0.992154,1
T_0000041525,0,0.009502,0
T_0000041540,1,0.987708,1
T_0000041553,1,0.972529,1
T_0000041563,1,0.890578,1
T_0000041566,1,0.998715,1
T_0000041626,1,0.420239,1
T_0000041644,1,0.094406,0
T_0000041648,0,0.088412,0
T_0000041700,1,0.958154,1
T_0000041706,1,0.994489,1
T_0000041715,0,0.071216,0
T_0000041724,0,0.013890,0
T_0000041749,1,0.494047,1
T_0000041794,1,0.858903,1
T_0000041797,0,0.018799,0
T_0000041804,0,0.120984,0
T_0000041821,1,0.998506,1
T_0000041829,1,0.997751,1
T_0000041840,1,0.981045,1
T_0000041855,1,0.648729,1
T_0000041873,0,0.223944,0
T_0000041955,1,0.865113,1
T_0000041962,1,0.983233,1
T_0000041972,1,0.880589,1
T_0000042140,0,0.019953,0
T_0000042145,1,0.956259,1
T_0000042161,1,0.125857,0
T_0000042167,1,0.978283,1
T_0000042174,1,0.991638,1
T_0000042191,1,0.988420,1
T_0000042196,1,0.919958,1
T_0000042212,1,0.985804,1
T_0000042228,0,0.082487,0
T_0000042236,1,0.987928,1
T_0000042276,1,0.703001,1
T_0000042279,1,0.983950,1
T_0000042300,1,0.995418,1
T_0000042384,1,0.986907,1
T_0000042392,0,0.028112,0
T_0000042431,1,0.354687,1
T_0000042436,0,0.042762,0
T_0000042450,1,0.998026,1
T_0000042454,1,0.977622,1
T_0000042495,1,0.997552,1
T_0000042506,0,0.068141,0
T_0000042515,0,0.028958,0
T_0000042524,0,0.068581,0
T_0000042529,1,0.851863,1
T_0000042592,1,0.899831,1
T_0000042692,1,0.981874,1
T_0000042704,1,0.962703,1
T_0000042718,1,0.937305,1
T_0000042724,1,0.982979,1
T_0000042742,1,0.990458,1
T_0000042773,1,0.353273,1
T_0000042775,0,0.027736,0
T_0000042783,0,0.044344,0
T_0000042785,1,0.990470,1
T_0000042800,1,0.994927,1
T_0000042816,0,0.076624,0
T_0000042876,1,0.764010,1
T_0000042923,1,0.885686,1
T_0000042928,1,0.965183,1
T_0000042944,1,0.708323,1
T_0000042958,1,0.236911,0
T_0000042959,1,0.918836,1
T_0000042969,1,0.995378,1
T_0000042982,1,0.997762,1
T_0000042983,1,0.896710,1
T_0000043020,0,0.089435,0
T_0000043023,0,0.010977,0
T_0000043047,1,0.996579,1
T_0000043052,1,0.996605,1
T_0000043081,0,0.083877,0
T_0000043098,1,0.246770,0
T_0000043123,0,0.048472,0
T_0000043128,1,0.979912,1
T_0000043140,1,0.992981,1
T_0000043154,0,0.041951,0
T_0000043157,1,0.999026,1
T_0000043162,0,0.032282,0
T_0000043178,1,0.868060,1
T_0000043188,1,0.987326,1
T_0000043231,1,0.451644,1
T_0000043232,1,0.992123,1
T_0000043240,1,0.987386,1
T_0000043274,0,0.079755,0
T_0000043280,0,0.105269,0
T_0000043332,0,0.029473,0
T_0000043337,0,0.010748,0
T_0000043360,1,0.991003,1
T_0000043423,1,0.988554,1
T_0000043454,0,0.065735,0
T_0000043525,1,0.992696,1
T_0000043527,1,0.990230,1
T_0000043534,0,0.005231,0
T_0000043567,1,0.994429,1
T_0000043575,1,0.998184,1
T_0000043583,1,0.982552,1
T_0000043619,1,0.985117,1
T_0000043635,1,0.525778,1
T_0000043718,1,0.988316,1
T_0000043735,1,0.947000,1
T_0000043741,1,0.994754,1
T_0000043753,0,0.023444,0
T_0000043782,1,0.968186,1
T_0000043795,0,0.070891,0
T_0000043801,1,0.992410,1
T_0000043823,0,0.060906,0
T_0000043831,0,0.012123,0
T_0000043850,0,0.058886,0
T_0000043855,0,0.041576,0
T_0000043882,0,0.063032,0
T_0000043930,1,0.068730,0
T_0000043932,1,0.970343,1
T_0000043934,0,0.101350,0
T_0000043971,0,0.295315,1
T_0000043989,1,0.574525,1
T_0000044022,0,0.037908,0
T_0000044057,1,0.654711,1
T_0000044079,1,0.999186,1
T_0000044084,0,0.064851,0
T_0000044094,0,0.061992,0
T_0000044098,0,0.084108,0
T_0000044142,0,0.095969,0
T_0000044144,1,0.989783,1
T_0000044145,1,0.972076,1
T_0000044181,1,0.976035,1
T_0000044198,0,0.003620,0
T_0000044223,1,0.784113,1
T_0000044236,1,0.988960,1
T_0000044286,0,0.117373,0
T_0000044308,0,0.010876,0
T_0000044346,1,0.645325,1
T_0000044372,1,0.999260,1
T_0000044379,0,0.067206,0
T_0000044397,0,0.097435,0
T_0000044406,0,0.028940,0
T_0000044411,0,0.049448,0
T_0000044428,0,0.118692,0
T_0000044451,0,0.021568,0
T_0000044457,1,0.138384,0
T_0000044506,1,0.959388,1
T_0000044526,0,0.116406,0
T_0000044527,1,0.186810,0
T_0000044649,1,0.996762,1
T_0000044660,1,0.977444,1
T_0000044669,1,0.843921,1
T_0000044703,1,0.643941,1
T_0000044727,1,0.996453,1
T_0000044763,0,0.310737,1
T_0000044767,1,0.999531,1
T_0000044815,1,0.147009,0
T_0000044822,0,0.054347,0
T_0000044830,1,0.955648,1
T_0000044841,1,0.997335,1
T_0000044878,0,0.072835,0
T_0000044890,1,0.061579,0
T_0000044918,0,0.060728,0
T_0000044924,1,0.995838,1
T_0000044939,1,0.972465,1
T_0000044967,1,0.947345,1
T_0000045000,1,0.985406,1
T_0000045050,1,0.991007,1
T_0000045070,1,0.963555,1
T_0000045078,0,0.169884,0
T_0000045109,1,0.885490,1
T_0000045122,1,0.967334,1
T_0000045148,1,0.611184,1
T_0000045209,1,0.931400,1
T_0000045251,1,0.505254,1
T_0000045269,1,0.982860,1
T_0000045303,1,0.993231,1
T_0000045309,1,0.927117,1
T_0000045364,1,0.930615,1
T_0000045372,0,0.116472,0
T_0000045377,1,0.965702,1
T_0000045408,1,0.990977,1
T_0000045433,1,0.999405,1
T_0000045472,0,0.071662,0
T_0000045487,1,0.995559,1
T_0000045490,0,0.186491,0
T_0000045504,1,0.994947,1
T_0000045507,0,0.034414,0
T_0000045603,0,0.030861,0
T_0000045605,1,0.997953,1
T_0000045609,0,0.059255,0
T_0000045662,1,0.996513,1
T_0000045677,0,0.050634,0
T_0000045681,1,0.987003,1
T_0000045729,1,0.956668,1
T_0000045752,0,0.249464,0
T_0000045767,1,0.902157,1
T_0000045814,1,0.974916,1
T_0000045843,1,0.745564,1
T_0000045855,1,0.992696,1
T_0000045856,1,0.999004,1
T_0000045882,1,0.997555,1
T_0000045897,0,0.020169,0
T_0000045905,1,0.156361,0
T_0000045941,1,0.773309,1
T_0000045980,1,0.989684,1
T_0000045983,1,0.845679,1
T_0000046065,0,0.135516,0
T_0000046072,1,0.988707,1
T_0000046073,1,0.728314,1
T_0000046083,1,0.998223,1
T_0000046085,0,0.055090,0
T_0000046125,1,0.997277,1
T_0000046127,1,0.949443,1
T_0000046180,1,0.986812,1
T_0000046218,0,0.018770,0
T_0000046246,1,0.811047,1
T_0000046258,1,0.992784,1
T_0000046287,1,0.984964,1
T_0000046335,1,0.997447,1
T_0000046350,0,0.009382,0
T_0000046351,1,0.984967,1
T_0000046356,1,0.998414,1
T_0000046363,1,0.972315,1
T_0000046373,1,0.860250,1
T_0000046380,0,0.163946,0
T_0000046387,0,0.052457,0
T_0000046408,1,0.999598,1
T_0000046419,1,0.982754,1
T_0000046442,1,0.990743,1
T_0000046444,1,0.965055,1
T_0000046455,0,0.098711,0
T_0000046457,1,0.975298,1
T_0000046519,1,0.933820,1
T_0000046521,1,0.988744,1
T_0000046524,0,0.052423,0
T_0000046552,1,0.992823,1
T_0000046554,1,0.983041,1
T_0000046588,0,0.046533,0
T_0000046624,1,0.895863,1
T_0000046655,0,0.143475,0
T_0000046700,1,0.524084,1
T_0000046734,0,0.056458,0
T_0000046750,0,0.035479,0
T_0000046755,0,0.045261,0
T_0000046817,1,0.996346,1
T_0000046825,1,0.993754,1
T_0000046876,1,0.994307,1
T_0000046882,1,0.902526,1
T_0000046920,1,0.982500,1
T_0000046955,0,0.073213,0
T_0000046994,1,0.959347,1
T_0000046995,0,0.036941,0
T_0000047037,0,0.048328,0
T_0000047067,0,0.037504,0
T_0000047119,1,0.983733,1
T_0000047138,0,0.156856,0
T_0000047174,1,0.994330,1
T_0000047182,1,0.976064,1
T_0000047200,0,0.094654,0
T_0000047251,0,0.053473,0
T_0000047289,1,0.996890,1
T_0000047304,1,0.680672,1
T_0000047313,1,0.245364,0
T_0000047330,1,0.037471,0
T_0000047334,0,0.028755,0
T_0000047337,0,0.021037,0
T_0000047344,1,0.975929,1
T_0000047346,1,0.989191,1
T_0000047352,1,0.995914,1
T_0000047370,1,0.994926,1
T_0000047395,1,0.991882,1
T_0000047441,0,0.021416,0
T_0000047446,1,0.961009,1
T_0000047451,1,0.105462,0
T_0000047458,0,0.104135,0
T_0000047469,1,0.984957,1
T_0000047499,1,0.992849,1
T_0000047509,1,0.973279,1
T_0000047526,0,0.149204,0
T_0000047528,0,0.027218,0
T_0000047555,0,0.046915,0
T_0000047581,1,0.067828,0
T_0000047589,1,0.891514,1
T_0000047595,1,0.991737,1
T_0000047597,0,0.006905,0
T_0000047628,0,0.012464,0
T_0000047638,1,0.993325,1
T_0000047667,0,0.129699,0
T_0000047702,1,0.661102,1
T_0000047704,0,0.033880,0
T_0000047738,1,0.997086,1
T_0000047757,0,0.044289,0
T_0000047764,1,0.984815,1
T_0000047771,1,0.979556,1
T_0000047774,1,0.997238,1
T_0000047853,1,0.123322,0
T_0000047857,1,0.998060,1
T_0000047860,0,0.010539,0
T_0000047915,0,0.085108,0
T_0000047971,1,0.973486,1
T_0000047986,1,0.992424,1
T_0000047994,1,0.976817,1
T_0000048002,1,0.458818,1
T_0000048044,1,0.984493,1
T_0000048046,0,0.054121,0
T_0000048091,1,0.954285,1
T_0000048095,0,0.026043,0
T_0000048106,1,0.992101,1
T_0000048108,1,0.802858,1
T_0000048128,0,0.207163,0
T_0000048141,1,0.994333,1
T_0000048167,0,0.056618,0
T_0000048184,1,0.762957,1
T_0000048187,0,0.013622,0
T_0000048233,1,0.998784,1
T_0000048244,0,0.068774,0
T_0000048265,0,0.033064,0
T_0000048279,1,0.275201,1
T_0000048300,0,0.102070,0
T_0000048301,0,0.070656,0
T_0000048322,1,0.998838,1
T_0000048353,1,0.992444,1
T_0000048356,1,0.990640,1
T_0000048383,1,0.933654,1
T_0000048387,0,0.009349,0
T_0000048450,1,0.963690,1
T_0000048465,1,0.044616,0
T_0000048487,1,0.792328,1
T_0000048492,1,0.157917,0
T_0000048608,1,0.995268,1
T_0000048695,1,0.695259,1
T_0000048722,1,0.995683,1
T_0000048746,0,0.015716,0
T_0000048754,1,0.447284,1
T_0000048772,1,0.986861,1
T_0000048777,1,0.999080,1
T_0000048804,1,0.943113,1
T_0000048821,1,0.764756,1
T_0000048832,0,0.024500,0
T_0000048872,0,0.049466,0
T_0000048887,1,0.113010,0
T_0000048913,1,0.988704,1
T_0000048919,0,0.016250,0
T_0000048921,0,0.056325,0
T_0000048942,1,0.969640,1
T_0000048968,0,0.067466,0
T_0000048982,1,0.971529,1
T_0000049028,1,0.065331,0
T_0000049082,1,0.993318,1
T_0000049160,1,0.992607,1
T_0000049188,0,0.037568,0
T_0000049207,1,0.986872,1
T_0000049222,1,0.997814,1
T_0000049224,0,0.038961,0
T_0000049236,1,0.912047,1
T_0000049238,1,0.696176,1
T_0000049241,0,0.025609,0
T_0000049262,0,0.029539,0
T_0000049267,1,0.996918,1
T_0000049285,1,0.991958,1
T_0000049299,1,0.990765,1
T_0000049307,0,0.012367,0
T_0000049322,1,0.985727,1
T_0000049326,1,0.980685,1
T_0000049363,1,0.994043,1
T_0000049382,1,0.992751,1
T_0000049383,1,0.938520,1
T_0000049400,1,0.987724,1
T_0000049408,1,0.992766,1
T_0000049452,1,0.859840,1
T_0000049454,1,0.987070,1
T_0000049474,0,0.049024,0
T_0000049483,0,0.101424,0
T_0000049502,0,0.033099,0
T_0000049513,1,0.929088,1
T_0000049516,1,0.451005,1
T_0000049517,1,0.985045,1
T_0000049519,0,0.069663,0
T_0000049527,1,0.979152,1
T_0000049548,1,0.985870,1
T_0000049554,0,0.097986,0
T_0000049562,1,0.990631,1
T_0000049564,0,0.083298,0
T_0000049566,0,0.106732,0
T_0000049675,0,0.107103,0
T_0000049684,0,0.056220,0
T_0000049789,0,0.044074,0
T_0000049790,0,0.008238,0
T_0000049807,1,0.891555,1
T_0000049817,1,0.990015,1
T_0000049823,0,0.096119,0
T_0000049840,1,0.997011,1
T_0000049897,1,0.991551,1
T_0000049913,0,0.082420,0
T_0000049921,1,0.861863,1
T_0000049985,1,0.987606,1
T_0000050016,0,0.019143,0
T_0000050031,1,0.997453,1
T_0000050074,0,0.025221,0
T_0000050081,1,0.989762,1
T_0000050086,1,0.964909,1
T_0000050098,1,0.999220,1
T_0000050106,1,0.945781,1
T_0000050116,1,0.907649,1
T_0000050197,1,0.980314,1
T_0000050213,1,0.975347,1
T_0000050223,1,0.807669,1
T_0000050248,1,0.953119,1
T_0000050279,1,0.056917,0
T_0000050284,1,0.150543,0
T_0000050287,0,0.277700,1
T_0000050289,1,0.974329,1
T_0000050317,1,0.990074,1
T_0000050322,1,0.993214,1
T_0000050338,1,0.942330,1
T_0000050366,0,0.059084,0
T_0000050367,0,0.029568,0
T_0000050394,1,0.962782,1
T_0000050461,1,0.975245,1
T_0000050482,0,0.000989,0
T_0000050501,0,0.069358,0
T_0000050502,1,0.971149,1
T_0000050554,0,0.026503,0
T_0000050649,1,0.991582,1
T_0000050658,0,0.012926,0
T_0000050679,1,0.983454,1
T_0000050689,0,0.052883,0
T_0000050735,1,0.989212,1
T_0000050741,1,0.946022,1
T_0000050813,1,0.930556,1
T_0000050825,1,0.898075,1
T_0000050844,0,0.032301,0
T_0000050884,0,0.292116,1
T_0000050924,1,0.928214,1
T_0000050938,1,0.999242,1
T_0000050946,0,0.087811,0
T_0000050947,0,0.065389,0
T_0000051010,1,0.895594,1
T_0000051030,0,0.055520,0
T_0000051042,1,0.991867,1
T_0000051087,0,0.188811,0
T_0000051089,1,0.930270,1
T_0000051197,0,0.070150,0
T_0000051199,1,0.987202,1
T_0000051229,1,0.995479,1
T_0000051240,0,0.335558,1
T_0000051242,0,0.023999,0
T_0000051256,1,0.998123,1
T_0000051257,1,0.564844,1
T_0000051284,1,0.994877,1
T_0000051326,1,0.874450,1
T_0000051327,0,0.144757,0
T_0000051353,1,0.987087,1
T_0000051359,0,0.026174,0
T_0000051380,1,0.996154,1
T_0000051397,0,0.025982,0
T_0000051402,1,0.965877,1
T_0000051413,1,0.997604,1
T_0000051415,1,0.873659,1
T_0000051417,0,0.066148,0
T_0000051441,0,0.023659,0
T_0000051449,1,0.990793,1
T_0000051455,0,0.126900,0
T_0000051466,1,0.999420,1
T_0000051483,1,0.958162,1
T_0000051486,1,0.982874,1
T_0000051543,1,0.996751,1
T_0000051563,0,0.034157,0
T_0000051576,1,0.989616,1
T_0000051597,0,0.013536,0
T_0000051671,0,0.002305,0
T_0000051676,0,0.023219,0
T_0000051679,1,0.987680,1
T_0000051687,1,0.985993,1
T_0000051745,1,0.993800,1
T_0000051786,0,0.063409,0
T_0000051791,1,0.983956,1
T_0000051825,0,0.030771,0
T_0000051831,0,0.109537,0
T_0000051946,1,0.994377,1
T_0000051958,1,0.734886,1
T_0000051977,0,0.073481,0
T_0000051997,1,0.998630,1
T_0000052015,1,0.743857,1
T_0000052097,0,0.050362,0
T_0000052132,1,0.110371,0
T_0000052185,1,0.398378,1
T_0000052221,1,0.994146,1
T_0000052222,1,0.982084,1
T_0000052284,0,0.080294,0
T_0000052292,1,0.992889,1
T_0000052294,1,0.983893,1
T_0000052355,1,0.930989,1
T_0000052371,1,0.881101,1
T_0000052412,0,0.026171,0
T_0000052428,0,0.129582,0
T_0000052437,0,0.020970,0
T_0000052452,1,0.999155,1
T_0000052465,1,0.990188,1
T_0000052511,1,0.964494,1
T_0000052589,1,0.974532,1
T_0000052656,1,0.990006,1
T_0000052675,1,0.915146,1
T_0000052678,1,0.173543,0
T_0000052684,1,0.963388,1
T_0000052706,1,0.995139,1
T_0000052728,0,0.087010,0
T_0000052730,1,0.988828,1
T_0000052836,0,0.132716,0
T_0000052843,0,0.063657,0
T_0000052883,0,0.017701,0
T_0000052889,0,0.007033,0
T_0000052906,0,0.022324,0
T_0000052908,1,0.988761,1
T_0000052987,1,0.979739,1
T_0000053000,1,0.990641,1
T_0000053018,1,0.973940,1
T_0000053023,0,0.085021,0
T_0000053028,0,0.068576,0
T_0000053046,1,0.991907,1
T_0000053074,1,0.971062,1
T_0000053094,1,0.959626,1
T_0000053105,1,0.995509,1
T_0000053139,0,0.059956,0
T_0000053163,1,0.985376,1
T_0000053169,1,0.985229,1
T_0000053175,1,0.934129,1
T_0000053242,1,0.990343,1
T_0000053244,1,0.949289,1
T_0000053270,1,0.969787,1
T_0000053287,0,0.015040,0
T_0000053326,1,0.964187,1
T_0000053363,1,0.988493,1
T_0000053400,1,0.999143,1
T_0000053407,1,0.999057,1
T_0000053416,1,0.989374,1
T_0000053500,1,0.974957,1
T_0000053503,0,0.096525,0
T_0000053507,0,0.036275,0
T_0000053514,1,0.080652,0
T_0000053545,1,0.992043,1
T_0000053586,1,0.993504,1
T_0000053626,1,0.982699,1
T_0000053689,0,0.019821,0
T_0000053722,1,0.998491,1
T_0000053732,1,0.999129,1
T_0000053737,1,0.995165,1
T_0000053812,0,0.106162,0
T_0000053832,0,0.086248,0
T_0000053887,1,0.998605,1
T_0000053901,0,0.056970,0
T_0000053931,1,0.997367,1
T_0000053936,1,0.997141,1
T_0000053941,0,0.025518,0
T_0000053956,1,0.980471,1
T_0000053968,1,0.864584,1
T_0000053980,1,0.088117,0
T_0000053996,0,0.059733,0
T_0000053998,0,0.048926,0
T_0000054024,1,0.086424,0
T_0000054059,0,0.494994,1
T_0000054092,1,0.995673,1
T_0000054095,1,0.976604,1
T_0000054141,1,0.996872,1
T_0000054150,1,0.996665,1
T_0000054157,1,0.960183,1
T_0000054186,1,0.994728,1
T_0000054190,1,0.984640,1
T_0000054200,0,0.027513,0
T_0000054231,1,0.967810,1
T_0000054255,1,0.904841,1
T_0000054273,1,0.985605,1
T_0000054275,1,0.996669,1
T_0000054289,1,0.924903,1
T_0000054296,1,0.976125,1
T_0000054298,0,0.057151,0
T_0000054309,1,0.131171,0
T_0000054311,1,0.994670,1
T_0000054341,1,0.988994,1
T_0000054365,0,0.075229,0
T_0000054391,0,0.104946,0
T_0000054404,0,0.051985,0
T_0000054412,1,0.997255,1
T_0000054446,1,0.960551,1
T_0000054475,1,0.994021,1
T_0000054483,1,0.982111,1
T_0000054500,0,0.034544,0
T_0000054508,1,0.986500,1
T_0000054529,0,0.194126,0
T_0000054533,0,0.029275,0
T_0000054553,0,0.064642,0
T_0000054557,1,0.994236,1
T_0000054582,1,0.686528,1
T_0000054587,0,0.148558,0
T_0000054593,0,0.145681,0
T_0000054598,1,0.973254,1
T_0000054605,0,0.044437,0
T_0000054622,1,0.995163,1
T_0000054705,0,0.370267,1
T_0000054712,0,0.055358,0
T_0000054805,1,0.984921,1
T_0000054820,1,0.993721,1
T_0000054831,1,0.991370,1
T_0000054833,1,0.983927,1
T_0000054843,1,0.888330,1
T_0000054847,0,0.027891,0
T_0000054892,0,0.051247,0
T_0000054900,1,0.995739,1
T_0000054925,0,0.076778,0
T_0000054929,0,0.038862,0
T_0000054944,1,0.984043,1
T_0000054973,0,0.031782,0
T_0000054982,1,0.982897,1
T_0000054983,1,0.926955,1
T_0000054992,1,0.989264,1
T_0000055025,0,0.037834,0
T_0000055038,1,0.100978,0
T_0000055041,1,0.996553,1
T_0000055056,0,0.024749,0
T_0000055060,0,0.052295,0
T_0000055069,1,0.986004,1
T_0000055104,1,0.990715,1
T_0000055130,0,0.019864,0
T_0000055182,1,0.766563,1
T_0000055235,1,0.905593,1
T_0000055260,1,0.990663,1
T_0000055289,0,0.046948,0
T_0000055310,1,0.967991,1
T_0000055325,1,0.137272,0
T_0000055331,1,0.993999,1
T_0000055386,1,0.996827,1
T_0000055392,1,0.982761,1
T_0000055394,0,0.289915,1
T_0000055459,0,0.021134,0
T_0000055462,1,0.088532,0
T_0000055552,0,0.014485,0
T_0000055579,0,0.836714,1
T_0000055584,0,0.014352,0
T_0000055586,0,0.044211,0
T_0000055621,1,0.993051,1
T_0000055625,1,0.992431,1
T_0000055659,1,0.992535,1
T_0000055668,1,0.993648,1
T_0000055669,0,0.011877,0
T_0000055701,0,0.046018,0
T_0000055704,1,0.231956,0
T_0000055705,1,0.632376,1
T_0000055718,1,0.946228,1
T_0000055719,1,0.988439,1
T_0000055727,0,0.021468,0
T_0000055728,0,0.025244,0
T_0000055733,1,0.988442,1
T_0000055772,1,0.964521,1
T_0000055778,0,0.068486,0
T_0000055794,1,0.996429,1
T_0000055802,1,0.977384,1
T_0000055813,1,0.992665,1
T_0000055844,0,0.015484,0
T_0000055865,1,0.988631,1
T_0000055903,1,0.981438,1
T_0000055928,0,0.026149,0
T_0000055931,1,0.987871,1
T_0000055940,1,0.989057,1
T_0000055952,1,0.804585,1
T_0000055953,1,0.982911,1
T_0000055961,1,0.981916,1
T_0000055986,1,0.211768,0
T_0000055992,1,0.988239,1
T_0000056018,1,0.990124,1
T_0000056023,1,0.986946,1
T_0000056025,1,0.992504,1
T_0000056054,0,0.062866,0
T_0000056078,0,0.023936,0
T_0000056091,1,0.481567,1
T_0000056095,1,0.743760,1
T_0000056098,0,0.039059,0
T_0000056104,0,0.012557,0
T_0000056149,1,0.989754,1
T_0000056156,0,0.065569,0
T_0000056183,0,0.086942,0
T_0000056222,1,0.686722,1
T_0000056240,1,0.983365,1
T_0000056259,1,0.990247,1
T_0000056277,1,0.963600,1
T_0000056301,1,0.813190,1
T_0000056335,1,0.958264,1
T_0000056339,1,0.971189,1
T_0000056346,1,0.254739,1
T_0000056348,1,0.995643,1
T_0000056356,0,0.018640,0
T_0000056382,1,0.997985,1
T_0000056401,0,0.048357,0
T_0000056420,0,0.134425,0
T_0000056421,1,0.997313,1
T_0000056428,0,0.233230,0
T_0000056429,1,0.994895,1
T_0000056450,1,0.666218,1
T_0000056504,0,0.059038,0
T_0000056510,1,0.970233,1
T_0000056515,1,0.997014,1
T_0000056516,1,0.942143,1
T_0000056564,1,0.963023,1
T_0000056580,1,0.992661,1
T_0000056588,1,0.854157,1
T_0000056591,1,0.952197,1
T_0000056622,1,0.974896,1
T_0000056661,1,0.992034,1
T_0000056668,0,0.183543,0
T_0000056688,1,0.997286,1
T_0000056704,1,0.992814,1
T_0000056710,1,0.596930,1
T_0000056721,1,0.342981,1
T_0000056730,0,0.447439,1
T_0000056757,1,0.960227,1
T_0000056767,1,0.993147,1
T_0000056769,0,0.030847,0
T_0000056793,1,0.989062,1
T_0000056799,0,0.042236,0
T_0000056832,1,0.990113,1
T_0000056876,1,0.065191,0
T_0000056915,1,0.988145,1
T_0000056926,1,0.996814,1
T_0000056944,1,0.847474,1
T_0000056971,1,0.970444,1
T_0000057038,1,0.952136,1
T_0000057050,1,0.740174,1
T_0000057174,0,0.039724,0
T_0000057176,1,0.991529,1
T_0000057180,1,0.252369,1
T_0000057183,1,0.049819,0
T_0000057247,1,0.991259,1
T_0000057260,0,0.033308,0
T_0000057301,1,0.992178,1
T_0000057319,1,0.998004,1
T_0000057337,1,0.994555,1
T_0000057408,1,0.996238,1
T_0000057432,0,0.055824,0
T_0000057439,0,0.254762,1
T_0000057454,0,0.050715,0
T_0000057472,0,0.017737,0
T_0000057506,1,0.981727,1
T_0000057533,0,0.122060,0
T_0000057534,1,0.992604,1
T_0000057560,1,0.997982,1
T_0000057573,1,0.034123,0
T_0000057596,0,0.063837,0
T_0000057626,1,0.965429,1
T_0000057630,1,0.996440,1
T_0000057652,0,0.073714,0
T_0000057654,0,0.015673,0
T_0000057684,1,0.034447,0
T_0000057707,1,0.973812,1
T_0000057740,1,0.999369,1
T_0000057760,1,0.730533,1
T_0000057779,1,0.988137,1
T_0000057793,1,0.751828,1
T_0000057816,0,0.016921,0
T_0000057845,1,0.989049,1
T_0000057865,1,0.986484,1
T_0000057891,1,0.915927,1
T_0000057939,1,0.997717,1
T_0000057952,1,0.998025,1
T_0000057956,0,0.053359,0
T_0000057978,1,0.988102,1
T_0000057984,0,0.046852,0
T_0000058001,1,0.999083,1
T_0000058011,0,0.012194,0
T_0000058095,1,0.893713,1
T_0000058129,1,0.957318,1
T_0000058133,1,0.990374,1
T_0000058146,1,0.988075,1
T_0000058213,1,0.993394,1
T_0000058221,1,0.997231,1
T_0000058250,1,0.981718,1
T_0000058301,1,0.990046,1
T_0000058313,1,0.185353,0
T_0000058339,0,0.018672,0
T_0000058359,0,0.093575,0
T_0000058360,0,0.294953,1
T_0000058409,0,0.057929,0
T_0000058410,1,0.132637,0
T_0000058416,1,0.987151,1
T_0000058424,1,0.996067,1
T_0000058445,1,0.969042,1
T_0000058469,1,0.090338,0
T_0000058470,1,0.848371,1
T_0000058474,0,0.007532,0
T_0000058504,0,0.007955,0
T_0000058549,1,0.833849,1
T_0000058563,1,0.998071,1
T_0000058574,1,0.967031,1
T_0000058576,1,0.995413,1
T_0000058581,1,0.999683,1
T_0000058587,1,0.991488,1
T_0000058594,1,0.997030,1
T_0000058604,0,0.069968,0
T_0000058682,0,0.069066,0
T_0000058685,1,0.988546,1
T_0000058695,0,0.012786,0
T_0000058767,1,0.958230,1
T_0000058772,1,0.991975,1
T_0000058778,0,0.083421,0
T_0000058806,1,0.996709,1
T_0000058822,1,0.996875,1
T_0000058865,1,0.978289,1
T_0000058896,0,0.064509,0
T_0000058898,1,0.315578,1
T_0000058901,1,0.995782,1
T_0000058916,0,0.052020,0
T_0000058949,0,0.039165,0
T_0000058992,1,0.999208,1
T_0000059003,1,0.991506,1
T_0000059005,1,0.770428,1
T_0000059039,1,0.998489,1
T_0000059049,1,0.992636,1
T_0000059072,1,0.787707,1
T_0000059113,1,0.800224,1
T_0000059118,1,0.691657,1
T_0000059180,1,0.927969,1
T_0000059193,0,0.012507,0
T_0000059212,1,0.991535,1
T_0000059214,1,0.359849,1
T_0000059217,1,0.998931,1
T_0000059296,1,0.973056,1
T_0000059311,0,0.016317,0
T_0000059320,1,0.990124,1
T_0000059327,1,0.893813,1
T_0000059339,0,0.085713,0
T_0000059342,1,0.982954,1
T_0000059397,1,0.624485,1
T_0000059403,0,0.162939,0
T_0000059451,1,0.980343,1
T_0000059490,0,0.024258,0
T_0000059496,1,0.991650,1
T_0000059522,1,0.895329,1
T_0000059531,1,0.039686,0
T_0000059537,1,0.979159,1
T_0000059538,1,0.907460,1
T_0000059574,1,0.976785,1
T_0000059580,1,0.971438,1
T_0000059591,0,0.179311,0
T_0000059593,1,0.994259,1
T_0000059595,1,0.102034,0
T_0000059658,1,0.992556,1
T_0000059711,1,0.995217,1
T_0000059721,1,0.998939,1
T_0000059761,1,0.213163,0
T_0000059785,0,0.057850,0
T_0000059821,1,0.955092,1
T_0000059824,0,0.075431,0
T_0000059868,1,0.988162,1
T_0000059930,0,0.021644,0
T_0000059948,1,0.372332,1
T_0000059969,1,0.960869,1
T_0000060072,0,0.017962,0
T_0000060134,1,0.998335,1
T_0000060139,0,0.033843,0
T_0000060146,1,0.982327,1
T_0000060210,0,0.042589,0
T_0000060219,0,0.033657,0
T_0000060229,1,0.964572,1
T_0000060269,1,0.960904,1
T_0000060323,0,0.065428,0
T_0000060351,1,0.825836,1
T_0000060390,1,0.988577,1
T_0000060394,1,0.905360,1
T_0000060411,0,0.022249,0
T_0000060428,1,0.975034,1
T_0000060442,0,0.075850,0
T_0000060462,0,0.014329,0
T_0000060512,1,0.952775,1
T_0000060532,0,0.394994,1
T_0000060547,0,0.032428,0
T_0000060550,0,0.049427,0
T_0000060557,0,0.032711,0
T_0000060573,1,0.996433,1
T_0000060599,1,0.984933,1
T_0000060618,1,0.992382,1
T_0000060624,1,0.991021,1
T_0000060633,1,0.994478,1
T_0000060652,1,0.953638,1
T_0000060715,0,0.047222,0
T_0000060745,1,0.996907,1
T_0000060756,1,0.978364,1
T_0000060759,1,0.994206,1
T_0000060771,1,0.998372,1
T_0000060773,0,0.019821,0
T_0000060775,1,0.926138,1
T_0000060781,1,0.985268,1
T_0000060787,1,0.068859,0
T_0000060807,1,0.977377,1
T_0000060821,1,0.937888,1
T_0000060834,1,0.806884,1
T_0000060854,0,0.095362,0
T_0000060861,1,0.991779,1
T_0000060895,1,0.981243,1
T_0000060913,0,0.115657,0
T_0000060925,1,0.997162,1
T_0000060962,0,0.051930,0
T_0000060979,0,0.021579,0
T_0000061000,1,0.685312,1
T_0000061004,0,0.162475,0
T_0000061012,1,0.602411,1
T_0000061017,1,0.551302,1
T_0000061068,0,0.136704,0
T_0000061087,1,0.280682,1
T_0000061090,1,0.400775,1
T_0000061106,1,0.991815,1
T_0000061125,0,0.114005,0
T_0000061172,0,0.066114,0
T_0000061201,1,0.990352,1
T_0000061203,0,0.129690,0
T_0000061217,0,0.057498,0
T_0000061225,1,0.994966,1
T_0000061270,1,0.902680,1
T_0000061303,1,0.961119,1
T_0000061310,1,0.960888,1
T_0000061330,1,0.999675,1
T_0000061395,1,0.203223,0
T_0000061428,1,0.221202,0
T_0000061442,1,0.788416,1
T_0000061515,1,0.401813,1
T_0000061543,1,0.992885,1
T_0000061548,1,0.904460,1
T_0000061562,1,0.914133,1
T_0000061569,1,0.757276,1
T_0000061596,0,0.086224,0
T_0000061604,0,0.032544,0
T_0000061613,1,0.978555,1
T_0000061619,1,0.992113,1
T_0000061624,1,0.127089,0
T_0000061634,1,0.895914,1
T_0000061646,0,0.013358,0
T_0000061681,1,0.073383,0
T_0000061845,1,0.999305,1
T_0000061872,1,0.989640,1
T_0000061875,0,0.008633,0
T_0000061896,1,0.993662,1
T_0000061906,0,0.043339,0
T_0000061911,1,0.998532,1
T_0000061928,0,0.087218,0
T_0000061966,1,0.988627,1
T_0000062007,0,0.052454,0
T_0000062025,1,0.998310,1
T_0000062087,1,0.078259,0
T_0000062089,1,0.975895,1
T_0000062148,1,0.851423,1
T_0000062158,0,0.171382,0
T_0000062166,0,0.010724,0
T_0000062176,1,0.997576,1
T_0000062237,1,0.115449,0
T_0000062250,0,0.047791,0
T_0000062253,1,0.998481,1
T_0000062327,1,0.971996,1
T_0000062358,0,0.062086,0
T_0000062398,1,0.976261,1
T_0000062427,1,0.227329,0
T_0000062432,1,0.996584,1
T_0000062465,1,0.912894,1
T_0000062489,0,0.042732,0
T_0000062512,1,0.998574,1
T_0000062578,0,0.041800,0
T_0000062592,0,0.070063,0
T_0000062598,1,0.900090,1
T_0000062653,1,0.609292,1
T_0000062686,1,0.735374,1
T_0000062708,1,0.994071,1
T_0000062726,0,0.013720,0
T_0000062732,0,0.039792,0
T_0000062809,0,0.020523,0
T_0000062811,1,0.853684,1
T_0000062822,1,0.993111,1
T_0000062825,1,0.242478,0
T_0000062859,1,0.983688,1
T_0000062865,1,0.997412,1
T_0000062883,0,0.155783,0
T_0000062949,1,0.392678,1
T_0000062965,1,0.942600,1
T_0000062971,1,0.985583,1
T_0000062975,0,0.014575,0
T_0000062978,1,0.946997,1
T_0000063010,0,0.230563,0
T_0000063049,1,0.956310,1
T_0000063054,0,0.054419,0
T_0000063063,1,0.989134,1
T_0000063110,1,0.994439,1
T_0000063162,1,0.350607,1
T_0000063164,1,0.994580,1
T_0000063187,0,0.016985,0
T_0000063188,0,0.057141,0
T_0000063316,1,0.821478,1
T_0000063318,1,0.998009,1
T_0000063344,0,0.091053,0
T_0000063351,1,0.996593,1
T_0000063354,1,0.488615,1
T_0000063381,1,0.870255,1
T_0000063409,1,0.979928,1
T_0000063485,0,0.019914,0
T_0000063488,0,0.076433,0
T_0000063523,0,0.129717,0
T_0000063589,0,0.088310,0
T_0000063606,0,0.123715,0
T_0000063623,1,0.989520,1
T_0000063649,0,0.074263,0
T_0000063653,1,0.102761,0
T_0000063681,1,0.992934,1
T_0000063719,1,0.270747,1
T_0000063720,1,0.457137,1
T_0000063723,1,0.994631,1
T_0000063743,1,0.945798,1
T_0000063756,0,0.010084,0
T_0000063765,0,0.196189,0
T_0000063777,1,0.063183,0
T_0000063783,0,0.118146,0
T_0000063796,1,0.994668,1
T_0000063802,0,0.072789,0
T_0000063825,0,0.044081,0
T_0000063832,1,0.916157,1
T_0000063844,0,0.002966,0
T_0000063845,0,0.022156,0
T_0000063866,0,0.014684,0
T_0000063871,0,0.021614,0
T_0000063882,1,0.991719,1
T_0000063901,0,0.041019,0
T_0000063950,1,0.910995,1
T_0000063996,1,0.065235,0
T_0000064004,0,0.147905,0
T_0000064021,1,0.052768,0
T_0000064052,0,0.093480,0
T_0000064079,0,0.024988,0
T_0000064120,1,0.997382,1
T_0000064124,1,0.996625,1
T_0000064177,0,0.099530,0
T_0000064183,0,0.071620,0
T_0000064215,0,0.011911,0
T_0000064232,0,0.012779,0
T_0000064256,1,0.989022,1
T_0000064264,0,0.025979,0
T_0000064284,1,0.999426,1
T_0000064311,0,0.055291,0
T_0000064313,1,0.246483,0
T_0000064317,1,0.954336,1
T_0000064326,1,0.362706,1
T_0000064331,1,0.951859,1
T_0000064342,0,0.101092,0
T_0000064359,1,0.990034,1
T_0000064380,1,0.801372,1
T_0000064394,1,0.988657,1
T_0000064411,1,0.990143,1
T_0000064426,1,0.075004,0
T_0000064428,1,0.068763,0
T_0000064462,1,0.991041,1
T_0000064470,1,0.998507,1
T_0000064496,1,0.981554,1
T_0000064497,1,0.973820,1
T_0000064534,0,0.153096,0
T_0000064556,0,0.144141,0
T_0000064595,1,0.976417,1
T_0000064612,1,0.992750,1
T_0000064615,1,0.993930,1
T_0000064638,1,0.817707,1
T_0000064640,1,0.940190,1
T_0000064676,1,0.158520,0
T_0000064688,0,0.087649,0
T_0000064697,1,0.970128,1
T_0000064705,0,0.079692,0
T_0000064711,1,0.685524,1
T_0000064727,1,0.993849,1
T_0000064733,0,0.199957,0
T_0000064781,0,0.011739,0
T_0000064799,1,0.976288,1
T_0000064810,0,0.031864,0
T_0000064831,1,0.970636,1
T_0000064853,0,0.260469,1
T_0000064893,1,0.973730,1
T_0000064905,1,0.160898,0
T_0000064907,1,0.988641,1
T_0000064924,0,0.077025,0
T_0000064959,1,0.993730,1
T_0000064975,1,0.992197,1
T_0000064985,1,0.952866,1
T_0000064998,1,0.989990,1
T_0000065031,1,0.903298,1
T_0000065041,0,0.012176,0
T_0000065077,1,0.997822,1
T_0000065095,1,0.869788,1
T_0000065105,1,0.989605,1
T_0000065138,0,0.089872,0
T_0000065149,0,0.034735,0
T_0000065237,0,0.100055,0
T_0000065266,1,0.720989,1
T_0000065277,0,0.020209,0
T_0000065395,0,0.077423,0
T_0000065396,1,0.998841,1
T_0000065458,1,0.938069,1
T_0000065469,0,0.015518,0
T_0000065524,1,0.989957,1
T_0000065556,0,0.133497,0
T_0000065573,1,0.153465,0
T_0000065578,1,0.955581,1
T_0000065581,1,0.977051,1
T_0000065587,1,0.775621,1
T_0000065601,1,0.986094,1
T_0000065641,0,0.076620,0
T_0000065659,0,0.029948,0
T_0000065681,1,0.990111,1
T_0000065700,1,0.826237,1
T_0000065713,0,0.074686,0
T_0000065718,1,0.058265,0
T_0000065743,1,0.996320,1
T_0000065745,1,0.993959,1
T_0000065764,1,0.995821,1
T_0000065794,0,0.012914,0
T_0000065814,1,0.979813,1
T_0000065843,1,0.894224,1
T_0000065844,1,0.947660,1
T_0000065876,0,0.015927,0
T_0000065906,0,0.164221,0
T_0000065958,0,0.110905,0
T_0000065989,1,0.973398,1
T_0000065990,0,0.034052,0
T_0000065992,1,0.984812,1
T_0000066038,1,0.994365,1
T_0000066090,1,0.932003,1
T_0000066122,0,0.034526,0
T_0000066126,1,0.999110,1
T_0000066183,1,0.069230,0
T_0000066197,1,0.927433,1
T_0000066199,1,0.993250,1
T_0000066219,1,0.995640,1
T_0000066227,1,0.993657,1
T_0000066229,1,0.991129,1
T_0000066240,1,0.989078,1
T_0000066344,0,0.064429,0
T_0000066362,1,0.446058,1
T_0000066367,0,0.057762,0
T_0000066416,1,0.938970,1
T_0000066429,1,0.978214,1
T_0000066433,1,0.971710,1
T_0000066438,0,0.092626,0
T_0000066448,1,0.984523,1
T_0000066460,0,0.039406,0
T_0000066492,0,0.183713,0
T_0000066496,1,0.999371,1
T_0000066508,1,0.971235,1
T_0000066520,1,0.989335,1
T_0000066525,1,0.994787,1
T_0000066589,1,0.291046,1
T_0000066622,1,0.998108,1
T_0000066640,0,0.231040,0
T_0000066696,1,0.975383,1
T_0000066848,1,0.995659,1
T_0000066856,1,0.996914,1
T_0000066879,0,0.022987,0
T_0000066917,1,0.998744,1
T_0000066929,0,0.044539,0
T_0000066930,0,0.020788,0
T_0000066954,1,0.995308,1
T_0000066978,0,0.072854,0
T_0000066990,1,0.996522,1
T_0000067002,1,0.996022,1
T_0000067133,0,0.017385,0
T_0000067139,0,0.060421,0
T_0000067145,1,0.993436,1
T_0000067174,1,0.894030,1
T_0000067179,1,0.990910,1
T_0000067197,1,0.996889,1
T_0000067214,1,0.987292,1
T_0000067229,1,0.980135,1
T_0000067244,0,0.114172,0
T_0000067266,1,0.986574,1
T_0000067330,1,0.965294,1
T_0000067332,1,0.989757,1
T_0000067377,0,0.016150,0
T_0000067395,1,0.998761,1
T_0000067454,1,0.511989,1
T_0000067473,0,0.051125,0
T_0000067484,0,0.015866,0
T_0000067492,1,0.988608,1
T_0000067496,0,0.055626,0
T_0000067503,0,0.098714,0
T_0000067539,0,0.068234,0
T_0000067567,0,0.011272,0
T_0000067571,0,0.326250,1
T_0000067575,0,0.085834,0
T_0000067606,0,0.062307,0
T_0000067618,1,0.602796,1
T_0000067623,1,0.738974,1
T_0000067640,0,0.042163,0
T_0000067651,1,0.982613,1
T_0000067658,1,0.959669,1
T_0000067674,1,0.981037,1
T_0000067718,1,0.987646,1
T_0000067734,1,0.995309,1
T_0000067736,1,0.994487,1
T_0000067768,1,0.997690,1
T_0000067817,0,0.057032,0
T_0000067837,1,0.957876,1
T_0000067850,1,0.998848,1
T_0000067901,1,0.991581,1
T_0000067918,1,0.995549,1
T_0000067964,0,0.113434,0
T_0000067998,0,0.077614,0
T_0000068047,1,0.953040,1
T_0000068083,0,0.021368,0
T_0000068086,1,0.992839,1
T_0000068098,1,0.996681,1
T_0000068109,0,0.113846,0
T_0000068127,1,0.989855,1
T_0000068150,1,0.991044,1
T_0000068249,1,0.339616,1
T_0000068279,1,0.835554,1
T_0000068301,1,0.296670,1
T_0000068304,1,0.163608,0
T_0000068306,0,0.420117,1
T_0000068341,1,0.193821,0
T_0000068349,0,0.073204,0
T_0000068360,0,0.404141,1
T_0000068382,1,0.992881,1
T_0000068401,1,0.950706,1
T_0000068405,1,0.813855,1
T_0000068479,1,0.998194,1
T_0000068497,1,0.358938,1
T_0000068508,1,0.992444,1
T_0000068527,1,0.097515,0
T_0000068529,0,0.012304,0
T_0000068544,1,0.987546,1
T_0000068563,1,0.993329,1
T_0000068585,1,0.131919,0
T_0000068592,0,0.017750,0
T_0000068612,1,0.998964,1
T_0000068626,0,0.115783,0
T_0000068648,1,0.980234,1
T_0000068773,1,0.667195,1
T_0000068781,0,0.066970,0
T_0000068796,1,0.074933,0
T_0000068806,1,0.993783,1
T_0000068823,1,0.985164,1
T_0000068872,1,0.958339,1
T_0000068885,1,0.997795,1
T_0000068898,1,0.969262,1
T_0000068899,1,0.996706,1
T_0000068910,0,0.077236,0
T_0000068922,0,0.061028,0
T_0000068965,1,0.356601,1
T_0000068983,0,0.018655,0
T_0000069019,1,0.996444,1
T_0000069052,1,0.796327,1
T_0000069117,1,0.997185,1
T_0000069133,0,0.022281,0
T_0000069162,1,0.959905,1
T_0000069191,0,0.012435,0
T_0000069226,1,0.991767,1
T_0000069239,0,0.023056,0
T_0000069257,1,0.960567,1
T_0000069269,1,0.904330,1
T_0000069277,1,0.995535,1
T_0000069300,0,0.138403,0
T_0000069305,1,0.542117,1
T_0000069321,1,0.983163,1
T_0000069353,1,0.997239,1
T_0000069380,0,0.100405,0
T_0000069446,1,0.937514,1
T_0000069515,1,0.993190,1
T_0000069550,1,0.085456,0
T_0000069554,1,0.770952,1
T_0000069574,0,0.027336,0
T_0000069586,0,0.065396,0
T_0000069600,1,0.992821,1
T_0000069631,0,0.045462,0
T_0000069647,1,0.038877,0
T_0000069689,0,0.054398,0
T_0000069693,1,0.837991,1
T_0000069712,0,0.051305,0
T_0000069744,0,0.044697,0
T_0000069769,1,0.995621,1
T_0000069820,1,0.974426,1
T_0000069840,0,0.064443,0
T_0000069903,0,0.121324,0
T_0000069921,1,0.962161,1
T_0000069922,1,0.921498,1
T_0000069936,1,0.899949,1
T_0000069970,0,0.021539,0
T_0000069983,0,0.007618,0
T_0000070005,0,0.019799,0
T_0000070039,0,0.014270,0
T_0000070091,0,0.089854,0
T_0000070101,1,0.992848,1
T_0000070105,1,0.997241,1
T_0000070106,1,0.912114,1
T_0000070119,0,0.086252,0
T_0000070122,1,0.968122,1
T_0000070126,0,0.060932,0
T_0000070127,1,0.993968,1
T_0000070160,1,0.993367,1
T_0000070186,1,0.999129,1
T_0000070226,1,0.997324,1
T_0000070272,1,0.051464,0
T_0000070284,0,0.017584,0
T_0000070290,1,0.977863,1
T_0000070316,1,0.994843,1
T_0000070322,0,0.090892,0
T_0000070329,0,0.033914,0
T_0000070336,1,0.544886,1
T_0000070343,1,0.995312,1
T_0000070365,1,0.986767,1
T_0000070407,0,0.152773,0
T_0000070460,0,0.059318,0
T_0000070466,0,0.035876,0
T_0000070495,1,0.996252,1
T_0000070515,1,0.942535,1
T_0000070521,0,0.142592,0
T_0000070526,1,0.987460,1
T_0000070532,1,0.945059,1
T_0000070550,1,0.963622,1
T_0000070570,1,0.701695,1
T_0000070571,1,0.996114,1
T_0000070596,1,0.905176,1
T_0000070600,1,0.972601,1
T_0000070648,0,0.090509,0
T_0000070670,0,0.018033,0
T_0000070678,1,0.996729,1
T_0000070687,1,0.990067,1
T_0000070697,1,0.998478,1
T_0000070699,1,0.979007,1
T_0000070714,1,0.868126,1
T_0000070728,1,0.993091,1
T_0000070732,1,0.963005,1
T_0000070738,1,0.272604,1
T_0000070747,1,0.996276,1
T_0000070785,0,0.063533,0
T_0000070786,1,0.973137,1
T_0000070795,1,0.991313,1
T_0000070798,1,0.993850,1
T_0000070813,0,0.028789,0
T_0000070820,1,0.886396,1
T_0000070823,1,0.986789,1
T_0000070848,1,0.997430,1
T_0000070852,1,0.918244,1
T_0000070884,0,0.005391,0
T_0000070892,1,0.598444,1
T_0000070941,1,0.152968,0
T_0000070964,0,0.025432,0
T_0000071003,1,0.896370,1
T_0000071007,0,0.056409,0
T_0000071059,0,0.064814,0
T_0000071060,0,0.028451,0
T_0000071088,1,0.613627,1
T_0000071098,0,0.029979,0
T_0000071111,1,0.972583,1
T_0000071149,0,0.095968,0
T_0000071197,0,0.063219,0
T_0000071215,1,0.973340,1
T_0000071227,0,0.106021,0
T_0000071240,1,0.968923,1
T_0000071241,1,0.991327,1
T_0000071271,0,0.031493,0
T_0000071296,1,0.991245,1
T_0000071310,0,0.081268,0
T_0000071327,1,0.991802,1
T_0000071328,1,0.995085,1
T_0000071385,1,0.914894,1
T_0000071387,0,0.029964,0
T_0000071407,1,0.978145,1
T_0000071410,1,0.992932,1
T_0000071443,1,0.984808,1
T_0000071460,1,0.995029,1
T_0000071481,1,0.841751,1
T_0000071554,0,0.024207,0
T_0000071566,1,0.968532,1
T_0000071598,0,0.019536,0
T_0000071599,1,0.817400,1
T_0000071645,0,0.108785,0
T_0000071659,0,0.044325,0
T_0000071684,0,0.024139,0
T_0000071694,1,0.994289,1
T_0000071731,0,0.024043,0
T_0000071745,0,0.053790,0
T_0000071765,1,0.171418,0
T_0000071770,0,0.024712,0
T_0000071792,1,0.998118,1
T_0000071841,1,0.926193,1
T_0000071861,0,0.041405,0
T_0000071870,1,0.938707,1
T_0000071908,1,0.999391,1
T_0000071918,1,0.994922,1
T_0000071921,1,0.997844,1
T_0000071939,1,0.999229,1
T_0000071954,1,0.056769,0
T_0000071985,0,0.144373,0
T_0000072000,1,0.995346,1
T_0000072001,1,0.126571,0
T_0000072012,1,0.969651,1
T_0000072115,0,0.055080,0
T_0000072157,1,0.999257,1
T_0000072158,0,0.136633,0
T_0000072178,1,0.989751,1
T_0000072186,1,0.993387,1
T_0000072194,1,0.993024,1
T_0000072202,1,0.996464,1
T_0000072203,1,0.047563,0
T_0000072215,1,0.996461,1
T_0000072220,0,0.170781,0
T_0000072227,1,0.993432,1
T_0000072248,1,0.995418,1
T_0000072253,1,0.989420,1
T_0000072300,1,0.995204,1
T_0000072310,1,0.996250,1
T_0000072315,1,0.600100,1
T_0000072337,1,0.981803,1
T_0000072372,0,0.027524,0
T_0000072395,1,0.990924,1
T_0000072412,0,0.187398,0
T_0000072442,1,0.934848,1
T_0000072449,0,0.167709,0
T_0000072471,1,0.974833,1
T_0000072497,1,0.999627,1
T_0000072511,1,0.984197,1
T_0000072526,1,0.967923,1
T_0000072663,1,0.997302,1
T_0000072669,0,0.020473,0
T_0000072674,1,0.987440,1
T_0000072744,1,0.979896,1
T_0000072759,0,0.026178,0
T_0000072761,1,0.998779,1
T_0000072764,1,0.999052,1
T_0000072779,1,0.989274,1
T_0000072799,1,0.992677,1
T_0000072806,1,0.960483,1
T_0000072811,0,0.104564,0
T_0000072832,0,0.034441,0
T_0000072843,1,0.997826,1
T_0000072874,0,0.040193,0
T_0000072891,0,0.013468,0
T_0000072900,1,0.991604,1
T_0000072917,1,0.997441,1
T_0000072935,1,0.996721,1
T_0000072955,1,0.980382,1
T_0000072979,0,0.060855,0
T_0000072991,0,0.046804,0
T_0000073026,1,0.056233,0
T_0000073049,0,0.298072,1
T_0000073062,1,0.901343,1
T_0000073121,1,0.182665,0
T_0000073129,1,0.997375,1
T_0000073140,1,0.998565,1
T_0000073159,1,0.630831,1
T_0000073230,1,0.467368,1
T_0000073250,0,0.157089,0
T_0000073256,0,0.026352,0
T_0000073260,0,0.128748,0
T_0000073265,1,0.321369,1
T_0000073271,0,0.090222,0
T_0000073293,0,0.012594,0
T_0000073294,1,0.996908,1
T_0000073333,1,0.991110,1
T_0000073338,0,0.057886,0
T_0000073343,1,0.999308,1
T_0000073365,1,0.976499,1
T_0000073418,1,0.058738,0
T_0000073469,1,0.997876,1
T_0000073493,1,0.990235,1
T_0000073524,0,0.029579,0
T_0000073527,0,0.082355,0
T_0000073578,0,0.041100,0
T_0000073629,0,0.061150,0
T_0000073647,1,0.984099,1
T_0000073658,0,0.109183,0
T_0000073688,1,0.990061,1
T_0000073710,0,0.160077,0
T_0000073716,1,0.996771,1
T_0000073726,1,0.936043,1
T_0000073803,0,0.079522,0
T_0000073815,1,0.979121,1
T_0000073819,0,0.026820,0
T_0000073853,0,0.040284,0
T_0000073871,0,0.167249,0
T_0000073908,0,0.060978,0
T_0000073912,1,0.995083,1
T_0000073968,0,0.045251,0
T_0000074027,1,0.990454,1
T_0000074067,1,0.686744,1
T_0000074085,0,0.066290,0
T_0000074111,1,0.964448,1
T_0000074161,1,0.997544,1
T_0000074174,1,0.859545,1
T_0000074179,1,0.995003,1
T_0000074192,1,0.079314,0
T_0000074196,1,0.984208,1
T_0000074237,1,0.978818,1
T_0000074250,0,0.032895,0
T_0000074268,1,0.172487,0
T_0000074272,1,0.978097,1
T_0000074283,0,0.087806,0
T_0000074295,1,0.470446,1
T_0000074308,1,0.944886,1
T_0000074309,1,0.743529,1
T_0000074310,0,0.027459,0
T_0000074333,1,0.147256,0
T_0000074337,1,0.997725,1
T_0000074346,0,0.144748,0
T_0000074351,1,0.991777,1
T_0000074378,1,0.999572,1
T_0000074379,0,0.006399,0
T_0000074387,0,0.205391,0
T_0000074390,0,0.017502,0
T_0000074392,1,0.992426,1
T_0000074393,1,0.988638,1
T_0000074397,1,0.962711,1
T_0000074424,1,0.982986,1
T_0000074426,0,0.023668,0
T_0000074460,1,0.978811,1
T_0000074532,0,0.016749,0
T_0000074606,0,0.141036,0
T_0000074674,1,0.864806,1
T_0000074677,1,0.110055,0
T_0000074685,1,0.957273,1
T_0000074691,1,0.991779,1
T_0000074725,1,0.999247,1
T_0000074763,0,0.054283,0
T_0000074769,0,0.035350,0
T_0000074801,1,0.334579,1
T_0000074803,0,0.074962,0
T_0000074848,1,0.522388,1
T_0000074852,0,0.025528,0
T_0000074855,1,0.995234,1
T_0000074872,0,0.068657,0
T_0000074873,0,0.034997,0
T_0000074890,0,0.224717,0
T_0000074921,1,0.999727,1
T_0000074925,1,0.998181,1
T_0000074926,1,0.965365,1
T_0000074933,1,0.999746,1
T_0000074937,1,0.996104,1
T_0000074962,1,0.650859,1
T_0000075007,1,0.999067,1
T_0000075034,1,0.064066,0
T_0000075060,0,0.203215,0
T_0000075061,1,0.867767,1
T_0000075098,1,0.793206,1
T_0000075112,1,0.790050,1
T_0000075171,0,0.020165,0
T_0000075205,0,0.057536,0
T_0000075229,1,0.989815,1
T_0000075237,1,0.056124,0
T_0000075254,0,0.027910,0
T_0000075260,0,0.077151,0
T_0000075283,0,0.051931,0
T_0000075286,1,0.986838,1
T_0000075319,1,0.993863,1
T_0000075334,1,0.300930,1
T_0000075343,1,0.996561,1
T_0000075352,1,0.991553,1
T_0000075357,0,0.034428,0
T_0000075361,1,0.999092,1
T_0000075380,0,0.026891,0
T_0000075392,1,0.994738,1
T_0000075401,1,0.514067,1
T_0000075402,1,0.756605,1
T_0000075426,1,0.999189,1
T_0000075439,0,0.051143,0
T_0000075479,0,0.053039,0
T_0000075523,1,0.993641,1
T_0000075556,0,0.018423,0
T_0000075566,0,0.041585,0
T_0000075581,0,0.021998,0
T_0000075584,1,0.974310,1
T_0000075589,0,0.046496,0
T_0000075626,1,0.999576,1
T_0000075659,0,0.048509,0
T_0000075699,1,0.989911,1
T_0000075709,1,0.983094,1
T_0000075713,1,0.985304,1
T_0000075720,1,0.991631,1
T_0000075721,1,0.833311,1
T_0000075726,1,0.997297,1
T_0000075746,0,0.045043,0
T_0000075779,0,0.067494,0
T_0000075822,1,0.968566,1
T_0000075869,1,0.506012,1
T_0000075879,0,0.052473,0
T_0000075894,1,0.926563,1
T_0000075898,1,0.990499,1
T_0000075910,0,0.023991,0
T_0000076008,0,0.090803,0
T_0000076012,0,0.048256,0
T_0000076020,0,0.063700,0
T_0000076046,0,0.023334,0
T_0000076065,1,0.059005,0
T_0000076084,0,0.107705,0
T_0000076088,1,0.915785,1
T_0000076108,0,0.143471,0
T_0000076140,0,0.066741,0
T_0000076147,1,0.996831,1
T_0000076159,1,0.981220,1
T_0000076174,1,0.967062,1
T_0000076178,0,0.038048,0
T_0000076179,1,0.993916,1
T_0000076199,1,0.983139,1
T_0000076216,0,0.055670,0
T_0000076241,0,0.846902,1
T_0000076293,0,0.002095,0
T_0000076320,1,0.124348,0
T_0000076354,1,0.980480,1
T_0000076405,0,0.071325,0
T_0000076413,1,0.983098,1
T_0000076422,1,0.923157,1
T_0000076453,1,0.988252,1
T_0000076536,1,0.967820,1
T_0000076539,1,0.953130,1
T_0000076558,1,0.943200,1
T_0000076566,1,0.985325,1
T_0000076573,1,0.973812,1
T_0000076574,1,0.981412,1
T_0000076577,0,0.044616,0
T_0000076580,1,0.985697,1
T_0000076596,1,0.646936,1
T_0000076603,0,0.049197,0
T_0000076636,1,0.986233,1
T_0000076677,0,0.138257,0
T_0000076742,1,0.993959,1
T_0000076809,1,0.995395,1
T_0000076816,1,0.993202,1
T_0000076868,1,0.997540,1
T_0000076929,1,0.979628,1
T_0000077027,0,0.048311,0
T_0000077061,1,0.992713,1
T_0000077088,1,0.944578,1
T_0000077138,0,0.073158,0
T_0000077157,1,0.997120,1
T_0000077186,0,0.096706,0
T_0000077190,1,0.993093,1
T_0000077219,0,0.027576,0
T_0000077220,1,0.995844,1
T_0000077226,1,0.969865,1
T_0000077228,1,0.993490,1
T_0000077230,1,0.992809,1
T_0000077232,0,0.045168,0
T_0000077234,0,0.144689,0
T_0000077249,1,0.993623,1
T_0000077265,1,0.996117,1
T_0000077269,1,0.989692,1
T_0000077287,0,0.006731,0
T_0000077385,0,0.007024,0
T_0000077391,1,0.995324,1
T_0000077394,0,0.033306,0
T_0000077410,0,0.017066,0
T_0000077441,1,0.993176,1
T_0000077453,1,0.993809,1
T_0000077497,1,0.993506,1
T_0000077500,0,0.070434,0
T_0000077522,0,0.091474,0
T_0000077553,1,0.993395,1
T_0000077612,1,0.996740,1
T_0000077616,1,0.996240,1
T_0000077617,1,0.995333,1
T_0000077656,1,0.087283,0
T_0000077675,0,0.114228,0
T_0000077702,0,0.138922,0
T_0000077724,0,0.129441,0
T_0000077730,0,0.027791,0
T_0000077757,1,0.998645,1
T_0000077782,0,0.062216,0
T_0000077792,1,0.867069,1
T_0000077863,1,0.993189,1
T_0000077902,0,0.031695,0
T_0000077960,1,0.949638,1
T_0000077985,1,0.897955,1
T_0000077987,1,0.827221,1
T_0000078027,1,0.985446,1
T_0000078028,1,0.515463,1
T_0000078041,1,0.992010,1
T_0000078060,1,0.998814,1
T_0000078071,1,0.074079,0
T_0000078080,1,0.996572,1
T_0000078113,1,0.992806,1
T_0000078148,0,0.266663,1
T_0000078202,1,0.140435,0
T_0000078214,1,0.986714,1
T_0000078265,0,0.022295,0
T_0000078312,1,0.982429,1
T_0000078328,1,0.988399,1
T_0000078337,0,0.053905,0
T_0000078350,0,0.061986,0
T_0000078370,1,0.926458,1
T_0000078374,0,0.026540,0
T_0000078376,1,0.984765,1
T_0000078391,1,0.998026,1
T_0000078393,0,0.037429,0
T_0000078419,0,0.050197,0
T_0000078429,1,0.949177,1
T_0000078502,0,0.034382,0
T_0000078559,0,0.029534,0
T_0000078570,1,0.589653,1
T_0000078608,0,0.001946,0
T_0000078631,0,0.139264,0
T_0000078635,1,0.998021,1
T_0000078649,1,0.085325,0
T_0000078660,1,0.995672,1
T_0000078702,1,0.859036,1
T_0000078713,1,0.938209,1
T_0000078715,1,0.995654,1
T_0000078724,0,0.187477,0
T_0000078755,1,0.997293,1
T_0000078775,1,0.978640,1
T_0000078830,1,0.984131,1
T_0000078885,0,0.025343,0
T_0000078889,1,0.998488,1
T_0000078913,0,0.047557,0
T_0000078923,0,0.035391,0
T_0000079075,0,0.011194,0
T_0000079076,1,0.965480,1
T_0000079109,1,0.976715,1
T_0000079119,1,0.996380,1
T_0000079143,1,0.997120,1
T_0000079164,1,0.081733,0
T_0000079181,1,0.706611,1
T_0000079199,1,0.628434,1
T_0000079285,0,0.031830,0
T_0000079395,0,0.224834,0
T_0000079405,0,0.053984,0
T_0000079407,1,0.992401,1
T_0000079425,0,0.051769,0
T_0000079471,0,0.063895,0
T_0000079535,1,0.980344,1
T_0000079542,0,0.027583,0
T_0000079570,1,0.995939,1
T_0000079587,1,0.992835,1
T_0000079656,0,0.030932,0
T_0000079704,1,0.996900,1
T_0000079748,0,0.042383,0
T_0000079766,1,0.992055,1
T_0000079806,1,0.994063,1
T_0000079854,1,0.990695,1
T_0000079893,1,0.998856,1
T_0000079920,1,0.994311,1
T_0000079970,1,0.986594,1
T_0000079984,1,0.992051,1
T_0000080037,1,0.999198,1
T_0000080105,1,0.994223,1
T_0000080106,0,0.113130,0
T_0000080134,1,0.995181,1
T_0000080165,1,0.998114,1
T_0000080167,1,0.959198,1
T_0000080188,0,0.045648,0
T_0000080212,1,0.992348,1
T_0000080221,0,0.042454,0
T_0000080268,0,0.067496,0
T_0000080287,0,0.129992,0
T_0000080314,1,0.990905,1
T_0000080342,1,0.995944,1
T_0000080383,1,0.998303,1
T_0000080403,1,0.587349,1
T_0000080421,1,0.936109,1
T_0000080460,0,0.067634,0
T_0000080470,1,0.922286,1
T_0000080486,1,0.071797,0
T_0000080511,1,0.993150,1
T_0000080520,0,0.036831,0
T_0000080522,1,0.983176,1
T_0000080567,1,0.981389,1
T_0000080601,1,0.975798,1
T_0000080653,1,0.115181,0
T_0000080664,0,0.139181,0
T_0000080719,1,0.995764,1
T_0000080722,1,0.995071,1
T_0000080752,1,0.787530,1
T_0000080786,1,0.972340,1
T_0000080801,0,0.016117,0
T_0000080835,1,0.985055,1
T_0000080869,1,0.975718,1
T_0000080879,0,0.068260,0
T_0000080914,1,0.642407,1
T_0000080966,1,0.992885,1
T_0000080968,0,0.145842,0
T_0000080970,1,0.116846,0
T_0000080994,0,0.025100,0
T_0000081022,1,0.989858,1
T_0000081029,1,0.990974,1
T_0000081109,1,0.947859,1
T_0000081128,1,0.104888,0
T_0000081137,1,0.999196,1
T_0000081225,1,0.989841,1
T_0000081238,1,0.991411,1
T_0000081271,1,0.991118,1
T_0000081289,1,0.982745,1
T_0000081294,1,0.994020,1
T_0000081311,1,0.977643,1
T_0000081315,0,0.037597,0
T_0000081316,1,0.996625,1
T_0000081332,1,0.997244,1
T_0000081334,1,0.934128,1
T_0000081342,1,0.976301,1
T_0000081359,1,0.984170,1
T_0000081415,1,0.741189,1
T_0000081438,1,0.984537,1
T_0000081451,0,0.041169,0
T_0000081456,1,0.976883,1
T_0000081467,1,0.987765,1
T_0000081489,0,0.026180,0
T_0000081507,1,0.900025,1
T_0000081528,1,0.984348,1
T_0000081529,1,0.981856,1
T_0000081554,1,0.963973,1
T_0000081577,1,0.995075,1
T_0000081596,0,0.133735,0
T_0000081606,1,0.998573,1
T_0000081628,0,0.097466,0
T_0000081633,0,0.044584,0
T_0000081665,0,0.082174,0
T_0000081672,1,0.995750,1
T_0000081675,1,0.816451,1
T_0000081680,1,0.998248,1
T_0000081684,1,0.918516,1
T_0000081696,0,0.073539,0
T_0000081700,1,0.986292,1
T_0000081730,0,0.089343,0
T_0000081747,1,0.997032,1
T_0000081753,1,0.995042,1
T_0000081773,0,0.051178,0
T_0000081791,1,0.997873,1
T_0000081876,1,0.994326,1
T_0000081931,1,0.987091,1
T_0000081946,0,0.394421,1
T_0000081995,1,0.990568,1
T_0000081996,1,0.954143,1
T_0000082020,1,0.990629,1
T_0000082030,0,0.023761,0
T_0000082047,1,0.994806,1
T_0000082058,0,0.290012,1
T_0000082070,1,0.995691,1
T_0000082071,0,0.015748,0
T_0000082087,1,0.985134,1
T_0000082098,1,0.990809,1
T_0000082112,1,0.993656,1
T_0000082121,1,0.963905,1
T_0000082131,0,0.010957,0
T_0000082164,1,0.978874,1
T_0000082168,0,0.020688,0
T_0000082199,0,0.026449,0
T_0000082246,1,0.975729,1
T_0000082275,0,0.881619,1
T_0000082289,0,0.030215,0
T_0000082294,1,0.942020,1
T_0000082379,1,0.997887,1
T_0000082380,0,0.078420,0
T_0000082390,1,0.940257,1
T_0000082396,1,0.995533,1
T_0000082425,1,0.991377,1
T_0000082429,1,0.985532,1
T_0000082430,0,0.028442,0
T_0000082461,1,0.996637,1
T_0000082481,0,0.067052,0
T_0000082501,1,0.997766,1
T_0000082577,1,0.991488,1
T_0000082610,1,0.993804,1
T_0000082662,1,0.980304,1
T_0000082697,1,0.971063,1
T_0000082708,1,0.803418,1
T_0000082725,0,0.026239,0
T_0000082734,1,0.897180,1
T_0000082737,0,0.042609,0
T_0000082777,1,0.980968,1
T_0000082894,1,0.992127,1
T_0000082943,0,0.145517,0
T_0000082953,1,0.993947,1
T_0000082963,1,0.987392,1
T_0000083004,1,0.918550,1
T_0000083020,1,0.986892,1
T_0000083044,1,0.991585,1
T_0000083060,1,0.994718,1
T_0000083096,0,0.014572,0
T_0000083102,1,0.995513,1
T_0000083112,1,0.958114,1
T_0000083161,1,0.059714,0
T_0000083201,1,0.992049,1
T_0000083203,1,0.985184,1
T_0000083245,1,0.905275,1
T_0000083302,0,0.161032,0
T_0000083339,0,0.233994,0
T_0000083352,1,0.994101,1
T_0000083368,1,0.071256,0
T_0000083378,0,0.041496,0
T_0000083410,0,0.011670,0
T_0000083417,0,0.095302,0
T_0000083420,1,0.182208,0
T_0000083470,1,0.971262,1
T_0000083475,0,0.007893,0
T_0000083484,0,0.173447,0
T_0000083487,0,0.070775,0
T_0000083511,1,0.720591,1
T_0000083561,1,0.993708,1
T_0000083626,0,0.024461,0
T_0000083653,1,0.973001,1
T_0000083666,0,0.278347,1
T_0000083736,1,0.092493,0
T_0000083814,1,0.904137,1
T_0000083836,0,0.134799,0
T_0000083907,1,0.955192,1
T_0000083927,1,0.242085,0
T_0000083939,1,0.978163,1
T_0000083957,1,0.990390,1
T_0000083965,1,0.796157,1
T_0000083978,1,0.985365,1
T_0000083995,0,0.017774,0
T_0000084017,1,0.998673,1
T_0000084019,1,0.933449,1
T_0000084025,1,0.957445,1
T_0000084085,1,0.992470,1
T_0000084089,1,0.975877,1
T_0000084094,1,0.987813,1
T_0000084116,1,0.393317,1
T_0000084198,1,0.995795,1
T_0000084223,1,0.667615,1
T_0000084229,0,0.010529,0
T_0000084236,1,0.735350,1
T_0000084255,0,0.040154,0
T_0000084256,0,0.109690,0
T_0000084263,1,0.995223,1
T_0000084269,1,0.988573,1
T_0000084272,1,0.980470,1
T_0000084298,1,0.171289,0
T_0000084303,1,0.990434,1
T_0000084384,1,0.933033,1
T_0000084426,0,0.040234,0
T_0000084433,1,0.994429,1
T_0000084477,1,0.982890,1
T_0000084483,0,0.148140,0
T_0000084488,1,0.734678,1
T_0000084533,1,0.919710,1
T_0000084540,1,0.996742,1
T_0000084589,1,0.115465,0
T_0000084608,0,0.029391,0
T_0000084613,1,0.997128,1
T_0000084660,1,0.971645,1
T_0000084661,1,0.991193,1
T_0000084697,1,0.985980,1
T_0000084770,0,0.047149,0
T_0000084780,1,0.988386,1
T_0000084785,1,0.988942,1
T_0000084827,1,0.561709,1
T_0000084861,1,0.837251,1
T_0000084870,1,0.919640,1
T_0000084884,1,0.947861,1
T_0000084894,0,0.066615,0
T_0000084903,0,0.017253,0
T_0000084916,0,0.042866,0
T_0000084919,0,0.010300,0
T_0000084947,1,0.950880,1
T_0000084953,1,0.982609,1
T_0000084980,1,0.454312,1
T_0000084995,1,0.995142,1
T_0000085014,0,0.039919,0
T_0000085043,1,0.996525,1
T_0000085063,0,0.040338,0
T_0000085125,0,0.140740,0
T_0000085135,0,0.015852,0
T_0000085154,1,0.991254,1
T_0000085157,1,0.998019,1
T_0000085182,1,0.099331,0
T_0000085218,1,0.988690,1
T_0000085243,1,0.995912,1
T_0000085276,0,0.021384,0
T_0000085279,1,0.721306,1
T_0000085284,1,0.994483,1
T_0000085312,1,0.998200,1
T_0000085353,0,0.013502,0
T_0000085373,0,0.057993,0
T_0000085387,0,0.065753,0
T_0000085393,0,0.062633,0
T_0000085394,1,0.993027,1
T_0000085405,1,0.999540,1
T_0000085414,1,0.936819,1
T_0000085424,1,0.941011,1
T_0000085440,1,0.932255,1
T_0000085449,1,0.989144,1
T_0000085462,0,0.008526,0
T_0000085464,0,0.034022,0
T_0000085467,1,0.804058,1
T_0000085475,1,0.936307,1
T_0000085524,1,0.740317,1
T_0000085546,0,0.017334,0
T_0000085552,1,0.986108,1
T_0000085608,1,0.996991,1
T_0000085613,1,0.998923,1
T_0000085668,1,0.990982,1
T_0000085689,1,0.987737,1
T_0000085703,0,0.282341,1
T_0000085740,1,0.782837,1
T_0000085742,0,0.109790,0
T_0000085750,1,0.860302,1
T_0000085777,1,0.990048,1
T_0000085783,0,0.015577,0
T_0000085802,0,0.030156,0
T_0000085805,1,0.991215,1
T_0000085822,0,0.036875,0
T_0000085823,1,0.818962,1
T_0000085843,1,0.993876,1
T_0000085858,0,0.036862,0
T_0000085891,0,0.040548,0
T_0000085897,1,0.999243,1
T_0000085902,0,0.021593,0
T_0000085930,0,0.066095,0
T_0000085934,1,0.992742,1
T_0000085941,1,0.993756,1
T_0000085954,1,0.282842,1
T_0000085982,0,0.207482,0
T_0000086074,1,0.169451,0
T_0000086075,0,0.147617,0
T_0000086076,1,0.995171,1
T_0000086083,0,0.049492,0
T_0000086098,0,0.031540,0
T_0000086124,1,0.988179,1
T_0000086153,0,0.076730,0
T_0000086170,0,0.031765,0
T_0000086178,1,0.983084,1
T_0000086182,0,0.065103,0
T_0000086205,0,0.106776,0
T_0000086209,0,0.118590,0
T_0000086224,0,0.003504,0
T_0000086233,0,0.006757,0
T_0000086234,0,0.035926,0
T_0000086238,0,0.102856,0
T_0000086267,0,0.781594,1
T_0000086327,0,0.032228,0
T_0000086335,0,0.090718,0
T_0000086357,1,0.997630,1
T_0000086375,1,0.991267,1
T_0000086379,1,0.906512,1
T_0000086383,0,0.060863,0
T_0000086413,1,0.993431,1
T_0000086420,1,0.994713,1
T_0000086466,0,0.114622,0
T_0000086477,1,0.122911,0
T_0000086510,1,0.966614,1
T_0000086538,1,0.299315,1
T_0000086564,1,0.250409,0
T_0000086582,1,0.946751,1
T_0000086589,1,0.967418,1
T_0000086590,1,0.995834,1
T_0000086602,1,0.994263,1
T_0000086626,1,0.992720,1
T_0000086662,1,0.997659,1
T_0000086668,1,0.808127,1
T_0000086697,1,0.994999,1
T_0000086742,1,0.995104,1
T_0000086748,0,0.003227,0
T_0000086753,1,0.963034,1
T_0000086775,1,0.974842,1
T_0000086833,1,0.481647,1
T_0000086848,1,0.987451,1
T_0000086849,1,0.980826,1
T_0000086854,1,0.135933,0
T_0000086878,1,0.974043,1
T_0000086888,0,0.041174,0
T_0000086908,0,0.035130,0
T_0000086912,1,0.978824,1
T_0000086920,0,0.030397,0
T_0000086941,1,0.926116,1
T_0000086943,1,0.942772,1
T_0000086964,1,0.991678,1
T_0000086984,1,0.993936,1
T_0000086985,1,0.994933,1
T_0000087033,1,0.990481,1
T_0000087162,1,0.993488,1
T_0000087181,0,0.021417,0
T_0000087332,1,0.455222,1
T_0000087359,1,0.990900,1
T_0000087378,1,0.997376,1
T_0000087396,1,0.998311,1
T_0000087438,1,0.983829,1
T_0000087454,1,0.995841,1
T_0000087513,1,0.996048,1
T_0000087532,0,0.044494,0
T_0000087539,1,0.998970,1
T_0000087559,0,0.155224,0
T_0000087576,1,0.994397,1
T_0000087585,1,0.840873,1
T_0000087590,1,0.659089,1
T_0000087620,1,0.835885,1
T_0000087643,1,0.143839,0
T_0000087663,0,0.019033,0
T_0000087670,1,0.043657,0
T_0000087694,1,0.804259,1
T_0000087716,1,0.750167,1
T_0000087742,1,0.500230,1
T_0000087752,1,0.966844,1
T_0000087782,1,0.018842,0
T_0000087798,1,0.874619,1
T_0000087832,1,0.960250,1
T_0000087847,1,0.939012,1
T_0000087862,1,0.965826,1
T_0000087907,1,0.853174,1
T_0000087910,0,0.014046,0
T_0000087932,1,0.918237,1
T_0000087937,0,0.169159,0
T_0000087939,1,0.999708,1
T_0000087983,1,0.936287,1
T_0000087989,1,0.985224,1
T_0000087990,1,0.956248,1
T_0000088008,1,0.994436,1
T_0000088012,1,0.611040,1
T_0000088013,0,0.027476,0
T_0000088032,1,0.991373,1
T_0000088051,0,0.027467,0
T_0000088095,1,0.934026,1
T_0000088097,0,0.085242,0
T_0000088173,1,0.997700,1
T_0000088175,1,0.182103,0
T_0000088181,1,0.975252,1
T_0000088186,0,0.098781,0
T_0000088246,1,0.976654,1
T_0000088271,0,0.035291,0
T_0000088287,1,0.996506,1
T_0000088289,1,0.894765,1
T_0000088322,0,0.052023,0
T_0000088325,1,0.997837,1
T_0000088333,1,0.990904,1
T_0000088371,1,0.525915,1
T_0000088385,0,0.016094,0
T_0000088395,1,0.166896,0
T_0000088415,1,0.984065,1
T_0000088418,1,0.910992,1
T_0000088429,0,0.119023,0
T_0000088436,0,0.024146,0
T_0000088444,1,0.949814,1
T_0000088498,1,0.994529,1
T_0000088508,1,0.464256,1
T_0000088514,1,0.615861,1
T_0000088525,1,0.998860,1
T_0000088530,1,0.989486,1
T_0000088555,0,0.177707,0
T_0000088611,1,0.756886,1
T_0000088616,0,0.032239,0
T_0000088618,0,0.160812,0
T_0000088646,1,0.997288,1
T_0000088674,0,0.070266,0
T_0000088741,1,0.945639,1
T_0000088771,1,0.990207,1
T_0000088794,0,0.051660,0
T_0000088820,0,0.056692,0
T_0000088822,1,0.547879,1
T_0000088828,1,0.996760,1
T_0000088847,1,0.470706,1
T_0000088848,1,0.926525,1
T_0000088861,1,0.970205,1
T_0000088901,1,0.068311,0
T_0000088914,1,0.841880,1
T_0000088928,1,0.997610,1
T_0000088932,1,0.834928,1
T_0000088977,1,0.998985,1
T_0000088979,1,0.993993,1
T_0000088998,1,0.997189,1
T_0000089041,1,0.287712,1
T_0000089062,1,0.951124,1
T_0000089094,1,0.984354,1
T_0000089102,0,0.060090,0
T_0000089143,0,0.028819,0
T_0000089180,1,0.997715,1
T_0000089227,0,0.108726,0
T_0000089243,1,0.992867,1
T_0000089323,0,0.011830,0
T_0000089352,0,0.126120,0
T_0000089376,0,0.060876,0
T_0000089378,0,0.100579,0
T_0000089384,1,0.980647,1
T_0000089387,1,0.345829,1
T_0000089399,1,0.299818,1
T_0000089437,0,0.089210,0
T_0000089443,1,0.965087,1
T_0000089473,1,0.136977,0
T_0000089524,1,0.994304,1
T_0000089541,0,0.111630,0
T_0000089552,0,0.047514,0
T_0000089576,1,0.436777,1
T_0000089649,0,0.068941,0
T_0000089653,0,0.106430,0
T_0000089678,1,0.949623,1
T_0000089710,0,0.027902,0
T_0000089720,1,0.966465,1
T_0000089722,1,0.840575,1
T_0000089728,1,0.995413,1
T_0000089731,1,0.991498,1
T_0000089755,1,0.995816,1
T_0000089783,1,0.228056,0
T_0000089845,1,0.987858,1
T_0000089847,1,0.073625,0
T_0000089864,1,0.984006,1
T_0000089890,1,0.994130,1
T_0000089891,0,0.039268,0
T_0000089918,1,0.382078,1
T_0000089928,1,0.825464,1
T_0000089981,1,0.988302,1
T_0000090000,1,0.109282,0
T_0000090014,1,0.985743,1
T_0000090031,1,0.995672,1
T_0000090054,1,0.890987,1
T_0000090064,1,0.651813,1
T_0000090109,1,0.997350,1
T_0000090142,1,0.991446,1
T_0000090154,0,0.061432,0
T_0000090183,1,0.956679,1
T_0000090192,1,0.697707,1
T_0000090212,1,0.836189,1
T_0000090222,0,0.024878,0
T_0000090238,1,0.991546,1
T_0000090253,1,0.926538,1
T_0000090267,1,0.997998,1
T_0000090273,0,0.193203,0
T_0000090275,1,0.990254,1
T_0000090286,0,0.043835,0
T_0000090335,1,0.987540,1
T_0000090353,1,0.978609,1
T_0000090416,0,0.016256,0
T_0000090425,1,0.992806,1
T_0000090448,1,0.981044,1
T_0000090454,1,0.403900,1
T_0000090477,1,0.074194,0
T_0000090506,0,0.177032,0
T_0000090518,0,0.019735,0
T_0000090533,1,0.977200,1
T_0000090595,1,0.218026,0
T_0000090602,0,0.097015,0
T_0000090605,1,0.996945,1
T_0000090606,0,0.020360,0
T_0000090626,0,0.028539,0
T_0000090632,0,0.071581,0
T_0000090647,0,0.088384,0
T_0000090698,1,0.995905,1
T_0000090720,1,0.835615,1
T_0000090724,1,0.929628,1
T_0000090727,1,0.922580,1
T_0000090751,0,0.056348,0
T_0000090846,0,0.392344,1
T_0000090883,1,0.993955,1
T_0000090913,1,0.152906,0
T_0000090962,1,0.881850,1
T_0000090975,0,0.112779,0
T_0000091027,0,0.093779,0
T_0000091049,0,0.062018,0
T_0000091058,1,0.935602,1
T_0000091096,0,0.076412,0
T_0000091097,0,0.055303,0
T_0000091098,1,0.912976,1
T_0000091100,1,0.940186,1
T_0000091143,1,0.457747,1
T_0000091149,0,0.030322,0
T_0000091188,1,0.989420,1
T_0000091215,1,0.987890,1
T_0000091222,1,0.899896,1
T_0000091230,0,0.025697,0
T_0000091241,0,0.087024,0
T_0000091270,1,0.746951,1
T_0000091277,1,0.978777,1
T_0000091291,1,0.562385,1
T_0000091304,1,0.972961,1
T_0000091374,0,0.013410,0
T_0000091386,1,0.995661,1
T_0000091389,1,0.329177,1
T_0000091402,1,0.932909,1
T_0000091412,1,0.993800,1
T_0000091425,0,0.012425,0
T_0000091429,0,0.018768,0
T_0000091513,1,0.980945,1
T_0000091617,1,0.947179,1
T_0000091635,1,0.929711,1
T_0000091645,1,0.990381,1
T_0000091646,1,0.992954,1
T_0000091661,0,0.021821,0
T_0000091665,1,0.987276,1
T_0000091673,1,0.996015,1
T_0000091695,1,0.181678,0
T_0000091708,1,0.989020,1
T_0000091741,1,0.995730,1
T_0000091756,0,0.148925,0
T_0000091773,1,0.980075,1
T_0000091821,1,0.995236,1
T_0000091848,1,0.972548,1
T_0000091897,1,0.991710,1
T_0000091898,1,0.989841,1
T_0000091921,1,0.940085,1
T_0000091934,1,0.991080,1
T_0000092006,1,0.989050,1
T_0000092082,1,0.988341,1
T_0000092083,1,0.040781,0
T_0000092114,1,0.985761,1
T_0000092115,0,0.016485,0
T_0000092134,0,0.034624,0
T_0000092142,1,0.812796,1
T_0000092176,0,0.033219,0
T_0000092178,0,0.017872,0
T_0000092179,1,0.219165,0
T_0000092181,0,0.078971,0
T_0000092183,1,0.983868,1
T_0000092191,1,0.992457,1
T_0000092198,1,0.939598,1
T_0000092199,0,0.239860,0
T_0000092213,1,0.986038,1
T_0000092233,0,0.032921,0
T_0000092235,1,0.848382,1
T_0000092239,1,0.953377,1
T_0000092251,0,0.037413,0
T_0000092300,1,0.984611,1
T_0000092323,1,0.858204,1
T_0000092326,1,0.991986,1
T_0000092373,1,0.798761,1
T_0000092400,0,0.124034,0
T_0000092411,1,0.975507,1
T_0000092421,0,0.020092,0
T_0000092453,1,0.924364,1
T_0000092460,1,0.992041,1
T_0000092471,0,0.048137,0
T_0000092472,1,0.943313,1
T_0000092539,0,0.015454,0
T_0000092548,1,0.964875,1
T_0000092591,1,0.933592,1
T_0000092595,0,0.218975,0
T_0000092598,1,0.999439,1
T_0000092600,1,0.098506,0
T_0000092652,0,0.036065,0
T_0000092655,1,0.987421,1
T_0000092677,1,0.995488,1
T_0000092728,1,0.767672,1
T_0000092735,0,0.032453,0
T_0000092835,0,0.065498,0
T_0000092841,1,0.911935,1
T_0000092857,1,0.995631,1
T_0000092871,1,0.994816,1
T_0000092886,1,0.992641,1
T_0000092887,0,0.133104,0
T_0000092897,1,0.987442,1
T_0000092905,1,0.909225,1
T_0000092906,1,0.997017,1
T_0000092927,0,0.021584,0
T_0000092930,0,0.045172,0
T_0000092940,1,0.891559,1
T_0000092945,1,0.548286,1
T_0000092992,1,0.996246,1
T_0000093022,1,0.994294,1
T_0000093047,1,0.991576,1
T_0000093069,1,0.987364,1
T_0000093092,1,0.991678,1
T_0000093113,1,0.995742,1
T_0000093128,1,0.245364,0
T_0000093168,1,0.956413,1
T_0000093170,1,0.017796,0
T_0000093178,1,0.997858,1
T_0000093207,1,0.981891,1
T_0000093279,1,0.688458,1
T_0000093298,1,0.992257,1
T_0000093333,0,0.103303,0
T_0000093348,0,0.076138,0
T_0000093358,1,0.992930,1
T_0000093373,1,0.555654,1
T_0000093465,1,0.992640,1
T_0000093478,1,0.146780,0
T_0000093480,0,0.014966,0
T_0000093481,0,0.009915,0
T_0000093498,0,0.037881,0
T_0000093505,1,0.989076,1
T_0000093527,0,0.158903,0
T_0000093539,1,0.999669,1
T_0000093573,0,0.102966,0
T_0000093614,0,0.044210,0
T_0000093627,1,0.647033,1
T_0000093636,1,0.968593,1
T_0000093644,1,0.997791,1
T_0000093678,1,0.986223,1
T_0000093679,1,0.439227,1
T_0000093706,1,0.992323,1
T_0000093707,1,0.529695,1
T_0000093712,0,0.023418,0
T_0000093780,1,0.991374,1
T_0000093825,1,0.990652,1
T_0000093828,1,0.991883,1
T_0000093835,1,0.998027,1
T_0000093854,1,0.998684,1
T_0000093855,1,0.998509,1
T_0000093898,1,0.135711,0
T_0000093906,1,0.997004,1
T_0000093919,1,0.180067,0
T_0000093962,0,0.019598,0
T_0000094010,1,0.996625,1
T_0000094033,1,0.971265,1
T_0000094038,1,0.961645,1
T_0000094042,1,0.240667,0
T_0000094046,0,0.026651,0
T_0000094061,1,0.991659,1
T_0000094064,1,0.984541,1
T_0000094087,0,0.010303,0
T_0000094104,0,0.026424,0
T_0000094114,1,0.980895,1
T_0000094128,0,0.050572,0
T_0000094130,1,0.727909,1
T_0000094180,1,0.998613,1
T_0000094194,1,0.801000,1
T_0000094203,0,0.093882,0
T_0000094222,1,0.978067,1
T_0000094274,1,0.980166,1
T_0000094284,1,0.978618,1
T_0000094296,0,0.052981,0
T_0000094303,1,0.994610,1
T_0000094347,1,0.998905,1
T_0000094348,1,0.966979,1
T_0000094357,1,0.992514,1
T_0000094359,0,0.089142,0
T_0000094390,1,0.800388,1
T_0000094437,1,0.512270,1
T_0000094453,1,0.964823,1
T_0000094468,1,0.977819,1
T_0000094474,1,0.980836,1
T_0000094475,0,0.058929,0
T_0000094478,1,0.998993,1
T_0000094485,1,0.988035,1
T_0000094532,0,0.056738,0
T_0000094541,1,0.996589,1
T_0000094590,1,0.986815,1
T_0000094680,1,0.998714,1
T_0000094688,1,0.161522,0
T_0000094696,0,0.037129,0
T_0000094701,1,0.969623,1
T_0000094722,1,0.987832,1
T_0000094762,0,0.037286,0
T_0000094783,1,0.989291,1
T_0000094818,1,0.988948,1
T_0000094862,1,0.978056,1
T_0000094897,1,0.097770,0
T_0000094909,1,0.998198,1
T_0000094916,1,0.708122,1
T_0000094920,0,0.111311,0
T_0000094929,1,0.998718,1
T_0000094959,1,0.986071,1
T_0000094975,1,0.452407,1
T_0000095011,1,0.978473,1
T_0000095029,0,0.056179,0
T_0000095034,0,0.037336,0
T_0000095052,1,0.978291,1
T_0000095058,0,0.125492,0
T_0000095109,1,0.984601,1
T_0000095141,0,0.015164,0
T_0000095186,1,0.499659,1
T_0000095187,0,0.053050,0
T_0000095201,0,0.032095,0
T_0000095203,0,0.040334,0
T_0000095206,1,0.987628,1
T_0000095214,1,0.981067,1
T_0000095231,0,0.036768,0
T_0000095239,1,0.985593,1
T_0000095263,0,0.030380,0
T_0000095279,0,0.044825,0
T_0000095288,1,0.966798,1
T_0000095309,1,0.992955,1
T_0000095312,1,0.995228,1
T_0000095325,1,0.995042,1
T_0000095343,1,0.991951,1
T_0000095360,0,0.169893,0
T_0000095380,1,0.993386,1
T_0000095399,1,0.988286,1
T_0000095438,0,0.064239,0
T_0000095499,1,0.999439,1
T_0000095538,0,0.026555,0
T_0000095539,0,0.112976,0
T_0000095555,0,0.026017,0
T_0000095580,1,0.981237,1
T_0000095592,1,0.956096,1
T_0000095669,0,0.025438,0
T_0000095682,1,0.990647,1
T_0000095684,1,0.062307,0
T_0000095703,1,0.997244,1
T_0000095730,1,0.973935,1
T_0000095752,0,0.073682,0
T_0000095772,0,0.057527,0
T_0000095785,1,0.985670,1
T_0000095831,1,0.995337,1
T_0000095855,0,0.043768,0
T_0000095862,0,0.052906,0
T_0000095863,1,0.993603,1
T_0000095877,1,0.741122,1
T_0000095914,1,0.969174,1
T_0000095923,1,0.498631,1
T_0000095951,1,0.978394,1
T_0000095966,1,0.960329,1
T_0000095975,1,0.958444,1
T_0000095991,0,0.014100,0
T_0000096000,1,0.962304,1
T_0000096012,1,0.842304,1
T_0000096069,1,0.986108,1
T_0000096074,0,0.062323,0
T_0000096076,0,0.048179,0
T_0000096105,1,0.999173,1
T_0000096148,1,0.997958,1
T_0000096201,0,0.004572,0
T_0000096213,0,0.036323,0
T_0000096285,1,0.994399,1
T_0000096299,1,0.943214,1
T_0000096360,1,0.995272,1
T_0000096363,0,0.032675,0
T_0000096365,1,0.952297,1
T_0000096367,0,0.044558,0
T_0000096379,1,0.996896,1
T_0000096380,0,0.084611,0
T_0000096397,0,0.036903,0
T_0000096408,0,0.020395,0
T_0000096422,1,0.995521,1
T_0000096426,0,0.168488,0
T_0000096473,0,0.056183,0
T_0000096484,0,0.028911,0
T_0000096517,1,0.998119,1
T_0000096519,1,0.991533,1
T_0000096543,1,0.988863,1
T_0000096548,0,0.090256,0
T_0000096556,0,0.017645,0
T_0000096578,0,0.079371,0
T_0000096584,0,0.061924,0
T_0000096632,0,0.019875,0
T_0000096673,1,0.969972,1
T_0000096728,0,0.080880,0
T_0000096772,1,0.518791,1
T_0000096792,0,0.085454,0
T_0000096803,1,0.997465,1
T_0000096819,1,0.989882,1
T_0000096823,1,0.999209,1
T_0000096840,0,0.055342,0
T_0000096851,0,0.052037,0
T_0000096852,0,0.073702,0
T_0000096854,0,0.168996,0
T_0000096876,1,0.987138,1
T_0000096903,1,0.985431,1
T_0000096925,0,0.028583,0
T_0000096932,1,0.994624,1
T_0000096952,0,0.005928,0
T_0000096978,1,0.992261,1
T_0000096983,1,0.996198,1
T_0000096985,0,0.015962,0
T_0000097021,1,0.928523,1
T_0000097078,0,0.043416,0
T_0000097083,0,0.023123,0
T_0000097086,0,0.022516,0
T_0000097096,1,0.998809,1
T_0000097121,1,0.992677,1
T_0000097130,0,0.030668,0
T_0000097144,1,0.983449,1
T_0000097188,0,0.051084,0
T_0000097301,0,0.096640,0
T_0000097330,1,0.997413,1
T_0000097331,0,0.021614,0
T_0000097344,1,0.992739,1
T_0000097360,1,0.746668,1
T_0000097362,1,0.097633,0
T_0000097376,1,0.738391,1
T_0000097385,1,0.996662,1
T_0000097397,1,0.999206,1
T_0000097413,0,0.014250,0
T_0000097444,1,0.984381,1
T_0000097466,1,0.947361,1
T_0000097473,1,0.152440,0
T_0000097491,0,0.098131,0
T_0000097503,1,0.991920,1
T_0000097531,1,0.900077,1
T_0000097536,0,0.023096,0
T_0000097543,1,0.971469,1
T_0000097552,1,0.965876,1
T_0000097569,0,0.130193,0
T_0000097571,1,0.990276,1
T_0000097625,0,0.088356,0
T_0000097651,0,0.022109,0
T_0000097680,1,0.992682,1
T_0000097708,1,0.998391,1
T_0000097778,0,0.122177,0
T_0000097824,1,0.988600,1
T_0000097834,1,0.988638,1
T_0000097880,1,0.746372,1
T_0000097962,1,0.968068,1
T_0000098019,1,0.958524,1
T_0000098027,1,0.991383,1
T_0000098028,1,0.994362,1
T_0000098034,1,0.998533,1
T_0000098066,0,0.266205,1
T_0000098088,1,0.996154,1
T_0000098091,1,0.985489,1
T_0000098100,0,0.012583,0
T_0000098118,1,0.999218,1
T_0000098183,1,0.992614,1
T_0000098185,1,0.078372,0
T_0000098193,1,0.994654,1
T_0000098209,1,0.983503,1
T_0000098254,1,0.982889,1
T_0000098266,1,0.265705,1
T_0000098272,1,0.998338,1
T_0000098312,1,0.985441,1
T_0000098313,1,0.969478,1
T_0000098321,0,0.066826,0
T_0000098348,0,0.059109,0
T_0000098349,1,0.997759,1
T_0000098353,0,0.004383,0
T_0000098356,0,0.070987,0
T_0000098358,1,0.978987,1
T_0000098362,1,0.758755,1
T_0000098370,0,0.064776,0
T_0000098385,0,0.067570,0
T_0000098426,1,0.989862,1
T_0000098482,0,0.061215,0
T_0000098526,1,0.991946,1
T_0000098552,1,0.996794,1
T_0000098578,0,0.023159,0
T_0000098616,1,0.998629,1
T_0000098631,1,0.990011,1
T_0000098636,1,0.145815,0
T_0000098683,0,0.109684,0
T_0000098700,0,0.025255,0
T_0000098701,1,0.996011,1
T_0000098726,1,0.959914,1
T_0000098735,1,0.180376,0
T_0000098742,0,0.057910,0
T_0000098796,1,0.985932,1
T_0000098834,0,0.013297,0
T_0000098849,1,0.863678,1
T_0000098885,1,0.969135,1
T_0000098889,1,0.363010,1
T_0000098918,0,0.061694,0
T_0000098932,1,0.395808,1
T_0000099005,0,0.042647,0
T_0000099012,1,0.966594,1
T_0000099044,1,0.140473,0
T_0000099094,0,0.124626,0
T_0000099100,1,0.918940,1
T_0000099104,0,0.074730,0
T_0000099170,1,0.986049,1
T_0000099209,0,0.003812,0
T_0000099245,1,0.997872,1
T_0000099302,1,0.989844,1
T_0000099322,1,0.996525,1
T_0000099323,1,0.998347,1
T_0000099341,1,0.948324,1
T_0000099353,1,0.999261,1
T_0000099356,1,0.916545,1
T_0000099380,1,0.981824,1
T_0000099410,1,0.979755,1
T_0000099446,0,0.063189,0
T_0000099454,1,0.994028,1
T_0000099459,0,0.024073,0
T_0000099500,0,0.018375,0
T_0000099502,1,0.996260,1
T_0000099519,1,0.975952,1
T_0000099546,0,0.017152,0
T_0000099568,1,0.923250,1
T_0000099573,1,0.963592,1
T_0000099577,0,0.152436,0
T_0000099617,1,0.995217,1
T_0000099618,1,0.928682,1
T_0000099629,0,0.076489,0
T_0000099725,0,0.015107,0
T_0000099731,1,0.991206,1
T_0000099743,0,0.032114,0
T_0000099782,1,0.036024,0
T_0000099828,1,0.987291,1
T_0000099834,1,0.750506,1
T_0000099840,0,0.135908,0
T_0000099866,1,0.996797,1
T_0000099911,1,0.840708,1
T_0000099913,0,0.026177,0
T_0000099921,0,0.020702,0
T_0000099941,1,0.980883,1
T_0000099954,1,0.999111,1
T_0000099968,0,0.048381,0
T_0000100040,1,0.877977,1
T_0000100062,1,0.978203,1
T_0000100064,1,0.978614,1
T_0000100085,0,0.034552,0
T_0000100087,0,0.138617,0
T_0000100096,1,0.992329,1
T_0000100101,1,0.643983,1
T_0000100102,1,0.988441,1
T_0000100107,1,0.946740,1
T_0000100114,0,0.112611,0
T_0000100124,0,0.008085,0
T_0000100149,0,0.042297,0
T_0000100157,1,0.997627,1
T_0000100161,0,0.043361,0
T_0000100162,1,0.891882,1
T_0000100232,1,0.896749,1
T_0000100235,1,0.812730,1
T_0000100293,0,0.037514,0
T_0000100340,0,0.026679,0
T_0000100349,1,0.985084,1
T_0000100367,1,0.987563,1
T_0000100425,0,0.094183,0
T_0000100433,0,0.014915,0
T_0000100438,1,0.995089,1
T_0000100452,1,0.983571,1
T_0000100456,1,0.981559,1
T_0000100483,1,0.924186,1
T_0000100515,1,0.071639,0
T_0000100516,0,0.044550,0
T_0000100521,1,0.038229,0
T_0000100593,0,0.117347,0
T_0000100596,1,0.995548,1
T_0000100602,1,0.961781,1
T_0000100610,0,0.026315,0
T_0000100654,1,0.452740,1
T_0000100672,1,0.998056,1
T_0000100700,0,0.030837,0
T_0000100710,0,0.004989,0
T_0000100712,1,0.941206,1
T_0000100762,0,0.016968,0
T_0000100824,0,0.009297,0
T_0000100830,1,0.403218,1
T_0000100839,1,0.986632,1
T_0000100872,1,0.993293,1
T_0000100891,0,0.018591,0
T_0000100927,0,0.074191,0
T_0000100932,1,0.343119,1
T_0000100943,1,0.053537,0
T_0000100970,1,0.986430,1
T_0000100983,1,0.991969,1
T_0000101000,1,0.973001,1
T_0000101036,1,0.016898,0
T_0000101052,1,0.983617,1
T_0000101063,1,0.977802,1
T_0000101068,1,0.984851,1
T_0000101083,1,0.989836,1
T_0000101146,1,0.137334,0
T_0000101164,1,0.998381,1
T_0000101195,0,0.011862,0
T_0000101219,0,0.025623,0
T_0000101229,1,0.994114,1
T_0000101255,1,0.993245,1
T_0000101273,0,0.091829,0
T_0000101278,1,0.977301,1
T_0000101285,1,0.998873,1
T_0000101305,1,0.898144,1
T_0000101354,0,0.120092,0
T_0000101358,1,0.895118,1
T_0000101360,0,0.029306,0
T_0000101367,1,0.971686,1
T_0000101398,1,0.998371,1
T_0000101416,1,0.990976,1
T_0000101421,1,0.981381,1
T_0000101453,0,0.019296,0
T_0000101493,0,0.054122,0
T_0000101496,1,0.996339,1
T_0000101559,1,0.700845,1
T_0000101591,0,0.167231,0
T_0000101647,1,0.951247,1
T_0000101654,1,0.984786,1
T_0000101699,0,0.088611,0
T_0000101703,1,0.991785,1
T_0000101710,1,0.997392,1
T_0000101742,1,0.854950,1
T_0000101745,1,0.898450,1
T_0000101747,0,0.189683,0
T_0000101751,1,0.975468,1
T_0000101762,0,0.005892,0
T_0000101783,1,0.546475,1
T_0000101803,0,0.092164,0
T_0000101826,1,0.984411,1
T_0000101847,0,0.018072,0
T_0000101879,1,0.994343,1
T_0000101913,0,0.208395,0
T_0000101921,1,0.983040,1
T_0000101924,0,0.055349,0
T_0000101932,1,0.627910,1
T_0000102000,1,0.996755,1
T_0000102009,0,0.011809,0
T_0000102052,1,0.981519,1
T_0000102077,1,0.999437,1
T_0000102084,0,0.019636,0
T_0000102086,1,0.995166,1
T_0000102141,1,0.110915,0
T_0000102190,0,0.027949,0
T_0000102223,1,0.308245,1
T_0000102242,1,0.296759,1
T_0000102276,1,0.974119,1
T_0000102293,1,0.303404,1
T_0000102306,1,0.996329,1
T_0000102352,1,0.988617,1
T_0000102399,1,0.991645,1
T_0000102430,1,0.166064,0
T_0000102462,1,0.998472,1
T_0000102466,1,0.993922,1
T_0000102478,1,0.997423,1
T_0000102520,1,0.978003,1
T_0000102554,1,0.986123,1
T_0000102594,1,0.998216,1
T_0000102608,1,0.989636,1
T_0000102689,0,0.165169,0
T_0000102696,1,0.546627,1
T_0000102733,0,0.013108,0
T_0000102734,1,0.241738,0
T_0000102754,0,0.069767,0
T_0000102793,1,0.974234,1
T_0000102809,0,0.076143,0
T_0000102820,1,0.478070,1
T_0000102845,1,0.998389,1
T_0000102867,1,0.979467,1
T_0000102872,0,0.154210,0
T_0000102874,1,0.984745,1
T_0000102888,1,0.996580,1
T_0000102934,1,0.745230,1
T_0000103010,1,0.429024,1
T_0000103015,1,0.024919,0
T_0000103050,1,0.991489,1
T_0000103073,1,0.037909,0
T_0000103085,1,0.093517,0
T_0000103094,1,0.987219,1
T_0000103151,1,0.965359,1
T_0000103157,1,0.988408,1
T_0000103217,1,0.999018,1
T_0000103236,0,0.033046,0
T_0000103249,1,0.992540,1
T_0000103286,1,0.101537,0
T_0000103371,0,0.090888,0
T_0000103374,0,0.040874,0
T_0000103380,0,0.065713,0
T_0000103411,0,0.028874,0
T_0000103416,1,0.992160,1
T_0000103436,0,0.060281,0
T_0000103453,1,0.980864,1
T_0000103465,1,0.976809,1
T_0000103535,1,0.994994,1
T_0000103554,1,0.978281,1
T_0000103560,1,0.090772,0
T_0000103589,0,0.092302,0
T_0000103595,0,0.223788,0
T_0000103628,1,0.886325,1
T_0000103644,1,0.971718,1
T_0000103657,0,0.037449,0
T_0000103669,1,0.985496,1
T_0000103708,0,0.019133,0
T_0000103749,1,0.871530,1
T_0000103767,0,0.055515,0
T_0000103773,1,0.987988,1
T_0000103801,1,0.997568,1
T_0000103830,0,0.069615,0
T_0000103880,1,0.981280,1
T_0000103902,1,0.993751,1
T_0000103951,1,0.902975,1
T_0000103964,1,0.967630,1
T_0000103971,1,0.949975,1
T_0000103983,1,0.938691,1
T_0000104037,1,0.995461,1
T_0000104051,0,0.093857,0
T_0000104059,1,0.993955,1
T_0000104089,1,0.982366,1
T_0000104159,1,0.998347,1
T_0000104160,0,0.026877,0
T_0000104263,1,0.992060,1
T_0000104266,0,0.008844,0
T_0000104267,0,0.067880,0
T_0000104288,0,0.035031,0
T_0000104289,0,0.136954,0
T_0000104297,0,0.129820,0
T_0000104299,1,0.989351,1
T_0000104312,1,0.993459,1
T_0000104332,1,0.969639,1
T_0000104339,1,0.995238,1
T_0000104341,0,0.070499,0
T_0000104342,0,0.015661,0
T_0000104366,0,0.020948,0
T_0000104423,1,0.987312,1
T_0000104455,1,0.971430,1
T_0000104466,0,0.013488,0
T_0000104473,1,0.981329,1
T_0000104478,0,0.247567,0
T_0000104482,1,0.994717,1
T_0000104508,0,0.898756,1
T_0000104533,1,0.995720,1
T_0000104535,1,0.502474,1
T_0000104538,1,0.986107,1
T_0000104563,1,0.991588,1
T_0000104569,1,0.998090,1
T_0000104572,1,0.997804,1
T_0000104588,1,0.849527,1
T_0000104593,0,0.049307,0
T_0000104595,1,0.993574,1
T_0000104740,1,0.994221,1
T_0000104765,1,0.999319,1
T_0000104785,0,0.192881,0
T_0000104852,0,0.048631,0
T_0000104853,0,0.027874,0
T_0000104869,1,0.614701,1
T_0000104909,1,0.988897,1
T_0000104926,0,0.078479,0
T_0000104951,1,0.315942,1
T_0000104963,0,0.098753,0
T_0000104967,1,0.958605,1
T_0000104980,1,0.997998,1
T_0000104985,0,0.013047,0
T_0000104993,0,0.016304,0
T_0000105018,1,0.987609,1
T_0000105025,0,0.045674,0
T_0000105032,1,0.964703,1
T_0000105033,1,0.991939,1
T_0000105035,1,0.737042,1
T_0000105065,1,0.993561,1
T_0000105067,1,0.960300,1
T_0000105088,1,0.987552,1
T_0000105124,1,0.314930,1
T_0000105144,1,0.642281,1
T_0000105157,0,0.053172,0
T_0000105178,1,0.982006,1
T_0000105197,0,0.199917,0
T_0000105239,1,0.980728,1
T_0000105243,1,0.999250,1
T_0000105249,0,0.128731,0
T_0000105250,1,0.994857,1
T_0000105258,1,0.778626,1
T_0000105266,0,0.242478,0
T_0000105268,1,0.992402,1
T_0000105274,0,0.187842,0
T_0000105277,1,0.978311,1
T_0000105311,1,0.997583,1
T_0000105364,1,0.971702,1
T_0000105427,0,0.079510,0
T_0000105506,1,0.321600,1
T_0000105509,1,0.959916,1
T_0000105548,0,0.019179,0
T_0000105558,1,0.996294,1
T_0000105584,0,0.053229,0
T_0000105661,1,0.988642,1
T_0000105692,1,0.999098,1
T_0000105701,1,0.963593,1
T_0000105705,1,0.982013,1
T_0000105713,0,0.064927,0
T_0000105735,1,0.989675,1
T_0000105755,1,0.970483,1
T_0000105757,0,0.017371,0
T_0000105768,1,0.999084,1
T_0000105782,1,0.994621,1
T_0000105790,1,0.995707,1
T_0000105818,0,0.008043,0
T_0000105901,1,0.994592,1
T_0000105911,0,0.013868,0
T_0000105914,1,0.994519,1
T_0000105929,1,0.997059,1
T_0000105931,1,0.983050,1
T_0000105932,1,0.992420,1
T_0000105939,1,0.993751,1
T_0000105994,1,0.990792,1
T_0000106020,0,0.067091,0
T_0000106052,1,0.988590,1
T_0000106075,1,0.958221,1
T_0000106096,1,0.988325,1
T_0000106133,1,0.991731,1
T_0000106149,0,0.016018,0
T_0000106197,1,0.995695,1
T_0000106200,0,0.130067,0
T_0000106215,1,0.995171,1
T_0000106218,1,0.987561,1
T_0000106229,1,0.990157,1
T_0000106231,1,0.716860,1
T_0000106234,0,0.012519,0
T_0000106238,0,0.013730,0
T_0000106276,1,0.939290,1
T_0000106288,1,0.917489,1
T_0000106328,1,0.994410,1
T_0000106330,0,0.030926,0
T_0000106336,0,0.027630,0
T_0000106341,1,0.954207,1
T_0000106360,1,0.990804,1
T_0000106373,0,0.063230,0
T_0000106376,1,0.941678,1
T_0000106378,1,0.984375,1
T_0000106380,0,0.033167,0
T_0000106384,1,0.981017,1
T_0000106400,1,0.996523,1
T_0000106402,0,0.040130,0
T_0000106426,1,0.965327,1
T_0000106432,1,0.991694,1
T_0000106446,1,0.659476,1
T_0000106509,1,0.986101,1
T_0000106534,1,0.103074,0
T_0000106535,1,0.891041,1
T_0000106550,1,0.897160,1
T_0000106572,1,0.994000,1
T_0000106581,1,0.440756,1
T_0000106587,1,0.999068,1
T_0000106612,0,0.003672,0
T_0000106625,0,0.043750,0
T_0000106658,0,0.030861,0
T_0000106664,0,0.075841,0
T_0000106732,0,0.079523,0
T_0000106794,0,0.145777,0
T_0000106802,1,0.995352,1
T_0000106808,0,0.061795,0
T_0000106814,1,0.993897,1
T_0000106815,0,0.096124,0
T_0000106921,1,0.857990,1
T_0000106942,1,0.942459,1
T_0000106946,1,0.168228,0
T_0000106953,1,0.995686,1
T_0000106989,1,0.998161,1
T_0000107118,0,0.099269,0
T_0000107138,1,0.995318,1
T_0000107146,1,0.998098,1
T_0000107156,1,0.759825,1
T_0000107189,1,0.598084,1
T_0000107244,1,0.988608,1
T_0000107245,1,0.998921,1
T_0000107276,1,0.999292,1
T_0000107305,0,0.052111,0
T_0000107347,1,0.993663,1
T_0000107408,1,0.966720,1
T_0000107440,0,0.031185,0
T_0000107458,0,0.075119,0
T_0000107491,0,0.049267,0
T_0000107505,1,0.969316,1
T_0000107506,0,0.545909,1
T_0000107545,1,0.969732,1
T_0000107546,0,0.015114,0
T_0000107578,0,0.050824,0
T_0000107588,1,0.992715,1
T_0000107594,0,0.042578,0
T_0000107603,0,0.058878,0
T_0000107614,0,0.223413,0
T_0000107636,1,0.991384,1
T_0000107650,1,0.992875,1
T_0000107660,1,0.774618,1
T_0000107732,1,0.992879,1
T_0000107754,1,0.972888,1
T_0000107755,1,0.981292,1
T_0000107777,1,0.866197,1
T_0000107812,1,0.993707,1
T_0000107836,1,0.997394,1
T_0000107838,1,0.994377,1
T_0000107894,1,0.965877,1
T_0000107898,1,0.991384,1
T_0000107936,1,0.652057,1
T_0000107974,1,0.996211,1
T_0000108000,0,0.041456,0
T_0000108011,0,0.011188,0
T_0000108036,0,0.036000,0
T_0000108079,1,0.859623,1
T_0000108094,1,0.979129,1
T_0000108110,1,0.163798,0
T_0000108149,1,0.600239,1
T_0000108160,1,0.991883,1
T_0000108166,1,0.996399,1
T_0000108222,1,0.872832,1
T_0000108231,1,0.997099,1
T_0000108236,0,0.012031,0
T_0000108242,1,0.988301,1
T_0000108256,0,0.037948,0
T_0000108271,0,0.081435,0
T_0000108288,0,0.060389,0
T_0000108343,1,0.987525,1
T_0000108345,1,0.985521,1
T_0000108362,1,0.979469,1
T_0000108449,1,0.997656,1
T_0000108487,1,0.993718,1
T_0000108493,0,0.101510,0
T_0000108515,0,0.010448,0
T_0000108530,1,0.876827,1
T_0000108557,1,0.661365,1
T_0000108562,0,0.170696,0
T_0000108571,0,0.120602,0
T_0000108579,0,0.039025,0
T_0000108591,1,0.992855,1
T_0000108620,0,0.076916,0
T_0000108631,0,0.125936,0
T_0000108646,0,0.061760,0
T_0000108703,1,0.999262,1
T_0000108734,1,0.250575,1
T_0000108742,1,0.990421,1
T_0000108760,1,0.998056,1
T_0000108785,0,0.058334,0
T_0000108797,1,0.995729,1
T_0000108800,1,0.985039,1
T_0000108801,1,0.965114,1
T_0000108850,0,0.063039,0
T_0000108852,1,0.904946,1
T_0000108859,0,0.007469,0
T_0000108880,0,0.349132,1
T_0000108921,1,0.235610,0
T_0000108947,1,0.986713,1
T_0000109078,1,0.996945,1
T_0000109083,0,0.116078,0
T_0000109088,1,0.990236,1
T_0000109100,1,0.993135,1
T_0000109101,1,0.973038,1
T_0000109104,0,0.027334,0
T_0000109169,0,0.032939,0
T_0000109177,1,0.979195,1
T_0000109190,1,0.115971,0
T_0000109212,1,0.422977,1
T_0000109221,1,0.340179,1
T_0000109238,0,0.044421,0
T_0000109257,1,0.998111,1
T_0000109268,0,0.021488,0
T_0000109275,0,0.145903,0
T_0000109287,1,0.705095,1
T_0000109294,1,0.980827,1
T_0000109323,1,0.786862,1
T_0000109349,0,0.046649,0
T_0000109377,1,0.538558,1
T_0000109381,0,0.136933,0
T_0000109388,1,0.822614,1
T_0000109402,0,0.067198,0
T_0000109403,0,0.006012,0
T_0000109413,1,0.972450,1
T_0000109417,0,0.094442,0
T_0000109446,0,0.009021,0
T_0000109458,1,0.986959,1
T_0000109477,1,0.909098,1
T_0000109489,0,0.118994,0
T_0000109512,1,0.164594,0
T_0000109566,1,0.972529,1
T_0000109573,0,0.019406,0
T_0000109581,1,0.944780,1
T_0000109596,1,0.099283,0
T_0000109642,0,0.088183,0
T_0000109648,1,0.982141,1
T_0000109662,1,0.987841,1
T_0000109669,1,0.999155,1
T_0000109677,1,0.992435,1
T_0000109732,1,0.995858,1
T_0000109794,1,0.992244,1
T_0000109823,1,0.993041,1
T_0000109827,0,0.047924,0
T_0000109856,1,0.995129,1
T_0000109867,1,0.925198,1
T_0000109872,1,0.990233,1
T_0000109901,1,0.881220,1
T_0000109912,1,0.959906,1
T_0000109914,1,0.166189,0
T_0000109927,1,0.894673,1
T_0000109936,0,0.091032,0
T_0000109959,1,0.998185,1
T_0000110036,1,0.984812,1
T_0000110106,1,0.989576,1
T_0000110113,0,0.175957,0
T_0000110131,1,0.998820,1
T_0000110149,1,0.995827,1
T_0000110175,0,0.139895,0
T_0000110184,0,0.150492,0
T_0000110188,1,0.996199,1
T_0000110196,0,0.020917,0
T_0000110232,1,0.967898,1
T_0000110246,0,0.009443,0
T_0000110247,1,0.994847,1
T_0000110298,1,0.879370,1
T_0000110344,1,0.949884,1
T_0000110356,1,0.992175,1
T_0000110406,1,0.995708,1
T_0000110455,0,0.133468,0
T_0000110456,0,0.194008,0
T_0000110493,1,0.972325,1
T_0000110510,0,0.048077,0
T_0000110516,0,0.024123,0
T_0000110595,1,0.990718,1
T_0000110640,1,0.981934,1
T_0000110675,1,0.967732,1
T_0000110723,1,0.891090,1
T_0000110754,1,0.998829,1
T_0000110768,1,0.070861,0
T_0000110784,1,0.989361,1
T_0000110850,1,0.700645,1
T_0000110888,1,0.119155,0
T_0000110889,1,0.996579,1
T_0000110928,1,0.995242,1
T_0000110949,0,0.074499,0
T_0000110970,1,0.956474,1
T_0000110995,1,0.995718,1
T_0000111059,1,0.982678,1
T_0000111061,1,0.987610,1
T_0000111080,1,0.839431,1
T_0000111138,1,0.986863,1
T_0000111147,1,0.882154,1
T_0000111155,1,0.985904,1
T_0000111161,0,0.020692,0
T_0000111164,1,0.997630,1
T_0000111177,1,0.996517,1
T_0000111201,0,0.034784,0
T_0000111273,1,0.991379,1
T_0000111280,0,0.164033,0
T_0000111297,1,0.999819,1
T_0000111314,1,0.923727,1
T_0000111328,0,0.061264,0
T_0000111332,0,0.058355,0
T_0000111352,0,0.026598,0
T_0000111381,1,0.350869,1
T_0000111385,1,0.642200,1
T_0000111407,1,0.109007,0
T_0000111432,1,0.998642,1
T_0000111435,0,0.004509,0
T_0000111524,1,0.998062,1
T_0000111538,0,0.080130,0
T_0000111560,0,0.025660,0
T_0000111609,1,0.923265,1
T_0000111618,0,0.045513,0
T_0000111636,0,0.014431,0
T_0000111643,0,0.081676,0
T_0000111677,0,0.341539,1
T_0000111682,1,0.988530,1
T_0000111743,0,0.031642,0
T_0000111762,1,0.986064,1
T_0000111773,0,0.035267,0
T_0000111778,1,0.972305,1
T_0000111798,1,0.780283,1
T_0000111851,0,0.228200,0
T_0000111858,0,0.041345,0
T_0000111875,1,0.988983,1
T_0000111888,1,0.977977,1
T_0000111924,1,0.965712,1
T_0000111925,1,0.997408,1
T_0000111954,1,0.998208,1
T_0000111989,1,0.978621,1
T_0000112000,0,0.058457,0
T_0000112006,0,0.075776,0
T_0000112062,1,0.991451,1
T_0000112096,1,0.980224,1
T_0000112109,1,0.987078,1
T_0000112148,0,0.050226,0
T_0000112160,1,0.984639,1
T_0000112181,0,0.014436,0
T_0000112197,0,0.079936,0
T_0000112253,1,0.992776,1
T_0000112260,0,0.123984,0
T_0000112270,0,0.036193,0
T_0000112272,1,0.988960,1
T_0000112301,1,0.980115,1
T_0000112327,1,0.749433,1
T_0000112328,1,0.255061,1
T_0000112355,1,0.983857,1
T_0000112363,1,0.994369,1
T_0000112387,0,0.035588,0
T_0000112414,0,0.037811,0
T_0000112430,1,0.985284,1
T_0000112466,1,0.860807,1
T_0000112485,1,0.973287,1
T_0000112504,1,0.970712,1
T_0000112521,1,0.996141,1
T_0000112530,1,0.089117,0
T_0000112531,1,0.993833,1
T_0000112556,1,0.992812,1
T_0000112562,0,0.097361,0
T_0000112594,1,0.974518,1
T_0000112595,1,0.928448,1
T_0000112654,1,0.993963,1
T_0000112659,1,0.990681,1
T_0000112676,0,0.076793,0
T_0000112681,0,0.099003,0
T_0000112695,0,0.006110,0
T_0000112696,1,0.996613,1
T_0000112699,1,0.097058,0
T_0000112708,1,0.994842,1
T_0000112710,1,0.567720,1
T_0000112713,1,0.905947,1
T_0000112766,1,0.963933,1
T_0000112780,1,0.991012,1
T_0000112790,1,0.931095,1
T_0000112805,0,0.033229,0
T_0000112810,1,0.965281,1
T_0000112829,0,0.068101,0
T_0000112861,1,0.977633,1
T_0000112869,1,0.961355,1
T_0000112952,1,0.499326,1
T_0000112961,1,0.995407,1
T_0000112978,1,0.988961,1
T_0000112983,1,0.997731,1
T_0000113015,1,0.947093,1
T_0000113032,0,0.200378,0
T_0000113042,0,0.027682,0
T_0000113044,0,0.118855,0
T_0000113078,1,0.456086,1
T_0000113203,0,0.229164,0
T_0000113262,0,0.079570,0
T_0000113265,1,0.933731,1
T_0000113273,1,0.101946,0
T_0000113289,0,0.093826,0
T_0000113293,0,0.055484,0
T_0000113346,0,0.048295,0
T_0000113407,1,0.989317,1
T_0000113431,1,0.974222,1
T_0000113450,0,0.081193,0
T_0000113478,0,0.047379,0
T_0000113479,1,0.074974,0
T_0000113502,1,0.993806,1
T_0000113514,1,0.996939,1
T_0000113523,0,0.008630,0
T_0000113568,1,0.987353,1
T_0000113571,1,0.887663,1
T_0000113585,1,0.997482,1
T_0000113602,0,0.027366,0
T_0000113649,0,0.028790,0
T_0000113664,1,0.875117,1
T_0000113760,0,0.018368,0
T_0000113771,1,0.808225,1
T_0000113775,1,0.914652,1
T_0000113810,1,0.986896,1
T_0000113812,0,0.022650,0
T_0000113839,0,0.037620,0
T_0000113844,1,0.968107,1
T_0000113847,1,0.024606,0
T_0000113855,1,0.954885,1
T_0000113884,1,0.922724,1
T_0000113922,0,0.121052,0
T_0000114019,0,0.018122,0
T_0000114038,1,0.964476,1
T_0000114080,0,0.038000,0
T_0000114085,1,0.974908,1
T_0000114087,0,0.118962,0
T_0000114134,0,0.077932,0
T_0000114151,1,0.990803,1
T_0000114158,1,0.901315,1
T_0000114170,0,0.161784,0
T_0000114185,1,0.993839,1
T_0000114198,0,0.070608,0
T_0000114258,0,0.083317,0
T_0000114261,1,0.121093,0
T_0000114280,1,0.995090,1
T_0000114285,1,0.950425,1
T_0000114288,1,0.990549,1
T_0000114310,1,0.979073,1
T_0000114317,1,0.992924,1
T_0000114322,0,0.043387,0
T_0000114337,0,0.080436,0
T_0000114366,1,0.980175,1
T_0000114395,1,0.895351,1
T_0000114420,1,0.680818,1
T_0000114441,0,0.109299,0
T_0000114476,0,0.024999,0
T_0000114478,0,0.040389,0
T_0000114517,1,0.990975,1
T_0000114533,1,0.105507,0
T_0000114544,1,0.087359,0
T_0000114569,1,0.487203,1
T_0000114589,1,0.271318,1
T_0000114592,0,0.083393,0
T_0000114603,1,0.989885,1
T_0000114640,0,0.047331,0
T_0000114669,1,0.991158,1
T_0000114706,1,0.993514,1
T_0000114709,1,0.868080,1
T_0000114716,1,0.996376,1
T_0000114736,1,0.966592,1
T_0000114756,1,0.556040,1
T_0000114766,0,0.031528,0
T_0000114787,1,0.986455,1
T_0000114808,1,0.095039,0
T_0000114819,0,0.035897,0
T_0000114863,1,0.964323,1
T_0000114875,1,0.974590,1
T_0000114879,1,0.996157,1
T_0000114913,1,0.997937,1
T_0000114962,0,0.142908,0
T_0000114972,0,0.112919,0
T_0000114998,0,0.019031,0
T_0000115000,1,0.213743,0
T_0000115027,1,0.613820,1
T_0000115029,0,0.020011,0
T_0000115043,1,0.380274,1
T_0000115052,1,0.967239,1
T_0000115071,0,0.041366,0
T_0000115109,0,0.005581,0
T_0000115150,0,0.042343,0
T_0000115174,0,0.069329,0
T_0000115205,1,0.972146,1
T_0000115206,0,0.111283,0
T_0000115209,0,0.077744,0
T_0000115212,1,0.966984,1
T_0000115218,0,0.151156,0
T_0000115247,1,0.987445,1
T_0000115263,1,0.869700,1
T_0000115271,0,0.007798,0
T_0000115322,0,0.030599,0
T_0000115332,1,0.997105,1
T_0000115355,1,0.983887,1
T_0000115364,0,0.046670,0
T_0000115369,1,0.984241,1
T_0000115400,0,0.046252,0
T_0000115404,0,0.080510,0
T_0000115447,1,0.988348,1
T_0000115449,0,0.018688,0
T_0000115452,1,0.993608,1
T_0000115454,0,0.060897,0
T_0000115459,0,0.048375,0
T_0000115497,1,0.989973,1
T_0000115537,1,0.995134,1
T_0000115556,1,0.994284,1
T_0000115575,1,0.971253,1
T_0000115577,1,0.935708,1
T_0000115600,0,0.037848,0
T_0000115618,1,0.994913,1
T_0000115620,0,0.012238,0
T_0000115630,1,0.966816,1
T_0000115652,1,0.859842,1
T_0000115654,0,0.055296,0
T_0000115673,1,0.997627,1
T_0000115674,1,0.984583,1
T_0000115713,1,0.958074,1
T_0000115729,1,0.985702,1
T_0000115747,1,0.219123,0
T_0000115762,1,0.972348,1
T_0000115792,0,0.038615,0
T_0000115898,1,0.330984,1
T_0000115917,1,0.132317,0
T_0000115918,1,0.903182,1
T_0000115952,1,0.996002,1
T_0000115997,1,0.047014,0
T_0000116019,0,0.099878,0
T_0000116058,1,0.970612,1
T_0000116080,1,0.989935,1
T_0000116098,1,0.908275,1
T_0000116113,0,0.038792,0
T_0000116138,1,0.995319,1
T_0000116139,1,0.996977,1
T_0000116148,1,0.980562,1
T_0000116153,1,0.917456,1
T_0000116174,1,0.997190,1
T_0000116177,1,0.975397,1
T_0000116178,0,0.357174,1
T_0000116181,1,0.998532,1
T_0000116218,1,0.992574,1
T_0000116221,0,0.337008,1
T_0000116235,1,0.669369,1
T_0000116236,0,0.068731,0
T_0000116242,1,0.991385,1
T_0000116294,1,0.995101,1
T_0000116308,1,0.053325,0
T_0000116309,1,0.155683,0
T_0000116341,1,0.371169,1
T_0000116372,1,0.998835,1
T_0000116432,1,0.999598,1
T_0000116437,1,0.171964,0
T_0000116472,0,0.046458,0
T_0000116473,1,0.982432,1
T_0000116478,1,0.097504,0
T_0000116511,0,0.111841,0
T_0000116519,0,0.006823,0
T_0000116540,1,0.846015,1
T_0000116565,0,0.014853,0
T_0000116579,0,0.036413,0
T_0000116589,1,0.972349,1
T_0000116599,1,0.999428,1
T_0000116621,1,0.996183,1
T_0000116716,0,0.150638,0
T_0000116737,1,0.998280,1
T_0000116784,1,0.988559,1
T_0000116799,0,0.032037,0
T_0000116809,0,0.054854,0
T_0000116820,1,0.946418,1
T_0000116824,1,0.682381,1
T_0000116853,1,0.978055,1
T_0000116857,1,0.981250,1
T_0000116882,1,0.873453,1
T_0000116887,0,0.034004,0
T_0000116908,0,0.013223,0
T_0000116915,1,0.999107,1
T_0000116928,1,0.322741,1
T_0000116950,1,0.988209,1
T_0000116952,0,0.094024,0
T_0000116956,0,0.045832,0
T_0000116981,0,0.024757,0
T_0000117020,1,0.994439,1
T_0000117031,1,0.996483,1
T_0000117035,1,0.996660,1
T_0000117037,1,0.993163,1
T_0000117050,1,0.994418,1
T_0000117066,1,0.242759,0
T_0000117067,1,0.153445,0
T_0000117072,1,0.966376,1
T_0000117123,1,0.992183,1
T_0000117145,1,0.989320,1
T_0000117192,1,0.996752,1
T_0000117217,1,0.654761,1
T_0000117249,0,0.271284,1
T_0000117259,1,0.147231,0
T_0000117277,1,0.926382,1
T_0000117287,1,0.981563,1
T_0000117424,1,0.991366,1
T_0000117428,1,0.998621,1
T_0000117437,1,0.041299,0
T_0000117445,1,0.982675,1
T_0000117463,1,0.924898,1
T_0000117484,0,0.057043,0
T_0000117485,0,0.033201,0
T_0000117553,0,0.013873,0
T_0000117635,1,0.872329,1
T_0000117650,1,0.994615,1
T_0000117655,1,0.996123,1
T_0000117659,1,0.999466,1
T_0000117662,0,0.020050,0
T_0000117668,1,0.990321,1
T_0000117679,1,0.985989,1
T_0000117688,0,0.132832,0
T_0000117708,0,0.441749,1
T_0000117754,1,0.998180,1
T_0000117767,1,0.987453,1
T_0000117774,1,0.996166,1
T_0000117779,0,0.061419,0
T_0000117810,1,0.995294,1
T_0000117847,1,0.992664,1
T_0000117854,0,0.065617,0
T_0000117888,1,0.996604,1
T_0000117898,0,0.483844,1
T_0000117911,1,0.997237,1
T_0000117914,0,0.501228,1
T_0000117920,0,0.028966,0
T_0000117928,1,0.993855,1
T_0000117938,0,0.026781,0
T_0000117943,1,0.995923,1
T_0000118009,1,0.998627,1
T_0000118036,1,0.994031,1
T_0000118037,1,0.993226,1
T_0000118040,1,0.994684,1
T_0000118064,1,0.996750,1
T_0000118179,1,0.999516,1
T_0000118184,1,0.995176,1
T_0000118186,1,0.996104,1
T_0000118207,1,0.994827,1
T_0000118253,1,0.961680,1
T_0000118259,1,0.995773,1
T_0000118275,1,0.981077,1
T_0000118310,0,0.104658,0
T_0000118359,0,0.066886,0
T_0000118398,1,0.826844,1
T_0000118404,1,0.992980,1
T_0000118410,1,0.902515,1
T_0000118473,0,0.017335,0
T_0000118481,1,0.793599,1
T_0000118501,0,0.013294,0
T_0000118503,1,0.818448,1
T_0000118527,1,0.998277,1
T_0000118631,1,0.917859,1
T_0000118642,0,0.024144,0
T_0000118649,1,0.977313,1
T_0000118675,1,0.215780,0
T_0000118711,1,0.953929,1
T_0000118713,0,0.046055,0
T_0000118720,1,0.994190,1
T_0000118735,1,0.991316,1
T_0000118773,1,0.950497,1
T_0000118786,0,0.067705,0
T_0000118807,1,0.948871,1
T_0000118819,1,0.992191,1
T_0000118865,1,0.999162,1
T_0000118898,1,0.995014,1
T_0000118938,0,0.045119,0
T_0000118944,0,0.011154,0
T_0000119021,1,0.992030,1
T_0000119040,1,0.996582,1
T_0000119066,0,0.043692,0
T_0000119068,0,0.044137,0
T_0000119081,0,0.029399,0
T_0000119093,1,0.970532,1
T_0000119096,0,0.061034,0
T_0000119127,1,0.983978,1
T_0000119128,1,0.955959,1
T_0000119131,1,0.989997,1
T_0000119189,1,0.995932,1
T_0000119216,0,0.029128,0
T_0000119220,1,0.412811,1
T_0000119227,0,0.041993,0
T_0000119243,0,0.020062,0
T_0000119264,0,0.017664,0
T_0000119278,1,0.999338,1
T_0000119333,0,0.027355,0
T_0000119371,1,0.990181,1
T_0000119385,0,0.154720,0
T_0000119404,1,0.998487,1
T_0000119409,1,0.962990,1
T_0000119418,1,0.994401,1
T_0000119443,1,0.995648,1
T_0000119457,1,0.985554,1
T_0000119461,1,0.988618,1
T_0000119486,0,0.015403,0
T_0000119506,0,0.047596,0
T_0000119513,0,0.053477,0
T_0000119534,0,0.015613,0
T_0000119540,1,0.996242,1
T_0000119543,0,0.009645,0
T_0000119555,1,0.987942,1
T_0000119590,0,0.009927,0
T_0000119649,1,0.994231,1
T_0000119656,1,0.261333,1
T_0000119678,1,0.989253,1
T_0000119720,1,0.968504,1
T_0000119727,1,0.909050,1
T_0000119728,1,0.985859,1
T_0000119770,1,0.997986,1
T_0000119772,0,0.099666,0
T_0000119820,1,0.999293,1
T_0000119831,0,0.088913,0
T_0000119847,1,0.978068,1
T_0000119915,1,0.990532,1
T_0000119931,1,0.996267,1
T_0000119965,1,0.985701,1
T_0000119969,1,0.984767,1
T_0000119989,1,0.969547,1
T_0000119997,1,0.767595,1
T_0000120022,1,0.999134,1
T_0000120144,1,0.992830,1
T_0000120147,0,0.128276,0
T_0000120148,1,0.942529,1
T_0000120150,1,0.989922,1
T_0000120169,1,0.258610,1
T_0000120194,1,0.068011,0
T_0000120237,1,0.981750,1
T_0000120268,1,0.997175,1
T_0000120292,0,0.070534,0
T_0000120306,0,0.049606,0
T_0000120309,1,0.834005,1
T_0000120329,0,0.013253,0
T_0000120393,1,0.894756,1
T_0000120432,1,0.997930,1
T_0000120459,0,0.062796,0
T_0000120466,0,0.029017,0
T_0000120489,1,0.980693,1
T_0000120504,0,0.029654,0
T_0000120555,1,0.991889,1
T_0000120568,1,0.779845,1
T_0000120603,0,0.049932,0
T_0000120608,1,0.093503,0
T_0000120677,0,0.273865,1
T_0000120693,1,0.993306,1
T_0000120705,0,0.031944,0
T_0000120716,0,0.038276,0
T_0000120718,1,0.988643,1
T_0000120720,1,0.993766,1
T_0000120736,1,0.779276,1
T_0000120749,1,0.967965,1
T_0000120758,0,0.028368,0
T_0000120828,1,0.993922,1
T_0000120838,0,0.069706,0
T_0000120856,1,0.996228,1
T_0000120865,1,0.994218,1
T_0000120879,0,0.046319,0
T_0000120896,1,0.938045,1
T_0000120931,1,0.968170,1
T_0000120935,1,0.731238,1
T_0000120977,1,0.787679,1
T_0000120988,1,0.158572,0
T_0000121014,0,0.019108,0
T_0000121020,1,0.992366,1
T_0000121040,1,0.942943,1
T_0000121043,0,0.041621,0
T_0000121052,1,0.995108,1
T_0000121123,0,0.013326,0
T_0000121223,0,0.074022,0
T_0000121232,1,0.923842,1
T_0000121236,1,0.999129,1
T_0000121237,0,0.012459,0
T_0000121274,0,0.015141,0
T_0000121291,1,0.992412,1
T_0000121296,1,0.986130,1
T_0000121312,1,0.070525,0
T_0000121371,0,0.057555,0
T_0000121421,1,0.973634,1
T_0000121433,0,0.047347,0
T_0000121444,1,0.450468,1
T_0000121454,1,0.994404,1
T_0000121456,0,0.094458,0
T_0000121490,0,0.127072,0
T_0000121502,0,0.136552,0
T_0000121506,1,0.836621,1
T_0000121515,1,0.982459,1
T_0000121594,1,0.998228,1
T_0000121600,1,0.742910,1
T_0000121605,1,0.998364,1
T_0000121630,0,0.064924,0
T_0000121649,1,0.983252,1
T_0000121667,0,0.020472,0
T_0000121717,1,0.999286,1
T_0000121738,1,0.911823,1
T_0000121771,0,0.091932,0
T_0000121802,1,0.210219,0
T_0000121823,1,0.999421,1
T_0000121826,1,0.994698,1
T_0000121828,1,0.992719,1
T_0000121899,1,0.992047,1
T_0000121918,1,0.731111,1
T_0000121945,1,0.996214,1
T_0000121948,1,0.674178,1
T_0000121958,1,0.998372,1
T_0000121983,1,0.904182,1
T_0000121998,1,0.870831,1
T_0000122039,1,0.883154,1
T_0000122040,1,0.896551,1
T_0000122053,0,0.053949,0
T_0000122078,1,0.286461,1
T_0000122080,1,0.987735,1
T_0000122099,1,0.974609,1
T_0000122134,0,0.121658,0
T_0000122172,1,0.989292,1
T_0000122177,0,0.051130,0
T_0000122203,1,0.997348,1
T_0000122225,0,0.077040,0
T_0000122246,0,0.016079,0
T_0000122269,1,0.218320,0
T_0000122278,0,0.040592,0
T_0000122295,1,0.993820,1
T_0000122307,1,0.996061,1
T_0000122333,0,0.055120,0
T_0000122354,1,0.958671,1
T_0000122404,0,0.032055,0
T_0000122413,1,0.993027,1
T_0000122474,1,0.991925,1
T_0000122512,1,0.024861,0
T_0000122552,1,0.986894,1
T_0000122601,0,0.138593,0
T_0000122645,1,0.959715,1
T_0000122666,1,0.982705,1
T_0000122705,0,0.076654,0
T_0000122753,0,0.064087,0
T_0000122804,1,0.103602,0
T_0000122865,1,0.846660,1
T_0000122869,1,0.992192,1
T_0000122899,0,0.040790,0
T_0000122936,1,0.975401,1
T_0000122958,1,0.970458,1
T_0000122999,1,0.993790,1
T_0000123005,1,0.970011,1
T_0000123040,0,0.015012,0
T_0000123056,1,0.966922,1
T_0000123059,1,0.972694,1
T_0000123067,1,0.102234,0
T_0000123075,1,0.996874,1
T_0000123106,0,0.051372,0
T_0000123217,1,0.982525,1
T_0000123234,1,0.217145,0
T_0000123252,1,0.961790,1
T_0000123255,0,0.086768,0
T_0000123275,1,0.989624,1
T_0000123280,1,0.989651,1
T_0000123336,1,0.962834,1
T_0000123357,1,0.284512,1
T_0000123371,0,0.035815,0
T_0000123374,1,0.986391,1
T_0000123397,1,0.992717,1
T_0000123399,0,0.012154,0
T_0000123401,0,0.091385,0
T_0000123416,1,0.910315,1
T_0000123434,1,0.976819,1
T_0000123442,1,0.999435,1
T_0000123451,1,0.997512,1
T_0000123457,1,0.897984,1
T_0000123460,1,0.996506,1
T_0000123521,1,0.837136,1
T_0000123565,1,0.984445,1
T_0000123577,1,0.993360,1
T_0000123582,1,0.997986,1
T_0000123586,1,0.274688,1
T_0000123595,1,0.063491,0
T_0000123605,1,0.999459,1
T_0000123609,1,0.957484,1
T_0000123662,1,0.998832,1
T_0000123672,0,0.237261,0
T_0000123685,1,0.995655,1
T_0000123699,0,0.069300,0
T_0000123720,1,0.997521,1
T_0000123724,0,0.023231,0
T_0000123768,1,0.187976,0
T_0000123828,1,0.995644,1
T_0000123864,1,0.993672,1
T_0000123907,0,0.048952,0
T_0000123912,1,0.993947,1
T_0000123920,0,0.102279,0
T_0000123937,1,0.526297,1
T_0000123956,1,0.354494,1
T_0000123962,1,0.073402,0
T_0000123982,1,0.183416,0
T_0000123994,1,0.997386,1
T_0000124015,1,0.955394,1
T_0000124070,1,0.902820,1
T_0000124076,1,0.583409,1
T_0000124089,1,0.984374,1
T_0000124149,1,0.997672,1
T_0000124200,1,0.140110,0
T_0000124273,1,0.999285,1
T_0000124288,0,0.057352,0
T_0000124365,1,0.865348,1
T_0000124368,1,0.996805,1
T_0000124377,1,0.986840,1
T_0000124387,1,0.807864,1
T_0000124413,0,0.069901,0
T_0000124434,1,0.989999,1
T_0000124495,1,0.984528,1
T_0000124504,1,0.995396,1
T_0000124523,1,0.986344,1
T_0000124533,0,0.150794,0
T_0000124568,1,0.988455,1
T_0000124592,1,0.988581,1
T_0000124606,1,0.960558,1
T_0000124608,1,0.849388,1
T_0000124624,1,0.663236,1
T_0000124631,0,0.118648,0
T_0000124655,1,0.949244,1
T_0000124670,1,0.971418,1
T_0000124715,0,0.031342,0
T_0000124717,0,0.084549,0
T_0000124817,1,0.780870,1
T_0000124885,1,0.985460,1
T_0000124886,0,0.026164,0
T_0000124923,1,0.968035,1
T_0000124933,0,0.013186,0
T_0000124952,0,0.033593,0
T_0000124970,1,0.990918,1
T_0000124971,1,0.994684,1
T_0000125039,1,0.966436,1
T_0000125046,1,0.978269,1
T_0000125074,1,0.396802,1
T_0000125082,0,0.019126,0
T_0000125097,1,0.959362,1
T_0000125118,1,0.976331,1
T_0000125146,1,0.938618,1
T_0000125175,1,0.997982,1
T_0000125178,1,0.989317,1
T_0000125186,0,0.024142,0
T_0000125228,1,0.998882,1
T_0000125253,0,0.033066,0
T_0000125265,1,0.960086,1
T_0000125284,0,0.029886,0
T_0000125299,1,0.985536,1
T_0000125336,1,0.737391,1
T_0000125338,1,0.620709,1
T_0000125382,1,0.939759,1
T_0000125440,1,0.995947,1
T_0000125446,1,0.992443,1
T_0000125447,1,0.983610,1
T_0000125522,1,0.956245,1
T_0000125523,1,0.990562,1
T_0000125526,1,0.990977,1
T_0000125529,1,0.986382,1
T_0000125548,1,0.986099,1
T_0000125568,1,0.992528,1
T_0000125595,1,0.994480,1
T_0000125597,0,0.060126,0
T_0000125599,1,0.989022,1
T_0000125607,0,0.078786,0
T_0000125609,1,0.995494,1
T_0000125631,1,0.983929,1
T_0000125645,0,0.020734,0
T_0000125687,1,0.988289,1
T_0000125765,0,0.009879,0
T_0000125819,0,0.061602,0
T_0000125855,1,0.150081,0
T_0000125862,0,0.034333,0
T_0000125870,1,0.139363,0
T_0000125914,1,0.985864,1
T_0000125924,0,0.132967,0
T_0000125945,1,0.997290,1
T_0000125974,1,0.995803,1
T_0000126008,1,0.998030,1
T_0000126043,1,0.382917,1
T_0000126082,0,0.104122,0
T_0000126093,0,0.041757,0
T_0000126129,1,0.991637,1
T_0000126154,1,0.950304,1
T_0000126155,1,0.944029,1
T_0000126173,1,0.056327,0
T_0000126175,1,0.922798,1
T_0000126200,1,0.986955,1
T_0000126210,1,0.967087,1
T_0000126214,1,0.995742,1
T_0000126257,1,0.994065,1
T_0000126265,1,0.316460,1
T_0000126302,0,0.033855,0
T_0000126308,0,0.044189,0
T_0000126315,0,0.156508,0
T_0000126317,0,0.089143,0
T_0000126341,1,0.995468,1
T_0000126378,0,0.000036,0
T_0000126382,1,0.915295,1
T_0000126422,1,0.991573,1
T_0000126437,1,0.898177,1
T_0000126471,1,0.439452,1
T_0000126555,1,0.833988,1
T_0000126561,1,0.994154,1
T_0000126583,1,0.932882,1
T_0000126595,1,0.995827,1
T_0000126611,1,0.995381,1
T_0000126648,0,0.078182,0
T_0000126677,1,0.390200,1
T_0000126678,1,0.995540,1
T_0000126686,0,0.058565,0
T_0000126688,1,0.339323,1
T_0000126705,0,0.037080,0
T_0000126712,1,0.902894,1
T_0000126728,1,0.991437,1
T_0000126762,1,0.980363,1
T_0000126763,1,0.993963,1
T_0000126816,1,0.997728,1
T_0000126833,0,0.168488,0
T_0000126842,1,0.970089,1
T_0000126848,0,0.057721,0
T_0000126859,0,0.065592,0
T_0000126883,1,0.971626,1
T_0000126890,0,0.032034,0
T_0000126899,1,0.983383,1
T_0000126939,1,0.872531,1
T_0000126993,1,0.979414,1
T_0000127003,1,0.497673,1
T_0000127016,1,0.960351,1
T_0000127025,1,0.971330,1
T_0000127030,1,0.350365,1
T_0000127056,0,0.012696,0
T_0000127093,1,0.988386,1
T_0000127119,1,0.551531,1
T_0000127171,1,0.036181,0
T_0000127172,1,0.964653,1
T_0000127208,1,0.993428,1
T_0000127235,0,0.003549,0
T_0000127273,1,0.993797,1
T_0000127275,0,0.011918,0
T_0000127279,0,0.043192,0
T_0000127310,1,0.943337,1
T_0000127311,1,0.844502,1
T_0000127363,0,0.054133,0
T_0000127376,1,0.991513,1
T_0000127472,1,0.990259,1
T_0000127474,0,0.042626,0
T_0000127485,0,0.038039,0
T_0000127494,1,0.922023,1
T_0000127513,1,0.923701,1
T_0000127522,1,0.978064,1
T_0000127523,0,0.071948,0
T_0000127529,0,0.081459,0
T_0000127575,1,0.934650,1
T_0000127611,1,0.909104,1
T_0000127659,1,0.994985,1
T_0000127669,1,0.959403,1
T_0000127687,1,0.999055,1
T_0000127712,0,0.138817,0
T_0000127738,0,0.053487,0
T_0000127746,1,0.993346,1
T_0000127752,1,0.967271,1
T_0000127774,1,0.322087,1
T_0000127785,0,0.259178,1
T_0000127807,0,0.021221,0
T_0000127817,1,0.307747,1
T_0000127876,1,0.328984,1
T_0000127916,1,0.069212,0
T_0000127923,1,0.948800,1
T_0000128016,0,0.009520,0
T_0000128029,0,0.026068,0
T_0000128045,1,0.989409,1
T_0000128089,1,0.994682,1
T_0000128101,1,0.983519,1
T_0000128121,1,0.078391,0
T_0000128128,1,0.781342,1
T_0000128172,1,0.942034,1
T_0000128177,1,0.991356,1
T_0000128210,0,0.042947,0
T_0000128235,1,0.996602,1
T_0000128269,1,0.714501,1
T_0000128291,1,0.999168,1
T_0000128306,1,0.997281,1
T_0000128314,1,0.920981,1
T_0000128330,1,0.990374,1
T_0000128343,0,0.098487,0
T_0000128357,1,0.971013,1
T_0000128409,0,0.038523,0
T_0000128412,1,0.997769,1
T_0000128416,1,0.966849,1
T_0000128441,0,0.025138,0
T_0000128500,0,0.030063,0
T_0000128522,1,0.389145,1
T_0000128544,1,0.966086,1
T_0000128598,0,0.093722,0
T_0000128626,1,0.305525,1
T_0000128629,1,0.990458,1
T_0000128653,0,0.007474,0
T_0000128675,1,0.286307,1
T_0000128681,1,0.993776,1
T_0000128696,1,0.996643,1
T_0000128706,1,0.182290,0
T_0000128734,1,0.988618,1
T_0000128811,1,0.199924,0
T_0000128858,1,0.955990,1
T_0000128869,1,0.988286,1
T_0000128882,1,0.736518,1
T_0000128903,0,0.016340,0
T_0000128904,1,0.989469,1
T_0000128912,0,0.224890,0
T_0000128923,1,0.681599,1
T_0000128950,1,0.771581,1
T_0000128982,1,0.912317,1
T_0000128988,1,0.668778,1
T_0000128994,1,0.997974,1
T_0000129036,0,0.124340,0
T_0000129102,1,0.975319,1
T_0000129130,0,0.027993,0
T_0000129136,0,0.035901,0
T_0000129181,1,0.992167,1
T_0000129203,1,0.995619,1
T_0000129230,1,0.989999,1
T_0000129233,1,0.983514,1
T_0000129258,0,0.046813,0
T_0000129275,0,0.021890,0
T_0000129306,1,0.991676,1
T_0000129308,0,0.105711,0
T_0000129318,1,0.960347,1
T_0000129320,1,0.969107,1
T_0000129350,0,0.065205,0
T_0000129379,1,0.986677,1
T_0000129424,1,0.989224,1
T_0000129428,0,0.051697,0
T_0000129430,0,0.009697,0
T_0000129445,1,0.928745,1
T_0000129448,0,0.033817,0
T_0000129456,0,0.062625,0
T_0000129500,1,0.773006,1
T_0000129517,1,0.990666,1
T_0000129540,0,0.062164,0
T_0000129574,0,0.042213,0
T_0000129586,0,0.022913,0
T_0000129599,1,0.991313,1
T_0000129625,0,0.013880,0
T_0000129650,0,0.014720,0
T_0000129656,0,0.047299,0
T_0000129664,0,0.104635,0
T_0000129669,1,0.935563,1
T_0000129676,1,0.993081,1
T_0000129703,0,0.129073,0
T_0000129705,1,0.413424,1
T_0000129736,1,0.988715,1
T_0000129770,0,0.028586,0
T_0000129820,1,0.987574,1
T_0000129831,1,0.570775,1
T_0000129842,1,0.991729,1
T_0000129844,1,0.968585,1
T_0000129861,0,0.063936,0
T_0000129864,0,0.066160,0
T_0000129878,1,0.946254,1
T_0000129942,0,0.038452,0
T_0000129982,1,0.994708,1
T_0000129995,1,0.993508,1
T_0000130038,0,0.029725,0
T_0000130058,1,0.979094,1
T_0000130085,1,0.492981,1
T_0000130088,1,0.913105,1
T_0000130093,1,0.910818,1
T_0000130111,1,0.991668,1
T_0000130133,1,0.971010,1
T_0000130138,0,0.103128,0
T_0000130144,1,0.992289,1
T_0000130158,1,0.788853,1
T_0000130176,1,0.997329,1
T_0000130189,1,0.639795,1
T_0000130213,1,0.998650,1
T_0000130219,1,0.997326,1
T_0000130252,1,0.964123,1
T_0000130274,0,0.021082,0
T_0000130283,0,0.070913,0
T_0000130284,0,0.028934,0
T_0000130296,0,0.075108,0
T_0000130302,0,0.023120,0
T_0000130309,1,0.180229,0
T_0000130345,0,0.065974,0
T_0000130360,0,0.039487,0
T_0000130362,0,0.059805,0
T_0000130405,1,0.996182,1
T_0000130452,0,0.089784,0
T_0000130470,1,0.825905,1
T_0000130481,0,0.057683,0
T_0000130495,0,0.037931,0
T_0000130516,0,0.144291,0
T_0000130525,0,0.098666,0
T_0000130528,1,0.093780,0
T_0000130530,1,0.966940,1
T_0000130538,0,0.021041,0
T_0000130551,1,0.991852,1
T_0000130594,1,0.998490,1
T_0000130602,1,0.948354,1
T_0000130624,1,0.998897,1
T_0000130642,1,0.942725,1
T_0000130650,1,0.990531,1
T_0000130652,1,0.983373,1
T_0000130653,1,0.651158,1
T_0000130656,0,0.121284,0
T_0000130683,0,0.066067,0
T_0000130707,1,0.996918,1
T_0000130722,1,0.998109,1
T_0000130746,0,0.185349,0
T_0000130770,1,0.874630,1
T_0000130794,1,0.983736,1
T_0000130829,1,0.911578,1
T_0000130850,1,0.991873,1
T_0000130873,1,0.778694,1
T_0000130902,1,0.995627,1
T_0000130929,0,0.038657,0
T_0000130974,1,0.983715,1
T_0000131027,1,0.979890,1
T_0000131040,1,0.988305,1
T_0000131065,0,0.027924,0
T_0000131068,0,0.098322,0
T_0000131071,1,0.946437,1
T_0000131078,1,0.995323,1
T_0000131081,1,0.555376,1
T_0000131092,1,0.996502,1
T_0000131109,1,0.113283,0
T_0000131123,1,0.996328,1
T_0000131199,0,0.079799,0
T_0000131226,1,0.974873,1
T_0000131272,0,0.030767,0
T_0000131275,1,0.993729,1
T_0000131301,0,0.112929,0
T_0000131303,0,0.258302,1
T_0000131324,0,0.218099,0
T_0000131334,0,0.057428,0
T_0000131461,1,0.747509,1
T_0000131501,1,0.937613,1
T_0000131520,0,0.051033,0
T_0000131533,0,0.039013,0
T_0000131550,1,0.996222,1
T_0000131554,1,0.185433,0
T_0000131555,1,0.353980,1
T_0000131589,0,0.023119,0
T_0000131605,1,0.317323,1
T_0000131633,1,0.996559,1
T_0000131640,1,0.998796,1
T_0000131652,1,0.995390,1
T_0000131746,1,0.980275,1
T_0000131750,0,0.076004,0
T_0000131763,0,0.322605,1
T_0000131806,0,0.042206,0
T_0000131807,1,0.991414,1
T_0000131810,1,0.935706,1
T_0000131828,1,0.991920,1
T_0000131866,1,0.216048,0
T_0000131872,0,0.103815,0
T_0000131889,1,0.982327,1
T_0000131927,1,0.117917,0
T_0000131969,1,0.994234,1
T_0000131977,0,0.012574,0
T_0000132016,1,0.996767,1
T_0000132030,0,0.105225,0
T_0000132056,1,0.973348,1
T_0000132068,0,0.070506,0
T_0000132082,1,0.570680,1
T_0000132136,0,0.079503,0
T_0000132151,1,0.952185,1
T_0000132166,1,0.994005,1
T_0000132199,0,0.182319,0
T_0000132235,1,0.997982,1
T_0000132247,1,0.432056,1
T_0000132285,1,0.991150,1
T_0000132299,1,0.987619,1
T_0000132317,1,0.997841,1
T_0000132318,1,0.846575,1
T_0000132319,1,0.989912,1
T_0000132389,1,0.984114,1
T_0000132440,1,0.994707,1
T_0000132476,0,0.031452,0
T_0000132506,1,0.995423,1
T_0000132513,0,0.021927,0
T_0000132547,1,0.958468,1
T_0000132587,0,0.133466,0
T_0000132594,0,0.042425,0
T_0000132599,1,0.114247,0
T_0000132618,1,0.990424,1
T_0000132640,1,0.998107,1
T_0000132652,1,0.043084,0
T_0000132705,1,0.628094,1
T_0000132732,1,0.753781,1
T_0000132752,1,0.993412,1
T_0000132762,0,0.049079,0
T_0000132801,1,0.994606,1
T_0000132826,1,0.371925,1
T_0000132837,1,0.918611,1
T_0000132864,0,0.109839,0
T_0000132870,0,0.085388,0
T_0000132872,1,0.410394,1
T_0000132911,1,0.974681,1
T_0000132932,1,0.998239,1
T_0000132942,1,0.982665,1
T_0000132943,0,0.034084,0
T_0000133035,1,0.838600,1
T_0000133037,0,0.093040,0
T_0000133079,0,0.016623,0
T_0000133085,1,0.178926,0
T_0000133090,0,0.064991,0
T_0000133119,1,0.986178,1
T_0000133121,0,0.078427,0
T_0000133171,0,0.191495,0
T_0000133176,1,0.948800,1
T_0000133178,1,0.956887,1
T_0000133204,1,0.997865,1
T_0000133209,1,0.042338,0
T_0000133229,1,0.817246,1
T_0000133248,0,0.146566,0
T_0000133262,0,0.122715,0
T_0000133290,1,0.987322,1
T_0000133306,0,0.220107,0
T_0000133329,1,0.982668,1
T_0000133407,0,0.082666,0
T_0000133424,1,0.977719,1
T_0000133426,0,0.058319,0
T_0000133452,0,0.183837,0
T_0000133464,1,0.995033,1
T_0000133480,1,0.996493,1
T_0000133485,1,0.980756,1
T_0000133548,1,0.967242,1
T_0000133552,1,0.170305,0
T_0000133556,0,0.042236,0
T_0000133603,0,0.039614,0
T_0000133709,1,0.957525,1
T_0000133768,1,0.988277,1
T_0000133907,1,0.906762,1
T_0000133913,0,0.065799,0
T_0000133923,1,0.986914,1
T_0000133941,1,0.313941,1
T_0000133993,1,0.946266,1
T_0000133997,1,0.990387,1
T_0000134005,1,0.940571,1
T_0000134016,1,0.996630,1
T_0000134035,0,0.027024,0
T_0000134125,0,0.091068,0
T_0000134128,1,0.990902,1
T_0000134130,1,0.988542,1
T_0000134141,1,0.219343,0
T_0000134209,0,0.093414,0
T_0000134213,0,0.100192,0
T_0000134228,1,0.859741,1
T_0000134312,0,0.037400,0
T_0000134378,1,0.251253,1
T_0000134467,1,0.085241,0
T_0000134472,1,0.972726,1
T_0000134486,0,0.096080,0
T_0000134502,1,0.994549,1
T_0000134515,1,0.976177,1
T_0000134526,1,0.624702,1
T_0000134528,1,0.967727,1
T_0000134546,0,0.050243,0
T_0000134558,1,0.997161,1
T_0000134696,0,0.108831,0
T_0000134700,1,0.994214,1
T_0000134708,1,0.991763,1
T_0000134725,0,0.042558,0
T_0000134742,1,0.994942,1
T_0000134744,1,0.968027,1
T_0000134779,1,0.111861,0
T_0000134816,1,0.983616,1
T_0000134870,1,0.996211,1
T_0000134881,0,0.005584,0
T_0000134883,0,0.025280,0
T_0000134905,1,0.170543,0
T_0000134912,1,0.970833,1
T_0000134916,1,0.992950,1
T_0000134930,1,0.980982,1
T_0000134934,1,0.972350,1
T_0000134991,1,0.973930,1
T_0000135048,1,0.474530,1
T_0000135092,1,0.956825,1
T_0000135105,0,0.139584,0
T_0000135145,1,0.991872,1
T_0000135147,0,0.058475,0
T_0000135194,0,0.169760,0
T_0000135204,1,0.994450,1
T_0000135234,0,0.050367,0
T_0000135312,0,0.054539,0
T_0000135328,1,0.975720,1
T_0000135350,0,0.019411,0
T_0000135352,1,0.990959,1
T_0000135372,1,0.986669,1
T_0000135405,1,0.504565,1
T_0000135505,1,0.991849,1
T_0000135549,1,0.956499,1
T_0000135553,1,0.057576,0
T_0000135564,1,0.978055,1
T_0000135575,1,0.969404,1
T_0000135615,1,0.994670,1
T_0000135640,1,0.991118,1
T_0000135642,0,0.022646,0
T_0000135668,1,0.218135,0
T_0000135677,0,0.062758,0
T_0000135714,1,0.980056,1
T_0000135775,0,0.128663,0
T_0000135776,1,0.982412,1
T_0000135803,0,0.044672,0
T_0000135805,1,0.985344,1
T_0000135847,0,0.090958,0
T_0000135875,0,0.179072,0
T_0000135891,1,0.989725,1
T_0000135914,1,0.999189,1
T_0000135933,0,0.025254,0
T_0000135937,1,0.997874,1
T_0000136002,1,0.915919,1
T_0000136063,1,0.967660,1
T_0000136075,1,0.998372,1
T_0000136112,1,0.966431,1
T_0000136132,1,0.991215,1
T_0000136134,1,0.996464,1
T_0000136153,1,0.987351,1
T_0000136166,0,0.045893,0
T_0000136196,0,0.097548,0
T_0000136214,1,0.991682,1
T_0000136228,1,0.988724,1
T_0000136230,1,0.988873,1
T_0000136234,1,0.980022,1
T_0000136264,1,0.996761,1
T_0000136304,1,0.999374,1
T_0000136319,1,0.978038,1
T_0000136368,0,0.037113,0
T_0000136445,0,0.027723,0
T_0000136450,1,0.985747,1
T_0000136457,1,0.302578,1
T_0000136497,1,0.965882,1
T_0000136501,0,0.032967,0
T_0000136505,1,0.518812,1
T_0000136525,0,0.072241,0
T_0000136550,1,0.990485,1
T_0000136606,1,0.998813,1
T_0000136623,1,0.996425,1
T_0000136627,0,0.029796,0
T_0000136648,0,0.177179,0
T_0000136652,1,0.991805,1
T_0000136659,1,0.993436,1
T_0000136665,1,0.950180,1
T_0000136682,1,0.992940,1
T_0000136714,1,0.965593,1
T_0000136725,0,0.129016,0
T_0000136735,0,0.020849,0
T_0000136739,0,0.049247,0
T_0000136756,1,0.996954,1
T_0000136764,0,0.165400,0
T_0000136774,1,0.650895,1
T_0000136775,1,0.989384,1
T_0000136777,0,0.102520,0
T_0000136783,0,0.090404,0
T_0000136785,1,0.184549,0
T_0000136786,1,0.998537,1
T_0000136792,1,0.992744,1
T_0000136838,1,0.929035,1
T_0000136842,0,0.026891,0
T_0000136843,1,0.984959,1
T_0000136861,1,0.969964,1
T_0000136884,0,0.076874,0
T_0000136887,1,0.996504,1
T_0000136910,1,0.991789,1
T_0000136952,0,0.015627,0
T_0000136971,0,0.015996,0
T_0000136980,1,0.997489,1
T_0000136994,1,0.998558,1
T_0000137000,0,0.055969,0
T_0000137005,0,0.017742,0
T_0000137056,1,0.975207,1
T_0000137077,1,0.996603,1
T_0000137202,0,0.107085,0
T_0000137215,1,0.048918,0
T_0000137216,1,0.978493,1
T_0000137261,1,0.992542,1
T_0000137272,1,0.970076,1
T_0000137276,1,0.962576,1
T_0000137288,0,0.073506,0
T_0000137346,1,0.075975,0
T_0000137354,0,0.023865,0
T_0000137405,0,0.084961,0
T_0000137416,1,0.992154,1
T_0000137446,1,0.970003,1
T_0000137458,1,0.941079,1
T_0000137470,0,0.006225,0
T_0000137473,1,0.982414,1
T_0000137480,1,0.996810,1
T_0000137522,0,0.157222,0
T_0000137525,1,0.571385,1
T_0000137555,1,0.891831,1
T_0000137576,1,0.970297,1
T_0000137581,1,0.889787,1
T_0000137590,1,0.159827,0
T_0000137669,0,0.071937,0
T_0000137688,1,0.980479,1
T_0000137689,1,0.977827,1
T_0000137691,1,0.094562,0
T_0000137692,1,0.983462,1
T_0000137700,1,0.932557,1
T_0000137717,1,0.534567,1
T_0000137739,1,0.988791,1
T_0000137743,0,0.049000,0
T_0000137746,1,0.984682,1
T_0000137759,0,0.034484,0
T_0000137772,0,0.107645,0
T_0000137794,1,0.931910,1
T_0000137849,0,0.029698,0
T_0000137868,1,0.974294,1
T_0000137879,0,0.060800,0
T_0000137899,1,0.995397,1
T_0000137904,1,0.962297,1
T_0000137915,1,0.627440,1
T_0000137927,0,0.098221,0
T_0000137930,0,0.081953,0
T_0000137989,0,0.044509,0
T_0000137996,1,0.944116,1
T_0000138017,1,0.998262,1
T_0000138018,0,0.024063,0
T_0000138087,1,0.996778,1
T_0000138121,1,0.996724,1
T_0000138122,0,0.022063,0
T_0000138192,0,0.060476,0
T_0000138194,1,0.376271,1
T_0000138224,1,0.990707,1
T_0000138230,0,0.019921,0
T_0000138252,1,0.981008,1
T_0000138279,1,0.982528,1
T_0000138286,1,0.995430,1
T_0000138292,1,0.202473,0
T_0000138335,1,0.991484,1
T_0000138354,0,0.076670,0
T_0000138396,1,0.060456,0
T_0000138400,0,0.125347,0
T_0000138409,1,0.085693,0
T_0000138434,1,0.980789,1
T_0000138464,1,0.998269,1
T_0000138473,1,0.505169,1
T_0000138499,0,0.160657,0
T_0000138519,1,0.996189,1
T_0000138524,0,0.105536,0
T_0000138595,1,0.991951,1
T_0000138636,1,0.994457,1
T_0000138657,1,0.976384,1
T_0000138668,1,0.944682,1
T_0000138737,0,0.058403,0
T_0000138808,0,0.032750,0
T_0000138814,1,0.990652,1
T_0000138830,1,0.979390,1
T_0000138841,1,0.998441,1
T_0000138872,0,0.080350,0
T_0000138878,1,0.993399,1
T_0000138880,1,0.999307,1
T_0000138884,1,0.998144,1
T_0000138926,0,0.038503,0
T_0000138981,0,0.027907,0
T_0000139041,0,0.020385,0
T_0000139064,1,0.884986,1
T_0000139114,0,0.029069,0
T_0000139118,0,0.030805,0
T_0000139164,1,0.321783,1
T_0000139166,0,0.125312,0
T_0000139188,1,0.995236,1
T_0000139221,1,0.996785,1
T_0000139238,1,0.992109,1
T_0000139260,0,0.094624,0
T_0000139275,0,0.073986,0
T_0000139286,0,0.066359,0
T_0000139291,1,0.995137,1
T_0000139295,0,0.071159,0
T_0000139329,1,0.930322,1
T_0000139347,0,0.070046,0
T_0000139378,1,0.990648,1
T_0000139389,0,0.043268,0
T_0000139400,1,0.997707,1
T_0000139461,1,0.998650,1
T_0000139491,1,0.989958,1
T_0000139526,0,0.027781,0
T_0000139528,1,0.614930,1
T_0000139667,0,0.089072,0
T_0000139681,1,0.985719,1
T_0000139685,0,0.054342,0
T_0000139712,0,0.069228,0
T_0000139730,1,0.973636,1
T_0000139741,0,0.019482,0
T_0000139784,1,0.992372,1
T_0000139802,1,0.502080,1
T_0000139829,1,0.996291,1
T_0000139834,1,0.996756,1
T_0000139849,0,0.020633,0
T_0000139982,1,0.975615,1
T_0000139988,1,0.994214,1
T_0000139998,1,0.994905,1
T_0000140006,0,0.062714,0
T_0000140027,0,0.021706,0
T_0000140040,0,0.002099,0
T_0000140067,0,0.008103,0
T_0000140068,1,0.999415,1
T_0000140074,0,0.070555,0
T_0000140076,0,0.020176,0
T_0000140117,0,0.663373,1
T_0000140121,0,0.034942,0
T_0000140127,0,0.043308,0
T_0000140170,0,0.017766,0
T_0000140175,1,0.995280,1
T_0000140211,1,0.987647,1
T_0000140214,1,0.973379,1
T_0000140240,0,0.062925,0
T_0000140263,0,0.078023,0
T_0000140282,0,0.018710,0
T_0000140283,0,0.033000,0
T_0000140303,1,0.993438,1
T_0000140315,1,0.994573,1
T_0000140343,1,0.932699,1
T_0000140352,1,0.980307,1
T_0000140378,0,0.030673,0
T_0000140428,1,0.996754,1
T_0000140453,1,0.988440,1
T_0000140458,1,0.590392,1
T_0000140460,0,0.041082,0
T_0000140464,1,0.984161,1
T_0000140497,0,0.004873,0
T_0000140556,0,0.388239,1
T_0000140566,1,0.685706,1
T_0000140573,1,0.979794,1
T_0000140589,1,0.988596,1
T_0000140607,0,0.099270,0
T_0000140691,1,0.993821,1
T_0000140702,0,0.045697,0
T_0000140705,1,0.962614,1
T_0000140781,1,0.076340,0
T_0000140793,1,0.982895,1
T_0000140795,0,0.075830,0
T_0000140858,1,0.928979,1
T_0000140929,1,0.995813,1
T_0000140963,1,0.991977,1
T_0000140980,0,0.027981,0
T_0000141016,0,0.028066,0
T_0000141030,1,0.923955,1
T_0000141095,1,0.989564,1
T_0000141151,1,0.954479,1
T_0000141168,0,0.013385,0
T_0000141183,1,0.990416,1
T_0000141208,1,0.997120,1
T_0000141209,1,0.116414,0
T_0000141212,1,0.990904,1
T_0000141232,0,0.013048,0
T_0000141253,1,0.388705,1
T_0000141262,0,0.115292,0
T_0000141282,0,0.206888,0
T_0000141300,1,0.129511,0
T_0000141316,1,0.993162,1
T_0000141334,1,0.968596,1
T_0000141373,0,0.117870,0
T_0000141429,1,0.994508,1
T_0000141442,1,0.789168,1
T_0000141463,1,0.960144,1
T_0000141487,1,0.987846,1
T_0000141492,1,0.975442,1
T_0000141494,1,0.978547,1
T_0000141520,1,0.976746,1
T_0000141530,0,0.129131,0
T_0000141532,0,0.025437,0
T_0000141537,1,0.928574,1
T_0000141545,1,0.703739,1
T_0000141560,0,0.050517,0
T_0000141588,1,0.974278,1
T_0000141591,1,0.707950,1
T_0000141609,0,0.058436,0
T_0000141631,1,0.073261,0
T_0000141671,1,0.996760,1
T_0000141675,1,0.996077,1
T_0000141682,0,0.070915,0
T_0000141704,0,0.094572,0
T_0000141706,0,0.077058,0
T_0000141754,0,0.184187,0
T_0000141775,1,0.987760,1
T_0000141787,1,0.983155,1
T_0000141860,1,0.776043,1
T_0000141862,1,0.923158,1
T_0000141872,1,0.979855,1
T_0000141875,1,0.993992,1
T_0000141886,0,0.040631,0
T_0000141909,0,0.068133,0
T_0000141910,1,0.941880,1
T_0000141957,1,0.962190,1
T_0000141981,1,0.993000,1
T_0000142023,1,0.995882,1
T_0000142072,0,0.129788,0
T_0000142083,1,0.999754,1
T_0000142091,1,0.990174,1
T_0000142106,1,0.936814,1
T_0000142143,0,0.031802,0
T_0000142157,1,0.836583,1
T_0000142173,1,0.904108,1
T_0000142203,1,0.990563,1
T_0000142239,1,0.992228,1
T_0000142267,0,0.061602,0
T_0000142294,1,0.975460,1
T_0000142312,1,0.998410,1
T_0000142329,1,0.928429,1
T_0000142330,1,0.781692,1
T_0000142399,1,0.996223,1
T_0000142409,0,0.098965,0
T_0000142410,1,0.967122,1
T_0000142420,1,0.670935,1
T_0000142453,0,0.045209,0
T_0000142497,1,0.997730,1
T_0000142499,0,0.054158,0
T_0000142500,0,0.066640,0
T_0000142540,0,0.133871,0
T_0000142551,0,0.053241,0
T_0000142555,1,0.996320,1
T_0000142562,1,0.997083,1
T_0000142584,0,0.153631,0
T_0000142614,1,0.979061,1
T_0000142624,0,0.105051,0
T_0000142627,0,0.070699,0
T_0000142640,1,0.899981,1
T_0000142646,1,0.954664,1
T_0000142654,1,0.989450,1
T_0000142656,1,0.991325,1
T_0000142684,1,0.984883,1
T_0000142760,1,0.982962,1
T_0000142821,1,0.526478,1
T_0000142822,1,0.976766,1
T_0000142826,1,0.903245,1
T_0000142875,1,0.982671,1
T_0000142897,1,0.108095,0
T_0000142924,1,0.594868,1
T_0000142934,1,0.546197,1
T_0000142946,1,0.910700,1
T_0000142969,1,0.994028,1
T_0000142992,1,0.998800,1
T_0000143001,0,0.034211,0
T_0000143002,0,0.102305,0
T_0000143015,1,0.997637,1
T_0000143016,1,0.947868,1
T_0000143022,1,0.997551,1
T_0000143039,1,0.954196,1
T_0000143064,1,0.929715,1
T_0000143113,1,0.073683,0
T_0000143125,1,0.119948,0
T_0000143153,0,0.033831,0
T_0000143155,1,0.947674,1
T_0000143159,0,0.144638,0
T_0000143223,1,0.020689,0
T_0000143225,0,0.028163,0
T_0000143234,0,0.101119,0
T_0000143278,0,0.016816,0
T_0000143292,0,0.034789,0
T_0000143293,1,0.808157,1
T_0000143297,1,0.992750,1
T_0000143316,1,0.829280,1
T_0000143318,0,0.054816,0
T_0000143320,0,0.021623,0
T_0000143348,1,0.985402,1
T_0000143349,1,0.994329,1
T_0000143353,0,0.046039,0
T_0000143429,1,0.987578,1
T_0000143437,1,0.940615,1
T_0000143457,1,0.996272,1
T_0000143498,1,0.991549,1
T_0000143507,0,0.128437,0
T_0000143555,0,0.013651,0
T_0000143564,1,0.995339,1
T_0000143583,1,0.989672,1
T_0000143584,1,0.365390,1
T_0000143610,1,0.984883,1
T_0000143626,1,0.991489,1
T_0000143633,1,0.994826,1
T_0000143712,1,0.993902,1
T_0000143723,1,0.912532,1
T_0000143727,1,0.997165,1
T_0000143736,1,0.985424,1
T_0000143759,1,0.462026,1
T_0000143763,1,0.993746,1
T_0000143783,1,0.991408,1
T_0000143798,0,0.079421,0
T_0000143811,0,0.039753,0
T_0000143823,1,0.993816,1
T_0000143854,1,0.995011,1
T_0000143867,1,0.989809,1
T_0000143874,0,0.012967,0
T_0000143886,1,0.995123,1
T_0000143897,1,0.998971,1
T_0000143910,1,0.993793,1
T_0000143936,1,0.996752,1
T_0000143940,1,0.997058,1
T_0000143942,1,0.993532,1
T_0000143952,1,0.993667,1
T_0000143958,0,0.044052,0
T_0000144029,0,0.152541,0
T_0000144032,1,0.860610,1
T_0000144042,1,0.995862,1
T_0000144043,0,0.000964,0
T_0000144058,1,0.683814,1
T_0000144060,0,0.161740,0
T_0000144143,1,0.306542,1
T_0000144172,1,0.776826,1
T_0000144184,1,0.999479,1
T_0000144216,0,0.032948,0
T_0000144259,1,0.995634,1
T_0000144263,1,0.803770,1
T_0000144303,1,0.662358,1
T_0000144306,1,0.987866,1
T_0000144363,1,0.979886,1
T_0000144371,0,0.023344,0
T_0000144383,0,0.118357,0
T_0000144385,1,0.885395,1
T_0000144417,0,0.053212,0
T_0000144427,1,0.993874,1
T_0000144444,1,0.945707,1
T_0000144450,1,0.477023,1
T_0000144472,1,0.996040,1
T_0000144491,0,0.267752,1
T_0000144517,1,0.879488,1
T_0000144520,1,0.981850,1
T_0000144536,1,0.983756,1
T_0000144560,1,0.973055,1
T_0000144567,1,0.344054,1
T_0000144574,1,0.993285,1
T_0000144591,1,0.926024,1
T_0000144608,1,0.957705,1
T_0000144629,0,0.153772,0
T_0000144638,1,0.993475,1
T_0000144649,1,0.894571,1
T_0000144657,1,0.775301,1
T_0000144659,1,0.788456,1
T_0000144742,1,0.992811,1
T_0000144782,0,0.176322,0
T_0000144821,1,0.980750,1
T_0000144831,1,0.948115,1
T_0000144863,1,0.896052,1
T_0000144944,1,0.989833,1
T_0000144971,1,0.996146,1
T_0000145049,0,0.016202,0
T_0000145057,0,0.124143,0
T_0000145059,1,0.666923,1
T_0000145064,1,0.211731,0
T_0000145087,1,0.905367,1
T_0000145104,0,0.021703,0
T_0000145108,0,0.056037,0
T_0000145114,1,0.860979,1
T_0000145156,0,0.066087,0
T_0000145179,1,0.991535,1
T_0000145197,1,0.879840,1
T_0000145217,1,0.994740,1
T_0000145231,1,0.945906,1
T_0000145238,1,0.991825,1
T_0000145255,0,0.035932,0
T_0000145261,0,0.011739,0
T_0000145262,1,0.990763,1
T_0000145266,1,0.977815,1
T_0000145277,1,0.822512,1
T_0000145315,1,0.935414,1
T_0000145330,1,0.991615,1
T_0000145343,0,0.034943,0
T_0000145348,1,0.954361,1
T_0000145391,1,0.997415,1
T_0000145420,0,0.258511,1
T_0000145466,1,0.999070,1
T_0000145478,0,0.037553,0
T_0000145481,1,0.957152,1
T_0000145496,1,0.987146,1
T_0000145498,0,0.197399,0
T_0000145512,0,0.059829,0
T_0000145527,0,0.163064,0
T_0000145575,0,0.090159,0
T_0000145580,1,0.995842,1
T_0000145581,0,0.015593,0
T_0000145594,1,0.996067,1
T_0000145612,1,0.971238,1
T_0000145642,1,0.991025,1
T_0000145693,0,0.017069,0
T_0000145700,1,0.955385,1
T_0000145706,1,0.980962,1
T_0000145739,1,0.984533,1
T_0000145785,1,0.917895,1
T_0000145786,1,0.991603,1
T_0000145799,1,0.520552,1
T_0000145809,1,0.992915,1
T_0000145810,0,0.016267,0
T_0000145832,1,0.982719,1
T_0000145852,0,0.053486,0
T_0000145865,1,0.304918,1
T_0000145874,1,0.926530,1
T_0000145882,0,0.026810,0
T_0000145890,0,0.006951,0
T_0000145916,1,0.050619,0
T_0000145957,0,0.141420,0
T_0000146000,1,0.973418,1
T_0000146015,1,0.989648,1
T_0000146041,1,0.991109,1
T_0000146094,1,0.995495,1
T_0000146098,1,0.907106,1
T_0000146130,1,0.050751,0
T_0000146146,1,0.971877,1
T_0000146177,1,0.461412,1
T_0000146204,1,0.075269,0
T_0000146220,1,0.992206,1
T_0000146230,1,0.987101,1
T_0000146246,1,0.986192,1
T_0000146248,1,0.960552,1
T_0000146263,0,0.008019,0
T_0000146276,0,0.007002,0
T_0000146280,1,0.987591,1
T_0000146312,1,0.972561,1
T_0000146343,1,0.944085,1
T_0000146371,1,0.972486,1
T_0000146380,1,0.110995,0
T_0000146425,1,0.993690,1
T_0000146427,1,0.994328,1
T_0000146461,1,0.995848,1
T_0000146472,0,0.046103,0
T_0000146475,1,0.628493,1
T_0000146538,1,0.852516,1
T_0000146544,0,0.051386,0
T_0000146560,1,0.298652,1
T_0000146568,0,0.028999,0
T_0000146608,1,0.580272,1
T_0000146632,0,0.181464,0
T_0000146635,0,0.065815,0
T_0000146661,1,0.988189,1
T_0000146673,1,0.990687,1
T_0000146702,0,0.013512,0
T_0000146708,1,0.277551,1
T_0000146736,1,0.993124,1
T_0000146751,1,0.998425,1
T_0000146753,1,0.990777,1
T_0000146762,1,0.995751,1
T_0000146786,1,0.657773,1
T_0000146831,0,0.043273,0
T_0000146849,1,0.980180,1
T_0000146850,1,0.990024,1
T_0000146879,1,0.964530,1
T_0000146904,0,0.060627,0
T_0000146907,0,0.053966,0
T_0000146919,1,0.992729,1
T_0000146928,1,0.987875,1
T_0000146931,1,0.211358,0
T_0000146955,1,0.971157,1
T_0000146967,1,0.995160,1
T_0000147003,1,0.984115,1
T_0000147015,1,0.720772,1
T_0000147020,1,0.996633,1
T_0000147081,1,0.991754,1
T_0000147111,1,0.996656,1
T_0000147119,0,0.018995,0
T_0000147128,1,0.975087,1
T_0000147136,1,0.642504,1
T_0000147142,1,0.902269,1
T_0000147181,1,0.481067,1
T_0000147185,1,0.966963,1
T_0000147246,0,0.168071,0
T_0000147248,1,0.366272,1
T_0000147288,1,0.998905,1
T_0000147335,1,0.952340,1
T_0000147341,0,0.034530,0
T_0000147344,1,0.972784,1
T_0000147347,0,0.062414,0
T_0000147348,1,0.989440,1
T_0000147391,1,0.957870,1
T_0000147431,0,0.115095,0
T_0000147477,1,0.995017,1
T_0000147517,0,0.056877,0
T_0000147523,0,0.008196,0
T_0000147528,1,0.363339,1
T_0000147554,1,0.984303,1
T_0000147590,0,0.096407,0
T_0000147598,1,0.957662,1
T_0000147615,1,0.996675,1
T_0000147631,1,0.996329,1
T_0000147637,1,0.981464,1
T_0000147640,1,0.986377,1
T_0000147718,1,0.987745,1
T_0000147742,0,0.063261,0
T_0000147756,1,0.997760,1
T_0000147766,0,0.033327,0
T_0000147776,1,0.984046,1
T_0000147777,1,0.985081,1
T_0000147847,1,0.965369,1
T_0000147893,0,0.044119,0
T_0000147904,1,0.972345,1
T_0000147925,1,0.982356,1
T_0000147942,1,0.055112,0
T_0000147944,1,0.999198,1
T_0000147958,0,0.033131,0
T_0000148008,0,0.087320,0
T_0000148036,0,0.014264,0
T_0000148046,1,0.988042,1
T_0000148087,1,0.999417,1
T_0000148104,1,0.984086,1
T_0000148117,1,0.999018,1
T_0000148125,1,0.991215,1
T_0000148134,1,0.976160,1
T_0000148137,1,0.937240,1
T_0000148176,1,0.565870,1
T_0000148184,1,0.663634,1
T_0000148235,1,0.990970,1
T_0000148267,1,0.995938,1
T_0000148282,1,0.679520,1
T_0000148300,1,0.826310,1
T_0000148317,1,0.996666,1
T_0000148326,1,0.991648,1
T_0000148351,1,0.990993,1
T_0000148367,1,0.922918,1
T_0000148370,1,0.943604,1
T_0000148379,1,0.994747,1
T_0000148406,0,0.108664,0
T_0000148475,1,0.962669,1
T_0000148478,1,0.911816,1
T_0000148517,1,0.869770,1
T_0000148532,1,0.990872,1
T_0000148592,1,0.977485,1
T_0000148602,0,0.076407,0
T_0000148625,1,0.993938,1
T_0000148631,1,0.999123,1
T_0000148633,1,0.224197,0
T_0000148698,0,0.031516,0
T_0000148699,1,0.994718,1
T_0000148704,0,0.029472,0
T_0000148705,0,0.054679,0
T_0000148722,1,0.991405,1
T_0000148744,1,0.985764,1
T_0000148771,1,0.987934,1
T_0000148780,0,0.090757,0
T_0000148783,1,0.996183,1
T_0000148798,1,0.997132,1
T_0000148823,0,0.128896,0
T_0000148833,1,0.768895,1
T_0000148851,1,0.141973,0
T_0000148854,1,0.736619,1
T_0000148908,0,0.012279,0
T_0000148909,1,0.993532,1
T_0000148993,1,0.882590,1
T_0000149012,1,0.999294,1
T_0000149014,0,0.113553,0
T_0000149048,0,0.028204,0
T_0000149052,0,0.108764,0
T_0000149103,1,0.986743,1
T_0000149107,1,0.981168,1
T_0000149131,1,0.446924,1
T_0000149150,0,0.075063,0
T_0000149170,1,0.852814,1
T_0000149225,0,0.120454,0
T_0000149228,0,0.193679,0
T_0000149269,0,0.083879,0
T_0000149279,1,0.991681,1
T_0000149311,1,0.855530,1
T_0000149313,1,0.938315,1
T_0000149345,1,0.957658,1
T_0000149351,1,0.989983,1
T_0000149372,1,0.994964,1
T_0000149373,1,0.997667,1
T_0000149381,1,0.997408,1
T_0000149418,1,0.926724,1
T_0000149426,0,0.038943,0
T_0000149456,0,0.017234,0
T_0000149494,0,0.193325,0
T_0000149510,1,0.988769,1
T_0000149528,1,0.828547,1
T_0000149602,1,0.980737,1
T_0000149693,1,0.989548,1
T_0000149705,0,0.018824,0
T_0000149749,1,0.958271,1
T_0000149764,0,0.066665,0
T_0000149770,1,0.950771,1
T_0000149828,1,0.272579,1
T_0000149839,1,0.136467,0
T_0000149845,1,0.952689,1
T_0000149880,0,0.039974,0
T_0000149895,0,0.059615,0
T_0000149899,1,0.048070,0
T_0000149931,1,0.996906,1
T_0000149941,1,0.945358,1
T_0000149991,1,0.927201,1
T_0000150046,1,0.997514,1
T_0000150081,1,0.975482,1
T_0000150134,1,0.995857,1
T_0000150153,1,0.987328,1
T_0000150201,1,0.988718,1
T_0000150209,0,0.046925,0
T_0000150225,0,0.033747,0
T_0000150228,0,0.093021,0
T_0000150257,0,0.015084,0
T_0000150261,1,0.963412,1
T_0000150263,0,0.025942,0
T_0000150270,1,0.991776,1
T_0000150312,0,0.008276,0
T_0000150344,0,0.012781,0
T_0000150359,1,0.977131,1
T_0000150375,1,0.965976,1
T_0000150409,1,0.973209,1
T_0000150445,0,0.105989,0
T_0000150454,1,0.994382,1
T_0000150462,1,0.995129,1
T_0000150514,1,0.971358,1
T_0000150591,0,0.004251,0
T_0000150612,1,0.976764,1
T_0000150624,0,0.015854,0
T_0000150690,1,0.730696,1
T_0000150700,1,0.758014,1
T_0000150750,0,0.088501,0
T_0000150758,0,0.130607,0
T_0000150763,1,0.991502,1
T_0000150765,0,0.043058,0
T_0000150816,1,0.873301,1
T_0000150819,1,0.979138,1
T_0000150830,1,0.932947,1
T_0000150831,1,0.983934,1
T_0000150843,1,0.895002,1
T_0000150860,1,0.985139,1
T_0000150885,1,0.985977,1
T_0000150887,0,0.047190,0
T_0000150891,1,0.990015,1
T_0000150898,1,0.994988,1
T_0000150916,0,0.031646,0
T_0000150924,1,0.872121,1
T_0000151042,1,0.947361,1
T_0000151044,0,0.128148,0
T_0000151053,1,0.870146,1
T_0000151068,0,0.026721,0
T_0000151116,1,0.995022,1
T_0000151125,0,0.021293,0
T_0000151136,0,0.022938,0
T_0000151178,1,0.985398,1
T_0000151180,0,0.032774,0
T_0000151182,0,0.027243,0
T_0000151207,1,0.354262,1
T_0000151215,1,0.998329,1
T_0000151246,1,0.999151,1
T_0000151247,1,0.390926,1
T_0000151257,1,0.865025,1
T_0000151295,1,0.689277,1
T_0000151308,0,0.075447,0
T_0000151329,1,0.983693,1
T_0000151331,1,0.696316,1
T_0000151333,1,0.994946,1
T_0000151361,0,0.028949,0
T_0000151369,1,0.080786,0
T_0000151416,1,0.133570,0
T_0000151422,1,0.997026,1
T_0000151428,1,0.974570,1
T_0000151489,1,0.996989,1
T_0000151491,1,0.136878,0
T_0000151516,0,0.011107,0
T_0000151577,0,0.028278,0
T_0000151593,1,0.024539,0
T_0000151601,1,0.923888,1
T_0000151613,0,0.003064,0
T_0000151619,1,0.997774,1
T_0000151629,1,0.909237,1
T_0000151656,1,0.996157,1
T_0000151662,1,0.998209,1
T_0000151680,1,0.994234,1
T_0000151695,1,0.306714,1
T_0000151711,0,0.038518,0
T_0000151715,1,0.999408,1
T_0000151725,1,0.996727,1
T_0000151733,0,0.063864,0
T_0000151748,1,0.038469,0
T_0000151774,0,0.040270,0
T_0000151779,1,0.257428,1
T_0000151780,1,0.977134,1
T_0000151784,1,0.999249,1
T_0000151792,1,0.978073,1
T_0000151808,0,0.022705,0
T_0000151809,0,0.038639,0
T_0000151819,0,0.055147,0
T_0000151851,1,0.901450,1
T_0000151856,0,0.053460,0
T_0000151889,1,0.986281,1
T_0000151897,1,0.975716,1
T_0000151911,1,0.963300,1
T_0000151916,1,0.992962,1
T_0000151937,1,0.981220,1
T_0000151951,1,0.885213,1
T_0000151965,1,0.996382,1
T_0000151978,1,0.565984,1
T_0000152039,0,0.271835,1
T_0000152040,0,0.053963,0
T_0000152059,1,0.999757,1
T_0000152091,1,0.891333,1
T_0000152099,1,0.990461,1
T_0000152133,1,0.940544,1
T_0000152138,1,0.951830,1
T_0000152175,0,0.074566,0
T_0000152179,1,0.666829,1
T_0000152185,0,0.016576,0
T_0000152189,1,0.997598,1
T_0000152203,1,0.998231,1
T_0000152215,1,0.999426,1
T_0000152249,1,0.945065,1
T_0000152318,1,0.984555,1
T_0000152340,1,0.601771,1
T_0000152370,1,0.995152,1
T_0000152438,1,0.971048,1
T_0000152501,0,0.031323,0
T_0000152541,1,0.999443,1
T_0000152561,0,0.089660,0
T_0000152574,0,0.039915,0
T_0000152598,1,0.998565,1
T_0000152608,0,0.103567,0
T_0000152687,1,0.989022,1
T_0000152690,0,0.046856,0
T_0000152717,1,0.685908,1
T_0000152722,0,0.103218,0
T_0000152828,0,0.068776,0
T_0000152839,0,0.142323,0
T_0000152870,1,0.956368,1
T_0000152893,0,0.042197,0
T_0000152901,1,0.954521,1
T_0000152931,1,0.997080,1
T_0000152979,0,0.023212,0
T_0000153016,1,0.115193,0
T_0000153038,1,0.991089,1
T_0000153044,1,0.975200,1
T_0000153046,1,0.999314,1
T_0000153066,1,0.989341,1
T_0000153074,1,0.995229,1
T_0000153081,0,0.027316,0
T_0000153092,1,0.132375,0
T_0000153122,1,0.984012,1
T_0000153170,1,0.942137,1
T_0000153172,1,0.997465,1
T_0000153177,1,0.991380,1
T_0000153215,1,0.118062,0
T_0000153300,1,0.048383,0
T_0000153307,1,0.997597,1
T_0000153332,0,0.044643,0
T_0000153372,0,0.016663,0
T_0000153396,1,0.884697,1
T_0000153402,1,0.994683,1
T_0000153408,1,0.993151,1
T_0000153460,1,0.995131,1
T_0000153468,1,0.994865,1
T_0000153471,1,0.969306,1
T_0000153522,1,0.809500,1
T_0000153523,1,0.990831,1
T_0000153529,0,0.035270,0
T_0000153533,0,0.010047,0
T_0000153562,1,0.995892,1
T_0000153609,1,0.405547,1
T_0000153669,1,0.994134,1
T_0000153674,0,0.033734,0
T_0000153697,1,0.994394,1
T_0000153701,0,0.035860,0
T_0000153752,1,0.099175,0
T_0000153756,0,0.078297,0
T_0000153762,1,0.997387,1
T_0000153787,1,0.997177,1
T_0000153794,1,0.991159,1
T_0000153817,0,0.121485,0
T_0000153863,0,0.003302,0
T_0000153867,0,0.085221,0
T_0000153883,1,0.971626,1
T_0000153926,1,0.997035,1
T_0000153928,1,0.150542,0
T_0000153932,1,0.989323,1
T_0000153934,1,0.995333,1
T_0000153935,1,0.989296,1
T_0000153938,1,0.970583,1
T_0000153943,1,0.966987,1
T_0000153966,1,0.992175,1
T_0000154029,1,0.939854,1
T_0000154036,1,0.985404,1
T_0000154038,1,0.998478,1
T_0000154051,1,0.998168,1
T_0000154070,0,0.075560,0
T_0000154075,1,0.974475,1
T_0000154080,1,0.991457,1
T_0000154098,1,0.985975,1
T_0000154102,0,0.071224,0
T_0000154155,1,0.898877,1
T_0000154183,0,0.069632,0
T_0000154199,1,0.996711,1
T_0000154206,1,0.955869,1
T_0000154219,1,0.664027,1
T_0000154230,1,0.875964,1
T_0000154245,1,0.986126,1
T_0000154249,1,0.789979,1
T_0000154253,0,0.042848,0
T_0000154257,1,0.685189,1
T_0000154270,0,0.140479,0
T_0000154286,1,0.982819,1
T_0000154376,0,0.186720,0
T_0000154398,0,0.071435,0
T_0000154449,0,0.254083,1
T_0000154461,0,0.021220,0
T_0000154502,1,0.946129,1
T_0000154528,0,0.078752,0
T_0000154534,1,0.989474,1
T_0000154573,0,0.032559,0
T_0000154603,1,0.926417,1
T_0000154612,1,0.997404,1
T_0000154636,0,0.032090,0
T_0000154686,0,0.029786,0
T_0000154713,0,0.042080,0
T_0000154737,1,0.997754,1
T_0000154750,1,0.990121,1
T_0000154758,1,0.484088,1
T_0000154759,1,0.993995,1
T_0000154774,1,0.377675,1
T_0000154838,0,0.038726,0
T_0000154864,1,0.993451,1
T_0000154876,0,0.188526,0
T_0000155014,1,0.985934,1
T_0000155034,0,0.042840,0
T_0000155043,1,0.973026,1
T_0000155055,1,0.981263,1
T_0000155064,0,0.086973,0
T_0000155074,1,0.739536,1
T_0000155133,1,0.986132,1
T_0000155170,1,0.988389,1
T_0000155190,1,0.988473,1
T_0000155253,0,0.047426,0
T_0000155258,1,0.623352,1
T_0000155274,1,0.996699,1
T_0000155278,1,0.981887,1
T_0000155341,0,0.056951,0
T_0000155355,1,0.959923,1
T_0000155365,1,0.994515,1
T_0000155373,1,0.991871,1
T_0000155379,1,0.996933,1
T_0000155429,1,0.848696,1
T_0000155464,0,0.021650,0
T_0000155528,0,0.069057,0
T_0000155562,1,0.926293,1
T_0000155577,1,0.991968,1
T_0000155578,1,0.821790,1
T_0000155581,1,0.967832,1
T_0000155589,1,0.996692,1
T_0000155593,1,0.993580,1
T_0000155602,1,0.987202,1
T_0000155608,1,0.963937,1
T_0000155621,0,0.188584,0
T_0000155624,0,0.018929,0
T_0000155636,1,0.411690,1
T_0000155643,1,0.991049,1
T_0000155672,1,0.990329,1
T_0000155694,0,0.034355,0
T_0000155697,1,0.991147,1
T_0000155806,1,0.996736,1
T_0000155847,1,0.990869,1
T_0000155917,1,0.993699,1
T_0000155921,0,0.333975,1
T_0000155933,0,0.006273,0
T_0000155943,1,0.967315,1
T_0000156001,1,0.996952,1
T_0000156034,0,0.033427,0
T_0000156038,0,0.303729,1
T_0000156045,1,0.923107,1
T_0000156070,1,0.978134,1
T_0000156094,1,0.993131,1
T_0000156106,0,0.044964,0
T_0000156133,1,0.994058,1
T_0000156137,1,0.995961,1
T_0000156146,1,0.996847,1
T_0000156152,1,0.976756,1
T_0000156162,1,0.996077,1
T_0000156198,0,0.015655,0
T_0000156205,0,0.016977,0
T_0000156206,0,0.374364,1
T_0000156217,0,0.056548,0
T_0000156262,0,0.004674,0
T_0000156270,0,0.014542,0
T_0000156332,0,0.098389,0
T_0000156347,1,0.993713,1
T_0000156418,0,0.037463,0
T_0000156448,1,0.994745,1
T_0000156524,1,0.992381,1
T_0000156557,1,0.615355,1
T_0000156629,0,0.038939,0
T_0000156654,1,0.962089,1
T_0000156664,1,0.973005,1
T_0000156681,1,0.960081,1
T_0000156701,1,0.289332,1
T_0000156731,1,0.343271,1
T_0000156744,1,0.991095,1
T_0000156753,0,0.016553,0
T_0000156762,0,0.050013,0
T_0000156806,1,0.989940,1
T_0000156807,1,0.990632,1
T_0000156844,1,0.947839,1
T_0000156851,1,0.992868,1
T_0000156853,0,0.071018,0
T_0000156857,0,0.013024,0
T_0000156876,1,0.961260,1
T_0000156898,0,0.146305,0
T_0000156903,1,0.996815,1
T_0000156914,0,0.181609,0
T_0000156943,1,0.998091,1
T_0000156950,1,0.085637,0
T_0000156953,1,0.997780,1
T_0000156986,1,0.978249,1
T_0000156992,1,0.999361,1
T_0000156996,0,0.022155,0
T_0000157038,1,0.934208,1
T_0000157045,0,0.062853,0
T_0000157065,1,0.930938,1
T_0000157076,1,0.984537,1
T_0000157111,0,0.066989,0
T_0000157117,0,0.009770,0
T_0000157162,0,0.027773,0
T_0000157185,0,0.050988,0
T_0000157187,1,0.931137,1
T_0000157226,1,0.993972,1
T_0000157239,1,0.902422,1
T_0000157246,1,0.974605,1
T_0000157277,1,0.967286,1
T_0000157280,1,0.404244,1
T_0000157319,1,0.986040,1
T_0000157320,1,0.992822,1
T_0000157325,0,0.029999,0
T_0000157344,1,0.993096,1
T_0000157349,0,0.034320,0
T_0000157384,1,0.986670,1
T_0000157407,0,0.040936,0
T_0000157467,1,0.996965,1
T_0000157480,1,0.958886,1
T_0000157487,1,0.940433,1
T_0000157533,0,0.060783,0
T_0000157549,1,0.972195,1
T_0000157592,1,0.971593,1
T_0000157596,1,0.996137,1
T_0000157599,1,0.995622,1
T_0000157723,0,0.038924,0
T_0000157743,1,0.994091,1
T_0000157756,1,0.996843,1
T_0000157759,1,0.956770,1
T_0000157778,0,0.058042,0
T_0000157804,1,0.985180,1
T_0000157812,1,0.388215,1
T_0000157825,1,0.985822,1
T_0000157842,1,0.984886,1
T_0000157848,0,0.039409,0
T_0000157861,1,0.987701,1
T_0000157875,1,0.721983,1
T_0000157887,1,0.886267,1
T_0000157895,0,0.026135,0
T_0000157913,1,0.998701,1
T_0000157915,0,0.070345,0
T_0000157935,0,0.111002,0
T_0000157961,1,0.921891,1
T_0000157971,1,0.318001,1
T_0000158021,1,0.851948,1
T_0000158036,1,0.798811,1
T_0000158114,1,0.902548,1
T_0000158133,0,0.033676,0
T_0000158179,1,0.250737,1
T_0000158221,0,0.030268,0
T_0000158243,1,0.990204,1
T_0000158251,1,0.839234,1
T_0000158256,1,0.344235,1
T_0000158282,1,0.413669,1
T_0000158286,0,0.129378,0
T_0000158306,1,0.998216,1
T_0000158307,1,0.169755,0
T_0000158349,1,0.996295,1
T_0000158359,1,0.982323,1
T_0000158386,0,0.077845,0
T_0000158408,0,0.032192,0
T_0000158461,1,0.350528,1
T_0000158467,1,0.999272,1
T_0000158578,0,0.117665,0
T_0000158579,0,0.061240,0
T_0000158587,1,0.913235,1
T_0000158653,1,0.830457,1
T_0000158660,1,0.992821,1
T_0000158724,1,0.074829,0
T_0000158742,1,0.144281,0
T_0000158780,1,0.995431,1
T_0000158789,1,0.988940,1
T_0000158845,1,0.837336,1
T_0000158858,0,0.067221,0
T_0000158883,1,0.996528,1
T_0000158896,1,0.946896,1
T_0000158928,1,0.982408,1
T_0000158945,0,0.048793,0
T_0000158977,1,0.965943,1
T_0000158989,0,0.061127,0
T_0000159039,1,0.979180,1
T_0000159040,1,0.905356,1
T_0000159095,0,0.738478,1
T_0000159122,1,0.104347,0
T_0000159145,0,0.326987,1
T_0000159149,0,0.043085,0
T_0000159152,0,0.056392,0
T_0000159198,1,0.991875,1
T_0000159203,1,0.983624,1
T_0000159213,1,0.957609,1
T_0000159231,1,0.962798,1
T_0000159237,1,0.992475,1
T_0000159250,1,0.990939,1
T_0000159278,1,0.955424,1
T_0000159319,1,0.478960,1
T_0000159331,1,0.991344,1
T_0000159356,0,0.043892,0
T_0000159420,1,0.995780,1
T_0000159436,1,0.943913,1
T_0000159441,1,0.926223,1
T_0000159470,1,0.160695,0
T_0000159474,1,0.993870,1
T_0000159476,1,0.997606,1
T_0000159553,0,0.060562,0
T_0000159557,0,0.089929,0
T_0000159585,1,0.980329,1
T_0000159630,1,0.984005,1
T_0000159637,0,0.069988,0
T_0000159643,1,0.706383,1
T_0000159718,1,0.946837,1
T_0000159739,1,0.986662,1
T_0000159775,1,0.918281,1
T_0000159794,0,0.073462,0
T_0000159811,1,0.892921,1
T_0000159835,1,0.978241,1
T_0000159850,1,0.972723,1
T_0000159877,1,0.997143,1
T_0000159878,0,0.011712,0
T_0000159927,1,0.995486,1
T_0000159946,0,0.035147,0
T_0000159949,1,0.988276,1
T_0000159952,1,0.988616,1
T_0000159992,1,0.998328,1
T_0000160003,0,0.061182,0
T_0000160030,1,0.708776,1
T_0000160047,0,0.015473,0
T_0000160060,1,0.896331,1
T_0000160067,1,0.976319,1
T_0000160070,0,0.074503,0
T_0000160073,0,0.032717,0
T_0000160092,1,0.995664,1
T_0000160096,1,0.997417,1
T_0000160147,1,0.996339,1
T_0000160187,1,0.930796,1
T_0000160190,1,0.073766,0
T_0000160212,1,0.980214,1
T_0000160246,0,0.024637,0
T_0000160249,1,0.963094,1
T_0000160282,1,0.992412,1
T_0000160311,1,0.960494,1
T_0000160327,0,0.042976,0
T_0000160332,0,0.101636,0
T_0000160347,1,0.987197,1
T_0000160349,1,0.992976,1
T_0000160383,1,0.990060,1
T_0000160390,0,0.047306,0
T_0000160405,1,0.994839,1
T_0000160409,1,0.980970,1
T_0000160421,1,0.990967,1
T_0000160447,1,0.989531,1
T_0000160454,0,0.019811,0
T_0000160477,0,0.024452,0
T_0000160492,0,0.042734,0
T_0000160496,0,0.064199,0
T_0000160507,0,0.115755,0
T_0000160539,0,0.421190,1
T_0000160560,0,0.183020,0
T_0000160600,0,0.065199,0
T_0000160602,1,0.975759,1
T_0000160628,0,0.022101,0
T_0000160635,1,0.992622,1
T_0000160643,1,0.992156,1
T_0000160650,1,0.154022,0
T_0000160662,1,0.981157,1
T_0000160710,1,0.986654,1
T_0000160733,0,0.027474,0
T_0000160735,0,0.127584,0
T_0000160746,0,0.086175,0
T_0000160780,1,0.304419,1
T_0000160792,1,0.996939,1
T_0000160811,1,0.967967,1
T_0000160827,1,0.963100,1
T_0000160846,0,0.042471,0
T_0000160881,0,0.003859,0
T_0000160894,0,0.082320,0
T_0000160913,1,0.998491,1
T_0000160983,1,0.950228,1
T_0000160988,1,0.989542,1
T_0000161023,0,0.074744,0
T_0000161025,1,0.136380,0
T_0000161035,1,0.992712,1
T_0000161042,0,0.027968,0
T_0000161045,1,0.934719,1
T_0000161046,1,0.996064,1
T_0000161141,1,0.957135,1
T_0000161165,1,0.990700,1
T_0000161195,1,0.789825,1
T_0000161203,1,0.998596,1
T_0000161229,1,0.984226,1
T_0000161246,1,0.999678,1
T_0000161290,1,0.997977,1
T_0000161298,0,0.141997,0
T_0000161331,1,0.975013,1
T_0000161353,1,0.457445,1
T_0000161366,1,0.475023,1
T_0000161374,1,0.994526,1
T_0000161392,0,0.020446,0
T_0000161430,0,0.052069,0
T_0000161481,0,0.031389,0
T_0000161494,1,0.111061,0
T_0000161512,1,0.040727,0
T_0000161513,1,0.999093,1
T_0000161529,0,0.076037,0
T_0000161543,0,0.082039,0
T_0000161549,1,0.985774,1
T_0000161593,1,0.979422,1
T_0000161613,0,0.122427,0
T_0000161640,1,0.975864,1
T_0000161644,1,0.995258,1
T_0000161659,1,0.986374,1
T_0000161674,1,0.984217,1
T_0000161679,1,0.890359,1
T_0000161701,1,0.991390,1
T_0000161716,0,0.055371,0
T_0000161723,0,0.097146,0
T_0000161777,1,0.117504,0
T_0000161825,1,0.998630,1
T_0000161829,0,0.026720,0
T_0000161847,0,0.030650,0
T_0000161895,0,0.007050,0
T_0000161900,0,0.018456,0
T_0000161904,1,0.963321,1
T_0000161921,0,0.082569,0
T_0000161925,1,0.978011,1
T_0000161926,1,0.955956,1
T_0000161935,0,0.075296,0
T_0000161967,0,0.110792,0
T_0000161977,1,0.997163,1
T_0000161981,0,0.025097,0
T_0000161985,1,0.928025,1
T_0000161996,0,0.017677,0
T_0000161998,1,0.992505,1
T_0000162003,1,0.990579,1
T_0000162039,1,0.996874,1
T_0000162043,1,0.674197,1
T_0000162073,1,0.985968,1
T_0000162083,1,0.930211,1
T_0000162122,1,0.996104,1
T_0000162132,0,0.036073,0
T_0000162140,1,0.991770,1
T_0000162151,0,0.126821,0
T_0000162165,1,0.974328,1
T_0000162189,0,0.121187,0
T_0000162201,0,0.039938,0
T_0000162203,0,0.041241,0
T_0000162211,0,0.007796,0
T_0000162213,1,0.977771,1
T_0000162226,1,0.197757,0
T_0000162246,1,0.973919,1
T_0000162252,1,0.989578,1
T_0000162262,1,0.988555,1
T_0000162292,0,0.043510,0
T_0000162295,1,0.993802,1
T_0000162310,0,0.014552,0
T_0000162315,1,0.989049,1
T_0000162322,1,0.987994,1
T_0000162329,1,0.994284,1
T_0000162344,0,0.037641,0
T_0000162374,1,0.988400,1
T_0000162393,1,0.710411,1
T_0000162426,1,0.982493,1
T_0000162435,0,0.018313,0
T_0000162443,0,0.084338,0
T_0000162455,1,0.996610,1
T_0000162474,0,0.036847,0
T_0000162479,0,0.030854,0
T_0000162485,0,0.028268,0
T_0000162501,0,0.028474,0
T_0000162587,1,0.877243,1
T_0000162607,1,0.994210,1
T_0000162612,0,0.072867,0
T_0000162624,1,0.954381,1
T_0000162681,1,0.986149,1
T_0000162735,1,0.982692,1
T_0000162762,1,0.947243,1
T_0000162815,1,0.960976,1
T_0000162823,1,0.987534,1
T_0000162837,0,0.024079,0
T_0000162853,1,0.963957,1
T_0000162889,0,0.031506,0
T_0000162930,1,0.993103,1
T_0000162953,0,0.023488,0
T_0000162967,1,0.998835,1
T_0000162969,0,0.085639,0
T_0000162975,0,0.050915,0
T_0000162985,1,0.997316,1
T_0000162987,1,0.985565,1
T_0000162999,1,0.997764,1
T_0000163013,1,0.989830,1
T_0000163050,1,0.967718,1
T_0000163113,0,0.012856,0
T_0000163133,0,0.085329,0
T_0000163168,0,0.040428,0
T_0000163171,0,0.018788,0
T_0000163197,1,0.997650,1
T_0000163208,1,0.991751,1
T_0000163213,1,0.997844,1
T_0000163225,1,0.992325,1
T_0000163231,1,0.943870,1
T_0000163290,1,0.997349,1
T_0000163316,1,0.997822,1
T_0000163326,1,0.975747,1
T_0000163341,0,0.023761,0
T_0000163372,1,0.207230,0
T_0000163458,1,0.359357,1
T_0000163497,1,0.985749,1
T_0000163547,0,0.080097,0
T_0000163579,0,0.056697,0
T_0000163589,1,0.220749,0
T_0000163612,1,0.983384,1
T_0000163620,1,0.980531,1
T_0000163633,0,0.123293,0
T_0000163634,0,0.020287,0
T_0000163652,0,0.028985,0
T_0000163669,0,0.042609,0
T_0000163682,0,0.078938,0
T_0000163701,1,0.999020,1
T_0000163729,0,0.092182,0
T_0000163780,0,0.101206,0
T_0000163797,0,0.023921,0
T_0000163832,1,0.968283,1
T_0000163853,1,0.771429,1
T_0000163881,1,0.269439,1
T_0000163896,1,0.982506,1
T_0000163918,0,0.021132,0
T_0000163942,1,0.973711,1
T_0000163951,1,0.981676,1
T_0000163962,1,0.982224,1
T_0000164030,1,0.983209,1
T_0000164033,1,0.992183,1
T_0000164063,0,0.020294,0
T_0000164065,1,0.684127,1
T_0000164080,0,0.042185,0
T_0000164090,1,0.998180,1
T_0000164098,1,0.119717,0
T_0000164129,1,0.504016,1
T_0000164138,1,0.237116,0
T_0000164161,1,0.639211,1
T_0000164173,1,0.707595,1
T_0000164182,0,0.114694,0
T_0000164185,1,0.981192,1
T_0000164193,1,0.894040,1
T_0000164288,0,0.050726,0
T_0000164305,1,0.956479,1
T_0000164312,0,0.135130,0
T_0000164317,1,0.060626,0
T_0000164329,1,0.991036,1
T_0000164334,1,0.635273,1
T_0000164336,1,0.898212,1
T_0000164368,1,0.957928,1
T_0000164371,1,0.992129,1
T_0000164374,1,0.988999,1
T_0000164377,0,0.185020,0
T_0000164412,1,0.981599,1
T_0000164439,1,0.994521,1
T_0000164449,1,0.967233,1
T_0000164460,1,0.991054,1
T_0000164468,1,0.377507,1
T_0000164471,1,0.967421,1
T_0000164478,0,0.044851,0
T_0000164496,1,0.996942,1
T_0000164507,0,0.086362,0
T_0000164508,1,0.712781,1
T_0000164510,0,0.066981,0
T_0000164535,1,0.973569,1
T_0000164554,1,0.999494,1
T_0000164561,1,0.966766,1
T_0000164583,0,0.088873,0
T_0000164654,0,0.029104,0
T_0000164658,1,0.995064,1
T_0000164677,1,0.983338,1
T_0000164686,0,0.073917,0
T_0000164702,1,0.345150,1
T_0000164714,1,0.995673,1
T_0000164717,1,0.927301,1
T_0000164736,1,0.927429,1
T_0000164748,1,0.907784,1
T_0000164783,1,0.982667,1
T_0000164785,1,0.986506,1
T_0000164802,1,0.983691,1
T_0000164804,1,0.461494,1
T_0000164818,0,0.024069,0
T_0000164862,0,0.041295,0
T_0000164874,1,0.971307,1
T_0000164875,1,0.998828,1
T_0000164882,1,0.486091,1
T_0000164884,1,0.998050,1
T_0000164897,0,0.044285,0
T_0000164946,0,0.023393,0
T_0000164986,1,0.998373,1
T_0000165016,0,0.038103,0
T_0000165028,1,0.068487,0
T_0000165029,1,0.986856,1
T_0000165072,1,0.795079,1
T_0000165074,1,0.778596,1
T_0000165101,1,0.993240,1
T_0000165115,1,0.480157,1
T_0000165202,1,0.966709,1
T_0000165222,1,0.993921,1
T_0000165237,1,0.984592,1
T_0000165246,1,0.847434,1
T_0000165271,0,0.158244,0
T_0000165276,0,0.201440,0
T_0000165277,0,0.094616,0
T_0000165281,1,0.373687,1
T_0000165296,1,0.998771,1
T_0000165366,1,0.975124,1
T_0000165369,1,0.979709,1
T_0000165371,1,0.986493,1
T_0000165390,1,0.988723,1
T_0000165395,1,0.964933,1
T_0000165408,0,0.072733,0
T_0000165415,1,0.955831,1
T_0000165421,1,0.604766,1
T_0000165452,0,0.140174,0
T_0000165497,1,0.450466,1
T_0000165515,1,0.984060,1
T_0000165550,1,0.965626,1
T_0000165560,0,0.054278,0
T_0000165562,1,0.997021,1
T_0000165578,0,0.056754,0
T_0000165587,1,0.972794,1
T_0000165601,1,0.990402,1
T_0000165633,1,0.990431,1
T_0000165667,1,0.997235,1
T_0000165668,1,0.964385,1
T_0000165710,0,0.014792,0
T_0000165715,1,0.193341,0
T_0000165723,1,0.977097,1
T_0000165725,1,0.975721,1
T_0000165727,0,0.067271,0
T_0000165780,1,0.792083,1
T_0000165832,1,0.941362,1
T_0000165848,1,0.963091,1
T_0000165871,0,0.082694,0
T_0000165920,0,0.042467,0
T_0000165925,1,0.977456,1
T_0000165942,0,0.014296,0
T_0000165945,1,0.970693,1
T_0000165959,1,0.963697,1
T_0000165967,1,0.988560,1
T_0000165977,0,0.071709,0
T_0000166080,1,0.980292,1
T_0000166083,0,0.013630,0
T_0000166123,1,0.976016,1
T_0000166132,0,0.055689,0
T_0000166140,0,0.071892,0
T_0000166144,1,0.993151,1
T_0000166170,0,0.140082,0
T_0000166172,1,0.989109,1
T_0000166224,0,0.168894,0
T_0000166252,0,0.111009,0
T_0000166263,0,0.025802,0
T_0000166324,1,0.986281,1
T_0000166342,1,0.983789,1
T_0000166343,0,0.051826,0
T_0000166345,1,0.983663,1
T_0000166386,1,0.991337,1
T_0000166395,1,0.969283,1
T_0000166458,1,0.980514,1
T_0000166556,1,0.987869,1
T_0000166591,0,0.009481,0
T_0000166601,1,0.995038,1
T_0000166621,0,0.026738,0
T_0000166628,1,0.989285,1
T_0000166645,0,0.038042,0
T_0000166657,1,0.999097,1
T_0000166672,0,0.041989,0
T_0000166679,0,0.016448,0
T_0000166688,1,0.981599,1
T_0000166691,1,0.995934,1
T_0000166694,0,0.012248,0
T_0000166705,0,0.059076,0
T_0000166707,0,0.017187,0
T_0000166726,1,0.995882,1
T_0000166741,1,0.991761,1
T_0000166749,1,0.986942,1
T_0000166766,1,0.640876,1
T_0000166781,0,0.045591,0
T_0000166784,1,0.563206,1
T_0000166840,1,0.994554,1
T_0000166877,0,0.040036,0
T_0000166880,0,0.034209,0
T_0000166884,1,0.995222,1
T_0000166887,1,0.976474,1
T_0000166896,1,0.992310,1
T_0000166911,0,0.424246,1
T_0000166916,1,0.345000,1
T_0000166964,0,0.068377,0
T_0000167071,1,0.790727,1
T_0000167097,1,0.995814,1
T_0000167110,1,0.966351,1
T_0000167113,1,0.976584,1
T_0000167132,1,0.994563,1
T_0000167167,0,0.022423,0
T_0000167169,1,0.983232,1
T_0000167204,0,0.055439,0
T_0000167247,1,0.979183,1
T_0000167251,1,0.995360,1
T_0000167267,0,0.061882,0
T_0000167277,1,0.156382,0
T_0000167290,0,0.020140,0
T_0000167313,1,0.993168,1
T_0000167329,0,0.009715,0
T_0000167393,1,0.795540,1
T_0000167395,1,0.950987,1
T_0000167396,1,0.951371,1
T_0000167411,1,0.947851,1
T_0000167425,0,0.022526,0
T_0000167446,0,0.074756,0
T_0000167481,1,0.382472,1
T_0000167513,1,0.982382,1
T_0000167520,1,0.995046,1
T_0000167522,0,0.054180,0
T_0000167562,1,0.979576,1
T_0000167573,1,0.993174,1
T_0000167591,0,0.050170,0
T_0000167605,1,0.996641,1
T_0000167609,1,0.987693,1
T_0000167672,0,0.016196,0
T_0000167697,1,0.995535,1
T_0000167715,1,0.621684,1
T_0000167725,1,0.861211,1
T_0000167741,1,0.784094,1
T_0000167792,1,0.998575,1
T_0000167804,0,0.075091,0
T_0000167853,1,0.945639,1
T_0000167854,1,0.991397,1
T_0000167863,0,0.013396,0
T_0000167887,0,0.054714,0
T_0000167923,1,0.989662,1
T_0000167933,1,0.977333,1
T_0000167951,1,0.902746,1
T_0000167980,1,0.989984,1
T_0000167982,1,0.993719,1
T_0000167998,0,0.022977,0
T_0000168004,1,0.327680,1
T_0000168008,0,0.046611,0
T_0000168016,1,0.955133,1
T_0000168023,1,0.988675,1
T_0000168024,0,0.026530,0
T_0000168025,0,0.041741,0
T_0000168034,1,0.999235,1
T_0000168040,1,0.989229,1
T_0000168063,1,0.982426,1
T_0000168075,1,0.999123,1
T_0000168164,1,0.995572,1
T_0000168177,1,0.990389,1
T_0000168186,0,0.024258,0
T_0000168191,1,0.995143,1
T_0000168297,1,0.939161,1
T_0000168303,1,0.988660,1
T_0000168311,1,0.077731,0
T_0000168313,1,0.986094,1
T_0000168348,0,0.032303,0
T_0000168357,0,0.039772,0
T_0000168360,1,0.991743,1
T_0000168373,1,0.998798,1
T_0000168379,1,0.998071,1
T_0000168385,1,0.983852,1
T_0000168387,1,0.988936,1
T_0000168398,1,0.970582,1
T_0000168427,1,0.993562,1
T_0000168442,1,0.998145,1
T_0000168483,0,0.007869,0
T_0000168485,1,0.983066,1
T_0000168512,0,0.123885,0
T_0000168538,0,0.015747,0
T_0000168555,1,0.350097,1
T_0000168557,1,0.994475,1
T_0000168608,0,0.045958,0
T_0000168611,1,0.943835,1
T_0000168636,1,0.995922,1
T_0000168662,1,0.874387,1
T_0000168675,1,0.096530,0
T_0000168685,0,0.016447,0
T_0000168723,1,0.928937,1
T_0000168745,0,0.051182,0
T_0000168758,0,0.112298,0
T_0000168763,1,0.995559,1
T_0000168772,1,0.987386,1
T_0000168829,1,0.988162,1
T_0000168838,0,0.048079,0
T_0000168847,1,0.882515,1
T_0000168853,0,0.022881,0
T_0000168890,0,0.115090,0
T_0000168924,1,0.996573,1
T_0000168939,1,0.996374,1
T_0000168958,0,0.002863,0
T_0000168989,0,0.022299,0
T_0000168997,0,0.137826,0
T_0000169006,0,0.027546,0
T_0000169021,1,0.994493,1
T_0000169045,0,0.080871,0
T_0000169061,1,0.162713,0
T_0000169093,0,0.080380,0
T_0000169129,0,0.195515,0
T_0000169144,0,0.143665,0
T_0000169180,1,0.988571,1
T_0000169215,1,0.990935,1
T_0000169225,0,0.052061,0
T_0000169246,1,0.935074,1
T_0000169253,1,0.984409,1
T_0000169257,1,0.989328,1
T_0000169302,0,0.015959,0
T_0000169353,1,0.945146,1
T_0000169356,0,0.021920,0
T_0000169376,1,0.989630,1
T_0000169418,1,0.041701,0
T_0000169453,1,0.997707,1
T_0000169454,1,0.999284,1
T_0000169456,1,0.997266,1
T_0000169464,1,0.298801,1
T_0000169485,0,0.018218,0
T_0000169517,0,0.014218,0
T_0000169563,0,0.119785,0
T_0000169575,1,0.997558,1
T_0000169577,1,0.997965,1
T_0000169595,0,0.061654,0
T_0000169599,1,0.987483,1
T_0000169628,1,0.965302,1
T_0000169636,0,0.035628,0
T_0000169637,1,0.992404,1
T_0000169654,0,0.057454,0
T_0000169657,1,0.991605,1
T_0000169680,1,0.996044,1
T_0000169706,1,0.993252,1
T_0000169729,0,0.061636,0
T_0000169730,0,0.010432,0
T_0000169737,0,0.069062,0
T_0000169780,1,0.991836,1
T_0000169809,0,0.057549,0
T_0000169811,0,0.028047,0
T_0000169837,1,0.769204,1
T_0000169859,0,0.044944,0
T_0000169864,1,0.990478,1
T_0000169880,0,0.333500,1
T_0000169887,1,0.999460,1
T_0000169904,1,0.998672,1
T_0000169912,1,0.990781,1
T_0000169971,0,0.104026,0
T_0000169974,1,0.986154,1
T_0000169997,1,0.996704,1
T_0000170044,1,0.993527,1
T_0000170046,1,0.995928,1
T_0000170063,0,0.014211,0
T_0000170083,1,0.995684,1
T_0000170102,1,0.996796,1
T_0000170120,0,0.068537,0
T_0000170167,1,0.996847,1
T_0000170174,1,0.992611,1
T_0000170175,0,0.028626,0
T_0000170181,1,0.983168,1
T_0000170185,0,0.032112,0
T_0000170186,1,0.996797,1
T_0000170200,1,0.995976,1
T_0000170204,1,0.993209,1
T_0000170286,1,0.877691,1
T_0000170310,1,0.988900,1
T_0000170359,1,0.995438,1
T_0000170419,1,0.996454,1
T_0000170438,1,0.997492,1
T_0000170447,1,0.992090,1
T_0000170449,0,0.057921,0
T_0000170456,1,0.996903,1
T_0000170470,0,0.188543,0
T_0000170489,0,0.017049,0
T_0000170523,1,0.999250,1
T_0000170526,1,0.972873,1
T_0000170536,1,0.994796,1
T_0000170552,1,0.998121,1
T_0000170602,1,0.998978,1
T_0000170628,1,0.990072,1
T_0000170732,0,0.011764,0
T_0000170737,0,0.028766,0
T_0000170738,1,0.076318,0
T_0000170785,1,0.704525,1
T_0000170786,0,0.101005,0
T_0000170828,1,0.081220,0
T_0000170870,1,0.999610,1
T_0000170891,1,0.958582,1
T_0000170894,1,0.982333,1
T_0000170904,1,0.988869,1
T_0000170927,1,0.984206,1
T_0000170937,0,0.108747,0
T_0000170975,1,0.973267,1
T_0000170995,1,0.804368,1
T_0000171010,1,0.989864,1
T_0000171036,0,0.204193,0
T_0000171066,1,0.998832,1
T_0000171098,1,0.992896,1
T_0000171100,1,0.599432,1
T_0000171122,1,0.995386,1
T_0000171125,1,0.993101,1
T_0000171169,0,0.095228,0
T_0000171185,0,0.016845,0
T_0000171208,1,0.999328,1
T_0000171236,1,0.465462,1
T_0000171280,1,0.939054,1
T_0000171303,1,0.999424,1
T_0000171325,1,0.910755,1
T_0000171371,1,0.986498,1
T_0000171407,1,0.989464,1
T_0000171422,0,0.017775,0
T_0000171423,0,0.163776,0
T_0000171443,0,0.064228,0
T_0000171451,0,0.047323,0
T_0000171459,1,0.980865,1
T_0000171461,1,0.896163,1
T_0000171463,0,0.088292,0
T_0000171472,1,0.362278,1
T_0000171496,1,0.994698,1
T_0000171502,1,0.995092,1
T_0000171517,0,0.019012,0
T_0000171529,1,0.995778,1
T_0000171561,1,0.958559,1
T_0000171576,1,0.965129,1
T_0000171584,1,0.977494,1
T_0000171632,1,0.268232,1
T_0000171640,1,0.564788,1
T_0000171668,1,0.994246,1
T_0000171685,0,0.044541,0
T_0000171690,1,0.575139,1
T_0000171697,1,0.979427,1
T_0000171709,1,0.987763,1
T_0000171723,0,0.132201,0
T_0000171734,1,0.832259,1
T_0000171751,1,0.968858,1
T_0000171774,0,0.025158,0
T_0000171807,1,0.973870,1
T_0000171839,0,0.057597,0
T_0000171841,0,0.056020,0
T_0000171951,1,0.984752,1
T_0000172008,1,0.994929,1
T_0000172017,1,0.992368,1
T_0000172073,1,0.989372,1
T_0000172086,0,0.143270,0
T_0000172110,1,0.993417,1
T_0000172158,1,0.984867,1
T_0000172167,1,0.970050,1
T_0000172173,1,0.992210,1
T_0000172254,0,0.088757,0
T_0000172274,1,0.973045,1
T_0000172312,1,0.956232,1
T_0000172322,0,0.160297,0
T_0000172328,1,0.984296,1
T_0000172353,1,0.994932,1
T_0000172357,1,0.992569,1
T_0000172385,1,0.997482,1
T_0000172432,1,0.400040,1
T_0000172523,0,0.058304,0
T_0000172537,1,0.341825,1
T_0000172550,0,0.024396,0
T_0000172564,1,0.837652,1
T_0000172569,0,0.113086,0
T_0000172649,1,0.987467,1
T_0000172657,0,0.035708,0
T_0000172710,1,0.961259,1
T_0000172711,1,0.997020,1
T_0000172740,1,0.954609,1
T_0000172756,1,0.864349,1
T_0000172771,0,0.197855,0
T_0000172826,1,0.999149,1
T_0000172840,1,0.943898,1
T_0000172844,0,0.128417,0
T_0000172861,0,0.068401,0
T_0000172939,0,0.038448,0
T_0000172949,1,0.732015,1
T_0000172961,1,0.912612,1
T_0000172965,1,0.986084,1
T_0000172978,1,0.983501,1
T_0000173042,1,0.990711,1
T_0000173056,1,0.073115,0
T_0000173098,1,0.988519,1
T_0000173130,1,0.853007,1
T_0000173138,1,0.995735,1
T_0000173172,1,0.958721,1
T_0000173177,1,0.997148,1
T_0000173181,1,0.120767,0
T_0000173183,0,0.152448,0
T_0000173217,1,0.953429,1
T_0000173230,0,0.032226,0
T_0000173244,0,0.053668,0
T_0000173302,1,0.994475,1
T_0000173413,1,0.988899,1
T_0000173445,1,0.996149,1
T_0000173459,1,0.916637,1
T_0000173498,1,0.856032,1
T_0000173499,1,0.990078,1
T_0000173504,1,0.994787,1
T_0000173508,1,0.887840,1
T_0000173518,1,0.999351,1
T_0000173521,0,0.041729,0
T_0000173528,1,0.200868,0
T_0000173552,1,0.946149,1
T_0000173554,1,0.975959,1
T_0000173555,0,0.009354,0
T_0000173567,1,0.139118,0
T_0000173595,0,0.168313,0
T_0000173630,1,0.058381,0
T_0000173632,1,0.653908,1
T_0000173682,0,0.112958,0
T_0000173685,1,0.971780,1
T_0000173695,1,0.984854,1
T_0000173715,1,0.992658,1
T_0000173730,0,0.040735,0
T_0000173743,1,0.975691,1
T_0000173744,1,0.971709,1
T_0000173777,1,0.979617,1
T_0000173850,1,0.660818,1
T_0000173856,0,0.062859,0
T_0000173881,1,0.996009,1
T_0000173883,1,0.484978,1
T_0000173897,1,0.961266,1
T_0000173986,1,0.976130,1
T_0000173994,1,0.984649,1
T_0000174070,1,0.606486,1
T_0000174082,1,0.990560,1
T_0000174087,1,0.990220,1
T_0000174090,1,0.855006,1
T_0000174180,1,0.992637,1
T_0000174196,0,0.042481,0
T_0000174203,0,0.106762,0
T_0000174265,1,0.119782,0
T_0000174294,0,0.049597,0
T_0000174310,1,0.984997,1
T_0000174325,0,0.266846,1
T_0000174330,0,0.036833,0
T_0000174388,1,0.990409,1
T_0000174398,0,0.045593,0
T_0000174427,0,0.031152,0
T_0000174431,1,0.966878,1
T_0000174444,0,0.129512,0
T_0000174450,1,0.991875,1
T_0000174456,1,0.978026,1
T_0000174469,1,0.996795,1
T_0000174550,1,0.405635,1
T_0000174572,0,0.026995,0
T_0000174656,1,0.999198,1
T_0000174680,1,0.172869,0
T_0000174682,1,0.995742,1
T_0000174691,0,0.040267,0
T_0000174699,0,0.025770,0
T_0000174702,1,0.994300,1
T_0000174705,0,0.031713,0
T_0000174747,0,0.052957,0
T_0000174778,0,0.057785,0
T_0000174889,0,0.108062,0
T_0000174896,0,0.099693,0
T_0000174905,1,0.786660,1
T_0000174935,1,0.997268,1
T_0000174941,0,0.084380,0
T_0000174945,1,0.993772,1
T_0000174991,0,0.051465,0
T_0000175000,1,0.882392,1
T_0000175030,1,0.949162,1
T_0000175032,1,0.988901,1
T_0000175068,1,0.998456,1
T_0000175072,1,0.993262,1
T_0000175142,0,0.066169,0
T_0000175166,1,0.969128,1
T_0000175172,0,0.037898,0
T_0000175218,1,0.877019,1
T_0000175221,1,0.934163,1
T_0000175223,0,0.056257,0
T_0000175258,1,0.984385,1
T_0000175271,0,0.045777,0
T_0000175286,1,0.547072,1
T_0000175396,0,0.022242,0
T_0000175483,1,0.982125,1
T_0000175522,1,0.971097,1
T_0000175528,1,0.994956,1
T_0000175540,1,0.941991,1
T_0000175542,0,0.102077,0
T_0000175585,1,0.962754,1
T_0000175615,1,0.128170,0
T_0000175643,1,0.995522,1
T_0000175652,1,0.480487,1
T_0000175705,1,0.098555,0
T_0000175752,0,0.014617,0
T_0000175760,0,0.038651,0
T_0000175772,1,0.937406,1
T_0000175779,1,0.988547,1
T_0000175837,0,0.185346,0
T_0000175890,1,0.997249,1
T_0000175891,1,0.997744,1
T_0000175910,1,0.508124,1
T_0000175926,0,0.057875,0
T_0000175956,0,0.023734,0
T_0000175961,0,0.035533,0
T_0000175985,1,0.997274,1
T_0000175991,0,0.147687,0
T_0000176010,0,0.064454,0
T_0000176028,0,0.034031,0
T_0000176050,1,0.986620,1
T_0000176086,0,0.181467,0
T_0000176106,1,0.971719,1
T_0000176119,0,0.053526,0
T_0000176149,1,0.957573,1
T_0000176185,0,0.019505,0
T_0000176199,1,0.939889,1
T_0000176205,1,0.944172,1
T_0000176233,0,0.008299,0
T_0000176249,1,0.996346,1
T_0000176273,0,0.043131,0
T_0000176289,1,0.989965,1
T_0000176356,1,0.985319,1
T_0000176374,0,0.048939,0
T_0000176389,1,0.987878,1
T_0000176409,1,0.998027,1
T_0000176412,1,0.997587,1
T_0000176420,1,0.997157,1
T_0000176421,1,0.995563,1
T_0000176433,1,0.997653,1
T_0000176439,1,0.997486,1
T_0000176464,0,0.014583,0
T_0000176511,1,0.994347,1
T_0000176525,1,0.989579,1
T_0000176526,1,0.997427,1
T_0000176535,1,0.984300,1
T_0000176540,0,0.046409,0
T_0000176548,1,0.969815,1
T_0000176586,0,0.078736,0
T_0000176587,1,0.937430,1
T_0000176600,1,0.284453,1
T_0000176634,1,0.992359,1
T_0000176711,0,0.035127,0
T_0000176723,1,0.996029,1
T_0000176725,1,0.518565,1
T_0000176728,1,0.977330,1
T_0000176770,0,0.016000,0
T_0000176779,0,0.016132,0
T_0000176782,1,0.994052,1
T_0000176783,1,0.996518,1
T_0000176785,1,0.925752,1
T_0000176812,1,0.995730,1
T_0000176814,1,0.991797,1
T_0000176824,0,0.061987,0
T_0000176843,1,0.978413,1
T_0000176850,1,0.919362,1
T_0000176853,1,0.121603,0
T_0000176859,1,0.992509,1
T_0000176863,1,0.989102,1
T_0000176888,1,0.334153,1
T_0000176912,1,0.991719,1
T_0000176921,1,0.981511,1
T_0000176930,0,0.017485,0
T_0000176946,1,0.051632,0
T_0000176963,1,0.970502,1
T_0000176978,1,0.198087,0
T_0000177017,1,0.807336,1
T_0000177034,1,0.993613,1
T_0000177084,1,0.986028,1
T_0000177131,0,0.179538,0
T_0000177154,1,0.998101,1
T_0000177174,1,0.950039,1
T_0000177184,1,0.135349,0
T_0000177195,1,0.937012,1
T_0000177197,0,0.445317,1
T_0000177250,1,0.144132,0
T_0000177253,0,0.060122,0
T_0000177277,1,0.977463,1
T_0000177304,1,0.991027,1
T_0000177346,1,0.934219,1
T_0000177361,1,0.677920,1
T_0000177417,0,0.059182,0
T_0000177426,0,0.036880,0
T_0000177455,1,0.999020,1
T_0000177464,1,0.989586,1
T_0000177479,1,0.997140,1
T_0000177523,0,0.062249,0
T_0000177543,0,0.027328,0
T_0000177556,1,0.994953,1
T_0000177562,0,0.141317,0
T_0000177610,1,0.640694,1
T_0000177625,0,0.066080,0
T_0000177630,1,0.992923,1
T_0000177683,0,0.093599,0
T_0000177725,1,0.988849,1
T_0000177732,1,0.997617,1
T_0000177847,0,0.029215,0
T_0000177859,1,0.806994,1
T_0000177861,1,0.989717,1
T_0000177863,1,0.982200,1
T_0000177869,0,0.040749,0
T_0000177934,1,0.395244,1
T_0000177937,1,0.939375,1
T_0000177942,1,0.991965,1
T_0000177996,0,0.042568,0
T_0000178007,1,0.971960,1
T_0000178008,1,0.981187,1
T_0000178012,1,0.994192,1
T_0000178027,1,0.834749,1
T_0000178050,1,0.053437,0
T_0000178073,1,0.966534,1
T_0000178093,0,0.028981,0
T_0000178131,1,0.401031,1
T_0000178167,1,0.995641,1
T_0000178184,0,0.093727,0
T_0000178185,1,0.933612,1
T_0000178247,1,0.996262,1
T_0000178284,1,0.504738,1
T_0000178289,1,0.574124,1
T_0000178295,0,0.154818,0
T_0000178300,0,0.085212,0
T_0000178310,0,0.047810,0
T_0000178324,1,0.949963,1
T_0000178338,1,0.992390,1
T_0000178364,1,0.997004,1
T_0000178384,1,0.983160,1
T_0000178400,1,0.999097,1
T_0000178460,1,0.819188,1
T_0000178473,1,0.956612,1
T_0000178481,0,0.039377,0
T_0000178528,0,0.246577,0
T_0000178532,1,0.995805,1
T_0000178536,1,0.982763,1
T_0000178552,1,0.857324,1
T_0000178653,0,0.126618,0
T_0000178659,1,0.985815,1
T_0000178692,1,0.998455,1
T_0000178705,1,0.982425,1
T_0000178810,1,0.999739,1
T_0000178813,1,0.739348,1
T_0000178831,0,0.061297,0
T_0000178858,0,0.019604,0
T_0000178872,1,0.987616,1
T_0000178900,0,0.018339,0
T_0000178901,1,0.983163,1
T_0000178922,0,0.031614,0
T_0000178977,1,0.923116,1
T_0000179009,1,0.936174,1
T_0000179021,0,0.080378,0
T_0000179027,0,0.014845,0
T_0000179044,1,0.989978,1
T_0000179059,0,0.018730,0
T_0000179132,0,0.029823,0
T_0000179147,1,0.995285,1
T_0000179148,1,0.983392,1
T_0000179157,1,0.991689,1
T_0000179170,0,0.427162,1
T_0000179187,0,0.097206,0
T_0000179222,1,0.995862,1
T_0000179223,1,0.988703,1
T_0000179249,1,0.121427,0
T_0000179264,0,0.069047,0
T_0000179266,1,0.986111,1
T_0000179280,0,0.071453,0
T_0000179290,1,0.985895,1
T_0000179313,1,0.994923,1
T_0000179333,1,0.987666,1
T_0000179340,1,0.996417,1
T_0000179365,0,0.114678,0
T_0000179370,0,0.030464,0
T_0000179381,1,0.997749,1
T_0000179383,0,0.035637,0
T_0000179391,0,0.050667,0
T_0000179440,1,0.636712,1
T_0000179465,0,0.111309,0
T_0000179550,1,0.985405,1
T_0000179561,1,0.995689,1
T_0000179576,1,0.963769,1
T_0000179591,1,0.984906,1
T_0000179595,0,0.129004,0
T_0000179611,0,0.059230,0
T_0000179649,0,0.104160,0
T_0000179653,1,0.071618,0
T_0000179681,0,0.026741,0
T_0000179687,1,0.980954,1
T_0000179736,1,0.993147,1
T_0000179744,1,0.993051,1
T_0000179751,0,0.057248,0
T_0000179754,0,0.164407,0
T_0000179755,1,0.972314,1
T_0000179797,0,0.056470,0
T_0000179821,1,0.393401,1
T_0000179835,1,0.926462,1
T_0000179840,0,0.065437,0
T_0000179845,1,0.998234,1
T_0000179848,0,0.100345,0
T_0000179855,1,0.995210,1
T_0000179879,1,0.986927,1
T_0000179905,1,0.280311,1
T_0000179915,1,0.989408,1
T_0000179958,1,0.975151,1
T_0000180016,0,0.082699,0
T_0000180041,0,0.048815,0
T_0000180052,1,0.994467,1
T_0000180057,1,0.986600,1
T_0000180095,0,0.020926,0
T_0000180096,0,0.069129,0
T_0000180101,0,0.165816,0
T_0000180110,0,0.083951,0
T_0000180141,0,0.023241,0
T_0000180170,1,0.986235,1
T_0000180178,1,0.991683,1
T_0000180185,1,0.998542,1
T_0000180212,1,0.983566,1
T_0000180219,1,0.989042,1
T_0000180221,1,0.993626,1
T_0000180237,0,0.011801,0
T_0000180256,1,0.978902,1
T_0000180311,1,0.995130,1
T_0000180327,1,0.991963,1
T_0000180394,0,0.009590,0
T_0000180415,0,0.049873,0
T_0000180425,0,0.011558,0
T_0000180440,1,0.976627,1
T_0000180452,1,0.991995,1
T_0000180477,1,0.703672,1
T_0000180566,1,0.973872,1
T_0000180572,1,0.619005,1
T_0000180663,0,0.061314,0
T_0000180671,1,0.081088,0
T_0000180687,0,0.086945,0
T_0000180711,0,0.022446,0
T_0000180716,0,0.061722,0
T_0000180730,0,0.118920,0
T_0000180750,1,0.501213,1
T_0000180752,1,0.710026,1
T_0000180768,1,0.440019,1
T_0000180789,0,0.029885,0
T_0000180801,1,0.994773,1
T_0000180830,0,0.133974,0
T_0000180840,1,0.986472,1
T_0000180865,0,0.055633,0
T_0000180879,1,0.334343,1
T_0000180883,1,0.993835,1
T_0000180904,0,0.092294,0
T_0000180910,0,0.038552,0
T_0000180914,0,0.031415,0
T_0000180917,0,0.022369,0
T_0000180931,0,0.057613,0
T_0000180960,1,0.994469,1
T_0000180985,1,0.974181,1
T_0000181037,1,0.988209,1
T_0000181057,1,0.742597,1
T_0000181060,1,0.931335,1
T_0000181119,1,0.973984,1
T_0000181137,0,0.215461,0
T_0000181143,1,0.876780,1
T_0000181167,1,0.985165,1
T_0000181178,0,0.133310,0
T_0000181214,1,0.993162,1
T_0000181227,1,0.992152,1
T_0000181260,1,0.824512,1
T_0000181270,0,0.122958,0
T_0000181313,1,0.986010,1
T_0000181420,1,0.968434,1
T_0000181433,1,0.995795,1
T_0000181448,1,0.989283,1
T_0000181486,1,0.988225,1
T_0000181488,0,0.054257,0
T_0000181491,1,0.884497,1
T_0000181504,1,0.663842,1
T_0000181519,1,0.788594,1
T_0000181540,1,0.992663,1
T_0000181569,0,0.023932,0
T_0000181597,0,0.072280,0
T_0000181599,0,0.133206,0
T_0000181620,1,0.998502,1
T_0000181635,1,0.990496,1
T_0000181679,1,0.991495,1
T_0000181703,1,0.952160,1
T_0000181717,0,0.145563,0
T_0000181719,1,0.985376,1
T_0000181774,1,0.896095,1
T_0000181775,1,0.734882,1
T_0000181785,1,0.634493,1
T_0000181792,1,0.968331,1
T_0000181811,1,0.999346,1
T_0000181822,1,0.997159,1
T_0000181843,1,0.977050,1
T_0000181853,0,0.014583,0
T_0000181854,0,0.061914,0
T_0000181861,1,0.990464,1
T_0000181862,1,0.991102,1
T_0000181905,1,0.994028,1
T_0000181924,1,0.995041,1
T_0000181939,1,0.992085,1
T_0000181946,1,0.997370,1
T_0000181962,1,0.979913,1
T_0000181990,1,0.960689,1
T_0000181993,1,0.997352,1
T_0000182010,1,0.998043,1
T_0000182045,1,0.989341,1
T_0000182067,1,0.947423,1
T_0000182076,1,0.993134,1
T_0000182084,1,0.108023,0
T_0000182085,1,0.992128,1
T_0000182093,1,0.967716,1
T_0000182102,1,0.988845,1
T_0000182103,0,0.068662,0
T_0000182108,1,0.988159,1
T_0000182150,1,0.306342,1
T_0000182170,1,0.996531,1
T_0000182173,1,0.996225,1
T_0000182251,1,0.730900,1
T_0000182277,0,0.060083,0
T_0000182302,0,0.174271,0
T_0000182312,1,0.979720,1
T_0000182333,1,0.994083,1
T_0000182339,1,0.947839,1
