utterance_id,true_label,score,pred
D_0000000883,1,0.992843,1
D_0000001114,0,0.193400,0
D_0000001492,0,0.123283,0
D_0000001849,1,0.999564,1
D_0000001912,1,0.999981,1
D_0000002017,1,0.999813,1
D_0000002458,0,0.984755,1
D_0000002857,0,0.073267,0
D_0000003949,0,0.114050,0
D_0000004012,1,0.999950,1
D_0000004054,1,0.999168,1
D_0000004138,0,0.964988,1
D_0000004390,0,0.092706,0
D_0000004474,0,0.061731,0
D_0000005209,0,0.093267,0
D_0000005251,1,0.999956,1
D_0000005356,0,0.630846,0
D_0000005797,1,0.995025,1
D_0000007351,0,0.405659,0
D_0000007435,1,0.999279,1
D_0000007477,1,0.998836,1
D_0000007645,1,0.999893,1
D_0000007729,0,0.571445,0
D_0000008149,0,0.193101,0
D_0000008338,0,0.093022,0
D_0000008506,0,0.074505,0
D_0000009346,0,0.065323,0
D_0000009472,0,0.090128,0
D_0000010018,1,0.068279,0
D_0000010270,1,0.983704,1
D_0000010543,0,0.065232,0
D_0000011068,1,0.997218,1
D_0000011992,1,0.999104,1
D_0000012202,1,0.999819,1
D_0000012412,1,0.999710,1
D_0000013042,1,0.996537,1
D_0000013273,1,0.997914,1
D_0000013567,0,0.177318,0
D_0000014113,0,0.913426,1
D_0000014155,0,0.087487,0
D_0000014449,1,0.996880,1
D_0000014617,1,0.183866,0
D_0000015058,1,0.999705,1
D_0000015247,1,0.999874,1
D_0000015289,1,0.998403,1
D_0000016150,1,0.999813,1
D_0000016801,1,0.999933,1
D_0000016885,1,0.999176,1
D_0000017095,1,0.999981,1
D_0000017368,0,0.209029,0
D_0000017746,0,0.018752,0
D_0000017767,0,0.132729,0
D_0000017809,0,0.578480,0
D_0000018271,0,0.047230,0
D_0000018481,1,0.986031,1
D_0000018523,0,0.093345,0
D_0000018628,0,0.125508,0
D_0000018733,1,0.998795,1
D_0000019552,0,0.770201,1
D_0000020014,0,0.095321,0
D_0000020119,1,0.999508,1
D_0000020392,1,0.959098,1
D_0000020812,0,0.239155,0
D_0000021295,1,0.094260,0
D_0000021505,1,0.956288,1
D_0000021568,0,0.167243,0
D_0000021673,0,0.571102,0
D_0000022765,0,0.212034,0
D_0000022870,1,0.986000,1
D_0000023164,0,0.041906,0
D_0000023374,1,0.354301,0
D_0000024361,0,0.605395,0
D_0000024382,0,0.155554,0
D_0000024487,0,0.181027,0
D_0000024970,1,0.998060,1
D_0000025642,1,0.999544,1
D_0000025936,1,0.950545,1
D_0000026125,1,0.999667,1
D_0000026314,0,0.555529,0
D_0000026356,1,0.997896,1
D_0000026923,1,0.999869,1
D_0000027091,1,0.994283,1
D_0000027217,0,0.022893,0
D_0000028162,1,0.073203,0
D_0000028204,0,0.750767,1
D_0000028330,0,0.053829,0
D_0000028351,0,0.511235,0
D_0000028393,1,0.999151,1
D_0000028414,1,0.999785,1
D_0000028477,1,0.999954,1
D_0000028540,1,0.995037,1
D_0000028771,1,0.999379,1
D_0000029191,1,0.989933,1
D_0000029233,0,0.464080,0
D_0000029380,1,0.999361,1
D_0000029422,1,0.999576,1
D_0000029695,1,0.999984,1
D_0000029821,0,0.141601,0
D_0000029926,1,0.069637,0
D_0000030367,1,0.061559,0
D_0000030619,0,0.049845,0
D_0000030787,1,0.982210,1
D_0000031018,0,0.153615,0
D_0000031438,0,0.187169,0
D_0000031543,1,0.998924,1
D_0000032236,1,0.998544,1
D_0000032257,0,0.061112,0
D_0000032572,0,0.124772,0
D_0000032614,0,0.163694,0
D_0000032929,0,0.064317,0
D_0000033055,0,0.086636,0
D_0000033181,0,0.878667,1
D_0000033265,1,0.991401,1
D_0000033328,1,0.999353,1
D_0000033370,1,0.112472,0
D_0000033580,1,0.999937,1
D_0000033622,1,0.994106,1
D_0000034210,1,0.999029,1
D_0000034231,1,0.999293,1
D_0000034924,1,0.999421,1
D_0000035281,1,0.999313,1
D_0000035449,0,0.462042,0
D_0000035575,1,0.325916,0
D_0000036016,0,0.256484,0
D_0000036079,1,0.981511,1
D_0000036163,0,0.460607,0
D_0000036184,0,0.150186,0
D_0000036793,0,0.360608,0
D_0000037570,1,0.999505,1
D_0000037675,1,0.999288,1
D_0000037843,0,0.747146,1
D_0000038578,0,0.073215,0
D_0000038662,0,0.035289,0
D_0000038683,1,0.998401,1
D_0000038830,0,0.155793,0
D_0000039082,1,0.998932,1
D_0000039229,1,0.996087,1
D_0000040342,0,0.101847,0
D_0000040426,1,0.999829,1
D_0000040699,1,0.999933,1
D_0000040972,0,0.852818,1
D_0000041161,1,0.999605,1
D_0000041266,0,0.059308,0
D_0000042295,0,0.123528,0
D_0000042757,0,0.078624,0
D_0000042883,0,0.156501,0
D_0000043261,0,0.111849,0
D_0000043618,0,0.062435,0
D_0000043849,1,0.180555,0
D_0000044437,0,0.282908,0
D_0000044899,0,0.065242,0
D_0000044941,0,0.090023,0
D_0000044962,0,0.017936,0
D_0000045067,0,0.073922,0
D_0000045193,0,0.679503,1
D_0000045823,1,0.999734,1
D_0000045970,0,0.708637,1
D_0000046243,0,0.204343,0
D_0000046264,0,0.750368,1
D_0000046495,0,0.241270,0
D_0000046894,1,0.046519,0
D_0000047398,1,0.991337,1
D_0000047440,0,0.144615,0
D_0000047608,1,0.999799,1
D_0000047839,1,0.986673,1
D_0000048196,1,0.999354,1
D_0000048574,1,0.999921,1
D_0000048784,0,0.978221,1
D_0000048847,0,0.120677,0
D_0000049015,0,0.021703,0
D_0000049477,1,0.995794,1
D_0000049624,1,0.197858,0
D_0000049981,1,0.999990,1
D_0000050086,1,0.999668,1
D_0000050506,1,0.986374,1
D_0000050548,1,0.283192,0
D_0000050653,0,0.129263,0
D_0000050905,0,0.108679,0
D_0000051115,1,0.998603,1
D_0000051430,0,0.072481,0
D_0000051493,1,0.996858,1
D_0000051598,1,0.984915,1
D_0000052165,0,0.354159,0
D_0000052312,0,0.999974,1
D_0000052396,0,0.161441,0
D_0000052900,0,0.093009,0
D_0000054118,1,0.052593,0
D_0000054769,0,0.163492,0
D_0000055462,1,0.999605,1
D_0000055672,1,0.995826,1
D_0000055987,1,0.999977,1
D_0000056239,0,0.087237,0
D_0000056365,0,0.225725,0
D_0000056533,1,0.999688,1
D_0000056554,1,0.996726,1
D_0000056806,0,0.233275,0
D_0000056827,1,0.189249,0
D_0000057100,1,0.999804,1
D_0000057247,0,0.167294,0
D_0000057814,0,0.056688,0
D_0000057835,1,0.998606,1
D_0000058444,1,0.988395,1
D_0000058549,1,0.999857,1
D_0000058612,1,0.996817,1
D_0000058969,1,0.995198,1
D_0000059011,0,0.991832,1
D_0000059158,1,0.984408,1
D_0000059662,1,0.999737,1
D_0000059767,1,0.991948,1
D_0000060019,1,0.999614,1
D_0000060187,0,0.096437,0
D_0000060691,0,0.068752,0
D_0000060901,0,0.118189,0
D_0000061405,0,0.100662,0
D_0000061447,1,0.998627,1
D_0000061636,0,0.094181,0
D_0000061951,1,0.998829,1
D_0000062602,0,0.089715,0
D_0000062665,1,0.998582,1
D_0000062686,1,0.994020,1
D_0000062875,1,0.998826,1
D_0000063232,1,0.999614,1
D_0000063463,0,0.195792,0
D_0000063484,0,0.300959,0
D_0000063589,0,0.043108,0
D_0000063631,0,0.460109,0
D_0000063925,0,0.134489,0
D_0000064093,1,0.999474,1
D_0000064156,1,0.980176,1
D_0000064744,0,0.142683,0
D_0000064849,1,0.999334,1
D_0000064870,0,0.341675,0
D_0000065290,1,0.966675,1
D_0000065479,1,0.951380,1
D_0000065710,1,0.994650,1
D_0000065878,1,0.998527,1
D_0000066781,0,0.112758,0
D_0000067201,1,0.645530,0
D_0000067243,1,0.999659,1
D_0000067348,0,0.415602,0
D_0000067705,0,0.182587,0
D_0000067768,0,0.569936,0
D_0000068020,0,0.440829,0
D_0000068461,0,0.150866,0
D_0000068755,1,0.992516,1
D_0000069154,1,0.984523,1
D_0000069574,1,0.999857,1
D_0000069763,0,0.099442,0
D_0000069868,1,0.999986,1
D_0000069973,1,0.984505,1
D_0000070162,1,0.134963,0
D_0000070288,0,0.024586,0
D_0000070414,0,0.785723,1
D_0000070561,0,0.064980,0
D_0000070918,0,0.113098,0
D_0000071128,1,0.999960,1
D_0000071338,1,0.987496,1
D_0000071359,0,0.172586,0
D_0000071527,1,0.997097,1
D_0000071674,0,0.188046,0
D_0000072346,0,0.113205,0
D_0000073459,1,0.999244,1
D_0000073753,1,0.997162,1
D_0000075223,0,0.046949,0
D_0000075265,0,0.171109,0
D_0000075286,0,0.061485,0
D_0000075328,0,0.260693,0
D_0000075517,0,0.116827,0
D_0000075601,1,0.998434,1
D_0000077533,1,0.223367,0
D_0000077995,0,0.161559,0
D_0000078268,0,0.075774,0
D_0000078310,1,0.996712,1
D_0000078562,1,0.999996,1
D_0000078730,1,0.997737,1
D_0000078751,0,0.136303,0
D_0000079129,0,0.215215,0
D_0000079570,0,0.102695,0
D_0000080053,1,0.997784,1
D_0000080410,0,0.522003,0
D_0000081607,0,0.066038,0
D_0000082300,1,0.999962,1
D_0000082573,1,0.999456,1
D_0000082657,1,0.999209,1
D_0000082699,1,0.998789,1
D_0000082888,1,0.997721,1
D_0000082930,1,0.112945,0
D_0000083182,1,0.829455,1
D_0000083392,1,0.997880,1
D_0000083644,0,0.191188,0
D_0000083707,1,0.995924,1
D_0000083854,1,0.994516,1
D_0000084379,1,0.999952,1
D_0000084442,0,0.069242,0
D_0000084589,1,0.154689,0
D_0000084631,0,0.417977,0
D_0000084673,0,0.096370,0
D_0000084820,0,0.881463,1
D_0000084904,1,0.992092,1
D_0000084967,1,0.994440,1
D_0000085198,0,0.103045,0
D_0000085240,1,0.977249,1
D_0000085996,1,0.998962,1
D_0000086332,0,0.462367,0
D_0000087025,1,0.997758,1
D_0000087487,1,0.987581,1
D_0000087550,1,0.999041,1
D_0000087592,0,0.079111,0
D_0000088537,1,0.995861,1
D_0000089083,1,0.999193,1
D_0000089104,1,0.998333,1
D_0000089335,1,0.996530,1
D_0000089608,0,0.357132,0
D_0000089839,1,0.989018,1
D_0000090028,1,0.996024,1
D_0000090343,0,0.054473,0
D_0000090511,0,0.474938,0
D_0000090931,0,0.784454,1
D_0000091120,0,0.183848,0
D_0000091393,0,0.194461,0
D_0000091540,0,0.101885,0
D_0000091708,1,0.999479,1
D_0000091771,0,0.049589,0
D_0000091855,0,0.179548,0
D_0000092128,1,0.998394,1
D_0000092632,1,0.999608,1
D_0000092863,1,0.990818,1
D_0000093367,1,0.993751,1
D_0000093703,0,0.161496,0
D_0000093745,0,0.172621,0
D_0000093766,0,0.029040,0
D_0000094375,1,0.995242,1
D_0000094480,0,0.110725,0
D_0000094774,1,0.984184,1
D_0000095131,1,0.999958,1
D_0000095320,1,0.975374,1
D_0000095362,0,0.220617,0
D_0000095509,0,0.027284,0
D_0000095908,1,0.966709,1
D_0000096433,1,0.225802,0
D_0000096496,0,0.357344,0
D_0000097462,1,0.791951,1
D_0000097756,0,0.083254,0
D_0000098281,1,0.999860,1
D_0000098344,0,0.112020,0
D_0000098407,1,0.999017,1
D_0000098512,1,0.998215,1
D_0000098617,1,0.981717,1
D_0000098785,1,0.974409,1
D_0000098953,0,0.476533,0
D_0000099058,0,0.090497,0
D_0000099163,0,0.020723,0
D_0000099226,0,0.777881,1
D_0000099331,0,0.107903,0
D_0000099667,1,0.976536,1
D_0000099961,1,0.999655,1
D_0000100129,0,0.667411,0
D_0000100381,0,0.129243,0
D_0000101032,1,0.991727,1
D_0000101074,1,0.999642,1
D_0000101179,1,0.969561,1
D_0000101494,1,0.998821,1
D_0000101914,0,0.071875,0
D_0000103069,1,0.990487,1
D_0000103363,1,0.999441,1
D_0000103405,1,0.135374,0
D_0000103720,1,0.998466,1
D_0000104077,0,0.100742,0
D_0000104980,0,0.039708,0
D_0000105127,0,0.117222,0
D_0000105316,1,0.998242,1
D_0000105400,0,0.861809,1
D_0000105505,1,0.999977,1
D_0000105526,0,0.112987,0
D_0000105652,0,0.295822,0
D_0000105799,0,0.042142,0
D_0000106093,0,0.891953,1
D_0000106177,1,0.368236,0
D_0000106513,1,0.977713,1
D_0000106870,0,0.058907,0
D_0000106891,0,0.051007,0
D_0000107353,0,0.045478,0
D_0000108046,1,0.983544,1
D_0000108088,0,0.883528,1
D_0000108550,0,0.190458,0
D_0000108634,1,0.999327,1
D_0000109369,0,0.884403,1
D_0000109600,0,0.127413,0
D_0000109663,0,0.176522,0
D_0000109978,1,0.998941,1
D_0000110986,1,0.999467,1
D_0000111595,0,0.192986,0
D_0000111784,1,0.999940,1
D_0000111805,1,0.999970,1
D_0000111826,1,0.999108,1
D_0000112246,1,0.999977,1
D_0000112456,1,0.245976,0
D_0000112477,1,0.999222,1
D_0000112561,0,0.159534,0
D_0000112687,1,0.997657,1
D_0000113107,1,0.367203,0
D_0000113212,0,0.105597,0
D_0000113443,0,0.485799,0
D_0000113569,0,0.867889,1
D_0000114220,0,0.514850,0
D_0000114304,0,0.914725,1
D_0000115144,1,0.999604,1
D_0000115459,1,0.235064,0
D_0000115585,1,0.991960,1
D_0000115753,0,0.248812,0
D_0000116782,1,0.999408,1
D_0000116908,1,0.198219,0
D_0000117076,0,0.158337,0
D_0000117496,0,0.390521,0
D_0000117580,0,0.079057,0
D_0000117748,0,0.080193,0
D_0000117979,0,0.408405,0
D_0000118105,1,0.975121,1
D_0000118273,0,0.089140,0
D_0000118819,1,0.998565,1
D_0000118903,0,0.133485,0
D_0000119281,0,0.757336,1
D_0000119323,0,0.050052,0
D_0000119365,1,0.999916,1
D_0000119470,0,0.209827,0
D_0000120583,0,0.065124,0
D_0000121507,1,0.991852,1
D_0000122074,1,0.195371,0
D_0000122368,0,0.097954,0
D_0000122536,1,0.991452,1
D_0000122641,1,0.999954,1
D_0000123187,1,0.999576,1
D_0000123544,0,0.125494,0
D_0000123649,1,0.988273,1
D_0000123712,1,0.997999,1
D_0000124363,0,0.031125,0
D_0000124447,1,0.999189,1
D_0000125497,1,0.995768,1
D_0000125812,1,0.022331,0
D_0000126211,1,0.999903,1
D_0000126379,1,0.999071,1
D_0000126673,0,0.312069,0
D_0000127135,0,0.071203,0
D_0000128080,0,0.367187,0
D_0000128206,1,0.997727,1
D_0000128248,0,0.598052,0
D_0000128332,1,0.999127,1
D_0000128857,0,0.290222,0
D_0000128920,1,0.326424,0
D_0000129340,1,0.992482,1
D_0000129382,0,0.091280,0
D_0000129445,0,0.108927,0
D_0000130537,0,0.063050,0
D_0000131104,0,0.033087,0
D_0000131146,1,0.999029,1
D_0000131251,0,0.677036,1
D_0000131461,0,0.048243,0
D_0000131503,1,0.985416,1
D_0000131734,1,0.999896,1
D_0000132070,1,0.993124,1
D_0000132364,1,0.974565,1
D_0000133099,1,0.999430,1
D_0000133120,0,0.789605,1
D_0000133246,1,0.968143,1
D_0000133267,1,0.984015,1
D_0000133351,1,0.999451,1
D_0000133477,1,0.999956,1
D_0000133918,0,0.968495,1
D_0000134338,0,0.131258,0
D_0000134359,1,0.999957,1
D_0000134632,1,0.999667,1
D_0000134989,1,0.999597,1
D_0000135094,0,0.132135,0
D_0000135283,1,0.976337,1
D_0000135493,1,0.999423,1
D_0000135661,1,0.998389,1
D_0000135682,0,0.157963,0
D_0000135787,0,0.823153,1
D_0000136207,0,0.129203,0
D_0000136375,0,0.240523,0
D_0000136879,1,0.997000,1
D_0000136900,0,0.181987,0
D_0000137089,0,0.181084,0
D_0000137131,1,0.999279,1
D_0000137173,0,0.060862,0
D_0000137341,1,0.999973,1
D_0000137383,1,0.999923,1
D_0000137740,0,0.103363,0
D_0000137782,0,0.110350,0
D_0000137824,1,0.143473,0
D_0000137866,1,0.993952,1
D_0000138034,0,0.044690,0
D_0000138139,0,0.201919,0
D_0000139063,1,0.999396,1
D_0000139126,0,0.075528,0
D_0000139231,1,0.056952,0
D_0000139441,1,0.999858,1
D_0000139525,0,0.263809,0
D_0000139546,0,0.206360,0
D_0000139672,1,0.192817,0
D_0000139882,1,0.999724,1
D_0000139924,1,0.999898,1
D_0000141226,0,0.032730,0
D_0000141373,1,0.291694,0
D_0000142213,0,0.742142,1
D_0000142234,1,0.999607,1
D_0000142360,1,0.999414,1
D_0000142528,1,0.993153,1
D_0000142759,0,0.163318,0
D_0000143116,1,0.976270,1
D_0000143221,1,0.997593,1
D_0000143872,1,0.994363,1
D_0000144313,1,0.086315,0
D_0000144733,0,0.161872,0
D_0000145048,1,0.999772,1
D_0000145153,1,0.981033,1
D_0000145342,1,0.999968,1
D_0000145741,1,0.995676,1
D_0000145888,0,0.214447,0
D_0000146140,1,0.989147,1
D_0000147295,1,0.998889,1
D_0000148450,1,0.998696,1
D_0000149311,0,0.056950,0
D_0000149395,1,0.973162,1
D_0000149500,0,0.074627,0
D_0000149710,0,0.937740,1
D_0000149794,0,0.290253,0
D_0000150004,0,0.952672,1
D_0000150214,1,0.998137,1
D_0000151642,1,0.998532,1
D_0000151873,0,0.244903,0
D_0000152461,1,0.997916,1
D_0000152839,1,0.998739,1
D_0000152944,1,0.999241,1
D_0000152986,0,0.207594,0
D_0000153511,1,0.998547,1
D_0000153700,1,0.999658,1
D_0000154057,1,0.971189,1
D_0000154099,1,0.999726,1
D_0000155233,1,0.997914,1
D_0000156283,0,0.202050,0
D_0000156346,0,0.082855,0
D_0000156577,1,0.966507,1
D_0000156892,1,0.106720,0
D_0000156997,0,0.044156,0
D_0000157060,0,0.323445,0
D_0000157165,0,0.105421,0
D_0000157438,1,0.999273,1
D_0000157501,1,0.993232,1
D_0000157711,1,0.107342,0
D_0000157774,1,0.461895,0
D_0000158152,0,0.189678,0
D_0000158530,1,0.999506,1
D_0000158719,1,0.999219,1
D_0000159370,0,0.097263,0
D_0000159685,0,0.121926,0
D_0000160042,1,0.994074,1
D_0000160147,0,0.138248,0
D_0000160273,1,0.995362,1
D_0000160378,1,0.998683,1
D_0000161743,0,0.157194,0
D_0000162163,1,0.999808,1
D_0000162436,0,0.124783,0
D_0000162604,1,0.998207,1
D_0000162709,0,0.162268,0
D_0000163276,0,0.071283,0
D_0000163801,1,0.981327,1
D_0000164032,0,0.467648,0
D_0000164599,0,0.460833,0
D_0000165019,1,0.997931,1
D_0000165103,1,0.999458,1
D_0000165229,0,0.202407,0
D_0000166048,1,0.928263,1
D_0000166090,1,0.068221,0
D_0000166783,1,0.928407,1
D_0000167014,1,0.998870,1
D_0000167098,0,0.181466,0
D_0000167749,1,0.994731,1
D_0000167770,1,0.999078,1
D_0000167875,0,0.072744,0
D_0000168001,0,0.096910,0
D_0000168148,1,0.999910,1
D_0000168316,0,0.152276,0
D_0000168358,0,0.046374,0
D_0000168484,0,0.055168,0
D_0000168610,1,0.999690,1
D_0000169303,1,0.991956,1
D_0000169408,1,0.186038,0
D_0000169513,1,0.046062,0
D_0000169639,1,0.999262,1
D_0000170185,0,0.072248,0
D_0000170437,1,0.998783,1
D_0000170500,1,0.999552,1
D_0000170794,1,0.088627,0
D_0000171739,1,0.999294,1
D_0000172432,0,0.311202,0
D_0000173104,1,0.996400,1
D_0000173377,1,0.996629,1
D_0000173461,1,0.994049,1
D_0000173587,1,0.992626,1
D_0000174784,0,0.229862,0
D_0000174805,1,0.999964,1
D_0000174868,0,0.050449,0
D_0000174889,0,0.746521,1
D_0000175267,0,0.140359,0
D_0000175309,1,0.998773,1
D_0000175897,0,0.141375,0
D_0000175981,1,0.900581,1
D_0000176044,1,0.995541,1
D_0000176065,0,0.896738,1
D_0000176443,1,0.999708,1
D_0000176611,1,0.999161,1
D_0000176842,0,0.404757,0
D_0000177997,1,0.998390,1
D_0000178375,1,0.999872,1
D_0000178627,0,0.193653,0
D_0000179026,1,0.999270,1
D_0000179068,0,0.792756,1
D_0000179341,1,0.999671,1
D_0000179383,1,0.999052,1
D_0000179446,0,0.081106,0
D_0000179593,0,0.702527,1
D_0000179908,0,0.135587,0
D_0000180853,1,0.999951,1
D_0000181042,1,0.998626,1
D_0000181084,1,0.139981,0
D_0000181525,1,0.966011,1
D_0000181777,1,0.999388,1
D_0000181840,1,0.530665,0
D_0000182764,1,0.209869,0
D_0000183583,0,0.310873,0
D_0000183877,1,0.994049,1
D_0000184066,1,0.999730,1
D_0000184738,1,0.989041,1
D_0000184780,0,0.501979,0
D_0000184843,1,0.998419,1
D_0000185053,1,0.996233,1
D_0000185074,0,0.194908,0
D_0000185179,1,0.999224,1
D_0000185263,0,0.296366,0
D_0000185431,1,0.131144,0
D_0000185767,1,0.141621,0
D_0000186019,0,0.092108,0
D_0000186964,1,0.995595,1
D_0000186985,1,0.996159,1
D_0000187153,1,0.984284,1
D_0000187384,0,0.072980,0
D_0000187678,1,0.064620,0
D_0000188812,1,0.991768,1
D_0000188854,1,0.995380,1
D_0000189358,1,0.999610,1
D_0000189904,1,0.147280,0
D_0000190093,1,0.970212,1
D_0000190261,1,0.999057,1
D_0000190912,0,0.166681,0
D_0000191017,0,0.074005,0
D_0000191710,0,0.043045,0
D_0000192004,0,0.100122,0
D_0000192445,1,0.974526,1
D_0000193033,1,0.188665,0
D_0000193096,1,0.998924,1
D_0000193264,0,0.018997,0
D_0000193537,1,0.977726,1
D_0000193894,1,0.998134,1
D_0000193978,0,0.033133,0
D_0000194167,0,0.052193,0
D_0000194188,1,0.999464,1
D_0000194230,0,0.032107,0
D_0000194272,0,0.860890,1
D_0000194776,0,0.080031,0
D_0000194839,0,0.039380,0
D_0000194944,0,0.136007,0
D_0000195385,1,0.651667,0
D_0000195637,0,0.304219,0
D_0000196624,1,0.110378,0
D_0000196897,1,0.999334,1
D_0000196960,1,0.987752,1
D_0000196981,1,0.065038,0
D_0000197380,0,0.129521,0
D_0000197737,0,0.096610,0
D_0000197779,0,0.915550,1
D_0000198136,1,0.994478,1
D_0000198955,1,0.999929,1
D_0000198997,1,0.985658,1
D_0000199459,0,0.126384,0
D_0000199543,0,0.089219,0
D_0000199669,1,0.960853,1
D_0000199711,0,0.230398,0
D_0000199858,1,0.999114,1
D_0000200173,1,0.999971,1
D_0000200362,1,0.995852,1
D_0000200446,1,0.999932,1
D_0000201076,0,0.052343,0
D_0000201139,0,0.096766,0
D_0000201391,1,0.996762,1
D_0000201475,1,0.999444,1
D_0000201916,0,0.096863,0
D_0000201979,1,0.953308,1
D_0000202693,1,0.999769,1
D_0000202777,0,0.131217,0
D_0000202840,1,0.999894,1
D_0000202945,0,0.090361,0
D_0000203008,0,0.894413,1
D_0000203260,1,0.999827,1
D_0000203449,0,0.138745,0
D_0000204121,1,0.999885,1
D_0000204226,1,0.998133,1
D_0000204478,0,0.141258,0
D_0000204688,0,0.147679,0
D_0000204709,1,0.999521,1
D_0000205066,1,0.983137,1
D_0000205486,0,0.118790,0
D_0000205927,1,0.964078,1
D_0000206767,0,0.076695,0
D_0000208552,0,0.236020,0
D_0000208573,1,0.973652,1
D_0000208657,0,0.337113,0
D_0000208846,1,0.996779,1
D_0000208993,1,0.986244,1
D_0000209308,1,0.986041,1
D_0000209539,0,0.108893,0
D_0000209854,0,0.107456,0
D_0000210652,0,0.092699,0
D_0000211240,0,0.434760,0
D_0000211975,0,0.086319,0
D_0000212122,1,0.290817,0
D_0000212773,1,0.961801,1
D_0000213067,1,0.999283,1
D_0000213298,1,0.997859,1
D_0000213382,1,0.850524,1
D_0000213949,1,0.999964,1
D_0000215104,0,0.130701,0
D_0000215293,0,0.435185,0
D_0000215839,0,0.035774,0
D_0000216133,1,0.999924,1
D_0000216574,0,0.107881,0
D_0000216595,0,0.108539,0
D_0000216700,0,0.040290,0
D_0000216952,1,0.999373,1
D_0000217036,0,0.224557,0
D_0000217540,1,0.999993,1
D_0000217624,0,0.109211,0
D_0000217729,1,0.937046,1
D_0000217771,0,0.861481,1
D_0000217981,1,0.999357,1
D_0000218149,0,0.078333,0
D_0000218275,1,0.998336,1
D_0000218359,0,0.316221,0
D_0000218380,1,0.991505,1
D_0000218695,0,0.376489,0
D_0000218779,0,0.226229,0
D_0000218863,1,0.995743,1
D_0000219178,0,0.213198,0
D_0000219472,1,0.162178,0
D_0000219556,1,0.998583,1
D_0000219661,1,0.983493,1
D_0000220396,1,0.999682,1
D_0000220501,1,0.161305,0
D_0000221446,0,0.213528,0
D_0000221677,0,0.357610,0
D_0000221698,1,0.994145,1
D_0000221719,1,0.972344,1
D_0000221824,0,0.272253,0
D_0000222013,0,0.042666,0
D_0000222181,1,0.990218,1
D_0000222496,1,0.996272,1
D_0000223294,0,0.936790,1
D_0000223399,1,0.996823,1
D_0000223714,0,0.478323,0
D_0000223966,0,0.161292,0
D_0000224176,1,0.999343,1
D_0000224281,1,0.999102,1
D_0000224533,1,0.999408,1
D_0000224617,0,0.112469,0
D_0000224932,1,0.999716,1
D_0000225016,0,0.050061,0
D_0000225184,0,0.228283,0
D_0000225331,0,0.249370,0
D_0000225352,0,0.738089,1
D_0000225478,1,0.999926,1
D_0000225520,1,0.999291,1
D_0000225625,1,0.994068,1
D_0000225814,1,0.999522,1
D_0000225961,1,0.999370,1
D_0000226024,0,0.290560,0
D_0000226234,1,0.998030,1
D_0000226339,1,0.803366,1
D_0000226528,1,0.996840,1
D_0000226696,1,0.999695,1
D_0000226843,0,0.195429,0
D_0000226864,1,0.999311,1
D_0000227116,0,0.273961,0
D_0000227158,1,0.997542,1
D_0000228166,0,0.142505,0
D_0000228292,1,0.999773,1
D_0000228418,0,0.264220,0
D_0000228838,1,0.999927,1
D_0000229216,1,0.999539,1
D_0000231169,1,0.999919,1
D_0000231484,0,0.852350,1
D_0000232051,0,0.068779,0
D_0000232114,1,0.999004,1
D_0000232177,1,0.947371,1
D_0000232429,1,0.994674,1
D_0000232744,0,0.134183,0
D_0000232828,1,0.181113,0
D_0000233143,1,0.996685,1
D_0000233605,0,0.036245,0
D_0000233941,0,0.969861,1
D_0000234004,0,0.186812,0
D_0000234025,1,0.998942,1
D_0000234130,1,0.999010,1
D_0000234214,1,0.981409,1
D_0000234319,0,0.060988,0
D_0000234361,1,0.999938,1
D_0000234592,0,0.032363,0
D_0000234739,0,0.176852,0
D_0000234970,1,0.999888,1
D_0000235096,1,0.206577,0
D_0000235411,0,0.056318,0
D_0000235684,1,0.101336,0
D_0000235726,1,0.080037,0
D_0000235957,0,0.076851,0
D_0000236461,0,0.971859,1
D_0000236482,1,0.995914,1
D_0000236776,1,0.997573,1
D_0000236965,1,0.927535,1
D_0000237028,0,0.111021,0
D_0000237616,1,0.999901,1
D_0000238561,1,0.094357,0
D_0000238792,1,0.612898,0
D_0000238897,0,0.070164,0
D_0000239170,0,0.188815,0
D_0000239254,1,0.998338,1
D_0000239401,1,0.998556,1
D_0000239695,0,0.101286,0
D_0000239926,0,0.938561,1
D_0000240241,0,0.139732,0
D_0000240262,1,0.999659,1
D_0000240451,0,0.112076,0
D_0000240472,0,0.251290,0
D_0000240619,0,0.096913,0
D_0000241186,1,0.999788,1
D_0000241228,1,0.999647,1
D_0000241291,1,0.459668,0
D_0000241396,1,0.999928,1
D_0000241480,1,0.999784,1
D_0000241837,0,0.174678,0
D_0000242740,1,0.997540,1
D_0000242971,1,0.925089,1
D_0000243034,1,0.276744,0
D_0000243076,0,0.082147,0
D_0000243139,1,0.932106,1
D_0000243160,1,0.999166,1
D_0000243412,1,0.999980,1
D_0000243454,0,0.618458,0
D_0000243643,1,0.999925,1
D_0000244525,0,0.195831,0
D_0000244756,1,0.090181,0
D_0000244861,1,0.999988,1
D_0000244924,0,0.106697,0
D_0000244945,1,0.998605,1
D_0000245071,1,0.999497,1
D_0000245218,0,0.952429,1
D_0000245449,1,0.999894,1
D_0000245491,1,0.997459,1
D_0000245743,0,0.133807,0
D_0000245848,0,0.074858,0
D_0000246562,1,0.981755,1
D_0000247234,0,0.172964,0
D_0000247360,1,0.997470,1
D_0000248305,0,0.027685,0
D_0000248620,1,0.999921,1
D_0000248641,0,0.088989,0
D_0000248662,1,0.998313,1
D_0000248977,0,0.878113,1
D_0000249229,0,0.114796,0
D_0000249355,1,0.994654,1
D_0000249607,1,0.430169,0
D_0000249733,0,0.187975,0
D_0000249985,0,0.249921,0
D_0000250090,0,0.682793,1
D_0000250720,0,0.075543,0
D_0000251098,0,0.155316,0
D_0000252022,1,0.999528,1
D_0000252064,1,0.999981,1
D_0000252967,1,0.999347,1
D_0000253177,0,0.129991,0
D_0000253261,1,0.999956,1
D_0000253660,1,0.995635,1
D_0000253681,0,0.373513,0
D_0000253723,0,0.165200,0
D_0000254143,0,0.056309,0
D_0000254269,0,0.179494,0
D_0000254500,0,0.180671,0
D_0000254668,0,0.117225,0
D_0000255004,0,0.145958,0
D_0000255403,0,0.129330,0
D_0000255697,1,0.998911,1
D_0000256075,1,0.981717,1
D_0000256264,0,0.044189,0
D_0000256558,0,0.125577,0
D_0000256579,0,0.221423,0
D_0000256684,1,0.996828,1
D_0000256810,0,0.072695,0
D_0000256873,0,0.048673,0
D_0000258322,0,0.205049,0
D_0000258889,1,0.999438,1
D_0000259099,1,0.981909,1
D_0000259372,1,0.998984,1
D_0000259813,1,0.988952,1
D_0000260191,1,0.998095,1
D_0000260338,1,0.998750,1
D_0000260401,0,0.084342,0
D_0000261199,0,0.903503,1
D_0000261787,0,0.740756,1
D_0000261871,1,0.998233,1
D_0000262060,1,0.999920,1
D_0000262270,1,0.992740,1
D_0000262522,0,0.060072,0
D_0000262585,1,0.997943,1
D_0000262711,0,0.178517,0
D_0000262795,1,0.999845,1
D_0000262900,1,0.103671,0
D_0000262984,0,0.161573,0
D_0000263005,0,0.099979,0
D_0000263782,0,0.065320,0
D_0000264055,1,0.999838,1
D_0000264664,1,0.998473,1
D_0000264748,1,0.957822,1
D_0000264790,1,0.999923,1
D_0000265903,0,0.677087,1
D_0000266680,1,0.999606,1
D_0000266764,0,0.599780,0
D_0000267163,1,0.999988,1
D_0000267268,0,0.306116,0
D_0000267583,1,0.162879,0
D_0000267982,0,0.152339,0
D_0000268108,1,0.994100,1
D_0000268171,0,0.529805,0
D_0000269011,0,0.041054,0
D_0000269431,1,0.150947,0
D_0000269704,0,0.153139,0
D_0000269725,0,0.975595,1
D_0000269788,1,0.999976,1
D_0000269977,0,0.245338,0
D_0000270061,1,0.998588,1
D_0000270334,1,0.999415,1
D_0000270586,1,0.999586,1
D_0000270859,1,0.999345,1
D_0000270943,0,0.183357,0
D_0000271048,1,0.137768,0
D_0000271174,0,0.246932,0
D_0000271594,0,0.116768,0
D_0000271783,1,0.990553,1
D_0000272560,0,0.134631,0
D_0000272581,1,0.995159,1
D_0000272644,0,0.580764,0
D_0000273127,1,0.979803,1
D_0000273190,1,0.999974,1
D_0000273358,1,0.999989,1
D_0000273421,0,0.087509,0
D_0000273715,1,0.995722,1
D_0000273778,0,0.160256,0
D_0000273862,0,0.117981,0
D_0000273925,1,0.996028,1
D_0000274366,1,0.068819,0
D_0000274513,1,0.999102,1
D_0000274576,1,0.967574,1
D_0000274870,0,0.102385,0
D_0000274933,1,0.057839,0
D_0000275269,1,0.999425,1
D_0000275521,0,0.833687,1
D_0000275836,0,0.139672,0
D_0000275962,0,0.161991,0
D_0000276067,1,0.221296,0
D_0000276508,1,0.084385,0
D_0000276550,0,0.107500,0
D_0000276991,1,0.999621,1
D_0000277012,1,0.988488,1
D_0000277054,1,0.999973,1
D_0000277096,0,0.104533,0
D_0000277285,1,0.164905,0
D_0000277390,0,0.063807,0
D_0000277705,1,0.999990,1
D_0000277789,0,0.096263,0
D_0000278251,1,0.989827,1
D_0000278356,0,0.192449,0
D_0000278650,0,0.091565,0
D_0000278839,0,0.217565,0
D_0000278986,1,0.998751,1
D_0000279049,0,0.051428,0
D_0000279070,0,0.061387,0
D_0000279658,1,0.994400,1
D_0000280204,1,0.999965,1
D_0000280225,1,0.178176,0
D_0000280351,1,0.999425,1
D_0000280729,1,0.840114,1
D_0000281023,0,0.051876,0
D_0000281758,0,0.062970,0
D_0000282220,0,0.037363,0
D_0000282745,1,0.041493,0
D_0000282787,1,0.996550,1
D_0000282976,0,0.186734,0
D_0000283039,1,0.148566,0
D_0000283081,0,0.063005,0
D_0000283207,0,0.201239,0
D_0000283564,1,0.996059,1
D_0000283606,1,0.998655,1
D_0000283627,0,0.129144,0
D_0000284047,1,0.974213,1
D_0000284068,1,0.974086,1
D_0000284278,1,0.106774,0
D_0000284341,1,0.999560,1
D_0000284362,0,0.087142,0
D_0000284383,1,0.999973,1
D_0000284656,1,0.080862,0
D_0000285412,1,0.999527,1
D_0000285769,0,0.054076,0
D_0000285958,1,0.973067,1
D_0000286420,1,0.997986,1
D_0000287029,0,0.132736,0
D_0000287449,0,0.190677,0
D_0000287512,0,0.225615,0
D_0000288121,0,0.087120,0
D_0000288205,1,0.997993,1
D_0000288373,0,0.206646,0
D_0000288394,0,0.050109,0
D_0000288751,1,0.999964,1
D_0000288877,1,0.102710,0
D_0000289024,0,0.150642,0
D_0000289087,0,0.141233,0
D_0000289486,0,0.194222,0
D_0000289528,1,0.999179,1
D_0000289864,1,0.999461,1
D_0000290032,0,0.872000,1
D_0000291082,0,0.077192,0
D_0000291397,1,0.999676,1
D_0000291649,1,0.999236,1
D_0000293287,0,0.337471,0
D_0000293707,1,0.999156,1
D_0000294106,0,0.041898,0
D_0000294211,0,0.138476,0
D_0000294358,0,0.438464,0
D_0000294400,1,0.999840,1
D_0000295093,1,0.993709,1
D_0000295387,1,0.995742,1
D_0000295975,1,0.998222,1
D_0000296311,1,0.999845,1
D_0000296731,0,0.056600,0
D_0000296962,1,0.999449,1
D_0000297403,0,0.135339,0
D_0000297487,1,0.993439,1
D_0000297571,0,0.139350,0
D_0000297886,1,0.996382,1
D_0000297949,0,0.169553,0
D_0000298201,0,0.125773,0
D_0000298537,0,0.196997,0
D_0000298768,1,0.999736,1
D_0000299083,1,0.999446,1
D_0000299965,0,0.312984,0
D_0000300490,1,0.999653,1
D_0000301015,1,0.992793,1
D_0000301246,1,0.999767,1
D_0000301729,1,0.999618,1
D_0000301813,1,0.172467,0
D_0000302275,1,0.999689,1
D_0000302422,1,0.999484,1
D_0000302821,0,0.818598,1
D_0000302926,1,0.999809,1
D_0000302968,0,0.094177,0
D_0000303871,0,0.096248,0
D_0000304102,1,0.938414,1
D_0000304417,1,0.999681,1
D_0000304480,0,0.401317,0
D_0000304606,0,0.152418,0
D_0000304690,0,0.132160,0
D_0000304900,1,0.999370,1
D_0000304942,0,0.025891,0
D_0000305152,1,0.992668,1
D_0000305278,1,0.144817,0
D_0000305866,1,0.178190,0
D_0000306328,1,0.995616,1
D_0000306559,0,0.096753,0
D_0000307126,0,0.061128,0
D_0000307420,0,0.089441,0
D_0000307924,0,0.100507,0
D_0000308092,0,0.142979,0
D_0000308218,1,0.999710,1
D_0000308785,0,0.077010,0
D_0000308995,0,0.837998,1
D_0000309205,1,0.999523,1
D_0000309520,1,0.077450,0
D_0000309541,1,0.192334,0
D_0000309814,1,0.999371,1
D_0000310339,0,0.034006,0
D_0000310381,0,0.325352,0
D_0000310927,1,0.995904,1
D_0000311158,0,0.914999,1
D_0000311305,1,0.930582,1
D_0000311704,0,0.060403,0
D_0000311956,1,0.999969,1
D_0000312376,0,0.089107,0
D_0000312460,1,0.999991,1
D_0000312586,0,0.661448,0
D_0000312628,0,0.106679,0
D_0000312712,0,0.097175,0
D_0000312901,1,0.980075,1
D_0000312922,0,0.400517,0
D_0000313174,1,0.975670,1
D_0000313363,0,0.233431,0
D_0000313762,0,0.243903,0
D_0000314350,0,0.046560,0
D_0000314392,0,0.051904,0
D_0000314518,1,0.999641,1
D_0000314623,1,0.997194,1
D_0000315295,0,0.059270,0
D_0000315484,0,0.062381,0
D_0000315904,1,0.999813,1
D_0000316345,1,0.998677,1
D_0000316450,0,0.099355,0
D_0000316597,0,0.406508,0
D_0000316639,1,0.999512,1
D_0000316765,0,0.100161,0
D_0000317521,0,0.992756,1
D_0000317773,1,0.999940,1
D_0000318634,1,0.999985,1
D_0000319054,1,0.999950,1
D_0000319495,1,0.362731,0
D_0000320230,1,0.999220,1
D_0000320272,1,0.990945,1
D_0000320839,0,0.926675,1
D_0000321049,1,0.978547,1
D_0000321217,1,0.999863,1
D_0000321616,0,0.083396,0
D_0000321763,0,0.161845,0
D_0000321847,0,0.093902,0
D_0000322015,0,0.044311,0
D_0000323548,0,0.090526,0
D_0000323716,1,0.999794,1
D_0000324010,1,0.999703,1
D_0000324073,1,0.999464,1
D_0000325060,0,0.074684,0
D_0000325396,1,0.686338,1
D_0000326173,0,0.149130,0
D_0000326278,1,0.999183,1
D_0000326404,0,0.049539,0
D_0000326467,1,0.999838,1
D_0000326530,0,0.179944,0
D_0000327118,1,0.129450,0
D_0000327181,1,0.999929,1
D_0000327244,1,0.999593,1
D_0000327433,0,0.047599,0
D_0000327727,1,0.994709,1
D_0000328882,1,0.195588,0
D_0000329113,0,0.100442,0
D_0000329197,1,0.999985,1
D_0000329260,0,0.171322,0
D_0000330016,0,0.339456,0
D_0000330037,1,0.999640,1
D_0000330100,0,0.224248,0
D_0000330289,0,0.228720,0
D_0000330457,1,0.998889,1
D_0000330478,1,0.999674,1
D_0000330499,0,0.406172,0
D_0000330604,1,0.999457,1
D_0000330646,1,0.075801,0
D_0000330709,1,0.997869,1
D_0000330793,1,0.165399,0
D_0000331129,1,0.130002,0
D_0000331171,0,0.563991,0
D_0000331339,1,0.999208,1
D_0000331675,1,0.999958,1
D_0000331696,1,0.999943,1
D_0000332095,0,0.015551,0
D_0000332683,0,0.255663,0
D_0000332746,1,0.998206,1
D_0000333355,1,0.998836,1
D_0000333880,1,0.093973,0
D_0000334132,1,0.999896,1
D_0000334447,0,0.216790,0
D_0000334657,0,0.134796,0
D_0000334678,1,0.999640,1
D_0000335980,0,0.043461,0
D_0000336253,0,0.158320,0
D_0000336379,1,0.999738,1
D_0000336421,1,0.917038,1
D_0000336610,1,0.999567,1
D_0000336673,1,0.999192,1
D_0000336736,1,0.999725,1
D_0000336862,1,0.999817,1
D_0000337009,0,0.054078,0
D_0000337303,0,0.202381,0
D_0000337576,1,0.556778,0
D_0000338080,1,0.997863,1
D_0000338248,1,0.992547,1
D_0000338647,0,0.078199,0
D_0000338773,1,0.998241,1
D_0000338857,0,0.068705,0
D_0000339193,0,0.511168,0
D_0000339403,0,0.092302,0
D_0000339508,0,0.094342,0
D_0000339550,1,0.998629,1
D_0000339676,0,0.651392,0
D_0000339844,1,0.996072,1
D_0000340054,0,0.024562,0
D_0000340495,0,0.177254,0
D_0000340684,0,0.085044,0
D_0000340705,0,0.222882,0
D_0000340894,0,0.089712,0
D_0000340936,0,0.088149,0
D_0000341230,1,0.999402,1
D_0000341629,0,0.200981,0
D_0000342574,1,0.999294,1
D_0000342742,1,0.999464,1
D_0000343561,1,0.960574,1
D_0000344002,1,0.700287,1
D_0000344044,0,0.171266,0
D_0000344569,1,0.997200,1
D_0000344632,0,0.196115,0
D_0000345157,0,0.841886,1
D_0000345199,1,0.984205,1
D_0000345661,0,0.292067,0
D_0000345703,1,0.999585,1
D_0000346165,1,0.987579,1
D_0000346186,0,0.475971,0
D_0000346207,0,0.039776,0
D_0000346228,0,0.117171,0
D_0000346522,1,0.946835,1
D_0000346732,1,0.999885,1
D_0000346837,1,0.987921,1
D_0000346900,1,0.988263,1
D_0000346942,1,0.117673,0
D_0000347299,0,0.086308,0
D_0000347551,1,0.078960,0
D_0000347677,1,0.110825,0
D_0000348139,1,0.998588,1
D_0000348181,0,0.114217,0
D_0000348328,1,0.999326,1
D_0000348496,1,0.912688,1
D_0000349210,0,0.929935,1
D_0000349231,1,0.989304,1
D_0000350029,0,0.559658,0
D_0000350428,0,0.140687,0
D_0000350449,0,0.278606,0
D_0000350470,1,0.999676,1
D_0000350701,0,0.369770,0
D_0000350995,0,0.069247,0
D_0000351058,1,0.999559,1
D_0000351121,0,0.183778,0
D_0000351499,0,0.451111,0
D_0000352108,1,0.994556,1
D_0000352213,1,0.224916,0
D_0000352444,0,0.112126,0
D_0000352528,1,0.999703,1
D_0000352570,1,0.998471,1
D_0000352864,1,0.999633,1
D_0000352969,0,0.083291,0
D_0000353599,0,0.170898,0
D_0000354166,0,0.069807,0
D_0000354397,1,0.999960,1
D_0000354523,1,0.668945,0
D_0000354565,1,0.998544,1
D_0000354586,1,0.960078,1
D_0000354670,0,0.276801,0
D_0000354712,0,0.122723,0
D_0000355111,0,0.280105,0
D_0000355930,0,0.070227,0
D_0000356077,0,0.067806,0
D_0000356224,1,0.996584,1
D_0000356266,1,0.996451,1
D_0000356308,1,0.997659,1
D_0000356833,0,0.084743,0
D_0000357631,1,0.998288,1
D_0000357694,1,0.999870,1
D_0000358009,0,0.337780,0
D_0000359017,1,0.998684,1
D_0000359815,1,0.806229,1
D_0000359878,0,0.128424,0
D_0000360109,0,0.107664,0
D_0000360172,1,0.999470,1
D_0000360277,1,0.999542,1
D_0000360340,0,0.163880,0
D_0000360991,1,0.988784,1
D_0000361096,1,0.972441,1
D_0000361243,0,0.094939,0
D_0000361537,1,0.999923,1
D_0000361894,0,0.022469,0
D_0000362104,0,0.068719,0
D_0000362839,1,0.860141,1
D_0000363448,0,0.450248,0
D_0000363637,1,0.999811,1
D_0000364330,1,0.998883,1
D_0000365002,0,0.207640,0
D_0000365065,1,0.950562,1
D_0000366535,0,0.226330,0
D_0000367018,1,0.999988,1
D_0000367732,0,0.091097,0
D_0000368488,0,0.052949,0
D_0000369937,1,0.999353,1
D_0000370021,1,0.999573,1
D_0000370168,0,0.052389,0
D_0000370315,0,0.069741,0
D_0000370483,1,0.999410,1
D_0000370504,0,0.083073,0
D_0000371428,0,0.084613,0
D_0000371491,1,0.984118,1
D_0000371575,1,0.997410,1
D_0000371764,1,0.999279,1
D_0000372100,0,0.025998,0
D_0000372289,0,0.060822,0
D_0000372415,0,0.285502,0
D_0000372856,0,0.094925,0
D_0000373339,1,0.999513,1
D_0000373822,1,0.871762,1
D_0000373843,1,0.999915,1
D_0000374746,1,0.999701,1
D_0000375208,0,0.850673,1
D_0000375733,0,0.169048,0
D_0000375754,0,0.331866,0
D_0000376048,1,0.999727,1
D_0000376321,0,0.064335,0
D_0000376531,1,0.994460,1
D_0000376615,1,0.999461,1
D_0000378484,1,0.998726,1
D_0000378589,0,0.061489,0
D_0000378736,0,0.194820,0
D_0000378904,1,0.983401,1
D_0000379156,0,0.276924,0
D_0000379807,1,0.997977,1
D_0000380059,1,0.998976,1
D_0000380101,0,0.149676,0
D_0000380626,1,0.999842,1
D_0000380647,1,0.999609,1
D_0000380752,0,0.051289,0
D_0000380773,1,0.999888,1
D_0000382012,0,0.401359,0
D_0000382327,1,0.999762,1
D_0000382726,0,0.033612,0
D_0000382852,0,0.902294,1
D_0000383377,1,0.998019,1
D_0000383503,1,0.999369,1
D_0000383524,1,0.999615,1
D_0000383692,1,0.988544,1
D_0000383755,0,0.143980,0
D_0000383797,0,0.762269,1
D_0000383944,1,0.999747,1
D_0000383965,0,0.099136,0
D_0000384574,1,0.999962,1
D_0000385141,0,0.057117,0
D_0000386044,0,0.089011,0
D_0000386065,0,0.045373,0
D_0000386191,1,0.999787,1
D_0000386233,1,0.158099,0
D_0000386485,0,0.059067,0
D_0000387031,1,0.993220,1
D_0000387304,1,0.948686,1
D_0000387619,1,0.990003,1
D_0000387766,0,0.157477,0
D_0000387913,0,0.150809,0
D_0000387934,0,0.086348,0
D_0000388018,1,0.990202,1
D_0000388249,1,0.055773,0
D_0000388438,1,0.999262,1
D_0000388669,0,0.550031,0
D_0000388732,1,0.999544,1
D_0000388963,1,0.991695,1
D_0000389152,1,0.091622,0
D_0000389635,1,0.993936,1
D_0000389803,0,0.177978,0
D_0000389845,1,0.889155,1
D_0000389866,0,0.074109,0
D_0000390097,1,0.999897,1
D_0000392617,0,0.249575,0
D_0000393016,0,0.141854,0
D_0000393037,0,0.211410,0
D_0000393163,0,0.125806,0
D_0000393205,1,0.999383,1
D_0000393268,1,0.992701,1
D_0000393373,1,0.995088,1
D_0000393814,0,0.137678,0
D_0000394024,1,0.999058,1
D_0000394444,1,0.997355,1
D_0000394507,0,0.081953,0
D_0000394843,1,0.994859,1
D_0000394948,0,0.116452,0
D_0000395200,1,0.998767,1
D_0000396439,0,0.148751,0
D_0000396649,1,0.999373,1
D_0000396712,1,0.979063,1
D_0000397195,1,0.997882,1
D_0000397237,1,0.999923,1
D_0000397384,1,0.999846,1
D_0000397405,1,0.999312,1
D_0000397510,1,0.997195,1
D_0000397888,0,0.407999,0
D_0000398035,1,0.999592,1
D_0000398245,0,0.221845,0
D_0000398854,1,0.998918,1
D_0000399505,1,0.999930,1
D_0000399526,1,0.953399,1
D_0000399841,0,0.157375,0
D_0000400135,1,0.989937,1
D_0000400576,0,0.053354,0
D_0000401206,0,0.167625,0
D_0000401227,1,0.987705,1
D_0000401353,0,0.124189,0
D_0000402004,1,0.998997,1
D_0000402151,1,0.999682,1
D_0000402193,1,0.999813,1
D_0000402277,1,0.998866,1
D_0000403033,1,0.991259,1
D_0000403054,1,0.113425,0
D_0000403369,0,0.165055,0
D_0000403579,0,0.033503,0
D_0000404272,1,0.996977,1
D_0000404482,1,0.997440,1
D_0000405070,1,0.999608,1
D_0000405238,0,0.595493,0
D_0000405595,1,0.999382,1
D_0000406267,1,0.999651,1
D_0000407359,1,0.994883,1
D_0000407422,1,0.999578,1
D_0000407527,1,0.999115,1
D_0000408178,1,0.997787,1
D_0000408262,0,0.322358,0
D_0000408367,1,0.999437,1
D_0000408703,0,0.030161,0
D_0000409081,0,0.064726,0
D_0000409375,1,0.998015,1
D_0000409585,1,0.983799,1
D_0000410341,1,0.985950,1
D_0000410446,1,0.999802,1
D_0000410656,1,0.999985,1
D_0000411034,1,0.999596,1
D_0000411244,0,0.084541,0
D_0000411391,1,0.999818,1
D_0000411475,1,0.412205,0
D_0000411706,1,0.991812,1
D_0000411790,1,0.999781,1
D_0000411853,0,0.227139,0
D_0000412063,1,0.997126,1
D_0000412294,1,0.132110,0
D_0000412588,0,0.092525,0
D_0000412693,1,0.999492,1
D_0000412819,1,0.991590,1
D_0000412840,0,0.072334,0
D_0000412945,0,0.093342,0
D_0000413008,1,0.999897,1
D_0000413197,1,0.996371,1
D_0000414940,0,0.205794,0
D_0000415024,1,0.119899,0
D_0000415318,1,0.516475,0
D_0000415507,0,0.072426,0
D_0000415570,0,0.061233,0
D_0000415696,0,0.027821,0
D_0000415990,0,0.182169,0
D_0000416011,1,0.998768,1
D_0000416830,1,0.983995,1
D_0000417187,0,0.148519,0
D_0000417439,1,0.982529,1
D_0000417607,1,0.964552,1
D_0000418321,1,0.983099,1
D_0000419686,1,0.999167,1
D_0000420337,1,0.900537,1
D_0000420421,0,0.184477,0
D_0000420610,1,0.999886,1
D_0000421051,0,0.134862,0
D_0000421282,1,0.999827,1
D_0000422416,0,0.054087,0
D_0000422962,1,0.997956,1
D_0000423004,0,0.073702,0
D_0000423046,1,0.999939,1
D_0000423655,0,0.067605,0
D_0000423802,0,0.046095,0
D_0000424012,1,0.999500,1
D_0000424180,0,0.137539,0
D_0000424747,0,0.080905,0
D_0000425125,1,0.999919,1
D_0000425272,0,0.186044,0
D_0000425608,0,0.787409,1
D_0000425713,1,0.999606,1
D_0000425965,1,0.101444,0
D_0000426763,1,0.991282,1
D_0000428317,0,0.096800,0
D_0000428338,0,0.081102,0
D_0000428632,1,0.991494,1
D_0000428842,1,0.989017,1
D_0000428905,1,0.948695,1
D_0000429115,0,0.225422,0
D_0000429199,1,0.999904,1
D_0000429241,1,0.999931,1
D_0000429514,1,0.999699,1
D_0000429535,1,0.998625,1
D_0000429577,1,0.999894,1
D_0000429598,1,0.999179,1
D_0000429934,1,0.999936,1
D_0000430396,0,0.098771,0
D_0000430480,0,0.264177,0
D_0000431425,1,0.991725,1
D_0000431530,1,0.996052,1
D_0000431551,1,0.062807,0
D_0000432013,1,0.998005,1
D_0000432286,1,0.996376,1
D_0000432559,0,0.207358,0
D_0000432895,0,0.128142,0
D_0000433042,1,0.974057,1
D_0000433168,1,0.999593,1
D_0000433357,1,0.999100,1
D_0000433588,1,0.986996,1
D_0000433714,1,0.999740,1
D_0000433798,0,0.074990,0
D_0000434071,1,0.990873,1
D_0000434218,1,0.106815,0
D_0000435268,0,0.045126,0
D_0000435583,1,0.971658,1
D_0000435898,1,0.999816,1
D_0000436129,0,0.247371,0
D_0000436738,1,0.999821,1
D_0000437179,1,0.643445,0
D_0000437242,0,0.071569,0
D_0000437704,0,0.042387,0
D_0000437851,1,0.999064,1
D_0000437893,0,0.227334,0
D_0000437977,0,0.147466,0
D_0000439888,1,0.999716,1
D_0000439909,0,0.170866,0
D_0000440035,1,0.999922,1
D_0000440287,1,0.999152,1
D_0000440476,1,0.999586,1
D_0000441022,1,0.999905,1
D_0000441064,1,0.996857,1
D_0000441085,1,0.993136,1
D_0000441442,0,0.132124,0
D_0000442429,0,0.333702,0
D_0000442492,1,0.999184,1
D_0000442534,0,0.090140,0
D_0000442618,0,0.066218,0
D_0000443101,1,0.994757,1
D_0000443122,1,0.999808,1
D_0000443353,0,0.083923,0
D_0000443542,0,0.095655,0
D_0000443626,1,0.999938,1
D_0000443773,1,0.156205,0
D_0000444130,0,0.156874,0
D_0000444718,1,0.982860,1
D_0000444823,0,0.047996,0
D_0000444928,1,0.999761,1
D_0000444991,1,0.999609,1
D_0000445075,1,0.140164,0
D_0000445474,0,0.109387,0
D_0000445894,1,0.994828,1
D_0000445915,0,0.039710,0
D_0000446503,0,0.069947,0
D_0000446566,1,0.999814,1
D_0000446902,0,0.167629,0
D_0000447196,1,0.987304,1
D_0000447427,0,0.180970,0
D_0000447721,0,0.190022,0
D_0000448078,0,0.244534,0
D_0000449212,1,0.998340,1
D_0000449254,0,0.040496,0
D_0000449611,1,0.996814,1
D_0000449905,1,0.080695,0
D_0000450325,0,0.106908,0
D_0000450997,1,0.995141,1
D_0000451144,0,0.099067,0
D_0000451438,1,0.999825,1
D_0000451606,0,0.251666,0
D_0000451942,1,0.954818,1
D_0000451984,1,0.998813,1
D_0000452194,0,0.150303,0
D_0000452299,1,0.994218,1
D_0000452509,1,0.157812,0
D_0000452740,1,0.999515,1
D_0000453097,0,0.083337,0
D_0000453328,0,0.843083,1
D_0000453349,0,0.281574,0
D_0000453370,1,0.131305,0
D_0000453664,1,0.999305,1
D_0000453979,1,0.086478,0
D_0000454189,1,0.706196,1
D_0000454294,0,0.243714,0
D_0000454420,0,0.181936,0
D_0000454462,1,0.983079,1
D_0000454504,1,0.999105,1
D_0000454756,0,0.072186,0
D_0000454903,0,0.289537,0
D_0000455869,1,0.993793,1
D_0000455890,0,0.093795,0
D_0000456037,0,0.023490,0
D_0000456079,1,0.998829,1
D_0000456163,1,0.066687,0
D_0000456226,1,0.082625,0
D_0000456457,1,0.998007,1
D_0000456688,0,0.114149,0
D_0000456709,0,0.118024,0
D_0000456730,0,0.202600,0
D_0000456940,1,0.985442,1
D_0000457087,0,0.105253,0
D_0000457360,1,0.998442,1
D_0000457696,0,0.036173,0
D_0000457864,1,0.968445,1
D_0000458704,0,0.083743,0
D_0000458767,1,0.999627,1
D_0000458809,1,0.996997,1
D_0000459082,0,0.134049,0
D_0000459376,0,0.046412,0
D_0000459607,1,0.997076,1
D_0000459775,1,0.995262,1
D_0000459859,1,0.992592,1
D_0000460069,0,0.316994,0
D_0000460174,0,0.247718,0
D_0000460216,0,0.078491,0
D_0000460594,0,0.114163,0
D_0000461119,1,0.999462,1
D_0000461434,1,0.996574,1
D_0000462211,1,0.349462,0
D_0000462295,0,0.252479,0
D_0000462316,0,0.084105,0
D_0000462463,0,0.654359,0
D_0000462715,0,0.979803,1
D_0000462925,0,0.076293,0
D_0000462988,0,0.262106,0
D_0000463534,1,0.100968,0
D_0000464479,0,0.029163,0
D_0000464584,1,0.967778,1
D_0000464689,1,0.996358,1
D_0000464815,0,0.067382,0
D_0000465445,0,0.037741,0
D_0000466012,0,0.036634,0
D_0000466264,0,0.054235,0
D_0000466873,0,0.159131,0
D_0000466978,0,0.054727,0
D_0000467734,1,0.986695,1
D_0000468196,1,0.990328,1
D_0000468805,1,0.999746,1
D_0000470044,0,0.219467,0
D_0000470401,1,0.977523,1
D_0000470716,1,0.990636,1
D_0000470926,0,0.105046,0
D_0000471157,1,0.999587,1
D_0000471199,0,0.225329,0
D_0000471367,1,0.999759,1
D_0000471619,1,0.999377,1
D_0000471682,0,0.125884,0
D_0000472207,1,0.987690,1
D_0000472522,1,0.989428,1
D_0000473026,1,0.999140,1
D_0000473824,1,0.068260,0
D_0000473971,0,0.160473,0
D_0000474013,1,0.413924,0
D_0000474265,1,0.998738,1
D_0000474622,1,0.999266,1
D_0000475063,1,0.999456,1
D_0000475126,1,0.995428,1
D_0000475147,1,0.996256,1
D_0000475294,1,0.991758,1
D_0000475336,1,0.999717,1
D_0000475441,1,0.999251,1
D_0000475630,1,0.994235,1
D_0000475819,0,0.049896,0
D_0000475882,0,0.416870,0
D_0000476785,1,0.995450,1
D_0000476869,1,0.999376,1
D_0000477016,0,0.726337,1
D_0000477100,1,0.998841,1
D_0000477457,1,0.176972,0
D_0000477793,0,0.967259,1
D_0000477856,1,0.998892,1
D_0000478402,0,0.298612,0
D_0000478507,0,0.097666,0
D_0000478549,1,0.994211,1
D_0000478612,0,0.950176,1
D_0000478675,1,0.999834,1
D_0000478738,0,0.084172,0
D_0000478822,1,0.998254,1
D_0000478885,0,0.225598,0
D_0000478906,0,0.034698,0
D_0000479011,1,0.529402,0
D_0000479347,1,0.995333,1
D_0000479452,1,0.061250,0
D_0000480019,0,0.155852,0
D_0000480523,1,0.999310,1
D_0000481132,0,0.402000,0
D_0000481468,0,0.201514,0
D_0000481573,1,0.999968,1
D_0000481972,1,0.999122,1
D_0000482287,1,0.999427,1
D_0000482560,1,0.999938,1
D_0000482980,1,0.912437,1
D_0000483001,1,0.993897,1
D_0000483106,0,0.157424,0
D_0000483211,1,0.998984,1
D_0000483274,1,0.999190,1
D_0000483484,1,0.978770,1
D_0000483757,1,0.999957,1
D_0000483799,0,0.283500,0
D_0000484072,0,0.156885,0
D_0000484324,1,0.991234,1
D_0000485311,0,0.181227,0
D_0000485542,1,0.996894,1
D_0000485836,0,0.097518,0
D_0000486277,1,0.258608,0
D_0000486445,1,0.941849,1
D_0000486613,1,0.536870,0
D_0000487033,1,0.999425,1
D_0000487117,1,0.999375,1
D_0000487180,0,0.133430,0
D_0000487495,0,0.236472,0
D_0000487642,1,0.999610,1
D_0000487852,0,0.080437,0
D_0000488356,0,0.187491,0
D_0000488482,1,0.941202,1
D_0000488629,0,0.035053,0
D_0000489028,1,0.985909,1
D_0000489154,1,0.998799,1
D_0000489175,0,0.041025,0
D_0000489763,0,0.100472,0
D_0000489784,1,0.999951,1
D_0000490351,0,0.177830,0
D_0000490435,1,0.999002,1
D_0000490456,0,0.029872,0
D_0000490645,0,0.142554,0
D_0000490687,0,0.166463,0
D_0000490771,0,0.149963,0
D_0000490960,1,0.997354,1
D_0000491170,0,0.133009,0
D_0000491191,0,0.387911,0
D_0000491212,1,0.986113,1
D_0000491485,0,0.065824,0
D_0000491737,1,0.059500,0
D_0000491989,0,0.136365,0
D_0000492178,1,0.999759,1
D_0000492577,0,0.127341,0
D_0000493522,1,0.995579,1
D_0000493627,1,0.636581,0
D_0000493669,0,0.254741,0
D_0000493858,1,0.999984,1
D_0000494068,1,0.996205,1
D_0000494299,1,0.990875,1
D_0000495181,0,0.069000,0
D_0000495286,1,0.999756,1
D_0000495412,1,0.997063,1
D_0000495454,0,0.139387,0
D_0000495874,1,0.204750,0
D_0000495937,1,0.998782,1
D_0000495958,1,0.999876,1
D_0000496315,1,0.986421,1
D_0000496399,0,0.098590,0
D_0000496756,1,0.998830,1
D_0000497512,1,0.152819,0
D_0000497659,0,0.132588,0
D_0000498058,1,0.999932,1
D_0000498205,1,0.981601,1
D_0000498268,1,0.999826,1
D_0000498289,0,0.130411,0
D_0000498310,1,0.514636,0
D_0000498961,1,0.995602,1
D_0000499087,0,0.026686,0
D_0000499276,0,0.227982,0
D_0000499549,0,0.145729,0
D_0000499801,0,0.170883,0
D_0000500179,1,0.989419,1
D_0000500431,1,0.993307,1
D_0000501229,0,0.342256,0
D_0000501586,0,0.155468,0
D_0000501880,1,0.993737,1
D_0000502615,1,0.999629,1
D_0000502657,1,0.998573,1
D_0000503161,0,0.664781,0
D_0000503224,0,0.069052,0
D_0000503560,0,0.107732,0
D_0000503581,0,0.116922,0
D_0000503812,0,0.976337,1
D_0000503896,0,0.207009,0
D_0000504001,0,0.886016,1
D_0000504211,1,0.999542,1
D_0000504421,1,0.778177,1
D_0000504799,1,0.999874,1
D_0000505597,1,0.999888,1
D_0000505996,0,0.084844,0
D_0000506227,0,0.026706,0
D_0000506563,0,0.208916,0
D_0000506794,0,0.049401,0
D_0000507130,1,0.999201,1
D_0000507277,1,0.999321,1
D_0000508054,1,0.999605,1
D_0000508558,0,0.835852,1
D_0000509062,1,0.999962,1
D_0000509083,1,0.996150,1
D_0000509104,1,0.215745,0
D_0000509776,0,0.116124,0
D_0000509797,1,0.991607,1
D_0000510133,0,0.175914,0
D_0000510154,1,0.991324,1
D_0000510175,1,0.103838,0
D_0000510574,1,0.998641,1
D_0000510763,1,0.998291,1
D_0000510910,0,0.142330,0
D_0000511162,0,0.050457,0
D_0000511183,0,0.068625,0
D_0000511393,0,0.614338,0
D_0000511414,0,0.049302,0
D_0000511498,1,0.999825,1
D_0000511708,1,0.999992,1
D_0000512569,1,0.999843,1
D_0000513493,0,0.133008,0
D_0000513913,1,0.946333,1
D_0000514165,0,0.327681,0
D_0000514249,1,0.999311,1
D_0000514291,1,0.999507,1
D_0000514312,1,0.999769,1
D_0000514417,1,0.996244,1
D_0000514669,0,0.364271,0
D_0000514732,1,0.999957,1
D_0000514942,0,0.207497,0
D_0000515068,1,0.998821,1
D_0000515341,1,0.998724,1
D_0000515467,0,0.979171,1
D_0000515572,0,0.021833,0
D_0000515887,1,0.999979,1
D_0000516244,1,0.999681,1
D_0000516685,1,0.997701,1
D_0000516937,1,0.999079,1
D_0000517336,0,0.709036,1
D_0000518071,1,0.186939,0
D_0000518197,0,0.204793,0
D_0000518554,1,0.999708,1
D_0000518638,0,0.074906,0
D_0000519457,0,0.163337,0
D_0000519499,0,0.072637,0
D_0000519625,1,0.999651,1
D_0000519751,1,0.996466,1
D_0000520192,0,0.063989,0
D_0000520507,1,0.999642,1
D_0000520822,1,0.180293,0
D_0000520885,0,0.152128,0
D_0000521557,1,0.981562,1
D_0000521914,0,0.094890,0
D_0000522187,1,0.984451,1
D_0000522250,0,0.938195,1
D_0000522292,0,0.112396,0
D_0000522397,0,0.120007,0
D_0000522628,1,0.998663,1
D_0000522796,0,0.142425,0
D_0000523405,1,0.999914,1
D_0000523426,1,0.998746,1
D_0000523468,1,0.999366,1
D_0000523846,0,0.786784,1
D_0000523972,1,0.999690,1
D_0000524707,1,0.999851,1
D_0000524875,1,0.990890,1
D_0000525652,1,0.997973,1
D_0000525841,0,0.093139,0
D_0000526009,0,0.224969,0
D_0000526135,1,0.999630,1
D_0000526639,0,0.098371,0
D_0000526723,1,0.999841,1
D_0000526744,1,0.999988,1
D_0000526786,1,0.995907,1
D_0000527206,0,0.125746,0
D_0000527647,0,0.199573,0
D_0000527794,0,0.143307,0
D_0000528130,1,0.957061,1
D_0000528235,0,0.059416,0
D_0000529201,0,0.091674,0
D_0000529516,0,0.749398,1
D_0000529621,0,0.959341,1
D_0000529957,1,0.998399,1
D_0000530188,0,0.086507,0
D_0000530209,0,0.088166,0
D_0000530818,0,0.148360,0
D_0000531007,0,0.235563,0
D_0000531196,1,0.995039,1
D_0000531448,1,0.132465,0
D_0000531490,1,0.999957,1
D_0000531532,0,0.133847,0
D_0000532435,0,0.084849,0
D_0000533107,0,0.078119,0
D_0000534178,0,0.413954,0
D_0000534283,0,0.066188,0
D_0000534346,1,0.999195,1
D_0000534409,1,0.213023,0
D_0000534661,0,0.113726,0
D_0000534808,1,0.999817,1
D_0000534997,0,0.191194,0
D_0000535081,1,0.999618,1
D_0000535522,1,0.118231,0
D_0000535585,0,0.171487,0
D_0000535858,0,0.318863,0
D_0000535921,1,0.993979,1
D_0000536089,0,0.113137,0
D_0000536131,1,0.998867,1
D_0000536152,1,0.993314,1
D_0000536236,1,0.998989,1
D_0000536488,0,0.173264,0
D_0000537160,0,0.068971,0
D_0000537412,1,0.998631,1
D_0000537811,1,0.106532,0
D_0000538126,1,0.997987,1
D_0000538294,1,0.989551,1
D_0000538420,1,0.995535,1
D_0000538504,0,0.057224,0
D_0000538546,0,0.122733,0
D_0000538609,1,0.997335,1
D_0000538903,0,0.653029,0
D_0000539218,0,0.138793,0
D_0000539302,0,0.107312,0
D_0000539470,1,0.986250,1
D_0000539512,0,0.062712,0
D_0000539785,0,0.169130,0
D_0000540142,0,0.089471,0
D_0000540415,1,0.968258,1
D_0000540457,0,0.049324,0
D_0000541087,0,0.904006,1
D_0000541696,0,0.025212,0
D_0000541801,1,0.999602,1
D_0000541843,1,0.999803,1
D_0000542158,0,0.120774,0
D_0000542200,1,0.805879,1
D_0000542263,0,0.105981,0
D_0000542347,0,0.063653,0
D_0000542515,0,0.024704,0
D_0000542914,0,0.115574,0
D_0000542956,1,0.979690,1
D_0000543187,1,0.999440,1
D_0000543376,1,0.457892,0
D_0000543712,0,0.163415,0
D_0000544657,1,0.979064,1
D_0000544993,1,0.994027,1
D_0000545560,0,0.055303,0
D_0000545812,1,0.790192,1
D_0000546022,0,0.492013,0
D_0000546085,1,0.998946,1
D_0000546631,1,0.993548,1
D_0000546673,1,0.999665,1
D_0000547114,0,0.051895,0
D_0000547198,1,0.999415,1
D_0000547219,1,0.996412,1
D_0000548059,1,0.990507,1
D_0000548122,0,0.030067,0
D_0000548164,1,0.999926,1
D_0000548269,1,0.210065,0
D_0000548479,1,0.999733,1
D_0000548752,0,0.073885,0
D_0000548878,1,0.996433,1
D_0000549508,0,0.046447,0
D_0000550642,0,0.135318,0
D_0000551041,0,0.164683,0
D_0000551188,0,0.210086,0
D_0000551461,1,0.999965,1
D_0000551797,1,0.864415,1
D_0000552280,0,0.094127,0
D_0000552469,0,0.202722,0
D_0000552868,1,0.421151,0
D_0000553204,1,0.995180,1
D_0000553288,0,0.227322,0
D_0000553582,0,0.046717,0
D_0000553603,1,0.994830,1
D_0000553645,0,0.110167,0
D_0000553771,1,0.999503,1
D_0000553918,1,0.117338,0
D_0000554044,0,0.693263,1
D_0000554233,1,0.992261,1
D_0000554296,1,0.999852,1
D_0000554485,0,0.071105,0
D_0000554674,0,0.383999,0
D_0000555094,1,0.986839,1
D_0000555262,0,0.168211,0
D_0000555430,1,0.994947,1
D_0000555556,1,0.993266,1
D_0000555577,1,0.999576,1
D_0000555724,1,0.998925,1
D_0000556522,1,0.150642,0
D_0000556753,1,0.999976,1
D_0000556984,0,0.498318,0
D_0000557383,1,0.228288,0
D_0000558664,1,0.998713,1
D_0000559168,0,0.075662,0
D_0000559945,1,0.981801,1
D_0000560071,1,0.995282,1
D_0000560281,1,0.999219,1
D_0000560386,0,0.943984,1
D_0000560491,1,0.999224,1
D_0000560743,1,0.997862,1
D_0000561058,0,0.093069,0
D_0000561352,1,0.997381,1
D_0000561562,0,0.940050,1
D_0000561604,0,0.091482,0
D_0000561877,0,0.211167,0
D_0000562297,1,0.998597,1
D_0000562360,1,0.997712,1
D_0000562675,1,0.999793,1
D_0000562906,1,0.997477,1
D_0000563137,0,0.023454,0
D_0000563263,1,0.983994,1
D_0000563284,0,0.205275,0
D_0000563389,1,0.898811,1
D_0000563494,0,0.105275,0
D_0000564418,1,0.999534,1
D_0000564544,1,0.997159,1
D_0000564922,0,0.113623,0
D_0000565279,0,0.125548,0
D_0000565552,0,0.079444,0
D_0000565930,0,0.086372,0
D_0000566287,0,0.359363,0
D_0000566749,1,0.170952,0
D_0000567001,1,0.999986,1
D_0000567211,0,0.193570,0
D_0000567547,1,0.998724,1
D_0000567778,1,0.997867,1
D_0000568135,1,0.998553,1
D_0000568576,0,0.286764,0
D_0000568681,0,0.897338,1
D_0000568891,0,0.196846,0
D_0000568975,1,0.994579,1
D_0000569248,1,0.995253,1
D_0000569731,1,0.999278,1
D_0000570025,1,0.994125,1
D_0000570298,0,0.086349,0
D_0000570718,1,0.991565,1
D_0000571222,0,0.565570,0
D_0000571663,0,0.290921,0
D_0000572566,1,0.999670,1
D_0000572818,0,0.035709,0
D_0000573196,0,0.089425,0
D_0000574498,1,0.998523,1
D_0000574603,1,0.993333,1
D_0000575359,0,0.063784,0
D_0000575527,0,0.274563,0
D_0000575695,1,0.109934,0
D_0000575716,1,0.996385,1
D_0000575863,1,0.999712,1
D_0000576010,0,0.683062,1
D_0000576325,0,0.097637,0
D_0000576787,1,0.990533,1
D_0000576850,1,0.998926,1
D_0000577039,0,0.040532,0
D_0000577123,1,0.119526,0
D_0000577186,0,0.063713,0
D_0000577228,1,0.998909,1
D_0000577648,0,0.206606,0
D_0000578005,0,0.103793,0
D_0000578425,0,0.216217,0
D_0000578950,1,0.999796,1
D_0000579307,1,0.073229,0
D_0000579727,0,0.122072,0
D_0000580252,1,0.999469,1
D_0000580588,0,0.197182,0
D_0000580777,0,0.067012,0
D_0000580840,1,0.998531,1
D_0000581071,0,0.378356,0
D_0000581344,1,0.999817,1
D_0000581386,1,0.999750,1
D_0000581428,1,0.148297,0
D_0000581617,0,0.309448,0
D_0000582331,0,0.782572,1
D_0000582709,1,0.995645,1
D_0000583549,1,0.999950,1
D_0000584326,0,0.048981,0
D_0000584452,1,0.997832,1
D_0000584599,1,0.997464,1
D_0000584788,1,0.997230,1
D_0000585166,1,0.969831,1
D_0000585187,0,0.048008,0
D_0000586006,0,0.207920,0
D_0000586090,1,0.967432,1
D_0000586216,1,0.996566,1
D_0000586258,1,0.999806,1
D_0000586405,0,0.084560,0
D_0000586762,1,0.998526,1
D_0000587455,1,0.985425,1
D_0000588064,0,0.879265,1
D_0000588295,0,0.051954,0
D_0000588526,0,0.461139,0
D_0000589408,0,0.078380,0
D_0000589765,1,0.975431,1
D_0000589807,1,0.977012,1
D_0000590164,0,0.060559,0
D_0000590353,1,0.997415,1
D_0000590416,1,0.993582,1
D_0000591235,1,0.999439,1
D_0000591634,1,0.987087,1
D_0000591886,0,0.051632,0
D_0000592201,1,0.998519,1
D_0000592432,1,0.999838,1
D_0000592495,1,0.999961,1
D_0000592999,1,0.999920,1
D_0000593041,1,0.998934,1
D_0000593335,0,0.156277,0
D_0000593440,1,0.999646,1
D_0000593482,1,0.997201,1
D_0000593755,0,0.145221,0
D_0000593902,0,0.089988,0
D_0000594196,0,0.849010,1
D_0000594217,1,0.999922,1
D_0000594238,0,0.197952,0
D_0000594343,1,0.973277,1
D_0000594763,0,0.121967,0
D_0000595078,0,0.082584,0
D_0000596401,1,0.999987,1
D_0000597031,0,0.109460,0
D_0000598711,0,0.068341,0
D_0000598816,0,0.571001,0
D_0000599152,1,0.120181,0
D_0000599278,1,0.999984,1
D_0000599299,1,0.991059,1
D_0000599467,0,0.130802,0
D_0000599614,0,0.319872,0
D_0000600118,1,0.242823,0
D_0000600769,1,0.985050,1
D_0000600790,1,0.996420,1
D_0000600811,1,0.998667,1
D_0000600874,0,0.030839,0
D_0000600937,1,0.997571,1
D_0000601147,1,0.993222,1
D_0000601294,0,0.124172,0
D_0000601357,1,0.999970,1
D_0000601966,1,0.998506,1
D_0000602155,0,0.074416,0
D_0000602197,0,0.265857,0
D_0000603163,0,0.062434,0
D_0000603331,0,0.067035,0
D_0000603394,1,0.999824,1
D_0000604045,0,0.075809,0
D_0000604213,1,0.061120,0
D_0000604528,1,0.604295,0
D_0000604696,1,0.988511,1
D_0000604780,1,0.999945,1
D_0000605116,0,0.419271,0
D_0000605347,0,0.026611,0
D_0000605389,1,0.999502,1
D_0000605557,0,0.223147,0
D_0000605725,1,0.846431,1
D_0000605872,0,0.217239,0
D_0000606166,1,0.999965,1
D_0000606754,1,0.973260,1
D_0000607468,1,0.976416,1
D_0000607636,1,0.995989,1
D_0000607657,1,0.919988,1
D_0000607783,0,0.500692,0
D_0000608119,0,0.219470,0
D_0000608497,0,0.067449,0
D_0000608539,0,0.194627,0
D_0000609001,1,0.999621,1
D_0000609295,0,0.189931,0
D_0000609568,1,0.081583,0
D_0000609589,1,0.974245,1
D_0000609820,0,0.187211,0
D_0000609925,1,0.993687,1
D_0000610912,0,0.090268,0
D_0000611185,1,0.989236,1
D_0000611458,0,0.082017,0
D_0000611500,1,0.999749,1
D_0000611920,0,0.124873,0
D_0000612739,1,0.970361,1
D_0000613369,1,0.897670,1
D_0000613936,1,0.096463,0
D_0000614041,0,0.053792,0
D_0000614503,0,0.084193,0
D_0000614566,0,0.061005,0
D_0000614650,0,0.080659,0
D_0000614797,0,0.138667,0
D_0000615259,1,0.996764,1
D_0000615742,1,0.995691,1
D_0000616288,1,0.999181,1
D_0000616351,1,0.988721,1
D_0000616540,0,0.237260,0
D_0000616603,0,0.166530,0
D_0000616624,0,0.411804,0
D_0000616918,0,0.047382,0
D_0000617401,0,0.197550,0
D_0000617653,0,0.103187,0
D_0000617905,1,0.982315,1
D_0000618199,1,0.624616,0
D_0000618346,1,0.987709,1
D_0000618619,0,0.102180,0
D_0000619354,1,0.995828,1
D_0000619900,0,0.191348,0
D_0000620131,0,0.041717,0
D_0000620257,0,0.180377,0
D_0000620992,1,0.999355,1
D_0000621034,0,0.202294,0
D_0000621076,0,0.240634,0
D_0000621307,1,0.146430,0
D_0000621664,1,0.991682,1
D_0000622315,1,0.999760,1
D_0000622462,0,0.107942,0
D_0000622840,0,0.067410,0
D_0000622903,0,0.937543,1
D_0000623134,0,0.064406,0
D_0000623302,1,0.999789,1
D_0000623470,0,0.163310,0
D_0000624646,0,0.094794,0
D_0000625402,0,0.324114,0
D_0000625780,0,0.155620,0
D_0000626011,1,0.994599,1
D_0000626200,0,0.877868,1
D_0000626221,1,0.997841,1
D_0000626935,1,0.999870,1
D_0000627418,1,0.993015,1
D_0000627733,0,0.073070,0
D_0000627901,1,0.985273,1
D_0000628132,1,0.999282,1
D_0000628825,1,0.985900,1
D_0000628972,0,0.199440,0
D_0000629203,1,0.995790,1
D_0000629287,0,0.216074,0
D_0000629371,0,0.042007,0
D_0000629665,1,0.999552,1
D_0000630043,1,0.999850,1
D_0000630211,1,0.964223,1
D_0000630316,0,0.476134,0
D_0000630904,1,0.999737,1
D_0000631366,0,0.046226,0
D_0000631576,0,0.073660,0
D_0000631702,1,0.253365,0
D_0000631765,1,0.996464,1
D_0000632626,1,0.987201,1
D_0000633214,0,0.188663,0
D_0000633361,0,0.083322,0
D_0000633676,1,0.999356,1
D_0000633928,0,0.926458,1
D_0000634075,1,0.998561,1
D_0000634138,1,0.264366,0
D_0000634747,0,0.201617,0
D_0000635650,1,0.998536,1
D_0000635881,1,0.990628,1
D_0000635902,0,0.127975,0
D_0000636070,0,0.096727,0
D_0000636364,1,0.999947,1
D_0000636469,0,0.094611,0
D_0000636658,0,0.099278,0
D_0000637771,1,0.993934,1
D_0000638254,1,0.996317,1
D_0000638317,0,0.536644,0
D_0000638359,0,0.254301,0
D_0000639010,1,0.979326,1
D_0000639031,1,0.997635,1
D_0000639535,1,0.997283,1
D_0000640060,0,0.058643,0
D_0000640270,0,0.031612,0
D_0000640501,1,0.996483,1
D_0000640858,0,0.307331,0
D_0000641047,1,0.997586,1
D_0000641425,1,0.998300,1
D_0000641971,1,0.993706,1
D_0000641992,1,0.996352,1
D_0000642244,1,0.166103,0
D_0000642370,1,0.999898,1
D_0000642496,0,0.096562,0
D_0000642643,0,0.946678,1
D_0000643441,0,0.165052,0
D_0000643567,0,0.114226,0
D_0000643924,1,0.999721,1
D_0000644575,1,0.999729,1
D_0000644806,0,0.147629,0
D_0000644995,1,0.994572,1
D_0000645163,0,0.102060,0
D_0000645625,1,0.998336,1
D_0000646318,0,0.098808,0
D_0000646507,0,0.201221,0
D_0000646591,1,0.999682,1
D_0000646675,0,0.150310,0
D_0000647011,0,0.046685,0
D_0000647347,1,0.131147,0
D_0000648124,1,0.996189,1
D_0000648145,1,0.992191,1
D_0000648292,0,0.239400,0
D_0000648418,0,0.143753,0
D_0000648523,1,0.986062,1
D_0000648775,1,0.117727,0
D_0000648817,0,0.035461,0
D_0000648838,1,0.970317,1
D_0000649258,0,0.075713,0
D_0000649762,1,0.990823,1
D_0000650497,1,0.999631,1
D_0000650665,0,0.137930,0
D_0000650728,1,0.996726,1
D_0000651862,0,0.162588,0
D_0000652408,0,0.525801,0
D_0000652555,0,0.149599,0
D_0000653269,1,0.173873,0
D_0000653479,0,0.099816,0
D_0000653689,1,0.991643,1
D_0000653752,1,0.998994,1
D_0000653962,0,0.089936,0
D_0000655033,1,0.999624,1
D_0000655117,0,0.831598,1
D_0000655201,0,0.815121,1
D_0000656461,0,0.046162,0
D_0000656776,0,0.061969,0
D_0000657049,1,0.991108,1
D_0000657238,0,0.065911,0
D_0000657322,1,0.110783,0
D_0000657448,0,0.886332,1
D_0000657952,1,0.999504,1
D_0000658204,0,0.163833,0
D_0000658435,0,0.158371,0
D_0000658477,0,0.061315,0
D_0000658771,0,0.035462,0
D_0000659086,0,0.067632,0
D_0000659107,0,0.008431,0
D_0000659191,1,0.998913,1
D_0000659338,1,0.998562,1
D_0000659800,0,0.197161,0
D_0000659842,1,0.999690,1
D_0000660094,0,0.065256,0
D_0000660178,1,0.999516,1
D_0000660346,1,0.999837,1
D_0000660535,1,0.999461,1
D_0000660787,0,0.991776,1
D_0000660871,1,0.998942,1
D_0000660913,1,0.981184,1
D_0000660997,1,0.999737,1
D_0000661081,0,0.190342,0
D_0000661564,0,0.105464,0
D_0000661711,0,0.048085,0
D_0000661795,1,0.997462,1
D_0000662425,0,0.682543,1
D_0000662719,0,0.562873,0
D_0000662761,0,0.076793,0
D_0000662782,0,0.186454,0
D_0000662887,1,0.996498,1
D_0000662950,0,0.062405,0
D_0000663622,0,0.103345,0
D_0000663937,0,0.037235,0
D_0000664210,0,0.146824,0
D_0000664903,1,0.999923,1
D_0000665092,0,0.043042,0
D_0000665470,1,0.999941,1
D_0000665680,1,0.170296,0
D_0000666016,1,0.999420,1
D_0000666457,1,0.962292,1
D_0000666604,1,0.997760,1
D_0000667276,1,0.990395,1
D_0000667570,0,0.134890,0
D_0000667864,0,0.081577,0
D_0000668347,0,0.070324,0
D_0000668368,1,0.181529,0
D_0000668746,0,0.042766,0
D_0000668788,1,0.998747,1
D_0000668851,0,0.919556,1
D_0000669145,1,0.999363,1
D_0000669334,1,0.999544,1
D_0000669817,0,0.594470,0
D_0000670006,0,0.294164,0
D_0000670027,0,0.138903,0
D_0000670174,1,0.991226,1
D_0000670783,0,0.161865,0
D_0000670825,1,0.195163,0
D_0000671959,1,0.234848,0
D_0000673366,1,0.975262,1
D_0000673429,1,0.932379,1
D_0000673555,1,0.934059,1
D_0000674101,0,0.058571,0
D_0000674416,0,0.032798,0
D_0000674458,0,0.299340,0
D_0000674983,1,0.999975,1
D_0000675109,1,0.230276,0
D_0000675277,1,0.988942,1
D_0000675928,0,0.051976,0
D_0000676201,1,0.101276,0
D_0000676264,1,0.985973,1
D_0000676747,0,0.936495,1
D_0000677209,0,0.090195,0
D_0000677230,0,0.035314,0
D_0000677398,0,0.201513,0
D_0000677629,1,0.974415,1
D_0000677860,1,0.999916,1
D_0000677944,0,0.080612,0
D_0000678028,0,0.051470,0
D_0000678091,1,0.999597,1
D_0000678217,1,0.999642,1
D_0000678322,1,0.999788,1
D_0000678511,1,0.964551,1
D_0000679687,0,0.988627,1
D_0000679897,0,0.377564,0
D_0000679918,1,0.998772,1
D_0000680401,1,0.984136,1
D_0000680527,0,0.125440,0
D_0000681367,0,0.780887,1
D_0000681472,0,0.078322,0
D_0000681619,0,0.133640,0
D_0000682312,0,0.052173,0
D_0000682417,1,0.999522,1
D_0000682774,1,0.228854,0
D_0000682879,1,0.999329,1
D_0000682942,0,0.615813,0
D_0000683467,1,0.118137,0
D_0000683635,0,0.305806,0
D_0000683950,1,0.999785,1
D_0000684181,0,0.980998,1
D_0000685126,0,0.118256,0
D_0000685252,0,0.188062,0
D_0000685357,0,0.079126,0
D_0000685672,1,0.999867,1
D_0000685693,0,0.081933,0
D_0000686071,1,0.988417,1
D_0000686155,0,0.114783,0
D_0000686386,0,0.952513,1
D_0000687037,0,0.030276,0
D_0000687268,0,0.203617,0
D_0000687940,1,0.999942,1
D_0000687961,1,0.995316,1
D_0000688066,0,0.173587,0
D_0000688108,1,0.998963,1
D_0000688129,1,0.034037,0
D_0000688402,0,0.114391,0
D_0000688759,0,0.234169,0
D_0000689284,0,0.055832,0
D_0000689683,1,0.998482,1
D_0000690145,1,0.220287,0
D_0000690208,0,0.056393,0
D_0000690439,0,0.039915,0
D_0000690880,1,0.998797,1
D_0000691279,0,0.151271,0
D_0000691636,1,0.999951,1
D_0000691783,0,0.082168,0
D_0000692035,0,0.250052,0
D_0000692119,0,0.151566,0
D_0000692392,1,0.999417,1
D_0000692644,1,0.999401,1
D_0000692875,0,0.154992,0
D_0000693337,1,0.998632,1
D_0000693358,0,0.171065,0
D_0000693463,1,0.999167,1
D_0000693799,0,0.166289,0
D_0000694114,1,0.937723,1
D_0000694219,0,0.064726,0
D_0000694282,1,0.987764,1
D_0000694366,1,0.998377,1
D_0000694702,1,0.993778,1
D_0000694870,1,0.984585,1
D_0000694954,1,0.998593,1
D_0000695353,1,0.996670,1
D_0000696067,1,0.996338,1
D_0000696088,0,0.064155,0
D_0000696613,0,0.208560,0
D_0000696886,0,0.434018,0
D_0000697159,0,0.569243,0
D_0000697180,0,0.234478,0
D_0000697768,1,0.999921,1
D_0000697831,1,0.999883,1
D_0000698398,1,0.988228,1
D_0000698461,1,0.992610,1
D_0000698566,1,0.999969,1
D_0000698629,0,0.041335,0
D_0000698923,1,0.997303,1
D_0000699154,1,0.995829,1
D_0000699343,0,0.236585,0
D_0000699532,1,0.999947,1
D_0000699805,1,0.996228,1
D_0000699931,1,0.999971,1
D_0000699973,0,0.084477,0
D_0000700078,0,0.177112,0
D_0000700204,1,0.997153,1
D_0000700351,0,0.109458,0
D_0000700624,1,0.969931,1
D_0000700666,0,0.097597,0
D_0000700708,1,0.999783,1
D_0000701107,0,0.180008,0
D_0000701149,1,0.989485,1
D_0000701170,0,0.151171,0
D_0000701401,1,0.174571,0
D_0000701485,0,0.077280,0
D_0000701716,1,0.989032,1
D_0000701884,1,0.908806,1
D_0000702052,0,0.309360,0
D_0000702472,0,0.147566,0
D_0000702661,1,0.977333,1
D_0000703081,0,0.624844,0
D_0000703102,0,0.089877,0
D_0000703186,0,0.231704,0
D_0000703921,1,0.997552,1
D_0000704005,1,0.999480,1
D_0000704278,1,0.999719,1
D_0000704446,1,0.999914,1
D_0000704467,1,0.997325,1
D_0000704677,1,0.944492,1
D_0000704803,1,0.962677,1
D_0000705475,0,0.081056,0
D_0000705664,0,0.143048,0
D_0000705895,0,0.170356,0
D_0000706168,0,0.172734,0
D_0000706315,1,0.983469,1
D_0000706441,0,0.148363,0
D_0000706924,0,0.092871,0
D_0000707029,0,0.155529,0
D_0000707050,1,0.979670,1
D_0000707407,1,0.999414,1
D_0000707869,1,0.572853,0
D_0000707911,0,0.037786,0
D_0000708184,1,0.990354,1
D_0000708688,0,0.141420,0
D_0000708709,0,0.205449,0
D_0000709255,1,0.983263,1
D_0000709612,0,0.171740,0
D_0000709864,0,0.059124,0
D_0000709948,0,0.218530,0
D_0000710011,0,0.193671,0
D_0000710599,0,0.220531,0
D_0000710704,1,0.119926,0
D_0000711061,1,0.989203,1
D_0000711103,0,0.059164,0
D_0000712111,0,0.449928,0
D_0000712237,0,0.279371,0
D_0000712363,0,0.299529,0
D_0000712531,0,0.689470,1
D_0000713287,0,0.299088,0
D_0000713350,1,0.079391,0
D_0000714001,1,0.998888,1
D_0000714799,1,0.999945,1
D_0000715177,1,0.999981,1
D_0000715219,0,0.969809,1
D_0000715387,0,0.089502,0
D_0000715492,0,0.118893,0
D_0000715702,0,0.250845,0
D_0000715765,1,0.999556,1
D_0000715996,1,0.995864,1
D_0000716143,0,0.061866,0
D_0000716416,0,0.178840,0
D_0000717004,0,0.109036,0
D_0000717046,0,0.040220,0
D_0000717109,0,0.172785,0
D_0000717487,0,0.144613,0
D_0000717676,1,0.065738,0
D_0000718159,1,0.991265,1
D_0000718327,1,0.958418,1
D_0000718390,0,0.059534,0
D_0000718516,1,0.999790,1
D_0000718621,1,0.999819,1
D_0000719020,1,0.997803,1
D_0000719650,1,0.992583,1
D_0000719692,1,0.606524,0
D_0000720679,0,0.122646,0
D_0000720847,0,0.126688,0
D_0000720952,0,0.191308,0
D_0000721162,0,0.100584,0
D_0000722611,0,0.120285,0
D_0000722779,0,0.406522,0
D_0000723073,1,0.998156,1
D_0000723724,1,0.999592,1
D_0000723766,1,0.998775,1
D_0000723829,1,0.992482,1
D_0000723892,1,0.993508,1
D_0000724060,0,0.096442,0
D_0000724102,0,0.106725,0
D_0000724333,0,0.049092,0
D_0000724375,0,0.098708,0
D_0000724438,0,0.182949,0
D_0000724879,1,0.995662,1
D_0000726433,0,0.497592,0
D_0000726622,0,0.018917,0
D_0000726979,0,0.130011,0
D_0000727147,1,0.998177,1
D_0000727189,0,0.139966,0
D_0000727399,1,0.660665,0
D_0000727420,1,0.993949,1
D_0000727525,1,0.999478,1
D_0000727798,1,0.999751,1
D_0000728512,1,0.996716,1
D_0000728617,1,0.998626,1
D_0000728722,0,0.443174,0
D_0000729163,1,0.998573,1
D_0000729772,0,0.066373,0
D_0000729856,0,0.190070,0
D_0000729982,0,0.356536,0
D_0000730297,1,0.829036,1
D_0000730444,1,0.998960,1
D_0000731053,0,0.113657,0
D_0000731158,1,0.998906,1
D_0000732040,1,0.992341,1
D_0000732502,0,0.077866,0
D_0000732628,0,0.090697,0
D_0000732691,0,0.869953,1
D_0000733048,1,0.181748,0
D_0000733510,0,0.155042,0
D_0000733699,1,0.260291,0
D_0000734476,1,0.236255,0
D_0000734812,1,0.997760,1
D_0000734875,1,0.999434,1
D_0000735232,1,0.999978,1
D_0000735568,1,0.999903,1
D_0000735925,1,0.994504,1
D_0000736177,0,0.938426,1
D_0000736240,1,0.992980,1
D_0000736450,0,0.115911,0
D_0000736681,1,0.984237,1
D_0000736912,0,0.049826,0
D_0000736975,1,0.999318,1
D_0000737269,0,0.523438,0
D_0000737626,0,0.086988,0
D_0000737857,0,0.190613,0
D_0000737962,1,0.999947,1
D_0000738088,0,0.106892,0
D_0000738109,1,0.993178,1
D_0000738256,0,0.651156,0
D_0000739726,0,0.622237,0
D_0000739789,1,0.999528,1
D_0000739894,1,0.999427,1
D_0000740020,1,0.999994,1
D_0000740041,0,0.052719,0
D_0000741007,1,0.999702,1
D_0000741154,0,0.932770,1
D_0000742225,1,0.993943,1
D_0000742309,1,0.988917,1
D_0000742708,1,0.968108,1
D_0000742771,0,0.048631,0
D_0000742855,1,0.984747,1
D_0000744052,1,0.999941,1
D_0000744304,0,0.181781,0
D_0000744724,1,0.110935,0
D_0000744745,1,0.999378,1
D_0000744934,1,0.195685,0
D_0000744955,1,0.999462,1
D_0000744976,1,0.999890,1
D_0000745186,1,0.995980,1
D_0000745459,0,0.167420,0
D_0000745879,1,0.997829,1
D_0000745963,1,0.999720,1
D_0000746173,1,0.976271,1
D_0000746341,1,0.999015,1
D_0000746530,0,0.136444,0
D_0000747034,1,0.999885,1
D_0000747055,1,0.999887,1
D_0000747160,0,0.800663,1
D_0000747244,1,0.998919,1
D_0000747622,0,0.073907,0
D_0000747727,1,0.998852,1
D_0000747937,1,0.999984,1
D_0000749260,0,0.144132,0
D_0000749386,1,0.997555,1
D_0000749680,0,0.122818,0
D_0000749827,0,0.048759,0
D_0000750373,1,0.184660,0
D_0000751213,1,0.993183,1
D_0000751570,1,0.997920,1
D_0000751801,1,0.998793,1
D_0000751969,1,0.992550,1
D_0000752368,1,0.998823,1
D_0000752599,1,0.996996,1
D_0000752746,1,0.917482,1
D_0000752767,1,0.999563,1
D_0000753124,0,0.489254,0
D_0000753292,1,0.999151,1
D_0000753397,1,0.208729,0
D_0000753691,0,0.068490,0
D_0000753964,0,0.062357,0
D_0000754300,0,0.048103,0
D_0000754552,1,0.291572,0
D_0000754678,1,0.998802,1
D_0000754783,0,0.093594,0
D_0000754909,0,0.157632,0
D_0000755245,1,0.995268,1
D_0000755560,1,0.988459,1
D_0000755854,1,0.999873,1
D_0000755938,0,0.189040,0
D_0000755980,0,0.357537,0
D_0000756337,1,0.994503,1
D_0000756799,0,0.154996,0
D_0000757198,0,0.157349,0
D_0000757576,1,0.999885,1
D_0000758248,0,0.092219,0
D_0000758290,1,0.991723,1
D_0000758479,1,0.997683,1
D_0000758626,1,0.993773,1
D_0000758647,1,0.998807,1
D_0000758815,1,0.999575,1
D_0000758857,1,0.992118,1
D_0000759193,0,0.143785,0
D_0000759781,1,0.998468,1
D_0000760075,1,0.996923,1
D_0000760348,1,0.994133,1
D_0000760516,1,0.994689,1
D_0000760600,1,0.999848,1
D_0000761398,1,0.028769,0
D_0000761545,1,0.999859,1
D_0000761923,0,0.038806,0
D_0000762532,0,0.079648,0
D_0000762994,0,0.534149,0
D_0000763351,0,0.244992,0
D_0000763750,1,0.999349,1
D_0000764002,0,0.182508,0
D_0000764107,1,0.993105,1
D_0000764149,1,0.054612,0
D_0000764485,1,0.985568,1
D_0000765094,1,0.066712,0
D_0000765178,0,0.118359,0
D_0000765556,1,0.999835,1
D_0000765682,1,0.988405,1
D_0000765934,0,0.038858,0
D_0000765997,1,0.999812,1
D_0000766123,1,0.961521,1
D_0000766312,1,0.997972,1
D_0000766396,1,0.998043,1
D_0000766711,1,0.998363,1
D_0000766753,1,0.999092,1
D_0000767320,1,0.998835,1
D_0000767677,1,0.072299,0
D_0000767782,1,0.091410,0
D_0000767908,1,0.991643,1
D_0000768034,0,0.078323,0
D_0000768370,1,0.102453,0
D_0000768559,1,0.999971,1
D_0000768622,0,0.108512,0
D_0000768916,1,0.993321,1
D_0000768937,1,0.998518,1
D_0000768979,1,0.987614,1
D_0000769357,0,0.550570,0
D_0000769441,1,0.300033,0
D_0000769525,0,0.262816,0
D_0000769798,0,0.253336,0
D_0000770071,1,0.275287,0
D_0000770260,0,0.153772,0
D_0000770386,1,0.999604,1
D_0000770680,1,0.999962,1
D_0000770764,1,0.999446,1
D_0000770932,0,0.155808,0
D_0000771562,1,0.999654,1
D_0000771709,1,0.945264,1
D_0000771814,0,0.096431,0
D_0000771982,1,0.999623,1
D_0000772360,0,0.078936,0
D_0000772780,0,0.045380,0
D_0000772822,0,0.955992,1
D_0000772948,1,0.999923,1
D_0000773389,1,0.995203,1
D_0000773410,0,0.107408,0
D_0000773746,0,0.841369,1
D_0000774166,0,0.135195,0
D_0000774229,1,0.182633,0
D_0000774271,1,0.044175,0
D_0000774334,1,0.998461,1
D_0000774565,1,0.998984,1
D_0000774712,0,0.100991,0
D_0000774985,1,0.998891,1
D_0000775300,1,0.949381,1
D_0000775573,1,0.984621,1
D_0000775615,1,0.999040,1
D_0000775762,0,0.119662,0
D_0000775951,1,0.999577,1
D_0000776266,0,0.021664,0
D_0000777232,0,0.112710,0
D_0000777337,1,0.993879,1
D_0000777442,0,0.127647,0
D_0000777673,0,0.099326,0
D_0000777799,1,0.999439,1
D_0000778093,1,0.992969,1
D_0000779185,1,0.999691,1
D_0000779479,1,0.997044,1
D_0000779647,1,0.235580,0
D_0000779752,1,0.999978,1
D_0000779836,0,0.455172,0
D_0000779941,1,0.999517,1
D_0000780046,0,0.879185,1
D_0000780802,0,0.445061,0
D_0000780970,1,0.999631,1
D_0000781642,1,0.992107,1
D_0000782209,0,0.097255,0
D_0000782419,1,0.982087,1
D_0000782545,0,0.860507,1
D_0000782860,0,0.113005,0
D_0000783133,1,0.999854,1
D_0000783679,0,0.136526,0
D_0000783721,0,0.202507,0
D_0000783742,0,0.138536,0
D_0000783931,1,0.217219,0
D_0000784162,1,0.256195,0
D_0000784393,0,0.260898,0
D_0000785023,0,0.512035,0
D_0000785254,0,0.087182,0
D_0000785821,1,0.999027,1
D_0000785968,1,0.999830,1
D_0000786451,1,0.062194,0
D_0000786493,0,0.095981,0
D_0000787249,1,0.988489,1
D_0000787564,0,0.253194,0
D_0000788026,1,0.999689,1
D_0000788362,1,0.443256,0
D_0000789370,1,0.941338,1
D_0000789538,1,0.999750,1
D_0000790021,1,0.122382,0
D_0000790630,0,0.134099,0
D_0000790840,0,0.047426,0
D_0000791071,1,0.995701,1
D_0000791533,0,0.080213,0
D_0000791575,1,0.999862,1
D_0000791785,1,0.999943,1
D_0000792100,1,0.989938,1
D_0000792142,1,0.992394,1
D_0000792184,1,0.999965,1
D_0000792751,1,0.999505,1
D_0000793066,1,0.999224,1
D_0000793129,0,0.231410,0
D_0000793150,1,0.898301,1
D_0000793234,0,0.264140,0
D_0000793570,0,0.053914,0
D_0000794242,0,0.016711,0
D_0000794431,0,0.254702,0
D_0000794494,0,0.151072,0
D_0000794557,1,0.949513,1
D_0000794704,1,0.991599,1
D_0000794725,0,0.103872,0
D_0000794746,1,0.999964,1
D_0000794956,1,0.983836,1
D_0000794998,1,0.998664,1
D_0000795229,1,0.999530,1
D_0000795481,1,0.998731,1
D_0000796132,1,0.951932,1
D_0000796216,1,0.999504,1
D_0000796300,0,0.110043,0
D_0000796321,0,0.107450,0
D_0000796552,1,0.974441,1
D_0000796993,1,0.980890,1
D_0000797623,1,0.999642,1
D_0000797854,0,0.093931,0
D_0000797980,0,0.688819,1
D_0000798547,0,0.158744,0
D_0000798904,1,0.998496,1
D_0000798925,0,0.385688,0
D_0000799114,0,0.758244,1
D_0000799261,0,0.207389,0
D_0000799303,1,0.999424,1
D_0000799597,0,0.684520,1
D_0000799765,1,0.967014,1
D_0000799786,0,0.084374,0
D_0000800311,1,0.999872,1
D_0000800437,1,0.985874,1
D_0000800584,1,0.998260,1
D_0000800689,1,0.998860,1
D_0000800815,1,0.075651,0
D_0000800941,1,0.998610,1
D_0000801256,1,0.094893,0
D_0000801424,0,0.054637,0
D_0000801865,0,0.022258,0
D_0000802684,1,0.999803,1
D_0000803146,1,0.990724,1
D_0000803335,1,0.796563,1
D_0000803671,1,0.999479,1
D_0000803818,1,0.999104,1
D_0000804070,0,0.212956,0
D_0000804259,0,0.849460,1
D_0000804406,0,0.135646,0
D_0000804469,0,0.091675,0
D_0000804574,0,0.072581,0
D_0000804616,1,0.999845,1
D_0000804847,1,0.984404,1
D_0000804889,1,0.999981,1
D_0000805351,1,0.192196,0
D_0000805645,1,0.992665,1
D_0000805666,1,0.998620,1
D_0000805897,0,0.607994,0
D_0000806044,1,0.996133,1
D_0000806191,1,0.985207,1
D_0000806296,0,0.077994,0
D_0000806401,0,0.139893,0
D_0000806779,1,0.995246,1
D_0000806989,0,0.059206,0
D_0000807136,1,0.999096,1
D_0000807346,1,0.863424,1
D_0000807388,1,0.999802,1
D_0000807430,0,0.085824,0
D_0000807472,1,0.094805,0
D_0000807493,1,0.987280,1
D_0000807598,0,0.260226,0
D_0000807661,1,0.999790,1
D_0000807892,1,0.998395,1
D_0000808039,1,0.984770,1
D_0000808312,0,0.051624,0
D_0000808522,0,0.046904,0
D_0000808816,1,0.989572,1
D_0000808921,1,0.992951,1
D_0000809173,0,0.070900,0
D_0000809425,1,0.998033,1
D_0000809719,1,0.999970,1
D_0000809803,0,0.036784,0
D_0000810370,1,0.997767,1
D_0000810559,0,0.105955,0
D_0000810727,0,0.014707,0
D_0000810979,1,0.996447,1
D_0000811000,1,0.996142,1
D_0000811042,0,0.078832,0
D_0000811105,1,0.999470,1
D_0000811252,0,0.113189,0
D_0000811504,1,0.934913,1
D_0000811567,0,0.220097,0
D_0000811588,0,0.091758,0
D_0000811714,0,0.024890,0
D_0000812134,1,0.710572,1
D_0000812806,0,0.148897,0
D_0000812974,1,0.999773,1
D_0000813121,1,0.999994,1
D_0000813436,1,0.999632,1
D_0000813709,1,0.976765,1
D_0000814108,0,0.763422,1
D_0000814444,1,0.998806,1
D_0000814591,0,0.070398,0
D_0000814927,1,0.999765,1
D_0000815011,1,0.996960,1
D_0000815158,0,0.114724,0
D_0000815326,0,0.048161,0
D_0000815578,0,0.136888,0
D_0000815662,0,0.236354,0
D_0000815809,1,0.993542,1
D_0000816040,1,0.999946,1
D_0000816418,1,0.998767,1
D_0000816775,0,0.044177,0
D_0000816859,1,0.998207,1
D_0000817069,1,0.998882,1
D_0000817237,0,0.129723,0
D_0000818035,1,0.051748,0
D_0000818077,0,0.092004,0
D_0000818245,0,0.378327,0
D_0000818350,1,0.999910,1
D_0000819169,1,0.999277,1
D_0000819211,1,0.999565,1
D_0000819316,0,0.052044,0
D_0000819358,0,0.093350,0
D_0000819631,1,0.999725,1
D_0000820093,0,0.346008,0
D_0000820114,0,0.745617,1
D_0000821017,1,0.139962,0
D_0000821227,1,0.986463,1
D_0000821479,0,0.240237,0
D_0000821920,1,0.999455,1
D_0000821941,0,0.219882,0
D_0000822067,0,0.829748,1
D_0000822361,1,0.990350,1
D_0000822382,0,0.036814,0
D_0000822508,1,0.994903,1
D_0000823264,0,0.285169,0
D_0000823579,1,0.997859,1
D_0000823894,0,0.789441,1
D_0000824020,1,0.999211,1
D_0000824209,1,0.999767,1
D_0000824272,1,0.995875,1
D_0000824293,0,0.972593,1
D_0000824335,0,0.054056,0
D_0000824482,1,0.991610,1
D_0000825553,1,0.973642,1
D_0000825826,0,0.078896,0
D_0000826078,1,0.993040,1
D_0000826309,1,0.998834,1
D_0000827380,0,0.182111,0
D_0000827905,0,0.139852,0
D_0000828262,0,0.147789,0
D_0000828703,1,0.999597,1
D_0000828808,1,0.952181,1
D_0000828850,1,0.998267,1
D_0000829312,1,0.308705,0
D_0000829438,0,0.139731,0
D_0000829732,1,0.997960,1
D_0000829879,0,0.116584,0
D_0000830362,0,0.271836,0
D_0000830467,0,0.555152,0
D_0000830635,1,0.985441,1
D_0000830929,1,0.999200,1
D_0000830950,0,0.107239,0
D_0000831160,0,0.884181,1
D_0000831286,1,0.998351,1
D_0000831328,0,0.241542,0
D_0000831370,1,0.994272,1
D_0000831412,0,0.111110,0
D_0000831538,1,0.999945,1
D_0000832000,1,0.999390,1
D_0000832084,1,0.999430,1
D_0000832189,1,0.999849,1
D_0000833092,0,0.454927,0
D_0000833365,1,0.999930,1
D_0000833911,1,0.999608,1
D_0000834037,0,0.618833,0
D_0000834100,1,0.976581,1
D_0000834121,0,0.052434,0
D_0000834835,0,0.134949,0
D_0000835108,1,0.118633,0
D_0000835381,1,0.064720,0
D_0000835885,0,0.126319,0
D_0000835906,1,0.981347,1
D_0000836221,1,0.996652,1
D_0000836662,1,0.147256,0
D_0000836704,0,0.056764,0
D_0000836830,0,0.033771,0
D_0000837229,1,0.999003,1
D_0000837460,1,0.041112,0
D_0000837502,0,0.063475,0
D_0000837649,1,0.995600,1
D_0000837670,0,0.097693,0
D_0000837691,0,0.082858,0
D_0000838069,0,0.265281,0
D_0000838174,1,0.999355,1
D_0000839119,1,0.979053,1
D_0000839266,1,0.999552,1
D_0000839371,1,0.994735,1
D_0000839413,1,0.999200,1
D_0000839476,1,0.999676,1
D_0000840526,0,0.048655,0
D_0000840589,0,0.154553,0
D_0000840778,0,0.040969,0
D_0000841009,1,0.992716,1
D_0000841051,0,0.084942,0
D_0000841240,0,0.024879,0
D_0000841660,1,0.999986,1
D_0000841723,0,0.176919,0
D_0000842731,0,0.107948,0
D_0000843277,1,0.999379,1
D_0000843382,1,0.988569,1
D_0000843466,0,0.895636,1
D_0000844474,1,0.999320,1
D_0000844600,0,0.088610,0
D_0000844663,1,0.998618,1
D_0000844789,1,0.999858,1
D_0000844852,1,0.985544,1
D_0000844873,1,0.997572,1
D_0000844957,0,0.120371,0
D_0000845188,0,0.264743,0
D_0000845356,1,0.063181,0
D_0000845482,1,0.999951,1
D_0000845629,0,0.139655,0
D_0000845902,1,0.991822,1
D_0000846322,0,0.081447,0
D_0000846595,1,0.993025,1
D_0000846721,1,0.999883,1
D_0000846910,1,0.999723,1
D_0000847729,1,0.391796,0
D_0000848065,0,0.084987,0
D_0000848401,0,0.957401,1
D_0000848485,1,0.960382,1
D_0000848674,1,0.999333,1
D_0000848779,1,0.999222,1
D_0000849178,0,0.122897,0
D_0000849283,0,0.099352,0
D_0000849640,0,0.146914,0
D_0000850249,1,0.999923,1
D_0000850984,0,0.205147,0
D_0000851173,0,0.740621,1
D_0000851740,1,0.979335,1
D_0000852202,0,0.063368,0
D_0000852391,0,0.052840,0
D_0000852454,0,0.042474,0
D_0000852832,0,0.121084,0
D_0000852853,1,0.998188,1
D_0000852979,0,0.087680,0
D_0000853021,0,0.078324,0
D_0000853378,0,0.976560,1
D_0000853483,1,0.999698,1
D_0000853504,1,0.998228,1
D_0000853567,1,0.998424,1
D_0000854008,1,0.971023,1
D_0000854197,1,0.998045,1
D_0000854344,1,0.998889,1
D_0000854428,0,0.129844,0
D_0000854827,1,0.999924,1
D_0000854869,1,0.990952,1
D_0000855352,0,0.135776,0
D_0000855625,0,0.066111,0
D_0000855898,0,0.860259,1
D_0000855919,1,0.999344,1
D_0000856003,1,0.998118,1
D_0000856255,0,0.155327,0
D_0000856402,1,0.186359,0
D_0000856549,1,0.999447,1
D_0000856717,1,0.998257,1
D_0000856738,1,0.991168,1
D_0000857431,0,0.036571,0
D_0000858019,0,0.895720,1
D_0000858922,0,0.092024,0
D_0000859279,1,0.833584,1
D_0000859531,0,0.647418,0
D_0000859993,1,0.955476,1
D_0000860014,1,0.991947,1
D_0000860791,1,0.218690,0
D_0000860833,0,0.104336,0
D_0000861274,1,0.997966,1
D_0000861883,0,0.602271,0
D_0000862198,1,0.998275,1
D_0000862261,0,0.688402,1
D_0000862492,0,0.189849,0
D_0000862933,0,0.191491,0
D_0000862954,0,0.936985,1
D_0000863290,0,0.094154,0
D_0000863605,0,0.082816,0
D_0000864088,1,0.996577,1
D_0000864193,0,0.074120,0
D_0000864214,0,0.893124,1
D_0000864466,1,0.999874,1
D_0000864529,1,0.999479,1
D_0000864865,0,0.134079,0
D_0000865243,1,0.999727,1
D_0000865936,1,0.999959,1
D_0000866461,1,0.999841,1
D_0000866545,0,0.080028,0
D_0000866734,0,0.145967,0
D_0000866923,0,0.062743,0
D_0000867028,1,0.997227,1
D_0000867385,1,0.995122,1
D_0000867574,1,0.996675,1
D_0000867847,1,0.979103,1
D_0000867931,1,0.664750,0
D_0000868141,0,0.076725,0
D_0000868351,0,0.088314,0
D_0000868582,1,0.982972,1
D_0000868645,1,0.998593,1
D_0000868855,1,0.997128,1
D_0000869191,0,0.141301,0
D_0000869611,1,0.999901,1
D_0000869800,1,0.989638,1
D_0000869926,0,0.141543,0
D_0000870010,0,0.294638,0
D_0000870031,0,0.246467,0
D_0000870262,1,0.992842,1
D_0000870514,0,0.147508,0
D_0000870808,0,0.172943,0
D_0000871165,0,0.125988,0
D_0000871606,0,0.107613,0
D_0000871816,0,0.069075,0
D_0000871942,0,0.699506,1
D_0000873496,1,0.970375,1
D_0000873979,1,0.999984,1
D_0000874042,0,0.062867,0
D_0000874315,1,0.999895,1
D_0000874903,1,0.995365,1
D_0000875050,1,0.988248,1
D_0000875155,1,0.998449,1
D_0000875281,1,0.998257,1
D_0000875659,1,0.028419,0
D_0000875974,1,0.999162,1
D_0000876226,1,0.999231,1
D_0000876646,1,0.563425,0
D_0000876730,1,0.888638,1
D_0000876982,0,0.336806,0
D_0000877003,1,0.999489,1
D_0000877570,1,0.999053,1
D_0000878242,0,0.162771,0
D_0000879208,1,0.999218,1
D_0000879754,1,0.999633,1
D_0000880132,1,0.965879,1
D_0000880384,0,0.183118,0
D_0000880573,0,0.925206,1
D_0000880741,1,0.999558,1
D_0000881035,0,0.351011,0
D_0000882127,0,0.905917,1
D_0000882211,0,0.028632,0
D_0000882316,0,0.051520,0
D_0000882358,0,0.097444,0
D_0000882715,0,0.054155,0
D_0000884269,1,0.999337,1
D_0000884794,0,0.324552,0
D_0000885004,0,0.140455,0
D_0000885235,1,0.961753,1
D_0000885403,1,0.163942,0
D_0000885466,1,0.999641,1
D_0000886054,0,0.185255,0
D_0000886222,0,0.111871,0
D_0000886432,0,0.904752,1
D_0000886852,1,0.997432,1
D_0000887020,1,0.999707,1
D_0000887146,1,0.999216,1
D_0000887167,1,0.998638,1
D_0000887356,1,0.981861,1
D_0000887377,0,0.084841,0
D_0000887608,1,0.998778,1
D_0000887839,0,0.128911,0
D_0000888049,1,0.988946,1
D_0000888112,1,0.980621,1
D_0000888826,1,0.999312,1
D_0000889918,1,0.952229,1
D_0000890296,0,0.060969,0
D_0000890380,1,0.136862,0
D_0000890674,0,0.250809,0
D_0000890695,1,0.999371,1
D_0000890821,1,0.999754,1
D_0000890842,1,0.120262,0
D_0000891031,0,0.199306,0
D_0000891451,1,0.999488,1
D_0000891661,1,0.992351,1
D_0000891934,1,0.999360,1
D_0000892186,1,0.977194,1
D_0000892228,1,0.998507,1
D_0000892480,0,0.090625,0
D_0000892585,1,0.999129,1
D_0000893026,1,0.124260,0
D_0000893698,1,0.999986,1
D_0000893950,1,0.051565,0
D_0000894076,1,0.903456,1
D_0000894370,1,0.972135,1
D_0000895000,0,0.905551,1
D_0000895357,1,0.765531,1
D_0000895462,0,0.328238,0
D_0000895567,0,0.050928,0
D_0000896449,0,0.065263,0
D_0000896743,1,0.906762,1
D_0000896911,0,0.135951,0
D_0000897079,0,0.305677,0
D_0000897100,0,0.067806,0
D_0000897268,0,0.138973,0
D_0000897457,1,0.895307,1
D_0000897604,1,0.961941,1
D_0000897919,1,0.999346,1
D_0000897982,1,0.999846,1
D_0000898045,1,0.997056,1
D_0000898297,0,0.086223,0
D_0000899011,0,0.116588,0
D_0000899452,1,0.976050,1
D_0000899725,1,0.998385,1
D_0000900187,0,0.114459,0
D_0000900355,0,0.085528,0
D_0000900397,0,0.168264,0
D_0000900481,1,0.996375,1
D_0000901006,0,0.059023,0
D_0000901174,0,0.273271,0
D_0000901363,1,0.999909,1
D_0000901594,0,0.958772,1
D_0000901636,0,0.118531,0
D_0000901825,1,0.982234,1
D_0000901972,0,0.102780,0
D_0000902476,0,0.332383,0
D_0000902518,1,0.153914,0
D_0000902560,0,0.088654,0
D_0000902749,0,0.702532,1
D_0000903127,0,0.099497,0
D_0000903295,1,0.999799,1
D_0000903631,1,0.995238,1
D_0000903820,1,0.987024,1
D_0000903988,1,0.987783,1
D_0000904324,0,0.118425,0
D_0000904387,1,0.108499,0
D_0000904450,0,0.486789,0
D_0000904765,1,0.999622,1
D_0000905647,0,0.206276,0
D_0000906109,1,0.999111,1
D_0000906361,1,0.999683,1
D_0000906718,1,0.999252,1
D_0000906844,1,0.999881,1
D_0000907096,1,0.977856,1
D_0000907117,0,0.028701,0
D_0000907390,1,0.999791,1
D_0000907705,0,0.275845,0
D_0000908251,1,0.999377,1
D_0000908524,0,0.533184,0
D_0000908776,0,0.072922,0
D_0000909049,0,0.171671,0
D_0000909133,1,0.959644,1
D_0000909448,0,0.075941,0
D_0000909637,1,0.998765,1
D_0000910036,0,0.881677,1
D_0000910162,0,0.166602,0
D_0000910414,1,0.223378,0
D_0000910498,0,0.161509,0
D_0000910855,1,0.999182,1
D_0000910939,0,0.120607,0
D_0000911317,0,0.645370,0
D_0000912010,0,0.159125,0
D_0000912241,0,0.846478,1
D_0000912367,0,0.784683,1
D_0000912556,1,0.129313,0
D_0000912598,0,0.115395,0
D_0000912871,1,0.994649,1
D_0000912976,1,0.996889,1
D_0000913312,0,0.466452,0
D_0000913396,1,0.805368,1
D_0000913459,1,0.999941,1
D_0000913606,1,0.171357,0
D_0000913795,1,0.974286,1
D_0000913921,0,0.118393,0
D_0000914068,1,0.987576,1
D_0000914173,1,0.999085,1
D_0000914257,1,0.988290,1
D_0000915265,1,0.176022,0
D_0000915454,0,0.012267,0
D_0000915538,0,0.099676,0
D_0000915727,0,0.127304,0
D_0000916042,1,0.994506,1
D_0000916084,1,0.093209,0
D_0000916252,0,0.047250,0
D_0000917113,1,0.999854,1
D_0000917176,1,0.999902,1
D_0000917197,1,0.997283,1
D_0000917869,0,0.065625,0
D_0000917911,0,0.048132,0
D_0000918037,0,0.052130,0
D_0000918142,0,0.741919,1
D_0000918268,0,0.174382,0
D_0000918331,0,0.217212,0
D_0000918562,1,0.999241,1
D_0000918730,0,0.710375,1
D_0000918835,1,0.989824,1
D_0000919276,0,0.027959,0
D_0000919402,0,0.228905,0
D_0000919780,1,0.942921,1
D_0000920053,0,0.160059,0
D_0000920389,0,0.099224,0
D_0000920809,1,0.985038,1
D_0000920914,1,0.999496,1
D_0000921313,1,0.999491,1
D_0000921355,1,0.237666,0
D_0000921397,1,0.998298,1
D_0000921586,0,0.193525,0
D_0000921796,1,0.999484,1
D_0000922027,0,0.258632,0
D_0000922657,1,0.998626,1
D_0000922678,1,0.756189,1
D_0000922762,1,0.999400,1
D_0000922825,1,0.982997,1
D_0000923140,1,0.999066,1
D_0000923287,0,0.066274,0
D_0000923728,1,0.999257,1
D_0000923833,0,0.850114,1
D_0000924043,0,0.038734,0
D_0000924169,1,0.997632,1
D_0000924253,0,0.145161,0
D_0000924337,1,0.990522,1
D_0000924421,1,0.984006,1
D_0000924652,0,0.337169,0
D_0000924946,1,0.996823,1
D_0000925051,0,0.183793,0
D_0000925387,1,0.997994,1
D_0000925534,0,0.131822,0
D_0000926080,0,0.555585,0
D_0000926584,0,0.141230,0
D_0000926815,1,0.999326,1
D_0000926878,0,0.149994,0
D_0000927151,1,0.998703,1
D_0000927319,1,0.975416,1
D_0000927697,0,0.233125,0
D_0000927865,1,0.983577,1
D_0000928159,1,0.931747,1
D_0000928390,0,0.162278,0
D_0000928495,1,0.999784,1
D_0000929041,0,0.083436,0
D_0000929272,1,0.999994,1
D_0000929398,1,0.999669,1
D_0000929587,1,0.985124,1
D_0000929671,1,0.998290,1
D_0000929776,1,0.126837,0
D_0000930952,0,0.052572,0
D_0000930973,1,0.168893,0
D_0000931498,1,0.124368,0
D_0000931855,0,0.143996,0
D_0000931876,0,0.418512,0
D_0000932023,1,0.991716,1
D_0000932275,1,0.998709,1
D_0000932443,0,0.086481,0
D_0000933325,1,0.998610,1
D_0000934249,0,0.036795,0
D_0000934312,1,0.992173,1
D_0000934627,1,0.998755,1
D_0000934732,0,0.049084,0
D_0000934900,1,0.989942,1
D_0000935110,0,0.043160,0
D_0000935194,1,0.176224,0
D_0000935299,1,0.999716,1
D_0000935362,1,0.999448,1
D_0000935383,0,0.077950,0
D_0000935425,1,0.998960,1
D_0000935929,1,0.999977,1
D_0000935971,0,0.049769,0
D_0000936034,0,0.225603,0
D_0000936139,1,0.999385,1
D_0000936160,0,0.207835,0
D_0000936370,0,0.109933,0
D_0000936811,1,0.999710,1
D_0000936958,1,0.998982,1
D_0000937168,0,0.083377,0
D_0000937399,0,0.965437,1
D_0000937483,1,0.999613,1
D_0000937588,0,0.174457,0
D_0000938071,0,0.166045,0
D_0000938155,0,0.483171,0
D_0000938281,0,0.967193,1
D_0000938365,1,0.953136,1
D_0000938428,0,0.071813,0
D_0000938470,0,0.126705,0
D_0000938701,1,0.999994,1
D_0000938953,0,0.123395,0
D_0000939457,1,0.999967,1
D_0000939877,0,0.141629,0
D_0000939961,1,0.990467,1
D_0000940045,1,0.996302,1
D_0000940066,1,0.998807,1
D_0000940318,1,0.997891,1
D_0000940843,0,0.080353,0
D_0000940948,1,0.989252,1
D_0000941095,1,0.986723,1
D_0000941410,1,0.097670,0
D_0000941557,1,0.999693,1
D_0000941788,0,0.053619,0
D_0000942082,1,0.999374,1
D_0000942187,1,0.999939,1
D_0000942523,1,0.996782,1
D_0000942649,0,0.116245,0
D_0000943888,1,0.992876,1
D_0000943930,0,0.111449,0
D_0000944203,1,0.983816,1
D_0000944749,1,0.999949,1
D_0000944938,0,0.029148,0
D_0000944980,1,0.993868,1
D_0000945022,0,0.126800,0
D_0000946639,0,0.109777,0
D_0000946765,0,0.151901,0
D_0000946933,0,0.063550,0
D_0000947206,1,0.829598,1
D_0000947353,1,0.984759,1
D_0000947773,1,0.998676,1
D_0000948592,0,0.123782,0
D_0000948655,1,0.206988,0
D_0000949012,1,0.999482,1
D_0000949054,0,0.019772,0
D_0000949201,1,0.992916,1
D_0000949285,0,0.231710,0
D_0000949306,1,0.141303,0
D_0000949600,1,0.999355,1
D_0000949978,1,0.999635,1
D_0000950230,1,0.999894,1
D_0000950461,0,0.361219,0
D_0000950545,0,0.057422,0
D_0000950818,1,0.999893,1
D_0000951049,1,0.999919,1
D_0000951427,0,0.059827,0
D_0000951532,1,0.999919,1
D_0000951784,0,0.085073,0
D_0000951868,1,0.964617,1
D_0000952162,0,0.163066,0
D_0000953065,0,0.108493,0
D_0000953338,0,0.182088,0
D_0000954010,1,0.997744,1
D_0000954304,0,0.104815,0
D_0000955228,1,0.999898,1
D_0000955543,0,0.208458,0
D_0000955984,1,0.111770,0
D_0000957370,0,0.108708,0
D_0000957433,1,0.999790,1
D_0000957517,1,0.998192,1
D_0000957832,0,0.216444,0
D_0000958231,1,0.994702,1
D_0000958378,0,0.088428,0
D_0000958462,0,0.040062,0
D_0000959281,1,0.999318,1
D_0000959386,1,0.999901,1
D_0000960814,1,0.999046,1
D_0000961255,0,0.075420,0
D_0000961276,0,0.120666,0
D_0000961318,0,0.515531,0
D_0000962725,1,0.103385,0
D_0000962767,1,0.969435,1
D_0000963334,0,0.133056,0
D_0000963838,0,0.084411,0
D_0000963943,0,0.205387,0
D_0000964027,0,0.149970,0
D_0000964069,1,0.999427,1
D_0000964174,0,0.121810,0
D_0000964468,1,0.999840,1
D_0000964762,1,0.999747,1
D_0000965203,1,0.999917,1
D_0000965287,0,0.083628,0
D_0000965707,0,0.104410,0
D_0000965728,1,0.999648,1
D_0000966379,1,0.999639,1
D_0000966547,0,0.786146,1
D_0000966820,0,0.054318,0
D_0000966925,0,0.069981,0
D_0000966946,1,0.980844,1
D_0000967156,1,0.066733,0
D_0000967261,1,0.999989,1
D_0000967324,1,0.554307,0
D_0000967765,0,0.175099,0
D_0000968122,0,0.075259,0
D_0000968311,0,0.199738,0
D_0000968374,0,0.233049,0
D_0000969403,1,0.935467,1
D_0000969487,1,0.998504,1
D_0000969571,1,0.042004,0
D_0000969613,0,0.172364,0
D_0000969718,1,0.999959,1
D_0000969760,1,0.943266,1
D_0000970222,0,0.143450,0
D_0000970327,1,0.999758,1
D_0000970579,1,0.939255,1
D_0000970810,0,0.086419,0
D_0000971104,0,0.155281,0
D_0000971377,1,0.999751,1
D_0000971545,0,0.459491,0
D_0000971566,0,0.461386,0
D_0000971608,0,0.112335,0
D_0000971713,1,0.999275,1
D_0000972301,0,0.124657,0
D_0000973036,1,0.984706,1
D_0000973393,1,0.999711,1
D_0000973603,0,0.609637,0
D_0000973645,0,0.039970,0
D_0000974737,1,0.999016,1
D_0000975199,0,0.084484,0
D_0000975241,1,0.999197,1
D_0000975430,1,0.999498,1
D_0000975913,0,0.244730,0
D_0000976354,1,0.995570,1
D_0000976648,1,0.999743,1
D_0000977089,1,0.983092,1
D_0000977614,1,0.996889,1
D_0000977950,1,0.999988,1
D_0000978580,0,0.164261,0
D_0000978811,0,0.199094,0
D_0000979021,0,0.183038,0
D_0000980113,1,0.990080,1
D_0000980344,1,0.154698,0
D_0000980428,0,0.078272,0
D_0000980806,0,0.577435,0
D_0000981184,1,0.999987,1
D_0000981373,0,0.250134,0
D_0000981457,0,0.314208,0
D_0000982213,1,0.999573,1
D_0000982276,0,0.191817,0
D_0000982696,1,0.973147,1
D_0000982864,0,0.124946,0
D_0000984124,1,0.999400,1
D_0000984355,1,0.987637,1
D_0000984670,1,0.999229,1
D_0000985006,0,0.084427,0
D_0000985615,0,0.161088,0
D_0000985699,1,0.977349,1
D_0000987253,1,0.999240,1
D_0000987610,0,0.051502,0
D_0000987715,1,0.999446,1
D_0000988093,1,0.998730,1
D_0000988156,1,0.997122,1
D_0000988408,1,0.999387,1
D_0000989290,0,0.256990,0
D_0000989311,0,0.087971,0
D_0000989416,1,0.982896,1
D_0000989773,1,0.989481,1
D_0000990130,1,0.999582,1
D_0000990445,1,0.999250,1
D_0000991201,0,0.283809,0
D_0000991327,0,0.049308,0
D_0000991411,0,0.121289,0
D_0000991516,0,0.026725,0
D_0000991579,1,0.998815,1
D_0000991789,1,0.999928,1
D_0000992083,0,0.961440,1
D_0000992356,1,0.997725,1
D_0000992482,1,0.995081,1
D_0000992692,0,0.113328,0
D_0000992965,1,0.999949,1
D_0000993364,0,0.190576,0
D_0000993469,1,0.999652,1
D_0000993490,1,0.999315,1
D_0000993700,0,0.091580,0
D_0000993763,0,0.139892,0
D_0000994099,0,0.148368,0
D_0000994288,0,0.098149,0
D_0000995065,1,0.999642,1
D_0000995359,1,0.999976,1
D_0000995569,1,0.994636,1
D_0000995989,1,0.999726,1
D_0000996304,1,0.988435,1
D_0000996682,0,0.545908,0
D_0000997312,0,0.476824,0
D_0000997354,1,0.843182,1
D_0000997375,1,0.999546,1
D_0000997438,1,0.996154,1
D_0000997690,1,0.999185,1
D_0000998131,1,0.185849,0
D_0000998173,0,0.273306,0
D_0000998257,0,0.089796,0
D_0000998467,0,0.059095,0
D_0000998929,1,0.998526,1
D_0000998992,1,0.998000,1
D_0000999244,0,0.308737,0
D_0000999370,0,0.612973,0
D_0000999748,1,0.287515,0
D_0000999832,0,0.512987,0
D_0000999853,0,0.203122,0
D_0000999874,1,0.998444,1
D_0001000735,0,0.167370,0
D_0001000987,0,0.129831,0
D_0001001323,1,0.997743,1
D_0001001491,0,0.470845,0
D_0001001533,0,0.083818,0
D_0001001638,1,0.999819,1
D_0001001932,1,0.915147,1
D_0001002205,1,0.999404,1
D_0001002730,1,0.998980,1
D_0001002898,0,0.229590,0
D_0001003171,0,0.073007,0
D_0001003192,1,0.999806,1
D_0001003633,1,0.061416,0
D_0001003801,1,0.999818,1
D_0001005439,0,0.953256,1
D_0001005523,0,0.081903,0
D_0001005607,1,0.986955,1
D_0001005733,0,0.181351,0
D_0001005754,1,0.984904,1
D_0001006531,0,0.517910,0
D_0001007392,1,0.998040,1
D_0001007560,0,0.075350,0
D_0001007665,1,0.551549,0
D_0001007707,1,0.999385,1
D_0001007875,0,0.814440,1
D_0001008253,1,0.999948,1
D_0001008505,0,0.097051,0
D_0001010038,0,0.118549,0
D_0001010227,0,0.975365,1
D_0001010269,0,0.195740,0
D_0001010353,0,0.098902,0
D_0001010374,1,0.961169,1
D_0001010605,0,0.064621,0
D_0001010731,1,0.984210,1
D_0001010878,0,0.923189,1
D_0001011802,1,0.999138,1
D_0001011949,0,0.049527,0
D_0001012327,0,0.000793,0
D_0001012768,0,0.096089,0
D_0001012915,0,0.131908,0
D_0001012936,1,0.713384,1
D_0001012978,1,0.999946,1
D_0001013146,0,0.531867,0
D_0001013461,1,0.999952,1
D_0001013608,0,0.802402,1
D_0001014175,1,0.998048,1
D_0001014700,0,0.089436,0
D_0001014784,1,0.506001,0
D_0001015267,0,0.701840,1
D_0001015330,1,0.999731,1
D_0001015414,1,0.996881,1
D_0001015792,1,0.964408,1
D_0001016002,1,0.968842,1
D_0001017115,0,0.327211,0
D_0001017787,0,0.129485,0
D_0001017850,1,0.996091,1
D_0001017997,1,0.997563,1
D_0001018585,0,0.396394,0
D_0001018627,1,0.995326,1
D_0001018816,0,0.044912,0
D_0001019488,1,0.996776,1
D_0001019593,1,0.193533,0
D_0001019656,1,0.998750,1
D_0001019677,1,0.218792,0
D_0001020097,0,0.122467,0
D_0001020265,1,0.982576,1
D_0001020538,1,0.999383,1
D_0001020664,1,0.981940,1
D_0001020706,1,0.999649,1
D_0001020748,1,0.999421,1
D_0001020790,0,0.243483,0
D_0001021147,1,0.988506,1
D_0001021672,0,0.141487,0
D_0001021693,0,0.223496,0
D_0001022680,0,0.283080,0
D_0001023205,1,0.952699,1
D_0001023961,0,0.066574,0
D_0001023982,1,0.999915,1
D_0001024633,1,0.999880,1
D_0001024864,0,0.250440,0
D_0001024948,1,0.999446,1
D_0001025116,1,0.999934,1
D_0001025284,0,0.342903,0
D_0001025389,0,0.433464,0
D_0001025557,0,0.912533,1
D_0001025767,1,0.999583,1
D_0001025956,1,0.998412,1
D_0001026103,1,0.999233,1
D_0001026145,1,0.999215,1
D_0001026964,0,0.152363,0
D_0001027363,1,0.999625,1
D_0001027972,1,0.940681,1
D_0001028077,0,0.054927,0
D_0001028119,1,0.999196,1
D_0001028371,0,0.076870,0
D_0001028833,0,0.798493,1
D_0001028980,0,0.081527,0
D_0001029043,1,0.988503,1
D_0001029274,0,0.105251,0
D_0001029316,1,0.999541,1
D_0001029337,0,0.862585,1
D_0001029820,1,0.087615,0
D_0001030156,0,0.548966,0
D_0001030492,0,0.018630,0
D_0001030744,0,0.087778,0
D_0001031164,1,0.964253,1
D_0001031605,1,0.117106,0
D_0001031899,0,0.224780,0
D_0001031983,0,0.115045,0
D_0001032319,1,0.997403,1
D_0001032844,0,0.388139,0
D_0001032886,1,0.999903,1
D_0001033117,1,0.967156,1
D_0001033243,1,0.999997,1
D_0001033285,0,0.406549,0
D_0001033390,0,0.095319,0
D_0001034125,1,0.999976,1
D_0001034209,1,0.986684,1
D_0001034335,1,0.998438,1
D_0001034524,0,0.067800,0
D_0001034566,1,0.998843,1
D_0001034902,0,0.218441,0
D_0001035280,1,0.981577,1
D_0001035595,0,0.154035,0
D_0001035826,1,0.999174,1
D_0001035952,1,0.996935,1
D_0001036351,1,0.999787,1
D_0001036540,1,0.999281,1
D_0001036687,1,0.958116,1
D_0001036729,1,0.969471,1
D_0001036813,0,0.114008,0
D_0001037044,0,0.185825,0
D_0001037359,0,0.077354,0
D_0001037506,0,0.085830,0
D_0001037821,1,0.999173,1
D_0001038472,0,0.030650,0
D_0001038535,1,0.998743,1
D_0001038682,0,0.096712,0
D_0001039018,1,0.979061,1
D_0001039711,1,0.152987,0
D_0001039900,1,0.999942,1
D_0001040110,0,0.453305,0
D_0001040614,1,0.799011,1
D_0001041076,0,0.149660,0
D_0001041307,0,0.074368,0
D_0001041475,1,0.989322,1
D_0001041748,1,0.992522,1
D_0001041874,1,0.999626,1
D_0001042315,1,0.997275,1
D_0001042546,1,0.999807,1
D_0001042567,0,0.208170,0
D_0001042735,0,0.989988,1
D_0001043155,1,0.999900,1
D_0001044184,1,0.999627,1
D_0001044289,1,0.996825,1
D_0001044436,0,0.985915,1
D_0001044667,0,0.399295,0
D_0001045171,1,0.999961,1
D_0001045192,0,0.082799,0
D_0001045591,0,0.190356,0
D_0001045843,1,0.996661,1
D_0001046158,0,0.199044,0
D_0001046662,0,0.062916,0
D_0001047523,1,0.998413,1
D_0001047607,0,0.072458,0
D_0001047670,0,0.120665,0
D_0001047838,0,0.227462,0
D_0001047922,0,0.175368,0
D_0001048384,1,0.999903,1
D_0001049245,1,0.991868,1
D_0001049329,0,0.057741,0
D_0001050001,1,0.991306,1
D_0001050190,0,0.161862,0
D_0001050274,0,0.100493,0
D_0001050673,1,0.999902,1
D_0001050967,1,0.433557,0
D_0001051114,0,0.114224,0
D_0001051912,0,0.108741,0
D_0001052542,0,0.079527,0
D_0001052584,1,0.997626,1
D_0001052710,0,0.242411,0
D_0001053088,1,0.999065,1
D_0001053193,0,0.958979,1
D_0001053550,0,0.136901,0
D_0001053844,1,0.085622,0
D_0001054117,1,0.263173,0
D_0001054159,0,0.285057,0
D_0001054978,1,0.999777,1
D_0001055083,1,0.999579,1
D_0001055776,1,0.999078,1
D_0001056049,1,0.999901,1
D_0001056175,0,0.515455,0
D_0001056490,0,0.034602,0
D_0001056553,1,0.999962,1
D_0001057771,1,0.973840,1
D_0001057939,0,0.986188,1
D_0001058002,1,0.966380,1
D_0001058170,0,0.224380,0
D_0001058590,1,0.991657,1
D_0001058800,0,0.805509,1
D_0001059514,1,0.985139,1
D_0001059976,0,0.262921,0
D_0001060039,0,0.139364,0
D_0001060417,0,0.115310,0
D_0001060753,0,0.122470,0
D_0001061362,1,0.999439,1
D_0001061698,0,0.164180,0
D_0001061908,0,0.083520,0
D_0001062244,0,0.184785,0
D_0001062601,0,0.088378,0
D_0001063063,0,0.043384,0
D_0001063126,0,0.044802,0
D_0001063693,1,0.997671,1
D_0001063735,1,0.999716,1
D_0001064008,0,0.090404,0
D_0001064218,1,0.995588,1
D_0001064596,0,0.196590,0
D_0001064764,1,0.990251,1
D_0001064890,0,0.117617,0
D_0001065142,0,0.126085,0
D_0001065415,1,0.806503,1
D_0001065478,0,0.122011,0
D_0001065520,1,0.999384,1
D_0001065562,0,0.062221,0
D_0001065919,1,0.997294,1
D_0001066003,0,0.157638,0
D_0001066150,1,0.999976,1
D_0001067284,0,0.046287,0
D_0001067389,1,0.997638,1
D_0001067683,1,0.998632,1
D_0001067725,0,0.096806,0
D_0001068292,1,0.995015,1
D_0001068691,0,0.091754,0
D_0001069006,0,0.303921,0
D_0001069279,0,0.419513,0
D_0001070224,0,0.961908,1
D_0001070371,0,0.096942,0
D_0001070833,0,0.128382,0
D_0001071337,0,0.160025,0
D_0001071442,1,0.996271,1
D_0001071862,0,0.155244,0
D_0001072471,1,0.858828,1
D_0001072723,1,0.908769,1
D_0001073164,1,0.290758,0
D_0001073185,0,0.480315,0
D_0001073647,1,0.999232,1
D_0001074046,1,0.999871,1
D_0001074151,1,0.977178,1
D_0001074445,1,0.999073,1
D_0001074592,1,0.997779,1
D_0001074991,1,0.181188,0
D_0001075600,0,0.028092,0
D_0001075915,1,0.990788,1
D_0001076125,0,0.056328,0
D_0001076818,1,0.999175,1
D_0001076944,1,0.998606,1
D_0001077280,1,0.095474,0
D_0001077658,0,0.094001,0
D_0001078036,1,0.934576,1
D_0001078624,0,0.116195,0
D_0001079128,0,0.200321,0
D_0001080073,1,0.897559,1
D_0001080262,1,0.992243,1
D_0001080535,1,0.998293,1
D_0001080640,1,0.156207,0
D_0001081228,1,0.999203,1
D_0001081795,1,0.999301,1
D_0001082047,0,0.655276,0
D_0001082110,1,0.999926,1
D_0001082320,0,0.152446,0
D_0001082614,1,0.992305,1
D_0001082635,1,0.999992,1
D_0001082971,1,0.950659,1
D_0001082992,0,0.126550,0
D_0001084294,1,0.990264,1
D_0001084441,1,0.960496,1
D_0001085491,1,0.997821,1
D_0001086289,1,0.999388,1
D_0001086310,1,0.967778,1
D_0001086331,1,0.946040,1
D_0001086394,1,0.989838,1
D_0001086604,0,0.918036,1
D_0001087066,1,0.997535,1
D_0001087087,0,0.062573,0
D_0001087171,0,0.261936,0
D_0001088137,1,0.998980,1
D_0001088620,1,0.999525,1
D_0001088998,1,0.999892,1
D_0001089082,0,0.277113,0
D_0001089376,1,0.997374,1
D_0001089733,0,0.071032,0
D_0001089943,1,0.112992,0
D_0001089964,1,0.997910,1
D_0001090783,0,0.081545,0
D_0001091224,0,0.882726,1
D_0001091476,1,0.114593,0
D_0001091749,1,0.999078,1
D_0001091770,1,0.991572,1
D_0001091980,0,0.089283,0
D_0001092379,0,0.099367,0
D_0001092547,1,0.998504,1
D_0001092610,1,0.987374,1
D_0001092715,1,0.999666,1
D_0001093009,1,0.987079,1
D_0001093114,1,0.999787,1
D_0001093135,1,0.999474,1
D_0001093303,1,0.998442,1
D_0001093597,0,0.111716,0
D_0001094143,0,0.159453,0
D_0001094269,1,0.997761,1
D_0001094311,1,0.195144,0
D_0001094458,0,0.130334,0
D_0001094479,0,0.117483,0
D_0001094836,1,0.978348,1
D_0001095151,1,0.170476,0
D_0001095361,0,0.585229,0
D_0001096285,1,0.910662,1
D_0001096327,1,0.591737,0
D_0001096600,1,0.997895,1
D_0001096831,0,0.115657,0
D_0001096936,1,0.969605,1
D_0001097083,1,0.999556,1
D_0001097125,1,0.999070,1
D_0001097398,0,0.092394,0
D_0001097860,1,0.972423,1
D_0001097986,1,0.998759,1
D_0001098343,1,0.998887,1
D_0001099078,1,0.125719,0
D_0001099120,1,0.077964,0
D_0001099162,0,0.078426,0
D_0001099330,0,0.065522,0
D_0001100170,1,0.988800,1
D_0001100359,1,0.999961,1
D_0001100464,0,0.271568,0
D_0001101241,1,0.999159,1
D_0001101430,1,0.998944,1
D_0001101745,1,0.999714,1
D_0001102081,0,0.083719,0
D_0001102648,0,0.077444,0
D_0001102900,1,0.998296,1
D_0001103194,0,0.075025,0
D_0001104559,0,0.118080,0
D_0001105042,1,0.157019,0
D_0001105126,1,0.997651,1
D_0001105189,0,0.053991,0
D_0001105210,1,0.999981,1
D_0001105231,1,0.987911,1
D_0001105441,1,0.995433,1
D_0001105672,1,0.999955,1
D_0001106008,1,0.999503,1
D_0001106701,1,0.998912,1
D_0001107079,1,0.983195,1
D_0001107373,1,0.071753,0
D_0001108129,0,0.088870,0
D_0001108570,0,0.140434,0
D_0001108654,1,0.999884,1
D_0001108738,0,0.192130,0
D_0001109305,0,0.091491,0
D_0001109935,1,0.995840,1
D_0001109956,0,0.074403,0
D_0001110334,0,0.143729,0
D_0001111048,1,0.988318,1
D_0001111405,1,0.999200,1
D_0001111594,1,0.477832,0
D_0001111636,0,0.103226,0
D_0001111804,0,0.185975,0
D_0001111909,0,0.160309,0
D_0001112665,1,0.132630,0
D_0001112791,0,0.071375,0
D_0001112812,0,0.061993,0
D_0001113148,0,0.866485,1
D_0001113274,1,0.989224,1
D_0001113316,0,0.050146,0
D_0001113820,0,0.041225,0
D_0001114198,0,0.180558,0
D_0001114828,1,0.978080,1
D_0001114975,1,0.999324,1
D_0001115353,1,0.998702,1
D_0001115416,1,0.993232,1
D_0001115584,0,0.115016,0
D_0001115794,0,0.112747,0
D_0001115857,0,0.097345,0
D_0001116046,1,0.999985,1
D_0001116634,0,0.979247,1
D_0001116655,1,0.158200,0
D_0001116697,1,0.090418,0
D_0001116718,1,0.999139,1
D_0001116823,1,0.999938,1
D_0001116886,0,0.330668,0
D_0001116907,0,0.100564,0
D_0001117222,0,0.131747,0
D_0001117327,0,0.081900,0
D_0001117432,0,0.040113,0
D_0001117852,1,0.999542,1
D_0001117978,0,0.432174,0
D_0001118020,0,0.087813,0
D_0001118083,0,0.051951,0
D_0001118167,0,0.095526,0
D_0001118293,0,0.244832,0
D_0001118335,1,0.996005,1
D_0001118881,0,0.127883,0
D_0001119469,0,0.125990,0
D_0001119637,0,0.081005,0
D_0001119742,1,0.997380,1
D_0001120603,0,0.775458,1
D_0001121296,0,0.111171,0
D_0001121632,0,0.082914,0
D_0001121989,0,0.132942,0
D_0001122052,0,0.325699,0
D_0001122283,0,0.049981,0
D_0001122514,0,0.042367,0
D_0001122745,0,0.321391,0
D_0001123375,0,0.074714,0
D_0001123396,1,0.998265,1
D_0001123501,1,0.991100,1
D_0001123648,1,0.987941,1
D_0001124299,1,0.998642,1
D_0001125013,1,0.998915,1
D_0001125055,0,0.090429,0
D_0001125622,0,0.251767,0
D_0001125916,1,0.992221,1
D_0001126042,1,0.999986,1
D_0001126210,1,0.998550,1
D_0001126315,0,0.051260,0
D_0001126399,0,0.162861,0
D_0001127092,1,0.996119,1
D_0001127659,1,0.999880,1
D_0001127848,1,0.998127,1
D_0001128058,0,0.080184,0
D_0001128100,0,0.826049,1
D_0001128604,0,0.746824,1
D_0001128667,0,0.033174,0
D_0001128730,1,0.985428,1
D_0001128751,1,0.999956,1
D_0001129003,0,0.022653,0
D_0001129486,0,0.400375,0
D_0001129612,1,0.996148,1
D_0001129759,1,0.999112,1
D_0001130263,1,0.888302,1
D_0001130452,0,0.239447,0
D_0001130557,0,0.178809,0
D_0001130662,0,0.114959,0
D_0001131628,0,0.028458,0
D_0001131691,0,0.059195,0
D_0001131796,1,0.171136,0
D_0001132720,1,0.979687,1
D_0001132825,1,0.999224,1
D_0001133539,0,0.172085,0
D_0001133560,1,0.997726,1
D_0001133875,0,0.493575,0
D_0001133917,1,0.998327,1
D_0001134316,0,0.074784,0
D_0001134400,1,0.995937,1
D_0001134526,1,0.990062,1
D_0001134589,0,0.051030,0
D_0001134736,1,0.998684,1
D_0001134757,1,0.039831,0
D_0001135534,1,0.998242,1
D_0001136185,0,0.212395,0
D_0001136731,1,0.999584,1
D_0001136983,1,0.998820,1
D_0001137529,0,0.193322,0
D_0001137592,1,0.997594,1
D_0001138453,0,0.160259,0
D_0001138537,0,0.079705,0
D_0001139020,1,0.988837,1
D_0001139083,0,0.092176,0
D_0001139125,1,0.997033,1
D_0001139335,0,0.462789,0
D_0001139965,0,0.790919,1
D_0001140805,1,0.997149,1
D_0001141183,1,0.999141,1
D_0001141897,1,0.999289,1
D_0001142212,1,0.999661,1
D_0001142338,1,0.999829,1
D_0001142464,1,0.997228,1
D_0001142695,0,0.079706,0
D_0001142779,0,0.033354,0
D_0001142968,1,0.998953,1
D_0001143535,1,0.164557,0
D_0001143724,1,0.999719,1
D_0001143871,1,0.992120,1
D_0001144249,1,0.999736,1
D_0001144438,0,0.296711,0
D_0001144522,1,0.608479,0
D_0001144816,0,0.141805,0
D_0001145236,1,0.998441,1
D_0001145299,0,0.986510,1
D_0001145341,0,0.104366,0
D_0001145383,0,0.245596,0
D_0001145509,0,0.166604,0
D_0001145614,0,0.063051,0
D_0001145635,0,0.166103,0
D_0001146433,0,0.187351,0
D_0001146559,1,0.840360,1
D_0001146643,0,0.131734,0
D_0001146727,1,0.999651,1
D_0001147294,0,0.132546,0
D_0001147525,1,0.999676,1
D_0001147798,1,0.999696,1
D_0001148134,0,0.128128,0
D_0001148554,0,0.241881,0
D_0001148722,0,0.742173,1
D_0001149163,0,0.077000,0
D_0001149226,1,0.256348,0
D_0001149247,1,0.997249,1
D_0001149583,0,0.158974,0
D_0001150045,1,0.992730,1
D_0001150066,1,0.987054,1
D_0001150087,1,0.999866,1
D_0001150360,0,0.062643,0
D_0001150969,1,0.988638,1
D_0001151389,0,0.073143,0
D_0001151641,0,0.167265,0
D_0001151851,1,0.999886,1
D_0001152145,0,0.133373,0
D_0001152187,0,0.079858,0
D_0001152229,0,0.073295,0
D_0001152271,0,0.084101,0
D_0001152775,0,0.200019,0
D_0001153006,0,0.962668,1
D_0001153069,0,0.157301,0
D_0001153195,1,0.998139,1
D_0001153363,0,0.117819,0
D_0001153405,1,0.999504,1
D_0001153720,1,0.352295,0
D_0001153762,0,0.165284,0
D_0001153867,0,0.228634,0
D_0001153972,0,0.150116,0
D_0001154245,0,0.028412,0
D_0001155043,1,0.999239,1
D_0001156450,1,0.945595,1
D_0001156723,1,0.997013,1
D_0001156828,1,0.998948,1
D_0001156996,0,0.194531,0
D_0001157584,1,0.999696,1
D_0001157983,1,0.995439,1
D_0001158382,1,0.999953,1
D_0001158718,0,0.327681,0
D_0001158739,1,0.965338,1
D_0001158991,1,0.998344,1
D_0001159033,1,0.999729,1
D_0001159222,0,0.050426,0
D_0001159432,1,0.986062,1
D_0001159600,1,0.998975,1
D_0001160020,0,0.171851,0
D_0001160545,0,0.638698,0
D_0001160734,0,0.147042,0
D_0001161196,1,0.991014,1
D_0001161280,1,0.999969,1
D_0001161490,0,0.187460,0
D_0001161826,0,0.400301,0
D_0001161868,0,0.230933,0
D_0001162456,1,0.999672,1
D_0001163170,0,0.163811,0
D_0001163674,0,0.089171,0
D_0001163842,1,0.213465,0
D_0001164094,0,0.184339,0
D_0001164157,1,0.999659,1
D_0001164283,1,0.999784,1
D_0001164367,0,0.054836,0
D_0001164472,0,0.070148,0
D_0001164829,1,0.999562,1
D_0001164871,0,0.180324,0
D_0001165312,1,0.999817,1
D_0001165690,0,0.087249,0
D_0001165921,0,0.068453,0
D_0001166257,0,0.074372,0
D_0001166425,0,0.092128,0
D_0001167307,0,0.127233,0
D_0001167643,0,0.204338,0
D_0001167895,1,0.999240,1
D_0001168021,1,0.384907,0
D_0001168840,1,0.999950,1
D_0001168966,0,0.227087,0
D_0001169176,1,0.855764,1
D_0001169260,1,0.997428,1
D_0001169449,0,0.123230,0
D_0001169533,1,0.102431,0
D_0001169848,1,0.996773,1
D_0001170037,1,0.999548,1
D_0001170226,0,0.149898,0
D_0001170289,1,0.999069,1
D_0001170310,1,0.996610,1
D_0001170646,1,0.999726,1
D_0001170919,1,0.161830,0
D_0001171045,1,0.879096,1
D_0001171339,0,0.503137,0
D_0001171612,0,0.033573,0
D_0001171864,1,0.999819,1
D_0001172242,0,0.114485,0
D_0001173334,0,0.264789,0
D_0001173376,1,0.596492,0
D_0001173838,0,0.059433,0
D_0001174636,1,0.999807,1
D_0001174720,0,0.052211,0
D_0001175119,0,0.355271,0
D_0001175308,0,0.138497,0
D_0001175455,1,0.095934,0
D_0001175476,0,0.231041,0
D_0001176316,0,0.647672,0
D_0001177492,0,0.824325,1
D_0001178038,0,0.083293,0
D_0001178332,0,0.073441,0
D_0001179382,0,0.117535,0
D_0001179655,0,0.069604,0
D_0001180033,0,0.031892,0
D_0001180411,0,0.888816,1
D_0001180474,1,0.999868,1
D_0001180642,0,0.095736,0
D_0001180726,0,0.918479,1
D_0001181041,1,0.999629,1
D_0001181503,1,0.999961,1
D_0001181650,0,0.141212,0
D_0001181986,1,0.999404,1
D_0001182889,0,0.048724,0
D_0001183057,0,0.182845,0
D_0001183099,0,0.126245,0
D_0001183183,0,0.076917,0
D_0001183414,0,0.118579,0
D_0001183498,0,0.622846,0
D_0001184023,1,0.999997,1
D_0001184527,0,0.135127,0
D_0001184989,0,0.069673,0
D_0001185451,1,0.999799,1
D_0001185514,0,0.040541,0
D_0001185556,1,0.999396,1
D_0001185871,0,0.047172,0
D_0001186039,0,0.172670,0
D_0001186354,1,0.201916,0
D_0001186585,0,0.156579,0
D_0001187299,1,0.992194,1
D_0001187551,1,0.999894,1
D_0001188034,0,0.120936,0
D_0001188307,1,0.999605,1
D_0001188454,0,0.087079,0
D_0001188517,0,0.107717,0
D_0001188706,1,0.999960,1
D_0001188916,1,0.054408,0
D_0001188937,0,0.056401,0
D_0001189609,1,0.992664,1
D_0001189756,1,0.976902,1
D_0001189924,1,0.997556,1
D_0001190176,0,0.888356,1
D_0001190386,1,0.204131,0
D_0001190806,0,0.509624,0
D_0001191037,1,0.999917,1
D_0001191100,1,0.994819,1
D_0001191373,1,0.998798,1
D_0001191625,0,0.096050,0
D_0001191772,1,0.998782,1
D_0001191877,0,0.247653,0
D_0001192444,0,0.090017,0
D_0001192801,0,0.083971,0
D_0001193011,0,0.142244,0
D_0001193431,0,0.056572,0
D_0001193914,0,0.032700,0
D_0001194040,1,0.982172,1
D_0001194334,1,0.997064,1
D_0001194985,0,0.090769,0
D_0001195006,0,0.048870,0
D_0001195111,1,0.994827,1
D_0001195510,1,0.999922,1
D_0001195636,0,0.072590,0
D_0001195951,1,0.998243,1
D_0001196035,1,0.122919,0
D_0001196875,0,0.170736,0
D_0001198030,1,0.997668,1
D_0001198555,1,0.963587,1
D_0001198702,0,0.166410,0
D_0001198975,0,0.456948,0
D_0001199605,1,0.997891,1
D_0001199626,1,0.981932,1
D_0001199836,1,0.999763,1
D_0001199878,1,0.998539,1
D_0001200382,1,0.999750,1
D_0001200571,0,0.131370,0
D_0001200760,0,0.250294,0
D_0001200907,0,0.126907,0
D_0001201516,1,0.999018,1
D_0001201600,0,0.179420,0
D_0001201747,1,0.066788,0
D_0001201789,1,0.999571,1
D_0001201831,1,0.999242,1
D_0001201978,1,0.999074,1
D_0001202419,1,0.996904,1
D_0001202440,0,0.257830,0
D_0001202503,0,0.120096,0
D_0001202587,1,0.996124,1
D_0001202650,0,0.101895,0
D_0001202671,0,0.200061,0
D_0001202818,0,0.942917,1
D_0001202902,0,0.079340,0
D_0001203196,0,0.211066,0
D_0001203658,0,0.037727,0
D_0001203994,1,0.998174,1
D_0001204225,1,0.928864,1
D_0001204309,1,0.997366,1
D_0001204645,1,0.992819,1
D_0001205947,1,0.980402,1
D_0001206199,1,0.998660,1
D_0001206640,1,0.993124,1
D_0001207123,0,0.331689,0
D_0001207144,0,0.120657,0
D_0001207480,1,0.998167,1
D_0001207543,1,0.999254,1
D_0001207585,0,0.894082,1
D_0001207837,0,0.601098,0
D_0001207921,0,0.133775,0
D_0001208047,0,0.046011,0
D_0001208446,1,0.999471,1
D_0001208971,0,0.112703,0
D_0001209139,0,0.296552,0
D_0001209265,1,0.199974,0
D_0001209601,1,0.999919,1
D_0001209643,0,0.088979,0
D_0001209748,1,0.991188,1
D_0001210042,0,0.656010,0
D_0001210714,1,0.998998,1
D_0001210903,0,0.269334,0
D_0001211260,1,0.996613,1
D_0001211407,1,0.997363,1
D_0001211596,1,0.117363,0
D_0001211638,1,0.965209,1
D_0001211785,1,0.982351,1
D_0001212289,1,0.999438,1
D_0001212352,1,0.999039,1
D_0001212373,0,0.083532,0
D_0001212415,0,0.094708,0
D_0001212478,0,0.082855,0
D_0001212604,0,0.069671,0
D_0001212919,1,0.979854,1
D_0001213045,0,0.340573,0
D_0001213066,1,0.999955,1
D_0001213759,0,0.177521,0
D_0001213843,0,0.060819,0
D_0001213990,0,0.149499,0
D_0001214074,0,0.157735,0
D_0001214263,0,0.018949,0
D_0001214452,0,0.094852,0
D_0001215397,0,0.357386,0
D_0001215418,1,0.982947,1
D_0001215691,0,0.214015,0
D_0001215754,1,0.999672,1
D_0001215922,0,0.561342,0
D_0001216405,0,0.088705,0
D_0001216657,1,0.987670,1
D_0001216972,1,0.999913,1
D_0001217224,0,0.169535,0
D_0001217392,1,0.998674,1
D_0001217434,1,0.120578,0
D_0001217854,0,0.074403,0
D_0001217917,1,0.958341,1
D_0001218001,1,0.998940,1
D_0001218043,0,0.118722,0
D_0001218190,0,0.110347,0
D_0001218295,0,0.048985,0
D_0001218358,1,0.998927,1
D_0001218799,0,0.613310,0
D_0001219093,1,0.998584,1
D_0001219135,1,0.998564,1
D_0001219492,0,0.167739,0
D_0001219975,1,0.999408,1
D_0001220017,1,0.281718,0
D_0001220122,0,0.513132,0
D_0001220647,1,0.999787,1
D_0001220731,1,0.993974,1
D_0001220899,0,0.386658,0
D_0001221466,1,0.998201,1
D_0001221886,1,0.097541,0
D_0001221928,1,0.999697,1
D_0001222012,1,0.999208,1
D_0001222621,1,0.999209,1
D_0001222852,1,0.137810,0
D_0001222936,1,0.139285,0
D_0001223020,1,0.992313,1
D_0001223293,0,0.088748,0
D_0001223545,0,0.054365,0
D_0001223734,1,0.996683,1
D_0001224049,1,0.999988,1
D_0001224217,1,0.999391,1
D_0001224364,1,0.999641,1
D_0001224448,0,0.088553,0
D_0001224847,1,0.999720,1
D_0001224868,0,0.638413,0
D_0001224952,0,0.060001,0
D_0001224973,1,0.999680,1
D_0001225015,1,0.904556,1
D_0001225078,1,0.308447,0
D_0001225351,1,0.139066,0
D_0001225771,1,0.999672,1
D_0001226149,0,0.021480,0
D_0001227283,1,0.830613,1
D_0001227430,1,0.997296,1
D_0001227472,1,0.998840,1
D_0001227577,1,0.999605,1
D_0001228354,1,0.999301,1
D_0001228648,1,0.955342,1
D_0001229383,1,0.999555,1
D_0001229593,0,0.094958,0
D_0001230076,1,0.996302,1
D_0001230580,1,0.999049,1
D_0001230979,1,0.477029,0
D_0001231126,1,0.999971,1
D_0001231147,1,0.998861,1
D_0001231315,0,0.074586,0
D_0001231399,1,0.999165,1
D_0001231483,0,0.064008,0
D_0001232260,1,0.998548,1
D_0001232470,1,0.983880,1
D_0001232512,1,0.999108,1
D_0001232680,0,0.469103,0
D_0001232869,0,0.970970,1
D_0001233079,1,0.994067,1
D_0001233184,0,0.122070,0
D_0001233331,1,0.984683,1
D_0001233667,0,0.558314,0
D_0001233961,1,0.122767,0
D_0001234864,0,0.163164,0
D_0001235599,0,0.165865,0
D_0001235935,0,0.129267,0
D_0001236061,1,0.999088,1
D_0001236103,0,0.115626,0
D_0001236124,1,0.999864,1
D_0001236712,0,0.056952,0
D_0001236817,1,0.999980,1
D_0001237132,0,0.790117,1
D_0001237174,1,0.999933,1
D_0001237657,1,0.987579,1
D_0001237720,0,0.053963,0
D_0001237783,1,0.987084,1
D_0001237993,1,0.997037,1
D_0001238140,0,0.471050,0
D_0001238413,1,0.160392,0
D_0001238518,0,0.081705,0
D_0001238581,1,0.998797,1
D_0001238602,0,0.083910,0
D_0001238896,1,0.191167,0
D_0001238917,1,0.946842,1
D_0001238980,1,0.984852,1
D_0001239946,1,0.995719,1
D_0001240429,1,0.998767,1
D_0001240618,0,0.045448,0
D_0001241101,1,0.990027,1
D_0001241773,0,0.091225,0
D_0001242193,0,0.108237,0
D_0001242466,0,0.183395,0
D_0001242550,0,0.067257,0
D_0001242655,0,0.992494,1
D_0001243012,1,0.959305,1
D_0001243075,0,0.259482,0
D_0001243180,1,0.056776,0
D_0001243474,1,0.987749,1
D_0001243516,1,0.994449,1
D_0001243579,0,0.516390,0
D_0001243831,1,0.993631,1
D_0001244041,1,0.132392,0
D_0001244230,0,0.307756,0
D_0001244251,1,0.999530,1
D_0001244398,1,0.999181,1
D_0001244503,0,0.589869,0
D_0001244545,1,0.998596,1
D_0001244587,0,0.063779,0
D_0001245112,1,0.999055,1
D_0001245973,1,0.085657,0
D_0001246540,0,0.166005,0
D_0001246792,1,0.946216,1
D_0001247674,0,0.032770,0
D_0001247800,1,0.992764,1
D_0001248409,1,0.996605,1
D_0001248745,1,0.999545,1
D_0001248913,0,0.077064,0
D_0001249165,0,0.155814,0
D_0001249291,1,0.998460,1
D_0001249417,1,0.997911,1
D_0001249585,1,0.961655,1
D_0001249711,0,0.038402,0
D_0001249816,1,0.998181,1
D_0001250131,1,0.999511,1
D_0001250593,0,0.110994,0
D_0001250740,1,0.087483,0
D_0001251181,0,0.117919,0
D_0001252252,0,0.111075,0
D_0001252357,0,0.078384,0
D_0001252441,0,0.122688,0
D_0001252735,1,0.156897,0
D_0001252798,1,0.999940,1
D_0001253113,1,0.999913,1
D_0001253260,1,0.999616,1
D_0001253323,1,0.999321,1
D_0001253512,0,0.178718,0
D_0001253659,1,0.999806,1
D_0001253722,0,0.141960,0
D_0001254226,1,0.999882,1
D_0001254247,0,0.044638,0
D_0001255297,1,0.141426,0
D_0001255339,1,0.999318,1
D_0001255549,1,0.999936,1
D_0001255654,0,0.054114,0
D_0001255717,0,0.027738,0
D_0001255759,1,0.994993,1
D_0001255801,0,0.127438,0
D_0001256347,0,0.511408,0
D_0001256473,0,0.091763,0
D_0001256788,1,0.921351,1
D_0001256998,0,0.534541,0
D_0001257376,1,0.999983,1
D_0001257628,1,0.988301,1
D_0001257880,1,0.997951,1
D_0001258321,1,0.989686,1
D_0001258888,0,0.064253,0
D_0001259098,1,0.993357,1
D_0001259455,1,0.999333,1
D_0001260673,0,0.239825,0
D_0001261618,0,0.174270,0
D_0001262038,0,0.217621,0
D_0001262122,0,0.213300,0
D_0001262374,1,0.904736,1
D_0001262437,1,0.997837,1
D_0001262479,1,0.957007,1
D_0001262605,1,0.988193,1
D_0001262647,1,0.999223,1
D_0001262710,0,0.059570,0
D_0001263550,1,0.996743,1
D_0001263655,1,0.341832,0
D_0001263697,0,0.010569,0
D_0001263718,0,0.225352,0
D_0001263928,0,0.058712,0
D_0001264075,1,0.230674,0
D_0001264621,1,0.066274,0
D_0001264747,0,0.243465,0
D_0001264852,1,0.999952,1
D_0001264978,1,0.993805,1
D_0001265251,0,0.639542,0
D_0001265419,0,0.088539,0
D_0001265650,0,0.461354,0
D_0001266007,1,0.998392,1
D_0001266175,1,0.735832,1
D_0001266196,1,0.987953,1
D_0001266469,1,0.998217,1
D_0001267351,1,0.129253,0
D_0001267435,0,0.623672,0
D_0001267855,1,0.828641,1
D_0001268233,1,0.998862,1
D_0001268548,1,0.999870,1
D_0001268695,1,0.998959,1
D_0001269283,0,0.569589,0
D_0001269724,1,0.998762,1
D_0001269976,0,0.014067,0
D_0001270207,0,0.974733,1
D_0001270417,0,0.553653,0
D_0001270459,0,0.129125,0
D_0001271761,1,0.997948,1
D_0001272181,0,0.202265,0
D_0001272202,0,0.048590,0
D_0001272643,0,0.174072,0
D_0001273084,1,0.999893,1
D_0001273126,0,0.147812,0
D_0001273630,0,0.180262,0
D_0001273882,1,0.999890,1
D_0001273903,1,0.123960,0
D_0001274491,0,0.070731,0
D_0001274533,0,0.705811,1
D_0001275142,0,0.054998,0
D_0001275373,1,0.988895,1
D_0001275982,1,0.998642,1
D_0001276213,0,0.517763,0
D_0001276759,1,0.164428,0
D_0001276780,1,0.999050,1
D_0001277431,0,0.083795,0
D_0001278019,1,0.999940,1
D_0001278040,0,0.380066,0
D_0001278187,1,0.880532,1
D_0001278334,1,0.999807,1
D_0001278523,1,0.995730,1
D_0001279762,1,0.986187,1
D_0001279846,0,0.089493,0
D_0001280644,1,0.999603,1
D_0001280980,1,0.998463,1
D_0001281106,1,0.999990,1
D_0001281127,1,0.997621,1
D_0001281799,1,0.998708,1
D_0001282030,0,0.078995,0
D_0001282051,1,0.999077,1
D_0001282282,1,0.074985,0
D_0001282786,1,0.955321,1
D_0001283416,0,0.079635,0
D_0001283458,1,0.554195,0
D_0001283689,0,0.287864,0
D_0001283773,1,0.996660,1
D_0001284865,1,0.995951,1
D_0001284886,0,0.199909,0
D_0001285369,0,0.396438,0
D_0001286524,1,0.999435,1
D_0001286755,0,0.170150,0
D_0001286839,1,0.999650,1
D_0001286881,1,0.104691,0
D_0001286944,1,0.997587,1
D_0001287469,0,0.562112,0
D_0001288036,0,0.148260,0
D_0001289149,1,0.999472,1
D_0001289548,0,0.050133,0
D_0001289758,0,0.175759,0
D_0001290031,1,0.177727,0
D_0001290178,1,0.995069,1
D_0001290493,1,0.999200,1
D_0001290556,0,0.107125,0
D_0001290619,1,0.992868,1
D_0001291081,1,0.987785,1
D_0001291396,1,0.999307,1
D_0001291732,1,0.967094,1
D_0001292173,0,0.644197,0
D_0001292236,0,0.573971,0
D_0001292782,0,0.159684,0
D_0001292971,0,0.433198,0
D_0001293139,1,0.992993,1
D_0001293538,1,0.998316,1
D_0001294105,0,0.707419,1
D_0001294126,1,0.999721,1
D_0001294252,0,0.183210,0
D_0001294525,0,0.154786,0
D_0001294609,0,0.123347,0
D_0001294672,1,0.942178,1
D_0001294735,1,0.997559,1
D_0001295134,1,0.436176,0
D_0001295344,0,0.351434,0
D_0001295407,0,0.079315,0
D_0001295596,0,0.116616,0
D_0001295722,0,0.091062,0
D_0001295764,0,0.077399,0
D_0001296394,1,0.999861,1
D_0001296499,1,0.993429,1
D_0001296646,1,0.991527,1
D_0001296667,1,0.996245,1
D_0001296709,1,0.998858,1
D_0001297339,0,0.090567,0
D_0001297402,1,0.969520,1
D_0001297612,0,0.050389,0
D_0001297717,0,0.065073,0
D_0001297780,0,0.082290,0
D_0001298704,0,0.689019,1
D_0001298746,0,0.135078,0
D_0001298788,1,0.997888,1
D_0001298851,1,0.989092,1
D_0001299040,1,0.997651,1
D_0001299061,1,0.988544,1
D_0001299313,0,0.130522,0
D_0001299502,0,0.441816,0
D_0001299544,1,0.998076,1
D_0001300048,0,0.113767,0
D_0001301056,0,0.142597,0
D_0001301497,1,0.078369,0
D_0001302526,1,0.992509,1
D_0001302589,0,0.187449,0
D_0001302694,0,0.212313,0
D_0001302925,0,0.133621,0
D_0001303513,0,0.105230,0
D_0001304731,0,0.019675,0
D_0001305361,1,0.986552,1
D_0001305676,1,0.962767,1
D_0001305928,1,0.998690,1
D_0001306999,1,0.999320,1
D_0001307209,1,0.999389,1
D_0001307293,0,0.088612,0
D_0001307860,0,0.088323,0
D_0001307902,1,0.101581,0
D_0001308007,0,0.067886,0
D_0001308091,0,0.099257,0
D_0001308238,1,0.999590,1
D_0001309015,1,0.995725,1
D_0001309813,1,0.999984,1
D_0001310590,1,0.266583,0
D_0001310737,0,0.222925,0
D_0001310842,1,0.992441,1
D_0001310863,1,0.967116,1
D_0001311304,1,0.962419,1
D_0001311367,0,0.693145,1
D_0001311640,0,0.095596,0
D_0001311766,1,0.998658,1
D_0001312333,0,0.069562,0
D_0001312564,1,0.954704,1
D_0001312753,1,0.949294,1
D_0001312858,0,0.080400,0
D_0001313026,1,0.999416,1
D_0001313803,1,0.121117,0
D_0001313824,1,0.999888,1
D_0001314139,0,0.126234,0
D_0001314580,1,0.998741,1
D_0001315042,1,0.966009,1
D_0001315357,1,0.999818,1
D_0001315441,0,0.207207,0
D_0001315546,0,0.112423,0
D_0001315861,1,0.797131,1
D_0001316449,0,0.091576,0
D_0001316995,1,0.997667,1
D_0001317268,0,0.155325,0
D_0001317709,0,0.808324,1
D_0001317814,1,0.480846,0
D_0001317898,1,0.108794,0
D_0001318192,0,0.150157,0
D_0001318234,1,0.999319,1
D_0001318444,1,0.999908,1
D_0001318591,1,0.999517,1
D_0001319473,1,0.999967,1
D_0001319620,1,0.378954,0
D_0001320292,0,0.109840,0
D_0001320712,1,0.996777,1
D_0001320922,1,0.983649,1
D_0001321447,0,0.167642,0
D_0001321846,1,0.926621,1
D_0001322203,1,0.993162,1
D_0001322350,1,0.988137,1
D_0001322413,0,0.091580,0
D_0001323211,1,0.999902,1
D_0001323316,1,0.999768,1
D_0001323862,0,0.186782,0
D_0001324009,1,0.994286,1
D_0001324366,0,0.058031,0
D_0001324912,1,0.274362,0
D_0001325479,0,0.096337,0
D_0001325500,0,0.072103,0
D_0001325668,0,0.162482,0
D_0001325689,1,0.998251,1
D_0001325773,1,0.974847,1
D_0001326424,1,0.998410,1
D_0001326571,1,0.996917,1
D_0001326802,0,0.351789,0
D_0001326865,1,0.992307,1
D_0001327096,1,0.999340,1
D_0001328188,0,0.117537,0
D_0001328503,1,0.999647,1
D_0001328902,0,0.304057,0
D_0001328923,1,0.999041,1
D_0001329091,0,0.127623,0
D_0001329154,1,0.999977,1
D_0001329280,0,0.769840,1
D_0001329931,1,0.876608,1
D_0001330498,1,0.998653,1
D_0001330645,0,0.190026,0
D_0001330729,1,0.269370,0
D_0001330960,0,0.229464,0
D_0001331086,0,0.149506,0
D_0001331275,0,0.278989,0
D_0001331317,0,0.183895,0
D_0001331359,0,0.036785,0
D_0001331380,0,0.055130,0
D_0001331401,0,0.293601,0
D_0001331506,1,0.998128,1
D_0001331527,0,0.127984,0
D_0001331548,1,0.972589,1
D_0001331569,1,0.988455,1
D_0001332241,0,0.294327,0
D_0001332472,0,0.158266,0
D_0001333480,1,0.999802,1
D_0001333648,0,0.587140,0
D_0001333774,1,0.051998,0
D_0001334677,1,0.983184,1
D_0001335349,0,0.091525,0
D_0001335517,1,0.996136,1
D_0001335538,0,0.143832,0
D_0001335811,1,0.998145,1
D_0001335832,0,0.140775,0
D_0001336084,0,0.090156,0
D_0001336147,1,0.998950,1
D_0001336210,1,0.183939,0
D_0001336819,0,0.171552,0
D_0001337113,0,0.119106,0
D_0001337197,1,0.984128,1
D_0001337491,1,0.288609,0
D_0001338016,1,0.998512,1
D_0001338142,1,0.999321,1
D_0001338184,0,0.091783,0
D_0001338226,0,0.913152,1
D_0001338310,0,0.117005,0
D_0001338352,1,0.999596,1
D_0001338373,0,0.111386,0
D_0001338772,1,0.136858,0
D_0001338898,0,0.067232,0
D_0001338919,1,0.999340,1
D_0001339990,1,0.997883,1
D_0001340725,1,0.999789,1
D_0001340809,1,0.998977,1
D_0001341229,0,0.082463,0
D_0001341250,1,0.074338,0
D_0001341670,1,0.800868,1
D_0001341754,1,0.992759,1
D_0001342993,0,0.582605,0
D_0001343140,1,0.996447,1
D_0001343203,1,0.995242,1
D_0001344379,0,0.801921,1
D_0001344505,0,0.114877,0
D_0001345009,1,0.999894,1
D_0001345240,0,0.224381,0
D_0001345366,0,0.061076,0
D_0001345534,1,0.229097,0
D_0001345828,0,0.209230,0
D_0001346038,0,0.349631,0
D_0001346374,0,0.292587,0
D_0001346542,0,0.440256,0
D_0001346563,0,0.792053,1
D_0001346626,1,0.991181,1
D_0001346689,0,0.396912,0
D_0001347088,1,0.999394,1
D_0001347424,0,0.078605,0
D_0001347529,1,0.994903,1
D_0001347613,0,0.113082,0
D_0001348159,1,0.958219,1
D_0001348201,1,0.996691,1
D_0001348642,0,0.942142,1
D_0001348957,1,0.999516,1
D_0001349167,0,0.152110,0
D_0001349965,1,0.999903,1
D_0001350049,0,0.995498,1
D_0001350448,0,0.127225,0
D_0001351225,1,0.999720,1
D_0001351876,1,0.077996,0
D_0001352044,0,0.681956,1
D_0001352149,0,0.076246,0
D_0001352191,1,0.999892,1
D_0001352464,1,0.999961,1
D_0001352821,0,0.121755,0
D_0001353325,1,0.994586,1
D_0001353514,1,0.987092,1
D_0001354501,1,0.999689,1
D_0001355110,0,0.577979,0
D_0001355341,0,0.035822,0
D_0001356370,0,0.079918,0
D_0001356454,0,0.095521,0
D_0001356517,0,0.363836,0
D_0001356916,1,0.889304,1
D_0001357063,1,0.999556,1
D_0001357357,1,0.167606,0
D_0001357756,1,0.754967,1
D_0001358071,1,0.998986,1
D_0001358533,1,0.999815,1
D_0001359121,0,0.758743,1
D_0001359541,1,0.809005,1
D_0001359583,0,0.093416,0
D_0001359604,1,0.988052,1
D_0001359835,0,0.206131,0
D_0001361158,1,0.958592,1
D_0001361452,1,0.982516,1
D_0001361683,1,0.997256,1
D_0001361704,0,0.104076,0
D_0001361851,1,0.994561,1
D_0001362754,1,0.998154,1
D_0001364077,1,0.996924,1
D_0001364329,1,0.999760,1
D_0001364350,0,0.111879,0
D_0001364665,0,0.140693,0
D_0001365631,1,0.999704,1
D_0001366051,0,0.081216,0
D_0001366240,1,0.999779,1
D_0001366471,1,0.294489,0
D_0001366597,1,0.995633,1
D_0001366723,0,0.086039,0
D_0001366849,0,0.090870,0
D_0001367353,0,0.150127,0
D_0001367752,1,0.984524,1
D_0001367815,1,0.993137,1
D_0001368991,0,0.083621,0
D_0001369558,0,0.029894,0
D_0001369726,1,0.988584,1
D_0001369747,0,0.052352,0
D_0001370209,0,0.306277,0
D_0001370398,0,0.082920,0
D_0001370524,0,0.213719,0
D_0001370902,1,0.977933,1
D_0001371574,1,0.999988,1
D_0001371784,1,0.138639,0
D_0001371973,1,0.998670,1
D_0001372267,0,0.022404,0
D_0001372792,1,0.999837,1
D_0001373233,1,0.999795,1
D_0001373338,1,0.999598,1
D_0001373632,1,0.995143,1
D_0001373674,1,0.995337,1
D_0001373800,1,0.968594,1
D_0001374094,0,0.161725,0
D_0001374178,1,0.999975,1
D_0001374367,0,0.428454,0
D_0001374493,1,0.997175,1
D_0001374535,1,0.999048,1
D_0001375207,0,0.106725,0
D_0001375690,0,0.644762,0
D_0001376236,1,0.142254,0
D_0001376425,1,0.999106,1
D_0001376446,1,0.999928,1
D_0001376488,1,0.999752,1
D_0001376782,0,0.170396,0
D_0001376971,0,0.232417,0
D_0001377034,0,0.075044,0
D_0001377202,1,0.156472,0
D_0001377475,0,0.549197,0
D_0001377832,1,0.999863,1
D_0001377916,0,0.158818,0
D_0001377979,0,0.110428,0
D_0001378189,0,0.084255,0
D_0001378378,0,0.061472,0
D_0001379008,0,0.050501,0
D_0001379092,0,0.050430,0
D_0001379218,1,0.999292,1
D_0001379260,1,0.999749,1
D_0001379302,1,0.999811,1
D_0001379386,0,0.127556,0
D_0001379638,1,0.999812,1
D_0001380898,1,0.980751,1
D_0001380940,1,0.999672,1
D_0001381024,0,0.072851,0
D_0001381045,1,0.999353,1
D_0001381318,1,0.197726,0
D_0001382179,1,0.999357,1
D_0001382326,0,0.251386,0
D_0001382494,1,0.999669,1
D_0001382599,1,0.995417,1
D_0001382746,0,0.059136,0
D_0001383082,1,0.732096,1
D_0001383985,1,0.999641,1
D_0001384762,0,0.108816,0
D_0001384993,1,0.103472,0
D_0001385182,1,0.999542,1
D_0001385497,0,0.102802,0
D_0001385749,1,0.999580,1
D_0001386085,0,0.075585,0
D_0001386442,1,0.972561,1
D_0001386631,0,0.200771,0
D_0001387114,1,0.989061,1
D_0001387135,1,0.999607,1
D_0001388353,1,0.997057,1
D_0001388626,0,0.162300,0
D_0001388836,0,0.225328,0
D_0001389067,0,0.023664,0
D_0001389298,0,0.882584,1
D_0001389319,0,0.089197,0
D_0001389970,0,0.049791,0
D_0001390075,0,0.139260,0
D_0001390117,0,0.740451,1
D_0001390390,1,0.999056,1
D_0001390495,0,0.199849,0
D_0001390915,1,0.952962,1
D_0001390999,1,0.999956,1
D_0001391020,0,0.575851,0
D_0001391335,0,0.298656,0
D_0001392217,1,0.998318,1
D_0001392469,1,0.987303,1
D_0001392847,0,0.308532,0
D_0001393183,1,0.994975,1
D_0001393981,1,0.982652,1
D_0001394128,0,0.790496,1
D_0001394611,0,0.163882,0
D_0001394674,0,0.003403,0
D_0001395367,1,0.996187,1
D_0001395388,1,0.999966,1
D_0001396060,0,0.236178,0
D_0001396165,0,0.047395,0
D_0001396396,1,0.931274,1
D_0001396816,0,0.172440,0
D_0001397299,1,0.111075,0
D_0001397698,1,0.999996,1
D_0001397719,1,0.999332,1
D_0001397866,1,0.998505,1
D_0001398664,1,0.999928,1
D_0001398769,0,0.079177,0
D_0001398811,0,0.207174,0
D_0001398832,1,0.956949,1
D_0001398937,0,0.544201,0
D_0001399000,0,0.106961,0
D_0001399357,0,0.195371,0
D_0001399903,0,0.915720,1
D_0001400449,1,0.196331,0
D_0001400491,1,0.999631,1
D_0001400701,0,0.193147,0
D_0001400806,1,0.999087,1
D_0001401436,1,0.999784,1
D_0001401562,0,0.040110,0
D_0001401730,0,0.056980,0
D_0001402087,0,0.788061,1
D_0001402822,1,0.999943,1
D_0001402885,0,0.053245,0
D_0001402990,1,0.999949,1
D_0001403326,1,0.999629,1
D_0001404124,1,0.987128,1
D_0001404691,0,0.037641,0
D_0001405006,0,0.106721,0
D_0001405090,1,0.057187,0
D_0001406140,0,0.033614,0
D_0001406644,1,0.999861,1
D_0001406875,0,0.198028,0
D_0001407232,0,0.107936,0
D_0001407379,0,0.117395,0
D_0001407400,0,0.186382,0
D_0001407694,1,0.863772,1
D_0001407757,1,0.999869,1
D_0001407799,1,0.998266,1
D_0001407820,0,0.060874,0
D_0001408177,0,0.133689,0
D_0001408282,1,0.995860,1
D_0001408429,0,0.054535,0
D_0001409290,1,0.242609,0
D_0001409374,0,0.211501,0
D_0001409626,1,0.999750,1
D_0001409836,1,0.987376,1
D_0001409878,1,0.994026,1
D_0001410172,0,0.132116,0
D_0001410382,1,0.999392,1
D_0001410592,0,0.096882,0
D_0001410760,1,0.998153,1
D_0001411264,0,0.097981,0
D_0001411411,1,0.999384,1
D_0001411642,1,0.997606,1
D_0001411747,0,0.153289,0
D_0001411831,0,0.092196,0
D_0001412083,0,0.260712,0
D_0001412986,0,0.663748,0
D_0001413448,1,0.994650,1
D_0001413595,1,0.999632,1
D_0001414393,1,0.998452,1
D_0001414477,1,0.993968,1
D_0001414624,0,0.205180,0
D_0001414729,0,0.168251,0
D_0001415338,1,0.999182,1
D_0001415485,0,0.987958,1
D_0001415884,0,0.758616,1
D_0001415905,0,0.075167,0
D_0001415989,0,0.568089,0
D_0001416010,0,0.053470,0
D_0001416472,1,0.999862,1
D_0001416661,1,0.999570,1
D_0001417249,1,0.998832,1
D_0001417333,0,0.154300,0
D_0001417942,1,0.272526,0
D_0001417963,1,0.999566,1
D_0001418236,1,0.999013,1
D_0001419286,1,0.998608,1
D_0001420399,0,0.767025,1
D_0001420525,1,0.935990,1
D_0001420630,1,0.989106,1
D_0001421071,1,0.999716,1
D_0001421092,0,0.134469,0
D_0001421512,0,0.821982,1
D_0001421680,1,0.999735,1
D_0001421869,1,0.268384,0
D_0001421953,1,0.204298,0
D_0001422520,1,0.999957,1
D_0001422625,1,0.999701,1
D_0001422667,1,0.999958,1
D_0001423192,1,0.999390,1
D_0001423423,0,0.713849,1
D_0001423528,1,0.050143,0
D_0001423675,1,0.997337,1
D_0001423696,1,0.999820,1
D_0001423948,0,0.083836,0
D_0001423990,0,0.019991,0
D_0001424179,0,0.107977,0
D_0001425271,1,0.996824,1
D_0001425460,1,0.999660,1
D_0001426363,1,0.998616,1
D_0001426993,0,0.067159,0
D_0001427140,0,0.177494,0
D_0001427350,0,0.233899,0
D_0001427623,1,0.998359,1
D_0001427959,0,0.142365,0
D_0001428001,1,0.993553,1
D_0001428946,0,0.126255,0
D_0001429387,0,0.771318,1
D_0001429933,1,0.999919,1
D_0001430395,1,0.999404,1
D_0001430500,0,0.092734,0
D_0001430542,1,0.999393,1
D_0001430584,0,0.169186,0
D_0001430815,1,0.993722,1
D_0001430836,1,0.078740,0
D_0001431361,0,0.734385,1
D_0001431571,0,0.082354,0
D_0001431655,1,0.999764,1
D_0001431760,1,0.998979,1
D_0001431802,1,0.106037,0
D_0001432096,0,0.155386,0
D_0001433314,0,0.141900,0
D_0001433398,1,0.997093,1
D_0001433881,0,0.172338,0
D_0001434112,1,0.144849,0
D_0001434133,1,0.999246,1
D_0001434427,1,0.999407,1
D_0001434658,0,0.129294,0
D_0001435624,0,0.070576,0
D_0001435645,1,0.999871,1
D_0001435666,0,0.164104,0
D_0001435960,0,0.087431,0
D_0001435981,1,0.998484,1
D_0001436548,0,0.714139,1
D_0001436590,0,0.036981,0
D_0001436695,0,0.075034,0
D_0001436737,0,0.535389,0
D_0001436779,1,0.999809,1
D_0001436968,0,0.226223,0
D_0001437325,1,0.999817,1
D_0001438585,1,0.253889,0
D_0001438942,1,0.999327,1
D_0001438984,0,0.268526,0
D_0001439131,1,0.996385,1
D_0001439656,1,0.992002,1
D_0001439740,1,0.998938,1
D_0001439908,0,0.324760,0
D_0001441126,1,0.052736,0
D_0001441357,0,0.143559,0
D_0001441420,1,0.999936,1
D_0001441462,1,0.997874,1
D_0001441882,1,0.997038,1
D_0001442281,1,0.692789,1
D_0001442680,0,0.325047,0
D_0001443310,0,0.633084,0
D_0001443352,0,0.139909,0
D_0001443520,1,0.999578,1
D_0001443940,1,0.990294,1
D_0001444003,1,0.999933,1
D_0001444213,1,0.998454,1
D_0001444633,0,0.244381,0
D_0001444717,1,0.995733,1
D_0001445809,1,0.999465,1
D_0001446250,1,0.139648,0
D_0001446691,1,0.946341,1
D_0001446733,1,0.999776,1
D_0001446964,1,0.999493,1
D_0001447804,1,0.999346,1
D_0001447909,1,0.999395,1
D_0001448329,0,0.346045,0
D_0001449085,1,0.472478,0
D_0001449652,1,0.990506,1
D_0001450408,0,0.947017,1
D_0001450723,0,0.055092,0
D_0001451521,1,0.890889,1
D_0001451668,0,0.033257,0
D_0001452067,0,0.074005,0
D_0001452214,1,0.989641,1
D_0001452340,0,0.227372,0
D_0001453096,0,0.131767,0
D_0001453222,1,0.999611,1
D_0001453432,1,0.999740,1
D_0001453474,1,0.997038,1
D_0001453621,1,0.078921,0
D_0001453978,0,0.123014,0
D_0001454062,1,0.926350,1
D_0001454104,0,0.055412,0
D_0001454314,1,0.999064,1
D_0001454524,1,0.911693,1
D_0001454629,0,0.087204,0
D_0001455028,0,0.047302,0
D_0001455574,1,0.974071,1
D_0001455952,1,0.949760,1
D_0001456267,1,0.980311,1
D_0001456456,1,0.999716,1
D_0001456519,1,0.993965,1
D_0001456813,1,0.999016,1
D_0001456918,1,0.999128,1
D_0001457191,0,0.126021,0
D_0001457422,0,0.102478,0
D_0001457485,1,0.243940,0
D_0001457800,0,0.049031,0
D_0001457842,1,0.999303,1
D_0001458052,1,0.999720,1
D_0001458115,1,0.206927,0
D_0001458409,0,0.109154,0
D_0001458577,0,0.998658,1
D_0001459249,0,0.077610,0
D_0001459270,1,0.999737,1
D_0001459438,1,0.999987,1
D_0001459816,1,0.991584,1
D_0001459963,0,0.628729,0
D_0001460089,1,0.999282,1
D_0001460131,1,0.964576,1
D_0001461412,0,0.497530,0
D_0001461517,1,0.999838,1
D_0001461895,0,0.993680,1
D_0001462021,0,0.104015,0
D_0001462441,1,0.999397,1
D_0001462483,1,0.992924,1
D_0001462504,1,0.999965,1
D_0001462861,1,0.987453,1
D_0001462966,1,0.994069,1
D_0001463092,0,0.088215,0
D_0001463134,1,0.970096,1
D_0001463869,1,0.997566,1
D_0001463911,1,0.998228,1
D_0001464583,0,0.197051,0
D_0001464856,0,0.487650,0
D_0001465045,0,0.178373,0
D_0001465171,0,0.161970,0
D_0001465381,0,0.096792,0
D_0001465549,0,0.977162,1
D_0001465633,0,0.122582,0
D_0001466221,1,0.985661,1
D_0001466746,0,0.120626,0
D_0001466998,0,0.063282,0
D_0001467292,1,0.999238,1
D_0001467670,0,0.965002,1
D_0001468363,1,0.996890,1
D_0001468426,1,0.992220,1
D_0001468657,0,0.010535,0
D_0001468930,0,0.123163,0
D_0001469224,1,0.088093,0
D_0001469350,1,0.999794,1
D_0001469497,1,0.999985,1
D_0001469623,0,0.030946,0
D_0001469854,1,0.224381,0
D_0001470106,0,0.968209,1
D_0001470547,1,0.189246,0
D_0001471135,0,0.164030,0
D_0001471324,1,0.934444,1
D_0001471975,1,0.995587,1
D_0001472248,0,0.253180,0
D_0001472500,0,0.103764,0
D_0001472878,1,0.999530,1
D_0001472962,1,0.984246,1
D_0001473151,0,0.093231,0
D_0001473424,0,0.680665,1
D_0001473550,1,0.995383,1
D_0001474180,0,0.071061,0
D_0001474201,0,0.113421,0
D_0001474327,0,0.069575,0
D_0001474432,1,0.999964,1
D_0001474453,0,0.149353,0
D_0001474621,1,0.999411,1
D_0001474999,1,0.999693,1
D_0001475692,0,0.089028,0
D_0001475776,1,0.998853,1
D_0001475839,1,0.994602,1
D_0001476007,0,0.072914,0
D_0001476070,0,0.875638,1
D_0001476301,0,0.171349,0
D_0001477267,1,0.930932,1
D_0001477477,1,0.999726,1
D_0001477708,0,0.620159,0
D_0001477771,1,0.059687,0
D_0001478107,1,0.997728,1
D_0001478359,0,0.955198,1
D_0001479241,0,0.079864,0
D_0001479304,0,0.079554,0
D_0001479955,0,0.076832,0
D_0001480081,0,0.426775,0
D_0001480291,0,0.340056,0
D_0001480333,1,0.995330,1
D_0001480459,1,0.998133,1
D_0001480480,1,0.334819,0
D_0001480690,0,0.139935,0
D_0001480858,1,0.998365,1
D_0001481635,0,0.260982,0
D_0001482097,0,0.010432,0
D_0001482265,0,0.069510,0
D_0001482496,1,0.989315,1
D_0001482622,1,0.983145,1
D_0001482769,0,0.387801,0
D_0001482937,1,0.998917,1
D_0001482979,1,0.999851,1
D_0001483168,0,0.048229,0
D_0001483231,1,0.977929,1
D_0001483420,0,0.039246,0
D_0001483819,0,0.148771,0
D_0001484071,0,0.805740,1
D_0001484134,1,0.999560,1
D_0001484197,1,0.999008,1
D_0001484533,1,0.996925,1
D_0001484596,1,0.999852,1
D_0001484806,1,0.872982,1
D_0001485247,1,0.999817,1
D_0001486276,1,0.989898,1
D_0001486696,1,0.990581,1
D_0001486885,0,0.394015,0
D_0001487032,1,0.988726,1
D_0001487221,0,0.103037,0
D_0001487326,0,0.098389,0
D_0001487536,0,0.069929,0
D_0001487599,1,0.999339,1
D_0001487746,1,0.966387,1
D_0001487914,1,0.995161,1
D_0001488061,0,0.106312,0
D_0001488208,0,0.075053,0
D_0001488481,0,0.102302,0
D_0001489090,0,0.131777,0
D_0001489111,1,0.997938,1
D_0001489237,1,0.999308,1
D_0001489447,1,0.976434,1
D_0001489762,0,0.164360,0
D_0001489951,0,0.090967,0
D_0001490098,1,0.999953,1
D_0001490119,0,0.278583,0
D_0001490602,1,0.999826,1
D_0001491337,0,0.104970,0
D_0001491379,0,0.185031,0
D_0001491400,1,0.996340,1
D_0001491757,0,0.132845,0
D_0001492345,0,0.078467,0
D_0001493374,0,0.050635,0
D_0001493416,1,0.985272,1
D_0001493626,1,0.999921,1
D_0001493731,0,0.073034,0
D_0001494025,1,0.999858,1
D_0001494613,1,0.973000,1
D_0001494718,0,0.245043,0
D_0001494802,1,0.997886,1
D_0001494907,1,0.999900,1
D_0001495138,1,0.959654,1
D_0001495516,0,0.101454,0
D_0001495600,1,0.996822,1
D_0001496083,0,0.126441,0
D_0001496230,1,0.999952,1
D_0001496818,0,0.064217,0
D_0001497805,0,0.108709,0
D_0001498372,0,0.024121,0
D_0001498414,1,0.999346,1
D_0001498687,1,0.998102,1
D_0001498771,1,0.998989,1
D_0001498855,0,0.051624,0
D_0001498981,1,0.990825,1
D_0001499128,1,0.993622,1
D_0001499653,1,0.999685,1
D_0001499989,1,0.998290,1
D_0001500073,0,0.496534,0
D_0001500346,1,0.987966,1
D_0001500493,1,0.172477,0
D_0001500535,0,0.057783,0
D_0001500850,1,0.998427,1
D_0001501018,1,0.996221,1
D_0001501102,1,0.954674,1
D_0001501186,1,0.966161,1
D_0001501795,0,0.190832,0
D_0001502194,0,0.036015,0
D_0001502341,0,0.086263,0
D_0001503055,1,0.999347,1
D_0001503118,1,0.999690,1
D_0001503181,1,0.965951,1
D_0001503307,1,0.999607,1
D_0001503391,1,0.999486,1
D_0001503895,1,0.187151,0
D_0001504063,0,0.042709,0
D_0001504630,1,0.989675,1
D_0001505176,0,0.138004,0
D_0001505407,1,0.995839,1
D_0001505470,0,0.129093,0
D_0001505848,0,0.102282,0
D_0001506247,1,0.969190,1
D_0001506478,1,0.987503,1
D_0001506562,0,0.168606,0
D_0001506646,1,0.977338,1
D_0001506835,1,0.999972,1
D_0001506919,1,0.999947,1
D_0001506961,0,0.068579,0
D_0001507213,0,0.148768,0
D_0001507486,1,0.999287,1
D_0001507717,1,0.991327,1
D_0001507822,0,0.718015,1
D_0001508179,0,0.223696,0
D_0001508326,1,0.998916,1
D_0001508830,1,0.991256,1
D_0001509103,1,0.225818,0
D_0001509376,1,0.951291,1
D_0001509418,0,0.084982,0
D_0001509817,0,0.663661,0
D_0001510048,0,0.961607,1
D_0001510489,0,0.040577,0
D_0001510825,1,0.201885,0
D_0001510909,0,0.860468,1
D_0001511455,0,0.040355,0
D_0001511518,0,0.535121,0
D_0001512211,0,0.495875,0
D_0001512589,0,0.086554,0
D_0001512652,1,0.996956,1
D_0001513555,0,0.185000,0
D_0001513933,1,0.997897,1
D_0001514353,1,0.998864,1
D_0001514731,0,0.165742,0
D_0001515193,0,0.110742,0
D_0001515256,1,0.983028,1
D_0001515277,0,0.250276,0
D_0001515613,0,0.530289,0
D_0001515655,1,0.998645,1
D_0001515907,0,0.924007,1
D_0001515970,1,0.999452,1
D_0001516117,0,0.073601,0
D_0001516264,0,0.281040,0
D_0001516348,0,0.139470,0
D_0001516369,1,0.086048,0
D_0001516642,1,0.999947,1
D_0001516705,0,0.046106,0
D_0001516726,0,0.133411,0
D_0001517062,1,0.996578,1
D_0001517797,0,0.121292,0
D_0001518007,1,0.060291,0
D_0001518091,1,0.997922,1
D_0001518511,1,0.945782,1
D_0001518532,1,0.922880,1
D_0001519036,1,0.959718,1
D_0001519834,1,0.996516,1
D_0001519855,0,0.109926,0
D_0001519918,0,0.142722,0
D_0001520023,1,0.995965,1
D_0001520191,0,0.108057,0
D_0001520653,0,0.200087,0
D_0001520737,0,0.991908,1
D_0001520884,0,0.692061,1
D_0001521052,1,0.999949,1
D_0001521073,0,0.096246,0
D_0001521199,0,0.108203,0
D_0001521451,1,0.992838,1
D_0001522417,0,0.071601,0
D_0001522963,0,0.149273,0
D_0001523404,1,0.997875,1
D_0001523509,0,0.083054,0
D_0001523971,0,0.046530,0
D_0001524580,1,0.997965,1
D_0001524727,1,0.999758,1
D_0001524811,1,0.999644,1
D_0001524916,1,0.999173,1
D_0001525000,0,0.029918,0
D_0001525021,0,0.496586,0
D_0001525336,0,0.054336,0
D_0001525567,1,0.148784,0
D_0001525609,1,0.988342,1
D_0001526176,1,0.999688,1
D_0001526512,1,0.997208,1
D_0001527163,1,0.999679,1
D_0001527310,1,0.979913,1
D_0001527478,0,0.242142,0
D_0001527751,1,0.987512,1
D_0001528171,1,0.190598,0
D_0001528276,0,0.090400,0
D_0001528402,1,0.998879,1
D_0001528675,0,0.678979,1
D_0001528717,1,0.988346,1
D_0001529389,1,0.991691,1
D_0001529725,0,0.069555,0
D_0001529998,1,0.999955,1
D_0001530103,0,0.867336,1
D_0001530754,1,0.989536,1
D_0001530901,1,0.975867,1
D_0001531174,1,0.964128,1
D_0001531216,0,0.164445,0
D_0001531300,1,0.999815,1
D_0001531846,0,0.296576,0
D_0001532056,1,0.496839,0
D_0001532098,1,0.996488,1
D_0001532371,1,0.995497,1
D_0001532728,0,0.071410,0
D_0001532749,1,0.995759,1
D_0001532854,1,0.999605,1
D_0001532980,1,0.999659,1
D_0001533169,0,0.070302,0
D_0001533232,1,0.999976,1
D_0001533505,0,0.488719,0
D_0001533568,1,0.999667,1
D_0001534408,1,0.988698,1
D_0001534576,1,0.994856,1
D_0001534660,0,0.219087,0
D_0001535185,0,0.114057,0
D_0001535437,1,0.985760,1
D_0001535458,0,0.039598,0
D_0001535941,1,0.081883,0
D_0001538167,1,0.342828,0
D_0001538419,0,0.077851,0
D_0001538860,0,0.089676,0
D_0001538923,1,0.124161,0
D_0001539217,1,0.997786,1
D_0001539343,1,0.990415,1
D_0001539448,0,0.131214,0
D_0001539784,1,0.999646,1
D_0001540036,0,0.127282,0
D_0001540414,0,0.121768,0
D_0001540582,1,0.999647,1
D_0001541233,1,0.990882,1
D_0001541674,0,0.116919,0
D_0001541779,1,0.992610,1
D_0001541884,0,0.922517,1
D_0001542073,1,0.999759,1
D_0001542199,0,0.180120,0
D_0001542241,0,0.907430,1
D_0001542640,0,0.113531,0
D_0001542745,0,0.055695,0
D_0001543081,0,0.062152,0
D_0001543270,0,0.137457,0
D_0001543711,1,0.975217,1
D_0001543816,0,0.093564,0
D_0001544572,0,0.178664,0
D_0001545160,1,0.154198,0
D_0001545223,1,0.984883,1
D_0001545454,0,0.181450,0
D_0001545685,1,0.995771,1
D_0001545874,1,0.981511,1
D_0001545895,1,0.972129,1
D_0001546063,1,0.999976,1
D_0001546693,1,0.993398,1
D_0001546777,1,0.993292,1
D_0001546840,0,0.028077,0
D_0001547050,1,0.983400,1
D_0001547260,0,0.138201,0
D_0001547281,1,0.999775,1
D_0001547428,1,0.999957,1
D_0001547533,1,0.999408,1
D_0001548121,1,0.998750,1
D_0001548205,1,0.993312,1
D_0001548436,0,0.149954,0
D_0001548499,1,0.999052,1
D_0001548814,1,0.999976,1
D_0001549927,1,0.999872,1
D_0001550263,1,0.999923,1
D_0001550977,1,0.999737,1
D_0001551544,1,0.983686,1
D_0001551565,0,0.115516,0
D_0001551586,1,0.999986,1
D_0001551838,1,0.207790,0
D_0001551901,0,0.110760,0
D_0001551964,1,0.999783,1
D_0001552195,1,0.999328,1
D_0001552720,1,0.996168,1
D_0001552741,1,0.983934,1
D_0001552846,1,0.999856,1
D_0001552972,0,0.120559,0
D_0001553266,1,0.999913,1
D_0001553392,1,0.260583,0
D_0001553518,1,0.999755,1
D_0001553623,1,0.997482,1
D_0001554967,0,0.216976,0
D_0001554988,0,0.170412,0
D_0001555219,0,0.039014,0
D_0001555513,0,0.071478,0
D_0001555681,1,0.999080,1
D_0001556374,1,0.999791,1
D_0001557256,1,0.999643,1
D_0001557949,1,0.991819,1
D_0001558243,0,0.079869,0
D_0001559062,0,0.110179,0
D_0001559293,1,0.992981,1
D_0001560616,1,0.997355,1
D_0001560847,0,0.985702,1
D_0001561288,1,0.998161,1
D_0001561309,1,0.986085,1
D_0001561330,1,0.999857,1
D_0001561351,0,0.216319,0
D_0001561771,1,0.999217,1
D_0001562023,1,0.999580,1
D_0001562128,0,0.143010,0
D_0001562296,1,0.999131,1
D_0001562401,1,0.629616,0
D_0001562737,0,0.219543,0
D_0001563535,0,0.096266,0
D_0001563598,0,0.100178,0
D_0001563619,1,0.997512,1
D_0001563808,1,0.990628,1
D_0001564081,1,0.971549,1
D_0001564270,1,0.998318,1
D_0001564417,1,0.999371,1
D_0001565341,0,0.174772,0
D_0001565761,0,0.190985,0
D_0001565908,0,0.154340,0
D_0001566076,1,0.993800,1
D_0001566181,0,0.903921,1
D_0001567189,1,0.999515,1
D_0001567819,0,0.052991,0
D_0001568239,1,0.136038,0
D_0001568365,1,0.989938,1
D_0001568638,1,0.868186,1
D_0001568659,1,0.983344,1
D_0001568743,0,0.086235,0
D_0001568785,0,0.064475,0
D_0001568911,1,0.999304,1
D_0001569016,0,0.072914,0
D_0001569037,0,0.085884,0
D_0001569100,1,0.999522,1
D_0001569121,1,0.998497,1
D_0001569163,1,0.995889,1
D_0001569289,0,0.053053,0
D_0001569436,0,0.020921,0
D_0001569478,0,0.844544,1
D_0001569499,0,0.212045,0
D_0001570066,0,0.049130,0
D_0001570129,1,0.999308,1
D_0001570402,1,0.994859,1
D_0001570885,1,0.992139,1
D_0001571095,0,0.218165,0
D_0001571221,1,0.999978,1
D_0001571935,1,0.140689,0
D_0001572859,1,0.994040,1
D_0001572922,1,0.996647,1
D_0001573384,1,0.998821,1
D_0001573699,0,0.086211,0
D_0001573762,0,0.433813,0
D_0001573804,1,0.432676,0
D_0001573930,0,0.584731,0
D_0001574371,1,0.999227,1
D_0001575778,0,0.055909,0
D_0001575967,1,0.965708,1
D_0001576072,0,0.809907,1
D_0001576093,0,0.117149,0
D_0001576219,0,0.127210,0
D_0001576240,0,0.058457,0
D_0001576303,1,0.999722,1
D_0001576513,1,0.999099,1
D_0001576681,1,0.111260,0
D_0001576912,1,0.972409,1
D_0001576933,0,0.029932,0
D_0001577059,1,0.989035,1
D_0001577080,1,0.999451,1
D_0001577290,0,0.069676,0
D_0001577395,1,0.999042,1
D_0001577500,0,0.045554,0
D_0001577878,1,0.999459,1
D_0001577941,1,0.987951,1
D_0001578151,0,0.460914,0
D_0001578277,0,0.152269,0
D_0001578550,0,0.181439,0
D_0001578613,0,0.075351,0
D_0001578718,0,0.589030,0
D_0001579327,1,0.998433,1
D_0001579348,0,0.096127,0
D_0001579411,0,0.101194,0
D_0001579642,1,0.992503,1
D_0001579663,0,0.091843,0
D_0001580272,1,0.999462,1
D_0001580314,1,0.102970,0
D_0001580377,1,0.100159,0
D_0001580461,1,0.998264,1
D_0001580503,1,0.999948,1
D_0001580608,0,0.990296,1
D_0001580734,1,0.999959,1
D_0001581448,1,0.992501,1
D_0001581469,0,0.941840,1
D_0001581532,1,0.269642,0
D_0001581553,0,0.914284,1
D_0001581574,0,0.139644,0
D_0001582078,1,0.133035,0
D_0001582435,1,0.999408,1
D_0001582477,1,0.999692,1
D_0001583254,0,0.054640,0
D_0001583884,1,0.999909,1
D_0001583905,0,0.146031,0
D_0001584178,1,0.999632,1
D_0001584388,0,0.156466,0
D_0001584451,0,0.186577,0
D_0001584472,1,0.353779,0
D_0001584556,0,0.119331,0
D_0001584682,0,0.048858,0
D_0001584892,0,0.075300,0
D_0001585249,0,0.877407,1
D_0001585879,1,0.990405,1
D_0001586425,0,0.483692,0
D_0001586530,0,0.334391,0
D_0001586572,0,0.075107,0
D_0001586740,0,0.070451,0
D_0001586782,0,0.099846,0
D_0001587328,0,0.066597,0
D_0001587496,0,0.183272,0
D_0001587580,1,0.999129,1
D_0001587769,1,0.994854,1
D_0001587895,1,0.991370,1
D_0001588126,0,0.326591,0
D_0001588336,1,0.999724,1
D_0001588441,1,0.999808,1
D_0001588546,1,0.999664,1
D_0001588924,0,0.094286,0
D_0001589113,0,0.104428,0
D_0001589617,1,0.139757,0
D_0001589680,0,0.236002,0
D_0001590247,1,0.999915,1
D_0001590331,0,0.206826,0
D_0001590730,0,0.230154,0
D_0001591108,1,0.996211,1
D_0001591381,0,0.380502,0
D_0001591444,0,0.148805,0
D_0001592221,1,0.031436,0
D_0001592347,1,0.999780,1
D_0001592578,0,0.065567,0
D_0001593166,1,0.994394,1
D_0001593418,0,0.090635,0
D_0001593439,1,0.203855,0
D_0001593628,1,0.993983,1
D_0001593691,0,0.082741,0
D_0001594174,1,0.998913,1
D_0001594804,1,0.998776,1
D_0001595035,0,0.105763,0
D_0001595875,0,0.190379,0
D_0001596358,1,0.999593,1
D_0001596631,0,0.430529,0
D_0001597513,1,0.998741,1
D_0001597723,0,0.082023,0
D_0001598080,0,0.618107,0
D_0001598143,1,0.999883,1
D_0001598164,0,0.116369,0
D_0001598437,1,0.998760,1
D_0001598668,1,0.999083,1
D_0001598710,1,0.999237,1
D_0001598815,1,0.999288,1
D_0001598836,1,0.984133,1
D_0001598941,0,0.050051,0
D_0001599046,1,0.997569,1
D_0001599193,0,0.101295,0
D_0001599256,1,0.999775,1
D_0001599319,1,0.882954,1
D_0001599634,0,0.054862,0
D_0001600663,1,0.999184,1
D_0001600768,0,0.847957,1
D_0001601335,1,0.999905,1
D_0001601419,0,0.593511,0
D_0001601671,0,0.061503,0
D_0001601797,0,0.191147,0
D_0001602154,1,0.065949,0
D_0001603078,0,0.067339,0
D_0001603435,0,0.161203,0
D_0001603477,1,0.106712,0
D_0001603498,0,0.049682,0
D_0001603582,1,0.999128,1
D_0001603687,1,0.999956,1
D_0001604065,1,0.420031,0
D_0001604254,1,0.999664,1
D_0001604317,0,0.065798,0
D_0001604884,1,0.999125,1
D_0001604926,0,0.608627,0
D_0001605031,0,0.820034,1
D_0001605073,1,0.995206,1
D_0001605241,1,0.828762,1
D_0001606564,0,0.142839,0
D_0001606711,0,0.974573,1
D_0001606774,0,0.064565,0
D_0001607005,0,0.949234,1
D_0001607236,0,0.104435,0
D_0001607257,1,0.099776,0
D_0001607404,0,0.150261,0
D_0001607509,0,0.078570,0
D_0001608076,1,0.986514,1
D_0001608286,0,0.137081,0
D_0001608643,1,0.999982,1
D_0001608769,1,0.108102,0
D_0001608958,0,0.152078,0
D_0001609420,1,0.999546,1
D_0001610071,0,0.103107,0
D_0001610281,0,0.038695,0
D_0001610890,0,0.145980,0
D_0001611352,0,0.078021,0
D_0001611520,1,0.997095,1
D_0001612297,0,0.187101,0
D_0001612423,0,0.576294,0
D_0001613011,0,0.035374,0
D_0001613095,1,0.999519,1
D_0001613116,1,0.999616,1
D_0001614082,1,0.999923,1
D_0001614418,0,0.163095,0
D_0001614544,1,0.187099,0
D_0001614775,0,0.090008,0
D_0001614859,1,0.999973,1
D_0001614922,0,0.978632,1
D_0001615006,1,0.999507,1
D_0001615573,0,0.038594,0
D_0001615594,0,0.070313,0
D_0001615699,0,0.492129,0
D_0001615888,0,0.971400,1
D_0001615930,0,0.080770,0
D_0001616119,1,0.999875,1
D_0001616539,0,0.623502,0
D_0001616686,1,0.999845,1
D_0001616770,1,0.453162,0
D_0001617862,1,0.999731,1
D_0001617967,1,0.947545,1
D_0001618198,1,0.995013,1
D_0001618450,1,0.993799,1
D_0001618702,0,0.056840,0
D_0001618975,1,0.996240,1
D_0001618996,1,0.992687,1
D_0001619164,0,0.163363,0
D_0001619185,1,0.999233,1
D_0001619353,0,0.201828,0
D_0001619416,0,0.062801,0
D_0001620088,1,0.992514,1
D_0001620193,1,0.943474,1
D_0001620340,0,0.078293,0
D_0001620403,0,0.208084,0
D_0001620739,0,0.060804,0
D_0001620970,0,0.055100,0
D_0001621516,1,0.999337,1
D_0001621621,1,0.996523,1
D_0001621705,0,0.152938,0
D_0001621810,0,0.112152,0
D_0001621852,0,0.081292,0
D_0001622272,0,0.104252,0
D_0001622440,1,0.999615,1
D_0001622482,1,0.999852,1
D_0001622524,1,0.995503,1
D_0001622566,0,0.469512,0
D_0001622881,1,0.984399,1
D_0001623028,1,0.680373,1
D_0001623217,1,0.998744,1
D_0001623553,1,0.989877,1
D_0001624015,0,0.043550,0
D_0001624561,1,0.999930,1
D_0001624645,1,0.999880,1
D_0001624750,0,0.167531,0
D_0001625023,0,0.687621,1
D_0001625107,0,0.100707,0
D_0001625338,0,0.291672,0
D_0001625800,1,0.111819,0
D_0001625884,0,0.036970,0
D_0001625926,0,0.092395,0
D_0001626199,0,0.054335,0
D_0001626766,1,0.999236,1
D_0001627165,1,0.998725,1
D_0001627879,1,0.999465,1
D_0001628068,0,0.600551,0
D_0001628446,0,0.231229,0
D_0001628614,1,0.997887,1
D_0001628677,0,0.867635,1
D_0001628971,1,0.984172,1
D_0001629181,1,0.886755,1
D_0001629475,0,0.074300,0
D_0001629769,0,0.139502,0
D_0001629937,0,0.084973,0
D_0001630252,1,0.403965,0
D_0001630336,1,0.999965,1
D_0001630399,1,0.999711,1
D_0001630525,0,0.133579,0
D_0001630924,1,0.999445,1
D_0001631323,1,0.999517,1
D_0001631491,1,0.927592,1
D_0001631680,1,0.999730,1
D_0001631848,1,0.928177,1
D_0001632352,1,0.962661,1
D_0001632373,0,0.688409,1
D_0001632730,0,0.150253,0
D_0001632961,1,0.997628,1
D_0001633675,1,0.999634,1
D_0001634389,0,0.066439,0
D_0001635103,1,0.998062,1
D_0001635670,1,0.963704,1
D_0001635712,0,0.131716,0
D_0001635859,1,0.999956,1
D_0001636258,1,0.999910,1
D_0001636342,1,0.998076,1
D_0001636426,1,0.987454,1
D_0001636846,0,0.759544,1
D_0001637077,0,0.272000,0
D_0001637917,1,0.999946,1
D_0001638022,1,0.998517,1
D_0001638064,1,0.986800,1
D_0001638106,1,0.999862,1
D_0001638274,1,0.996450,1
D_0001638358,0,0.057638,0
D_0001638631,1,0.998754,1
D_0001638652,0,0.077839,0
D_0001639051,1,0.998968,1
D_0001639261,0,0.114421,0
D_0001639597,1,0.999098,1
D_0001639618,0,0.112487,0
D_0001639849,1,0.999818,1
D_0001640794,0,0.095141,0
D_0001640899,0,0.063841,0
D_0001640941,0,0.191758,0
D_0001640962,1,0.101738,0
D_0001641109,0,0.249655,0
D_0001641424,1,0.228946,0
D_0001641487,1,0.894741,1
D_0001641613,0,0.561941,0
D_0001641676,1,0.998938,1
D_0001641928,1,0.986238,1
D_0001642054,0,0.112954,0
D_0001642222,0,0.128145,0
D_0001642264,1,0.998625,1
D_0001642411,1,0.973659,1
D_0001642474,0,0.154953,0
D_0001642789,0,0.090546,0
D_0001644028,0,0.093399,0
D_0001644553,0,0.167819,0
D_0001644847,0,0.090437,0
D_0001644868,0,0.113264,0
D_0001645015,0,0.113149,0
D_0001645120,1,0.994699,1
D_0001645393,1,0.775756,1
D_0001645414,1,0.997871,1
D_0001646506,1,0.999063,1
D_0001646842,0,0.120869,0
D_0001646926,0,0.121271,0
D_0001646947,1,0.073298,0
D_0001647283,1,0.949898,1
D_0001647556,1,0.998808,1
D_0001647766,1,0.995929,1
D_0001648438,1,0.999361,1
D_0001649110,0,0.055282,0
D_0001649131,1,0.997110,1
D_0001649257,1,0.213772,0
D_0001649278,0,0.139272,0
D_0001649908,1,0.999476,1
D_0001650118,1,0.999829,1
D_0001650370,1,0.997277,1
D_0001650580,0,0.085986,0
D_0001650727,0,0.072584,0
D_0001650748,1,0.999980,1
D_0001651567,0,0.095753,0
D_0001652281,1,0.998926,1
D_0001652449,1,0.994434,1
D_0001652785,0,0.172973,0
D_0001653100,1,0.999297,1
D_0001653940,1,0.997734,1
D_0001654024,0,0.054647,0
D_0001654885,1,0.998743,1
D_0001655074,0,0.075664,0
D_0001655263,0,0.348176,0
D_0001656670,1,0.999900,1
D_0001657279,1,0.998231,1
D_0001657300,0,0.045786,0
D_0001657321,1,0.998037,1
D_0001657342,0,0.190647,0
D_0001657489,0,0.055016,0
D_0001657615,1,0.999148,1
D_0001658329,0,0.085446,0
D_0001658476,1,0.998249,1
D_0001658518,1,0.999827,1
D_0001658917,0,0.363000,0
D_0001658959,0,0.240704,0
D_0001659232,0,0.106693,0
D_0001659295,1,0.994908,1
D_0001659547,1,0.999846,1
D_0001659694,0,0.414332,0
D_0001660093,0,0.059396,0
D_0001660618,1,0.997358,1
D_0001660681,0,0.105510,0
D_0001661248,0,0.136527,0
D_0001661794,0,0.089572,0
D_0001662676,1,0.193007,0
D_0001662802,1,0.999953,1
D_0001662970,0,0.167818,0
D_0001663390,0,0.220647,0
D_0001663579,0,0.149009,0
D_0001663936,1,0.999643,1
D_0001664104,1,0.983705,1
D_0001664587,0,0.122750,0
D_0001665448,1,0.998370,1
D_0001665574,1,0.999528,1
D_0001665637,0,0.113360,0
D_0001665805,1,0.130905,0
D_0001666015,0,0.140598,0
D_0001666792,1,0.995396,1
D_0001666960,1,0.992152,1
D_0001667275,1,0.998759,1
D_0001667422,0,0.967329,1
D_0001667632,1,0.999606,1
D_0001668178,0,0.159551,0
D_0001668199,0,0.185947,0
D_0001668262,1,0.999611,1
D_0001668619,1,0.999424,1
D_0001668724,0,0.095266,0
D_0001669081,1,0.998387,1
D_0001669144,1,0.241193,0
D_0001669480,1,0.990945,1
D_0001670131,0,0.998047,1
D_0001670278,1,0.998694,1
D_0001670404,0,0.600986,0
D_0001670635,0,0.088100,0
D_0001671076,0,0.731321,1
D_0001671097,0,0.075891,0
D_0001671118,0,0.537078,0
D_0001671181,0,0.151054,0
D_0001671244,1,0.853674,1
D_0001671622,1,0.993784,1
D_0001672672,1,0.999856,1
D_0001672735,0,0.067404,0
D_0001673428,0,0.097094,0
D_0001673659,1,0.442093,0
D_0001673932,1,0.999487,1
D_0001674184,0,0.178347,0
D_0001674751,0,0.176767,0
D_0001674814,1,0.956241,1
D_0001675234,1,0.674344,0
D_0001675255,0,0.215120,0
D_0001675465,1,0.993371,1
D_0001675549,0,0.150964,0
D_0001675822,1,0.997779,1
D_0001676074,0,0.119943,0
D_0001676263,1,0.999789,1
D_0001676326,0,0.413974,0
D_0001676431,1,0.999475,1
D_0001676494,0,0.182263,0
D_0001676767,1,0.999616,1
D_0001677250,0,0.955935,1
D_0001677376,1,0.990729,1
D_0001677796,1,0.997184,1
D_0001678069,1,0.998730,1
D_0001678090,1,0.994757,1
D_0001678111,0,0.338948,0
D_0001678636,0,0.129418,0
D_0001679728,0,0.420028,0
D_0001680127,1,0.998632,1
D_0001680253,0,0.237493,0
D_0001680379,0,0.054563,0
D_0001680400,0,0.076439,0
D_0001680442,1,0.995594,1
D_0001680526,1,0.999873,1
D_0001680589,0,0.195822,0
D_0001680946,1,0.999561,1
D_0001681828,1,0.999633,1
D_0001681954,1,0.999970,1
D_0001682206,1,0.046286,0
D_0001682458,0,0.090539,0
D_0001682689,0,0.212856,0
D_0001683004,1,0.997878,1
D_0001683235,1,0.999950,1
D_0001683424,0,0.146523,0
D_0001683907,1,0.999471,1
D_0001684054,1,0.996431,1
D_0001684117,0,0.495734,0
D_0001684201,0,0.127184,0
D_0001684621,1,0.828719,1
D_0001684873,1,0.999943,1
D_0001686217,0,0.067188,0
D_0001686805,0,0.142884,0
D_0001686868,1,0.999679,1
D_0001686910,1,0.993159,1
D_0001687561,1,0.988732,1
D_0001688170,0,0.123520,0
D_0001688212,0,0.098815,0
D_0001688548,0,0.642556,0
D_0001688800,1,0.999738,1
D_0001688821,1,0.943456,1
D_0001688863,0,0.006377,0
D_0001688947,1,0.947585,1
D_0001689661,1,0.999537,1
D_0001689745,1,0.988751,1
D_0001690963,0,0.114934,0
D_0001691068,0,0.041607,0
D_0001691383,1,0.990184,1
D_0001691530,0,0.060005,0
D_0001692370,0,0.136952,0
D_0001692433,1,0.859478,1
D_0001692937,0,0.147791,0
D_0001692979,0,0.208428,0
D_0001693714,1,0.999907,1
D_0001693840,1,0.194098,0
D_0001693924,0,0.746698,1
D_0001693945,1,0.999809,1
D_0001694050,1,0.630595,0
D_0001694155,0,0.104364,0
D_0001694197,0,0.221604,0
D_0001695184,1,0.999386,1
D_0001695436,1,0.999544,1
D_0001695877,0,0.100909,0
D_0001696066,0,0.053957,0
D_0001696171,1,0.998688,1
D_0001696192,1,0.999763,1
D_0001696276,1,0.999711,1
D_0001696843,0,0.045325,0
D_0001697242,0,0.576820,0
D_0001697809,1,0.990883,1
D_0001698187,0,0.229656,0
D_0001698313,0,0.066939,0
D_0001698418,1,0.977199,1
D_0001699111,0,0.065494,0
D_0001699279,0,0.201988,0
D_0001699657,0,0.018278,0
D_0001699951,1,0.989233,1
D_0001700056,0,0.151281,0
D_0001700266,0,0.080425,0
D_0001700686,0,0.083024,0
D_0001700728,1,0.998991,1
D_0001700854,0,0.230358,0
D_0001701295,0,0.079776,0
D_0001701337,1,0.999982,1
D_0001701673,1,0.995767,1
D_0001701694,1,0.126182,0
D_0001701904,0,0.179543,0
D_0001702450,1,0.999365,1
D_0001702555,0,0.071740,0
D_0001702954,0,0.161454,0
D_0001703038,0,0.017006,0
D_0001703332,1,0.999867,1
D_0001703458,0,0.124898,0
D_0001703542,1,0.998991,1
D_0001703605,1,0.998804,1
D_0001703752,0,0.030047,0
D_0001703815,0,0.278244,0
D_0001703836,1,0.964888,1
D_0001703920,1,0.997646,1
D_0001704067,1,0.140598,0
D_0001704655,1,0.997414,1
D_0001704718,0,0.343169,0
D_0001704760,0,0.053902,0
D_0001704781,0,0.327919,0
D_0001705810,1,0.956094,1
D_0001706272,0,0.079021,0
D_0001706524,1,0.985702,1
D_0001706776,1,0.999967,1
D_0001706923,0,0.125589,0
D_0001707154,1,0.999736,1
D_0001708267,0,0.069406,0
D_0001708477,0,0.384766,0
D_0001708519,0,0.102935,0
D_0001708645,1,0.990381,1
D_0001709065,1,0.977228,1
D_0001709086,0,0.038290,0
D_0001709443,0,0.116112,0
D_0001709989,0,0.761602,1
D_0001710325,1,0.999209,1
D_0001710682,1,0.991334,1
D_0001711585,1,0.998979,1
D_0001711900,1,0.994537,1
D_0001711921,0,0.126145,0
D_0001712068,0,0.140919,0
D_0001712152,1,0.999913,1
D_0001712173,0,0.062635,0
D_0001712194,0,0.041776,0
D_0001712257,0,0.441557,0
D_0001712362,1,0.990296,1
D_0001712404,0,0.503930,0
D_0001713685,0,0.168634,0
D_0001713790,0,0.651434,0
D_0001713958,0,0.941405,1
D_0001713979,1,0.999839,1
D_0001714021,0,0.650573,0
D_0001714651,0,0.105385,0
D_0001714882,1,0.998909,1
D_0001714924,0,0.351987,0
D_0001714945,1,0.066419,0
D_0001715197,1,0.992765,1
D_0001716541,1,0.999696,1
D_0001716730,1,0.528665,0
D_0001716772,1,0.999920,1
D_0001717822,1,0.976350,1
D_0001717906,0,0.097936,0
D_0001717948,1,0.886147,1
D_0001718578,1,0.219981,0
D_0001718599,0,0.130263,0
D_0001718914,1,0.991270,1
D_0001719082,1,0.952770,1
D_0001719712,0,0.981991,1
D_0001719817,0,0.482767,0
D_0001719880,0,0.039498,0
D_0001720195,0,0.182835,0
D_0001720720,1,0.998305,1
D_0001720825,0,0.186519,0
D_0001721098,0,0.039295,0
D_0001721497,1,0.999949,1
D_0001721833,1,0.999980,1
D_0001721875,1,0.998810,1
D_0001722442,0,0.361564,0
D_0001722463,0,0.111937,0
D_0001722631,0,0.088834,0
D_0001722820,0,0.167925,0
D_0001722841,0,0.158998,0
D_0001723009,1,0.107115,0
D_0001723450,0,0.174209,0
D_0001723891,1,0.999402,1
D_0001723912,1,0.999215,1
D_0001724101,0,0.477534,0
D_0001724164,0,0.078249,0
D_0001724290,1,0.991193,1
D_0001725067,1,0.996720,1
D_0001725088,1,0.999389,1
D_0001725949,0,0.074156,0
D_0001726054,0,0.809063,1
D_0001726180,1,0.086043,0
D_0001726810,0,0.165778,0
D_0001726915,1,0.993504,1
D_0001727272,1,0.999821,1
D_0001727293,0,0.051811,0
D_0001727314,1,0.106537,0
D_0001727839,1,0.996959,1
D_0001728889,0,0.540507,0
D_0001729078,1,0.945796,1
D_0001729393,1,0.830371,1
D_0001729708,0,0.092430,0
D_0001729729,1,0.999902,1
D_0001729771,0,0.086324,0
D_0001730044,0,0.065913,0
D_0001730716,1,0.981353,1
D_0001732354,0,0.056048,0
D_0001732837,1,0.999257,1
D_0001733215,1,0.960115,1
D_0001733320,0,0.200885,0
D_0001733362,0,0.326674,0
D_0001733488,1,0.994922,1
D_0001733866,0,0.190666,0
D_0001733908,0,0.633595,0
D_0001734223,1,0.197397,0
D_0001734349,1,0.092126,0
D_0001734454,1,0.999975,1
D_0001734874,1,0.995139,1
D_0001735000,1,0.999891,1
D_0001735588,1,0.989660,1
D_0001735777,1,0.999912,1
D_0001735987,1,0.979299,1
D_0001736197,0,0.114392,0
D_0001736218,1,0.999607,1
D_0001736533,1,0.896558,1
D_0001736575,1,0.996772,1
D_0001736764,1,0.999456,1
D_0001736848,0,0.236544,0
D_0001737016,1,0.998096,1
D_0001737520,1,0.451242,0
D_0001737541,0,0.583601,0
D_0001737646,1,0.999531,1
D_0001737709,1,0.999886,1
D_0001738024,0,0.167654,0
D_0001738381,0,0.844801,1
D_0001738486,1,0.994653,1
D_0001738948,1,0.982141,1
D_0001739326,0,0.228146,0
D_0001739347,1,0.997307,1
D_0001740355,0,0.122073,0
D_0001740439,0,0.990597,1
D_0001740607,0,0.030860,0
D_0001741090,1,0.999441,1
D_0001741153,0,0.165226,0
D_0001741216,1,0.998742,1
D_0001741237,1,0.999540,1
D_0001741279,1,0.996639,1
D_0001741804,1,0.990728,1
D_0001742938,1,0.993700,1
D_0001743169,1,0.998891,1
D_0001743568,1,0.999675,1
D_0001743631,1,0.999493,1
D_0001744240,0,0.906844,1
D_0001744639,1,0.222839,0
D_0001744912,0,0.014749,0
D_0001745269,0,0.103746,0
D_0001745752,0,0.925393,1
D_0001745941,1,0.998153,1
D_0001746340,0,0.286493,0
D_0001746382,0,0.113192,0
D_0001746718,0,0.813565,1
D_0001747327,1,0.999453,1
D_0001747348,1,0.999516,1
D_0001747432,0,0.096699,0
D_0001748377,0,0.112171,0
D_0001748398,0,0.188919,0
D_0001748839,0,0.682218,1
D_0001749343,1,0.998253,1
D_0001749364,0,0.105975,0
D_0001749805,0,0.218802,0
D_0001749889,1,0.999869,1
D_0001750120,0,0.237389,0
D_0001750855,0,0.184205,0
D_0001751128,1,0.243483,0
D_0001751149,0,0.156280,0
D_0001751380,1,0.999858,1
D_0001751926,1,0.957893,1
D_0001751989,1,0.987581,1
D_0001752892,0,0.166316,0
D_0001753270,1,0.999861,1
D_0001754467,0,0.026138,0
D_0001754614,0,0.122368,0
D_0001755160,0,0.607426,0
D_0001755622,0,0.045312,0
D_0001755664,1,0.999783,1
D_0001755685,0,0.128859,0
D_0001755832,1,0.999892,1
D_0001756588,1,0.994662,1
D_0001756672,1,0.945249,1
D_0001757323,0,0.080246,0
D_0001757428,1,0.997335,1
D_0001758058,1,0.999382,1
D_0001758310,0,0.161822,0
D_0001758499,0,0.395811,0
D_0001758562,1,0.999766,1
D_0001758625,0,0.043165,0
D_0001758877,1,0.910744,1
D_0001759528,1,0.998927,1
D_0001759675,0,0.257706,0
D_0001759801,0,0.043362,0
D_0001760158,0,0.055676,0
D_0001760368,1,0.999508,1
D_0001761040,0,0.339830,0
D_0001761187,0,0.073015,0
D_0001762615,0,0.660972,0
D_0001762636,1,0.999876,1
D_0001763140,1,0.976465,1
D_0001763707,1,0.778871,1
D_0001763728,0,0.068084,0
D_0001763749,0,0.114043,0
D_0001763812,0,0.695817,1
D_0001764358,0,0.028635,0
D_0001764379,0,0.047867,0
D_0001764673,1,0.125456,0
D_0001765030,0,0.067513,0
D_0001765576,0,0.208707,0
D_0001765765,0,0.107190,0
D_0001765975,1,0.994588,1
D_0001766521,1,0.998906,1
D_0001766752,0,0.257079,0
D_0001766941,1,0.999663,1
D_0001767109,0,0.146709,0
D_0001767403,0,0.570073,0
D_0001767697,1,0.999043,1
D_0001768075,0,0.100970,0
D_0001768348,1,0.997017,1
D_0001768768,0,0.175837,0
D_0001768957,1,0.633341,0
D_0001769041,1,0.999553,1
D_0001769251,0,0.121249,0
D_0001769293,1,0.979757,1
D_0001769377,1,0.999587,1
D_0001770721,1,0.110351,0
D_0001770784,1,0.494324,0
D_0001770826,1,0.999625,1
D_0001770952,0,0.076195,0
D_0001771078,1,0.997210,1
D_0001771498,1,0.998158,1
D_0001771519,0,0.124201,0
D_0001771960,1,0.999971,1
D_0001772086,0,0.056244,0
D_0001772128,1,0.999128,1
D_0001772779,0,0.154917,0
D_0001773178,0,0.074378,0
D_0001773346,1,0.999675,1
D_0001773409,1,0.999292,1
D_0001773598,1,0.959314,1
D_0001773892,1,0.999851,1
D_0001774081,1,0.999830,1
D_0001774627,1,0.999666,1
D_0001774795,0,0.213088,0
D_0001774921,1,0.996523,1
D_0001775173,1,0.986376,1
D_0001775572,1,0.263827,0
D_0001776286,0,0.099935,0
D_0001776475,0,0.312817,0
D_0001776622,0,0.087244,0
D_0001776895,1,0.985909,1
D_0001776979,0,0.037821,0
D_0001777231,0,0.948802,1
D_0001777483,0,0.185798,0
D_0001777651,1,0.152675,0
D_0001777903,1,0.993767,1
D_0001778239,1,0.999147,1
D_0001778428,1,0.999936,1
D_0001778659,1,0.991523,1
D_0001778785,0,0.067200,0
D_0001778806,0,0.936224,1
D_0001778848,0,0.102256,0
D_0001778911,0,0.162002,0
D_0001779037,0,0.090464,0
D_0001779415,1,0.998629,1
D_0001779562,1,0.998023,1
D_0001779730,0,0.432333,0
D_0001781473,1,0.999958,1
D_0001781683,0,0.109583,0
D_0001781872,0,0.052223,0
D_0001782418,0,0.132032,0
D_0001783237,1,0.098353,0
D_0001783846,0,0.079264,0
D_0001784266,0,0.171237,0
D_0001784560,1,0.999185,1
D_0001784980,1,0.998359,1
D_0001785610,1,0.997274,1
D_0001786429,0,0.050104,0
D_0001786492,1,0.999933,1
D_0001786576,1,0.979319,1
D_0001786765,1,0.999976,1
D_0001786807,1,0.176338,0
D_0001787458,1,0.999490,1
D_0001787605,1,0.992624,1
D_0001787962,1,0.987285,1
D_0001788151,1,0.983465,1
D_0001788172,1,0.928020,1
D_0001788277,1,0.999997,1
D_0001788613,0,0.114313,0
D_0001788949,1,0.994105,1
D_0001788970,1,0.999906,1
D_0001789096,0,0.118410,0
D_0001789432,1,0.999928,1
D_0001789558,0,0.473920,0
D_0001789936,1,0.967674,1
D_0001791007,0,0.051755,0
D_0001791049,1,0.999707,1
D_0001791406,1,0.999676,1
D_0001791742,0,0.184273,0
D_0001792246,1,0.303146,0
D_0001792582,0,0.060428,0
D_0001793632,1,0.999666,1
D_0001794241,0,0.274438,0
D_0001794262,1,0.138221,0
D_0001794346,0,0.093377,0
D_0001794556,1,0.999923,1
D_0001795270,1,0.998691,1
D_0001795375,1,0.999021,1
D_0001795942,0,0.131379,0
D_0001795963,1,0.999066,1
D_0001796110,1,0.999652,1
D_0001796278,1,0.999560,1
D_0001796551,1,0.999576,1
D_0001796887,0,0.106656,0
D_0001797433,1,0.998925,1
D_0001797811,1,0.954306,1
D_0001799533,1,0.998584,1
D_0001799596,0,0.029294,0
D_0001800079,0,0.104161,0
D_0001800268,0,0.455640,0
D_0001800541,1,0.993526,1
D_0001801108,0,0.050878,0
D_0001801696,1,0.995185,1
D_0001801738,1,0.999987,1
D_0001801759,1,0.994409,1
D_0001802116,1,0.999594,1
D_0001802158,1,0.999241,1
D_0001802179,1,0.987804,1
D_0001802221,1,0.981795,1
D_0001802452,0,0.172894,0
D_0001803796,1,0.989442,1
D_0001803985,0,0.084548,0
D_0001804027,0,0.075018,0
D_0001804237,1,0.999637,1
D_0001804279,0,0.183529,0
D_0001804741,1,0.997643,1
D_0001804993,0,0.124536,0
D_0001805056,0,0.033427,0
D_0001805413,1,0.986974,1
D_0001805434,1,0.081288,0
D_0001805476,0,0.088342,0
D_0001805686,1,0.995030,1
D_0001806589,0,0.058305,0
D_0001806799,0,0.242853,0
D_0001806967,1,0.999708,1
D_0001807051,1,0.996530,1
D_0001807450,0,0.060358,0
D_0001807597,0,0.422496,0
D_0001807975,1,0.999839,1
D_0001808458,1,0.999152,1
D_0001808605,1,0.999957,1
D_0001808983,0,0.088694,0
D_0001809424,0,0.338947,0
D_0001809508,1,0.979799,1
D_0001809550,0,0.088893,0
D_0001809676,0,0.097015,0
D_0001809781,1,0.999130,1
D_0001810348,1,0.996761,1
D_0001810432,1,0.999983,1
D_0001810453,0,0.342724,0
D_0001810852,1,0.999806,1
D_0001811104,0,0.055525,0
D_0001811314,0,0.121268,0
D_0001811482,1,0.999934,1
D_0001811629,0,0.943321,1
D_0001811797,1,0.992412,1
D_0001811839,1,0.999129,1
D_0001812595,1,0.999988,1
D_0001812700,0,0.400386,0
D_0001813036,1,0.999869,1
D_0001813078,1,0.999554,1
D_0001813162,0,0.037134,0
D_0001814044,0,0.160602,0
D_0001814149,0,0.242070,0
D_0001814233,0,0.033376,0
D_0001814317,1,0.999794,1
D_0001814674,1,0.957918,1
D_0001814716,1,0.999455,1
D_0001814989,0,0.792117,1
D_0001815199,0,0.082475,0
D_0001815304,0,0.356740,0
D_0001815388,0,0.261888,0
D_0001815682,0,0.188703,0
D_0001815787,0,0.085957,0
D_0001815955,0,0.074753,0
D_0001816186,0,0.121557,0
D_0001816249,1,0.999439,1
D_0001817068,0,0.108334,0
D_0001817131,0,0.042483,0
D_0001817446,1,0.985390,1
D_0001818055,1,0.999885,1
D_0001818391,1,0.071471,0
D_0001818454,1,0.995374,1
D_0001818622,0,0.862785,1
D_0001820113,0,0.080033,0
D_0001820407,0,0.287626,0
D_0001820575,1,0.969064,1
D_0001820869,0,0.112019,0
D_0001821352,1,0.997020,1
D_0001822129,1,0.999959,1
D_0001822486,0,0.143743,0
D_0001823053,1,0.998947,1
D_0001823179,0,0.111405,0
D_0001823452,1,0.948244,1
D_0001823683,0,0.121783,0
D_0001824250,1,0.999988,1
D_0001824418,1,0.996359,1
D_0001824859,1,0.999982,1
D_0001825321,0,0.042782,0
D_0001825510,1,0.999264,1
D_0001825846,0,0.115495,0
D_0001826098,0,0.063686,0
D_0001826896,1,0.107232,0
D_0001827295,1,0.996827,1
D_0001827526,0,0.259566,0
D_0001827610,1,0.985425,1
D_0001828030,0,0.105791,0
D_0001828660,1,0.999988,1
D_0001828702,0,0.121409,0
D_0001829185,1,0.999023,1
D_0001829290,0,0.091076,0
D_0001830088,1,0.998389,1
D_0001830130,1,0.998501,1
D_0001830193,1,0.989717,1
D_0001830214,1,0.962600,1
D_0001830403,1,0.999553,1
D_0001830865,1,0.977458,1
D_0001830928,0,0.149571,0
D_0001831033,1,0.999113,1
D_0001831537,0,0.174780,0
D_0001831579,1,0.990926,1
D_0001831936,0,0.147644,0
D_0001832377,0,0.107374,0
D_0001832692,1,0.999168,1
D_0001833091,1,0.999186,1
D_0001833826,0,0.054065,0
D_0001834057,1,0.985086,1
D_0001834372,1,0.998355,1
D_0001834645,0,0.066012,0
D_0001834918,1,0.995787,1
D_0001834939,0,0.201370,0
D_0001835170,0,0.456473,0
D_0001835191,0,0.148716,0
D_0001836157,1,0.987259,1
D_0001836514,0,0.093687,0
D_0001836577,0,0.973720,1
D_0001836829,0,0.075324,0
D_0001837543,1,0.986079,1
D_0001837564,1,0.998401,1
D_0001838635,1,0.998986,1
D_0001838656,0,0.769301,1
D_0001838740,1,0.208025,0
D_0001839034,1,0.999771,1
D_0001839097,1,0.999822,1
D_0001839223,0,0.121855,0
D_0001839328,1,0.999010,1
D_0001839601,1,0.096814,0
D_0001839811,0,0.599624,0
D_0001840063,1,0.999723,1
D_0001840294,1,0.999502,1
D_0001840315,0,0.063337,0
D_0001840462,1,0.999754,1
D_0001840588,0,0.134821,0
D_0001840609,1,0.991224,1
D_0001840756,1,0.946653,1
D_0001840798,0,0.107386,0
D_0001841029,0,0.153999,0
D_0001841533,0,0.079720,0
D_0001841638,1,0.999969,1
D_0001842352,0,0.303365,0
D_0001842394,0,0.316542,0
D_0001842562,1,0.999639,1
D_0001842688,1,0.997704,1
D_0001842709,0,0.951002,1
D_0001842961,1,0.957089,1
D_0001843003,1,0.108672,0
D_0001843696,1,0.981799,1
D_0001843738,1,0.993759,1
D_0001843885,1,0.996266,1
D_0001844032,1,0.990305,1
D_0001844200,0,0.216584,0
D_0001844515,0,0.076959,0
D_0001844557,1,0.995052,1
D_0001844599,1,0.999535,1
D_0001845103,1,0.999813,1
D_0001845334,0,0.111694,0
D_0001845397,1,0.968767,1
D_0001845481,1,0.999646,1
D_0001845817,0,0.059254,0
D_0001846090,0,0.060891,0
D_0001846153,0,0.129637,0
D_0001846615,1,0.999830,1
D_0001847161,0,0.988085,1
D_0001847224,1,0.997753,1
D_0001847728,1,0.996147,1
D_0001848274,0,0.100205,0
D_0001848316,1,0.998959,1
D_0001848400,1,0.999459,1
D_0001849030,0,0.896325,1
D_0001849303,1,0.999461,1
D_0001849450,1,0.999864,1
D_0001849870,1,0.999663,1
D_0001850143,1,0.997823,1
D_0001850500,0,0.124721,0
D_0001850584,1,0.999978,1
D_0001851319,0,0.094923,0
D_0001851550,1,0.366056,0
D_0001851718,1,0.165583,0
D_0001851823,1,0.925877,1
D_0001851844,0,0.215613,0
D_0001851907,1,0.997239,1
D_0001852327,1,0.999902,1
D_0001852390,0,0.095107,0
D_0001852747,1,0.122461,0
D_0001853041,1,0.960641,1
D_0001853125,1,0.740433,1
D_0001853377,1,0.136454,0
D_0001853566,0,0.399623,0
D_0001853650,1,0.999430,1
D_0001853923,1,0.999995,1
D_0001854364,1,0.090947,0
D_0001854574,0,0.154732,0
D_0001854931,0,0.284339,0
D_0001855162,1,0.999930,1
D_0001855435,1,0.999632,1
D_0001855456,1,0.999101,1
D_0001855519,1,0.998816,1
D_0001855729,0,0.187453,0
D_0001855750,1,0.998407,1
D_0001856107,0,0.090273,0
D_0001856275,1,0.999914,1
D_0001856296,0,0.109421,0
D_0001856506,1,0.998519,1
D_0001856527,0,0.019747,0
D_0001857787,1,0.999974,1
D_0001858900,0,0.219163,0
D_0001858942,0,0.806438,1
D_0001859257,1,0.999845,1
D_0001859362,0,0.061462,0
D_0001859425,0,0.088181,0
D_0001859971,0,0.029366,0
D_0001860286,1,0.999408,1
D_0001861294,1,0.999514,1
D_0001861399,1,0.999943,1
D_0001861588,1,0.999283,1
D_0001861756,1,0.998028,1
D_0001862407,0,0.022934,0
D_0001862470,1,0.999870,1
D_0001862575,0,0.250777,0
D_0001862596,1,0.087251,0
D_0001862638,0,0.301431,0
D_0001862659,0,0.152298,0
D_0001863163,1,0.999794,1
D_0001863331,0,0.170890,0
D_0001863709,1,0.996659,1
D_0001864192,1,0.999766,1
D_0001864297,0,0.180169,0
D_0001864549,1,0.990242,1
D_0001864717,1,0.998955,1
D_0001864780,1,0.999900,1
D_0001864801,0,0.278144,0
D_0001864948,0,0.470648,0
D_0001865137,1,0.550165,0
D_0001865284,1,0.988973,1
D_0001865536,1,0.993788,1
D_0001865578,1,0.999952,1
D_0001865851,1,0.997569,1
D_0001866565,0,0.921448,1
D_0001867174,0,0.146685,0
D_0001867426,1,0.983848,1
D_0001867468,1,0.989215,1
D_0001867531,0,0.070138,0
D_0001867930,1,0.989641,1
D_0001868644,0,0.251271,0
D_0001868707,1,0.045841,0
D_0001869085,1,0.999448,1
D_0001869316,1,0.930257,1
D_0001869337,1,0.997241,1
D_0001869547,1,0.999048,1
D_0001869694,1,0.985420,1
D_0001870198,1,0.927114,1
D_0001870366,1,0.992533,1
D_0001870408,1,0.996314,1
D_0001870450,0,0.443147,0
D_0001870618,0,0.085605,0
D_0001870765,0,0.153642,0
D_0001870870,0,0.048094,0
D_0001870933,0,0.965159,1
D_0001871143,1,0.989483,1
D_0001871185,0,0.059631,0
D_0001871395,1,0.999895,1
D_0001871458,1,0.999432,1
D_0001871899,1,0.917637,1
D_0001872067,0,0.083920,0
D_0001872256,0,0.091105,0
D_0001872655,0,0.098349,0
D_0001872739,1,0.999708,1
D_0001873369,0,0.152846,0
D_0001873663,0,0.078927,0
D_0001873747,0,0.100133,0
D_0001874293,0,0.108585,0
D_0001874776,0,0.033476,0
D_0001875154,1,0.996143,1
D_0001875385,1,0.994763,1
D_0001875574,1,0.999700,1
D_0001875637,1,0.999895,1
D_0001875868,1,0.993149,1
D_0001876015,1,0.998924,1
D_0001876057,1,0.987913,1
D_0001876267,0,0.161309,0
D_0001876330,1,0.070631,0
D_0001876519,1,0.998730,1
D_0001876855,0,0.068212,0
D_0001877065,1,0.999910,1
D_0001877527,1,0.990566,1
D_0001877863,1,0.996626,1
D_0001878094,0,0.343337,0
D_0001878304,1,0.980013,1
D_0001878535,0,0.318417,0
D_0001878577,1,0.998268,1
D_0001878934,1,0.999328,1
D_0001879186,0,0.188942,0
D_0001879270,0,0.207398,0
D_0001879564,1,0.999391,1
D_0001880362,0,0.100259,0
D_0001881097,0,0.920189,1
D_0001881118,0,0.104988,0
D_0001881370,1,0.999327,1
D_0001881412,1,0.999141,1
D_0001881475,1,0.991458,1
D_0001881643,0,0.239792,0
D_0001881664,0,0.958798,1
D_0001882168,1,0.994970,1
D_0001882315,0,0.971557,1
D_0001882609,1,0.999979,1
D_0001882630,0,0.090815,0
D_0001882672,1,0.999785,1
D_0001883239,0,0.180068,0
D_0001883281,1,0.999907,1
D_0001883449,1,0.999487,1
D_0001883722,0,0.091970,0
D_0001883974,0,0.203785,0
D_0001884604,0,0.032736,0
D_0001884667,1,0.180595,0
D_0001884919,0,0.037560,0
D_0001885318,1,0.979594,1
D_0001885633,1,0.951012,1
D_0001885864,0,0.640214,0
D_0001886032,0,0.103099,0
D_0001887145,0,0.201430,0
D_0001887481,0,0.093941,0
D_0001887523,0,0.183387,0
D_0001887649,0,0.036231,0
D_0001887775,1,0.996347,1
D_0001887985,1,0.065041,0
D_0001888573,1,0.972880,1
D_0001888699,0,0.059006,0
D_0001888867,0,0.080024,0
D_0001889476,1,0.997140,1
D_0001889812,0,0.160002,0
D_0001889896,1,0.992297,1
D_0001890316,0,0.466438,0
D_0001890799,0,0.217296,0
D_0001891093,1,0.995743,1
D_0001891282,1,0.994093,1
D_0001891408,0,0.092573,0
D_0001891471,1,0.998657,1
D_0001891723,1,0.999521,1
D_0001891744,1,0.970677,1
D_0001891807,0,0.077737,0
D_0001891828,1,0.998975,1
D_0001892206,1,0.993804,1
D_0001892500,0,0.122827,0
D_0001892941,0,0.091360,0
D_0001892962,1,0.999980,1
D_0001893214,0,0.195091,0
D_0001893298,0,0.636408,0
D_0001893361,0,0.177133,0
D_0001893571,0,0.169709,0
D_0001893802,1,0.998715,1
D_0001894012,1,0.117220,0
D_0001894264,0,0.208915,0
D_0001894369,0,0.090329,0
D_0001894789,0,0.135520,0
D_0001894894,1,0.128557,0
D_0001895041,1,0.996691,1
D_0001895713,1,0.999807,1
D_0001895860,0,0.201053,0
D_0001895923,1,0.999932,1
D_0001896217,0,0.470271,0
D_0001897057,1,0.981450,1
D_0001897120,1,0.999673,1
D_0001897372,0,0.132457,0
D_0001897393,0,0.126029,0
D_0001897960,0,0.391370,0
D_0001898044,0,0.921784,1
D_0001898065,1,0.999969,1
D_0001898590,1,0.999624,1
D_0001898779,0,0.556855,0
D_0001898863,1,0.997635,1
D_0001899451,1,0.997860,1
D_0001899535,0,0.117867,0
D_0001899703,0,0.179220,0
D_0001899829,1,0.998973,1
D_0001899934,0,0.144426,0
D_0001900102,1,0.999517,1
D_0001900480,1,0.999418,1
D_0001900879,1,0.989219,1
D_0001900963,0,0.699801,1
D_0001901005,0,0.439718,0
D_0001901026,1,0.993566,1
D_0001901173,1,0.226496,0
D_0001901530,1,0.999861,1
D_0001901950,1,0.997948,1
D_0001902034,1,0.031654,0
D_0001902118,1,0.999658,1
D_0001902391,1,0.999613,1
D_0001902790,0,0.261957,0
D_0001903378,1,0.999895,1
D_0001903483,0,0.095211,0
D_0001903651,1,0.999917,1
D_0001903735,1,0.999147,1
D_0001904344,1,0.996809,1
D_0001904890,1,0.993521,1
D_0001905079,1,0.998718,1
D_0001905499,1,0.999261,1
D_0001905919,0,0.779076,1
D_0001905961,0,0.107057,0
D_0001906003,1,0.271510,0
D_0001906234,1,0.998735,1
D_0001906318,1,0.998841,1
D_0001906339,1,0.987918,1
D_0001906549,0,0.105073,0
D_0001906654,1,0.999796,1
D_0001907053,1,0.113487,0
D_0001907389,0,0.607409,0
D_0001907410,0,0.150245,0
D_0001907473,1,0.999779,1
D_0001907599,0,0.117972,0
D_0001907620,0,0.075255,0
D_0001907872,0,0.212426,0
D_0001909111,1,0.964397,1
D_0001909636,0,0.119111,0
D_0001909678,1,0.971900,1
D_0001909783,1,0.999131,1
D_0001910035,0,0.192343,0
D_0001910098,1,0.999043,1
D_0001910224,1,0.992180,1
D_0001910371,1,0.999899,1
D_0001910413,0,0.220931,0
D_0001910959,1,0.992261,1
D_0001911295,1,0.122630,0
D_0001911379,1,0.999485,1
D_0001911484,1,0.922839,1
D_0001912198,0,0.070783,0
D_0001912240,0,0.173991,0
D_0001912870,0,0.084488,0
D_0001913017,1,0.996172,1
D_0001913059,0,0.186822,0
D_0001913332,0,0.031628,0
D_0001913353,1,0.998727,1
D_0001913395,1,0.998984,1
D_0001913458,1,0.985877,1
D_0001913542,1,0.999747,1
D_0001915264,0,0.721858,1
D_0001915390,0,0.229177,0
D_0001915411,0,0.982535,1
D_0001916545,0,0.013191,0
D_0001917868,1,0.920124,1
D_0001917973,0,0.128903,0
D_0001918351,0,0.889239,1
D_0001918582,1,0.998161,1
D_0001918603,0,0.125516,0
D_0001918855,1,0.994534,1
D_0001918918,0,0.082528,0
D_0001918981,0,0.113882,0
D_0001919674,0,0.652577,0
D_0001919800,1,0.997483,1
D_0001920262,0,0.349423,0
D_0001920598,0,0.092506,0
D_0001920619,1,0.999659,1
D_0001921627,0,0.092036,0
D_0001922194,1,0.999994,1
D_0001922446,1,0.119184,0
D_0001922866,0,0.130876,0
D_0001923265,1,0.998863,1
D_0001923979,1,0.999040,1
D_0001924273,1,0.078781,0
D_0001924378,1,0.995183,1
D_0001924504,1,0.981135,1
D_0001925092,1,0.999814,1
D_0001925365,1,0.978066,1
D_0001925638,1,0.999909,1
D_0001925995,0,0.091104,0
D_0001926121,0,0.108226,0
D_0001926142,1,0.968525,1
D_0001926184,0,0.143569,0
D_0001926898,1,0.995970,1
D_0001927507,1,0.997628,1
D_0001927591,1,0.986770,1
D_0001928032,0,0.309952,0
D_0001928347,1,0.993687,1
D_0001928368,0,0.206005,0
D_0001928473,1,0.999457,1
D_0001928536,1,0.999847,1
D_0001929313,1,0.999596,1
D_0001929481,1,0.993929,1
D_0001929838,0,0.111189,0
D_0001929859,1,0.998842,1
D_0001930741,0,0.087400,0
D_0001930993,1,0.997269,1
D_0001931350,0,0.167079,0
D_0001931896,1,0.996714,1
D_0001931980,1,0.997701,1
D_0001932253,0,0.350970,0
D_0001932463,0,0.857388,1
D_0001933009,0,0.962557,1
D_0001933198,1,0.997905,1
D_0001933450,1,0.999365,1
D_0001933597,0,0.030588,0
D_0001933975,0,0.067296,0
D_0001934080,1,0.999926,1
D_0001934101,1,0.988590,1
D_0001935256,0,0.135465,0
D_0001935487,1,0.997817,1
D_0001935550,0,0.096343,0
D_0001935592,0,0.087112,0
D_0001936285,1,0.999995,1
D_0001936432,1,0.740900,1
D_0001936600,0,0.060776,0
D_0001936642,1,0.998212,1
D_0001937125,0,0.089738,0
D_0001937713,1,0.216746,0
D_0001938007,1,0.998362,1
D_0001938595,0,0.151008,0
D_0001938826,0,0.067601,0
D_0001939099,1,0.932839,1
D_0001939183,0,0.505910,0
D_0001940128,0,0.165698,0
D_0001940275,1,0.999246,1
D_0001940569,0,0.069044,0
D_0001941031,0,0.079695,0
D_0001941073,0,0.179393,0
D_0001941241,1,0.999664,1
D_0001941682,0,0.215276,0
D_0001941808,1,0.998971,1
D_0001941913,0,0.421010,0
D_0001941934,0,0.095207,0
D_0001942207,1,0.997427,1
D_0001942291,0,0.256166,0
D_0001942417,0,0.104195,0
D_0001942732,0,0.084234,0
D_0001942942,1,0.997746,1
D_0001943425,1,0.999882,1
D_0001943446,1,0.999667,1
D_0001943803,0,0.173133,0
D_0001944265,0,0.361708,0
D_0001944433,1,0.197731,0
D_0001944559,0,0.147138,0
D_0001945084,1,0.092453,0
D_0001945147,1,0.923094,1
D_0001945609,1,0.997760,1
D_0001945903,1,0.997666,1
D_0001946008,1,0.999556,1
D_0001946491,1,0.997137,1
D_0001946533,1,0.989924,1
D_0001946827,1,0.998263,1
D_0001946911,1,0.999466,1
D_0001947436,0,0.103950,0
D_0001947520,0,0.056702,0
D_0001947562,1,0.998451,1
D_0001947730,1,0.999208,1
D_0001948633,1,0.999342,1
D_0001948738,1,0.994997,1
D_0001949536,1,0.716640,1
D_0001950061,1,0.999818,1
D_0001950103,0,0.108142,0
D_0001950124,0,0.326671,0
D_0001951111,0,0.151597,0
D_0001951195,0,0.104861,0
D_0001951468,0,0.057281,0
D_0001951489,1,0.995666,1
D_0001952476,0,0.056246,0
D_0001952497,1,0.988419,1
D_0001952602,1,0.982723,1
D_0001953022,1,0.999248,1
D_0001953211,1,0.999683,1
D_0001953337,1,0.999094,1
D_0001953484,1,0.996376,1
D_0001953736,0,0.103856,0
D_0001953988,0,0.103581,0
D_0001954093,0,0.109046,0
D_0001954828,0,0.081770,0
D_0001955017,1,0.999908,1
D_0001955353,1,0.998606,1
D_0001955395,0,0.619326,0
D_0001955773,0,0.069773,0
D_0001956361,1,0.999522,1
D_0001957285,0,0.111802,0
D_0001957327,0,0.388618,0
D_0001958062,0,0.113688,0
D_0001958083,0,0.040152,0
D_0001958671,1,0.948699,1
D_0001959364,1,0.999436,1
D_0001959784,1,0.972994,1
D_0001959805,0,0.078973,0
D_0001959847,1,0.998978,1
D_0001960036,0,0.152742,0
D_0001960372,1,0.999449,1
D_0001960456,0,0.062627,0
D_0001960603,0,0.072188,0
D_0001960687,0,0.469320,0
D_0001960834,1,0.997134,1
D_0001961107,0,0.167581,0
D_0001961338,1,0.998998,1
D_0001961422,1,0.999751,1
D_0001961758,1,0.999747,1
D_0001962283,1,0.999171,1
D_0001962367,1,0.999826,1
D_0001962619,1,0.994432,1
D_0001962745,0,0.160186,0
D_0001962829,0,0.207883,0
D_0001962913,0,0.909012,1
D_0001962934,1,0.257715,0
D_0001962976,1,0.996586,1
D_0001963270,0,0.047023,0
D_0001963564,1,0.168059,0
D_0001963963,1,0.999561,1
D_0001964152,1,0.999521,1
D_0001964236,0,0.181909,0
D_0001964446,1,0.999282,1
D_0001965349,1,0.999096,1
D_0001965538,0,0.926151,1
D_0001966042,0,0.013626,0
D_0001966084,0,0.180266,0
D_0001966651,0,0.021838,0
D_0001966798,1,0.999576,1
D_0001967386,1,0.999908,1
D_0001967470,1,0.999352,1
D_0001967827,1,0.999710,1
D_0001968037,1,0.999480,1
D_0001968268,1,0.979693,1
D_0001968772,1,0.999738,1
D_0001968982,1,0.993718,1
D_0001969024,1,0.972358,1
D_0001969528,1,0.999049,1
D_0001970053,1,0.997711,1
D_0001970074,1,0.988521,1
D_0001970389,0,0.196740,0
D_0001970536,0,0.136893,0
D_0001970851,1,0.998233,1
D_0001970914,0,0.034051,0
D_0001971586,1,0.999810,1
D_0001972006,1,0.996394,1
D_0001972825,1,0.999522,1
D_0001973749,1,0.654137,0
D_0001973854,0,0.003870,0
D_0001974001,1,0.929278,1
D_0001975492,0,0.165917,0
D_0001975597,0,0.074439,0
D_0001975744,1,0.998901,1
D_0001976185,0,0.103464,0
D_0001978054,0,0.067691,0
D_0001978117,1,0.999912,1
D_0001978747,1,0.972268,1
D_0001978768,1,0.999090,1
D_0001978852,1,0.992270,1
D_0001978894,0,0.114526,0
D_0001979524,0,0.091196,0
D_0001980364,1,0.983986,1
D_0001980490,1,0.999746,1
D_0001980553,0,0.088718,0
D_0001980658,0,0.105496,0
D_0001980742,0,0.223439,0
D_0001981939,0,0.859371,1
D_0001982128,1,0.999946,1
D_0001982170,1,0.996182,1
D_0001982212,0,0.081238,0
D_0001982296,1,0.998654,1
D_0001982968,0,0.296786,0
D_0001982989,1,0.716307,1
D_0001983052,0,0.265563,0
D_0001983535,1,0.730603,1
D_0001984207,1,0.153436,0
D_0001984543,0,0.174488,0
D_0001984837,1,0.999935,1
D_0001984963,1,0.909559,1
D_0001984984,1,0.999919,1
D_0001985047,1,0.999878,1
D_0001985068,0,0.031560,0
D_0001985236,1,0.999340,1
D_0001985278,1,0.999739,1
D_0001985383,0,0.103239,0
D_0001985614,0,0.123051,0
D_0001985635,1,0.999970,1
D_0001986202,0,0.142170,0
D_0001986223,0,0.109442,0
D_0001986265,0,0.959973,1
D_0001986433,1,0.999988,1
D_0001986517,0,0.157370,0
D_0001987063,1,0.999650,1
D_0001987609,1,0.999425,1
D_0001988239,1,0.960412,1
D_0001988281,0,0.093310,0
D_0001988491,0,0.106899,0
D_0001988533,1,0.998996,1
D_0001988554,1,0.983733,1
D_0001988701,1,0.801172,1
D_0001989058,1,0.997602,1
D_0001989226,0,0.875589,1
D_0001989415,0,0.027909,0
D_0001990003,1,0.992201,1
D_0001990297,1,0.985167,1
D_0001990696,1,0.999661,1
D_0001990843,0,0.286591,0
D_0001990927,1,0.998414,1
D_0001991032,0,0.106234,0
D_0001991515,0,0.151182,0
D_0001991536,1,0.998044,1
D_0001992061,1,0.774206,1
D_0001992124,1,0.253617,0
D_0001992502,0,0.101166,0
D_0001992838,1,0.931646,1
D_0001992859,1,0.998400,1
D_0001993636,0,0.229328,0
D_0001994287,1,0.999966,1
D_0001994329,1,0.535187,0
D_0001994707,0,0.235617,0
D_0001994728,1,0.998627,1
D_0001994959,0,0.139957,0
D_0001995169,0,0.049916,0
D_0001995295,1,0.998050,1
D_0001995316,1,0.037562,0
D_0001995673,0,0.660872,0
D_0001995820,1,0.998509,1
D_0001996135,0,0.060670,0
D_0001996261,0,0.189592,0
D_0001996702,0,0.325383,0
D_0001997206,0,0.121916,0
D_0001997227,1,0.152228,0
D_0001997374,0,0.132095,0
D_0001997395,1,0.999868,1
D_0001997563,0,0.102776,0
D_0001997647,0,0.287578,0
D_0001997689,0,0.064712,0
D_0001997899,1,0.999982,1
D_0001998739,1,0.292135,0
D_0001998781,0,0.087537,0
D_0001998907,1,0.517437,0
D_0001999222,1,0.999184,1
D_0001999453,0,0.185293,0
D_0001999999,0,0.365768,0
D_0002000062,0,0.195311,0
D_0002000188,1,0.999708,1
D_0002000818,1,0.997634,1
D_0002001343,1,0.999680,1
D_0002002141,0,0.079940,0
D_0002002162,1,0.998932,1
D_0002002498,0,0.086012,0
D_0002002876,1,0.904264,1
D_0002002939,0,0.184712,0
D_0002003065,0,0.114163,0
D_0002003401,0,0.182636,0
D_0002003527,0,0.078412,0
D_0002003758,0,0.060674,0
D_0002003926,1,0.999779,1
D_0002004073,0,0.085558,0
D_0002004136,1,0.999969,1
D_0002004346,0,0.879618,1
D_0002004577,0,0.138664,0
D_0002004850,0,0.109833,0
D_0002004934,0,0.113315,0
D_0002005480,1,0.998216,1
D_0002006173,1,0.998426,1
D_0002006530,1,0.999215,1
D_0002006845,0,0.115205,0
D_0002006866,0,0.067844,0
D_0002006950,1,0.989022,1
D_0002007307,1,0.991398,1
D_0002007370,0,0.124405,0
D_0002007559,1,0.983547,1
D_0002007895,1,0.536992,0
D_0002007958,1,0.760366,1
D_0002008084,1,0.999772,1
D_0002008210,0,0.065142,0
D_0002008693,0,0.627534,0
D_0002008924,1,0.999902,1
D_0002009134,1,0.994356,1
D_0002009827,1,0.959005,1
D_0002010331,0,0.163887,0
D_0002010352,0,0.039013,0
D_0002010499,0,0.094335,0
D_0002011171,1,0.998433,1
D_0002011339,0,0.032665,0
D_0002011381,0,0.119124,0
D_0002011675,0,0.113793,0
D_0002011738,0,0.067366,0
D_0002011759,1,0.999909,1
D_0002012158,1,0.403868,0
D_0002012305,1,0.999894,1
D_0002012536,1,0.999898,1
D_0002012977,0,0.231616,0
D_0002013082,0,0.229011,0
D_0002013292,0,0.043360,0
D_0002013376,1,0.947093,1
D_0002013670,1,0.943778,1
D_0002013901,0,0.063316,0
D_0002014279,0,0.180851,0
D_0002014489,1,0.993121,1
D_0002014594,1,0.999946,1
D_0002014636,0,0.032528,0
D_0002015287,0,0.148809,0
D_0002015455,1,0.980366,1
D_0002016190,1,0.999946,1
D_0002016211,1,0.998848,1
D_0002016253,1,0.998892,1
D_0002016421,0,0.165420,0
D_0002016484,1,0.999886,1
D_0002016925,1,0.999533,1
D_0002017030,0,0.076188,0
D_0002017093,1,0.999453,1
D_0002017198,1,0.999799,1
D_0002017345,1,0.999798,1
D_0002017387,0,0.634987,0
D_0002017429,1,0.997432,1
D_0002017660,0,0.087435,0
D_0002017933,1,0.999740,1
D_0002017975,0,0.481717,0
D_0002018899,1,0.999939,1
D_0002019487,0,0.933716,1
D_0002019613,0,0.048841,0
D_0002019865,1,0.999792,1
D_0002020054,0,0.131365,0
D_0002020621,1,0.999682,1
D_0002020873,0,0.086770,0
D_0002021566,1,0.999599,1
D_0002021818,0,0.097284,0
D_0002021944,1,0.989502,1
D_0002022217,1,0.073618,0
D_0002022385,1,0.989038,1
D_0002022406,1,0.998477,1
D_0002022721,1,0.987776,1
D_0002022784,1,0.995793,1
D_0002022952,0,0.434516,0
D_0002023729,0,0.051556,0
D_0002023792,0,0.053250,0
D_0002024086,1,0.985924,1
D_0002024401,1,0.999393,1
D_0002026144,1,0.999888,1
D_0002026543,1,0.999877,1
D_0002026900,1,0.993745,1
D_0002027110,1,0.997998,1
D_0002027299,0,0.153291,0
D_0002027782,1,0.996734,1
D_0002028307,1,0.999993,1
D_0002028727,1,0.997431,1
D_0002029231,0,0.101258,0
D_0002029273,0,0.102975,0
D_0002029651,1,0.927342,1
D_0002029861,1,0.997925,1
D_0002029924,1,0.049091,0
D_0002030071,1,0.998828,1
D_0002030155,0,0.173211,0
D_0002030344,1,0.999321,1
D_0002030386,1,0.991074,1
D_0002030890,1,0.988709,1
D_0002031457,1,0.996414,1
D_0002031478,1,0.978144,1
D_0002032276,1,0.983236,1
D_0002032423,0,0.122842,0
D_0002032549,1,0.999986,1
D_0002033011,1,0.999193,1
D_0002033704,1,0.118294,0
D_0002033809,1,0.136109,0
D_0002034754,0,0.352717,0
D_0002034901,1,0.999809,1
D_0002035090,1,0.985029,1
D_0002035363,0,0.957994,1
D_0002035657,0,0.587789,0
D_0002035867,0,0.079787,0
D_0002035930,0,0.101699,0
D_0002036686,1,0.999836,1
D_0002037274,0,0.034714,0
D_0002037862,0,0.078528,0
D_0002038135,1,0.984577,1
D_0002038261,1,0.999701,1
D_0002038324,0,0.066419,0
D_0002038387,0,0.051493,0
D_0002038429,0,0.377801,0
D_0002038702,1,0.997374,1
D_0002039437,1,0.963272,1
D_0002039500,0,0.152392,0
D_0002040130,1,0.999413,1
D_0002041516,0,0.816469,1
D_0002041621,0,0.095741,0
D_0002041873,1,0.996655,1
D_0002041999,0,0.606399,0
D_0002042944,1,0.998625,1
D_0002043049,1,0.985694,1
D_0002043679,1,0.999148,1
D_0002044246,1,0.998930,1
D_0002044267,0,0.236181,0
D_0002044309,1,0.999777,1
D_0002044687,1,0.999095,1
D_0002045317,1,0.997843,1
D_0002045716,1,0.050752,0
D_0002046409,1,0.998646,1
D_0002046556,0,0.058027,0
D_0002046787,1,0.998379,1
D_0002046871,1,0.997598,1
D_0002046913,0,0.104990,0
D_0002046997,1,0.852692,1
D_0002047018,1,0.994393,1
D_0002047270,1,0.999943,1
D_0002047417,1,0.995719,1
D_0002047921,1,0.999413,1
D_0002048068,0,0.031742,0
D_0002048404,1,0.999884,1
D_0002048719,0,0.134561,0
D_0002048845,0,0.110387,0
D_0002048887,1,0.986005,1
D_0002050000,0,0.134021,0
D_0002050042,1,0.947141,1
D_0002050168,1,0.998600,1
D_0002050231,0,0.130201,0
D_0002050525,1,0.996254,1
D_0002050756,1,0.998477,1
D_0002051302,1,0.050209,0
D_0002052163,0,0.090041,0
D_0002052919,0,0.565362,0
D_0002053255,0,0.084055,0
D_0002053276,0,0.084327,0
D_0002053402,0,0.103429,0
D_0002053465,1,0.998837,1
D_0002053843,1,0.995813,1
D_0002053990,0,0.072256,0
D_0002054221,1,0.979137,1
D_0002054263,0,0.083039,0
D_0002054494,1,0.999593,1
D_0002055481,1,0.111365,0
D_0002055628,0,0.101112,0
D_0002055964,0,0.040484,0
D_0002056174,1,0.989661,1
D_0002056237,1,0.999907,1
D_0002056258,0,0.189386,0
D_0002056279,0,0.190913,0
D_0002056678,1,0.993948,1
D_0002056762,0,0.182667,0
D_0002057140,1,0.999568,1
D_0002057623,1,0.983808,1
D_0002058001,0,0.026379,0
D_0002058316,0,0.073630,0
D_0002059219,1,0.999582,1
D_0002059408,1,0.999547,1
D_0002059597,0,0.037947,0
D_0002059681,0,0.192621,0
D_0002060185,1,0.930503,1
D_0002060878,1,0.999587,1
D_0002061340,1,0.999213,1
D_0002061403,0,0.735933,1
D_0002061802,0,0.114989,0
D_0002062222,1,0.962019,1
D_0002063104,0,0.705594,1
D_0002063125,1,0.999211,1
D_0002063230,0,0.077901,0
D_0002063293,1,0.999516,1
D_0002063671,0,0.101807,0
D_0002063986,0,0.089851,0
D_0002064259,1,0.158801,0
D_0002064490,1,0.999333,1
D_0002064637,0,0.528402,0
D_0002064700,1,0.999945,1
D_0002064721,0,0.339918,0
D_0002064805,0,0.383840,0
D_0002064889,1,0.999281,1
D_0002066296,0,0.463820,0
D_0002067052,0,0.087636,0
D_0002067283,0,0.100585,0
D_0002067661,1,0.999624,1
D_0002068312,1,0.999426,1
D_0002068333,1,0.998299,1
D_0002068942,0,0.191691,0
D_0002069005,1,0.987420,1
D_0002069068,1,0.999810,1
D_0002069572,0,0.102412,0
D_0002070139,0,0.243783,0
D_0002070538,1,0.999980,1
D_0002070580,1,0.950829,1
D_0002070853,1,0.999879,1
D_0002071105,0,0.088723,0
D_0002071378,1,0.053755,0
D_0002071567,1,0.996499,1
D_0002072029,1,0.999353,1
D_0002072407,1,0.996636,1
D_0002072533,1,0.997942,1
D_0002073373,0,0.205582,0
D_0002073793,1,0.997251,1
D_0002074192,0,0.073220,0
D_0002074633,0,0.124710,0
D_0002074696,0,0.028770,0
D_0002075263,1,0.999888,1
D_0002075914,1,0.996175,1
D_0002076082,0,0.267713,0
D_0002076313,0,0.527984,0
D_0002076922,1,0.999372,1
D_0002077111,0,0.040678,0
D_0002077174,0,0.122431,0
D_0002077510,0,0.051300,0
D_0002077594,0,0.111446,0
D_0002078665,1,0.999483,1
D_0002078875,0,0.243821,0
D_0002078896,0,0.126025,0
D_0002079547,1,0.999942,1
D_0002079883,0,0.166228,0
D_0002080240,0,0.099890,0
D_0002080282,1,0.077990,0
D_0002080387,1,0.998849,1
D_0002080576,0,0.338790,0
D_0002080597,0,0.057699,0
D_0002080891,1,0.993439,1
D_0002080954,1,0.973229,1
D_0002081689,1,0.998926,1
D_0002082445,1,0.998660,1
D_0002082739,1,0.977479,1
D_0002083096,0,0.261786,0
D_0002083390,0,0.051985,0
D_0002083810,1,0.999991,1
D_0002084167,1,0.369856,0
D_0002084587,1,0.997838,1
D_0002084608,0,0.164849,0
D_0002085133,1,0.999980,1
D_0002085154,1,0.999997,1
D_0002085490,0,0.030633,0
D_0002085700,0,0.043897,0
D_0002085952,0,0.142715,0
D_0002085994,0,0.325038,0
D_0002086813,1,0.999595,1
D_0002087170,0,0.766347,1
D_0002087338,1,0.999704,1
D_0002087485,0,0.074496,0
D_0002087527,0,0.963985,1
D_0002087800,1,0.999485,1
D_0002087926,1,0.988417,1
D_0002088073,0,0.070043,0
D_0002088388,0,0.037509,0
D_0002088787,1,0.999479,1
D_0002089459,0,0.092520,0
D_0002090362,0,0.609597,0
D_0002090425,1,0.134315,0
D_0002090509,1,0.998284,1
D_0002090782,0,0.152783,0
D_0002090950,0,0.210889,0
D_0002090992,0,0.737765,1
D_0002091223,1,0.986696,1
D_0002091580,0,0.151388,0
D_0002091811,1,0.094124,0
D_0002092357,0,0.101288,0
D_0002092714,1,0.998891,1
D_0002092882,0,0.583291,0
D_0002093197,1,0.999122,1
D_0002093617,0,0.037710,0
D_0002093659,0,0.273927,0
D_0002093680,1,0.999845,1
D_0002094730,0,0.051116,0
D_0002094877,0,0.087778,0
D_0002095381,1,0.999925,1
D_0002095675,0,0.047214,0
D_0002095927,1,0.996846,1
D_0002096116,0,0.184637,0
D_0002096284,0,0.041361,0
D_0002096305,0,0.073682,0
D_0002096515,1,0.999964,1
D_0002096620,1,0.998543,1
D_0002097082,0,0.071138,0
D_0002097565,0,0.029960,0
D_0002097922,1,0.996995,1
D_0002098258,1,0.986077,1
D_0002098405,1,0.999997,1
D_0002098489,1,0.984915,1
D_0002098951,0,0.920574,1
D_0002099077,1,0.999805,1
D_0002099476,0,0.025356,0
D_0002099770,1,0.638405,0
D_0002099875,0,0.986933,1
D_0002099938,1,0.997605,1
D_0002100904,0,0.090415,0
D_0002101009,0,0.995515,1
D_0002101177,1,0.996678,1
D_0002101261,1,0.999856,1
D_0002101576,0,0.844304,1
D_0002101681,1,0.995065,1
D_0002102206,1,0.999324,1
D_0002102269,0,0.108209,0
D_0002102311,1,0.999752,1
D_0002102521,1,0.999307,1
D_0002102668,0,0.134283,0
D_0002103130,1,0.999246,1
D_0002103172,1,0.153895,0
D_0002103445,0,0.535917,0
D_0002103613,0,0.166375,0
D_0002103928,0,0.222717,0
D_0002104537,0,0.107456,0
D_0002104642,1,0.998672,1
D_0002104747,1,0.997264,1
D_0002104810,1,0.111923,0
D_0002105062,1,0.897473,1
D_0002105755,1,0.999990,1
D_0002105881,0,0.133444,0
D_0002106154,0,0.003003,0
D_0002106616,0,0.045633,0
D_0002107015,1,0.999617,1
D_0002107372,1,0.140322,0
D_0002107477,0,0.075666,0
D_0002107540,1,0.999639,1
D_0002107771,1,0.998819,1
D_0002108716,1,0.999979,1
D_0002109115,1,0.999750,1
D_0002109199,0,0.054778,0
D_0002109388,0,0.957724,1
D_0002109640,0,0.893643,1
D_0002110480,1,0.999051,1
D_0002111236,0,0.082815,0
D_0002111299,1,0.984727,1
D_0002112160,0,0.171194,0
D_0002112790,0,0.099458,0
D_0002113567,0,0.160589,0
D_0002113672,1,0.761800,1
D_0002113861,1,0.999995,1
D_0002114071,1,0.980749,1
D_0002114113,1,0.993909,1
D_0002114155,0,0.041140,0
D_0002114428,0,0.166945,0
D_0002114491,0,0.066527,0
D_0002114932,0,0.101635,0
D_0002115772,0,0.002605,0
D_0002115940,1,0.999860,1
D_0002116150,0,0.028693,0
D_0002116570,1,0.999979,1
D_0002116801,1,0.039929,0
D_0002117053,0,0.223238,0
D_0002117641,1,0.990536,1
D_0002117746,1,0.982282,1
D_0002118313,0,0.313501,0
D_0002119090,1,0.999939,1
D_0002119195,0,0.105669,0
D_0002119279,0,0.156106,0
D_0002119300,0,0.232827,0
D_0002119657,1,0.992829,1
D_0002119783,0,0.759835,1
D_0002120245,1,0.978576,1
D_0002120434,1,0.999583,1
D_0002120791,1,0.988646,1
D_0002121001,0,0.101279,0
D_0002121043,1,0.173571,0
D_0002121547,0,0.110588,0
D_0002121652,0,0.557027,0
D_0002121883,0,0.161068,0
D_0002121904,1,0.995278,1
D_0002121925,0,0.101691,0
D_0002121967,1,0.998029,1
D_0002122051,0,0.213332,0
D_0002122576,0,0.084653,0
D_0002122618,1,0.999241,1
D_0002122807,0,0.063021,0
D_0002123038,0,0.770729,1
D_0002123059,1,0.996515,1
D_0002123794,1,0.999962,1
D_0002123815,0,0.576050,0
D_0002123920,1,0.999283,1
D_0002123941,0,0.074793,0
D_0002124130,1,0.990603,1
D_0002124193,1,0.999849,1
D_0002124445,1,0.174557,0
D_0002124676,0,0.397016,0
D_0002124907,0,0.749671,1
D_0002126524,1,0.999308,1
D_0002126629,1,0.998998,1
D_0002127049,0,0.601187,0
D_0002127259,1,0.995950,1
D_0002127343,0,0.122045,0
D_0002127700,0,0.499985,0
D_0002127826,1,0.998533,1
D_0002127868,1,0.995032,1
D_0002127994,0,0.271963,0
D_0002128729,1,0.994661,1
D_0002128771,0,0.188834,0
D_0002128939,1,0.171029,0
D_0002129275,0,0.114363,0
D_0002129338,1,0.999277,1
D_0002129506,1,0.991620,1
D_0002129758,1,0.832828,1
D_0002129926,0,0.054338,0
D_0002130472,1,0.976313,1
D_0002130556,0,0.112915,0
D_0002130598,0,0.073540,0
D_0002130829,0,0.076844,0
D_0002130850,1,0.998549,1
D_0002130955,1,0.995351,1
D_0002131081,1,0.996696,1
D_0002131333,1,0.943003,1
D_0002131837,0,0.238616,0
D_0002132278,0,0.062737,0
D_0002132467,1,0.999369,1
D_0002132929,1,0.194452,0
D_0002132992,0,0.070134,0
D_0002133181,0,0.569605,0
D_0002133496,1,0.212928,0
D_0002134000,0,0.074862,0
D_0002134084,1,0.977039,1
D_0002134252,1,0.993063,1
D_0002134273,1,0.998847,1
D_0002134840,1,0.999877,1
D_0002134924,1,0.419396,0
D_0002135029,1,0.976922,1
D_0002135050,0,0.878073,1
D_0002135155,0,0.890811,1
D_0002135197,1,0.999943,1
D_0002135743,0,0.040635,0
D_0002135764,1,0.998233,1
D_0002136184,1,0.964310,1
D_0002136373,0,0.401082,0
D_0002137234,1,0.999919,1
D_0002137402,0,0.050421,0
D_0002137969,0,0.181006,0
D_0002138809,0,0.276018,0
D_0002139397,1,0.667165,0
D_0002139607,0,0.757806,1
D_0002139754,1,0.999503,1
D_0002140006,1,0.999729,1
D_0002140216,0,0.001278,0
D_0002140300,1,0.087566,0
D_0002140342,1,0.989964,1
D_0002140930,1,0.989251,1
D_0002141056,1,0.996056,1
D_0002141581,0,0.121760,0
D_0002141602,1,0.878046,1
D_0002142337,1,0.998516,1
D_0002142505,0,0.806746,1
D_0002142652,0,0.097215,0
D_0002142757,0,0.626365,0
D_0002143156,0,0.077829,0
D_0002143303,1,0.973324,1
D_0002143345,1,0.996905,1
D_0002143849,0,0.085217,0
D_0002144185,1,0.988919,1
D_0002144206,1,0.999642,1
D_0002144941,0,0.062221,0
D_0002144983,1,0.998848,1
D_0002145067,1,0.999542,1
D_0002145109,0,0.722001,1
D_0002145130,0,0.174013,0
D_0002145151,0,0.091993,0
D_0002146117,0,0.082113,0
D_0002146390,0,0.193596,0
D_0002146789,0,0.083988,0
D_0002146810,0,0.017645,0
D_0002146831,0,0.127386,0
D_0002146999,0,0.129318,0
D_0002147293,1,0.998540,1
D_0002147398,1,0.988500,1
D_0002148175,0,0.069800,0
D_0002148427,1,0.987350,1
D_0002148721,1,0.996917,1
D_0002149414,0,0.110130,0
D_0002149477,1,0.999959,1
D_0002149750,1,0.987716,1
D_0002150149,0,0.043353,0
D_0002150695,1,0.999965,1
D_0002150716,0,0.245224,0
D_0002150779,0,0.044218,0
D_0002151955,1,0.999549,1
D_0002152564,0,0.586437,0
D_0002152711,1,0.858693,1
D_0002152879,1,0.148644,0
D_0002153362,1,0.233612,0
D_0002153866,0,0.091427,0
D_0002154055,0,0.130163,0
D_0002154328,1,0.999353,1
D_0002154580,1,0.999278,1
D_0002154769,0,0.044912,0
D_0002154916,0,0.707117,1
D_0002154937,1,0.989338,1
D_0002155357,1,0.999048,1
D_0002156050,0,0.395244,0
D_0002156764,1,0.189440,0
D_0002156848,1,0.999652,1
D_0002157037,1,0.995611,1
D_0002157226,1,0.979442,1
D_0002157415,0,0.102874,0
D_0002157583,0,0.061020,0
D_0002157919,0,0.638247,0
D_0002157940,1,0.980014,1
D_0002158234,1,0.999462,1
D_0002158570,0,0.175598,0
D_0002158843,0,0.139083,0
D_0002159830,0,0.114222,0
D_0002160271,0,0.108570,0
D_0002161951,0,0.066624,0
D_0002162644,0,0.146791,0
D_0002163190,1,0.985703,1
D_0002163400,1,0.998547,1
D_0002163421,0,0.077250,0
D_0002163484,0,0.532022,0
D_0002163652,1,0.996570,1
D_0002164177,1,0.999143,1
D_0002164618,0,0.184320,0
D_0002165458,1,0.998940,1
D_0002165542,1,0.997592,1
D_0002165836,0,0.100211,0
D_0002166046,1,0.489848,0
D_0002166340,1,0.999163,1
D_0002166508,0,0.135764,0
D_0002166529,1,0.998053,1
D_0002166655,1,0.972303,1
D_0002166739,1,0.999810,1
D_0002167180,0,0.046159,0
D_0002167201,0,0.137427,0
D_0002168272,1,0.845809,1
D_0002169427,0,0.572289,0
D_0002169532,0,0.451378,0
D_0002169721,1,0.185505,0
D_0002169973,1,0.194166,0
D_0002170267,1,0.990377,1
D_0002170603,0,0.048653,0
D_0002170687,1,0.999262,1
D_0002170750,1,0.999740,1
D_0002170897,1,0.999753,1
D_0002171548,1,0.999460,1
D_0002172808,1,0.998343,1
D_0002172934,1,0.999843,1
D_0002174278,1,0.999810,1
D_0002175013,1,0.999721,1
D_0002175160,0,0.173041,0
D_0002175202,1,0.993757,1
D_0002175223,1,0.998362,1
D_0002175454,0,0.091770,0
D_0002175811,1,0.999362,1
D_0002175958,1,0.122959,0
D_0002176735,1,0.999225,1
D_0002176924,0,0.086338,0
D_0002177008,1,0.978381,1
D_0002177029,0,0.371457,0
D_0002177092,0,0.648624,0
D_0002177155,1,0.999215,1
D_0002177197,1,0.999433,1
D_0002177407,0,0.087606,0
D_0002177449,0,0.078142,0
D_0002177554,1,0.173252,0
D_0002177848,1,0.998793,1
D_0002177932,0,0.808413,1
D_0002178037,1,0.999818,1
D_0002178079,0,0.425579,0
D_0002178331,1,0.070363,0
D_0002178373,0,0.107981,0
D_0002178856,0,0.423373,0
D_0002179255,1,0.866732,1
D_0002179654,0,0.038871,0
D_0002179759,0,0.777095,1
D_0002180179,1,0.997952,1
D_0002180284,1,0.993303,1
D_0002180347,0,0.178690,0
D_0002180872,0,0.066261,0
D_0002181019,1,0.996908,1
D_0002181313,1,0.995378,1
D_0002182342,1,0.999566,1
D_0002182384,0,0.255234,0
D_0002182510,0,0.097654,0
D_0002182930,1,0.999755,1
D_0002183833,0,0.187520,0
D_0002184169,1,0.999900,1
D_0002185030,1,0.998742,1
D_0002185681,1,0.994345,1
D_0002185702,0,0.193400,0
D_0002185849,1,0.999551,1
D_0002186185,0,0.622067,0
D_0002186353,1,0.082923,0
D_0002186584,1,0.956140,1
D_0002186731,1,0.998960,1
D_0002187046,0,0.129944,0
D_0002188600,0,0.367133,0
D_0002188684,1,0.999860,1
D_0002188852,0,0.136815,0
D_0002188999,1,0.649363,0
D_0002189293,0,0.419758,0
D_0002189776,1,0.979418,1
D_0002189797,0,0.041656,0
D_0002189902,1,0.999925,1
D_0002190217,0,0.448822,0
D_0002190280,1,0.995607,1
D_0002190385,1,0.997212,1
D_0002190868,1,0.998475,1
D_0002190994,1,0.995116,1
D_0002191183,1,0.999958,1
D_0002191204,0,0.957666,1
D_0002191876,1,0.996099,1
D_0002191939,0,0.802512,1
D_0002191960,0,0.532383,0
D_0002192086,1,0.999841,1
D_0002192191,1,0.998954,1
D_0002192590,0,0.085583,0
D_0002193178,1,0.999552,1
D_0002193199,1,0.998829,1
D_0002193766,1,0.989498,1
D_0002193787,0,0.101465,0
D_0002194081,1,0.999527,1
D_0002194186,1,0.998860,1
D_0002194732,0,0.121687,0
D_0002194795,1,0.221747,0
D_0002194921,0,0.044412,0
D_0002195257,0,0.723597,1
D_0002195383,1,0.994578,1
D_0002195425,1,0.971401,1
D_0002195656,0,0.313614,0
D_0002196013,0,0.674672,1
D_0002196244,0,0.092901,0
D_0002196538,0,0.086612,0
D_0002197000,1,0.998919,1
D_0002197357,1,0.999131,1
D_0002197378,0,0.833830,1
D_0002197462,1,0.986949,1
D_0002197546,0,0.175031,0
D_0002197840,0,0.030733,0
D_0002198092,0,0.070890,0
D_0002198323,0,0.223551,0
D_0002198575,1,0.998801,1
D_0002198638,1,0.999570,1
D_0002199016,1,0.046576,0
D_0002199058,1,0.980022,1
D_0002199247,0,0.641023,0
D_0002199562,0,0.528095,0
D_0002199835,1,0.997489,1
D_0002199982,0,0.996218,1
D_0002200087,1,0.999594,1
D_0002200486,0,0.047596,0
D_0002200675,0,0.828671,1
D_0002200990,0,0.228608,0
D_0002201473,0,0.492145,0
D_0002201557,1,0.999404,1
D_0002201746,0,0.125415,0
D_0002201767,0,0.158628,0
D_0002202124,0,0.076180,0
D_0002202187,1,0.999656,1
D_0002202250,0,0.248105,0
D_0002202817,1,0.995035,1
D_0002203048,1,0.999922,1
D_0002204077,1,0.990846,1
D_0002204182,1,0.599372,0
D_0002204287,1,0.998785,1
D_0002204833,1,0.997757,1
D_0002204938,0,0.030595,0
D_0002205232,0,0.262277,0
D_0002205421,1,0.894975,1
D_0002206282,1,0.999936,1
D_0002206408,0,0.100723,0
D_0002206576,0,0.089913,0
D_0002206681,1,0.999990,1
D_0002207143,1,0.999847,1
D_0002207689,0,0.083456,0
D_0002207773,1,0.988291,1
D_0002209075,0,0.490736,0
D_0002209579,0,0.204250,0
D_0002209621,1,0.997708,1
D_0002210230,1,0.998150,1
D_0002210272,0,0.179899,0
D_0002211196,1,0.998572,1
D_0002211427,1,0.999035,1
D_0002211616,0,0.110336,0
D_0002211700,1,0.999862,1
D_0002212204,1,0.662357,0
D_0002212372,1,0.992434,1
D_0002213233,0,0.025100,0
D_0002213338,1,0.995632,1
D_0002213443,1,0.116350,0
D_0002213611,0,0.160813,0
D_0002214031,0,0.233432,0
D_0002214157,0,0.603102,0
D_0002214703,1,0.999790,1
D_0002215018,0,0.082371,0
D_0002215354,0,0.591274,0
D_0002215984,1,0.954629,1
D_0002216488,1,0.995938,1
D_0002216845,1,0.999906,1
D_0002217181,1,0.999647,1
D_0002217412,0,0.261179,0
D_0002217895,0,0.210266,0
D_0002218000,0,0.129517,0
D_0002218273,0,0.511650,0
D_0002218924,1,0.968198,1
D_0002219071,1,0.998167,1
D_0002219113,1,0.999479,1
D_0002219176,1,0.999560,1
D_0002220121,1,0.846663,1
D_0002220289,0,0.250585,0
D_0002220394,1,0.999981,1
D_0002220646,0,0.131611,0
D_0002220751,0,0.967071,1
D_0002221549,1,0.055269,0
D_0002222431,0,0.224632,0
D_0002222473,0,0.028778,0
D_0002223565,1,0.155197,0
D_0002224006,0,0.115107,0
D_0002224216,0,0.089150,0
D_0002224783,1,0.972593,1
D_0002225518,1,0.980942,1
D_0002225875,1,0.998797,1
D_0002225959,1,0.999839,1
D_0002226085,1,0.993073,1
D_0002226337,1,0.999982,1
D_0002226400,0,0.264795,0
D_0002226547,0,0.155591,0
D_0002227030,0,0.183042,0
D_0002227093,0,0.077145,0
D_0002227240,1,0.998755,1
D_0002227345,1,0.158866,0
D_0002227471,0,0.710293,1
D_0002227639,0,0.179374,0
D_0002228080,0,0.177053,0
D_0002228164,1,0.999529,1
D_0002228563,0,0.125010,0
D_0002228626,0,0.162364,0
D_0002228962,0,0.037587,0
D_0002229088,1,0.978901,1
D_0002229109,1,0.999725,1
D_0002229424,1,0.999975,1
D_0002230117,1,0.989800,1
D_0002230159,1,0.997470,1
D_0002230495,1,0.915537,1
D_0002230810,1,0.806371,1
D_0002230852,1,0.999959,1
D_0002230894,1,0.990669,1
D_0002230957,0,0.072993,0
D_0002231230,1,0.993271,1
D_0002231650,1,0.963790,1
D_0002231776,0,0.144299,0
D_0002232574,0,0.586567,0
D_0002233393,0,0.988363,1
D_0002233624,0,0.049364,0
D_0002233855,0,0.082751,0
D_0002234023,1,0.999197,1
D_0002234191,0,0.332181,0
D_0002234275,0,0.955563,1
D_0002234527,1,0.999623,1
D_0002234695,1,0.986205,1
D_0002234926,1,0.999316,1
D_0002235010,0,0.477634,0
D_0002235094,0,0.086200,0
D_0002235367,0,0.101648,0
D_0002235430,1,0.975339,1
D_0002236060,1,0.995323,1
D_0002236900,1,0.998775,1
D_0002237173,1,0.999923,1
D_0002237257,1,0.992102,1
D_0002237488,1,0.897079,1
D_0002238223,0,0.073792,0
D_0002238391,1,0.999899,1
D_0002238412,0,0.944777,1
D_0002238580,1,0.999215,1
D_0002238853,0,0.054769,0
D_0002239042,0,0.173860,0
D_0002239105,1,0.999888,1
D_0002239735,0,0.112084,0
D_0002240218,1,0.999324,1
D_0002241205,0,0.162296,0
D_0002241310,1,0.079043,0
D_0002242171,0,0.049536,0
D_0002242297,1,0.999713,1
D_0002242318,1,0.667767,0
D_0002242402,1,0.998681,1
D_0002242717,0,0.079467,0
D_0002242885,1,0.983216,1
D_0002243473,1,0.957786,1
D_0002244040,0,0.062994,0
D_0002244082,1,0.998791,1
D_0002244922,1,0.971552,1
D_0002245048,0,0.092712,0
D_0002245321,0,0.470364,0
D_0002245405,0,0.086375,0
D_0002245615,0,0.077919,0
D_0002246119,0,0.136749,0
D_0002246560,1,0.992807,1
D_0002246770,1,0.999233,1
D_0002247169,1,0.999954,1
D_0002247253,1,0.999125,1
D_0002247631,0,0.131239,0
D_0002248303,1,0.985990,1
D_0002248702,0,0.321578,0
D_0002248723,1,0.999054,1
D_0002249164,1,0.934628,1
D_0002249395,0,0.145686,0
D_0002249647,0,0.115567,0
D_0002249878,1,0.150686,0
D_0002250424,1,0.999100,1
D_0002250718,0,0.088262,0
D_0002251012,0,0.117319,0
D_0002251642,1,0.999953,1
D_0002252083,0,0.103168,0
D_0002252125,0,0.871596,1
D_0002252230,0,0.371212,0
D_0002253007,1,0.999606,1
D_0002253028,0,0.063180,0
D_0002253154,1,0.999598,1
D_0002253196,1,0.993429,1
D_0002253721,1,0.913839,1
D_0002253952,1,0.999822,1
D_0002254582,1,0.998213,1
D_0002254834,0,0.078696,0
D_0002254855,0,0.451814,0
D_0002255065,0,0.026372,0
D_0002255107,0,0.252166,0
D_0002255338,1,0.999991,1
D_0002255716,1,0.986765,1
D_0002255821,0,0.170897,0
D_0002256073,0,0.072839,0
D_0002256304,1,0.999673,1
D_0002256556,1,0.800930,1
D_0002256619,1,0.957145,1
D_0002256724,1,0.999834,1
D_0002256892,0,0.585107,0
D_0002257396,0,0.040128,0
D_0002257459,0,0.489925,0
D_0002257690,1,0.991841,1
D_0002258005,1,0.971133,1
D_0002258026,1,0.998678,1
D_0002258068,0,0.254754,0
D_0002258278,1,0.995801,1
D_0002258488,1,0.938673,1
D_0002258635,1,0.994258,1
D_0002259223,1,0.999285,1
D_0002259307,1,0.995390,1
D_0002259412,1,0.972370,1
D_0002259664,1,0.989513,1
D_0002260147,1,0.997274,1
D_0002260252,1,0.997965,1
D_0002260420,1,0.998758,1
D_0002260714,1,0.992995,1
D_0002260735,1,0.996878,1
D_0002261092,1,0.998209,1
D_0002261449,0,0.079683,0
D_0002261491,0,0.109037,0
D_0002261617,0,0.096746,0
D_0002261953,1,0.992154,1
D_0002261974,1,0.999530,1
D_0002262058,0,0.036828,0
D_0002262268,0,0.356268,0
D_0002262310,0,0.076437,0
D_0002262436,1,0.997295,1
D_0002262457,0,0.048919,0
D_0002262751,0,0.188866,0
D_0002263465,1,0.999966,1
D_0002263654,1,0.999913,1
D_0002263759,0,0.125283,0
D_0002263801,0,0.077213,0
D_0002263885,1,0.985217,1
D_0002264179,1,0.998441,1
D_0002264830,0,0.140894,0
D_0002265103,1,0.943271,1
D_0002265208,0,0.090653,0
D_0002265292,1,0.997328,1
D_0002265691,1,0.996599,1
D_0002266279,0,0.063547,0
D_0002267266,0,0.111451,0
D_0002267497,0,0.073678,0
D_0002267518,0,0.359337,0
D_0002267686,1,0.727482,1
D_0002268043,1,0.973321,1
D_0002268106,0,0.054850,0
D_0002268484,0,0.499141,0
D_0002268841,0,0.094867,0
D_0002269240,1,0.993943,1
D_0002269408,0,0.844441,1
D_0002269660,1,0.999515,1
D_0002271130,1,0.986938,1
D_0002271151,1,0.998331,1
D_0002271340,0,0.958355,1
D_0002271445,0,0.128551,0
D_0002271571,0,0.063723,0
D_0002271802,0,0.075821,0
D_0002271991,1,0.997244,1
D_0002272264,0,0.078190,0
D_0002272810,0,0.146451,0
D_0002272999,1,0.999437,1
D_0002273713,0,0.298768,0
D_0002273755,0,0.228976,0
D_0002273881,1,0.999721,1
D_0002273965,1,0.996796,1
D_0002274154,0,0.185051,0
D_0002274763,0,0.068930,0
D_0002275288,0,0.940630,1
D_0002275603,1,0.999662,1
D_0002275729,1,0.999585,1
D_0002276212,0,0.154263,0
D_0002276800,1,0.999486,1
D_0002277115,0,0.066791,0
D_0002277157,0,0.360573,0
D_0002277682,1,0.999742,1
D_0002277724,0,0.074264,0
D_0002278081,0,0.061183,0
D_0002278207,1,0.195014,0
D_0002278333,0,0.148112,0
D_0002278417,1,0.997588,1
D_0002278438,0,0.143574,0
D_0002278585,0,0.305512,0
D_0002278900,1,0.997441,1
D_0002279530,1,0.999936,1
D_0002279593,1,0.183801,0
D_0002279614,0,0.154495,0
D_0002279992,1,0.942131,1
D_0002280055,1,0.999766,1
D_0002280286,0,0.823734,1
D_0002280433,0,0.544452,0
D_0002280685,1,0.999397,1
D_0002280853,1,0.998481,1
D_0002280874,1,0.999126,1
D_0002280937,1,0.989028,1
D_0002281147,0,0.192061,0
D_0002281588,1,0.113443,0
D_0002281630,1,0.136692,0
D_0002281966,1,0.999916,1
D_0002282596,0,0.556488,0
D_0002282890,0,0.106477,0
D_0002283121,1,0.999557,1
D_0002283226,1,0.998377,1
D_0002283709,0,0.008793,0
D_0002284045,0,0.062610,0
D_0002284066,1,0.299825,0
D_0002284507,0,0.092651,0
D_0002284528,0,0.085254,0
D_0002284738,1,0.995858,1
D_0002284864,1,0.999904,1
D_0002284885,1,0.968979,1
D_0002285011,1,0.999550,1
D_0002285074,0,0.072399,0
D_0002285116,0,0.108344,0
D_0002285179,1,0.999902,1
D_0002285305,0,0.183802,0
D_0002285704,0,0.884192,1
D_0002285872,1,0.983530,1
D_0002286061,0,0.218245,0
D_0002286250,1,0.997760,1
D_0002286586,1,0.480762,0
D_0002287195,0,0.379044,0
D_0002287720,1,0.955223,1
D_0002287867,0,0.684618,1
D_0002288077,1,0.998876,1
D_0002288119,1,0.991760,1
D_0002288140,1,0.999923,1
D_0002289106,0,0.082870,0
D_0002289526,0,0.037710,0
D_0002289610,0,0.064723,0
D_0002290072,1,0.992838,1
D_0002290219,1,0.993297,1
D_0002290324,0,0.079822,0
D_0002290702,1,0.983142,1
D_0002291122,1,0.092559,0
D_0002291332,1,0.135127,0
D_0002291437,0,0.250005,0
D_0002291710,0,0.089837,0
D_0002291899,1,0.997203,1
D_0002292340,1,0.172217,0
D_0002292424,0,0.315504,0
D_0002292466,0,0.121277,0
D_0002292655,0,0.196597,0
D_0002293138,0,0.326479,0
D_0002293306,0,0.036222,0
D_0002293474,1,0.998330,1
D_0002293747,1,0.999705,1
D_0002294230,1,0.999590,1
D_0002294608,0,0.072753,0
D_0002295091,0,0.101700,0
D_0002295112,0,0.196818,0
D_0002295154,1,0.997528,1
D_0002295553,1,0.996752,1
D_0002295595,1,0.996573,1
D_0002295700,1,0.999841,1
D_0002295721,0,0.166266,0
D_0002295910,1,0.999415,1
D_0002296120,1,0.953275,1
D_0002296309,0,0.156242,0
D_0002296477,1,0.994645,1
D_0002296729,1,0.994310,1
D_0002296813,0,0.123348,0
D_0002297485,1,0.997805,1
D_0002297989,1,0.998985,1
D_0002298451,1,0.177920,0
D_0002298535,1,0.117827,0
D_0002298640,1,0.995366,1
D_0002298661,1,0.045523,0
D_0002298787,1,0.160182,0
D_0002299144,0,0.153959,0
D_0002299480,0,0.933366,1
D_0002299564,1,0.999862,1
D_0002299606,0,0.060253,0
D_0002299753,0,0.123069,0
D_0002299858,0,0.171648,0
D_0002300068,0,0.068383,0
D_0002300299,1,0.999609,1
D_0002300887,1,0.999714,1
D_0002301496,0,0.121971,0
D_0002301685,0,0.173979,0
D_0002302042,1,0.999989,1
D_0002302945,0,0.512960,0
D_0002303743,1,0.999914,1
D_0002303764,0,0.126315,0
D_0002303932,0,0.049213,0
D_0002303974,1,0.998887,1
D_0002304310,0,0.722240,1
D_0002304520,1,0.323653,0
D_0002304625,1,0.998227,1
D_0002304940,1,0.702754,1
D_0002305360,1,0.990616,1
D_0002306704,0,0.227057,0
D_0002307103,1,0.999592,1
D_0002307691,1,0.999954,1
D_0002307943,1,0.998951,1
D_0002308153,1,0.999638,1
D_0002308300,1,0.990088,1
D_0002308762,1,0.999526,1
D_0002309056,1,0.976749,1
D_0002309413,0,0.008020,0
D_0002310064,1,0.999916,1
D_0002310484,0,0.108676,0
D_0002311513,0,0.132593,0
D_0002311660,1,0.991796,1
D_0002311786,1,0.997664,1
D_0002311996,0,0.194738,0
D_0002312059,1,0.999313,1
D_0002312416,1,0.092034,0
D_0002312542,0,0.149604,0
D_0002312563,1,0.993549,1
D_0002312668,1,0.131921,0
D_0002312983,1,0.806425,1
D_0002313403,1,0.983104,1
D_0002313487,1,0.140362,0
D_0002313865,1,0.116969,0
D_0002313886,0,0.099383,0
D_0002314033,1,0.986196,1
D_0002314306,0,0.054869,0
D_0002315083,1,0.997107,1
D_0002315125,0,0.095077,0
D_0002315272,1,0.999961,1
D_0002315461,0,0.230779,0
D_0002315566,1,0.999913,1
D_0002315608,1,0.996270,1
D_0002315629,1,0.999863,1
D_0002316196,0,0.044516,0
D_0002316364,1,0.118760,0
D_0002316511,1,0.999929,1
D_0002316637,0,0.474400,0
D_0002317036,0,0.926617,1
D_0002317078,0,0.135882,0
D_0002317372,0,0.215817,0
D_0002317687,1,0.999533,1
D_0002317813,1,0.769450,1
D_0002317876,0,0.114047,0
D_0002318170,1,0.999511,1
D_0002318212,1,0.999646,1
D_0002318317,1,0.767305,1
D_0002318632,0,0.649791,0
D_0002319157,1,0.999376,1
D_0002319493,0,0.251297,0
D_0002319892,1,0.999867,1
D_0002320018,1,0.999938,1
D_0002320354,1,0.999939,1
D_0002320522,0,0.152764,0
D_0002320732,0,0.159339,0
D_0002321740,1,0.233904,0
D_0002321971,1,0.146298,0
D_0002322097,1,0.999991,1
D_0002322559,1,0.999538,1
D_0002322790,0,0.023404,0
D_0002322937,1,0.991503,1
D_0002323084,1,0.999878,1
D_0002323147,1,0.987147,1
D_0002323567,0,0.061461,0
D_0002323840,1,0.995141,1
D_0002324008,0,0.046580,0
D_0002324092,1,0.997785,1
D_0002324239,0,0.445099,0
D_0002324512,1,0.998669,1
D_0002324617,0,0.177848,0
D_0002324869,0,0.829181,1
D_0002324890,1,0.999688,1
D_0002324974,1,0.995388,1
D_0002325205,1,0.988821,1
D_0002325604,0,0.186029,0
D_0002325625,1,0.999265,1
D_0002326108,1,0.999493,1
D_0002326150,0,0.176251,0
D_0002326591,0,0.112922,0
D_0002326885,1,0.999703,1
D_0002326948,1,0.998918,1
D_0002327872,1,0.999166,1
D_0002329027,1,0.098834,0
D_0002330476,0,0.219470,0
D_0002330791,1,0.999545,1
D_0002330812,0,0.076264,0
D_0002330854,0,0.112002,0
D_0002331463,0,0.374871,0
D_0002331757,0,0.328856,0
D_0002332219,0,0.078222,0
D_0002332513,1,0.988232,1
D_0002333626,1,0.986341,1
D_0002333857,0,0.202525,0
D_0002333962,0,0.807230,1
D_0002334928,1,0.999052,1
D_0002334991,0,0.262449,0
D_0002335201,1,0.995414,1
D_0002335621,1,0.978507,1
D_0002335684,0,0.761576,1
D_0002335747,1,0.967545,1
D_0002336608,0,0.162233,0
D_0002336839,0,0.917267,1
D_0002337175,1,0.999952,1
D_0002337280,1,0.129492,0
D_0002337385,1,0.996426,1
D_0002337469,1,0.997709,1
D_0002337679,1,0.995700,1
D_0002337868,0,0.073867,0
D_0002338246,1,0.980602,1
D_0002338582,0,0.937205,1
D_0002339107,0,0.110401,0
D_0002339233,1,0.999743,1
D_0002339254,0,0.159375,0
D_0002340661,0,0.158582,0
D_0002340682,0,0.551296,0
D_0002340808,1,0.995505,1
D_0002340850,1,0.999349,1
D_0002340913,1,0.999530,1
D_0002340976,0,0.063131,0
D_0002341501,1,0.999909,1
D_0002341669,1,0.998384,1
D_0002342530,0,0.224722,0
D_0002342761,1,0.998047,1
D_0002343181,0,0.073315,0
D_0002343202,1,0.999048,1
D_0002343538,1,0.999750,1
D_0002343685,1,0.959137,1
D_0002343706,1,0.994544,1
D_0002344126,0,0.086549,0
D_0002344756,1,0.994779,1
D_0002345218,0,0.234727,0
D_0002345806,0,0.077971,0
D_0002346709,0,0.453217,0
D_0002347003,0,0.127376,0
D_0002347297,1,0.562662,0
D_0002347339,0,0.128131,0
D_0002348515,0,0.026321,0
D_0002348746,1,0.999863,1
D_0002348767,1,0.131064,0
D_0002349145,1,0.999939,1
D_0002349292,0,0.500747,0
D_0002349691,1,0.988804,1
D_0002349943,0,0.597360,0
D_0002350090,0,0.213715,0
D_0002350258,0,0.120313,0
D_0002350300,1,0.994991,1
D_0002350552,1,0.996640,1
D_0002350699,1,0.972765,1
D_0002350720,0,0.194926,0
D_0002350888,1,0.999921,1
D_0002351266,0,0.899617,1
D_0002351308,0,0.992557,1
D_0002351791,1,0.989240,1
D_0002351812,1,0.999980,1
D_0002351896,1,0.992122,1
D_0002352589,0,0.055625,0
D_0002352610,1,0.978405,1
D_0002353051,0,0.098066,0
D_0002353345,1,0.996168,1
D_0002353408,1,0.951373,1
D_0002353534,0,0.087191,0
D_0002354080,1,0.998474,1
D_0002354647,1,0.740152,1
D_0002354836,1,0.947628,1
D_0002354899,0,0.079355,0
D_0002355004,0,0.859402,1
D_0002355739,0,0.086916,0
D_0002356579,1,0.940151,1
D_0002356726,1,0.997791,1
D_0002356768,0,0.713058,1
D_0002356894,1,0.995109,1
D_0002357041,1,0.999916,1
D_0002357125,0,0.066453,0
D_0002357881,0,0.090668,0
D_0002358343,0,0.047281,0
D_0002358595,0,0.985574,1
D_0002358658,0,0.033946,0
D_0002358805,1,0.999420,1
D_0002358826,1,0.991175,1
D_0002359204,0,0.602018,0
D_0002360317,1,0.999757,1
D_0002360401,0,0.661554,0
D_0002360569,0,0.074334,0
D_0002360632,1,0.999328,1
D_0002361115,0,0.082605,0
D_0002362207,0,0.192682,0
D_0002362396,0,0.092435,0
D_0002362627,0,0.113570,0
D_0002363341,1,0.996925,1
D_0002363614,1,0.478223,0
D_0002363950,0,0.166102,0
D_0002364139,0,0.305552,0
D_0002364349,0,0.066493,0
D_0002364664,0,0.132465,0
D_0002364895,1,0.082333,0
D_0002365105,1,0.989450,1
D_0002365168,0,0.105163,0
D_0002365189,1,0.999960,1
D_0002365315,0,0.089175,0
D_0002365651,1,0.998611,1
D_0002366218,1,0.999969,1
D_0002366974,0,0.128222,0
D_0002367058,1,0.922956,1
D_0002367142,0,0.043097,0
D_0002368066,0,0.110206,0
D_0002368486,1,0.985309,1
D_0002368843,1,0.183470,0
D_0002369221,1,0.999986,1
D_0002369305,1,0.602493,0
D_0002369578,1,0.999391,1
D_0002369977,1,0.630220,0
D_0002370313,1,0.999090,1
D_0002370481,1,0.921682,1
D_0002370670,1,0.997515,1
D_0002370733,1,0.990633,1
D_0002370985,0,0.130027,0
D_0002371258,0,0.233313,0
D_0002371657,0,0.135702,0
D_0002371762,1,0.998773,1
D_0002372161,1,0.229140,0
D_0002372518,1,0.999456,1
D_0002372749,0,0.298953,0
D_0002373694,1,0.998816,1
D_0002373841,1,0.998122,1
D_0002374093,0,0.320896,0
D_0002374135,1,0.939579,1
D_0002374912,1,0.999505,1
D_0002374975,0,0.062553,0
D_0002375164,0,0.085544,0
D_0002376088,1,0.987643,1
D_0002376466,1,0.991491,1
D_0002376949,1,0.999996,1
D_0002377222,1,0.999895,1
D_0002377747,0,0.049466,0
D_0002377957,0,0.207265,0
D_0002377978,0,0.198726,0
D_0002378125,1,0.999741,1
D_0002378524,1,0.999878,1
D_0002378671,1,0.985688,1
D_0002379049,1,0.996672,1
D_0002379175,0,0.173882,0
D_0002379322,1,0.995522,1
D_0002380015,0,0.701365,1
D_0002380183,1,0.986664,1
D_0002380771,1,0.999686,1
D_0002381044,0,0.343004,0
D_0002381632,1,0.987183,1
D_0002381674,0,0.814728,1
D_0002382094,1,0.999533,1
D_0002382262,1,0.999248,1
D_0002383270,0,0.140282,0
D_0002383417,0,0.125324,0
D_0002383963,0,0.189390,0
D_0002384152,0,0.131978,0
D_0002384803,1,0.990648,1
D_0002385160,0,0.094073,0
D_0002386231,1,0.967697,1
D_0002386819,1,0.999362,1
D_0002387008,0,0.057149,0
D_0002387134,1,0.997961,1
D_0002387932,1,0.987232,1
D_0002389297,1,0.999880,1
D_0002389885,1,0.999449,1
D_0002389927,1,0.999611,1
D_0002390053,0,0.300476,0
D_0002390410,0,0.037953,0
D_0002390431,1,0.252334,0
D_0002390578,1,0.991160,1
D_0002390704,0,0.057774,0
D_0002390893,1,0.991256,1
D_0002391544,0,0.204115,0
D_0002391607,0,0.238372,0
D_0002392363,1,0.998932,1
D_0002392615,1,0.938229,1
D_0002392762,1,0.839432,1
D_0002393203,0,0.169166,0
D_0002393791,0,0.150698,0
D_0002394043,0,0.944321,1
D_0002394274,1,0.998632,1
D_0002394337,0,0.254778,0
D_0002394463,0,0.118836,0
D_0002394652,0,0.067319,0
D_0002394946,0,0.052234,0
D_0002395723,1,0.827439,1
D_0002395765,1,0.999825,1
D_0002396164,0,0.205175,0
D_0002396941,1,0.994553,1
D_0002397298,1,0.167723,0
D_0002397361,0,0.125835,0
D_0002397655,1,0.997641,1
D_0002397865,1,0.987408,1
D_0002398117,1,0.998600,1
D_0002398222,1,0.996665,1
D_0002398243,1,0.999907,1
D_0002398285,1,0.998133,1
D_0002398390,0,0.727159,1
D_0002398495,1,0.992978,1
D_0002398810,1,0.999307,1
D_0002398957,1,0.953820,1
D_0002399965,1,0.999770,1
D_0002400805,1,0.998248,1
D_0002400889,0,0.090679,0
D_0002401141,0,0.137431,0
D_0002401162,0,0.049783,0
D_0002401519,0,0.194399,0
D_0002401897,1,0.998042,1
D_0002401918,0,0.087954,0
D_0002402023,0,0.597530,0
D_0002402275,1,0.999844,1
D_0002402506,1,0.985798,1
D_0002403661,0,0.050040,0
D_0002403808,0,0.677946,1
D_0002403934,0,0.145433,0
D_0002404291,1,0.999735,1
D_0002404459,1,0.997032,1
D_0002404858,1,0.999069,1
D_0002405110,1,0.088472,0
D_0002405194,1,0.999818,1
D_0002405236,0,0.051121,0
D_0002405467,1,0.997960,1
D_0002405761,0,0.116815,0
D_0002405824,1,0.994292,1
D_0002406118,1,0.992832,1
D_0002406181,1,0.999916,1
D_0002406223,1,0.999454,1
D_0002406412,1,0.999939,1
D_0002406517,1,0.184452,0
D_0002406622,1,0.999429,1
D_0002406643,1,0.999052,1
D_0002406958,0,0.100733,0
D_0002407315,0,0.018740,0
D_0002407546,0,0.163018,0
D_0002407819,1,0.999535,1
D_0002407861,0,0.095546,0
D_0002407966,0,0.153552,0
D_0002409016,0,0.994445,1
D_0002409142,0,0.208082,0
D_0002409226,0,0.235340,0
D_0002409289,0,0.060254,0
D_0002409982,1,0.999274,1
D_0002410150,1,0.986935,1
D_0002410318,0,0.083908,0
D_0002410696,0,0.113209,0
D_0002411326,0,0.379190,0
D_0002411368,0,0.270965,0
D_0002411578,0,0.094640,0
D_0002411620,0,0.071093,0
D_0002411767,0,0.159599,0
D_0002412418,0,0.269656,0
D_0002413216,1,0.998887,1
D_0002413321,1,0.167602,0
D_0002413531,0,0.200560,0
D_0002413636,0,0.520818,0
D_0002413678,1,0.999945,1
D_0002413867,1,0.989676,1
D_0002414014,1,0.246627,0
D_0002414896,1,0.997372,1
D_0002414980,1,0.960558,1
D_0002415925,1,0.999303,1
D_0002415946,1,0.989526,1
D_0002416177,1,0.979637,1
D_0002416702,1,0.998991,1
D_0002417563,0,0.076982,0
D_0002417626,1,0.987599,1
D_0002417731,0,0.965324,1
D_0002417815,1,0.999811,1
D_0002417941,0,0.295497,0
D_0002418004,1,0.989559,1
D_0002418340,0,0.197393,0
D_0002418739,1,0.999714,1
D_0002418991,0,0.722286,1
D_0002419054,0,0.200937,0
D_0002419138,0,0.149347,0
D_0002419285,1,0.999424,1
D_0002419390,0,0.049924,0
D_0002420062,1,0.974149,1
D_0002422288,0,0.081711,0
D_0002422330,0,0.992834,1
D_0002422897,1,0.998627,1
D_0002423128,0,0.088876,0
D_0002423212,1,0.121026,0
D_0002423590,0,0.929920,1
D_0002423611,0,0.113072,0
D_0002423653,1,0.453819,0
D_0002423821,1,0.997339,1
D_0002423947,0,0.251547,0
D_0002424283,1,0.999798,1
D_0002424388,1,0.995727,1
D_0002424766,1,0.178047,0
D_0002424892,1,0.951753,1
D_0002424913,1,0.984069,1
D_0002425207,0,0.111709,0
D_0002425375,0,0.083097,0
D_0002425711,0,0.627307,0
D_0002426089,1,0.999982,1
D_0002426320,0,0.062270,0
D_0002426761,1,0.996774,1
D_0002427307,1,0.999871,1
D_0002427580,1,0.993992,1
D_0002427853,1,0.999430,1
D_0002428021,1,0.067844,0
D_0002428252,0,0.053335,0
D_0002428861,0,0.118519,0
D_0002429092,1,0.988550,1
D_0002429260,1,0.983741,1
D_0002429617,1,0.987625,1
D_0002429785,1,0.982623,1
D_0002429869,0,0.073341,0
D_0002430436,1,0.115654,0
D_0002430730,1,0.998025,1
D_0002430751,1,0.997146,1
D_0002431423,1,0.974357,1
D_0002431486,1,0.175430,0
D_0002431843,1,0.861778,1
D_0002432431,1,0.994001,1
D_0002432515,0,0.124803,0
D_0002433397,0,0.219660,0
D_0002433754,0,0.213552,0
D_0002433775,1,0.997857,1
D_0002433817,0,0.238403,0
D_0002433901,1,0.603543,0
D_0002433964,1,0.998523,1
D_0002434867,1,0.282717,0
D_0002435623,1,0.998221,1
D_0002435959,1,0.064641,0
D_0002436064,0,0.176255,0
D_0002436463,1,0.999854,1
D_0002436715,0,0.049729,0
D_0002437030,0,0.058578,0
D_0002437093,1,0.999280,1
D_0002437345,0,0.093163,0
D_0002437597,0,0.173957,0
D_0002437723,1,0.998880,1
D_0002437870,0,0.660030,0
D_0002437975,1,0.215980,0
D_0002438080,1,0.160320,0
D_0002438164,1,0.999533,1
D_0002438395,0,0.028696,0
D_0002438416,0,0.082514,0
D_0002438836,0,0.176305,0
D_0002438878,1,0.998082,1
D_0002439193,1,0.999956,1
D_0002439424,1,0.135046,0
D_0002439802,1,0.999768,1
D_0002439823,1,0.999453,1
D_0002440159,1,0.982574,1
D_0002440663,0,0.047811,0
D_0002440789,1,0.052734,0
D_0002440852,1,0.999500,1
D_0002441104,1,0.999937,1
D_0002441167,1,0.995940,1
D_0002441251,1,0.999549,1
D_0002441587,1,0.999908,1
D_0002441671,0,0.132604,0
D_0002442469,0,0.168727,0
D_0002442700,0,0.425611,0
D_0002442868,0,0.040258,0
D_0002443162,1,0.997358,1
D_0002443771,1,0.999386,1
D_0002443834,0,0.057836,0
D_0002443876,0,0.082596,0
D_0002444002,1,0.999633,1
D_0002444506,1,0.088845,0
D_0002444590,0,0.208702,0
D_0002445094,0,0.161747,0
D_0002445430,0,0.078478,0
D_0002446207,1,0.150244,0
D_0002446438,0,0.430940,0
D_0002446606,1,0.991710,1
D_0002447068,1,0.999021,1
D_0002447698,0,0.180568,0
D_0002448181,1,0.999983,1
D_0002448244,1,0.156326,0
D_0002448853,1,0.997755,1
D_0002449315,0,0.406405,0
D_0002449651,0,0.239259,0
D_0002449882,0,0.073137,0
D_0002450239,1,0.996796,1
D_0002450743,1,0.991952,1
D_0002451226,0,0.835409,1
D_0002451247,1,0.980266,1
D_0002451961,0,0.072208,0
D_0002452108,1,0.999432,1
D_0002452192,1,0.970543,1
D_0002452822,1,0.979758,1
D_0002453116,1,0.999929,1
D_0002453620,1,0.994222,1
D_0002453662,1,0.998788,1
D_0002453788,1,0.997739,1
D_0002453830,1,0.999394,1
D_0002453893,1,0.999651,1
D_0002453977,0,0.090895,0
D_0002454586,0,0.059876,0
D_0002454649,1,0.999963,1
D_0002454733,1,0.149865,0
D_0002455258,0,0.039030,0
D_0002455321,0,0.285606,0
D_0002455405,0,0.084164,0
D_0002455426,0,0.243129,0
D_0002456119,1,0.997867,1
D_0002456497,0,0.074700,0
D_0002456749,1,0.999737,1
D_0002456875,0,0.713352,1
D_0002457673,1,0.140459,0
D_0002458114,0,0.085785,0
D_0002458471,0,0.169273,0
D_0002458618,1,0.996972,1
D_0002458828,1,0.996431,1
D_0002459122,1,0.998759,1
D_0002459311,0,0.112370,0
D_0002460151,0,0.119889,0
D_0002460235,1,0.999792,1
D_0002460844,0,0.063436,0
D_0002460991,0,0.047484,0
D_0002461327,0,0.132339,0
D_0002461495,1,0.044887,0
D_0002461663,0,0.294568,0
D_0002462272,1,0.733871,1
D_0002462293,1,0.108383,0
D_0002463637,0,0.053691,0
D_0002463889,1,0.999082,1
D_0002463931,1,0.999646,1
D_0002464267,0,0.074442,0
D_0002464351,1,0.630941,0
D_0002464540,1,0.832138,1
D_0002464582,0,0.063178,0
D_0002464708,1,0.119367,0
D_0002464729,1,0.998592,1
D_0002465674,1,0.072735,0
D_0002465758,1,0.997929,1
D_0002465779,1,0.999402,1
D_0002465800,0,0.141469,0
D_0002465947,1,0.996927,1
D_0002466283,0,0.123578,0
D_0002466325,1,0.999820,1
D_0002466388,1,0.999643,1
D_0002466514,1,0.100423,0
D_0002466535,1,0.999251,1
D_0002466556,1,0.997356,1
D_0002466598,1,0.996099,1
D_0002466808,1,0.949933,1
D_0002466892,0,0.311313,0
D_0002466934,0,0.093047,0
D_0002467060,1,0.999618,1
D_0002467396,0,0.313689,0
D_0002467795,1,0.051854,0
D_0002468005,1,0.074050,0
D_0002468173,0,0.116642,0
D_0002468551,1,0.994518,1
D_0002468614,1,0.999709,1
D_0002468887,0,0.156560,0
D_0002469475,0,0.059318,0
D_0002469496,0,0.496313,0
D_0002469958,0,0.635288,0
D_0002470042,0,0.056208,0
D_0002470672,1,0.995632,1
D_0002471155,1,0.983183,1
D_0002471365,1,0.202692,0
D_0002471869,0,0.099019,0
D_0002472121,0,0.095316,0
D_0002472625,0,0.065755,0
D_0002473087,1,0.084676,0
D_0002473675,1,0.999919,1
D_0002473759,0,0.983344,1
D_0002473801,0,0.065931,0
D_0002474494,1,0.948535,1
D_0002474914,1,0.995424,1
D_0002475124,1,0.999795,1
D_0002475733,0,0.123729,0
D_0002476153,0,0.093912,0
D_0002476237,0,0.040457,0
D_0002476762,0,0.067448,0
D_0002477224,0,0.219918,0
D_0002477308,1,0.996869,1
D_0002477497,1,0.990272,1
D_0002477623,1,0.996452,1
D_0002477791,1,0.998836,1
D_0002478022,1,0.998266,1
D_0002479198,0,0.964832,1
D_0002479324,0,0.186015,0
D_0002479618,0,0.071241,0
D_0002479849,0,0.159099,0
D_0002480206,1,0.999758,1
D_0002480290,1,0.999787,1
D_0002480920,0,0.059864,0
D_0002481130,1,0.998527,1
D_0002481592,1,0.999463,1
D_0002481634,1,0.988998,1
D_0002481718,1,0.987293,1
D_0002482054,1,0.998780,1
D_0002482201,1,0.580384,0
D_0002482516,0,0.090667,0
D_0002482684,1,0.997246,1
D_0002482852,0,0.160909,0
D_0002482936,0,0.083840,0
D_0002483545,0,0.083133,0
D_0002483629,0,0.149937,0
D_0002483818,0,0.126589,0
D_0002484217,0,0.059178,0
D_0002484238,0,0.854364,1
D_0002484658,0,0.124209,0
D_0002484931,1,0.999977,1
D_0002485183,1,0.999758,1
D_0002485435,0,0.645729,0
D_0002485792,0,0.569873,0
D_0002485855,1,0.289071,0
D_0002486212,0,0.163232,0
D_0002487178,1,0.999551,1
D_0002487262,0,0.374047,0
D_0002487388,1,0.088625,0
D_0002487703,1,0.072549,0
D_0002488837,1,0.996696,1
D_0002489194,1,0.999928,1
D_0002489530,1,0.999730,1
D_0002489551,1,0.900348,1
D_0002489656,0,0.183495,0
D_0002490013,1,0.991073,1
D_0002490160,0,0.154879,0
D_0002490769,0,0.768846,1
D_0002491105,0,0.082463,0
D_0002491252,1,0.999884,1
D_0002491462,1,0.623295,0
D_0002491798,0,0.799864,1
D_0002492281,0,0.870347,1
D_0002492575,0,0.066649,0
D_0002492827,0,0.155045,0
D_0002492953,1,0.998833,1
D_0002493205,0,0.763342,1
D_0002493289,0,0.313597,0
D_0002493331,1,0.996559,1
D_0002494486,1,0.980018,1
D_0002494738,0,0.261225,0
D_0002494780,0,0.138731,0
D_0002495872,1,0.999925,1
D_0002496607,1,0.198248,0
D_0002496649,0,0.081517,0
D_0002496922,1,0.902836,1
D_0002498623,1,0.999724,1
D_0002498854,0,0.178350,0
D_0002499421,0,0.079129,0
D_0002499526,0,0.474657,0
D_0002499673,1,0.108574,0
D_0002499883,1,0.999984,1
D_0002500072,0,0.073056,0
D_0002500723,1,0.999169,1
D_0002500870,0,0.814509,1
D_0002500975,0,0.431830,0
D_0002501227,1,0.996089,1
D_0002501773,0,0.982511,1
D_0002502445,1,0.999869,1
D_0002502739,1,0.205420,0
D_0002502865,1,0.999901,1
D_0002503180,0,0.300335,0
D_0002503432,0,0.246540,0
D_0002503642,0,0.161256,0
D_0002503747,0,0.091819,0
D_0002503915,1,0.999967,1
D_0002504062,0,0.930206,1
D_0002504146,1,0.997052,1
D_0002504923,1,0.148701,0
D_0002504986,1,0.997572,1
D_0002505406,1,0.410007,0
D_0002505700,0,0.064773,0
D_0002505784,1,0.999853,1
D_0002506666,1,0.999952,1
D_0002506918,1,0.999667,1
D_0002507044,0,0.131842,0
D_0002507506,0,0.876566,1
D_0002507653,0,0.158457,0
D_0002507821,1,0.999362,1
D_0002507884,0,0.391894,0
D_0002507926,1,0.999398,1
D_0002508052,0,0.158644,0
D_0002508892,0,0.113730,0
D_0002509501,1,0.987562,1
D_0002509711,0,0.059258,0
D_0002510278,1,0.684324,1
D_0002510467,0,0.997858,1
D_0002510530,1,0.982179,1
D_0002510887,1,0.999755,1
D_0002511559,0,0.303438,0
D_0002511580,0,0.157036,0
D_0002511727,1,0.998902,1
D_0002511790,1,0.998825,1
D_0002511916,1,0.997982,1
D_0002512042,1,0.998382,1
D_0002512651,0,0.182826,0
D_0002512840,1,0.207095,0
D_0002512966,1,0.759256,1
D_0002513218,0,0.077917,0
D_0002513449,1,0.986853,1
D_0002513638,1,0.981498,1
D_0002513953,0,0.098652,0
D_0002513995,1,0.999846,1
D_0002514079,1,0.999972,1
D_0002514583,1,0.999444,1
D_0002514625,1,0.993010,1
D_0002515297,1,0.996907,1
D_0002515591,1,0.999514,1
D_0002516830,0,0.802237,1
D_0002516872,1,0.999292,1
D_0002516998,1,0.999658,1
D_0002517040,0,0.081497,0
D_0002517061,0,0.242553,0
D_0002517082,0,0.082013,0
D_0002517628,1,0.998675,1
D_0002517775,0,0.116981,0
D_0002518237,0,0.008057,0
D_0002519371,0,0.037264,0
D_0002519392,0,0.138772,0
D_0002519812,0,0.047661,0
D_0002520232,1,0.997993,1
D_0002520505,0,0.042662,0
D_0002521933,0,0.069203,0
D_0002522416,1,0.999916,1
D_0002522668,1,0.976252,1
D_0002522689,1,0.999843,1
D_0002522815,0,0.131508,0
D_0002522941,0,0.290398,0
D_0002522983,0,0.202156,0
D_0002523550,0,0.086977,0
D_0002523802,1,0.999370,1
D_0002525986,0,0.072415,0
D_0002526133,0,0.987534,1
D_0002526175,1,0.999871,1
D_0002526280,1,0.999487,1
D_0002526343,1,0.996519,1
D_0002526847,0,0.176925,0
D_0002527057,0,0.976779,1
D_0002528590,1,0.999686,1
D_0002528737,1,0.994015,1
D_0002529073,0,0.974632,1
D_0002529451,0,0.182408,0
D_0002529598,0,0.033651,0
D_0002529892,1,0.981929,1
D_0002530081,1,0.960798,1
D_0002530501,1,0.998980,1
D_0002530921,1,0.234972,0
D_0002531194,1,0.997736,1
D_0002531467,0,0.839441,1
D_0002531551,0,0.224732,0
D_0002531929,1,0.993394,1
D_0002532118,1,0.997743,1
D_0002532139,0,0.147792,0
D_0002532223,1,0.045854,0
D_0002532391,1,0.246209,0
D_0002533504,1,0.985760,1
D_0002533609,1,0.114416,0
D_0002533756,1,0.999877,1
D_0002533861,0,0.079357,0
D_0002534344,0,0.567930,0
D_0002535478,1,0.943879,1
D_0002535646,1,0.999686,1
D_0002535709,1,0.999976,1
D_0002536045,1,0.998736,1
D_0002536255,0,0.761577,1
D_0002536675,1,0.999732,1
D_0002536822,1,0.321533,0
D_0002538229,0,0.107967,0
D_0002538250,1,0.999875,1
D_0002538670,0,0.343390,0
D_0002538733,1,0.999677,1
D_0002538796,0,0.156216,0
D_0002539279,1,0.999728,1
D_0002539678,0,0.399638,0
D_0002539909,0,0.121721,0
D_0002539951,1,0.994981,1
D_0002540098,1,0.999011,1
D_0002540203,1,0.998624,1
D_0002540749,0,0.158085,0
D_0002541547,1,0.999563,1
D_0002542261,0,0.137056,0
D_0002542576,1,0.205798,0
D_0002542597,1,0.999937,1
D_0002542912,1,0.999263,1
D_0002543521,1,0.994685,1
D_0002543542,0,0.069329,0
D_0002543668,0,0.166951,0
D_0002543878,1,0.999568,1
D_0002544088,1,0.998148,1
D_0002544382,1,0.987103,1
D_0002545159,0,0.083033,0
D_0002545180,0,0.078905,0
D_0002545348,1,0.898388,1
D_0002545558,1,0.933658,1
D_0002545789,0,0.958044,1
D_0002545957,1,0.999682,1
D_0002546104,0,0.126229,0
D_0002546335,1,0.999313,1
D_0002546650,1,0.997226,1
D_0002546671,0,0.085199,0
D_0002546818,1,0.086211,0
D_0002546881,0,0.153401,0
D_0002547133,1,0.993456,1
D_0002547385,0,0.122011,0
D_0002547574,0,0.110969,0
D_0002547763,1,0.983510,1
D_0002548036,1,0.973219,1
D_0002548435,1,0.999890,1
D_0002549506,1,0.999793,1
D_0002549674,0,0.124671,0
D_0002549695,1,0.999990,1
D_0002549884,1,0.958553,1
D_0002550430,0,0.114942,0
D_0002550556,1,0.993461,1
D_0002550976,1,0.999023,1
D_0002551081,0,0.018679,0
D_0002551165,1,0.983922,1
D_0002551606,1,0.996349,1
D_0002551921,1,0.999842,1
D_0002552215,1,0.999802,1
D_0002552467,1,0.999054,1
D_0002552782,0,0.138987,0
D_0002553433,1,0.930957,1
D_0002553517,0,0.119902,0
D_0002553580,0,0.040416,0
D_0002553895,1,0.001199,0
D_0002553916,1,0.999971,1
D_0002554273,0,0.290024,0
D_0002554357,1,0.999894,1
D_0002554441,1,0.999971,1
D_0002554735,0,0.171524,0
D_0002554882,0,0.177299,0
D_0002554924,1,0.992128,1
D_0002555176,1,0.056509,0
D_0002556583,1,0.972792,1
D_0002557213,1,0.972261,1
D_0002557780,0,0.112205,0
D_0002557990,0,0.351027,0
D_0002558494,0,0.051742,0
D_0002558599,0,0.098479,0
D_0002558620,0,0.083640,0
D_0002558683,1,0.993066,1
D_0002559544,0,0.073729,0
D_0002560111,1,0.909229,1
D_0002560468,0,0.069463,0
D_0002560741,0,0.088744,0
D_0002562820,0,0.057307,0
D_0002563030,0,0.132430,0
D_0002563072,0,0.108465,0
D_0002563366,1,0.997302,1
D_0002563828,0,0.078996,0
D_0002564689,0,0.110517,0
D_0002564941,0,0.087081,0
D_0002565634,1,0.997334,1
D_0002565949,1,0.997543,1
D_0002566264,1,0.996812,1
D_0002567125,1,0.991991,1
D_0002567608,1,0.101063,0
D_0002567671,1,0.998019,1
D_0002568049,0,0.058642,0
D_0002568385,0,0.090566,0
D_0002568658,1,0.999852,1
D_0002569141,0,0.162379,0
D_0002569267,1,0.999200,1
D_0002569393,1,0.996912,1
D_0002569540,1,0.983122,1
D_0002569645,1,0.975972,1
D_0002569687,1,0.997097,1
D_0002570296,1,0.997487,1
D_0002570758,1,0.999547,1
D_0002570884,0,0.292814,0
D_0002571031,0,0.114663,0
D_0002572039,0,0.196862,0
D_0002572060,0,0.691347,1
D_0002572438,1,0.989999,1
D_0002572921,0,0.120851,0
D_0002573488,0,0.071838,0
D_0002573824,0,0.083246,0
D_0002574328,1,0.999341,1
D_0002574748,1,0.999987,1
D_0002574832,1,0.129865,0
D_0002575063,0,0.113987,0
D_0002575084,1,0.955594,1
D_0002575315,0,0.060059,0
D_0002575819,1,0.999408,1
D_0002576575,0,0.075564,0
D_0002576638,1,0.078707,0
D_0002577499,1,0.999958,1
D_0002577604,1,0.989611,1
D_0002578108,1,0.999701,1
D_0002578171,1,0.999429,1
D_0002578318,1,0.995024,1
D_0002578402,0,0.063707,0
D_0002578570,0,0.013617,0
D_0002578759,1,0.999430,1
D_0002579116,0,0.734755,1
D_0002579662,1,0.978641,1
D_0002580481,1,0.992284,1
D_0002580838,1,0.999978,1
D_0002580985,1,0.998800,1
D_0002581153,1,0.294797,0
D_0002581363,1,0.992851,1
D_0002581615,0,0.031101,0
D_0002581741,0,0.182334,0
D_0002583169,1,0.995024,1
D_0002583694,1,0.998419,1
D_0002583736,0,0.285636,0
D_0002584807,1,0.997759,1
D_0002584933,0,0.045839,0
D_0002584975,0,0.230045,0
D_0002585206,0,0.049746,0
D_0002585479,1,0.998068,1
D_0002585563,1,0.998772,1
D_0002585710,0,0.074234,0
D_0002586592,0,0.393187,0
D_0002586697,1,0.999059,1
D_0002587306,1,0.999978,1
D_0002587621,1,0.999742,1
D_0002587789,0,0.197080,0
D_0002587873,0,0.196085,0
D_0002588020,1,0.981315,1
D_0002588776,0,0.096341,0
D_0002589133,0,0.141940,0
D_0002589784,1,0.986606,1
D_0002590918,0,0.138894,0
D_0002591338,1,0.997292,1
D_0002591443,1,0.999495,1
D_0002591506,1,0.959656,1
D_0002591947,1,0.148005,0
D_0002591968,0,0.881560,1
D_0002592136,0,0.983640,1
D_0002592346,1,0.999959,1
D_0002592367,0,0.057094,0
D_0002592745,1,0.999771,1
D_0002592808,1,0.045374,0
D_0002592976,1,0.995879,1
D_0002593312,0,0.023716,0
D_0002593459,0,0.169107,0
D_0002593732,1,0.999914,1
D_0002593900,1,0.992093,1
D_0002594152,1,0.096424,0
D_0002594341,1,0.998901,1
D_0002594908,1,0.999964,1
D_0002595097,1,0.098321,0
D_0002595370,1,0.985093,1
D_0002596105,1,0.998389,1
D_0002597071,0,0.068708,0
D_0002597260,0,0.130135,0
D_0002598205,1,0.995031,1
D_0002598415,0,0.129905,0
D_0002598646,1,0.945173,1
D_0002598814,0,0.176766,0
D_0002598835,0,0.141221,0
D_0002599738,0,0.043433,0
D_0002599801,0,0.106542,0
D_0002599948,1,0.998489,1
D_0002600074,1,0.745869,1
D_0002600116,1,0.068778,0
D_0002600179,0,0.075594,0
D_0002600305,0,0.068862,0
D_0002600557,0,0.053100,0
D_0002600788,1,0.999389,1
D_0002600830,1,0.999875,1
D_0002601145,0,0.069789,0
D_0002601292,0,0.078777,0
D_0002602258,0,0.083366,0
D_0002602804,1,0.999750,1
D_0002603035,1,0.999410,1
D_0002603098,1,0.984280,1
D_0002603392,0,0.059233,0
D_0002604127,1,0.974427,1
D_0002604169,0,0.140512,0
D_0002604862,1,0.972898,1
D_0002604988,0,0.270433,0
D_0002605408,1,0.999091,1
D_0002605492,1,0.999494,1
D_0002605639,0,0.131442,0
D_0002605786,0,0.368472,0
D_0002605975,1,0.998497,1
D_0002606248,1,0.998832,1
D_0002606437,1,0.999939,1
D_0002606521,1,0.999619,1
D_0002606836,1,0.083081,0
D_0002606983,0,0.141433,0
D_0002607046,1,0.511002,0
D_0002607382,1,0.999305,1
D_0002607634,1,0.998451,1
D_0002607823,1,0.991926,1
D_0002607844,1,0.962903,1
D_0002608432,1,0.999873,1
D_0002608474,0,0.172249,0
D_0002608516,1,0.999195,1
D_0002608726,0,0.144968,0
D_0002609104,1,0.996653,1
D_0002609230,0,0.193410,0
D_0002609524,0,0.069969,0
D_0002609734,1,0.999983,1
D_0002610049,0,0.871696,1
D_0002610238,1,0.998348,1
D_0002610301,1,0.986180,1
D_0002610700,1,0.999505,1
D_0002611078,1,0.999255,1
D_0002611141,0,0.356321,0
D_0002611246,1,0.147373,0
D_0002611666,1,0.932693,1
D_0002612569,1,0.994905,1
D_0002613178,1,0.999534,1
D_0002613304,1,0.986951,1
D_0002613745,1,0.999592,1
D_0002613829,0,0.145777,0
D_0002613976,0,0.119182,0
D_0002614081,0,0.053201,0
D_0002614648,1,0.808362,1
D_0002614816,1,0.081948,0
D_0002615068,1,0.139545,0
D_0002615194,1,0.998885,1
D_0002615236,0,0.105477,0
D_0002615446,0,0.816928,1
D_0002615509,1,0.999945,1
D_0002616727,1,0.999072,1
D_0002616790,1,0.999652,1
D_0002616916,1,0.991775,1
D_0002617000,0,0.080215,0
D_0002617714,1,0.999672,1
D_0002618575,0,0.212795,0
D_0002618764,1,0.999801,1
D_0002618932,1,0.999113,1
D_0002619100,1,0.999989,1
D_0002619184,1,0.998440,1
D_0002619373,1,0.999745,1
D_0002619688,0,0.074071,0
D_0002619730,0,0.108856,0
D_0002619751,0,0.739305,1
D_0002620906,1,0.150207,0
D_0002620927,0,0.051922,0
D_0002621935,1,0.998370,1
D_0002622103,0,0.177277,0
D_0002622229,1,0.999984,1
D_0002622565,1,0.779035,1
D_0002623090,1,0.964508,1
D_0002623573,0,0.210237,0
D_0002623615,1,0.999671,1
D_0002624098,0,0.232120,0
D_0002624560,0,0.451081,0
D_0002624686,1,0.999878,1
D_0002624707,0,0.302196,0
D_0002624749,0,0.076841,0
D_0002624938,1,0.995855,1
D_0002624959,1,0.869337,1
D_0002625127,0,0.058563,0
D_0002625253,1,0.989588,1
D_0002625379,0,0.048422,0
D_0002626261,1,0.990892,1
D_0002626303,0,0.020208,0
D_0002626912,1,0.996440,1
D_0002627227,1,0.994153,1
D_0002627269,0,0.284900,0
D_0002627815,1,0.999871,1
D_0002627878,1,0.999732,1
D_0002628235,0,0.074261,0
D_0002628655,1,0.957827,1
D_0002630440,1,0.995575,1
D_0002630545,0,0.058621,0
D_0002630692,1,0.999566,1
D_0002632309,1,0.994829,1
D_0002632561,1,0.950633,1
D_0002632876,1,0.991484,1
D_0002633107,1,0.999779,1
D_0002633212,1,0.994357,1
D_0002633254,0,0.129326,0
D_0002633317,0,0.053586,0
D_0002633737,0,0.041490,0
D_0002634283,1,0.017900,0
D_0002634409,0,0.091059,0
D_0002635711,0,0.085422,0
D_0002635753,1,0.592995,0
D_0002636152,0,0.431377,0
D_0002636320,0,0.893831,1
D_0002636446,0,0.067671,0
D_0002636488,0,0.189838,0
D_0002636803,1,0.994319,1
D_0002637433,1,0.998953,1
D_0002637685,0,0.051704,0
D_0002637979,1,0.985290,1
D_0002638147,0,0.285573,0
D_0002638609,1,0.241159,0
D_0002638672,0,0.094790,0
D_0002638756,1,0.999590,1
D_0002639218,0,0.067731,0
D_0002639281,0,0.950619,1
D_0002639302,0,0.108197,0
D_0002639617,0,0.087867,0
D_0002639701,1,0.989551,1
D_0002639722,0,0.056180,0
D_0002640016,1,0.978422,1
D_0002640415,1,0.190891,0
D_0002640730,1,0.997037,1
D_0002640877,0,0.049178,0
D_0002640961,1,0.999893,1
D_0002640982,1,0.999973,1
D_0002641276,1,0.943434,1
D_0002641633,0,0.240570,0
D_0002641654,1,0.999731,1
D_0002641675,0,0.139741,0
D_0002641717,0,0.082056,0
D_0002641906,0,0.210954,0
D_0002642011,0,0.063806,0
D_0002642074,1,0.991944,1
D_0002642116,0,0.043854,0
D_0002642368,0,0.047464,0
D_0002642578,0,0.163640,0
D_0002643250,1,0.981093,1
D_0002643271,1,0.999642,1
D_0002643355,1,0.987854,1
D_0002643502,0,0.418109,0
D_0002644195,1,0.996197,1
D_0002644321,0,0.072465,0
D_0002644552,1,0.960559,1
D_0002644657,0,0.158888,0
D_0002646967,0,0.186605,0
D_0002647261,1,0.973129,1
D_0002648122,0,0.113230,0
D_0002648227,1,0.613003,0
D_0002648479,1,0.997770,1
D_0002649046,1,0.119175,0
D_0002649193,0,0.049186,0
D_0002649508,1,0.998616,1
D_0002649592,1,0.999374,1
D_0002650012,0,0.080492,0
D_0002650180,1,0.997538,1
D_0002650348,1,0.119726,0
D_0002650600,1,0.999297,1
D_0002650642,1,0.982357,1
D_0002651419,1,0.997975,1
D_0002651545,1,0.994762,1
D_0002651839,0,0.078154,0
D_0002652259,0,0.502276,0
D_0002652280,1,0.995454,1
D_0002652448,1,0.985466,1
D_0002652805,1,0.898013,1
D_0002652847,1,0.999911,1
D_0002653204,1,0.127134,0
D_0002653372,1,0.997772,1
D_0002653519,1,0.993245,1
D_0002653918,1,0.300178,0
D_0002654044,1,0.054467,0
D_0002654380,1,0.995770,1
D_0002654485,1,0.209608,0
D_0002654569,0,0.081936,0
D_0002655031,1,0.999056,1
D_0002655262,0,0.871346,1
D_0002655640,0,0.190091,0
D_0002655766,0,0.745758,1
D_0002656123,1,0.998741,1
D_0002656291,0,0.186225,0
D_0002656333,1,0.998331,1
D_0002656795,0,0.085653,0
D_0002656837,1,0.999875,1
D_0002657236,0,0.068579,0
D_0002657362,0,0.049295,0
D_0002657446,0,0.601430,0
D_0002657467,1,0.999406,1
D_0002657593,0,0.186940,0
D_0002657740,0,0.158109,0
D_0002657992,1,0.994018,1
D_0002659021,1,0.223674,0
D_0002659252,1,0.999147,1
D_0002659462,1,0.993566,1
D_0002659504,1,0.983944,1
D_0002660197,0,0.050284,0
D_0002660722,1,0.998956,1
D_0002660848,1,0.999778,1
D_0002661436,1,0.999732,1
D_0002661478,0,0.102174,0
D_0002661520,1,0.994271,1
D_0002661646,1,0.999683,1
D_0002661877,1,0.171658,0
D_0002662150,0,0.145485,0
D_0002662465,0,0.130378,0
D_0002662507,0,0.054321,0
D_0002662822,1,0.998280,1
D_0002662948,0,0.008283,0
D_0002663074,0,0.091161,0
D_0002663725,1,0.999823,1
D_0002663746,0,0.635903,0
D_0002663767,1,0.981879,1
D_0002664796,1,0.989769,1
D_0002664859,0,0.071006,0
D_0002665195,0,0.229137,0
D_0002665552,0,0.078562,0
D_0002666077,1,0.972271,1
D_0002666917,0,0.190931,0
D_0002667379,0,0.363841,0
D_0002667862,1,0.994040,1
D_0002668030,0,0.031482,0
D_0002668408,0,0.108602,0
D_0002668492,1,0.997366,1
D_0002668807,1,0.999968,1
D_0002669017,1,0.234369,0
D_0002669038,1,0.998908,1
D_0002669794,0,0.070363,0
D_0002669836,0,0.376170,0
D_0002670214,1,0.999251,1
D_0002670865,1,0.999846,1
D_0002670928,0,0.089406,0
D_0002671075,1,0.999806,1
D_0002671117,0,0.097862,0
D_0002671138,0,0.082477,0
D_0002671306,0,0.076665,0
D_0002671432,0,0.159253,0
D_0002671516,1,0.965343,1
D_0002671537,1,0.999361,1
D_0002671579,1,0.997019,1
D_0002671747,0,0.048282,0
D_0002671810,0,0.069144,0
D_0002672356,1,0.999683,1
D_0002672398,1,0.999893,1
D_0002672881,1,0.959135,1
D_0002673931,0,0.089096,0
D_0002674309,0,0.113699,0
D_0002674435,1,0.992990,1
D_0002674834,1,0.991156,1
D_0002675023,0,0.160317,0
D_0002675653,1,0.926633,1
D_0002675779,1,0.999966,1
D_0002676262,0,0.431187,0
D_0002676472,1,0.979548,1
D_0002676535,1,0.997194,1
D_0002676871,1,0.829674,1
D_0002677060,0,0.127264,0
D_0002677123,0,0.116190,0
D_0002677144,1,0.403185,0
D_0002677270,1,0.999372,1
D_0002677417,1,0.165798,0
D_0002678131,0,0.180077,0
D_0002678215,0,0.093896,0
D_0002678593,1,0.992180,1
D_0002678656,1,0.999814,1
D_0002678740,0,0.073547,0
D_0002679202,0,0.188682,0
D_0002679580,0,0.049366,0
D_0002679748,1,0.997624,1
D_0002679958,1,0.997302,1
D_0002680105,0,0.113644,0
D_0002680735,0,0.143992,0
D_0002680819,0,0.135949,0
D_0002680840,1,0.999378,1
D_0002680882,1,0.998335,1
D_0002681155,1,0.985375,1
D_0002681218,0,0.139914,0
D_0002681533,0,0.111434,0
D_0002682100,0,0.080589,0
D_0002682436,0,0.908963,1
D_0002682562,1,0.999740,1
D_0002682604,1,0.999963,1
D_0002683171,1,0.999758,1
D_0002683234,1,0.994105,1
D_0002683486,0,0.061093,0
D_0002684368,0,0.057461,0
D_0002684473,0,0.169416,0
D_0002684536,0,0.089427,0
D_0002684935,0,0.148275,0
D_0002685271,1,0.132990,0
D_0002685292,1,0.070626,0
D_0002685649,1,0.657722,0
D_0002686090,1,0.999882,1
D_0002686153,0,0.051313,0
D_0002686342,0,0.142802,0
D_0002686573,1,0.994704,1
D_0002686594,1,0.995404,1
D_0002686636,0,0.219631,0
D_0002687329,0,0.054417,0
D_0002687434,0,0.940097,1
D_0002688274,1,0.993405,1
D_0002688442,1,0.999905,1
D_0002688673,0,0.591163,0
D_0002688715,0,0.067246,0
D_0002688820,1,0.991742,1
D_0002688967,1,0.998952,1
D_0002689072,1,0.132448,0
D_0002689093,0,0.273274,0
D_0002689576,0,0.052056,0
D_0002689723,1,0.937941,1
D_0002689870,1,0.999894,1
D_0002689912,0,0.478716,0
D_0002689954,0,0.073314,0
D_0002689975,0,0.839497,1
D_0002690059,1,0.977421,1
D_0002690248,0,0.597435,0
D_0002690311,1,0.949389,1
D_0002690626,0,0.425327,0
D_0002690815,0,0.038358,0
D_0002691046,0,0.368487,0
D_0002691781,1,0.995417,1
D_0002692012,1,0.999843,1
D_0002692537,1,0.988150,1
D_0002692873,1,0.993644,1
D_0002692915,1,0.224961,0
D_0002693083,1,0.997519,1
D_0002693545,0,0.085610,0
D_0002693986,0,0.038955,0
D_0002694091,0,0.331150,0
D_0002694259,0,0.739332,1
D_0002694406,0,0.048281,0
D_0002694448,1,0.999983,1
D_0002694994,0,0.934621,1
D_0002695834,1,0.095907,0
D_0002695960,1,0.999652,1
D_0002696443,1,0.999214,1
D_0002696926,1,0.995506,1
D_0002697913,0,0.309706,0
D_0002698102,0,0.099882,0
D_0002698249,0,0.196322,0
D_0002698396,1,0.994472,1
D_0002698627,0,0.039825,0
D_0002698711,1,0.999948,1
D_0002698732,0,0.128567,0
D_0002698858,1,0.998671,1
D_0002699026,0,0.091720,0
D_0002699110,1,0.998990,1
D_0002699614,1,0.999846,1
D_0002700181,0,0.192722,0
D_0002700496,1,0.994637,1
D_0002700874,1,0.981726,1
D_0002701378,1,0.997856,1
D_0002701609,1,0.995468,1
D_0002701798,0,0.157147,0
D_0002701882,1,0.998922,1
D_0002703142,1,0.981737,1
D_0002703835,0,0.201362,0
D_0002703856,0,0.213080,0
D_0002704507,1,0.098873,0
D_0002705032,1,0.999483,1
D_0002705095,0,0.123950,0
D_0002705410,1,0.999867,1
D_0002705662,1,0.998056,1
D_0002706103,1,0.880602,1
D_0002706208,1,0.139788,0
D_0002706250,0,0.183260,0
D_0002706292,0,0.099015,0
D_0002706460,1,0.740600,1
D_0002706628,0,0.032074,0
D_0002706649,1,0.999879,1
D_0002706985,0,0.139331,0
D_0002707006,1,0.999988,1
D_0002708056,0,0.076728,0
D_0002708245,0,0.260785,0
D_0002708497,0,0.037268,0
D_0002708623,0,0.094842,0
D_0002708644,0,0.142249,0
D_0002709316,0,0.141887,0
D_0002709715,1,0.757608,1
D_0002709778,1,0.999919,1
D_0002709925,0,0.061203,0
D_0002710324,1,0.841910,1
D_0002711269,0,0.746430,1
D_0002711458,0,0.132162,0
D_0002711752,1,0.999735,1
D_0002712235,0,0.146422,0
D_0002712361,1,0.999756,1
D_0002712424,0,0.086557,0
D_0002712487,1,0.999491,1
D_0002712970,1,0.999619,1
D_0002713138,1,0.994608,1
D_0002713159,0,0.189992,0
D_0002713390,1,0.999758,1
D_0002713474,1,0.203424,0
D_0002713579,0,0.100171,0
D_0002714251,0,0.208151,0
D_0002714398,1,0.993856,1
D_0002714524,0,0.133545,0
D_0002715049,1,0.999505,1
D_0002715259,0,0.798778,1
D_0002715658,0,0.120871,0
D_0002715700,1,0.926839,1
D_0002716036,1,0.999752,1
D_0002716351,0,0.168468,0
D_0002716372,1,0.996745,1
D_0002716561,1,0.998951,1
D_0002716603,0,0.584565,0
D_0002716834,1,0.969639,1
D_0002717128,1,0.996347,1
D_0002717149,0,0.159496,0
D_0002717527,1,0.993442,1
D_0002717926,1,0.985007,1
D_0002718199,0,0.089164,0
D_0002718241,0,0.077862,0
D_0002718262,1,0.999903,1
D_0002718514,1,0.992189,1
D_0002718535,1,0.999578,1
D_0002718682,1,0.997002,1
D_0002718745,0,0.085406,0
D_0002718808,0,0.075613,0
D_0002718892,1,0.976479,1
D_0002718934,0,0.080577,0
D_0002719144,0,0.965881,1
D_0002719270,0,0.073396,0
D_0002719417,1,0.996061,1
D_0002719522,1,0.469412,0
D_0002719921,0,0.191381,0
D_0002720005,1,0.982103,1
D_0002720215,1,0.993900,1
D_0002720425,0,0.070219,0
D_0002720782,1,0.997799,1
D_0002720887,1,0.999064,1
D_0002720950,1,0.881122,1
D_0002721139,0,0.116130,0
D_0002721559,0,0.570601,0
D_0002721727,0,0.825542,1
D_0002721832,1,0.999935,1
D_0002721874,1,0.999572,1
D_0002722000,1,0.135529,0
D_0002722315,0,0.355373,0
D_0002722378,1,0.997973,1
D_0002722588,1,0.984604,1
D_0002722735,0,0.636932,0
D_0002723008,0,0.168640,0
D_0002723029,1,0.981176,1
D_0002723155,0,0.059120,0
D_0002723428,1,0.999980,1
D_0002723470,0,0.770130,1
D_0002723680,0,0.087632,0
D_0002724184,1,0.182161,0
D_0002724268,1,0.999333,1
D_0002724625,0,0.145296,0
D_0002725213,0,0.885621,1
D_0002725339,0,0.043090,0
D_0002725864,0,0.124273,0
D_0002726116,1,0.999384,1
D_0002726179,1,0.992538,1
D_0002726452,1,0.999992,1
D_0002727565,1,0.999149,1
D_0002728090,1,0.986317,1
D_0002728636,0,0.111941,0
D_0002728678,1,0.983920,1
D_0002728804,1,0.995223,1
D_0002729140,0,0.041852,0
D_0002729203,1,0.996658,1
D_0002729308,1,0.259600,0
D_0002730043,1,0.732421,1
D_0002730589,0,0.088370,0
D_0002730799,1,0.999831,1
D_0002731387,0,0.844170,1
D_0002731702,0,0.179440,0
D_0002731975,0,0.106353,0
D_0002732038,0,0.181952,0
D_0002732647,1,0.984378,1
D_0002732941,1,0.636912,0
D_0002733109,0,0.081982,0
D_0002733487,1,0.999975,1
D_0002733802,1,0.999941,1
D_0002733823,0,0.033894,0
D_0002734117,0,0.077569,0
D_0002734369,1,0.986185,1
D_0002734852,1,0.999989,1
D_0002735020,1,0.999951,1
D_0002735482,0,0.067517,0
D_0002735587,1,0.863111,1
D_0002735776,1,0.966219,1
D_0002735944,1,0.988709,1
D_0002737393,1,0.995791,1
D_0002737561,1,0.999911,1
D_0002737582,1,0.979858,1
D_0002738758,1,0.999993,1
D_0002738779,1,0.999187,1
D_0002738800,0,0.017494,0
D_0002739178,0,0.096475,0
D_0002739577,0,0.105560,0
D_0002740270,1,0.998670,1
D_0002740690,1,0.999979,1
D_0002741509,0,0.088762,0
D_0002741908,1,0.997757,1
D_0002741950,0,0.216540,0
D_0002742160,0,0.129034,0
D_0002742496,0,0.219809,0
D_0002742790,1,0.147269,0
D_0002742811,1,0.999170,1
D_0002743252,0,0.038537,0
D_0002743420,0,0.102319,0
D_0002743651,1,0.997934,1
D_0002743714,0,0.067206,0
D_0002743798,1,0.999576,1
D_0002744407,1,0.999879,1
D_0002744680,0,0.197195,0
D_0002744722,1,0.994961,1
D_0002744869,1,0.967913,1
D_0002746402,0,0.079011,0
D_0002746570,0,0.255600,0
D_0002746591,1,0.096933,0
D_0002746822,1,0.997685,1
D_0002747620,1,0.118797,0
D_0002747641,0,0.247929,0
D_0002748103,1,0.871865,1
D_0002748271,0,0.058995,0
D_0002748334,1,0.998824,1
D_0002748460,1,0.999346,1
D_0002748586,1,0.995821,1
D_0002748775,0,0.166028,0
D_0002749531,1,0.876829,1
D_0002749930,0,0.136142,0
D_0002750266,0,0.365337,0
D_0002750329,0,0.173026,0
D_0002750413,1,0.998663,1
D_0002751022,1,0.999753,1
D_0002751379,0,0.186300,0
D_0002751841,0,0.061034,0
D_0002752555,1,0.994186,1
D_0002752723,0,0.973804,1
D_0002752828,1,0.998286,1
D_0002753038,1,0.999643,1
D_0002753227,1,0.997983,1
D_0002753437,0,0.083217,0
D_0002753710,1,0.970694,1
D_0002753794,0,0.092736,0
D_0002754256,1,0.999187,1
D_0002754298,1,0.879064,1
D_0002754340,0,0.841961,1
D_0002754466,0,0.258179,0
D_0002755159,0,0.304042,0
D_0002755264,1,0.050479,0
D_0002755642,0,0.182222,0
D_0002755663,0,0.137893,0
D_0002756062,0,0.065728,0
D_0002756251,1,0.999083,1
D_0002756272,0,0.116205,0
D_0002757133,0,0.099734,0
D_0002757910,1,0.999753,1
D_0002758162,1,0.196980,0
D_0002758393,1,0.999746,1
D_0002758456,0,0.234150,0
D_0002758624,1,0.988743,1
D_0002758729,1,0.918841,1
D_0002758813,1,0.999190,1
D_0002758834,1,0.999582,1
D_0002759023,0,0.057084,0
D_0002759086,0,0.034032,0
D_0002759212,1,0.998603,1
D_0002759422,0,0.108698,0
D_0002760010,0,0.282916,0
D_0002760451,1,0.986214,1
D_0002760724,1,0.999821,1
D_0002761942,0,0.168402,0
D_0002762026,1,0.174637,0
D_0002762152,0,0.054165,0
D_0002762845,1,0.976021,1
D_0002762950,1,0.048816,0
D_0002763832,1,0.999154,1
D_0002765008,0,0.117087,0
D_0002765029,1,0.073787,0
D_0002765575,0,0.092415,0
D_0002766562,1,0.993573,1
D_0002766646,0,0.580289,0
D_0002766688,1,0.998164,1
D_0002767192,0,0.054235,0
D_0002767213,1,0.988468,1
D_0002767297,0,0.052275,0
D_0002767486,0,0.136898,0
D_0002767906,1,0.986231,1
D_0002768032,1,0.999840,1
D_0002768053,1,0.992895,1
D_0002768746,1,0.999852,1
D_0002769439,0,0.099981,0
D_0002769544,0,0.057049,0
D_0002770279,0,0.086462,0
D_0002770783,1,0.973972,1
D_0002770972,1,0.964451,1
D_0002771308,1,0.999869,1
D_0002771581,0,0.116085,0
D_0002771749,0,0.248999,0
D_0002772631,0,0.901133,1
D_0002772820,1,0.999972,1
D_0002772883,0,0.056699,0
D_0002772946,1,0.998183,1
D_0002773387,1,0.997253,1
D_0002773534,1,0.998007,1
D_0002773702,0,0.115316,0
D_0002773933,1,0.998784,1
D_0002774332,1,0.999361,1
D_0002774437,0,0.098063,0
D_0002774710,1,0.978652,1
D_0002775109,0,0.066690,0
D_0002775193,0,0.219586,0
D_0002775655,1,0.992853,1
D_0002776180,1,0.983911,1
D_0002776495,0,0.117384,0
D_0002776852,0,0.047688,0
D_0002776894,0,0.930684,1
D_0002777566,0,0.944689,1
D_0002777776,1,0.999912,1
D_0002778028,0,0.058747,0
D_0002778469,0,0.909338,1
D_0002778553,0,0.122450,0
D_0002778889,0,0.064263,0
D_0002779162,1,0.997313,1
D_0002779246,1,0.999837,1
D_0002779414,1,0.259116,0
D_0002779540,1,0.998273,1
D_0002779729,1,0.999904,1
D_0002779771,1,0.999954,1
D_0002780128,0,0.074438,0
D_0002780296,1,0.999080,1
D_0002780464,1,0.101157,0
D_0002780527,0,0.061001,0
D_0002780863,1,0.073275,0
D_0002780926,1,0.151430,0
D_0002781115,1,0.999721,1
D_0002781556,0,0.073937,0
D_0002781724,0,0.092826,0
D_0002782018,0,0.153102,0
D_0002782354,1,0.998921,1
D_0002782984,0,0.183580,0
D_0002783614,1,0.999003,1
D_0002783677,1,0.999398,1
D_0002783992,0,0.312345,0
D_0002784034,1,0.216754,0
D_0002784328,0,0.319073,0
D_0002784349,1,0.993718,1
D_0002784391,1,0.078410,0
D_0002784475,1,0.999959,1
D_0002784622,0,0.090485,0
D_0002784790,1,0.989570,1
D_0002784853,0,0.142341,0
D_0002785231,0,0.248264,0
D_0002785294,1,0.999292,1
D_0002785546,1,0.999921,1
D_0002786407,1,0.254193,0
D_0002787184,0,0.998090,1
D_0002788486,1,0.999792,1
D_0002788507,0,0.057037,0
D_0002788864,0,0.088652,0
D_0002789074,0,0.162669,0
D_0002789368,0,0.083940,0
D_0002789893,0,0.071020,0
D_0002790292,1,0.999816,1
D_0002790418,0,0.133014,0
D_0002790481,0,0.994384,1
D_0002790796,0,0.152246,0
D_0002790943,1,0.148309,0
D_0002791363,1,0.182748,0
D_0002791573,1,0.989017,1
D_0002791951,1,0.994022,1
D_0002792098,0,0.314357,0
D_0002792182,1,0.999083,1
D_0002792518,1,0.999766,1
D_0002792581,1,0.978769,1
D_0002792728,0,0.159601,0
D_0002793295,1,0.999619,1
D_0002794303,1,0.968366,1
D_0002794387,1,0.982311,1
D_0002794471,0,0.127004,0
D_0002794723,1,0.999736,1
D_0002795584,1,0.999954,1
D_0002795605,0,0.616827,0
D_0002796088,0,0.177284,0
D_0002796256,0,0.137526,0
D_0002796277,1,0.997807,1
D_0002796319,0,0.187727,0
D_0002796340,0,0.056991,0
D_0002796634,1,0.987107,1
D_0002797600,0,0.052756,0
D_0002797789,1,0.999792,1
D_0002798251,0,0.153164,0
D_0002798377,1,0.987440,1
D_0002798419,1,0.993697,1
D_0002798587,1,0.978705,1
D_0002798692,1,0.998113,1
D_0002798881,0,0.061421,0
D_0002799490,0,0.108209,0
D_0002799553,1,0.998985,1
D_0002799637,1,0.996245,1
D_0002799784,0,0.090888,0
D_0002799889,0,0.118042,0
D_0002800120,0,0.021336,0
D_0002800414,1,0.997950,1
D_0002800456,0,0.023778,0
D_0002801086,1,0.994985,1
D_0002801233,1,0.998656,1
D_0002801296,0,0.077063,0
D_0002801422,0,0.262269,0
D_0002801569,0,0.136048,0
D_0002801863,0,0.064461,0
D_0002802220,1,0.995869,1
D_0002802598,0,0.265133,0
D_0002802619,0,0.071052,0
D_0002803816,1,0.999738,1
D_0002804173,1,0.998608,1
D_0002804278,1,0.999888,1
D_0002804572,1,0.999707,1
D_0002804614,1,0.999731,1
D_0002804992,0,0.301613,0
D_0002805013,0,0.056625,0
D_0002805118,0,0.112211,0
D_0002805202,0,0.093594,0
D_0002805349,1,0.999925,1
D_0002805727,1,0.963372,1
D_0002806000,1,0.999539,1
D_0002806441,0,0.080254,0
D_0002807365,0,0.395640,0
D_0002807743,0,0.131528,0
D_0002808121,0,0.865096,1
D_0002809108,1,0.999692,1
D_0002809150,0,0.084527,0
D_0002809213,0,0.062399,0
D_0002809570,0,0.949433,1
D_0002810137,0,0.412112,0
D_0002810263,1,0.952836,1
D_0002810347,0,0.195417,0
D_0002810557,0,0.146306,0
D_0002810620,1,0.379842,0
D_0002810788,1,0.982019,1
D_0002810872,1,0.996054,1
D_0002811838,1,0.996518,1
D_0002812867,0,0.305027,0
D_0002813077,0,0.161413,0
D_0002813098,1,0.623470,0
D_0002813350,1,0.999900,1
D_0002813833,1,0.943418,1
D_0002813959,1,0.980245,1
D_0002814127,0,0.080553,0
D_0002814211,0,0.149522,0
D_0002814778,1,0.453476,0
D_0002815156,1,0.999011,1
D_0002815891,1,0.196504,0
D_0002816437,1,0.999478,1
D_0002816584,0,0.534447,0
D_0002816815,1,0.999872,1
D_0002817277,1,0.998828,1
D_0002818054,0,0.123495,0
D_0002818306,0,0.813701,1
D_0002818453,0,0.972634,1
D_0002818621,0,0.199489,0
D_0002818705,0,0.076608,0
D_0002818789,1,0.999832,1
D_0002818957,1,0.999924,1
D_0002819923,1,0.188391,0
D_0002820364,0,0.022835,0
D_0002820700,1,0.251649,0
D_0002821015,1,0.211806,0
D_0002821477,1,0.998950,1
D_0002821687,1,0.996719,1
D_0002821939,0,0.124900,0
D_0002822380,1,0.989949,1
D_0002822464,1,0.989463,1
D_0002823178,1,0.997722,1
D_0002823199,0,0.185144,0
D_0002823451,1,0.998968,1
D_0002823682,1,0.999944,1
D_0002823955,0,0.154386,0
D_0002824438,1,0.999494,1
D_0002824501,1,0.994943,1
D_0002824921,0,0.285219,0
D_0002825383,1,0.999427,1
D_0002825614,0,0.094322,0
D_0002825845,0,0.419271,0
D_0002825908,0,0.047024,0
D_0002826076,0,0.956907,1
D_0002826223,1,0.999516,1
D_0002826244,0,0.164867,0
D_0002826433,0,0.409391,0
D_0002826706,1,0.997270,1
D_0002826811,0,0.994361,1
D_0002826874,0,0.124796,0
D_0002827000,1,0.999954,1
D_0002827315,0,0.031096,0
D_0002827399,0,0.121670,0
D_0002827819,1,0.996743,1
D_0002828008,0,0.167529,0
D_0002828827,1,0.193706,0
D_0002829079,1,0.140221,0
D_0002829520,1,0.999250,1
D_0002829562,1,0.880408,1
D_0002829730,1,0.996356,1
D_0002829793,1,0.999067,1
D_0002829940,0,0.065817,0
D_0002830024,0,0.299602,0
D_0002831158,1,0.999951,1
D_0002831473,1,0.999639,1
D_0002831494,0,0.077215,0
D_0002831557,0,0.312782,0
D_0002831851,1,0.999361,1
D_0002832628,0,0.373251,0
D_0002832817,0,0.083005,0
D_0002833216,1,0.998024,1
D_0002833300,0,0.134454,0
D_0002834560,0,0.079814,0
D_0002834728,1,0.999623,1
D_0002834875,0,0.058974,0
D_0002835274,0,0.281043,0
D_0002835904,0,0.031904,0
D_0002836198,1,0.998304,1
D_0002836429,1,0.996891,1
D_0002837101,0,0.081474,0
D_0002837164,1,0.995778,1
D_0002837227,1,0.999128,1
D_0002837542,1,0.999977,1
D_0002837689,0,0.131302,0
D_0002838046,0,0.181155,0
D_0002838193,1,0.999260,1
D_0002838382,1,0.992165,1
D_0002838529,1,0.999967,1
D_0002839138,1,0.997994,1
D_0002839558,1,0.992000,1
D_0002839642,0,0.187729,0
D_0002839747,1,0.475140,0
D_0002840188,1,0.969321,1
D_0002840272,1,0.115038,0
D_0002840461,0,0.376600,0
D_0002840671,1,0.998762,1
D_0002840713,1,0.999972,1
D_0002840776,0,0.878565,1
D_0002840797,1,0.993323,1
D_0002841616,0,0.153788,0
D_0002841763,1,0.204997,0
D_0002842141,1,0.649556,0
D_0002843527,0,0.213309,0
D_0002843779,0,0.084048,0
D_0002844010,0,0.981568,1
D_0002844451,1,0.999198,1
D_0002844766,1,0.998301,1
D_0002844787,0,0.149141,0
D_0002844871,1,0.999292,1
D_0002845018,1,0.121608,0
D_0002845144,0,0.285754,0
D_0002845228,0,0.131191,0
D_0002845396,0,0.128861,0
D_0002845438,1,0.996406,1
D_0002846215,0,0.106067,0
D_0002846509,0,0.187082,0
D_0002846971,1,0.999126,1
D_0002847349,1,0.475604,0
D_0002847475,0,0.354875,0
D_0002847727,0,0.979102,1
D_0002848546,0,0.047980,0
D_0002848714,0,0.080904,0
D_0002850100,1,0.997808,1
D_0002850163,0,0.099818,0
D_0002850205,1,0.995262,1
D_0002850625,1,0.998719,1
D_0002850730,1,0.999382,1
D_0002851444,0,0.106164,0
D_0002851633,1,0.137871,0
D_0002851696,1,0.999210,1
D_0002853145,0,0.193064,0
D_0002853166,1,0.999400,1
D_0002853187,0,0.100366,0
D_0002853418,1,0.988334,1
D_0002853859,1,0.999975,1
D_0002853901,1,0.994978,1
D_0002854279,1,0.996744,1
D_0002854636,1,0.999880,1
D_0002855266,0,0.073439,0
D_0002855371,0,0.058097,0
D_0002855896,0,0.843013,1
D_0002856148,0,0.374224,0
D_0002856190,1,0.997611,1
D_0002856211,0,0.058565,0
D_0002856547,1,0.078542,0
D_0002856988,1,0.997743,1
D_0002857051,0,0.097687,0
D_0002857261,1,0.038469,0
D_0002857597,1,0.998606,1
D_0002857786,1,0.999576,1
D_0002858143,0,0.052721,0
D_0002858542,1,0.999536,1
D_0002859025,0,0.161290,0
D_0002859550,1,0.999065,1
D_0002859865,1,0.996446,1
D_0002859991,1,0.996638,1
D_0002860096,1,0.997928,1
D_0002860621,1,0.998667,1
D_0002860978,1,0.999765,1
D_0002861209,1,0.999272,1
D_0002861314,0,0.218035,0
D_0002861335,1,0.331889,0
D_0002861902,1,0.224935,0
D_0002862763,0,0.205828,0
D_0002863183,0,0.112423,0
D_0002863393,1,0.970309,1
D_0002863876,1,0.999597,1
D_0002863918,1,0.999444,1
D_0002864086,1,0.999929,1
D_0002864212,0,0.090211,0
D_0002864233,0,0.196037,0
D_0002864506,0,0.314759,0
D_0002865010,0,0.161118,0
D_0002865220,0,0.475880,0
D_0002865283,1,0.208827,0
D_0002865598,1,0.126439,0
D_0002866060,0,0.681073,1
D_0002866711,1,0.179511,0
D_0002866942,1,0.989700,1
D_0002867089,0,0.254834,0
D_0002867824,0,0.682922,1
D_0002867950,0,0.135460,0
D_0002868055,0,0.115975,0
D_0002868160,0,0.103920,0
D_0002868517,0,0.019155,0
D_0002868664,0,0.888118,1
D_0002868748,0,0.219550,0
D_0002868895,0,0.092194,0
D_0002869420,1,0.999123,1
D_0002870092,1,0.989172,1
D_0002870155,1,0.997119,1
D_0002870512,0,0.160998,0
D_0002870575,1,0.998763,1
D_0002870806,1,0.999694,1
D_0002870932,1,0.215779,0
D_0002871037,1,0.992707,1
D_0002871142,0,0.090994,0
D_0002871184,0,0.149464,0
D_0002871814,1,0.998306,1
D_0002871856,0,0.162935,0
D_0002872087,1,0.999315,1
D_0002872255,0,0.683680,1
D_0002872759,0,0.138447,0
D_0002873011,0,0.093262,0
D_0002873095,0,0.217972,0
D_0002873494,0,0.078094,0
D_0002874187,1,0.998448,1
D_0002874355,1,0.999666,1
D_0002874460,1,0.990483,1
D_0002874544,1,0.744257,1
D_0002874733,1,0.975128,1
D_0002874922,1,0.292039,0
D_0002875006,1,0.998199,1
D_0002875804,1,0.999089,1
D_0002875909,1,0.999985,1
D_0002876854,0,0.062530,0
D_0002877127,1,0.999878,1
D_0002877169,0,0.137997,0
D_0002877211,1,0.115415,0
D_0002877253,1,0.998504,1
D_0002877715,1,0.999929,1
D_0002878198,1,0.997285,1
D_0002878303,0,0.170798,0
D_0002878471,0,0.138927,0
D_0002878513,1,0.957829,1
D_0002878807,0,0.181527,0
D_0002879332,0,0.183544,0
D_0002879458,1,0.994036,1
D_0002879605,1,0.999841,1
D_0002879731,0,0.155956,0
D_0002881348,0,0.238866,0
D_0002881432,0,0.100947,0
D_0002881453,1,0.999219,1
D_0002881852,1,0.995281,1
D_0002881957,0,0.086958,0
D_0002882209,0,0.238492,0
D_0002882377,0,0.037323,0
D_0002882650,1,0.991363,1
D_0002882671,1,0.999206,1
D_0002883280,0,0.077024,0
D_0002883301,1,0.999760,1
D_0002884162,1,0.998906,1
D_0002884435,0,0.019860,0
D_0002884477,1,0.999189,1
D_0002885149,0,0.130688,0
D_0002885170,1,0.995780,1
D_0002885296,1,0.990795,1
D_0002885464,1,0.996730,1
D_0002885800,0,0.075594,0
D_0002886367,1,0.998324,1
D_0002886577,1,0.999757,1
D_0002886619,1,0.996353,1
D_0002887501,0,0.443092,0
D_0002887795,1,0.225399,0
D_0002888173,0,0.097261,0
D_0002888656,0,0.110390,0
D_0002888698,0,0.149954,0
D_0002888929,0,0.097904,0
D_0002889727,0,0.194111,0
D_0002889748,1,0.934132,1
D_0002889811,0,0.090134,0
D_0002889916,1,0.999485,1
D_0002890546,0,0.288198,0
D_0002890861,0,0.589386,0
D_0002890966,0,0.176220,0
D_0002890987,1,0.971476,1
D_0002891071,0,0.118945,0
D_0002891176,1,0.079371,0
D_0002891197,0,0.092362,0
D_0002891764,0,0.087541,0
D_0002892352,1,0.999667,1
D_0002893318,1,0.999699,1
D_0002893423,1,0.999995,1
D_0002893465,1,0.996910,1
D_0002893591,1,0.045391,0
D_0002893843,1,0.999940,1
D_0002894452,1,0.995974,1
D_0002894536,1,0.998948,1
D_0002895166,0,0.082063,0
D_0002895418,1,0.995538,1
D_0002895712,1,0.992171,1
D_0002896195,1,0.676941,1
D_0002896615,0,0.152138,0
D_0002896783,1,0.993849,1
D_0002896993,1,0.998994,1
D_0002897245,0,0.079492,0
D_0002897413,0,0.026362,0
D_0002897560,0,0.072523,0
D_0002897686,1,0.998987,1
D_0002897854,0,0.077461,0
D_0002897938,1,0.189180,0
D_0002898232,1,0.999101,1
D_0002898358,0,0.030134,0
D_0002898379,1,0.908065,1
D_0002898589,1,0.998072,1
D_0002898778,1,0.999561,1
D_0002899429,1,0.999949,1
D_0002899471,0,0.198225,0
D_0002899828,0,0.086200,0
D_0002900017,1,0.981044,1
D_0002900458,1,0.999884,1
D_0002901088,1,0.999354,1
D_0002901319,1,0.999970,1
D_0002901361,1,0.999691,1
D_0002901529,1,0.878892,1
D_0002902558,1,0.999973,1
D_0002902768,1,0.995767,1
D_0002903146,1,0.999884,1
D_0002903209,1,0.999349,1
D_0002903230,1,0.999989,1
D_0002903377,0,0.078557,0
D_0002903545,1,0.992250,1
D_0002903839,0,0.098381,0
D_0002904637,1,0.999781,1
D_0002904721,1,0.992881,1
D_0002904763,1,0.112144,0
D_0002905477,0,0.050269,0
D_0002905519,1,0.999721,1
D_0002906044,1,0.876573,1
D_0002906086,0,0.056984,0
D_0002906548,1,0.998257,1
D_0002906590,1,0.999980,1
D_0002906737,1,0.974775,1
D_0002906800,1,0.999820,1
D_0002907262,1,0.998345,1
D_0002907325,1,0.982804,1
D_0002907430,0,0.188008,0
D_0002907976,1,0.999789,1
D_0002908081,0,0.096216,0
D_0002908102,0,0.231174,0
D_0002908144,0,0.163387,0
D_0002908501,0,0.904579,1
D_0002908627,0,0.055784,0
D_0002908837,1,0.999574,1
D_0002909005,0,0.248980,0
D_0002909026,0,0.086212,0
D_0002910118,0,0.151478,0
D_0002910286,0,0.202309,0
D_0002910307,1,0.999915,1
D_0002910664,1,0.997214,1
D_0002911315,0,0.330853,0
D_0002911630,0,0.216838,0
D_0002911840,1,0.995445,1
D_0002911861,0,0.089347,0
D_0002912071,1,0.995470,1
D_0002912260,0,0.090925,0
D_0002912743,0,0.114946,0
D_0002912827,0,0.106749,0
D_0002913583,1,0.998273,1
D_0002913625,0,0.066341,0
D_0002913793,0,0.090784,0
D_0002913919,1,0.988729,1
D_0002914717,1,0.999815,1
D_0002914843,0,0.054255,0
D_0002915200,1,0.970924,1
D_0002915305,1,0.988647,1
D_0002915347,0,0.205597,0
D_0002915935,0,0.231252,0
D_0002916670,0,0.127746,0
D_0002917279,0,0.759153,1
D_0002917405,1,0.753208,1
D_0002917426,0,0.827873,1
D_0002917531,0,0.066468,0
D_0002918035,0,0.149201,0
D_0002918098,0,0.064217,0
D_0002918119,1,0.983095,1
D_0002918182,0,0.195480,0
D_0002918224,1,0.958584,1
D_0002918266,0,0.601808,0
D_0002918308,0,0.094459,0
D_0002919085,1,0.999991,1
D_0002919505,1,0.994860,1
D_0002919547,1,0.996978,1
D_0002919631,1,0.158981,0
D_0002920051,1,0.999897,1
D_0002920135,1,0.999455,1
D_0002920156,0,0.075329,0
D_0002920303,1,0.120570,0
D_0002920534,1,0.999881,1
D_0002920576,1,0.997185,1
D_0002920828,1,0.794705,1
D_0002921227,1,0.999361,1
D_0002921437,0,0.060314,0
D_0002921731,1,0.993754,1
D_0002921857,0,0.080326,0
D_0002921941,1,0.997204,1
D_0002922046,1,0.999963,1
D_0002922592,0,0.085122,0
D_0002922865,1,0.999505,1
D_0002922907,1,0.999531,1
D_0002923201,0,0.854764,1
D_0002923306,0,0.115989,0
D_0002923558,0,0.118773,0
D_0002923789,1,0.999837,1
D_0002924020,0,0.201467,0
D_0002924104,1,0.986704,1
D_0002924167,0,0.612748,0
D_0002924839,0,0.070605,0
D_0002925238,1,0.999884,1
D_0002925553,0,0.219977,0
D_0002925616,1,0.988642,1
D_0002925658,0,0.142056,0
D_0002925826,0,0.062162,0
D_0002925868,1,0.999860,1
D_0002925889,0,0.475341,0
D_0002925910,0,0.211198,0
D_0002926267,0,0.107548,0
D_0002926435,0,0.118678,0
D_0002926981,1,0.627368,0
D_0002927002,1,0.999577,1
D_0002927107,1,0.999986,1
D_0002927317,1,0.076194,0
D_0002927569,0,0.096184,0
D_0002927653,1,0.980224,1
D_0002927884,1,0.997129,1
D_0002928304,0,0.132461,0
D_0002928514,1,0.991100,1
D_0002928535,0,0.185379,0
D_0002928577,0,0.040801,0
D_0002928745,1,0.055162,0
D_0002929858,1,0.993421,1
D_0002929879,1,0.999939,1
D_0002930299,1,0.996107,1
D_0002930383,0,0.394791,0
D_0002930656,1,0.991624,1
D_0002930698,1,0.979283,1
D_0002930908,1,0.999328,1
D_0002930971,1,0.184249,0
D_0002931202,1,0.996134,1
D_0002931286,1,0.993948,1
D_0002931328,0,0.085105,0
D_0002931391,1,0.993475,1
D_0002931517,1,0.998681,1
D_0002931559,1,0.999495,1
D_0002933092,1,0.999803,1
D_0002933197,0,0.795464,1
D_0002933365,0,0.388858,0
D_0002933428,0,0.055814,0
D_0002934835,0,0.110951,0
D_0002934856,0,0.925339,1
D_0002935003,1,0.994209,1
D_0002935045,0,0.129243,0
D_0002935129,0,0.156277,0
D_0002935696,0,0.039958,0
D_0002935906,1,0.998306,1
D_0002935927,0,0.101763,0
D_0002936158,1,0.998277,1
D_0002936200,0,0.732719,1
D_0002936578,0,0.308457,0
D_0002936767,1,0.946188,1
D_0002936788,1,0.987605,1
D_0002936872,1,0.915426,1
D_0002937313,1,0.999581,1
D_0002937649,1,0.988585,1
D_0002937670,0,0.923655,1
D_0002937691,1,0.993393,1
D_0002937985,0,0.082583,0
D_0002938426,1,0.999603,1
D_0002938447,1,0.999215,1
D_0002938594,1,0.994808,1
D_0002938993,1,0.985813,1
D_0002939203,1,0.999959,1
D_0002939245,0,0.190744,0
D_0002939371,1,0.986151,1
D_0002939602,1,0.956580,1
D_0002939896,0,0.007359,0
D_0002939917,0,0.031511,0
D_0002940526,0,0.131752,0
D_0002940736,1,0.999939,1
D_0002940883,0,0.078431,0
D_0002941156,0,0.999944,1
D_0002941177,1,0.986554,1
D_0002941303,1,0.999235,1
D_0002941597,1,0.999179,1
D_0002941954,1,0.995016,1
D_0002942269,0,0.166255,0
D_0002942374,0,0.039275,0
D_0002942395,1,0.956727,1
D_0002942584,1,0.999887,1
D_0002942794,0,0.122817,0
D_0002943298,1,0.971056,1
D_0002943319,0,0.183058,0
D_0002943445,0,0.100064,0
D_0002943970,0,0.907963,1
D_0002944243,1,0.998862,1
D_0002944516,0,0.053138,0
D_0002944705,1,0.999144,1
D_0002944852,0,0.789634,1
D_0002944957,1,0.039413,0
D_0002945209,1,0.999910,1
D_0002945230,1,0.973729,1
D_0002945293,1,0.995627,1
D_0002945335,0,0.051131,0
D_0002945461,1,0.997315,1
D_0002945482,0,0.404046,0
D_0002945629,1,0.988368,1
D_0002945755,0,0.166810,0
D_0002945839,1,0.999563,1
D_0002946553,1,0.993858,1
D_0002946616,1,0.997162,1
D_0002946868,0,0.108963,0
D_0002948002,1,0.999935,1
D_0002948296,1,0.998627,1
D_0002948422,0,0.081490,0
D_0002948884,0,0.723542,1
D_0002948968,0,0.249747,0
D_0002949241,0,0.177406,0
D_0002949787,0,0.061594,0
D_0002949808,1,0.990373,1
D_0002950543,0,0.064532,0
D_0002950627,1,0.999681,1
D_0002950690,1,0.999015,1
D_0002950900,1,0.060458,0
D_0002951425,0,0.126771,0
D_0002951677,0,0.072605,0
D_0002951971,0,0.123242,0
D_0002952118,1,0.998364,1
D_0002952874,1,0.994792,1
D_0002953021,1,0.994022,1
D_0002953756,0,0.665375,0
D_0002953777,1,0.999447,1
D_0002954113,1,0.998686,1
D_0002954134,1,0.993924,1
D_0002954260,0,0.149255,0
D_0002954428,0,0.130977,0
D_0002954827,1,0.287209,0
D_0002955247,0,0.234428,0
D_0002955394,1,0.163355,0
D_0002955499,1,0.214445,0
D_0002955856,0,0.083500,0
D_0002956045,1,0.999980,1
D_0002956423,0,0.162290,0
D_0002956444,0,0.198081,0
D_0002956528,1,0.987247,1
D_0002957620,0,0.113835,0
D_0002957956,1,0.999731,1
D_0002957977,0,0.007695,0
D_0002958040,1,0.999921,1
D_0002958124,1,0.997389,1
D_0002958565,1,0.999446,1
D_0002958649,0,0.539932,0
D_0002958922,0,0.202577,0
D_0002959300,1,0.995670,1
T_0000000011,0,0.964572,1
T_0000000021,0,0.433491,0
T_0000000027,1,0.997681,1
T_0000000049,0,0.279396,0
T_0000000052,1,0.999206,1
T_0000000077,1,0.977149,1
T_0000000078,1,0.987879,1
T_0000000101,1,0.999948,1
T_0000000127,0,0.050887,0
T_0000000134,0,0.034296,0
T_0000000153,1,0.604290,0
T_0000000159,1,0.999267,1
T_0000000193,1,0.998508,1
T_0000000221,0,0.097946,0
T_0000000226,1,0.981865,1
T_0000000271,0,0.034087,0
T_0000000281,1,0.999469,1
T_0000000318,0,0.054960,0
T_0000000331,0,0.581039,0
T_0000000345,1,0.551264,0
T_0000000349,1,0.674329,0
T_0000000359,0,0.045820,0
T_0000000375,1,0.999209,1
T_0000000405,0,0.096132,0
T_0000000433,1,0.999717,1
T_0000000443,1,0.992890,1
T_0000000465,0,0.033344,0
T_0000000507,0,0.027978,0
T_0000000521,1,0.996883,1
T_0000000539,0,0.052034,0
T_0000000556,1,0.991602,1
T_0000000566,1,0.996823,1
T_0000000571,0,0.041354,0
T_0000000612,0,0.138538,0
T_0000000634,1,0.991799,1
T_0000000636,1,0.994334,1
T_0000000651,0,0.221145,0
T_0000000661,0,0.131065,0
T_0000000669,1,0.999436,1
T_0000000670,1,0.998718,1
T_0000000691,1,0.992555,1
T_0000000706,1,0.997540,1
T_0000000739,0,0.056838,0
T_0000000760,1,0.995161,1
T_0000000780,1,0.974350,1
T_0000000897,1,0.999944,1
T_0000000906,1,0.995255,1
T_0000000909,1,0.993937,1
T_0000000914,1,0.999581,1
T_0000000961,1,0.999974,1
T_0000001003,1,0.649400,0
T_0000001004,1,0.997050,1
T_0000001063,1,0.999932,1
T_0000001066,1,0.960253,1
T_0000001074,1,0.999548,1
T_0000001076,1,0.999622,1
T_0000001122,1,0.997151,1
T_0000001141,1,0.999701,1
T_0000001144,0,0.046126,0
T_0000001170,1,0.478022,0
T_0000001218,1,0.819470,1
T_0000001232,1,0.984670,1
T_0000001274,1,0.996305,1
T_0000001281,1,0.999769,1
T_0000001301,0,0.215051,0
T_0000001370,0,0.613768,0
T_0000001371,1,0.998869,1
T_0000001387,0,0.085349,0
T_0000001404,0,0.127471,0
T_0000001443,0,0.058814,0
T_0000001465,0,0.041777,0
T_0000001482,1,0.806723,1
T_0000001503,0,0.054116,0
T_0000001507,1,0.980435,1
T_0000001520,0,0.048935,0
T_0000001530,1,0.998308,1
T_0000001540,0,0.049336,0
T_0000001576,1,0.995873,1
T_0000001581,0,0.090371,0
T_0000001604,1,0.987925,1
T_0000001646,0,0.043503,0
T_0000001718,0,0.713474,1
T_0000001722,0,0.038352,0
T_0000001742,1,0.994273,1
T_0000001752,0,0.100942,0
T_0000001769,1,0.759147,1
T_0000001778,1,0.204448,0
T_0000001800,1,0.995952,1
T_0000001804,1,0.998212,1
T_0000001838,1,0.714224,1
T_0000001840,1,0.997742,1
T_0000001908,0,0.422802,0
T_0000001910,1,0.999328,1
T_0000001926,1,0.999549,1
T_0000001947,1,0.998794,1
T_0000001957,0,0.095667,0
T_0000001972,1,0.997442,1
T_0000001975,0,0.093748,0
T_0000001983,1,0.998891,1
T_0000002007,1,0.999626,1
T_0000002012,1,0.947588,1
T_0000002043,1,0.945074,1
T_0000002097,1,0.997639,1
T_0000002140,1,0.999943,1
T_0000002191,0,0.100453,0
T_0000002233,0,0.486301,0
T_0000002278,0,0.252538,0
T_0000002303,1,0.998176,1
T_0000002305,1,0.998770,1
T_0000002351,1,0.988971,1
T_0000002396,1,0.998559,1
T_0000002398,0,0.013287,0
T_0000002429,1,0.998097,1
T_0000002431,0,0.042114,0
T_0000002434,1,0.998746,1
T_0000002458,0,0.111657,0
T_0000002477,0,0.051140,0
T_0000002523,0,0.026165,0
T_0000002558,1,0.999918,1
T_0000002562,0,0.058218,0
T_0000002579,1,0.887162,1
T_0000002584,1,0.999970,1
T_0000002585,0,0.959243,1
T_0000002587,1,0.992217,1
T_0000002590,0,0.061573,0
T_0000002606,0,0.012225,0
T_0000002610,1,0.999088,1
T_0000002615,1,0.988481,1
T_0000002641,0,0.036513,0
T_0000002662,1,0.999598,1
T_0000002663,1,0.999483,1
T_0000002671,0,0.076337,0
T_0000002714,1,0.999180,1
T_0000002730,1,0.592613,0
T_0000002765,1,0.103572,0
T_0000002768,1,0.996558,1
T_0000002770,1,0.996970,1
T_0000002778,1,0.998357,1
T_0000002801,1,0.996240,1
T_0000002895,1,0.998715,1
T_0000002906,1,0.995025,1
T_0000002937,0,0.048127,0
T_0000002941,0,0.977655,1
T_0000002979,1,0.998993,1
T_0000002982,0,0.062513,0
T_0000003032,1,0.998070,1
T_0000003103,1,0.993239,1
T_0000003113,0,0.059481,0
T_0000003137,1,0.992873,1
T_0000003164,0,0.126496,0
T_0000003170,0,0.841224,1
T_0000003235,1,0.999413,1
T_0000003282,1,0.997957,1
T_0000003315,1,0.997774,1
T_0000003330,0,0.017995,0
T_0000003345,0,0.028510,0
T_0000003394,0,0.034616,0
T_0000003402,1,0.999874,1
T_0000003411,1,0.996890,1
T_0000003413,1,0.996757,1
T_0000003424,1,0.999704,1
T_0000003449,0,0.050604,0
T_0000003461,0,0.203164,0
T_0000003471,1,0.999976,1
T_0000003478,1,0.998297,1
T_0000003492,1,0.997701,1
T_0000003514,1,0.999960,1
T_0000003519,1,0.995139,1
T_0000003523,1,0.999517,1
T_0000003542,1,0.991045,1
T_0000003553,1,0.994038,1
T_0000003582,0,0.063713,0
T_0000003689,1,0.921226,1
T_0000003700,1,0.999149,1
T_0000003859,0,0.084813,0
T_0000003884,1,0.994211,1
T_0000003898,1,0.999898,1
T_0000003948,0,0.039807,0
T_0000004023,0,0.167475,0
T_0000004031,1,0.999943,1
T_0000004079,0,0.295862,0
T_0000004085,0,0.045719,0
T_0000004114,1,0.999311,1
T_0000004119,1,0.997151,1
T_0000004189,0,0.027363,0
T_0000004190,1,0.998058,1
T_0000004210,0,0.670671,0
T_0000004240,1,0.999309,1
T_0000004254,0,0.043098,0
T_0000004255,0,0.053992,0
T_0000004293,0,0.029322,0
T_0000004332,1,0.998129,1
T_0000004365,1,0.999959,1
T_0000004366,1,0.998573,1
T_0000004423,1,0.999372,1
T_0000004475,1,0.940739,1
T_0000004479,0,0.038415,0
T_0000004516,0,0.158117,0
T_0000004517,0,0.026775,0
T_0000004587,1,0.997603,1
T_0000004624,1,0.991274,1
T_0000004627,1,0.999850,1
T_0000004684,1,0.998913,1
T_0000004720,1,0.998918,1
T_0000004732,1,0.987159,1
T_0000004749,0,0.529719,0
T_0000004760,1,0.993655,1
T_0000004765,1,0.998220,1
T_0000004766,1,0.982365,1
T_0000004798,1,0.999749,1
T_0000004863,1,0.998820,1
T_0000004889,1,0.998755,1
T_0000004914,1,0.989514,1
T_0000004919,0,0.039192,0
T_0000004936,1,0.996606,1
T_0000004946,1,0.996738,1
T_0000005017,1,0.999744,1
T_0000005024,1,0.977274,1
T_0000005040,1,0.869179,1
T_0000005041,0,0.124198,0
T_0000005052,0,0.045059,0
T_0000005106,1,0.999985,1
T_0000005151,1,0.999409,1
T_0000005152,1,0.998580,1
T_0000005173,1,0.997507,1
T_0000005192,1,0.417996,0
T_0000005216,0,0.541692,0
T_0000005224,1,0.999923,1
T_0000005233,1,0.997434,1
T_0000005271,0,0.979689,1
T_0000005284,0,0.050771,0
T_0000005345,0,0.046087,0
T_0000005359,1,0.999547,1
T_0000005374,1,0.979391,1
T_0000005406,0,0.024786,0
T_0000005409,0,0.040958,0
T_0000005450,1,0.843499,1
T_0000005478,1,0.999650,1
T_0000005506,0,0.061113,0
T_0000005507,0,0.078525,0
T_0000005519,1,0.998367,1
T_0000005570,0,0.123152,0
T_0000005586,1,0.991887,1
T_0000005593,1,0.996407,1
T_0000005616,1,0.998813,1
T_0000005663,0,0.070490,0
T_0000005668,1,0.995897,1
T_0000005679,1,0.999600,1
T_0000005691,1,0.995065,1
T_0000005722,0,0.025690,0
T_0000005735,0,0.057940,0
T_0000005738,0,0.123659,0
T_0000005750,1,0.999713,1
T_0000005760,1,0.999335,1
T_0000005768,1,0.888210,1
T_0000005803,0,0.069274,0
T_0000005806,1,0.999167,1
T_0000005809,1,0.990622,1
T_0000005837,1,0.978404,1
T_0000005844,1,0.995955,1
T_0000005855,0,0.721466,1
T_0000005878,1,0.986122,1
T_0000005907,1,0.997260,1
T_0000005935,0,0.054765,0
T_0000005941,0,0.316496,0
T_0000005972,1,0.996417,1
T_0000005977,1,0.998911,1
T_0000006004,1,0.993717,1
T_0000006014,0,0.147482,0
T_0000006034,1,0.997652,1
T_0000006052,0,0.053937,0
T_0000006054,0,0.143782,0
T_0000006061,0,0.035117,0
T_0000006083,1,0.971795,1
T_0000006103,1,0.999186,1
T_0000006109,0,0.085190,0
T_0000006155,1,0.998838,1
T_0000006163,1,0.999556,1
T_0000006172,1,0.929900,1
T_0000006178,1,0.991444,1
T_0000006179,1,0.927115,1
T_0000006194,0,0.044208,0
T_0000006201,1,0.997597,1
T_0000006203,1,0.997935,1
T_0000006218,1,0.997542,1
T_0000006239,1,0.999538,1
T_0000006250,1,0.970501,1
T_0000006265,1,0.998886,1
T_0000006290,0,0.066786,0
T_0000006310,0,0.032517,0
T_0000006352,1,0.995081,1
T_0000006362,0,0.018612,0
T_0000006442,0,0.052467,0
T_0000006446,1,0.999962,1
T_0000006461,1,0.760223,1
T_0000006462,0,0.040919,0
T_0000006480,1,0.999945,1
T_0000006491,1,0.999873,1
T_0000006500,1,0.999733,1
T_0000006528,1,0.999025,1
T_0000006540,1,0.997987,1
T_0000006549,1,0.998622,1
T_0000006575,1,0.999310,1
T_0000006588,1,0.988597,1
T_0000006594,0,0.049557,0
T_0000006619,0,0.048800,0
T_0000006667,1,0.999792,1
T_0000006673,1,0.998636,1
T_0000006724,1,0.991744,1
T_0000006730,0,0.289303,0
T_0000006763,0,0.160345,0
T_0000006771,1,0.999941,1
T_0000006773,0,0.118262,0
T_0000006784,1,0.999953,1
T_0000006794,0,0.187622,0
T_0000006817,1,0.995773,1
T_0000006866,1,0.994232,1
T_0000006881,1,0.999554,1
T_0000006915,1,0.276962,0
T_0000006952,1,0.995831,1
T_0000006998,0,0.053093,0
T_0000007040,1,0.994246,1
T_0000007070,1,0.999938,1
T_0000007081,1,0.999319,1
T_0000007113,0,0.034840,0
T_0000007122,1,0.999949,1
T_0000007130,1,0.999330,1
T_0000007139,0,0.028379,0
T_0000007150,0,0.065589,0
T_0000007166,0,0.252798,0
T_0000007172,0,0.104715,0
T_0000007201,1,0.850150,1
T_0000007205,1,0.956665,1
T_0000007212,1,0.996729,1
T_0000007260,1,0.995974,1
T_0000007281,1,0.998562,1
T_0000007289,1,0.994458,1
T_0000007291,1,0.994207,1
T_0000007301,1,0.991279,1
T_0000007306,1,0.990242,1
T_0000007323,1,0.999931,1
T_0000007329,1,0.999824,1
T_0000007380,1,0.997859,1
T_0000007394,1,0.990488,1
T_0000007408,1,0.998909,1
T_0000007409,0,0.050238,0
T_0000007458,1,0.989417,1
T_0000007467,0,0.032642,0
T_0000007469,1,0.997025,1
T_0000007490,0,0.075614,0
T_0000007509,1,0.977899,1
T_0000007524,1,0.996719,1
T_0000007544,1,0.999020,1
T_0000007557,0,0.086510,0
T_0000007602,0,0.044596,0
T_0000007604,1,0.998903,1
T_0000007606,1,0.998116,1
T_0000007634,0,0.127516,0
T_0000007643,0,0.036113,0
T_0000007654,0,0.043371,0
T_0000007668,1,0.991768,1
T_0000007694,0,0.080706,0
T_0000007721,1,0.999972,1
T_0000007753,1,0.998710,1
T_0000007788,1,0.978776,1
T_0000007794,1,0.986045,1
T_0000007815,1,0.999871,1
T_0000007849,1,0.999557,1
T_0000007874,1,0.999852,1
T_0000007911,1,0.152970,0
T_0000007921,1,0.998599,1
T_0000007928,1,0.690697,1
T_0000007964,1,0.999307,1
T_0000007996,1,0.999739,1
T_0000008011,1,0.994341,1
T_0000008013,0,0.023379,0
T_0000008017,1,0.998239,1
T_0000008028,1,0.999886,1
T_0000008076,1,0.999742,1
T_0000008083,0,0.033079,0
T_0000008084,0,0.164412,0
T_0000008171,1,0.999797,1
T_0000008215,1,0.992417,1
T_0000008230,1,0.997033,1
T_0000008257,0,0.052600,0
T_0000008258,1,0.959951,1
T_0000008273,0,0.948241,1
T_0000008290,0,0.076197,0
T_0000008350,1,0.998967,1
T_0000008472,1,0.999257,1
T_0000008490,0,0.079389,0
T_0000008491,1,0.992590,1
T_0000008521,0,0.050288,0
T_0000008532,1,0.999870,1
T_0000008550,1,0.995890,1
T_0000008558,1,0.999943,1
T_0000008560,0,0.134813,0
T_0000008561,0,0.061524,0
T_0000008599,1,0.999129,1
T_0000008601,1,0.996343,1
T_0000008620,1,0.999429,1
T_0000008642,1,0.999746,1
T_0000008645,0,0.074141,0
T_0000008696,0,0.027719,0
T_0000008715,1,0.993261,1
T_0000008756,0,0.043313,0
T_0000008793,1,0.999888,1
T_0000008823,1,0.732529,1
T_0000008830,1,0.996598,1
T_0000008856,0,0.078270,0
T_0000008862,1,0.990783,1
T_0000008878,1,0.999530,1
T_0000008889,1,0.998872,1
T_0000008893,0,0.033780,0
T_0000008894,1,0.999707,1
T_0000008902,1,0.917922,1
T_0000008952,1,0.999980,1
T_0000008993,1,0.915031,1
T_0000009005,1,0.979489,1
T_0000009030,0,0.011747,0
T_0000009091,1,0.971602,1
T_0000009108,0,0.141173,0
T_0000009148,1,0.994726,1
T_0000009158,0,0.028184,0
T_0000009166,0,0.076889,0
T_0000009213,1,0.119552,0
T_0000009218,0,0.832768,1
T_0000009222,1,0.998267,1
T_0000009223,1,0.995608,1
T_0000009245,1,0.999875,1
T_0000009258,1,0.997619,1
T_0000009373,0,0.012217,0
T_0000009410,1,0.999048,1
T_0000009427,0,0.079075,0
T_0000009434,0,0.114819,0
T_0000009487,1,0.996741,1
T_0000009503,1,0.891850,1
T_0000009504,1,0.999516,1
T_0000009519,0,0.049401,0
T_0000009585,0,0.328167,0
T_0000009600,1,0.997680,1
T_0000009614,1,0.999899,1
T_0000009620,1,0.999691,1
T_0000009650,1,0.999816,1
T_0000009675,1,0.931955,1
T_0000009676,1,0.999670,1
T_0000009678,1,0.998173,1
T_0000009699,1,0.996378,1
T_0000009701,1,0.999793,1
T_0000009716,0,0.251070,0
T_0000009731,1,0.996966,1
T_0000009815,0,0.054228,0
T_0000009905,1,0.999556,1
T_0000009939,1,0.998823,1
T_0000009953,0,0.066460,0
T_0000009970,0,0.025422,0
T_0000010019,1,0.813550,1
T_0000010021,1,0.999073,1
T_0000010034,1,0.988430,1
T_0000010035,1,0.897240,1
T_0000010043,0,0.239590,0
T_0000010045,1,0.998085,1
T_0000010080,0,0.047518,0
T_0000010116,1,0.991449,1
T_0000010120,0,0.025775,0
T_0000010192,1,0.995287,1
T_0000010200,1,0.998442,1
T_0000010227,0,0.048781,0
T_0000010233,1,0.962430,1
T_0000010235,1,0.866849,1
T_0000010243,0,0.087374,0
T_0000010328,1,0.986632,1
T_0000010342,1,0.944330,1
T_0000010352,1,0.999252,1
T_0000010401,0,0.022509,0
T_0000010403,1,0.998554,1
T_0000010407,1,0.991857,1
T_0000010417,0,0.195220,0
T_0000010436,0,0.356216,0
T_0000010472,1,0.995925,1
T_0000010494,0,0.044587,0
T_0000010501,1,0.951875,1
T_0000010512,1,0.996530,1
T_0000010568,1,0.999641,1
T_0000010605,1,0.996957,1
T_0000010623,0,0.105051,0
T_0000010648,0,0.078155,0
T_0000010664,0,0.016406,0
T_0000010685,1,0.999212,1
T_0000010691,0,0.128735,0
T_0000010706,1,0.988879,1
T_0000010708,0,0.028772,0
T_0000010732,1,0.988154,1
T_0000010746,1,0.999438,1
T_0000010793,0,0.032485,0
T_0000010813,0,0.081781,0
T_0000010814,0,0.036271,0
T_0000010822,1,0.998738,1
T_0000010824,1,0.972999,1
T_0000010833,1,0.999892,1
T_0000010857,1,0.927994,1
T_0000010885,1,0.990557,1
T_0000010920,1,0.671145,0
T_0000010951,0,0.100897,0
T_0000010976,0,0.076969,0
T_0000010988,1,0.784187,1
T_0000010993,0,0.024204,0
T_0000011000,0,0.028014,0
T_0000011017,1,0.999429,1
T_0000011023,0,0.036346,0
T_0000011041,1,0.997652,1
T_0000011048,1,0.987295,1
T_0000011058,1,0.997280,1
T_0000011098,1,0.999181,1
T_0000011100,1,0.999187,1
T_0000011106,1,0.999218,1
T_0000011114,1,0.998811,1
T_0000011121,1,0.991933,1
T_0000011165,0,0.059965,0
T_0000011177,1,0.999148,1
T_0000011192,0,0.043497,0
T_0000011224,1,0.998806,1
T_0000011227,0,0.096972,0
T_0000011250,0,0.036740,0
T_0000011263,0,0.063748,0
T_0000011275,1,0.999592,1
T_0000011319,1,0.999061,1
T_0000011322,1,0.999538,1
T_0000011394,0,0.094244,0
T_0000011407,0,0.013437,0
T_0000011441,1,0.911564,1
T_0000011449,1,0.999788,1
T_0000011512,0,0.087734,0
T_0000011522,1,0.998687,1
T_0000011570,0,0.083002,0
T_0000011574,1,0.993669,1
T_0000011590,0,0.044351,0
T_0000011595,0,0.054622,0
T_0000011605,1,0.999872,1
T_0000011652,1,0.999737,1
T_0000011731,1,0.999303,1
T_0000011779,1,0.976677,1
T_0000011794,0,0.074829,0
T_0000011960,1,0.999130,1
T_0000011963,1,0.999903,1
T_0000011970,1,0.995925,1
T_0000011998,1,0.999978,1
T_0000011999,0,0.053518,0
T_0000012051,1,0.935152,1
T_0000012059,1,0.370514,0
T_0000012065,1,0.968997,1
T_0000012073,0,0.051690,0
T_0000012083,1,0.181129,0
T_0000012086,1,0.985512,1
T_0000012123,0,0.041432,0
T_0000012146,1,0.999910,1
T_0000012147,1,0.998277,1
T_0000012224,1,0.998863,1
T_0000012242,1,0.995440,1
T_0000012268,0,0.067337,0
T_0000012331,1,0.998509,1
T_0000012377,0,0.032995,0
T_0000012454,1,0.999564,1
T_0000012502,0,0.046336,0
T_0000012514,1,0.999699,1
T_0000012553,0,0.116682,0
T_0000012558,1,0.999611,1
T_0000012567,0,0.071471,0
T_0000012573,1,0.999890,1
T_0000012577,1,0.999841,1
T_0000012578,0,0.049609,0
T_0000012655,1,0.999684,1
T_0000012668,1,0.627104,0
T_0000012673,1,0.999825,1
T_0000012676,1,0.995189,1
T_0000012689,1,0.994249,1
T_0000012721,0,0.584289,0
T_0000012729,0,0.205131,0
T_0000012737,1,0.949089,1
T_0000012762,1,0.994996,1
T_0000012779,1,0.589299,0
T_0000012781,1,0.999373,1
T_0000012788,1,0.998889,1
T_0000012796,1,0.996686,1
T_0000012803,0,0.039035,0
T_0000012808,0,0.068562,0
T_0000012860,1,0.786079,1
T_0000012904,1,0.998787,1
T_0000012917,1,0.999182,1
T_0000012923,1,0.587374,0
T_0000012924,1,0.997989,1
T_0000012990,0,0.057352,0
T_0000013029,1,0.987356,1
T_0000013035,1,0.999938,1
T_0000013102,0,0.108306,0
T_0000013104,1,0.993613,1
T_0000013116,0,0.249856,0
T_0000013119,0,0.060664,0
T_0000013125,1,0.997246,1
T_0000013170,1,0.999953,1
T_0000013173,1,0.998071,1
T_0000013176,0,0.054518,0
T_0000013206,0,0.155012,0
T_0000013247,0,0.039824,0
T_0000013333,0,0.034755,0
T_0000013344,1,0.999281,1
T_0000013363,0,0.063815,0
T_0000013456,1,0.994473,1
T_0000013536,1,0.980812,1
T_0000013548,0,0.026623,0
T_0000013556,1,0.999953,1
T_0000013561,1,0.997977,1
T_0000013583,1,0.994702,1
T_0000013589,0,0.073912,0
T_0000013598,1,0.997711,1
T_0000013641,1,0.997819,1
T_0000013664,1,0.999872,1
T_0000013691,1,0.992250,1
T_0000013697,0,0.303483,0
T_0000013698,1,0.990240,1
T_0000013702,0,0.016931,0
T_0000013734,1,0.997590,1
T_0000013798,1,0.999656,1
T_0000013816,0,0.032022,0
T_0000013818,1,0.993370,1
T_0000013856,1,0.961026,1
T_0000013864,0,0.046554,0
T_0000013883,0,0.058073,0
T_0000013912,1,0.997526,1
T_0000013943,1,0.992508,1
T_0000013966,0,0.046733,0
T_0000013998,1,0.988357,1
T_0000014033,0,0.026612,0
T_0000014035,1,0.995827,1
T_0000014044,1,0.987150,1
T_0000014068,1,0.998985,1
T_0000014073,1,0.999809,1
T_0000014082,0,0.068299,0
T_0000014101,1,0.998331,1
T_0000014121,0,0.401688,0
T_0000014148,1,0.999974,1
T_0000014159,0,0.847839,1
T_0000014176,1,0.982283,1
T_0000014201,1,0.999920,1
T_0000014215,0,0.181647,0
T_0000014217,1,0.998767,1
T_0000014238,1,0.107901,0
T_0000014259,0,0.039666,0
T_0000014326,0,0.128196,0
T_0000014365,1,0.868851,1
T_0000014369,1,0.946934,1
T_0000014393,1,0.999254,1
T_0000014460,1,0.998927,1
T_0000014486,0,0.386385,0
T_0000014498,1,0.998484,1
T_0000014510,1,0.994030,1
T_0000014564,0,0.057821,0
T_0000014620,1,0.999905,1
T_0000014637,1,0.995886,1
T_0000014639,0,0.041376,0
T_0000014649,1,0.999702,1
T_0000014654,1,0.938773,1
T_0000014671,0,0.038412,0
T_0000014751,1,0.995679,1
T_0000014763,1,0.977680,1
T_0000014772,1,0.998281,1
T_0000014779,1,0.999326,1
T_0000014821,1,0.998235,1
T_0000014835,1,0.999811,1
T_0000014842,1,0.999243,1
T_0000014903,1,0.998917,1
T_0000014949,1,0.995856,1
T_0000014952,1,0.766726,1
T_0000014976,1,0.999323,1
T_0000015001,1,0.999418,1
T_0000015003,1,0.999261,1
T_0000015020,0,0.078841,0
T_0000015030,1,0.999447,1
T_0000015035,1,0.999326,1
T_0000015064,1,0.998556,1
T_0000015076,0,0.030316,0
T_0000015083,1,0.999225,1
T_0000015160,0,0.098275,0
T_0000015167,1,0.998318,1
T_0000015172,1,0.999748,1
T_0000015188,1,0.998296,1
T_0000015299,1,0.999965,1
T_0000015332,1,0.992892,1
T_0000015340,1,0.999870,1
T_0000015360,1,0.996557,1
T_0000015409,1,0.999370,1
T_0000015418,0,0.887161,1
T_0000015452,0,0.053386,0
T_0000015465,1,0.999659,1
T_0000015496,0,0.070887,0
T_0000015560,1,0.999588,1
T_0000015597,1,0.986445,1
T_0000015674,0,0.052422,0
T_0000015694,0,0.041216,0
T_0000015710,1,0.998453,1
T_0000015713,0,0.046274,0
T_0000015714,1,0.999266,1
T_0000015715,1,0.983918,1
T_0000015722,1,0.997024,1
T_0000015731,1,0.997731,1
T_0000015744,0,0.085549,0
T_0000015745,0,0.017572,0
T_0000015767,0,0.060663,0
T_0000015770,1,0.997303,1
T_0000015794,1,0.997982,1
T_0000015825,1,0.999893,1
T_0000015838,0,0.072569,0
T_0000015845,0,0.802844,1
T_0000015851,0,0.397523,0
T_0000015883,1,0.989437,1
T_0000015921,1,0.955568,1
T_0000015936,1,0.983727,1
T_0000015972,0,0.085848,0
T_0000015984,1,0.996202,1
T_0000015993,1,0.749982,1
T_0000015998,0,0.059009,0
T_0000016008,1,0.944499,1
T_0000016011,0,0.267115,0
T_0000016030,0,0.356632,0
T_0000016043,0,0.354171,0
T_0000016055,0,0.197976,0
T_0000016062,1,0.999154,1
T_0000016080,0,0.098422,0
T_0000016082,0,0.050117,0
T_0000016163,1,0.993120,1
T_0000016197,1,0.992171,1
T_0000016242,0,0.088466,0
T_0000016251,1,0.998490,1
T_0000016275,1,0.999920,1
T_0000016280,1,0.999502,1
T_0000016283,0,0.064095,0
T_0000016312,1,0.999725,1
T_0000016317,1,0.995050,1
T_0000016355,1,0.997142,1
T_0000016375,0,0.033367,0
T_0000016401,0,0.053913,0
T_0000016405,1,0.996613,1
T_0000016409,1,0.998206,1
T_0000016426,0,0.027661,0
T_0000016568,1,0.995041,1
T_0000016611,0,0.043891,0
T_0000016626,0,0.023064,0
T_0000016634,1,0.991504,1
T_0000016679,0,0.068674,0
T_0000016693,1,0.994184,1
T_0000016710,1,0.999949,1
T_0000016740,0,0.186673,0
T_0000016751,1,0.992716,1
T_0000016807,1,0.088991,0
T_0000016830,1,0.997002,1
T_0000016843,1,0.995665,1
T_0000016870,1,0.999364,1
T_0000016887,0,0.687827,1
T_0000016909,0,0.029858,0
T_0000016912,1,0.998377,1
T_0000016916,1,0.994555,1
T_0000016969,1,0.991897,1
T_0000016989,1,0.996780,1
T_0000017000,1,0.999979,1
T_0000017059,1,0.999379,1
T_0000017065,1,0.959446,1
T_0000017082,0,0.036629,0
T_0000017090,1,0.997925,1
T_0000017091,1,0.694022,1
T_0000017137,1,0.999511,1
T_0000017201,1,0.999989,1
T_0000017219,1,0.737127,1
T_0000017258,1,0.998458,1
T_0000017259,0,0.342643,0
T_0000017272,1,0.995926,1
T_0000017297,0,0.103327,0
T_0000017324,1,0.997647,1
T_0000017326,0,0.219192,0
T_0000017336,1,0.996925,1
T_0000017337,1,0.999373,1
T_0000017343,1,0.978700,1
T_0000017347,1,0.993216,1
T_0000017349,1,0.999946,1
T_0000017366,1,0.958150,1
T_0000017380,1,0.981248,1
T_0000017422,0,0.063267,0
T_0000017442,1,0.999496,1
T_0000017463,0,0.089537,0
T_0000017491,1,0.994271,1
T_0000017535,0,0.302773,0
T_0000017555,1,0.995078,1
T_0000017577,1,0.991707,1
T_0000017636,1,0.999812,1
T_0000017643,0,0.045183,0
T_0000017648,0,0.059123,0
T_0000017649,1,0.994501,1
T_0000017680,0,0.034956,0
T_0000017691,0,0.059059,0
T_0000017707,1,0.999978,1
T_0000017715,0,0.394819,0
T_0000017742,1,0.999373,1
T_0000017753,0,0.803546,1
T_0000017760,1,0.998228,1
T_0000017781,1,0.927615,1
T_0000017790,1,0.999984,1
T_0000017821,1,0.998428,1
T_0000017856,0,0.021225,0
T_0000017871,0,0.041958,0
T_0000017906,1,0.998144,1
T_0000017963,1,0.937238,1
T_0000017979,1,0.997024,1
T_0000018061,0,0.060025,0
T_0000018103,1,0.999507,1
T_0000018125,1,0.987411,1
T_0000018173,1,0.992416,1
T_0000018177,1,0.998617,1
T_0000018228,1,0.980864,1
T_0000018242,1,0.996835,1
T_0000018249,0,0.084379,0
T_0000018276,1,0.999210,1
T_0000018285,0,0.023873,0
T_0000018294,0,0.090735,0
T_0000018296,1,0.999263,1
T_0000018315,1,0.931988,1
T_0000018344,0,0.030333,0
T_0000018396,1,0.999577,1
T_0000018412,1,0.999192,1
T_0000018448,1,0.971606,1
T_0000018454,0,0.071530,0
T_0000018465,1,0.987352,1
T_0000018483,1,0.999005,1
T_0000018489,1,0.998444,1
T_0000018566,1,0.999746,1
T_0000018568,0,0.085169,0
T_0000018580,1,0.997061,1
T_0000018591,0,0.071926,0
T_0000018613,0,0.048510,0
T_0000018624,1,0.860032,1
T_0000018645,1,0.993946,1
T_0000018696,1,0.996332,1
T_0000018703,0,0.253780,0
T_0000018715,1,0.990976,1
T_0000018733,1,0.999399,1
T_0000018767,1,0.999284,1
T_0000018779,1,0.994141,1
T_0000018790,0,0.035526,0
T_0000018803,1,0.677513,1
T_0000018811,0,0.051002,0
T_0000018822,0,0.032774,0
T_0000018839,1,0.720151,1
T_0000018854,1,0.993959,1
T_0000018931,1,0.997878,1
T_0000018956,1,0.999760,1
T_0000019100,1,0.997431,1
T_0000019101,1,0.982567,1
T_0000019110,0,0.038870,0
T_0000019127,0,0.254900,0
T_0000019130,1,0.995605,1
T_0000019131,1,0.999754,1
T_0000019170,1,0.999900,1
T_0000019191,1,0.997916,1
T_0000019194,1,0.999623,1
T_0000019203,0,0.065612,0
T_0000019227,0,0.034767,0
T_0000019232,1,0.997360,1
T_0000019248,1,0.999294,1
T_0000019249,1,0.998736,1
T_0000019297,1,0.997025,1
T_0000019308,0,0.142272,0
T_0000019312,0,0.051897,0
T_0000019321,1,0.999820,1
T_0000019327,1,0.991904,1
T_0000019404,1,0.997086,1
T_0000019465,1,0.997115,1
T_0000019508,0,0.063051,0
T_0000019545,1,0.999808,1
T_0000019568,0,0.388656,0
T_0000019630,0,0.034251,0
T_0000019656,1,0.997060,1
T_0000019680,0,0.063982,0
T_0000019702,0,0.042550,0
T_0000019712,1,0.980663,1
T_0000019763,1,0.978811,1
T_0000019782,1,0.951556,1
T_0000019817,1,0.999501,1
T_0000019823,1,0.995823,1
T_0000019843,1,0.999274,1
T_0000019850,1,0.978671,1
T_0000019856,1,0.999171,1
T_0000019861,1,0.991612,1
T_0000019867,1,0.999452,1
T_0000019909,1,0.999374,1
T_0000019939,1,0.999003,1
T_0000019944,0,0.037549,0
T_0000019947,1,0.999224,1
T_0000019967,0,0.058862,0
T_0000019972,0,0.632531,0
T_0000020006,1,0.999564,1
T_0000020041,0,0.110146,0
T_0000020050,1,0.999943,1
T_0000020110,1,0.999944,1
T_0000020157,1,0.990842,1
T_0000020198,1,0.999061,1
T_0000020237,0,0.076108,0
T_0000020362,0,0.185930,0
T_0000020367,1,0.999743,1
T_0000020379,1,0.945339,1
T_0000020388,1,0.997128,1
T_0000020473,1,0.997035,1
T_0000020508,0,0.105306,0
T_0000020522,1,0.995712,1
T_0000020523,1,0.992282,1
T_0000020559,1,0.997570,1
T_0000020575,1,0.994673,1
T_0000020577,1,0.999431,1
T_0000020587,1,0.997170,1
T_0000020621,0,0.035922,0
T_0000020657,1,0.996702,1
T_0000020663,0,0.919398,1
T_0000020719,1,0.999109,1
T_0000020729,0,0.048096,0
T_0000020738,1,0.999811,1
T_0000020804,1,0.999703,1
T_0000020805,0,0.061338,0
T_0000020817,1,0.999382,1
T_0000020835,1,0.997197,1
T_0000020858,1,0.995237,1
T_0000020860,0,0.063383,0
T_0000020861,0,0.064224,0
T_0000020875,1,0.999098,1
T_0000020941,1,0.999172,1
T_0000020944,0,0.058488,0
T_0000020951,0,0.053001,0
T_0000020954,0,0.063009,0
T_0000021057,0,0.024710,0
T_0000021059,0,0.032014,0
T_0000021086,0,0.056485,0
T_0000021089,0,0.040201,0
T_0000021099,1,0.999727,1
T_0000021102,1,0.999921,1
T_0000021106,0,0.044671,0
T_0000021120,0,0.027540,0
T_0000021124,0,0.064055,0
T_0000021167,1,0.997833,1
T_0000021168,0,0.048879,0
T_0000021173,1,0.999161,1
T_0000021188,1,0.999987,1
T_0000021199,0,0.051480,0
T_0000021245,1,0.995909,1
T_0000021254,0,0.065363,0
T_0000021258,1,0.999777,1
T_0000021276,1,0.997541,1
T_0000021293,0,0.170208,0
T_0000021309,1,0.997693,1
T_0000021337,0,0.966986,1
T_0000021342,1,0.996672,1
T_0000021351,1,0.996557,1
T_0000021371,1,0.846084,1
T_0000021413,1,0.992555,1
T_0000021462,1,0.999762,1
T_0000021478,1,0.999985,1
T_0000021509,0,0.057374,0
T_0000021605,1,0.999549,1
T_0000021637,1,0.938210,1
T_0000021638,1,0.999655,1
T_0000021669,1,0.999967,1
T_0000021694,1,0.999325,1
T_0000021753,1,0.999292,1
T_0000021759,1,0.997688,1
T_0000021777,1,0.994904,1
T_0000021779,1,0.998990,1
T_0000021792,0,0.157832,0
T_0000021823,1,0.997893,1
T_0000021826,0,0.073380,0
T_0000021833,1,0.999735,1
T_0000021839,1,0.999954,1
T_0000021844,1,0.999990,1
T_0000021882,1,0.998017,1
T_0000021899,1,0.998142,1
T_0000021977,1,0.997229,1
T_0000021996,1,0.998417,1
T_0000022082,1,0.986251,1
T_0000022090,0,0.048437,0
T_0000022102,1,0.999590,1
T_0000022118,1,0.999144,1
T_0000022136,0,0.471172,0
T_0000022156,1,0.999932,1
T_0000022171,0,0.979158,1
T_0000022212,1,0.999953,1
T_0000022221,0,0.113901,0
T_0000022258,1,0.999615,1
T_0000022293,1,0.999687,1
T_0000022319,0,0.067802,0
T_0000022323,0,0.032072,0
T_0000022393,0,0.054893,0
T_0000022403,1,0.997270,1
T_0000022418,0,0.354127,0
T_0000022428,1,0.985427,1
T_0000022440,0,0.046617,0
T_0000022444,0,0.301850,0
T_0000022470,1,0.998453,1
T_0000022510,0,0.034129,0
T_0000022525,0,0.047790,0
T_0000022556,1,0.999729,1
T_0000022558,0,0.041673,0
T_0000022562,0,0.055733,0
T_0000022567,1,0.999702,1
T_0000022589,1,0.239953,0
T_0000022600,1,0.999300,1
T_0000022613,1,0.994695,1
T_0000022614,0,0.931671,1
T_0000022650,1,0.993338,1
T_0000022690,0,0.039080,0
T_0000022748,1,0.999871,1
T_0000022753,1,0.998802,1
T_0000022781,0,0.049948,0
T_0000022799,0,0.044630,0
T_0000022804,0,0.083094,0
T_0000022814,1,0.991996,1
T_0000022817,1,0.974276,1
T_0000022870,0,0.046745,0
T_0000022878,0,0.246319,0
T_0000022896,1,0.986076,1
T_0000022908,1,0.998820,1
T_0000022937,1,0.997509,1
T_0000022951,0,0.052336,0
T_0000022952,1,0.996011,1
T_0000023035,1,0.999387,1
T_0000023088,1,0.044756,0
T_0000023130,1,0.999268,1
T_0000023148,0,0.061541,0
T_0000023173,0,0.037041,0
T_0000023180,0,0.059594,0
T_0000023241,0,0.236371,0
T_0000023253,1,0.999928,1
T_0000023260,0,0.018823,0
T_0000023261,1,0.997829,1
T_0000023274,1,0.998047,1
T_0000023291,1,0.999292,1
T_0000023336,1,0.998962,1
T_0000023354,0,0.073519,0
T_0000023360,0,0.094707,0
T_0000023392,1,0.999420,1
T_0000023401,0,0.520886,0
T_0000023447,0,0.586359,0
T_0000023474,1,0.999712,1
T_0000023482,1,0.999881,1
T_0000023492,0,0.056446,0
T_0000023512,1,0.996069,1
T_0000023517,0,0.037099,0
T_0000023524,1,0.999548,1
T_0000023526,1,0.866130,1
T_0000023531,1,0.998904,1
T_0000023546,1,0.999760,1
T_0000023552,1,0.996752,1
T_0000023570,1,0.998046,1
T_0000023582,1,0.997790,1
T_0000023643,1,0.997322,1
T_0000023646,1,0.997784,1
T_0000023652,1,0.993709,1
T_0000023695,0,0.290600,0
T_0000023738,1,0.999494,1
T_0000023780,1,0.999687,1
T_0000023815,1,0.998216,1
T_0000023858,1,0.997745,1
T_0000023883,0,0.024651,0
T_0000023905,1,0.999284,1
T_0000023952,1,0.999966,1
T_0000023967,1,0.996988,1
T_0000023975,0,0.026877,0
T_0000023977,1,0.998090,1
T_0000024000,1,0.978931,1
T_0000024052,0,0.024077,0
T_0000024054,1,0.997850,1
T_0000024074,1,0.999384,1
T_0000024084,0,0.019090,0
T_0000024085,1,0.999450,1
T_0000024092,0,0.043480,0
T_0000024125,0,0.423998,0
T_0000024142,1,0.972606,1
T_0000024144,1,0.999834,1
T_0000024160,1,0.953824,1
T_0000024181,0,0.055921,0
T_0000024209,1,0.998871,1
T_0000024245,1,0.999244,1
T_0000024272,1,0.999610,1
T_0000024290,0,0.040409,0
T_0000024294,1,0.881236,1
T_0000024379,0,0.250488,0
T_0000024390,0,0.089218,0
T_0000024430,1,0.981509,1
T_0000024441,1,0.997184,1
T_0000024461,1,0.994638,1
T_0000024508,0,0.017256,0
T_0000024509,1,0.998490,1
T_0000024513,1,0.981401,1
T_0000024515,1,0.992578,1
T_0000024527,1,0.999786,1
T_0000024550,1,0.999639,1
T_0000024564,0,0.066757,0
T_0000024567,1,0.983833,1
T_0000024610,1,0.999871,1
T_0000024655,1,0.991299,1
T_0000024663,1,0.966968,1
T_0000024709,1,0.079421,0
T_0000024718,0,0.522573,0
T_0000024720,0,0.049200,0
T_0000024727,0,0.080998,0
T_0000024743,0,0.092325,0
T_0000024744,1,0.998742,1
T_0000024776,1,0.999035,1
T_0000024795,0,0.175318,0
T_0000024820,1,0.976918,1
T_0000024859,1,0.999526,1
T_0000024869,1,0.997247,1
T_0000024903,1,0.999891,1
T_0000024906,1,0.998996,1
T_0000024951,1,0.675628,1
T_0000024952,1,0.999678,1
T_0000024955,1,0.859018,1
T_0000024963,0,0.066594,0
T_0000024980,1,0.979632,1
T_0000024997,1,0.985253,1
T_0000025027,0,0.050056,0
T_0000025105,1,0.999792,1
T_0000025106,0,0.062065,0
T_0000025127,1,0.996290,1
T_0000025175,1,0.363226,0
T_0000025226,1,0.998086,1
T_0000025227,1,0.747026,1
T_0000025246,0,0.127501,0
T_0000025254,0,0.058330,0
T_0000025261,0,0.031932,0
T_0000025265,0,0.251812,0
T_0000025281,1,0.997082,1
T_0000025292,1,0.995913,1
T_0000025323,1,0.995364,1
T_0000025363,1,0.997808,1
T_0000025372,1,0.996939,1
T_0000025384,1,0.996427,1
T_0000025401,1,0.999826,1
T_0000025419,1,0.998632,1
T_0000025459,1,0.990386,1
T_0000025467,1,0.998302,1
T_0000025484,1,0.998022,1
T_0000025525,1,0.997417,1
T_0000025540,0,0.187083,0
T_0000025567,1,0.994572,1
T_0000025569,1,0.999124,1
T_0000025601,0,0.048016,0
T_0000025642,0,0.026973,0
T_0000025644,0,0.079425,0
T_0000025658,1,0.999337,1
T_0000025661,1,0.626405,0
T_0000025677,1,0.998672,1
T_0000025683,0,0.042290,0
T_0000025717,1,0.999794,1
T_0000025723,1,0.999708,1
T_0000025728,0,0.106014,0
T_0000025801,0,0.089691,0
T_0000025811,1,0.995789,1
T_0000025875,0,0.187386,0
T_0000025876,0,0.066305,0
T_0000025919,1,0.991368,1
T_0000025942,0,0.057386,0
T_0000025945,1,0.996237,1
T_0000025973,1,0.997365,1
T_0000025990,0,0.111325,0
T_0000025993,1,0.982294,1
T_0000025998,0,0.324818,0
T_0000026004,1,0.998204,1
T_0000026013,0,0.085259,0
T_0000026037,1,0.990446,1
T_0000026042,1,0.903581,1
T_0000026044,0,0.095511,0
T_0000026055,0,0.039707,0
T_0000026065,1,0.089637,0
T_0000026070,1,0.999026,1
T_0000026074,1,0.997479,1
T_0000026081,0,0.021727,0
T_0000026164,0,0.020909,0
T_0000026213,1,0.999546,1
T_0000026267,0,0.080815,0
T_0000026274,1,0.999757,1
T_0000026286,1,0.996766,1
T_0000026336,0,0.968821,1
T_0000026360,1,0.999212,1
T_0000026379,1,0.997866,1
T_0000026414,1,0.998762,1
T_0000026416,1,0.998754,1
T_0000026422,1,0.999511,1
T_0000026432,0,0.203837,0
T_0000026436,1,0.999514,1
T_0000026483,1,0.995757,1
T_0000026530,1,0.999741,1
T_0000026532,1,0.999158,1
T_0000026533,1,0.994997,1
T_0000026564,1,0.988597,1
T_0000026568,0,0.919643,1
T_0000026577,1,0.999714,1
T_0000026624,1,0.998945,1
T_0000026650,0,0.013664,0
T_0000026679,0,0.099982,0
T_0000026690,1,0.998371,1
T_0000026703,1,0.998995,1
T_0000026707,1,0.979214,1
T_0000026720,0,0.028080,0
T_0000026729,1,0.998912,1
T_0000026757,0,0.080959,0
T_0000026759,1,0.996533,1
T_0000026807,1,0.998224,1
T_0000026815,1,0.999837,1
T_0000026830,0,0.072353,0
T_0000026904,1,0.997052,1
T_0000026976,1,0.993713,1
T_0000027032,0,0.388970,0
T_0000027037,0,0.039073,0
T_0000027042,0,0.058457,0
T_0000027047,1,0.995292,1
T_0000027051,1,0.954517,1
T_0000027199,1,0.989880,1
T_0000027256,1,0.130160,0
T_0000027286,0,0.090253,0
T_0000027294,1,0.996062,1
T_0000027308,0,0.062710,0
T_0000027319,1,0.999910,1
T_0000027327,1,0.999734,1
T_0000027380,1,0.991814,1
T_0000027384,1,0.999470,1
T_0000027406,0,0.041461,0
T_0000027408,1,0.994821,1
T_0000027417,0,0.038666,0
T_0000027432,0,0.022978,0
T_0000027447,0,0.069340,0
T_0000027453,1,0.992849,1
T_0000027484,1,0.996821,1
T_0000027514,1,0.998420,1
T_0000027561,1,0.991371,1
T_0000027580,1,0.982957,1
T_0000027584,1,0.965956,1
T_0000027588,0,0.227538,0
T_0000027635,0,0.097486,0
T_0000027643,1,0.999145,1
T_0000027687,1,0.993071,1
T_0000027728,1,0.999763,1
T_0000027747,1,0.999453,1
T_0000027808,1,0.985534,1
T_0000027817,0,0.163304,0
T_0000027818,1,0.989988,1
T_0000027822,1,0.994006,1
T_0000027837,1,0.996774,1
T_0000027859,1,0.998073,1
T_0000027860,1,0.992361,1
T_0000027895,1,0.996984,1
T_0000027982,1,0.555630,0
T_0000027984,0,0.037504,0
T_0000028000,0,0.064284,0
T_0000028009,1,0.997723,1
T_0000028039,1,0.903739,1
T_0000028040,1,0.985144,1
T_0000028092,1,0.991251,1
T_0000028174,0,0.081468,0
T_0000028215,1,0.998018,1
T_0000028250,1,0.987911,1
T_0000028303,1,0.999714,1
T_0000028334,0,0.067951,0
T_0000028364,1,0.999858,1
T_0000028396,1,0.971391,1
T_0000028398,1,0.993775,1
T_0000028458,1,0.990265,1
T_0000028476,1,0.999722,1
T_0000028479,1,0.999719,1
T_0000028518,1,0.996741,1
T_0000028560,1,0.999652,1
T_0000028570,0,0.028243,0
T_0000028578,1,0.999210,1
T_0000028583,1,0.999567,1
T_0000028584,1,0.999468,1
T_0000028585,1,0.999970,1
T_0000028586,1,0.996135,1
T_0000028596,0,0.061080,0
T_0000028613,0,0.024113,0
T_0000028681,0,0.871105,1
T_0000028682,1,0.261807,0
T_0000028691,0,0.058613,0
T_0000028693,0,0.060510,0
T_0000028698,0,0.017343,0
T_0000028801,0,0.043606,0
T_0000028802,1,0.995532,1
T_0000028861,0,0.324196,0
T_0000028883,1,0.999863,1
T_0000028925,1,0.999062,1
T_0000028934,0,0.055923,0
T_0000028957,0,0.031281,0
T_0000028966,1,0.997208,1
T_0000028986,1,0.182895,0
T_0000029012,0,0.032352,0
T_0000029048,1,0.742609,1
T_0000029079,1,0.994086,1
T_0000029083,1,0.997104,1
T_0000029089,1,0.998990,1
T_0000029095,1,0.999130,1
T_0000029128,1,0.996348,1
T_0000029175,1,0.534868,0
T_0000029198,1,0.999463,1
T_0000029207,1,0.999016,1
T_0000029221,0,0.039899,0
T_0000029263,0,0.070313,0
T_0000029276,1,0.999254,1
T_0000029282,1,0.999915,1
T_0000029297,0,0.615373,0
T_0000029342,1,0.982971,1
T_0000029363,1,0.999936,1
T_0000029377,1,0.997124,1
T_0000029441,0,0.044593,0
T_0000029447,0,0.069687,0
T_0000029454,1,0.998110,1
T_0000029459,0,0.029349,0
T_0000029465,1,0.971207,1
T_0000029478,1,0.998418,1
T_0000029501,0,0.062998,0
T_0000029596,1,0.999599,1
T_0000029628,1,0.978590,1
T_0000029648,1,0.083692,0
T_0000029664,1,0.997287,1
T_0000029692,1,0.990673,1
T_0000029698,1,0.981990,1
T_0000029714,1,0.872043,1
T_0000029722,1,0.999811,1
T_0000029727,1,0.999658,1
T_0000029735,1,0.959587,1
T_0000029774,1,0.999852,1
T_0000029791,1,0.998985,1
T_0000029801,0,0.072715,0
T_0000029816,0,0.093237,0
T_0000029830,0,0.042575,0
T_0000029835,0,0.041722,0
T_0000029842,0,0.034871,0
T_0000029851,0,0.071427,0
T_0000029898,1,0.835689,1
T_0000029911,0,0.035905,0
T_0000029974,1,0.985031,1
T_0000029997,1,0.992682,1
T_0000030029,0,0.168260,0
T_0000030054,1,0.810255,1
T_0000030078,1,0.996518,1
T_0000030100,0,0.012491,0
T_0000030103,1,0.998360,1
T_0000030108,1,0.995649,1
T_0000030153,1,0.999560,1
T_0000030171,1,0.508401,0
T_0000030180,1,0.731723,1
T_0000030186,0,0.036106,0
T_0000030189,1,0.994053,1
T_0000030191,0,0.087447,0
T_0000030197,1,0.239239,0
T_0000030198,0,0.008052,0
T_0000030214,1,0.992004,1
T_0000030246,0,0.076035,0
T_0000030297,1,0.999240,1
T_0000030302,1,0.982320,1
T_0000030329,1,0.987451,1
T_0000030379,0,0.018913,0
T_0000030395,1,0.997748,1
T_0000030398,1,0.999410,1
T_0000030408,0,0.326256,0
T_0000030409,1,0.998471,1
T_0000030420,0,0.034432,0
T_0000030425,0,0.139191,0
T_0000030457,1,0.999140,1
T_0000030469,1,0.992138,1
T_0000030470,0,0.031099,0
T_0000030489,0,0.045228,0
T_0000030496,1,0.999870,1
T_0000030501,0,0.950190,1
T_0000030523,1,0.999881,1
T_0000030530,1,0.997496,1
T_0000030572,0,0.027713,0
T_0000030583,1,0.999452,1
T_0000030606,0,0.079158,0
T_0000030637,1,0.999290,1
T_0000030664,1,0.997207,1
T_0000030674,1,0.988753,1
T_0000030676,1,0.997600,1
T_0000030713,1,0.089367,0
T_0000030741,1,0.053768,0
T_0000030795,0,0.042622,0
T_0000030861,0,0.072458,0
T_0000030877,1,0.496295,0
T_0000030895,1,0.883276,1
T_0000030965,1,0.993399,1
T_0000030969,1,0.996970,1
T_0000031002,0,0.051558,0
T_0000031040,1,0.999860,1
T_0000031069,0,0.021427,0
T_0000031088,0,0.058203,0
T_0000031089,1,0.999329,1
T_0000031105,1,0.998207,1
T_0000031120,0,0.169771,0
T_0000031123,0,0.083973,0
T_0000031127,1,0.999064,1
T_0000031138,0,0.298775,0
T_0000031141,1,0.998743,1
T_0000031168,1,0.998038,1
T_0000031172,0,0.097922,0
T_0000031176,1,0.996816,1
T_0000031182,0,0.059154,0
T_0000031200,0,0.046955,0
T_0000031225,0,0.271114,0
T_0000031251,1,0.955448,1
T_0000031254,1,0.999789,1
T_0000031261,0,0.124790,0
T_0000031290,1,0.995498,1
T_0000031294,1,0.997386,1
T_0000031302,0,0.042352,0
T_0000031320,1,0.992919,1
T_0000031323,1,0.995613,1
T_0000031343,0,0.068169,0
T_0000031350,1,0.884267,1
T_0000031354,1,0.999154,1
T_0000031355,1,0.982853,1
T_0000031357,1,0.996876,1
T_0000031389,0,0.054579,0
T_0000031402,0,0.072048,0
T_0000031409,0,0.928088,1
T_0000031424,0,0.271345,0
T_0000031472,1,0.997235,1
T_0000031502,1,0.998233,1
T_0000031503,0,0.051154,0
T_0000031512,1,0.986017,1
T_0000031514,1,0.950225,1
T_0000031599,1,0.957061,1
T_0000031600,1,0.999114,1
T_0000031610,0,0.046789,0
T_0000031619,1,0.911388,1
T_0000031638,1,0.998735,1
T_0000031640,0,0.046115,0
T_0000031668,0,0.088776,0
T_0000031672,1,0.553604,0
T_0000031673,1,0.999331,1
T_0000031678,0,0.023852,0
T_0000031684,0,0.063669,0
T_0000031789,1,0.990059,1
T_0000031854,0,0.127279,0
T_0000031899,0,0.083505,0
T_0000031924,1,0.998943,1
T_0000031932,1,0.927012,1
T_0000031947,1,0.998291,1
T_0000031951,1,0.997592,1
T_0000031968,1,0.996772,1
T_0000031979,0,0.025642,0
T_0000031999,0,0.982740,1
T_0000032018,1,0.997638,1
T_0000032032,0,0.048389,0
T_0000032048,1,0.998517,1
T_0000032071,0,0.231073,0
T_0000032120,1,0.998859,1
T_0000032132,0,0.908281,1
T_0000032156,0,0.028226,0
T_0000032171,1,0.999539,1
T_0000032199,1,0.951454,1
T_0000032222,1,0.998675,1
T_0000032225,1,0.991818,1
T_0000032243,1,0.999648,1
T_0000032293,1,0.998408,1
T_0000032305,1,0.999960,1
T_0000032306,1,0.984942,1
T_0000032307,1,0.991777,1
T_0000032321,1,0.998808,1
T_0000032382,0,0.031661,0
T_0000032417,1,0.931948,1
T_0000032439,1,0.906285,1
T_0000032501,1,0.995501,1
T_0000032520,1,0.992793,1
T_0000032557,1,0.999645,1
T_0000032571,1,0.944341,1
T_0000032579,1,0.999979,1
T_0000032594,1,0.999227,1
T_0000032601,0,0.033663,0
T_0000032625,1,0.998841,1
T_0000032630,0,0.677649,1
T_0000032648,0,0.158002,0
T_0000032654,0,0.079439,0
T_0000032672,0,0.247114,0
T_0000032675,1,0.999730,1
T_0000032681,1,0.996893,1
T_0000032683,1,0.999231,1
T_0000032705,1,0.996783,1
T_0000032738,1,0.997126,1
T_0000032741,1,0.996411,1
T_0000032825,0,0.073290,0
T_0000032836,1,0.999859,1
T_0000032841,1,0.999894,1
T_0000032868,1,0.996387,1
T_0000032910,1,0.996834,1
T_0000032920,0,0.137389,0
T_0000032921,1,0.998901,1
T_0000032982,1,0.996354,1
T_0000032992,1,0.996200,1
T_0000032999,0,0.061794,0
T_0000033002,1,0.991926,1
T_0000033007,0,0.136405,0
T_0000033163,0,0.056944,0
T_0000033172,1,0.819371,1
T_0000033175,0,0.739245,1
T_0000033188,0,0.078692,0
T_0000033237,1,0.999446,1
T_0000033273,1,0.997527,1
T_0000033301,0,0.117473,0
T_0000033303,0,0.998124,1
T_0000033309,0,0.042716,0
T_0000033321,0,0.037801,0
T_0000033334,0,0.018624,0
T_0000033343,1,0.997051,1
T_0000033344,1,0.983287,1
T_0000033357,0,0.018415,0
T_0000033373,1,0.988213,1
T_0000033433,1,0.922747,1
T_0000033459,1,0.997837,1
T_0000033460,0,0.426893,0
T_0000033469,0,0.028359,0
T_0000033508,0,0.064927,0
T_0000033525,1,0.999507,1
T_0000033536,0,0.041308,0
T_0000033549,1,0.997374,1
T_0000033557,0,0.043066,0
T_0000033607,1,0.992932,1
T_0000033641,1,0.083589,0
T_0000033663,1,0.938165,1
T_0000033668,1,0.999366,1
T_0000033676,1,0.984489,1
T_0000033708,0,0.109810,0
T_0000033719,1,0.998443,1
T_0000033731,1,0.997300,1
T_0000033734,1,0.962082,1
T_0000033736,1,0.999596,1
T_0000033751,1,0.872192,1
T_0000033756,1,0.999780,1
T_0000033782,0,0.086530,0
T_0000033826,0,0.132186,0
T_0000033874,1,0.998912,1
T_0000033894,0,0.095858,0
T_0000033948,1,0.703777,1
T_0000033956,1,0.999197,1
T_0000033959,1,0.990678,1
T_0000033960,1,0.997001,1
T_0000033971,1,0.996294,1
T_0000033976,0,0.050295,0
T_0000033995,0,0.094297,0
T_0000034007,0,0.458716,0
T_0000034061,1,0.998418,1
T_0000034062,1,0.961241,1
T_0000034078,1,0.979520,1
T_0000034094,1,0.999550,1
T_0000034097,1,0.995721,1
T_0000034107,1,0.998688,1
T_0000034135,1,0.995191,1
T_0000034138,0,0.037715,0
T_0000034155,1,0.998410,1
T_0000034177,0,0.068483,0
T_0000034179,0,0.027915,0
T_0000034197,1,0.980958,1
T_0000034214,1,0.990932,1
T_0000034276,1,0.966017,1
T_0000034311,0,0.079754,0
T_0000034403,1,0.943224,1
T_0000034427,1,0.977331,1
T_0000034437,0,0.092011,0
T_0000034438,0,0.007829,0
T_0000034477,0,0.031801,0
T_0000034483,1,0.998934,1
T_0000034486,1,0.997753,1
T_0000034511,1,0.999889,1
T_0000034538,1,0.999962,1
T_0000034576,0,0.061816,0
T_0000034579,1,0.987418,1
T_0000034583,1,0.989507,1
T_0000034586,1,0.996646,1
T_0000034605,1,0.996644,1
T_0000034658,1,0.994932,1
T_0000034668,0,0.045571,0
T_0000034680,0,0.091651,0
T_0000034709,1,0.999437,1
T_0000034716,0,0.088612,0
T_0000034744,0,0.116860,0
T_0000034766,1,0.998646,1
T_0000034783,1,0.997270,1
T_0000034814,1,0.996037,1
T_0000034825,1,0.998340,1
T_0000034828,0,0.046087,0
T_0000034838,1,0.998974,1
T_0000034849,0,0.019143,0
T_0000034883,1,0.999491,1
T_0000034916,1,0.997632,1
T_0000034961,1,0.997835,1
T_0000034966,1,0.999897,1
T_0000034985,1,0.996144,1
T_0000035030,0,0.039069,0
T_0000035112,1,0.521208,0
T_0000035128,0,0.979240,1
T_0000035138,1,0.997433,1
T_0000035170,1,0.998429,1
T_0000035189,1,0.995778,1
T_0000035196,0,0.089267,0
T_0000035213,0,0.079165,0
T_0000035215,1,0.995761,1
T_0000035276,0,0.054232,0
T_0000035288,1,0.996448,1
T_0000035289,1,0.895849,1
T_0000035310,1,0.941155,1
T_0000035338,1,0.996099,1
T_0000035378,0,0.072106,0
T_0000035382,1,0.999579,1
T_0000035411,0,0.069832,0
T_0000035419,1,0.998743,1
T_0000035420,0,0.493500,0
T_0000035469,1,0.992045,1
T_0000035470,0,0.048831,0
T_0000035486,0,0.034717,0
T_0000035505,1,0.888754,1
T_0000035575,1,0.999256,1
T_0000035602,0,0.176016,0
T_0000035604,0,0.917756,1
T_0000035621,0,0.106194,0
T_0000035626,0,0.045323,0
T_0000035643,1,0.999971,1
T_0000035676,0,0.624588,0
T_0000035686,0,0.065390,0
T_0000035735,1,0.997943,1
T_0000035736,0,0.025925,0
T_0000035757,1,0.992375,1
T_0000035760,1,0.994992,1
T_0000035778,0,0.016124,0
T_0000035779,1,0.989165,1
T_0000035789,0,0.051776,0
T_0000035803,1,0.999959,1
T_0000035820,0,0.039995,0
T_0000035876,1,0.992141,1
T_0000035877,0,0.023754,0
T_0000035881,0,0.083455,0
T_0000035924,0,0.450041,0
T_0000035929,1,0.389012,0
T_0000035960,1,0.996818,1
T_0000035988,1,0.995990,1
T_0000036000,1,0.999587,1
T_0000036011,1,0.997772,1
T_0000036028,0,0.049740,0
T_0000036042,0,0.089343,0
T_0000036085,1,0.880424,1
T_0000036125,1,0.740840,1
T_0000036131,0,0.512640,0
T_0000036150,1,0.996282,1
T_0000036188,1,0.995400,1
T_0000036253,1,0.999843,1
T_0000036274,1,0.894981,1
T_0000036287,1,0.999743,1
T_0000036288,1,0.998748,1
T_0000036298,0,0.041275,0
T_0000036336,1,0.999820,1
T_0000036346,0,0.045285,0
T_0000036365,1,0.999275,1
T_0000036389,1,0.996819,1
T_0000036435,1,0.984029,1
T_0000036446,1,0.998471,1
T_0000036473,1,0.999907,1
T_0000036481,1,0.998441,1
T_0000036509,0,0.060431,0
T_0000036511,1,0.999075,1
T_0000036520,1,0.999478,1
T_0000036547,1,0.212340,0
T_0000036558,1,0.999079,1
T_0000036563,1,0.994918,1
T_0000036565,0,0.027729,0
T_0000036566,0,0.573962,0
T_0000036573,1,0.999554,1
T_0000036609,1,0.956285,1
T_0000036652,1,0.994112,1
T_0000036671,0,0.038881,0
T_0000036673,1,0.985136,1
T_0000036676,1,0.996469,1
T_0000036690,1,0.999546,1
T_0000036730,1,0.999879,1
T_0000036734,1,0.921270,1
T_0000036735,1,0.999717,1
T_0000036818,1,0.998860,1
T_0000036819,1,0.999126,1
T_0000036840,0,0.058719,0
T_0000036860,1,0.996685,1
T_0000036861,1,0.999771,1
T_0000036892,1,0.998231,1
T_0000036921,1,0.971693,1
T_0000036923,1,0.996652,1
T_0000036945,1,0.999354,1
T_0000036986,0,0.117067,0
T_0000036990,1,0.998730,1
T_0000036993,1,0.998777,1
T_0000036998,1,0.996966,1
T_0000037038,0,0.051931,0
T_0000037042,1,0.996504,1
T_0000037070,1,0.999864,1
T_0000037102,1,0.988876,1
T_0000037108,1,0.999435,1
T_0000037142,1,0.999951,1
T_0000037147,1,0.985557,1
T_0000037160,1,0.997658,1
T_0000037194,1,0.997861,1
T_0000037211,1,0.995187,1
T_0000037225,0,0.657510,0
T_0000037231,1,0.999736,1
T_0000037246,0,0.039404,0
T_0000037276,0,0.107620,0
T_0000037305,1,0.998936,1
T_0000037310,0,0.051812,0
T_0000037330,1,0.996888,1
T_0000037332,1,0.999509,1
T_0000037362,0,0.606621,0
T_0000037412,0,0.066983,0
T_0000037439,1,0.997424,1
T_0000037456,1,0.997954,1
T_0000037463,1,0.998188,1
T_0000037464,1,0.995346,1
T_0000037472,1,0.650914,0
T_0000037496,0,0.042355,0
T_0000037498,1,0.995099,1
T_0000037535,1,0.999452,1
T_0000037550,1,0.999061,1
T_0000037558,1,0.994461,1
T_0000037590,1,0.995878,1
T_0000037626,1,0.999526,1
T_0000037677,1,0.987423,1
T_0000037731,1,0.997667,1
T_0000037756,0,0.005889,0
T_0000037775,1,0.980087,1
T_0000037784,0,0.095055,0
T_0000037787,1,0.999169,1
T_0000037801,1,0.999383,1
T_0000037813,0,0.032155,0
T_0000037816,1,0.999618,1
T_0000037848,1,0.998125,1
T_0000037896,1,0.998792,1
T_0000037906,1,0.998605,1
T_0000037911,0,0.067058,0
T_0000037917,1,0.991930,1
T_0000037936,0,0.027898,0
T_0000037961,1,0.988876,1
T_0000037980,0,0.024152,0
T_0000037987,1,0.994196,1
T_0000037993,1,0.998914,1
T_0000038045,1,0.999438,1
T_0000038064,0,0.028724,0
T_0000038082,0,0.019372,0
T_0000038119,1,0.996630,1
T_0000038120,0,0.205325,0
T_0000038134,1,0.999809,1
T_0000038142,0,0.064478,0
T_0000038161,0,0.051975,0
T_0000038165,0,0.064558,0
T_0000038244,1,0.573731,0
T_0000038306,0,0.080972,0
T_0000038311,0,0.177655,0
T_0000038318,1,0.998936,1
T_0000038328,0,0.243414,0
T_0000038397,1,0.998428,1
T_0000038439,0,0.112252,0
T_0000038445,1,0.989993,1
T_0000038536,1,0.946157,1
T_0000038552,0,0.114064,0
T_0000038558,1,0.999245,1
T_0000038591,1,0.994335,1
T_0000038592,0,0.767842,1
T_0000038593,1,0.999877,1
T_0000038597,1,0.996417,1
T_0000038619,0,0.061317,0
T_0000038662,1,0.998253,1
T_0000038663,0,0.114932,0
T_0000038723,1,0.986570,1
T_0000038741,1,0.999936,1
T_0000038752,1,0.997687,1
T_0000038775,1,0.992182,1
T_0000038783,1,0.999760,1
T_0000038820,1,0.998601,1
T_0000038831,1,0.953432,1
T_0000038833,1,0.997687,1
T_0000038838,1,0.999775,1
T_0000038840,0,0.082318,0
T_0000038860,1,0.996593,1
T_0000038885,0,0.074675,0
T_0000038887,0,0.429958,0
T_0000038898,1,0.964509,1
T_0000038907,1,0.995686,1
T_0000038913,1,0.979381,1
T_0000038937,1,0.908249,1
T_0000039004,1,0.988634,1
T_0000039009,0,0.092186,0
T_0000039040,1,0.999977,1
T_0000039041,1,0.994278,1
T_0000039045,0,0.044173,0
T_0000039110,1,0.994020,1
T_0000039132,1,0.997774,1
T_0000039136,0,0.446589,0
T_0000039168,1,0.999866,1
T_0000039170,0,0.052140,0
T_0000039180,1,0.999274,1
T_0000039193,1,0.997625,1
T_0000039208,1,0.986613,1
T_0000039293,0,0.227542,0
T_0000039312,1,0.998215,1
T_0000039334,1,0.999892,1
T_0000039343,1,0.997712,1
T_0000039368,0,0.027336,0
T_0000039403,0,0.056743,0
T_0000039417,1,0.998309,1
T_0000039426,0,0.090823,0
T_0000039481,0,0.027398,0
T_0000039488,1,0.995698,1
T_0000039508,1,0.994189,1
T_0000039525,1,0.999565,1
T_0000039535,1,0.999865,1
T_0000039548,0,0.051680,0
T_0000039613,1,0.985627,1
T_0000039666,1,0.997612,1
T_0000039684,0,0.145916,0
T_0000039695,0,0.046062,0
T_0000039701,1,0.993364,1
T_0000039702,1,0.998902,1
T_0000039710,1,0.999581,1
T_0000039760,1,0.999714,1
T_0000039791,1,0.999280,1
T_0000039804,0,0.254626,0
T_0000039818,1,0.997318,1
T_0000039826,1,0.968509,1
T_0000039830,1,0.999510,1
T_0000039840,0,0.893768,1
T_0000039881,0,0.183934,0
T_0000039884,0,0.033686,0
T_0000039885,0,0.101491,0
T_0000039931,1,0.955579,1
T_0000039932,1,0.997177,1
T_0000039938,0,0.062704,0
T_0000039988,1,0.917430,1
T_0000039991,0,0.042136,0
T_0000040051,1,0.999398,1
T_0000040061,1,0.999574,1
T_0000040084,0,0.072346,0
T_0000040095,1,0.997278,1
T_0000040114,1,0.924565,1
T_0000040126,1,0.998558,1
T_0000040129,1,0.997489,1
T_0000040160,0,0.850642,1
T_0000040164,1,0.999097,1
T_0000040226,1,0.977101,1
T_0000040227,0,0.240311,0
T_0000040243,0,0.081272,0
T_0000040275,1,0.999783,1
T_0000040301,1,0.999738,1
T_0000040302,1,0.999508,1
T_0000040303,0,0.059624,0
T_0000040410,0,0.079254,0
T_0000040424,0,0.087975,0
T_0000040446,0,0.038257,0
T_0000040465,0,0.062167,0
T_0000040471,1,0.997652,1
T_0000040547,1,0.999984,1
T_0000040585,1,0.977465,1
T_0000040611,1,0.999061,1
T_0000040641,1,0.999536,1
T_0000040647,1,0.086916,0
T_0000040664,0,0.179636,0
T_0000040676,1,0.992369,1
T_0000040690,1,0.998881,1
T_0000040701,0,0.090646,0
T_0000040714,1,0.995150,1
T_0000040741,1,0.843288,1
T_0000040744,1,0.998783,1
T_0000040785,1,0.997374,1
T_0000040816,1,0.681494,1
T_0000040827,0,0.030146,0
T_0000040829,1,0.997657,1
T_0000040864,0,0.056263,0
T_0000040918,1,0.999831,1
T_0000040958,1,0.998958,1
T_0000041003,0,0.045079,0
T_0000041010,1,0.995383,1
T_0000041017,1,0.999419,1
T_0000041048,1,0.594916,0
T_0000041119,1,0.998019,1
T_0000041160,1,0.997011,1
T_0000041173,1,0.999717,1
T_0000041179,1,0.999692,1
T_0000041296,1,0.778414,1
T_0000041305,0,0.893690,1
T_0000041310,1,0.994972,1
T_0000041318,1,0.998004,1
T_0000041360,1,0.878147,1
T_0000041396,1,0.998661,1
T_0000041409,1,0.999979,1
T_0000041449,0,0.109379,0
T_0000041453,1,0.999868,1
T_0000041463,0,0.033458,0
T_0000041483,1,0.997679,1
T_0000041486,1,0.996650,1
T_0000041500,1,0.998065,1
T_0000041525,0,0.029521,0
T_0000041540,1,0.997860,1
T_0000041553,1,0.996233,1
T_0000041563,1,0.996483,1
T_0000041566,1,0.999960,1
T_0000041626,1,0.992050,1
T_0000041644,1,0.824430,1
T_0000041648,0,0.033073,0
T_0000041700,1,0.998838,1
T_0000041706,1,0.998219,1
T_0000041715,0,0.558133,0
T_0000041724,0,0.029999,0
T_0000041749,1,0.944271,1
T_0000041794,1,0.995138,1
T_0000041797,0,0.070843,0
T_0000041804,0,0.056768,0
T_0000041821,1,0.999817,1
T_0000041829,1,0.999489,1
T_0000041840,1,0.998443,1
T_0000041855,1,0.990834,1
T_0000041873,0,0.082487,0
T_0000041955,1,0.968510,1
T_0000041962,1,0.999457,1
T_0000041972,1,0.986711,1
T_0000042140,0,0.033177,0
T_0000042145,1,0.998487,1
T_0000042161,1,0.219966,0
T_0000042167,1,0.995391,1
T_0000042174,1,0.998687,1
T_0000042191,1,0.995970,1
T_0000042196,1,0.998793,1
T_0000042212,1,0.996514,1
T_0000042228,0,0.036481,0
T_0000042236,1,0.996634,1
T_0000042276,1,0.985891,1
T_0000042279,1,0.998850,1
T_0000042300,1,0.997718,1
T_0000042384,1,0.995315,1
T_0000042392,0,0.060417,0
T_0000042431,1,0.958896,1
T_0000042436,0,0.162822,0
T_0000042450,1,0.999743,1
T_0000042454,1,0.997230,1
T_0000042495,1,0.999627,1
T_0000042506,0,0.092595,0
T_0000042515,0,0.048233,0
T_0000042524,0,0.098126,0
T_0000042529,1,0.992575,1
T_0000042592,1,0.963413,1
T_0000042692,1,0.997499,1
T_0000042704,1,0.995978,1
T_0000042718,1,0.990346,1
T_0000042724,1,0.994804,1
T_0000042742,1,0.998008,1
T_0000042773,1,0.996089,1
T_0000042775,0,0.039015,0
T_0000042783,0,0.069797,0
T_0000042785,1,0.997670,1
T_0000042800,1,0.999045,1
T_0000042816,0,0.082761,0
T_0000042876,1,0.954794,1
T_0000042923,1,0.994666,1
T_0000042928,1,0.990591,1
T_0000042944,1,0.978817,1
T_0000042958,1,0.572136,0
T_0000042959,1,0.993752,1
T_0000042969,1,0.998354,1
T_0000042982,1,0.999912,1
T_0000042983,1,0.994083,1
T_0000043020,0,0.029031,0
T_0000043023,0,0.032024,0
T_0000043047,1,0.999806,1
T_0000043052,1,0.999706,1
T_0000043081,0,0.057162,0
T_0000043098,1,0.591974,0
T_0000043123,0,0.082006,0
T_0000043128,1,0.997890,1
T_0000043140,1,0.999218,1
T_0000043154,0,0.031518,0
T_0000043157,1,0.999967,1
T_0000043162,0,0.040594,0
T_0000043178,1,0.993100,1
T_0000043188,1,0.998207,1
T_0000043231,1,0.992849,1
T_0000043232,1,0.999207,1
T_0000043240,1,0.999438,1
T_0000043274,0,0.805757,1
T_0000043280,0,0.055270,0
T_0000043332,0,0.063999,0
T_0000043337,0,0.036033,0
T_0000043360,1,0.999752,1
T_0000043423,1,0.999308,1
T_0000043454,0,0.865625,1
T_0000043525,1,0.998395,1
T_0000043527,1,0.996946,1
T_0000043534,0,0.025109,0
T_0000043567,1,0.999732,1
T_0000043575,1,0.999757,1
T_0000043583,1,0.998686,1
T_0000043619,1,0.999496,1
T_0000043635,1,0.944890,1
T_0000043718,1,0.999070,1
T_0000043735,1,0.969782,1
T_0000043741,1,0.999051,1
T_0000043753,0,0.039109,0
T_0000043782,1,0.997201,1
T_0000043795,0,0.213939,0
T_0000043801,1,0.999637,1
T_0000043823,0,0.046715,0
T_0000043831,0,0.136142,0
T_0000043850,0,0.082447,0
T_0000043855,0,0.056048,0
T_0000043882,0,0.049943,0
T_0000043930,1,0.129247,0
T_0000043932,1,0.998137,1
T_0000043934,0,0.890007,1
T_0000043971,0,0.894235,1
T_0000043989,1,0.962249,1
T_0000044022,0,0.186681,0
T_0000044057,1,0.958972,1
T_0000044079,1,0.999977,1
T_0000044084,0,0.217875,0
T_0000044094,0,0.025177,0
T_0000044098,0,0.080734,0
T_0000044142,0,0.101213,0
T_0000044144,1,0.999642,1
T_0000044145,1,0.996560,1
T_0000044181,1,0.997788,1
T_0000044198,0,0.039440,0
T_0000044223,1,0.982131,1
T_0000044236,1,0.998436,1
T_0000044286,0,0.080143,0
T_0000044308,0,0.011950,0
T_0000044346,1,0.990400,1
T_0000044372,1,0.999958,1
T_0000044379,0,0.051377,0
T_0000044397,0,0.078890,0
T_0000044406,0,0.014807,0
T_0000044411,0,0.062132,0
T_0000044428,0,0.527075,0
T_0000044451,0,0.014748,0
T_0000044457,1,0.726737,1
T_0000044506,1,0.996941,1
T_0000044526,0,0.052573,0
T_0000044527,1,0.767234,1
T_0000044649,1,0.999677,1
T_0000044660,1,0.997588,1
T_0000044669,1,0.960356,1
T_0000044703,1,0.947843,1
T_0000044727,1,0.999356,1
T_0000044763,0,0.854675,1
T_0000044767,1,0.999960,1
T_0000044815,1,0.976131,1
T_0000044822,0,0.107254,0
T_0000044830,1,0.996719,1
T_0000044841,1,0.999746,1
T_0000044878,0,0.027558,0
T_0000044890,1,0.762052,1
T_0000044918,0,0.064221,0
T_0000044924,1,0.999172,1
T_0000044939,1,0.943808,1
T_0000044967,1,0.988198,1
T_0000045000,1,0.999116,1
T_0000045050,1,0.995328,1
T_0000045070,1,0.994907,1
T_0000045078,0,0.272488,0
T_0000045109,1,0.887141,1
T_0000045122,1,0.994101,1
T_0000045148,1,0.937994,1
T_0000045209,1,0.988051,1
T_0000045251,1,0.986789,1
T_0000045269,1,0.997075,1
T_0000045303,1,0.999827,1
T_0000045309,1,0.994399,1
T_0000045364,1,0.994311,1
T_0000045372,0,0.043623,0
T_0000045377,1,0.992543,1
T_0000045408,1,0.998524,1
T_0000045433,1,0.999910,1
T_0000045472,0,0.142758,0
T_0000045487,1,0.997359,1
T_0000045490,0,0.074811,0
T_0000045504,1,0.999332,1
T_0000045507,0,0.048157,0
T_0000045603,0,0.015418,0
T_0000045605,1,0.999907,1
T_0000045609,0,0.052745,0
T_0000045662,1,0.999946,1
T_0000045677,0,0.040030,0
T_0000045681,1,0.999173,1
T_0000045729,1,0.999054,1
T_0000045752,0,0.166680,0
T_0000045767,1,0.995491,1
T_0000045814,1,0.994197,1
T_0000045843,1,0.992398,1
T_0000045855,1,0.998691,1
T_0000045856,1,0.999851,1
T_0000045882,1,0.999911,1
T_0000045897,0,0.294130,0
T_0000045905,1,0.799147,1
T_0000045941,1,0.945351,1
T_0000045980,1,0.999397,1
T_0000045983,1,0.995514,1
T_0000046065,0,0.076652,0
T_0000046072,1,0.998672,1
T_0000046073,1,0.991455,1
T_0000046083,1,0.999913,1
T_0000046085,0,0.042232,0
T_0000046125,1,0.999942,1
T_0000046127,1,0.998340,1
T_0000046180,1,0.999470,1
T_0000046218,0,0.054566,0
T_0000046246,1,0.997194,1
T_0000046258,1,0.999213,1
T_0000046287,1,0.998458,1
T_0000046335,1,0.999937,1
T_0000046350,0,0.047855,0
T_0000046351,1,0.996713,1
T_0000046356,1,0.999705,1
T_0000046363,1,0.998465,1
T_0000046373,1,0.967016,1
T_0000046380,0,0.111219,0
T_0000046387,0,0.114487,0
T_0000046408,1,0.999987,1
T_0000046419,1,0.999149,1
T_0000046442,1,0.999010,1
T_0000046444,1,0.995070,1
T_0000046455,0,0.030399,0
T_0000046457,1,0.997560,1
T_0000046519,1,0.998593,1
T_0000046521,1,0.998843,1
T_0000046524,0,0.058766,0
T_0000046552,1,0.999345,1
T_0000046554,1,0.992522,1
T_0000046588,0,0.055610,0
T_0000046624,1,0.990621,1
T_0000046655,0,0.047390,0
T_0000046700,1,0.961165,1
T_0000046734,0,0.076720,0
T_0000046750,0,0.065396,0
T_0000046755,0,0.060366,0
T_0000046817,1,0.999944,1
T_0000046825,1,0.998692,1
T_0000046876,1,0.999592,1
T_0000046882,1,0.990616,1
T_0000046920,1,0.997780,1
T_0000046955,0,0.146974,0
T_0000046994,1,0.992735,1
T_0000046995,0,0.045538,0
T_0000047037,0,0.063676,0
T_0000047067,0,0.098950,0
T_0000047119,1,0.997288,1
T_0000047138,0,0.069493,0
T_0000047174,1,0.999724,1
T_0000047182,1,0.998397,1
T_0000047200,0,0.043523,0
T_0000047251,0,0.700583,1
T_0000047289,1,0.998713,1
T_0000047304,1,0.990572,1
T_0000047313,1,0.473926,0
T_0000047330,1,0.563437,0
T_0000047334,0,0.023813,0
T_0000047337,0,0.028069,0
T_0000047344,1,0.997137,1
T_0000047346,1,0.999303,1
T_0000047352,1,0.999611,1
T_0000047370,1,0.998642,1
T_0000047395,1,0.999345,1
T_0000047441,0,0.016397,0
T_0000047446,1,0.994903,1
T_0000047451,1,0.566311,0
T_0000047458,0,0.057691,0
T_0000047469,1,0.996745,1
T_0000047499,1,0.999764,1
T_0000047509,1,0.996601,1
T_0000047526,0,0.078913,0
T_0000047528,0,0.058238,0
T_0000047555,0,0.047387,0
T_0000047581,1,0.939232,1
T_0000047589,1,0.986689,1
T_0000047595,1,0.998339,1
T_0000047597,0,0.027915,0
T_0000047628,0,0.076160,0
T_0000047638,1,0.998960,1
T_0000047667,0,0.081456,0
T_0000047702,1,0.988283,1
T_0000047704,0,0.066884,0
T_0000047738,1,0.999903,1
T_0000047757,0,0.083454,0
T_0000047764,1,0.997705,1
T_0000047771,1,0.993544,1
T_0000047774,1,0.999226,1
T_0000047853,1,0.937554,1
T_0000047857,1,0.999719,1
T_0000047860,0,0.019735,0
T_0000047915,0,0.104957,0
T_0000047971,1,0.993581,1
T_0000047986,1,0.999317,1
T_0000047994,1,0.998906,1
T_0000048002,1,0.835256,1
T_0000048044,1,0.995472,1
T_0000048046,0,0.078878,0
T_0000048091,1,0.998295,1
T_0000048095,0,0.054421,0
T_0000048106,1,0.997037,1
T_0000048108,1,0.996787,1
T_0000048128,0,0.283389,0
T_0000048141,1,0.997631,1
T_0000048167,0,0.428900,0
T_0000048184,1,0.992727,1
T_0000048187,0,0.033310,0
T_0000048233,1,0.999991,1
T_0000048244,0,0.018203,0
T_0000048265,0,0.011288,0
T_0000048279,1,0.850891,1
T_0000048300,0,0.091284,0
T_0000048301,0,0.041345,0
T_0000048322,1,0.999760,1
T_0000048353,1,0.998224,1
T_0000048356,1,0.998879,1
T_0000048383,1,0.997850,1
T_0000048387,0,0.010936,0
T_0000048450,1,0.998518,1
T_0000048465,1,0.941757,1
T_0000048487,1,0.976320,1
T_0000048492,1,0.869662,1
T_0000048608,1,0.999687,1
T_0000048695,1,0.990998,1
T_0000048722,1,0.999785,1
T_0000048746,0,0.026850,0
T_0000048754,1,0.974181,1
T_0000048772,1,0.998361,1
T_0000048777,1,0.999957,1
T_0000048804,1,0.996917,1
T_0000048821,1,0.995548,1
T_0000048832,0,0.013085,0
T_0000048872,0,0.038872,0
T_0000048887,1,0.687562,1
T_0000048913,1,0.993012,1
T_0000048919,0,0.241360,0
T_0000048921,0,0.056240,0
T_0000048942,1,0.997531,1
T_0000048968,0,0.035301,0
T_0000048982,1,0.993534,1
T_0000049028,1,0.570814,0
T_0000049082,1,0.999147,1
T_0000049160,1,0.998097,1
T_0000049188,0,0.042013,0
T_0000049207,1,0.999194,1
T_0000049222,1,0.999700,1
T_0000049224,0,0.523758,0
T_0000049236,1,0.993153,1
T_0000049238,1,0.972685,1
T_0000049241,0,0.044754,0
T_0000049262,0,0.441458,0
T_0000049267,1,0.999702,1
T_0000049285,1,0.999489,1
T_0000049299,1,0.997349,1
T_0000049307,0,0.024383,0
T_0000049322,1,0.998462,1
T_0000049326,1,0.999277,1
T_0000049363,1,0.999448,1
T_0000049382,1,0.998384,1
T_0000049383,1,0.994302,1
T_0000049400,1,0.998727,1
T_0000049408,1,0.999396,1
T_0000049452,1,0.996236,1
T_0000049454,1,0.999009,1
T_0000049474,0,0.049284,0
T_0000049483,0,0.037074,0
T_0000049502,0,0.115145,0
T_0000049513,1,0.996413,1
T_0000049516,1,0.848062,1
T_0000049517,1,0.998725,1
T_0000049519,0,0.037656,0
T_0000049527,1,0.997971,1
T_0000049548,1,0.998183,1
T_0000049554,0,0.081690,0
T_0000049562,1,0.999136,1
T_0000049564,0,0.033229,0
T_0000049566,0,0.202162,0
T_0000049675,0,0.114875,0
T_0000049684,0,0.054904,0
T_0000049789,0,0.034084,0
T_0000049790,0,0.062829,0
T_0000049807,1,0.990769,1
T_0000049817,1,0.999661,1
T_0000049823,0,0.948359,1
T_0000049840,1,0.999924,1
T_0000049897,1,0.999411,1
T_0000049913,0,0.048579,0
T_0000049921,1,0.997815,1
T_0000049985,1,0.999535,1
T_0000050016,0,0.010299,0
T_0000050031,1,0.999923,1
T_0000050074,0,0.038971,0
T_0000050081,1,0.998415,1
T_0000050086,1,0.996964,1
T_0000050098,1,0.999944,1
T_0000050106,1,0.973131,1
T_0000050116,1,0.996178,1
T_0000050197,1,0.991603,1
T_0000050213,1,0.995567,1
T_0000050223,1,0.986833,1
T_0000050248,1,0.996553,1
T_0000050279,1,0.250059,0
T_0000050284,1,0.744568,1
T_0000050287,0,0.540849,0
T_0000050289,1,0.992806,1
T_0000050317,1,0.996209,1
T_0000050322,1,0.999261,1
T_0000050338,1,0.989370,1
T_0000050366,0,0.042399,0
T_0000050367,0,0.051928,0
T_0000050394,1,0.996837,1
T_0000050461,1,0.996285,1
T_0000050482,0,0.057395,0
T_0000050501,0,0.044327,0
T_0000050502,1,0.995686,1
T_0000050554,0,0.045603,0
T_0000050649,1,0.999481,1
T_0000050658,0,0.066848,0
T_0000050679,1,0.996593,1
T_0000050689,0,0.495805,0
T_0000050735,1,0.998497,1
T_0000050741,1,0.983786,1
T_0000050813,1,0.971039,1
T_0000050825,1,0.985171,1
T_0000050844,0,0.034088,0
T_0000050884,0,0.712548,1
T_0000050924,1,0.996139,1
T_0000050938,1,0.999951,1
T_0000050946,0,0.063555,0
T_0000050947,0,0.020315,0
T_0000051010,1,0.998568,1
T_0000051030,0,0.084521,0
T_0000051042,1,0.998507,1
T_0000051087,0,0.041141,0
T_0000051089,1,0.994254,1
T_0000051197,0,0.058082,0
T_0000051199,1,0.996497,1
T_0000051229,1,0.998084,1
T_0000051240,0,0.111463,0
T_0000051242,0,0.040643,0
T_0000051256,1,0.999719,1
T_0000051257,1,0.987729,1
T_0000051284,1,0.999647,1
T_0000051326,1,0.987248,1
T_0000051327,0,0.056676,0
T_0000051353,1,0.998591,1
T_0000051359,0,0.072985,0
T_0000051380,1,0.999150,1
T_0000051397,0,0.042443,0
T_0000051402,1,0.996990,1
T_0000051413,1,0.999477,1
T_0000051415,1,0.994920,1
T_0000051417,0,0.026249,0
T_0000051441,0,0.011742,0
T_0000051449,1,0.997147,1
T_0000051455,0,0.076202,0
T_0000051466,1,0.999951,1
T_0000051483,1,0.997572,1
T_0000051486,1,0.997946,1
T_0000051543,1,0.999613,1
T_0000051563,0,0.035446,0
T_0000051576,1,0.999097,1
T_0000051597,0,0.015578,0
T_0000051671,0,0.025893,0
T_0000051676,0,0.034212,0
T_0000051679,1,0.997908,1
T_0000051687,1,0.999273,1
T_0000051745,1,0.998677,1
T_0000051786,0,0.038854,0
T_0000051791,1,0.998635,1
T_0000051825,0,0.240364,0
T_0000051831,0,0.036232,0
T_0000051946,1,0.998415,1
T_0000051958,1,0.933618,1
T_0000051977,0,0.038828,0
T_0000051997,1,0.999951,1
T_0000052015,1,0.985815,1
T_0000052097,0,0.964238,1
T_0000052132,1,0.956132,1
T_0000052185,1,0.938068,1
T_0000052221,1,0.999440,1
T_0000052222,1,0.998693,1
T_0000052284,0,0.115094,0
T_0000052292,1,0.999619,1
T_0000052294,1,0.998027,1
T_0000052355,1,0.993556,1
T_0000052371,1,0.952351,1
T_0000052412,0,0.050823,0
T_0000052428,0,0.036171,0
T_0000052437,0,0.105591,0
T_0000052452,1,0.999958,1
T_0000052465,1,0.999266,1
T_0000052511,1,0.993413,1
T_0000052589,1,0.997041,1
T_0000052656,1,0.998274,1
T_0000052675,1,0.998742,1
T_0000052678,1,0.572772,0
T_0000052684,1,0.990582,1
T_0000052706,1,0.999798,1
T_0000052728,0,0.038281,0
T_0000052730,1,0.998361,1
T_0000052836,0,0.147808,0
T_0000052843,0,0.227650,0
T_0000052883,0,0.028396,0
T_0000052889,0,0.052029,0
T_0000052906,0,0.042094,0
T_0000052908,1,0.998487,1
T_0000052987,1,0.998647,1
T_0000053000,1,0.998066,1
T_0000053018,1,0.997368,1
T_0000053023,0,0.119653,0
T_0000053028,0,0.543550,0
T_0000053046,1,0.999228,1
T_0000053074,1,0.996956,1
T_0000053094,1,0.997298,1
T_0000053105,1,0.998898,1
T_0000053139,0,0.059094,0
T_0000053163,1,0.998625,1
T_0000053169,1,0.998481,1
T_0000053175,1,0.992709,1
T_0000053242,1,0.999676,1
T_0000053244,1,0.983612,1
T_0000053270,1,0.982983,1
T_0000053287,0,0.088594,0
T_0000053326,1,0.994371,1
T_0000053363,1,0.999730,1
T_0000053400,1,0.999978,1
T_0000053407,1,0.999978,1
T_0000053416,1,0.999235,1
T_0000053500,1,0.993454,1
T_0000053503,0,0.127185,0
T_0000053507,0,0.061994,0
T_0000053514,1,0.169851,0
T_0000053545,1,0.998292,1
T_0000053586,1,0.999507,1
T_0000053626,1,0.998379,1
T_0000053689,0,0.050812,0
T_0000053722,1,0.999880,1
T_0000053732,1,0.999912,1
T_0000053737,1,0.998580,1
T_0000053812,0,0.028007,0
T_0000053832,0,0.098507,0
T_0000053887,1,0.999864,1
T_0000053901,0,0.060545,0
T_0000053931,1,0.999781,1
T_0000053936,1,0.999494,1
T_0000053941,0,0.058822,0
T_0000053956,1,0.996541,1
T_0000053968,1,0.997601,1
T_0000053980,1,0.480516,0
T_0000053996,0,0.076516,0
T_0000053998,0,0.038686,0
T_0000054024,1,0.183444,0
T_0000054059,0,0.969007,1
T_0000054092,1,0.999845,1
T_0000054095,1,0.997653,1
T_0000054141,1,0.999882,1
T_0000054150,1,0.999816,1
T_0000054157,1,0.994651,1
T_0000054186,1,0.999759,1
T_0000054190,1,0.997458,1
T_0000054200,0,0.081882,0
T_0000054231,1,0.999429,1
T_0000054255,1,0.994062,1
T_0000054273,1,0.999454,1
T_0000054275,1,0.999719,1
T_0000054289,1,0.967830,1
T_0000054296,1,0.999031,1
T_0000054298,0,0.469897,0
T_0000054309,1,0.728197,1
T_0000054311,1,0.999335,1
T_0000054341,1,0.998068,1
T_0000054365,0,0.276522,0
T_0000054391,0,0.064347,0
T_0000054404,0,0.060490,0
T_0000054412,1,0.999817,1
T_0000054446,1,0.994284,1
T_0000054475,1,0.999007,1
T_0000054483,1,0.997663,1
T_0000054500,0,0.045774,0
T_0000054508,1,0.996046,1
T_0000054529,0,0.047471,0
T_0000054533,0,0.039432,0
T_0000054553,0,0.096145,0
T_0000054557,1,0.999666,1
T_0000054582,1,0.995260,1
T_0000054587,0,0.674233,0
T_0000054593,0,0.110155,0
T_0000054598,1,0.996737,1
T_0000054605,0,0.037761,0
T_0000054622,1,0.999843,1
T_0000054705,0,0.588795,0
T_0000054712,0,0.499754,0
T_0000054805,1,0.999341,1
T_0000054820,1,0.999341,1
T_0000054831,1,0.999654,1
T_0000054833,1,0.999438,1
T_0000054843,1,0.986507,1
T_0000054847,0,0.088840,0
T_0000054892,0,0.089480,0
T_0000054900,1,0.998510,1
T_0000054925,0,0.094540,0
T_0000054929,0,0.549979,0
T_0000054944,1,0.994193,1
T_0000054973,0,0.037749,0
T_0000054982,1,0.996630,1
T_0000054983,1,0.999555,1
T_0000054992,1,0.999434,1
T_0000055025,0,0.536915,0
T_0000055038,1,0.900933,1
T_0000055041,1,0.999866,1
T_0000055056,0,0.054124,0
T_0000055060,0,0.097168,0
T_0000055069,1,0.999110,1
T_0000055104,1,0.998648,1
T_0000055130,0,0.032892,0
T_0000055182,1,0.693914,1
T_0000055235,1,0.990560,1
T_0000055260,1,0.999586,1
T_0000055289,0,0.108368,0
T_0000055310,1,0.994739,1
T_0000055325,1,0.909845,1
T_0000055331,1,0.999269,1
T_0000055386,1,0.999898,1
T_0000055392,1,0.998122,1
T_0000055394,0,0.105160,0
T_0000055459,0,0.220614,0
T_0000055462,1,0.764724,1
T_0000055552,0,0.014848,0
T_0000055579,0,0.991663,1
T_0000055584,0,0.038003,0
T_0000055586,0,0.042116,0
T_0000055621,1,0.999599,1
T_0000055625,1,0.999526,1
T_0000055659,1,0.999231,1
T_0000055668,1,0.995571,1
T_0000055669,0,0.060489,0
T_0000055701,0,0.091583,0
T_0000055704,1,0.784402,1
T_0000055705,1,0.199567,0
T_0000055718,1,0.992204,1
T_0000055719,1,0.998753,1
T_0000055727,0,0.032980,0
T_0000055728,0,0.033288,0
T_0000055733,1,0.999637,1
T_0000055772,1,0.996504,1
T_0000055778,0,0.051241,0
T_0000055794,1,0.999934,1
T_0000055802,1,0.996979,1
T_0000055813,1,0.999481,1
T_0000055844,0,0.022381,0
T_0000055865,1,0.999518,1
T_0000055903,1,0.993612,1
T_0000055928,0,0.088940,0
T_0000055931,1,0.998828,1
T_0000055940,1,0.999422,1
T_0000055952,1,0.986432,1
T_0000055953,1,0.998550,1
T_0000055961,1,0.995535,1
T_0000055986,1,0.585792,0
T_0000055992,1,0.998763,1
T_0000056018,1,0.998383,1
T_0000056023,1,0.999056,1
T_0000056025,1,0.995087,1
T_0000056054,0,0.052561,0
T_0000056078,0,0.041216,0
T_0000056091,1,0.971968,1
T_0000056095,1,0.976623,1
T_0000056098,0,0.056993,0
T_0000056104,0,0.098369,0
T_0000056149,1,0.994434,1
T_0000056156,0,0.072231,0
T_0000056183,0,0.058852,0
T_0000056222,1,0.961064,1
T_0000056240,1,0.996153,1
T_0000056259,1,0.998107,1
T_0000056277,1,0.996806,1
T_0000056301,1,0.989240,1
T_0000056335,1,0.998056,1
T_0000056339,1,0.996759,1
T_0000056346,1,0.930477,1
T_0000056348,1,0.999712,1
T_0000056356,0,0.043309,0
T_0000056382,1,0.999695,1
T_0000056401,0,0.833489,1
T_0000056420,0,0.080409,0
T_0000056421,1,0.999811,1
T_0000056428,0,0.058234,0
T_0000056429,1,0.999613,1
T_0000056450,1,0.997659,1
T_0000056504,0,0.038681,0
T_0000056510,1,0.997951,1
T_0000056515,1,0.999762,1
T_0000056516,1,0.995699,1
T_0000056564,1,0.998177,1
T_0000056580,1,0.998748,1
T_0000056588,1,0.994970,1
T_0000056591,1,0.991072,1
T_0000056622,1,0.995978,1
T_0000056661,1,0.999158,1
T_0000056668,0,0.078536,0
T_0000056688,1,0.999644,1
T_0000056704,1,0.996113,1
T_0000056710,1,0.987480,1
T_0000056721,1,0.910831,1
T_0000056730,0,0.943615,1
T_0000056757,1,0.987554,1
T_0000056767,1,0.998545,1
T_0000056769,0,0.043753,0
T_0000056793,1,0.996447,1
T_0000056799,0,0.034472,0
T_0000056832,1,0.998563,1
T_0000056876,1,0.071093,0
T_0000056915,1,0.999455,1
T_0000056926,1,0.999508,1
T_0000056944,1,0.990436,1
T_0000056971,1,0.995993,1
T_0000057038,1,0.995698,1
T_0000057050,1,0.807609,1
T_0000057174,0,0.033165,0
T_0000057176,1,0.998908,1
T_0000057180,1,0.791442,1
T_0000057183,1,0.115744,0
T_0000057247,1,0.999133,1
T_0000057260,0,0.039532,0
T_0000057301,1,0.999189,1
T_0000057319,1,0.999946,1
T_0000057337,1,0.999639,1
T_0000057408,1,0.999674,1
T_0000057432,0,0.236333,0
T_0000057439,0,0.076546,0
T_0000057454,0,0.035907,0
T_0000057472,0,0.029922,0
T_0000057506,1,0.998031,1
T_0000057533,0,0.879751,1
T_0000057534,1,0.997990,1
T_0000057560,1,0.999954,1
T_0000057573,1,0.759731,1
T_0000057596,0,0.032372,0
T_0000057626,1,0.997087,1
T_0000057630,1,0.999819,1
T_0000057652,0,0.037271,0
T_0000057654,0,0.074298,0
T_0000057684,1,0.353664,0
T_0000057707,1,0.996796,1
T_0000057740,1,0.999973,1
T_0000057760,1,0.991527,1
T_0000057779,1,0.999486,1
T_0000057793,1,0.931431,1
T_0000057816,0,0.207062,0
T_0000057845,1,0.997926,1
T_0000057865,1,0.997319,1
T_0000057891,1,0.987823,1
T_0000057939,1,0.999572,1
T_0000057952,1,0.999856,1
T_0000057956,0,0.083154,0
T_0000057978,1,0.998990,1
T_0000057984,0,0.075712,0
T_0000058001,1,0.999964,1
T_0000058011,0,0.029820,0
T_0000058095,1,0.994375,1
T_0000058129,1,0.996871,1
T_0000058133,1,0.998368,1
T_0000058146,1,0.998837,1
T_0000058213,1,0.999576,1
T_0000058221,1,0.998230,1
T_0000058250,1,0.997233,1
T_0000058301,1,0.999031,1
T_0000058313,1,0.849347,1
T_0000058339,0,0.014269,0
T_0000058359,0,0.043195,0
T_0000058360,0,0.656113,0
T_0000058409,0,0.117982,0
T_0000058410,1,0.541297,0
T_0000058416,1,0.998304,1
T_0000058424,1,0.999742,1
T_0000058445,1,0.998055,1
T_0000058469,1,0.252469,0
T_0000058470,1,0.973702,1
T_0000058474,0,0.043739,0
T_0000058504,0,0.013637,0
T_0000058549,1,0.996360,1
T_0000058563,1,0.999783,1
T_0000058574,1,0.992671,1
T_0000058576,1,0.999499,1
T_0000058581,1,0.999962,1
T_0000058587,1,0.999004,1
T_0000058594,1,0.999483,1
T_0000058604,0,0.029328,0
T_0000058682,0,0.074905,0
T_0000058685,1,0.998024,1
T_0000058695,0,0.029149,0
T_0000058767,1,0.995314,1
T_0000058772,1,0.999624,1
T_0000058778,0,0.048190,0
T_0000058806,1,0.999140,1
T_0000058822,1,0.999883,1
T_0000058865,1,0.997957,1
T_0000058896,0,0.023062,0
T_0000058898,1,0.721416,1
T_0000058901,1,0.998958,1
T_0000058916,0,0.048340,0
T_0000058949,0,0.094123,0
T_0000058992,1,0.999978,1
T_0000059003,1,0.998648,1
T_0000059005,1,0.994992,1
T_0000059039,1,0.999843,1
T_0000059049,1,0.998783,1
T_0000059072,1,0.967481,1
T_0000059113,1,0.978122,1
T_0000059118,1,0.975019,1
T_0000059180,1,0.996911,1
T_0000059193,0,0.032798,0
T_0000059212,1,0.999057,1
T_0000059214,1,0.950095,1
T_0000059217,1,0.999711,1
T_0000059296,1,0.998230,1
T_0000059311,0,0.026691,0
T_0000059320,1,0.999408,1
T_0000059327,1,0.990307,1
T_0000059339,0,0.941764,1
T_0000059342,1,0.997802,1
T_0000059397,1,0.822053,1
T_0000059403,0,0.055513,0
T_0000059451,1,0.998756,1
T_0000059490,0,0.080934,0
T_0000059496,1,0.998386,1
T_0000059522,1,0.978311,1
T_0000059531,1,0.090703,0
T_0000059537,1,0.995402,1
T_0000059538,1,0.969888,1
T_0000059574,1,0.999490,1
T_0000059580,1,0.995943,1
T_0000059591,0,0.240305,0
T_0000059593,1,0.998279,1
T_0000059595,1,0.504605,0
T_0000059658,1,0.999438,1
T_0000059711,1,0.999876,1
T_0000059721,1,0.999968,1
T_0000059761,1,0.789415,1
T_0000059785,0,0.051081,0
T_0000059821,1,0.996184,1
T_0000059824,0,0.124373,0
T_0000059868,1,0.999043,1
T_0000059930,0,0.021766,0
T_0000059948,1,0.991798,1
T_0000059969,1,0.995055,1
T_0000060072,0,0.016524,0
T_0000060134,1,0.999869,1
T_0000060139,0,0.069477,0
T_0000060146,1,0.998858,1
T_0000060210,0,0.034294,0
T_0000060219,0,0.084705,0
T_0000060229,1,0.993500,1
T_0000060269,1,0.995567,1
T_0000060323,0,0.410637,0
T_0000060351,1,0.993765,1
T_0000060390,1,0.998560,1
T_0000060394,1,0.989055,1
T_0000060411,0,0.078722,0
T_0000060428,1,0.997646,1
T_0000060442,0,0.085536,0
T_0000060462,0,0.914861,1
T_0000060512,1,0.996249,1
T_0000060532,0,0.167160,0
T_0000060547,0,0.045455,0
T_0000060550,0,0.134828,0
T_0000060557,0,0.034113,0
T_0000060573,1,0.999859,1
T_0000060599,1,0.994438,1
T_0000060618,1,0.999835,1
T_0000060624,1,0.998871,1
T_0000060633,1,0.999810,1
T_0000060652,1,0.995817,1
T_0000060715,0,0.291011,0
T_0000060745,1,0.999797,1
T_0000060756,1,0.993531,1
T_0000060759,1,0.999726,1
T_0000060771,1,0.999951,1
T_0000060773,0,0.054934,0
T_0000060775,1,0.997163,1
T_0000060781,1,0.997916,1
T_0000060787,1,0.810122,1
T_0000060807,1,0.995788,1
T_0000060821,1,0.983634,1
T_0000060834,1,0.963362,1
T_0000060854,0,0.055438,0
T_0000060861,1,0.998209,1
T_0000060895,1,0.995325,1
T_0000060913,0,0.064710,0
T_0000060925,1,0.999672,1
T_0000060962,0,0.118036,0
T_0000060979,0,0.029164,0
T_0000061000,1,0.990299,1
T_0000061004,0,0.038159,0
T_0000061012,1,0.993235,1
T_0000061017,1,0.969214,1
T_0000061068,0,0.120912,0
T_0000061087,1,0.789155,1
T_0000061090,1,0.993863,1
T_0000061106,1,0.999740,1
T_0000061125,0,0.335180,0
T_0000061172,0,0.323084,0
T_0000061201,1,0.999365,1
T_0000061203,0,0.936534,1
T_0000061217,0,0.761145,1
T_0000061225,1,0.998109,1
T_0000061270,1,0.998397,1
T_0000061303,1,0.990893,1
T_0000061310,1,0.994021,1
T_0000061330,1,0.999980,1
T_0000061395,1,0.601650,0
T_0000061428,1,0.984971,1
T_0000061442,1,0.975426,1
T_0000061515,1,0.984884,1
T_0000061543,1,0.999301,1
T_0000061548,1,0.990476,1
T_0000061562,1,0.995066,1
T_0000061569,1,0.989496,1
T_0000061596,0,0.033704,0
T_0000061604,0,0.073143,0
T_0000061613,1,0.995091,1
T_0000061619,1,0.997541,1
T_0000061624,1,0.813229,1
T_0000061634,1,0.982301,1
T_0000061646,0,0.065290,0
T_0000061681,1,0.197740,0
T_0000061845,1,0.999957,1
T_0000061872,1,0.998618,1
T_0000061875,0,0.014028,0
T_0000061896,1,0.996554,1
T_0000061906,0,0.029576,0
T_0000061911,1,0.999972,1
T_0000061928,0,0.098434,0
T_0000061966,1,0.996949,1
T_0000062007,0,0.393484,0
T_0000062025,1,0.999659,1
T_0000062087,1,0.233782,0
T_0000062089,1,0.998178,1
T_0000062148,1,0.998617,1
T_0000062158,0,0.078781,0
T_0000062166,0,0.025356,0
T_0000062176,1,0.999555,1
T_0000062237,1,0.910407,1
T_0000062250,0,0.038047,0
T_0000062253,1,0.999858,1
T_0000062327,1,0.996543,1
T_0000062358,0,0.226686,0
T_0000062398,1,0.996555,1
T_0000062427,1,0.993206,1
T_0000062432,1,0.999238,1
T_0000062465,1,0.983011,1
T_0000062489,0,0.035399,0
T_0000062512,1,0.999936,1
T_0000062578,0,0.029932,0
T_0000062592,0,0.052523,0
T_0000062598,1,0.986409,1
T_0000062653,1,0.991541,1
T_0000062686,1,0.995835,1
T_0000062708,1,0.999191,1
T_0000062726,0,0.037524,0
T_0000062732,0,0.468689,0
T_0000062809,0,0.048595,0
T_0000062811,1,0.967198,1
T_0000062822,1,0.997976,1
T_0000062825,1,0.355905,0
T_0000062859,1,0.998597,1
T_0000062865,1,0.999787,1
T_0000062883,0,0.528445,0
T_0000062949,1,0.958964,1
T_0000062965,1,0.998225,1
T_0000062971,1,0.997640,1
T_0000062975,0,0.389712,0
T_0000062978,1,0.996936,1
T_0000063010,0,0.564562,0
T_0000063049,1,0.996112,1
T_0000063054,0,0.084830,0
T_0000063063,1,0.999600,1
T_0000063110,1,0.998778,1
T_0000063162,1,0.865720,1
T_0000063164,1,0.999344,1
T_0000063187,0,0.034178,0
T_0000063188,0,0.122896,0
T_0000063316,1,0.995454,1
T_0000063318,1,0.999669,1
T_0000063344,0,0.049330,0
T_0000063351,1,0.999712,1
T_0000063354,1,0.791920,1
T_0000063381,1,0.991464,1
T_0000063409,1,0.995758,1
T_0000063485,0,0.022019,0
T_0000063488,0,0.068599,0
T_0000063523,0,0.225158,0
T_0000063589,0,0.185376,0
T_0000063606,0,0.099105,0
T_0000063623,1,0.998549,1
T_0000063649,0,0.704451,1
T_0000063653,1,0.885025,1
T_0000063681,1,0.999441,1
T_0000063719,1,0.697003,1
T_0000063720,1,0.827596,1
T_0000063723,1,0.999944,1
T_0000063743,1,0.992944,1
T_0000063756,0,0.033180,0
T_0000063765,0,0.090371,0
T_0000063777,1,0.114871,0
T_0000063783,0,0.071986,0
T_0000063796,1,0.999071,1
T_0000063802,0,0.074454,0
T_0000063825,0,0.070270,0
T_0000063832,1,0.988393,1
T_0000063844,0,0.017112,0
T_0000063845,0,0.032870,0
T_0000063866,0,0.012737,0
T_0000063871,0,0.030434,0
T_0000063882,1,0.999029,1
T_0000063901,0,0.095444,0
T_0000063950,1,0.990115,1
T_0000063996,1,0.921093,1
T_0000064004,0,0.122164,0
T_0000064021,1,0.119205,0
T_0000064052,0,0.037232,0
T_0000064079,0,0.035041,0
T_0000064120,1,0.999767,1
T_0000064124,1,0.999722,1
T_0000064177,0,0.026197,0
T_0000064183,0,0.037182,0
T_0000064215,0,0.031737,0
T_0000064232,0,0.042811,0
T_0000064256,1,0.999191,1
T_0000064264,0,0.031811,0
T_0000064284,1,0.999948,1
T_0000064311,0,0.034138,0
T_0000064313,1,0.975829,1
T_0000064317,1,0.994135,1
T_0000064326,1,0.848053,1
T_0000064331,1,0.992747,1
T_0000064342,0,0.054747,0
T_0000064359,1,0.998394,1
T_0000064380,1,0.973193,1
T_0000064394,1,0.998434,1
T_0000064411,1,0.996438,1
T_0000064426,1,0.970447,1
T_0000064428,1,0.960348,1
T_0000064462,1,0.998007,1
T_0000064470,1,0.999881,1
T_0000064496,1,0.999368,1
T_0000064497,1,0.993121,1
T_0000064534,0,0.377824,0
T_0000064556,0,0.336623,0
T_0000064595,1,0.998721,1
T_0000064612,1,0.997980,1
T_0000064615,1,0.999502,1
T_0000064638,1,0.993880,1
T_0000064640,1,0.997222,1
T_0000064676,1,0.457201,0
T_0000064688,0,0.074482,0
T_0000064697,1,0.992951,1
T_0000064705,0,0.376686,0
T_0000064711,1,0.973539,1
T_0000064727,1,0.999103,1
T_0000064733,0,0.064895,0
T_0000064781,0,0.043879,0
T_0000064799,1,0.998639,1
T_0000064810,0,0.042251,0
T_0000064831,1,0.998628,1
T_0000064853,0,0.870202,1
T_0000064893,1,0.993738,1
T_0000064905,1,0.899619,1
T_0000064907,1,0.999511,1
T_0000064924,0,0.055674,0
T_0000064959,1,0.999118,1
T_0000064975,1,0.998782,1
T_0000064985,1,0.993838,1
T_0000064998,1,0.998317,1
T_0000065031,1,0.892962,1
T_0000065041,0,0.014871,0
T_0000065077,1,0.999954,1
T_0000065095,1,0.992610,1
T_0000065105,1,0.997595,1
T_0000065138,0,0.177192,0
T_0000065149,0,0.120667,0
T_0000065237,0,0.136316,0
T_0000065266,1,0.991217,1
T_0000065277,0,0.049314,0
T_0000065395,0,0.051195,0
T_0000065396,1,0.999948,1
T_0000065458,1,0.996711,1
T_0000065469,0,0.515911,0
T_0000065524,1,0.998279,1
T_0000065556,0,0.024022,0
T_0000065573,1,0.813085,1
T_0000065578,1,0.999160,1
T_0000065581,1,0.997375,1
T_0000065587,1,0.991420,1
T_0000065601,1,0.998183,1
T_0000065641,0,0.058618,0
T_0000065659,0,0.208679,0
T_0000065681,1,0.998921,1
T_0000065700,1,0.993595,1
T_0000065713,0,0.058281,0
T_0000065718,1,0.795731,1
T_0000065743,1,0.999694,1
T_0000065745,1,0.999395,1
T_0000065764,1,0.999137,1
T_0000065794,0,0.008853,0
T_0000065814,1,0.997917,1
T_0000065843,1,0.997495,1
T_0000065844,1,0.995192,1
T_0000065876,0,0.062914,0
T_0000065906,0,0.075262,0
T_0000065958,0,0.083508,0
T_0000065989,1,0.996959,1
T_0000065990,0,0.040426,0
T_0000065992,1,0.996740,1
T_0000066038,1,0.999191,1
T_0000066090,1,0.989516,1
T_0000066122,0,0.045544,0
T_0000066126,1,0.999952,1
T_0000066183,1,0.784308,1
T_0000066197,1,0.997786,1
T_0000066199,1,0.998237,1
T_0000066219,1,0.999453,1
T_0000066227,1,0.999791,1
T_0000066229,1,0.998957,1
T_0000066240,1,0.997707,1
T_0000066344,0,0.063949,0
T_0000066362,1,0.972549,1
T_0000066367,0,0.050990,0
T_0000066416,1,0.989656,1
T_0000066429,1,0.997019,1
T_0000066433,1,0.997601,1
T_0000066438,0,0.033250,0
T_0000066448,1,0.996604,1
T_0000066460,0,0.033771,0
T_0000066492,0,0.045732,0
T_0000066496,1,0.999984,1
T_0000066508,1,0.997604,1
T_0000066520,1,0.996965,1
T_0000066525,1,0.999775,1
T_0000066589,1,0.945823,1
T_0000066622,1,0.999643,1
T_0000066640,0,0.075098,0
T_0000066696,1,0.994455,1
T_0000066848,1,0.999617,1
T_0000066856,1,0.999874,1
T_0000066879,0,0.067838,0
T_0000066917,1,0.999954,1
T_0000066929,0,0.573942,0
T_0000066930,0,0.052698,0
T_0000066954,1,0.999107,1
T_0000066978,0,0.821663,1
T_0000066990,1,0.999814,1
T_0000067002,1,0.999829,1
T_0000067133,0,0.632455,0
T_0000067139,0,0.440381,0
T_0000067145,1,0.999371,1
T_0000067174,1,0.987901,1
T_0000067179,1,0.998927,1
T_0000067197,1,0.999944,1
T_0000067214,1,0.998736,1
T_0000067229,1,0.987547,1
T_0000067244,0,0.054990,0
T_0000067266,1,0.999027,1
T_0000067330,1,0.997729,1
T_0000067332,1,0.999546,1
T_0000067377,0,0.669333,0
T_0000067395,1,0.999921,1
T_0000067454,1,0.637715,0
T_0000067473,0,0.608171,0
T_0000067484,0,0.179487,0
T_0000067492,1,0.997116,1
T_0000067496,0,0.059195,0
T_0000067503,0,0.756478,1
T_0000067539,0,0.040732,0
T_0000067567,0,0.168059,0
T_0000067571,0,0.877210,1
T_0000067575,0,0.307077,0
T_0000067606,0,0.024166,0
T_0000067618,1,0.913351,1
T_0000067623,1,0.965258,1
T_0000067640,0,0.047954,0
T_0000067651,1,0.998774,1
T_0000067658,1,0.990652,1
T_0000067674,1,0.998332,1
T_0000067718,1,0.981027,1
T_0000067734,1,0.999684,1
T_0000067736,1,0.999691,1
T_0000067768,1,0.999956,1
T_0000067817,0,0.085620,0
T_0000067837,1,0.910200,1
T_0000067850,1,0.999925,1
T_0000067901,1,0.998912,1
T_0000067918,1,0.999730,1
T_0000067964,0,0.387693,0
T_0000067998,0,0.087239,0
T_0000068047,1,0.997537,1
T_0000068083,0,0.220957,0
T_0000068086,1,0.995724,1
T_0000068098,1,0.999708,1
T_0000068109,0,0.075672,0
T_0000068127,1,0.999558,1
T_0000068150,1,0.998985,1
T_0000068249,1,0.959347,1
T_0000068279,1,0.987300,1
T_0000068301,1,0.784941,1
T_0000068304,1,0.119876,0
T_0000068306,0,0.960005,1
T_0000068341,1,0.943704,1
T_0000068349,0,0.078446,0
T_0000068360,0,0.995312,1
T_0000068382,1,0.998180,1
T_0000068401,1,0.997468,1
T_0000068405,1,0.997343,1
T_0000068479,1,0.999913,1
T_0000068497,1,0.853844,1
T_0000068508,1,0.999544,1
T_0000068527,1,0.428939,0
T_0000068529,0,0.048622,0
T_0000068544,1,0.990899,1
T_0000068563,1,0.998349,1
T_0000068585,1,0.632783,0
T_0000068592,0,0.042798,0
T_0000068612,1,0.999965,1
T_0000068626,0,0.148426,0
T_0000068648,1,0.997819,1
T_0000068773,1,0.959202,1
T_0000068781,0,0.169387,0
T_0000068796,1,0.526056,0
T_0000068806,1,0.998247,1
T_0000068823,1,0.999350,1
T_0000068872,1,0.993066,1
T_0000068885,1,0.999912,1
T_0000068898,1,0.991403,1
T_0000068899,1,0.999522,1
T_0000068910,0,0.031599,0
T_0000068922,0,0.044842,0
T_0000068965,1,0.964204,1
T_0000068983,0,0.101174,0
T_0000069019,1,0.998052,1
T_0000069052,1,0.974903,1
T_0000069117,1,0.999915,1
T_0000069133,0,0.073062,0
T_0000069162,1,0.990602,1
T_0000069191,0,0.020342,0
T_0000069226,1,0.999693,1
T_0000069239,0,0.023896,0
T_0000069257,1,0.979080,1
T_0000069269,1,0.996849,1
T_0000069277,1,0.999230,1
T_0000069300,0,0.049767,0
T_0000069305,1,0.976776,1
T_0000069321,1,0.995398,1
T_0000069353,1,0.999306,1
T_0000069380,0,0.075377,0
T_0000069446,1,0.994705,1
T_0000069515,1,0.996177,1
T_0000069550,1,0.554980,0
T_0000069554,1,0.983490,1
T_0000069574,0,0.048157,0
T_0000069586,0,0.035605,0
T_0000069600,1,0.999258,1
T_0000069631,0,0.038238,0
T_0000069647,1,0.114897,0
T_0000069689,0,0.037706,0
T_0000069693,1,0.934649,1
T_0000069712,0,0.023421,0
T_0000069744,0,0.039634,0
T_0000069769,1,0.999631,1
T_0000069820,1,0.995863,1
T_0000069840,0,0.085797,0
T_0000069903,0,0.075652,0
T_0000069921,1,0.997533,1
T_0000069922,1,0.996526,1
T_0000069936,1,0.980614,1
T_0000069970,0,0.024730,0
T_0000069983,0,0.040889,0
T_0000070005,0,0.009413,0
T_0000070039,0,0.060759,0
T_0000070091,0,0.057306,0
T_0000070101,1,0.998159,1
T_0000070105,1,0.999832,1
T_0000070106,1,0.993630,1
T_0000070119,0,0.858426,1
T_0000070122,1,0.994875,1
T_0000070126,0,0.039109,0
T_0000070127,1,0.999699,1
T_0000070160,1,0.999654,1
T_0000070186,1,0.999932,1
T_0000070226,1,0.999869,1
T_0000070272,1,0.782956,1
T_0000070284,0,0.043921,0
T_0000070290,1,0.996297,1
T_0000070316,1,0.998624,1
T_0000070322,0,0.055693,0
T_0000070329,0,0.070378,0
T_0000070336,1,0.989511,1
T_0000070343,1,0.999180,1
T_0000070365,1,0.997964,1
T_0000070407,0,0.038704,0
T_0000070460,0,0.241632,0
T_0000070466,0,0.045448,0
T_0000070495,1,0.999684,1
T_0000070515,1,0.986967,1
T_0000070521,0,0.098286,0
T_0000070526,1,0.997823,1
T_0000070532,1,0.985415,1
T_0000070550,1,0.980157,1
T_0000070570,1,0.992860,1
T_0000070571,1,0.999457,1
T_0000070596,1,0.995541,1
T_0000070600,1,0.990988,1
T_0000070648,0,0.154992,0
T_0000070670,0,0.021926,0
T_0000070678,1,0.999609,1
T_0000070687,1,0.998086,1
T_0000070697,1,0.999910,1
T_0000070699,1,0.998849,1
T_0000070714,1,0.995507,1
T_0000070728,1,0.999579,1
T_0000070732,1,0.998363,1
T_0000070738,1,0.997687,1
T_0000070747,1,0.999738,1
T_0000070785,0,0.105027,0
T_0000070786,1,0.998929,1
T_0000070795,1,0.998874,1
T_0000070798,1,0.998904,1
T_0000070813,0,0.052444,0
T_0000070820,1,0.997697,1
T_0000070823,1,0.999123,1
T_0000070848,1,0.999909,1
T_0000070852,1,0.992040,1
T_0000070884,0,0.050972,0
T_0000070892,1,0.983533,1
T_0000070941,1,0.595403,0
T_0000070964,0,0.065524,0
T_0000071003,1,0.996574,1
T_0000071007,0,0.068649,0
T_0000071059,0,0.043698,0
T_0000071060,0,0.043627,0
T_0000071088,1,0.966248,1
T_0000071098,0,0.033999,0
T_0000071111,1,0.995911,1
T_0000071149,0,0.027083,0
T_0000071197,0,0.033944,0
T_0000071215,1,0.995871,1
T_0000071227,0,0.489447,0
T_0000071240,1,0.996783,1
T_0000071241,1,0.996066,1
T_0000071271,0,0.039437,0
T_0000071296,1,0.999218,1
T_0000071310,0,0.199123,0
T_0000071327,1,0.999709,1
T_0000071328,1,0.999796,1
T_0000071385,1,0.997525,1
T_0000071387,0,0.050268,0
T_0000071407,1,0.994252,1
T_0000071410,1,0.999115,1
T_0000071443,1,0.992615,1
T_0000071460,1,0.999659,1
T_0000071481,1,0.982877,1
T_0000071554,0,0.087722,0
T_0000071566,1,0.995338,1
T_0000071598,0,0.017341,0
T_0000071599,1,0.996624,1
T_0000071645,0,0.043545,0
T_0000071659,0,0.029256,0
T_0000071684,0,0.052717,0
T_0000071694,1,0.999009,1
T_0000071731,0,0.046921,0
T_0000071745,0,0.050920,0
T_0000071765,1,0.992361,1
T_0000071770,0,0.031451,0
T_0000071792,1,0.999910,1
T_0000071841,1,0.991768,1
T_0000071861,0,0.320189,0
T_0000071870,1,0.995189,1
T_0000071908,1,0.999976,1
T_0000071918,1,0.999717,1
T_0000071921,1,0.999780,1
T_0000071939,1,0.999926,1
T_0000071954,1,0.784096,1
T_0000071985,0,0.059243,0
T_0000072000,1,0.999863,1
T_0000072001,1,0.979440,1
T_0000072012,1,0.986517,1
T_0000072115,0,0.034761,0
T_0000072157,1,0.999963,1
T_0000072158,0,0.122810,0
T_0000072178,1,0.997943,1
T_0000072186,1,0.998979,1
T_0000072194,1,0.999245,1
T_0000072202,1,0.998985,1
T_0000072203,1,0.772921,1
T_0000072215,1,0.999616,1
T_0000072220,0,0.062465,0
T_0000072227,1,0.998943,1
T_0000072248,1,0.999160,1
T_0000072253,1,0.998399,1
T_0000072300,1,0.999743,1
T_0000072310,1,0.999063,1
T_0000072315,1,0.992501,1
T_0000072337,1,0.998368,1
T_0000072372,0,0.028461,0
T_0000072395,1,0.998367,1
T_0000072412,0,0.045246,0
T_0000072442,1,0.986565,1
T_0000072449,0,0.069237,0
T_0000072471,1,0.997244,1
T_0000072497,1,0.999984,1
T_0000072511,1,0.994796,1
T_0000072526,1,0.990907,1
T_0000072663,1,0.999944,1
T_0000072669,0,0.065481,0
T_0000072674,1,0.997741,1
T_0000072744,1,0.996474,1
T_0000072759,0,0.091056,0
T_0000072761,1,0.999978,1
T_0000072764,1,0.999873,1
T_0000072779,1,0.999663,1
T_0000072799,1,0.999268,1
T_0000072806,1,0.997693,1
T_0000072811,0,0.044716,0
T_0000072832,0,0.048353,0
T_0000072843,1,0.999698,1
T_0000072874,0,0.063619,0
T_0000072891,0,0.089273,0
T_0000072900,1,0.997856,1
T_0000072917,1,0.999909,1
T_0000072935,1,0.999433,1
T_0000072955,1,0.996815,1
T_0000072979,0,0.040911,0
T_0000072991,0,0.028350,0
T_0000073026,1,0.658741,0
T_0000073049,0,0.892407,1
T_0000073062,1,0.992795,1
T_0000073121,1,0.939194,1
T_0000073129,1,0.999335,1
T_0000073140,1,0.999947,1
T_0000073159,1,0.973943,1
T_0000073230,1,0.730366,1
T_0000073250,0,0.519287,0
T_0000073256,0,0.029761,0
T_0000073260,0,0.046326,0
T_0000073265,1,0.948634,1
T_0000073271,0,0.686389,1
T_0000073293,0,0.029295,0
T_0000073294,1,0.999856,1
T_0000073333,1,0.999164,1
T_0000073338,0,0.059085,0
T_0000073343,1,0.999935,1
T_0000073365,1,0.992724,1
T_0000073418,1,0.353445,0
T_0000073469,1,0.999415,1
T_0000073493,1,0.998544,1
T_0000073524,0,0.065410,0
T_0000073527,0,0.185252,0
T_0000073578,0,0.037919,0
T_0000073629,0,0.024447,0
T_0000073647,1,0.997582,1
T_0000073658,0,0.488375,0
T_0000073688,1,0.997191,1
T_0000073710,0,0.043411,0
T_0000073716,1,0.999780,1
T_0000073726,1,0.995856,1
T_0000073803,0,0.295856,0
T_0000073815,1,0.995996,1
T_0000073819,0,0.068803,0
T_0000073853,0,0.332165,0
T_0000073871,0,0.064800,0
T_0000073908,0,0.028721,0
T_0000073912,1,0.999218,1
T_0000073968,0,0.058629,0
T_0000074027,1,0.999500,1
T_0000074067,1,0.991158,1
T_0000074085,0,0.056170,0
T_0000074111,1,0.997063,1
T_0000074161,1,0.999623,1
T_0000074174,1,0.994895,1
T_0000074179,1,0.999078,1
T_0000074192,1,0.904521,1
T_0000074196,1,0.996647,1
T_0000074237,1,0.996317,1
T_0000074250,0,0.045179,0
T_0000074268,1,0.902673,1
T_0000074272,1,0.997050,1
T_0000074283,0,0.085874,0
T_0000074295,1,0.995797,1
T_0000074308,1,0.997273,1
T_0000074309,1,0.994371,1
T_0000074310,0,0.114438,0
T_0000074333,1,0.739781,1
T_0000074337,1,0.999777,1
T_0000074346,0,0.071537,0
T_0000074351,1,0.999560,1
T_0000074378,1,0.999982,1
T_0000074379,0,0.040489,0
T_0000074387,0,0.089821,0
T_0000074390,0,0.029533,0
T_0000074392,1,0.999511,1
T_0000074393,1,0.998618,1
T_0000074397,1,0.994015,1
T_0000074424,1,0.998633,1
T_0000074426,0,0.045122,0
T_0000074460,1,0.997226,1
T_0000074532,0,0.019812,0
T_0000074606,0,0.083227,0
T_0000074674,1,0.998010,1
T_0000074677,1,0.851281,1
T_0000074685,1,0.994580,1
T_0000074691,1,0.996103,1
T_0000074725,1,0.999978,1
T_0000074763,0,0.053292,0
T_0000074769,0,0.041792,0
T_0000074801,1,0.906971,1
T_0000074803,0,0.048024,0
T_0000074848,1,0.890278,1
T_0000074852,0,0.052090,0
T_0000074855,1,0.999698,1
T_0000074872,0,0.054554,0
T_0000074873,0,0.360745,0
T_0000074890,0,0.199138,0
T_0000074921,1,0.999973,1
T_0000074925,1,0.999872,1
T_0000074926,1,0.999171,1
T_0000074933,1,0.999984,1
T_0000074937,1,0.999692,1
T_0000074962,1,0.990668,1
T_0000075007,1,0.999946,1
T_0000075034,1,0.758644,1
T_0000075060,0,0.926082,1
T_0000075061,1,0.867789,1
T_0000075098,1,0.980055,1
T_0000075112,1,0.974616,1
T_0000075171,0,0.013202,0
T_0000075205,0,0.065255,0
T_0000075229,1,0.998693,1
T_0000075237,1,0.193979,0
T_0000075254,0,0.038326,0
T_0000075260,0,0.104204,0
T_0000075283,0,0.034470,0
T_0000075286,1,0.999486,1
T_0000075319,1,0.999345,1
T_0000075334,1,0.869148,1
T_0000075343,1,0.999491,1
T_0000075352,1,0.999212,1
T_0000075357,0,0.194340,0
T_0000075361,1,0.999962,1
T_0000075380,0,0.107457,0
T_0000075392,1,0.999230,1
T_0000075401,1,0.981376,1
T_0000075402,1,0.975215,1
T_0000075426,1,0.999972,1
T_0000075439,0,0.026365,0
T_0000075479,0,0.450016,0
T_0000075523,1,0.999676,1
T_0000075556,0,0.080344,0
T_0000075566,0,0.209963,0
T_0000075581,0,0.029677,0
T_0000075584,1,0.992896,1
T_0000075589,0,0.032326,0
T_0000075626,1,0.999981,1
T_0000075659,0,0.065959,0
T_0000075699,1,0.997987,1
T_0000075709,1,0.998810,1
T_0000075713,1,0.996141,1
T_0000075720,1,0.998130,1
T_0000075721,1,0.982783,1
T_0000075726,1,0.999765,1
T_0000075746,0,0.032212,0
T_0000075779,0,0.202075,0
T_0000075822,1,0.996817,1
T_0000075869,1,0.938861,1
T_0000075879,0,0.049518,0
T_0000075894,1,0.984670,1
T_0000075898,1,0.996664,1
T_0000075910,0,0.038758,0
T_0000076008,0,0.063893,0
T_0000076012,0,0.035865,0
T_0000076020,0,0.056820,0
T_0000076046,0,0.078195,0
T_0000076065,1,0.164436,0
T_0000076084,0,0.129749,0
T_0000076088,1,0.999223,1
T_0000076108,0,0.080361,0
T_0000076140,0,0.086514,0
T_0000076147,1,0.999797,1
T_0000076159,1,0.997889,1
T_0000076174,1,0.986747,1
T_0000076178,0,0.062078,0
T_0000076179,1,0.998149,1
T_0000076199,1,0.999153,1
T_0000076216,0,0.063660,0
T_0000076241,0,0.993165,1
T_0000076293,0,0.018257,0
T_0000076320,1,0.078736,0
T_0000076354,1,0.996958,1
T_0000076405,0,0.103666,0
T_0000076413,1,0.998891,1
T_0000076422,1,0.996122,1
T_0000076453,1,0.998365,1
T_0000076536,1,0.995121,1
T_0000076539,1,0.995143,1
T_0000076558,1,0.993713,1
T_0000076566,1,0.998375,1
T_0000076573,1,0.997764,1
T_0000076574,1,0.989811,1
T_0000076577,0,0.247128,0
T_0000076580,1,0.997938,1
T_0000076596,1,0.994171,1
T_0000076603,0,0.162691,0
T_0000076636,1,0.998940,1
T_0000076677,0,0.094551,0
T_0000076742,1,0.999718,1
T_0000076809,1,0.999577,1
T_0000076816,1,0.999629,1
T_0000076868,1,0.999803,1
T_0000076929,1,0.999607,1
T_0000077027,0,0.052193,0
T_0000077061,1,0.999739,1
T_0000077088,1,0.969216,1
T_0000077138,0,0.057061,0
T_0000077157,1,0.999062,1
T_0000077186,0,0.492963,0
T_0000077190,1,0.999524,1
T_0000077219,0,0.637269,0
T_0000077220,1,0.999832,1
T_0000077226,1,0.996775,1
T_0000077228,1,0.999730,1
T_0000077230,1,0.998990,1
T_0000077232,0,0.101818,0
T_0000077234,0,0.486351,0
T_0000077249,1,0.998812,1
T_0000077265,1,0.999451,1
T_0000077269,1,0.999465,1
T_0000077287,0,0.318485,0
T_0000077385,0,0.049416,0
T_0000077391,1,0.998876,1
T_0000077394,0,0.072175,0
T_0000077410,0,0.123100,0
T_0000077441,1,0.999565,1
T_0000077453,1,0.999083,1
T_0000077497,1,0.999595,1
T_0000077500,0,0.963757,1
T_0000077522,0,0.472053,0
T_0000077553,1,0.999481,1
T_0000077612,1,0.999922,1
T_0000077616,1,0.999913,1
T_0000077617,1,0.999090,1
T_0000077656,1,0.802704,1
T_0000077675,0,0.795284,1
T_0000077702,0,0.077651,0
T_0000077724,0,0.084694,0
T_0000077730,0,0.661044,0
T_0000077757,1,0.999948,1
T_0000077782,0,0.060228,0
T_0000077792,1,0.997010,1
T_0000077863,1,0.999265,1
T_0000077902,0,0.825872,1
T_0000077960,1,0.969530,1
T_0000077985,1,0.975239,1
T_0000077987,1,0.938179,1
T_0000078027,1,0.995130,1
T_0000078028,1,0.967917,1
T_0000078041,1,0.998718,1
T_0000078060,1,0.999936,1
T_0000078071,1,0.226717,0
T_0000078080,1,0.999929,1
T_0000078113,1,0.999559,1
T_0000078148,0,0.991158,1
T_0000078202,1,0.682778,1
T_0000078214,1,0.992527,1
T_0000078265,0,0.112154,0
T_0000078312,1,0.996464,1
T_0000078328,1,0.998384,1
T_0000078337,0,0.060947,0
T_0000078350,0,0.036828,0
T_0000078370,1,0.983806,1
T_0000078374,0,0.037634,0
T_0000078376,1,0.999156,1
T_0000078391,1,0.999770,1
T_0000078393,0,0.907285,1
T_0000078419,0,0.146924,0
T_0000078429,1,0.996410,1
T_0000078502,0,0.031587,0
T_0000078559,0,0.056737,0
T_0000078570,1,0.982166,1
T_0000078608,0,0.279978,0
T_0000078631,0,0.068071,0
T_0000078635,1,0.999947,1
T_0000078649,1,0.450078,0
T_0000078660,1,0.999921,1
T_0000078702,1,0.990611,1
T_0000078713,1,0.989837,1
T_0000078715,1,0.999734,1
T_0000078724,0,0.836588,1
T_0000078755,1,0.999243,1
T_0000078775,1,0.994495,1
T_0000078830,1,0.998557,1
T_0000078885,0,0.050259,0
T_0000078889,1,0.999944,1
T_0000078913,0,0.058230,0
T_0000078923,0,0.046006,0
T_0000079075,0,0.016766,0
T_0000079076,1,0.995219,1
T_0000079109,1,0.997403,1
T_0000079119,1,0.999925,1
T_0000079143,1,0.999939,1
T_0000079164,1,0.838497,1
T_0000079181,1,0.979838,1
T_0000079199,1,0.942353,1
T_0000079285,0,0.093933,0
T_0000079395,0,0.642442,0
T_0000079405,0,0.065472,0
T_0000079407,1,0.999801,1
T_0000079425,0,0.897331,1
T_0000079471,0,0.119641,0
T_0000079535,1,0.999018,1
T_0000079542,0,0.093666,0
T_0000079570,1,0.999892,1
T_0000079587,1,0.998617,1
T_0000079656,0,0.086705,0
T_0000079704,1,0.999933,1
T_0000079748,0,0.676619,1
T_0000079766,1,0.999339,1
T_0000079806,1,0.999219,1
T_0000079854,1,0.996671,1
T_0000079893,1,0.999976,1
T_0000079920,1,0.999194,1
T_0000079970,1,0.995650,1
T_0000079984,1,0.999745,1
T_0000080037,1,0.999984,1
T_0000080105,1,0.999019,1
T_0000080106,0,0.898726,1
T_0000080134,1,0.999728,1
T_0000080165,1,0.999972,1
T_0000080167,1,0.997078,1
T_0000080188,0,0.039246,0
T_0000080212,1,0.992132,1
T_0000080221,0,0.094985,0
T_0000080268,0,0.925151,1
T_0000080287,0,0.100520,0
T_0000080314,1,0.997827,1
T_0000080342,1,0.999601,1
T_0000080383,1,0.999963,1
T_0000080403,1,0.894159,1
T_0000080421,1,0.998888,1
T_0000080460,0,0.122896,0
T_0000080470,1,0.896287,1
T_0000080486,1,0.113032,0
T_0000080511,1,0.997559,1
T_0000080520,0,0.031458,0
T_0000080522,1,0.996633,1
T_0000080567,1,0.998526,1
T_0000080601,1,0.997721,1
T_0000080653,1,0.802709,1
T_0000080664,0,0.043194,0
T_0000080719,1,0.999760,1
T_0000080722,1,0.999317,1
T_0000080752,1,0.912390,1
T_0000080786,1,0.998839,1
T_0000080801,0,0.058678,0
T_0000080835,1,0.998140,1
T_0000080869,1,0.996012,1
T_0000080879,0,0.057873,0
T_0000080914,1,0.959572,1
T_0000080966,1,0.999598,1
T_0000080968,0,0.069422,0
T_0000080970,1,0.197598,0
T_0000080994,0,0.474046,0
T_0000081022,1,0.999315,1
T_0000081029,1,0.999304,1
T_0000081109,1,0.985635,1
T_0000081128,1,0.515045,0
T_0000081137,1,0.999961,1
T_0000081225,1,0.998971,1
T_0000081238,1,0.999139,1
T_0000081271,1,0.998526,1
T_0000081289,1,0.998613,1
T_0000081294,1,0.999667,1
T_0000081311,1,0.997893,1
T_0000081315,0,0.032693,0
T_0000081316,1,0.999708,1
T_0000081332,1,0.999637,1
T_0000081334,1,0.993934,1
T_0000081342,1,0.998514,1
T_0000081359,1,0.998880,1
T_0000081415,1,0.994329,1
T_0000081438,1,0.999176,1
T_0000081451,0,0.033216,0
T_0000081456,1,0.997168,1
T_0000081467,1,0.998868,1
T_0000081489,0,0.037580,0
T_0000081507,1,0.990154,1
T_0000081528,1,0.998430,1
T_0000081529,1,0.998634,1
T_0000081554,1,0.995582,1
T_0000081577,1,0.999448,1
T_0000081596,0,0.331212,0
T_0000081606,1,0.999962,1
T_0000081628,0,0.414199,0
T_0000081633,0,0.211884,0
T_0000081665,0,0.249194,0
T_0000081672,1,0.999642,1
T_0000081675,1,0.889042,1
T_0000081680,1,0.999792,1
T_0000081684,1,0.991792,1
T_0000081696,0,0.035420,0
T_0000081700,1,0.997393,1
T_0000081730,0,0.923034,1
T_0000081747,1,0.999759,1
T_0000081753,1,0.999325,1
T_0000081773,0,0.857736,1
T_0000081791,1,0.999928,1
T_0000081876,1,0.999579,1
T_0000081931,1,0.999033,1
T_0000081946,0,0.075980,0
T_0000081995,1,0.997677,1
T_0000081996,1,0.997766,1
T_0000082020,1,0.999108,1
T_0000082030,0,0.057382,0
T_0000082047,1,0.999284,1
T_0000082058,0,0.380264,0
T_0000082070,1,0.999884,1
T_0000082071,0,0.023327,0
T_0000082087,1,0.999328,1
T_0000082098,1,0.995664,1
T_0000082112,1,0.999706,1
T_0000082121,1,0.934440,1
T_0000082131,0,0.105600,0
T_0000082164,1,0.997194,1
T_0000082168,0,0.032562,0
T_0000082199,0,0.049332,0
T_0000082246,1,0.999504,1
T_0000082275,0,0.970743,1
T_0000082289,0,0.043902,0
T_0000082294,1,0.998157,1
T_0000082379,1,0.999897,1
T_0000082380,0,0.794170,1
T_0000082390,1,0.968365,1
T_0000082396,1,0.999685,1
T_0000082425,1,0.999422,1
T_0000082429,1,0.998377,1
T_0000082430,0,0.107882,0
T_0000082461,1,0.999653,1
T_0000082481,0,0.060578,0
T_0000082501,1,0.999817,1
T_0000082577,1,0.997931,1
T_0000082610,1,0.999395,1
T_0000082662,1,0.999389,1
T_0000082697,1,0.982476,1
T_0000082708,1,0.989708,1
T_0000082725,0,0.049158,0
T_0000082734,1,0.991390,1
T_0000082737,0,0.039821,0
T_0000082777,1,0.995858,1
T_0000082894,1,0.997778,1
T_0000082943,0,0.261380,0
T_0000082953,1,0.999768,1
T_0000082963,1,0.996614,1
T_0000083004,1,0.995857,1
T_0000083020,1,0.998423,1
T_0000083044,1,0.997741,1
T_0000083060,1,0.999590,1
T_0000083096,0,0.049441,0
T_0000083102,1,0.999573,1
T_0000083112,1,0.990750,1
T_0000083161,1,0.934779,1
T_0000083201,1,0.998680,1
T_0000083203,1,0.997812,1
T_0000083245,1,0.987891,1
T_0000083302,0,0.096611,0
T_0000083339,0,0.969634,1
T_0000083352,1,0.999500,1
T_0000083368,1,0.364725,0
T_0000083378,0,0.034233,0
T_0000083410,0,0.026694,0
T_0000083417,0,0.085607,0
T_0000083420,1,0.828447,1
T_0000083470,1,0.996371,1
T_0000083475,0,0.103592,0
T_0000083484,0,0.778567,1
T_0000083487,0,0.077378,0
T_0000083511,1,0.994928,1
T_0000083561,1,0.998160,1
T_0000083626,0,0.028183,0
T_0000083653,1,0.998008,1
T_0000083666,0,0.047034,0
T_0000083736,1,0.322247,0
T_0000083814,1,0.997117,1
T_0000083836,0,0.109304,0
T_0000083907,1,0.998189,1
T_0000083927,1,0.941831,1
T_0000083939,1,0.998835,1
T_0000083957,1,0.999539,1
T_0000083965,1,0.983267,1
T_0000083978,1,0.998232,1
T_0000083995,0,0.027457,0
T_0000084017,1,0.999868,1
T_0000084019,1,0.996810,1
T_0000084025,1,0.999110,1
T_0000084085,1,0.998737,1
T_0000084089,1,0.991168,1
T_0000084094,1,0.999403,1
T_0000084116,1,0.989838,1
T_0000084198,1,0.999459,1
T_0000084223,1,0.993359,1
T_0000084229,0,0.043608,0
T_0000084236,1,0.898374,1
T_0000084255,0,0.158916,0
T_0000084256,0,0.094218,0
T_0000084263,1,0.999450,1
T_0000084269,1,0.998838,1
T_0000084272,1,0.994182,1
T_0000084298,1,0.911305,1
T_0000084303,1,0.999308,1
T_0000084384,1,0.992540,1
T_0000084426,0,0.068445,0
T_0000084433,1,0.998988,1
T_0000084477,1,0.997926,1
T_0000084483,0,0.078333,0
T_0000084488,1,0.974990,1
T_0000084533,1,0.978610,1
T_0000084540,1,0.999539,1
T_0000084589,1,0.090272,0
T_0000084608,0,0.646449,0
T_0000084613,1,0.999366,1
T_0000084660,1,0.996563,1
T_0000084661,1,0.998197,1
T_0000084697,1,0.996886,1
T_0000084770,0,0.136825,0
T_0000084780,1,0.998955,1
T_0000084785,1,0.998069,1
T_0000084827,1,0.989537,1
T_0000084861,1,0.995671,1
T_0000084870,1,0.968400,1
T_0000084884,1,0.984399,1
T_0000084894,0,0.322290,0
T_0000084903,0,0.115682,0
T_0000084916,0,0.045732,0
T_0000084919,0,0.059153,0
T_0000084947,1,0.995342,1
T_0000084953,1,0.996655,1
T_0000084980,1,0.690483,1
T_0000084995,1,0.999350,1
T_0000085014,0,0.090308,0
T_0000085043,1,0.999853,1
T_0000085063,0,0.040852,0
T_0000085125,0,0.047386,0
T_0000085135,0,0.016054,0
T_0000085154,1,0.996483,1
T_0000085157,1,0.999934,1
T_0000085182,1,0.184930,0
T_0000085218,1,0.998716,1
T_0000085243,1,0.999729,1
T_0000085276,0,0.061427,0
T_0000085279,1,0.872649,1
T_0000085284,1,0.999358,1
T_0000085312,1,0.999772,1
T_0000085353,0,0.063796,0
T_0000085373,0,0.061491,0
T_0000085387,0,0.071937,0
T_0000085393,0,0.092330,0
T_0000085394,1,0.998801,1
T_0000085405,1,0.999950,1
T_0000085414,1,0.997603,1
T_0000085424,1,0.995951,1
T_0000085440,1,0.984061,1
T_0000085449,1,0.999144,1
T_0000085462,0,0.363568,0
T_0000085464,0,0.044339,0
T_0000085467,1,0.958684,1
T_0000085475,1,0.996580,1
T_0000085524,1,0.963974,1
T_0000085546,0,0.098698,0
T_0000085552,1,0.998693,1
T_0000085608,1,0.999886,1
T_0000085613,1,0.999951,1
T_0000085668,1,0.996480,1
T_0000085689,1,0.997262,1
T_0000085703,0,0.809551,1
T_0000085740,1,0.958614,1
T_0000085742,0,0.075657,0
T_0000085750,1,0.991950,1
T_0000085777,1,0.998968,1
T_0000085783,0,0.061017,0
T_0000085802,0,0.058599,0
T_0000085805,1,0.998807,1
T_0000085822,0,0.064648,0
T_0000085823,1,0.990731,1
T_0000085843,1,0.999142,1
T_0000085858,0,0.061425,0
T_0000085891,0,0.058545,0
T_0000085897,1,0.999923,1
T_0000085902,0,0.035863,0
T_0000085930,0,0.057493,0
T_0000085934,1,0.987556,1
T_0000085941,1,0.998321,1
T_0000085954,1,0.955667,1
T_0000085982,0,0.104518,0
T_0000086074,1,0.366944,0
T_0000086075,0,0.041523,0
T_0000086076,1,0.999638,1
T_0000086083,0,0.042746,0
T_0000086098,0,0.079267,0
T_0000086124,1,0.998224,1
T_0000086153,0,0.036229,0
T_0000086170,0,0.226584,0
T_0000086178,1,0.999433,1
T_0000086182,0,0.061266,0
T_0000086205,0,0.053468,0
T_0000086209,0,0.070329,0
T_0000086224,0,0.038277,0
T_0000086233,0,0.037787,0
T_0000086234,0,0.092065,0
T_0000086238,0,0.063623,0
T_0000086267,0,0.971033,1
T_0000086327,0,0.028473,0
T_0000086335,0,0.083067,0
T_0000086357,1,0.999808,1
T_0000086375,1,0.998626,1
T_0000086379,1,0.995508,1
T_0000086383,0,0.099113,0
T_0000086413,1,0.999209,1
T_0000086420,1,0.999784,1
T_0000086466,0,0.070859,0
T_0000086477,1,0.959108,1
T_0000086510,1,0.990480,1
T_0000086538,1,0.968793,1
T_0000086564,1,0.970193,1
T_0000086582,1,0.997104,1
T_0000086589,1,0.991565,1
T_0000086590,1,0.999605,1
T_0000086602,1,0.998885,1
T_0000086626,1,0.999790,1
T_0000086662,1,0.999894,1
T_0000086668,1,0.993886,1
T_0000086697,1,0.999818,1
T_0000086742,1,0.998477,1
T_0000086748,0,0.019088,0
T_0000086753,1,0.975967,1
T_0000086775,1,0.998534,1
T_0000086833,1,0.914101,1
T_0000086848,1,0.998573,1
T_0000086849,1,0.999193,1
T_0000086854,1,0.071088,0
T_0000086878,1,0.996784,1
T_0000086888,0,0.028756,0
T_0000086908,0,0.088430,0
T_0000086912,1,0.993143,1
T_0000086920,0,0.119806,0
T_0000086941,1,0.998065,1
T_0000086943,1,0.991852,1
T_0000086964,1,0.999508,1
T_0000086984,1,0.999285,1
T_0000086985,1,0.999786,1
T_0000087033,1,0.997916,1
T_0000087162,1,0.999783,1
T_0000087181,0,0.056101,0
T_0000087332,1,0.984015,1
T_0000087359,1,0.999027,1
T_0000087378,1,0.999807,1
T_0000087396,1,0.999964,1
T_0000087438,1,0.974986,1
T_0000087454,1,0.999188,1
T_0000087513,1,0.999710,1
T_0000087532,0,0.078476,0
T_0000087539,1,0.999943,1
T_0000087559,0,0.258294,0
T_0000087576,1,0.999169,1
T_0000087585,1,0.962510,1
T_0000087590,1,0.980000,1
T_0000087620,1,0.973964,1
T_0000087643,1,0.602938,0
T_0000087663,0,0.023514,0
T_0000087670,1,0.235105,0
T_0000087694,1,0.979810,1
T_0000087716,1,0.939536,1
T_0000087742,1,0.904560,1
T_0000087752,1,0.997136,1
T_0000087782,1,0.062203,0
T_0000087798,1,0.998616,1
T_0000087832,1,0.997061,1
T_0000087847,1,0.987688,1
T_0000087862,1,0.997807,1
T_0000087907,1,0.993543,1
T_0000087910,0,0.014961,0
T_0000087932,1,0.991407,1
T_0000087937,0,0.074148,0
T_0000087939,1,0.999988,1
T_0000087983,1,0.988933,1
T_0000087989,1,0.998505,1
T_0000087990,1,0.992165,1
T_0000088008,1,0.999466,1
T_0000088012,1,0.904710,1
T_0000088013,0,0.051558,0
T_0000088032,1,0.999089,1
T_0000088051,0,0.109665,0
T_0000088095,1,0.995105,1
T_0000088097,0,0.080933,0
T_0000088173,1,0.999915,1
T_0000088175,1,0.748203,1
T_0000088181,1,0.994733,1
T_0000088186,0,0.155737,0
T_0000088246,1,0.998805,1
T_0000088271,0,0.052726,0
T_0000088287,1,0.999578,1
T_0000088289,1,0.998004,1
T_0000088322,0,0.058134,0
T_0000088325,1,0.999973,1
T_0000088333,1,0.998355,1
T_0000088371,1,0.888857,1
T_0000088385,0,0.077993,0
T_0000088395,1,0.972032,1
T_0000088415,1,0.996556,1
T_0000088418,1,0.993885,1
T_0000088429,0,0.033094,0
T_0000088436,0,0.986600,1
T_0000088444,1,0.994522,1
T_0000088498,1,0.998294,1
T_0000088508,1,0.966352,1
T_0000088514,1,0.984285,1
T_0000088525,1,0.999933,1
T_0000088530,1,0.999360,1
T_0000088555,0,0.042754,0
T_0000088611,1,0.993977,1
T_0000088616,0,0.168240,0
T_0000088618,0,0.590396,0
T_0000088646,1,0.999799,1
T_0000088674,0,0.567430,0
T_0000088741,1,0.999476,1
T_0000088771,1,0.999353,1
T_0000088794,0,0.052836,0
T_0000088820,0,0.135834,0
T_0000088822,1,0.970717,1
T_0000088828,1,0.999688,1
T_0000088847,1,0.867146,1
T_0000088848,1,0.997165,1
T_0000088861,1,0.994553,1
T_0000088901,1,0.784056,1
T_0000088914,1,0.995343,1
T_0000088928,1,0.999568,1
T_0000088932,1,0.992426,1
T_0000088977,1,0.999983,1
T_0000088979,1,0.997929,1
T_0000088998,1,0.998975,1
T_0000089041,1,0.732314,1
T_0000089062,1,0.997567,1
T_0000089094,1,0.998892,1
T_0000089102,0,0.044794,0
T_0000089143,0,0.035774,0
T_0000089180,1,0.999697,1
T_0000089227,0,0.063318,0
T_0000089243,1,0.999358,1
T_0000089323,0,0.032572,0
T_0000089352,0,0.304080,0
T_0000089376,0,0.072798,0
T_0000089378,0,0.047220,0
T_0000089384,1,0.995718,1
T_0000089387,1,0.940253,1
T_0000089399,1,0.998344,1
T_0000089437,0,0.043356,0
T_0000089443,1,0.996904,1
T_0000089473,1,0.550741,0
T_0000089524,1,0.999305,1
T_0000089541,0,0.115943,0
T_0000089552,0,0.032469,0
T_0000089576,1,0.930081,1
T_0000089649,0,0.625133,0
T_0000089653,0,0.035824,0
T_0000089678,1,0.992724,1
T_0000089710,0,0.057443,0
T_0000089720,1,0.998114,1
T_0000089722,1,0.966784,1
T_0000089728,1,0.999471,1
T_0000089731,1,0.999555,1
T_0000089755,1,0.999646,1
T_0000089783,1,0.919357,1
T_0000089845,1,0.999025,1
T_0000089847,1,0.873914,1
T_0000089864,1,0.998695,1
T_0000089890,1,0.998535,1
T_0000089891,0,0.102930,0
T_0000089918,1,0.515553,0
T_0000089928,1,0.983217,1
T_0000089981,1,0.992717,1
T_0000090000,1,0.705334,1
T_0000090014,1,0.998299,1
T_0000090031,1,0.999732,1
T_0000090054,1,0.983312,1
T_0000090064,1,0.776014,1
T_0000090109,1,0.999858,1
T_0000090142,1,0.997621,1
T_0000090154,0,0.077088,0
T_0000090183,1,0.996269,1
T_0000090192,1,0.996905,1
T_0000090212,1,0.994090,1
T_0000090222,0,0.039597,0
T_0000090238,1,0.999572,1
T_0000090253,1,0.997642,1
T_0000090267,1,0.999766,1
T_0000090273,0,0.889143,1
T_0000090275,1,0.998365,1
T_0000090286,0,0.062195,0
T_0000090335,1,0.996241,1
T_0000090353,1,0.998594,1
T_0000090416,0,0.063359,0
T_0000090425,1,0.999810,1
T_0000090448,1,0.997476,1
T_0000090454,1,0.807948,1
T_0000090477,1,0.813125,1
T_0000090506,0,0.077118,0
T_0000090518,0,0.116544,0
T_0000090533,1,0.997244,1
T_0000090595,1,0.817904,1
T_0000090602,0,0.711198,1
T_0000090605,1,0.999951,1
T_0000090606,0,0.076804,0
T_0000090626,0,0.079282,0
T_0000090632,0,0.087772,0
T_0000090647,0,0.060179,0
T_0000090698,1,0.999478,1
T_0000090720,1,0.794891,1
T_0000090724,1,0.996226,1
T_0000090727,1,0.979884,1
T_0000090751,0,0.039113,0
T_0000090846,0,0.991042,1
T_0000090883,1,0.977852,1
T_0000090913,1,0.796115,1
T_0000090962,1,0.998552,1
T_0000090975,0,0.035571,0
T_0000091027,0,0.612608,0
T_0000091049,0,0.434109,0
T_0000091058,1,0.993519,1
T_0000091096,0,0.520258,0
T_0000091097,0,0.027469,0
T_0000091098,1,0.992253,1
T_0000091100,1,0.995788,1
T_0000091143,1,0.966038,1
T_0000091149,0,0.648633,0
T_0000091188,1,0.998550,1
T_0000091215,1,0.997360,1
T_0000091222,1,0.968778,1
T_0000091230,0,0.052994,0
T_0000091241,0,0.169559,0
T_0000091270,1,0.994291,1
T_0000091277,1,0.998922,1
T_0000091291,1,0.994532,1
T_0000091304,1,0.997371,1
T_0000091374,0,0.084013,0
T_0000091386,1,0.999685,1
T_0000091389,1,0.531427,0
T_0000091402,1,0.993311,1
T_0000091412,1,0.999242,1
T_0000091425,0,0.672781,0
T_0000091429,0,0.043241,0
T_0000091513,1,0.993023,1
T_0000091617,1,0.997948,1
T_0000091635,1,0.994206,1
T_0000091645,1,0.998219,1
T_0000091646,1,0.999729,1
T_0000091661,0,0.047043,0
T_0000091665,1,0.998780,1
T_0000091673,1,0.999821,1
T_0000091695,1,0.719199,1
T_0000091708,1,0.997841,1
T_0000091741,1,0.999892,1
T_0000091756,0,0.067105,0
T_0000091773,1,0.998108,1
T_0000091821,1,0.999649,1
T_0000091848,1,0.996086,1
T_0000091897,1,0.999669,1
T_0000091898,1,0.998330,1
T_0000091921,1,0.996611,1
T_0000091934,1,0.997770,1
T_0000092006,1,0.999054,1
T_0000092082,1,0.995407,1
T_0000092083,1,0.111710,0
T_0000092114,1,0.998769,1
T_0000092115,0,0.049675,0
T_0000092134,0,0.044918,0
T_0000092142,1,0.994571,1
T_0000092176,0,0.109911,0
T_0000092178,0,0.069902,0
T_0000092179,1,0.939161,1
T_0000092181,0,0.029851,0
T_0000092183,1,0.999300,1
T_0000092191,1,0.999566,1
T_0000092198,1,0.996797,1
T_0000092199,0,0.096692,0
T_0000092213,1,0.999825,1
T_0000092233,0,0.023421,0
T_0000092235,1,0.984864,1
T_0000092239,1,0.998758,1
T_0000092251,0,0.178441,0
T_0000092300,1,0.999063,1
T_0000092323,1,0.983842,1
T_0000092326,1,0.999161,1
T_0000092373,1,0.991738,1
T_0000092400,0,0.139027,0
T_0000092411,1,0.999228,1
T_0000092421,0,0.024842,0
T_0000092453,1,0.986804,1
T_0000092460,1,0.999543,1
T_0000092471,0,0.289237,0
T_0000092472,1,0.939071,1
T_0000092539,0,0.038452,0
T_0000092548,1,0.983711,1
T_0000092591,1,0.971928,1
T_0000092595,0,0.418903,0
T_0000092598,1,0.999984,1
T_0000092600,1,0.943080,1
T_0000092652,0,0.155368,0
T_0000092655,1,0.999480,1
T_0000092677,1,0.999754,1
T_0000092728,1,0.992591,1
T_0000092735,0,0.038074,0
T_0000092835,0,0.036228,0
T_0000092841,1,0.996690,1
T_0000092857,1,0.999422,1
T_0000092871,1,0.999875,1
T_0000092886,1,0.998819,1
T_0000092887,0,0.049249,0
T_0000092897,1,0.997505,1
T_0000092905,1,0.990993,1
T_0000092906,1,0.999399,1
T_0000092927,0,0.026554,0
T_0000092930,0,0.327623,0
T_0000092940,1,0.996460,1
T_0000092945,1,0.768935,1
T_0000092992,1,0.999542,1
T_0000093022,1,0.997944,1
T_0000093047,1,0.998258,1
T_0000093069,1,0.997000,1
T_0000093092,1,0.998725,1
T_0000093113,1,0.999255,1
T_0000093128,1,0.420636,0
T_0000093168,1,0.994518,1
T_0000093170,1,0.089132,0
T_0000093178,1,0.999887,1
T_0000093207,1,0.996052,1
T_0000093279,1,0.851357,1
T_0000093298,1,0.998446,1
T_0000093333,0,0.053455,0
T_0000093348,0,0.055785,0
T_0000093358,1,0.992023,1
T_0000093373,1,0.985859,1
T_0000093465,1,0.999703,1
T_0000093478,1,0.985681,1
T_0000093480,0,0.389045,0
T_0000093481,0,0.020272,0
T_0000093498,0,0.072777,0
T_0000093505,1,0.998071,1
T_0000093527,0,0.246151,0
T_0000093539,1,0.999990,1
T_0000093573,0,0.842561,1
T_0000093614,0,0.968767,1
T_0000093627,1,0.982075,1
T_0000093636,1,0.997786,1
T_0000093644,1,0.999731,1
T_0000093678,1,0.998949,1
T_0000093679,1,0.987639,1
T_0000093706,1,0.999768,1
T_0000093707,1,0.984289,1
T_0000093712,0,0.033071,0
T_0000093780,1,0.999172,1
T_0000093825,1,0.998620,1
T_0000093828,1,0.998785,1
T_0000093835,1,0.999747,1
T_0000093854,1,0.999967,1
T_0000093855,1,0.999648,1
T_0000093898,1,0.411160,0
T_0000093906,1,0.999480,1
T_0000093919,1,0.762670,1
T_0000093962,0,0.094218,0
T_0000094010,1,0.999946,1
T_0000094033,1,0.997183,1
T_0000094038,1,0.998405,1
T_0000094042,1,0.925809,1
T_0000094046,0,0.227057,0
T_0000094061,1,0.999192,1
T_0000094064,1,0.997307,1
T_0000094087,0,0.064729,0
T_0000094104,0,0.006592,0
T_0000094114,1,0.997583,1
T_0000094128,0,0.024472,0
T_0000094130,1,0.932714,1
T_0000094180,1,0.999914,1
T_0000094194,1,0.982573,1
T_0000094203,0,0.898420,1
T_0000094222,1,0.997401,1
T_0000094274,1,0.997486,1
T_0000094284,1,0.998282,1
T_0000094296,0,0.058663,0
T_0000094303,1,0.999571,1
T_0000094347,1,0.999987,1
T_0000094348,1,0.986824,1
T_0000094357,1,0.999563,1
T_0000094359,0,0.244103,0
T_0000094390,1,0.965504,1
T_0000094437,1,0.962684,1
T_0000094453,1,0.999307,1
T_0000094468,1,0.995500,1
T_0000094474,1,0.994413,1
T_0000094475,0,0.085343,0
T_0000094478,1,0.999938,1
T_0000094485,1,0.999166,1
T_0000094532,0,0.034426,0
T_0000094541,1,0.999861,1
T_0000094590,1,0.998634,1
T_0000094680,1,0.999952,1
T_0000094688,1,0.825204,1
T_0000094696,0,0.034379,0
T_0000094701,1,0.996725,1
T_0000094722,1,0.999591,1
T_0000094762,0,0.425341,0
T_0000094783,1,0.999211,1
T_0000094818,1,0.999380,1
T_0000094862,1,0.999074,1
T_0000094897,1,0.907715,1
T_0000094909,1,0.999849,1
T_0000094916,1,0.930427,1
T_0000094920,0,0.956756,1
T_0000094929,1,0.999966,1
T_0000094959,1,0.996254,1
T_0000094975,1,0.927381,1
T_0000095011,1,0.997018,1
T_0000095029,0,0.040634,0
T_0000095034,0,0.119509,0
T_0000095052,1,0.996382,1
T_0000095058,0,0.071098,0
T_0000095109,1,0.998488,1
T_0000095141,0,0.279718,0
T_0000095186,1,0.184220,0
T_0000095187,0,0.049184,0
T_0000095201,0,0.071006,0
T_0000095203,0,0.103317,0
T_0000095206,1,0.998216,1
T_0000095214,1,0.997750,1
T_0000095231,0,0.867517,1
T_0000095239,1,0.996392,1
T_0000095263,0,0.067820,0
T_0000095279,0,0.050358,0
T_0000095288,1,0.995642,1
T_0000095309,1,0.999350,1
T_0000095312,1,0.999572,1
T_0000095325,1,0.999596,1
T_0000095343,1,0.999369,1
T_0000095360,0,0.256590,0
T_0000095380,1,0.999297,1
T_0000095399,1,0.999321,1
T_0000095438,0,0.595116,0
T_0000095499,1,0.999979,1
T_0000095538,0,0.197346,0
T_0000095539,0,0.055529,0
T_0000095555,0,0.033469,0
T_0000095580,1,0.998699,1
T_0000095592,1,0.995700,1
T_0000095669,0,0.042122,0
T_0000095682,1,0.998150,1
T_0000095684,1,0.844615,1
T_0000095703,1,0.999887,1
T_0000095730,1,0.996156,1
T_0000095752,0,0.041558,0
T_0000095772,0,0.037356,0
T_0000095785,1,0.998855,1
T_0000095831,1,0.999784,1
T_0000095855,0,0.042026,0
T_0000095862,0,0.073332,0
T_0000095863,1,0.999837,1
T_0000095877,1,0.990361,1
T_0000095914,1,0.996153,1
T_0000095923,1,0.890390,1
T_0000095951,1,0.994636,1
T_0000095966,1,0.968940,1
T_0000095975,1,0.995174,1
T_0000095991,0,0.021637,0
T_0000096000,1,0.995918,1
T_0000096012,1,0.950947,1
T_0000096069,1,0.997079,1
T_0000096074,0,0.302978,0
T_0000096076,0,0.429271,0
T_0000096105,1,0.999965,1
T_0000096148,1,0.999939,1
T_0000096201,0,0.040744,0
T_0000096213,0,0.078721,0
T_0000096285,1,0.999745,1
T_0000096299,1,0.993281,1
T_0000096360,1,0.999675,1
T_0000096363,0,0.084961,0
T_0000096365,1,0.993511,1
T_0000096367,0,0.048032,0
T_0000096379,1,0.999749,1
T_0000096380,0,0.761734,1
T_0000096397,0,0.069994,0
T_0000096408,0,0.040483,0
T_0000096422,1,0.999482,1
T_0000096426,0,0.464109,0
T_0000096473,0,0.026512,0
T_0000096484,0,0.028967,0
T_0000096517,1,0.999839,1
T_0000096519,1,0.999562,1
T_0000096543,1,0.999122,1
T_0000096548,0,0.335498,0
T_0000096556,0,0.049783,0
T_0000096578,0,0.771093,1
T_0000096584,0,0.065393,0
T_0000096632,0,0.024572,0
T_0000096673,1,0.997897,1
T_0000096728,0,0.027887,0
T_0000096772,1,0.997144,1
T_0000096792,0,0.885497,1
T_0000096803,1,0.999947,1
T_0000096819,1,0.995831,1
T_0000096823,1,0.999990,1
T_0000096840,0,0.056444,0
T_0000096851,0,0.063001,0
T_0000096852,0,0.089938,0
T_0000096854,0,0.076945,0
T_0000096876,1,0.999446,1
T_0000096903,1,0.999402,1
T_0000096925,0,0.050458,0
T_0000096932,1,0.999783,1
T_0000096952,0,0.030205,0
T_0000096978,1,0.999509,1
T_0000096983,1,0.999785,1
T_0000096985,0,0.159747,0
T_0000097021,1,0.997530,1
T_0000097078,0,0.029424,0
T_0000097083,0,0.044420,0
T_0000097086,0,0.155593,0
T_0000097096,1,0.999969,1
T_0000097121,1,0.998826,1
T_0000097130,0,0.066406,0
T_0000097144,1,0.998928,1
T_0000097188,0,0.044408,0
T_0000097301,0,0.062715,0
T_0000097330,1,0.999748,1
T_0000097331,0,0.081909,0
T_0000097344,1,0.999545,1
T_0000097360,1,0.939488,1
T_0000097362,1,0.683708,1
T_0000097376,1,0.952101,1
T_0000097385,1,0.999929,1
T_0000097397,1,0.999986,1
T_0000097413,0,0.928110,1
T_0000097444,1,0.998830,1
T_0000097466,1,0.994334,1
T_0000097473,1,0.530047,0
T_0000097491,0,0.062773,0
T_0000097503,1,0.999309,1
T_0000097531,1,0.772140,1
T_0000097536,0,0.030866,0
T_0000097543,1,0.996046,1
T_0000097552,1,0.995587,1
T_0000097569,0,0.072013,0
T_0000097571,1,0.998762,1
T_0000097625,0,0.062042,0
T_0000097651,0,0.064265,0
T_0000097680,1,0.997946,1
T_0000097708,1,0.999876,1
T_0000097778,0,0.543487,0
T_0000097824,1,0.997722,1
T_0000097834,1,0.999300,1
T_0000097880,1,0.959644,1
T_0000097962,1,0.980673,1
T_0000098019,1,0.999406,1
T_0000098027,1,0.999786,1
T_0000098028,1,0.992717,1
T_0000098034,1,0.999683,1
T_0000098066,0,0.086233,0
T_0000098088,1,0.997151,1
T_0000098091,1,0.998218,1
T_0000098100,0,0.014446,0
T_0000098118,1,0.999985,1
T_0000098183,1,0.999535,1
T_0000098185,1,0.872339,1
T_0000098193,1,0.998545,1
T_0000098209,1,0.999001,1
T_0000098254,1,0.994491,1
T_0000098266,1,0.818626,1
T_0000098272,1,0.999728,1
T_0000098312,1,0.999011,1
T_0000098313,1,0.996199,1
T_0000098321,0,0.030123,0
T_0000098348,0,0.350444,0
T_0000098349,1,0.999776,1
T_0000098353,0,0.018160,0
T_0000098356,0,0.099206,0
T_0000098358,1,0.993300,1
T_0000098362,1,0.996161,1
T_0000098370,0,0.141226,0
T_0000098385,0,0.024815,0
T_0000098426,1,0.997432,1
T_0000098482,0,0.032127,0
T_0000098526,1,0.998945,1
T_0000098552,1,0.999782,1
T_0000098578,0,0.111159,0
T_0000098616,1,0.999746,1
T_0000098631,1,0.996672,1
T_0000098636,1,0.815415,1
T_0000098683,0,0.039322,0
T_0000098700,0,0.060710,0
T_0000098701,1,0.999815,1
T_0000098726,1,0.998078,1
T_0000098735,1,0.953536,1
T_0000098742,0,0.075903,0
T_0000098796,1,0.998449,1
T_0000098834,0,0.066045,0
T_0000098849,1,0.985387,1
T_0000098885,1,0.994298,1
T_0000098889,1,0.935880,1
T_0000098918,0,0.172520,0
T_0000098932,1,0.935047,1
T_0000099005,0,0.057911,0
T_0000099012,1,0.995383,1
T_0000099044,1,0.843744,1
T_0000099094,0,0.823139,1
T_0000099100,1,0.993402,1
T_0000099104,0,0.044654,0
T_0000099170,1,0.997670,1
T_0000099209,0,0.028394,0
T_0000099245,1,0.999753,1
T_0000099302,1,0.999346,1
T_0000099322,1,0.999360,1
T_0000099323,1,0.999837,1
T_0000099341,1,0.997180,1
T_0000099353,1,0.999961,1
T_0000099356,1,0.998080,1
T_0000099380,1,0.997359,1
T_0000099410,1,0.997428,1
T_0000099446,0,0.845383,1
T_0000099454,1,0.997759,1
T_0000099459,0,0.084650,0
T_0000099500,0,0.037445,0
T_0000099502,1,0.999655,1
T_0000099519,1,0.996045,1
T_0000099546,0,0.023742,0
T_0000099568,1,0.985465,1
T_0000099573,1,0.992174,1
T_0000099577,0,0.989774,1
T_0000099617,1,0.999318,1
T_0000099618,1,0.992533,1
T_0000099629,0,0.187807,0
T_0000099725,0,0.048734,0
T_0000099731,1,0.998489,1
T_0000099743,0,0.043943,0
T_0000099782,1,0.206356,0
T_0000099828,1,0.998308,1
T_0000099834,1,0.985356,1
T_0000099840,0,0.032765,0
T_0000099866,1,0.999889,1
T_0000099911,1,0.994033,1
T_0000099913,0,0.028157,0
T_0000099921,0,0.197773,0
T_0000099941,1,0.998192,1
T_0000099954,1,0.999936,1
T_0000099968,0,0.055794,0
T_0000100040,1,0.969846,1
T_0000100062,1,0.996978,1
T_0000100064,1,0.996311,1
T_0000100085,0,0.030524,0
T_0000100087,0,0.034486,0
T_0000100096,1,0.997106,1
T_0000100101,1,0.828075,1
T_0000100102,1,0.997074,1
T_0000100107,1,0.993110,1
T_0000100114,0,0.974749,1
T_0000100124,0,0.008316,0
T_0000100149,0,0.039286,0
T_0000100157,1,0.999765,1
T_0000100161,0,0.301944,0
T_0000100162,1,0.979426,1
T_0000100232,1,0.995216,1
T_0000100235,1,0.968375,1
T_0000100293,0,0.030729,0
T_0000100340,0,0.053183,0
T_0000100349,1,0.996721,1
T_0000100367,1,0.998565,1
T_0000100425,0,0.238024,0
T_0000100433,0,0.078077,0
T_0000100438,1,0.998946,1
T_0000100452,1,0.997630,1
T_0000100456,1,0.997709,1
T_0000100483,1,0.986581,1
T_0000100515,1,0.647064,0
T_0000100516,0,0.073898,0
T_0000100521,1,0.216144,0
T_0000100593,0,0.125865,0
T_0000100596,1,0.998726,1
T_0000100602,1,0.997020,1
T_0000100610,0,0.044077,0
T_0000100654,1,0.795908,1
T_0000100672,1,0.999923,1
T_0000100700,0,0.035285,0
T_0000100710,0,0.047804,0
T_0000100712,1,0.995066,1
T_0000100762,0,0.046330,0
T_0000100824,0,0.031577,0
T_0000100830,1,0.719976,1
T_0000100839,1,0.998786,1
T_0000100872,1,0.998926,1
T_0000100891,0,0.109889,0
T_0000100927,0,0.148902,0
T_0000100932,1,0.981420,1
T_0000100943,1,0.691723,1
T_0000100970,1,0.995442,1
T_0000100983,1,0.996736,1
T_0000101000,1,0.995657,1
T_0000101036,1,0.094092,0
T_0000101052,1,0.995767,1
T_0000101063,1,0.998216,1
T_0000101068,1,0.998509,1
T_0000101083,1,0.998466,1
T_0000101146,1,0.936638,1
T_0000101164,1,0.999520,1
T_0000101195,0,0.053426,0
T_0000101219,0,0.067553,0
T_0000101229,1,0.999170,1
T_0000101255,1,0.999079,1
T_0000101273,0,0.064611,0
T_0000101278,1,0.998153,1
T_0000101285,1,0.999926,1
T_0000101305,1,0.951346,1
T_0000101354,0,0.045054,0
T_0000101358,1,0.989338,1
T_0000101360,0,0.022919,0
T_0000101367,1,0.997568,1
T_0000101398,1,0.999898,1
T_0000101416,1,0.997741,1
T_0000101421,1,0.998415,1
T_0000101453,0,0.093723,0
T_0000101493,0,0.023612,0
T_0000101496,1,0.999761,1
T_0000101559,1,0.983867,1
T_0000101591,0,0.056870,0
T_0000101647,1,0.998191,1
T_0000101654,1,0.998468,1
T_0000101699,0,0.053048,0
T_0000101703,1,0.997909,1
T_0000101710,1,0.999802,1
T_0000101742,1,0.979519,1
T_0000101745,1,0.996636,1
T_0000101747,0,0.082206,0
T_0000101751,1,0.993484,1
T_0000101762,0,0.050695,0
T_0000101783,1,0.986909,1
T_0000101803,0,0.153508,0
T_0000101826,1,0.997918,1
T_0000101847,0,0.076833,0
T_0000101879,1,0.998819,1
T_0000101913,0,0.061937,0
T_0000101921,1,0.993942,1
T_0000101924,0,0.029048,0
T_0000101932,1,0.874218,1
T_0000102000,1,0.999055,1
T_0000102009,0,0.024911,0
T_0000102052,1,0.994961,1
T_0000102077,1,0.999986,1
T_0000102084,0,0.015664,0
T_0000102086,1,0.999609,1
T_0000102141,1,0.662099,0
T_0000102190,0,0.088139,0
T_0000102223,1,0.889407,1
T_0000102242,1,0.942713,1
T_0000102276,1,0.997697,1
T_0000102293,1,0.237109,0
T_0000102306,1,0.999496,1
T_0000102352,1,0.999525,1
T_0000102399,1,0.999054,1
T_0000102430,1,0.284224,0
T_0000102462,1,0.999933,1
T_0000102466,1,0.998904,1
T_0000102478,1,0.999751,1
T_0000102520,1,0.996090,1
T_0000102554,1,0.997996,1
T_0000102594,1,0.999889,1
T_0000102608,1,0.999363,1
T_0000102689,0,0.130940,0
T_0000102696,1,0.952259,1
T_0000102733,0,0.027825,0
T_0000102734,1,0.962488,1
T_0000102754,0,0.310200,0
T_0000102793,1,0.995302,1
T_0000102809,0,0.056419,0
T_0000102820,1,0.823783,1
T_0000102845,1,0.999899,1
T_0000102867,1,0.995855,1
T_0000102872,0,0.536606,0
T_0000102874,1,0.994452,1
T_0000102888,1,0.999726,1
T_0000102934,1,0.995524,1
T_0000103010,1,0.953992,1
T_0000103015,1,0.968649,1
T_0000103050,1,0.996689,1
T_0000103073,1,0.946516,1
T_0000103085,1,0.866584,1
T_0000103094,1,0.997232,1
T_0000103151,1,0.995289,1
T_0000103157,1,0.995320,1
T_0000103217,1,0.999954,1
T_0000103236,0,0.110788,0
T_0000103249,1,0.999773,1
T_0000103286,1,0.708074,1
T_0000103371,0,0.561824,0
T_0000103374,0,0.113681,0
T_0000103380,0,0.079725,0
T_0000103411,0,0.017314,0
T_0000103416,1,0.998994,1
T_0000103436,0,0.046575,0
T_0000103453,1,0.993669,1
T_0000103465,1,0.996020,1
T_0000103535,1,0.999573,1
T_0000103554,1,0.998050,1
T_0000103560,1,0.771197,1
T_0000103589,0,0.047686,0
T_0000103595,0,0.887207,1
T_0000103628,1,0.999319,1
T_0000103644,1,0.996102,1
T_0000103657,0,0.047531,0
T_0000103669,1,0.996293,1
T_0000103708,0,0.070592,0
T_0000103749,1,0.976238,1
T_0000103767,0,0.050305,0
T_0000103773,1,0.998433,1
T_0000103801,1,0.999834,1
T_0000103830,0,0.096376,0
T_0000103880,1,0.995136,1
T_0000103902,1,0.999724,1
T_0000103951,1,0.995412,1
T_0000103964,1,0.998703,1
T_0000103971,1,0.994673,1
T_0000103983,1,0.998296,1
T_0000104037,1,0.999713,1
T_0000104051,0,0.146716,0
T_0000104059,1,0.999680,1
T_0000104089,1,0.997554,1
T_0000104159,1,0.999918,1
T_0000104160,0,0.087901,0
T_0000104263,1,0.999591,1
T_0000104266,0,0.039685,0
T_0000104267,0,0.078665,0
T_0000104288,0,0.177683,0
T_0000104289,0,0.249775,0
T_0000104297,0,0.017843,0
T_0000104299,1,0.996932,1
T_0000104312,1,0.997521,1
T_0000104332,1,0.997692,1
T_0000104339,1,0.999581,1
T_0000104341,0,0.047926,0
T_0000104342,0,0.048811,0
T_0000104366,0,0.043587,0
T_0000104423,1,0.997358,1
T_0000104455,1,0.998100,1
T_0000104466,0,0.037388,0
T_0000104473,1,0.999497,1
T_0000104478,0,0.018286,0
T_0000104482,1,0.999648,1
T_0000104508,0,0.983893,1
T_0000104533,1,0.999816,1
T_0000104535,1,0.956836,1
T_0000104538,1,0.997206,1
T_0000104563,1,0.999126,1
T_0000104569,1,0.999665,1
T_0000104572,1,0.999740,1
T_0000104588,1,0.978767,1
T_0000104593,0,0.065097,0
T_0000104595,1,0.998899,1
T_0000104740,1,0.999539,1
T_0000104765,1,0.999958,1
T_0000104785,0,0.327318,0
T_0000104852,0,0.040462,0
T_0000104853,0,0.041945,0
T_0000104869,1,0.985218,1
T_0000104909,1,0.997830,1
T_0000104926,0,0.045643,0
T_0000104951,1,0.866617,1
T_0000104963,0,0.885202,1
T_0000104967,1,0.999443,1
T_0000104980,1,0.999040,1
T_0000104985,0,0.084681,0
T_0000104993,0,0.058985,0
T_0000105018,1,0.998144,1
T_0000105025,0,0.034802,0
T_0000105032,1,0.996328,1
T_0000105033,1,0.998985,1
T_0000105035,1,0.991928,1
T_0000105065,1,0.999571,1
T_0000105067,1,0.997552,1
T_0000105088,1,0.995348,1
T_0000105124,1,0.942260,1
T_0000105144,1,0.976171,1
T_0000105157,0,0.099286,0
T_0000105178,1,0.995201,1
T_0000105197,0,0.495872,0
T_0000105239,1,0.998795,1
T_0000105243,1,0.999974,1
T_0000105249,0,0.071086,0
T_0000105250,1,0.999780,1
T_0000105258,1,0.983737,1
T_0000105266,0,0.978659,1
T_0000105268,1,0.999575,1
T_0000105274,0,0.828035,1
T_0000105277,1,0.996111,1
T_0000105311,1,0.999688,1
T_0000105364,1,0.994075,1
T_0000105427,0,0.645997,0
T_0000105506,1,0.963382,1
T_0000105509,1,0.995778,1
T_0000105548,0,0.043513,0
T_0000105558,1,0.999830,1
T_0000105584,0,0.054967,0
T_0000105661,1,0.999403,1
T_0000105692,1,0.999921,1
T_0000105701,1,0.997190,1
T_0000105705,1,0.993703,1
T_0000105713,0,0.141536,0
T_0000105735,1,0.998873,1
T_0000105755,1,0.997790,1
T_0000105757,0,0.511918,0
T_0000105768,1,0.999980,1
T_0000105782,1,0.999683,1
T_0000105790,1,0.999054,1
T_0000105818,0,0.051184,0
T_0000105901,1,0.999626,1
T_0000105911,0,0.025729,0
T_0000105914,1,0.998680,1
T_0000105929,1,0.999279,1
T_0000105931,1,0.998914,1
T_0000105932,1,0.999453,1
T_0000105939,1,0.999768,1
T_0000105994,1,0.998856,1
T_0000106020,0,0.072158,0
T_0000106052,1,0.999555,1
T_0000106075,1,0.994519,1
T_0000106096,1,0.999113,1
T_0000106133,1,0.999507,1
T_0000106149,0,0.206304,0
T_0000106197,1,0.999791,1
T_0000106200,0,0.353597,0
T_0000106215,1,0.999773,1
T_0000106218,1,0.999336,1
T_0000106229,1,0.998018,1
T_0000106231,1,0.585864,0
T_0000106234,0,0.022569,0
T_0000106238,0,0.143057,0
T_0000106276,1,0.997790,1
T_0000106288,1,0.996410,1
T_0000106328,1,0.999234,1
T_0000106330,0,0.058338,0
T_0000106336,0,0.094547,0
T_0000106341,1,0.997474,1
T_0000106360,1,0.996543,1
T_0000106373,0,0.065325,0
T_0000106376,1,0.989824,1
T_0000106378,1,0.999129,1
T_0000106380,0,0.048494,0
T_0000106384,1,0.999027,1
T_0000106400,1,0.999836,1
T_0000106402,0,0.047253,0
T_0000106426,1,0.958437,1
T_0000106432,1,0.997927,1
T_0000106446,1,0.974196,1
T_0000106509,1,0.997780,1
T_0000106534,1,0.500708,0
T_0000106535,1,0.987056,1
T_0000106550,1,0.993702,1
T_0000106572,1,0.999471,1
T_0000106581,1,0.983579,1
T_0000106587,1,0.999952,1
T_0000106612,0,0.037405,0
T_0000106625,0,0.055945,0
T_0000106658,0,0.038574,0
T_0000106664,0,0.170409,0
T_0000106732,0,0.037774,0
T_0000106794,0,0.134018,0
T_0000106802,1,0.998734,1
T_0000106808,0,0.063543,0
T_0000106814,1,0.998763,1
T_0000106815,0,0.043925,0
T_0000106921,1,0.995405,1
T_0000106942,1,0.995878,1
T_0000106946,1,0.329861,0
T_0000106953,1,0.998242,1
T_0000106989,1,0.999814,1
T_0000107118,0,0.117290,0
T_0000107138,1,0.999864,1
T_0000107146,1,0.999872,1
T_0000107156,1,0.984441,1
T_0000107189,1,0.976329,1
T_0000107244,1,0.998276,1
T_0000107245,1,0.999767,1
T_0000107276,1,0.999982,1
T_0000107305,0,0.037766,0
T_0000107347,1,0.999875,1
T_0000107408,1,0.980436,1
T_0000107440,0,0.047793,0
T_0000107458,0,0.021231,0
T_0000107491,0,0.039907,0
T_0000107505,1,0.993802,1
T_0000107506,0,0.947758,1
T_0000107545,1,0.997893,1
T_0000107546,0,0.073658,0
T_0000107578,0,0.056856,0
T_0000107588,1,0.999394,1
T_0000107594,0,0.066639,0
T_0000107603,0,0.085487,0
T_0000107614,0,0.086896,0
T_0000107636,1,0.999818,1
T_0000107650,1,0.999476,1
T_0000107660,1,0.990902,1
T_0000107732,1,0.999655,1
T_0000107754,1,0.997935,1
T_0000107755,1,0.996096,1
T_0000107777,1,0.995527,1
T_0000107812,1,0.999259,1
T_0000107836,1,0.999960,1
T_0000107838,1,0.999517,1
T_0000107894,1,0.996212,1
T_0000107898,1,0.999288,1
T_0000107936,1,0.864991,1
T_0000107974,1,0.999688,1
T_0000108000,0,0.051609,0
T_0000108011,0,0.025272,0
T_0000108036,0,0.036441,0
T_0000108079,1,0.984487,1
T_0000108094,1,0.998704,1
T_0000108110,1,0.913287,1
T_0000108149,1,0.955275,1
T_0000108160,1,0.997389,1
T_0000108166,1,0.999783,1
T_0000108222,1,0.973848,1
T_0000108231,1,0.999771,1
T_0000108236,0,0.054357,0
T_0000108242,1,0.997512,1
T_0000108256,0,0.062964,0
T_0000108271,0,0.112322,0
T_0000108288,0,0.032217,0
T_0000108343,1,0.997727,1
T_0000108345,1,0.998564,1
T_0000108362,1,0.998620,1
T_0000108449,1,0.999919,1
T_0000108487,1,0.999778,1
T_0000108493,0,0.027888,0
T_0000108515,0,0.029190,0
T_0000108530,1,0.987559,1
T_0000108557,1,0.993954,1
T_0000108562,0,0.736997,1
T_0000108571,0,0.042791,0
T_0000108579,0,0.121425,0
T_0000108591,1,0.997826,1
T_0000108620,0,0.028581,0
T_0000108631,0,0.258609,0
T_0000108646,0,0.034139,0
T_0000108703,1,0.999950,1
T_0000108734,1,0.886190,1
T_0000108742,1,0.999126,1
T_0000108760,1,0.999608,1
T_0000108785,0,0.064930,0
T_0000108797,1,0.999067,1
T_0000108800,1,0.998790,1
T_0000108801,1,0.993202,1
T_0000108850,0,0.035669,0
T_0000108852,1,0.994213,1
T_0000108859,0,0.051994,0
T_0000108880,0,0.090069,0
T_0000108921,1,0.912049,1
T_0000108947,1,0.997010,1
T_0000109078,1,0.999930,1
T_0000109083,0,0.074537,0
T_0000109088,1,0.997155,1
T_0000109100,1,0.998944,1
T_0000109101,1,0.997918,1
T_0000109104,0,0.067054,0
T_0000109169,0,0.068945,0
T_0000109177,1,0.999411,1
T_0000109190,1,0.113078,0
T_0000109212,1,0.733395,1
T_0000109221,1,0.994293,1
T_0000109238,0,0.051773,0
T_0000109257,1,0.999938,1
T_0000109268,0,0.022114,0
T_0000109275,0,0.072301,0
T_0000109287,1,0.996276,1
T_0000109294,1,0.999053,1
T_0000109323,1,0.989787,1
T_0000109349,0,0.109054,0
T_0000109377,1,0.977649,1
T_0000109381,0,0.080827,0
T_0000109388,1,0.986494,1
T_0000109402,0,0.043027,0
T_0000109403,0,0.011418,0
T_0000109413,1,0.996139,1
T_0000109417,0,0.101292,0
T_0000109446,0,0.025762,0
T_0000109458,1,0.998715,1
T_0000109477,1,0.982609,1
T_0000109489,0,0.078882,0
T_0000109512,1,0.868230,1
T_0000109566,1,0.998537,1
T_0000109573,0,0.296808,0
T_0000109581,1,0.987108,1
T_0000109596,1,0.612233,0
T_0000109642,0,0.253741,0
T_0000109648,1,0.996140,1
T_0000109662,1,0.998684,1
T_0000109669,1,0.999945,1
T_0000109677,1,0.999444,1
T_0000109732,1,0.999828,1
T_0000109794,1,0.997578,1
T_0000109823,1,0.999418,1
T_0000109827,0,0.049023,0
T_0000109856,1,0.999191,1
T_0000109867,1,0.995822,1
T_0000109872,1,0.997349,1
T_0000109901,1,0.995009,1
T_0000109912,1,0.997872,1
T_0000109914,1,0.988237,1
T_0000109927,1,0.983114,1
T_0000109936,0,0.071386,0
T_0000109959,1,0.999733,1
T_0000110036,1,0.999060,1
T_0000110106,1,0.999375,1
T_0000110113,0,0.072177,0
T_0000110131,1,0.999797,1
T_0000110149,1,0.999522,1
T_0000110175,0,0.529682,0
T_0000110184,0,0.563631,0
T_0000110188,1,0.999861,1
T_0000110196,0,0.056395,0
T_0000110232,1,0.990883,1
T_0000110246,0,0.046878,0
T_0000110247,1,0.999004,1
T_0000110298,1,0.987201,1
T_0000110344,1,0.993165,1
T_0000110356,1,0.998664,1
T_0000110406,1,0.999898,1
T_0000110455,0,0.035733,0
T_0000110456,0,0.756880,1
T_0000110493,1,0.997059,1
T_0000110510,0,0.028287,0
T_0000110516,0,0.020602,0
T_0000110595,1,0.998075,1
T_0000110640,1,0.994121,1
T_0000110675,1,0.996800,1
T_0000110723,1,0.998757,1
T_0000110754,1,0.999969,1
T_0000110768,1,0.972514,1
T_0000110784,1,0.997107,1
T_0000110850,1,0.953844,1
T_0000110888,1,0.905058,1
T_0000110889,1,0.999754,1
T_0000110928,1,0.999293,1
T_0000110949,0,0.863581,1
T_0000110970,1,0.990629,1
T_0000110995,1,0.999324,1
T_0000111059,1,0.995030,1
T_0000111061,1,0.998000,1
T_0000111080,1,0.987678,1
T_0000111138,1,0.998608,1
T_0000111147,1,0.995129,1
T_0000111155,1,0.997524,1
T_0000111161,0,0.055761,0
T_0000111164,1,0.999443,1
T_0000111177,1,0.999156,1
T_0000111201,0,0.048934,0
T_0000111273,1,0.999537,1
T_0000111280,0,0.303886,0
T_0000111297,1,0.999983,1
T_0000111314,1,0.988293,1
T_0000111328,0,0.072392,0
T_0000111332,0,0.055618,0
T_0000111352,0,0.054768,0
T_0000111381,1,0.988379,1
T_0000111385,1,0.984043,1
T_0000111407,1,0.809136,1
T_0000111432,1,0.999676,1
T_0000111435,0,0.035804,0
T_0000111524,1,0.999880,1
T_0000111538,0,0.857661,1
T_0000111560,0,0.055306,0
T_0000111609,1,0.996460,1
T_0000111618,0,0.053950,0
T_0000111636,0,0.246081,0
T_0000111643,0,0.049585,0
T_0000111677,0,0.996480,1
T_0000111682,1,0.997950,1
T_0000111743,0,0.035663,0
T_0000111762,1,0.999044,1
T_0000111773,0,0.031903,0
T_0000111778,1,0.996420,1
T_0000111798,1,0.931466,1
T_0000111851,0,0.493224,0
T_0000111858,0,0.141349,0
T_0000111875,1,0.997947,1
T_0000111888,1,0.999079,1
T_0000111924,1,0.992578,1
T_0000111925,1,0.999885,1
T_0000111954,1,0.999757,1
T_0000111989,1,0.994774,1
T_0000112000,0,0.078244,0
T_0000112006,0,0.101661,0
T_0000112062,1,0.998829,1
T_0000112096,1,0.999728,1
T_0000112109,1,0.996311,1
T_0000112148,0,0.061344,0
T_0000112160,1,0.996140,1
T_0000112181,0,0.021029,0
T_0000112197,0,0.337166,0
T_0000112253,1,0.999347,1
T_0000112260,0,0.057201,0
T_0000112270,0,0.130875,0
T_0000112272,1,0.999229,1
T_0000112301,1,0.997360,1
T_0000112327,1,0.983362,1
T_0000112328,1,0.985519,1
T_0000112355,1,0.998131,1
T_0000112363,1,0.999126,1
T_0000112387,0,0.033907,0
T_0000112414,0,0.427846,0
T_0000112430,1,0.997311,1
T_0000112466,1,0.996844,1
T_0000112485,1,0.998628,1
T_0000112504,1,0.996231,1
T_0000112521,1,0.999494,1
T_0000112530,1,0.750894,1
T_0000112531,1,0.999257,1
T_0000112556,1,0.998271,1
T_0000112562,0,0.064854,0
T_0000112594,1,0.996673,1
T_0000112595,1,0.999104,1
T_0000112654,1,0.999408,1
T_0000112659,1,0.999213,1
T_0000112676,0,0.306860,0
T_0000112681,0,0.059690,0
T_0000112695,0,0.016800,0
T_0000112696,1,0.999756,1
T_0000112699,1,0.913836,1
T_0000112708,1,0.999274,1
T_0000112710,1,0.799372,1
T_0000112713,1,0.991310,1
T_0000112766,1,0.995708,1
T_0000112780,1,0.998157,1
T_0000112790,1,0.995277,1
T_0000112805,0,0.089183,0
T_0000112810,1,0.997095,1
T_0000112829,0,0.066495,0
T_0000112861,1,0.997603,1
T_0000112869,1,0.990127,1
T_0000112952,1,0.942166,1
T_0000112961,1,0.999370,1
T_0000112978,1,0.997141,1
T_0000112983,1,0.999733,1
T_0000113015,1,0.998892,1
T_0000113032,0,0.075541,0
T_0000113042,0,0.050052,0
T_0000113044,0,0.069246,0
T_0000113078,1,0.925725,1
T_0000113203,0,0.920318,1
T_0000113262,0,0.212116,0
T_0000113265,1,0.994462,1
T_0000113273,1,0.555107,0
T_0000113289,0,0.079989,0
T_0000113293,0,0.114274,0
T_0000113346,0,0.037843,0
T_0000113407,1,0.998836,1
T_0000113431,1,0.998369,1
T_0000113450,0,0.742550,1
T_0000113478,0,0.116729,0
T_0000113479,1,0.987482,1
T_0000113502,1,0.999760,1
T_0000113514,1,0.999811,1
T_0000113523,0,0.109075,0
T_0000113568,1,0.999212,1
T_0000113571,1,0.991514,1
T_0000113585,1,0.999789,1
T_0000113602,0,0.025462,0
T_0000113649,0,0.039306,0
T_0000113664,1,0.995122,1
T_0000113760,0,0.102707,0
T_0000113771,1,0.991864,1
T_0000113775,1,0.981521,1
T_0000113810,1,0.997431,1
T_0000113812,0,0.062861,0
T_0000113839,0,0.588550,0
T_0000113844,1,0.967671,1
T_0000113847,1,0.320872,0
T_0000113855,1,0.998415,1
T_0000113884,1,0.997500,1
T_0000113922,0,0.039162,0
T_0000114019,0,0.023376,0
T_0000114038,1,0.993759,1
T_0000114080,0,0.581090,0
T_0000114085,1,0.999074,1
T_0000114087,0,0.371269,0
T_0000114134,0,0.864835,1
T_0000114151,1,0.999808,1
T_0000114158,1,0.991226,1
T_0000114170,0,0.084196,0
T_0000114185,1,0.997827,1
T_0000114198,0,0.873115,1
T_0000114258,0,0.097713,0
T_0000114261,1,0.922257,1
T_0000114280,1,0.997579,1
T_0000114285,1,0.987192,1
T_0000114288,1,0.997873,1
T_0000114310,1,0.996399,1
T_0000114317,1,0.999481,1
T_0000114322,0,0.018628,0
T_0000114337,0,0.113727,0
T_0000114366,1,0.996200,1
T_0000114395,1,0.995044,1
T_0000114420,1,0.998417,1
T_0000114441,0,0.082546,0
T_0000114476,0,0.086880,0
T_0000114478,0,0.044550,0
T_0000114517,1,0.998497,1
T_0000114533,1,0.073697,0
T_0000114544,1,0.617122,0
T_0000114569,1,0.963314,1
T_0000114589,1,0.912451,1
T_0000114592,0,0.178736,0
T_0000114603,1,0.997977,1
T_0000114640,0,0.095793,0
T_0000114669,1,0.999658,1
T_0000114706,1,0.998957,1
T_0000114709,1,0.984195,1
T_0000114716,1,0.999244,1
T_0000114736,1,0.996323,1
T_0000114756,1,0.985192,1
T_0000114766,0,0.097372,0
T_0000114787,1,0.995619,1
T_0000114808,1,0.576271,0
T_0000114819,0,0.905260,1
T_0000114863,1,0.998480,1
T_0000114875,1,0.994927,1
T_0000114879,1,0.999224,1
T_0000114913,1,0.999469,1
T_0000114962,0,0.066702,0
T_0000114972,0,0.058950,0
T_0000114998,0,0.064871,0
T_0000115000,1,0.984491,1
T_0000115027,1,0.979616,1
T_0000115029,0,0.044700,0
T_0000115043,1,0.539782,0
T_0000115052,1,0.997195,1
T_0000115071,0,0.050186,0
T_0000115109,0,0.027519,0
T_0000115150,0,0.018111,0
T_0000115174,0,0.585610,0
T_0000115205,1,0.998793,1
T_0000115206,0,0.112406,0
T_0000115209,0,0.041821,0
T_0000115212,1,0.994554,1
T_0000115218,0,0.050455,0
T_0000115247,1,0.998401,1
T_0000115263,1,0.994302,1
T_0000115271,0,0.032535,0
T_0000115322,0,0.144401,0
T_0000115332,1,0.999703,1
T_0000115355,1,0.996849,1
T_0000115364,0,0.067130,0
T_0000115369,1,0.998959,1
T_0000115400,0,0.022376,0
T_0000115404,0,0.082664,0
T_0000115447,1,0.997601,1
T_0000115449,0,0.062191,0
T_0000115452,1,0.997573,1
T_0000115454,0,0.089111,0
T_0000115459,0,0.029499,0
T_0000115497,1,0.998381,1
T_0000115537,1,0.999722,1
T_0000115556,1,0.999340,1
T_0000115575,1,0.998721,1
T_0000115577,1,0.993284,1
T_0000115600,0,0.048324,0
T_0000115618,1,0.999176,1
T_0000115620,0,0.043394,0
T_0000115630,1,0.995651,1
T_0000115652,1,0.996038,1
T_0000115654,0,0.102622,0
T_0000115673,1,0.999746,1
T_0000115674,1,0.998265,1
T_0000115713,1,0.997393,1
T_0000115729,1,0.998311,1
T_0000115747,1,0.894501,1
T_0000115762,1,0.998431,1
T_0000115792,0,0.080752,0
T_0000115898,1,0.923010,1
T_0000115917,1,0.645199,0
T_0000115918,1,0.979777,1
T_0000115952,1,0.998509,1
T_0000115997,1,0.670291,0
T_0000116019,0,0.104652,0
T_0000116058,1,0.995026,1
T_0000116080,1,0.997949,1
T_0000116098,1,0.994249,1
T_0000116113,0,0.033931,0
T_0000116138,1,0.999084,1
T_0000116139,1,0.999310,1
T_0000116148,1,0.998666,1
T_0000116153,1,0.995462,1
T_0000116174,1,0.999495,1
T_0000116177,1,0.999156,1
T_0000116178,0,0.934703,1
T_0000116181,1,0.999786,1
T_0000116218,1,0.999669,1
T_0000116221,0,0.062413,0
T_0000116235,1,0.985866,1
T_0000116236,0,0.096228,0
T_0000116242,1,0.997089,1
T_0000116294,1,0.998819,1
T_0000116308,1,0.110625,0
T_0000116309,1,0.901994,1
T_0000116341,1,0.916829,1
T_0000116372,1,0.999976,1
T_0000116432,1,0.999976,1
T_0000116437,1,0.730522,1
T_0000116472,0,0.038730,0
T_0000116473,1,0.997182,1
T_0000116478,1,0.337997,0
T_0000116511,0,0.052009,0
T_0000116519,0,0.056366,0
T_0000116540,1,0.993382,1
T_0000116565,0,0.021757,0
T_0000116579,0,0.053449,0
T_0000116589,1,0.997649,1
T_0000116599,1,0.999980,1
T_0000116621,1,0.999767,1
T_0000116716,0,0.102573,0
T_0000116737,1,0.999914,1
T_0000116784,1,0.999093,1
T_0000116799,0,0.101711,0
T_0000116809,0,0.026029,0
T_0000116820,1,0.993173,1
T_0000116824,1,0.989019,1
T_0000116853,1,0.997060,1
T_0000116857,1,0.996034,1
T_0000116882,1,0.994284,1
T_0000116887,0,0.045623,0
T_0000116908,0,0.027696,0
T_0000116915,1,0.999833,1
T_0000116928,1,0.984112,1
T_0000116950,1,0.997950,1
T_0000116952,0,0.049151,0
T_0000116956,0,0.032819,0
T_0000116981,0,0.970223,1
T_0000117020,1,0.999475,1
T_0000117031,1,0.999512,1
T_0000117035,1,0.999490,1
T_0000117037,1,0.998937,1
T_0000117050,1,0.998019,1
T_0000117066,1,0.960584,1
T_0000117067,1,0.922572,1
T_0000117072,1,0.995800,1
T_0000117123,1,0.998573,1
T_0000117145,1,0.998881,1
T_0000117192,1,0.999775,1
T_0000117217,1,0.969430,1
T_0000117249,0,0.098912,0
T_0000117259,1,0.783973,1
T_0000117277,1,0.997211,1
T_0000117287,1,0.999104,1
T_0000117424,1,0.999092,1
T_0000117428,1,0.999913,1
T_0000117437,1,0.156114,0
T_0000117445,1,0.996683,1
T_0000117463,1,0.994016,1
T_0000117484,0,0.050988,0
T_0000117485,0,0.027668,0
T_0000117553,0,0.090655,0
T_0000117635,1,0.978178,1
T_0000117650,1,0.999499,1
T_0000117655,1,0.999845,1
T_0000117659,1,0.999995,1
T_0000117662,0,0.050580,0
T_0000117668,1,0.998979,1
T_0000117679,1,0.998473,1
T_0000117688,0,0.978633,1
T_0000117708,0,0.834308,1
T_0000117754,1,0.999966,1
T_0000117767,1,0.997633,1
T_0000117774,1,0.999654,1
T_0000117779,0,0.670826,0
T_0000117810,1,0.999507,1
T_0000117847,1,0.998801,1
T_0000117854,0,0.083953,0
T_0000117888,1,0.999400,1
T_0000117898,0,0.971973,1
T_0000117911,1,0.999576,1
T_0000117914,0,0.574124,0
T_0000117920,0,0.698054,1
T_0000117928,1,0.999879,1
T_0000117938,0,0.135965,0
T_0000117943,1,0.999722,1
T_0000118009,1,0.999958,1
T_0000118036,1,0.999554,1
T_0000118037,1,0.986624,1
T_0000118040,1,0.999218,1
T_0000118064,1,0.999593,1
T_0000118179,1,0.999985,1
T_0000118184,1,0.999395,1
T_0000118186,1,0.999856,1
T_0000118207,1,0.999653,1
T_0000118253,1,0.991451,1
T_0000118259,1,0.999579,1
T_0000118275,1,0.995720,1
T_0000118310,0,0.088456,0
T_0000118359,0,0.072834,0
T_0000118398,1,0.946213,1
T_0000118404,1,0.999070,1
T_0000118410,1,0.985463,1
T_0000118473,0,0.043513,0
T_0000118481,1,0.979095,1
T_0000118501,0,0.122848,0
T_0000118503,1,0.979849,1
T_0000118527,1,0.999966,1
T_0000118631,1,0.993257,1
T_0000118642,0,0.012780,0
T_0000118649,1,0.995599,1
T_0000118675,1,0.911795,1
T_0000118711,1,0.993554,1
T_0000118713,0,0.029388,0
T_0000118720,1,0.999150,1
T_0000118735,1,0.999401,1
T_0000118773,1,0.997283,1
T_0000118786,0,0.052361,0
T_0000118807,1,0.995781,1
T_0000118819,1,0.998285,1
T_0000118865,1,0.999986,1
T_0000118898,1,0.999830,1
T_0000118938,0,0.034228,0
T_0000118944,0,0.035644,0
T_0000119021,1,0.998539,1
T_0000119040,1,0.999668,1
T_0000119066,0,0.107460,0
T_0000119068,0,0.037726,0
T_0000119081,0,0.022636,0
T_0000119093,1,0.997363,1
T_0000119096,0,0.030191,0
T_0000119127,1,0.997872,1
T_0000119128,1,0.990826,1
T_0000119131,1,0.997815,1
T_0000119189,1,0.998995,1
T_0000119216,0,0.071896,0
T_0000119220,1,0.773457,1
T_0000119227,0,0.062264,0
T_0000119243,0,0.038387,0
T_0000119264,0,0.049369,0
T_0000119278,1,0.999945,1
T_0000119333,0,0.028644,0
T_0000119371,1,0.997791,1
T_0000119385,0,0.987659,1
T_0000119404,1,0.999948,1
T_0000119409,1,0.997153,1
T_0000119418,1,0.999671,1
T_0000119443,1,0.998415,1
T_0000119457,1,0.997797,1
T_0000119461,1,0.999267,1
T_0000119486,0,0.064139,0
T_0000119506,0,0.066189,0
T_0000119513,0,0.380737,0
T_0000119534,0,0.018815,0
T_0000119540,1,0.999867,1
T_0000119543,0,0.036848,0
T_0000119555,1,0.999169,1
T_0000119590,0,0.037279,0
T_0000119649,1,0.999556,1
T_0000119656,1,0.522749,0
T_0000119678,1,0.998450,1
T_0000119720,1,0.997145,1
T_0000119727,1,0.995700,1
T_0000119728,1,0.999082,1
T_0000119770,1,0.999245,1
T_0000119772,0,0.300706,0
T_0000119820,1,0.999916,1
T_0000119831,0,0.822708,1
T_0000119847,1,0.992605,1
T_0000119915,1,0.999520,1
T_0000119931,1,0.998956,1
T_0000119965,1,0.997436,1
T_0000119969,1,0.998743,1
T_0000119989,1,0.994756,1
T_0000119997,1,0.990418,1
T_0000120022,1,0.999978,1
T_0000120144,1,0.998148,1
T_0000120147,0,0.064007,0
T_0000120148,1,0.993412,1
T_0000120150,1,0.997228,1
T_0000120169,1,0.865006,1
T_0000120194,1,0.889812,1
T_0000120237,1,0.999255,1
T_0000120268,1,0.999736,1
T_0000120292,0,0.636725,0
T_0000120306,0,0.075825,0
T_0000120309,1,0.976477,1
T_0000120329,0,0.042728,0
T_0000120393,1,0.994514,1
T_0000120432,1,0.999921,1
T_0000120459,0,0.120451,0
T_0000120466,0,0.064765,0
T_0000120489,1,0.999184,1
T_0000120504,0,0.038357,0
T_0000120555,1,0.998466,1
T_0000120568,1,0.985175,1
T_0000120603,0,0.120717,0
T_0000120608,1,0.259067,0
T_0000120677,0,0.249066,0
T_0000120693,1,0.999297,1
T_0000120705,0,0.046521,0
T_0000120716,0,0.053291,0
T_0000120718,1,0.998554,1
T_0000120720,1,0.999828,1
T_0000120736,1,0.932366,1
T_0000120749,1,0.994481,1
T_0000120758,0,0.024972,0
T_0000120828,1,0.999674,1
T_0000120838,0,0.102350,0
T_0000120856,1,0.999895,1
T_0000120865,1,0.999643,1
T_0000120879,0,0.084405,0
T_0000120896,1,0.995563,1
T_0000120931,1,0.994479,1
T_0000120935,1,0.979502,1
T_0000120977,1,0.985540,1
T_0000120988,1,0.104062,0
T_0000121014,0,0.053940,0
T_0000121020,1,0.999680,1
T_0000121040,1,0.994645,1
T_0000121043,0,0.057972,0
T_0000121052,1,0.999892,1
T_0000121123,0,0.073329,0
T_0000121223,0,0.056564,0
T_0000121232,1,0.992578,1
T_0000121236,1,0.999825,1
T_0000121237,0,0.031232,0
T_0000121274,0,0.073789,0
T_0000121291,1,0.999264,1
T_0000121296,1,0.999154,1
T_0000121312,1,0.903900,1
T_0000121371,0,0.039738,0
T_0000121421,1,0.989855,1
T_0000121433,0,0.064540,0
T_0000121444,1,0.430381,0
T_0000121454,1,0.999602,1
T_0000121456,0,0.115223,0
T_0000121490,0,0.810405,1
T_0000121502,0,0.042121,0
T_0000121506,1,0.984772,1
T_0000121515,1,0.998872,1
T_0000121594,1,0.999934,1
T_0000121600,1,0.978542,1
T_0000121605,1,0.999935,1
T_0000121630,0,0.063709,0
T_0000121649,1,0.994866,1
T_0000121667,0,0.078985,0
T_0000121717,1,0.999951,1
T_0000121738,1,0.993745,1
T_0000121771,0,0.257593,0
T_0000121802,1,0.930335,1
T_0000121823,1,0.999979,1
T_0000121826,1,0.999421,1
T_0000121828,1,0.999419,1
T_0000121899,1,0.998187,1
T_0000121918,1,0.976693,1
T_0000121945,1,0.999473,1
T_0000121948,1,0.964206,1
T_0000121958,1,0.999958,1
T_0000121983,1,0.969640,1
T_0000121998,1,0.993319,1
T_0000122039,1,0.978297,1
T_0000122040,1,0.991286,1
T_0000122053,0,0.031275,0
T_0000122078,1,0.894684,1
T_0000122080,1,0.996993,1
T_0000122099,1,0.998692,1
T_0000122134,0,0.064882,0
T_0000122172,1,0.994012,1
T_0000122177,0,0.049469,0
T_0000122203,1,0.999237,1
T_0000122225,0,0.049817,0
T_0000122246,0,0.061061,0
T_0000122269,1,0.680343,1
T_0000122278,0,0.595833,0
T_0000122295,1,0.999401,1
T_0000122307,1,0.998477,1
T_0000122333,0,0.023043,0
T_0000122354,1,0.997276,1
T_0000122404,0,0.089003,0
T_0000122413,1,0.998435,1
T_0000122474,1,0.999422,1
T_0000122512,1,0.055150,0
T_0000122552,1,0.997168,1
T_0000122601,0,0.038755,0
T_0000122645,1,0.990480,1
T_0000122666,1,0.995826,1
T_0000122705,0,0.827616,1
T_0000122753,0,0.606532,0
T_0000122804,1,0.200609,0
T_0000122865,1,0.988035,1
T_0000122869,1,0.999473,1
T_0000122899,0,0.283943,0
T_0000122936,1,0.998530,1
T_0000122958,1,0.997844,1
T_0000122999,1,0.999605,1
T_0000123005,1,0.994936,1
T_0000123040,0,0.118005,0
T_0000123056,1,0.997853,1
T_0000123059,1,0.993321,1
T_0000123067,1,0.768403,1
T_0000123075,1,0.999905,1
T_0000123106,0,0.051393,0
T_0000123217,1,0.997557,1
T_0000123234,1,0.208551,0
T_0000123252,1,0.987187,1
T_0000123255,0,0.065209,0
T_0000123275,1,0.999578,1
T_0000123280,1,0.999154,1
T_0000123336,1,0.998257,1
T_0000123357,1,0.888019,1
T_0000123371,0,0.951431,1
T_0000123374,1,0.998219,1
T_0000123397,1,0.998547,1
T_0000123399,0,0.315866,0
T_0000123401,0,0.032721,0
T_0000123416,1,0.997416,1
T_0000123434,1,0.997782,1
T_0000123442,1,0.999976,1
T_0000123451,1,0.999393,1
T_0000123457,1,0.975917,1
T_0000123460,1,0.999736,1
T_0000123521,1,0.932505,1
T_0000123565,1,0.999248,1
T_0000123577,1,0.999463,1
T_0000123582,1,0.999907,1
T_0000123586,1,0.985509,1
T_0000123595,1,0.815450,1
T_0000123605,1,0.999974,1
T_0000123609,1,0.991760,1
T_0000123662,1,0.999768,1
T_0000123672,0,0.995451,1
T_0000123685,1,0.999537,1
T_0000123699,0,0.075616,0
T_0000123720,1,0.999628,1
T_0000123724,0,0.055073,0
T_0000123768,1,0.952366,1
T_0000123828,1,0.999043,1
T_0000123864,1,0.999656,1
T_0000123907,0,0.076115,0
T_0000123912,1,0.999429,1
T_0000123920,0,0.053433,0
T_0000123937,1,0.814639,1
T_0000123956,1,0.617259,0
T_0000123962,1,0.871237,1
T_0000123982,1,0.965047,1
T_0000123994,1,0.999844,1
T_0000124015,1,0.995424,1
T_0000124070,1,0.988596,1
T_0000124076,1,0.973799,1
T_0000124089,1,0.998288,1
T_0000124149,1,0.999581,1
T_0000124200,1,0.863855,1
T_0000124273,1,0.999944,1
T_0000124288,0,0.058210,0
T_0000124365,1,0.995232,1
T_0000124368,1,0.999566,1
T_0000124377,1,0.996215,1
T_0000124387,1,0.975116,1
T_0000124413,0,0.073904,0
T_0000124434,1,0.998157,1
T_0000124495,1,0.995203,1
T_0000124504,1,0.999820,1
T_0000124523,1,0.995314,1
T_0000124533,0,0.081739,0
T_0000124568,1,0.991784,1
T_0000124592,1,0.999160,1
T_0000124606,1,0.987142,1
T_0000124608,1,0.962671,1
T_0000124624,1,0.989649,1
T_0000124631,0,0.909845,1
T_0000124655,1,0.992039,1
T_0000124670,1,0.995099,1
T_0000124715,0,0.054331,0
T_0000124717,0,0.036789,0
T_0000124817,1,0.994924,1
T_0000124885,1,0.996513,1
T_0000124886,0,0.246304,0
T_0000124923,1,0.995543,1
T_0000124933,0,0.042067,0
T_0000124952,0,0.047103,0
T_0000124970,1,0.999192,1
T_0000124971,1,0.999702,1
T_0000125039,1,0.993928,1
T_0000125046,1,0.999391,1
T_0000125074,1,0.931892,1
T_0000125082,0,0.111424,0
T_0000125097,1,0.998612,1
T_0000125118,1,0.998857,1
T_0000125146,1,0.995216,1
T_0000125175,1,0.999850,1
T_0000125178,1,0.994322,1
T_0000125186,0,0.040260,0
T_0000125228,1,0.999938,1
T_0000125253,0,0.033855,0
T_0000125265,1,0.993607,1
T_0000125284,0,0.062396,0
T_0000125299,1,0.996926,1
T_0000125336,1,0.932272,1
T_0000125338,1,0.926001,1
T_0000125382,1,0.999134,1
T_0000125440,1,0.999708,1
T_0000125446,1,0.999107,1
T_0000125447,1,0.997873,1
T_0000125522,1,0.997000,1
T_0000125523,1,0.999257,1
T_0000125526,1,0.999656,1
T_0000125529,1,0.999550,1
T_0000125548,1,0.998566,1
T_0000125568,1,0.999771,1
T_0000125595,1,0.998926,1
T_0000125597,0,0.056606,0
T_0000125599,1,0.999288,1
T_0000125607,0,0.274238,0
T_0000125609,1,0.999624,1
T_0000125631,1,0.996280,1
T_0000125645,0,0.019259,0
T_0000125687,1,0.998249,1
T_0000125765,0,0.062708,0
T_0000125819,0,0.015632,0
T_0000125855,1,0.909865,1
T_0000125862,0,0.053677,0
T_0000125870,1,0.901837,1
T_0000125914,1,0.999308,1
T_0000125924,0,0.097858,0
T_0000125945,1,0.999947,1
T_0000125974,1,0.998380,1
T_0000126008,1,0.999874,1
T_0000126043,1,0.977977,1
T_0000126082,0,0.042860,0
T_0000126093,0,0.088756,0
T_0000126129,1,0.997599,1
T_0000126154,1,0.994985,1
T_0000126155,1,0.995375,1
T_0000126173,1,0.517781,0
T_0000126175,1,0.976262,1
T_0000126200,1,0.997569,1
T_0000126210,1,0.996424,1
T_0000126214,1,0.999579,1
T_0000126257,1,0.999344,1
T_0000126265,1,0.926290,1
T_0000126302,0,0.093376,0
T_0000126308,0,0.060490,0
T_0000126315,0,0.282919,0
T_0000126317,0,0.097651,0
T_0000126341,1,0.999528,1
T_0000126378,0,0.017729,0
T_0000126382,1,0.993505,1
T_0000126422,1,0.997520,1
T_0000126437,1,0.950346,1
T_0000126471,1,0.993671,1
T_0000126555,1,0.991615,1
T_0000126561,1,0.999498,1
T_0000126583,1,0.994745,1
T_0000126595,1,0.999632,1
T_0000126611,1,0.999864,1
T_0000126648,0,0.090292,0
T_0000126677,1,0.978797,1
T_0000126678,1,0.999912,1
T_0000126686,0,0.069127,0
T_0000126688,1,0.981727,1
T_0000126705,0,0.042969,0
T_0000126712,1,0.980743,1
T_0000126728,1,0.997281,1
T_0000126762,1,0.997986,1
T_0000126763,1,0.999489,1
T_0000126816,1,0.999926,1
T_0000126833,0,0.939088,1
T_0000126842,1,0.996586,1
T_0000126848,0,0.034221,0
T_0000126859,0,0.078927,0
T_0000126883,1,0.999400,1
T_0000126890,0,0.035058,0
T_0000126899,1,0.999280,1
T_0000126939,1,0.993214,1
T_0000126993,1,0.995701,1
T_0000127003,1,0.987460,1
T_0000127016,1,0.982495,1
T_0000127025,1,0.993650,1
T_0000127030,1,0.994875,1
T_0000127056,0,0.037006,0
T_0000127093,1,0.998899,1
T_0000127119,1,0.989178,1
T_0000127171,1,0.786630,1
T_0000127172,1,0.998360,1
T_0000127208,1,0.998635,1
T_0000127235,0,0.039257,0
T_0000127273,1,0.999305,1
T_0000127275,0,0.057370,0
T_0000127279,0,0.042969,0
T_0000127310,1,0.998074,1
T_0000127311,1,0.991605,1
T_0000127363,0,0.107714,0
T_0000127376,1,0.997040,1
T_0000127472,1,0.999521,1
T_0000127474,0,0.044504,0
T_0000127485,0,0.047890,0
T_0000127494,1,0.983321,1
T_0000127513,1,0.997665,1
T_0000127522,1,0.998186,1
T_0000127523,0,0.339596,0
T_0000127529,0,0.096442,0
T_0000127575,1,0.997798,1
T_0000127611,1,0.994749,1
T_0000127659,1,0.998768,1
T_0000127669,1,0.981461,1
T_0000127687,1,0.999947,1
T_0000127712,0,0.658293,0
T_0000127738,0,0.036477,0
T_0000127746,1,0.999668,1
T_0000127752,1,0.997151,1
T_0000127774,1,0.942134,1
T_0000127785,0,0.117975,0
T_0000127807,0,0.061048,0
T_0000127817,1,0.719967,1
T_0000127876,1,0.669822,0
T_0000127916,1,0.962554,1
T_0000127923,1,0.995272,1
T_0000128016,0,0.051443,0
T_0000128029,0,0.020289,0
T_0000128045,1,0.999226,1
T_0000128089,1,0.999732,1
T_0000128101,1,0.995466,1
T_0000128121,1,0.570693,0
T_0000128128,1,0.995032,1
T_0000128172,1,0.989959,1
T_0000128177,1,0.997716,1
T_0000128210,0,0.074887,0
T_0000128235,1,0.999651,1
T_0000128269,1,0.972076,1
T_0000128291,1,0.999881,1
T_0000128306,1,0.999600,1
T_0000128314,1,0.995598,1
T_0000128330,1,0.999017,1
T_0000128343,0,0.039165,0
T_0000128357,1,0.998399,1
T_0000128409,0,0.165088,0
T_0000128412,1,0.999734,1
T_0000128416,1,0.990212,1
T_0000128441,0,0.040405,0
T_0000128500,0,0.056242,0
T_0000128522,1,0.949487,1
T_0000128544,1,0.997601,1
T_0000128598,0,0.069368,0
T_0000128626,1,0.995490,1
T_0000128629,1,0.998408,1
T_0000128653,0,0.038247,0
T_0000128675,1,0.819101,1
T_0000128681,1,0.999309,1
T_0000128696,1,0.999531,1
T_0000128706,1,0.740654,1
T_0000128734,1,0.999195,1
T_0000128811,1,0.450020,0
T_0000128858,1,0.996249,1
T_0000128869,1,0.998910,1
T_0000128882,1,0.993384,1
T_0000128903,0,0.052302,0
T_0000128904,1,0.998947,1
T_0000128912,0,0.081869,0
T_0000128923,1,0.981624,1
T_0000128950,1,0.992929,1
T_0000128982,1,0.996948,1
T_0000128988,1,0.941689,1
T_0000128994,1,0.999906,1
T_0000129036,0,0.135808,0
T_0000129102,1,0.997288,1
T_0000129130,0,0.048377,0
T_0000129136,0,0.475622,0
T_0000129181,1,0.998458,1
T_0000129203,1,0.999722,1
T_0000129230,1,0.999554,1
T_0000129233,1,0.999328,1
T_0000129258,0,0.054759,0
T_0000129275,0,0.078091,0
T_0000129306,1,0.999138,1
T_0000129308,0,0.141571,0
T_0000129318,1,0.997818,1
T_0000129320,1,0.997872,1
T_0000129350,0,0.075147,0
T_0000129379,1,0.999492,1
T_0000129424,1,0.999376,1
T_0000129428,0,0.065573,0
T_0000129430,0,0.078926,0
T_0000129445,1,0.979109,1
T_0000129448,0,0.066835,0
T_0000129456,0,0.218056,0
T_0000129500,1,0.990352,1
T_0000129517,1,0.999243,1
T_0000129540,0,0.069939,0
T_0000129574,0,0.792665,1
T_0000129586,0,0.078620,0
T_0000129599,1,0.999378,1
T_0000129625,0,0.030065,0
T_0000129650,0,0.086354,0
T_0000129656,0,0.036821,0
T_0000129664,0,0.050118,0
T_0000129669,1,0.996494,1
T_0000129676,1,0.999061,1
T_0000129703,0,0.773213,1
T_0000129705,1,0.817730,1
T_0000129736,1,0.997431,1
T_0000129770,0,0.029071,0
T_0000129820,1,0.997045,1
T_0000129831,1,0.992275,1
T_0000129842,1,0.999307,1
T_0000129844,1,0.993571,1
T_0000129861,0,0.889661,1
T_0000129864,0,0.057061,0
T_0000129878,1,0.993416,1
T_0000129942,0,0.065462,0
T_0000129982,1,0.999030,1
T_0000129995,1,0.998443,1
T_0000130038,0,0.068724,0
T_0000130058,1,0.993584,1
T_0000130085,1,0.995201,1
T_0000130088,1,0.990702,1
T_0000130093,1,0.989330,1
T_0000130111,1,0.998480,1
T_0000130133,1,0.995532,1
T_0000130138,0,0.850624,1
T_0000130144,1,0.999282,1
T_0000130158,1,0.972109,1
T_0000130176,1,0.999758,1
T_0000130189,1,0.962165,1
T_0000130213,1,0.999945,1
T_0000130219,1,0.999062,1
T_0000130252,1,0.996225,1
T_0000130274,0,0.207398,0
T_0000130283,0,0.285138,0
T_0000130284,0,0.049791,0
T_0000130296,0,0.048444,0
T_0000130302,0,0.058371,0
T_0000130309,1,0.955565,1
T_0000130345,0,0.048211,0
T_0000130360,0,0.047611,0
T_0000130362,0,0.065726,0
T_0000130405,1,0.999888,1
T_0000130452,0,0.044695,0
T_0000130470,1,0.994898,1
T_0000130481,0,0.452376,0
T_0000130495,0,0.029670,0
T_0000130516,0,0.058892,0
T_0000130525,0,0.068097,0
T_0000130528,1,0.697676,1
T_0000130530,1,0.996194,1
T_0000130538,0,0.060417,0
T_0000130551,1,0.997773,1
T_0000130594,1,0.999977,1
T_0000130602,1,0.997907,1
T_0000130624,1,0.999964,1
T_0000130642,1,0.985067,1
T_0000130650,1,0.999123,1
T_0000130652,1,0.996108,1
T_0000130653,1,0.876001,1
T_0000130656,0,0.101890,0
T_0000130683,0,0.810950,1
T_0000130707,1,0.999817,1
T_0000130722,1,0.999945,1
T_0000130746,0,0.089868,0
T_0000130770,1,0.840558,1
T_0000130794,1,0.998596,1
T_0000130829,1,0.994859,1
T_0000130850,1,0.998938,1
T_0000130873,1,0.977243,1
T_0000130902,1,0.999712,1
T_0000130929,0,0.111793,0
T_0000130974,1,0.999433,1
T_0000131027,1,0.997230,1
T_0000131040,1,0.999261,1
T_0000131065,0,0.048955,0
T_0000131068,0,0.049560,0
T_0000131071,1,0.982627,1
T_0000131078,1,0.998749,1
T_0000131081,1,0.924463,1
T_0000131092,1,0.999572,1
T_0000131109,1,0.721121,1
T_0000131123,1,0.999856,1
T_0000131199,0,0.050099,0
T_0000131226,1,0.996850,1
T_0000131272,0,0.119798,0
T_0000131275,1,0.999332,1
T_0000131301,0,0.038818,0
T_0000131303,0,0.050523,0
T_0000131324,0,0.984616,1
T_0000131334,0,0.039829,0
T_0000131461,1,0.945466,1
T_0000131501,1,0.993401,1
T_0000131520,0,0.025623,0
T_0000131533,0,0.032867,0
T_0000131550,1,0.999141,1
T_0000131554,1,0.899516,1
T_0000131555,1,0.995145,1
T_0000131589,0,0.051483,0
T_0000131605,1,0.935251,1
T_0000131633,1,0.999874,1
T_0000131640,1,0.999970,1
T_0000131652,1,0.999497,1
T_0000131746,1,0.992002,1
T_0000131750,0,0.052594,0
T_0000131763,0,0.980570,1
T_0000131806,0,0.023193,0
T_0000131807,1,0.998973,1
T_0000131810,1,0.995482,1
T_0000131828,1,0.999348,1
T_0000131866,1,0.136365,0
T_0000131872,0,0.028408,0
T_0000131889,1,0.998075,1
T_0000131927,1,0.620049,0
T_0000131969,1,0.999191,1
T_0000131977,0,0.019865,0
T_0000132016,1,0.999730,1
T_0000132030,0,0.032145,0
T_0000132056,1,0.992867,1
T_0000132068,0,0.090978,0
T_0000132082,1,0.991930,1
T_0000132136,0,0.053522,0
T_0000132151,1,0.933434,1
T_0000132166,1,0.998625,1
T_0000132199,0,0.675041,1
T_0000132235,1,0.999765,1
T_0000132247,1,0.512062,0
T_0000132285,1,0.998531,1
T_0000132299,1,0.997346,1
T_0000132317,1,0.999800,1
T_0000132318,1,0.992573,1
T_0000132319,1,0.997846,1
T_0000132389,1,0.994934,1
T_0000132440,1,0.999845,1
T_0000132476,0,0.225896,0
T_0000132506,1,0.999176,1
T_0000132513,0,0.089839,0
T_0000132547,1,0.999227,1
T_0000132587,0,0.221429,0
T_0000132594,0,0.046813,0
T_0000132599,1,0.980761,1
T_0000132618,1,0.998646,1
T_0000132640,1,0.999590,1
T_0000132652,1,0.728461,1
T_0000132705,1,0.893804,1
T_0000132732,1,0.996152,1
T_0000132752,1,0.998788,1
T_0000132762,0,0.053544,0
T_0000132801,1,0.998784,1
T_0000132826,1,0.703801,1
T_0000132837,1,0.993477,1
T_0000132864,0,0.028559,0
T_0000132870,0,0.247028,0
T_0000132872,1,0.960747,1
T_0000132911,1,0.997384,1
T_0000132932,1,0.999918,1
T_0000132942,1,0.997872,1
T_0000132943,0,0.123009,0
T_0000133035,1,0.875852,1
T_0000133037,0,0.103582,0
T_0000133079,0,0.072457,0
T_0000133085,1,0.945581,1
T_0000133090,0,0.131256,0
T_0000133119,1,0.999386,1
T_0000133121,0,0.079937,0
T_0000133171,0,0.121621,0
T_0000133176,1,0.996432,1
T_0000133178,1,0.994733,1
T_0000133204,1,0.999940,1
T_0000133209,1,0.694843,1
T_0000133229,1,0.993281,1
T_0000133248,0,0.058670,0
T_0000133262,0,0.079166,0
T_0000133290,1,0.997902,1
T_0000133306,0,0.601647,0
T_0000133329,1,0.998009,1
T_0000133407,0,0.102520,0
T_0000133424,1,0.997532,1
T_0000133426,0,0.041686,0
T_0000133452,0,0.103287,0
T_0000133464,1,0.999569,1
T_0000133480,1,0.999818,1
T_0000133485,1,0.997507,1
T_0000133548,1,0.992293,1
T_0000133552,1,0.817041,1
T_0000133556,0,0.038083,0
T_0000133603,0,0.079936,0
T_0000133709,1,0.999035,1
T_0000133768,1,0.998062,1
T_0000133907,1,0.992481,1
T_0000133913,0,0.037512,0
T_0000133923,1,0.998886,1
T_0000133941,1,0.255673,0
T_0000133993,1,0.956552,1
T_0000133997,1,0.997539,1
T_0000134005,1,0.998275,1
T_0000134016,1,0.999706,1
T_0000134035,0,0.072407,0
T_0000134125,0,0.219892,0
T_0000134128,1,0.997410,1
T_0000134130,1,0.999462,1
T_0000134141,1,0.746084,1
T_0000134209,0,0.028424,0
T_0000134213,0,0.909858,1
T_0000134228,1,0.998809,1
T_0000134312,0,0.055676,0
T_0000134378,1,0.887529,1
T_0000134467,1,0.138876,0
T_0000134472,1,0.994589,1
T_0000134486,0,0.055589,0
T_0000134502,1,0.999491,1
T_0000134515,1,0.998148,1
T_0000134526,1,0.994480,1
T_0000134528,1,0.998002,1
T_0000134546,0,0.053783,0
T_0000134558,1,0.999914,1
T_0000134696,0,0.048358,0
T_0000134700,1,0.999342,1
T_0000134708,1,0.997489,1
T_0000134725,0,0.051124,0
T_0000134742,1,0.999756,1
T_0000134744,1,0.995174,1
T_0000134779,1,0.646629,0
T_0000134816,1,0.993294,1
T_0000134870,1,0.998104,1
T_0000134881,0,0.040774,0
T_0000134883,0,0.049583,0
T_0000134905,1,0.648002,0
T_0000134912,1,0.996028,1
T_0000134916,1,0.999433,1
T_0000134930,1,0.997922,1
T_0000134934,1,0.996010,1
T_0000134991,1,0.996046,1
T_0000135048,1,0.983813,1
T_0000135092,1,0.995953,1
T_0000135105,0,0.230739,0
T_0000135145,1,0.999298,1
T_0000135147,0,0.344012,0
T_0000135194,0,0.207001,0
T_0000135204,1,0.999639,1
T_0000135234,0,0.030865,0
T_0000135312,0,0.592978,0
T_0000135328,1,0.999117,1
T_0000135350,0,0.114051,0
T_0000135352,1,0.999300,1
T_0000135372,1,0.998580,1
T_0000135405,1,0.978489,1
T_0000135505,1,0.998134,1
T_0000135549,1,0.995985,1
T_0000135553,1,0.921063,1
T_0000135564,1,0.999164,1
T_0000135575,1,0.987669,1
T_0000135615,1,0.999660,1
T_0000135640,1,0.995185,1
T_0000135642,0,0.041095,0
T_0000135668,1,0.985380,1
T_0000135677,0,0.051343,0
T_0000135714,1,0.997277,1
T_0000135775,0,0.034571,0
T_0000135776,1,0.997148,1
T_0000135803,0,0.038021,0
T_0000135805,1,0.998729,1
T_0000135847,0,0.043756,0
T_0000135875,0,0.174447,0
T_0000135891,1,0.995081,1
T_0000135914,1,0.999983,1
T_0000135933,0,0.161643,0
T_0000135937,1,0.999846,1
T_0000136002,1,0.993796,1
T_0000136063,1,0.993615,1
T_0000136075,1,0.999941,1
T_0000136112,1,0.996665,1
T_0000136132,1,0.999435,1
T_0000136134,1,0.999530,1
T_0000136153,1,0.998184,1
T_0000136166,0,0.409357,0
T_0000136196,0,0.042466,0
T_0000136214,1,0.999083,1
T_0000136228,1,0.995416,1
T_0000136230,1,0.998805,1
T_0000136234,1,0.977625,1
T_0000136264,1,0.999468,1
T_0000136304,1,0.999980,1
T_0000136319,1,0.998132,1
T_0000136368,0,0.050168,0
T_0000136445,0,0.069637,0
T_0000136450,1,0.997543,1
T_0000136457,1,0.893896,1
T_0000136497,1,0.987493,1
T_0000136501,0,0.058852,0
T_0000136505,1,0.993192,1
T_0000136525,0,0.067490,0
T_0000136550,1,0.996970,1
T_0000136606,1,0.999968,1
T_0000136623,1,0.999734,1
T_0000136627,0,0.045175,0
T_0000136648,0,0.066058,0
T_0000136652,1,0.998443,1
T_0000136659,1,0.998091,1
T_0000136665,1,0.986508,1
T_0000136682,1,0.999443,1
T_0000136714,1,0.995212,1
T_0000136725,0,0.054015,0
T_0000136735,0,0.039671,0
T_0000136739,0,0.022702,0
T_0000136756,1,0.999871,1
T_0000136764,0,0.277664,0
T_0000136774,1,0.952983,1
T_0000136775,1,0.997833,1
T_0000136777,0,0.028221,0
T_0000136783,0,0.140692,0
T_0000136785,1,0.953908,1
T_0000136786,1,0.999887,1
T_0000136792,1,0.999609,1
T_0000136838,1,0.995149,1
T_0000136842,0,0.549650,0
T_0000136843,1,0.999099,1
T_0000136861,1,0.979515,1
T_0000136884,0,0.068065,0
T_0000136887,1,0.999813,1
T_0000136910,1,0.998281,1
T_0000136952,0,0.012327,0
T_0000136971,0,0.059048,0
T_0000136980,1,0.999514,1
T_0000136994,1,0.999985,1
T_0000137000,0,0.954896,1
T_0000137005,0,0.048880,0
T_0000137056,1,0.999227,1
T_0000137077,1,0.999889,1
T_0000137202,0,0.056687,0
T_0000137215,1,0.334969,0
T_0000137216,1,0.996428,1
T_0000137261,1,0.998237,1
T_0000137272,1,0.998891,1
T_0000137276,1,0.995741,1
T_0000137288,0,0.030026,0
T_0000137346,1,0.344799,0
T_0000137354,0,0.023884,0
T_0000137405,0,0.062765,0
T_0000137416,1,0.999151,1
T_0000137446,1,0.997614,1
T_0000137458,1,0.991281,1
T_0000137470,0,0.027208,0
T_0000137473,1,0.994614,1
T_0000137480,1,0.999745,1
T_0000137522,0,0.039241,0
T_0000137525,1,0.859286,1
T_0000137555,1,0.996010,1
T_0000137576,1,0.997580,1
T_0000137581,1,0.990500,1
T_0000137590,1,0.919458,1
T_0000137669,0,0.071380,0
T_0000137688,1,0.995129,1
T_0000137689,1,0.997463,1
T_0000137691,1,0.228773,0
T_0000137692,1,0.998496,1
T_0000137700,1,0.985826,1
T_0000137717,1,0.963477,1
T_0000137739,1,0.998299,1
T_0000137743,0,0.125962,0
T_0000137746,1,0.998394,1
T_0000137759,0,0.102390,0
T_0000137772,0,0.862797,1
T_0000137794,1,0.995766,1
T_0000137849,0,0.028086,0
T_0000137868,1,0.998160,1
T_0000137879,0,0.088850,0
T_0000137899,1,0.999828,1
T_0000137904,1,0.998579,1
T_0000137915,1,0.998102,1
T_0000137927,0,0.060714,0
T_0000137930,0,0.044025,0
T_0000137989,0,0.057302,0
T_0000137996,1,0.994603,1
T_0000138017,1,0.999617,1
T_0000138018,0,0.069318,0
T_0000138087,1,0.999928,1
T_0000138121,1,0.999638,1
T_0000138122,0,0.024804,0
T_0000138192,0,0.043363,0
T_0000138194,1,0.892308,1
T_0000138224,1,0.999277,1
T_0000138230,0,0.035369,0
T_0000138252,1,0.996472,1
T_0000138279,1,0.995813,1
T_0000138286,1,0.999389,1
T_0000138292,1,0.993381,1
T_0000138335,1,0.998273,1
T_0000138354,0,0.136671,0
T_0000138396,1,0.896361,1
T_0000138400,0,0.087234,0
T_0000138409,1,0.202187,0
T_0000138434,1,0.998816,1
T_0000138464,1,0.999654,1
T_0000138473,1,0.582816,0
T_0000138499,0,0.223338,0
T_0000138519,1,0.998874,1
T_0000138524,0,0.070555,0
T_0000138595,1,0.998831,1
T_0000138636,1,0.999264,1
T_0000138657,1,0.997526,1
T_0000138668,1,0.996601,1
T_0000138737,0,0.036865,0
T_0000138808,0,0.021390,0
T_0000138814,1,0.999340,1
T_0000138830,1,0.998351,1
T_0000138841,1,0.999892,1
T_0000138872,0,0.347714,0
T_0000138878,1,0.997848,1
T_0000138880,1,0.999947,1
T_0000138884,1,0.999949,1
T_0000138926,0,0.060828,0
T_0000138981,0,0.029758,0
T_0000139041,0,0.051721,0
T_0000139064,1,0.997167,1
T_0000139114,0,0.051695,0
T_0000139118,0,0.179780,0
T_0000139164,1,0.827077,1
T_0000139166,0,0.144759,0
T_0000139188,1,0.998798,1
T_0000139221,1,0.999411,1
T_0000139238,1,0.999494,1
T_0000139260,0,0.084044,0
T_0000139275,0,0.055740,0
T_0000139286,0,0.067062,0
T_0000139291,1,0.998832,1
T_0000139295,0,0.202618,0
T_0000139329,1,0.985637,1
T_0000139347,0,0.063551,0
T_0000139378,1,0.998865,1
T_0000139389,0,0.066873,0
T_0000139400,1,0.999861,1
T_0000139461,1,0.999940,1
T_0000139491,1,0.998883,1
T_0000139526,0,0.065998,0
T_0000139528,1,0.979527,1
T_0000139667,0,0.239170,0
T_0000139681,1,0.999326,1
T_0000139685,0,0.036773,0
T_0000139712,0,0.337337,0
T_0000139730,1,0.998939,1
T_0000139741,0,0.062872,0
T_0000139784,1,0.999065,1
T_0000139802,1,0.905636,1
T_0000139829,1,0.999704,1
T_0000139834,1,0.999897,1
T_0000139849,0,0.039631,0
T_0000139982,1,0.992634,1
T_0000139988,1,0.998948,1
T_0000139998,1,0.999820,1
T_0000140006,0,0.990906,1
T_0000140027,0,0.080933,0
T_0000140040,0,0.081819,0
T_0000140067,0,0.167589,0
T_0000140068,1,0.999947,1
T_0000140074,0,0.080116,0
T_0000140076,0,0.036319,0
T_0000140117,0,0.370603,0
T_0000140121,0,0.103933,0
T_0000140127,0,0.071517,0
T_0000140170,0,0.086258,0
T_0000140175,1,0.999715,1
T_0000140211,1,0.995704,1
T_0000140214,1,0.997197,1
T_0000140240,0,0.053044,0
T_0000140263,0,0.488493,0
T_0000140282,0,0.009206,0
T_0000140283,0,0.032218,0
T_0000140303,1,0.998502,1
T_0000140315,1,0.999798,1
T_0000140343,1,0.993851,1
T_0000140352,1,0.997441,1
T_0000140378,0,0.038380,0
T_0000140428,1,0.999594,1
T_0000140453,1,0.998309,1
T_0000140458,1,0.941611,1
T_0000140460,0,0.077175,0
T_0000140464,1,0.998218,1
T_0000140497,0,0.014886,0
T_0000140556,0,0.135883,0
T_0000140566,1,0.988343,1
T_0000140573,1,0.996680,1
T_0000140589,1,0.999455,1
T_0000140607,0,0.071095,0
T_0000140691,1,0.998821,1
T_0000140702,0,0.105883,0
T_0000140705,1,0.990378,1
T_0000140781,1,0.856176,1
T_0000140793,1,0.997750,1
T_0000140795,0,0.037447,0
T_0000140858,1,0.996655,1
T_0000140929,1,0.999731,1
T_0000140963,1,0.999011,1
T_0000140980,0,0.064087,0
T_0000141016,0,0.070716,0
T_0000141030,1,0.969858,1
T_0000141095,1,0.998271,1
T_0000141151,1,0.995488,1
T_0000141168,0,0.074925,0
T_0000141183,1,0.992550,1
T_0000141208,1,0.999888,1
T_0000141209,1,0.496277,0
T_0000141212,1,0.999081,1
T_0000141232,0,0.803918,1
T_0000141253,1,0.951688,1
T_0000141262,0,0.061234,0
T_0000141282,0,0.079042,0
T_0000141300,1,0.957966,1
T_0000141316,1,0.999827,1
T_0000141334,1,0.997615,1
T_0000141373,0,0.724573,1
T_0000141429,1,0.999815,1
T_0000141442,1,0.987562,1
T_0000141463,1,0.989717,1
T_0000141487,1,0.998445,1
T_0000141492,1,0.992516,1
T_0000141494,1,0.998907,1
T_0000141520,1,0.995895,1
T_0000141530,0,0.064534,0
T_0000141532,0,0.833651,1
T_0000141537,1,0.993819,1
T_0000141545,1,0.971249,1
T_0000141560,0,0.071150,0
T_0000141588,1,0.996434,1
T_0000141591,1,0.991872,1
T_0000141609,0,0.055362,0
T_0000141631,1,0.423703,0
T_0000141671,1,0.999848,1
T_0000141675,1,0.999956,1
T_0000141682,0,0.565435,0
T_0000141704,0,0.620358,0
T_0000141706,0,0.145918,0
T_0000141754,0,0.878990,1
T_0000141775,1,0.999402,1
T_0000141787,1,0.999251,1
T_0000141860,1,0.964096,1
T_0000141862,1,0.972799,1
T_0000141872,1,0.996585,1
T_0000141875,1,0.999761,1
T_0000141886,0,0.433677,0
T_0000141909,0,0.066037,0
T_0000141910,1,0.993516,1
T_0000141957,1,0.990678,1
T_0000141981,1,0.999406,1
T_0000142023,1,0.999475,1
T_0000142072,0,0.451510,0
T_0000142083,1,0.999991,1
T_0000142091,1,0.996933,1
T_0000142106,1,0.986029,1
T_0000142143,0,0.024270,0
T_0000142157,1,0.998965,1
T_0000142173,1,0.974370,1
T_0000142203,1,0.998622,1
T_0000142239,1,0.999286,1
T_0000142267,0,0.045713,0
T_0000142294,1,0.998377,1
T_0000142312,1,0.999910,1
T_0000142329,1,0.984581,1
T_0000142330,1,0.991639,1
T_0000142399,1,0.999947,1
T_0000142409,0,0.032693,0
T_0000142410,1,0.997025,1
T_0000142420,1,0.970463,1
T_0000142453,0,0.079065,0
T_0000142497,1,0.999789,1
T_0000142499,0,0.067101,0
T_0000142500,0,0.035917,0
T_0000142540,0,0.125539,0
T_0000142551,0,0.898247,1
T_0000142555,1,0.999923,1
T_0000142562,1,0.999530,1
T_0000142584,0,0.442151,0
T_0000142614,1,0.999189,1
T_0000142624,0,0.033991,0
T_0000142627,0,0.471548,0
T_0000142640,1,0.986723,1
T_0000142646,1,0.987960,1
T_0000142654,1,0.999310,1
T_0000142656,1,0.998447,1
T_0000142684,1,0.997294,1
T_0000142760,1,0.996927,1
T_0000142821,1,0.927529,1
T_0000142822,1,0.994514,1
T_0000142826,1,0.997659,1
T_0000142875,1,0.991635,1
T_0000142897,1,0.990692,1
T_0000142924,1,0.883968,1
T_0000142934,1,0.952641,1
T_0000142946,1,0.992264,1
T_0000142969,1,0.999414,1
T_0000142992,1,0.999802,1
T_0000143001,0,0.048302,0
T_0000143002,0,0.040822,0
T_0000143015,1,0.999756,1
T_0000143016,1,0.996323,1
T_0000143022,1,0.999678,1
T_0000143039,1,0.991329,1
T_0000143064,1,0.992974,1
T_0000143113,1,0.972123,1
T_0000143125,1,0.940784,1
T_0000143153,0,0.129637,0
T_0000143155,1,0.993343,1
T_0000143159,0,0.574685,0
T_0000143223,1,0.558611,0
T_0000143225,0,0.062446,0
T_0000143234,0,0.848036,1
T_0000143278,0,0.057246,0
T_0000143292,0,0.408497,0
T_0000143293,1,0.989266,1
T_0000143297,1,0.998059,1
T_0000143316,1,0.984053,1
T_0000143318,0,0.023909,0
T_0000143320,0,0.024048,0
T_0000143348,1,0.995708,1
T_0000143349,1,0.999216,1
T_0000143353,0,0.162663,0
T_0000143429,1,0.993520,1
T_0000143437,1,0.992318,1
T_0000143457,1,0.998212,1
T_0000143498,1,0.998803,1
T_0000143507,0,0.039672,0
T_0000143555,0,0.021259,0
T_0000143564,1,0.999694,1
T_0000143583,1,0.999481,1
T_0000143584,1,0.722507,1
T_0000143610,1,0.996969,1
T_0000143626,1,0.999762,1
T_0000143633,1,0.999861,1
T_0000143712,1,0.999690,1
T_0000143723,1,0.997729,1
T_0000143727,1,0.999914,1
T_0000143736,1,0.985432,1
T_0000143759,1,0.914411,1
T_0000143763,1,0.999374,1
T_0000143783,1,0.998278,1
T_0000143798,0,0.080833,0
T_0000143811,0,0.512902,0
T_0000143823,1,0.999491,1
T_0000143854,1,0.999764,1
T_0000143867,1,0.999733,1
T_0000143874,0,0.443607,0
T_0000143886,1,0.999690,1
T_0000143897,1,0.999921,1
T_0000143910,1,0.999491,1
T_0000143936,1,0.999779,1
T_0000143940,1,0.999837,1
T_0000143942,1,0.999841,1
T_0000143952,1,0.999108,1
T_0000143958,0,0.159060,0
T_0000144029,0,0.099787,0
T_0000144032,1,0.997509,1
T_0000144042,1,0.999682,1
T_0000144043,0,0.340889,0
T_0000144058,1,0.988270,1
T_0000144060,0,0.109518,0
T_0000144143,1,0.878716,1
T_0000144172,1,0.995411,1
T_0000144184,1,0.999947,1
T_0000144216,0,0.034056,0
T_0000144259,1,0.998983,1
T_0000144263,1,0.928322,1
T_0000144303,1,0.992143,1
T_0000144306,1,0.997651,1
T_0000144363,1,0.997664,1
T_0000144371,0,0.029501,0
T_0000144383,0,0.203892,0
T_0000144385,1,0.995388,1
T_0000144417,0,0.065651,0
T_0000144427,1,0.999601,1
T_0000144444,1,0.994929,1
T_0000144450,1,0.992575,1
T_0000144472,1,0.999712,1
T_0000144491,0,0.087537,0
T_0000144517,1,0.990862,1
T_0000144520,1,0.995157,1
T_0000144536,1,0.997914,1
T_0000144560,1,0.997794,1
T_0000144567,1,0.952183,1
T_0000144574,1,0.999583,1
T_0000144591,1,0.989511,1
T_0000144608,1,0.992669,1
T_0000144629,0,0.071626,0
T_0000144638,1,0.999195,1
T_0000144649,1,0.997768,1
T_0000144657,1,0.998952,1
T_0000144659,1,0.991793,1
T_0000144742,1,0.999494,1
T_0000144782,0,0.084144,0
T_0000144821,1,0.992066,1
T_0000144831,1,0.991473,1
T_0000144863,1,0.904677,1
T_0000144944,1,0.999394,1
T_0000144971,1,0.999675,1
T_0000145049,0,0.034809,0
T_0000145057,0,0.034026,0
T_0000145059,1,0.991717,1
T_0000145064,1,0.911552,1
T_0000145087,1,0.994083,1
T_0000145104,0,0.032792,0
T_0000145108,0,0.080618,0
T_0000145114,1,0.996916,1
T_0000145156,0,0.043422,0
T_0000145179,1,0.998583,1
T_0000145197,1,0.984840,1
T_0000145217,1,0.999831,1
T_0000145231,1,0.999259,1
T_0000145238,1,0.995329,1
T_0000145255,0,0.253294,0
T_0000145261,0,0.062839,0
T_0000145262,1,0.999537,1
T_0000145266,1,0.996700,1
T_0000145277,1,0.987471,1
T_0000145315,1,0.993119,1
T_0000145330,1,0.999225,1
T_0000145343,0,0.039595,0
T_0000145348,1,0.993495,1
T_0000145391,1,0.999456,1
T_0000145420,0,0.047159,0
T_0000145466,1,0.999968,1
T_0000145478,0,0.038648,0
T_0000145481,1,0.995453,1
T_0000145496,1,0.998529,1
T_0000145498,0,0.090300,0
T_0000145512,0,0.142907,0
T_0000145527,0,0.928740,1
T_0000145575,0,0.862319,1
T_0000145580,1,0.999955,1
T_0000145581,0,0.043104,0
T_0000145594,1,0.999431,1
T_0000145612,1,0.990570,1
T_0000145642,1,0.996603,1
T_0000145693,0,0.106500,0
T_0000145700,1,0.995451,1
T_0000145706,1,0.997894,1
T_0000145739,1,0.998716,1
T_0000145785,1,0.979294,1
T_0000145786,1,0.999297,1
T_0000145799,1,0.997691,1
T_0000145809,1,0.999174,1
T_0000145810,0,0.028906,0
T_0000145832,1,0.998216,1
T_0000145852,0,0.066360,0
T_0000145865,1,0.982402,1
T_0000145874,1,0.995079,1
T_0000145882,0,0.036137,0
T_0000145890,0,0.336094,0
T_0000145916,1,0.057963,0
T_0000145957,0,0.910312,1
T_0000146000,1,0.996132,1
T_0000146015,1,0.997813,1
T_0000146041,1,0.998774,1
T_0000146094,1,0.998638,1
T_0000146098,1,0.978280,1
T_0000146130,1,0.832406,1
T_0000146146,1,0.998096,1
T_0000146177,1,0.896182,1
T_0000146204,1,0.379818,0
T_0000146220,1,0.997731,1
T_0000146230,1,0.996887,1
T_0000146246,1,0.995614,1
T_0000146248,1,0.985887,1
T_0000146263,0,0.100371,0
T_0000146276,0,0.086157,0
T_0000146280,1,0.997504,1
T_0000146312,1,0.998285,1
T_0000146343,1,0.993655,1
T_0000146371,1,0.997335,1
T_0000146380,1,0.836872,1
T_0000146425,1,0.998140,1
T_0000146427,1,0.999678,1
T_0000146461,1,0.999603,1
T_0000146472,0,0.077892,0
T_0000146475,1,0.777897,1
T_0000146538,1,0.982877,1
T_0000146544,0,0.026756,0
T_0000146560,1,0.986544,1
T_0000146568,0,0.044820,0
T_0000146608,1,0.922820,1
T_0000146632,0,0.856275,1
T_0000146635,0,0.674004,0
T_0000146661,1,0.995233,1
T_0000146673,1,0.998935,1
T_0000146702,0,0.025947,0
T_0000146708,1,0.865285,1
T_0000146736,1,0.997566,1
T_0000146751,1,0.999835,1
T_0000146753,1,0.998947,1
T_0000146762,1,0.998958,1
T_0000146786,1,0.962632,1
T_0000146831,0,0.107779,0
T_0000146849,1,0.993077,1
T_0000146850,1,0.999273,1
T_0000146879,1,0.997716,1
T_0000146904,0,0.537158,0
T_0000146907,0,0.054876,0
T_0000146919,1,0.999163,1
T_0000146928,1,0.999516,1
T_0000146931,1,0.893404,1
T_0000146955,1,0.996785,1
T_0000146967,1,0.999762,1
T_0000147003,1,0.997245,1
T_0000147015,1,0.976817,1
T_0000147020,1,0.999779,1
T_0000147081,1,0.998184,1
T_0000147111,1,0.999773,1
T_0000147119,0,0.087668,0
T_0000147128,1,0.991710,1
T_0000147136,1,0.843481,1
T_0000147142,1,0.994204,1
T_0000147181,1,0.778868,1
T_0000147185,1,0.996750,1
T_0000147246,0,0.048289,0
T_0000147248,1,0.950861,1
T_0000147288,1,0.999953,1
T_0000147335,1,0.999165,1
T_0000147341,0,0.095871,0
T_0000147344,1,0.997449,1
T_0000147347,0,0.028405,0
T_0000147348,1,0.999218,1
T_0000147391,1,0.991687,1
T_0000147431,0,0.067985,0
T_0000147477,1,0.999452,1
T_0000147517,0,0.090219,0
T_0000147523,0,0.051555,0
T_0000147528,1,0.957587,1
T_0000147554,1,0.998116,1
T_0000147590,0,0.061701,0
T_0000147598,1,0.998366,1
T_0000147615,1,0.999674,1
T_0000147631,1,0.999505,1
T_0000147637,1,0.998695,1
T_0000147640,1,0.997707,1
T_0000147718,1,0.998563,1
T_0000147742,0,0.037742,0
T_0000147756,1,0.999444,1
T_0000147766,0,0.032842,0
T_0000147776,1,0.996735,1
T_0000147777,1,0.996324,1
T_0000147847,1,0.997313,1
T_0000147893,0,0.032080,0
T_0000147904,1,0.993857,1
T_0000147925,1,0.999236,1
T_0000147942,1,0.697161,1
T_0000147944,1,0.999961,1
T_0000147958,0,0.663598,0
T_0000148008,0,0.089417,0
T_0000148036,0,0.459539,0
T_0000148046,1,0.998605,1
T_0000148087,1,0.999987,1
T_0000148104,1,0.997841,1
T_0000148117,1,0.999961,1
T_0000148125,1,0.998918,1
T_0000148134,1,0.992763,1
T_0000148137,1,0.995647,1
T_0000148176,1,0.981559,1
T_0000148184,1,0.969737,1
T_0000148235,1,0.996762,1
T_0000148267,1,0.999801,1
T_0000148282,1,0.872919,1
T_0000148300,1,0.991731,1
T_0000148317,1,0.999734,1
T_0000148326,1,0.999508,1
T_0000148351,1,0.999320,1
T_0000148367,1,0.987001,1
T_0000148370,1,0.989244,1
T_0000148379,1,0.999683,1
T_0000148406,0,0.074849,0
T_0000148475,1,0.991825,1
T_0000148478,1,0.983568,1
T_0000148517,1,0.966523,1
T_0000148532,1,0.998234,1
T_0000148592,1,0.998870,1
T_0000148602,0,0.560933,0
T_0000148625,1,0.997234,1
T_0000148631,1,0.999978,1
T_0000148633,1,0.245178,0
T_0000148698,0,0.240867,0
T_0000148699,1,0.998861,1
T_0000148704,0,0.063830,0
T_0000148705,0,0.263087,0
T_0000148722,1,0.999185,1
T_0000148744,1,0.993574,1
T_0000148771,1,0.997872,1
T_0000148780,0,0.064619,0
T_0000148783,1,0.999678,1
T_0000148798,1,0.999754,1
T_0000148823,0,0.164876,0
T_0000148833,1,0.997218,1
T_0000148851,1,0.792599,1
T_0000148854,1,0.985881,1
T_0000148908,0,0.024216,0
T_0000148909,1,0.999541,1
T_0000148993,1,0.994927,1
T_0000149012,1,0.999817,1
T_0000149014,0,0.238558,0
T_0000149048,0,0.104680,0
T_0000149052,0,0.955197,1
T_0000149103,1,0.999312,1
T_0000149107,1,0.997474,1
T_0000149131,1,0.968897,1
T_0000149150,0,0.138155,0
T_0000149170,1,0.988480,1
T_0000149225,0,0.061859,0
T_0000149228,0,0.059434,0
T_0000149269,0,0.074506,0
T_0000149279,1,0.998663,1
T_0000149311,1,0.991684,1
T_0000149313,1,0.991850,1
T_0000149345,1,0.995630,1
T_0000149351,1,0.999230,1
T_0000149372,1,0.999198,1
T_0000149373,1,0.999685,1
T_0000149381,1,0.999943,1
T_0000149418,1,0.995977,1
T_0000149426,0,0.066421,0
T_0000149456,0,0.030164,0
T_0000149494,0,0.037431,0
T_0000149510,1,0.997455,1
T_0000149528,1,0.976076,1
T_0000149602,1,0.993816,1
T_0000149693,1,0.998033,1
T_0000149705,0,0.073857,0
T_0000149749,1,0.996843,1
T_0000149764,0,0.118713,0
T_0000149770,1,0.993534,1
T_0000149828,1,0.924663,1
T_0000149839,1,0.989964,1
T_0000149845,1,0.991178,1
T_0000149880,0,0.032941,0
T_0000149895,0,0.053868,0
T_0000149899,1,0.097000,0
T_0000149931,1,0.999788,1
T_0000149941,1,0.996686,1
T_0000149991,1,0.994531,1
T_0000150046,1,0.999701,1
T_0000150081,1,0.996806,1
T_0000150134,1,0.999636,1
T_0000150153,1,0.998407,1
T_0000150201,1,0.997758,1
T_0000150209,0,0.047403,0
T_0000150225,0,0.046288,0
T_0000150228,0,0.151346,0
T_0000150257,0,0.059336,0
T_0000150261,1,0.996189,1
T_0000150263,0,0.032015,0
T_0000150270,1,0.999256,1
T_0000150312,0,0.071398,0
T_0000150344,0,0.117665,0
T_0000150359,1,0.997635,1
T_0000150375,1,0.981557,1
T_0000150409,1,0.995416,1
T_0000150445,0,0.106402,0
T_0000150454,1,0.999486,1
T_0000150462,1,0.999417,1
T_0000150514,1,0.997449,1
T_0000150591,0,0.016035,0
T_0000150612,1,0.997442,1
T_0000150624,0,0.151182,0
T_0000150690,1,0.987234,1
T_0000150700,1,0.992356,1
T_0000150750,0,0.126322,0
T_0000150758,0,0.050068,0
T_0000150763,1,0.999363,1
T_0000150765,0,0.060261,0
T_0000150816,1,0.913049,1
T_0000150819,1,0.997619,1
T_0000150830,1,0.994183,1
T_0000150831,1,0.999272,1
T_0000150843,1,0.986864,1
T_0000150860,1,0.999670,1
T_0000150885,1,0.997998,1
T_0000150887,0,0.348604,0
T_0000150891,1,0.999573,1
T_0000150898,1,0.998050,1
T_0000150916,0,0.187534,0
T_0000150924,1,0.992116,1
T_0000151042,1,0.997276,1
T_0000151044,0,0.043365,0
T_0000151053,1,0.978366,1
T_0000151068,0,0.095806,0
T_0000151116,1,0.998839,1
T_0000151125,0,0.033816,0
T_0000151136,0,0.186214,0
T_0000151178,1,0.999201,1
T_0000151180,0,0.046216,0
T_0000151182,0,0.031729,0
T_0000151207,1,0.748553,1
T_0000151215,1,0.999868,1
T_0000151246,1,0.999950,1
T_0000151247,1,0.882897,1
T_0000151257,1,0.992745,1
T_0000151295,1,0.988579,1
T_0000151308,0,0.124511,0
T_0000151329,1,0.998737,1
T_0000151331,1,0.992249,1
T_0000151333,1,0.998030,1
T_0000151361,0,0.009926,0
T_0000151369,1,0.094714,0
T_0000151416,1,0.516723,0
T_0000151422,1,0.999796,1
T_0000151428,1,0.991960,1
T_0000151489,1,0.999330,1
T_0000151491,1,0.823232,1
T_0000151516,0,0.014892,0
T_0000151577,0,0.138233,0
T_0000151593,1,0.054508,0
T_0000151601,1,0.995277,1
T_0000151613,0,0.077758,0
T_0000151619,1,0.999926,1
T_0000151629,1,0.993058,1
T_0000151656,1,0.999853,1
T_0000151662,1,0.999947,1
T_0000151680,1,0.998222,1
T_0000151695,1,0.983412,1
T_0000151711,0,0.029132,0
T_0000151715,1,0.999977,1
T_0000151725,1,0.999832,1
T_0000151733,0,0.046633,0
T_0000151748,1,0.140543,0
T_0000151774,0,0.459813,0
T_0000151779,1,0.989371,1
T_0000151780,1,0.993985,1
T_0000151784,1,0.999953,1
T_0000151792,1,0.991288,1
T_0000151808,0,0.020022,0
T_0000151809,0,0.031449,0
T_0000151819,0,0.032323,0
T_0000151851,1,0.996295,1
T_0000151856,0,0.045664,0
T_0000151889,1,0.998081,1
T_0000151897,1,0.995753,1
T_0000151911,1,0.975108,1
T_0000151916,1,0.998527,1
T_0000151937,1,0.996416,1
T_0000151951,1,0.985472,1
T_0000151965,1,0.999467,1
T_0000151978,1,0.950451,1
T_0000152039,0,0.078690,0
T_0000152040,0,0.087784,0
T_0000152059,1,0.999994,1
T_0000152091,1,0.997121,1
T_0000152099,1,0.997828,1
T_0000152133,1,0.997084,1
T_0000152138,1,0.996136,1
T_0000152175,0,0.055075,0
T_0000152179,1,0.977600,1
T_0000152185,0,0.065844,0
T_0000152189,1,0.999510,1
T_0000152203,1,0.999871,1
T_0000152215,1,0.999991,1
T_0000152249,1,0.994080,1
T_0000152318,1,0.996489,1
T_0000152340,1,0.867490,1
T_0000152370,1,0.999411,1
T_0000152438,1,0.996736,1
T_0000152501,0,0.017753,0
T_0000152541,1,0.999977,1
T_0000152561,0,0.154066,0
T_0000152574,0,0.123235,0
T_0000152598,1,0.999834,1
T_0000152608,0,0.036080,0
T_0000152687,1,0.998225,1
T_0000152690,0,0.499823,0
T_0000152717,1,0.969755,1
T_0000152722,0,0.378060,0
T_0000152828,0,0.447844,0
T_0000152839,0,0.047934,0
T_0000152870,1,0.986299,1
T_0000152893,0,0.126120,0
T_0000152901,1,0.995767,1
T_0000152931,1,0.999594,1
T_0000152979,0,0.034341,0
T_0000153016,1,0.412775,0
T_0000153038,1,0.999463,1
T_0000153044,1,0.996934,1
T_0000153046,1,0.999962,1
T_0000153066,1,0.978604,1
T_0000153074,1,0.999776,1
T_0000153081,0,0.044148,0
T_0000153092,1,0.080098,0
T_0000153122,1,0.995216,1
T_0000153170,1,0.979378,1
T_0000153172,1,0.999901,1
T_0000153177,1,0.999256,1
T_0000153215,1,0.343813,0
T_0000153300,1,0.421584,0
T_0000153307,1,0.999875,1
T_0000153332,0,0.052309,0
T_0000153372,0,0.093854,0
T_0000153396,1,0.998264,1
T_0000153402,1,0.999354,1
T_0000153408,1,0.999120,1
T_0000153460,1,0.999879,1
T_0000153468,1,0.999241,1
T_0000153471,1,0.995110,1
T_0000153522,1,0.994351,1
T_0000153523,1,0.999587,1
T_0000153529,0,0.035614,0
T_0000153533,0,0.030992,0
T_0000153562,1,0.998998,1
T_0000153609,1,0.980862,1
T_0000153669,1,0.999204,1
T_0000153674,0,0.033239,0
T_0000153697,1,0.999317,1
T_0000153701,0,0.019315,0
T_0000153752,1,0.765679,1
T_0000153756,0,0.069432,0
T_0000153762,1,0.999725,1
T_0000153787,1,0.999957,1
T_0000153794,1,0.976876,1
T_0000153817,0,0.103791,0
T_0000153863,0,0.019564,0
T_0000153867,0,0.025277,0
T_0000153883,1,0.995947,1
T_0000153926,1,0.999596,1
T_0000153928,1,0.837818,1
T_0000153932,1,0.984594,1
T_0000153934,1,0.999214,1
T_0000153935,1,0.999547,1
T_0000153938,1,0.995129,1
T_0000153943,1,0.996479,1
T_0000153966,1,0.997227,1
T_0000154029,1,0.996194,1
T_0000154036,1,0.997535,1
T_0000154038,1,0.999960,1
T_0000154051,1,0.999920,1
T_0000154070,0,0.056359,0
T_0000154075,1,0.998200,1
T_0000154080,1,0.998851,1
T_0000154098,1,0.994374,1
T_0000154102,0,0.125118,0
T_0000154155,1,0.996565,1
T_0000154183,0,0.046223,0
T_0000154199,1,0.999583,1
T_0000154206,1,0.992561,1
T_0000154219,1,0.963916,1
T_0000154230,1,0.978652,1
T_0000154245,1,0.997544,1
T_0000154249,1,0.990411,1
T_0000154253,0,0.104824,0
T_0000154257,1,0.966588,1
T_0000154270,0,0.026514,0
T_0000154286,1,0.996351,1
T_0000154376,0,0.940278,1
T_0000154398,0,0.955494,1
T_0000154449,0,0.126492,0
T_0000154461,0,0.037087,0
T_0000154502,1,0.994535,1
T_0000154528,0,0.329315,0
T_0000154534,1,0.998519,1
T_0000154573,0,0.051919,0
T_0000154603,1,0.994774,1
T_0000154612,1,0.999718,1
T_0000154636,0,0.030728,0
T_0000154686,0,0.029051,0
T_0000154713,0,0.020698,0
T_0000154737,1,0.999426,1
T_0000154750,1,0.999424,1
T_0000154758,1,0.921868,1
T_0000154759,1,0.998409,1
T_0000154774,1,0.985080,1
T_0000154838,0,0.063195,0
T_0000154864,1,0.999577,1
T_0000154876,0,0.957229,1
T_0000155014,1,0.997187,1
T_0000155034,0,0.145399,0
T_0000155043,1,0.994148,1
T_0000155055,1,0.998326,1
T_0000155064,0,0.557136,0
T_0000155074,1,0.920634,1
T_0000155133,1,0.996892,1
T_0000155170,1,0.998176,1
T_0000155190,1,0.996701,1
T_0000155253,0,0.040293,0
T_0000155258,1,0.745232,1
T_0000155274,1,0.999600,1
T_0000155278,1,0.995007,1
T_0000155341,0,0.048109,0
T_0000155355,1,0.879204,1
T_0000155365,1,0.999574,1
T_0000155373,1,0.998579,1
T_0000155379,1,0.999798,1
T_0000155429,1,0.990559,1
T_0000155464,0,0.140432,0
T_0000155528,0,0.671359,0
T_0000155562,1,0.983185,1
T_0000155577,1,0.998655,1
T_0000155578,1,0.993162,1
T_0000155581,1,0.997398,1
T_0000155589,1,0.999790,1
T_0000155593,1,0.999691,1
T_0000155602,1,0.994998,1
T_0000155608,1,0.995491,1
T_0000155621,0,0.096960,0
T_0000155624,0,0.092363,0
T_0000155636,1,0.983701,1
T_0000155643,1,0.997528,1
T_0000155672,1,0.999451,1
T_0000155694,0,0.685856,1
T_0000155697,1,0.999002,1
T_0000155806,1,0.999713,1
T_0000155847,1,0.999421,1
T_0000155917,1,0.999242,1
T_0000155921,0,0.991313,1
T_0000155933,0,0.172187,0
T_0000155943,1,0.998793,1
T_0000156001,1,0.999511,1
T_0000156034,0,0.219478,0
T_0000156038,0,0.968876,1
T_0000156045,1,0.939132,1
T_0000156070,1,0.906438,1
T_0000156094,1,0.999640,1
T_0000156106,0,0.588795,0
T_0000156133,1,0.998448,1
T_0000156137,1,0.999707,1
T_0000156146,1,0.999894,1
T_0000156152,1,0.999270,1
T_0000156162,1,0.999846,1
T_0000156198,0,0.020315,0
T_0000156205,0,0.079128,0
T_0000156206,0,0.946657,1
T_0000156217,0,0.050220,0
T_0000156262,0,0.050061,0
T_0000156270,0,0.062645,0
T_0000156332,0,0.094385,0
T_0000156347,1,0.998171,1
T_0000156418,0,0.113097,0
T_0000156448,1,0.999633,1
T_0000156524,1,0.999636,1
T_0000156557,1,0.982794,1
T_0000156629,0,0.037397,0
T_0000156654,1,0.999019,1
T_0000156664,1,0.999004,1
T_0000156681,1,0.997152,1
T_0000156701,1,0.801201,1
T_0000156731,1,0.941075,1
T_0000156744,1,0.998851,1
T_0000156753,0,0.058745,0
T_0000156762,0,0.045402,0
T_0000156806,1,0.999359,1
T_0000156807,1,0.999568,1
T_0000156844,1,0.938227,1
T_0000156851,1,0.999464,1
T_0000156853,0,0.574285,0
T_0000156857,0,0.017637,0
T_0000156876,1,0.998657,1
T_0000156898,0,0.046581,0
T_0000156903,1,0.999655,1
T_0000156914,0,0.093500,0
T_0000156943,1,0.999964,1
T_0000156950,1,0.288527,0
T_0000156953,1,0.999889,1
T_0000156986,1,0.996498,1
T_0000156992,1,0.999972,1
T_0000156996,0,0.043605,0
T_0000157038,1,0.997628,1
T_0000157045,0,0.527782,0
T_0000157065,1,0.987395,1
T_0000157076,1,0.998186,1
T_0000157111,0,0.057583,0
T_0000157117,0,0.096495,0
T_0000157162,0,0.033920,0
T_0000157185,0,0.308343,0
T_0000157187,1,0.994524,1
T_0000157226,1,0.999511,1
T_0000157239,1,0.993191,1
T_0000157246,1,0.996307,1
T_0000157277,1,0.994275,1
T_0000157280,1,0.619621,0
T_0000157319,1,0.999432,1
T_0000157320,1,0.999347,1
T_0000157325,0,0.029757,0
T_0000157344,1,0.999242,1
T_0000157349,0,0.036083,0
T_0000157384,1,0.999048,1
T_0000157407,0,0.043490,0
T_0000157467,1,0.999934,1
T_0000157480,1,0.998437,1
T_0000157487,1,0.997640,1
T_0000157533,0,0.056575,0
T_0000157549,1,0.997851,1
T_0000157592,1,0.998481,1
T_0000157596,1,0.999771,1
T_0000157599,1,0.998791,1
T_0000157723,0,0.083679,0
T_0000157743,1,0.999094,1
T_0000157756,1,0.999188,1
T_0000157759,1,0.997790,1
T_0000157778,0,0.051821,0
T_0000157804,1,0.997965,1
T_0000157812,1,0.893226,1
T_0000157825,1,0.998721,1
T_0000157842,1,0.996623,1
T_0000157848,0,0.046154,0
T_0000157861,1,0.986539,1
T_0000157875,1,0.998532,1
T_0000157887,1,0.989942,1
T_0000157895,0,0.028561,0
T_0000157913,1,0.999808,1
T_0000157915,0,0.059666,0
T_0000157935,0,0.247875,0
T_0000157961,1,0.973850,1
T_0000157971,1,0.973504,1
T_0000158021,1,0.955689,1
T_0000158036,1,0.960661,1
T_0000158114,1,0.995742,1
T_0000158133,0,0.050508,0
T_0000158179,1,0.414445,0
T_0000158221,0,0.025676,0
T_0000158243,1,0.998027,1
T_0000158251,1,0.987110,1
T_0000158256,1,0.892819,1
T_0000158282,1,0.951159,1
T_0000158286,0,0.043155,0
T_0000158306,1,0.999876,1
T_0000158307,1,0.537970,0
T_0000158349,1,0.999867,1
T_0000158359,1,0.996222,1
T_0000158386,0,0.046374,0
T_0000158408,0,0.151833,0
T_0000158461,1,0.937433,1
T_0000158467,1,0.999894,1
T_0000158578,0,0.066617,0
T_0000158579,0,0.085104,0
T_0000158587,1,0.993195,1
T_0000158653,1,0.996798,1
T_0000158660,1,0.998628,1
T_0000158724,1,0.989079,1
T_0000158742,1,0.712303,1
T_0000158780,1,0.999460,1
T_0000158789,1,0.998306,1
T_0000158845,1,0.993253,1
T_0000158858,0,0.369164,0
T_0000158883,1,0.999369,1
T_0000158896,1,0.991266,1
T_0000158928,1,0.993189,1
T_0000158945,0,0.067547,0
T_0000158977,1,0.992091,1
T_0000158989,0,0.985939,1
T_0000159039,1,0.995082,1
T_0000159040,1,0.995258,1
T_0000159095,0,0.978663,1
T_0000159122,1,0.594744,0
T_0000159145,0,0.816887,1
T_0000159149,0,0.055589,0
T_0000159152,0,0.052486,0
T_0000159198,1,0.999433,1
T_0000159203,1,0.997182,1
T_0000159213,1,0.988711,1
T_0000159231,1,0.997779,1
T_0000159237,1,0.999783,1
T_0000159250,1,0.996555,1
T_0000159278,1,0.984641,1
T_0000159319,1,0.985926,1
T_0000159331,1,0.999827,1
T_0000159356,0,0.085828,0
T_0000159420,1,0.999307,1
T_0000159436,1,0.991806,1
T_0000159441,1,0.995080,1
T_0000159470,1,0.297219,0
T_0000159474,1,0.999697,1
T_0000159476,1,0.999735,1
T_0000159553,0,0.029088,0
T_0000159557,0,0.071474,0
T_0000159585,1,0.992026,1
T_0000159630,1,0.987221,1
T_0000159637,0,0.063579,0
T_0000159643,1,0.976599,1
T_0000159718,1,0.997272,1
T_0000159739,1,0.997471,1
T_0000159775,1,0.990026,1
T_0000159794,0,0.568109,0
T_0000159811,1,0.994979,1
T_0000159835,1,0.997302,1
T_0000159850,1,0.996834,1
T_0000159877,1,0.999816,1
T_0000159878,0,0.029613,0
T_0000159927,1,0.999356,1
T_0000159946,0,0.016960,0
T_0000159949,1,0.996612,1
T_0000159952,1,0.996778,1
T_0000159992,1,0.999893,1
T_0000160003,0,0.056472,0
T_0000160030,1,0.993845,1
T_0000160047,0,0.028517,0
T_0000160060,1,0.993642,1
T_0000160067,1,0.996650,1
T_0000160070,0,0.074887,0
T_0000160073,0,0.012971,0
T_0000160092,1,0.999394,1
T_0000160096,1,0.999864,1
T_0000160147,1,0.999669,1
T_0000160187,1,0.994852,1
T_0000160190,1,0.693248,1
T_0000160212,1,0.998287,1
T_0000160246,0,0.052764,0
T_0000160249,1,0.960394,1
T_0000160282,1,0.998953,1
T_0000160311,1,0.992759,1
T_0000160327,0,0.093370,0
T_0000160332,0,0.037551,0
T_0000160347,1,0.998351,1
T_0000160349,1,0.999628,1
T_0000160383,1,0.999273,1
T_0000160390,0,0.076464,0
T_0000160405,1,0.999658,1
T_0000160409,1,0.997279,1
T_0000160421,1,0.998607,1
T_0000160447,1,0.999759,1
T_0000160454,0,0.026400,0
T_0000160477,0,0.024791,0
T_0000160492,0,0.072515,0
T_0000160496,0,0.036602,0
T_0000160507,0,0.131330,0
T_0000160539,0,0.221739,0
T_0000160560,0,0.054476,0
T_0000160600,0,0.069058,0
T_0000160602,1,0.995869,1
T_0000160628,0,0.029817,0
T_0000160635,1,0.999378,1
T_0000160643,1,0.999901,1
T_0000160650,1,0.193888,0
T_0000160662,1,0.997544,1
T_0000160710,1,0.996014,1
T_0000160733,0,0.045276,0
T_0000160735,0,0.050459,0
T_0000160746,0,0.064171,0
T_0000160780,1,0.795177,1
T_0000160792,1,0.999856,1
T_0000160811,1,0.996541,1
T_0000160827,1,0.997524,1
T_0000160846,0,0.348052,0
T_0000160881,0,0.057800,0
T_0000160894,0,0.940774,1
T_0000160913,1,0.999869,1
T_0000160983,1,0.993743,1
T_0000160988,1,0.999314,1
T_0000161023,0,0.048078,0
T_0000161025,1,0.699620,1
T_0000161035,1,0.996474,1
T_0000161042,0,0.082550,0
T_0000161045,1,0.996581,1
T_0000161046,1,0.999641,1
T_0000161141,1,0.991680,1
T_0000161165,1,0.998831,1
T_0000161195,1,0.994366,1
T_0000161203,1,0.999888,1
T_0000161229,1,0.998862,1
T_0000161246,1,0.999972,1
T_0000161290,1,0.999820,1
T_0000161298,0,0.084049,0
T_0000161331,1,0.996857,1
T_0000161353,1,0.263651,0
T_0000161366,1,0.882848,1
T_0000161374,1,0.999296,1
T_0000161392,0,0.074300,0
T_0000161430,0,0.021279,0
T_0000161481,0,0.255965,0
T_0000161494,1,0.806496,1
T_0000161512,1,0.050704,0
T_0000161513,1,0.999944,1
T_0000161529,0,0.045222,0
T_0000161543,0,0.066570,0
T_0000161549,1,0.999061,1
T_0000161593,1,0.991357,1
T_0000161613,0,0.189506,0
T_0000161640,1,0.995725,1
T_0000161644,1,0.999102,1
T_0000161659,1,0.997013,1
T_0000161674,1,0.995517,1
T_0000161679,1,0.988654,1
T_0000161701,1,0.997798,1
T_0000161716,0,0.056907,0
T_0000161723,0,0.021516,0
T_0000161777,1,0.134939,0
T_0000161825,1,0.999769,1
T_0000161829,0,0.104599,0
T_0000161847,0,0.092855,0
T_0000161895,0,0.079114,0
T_0000161900,0,0.014939,0
T_0000161904,1,0.996251,1
T_0000161921,0,0.134923,0
T_0000161925,1,0.998861,1
T_0000161926,1,0.998857,1
T_0000161935,0,0.127475,0
T_0000161967,0,0.498186,0
T_0000161977,1,0.999904,1
T_0000161981,0,0.326621,0
T_0000161985,1,0.996865,1
T_0000161996,0,0.067731,0
T_0000161998,1,0.998366,1
T_0000162003,1,0.999869,1
T_0000162039,1,0.999770,1
T_0000162043,1,0.853357,1
T_0000162073,1,0.997750,1
T_0000162083,1,0.989763,1
T_0000162122,1,0.999800,1
T_0000162132,0,0.062020,0
T_0000162140,1,0.994902,1
T_0000162151,0,0.141570,0
T_0000162165,1,0.994459,1
T_0000162189,0,0.796476,1
T_0000162201,0,0.044532,0
T_0000162203,0,0.066550,0
T_0000162211,0,0.058022,0
T_0000162213,1,0.997213,1
T_0000162226,1,0.873557,1
T_0000162246,1,0.999044,1
T_0000162252,1,0.999473,1
T_0000162262,1,0.999198,1
T_0000162292,0,0.081482,0
T_0000162295,1,0.999599,1
T_0000162310,0,0.062297,0
T_0000162315,1,0.999643,1
T_0000162322,1,0.998514,1
T_0000162329,1,0.999682,1
T_0000162344,0,0.063155,0
T_0000162374,1,0.999336,1
T_0000162393,1,0.936246,1
T_0000162426,1,0.998886,1
T_0000162435,0,0.030808,0
T_0000162443,0,0.073677,0
T_0000162455,1,0.999845,1
T_0000162474,0,0.158404,0
T_0000162479,0,0.045039,0
T_0000162485,0,0.093752,0
T_0000162501,0,0.632188,0
T_0000162587,1,0.997438,1
T_0000162607,1,0.999234,1
T_0000162612,0,0.134279,0
T_0000162624,1,0.997621,1
T_0000162681,1,0.999326,1
T_0000162735,1,0.998140,1
T_0000162762,1,0.994071,1
T_0000162815,1,0.998860,1
T_0000162823,1,0.997467,1
T_0000162837,0,0.066615,0
T_0000162853,1,0.999066,1
T_0000162889,0,0.072319,0
T_0000162930,1,0.997872,1
T_0000162953,0,0.036320,0
T_0000162967,1,0.999863,1
T_0000162969,0,0.054914,0
T_0000162975,0,0.064496,0
T_0000162985,1,0.999949,1
T_0000162987,1,0.999110,1
T_0000162999,1,0.999967,1
T_0000163013,1,0.999188,1
T_0000163050,1,0.999106,1
T_0000163113,0,0.127700,0
T_0000163133,0,0.092235,0
T_0000163168,0,0.044206,0
T_0000163171,0,0.065107,0
T_0000163197,1,0.999815,1
T_0000163208,1,0.999457,1
T_0000163213,1,0.999718,1
T_0000163225,1,0.999434,1
T_0000163231,1,0.998879,1
T_0000163290,1,0.999861,1
T_0000163316,1,0.999790,1
T_0000163326,1,0.997943,1
T_0000163341,0,0.050828,0
T_0000163372,1,0.322112,0
T_0000163458,1,0.986876,1
T_0000163497,1,0.998440,1
T_0000163547,0,0.064062,0
T_0000163579,0,0.049961,0
T_0000163589,1,0.564102,0
T_0000163612,1,0.997410,1
T_0000163620,1,0.999367,1
T_0000163633,0,0.168264,0
T_0000163634,0,0.013340,0
T_0000163652,0,0.324007,0
T_0000163669,0,0.102699,0
T_0000163682,0,0.343215,0
T_0000163701,1,0.999914,1
T_0000163729,0,0.034038,0
T_0000163780,0,0.032042,0
T_0000163797,0,0.041445,0
T_0000163832,1,0.998062,1
T_0000163853,1,0.994065,1
T_0000163881,1,0.900288,1
T_0000163896,1,0.996812,1
T_0000163918,0,0.038901,0
T_0000163942,1,0.991566,1
T_0000163951,1,0.996146,1
T_0000163962,1,0.997548,1
T_0000164030,1,0.992565,1
T_0000164033,1,0.997883,1
T_0000164063,0,0.052474,0
T_0000164065,1,0.970056,1
T_0000164080,0,0.023769,0
T_0000164090,1,0.999639,1
T_0000164098,1,0.742661,1
T_0000164129,1,0.551936,0
T_0000164138,1,0.904967,1
T_0000164161,1,0.990925,1
T_0000164173,1,0.988663,1
T_0000164182,0,0.107401,0
T_0000164185,1,0.993568,1
T_0000164193,1,0.988896,1
T_0000164288,0,0.041121,0
T_0000164305,1,0.995882,1
T_0000164312,0,0.301403,0
T_0000164317,1,0.103513,0
T_0000164329,1,0.998643,1
T_0000164334,1,0.987898,1
T_0000164336,1,0.996827,1
T_0000164368,1,0.994914,1
T_0000164371,1,0.997628,1
T_0000164374,1,0.996839,1
T_0000164377,0,0.059926,0
T_0000164412,1,0.996201,1
T_0000164439,1,0.998294,1
T_0000164449,1,0.998276,1
T_0000164460,1,0.997790,1
T_0000164468,1,0.934397,1
T_0000164471,1,0.991335,1
T_0000164478,0,0.125744,0
T_0000164496,1,0.999906,1
T_0000164507,0,0.373330,0
T_0000164508,1,0.993056,1
T_0000164510,0,0.940616,1
T_0000164535,1,0.996222,1
T_0000164554,1,0.999959,1
T_0000164561,1,0.993876,1
T_0000164583,0,0.054649,0
T_0000164654,0,0.046559,0
T_0000164658,1,0.999259,1
T_0000164677,1,0.995470,1
T_0000164686,0,0.053222,0
T_0000164702,1,0.985712,1
T_0000164714,1,0.999152,1
T_0000164717,1,0.996409,1
T_0000164736,1,0.992152,1
T_0000164748,1,0.991073,1
T_0000164783,1,0.996777,1
T_0000164785,1,0.999084,1
T_0000164802,1,0.994665,1
T_0000164804,1,0.906604,1
T_0000164818,0,0.008240,0
T_0000164862,0,0.071772,0
T_0000164874,1,0.993719,1
T_0000164875,1,0.999961,1
T_0000164882,1,0.966863,1
T_0000164884,1,0.999880,1
T_0000164897,0,0.057381,0
T_0000164946,0,0.017738,0
T_0000164986,1,0.999704,1
T_0000165016,0,0.030382,0
T_0000165028,1,0.926599,1
T_0000165029,1,0.999279,1
T_0000165072,1,0.988949,1
T_0000165074,1,0.967902,1
T_0000165101,1,0.999291,1
T_0000165115,1,0.912302,1
T_0000165202,1,0.997431,1
T_0000165222,1,0.999478,1
T_0000165237,1,0.996011,1
T_0000165246,1,0.994565,1
T_0000165271,0,0.143766,0
T_0000165276,0,0.993020,1
T_0000165277,0,0.092431,0
T_0000165281,1,0.982491,1
T_0000165296,1,0.999919,1
T_0000165366,1,0.976580,1
T_0000165369,1,0.995093,1
T_0000165371,1,0.997972,1
T_0000165390,1,0.998262,1
T_0000165395,1,0.995480,1
T_0000165408,0,0.050638,0
T_0000165415,1,0.987402,1
T_0000165421,1,0.769722,1
T_0000165452,0,0.063998,0
T_0000165497,1,0.984997,1
T_0000165515,1,0.995443,1
T_0000165550,1,0.993348,1
T_0000165560,0,0.883026,1
T_0000165562,1,0.999577,1
T_0000165578,0,0.232068,0
T_0000165587,1,0.996074,1
T_0000165601,1,0.997969,1
T_0000165633,1,0.999602,1
T_0000165667,1,0.999863,1
T_0000165668,1,0.993754,1
T_0000165710,0,0.097292,0
T_0000165715,1,0.498366,0
T_0000165723,1,0.998019,1
T_0000165725,1,0.993267,1
T_0000165727,0,0.085732,0
T_0000165780,1,0.918433,1
T_0000165832,1,0.991297,1
T_0000165848,1,0.989570,1
T_0000165871,0,0.739458,1
T_0000165920,0,0.114218,0
T_0000165925,1,0.997774,1
T_0000165942,0,0.072828,0
T_0000165945,1,0.996527,1
T_0000165959,1,0.994392,1
T_0000165967,1,0.999562,1
T_0000165977,0,0.111852,0
T_0000166080,1,0.997502,1
T_0000166083,0,0.194861,0
T_0000166123,1,0.996637,1
T_0000166132,0,0.052583,0
T_0000166140,0,0.043739,0
T_0000166144,1,0.999808,1
T_0000166170,0,0.126467,0
T_0000166172,1,0.999300,1
T_0000166224,0,0.051045,0
T_0000166252,0,0.482364,0
T_0000166263,0,0.459428,0
T_0000166324,1,0.997902,1
T_0000166342,1,0.997368,1
T_0000166343,0,0.019815,0
T_0000166345,1,0.996760,1
T_0000166386,1,0.999640,1
T_0000166395,1,0.993896,1
T_0000166458,1,0.994925,1
T_0000166556,1,0.999102,1
T_0000166591,0,0.040272,0
T_0000166601,1,0.999585,1
T_0000166621,0,0.359698,0
T_0000166628,1,0.998252,1
T_0000166645,0,0.053853,0
T_0000166657,1,0.999954,1
T_0000166672,0,0.398154,0
T_0000166679,0,0.054548,0
T_0000166688,1,0.997170,1
T_0000166691,1,0.999719,1
T_0000166694,0,0.031713,0
T_0000166705,0,0.101928,0
T_0000166707,0,0.040314,0
T_0000166726,1,0.999660,1
T_0000166741,1,0.999096,1
T_0000166749,1,0.998430,1
T_0000166766,1,0.966917,1
T_0000166781,0,0.623491,0
T_0000166784,1,0.974296,1
T_0000166840,1,0.999291,1
T_0000166877,0,0.029205,0
T_0000166880,0,0.052414,0
T_0000166884,1,0.999733,1
T_0000166887,1,0.999317,1
T_0000166896,1,0.999537,1
T_0000166911,0,0.330124,0
T_0000166916,1,0.861505,1
T_0000166964,0,0.041381,0
T_0000167071,1,0.994609,1
T_0000167097,1,0.999900,1
T_0000167110,1,0.997592,1
T_0000167113,1,0.999260,1
T_0000167132,1,0.999771,1
T_0000167167,0,0.027435,0
T_0000167169,1,0.994842,1
T_0000167204,0,0.055822,0
T_0000167247,1,0.999007,1
T_0000167251,1,0.998867,1
T_0000167267,0,0.606120,0
T_0000167277,1,0.668257,0
T_0000167290,0,0.098588,0
T_0000167313,1,0.999824,1
T_0000167329,0,0.079701,0
T_0000167393,1,0.997956,1
T_0000167395,1,0.996318,1
T_0000167396,1,0.993745,1
T_0000167411,1,0.990712,1
T_0000167425,0,0.047824,0
T_0000167446,0,0.062074,0
T_0000167481,1,0.871378,1
T_0000167513,1,0.998831,1
T_0000167520,1,0.999721,1
T_0000167522,0,0.105025,0
T_0000167562,1,0.978120,1
T_0000167573,1,0.999331,1
T_0000167591,0,0.033388,0
T_0000167605,1,0.999892,1
T_0000167609,1,0.998038,1
T_0000167672,0,0.082952,0
T_0000167697,1,0.999450,1
T_0000167715,1,0.835165,1
T_0000167725,1,0.982744,1
T_0000167741,1,0.964702,1
T_0000167792,1,0.999884,1
T_0000167804,0,0.029585,0
T_0000167853,1,0.990935,1
T_0000167854,1,0.997858,1
T_0000167863,0,0.041226,0
T_0000167887,0,0.069738,0
T_0000167923,1,0.999833,1
T_0000167933,1,0.998997,1
T_0000167951,1,0.990779,1
T_0000167980,1,0.997358,1
T_0000167982,1,0.998209,1
T_0000167998,0,0.068989,0
T_0000168004,1,0.166763,0
T_0000168008,0,0.060926,0
T_0000168016,1,0.998145,1
T_0000168023,1,0.996570,1
T_0000168024,0,0.082071,0
T_0000168025,0,0.074491,0
T_0000168034,1,0.999971,1
T_0000168040,1,0.999474,1
T_0000168063,1,0.998733,1
T_0000168075,1,0.999971,1
T_0000168164,1,0.999795,1
T_0000168177,1,0.998636,1
T_0000168186,0,0.029079,0
T_0000168191,1,0.999367,1
T_0000168297,1,0.880355,1
T_0000168303,1,0.994061,1
T_0000168311,1,0.075614,0
T_0000168313,1,0.999628,1
T_0000168348,0,0.036739,0
T_0000168357,0,0.055794,0
T_0000168360,1,0.998153,1
T_0000168373,1,0.999947,1
T_0000168379,1,0.999933,1
T_0000168385,1,0.999397,1
T_0000168387,1,0.995718,1
T_0000168398,1,0.994358,1
T_0000168427,1,0.999543,1
T_0000168442,1,0.999955,1
T_0000168483,0,0.025057,0
T_0000168485,1,0.997137,1
T_0000168512,0,0.054089,0
T_0000168538,0,0.100652,0
T_0000168555,1,0.964757,1
T_0000168557,1,0.999074,1
T_0000168608,0,0.067822,0
T_0000168611,1,0.996127,1
T_0000168636,1,0.999838,1
T_0000168662,1,0.984386,1
T_0000168675,1,0.639643,0
T_0000168685,0,0.925685,1
T_0000168723,1,0.989712,1
T_0000168745,0,0.031529,0
T_0000168758,0,0.038134,0
T_0000168763,1,0.999802,1
T_0000168772,1,0.998613,1
T_0000168829,1,0.999456,1
T_0000168838,0,0.117793,0
T_0000168847,1,0.989802,1
T_0000168853,0,0.041158,0
T_0000168890,0,0.127341,0
T_0000168924,1,0.999659,1
T_0000168939,1,0.999788,1
T_0000168958,0,0.029787,0
T_0000168989,0,0.109124,0
T_0000168997,0,0.077285,0
T_0000169006,0,0.090475,0
T_0000169021,1,0.999591,1
T_0000169045,0,0.469743,0
T_0000169061,1,0.762967,1
T_0000169093,0,0.046609,0
T_0000169129,0,0.761319,1
T_0000169144,0,0.070082,0
T_0000169180,1,0.999254,1
T_0000169215,1,0.999834,1
T_0000169225,0,0.162083,0
T_0000169246,1,0.996617,1
T_0000169253,1,0.999024,1
T_0000169257,1,0.998710,1
T_0000169302,0,0.022082,0
T_0000169353,1,0.985260,1
T_0000169356,0,0.436906,0
T_0000169376,1,0.999542,1
T_0000169418,1,0.420080,0
T_0000169453,1,0.999920,1
T_0000169454,1,0.999981,1
T_0000169456,1,0.999846,1
T_0000169464,1,0.902773,1
T_0000169485,0,0.023902,0
T_0000169517,0,0.039697,0
T_0000169563,0,0.154411,0
T_0000169575,1,0.999953,1
T_0000169577,1,0.999703,1
T_0000169595,0,0.524569,0
T_0000169599,1,0.999590,1
T_0000169628,1,0.979160,1
T_0000169636,0,0.051607,0
T_0000169637,1,0.999677,1
T_0000169654,0,0.044414,0
T_0000169657,1,0.999514,1
T_0000169680,1,0.999901,1
T_0000169706,1,0.999443,1
T_0000169729,0,0.088741,0
T_0000169730,0,0.023574,0
T_0000169737,0,0.682088,1
T_0000169780,1,0.999714,1
T_0000169809,0,0.414121,0
T_0000169811,0,0.044437,0
T_0000169837,1,0.972853,1
T_0000169859,0,0.064266,0
T_0000169864,1,0.996967,1
T_0000169880,0,0.942437,1
T_0000169887,1,0.999989,1
T_0000169904,1,0.999981,1
T_0000169912,1,0.997901,1
T_0000169971,0,0.061965,0
T_0000169974,1,0.999797,1
T_0000169997,1,0.999842,1
T_0000170044,1,0.998998,1
T_0000170046,1,0.999877,1
T_0000170063,0,0.031616,0
T_0000170083,1,0.999141,1
T_0000170102,1,0.999646,1
T_0000170120,0,0.657209,0
T_0000170167,1,0.999422,1
T_0000170174,1,0.999507,1
T_0000170175,0,0.293132,0
T_0000170181,1,0.999073,1
T_0000170185,0,0.099259,0
T_0000170186,1,0.999824,1
T_0000170200,1,0.999729,1
T_0000170204,1,0.998977,1
T_0000170286,1,0.885954,1
T_0000170310,1,0.998519,1
T_0000170359,1,0.999658,1
T_0000170419,1,0.999340,1
T_0000170438,1,0.999679,1
T_0000170447,1,0.998425,1
T_0000170449,0,0.073649,0
T_0000170456,1,0.999826,1
T_0000170470,0,0.340417,0
T_0000170489,0,0.014922,0
T_0000170523,1,0.999991,1
T_0000170526,1,0.997575,1
T_0000170536,1,0.999173,1
T_0000170552,1,0.999936,1
T_0000170602,1,0.999987,1
T_0000170628,1,0.997575,1
T_0000170732,0,0.055818,0
T_0000170737,0,0.065938,0
T_0000170738,1,0.921368,1
T_0000170785,1,0.995917,1
T_0000170786,0,0.681013,1
T_0000170828,1,0.749081,1
T_0000170870,1,0.999974,1
T_0000170891,1,0.999316,1
T_0000170894,1,0.998431,1
T_0000170904,1,0.999254,1
T_0000170927,1,0.997597,1
T_0000170937,0,0.803132,1
T_0000170975,1,0.997072,1
T_0000170995,1,0.990968,1
T_0000171010,1,0.999471,1
T_0000171036,0,0.444183,0
T_0000171066,1,0.999856,1
T_0000171098,1,0.999564,1
T_0000171100,1,0.990055,1
T_0000171122,1,0.999191,1
T_0000171125,1,0.999889,1
T_0000171169,0,0.065977,0
T_0000171185,0,0.807857,1
T_0000171208,1,0.999980,1
T_0000171236,1,0.985277,1
T_0000171280,1,0.998710,1
T_0000171303,1,0.999967,1
T_0000171325,1,0.989596,1
T_0000171371,1,0.994539,1
T_0000171407,1,0.998776,1
T_0000171422,0,0.071658,0
T_0000171423,0,0.028102,0
T_0000171443,0,0.102891,0
T_0000171451,0,0.060779,0
T_0000171459,1,0.994570,1
T_0000171461,1,0.991184,1
T_0000171463,0,0.082265,0
T_0000171472,1,0.938403,1
T_0000171496,1,0.999577,1
T_0000171502,1,0.999614,1
T_0000171517,0,0.058029,0
T_0000171529,1,0.999785,1
T_0000171561,1,0.943581,1
T_0000171576,1,0.997845,1
T_0000171584,1,0.998002,1
T_0000171632,1,0.933694,1
T_0000171640,1,0.851935,1
T_0000171668,1,0.999207,1
T_0000171685,0,0.310200,0
T_0000171690,1,0.994437,1
T_0000171697,1,0.997788,1
T_0000171709,1,0.999321,1
T_0000171723,0,0.044702,0
T_0000171734,1,0.992686,1
T_0000171751,1,0.998081,1
T_0000171774,0,0.058331,0
T_0000171807,1,0.997891,1
T_0000171839,0,0.176702,0
T_0000171841,0,0.087414,0
T_0000171951,1,0.999275,1
T_0000172008,1,0.998708,1
T_0000172017,1,0.999250,1
T_0000172073,1,0.998879,1
T_0000172086,0,0.992222,1
T_0000172110,1,0.999163,1
T_0000172158,1,0.997874,1
T_0000172167,1,0.993480,1
T_0000172173,1,0.999013,1
T_0000172254,0,0.068902,0
T_0000172274,1,0.997493,1
T_0000172312,1,0.995676,1
T_0000172322,0,0.069422,0
T_0000172328,1,0.998391,1
T_0000172353,1,0.999747,1
T_0000172357,1,0.998886,1
T_0000172385,1,0.999724,1
T_0000172432,1,0.980214,1
T_0000172523,0,0.548232,0
T_0000172537,1,0.940406,1
T_0000172550,0,0.055266,0
T_0000172564,1,0.992158,1
T_0000172569,0,0.150051,0
T_0000172649,1,0.998922,1
T_0000172657,0,0.027788,0
T_0000172710,1,0.996638,1
T_0000172711,1,0.999645,1
T_0000172740,1,0.996881,1
T_0000172756,1,0.995673,1
T_0000172771,0,0.946072,1
T_0000172826,1,0.999982,1
T_0000172840,1,0.997809,1
T_0000172844,0,0.093813,0
T_0000172861,0,0.108099,0
T_0000172939,0,0.132884,0
T_0000172949,1,0.994512,1
T_0000172961,1,0.994328,1
T_0000172965,1,0.999360,1
T_0000172978,1,0.998107,1
T_0000173042,1,0.998814,1
T_0000173056,1,0.938442,1
T_0000173098,1,0.999705,1
T_0000173130,1,0.992464,1
T_0000173138,1,0.999753,1
T_0000173172,1,0.995436,1
T_0000173177,1,0.999118,1
T_0000173181,1,0.218313,0
T_0000173183,0,0.822510,1
T_0000173217,1,0.996445,1
T_0000173230,0,0.067265,0
T_0000173244,0,0.041955,0
T_0000173302,1,0.998940,1
T_0000173413,1,0.998292,1
T_0000173445,1,0.999230,1
T_0000173459,1,0.994293,1
T_0000173498,1,0.995127,1
T_0000173499,1,0.998037,1
T_0000173504,1,0.999884,1
T_0000173508,1,0.994864,1
T_0000173518,1,0.999639,1
T_0000173521,0,0.056924,0
T_0000173528,1,0.349530,0
T_0000173552,1,0.994682,1
T_0000173554,1,0.998755,1
T_0000173555,0,0.036082,0
T_0000173567,1,0.814000,1
T_0000173595,0,0.211584,0
T_0000173630,1,0.531793,0
T_0000173632,1,0.989811,1
T_0000173682,0,0.117899,0
T_0000173685,1,0.996779,1
T_0000173695,1,0.996944,1
T_0000173715,1,0.996621,1
T_0000173730,0,0.041321,0
T_0000173743,1,0.994923,1
T_0000173744,1,0.994819,1
T_0000173777,1,0.999508,1
T_0000173850,1,0.957654,1
T_0000173856,0,0.081306,0
T_0000173881,1,0.999121,1
T_0000173883,1,0.764205,1
T_0000173897,1,0.993412,1
T_0000173986,1,0.997872,1
T_0000173994,1,0.999429,1
T_0000174070,1,0.993148,1
T_0000174082,1,0.999074,1
T_0000174087,1,0.997140,1
T_0000174090,1,0.995205,1
T_0000174180,1,0.999136,1
T_0000174196,0,0.134175,0
T_0000174203,0,0.070785,0
T_0000174265,1,0.863510,1
T_0000174294,0,0.047291,0
T_0000174310,1,0.996867,1
T_0000174325,0,0.029164,0
T_0000174330,0,0.049964,0
T_0000174388,1,0.999109,1
T_0000174398,0,0.071529,0
T_0000174427,0,0.041592,0
T_0000174431,1,0.993658,1
T_0000174444,0,0.058790,0
T_0000174450,1,0.998360,1
T_0000174456,1,0.998537,1
T_0000174469,1,0.999942,1
T_0000174550,1,0.851297,1
T_0000174572,0,0.019551,0
T_0000174656,1,0.999958,1
T_0000174680,1,0.733313,1
T_0000174682,1,0.999507,1
T_0000174691,0,0.075604,0
T_0000174699,0,0.102779,0
T_0000174702,1,0.999610,1
T_0000174705,0,0.024508,0
T_0000174747,0,0.067974,0
T_0000174778,0,0.016522,0
T_0000174889,0,0.083518,0
T_0000174896,0,0.047152,0
T_0000174905,1,0.985891,1
T_0000174935,1,0.999917,1
T_0000174941,0,0.035142,0
T_0000174945,1,0.999445,1
T_0000174991,0,0.148969,0
T_0000175000,1,0.993460,1
T_0000175030,1,0.981213,1
T_0000175032,1,0.998682,1
T_0000175068,1,0.999863,1
T_0000175072,1,0.999319,1
T_0000175142,0,0.065499,0
T_0000175166,1,0.996888,1
T_0000175172,0,0.112681,0
T_0000175218,1,0.997175,1
T_0000175221,1,0.992176,1
T_0000175223,0,0.149573,0
T_0000175258,1,0.998110,1
T_0000175271,0,0.055625,0
T_0000175286,1,0.975480,1
T_0000175396,0,0.294783,0
T_0000175483,1,0.998850,1
T_0000175522,1,0.995386,1
T_0000175528,1,0.999889,1
T_0000175540,1,0.996195,1
T_0000175542,0,0.822945,1
T_0000175585,1,0.991124,1
T_0000175615,1,0.791412,1
T_0000175643,1,0.998879,1
T_0000175652,1,0.866823,1
T_0000175705,1,0.363705,0
T_0000175752,0,0.011377,0
T_0000175760,0,0.506232,0
T_0000175772,1,0.995451,1
T_0000175779,1,0.998692,1
T_0000175837,0,0.370390,0
T_0000175890,1,0.999657,1
T_0000175891,1,0.999836,1
T_0000175910,1,0.408510,0
T_0000175926,0,0.087684,0
T_0000175956,0,0.039233,0
T_0000175961,0,0.044365,0
T_0000175985,1,0.999747,1
T_0000175991,0,0.044424,0
T_0000176010,0,0.041917,0
T_0000176028,0,0.130451,0
T_0000176050,1,0.998689,1
T_0000176086,0,0.072436,0
T_0000176106,1,0.996008,1
T_0000176119,0,0.045660,0
T_0000176149,1,0.995279,1
T_0000176185,0,0.260825,0
T_0000176199,1,0.994873,1
T_0000176205,1,0.993925,1
T_0000176233,0,0.015542,0
T_0000176249,1,0.999806,1
T_0000176273,0,0.110337,0
T_0000176289,1,0.999509,1
T_0000176356,1,0.998985,1
T_0000176374,0,0.037555,0
T_0000176389,1,0.998846,1
T_0000176409,1,0.999841,1
T_0000176412,1,0.999942,1
T_0000176420,1,0.999876,1
T_0000176421,1,0.999720,1
T_0000176433,1,0.999819,1
T_0000176439,1,0.999888,1
T_0000176464,0,0.044495,0
T_0000176511,1,0.999909,1
T_0000176525,1,0.999317,1
T_0000176526,1,0.999019,1
T_0000176535,1,0.997407,1
T_0000176540,0,0.081803,0
T_0000176548,1,0.983960,1
T_0000176586,0,0.058824,0
T_0000176587,1,0.995079,1
T_0000176600,1,0.856398,1
T_0000176634,1,0.998775,1
T_0000176711,0,0.050818,0
T_0000176723,1,0.999740,1
T_0000176725,1,0.987153,1
T_0000176728,1,0.998103,1
T_0000176770,0,0.010998,0
T_0000176779,0,0.058746,0
T_0000176782,1,0.999297,1
T_0000176783,1,0.999818,1
T_0000176785,1,0.995302,1
T_0000176812,1,0.998995,1
T_0000176814,1,0.998892,1
T_0000176824,0,0.085649,0
T_0000176843,1,0.997355,1
T_0000176850,1,0.993220,1
T_0000176853,1,0.752218,1
T_0000176859,1,0.998829,1
T_0000176863,1,0.998639,1
T_0000176888,1,0.925655,1
T_0000176912,1,0.999646,1
T_0000176921,1,0.997899,1
T_0000176930,0,0.022391,0
T_0000176946,1,0.098339,0
T_0000176963,1,0.997315,1
T_0000176978,1,0.172880,0
T_0000177017,1,0.985874,1
T_0000177034,1,0.999789,1
T_0000177084,1,0.997612,1
T_0000177131,0,0.096836,0
T_0000177154,1,0.999389,1
T_0000177174,1,0.992464,1
T_0000177184,1,0.690002,1
T_0000177195,1,0.990003,1
T_0000177197,0,0.063898,0
T_0000177250,1,0.945276,1
T_0000177253,0,0.055160,0
T_0000177277,1,0.997667,1
T_0000177304,1,0.998505,1
T_0000177346,1,0.997156,1
T_0000177361,1,0.998048,1
T_0000177417,0,0.066811,0
T_0000177426,0,0.045314,0
T_0000177455,1,0.999883,1
T_0000177464,1,0.997006,1
T_0000177479,1,0.999900,1
T_0000177523,0,0.072673,0
T_0000177543,0,0.021554,0
T_0000177556,1,0.999317,1
T_0000177562,0,0.070061,0
T_0000177610,1,0.958820,1
T_0000177625,0,0.066193,0
T_0000177630,1,0.999052,1
T_0000177683,0,0.067049,0
T_0000177725,1,0.998451,1
T_0000177732,1,0.999841,1
T_0000177847,0,0.071601,0
T_0000177859,1,0.996559,1
T_0000177861,1,0.998104,1
T_0000177863,1,0.997565,1
T_0000177869,0,0.069089,0
T_0000177934,1,0.984620,1
T_0000177937,1,0.997074,1
T_0000177942,1,0.998322,1
T_0000177996,0,0.041521,0
T_0000178007,1,0.995450,1
T_0000178008,1,0.999260,1
T_0000178012,1,0.999111,1
T_0000178027,1,0.994249,1
T_0000178050,1,0.934032,1
T_0000178073,1,0.995853,1
T_0000178093,0,0.045007,0
T_0000178131,1,0.938523,1
T_0000178167,1,0.999178,1
T_0000178184,0,0.095055,0
T_0000178185,1,0.992722,1
T_0000178247,1,0.999691,1
T_0000178284,1,0.769154,1
T_0000178289,1,0.988596,1
T_0000178295,0,0.427425,0
T_0000178300,0,0.315304,0
T_0000178310,0,0.057488,0
T_0000178324,1,0.996145,1
T_0000178338,1,0.998101,1
T_0000178364,1,0.999899,1
T_0000178384,1,0.995013,1
T_0000178400,1,0.999912,1
T_0000178460,1,0.991948,1
T_0000178473,1,0.995160,1
T_0000178481,0,0.026118,0
T_0000178528,0,0.949799,1
T_0000178532,1,0.996753,1
T_0000178536,1,0.997504,1
T_0000178552,1,0.992610,1
T_0000178653,0,0.080407,0
T_0000178659,1,0.997958,1
T_0000178692,1,0.999867,1
T_0000178705,1,0.996287,1
T_0000178810,1,0.999932,1
T_0000178813,1,0.998247,1
T_0000178831,0,0.080248,0
T_0000178858,0,0.016213,0
T_0000178872,1,0.999568,1
T_0000178900,0,0.040035,0
T_0000178901,1,0.998428,1
T_0000178922,0,0.321592,0
T_0000178977,1,0.923711,1
T_0000179009,1,0.993753,1
T_0000179021,0,0.050150,0
T_0000179027,0,0.047168,0
T_0000179044,1,0.998693,1
T_0000179059,0,0.078276,0
T_0000179132,0,0.039052,0
T_0000179147,1,0.999293,1
T_0000179148,1,0.998439,1
T_0000179157,1,0.999494,1
T_0000179170,0,0.180288,0
T_0000179187,0,0.099205,0
T_0000179222,1,0.999424,1
T_0000179223,1,0.998766,1
T_0000179249,1,0.673268,0
T_0000179264,0,0.047782,0
T_0000179266,1,0.996825,1
T_0000179280,0,0.041144,0
T_0000179290,1,0.999074,1
T_0000179313,1,0.999432,1
T_0000179333,1,0.997950,1
T_0000179340,1,0.999810,1
T_0000179365,0,0.059052,0
T_0000179370,0,0.035523,0
T_0000179381,1,0.999836,1
T_0000179383,0,0.018471,0
T_0000179391,0,0.394493,0
T_0000179440,1,0.989787,1
T_0000179465,0,0.121856,0
T_0000179550,1,0.997860,1
T_0000179561,1,0.999008,1
T_0000179576,1,0.998681,1
T_0000179591,1,0.997903,1
T_0000179595,0,0.609866,0
T_0000179611,0,0.334960,0
T_0000179649,0,0.065474,0
T_0000179653,1,0.660128,0
T_0000179681,0,0.027672,0
T_0000179687,1,0.996713,1
T_0000179736,1,0.997349,1
T_0000179744,1,0.999749,1
T_0000179751,0,0.294006,0
T_0000179754,0,0.411088,0
T_0000179755,1,0.992943,1
T_0000179797,0,0.026836,0
T_0000179821,1,0.989162,1
T_0000179835,1,0.993465,1
T_0000179840,0,0.079035,0
T_0000179845,1,0.999866,1
T_0000179848,0,0.143222,0
T_0000179855,1,0.999304,1
T_0000179879,1,0.997809,1
T_0000179905,1,0.719426,1
T_0000179915,1,0.996646,1
T_0000179958,1,0.995455,1
T_0000180016,0,0.082527,0
T_0000180041,0,0.041631,0
T_0000180052,1,0.999055,1
T_0000180057,1,0.994331,1
T_0000180095,0,0.026495,0
T_0000180096,0,0.085693,0
T_0000180101,0,0.060181,0
T_0000180110,0,0.040336,0
T_0000180141,0,0.018859,0
T_0000180170,1,0.998641,1
T_0000180178,1,0.999253,1
T_0000180185,1,0.999705,1
T_0000180212,1,0.996939,1
T_0000180219,1,0.998920,1
T_0000180221,1,0.998985,1
T_0000180237,0,0.030378,0
T_0000180256,1,0.995117,1
T_0000180311,1,0.999773,1
T_0000180327,1,0.997684,1
T_0000180394,0,0.514484,0
T_0000180415,0,0.070399,0
T_0000180425,0,0.040129,0
T_0000180440,1,0.998309,1
T_0000180452,1,0.998804,1
T_0000180477,1,0.990563,1
T_0000180566,1,0.993418,1
T_0000180572,1,0.992136,1
T_0000180663,0,0.083972,0
T_0000180671,1,0.389858,0
T_0000180687,0,0.081798,0
T_0000180711,0,0.037614,0
T_0000180716,0,0.296452,0
T_0000180730,0,0.049332,0
T_0000180750,1,0.915330,1
T_0000180752,1,0.988465,1
T_0000180768,1,0.550855,0
T_0000180789,0,0.032592,0
T_0000180801,1,0.999203,1
T_0000180830,0,0.077977,0
T_0000180840,1,0.997385,1
T_0000180865,0,0.196299,0
T_0000180879,1,0.983724,1
T_0000180883,1,0.999791,1
T_0000180904,0,0.149997,0
T_0000180910,0,0.598186,0
T_0000180914,0,0.060080,0
T_0000180917,0,0.038672,0
T_0000180931,0,0.027644,0
T_0000180960,1,0.999281,1
T_0000180985,1,0.993468,1
T_0000181037,1,0.999326,1
T_0000181057,1,0.991883,1
T_0000181060,1,0.994035,1
T_0000181119,1,0.997860,1
T_0000181137,0,0.042929,0
T_0000181143,1,0.997787,1
T_0000181167,1,0.998425,1
T_0000181178,0,0.249057,0
T_0000181214,1,0.998247,1
T_0000181227,1,0.996396,1
T_0000181260,1,0.978535,1
T_0000181270,0,0.034976,0
T_0000181313,1,0.998117,1
T_0000181420,1,0.989198,1
T_0000181433,1,0.999753,1
T_0000181448,1,0.991237,1
T_0000181486,1,0.977401,1
T_0000181488,0,0.097366,0
T_0000181491,1,0.991825,1
T_0000181504,1,0.978514,1
T_0000181519,1,0.872737,1
T_0000181540,1,0.999783,1
T_0000181569,0,0.045607,0
T_0000181597,0,0.190595,0
T_0000181599,0,0.042458,0
T_0000181620,1,0.999685,1
T_0000181635,1,0.996595,1
T_0000181679,1,0.998548,1
T_0000181703,1,0.996083,1
T_0000181717,0,0.357442,0
T_0000181719,1,0.995286,1
T_0000181774,1,0.997017,1
T_0000181775,1,0.981143,1
T_0000181785,1,0.971433,1
T_0000181792,1,0.996011,1
T_0000181811,1,0.999964,1
T_0000181822,1,0.999896,1
T_0000181843,1,0.921806,1
T_0000181853,0,0.041538,0
T_0000181854,0,0.105677,0
T_0000181861,1,0.998949,1
T_0000181862,1,0.997050,1
T_0000181905,1,0.997393,1
T_0000181924,1,0.999280,1
T_0000181939,1,0.999700,1
T_0000181946,1,0.999004,1
T_0000181962,1,0.996971,1
T_0000181990,1,0.994821,1
T_0000181993,1,0.999562,1
T_0000182010,1,0.999164,1
T_0000182045,1,0.998516,1
T_0000182067,1,0.998838,1
T_0000182076,1,0.996989,1
T_0000182084,1,0.862779,1
T_0000182085,1,0.999176,1
T_0000182093,1,0.993051,1
T_0000182102,1,0.997254,1
T_0000182103,0,0.051584,0
T_0000182108,1,0.997890,1
T_0000182150,1,0.826648,1
T_0000182170,1,0.999615,1
T_0000182173,1,0.999741,1
T_0000182251,1,0.986994,1
T_0000182277,0,0.057341,0
T_0000182302,0,0.074083,0
T_0000182312,1,0.997409,1
T_0000182333,1,0.999346,1
T_0000182339,1,0.997347,1
